plugin_hour,connection_time,energy_session,season,weekday_group,location_group,__date__,__weekday_group__,__season__,__count__
23,119.9167001192093,85.68000011920931,0,Mon-Th,3,2025-01-01,Mon-Th,0,9
23,119.9167001192093,80.90726559480325,0,Mon-Th,3,2025-01-01,Mon-Th,0,9
23,119.9167001192093,85.67997387472651,0,Mon-Th,3,2025-01-01,Mon-Th,0,9
23,119.9167001192093,69.81355538404894,0,Mon-Th,3,2025-01-01,Mon-Th,0,9
0,119.9167001192093,85.68000011920931,0,Mon-Th,3,2025-01-01,Mon-Th,0,9
23,119.9167001192093,85.68000011920931,0,Mon-Th,3,2025-01-01,Mon-Th,0,9
23,119.9167001192093,85.68000011920931,0,Mon-Th,3,2025-01-01,Mon-Th,0,9
23,119.9167001192093,85.68000011920931,0,Mon-Th,3,2025-01-01,Mon-Th,0,9
23,82.75498339612207,85.68000011478442,0,Mon-Th,3,2025-01-01,Mon-Th,0,9
23,14.548016946747271,85.68000011920931,0,Mon-Th,3,2025-01-02,Mon-Th,0,6
23,119.9167001192093,85.68000011920931,0,Mon-Th,3,2025-01-02,Mon-Th,0,6
23,119.9167001192093,85.68000011920931,0,Mon-Th,3,2025-01-02,Mon-Th,0,6
23,81.74901294178538,52.39973189734402,0,Mon-Th,3,2025-01-02,Mon-Th,0,6
23,119.9167001192093,85.68000011920931,0,Mon-Th,3,2025-01-02,Mon-Th,0,6
23,119.9167001192093,85.68000011920931,0,Mon-Th,3,2025-01-02,Mon-Th,0,6
23,46.876646283543,40.02988075503416,0,Mon-Th,3,2025-01-06,Mon-Th,0,7
22,119.9167001192093,85.68000011794504,0,Mon-Th,3,2025-01-06,Mon-Th,0,7
21,119.9167001192093,83.35049569981007,0,Mon-Th,3,2025-01-06,Mon-Th,0,7
23,119.81105373934265,68.7523533333674,0,Mon-Th,3,2025-01-06,Mon-Th,0,7
23,119.9167001192093,85.68000011920931,0,Mon-Th,3,2025-01-06,Mon-Th,0,7
23,119.9167001192093,85.68000011920931,0,Mon-Th,3,2025-01-06,Mon-Th,0,7
23,119.9167001192093,85.68000011920931,0,Mon-Th,3,2025-01-06,Mon-Th,0,7
23,119.9167001192093,85.68000011920931,0,Mon-Th,3,2025-01-07,Mon-Th,0,5
23,119.9167001192093,85.60706834937663,0,Mon-Th,3,2025-01-07,Mon-Th,0,5
23,119.9167001192093,64.04362753100466,0,Mon-Th,3,2025-01-07,Mon-Th,0,5
23,119.9167001192093,85.68000011920931,0,Mon-Th,3,2025-01-07,Mon-Th,0,5
23,119.9167001192093,85.68000011920931,0,Mon-Th,3,2025-01-07,Mon-Th,0,5
23,119.9167001192093,85.68000002628688,0,Mon-Th,3,2025-01-08,Mon-Th,0,6
23,119.9167001192093,85.6799997598461,0,Mon-Th,3,2025-01-08,Mon-Th,0,6
23,119.9167001192093,85.68000011920931,0,Mon-Th,3,2025-01-08,Mon-Th,0,6
23,119.9167001192093,85.68000011920931,0,Mon-Th,3,2025-01-08,Mon-Th,0,6
23,79.11596182344734,56.331853029757426,0,Mon-Th,3,2025-01-08,Mon-Th,0,6
23,119.9167001192093,85.57568474500839,0,Mon-Th,3,2025-01-08,Mon-Th,0,6
23,99.41294764117599,56.964695737634315,0,Mon-Th,3,2025-01-09,Mon-Th,0,8
22,119.9167001192093,85.68000011920931,0,Mon-Th,3,2025-01-09,Mon-Th,0,8
23,119.9167001192093,53.67350113953698,0,Mon-Th,3,2025-01-09,Mon-Th,0,8
23,119.9167001192093,85.68000011920931,0,Mon-Th,3,2025-01-09,Mon-Th,0,8
23,119.9167001192093,85.6799997538409,0,Mon-Th,3,2025-01-09,Mon-Th,0,8
23,119.9167001192093,85.68000011920931,0,Mon-Th,3,2025-01-09,Mon-Th,0,8
23,49.08386963577581,39.10576504476974,0,Mon-Th,3,2025-01-09,Mon-Th,0,8
23,119.9167001192093,82.9240687039999,0,Mon-Th,3,2025-01-09,Mon-Th,0,8
23,119.9167001192093,85.68000011920931,0,Mon-Th,3,2025-01-13,Mon-Th,0,8
23,119.9167001192093,85.68000011920931,0,Mon-Th,3,2025-01-13,Mon-Th,0,8
23,67.65636147107656,38.77956728979522,0,Mon-Th,3,2025-01-13,Mon-Th,0,8
23,27.655809632914455,41.567682167602335,0,Mon-Th,3,2025-01-13,Mon-Th,0,8
23,119.9167001192093,85.68000001806926,0,Mon-Th,3,2025-01-13,Mon-Th,0,8
23,52.362705017924746,85.67994508932816,0,Mon-Th,3,2025-01-13,Mon-Th,0,8
23,119.9167001192093,85.67987751173617,0,Mon-Th,3,2025-01-13,Mon-Th,0,8
23,30.24001542933579,54.09212586979525,0,Mon-Th,3,2025-01-13,Mon-Th,0,8
23,119.9167001192093,85.68000011920931,0,Mon-Th,3,2025-01-14,Mon-Th,0,6
23,119.9167001192093,50.52406121102191,0,Mon-Th,3,2025-01-14,Mon-Th,0,6
23,119.9167001192093,85.68000011920931,0,Mon-Th,3,2025-01-14,Mon-Th,0,6
23,119.9167001192093,70.23690653383659,0,Mon-Th,3,2025-01-14,Mon-Th,0,6
23,119.9167001192093,85.68000011920931,0,Mon-Th,3,2025-01-14,Mon-Th,0,6
23,119.9167001192093,85.68000011920931,0,Mon-Th,3,2025-01-14,Mon-Th,0,6
23,119.9167001192093,85.68000011920931,0,Mon-Th,3,2025-01-15,Mon-Th,0,3
23,119.9167001192093,85.68000011920931,0,Mon-Th,3,2025-01-15,Mon-Th,0,3
23,119.9167001192093,85.68000011920931,0,Mon-Th,3,2025-01-15,Mon-Th,0,3
23,64.72876473377845,42.561432820914696,0,Mon-Th,3,2025-01-16,Mon-Th,0,13
23,119.9167001192093,85.68000011920931,0,Mon-Th,3,2025-01-16,Mon-Th,0,13
23,119.9167001192093,67.86919205569154,0,Mon-Th,3,2025-01-16,Mon-Th,0,13
23,119.9167001192093,85.66174435846982,0,Mon-Th,3,2025-01-16,Mon-Th,0,13
23,119.9167001192093,85.68000011920931,0,Mon-Th,3,2025-01-16,Mon-Th,0,13
23,119.9167001192093,85.68000011920931,0,Mon-Th,3,2025-01-16,Mon-Th,0,13
23,119.91670815767208,73.29841089698584,0,Mon-Th,3,2025-01-16,Mon-Th,0,13
23,35.492307006791535,54.490949824756576,0,Mon-Th,3,2025-01-16,Mon-Th,0,13
19,46.196922616675046,85.13438952624753,0,Mon-Th,3,2025-01-16,Mon-Th,0,13
23,119.9167001192093,84.22206957683946,0,Mon-Th,3,2025-01-16,Mon-Th,0,13
23,119.9167001192093,48.965283169725794,0,Mon-Th,3,2025-01-16,Mon-Th,0,13
23,119.9167001192093,40.767726523873264,0,Mon-Th,3,2025-01-16,Mon-Th,0,13
23,119.9167001192093,82.04235344826226,0,Mon-Th,3,2025-01-16,Mon-Th,0,13
23,119.9167001192093,85.67977046779308,0,Mon-Th,3,2025-01-20,Mon-Th,0,5
21,119.9167001192093,85.68000011920931,0,Mon-Th,3,2025-01-20,Mon-Th,0,5
23,119.9167001192093,85.68000011920931,0,Mon-Th,3,2025-01-20,Mon-Th,0,5
23,119.9167001192093,85.68000011920931,0,Mon-Th,3,2025-01-20,Mon-Th,0,5
23,119.9167001192093,85.68000011920931,0,Mon-Th,3,2025-01-20,Mon-Th,0,5
23,119.9167001192093,85.68000011920931,0,Mon-Th,3,2025-01-21,Mon-Th,0,5
23,119.9167001192093,85.68000011920931,0,Mon-Th,3,2025-01-21,Mon-Th,0,5
23,119.9167001192093,85.68000011920931,0,Mon-Th,3,2025-01-21,Mon-Th,0,5
23,119.9167001192093,85.68000011920931,0,Mon-Th,3,2025-01-21,Mon-Th,0,5
23,119.9167001192093,85.67999997729719,0,Mon-Th,3,2025-01-21,Mon-Th,0,5
23,101.55088013623566,85.67997005008216,0,Mon-Th,3,2025-01-22,Mon-Th,0,7
23,119.9167001192093,85.46785015671037,0,Mon-Th,3,2025-01-22,Mon-Th,0,7
23,119.9167001192093,85.68000011920931,0,Mon-Th,3,2025-01-22,Mon-Th,0,7
23,119.9167001192093,85.68000011920931,0,Mon-Th,3,2025-01-22,Mon-Th,0,7
23,119.9167001192093,85.68000006073773,0,Mon-Th,3,2025-01-22,Mon-Th,0,7
23,119.9167001192093,85.68000011920931,0,Mon-Th,3,2025-01-22,Mon-Th,0,7
23,119.9167001192093,58.651626455343816,0,Mon-Th,3,2025-01-22,Mon-Th,0,7
23,119.9167001192093,85.68000011920931,0,Mon-Th,3,2025-01-23,Mon-Th,0,9
23,30.710469272504803,85.66788007763661,0,Mon-Th,3,2025-01-23,Mon-Th,0,9
23,119.9167001192093,81.20992357990048,0,Mon-Th,3,2025-01-23,Mon-Th,0,9
0,119.9167001192093,29.868986161172792,0,Mon-Th,3,2025-01-23,Mon-Th,0,9
23,119.9167001192093,85.67575129240002,0,Mon-Th,3,2025-01-23,Mon-Th,0,9
23,119.9167001192093,85.68000011920931,0,Mon-Th,3,2025-01-23,Mon-Th,0,9
23,119.9167001192093,85.68000011920931,0,Mon-Th,3,2025-01-23,Mon-Th,0,9
23,119.9167001192093,53.79729156943093,0,Mon-Th,3,2025-01-23,Mon-Th,0,9
23,119.9167001192093,85.68000011920931,0,Mon-Th,3,2025-01-23,Mon-Th,0,9
23,119.9167001192093,85.68000011920931,0,Mon-Th,3,2025-01-27,Mon-Th,0,10
23,119.9167001192093,85.68000009202791,0,Mon-Th,3,2025-01-27,Mon-Th,0,10
22,119.9167001192093,85.68000011920931,0,Mon-Th,3,2025-01-27,Mon-Th,0,10
23,119.9167001192093,85.68000011920931,0,Mon-Th,3,2025-01-27,Mon-Th,0,10
23,119.9167001192093,85.67999913846704,0,Mon-Th,3,2025-01-27,Mon-Th,0,10
23,119.9167001192093,85.68000011920931,0,Mon-Th,3,2025-01-27,Mon-Th,0,10
23,39.97076621701542,38.13337713702303,0,Mon-Th,3,2025-01-27,Mon-Th,0,10
23,119.9167001192093,85.68000011920931,0,Mon-Th,3,2025-01-27,Mon-Th,0,10
23,119.9167001192093,85.68000011920931,0,Mon-Th,3,2025-01-27,Mon-Th,0,10
23,119.9167001192093,85.0553375657528,0,Mon-Th,3,2025-01-27,Mon-Th,0,10
23,119.9167001192093,85.68000011920931,0,Mon-Th,3,2025-01-28,Mon-Th,0,11
23,119.9167001192093,85.68000011920931,0,Mon-Th,3,2025-01-28,Mon-Th,0,11
23,119.9167001192093,85.68000011920931,0,Mon-Th,3,2025-01-28,Mon-Th,0,11
23,119.9167001192093,85.68000011920931,0,Mon-Th,3,2025-01-28,Mon-Th,0,11
23,119.9167001192093,85.68000011920931,0,Mon-Th,3,2025-01-28,Mon-Th,0,11
23,119.9167001192093,77.92318401287518,0,Mon-Th,3,2025-01-28,Mon-Th,0,11
23,119.9167001192093,85.68000011920931,0,Mon-Th,3,2025-01-28,Mon-Th,0,11
23,119.9167001192093,85.67999249768265,0,Mon-Th,3,2025-01-28,Mon-Th,0,11
23,119.84149003388582,42.389909506929214,0,Mon-Th,3,2025-01-28,Mon-Th,0,11
23,119.9167001192093,84.98749349891261,0,Mon-Th,3,2025-01-28,Mon-Th,0,11
23,119.9167001192093,85.68000011920931,0,Mon-Th,3,2025-01-28,Mon-Th,0,11
23,119.9167001192093,85.68000011920931,0,Mon-Th,3,2025-01-29,Mon-Th,0,5
23,119.9167001192093,70.63336815330419,0,Mon-Th,3,2025-01-29,Mon-Th,0,5
23,119.0155309698668,52.10080291450754,0,Mon-Th,3,2025-01-29,Mon-Th,0,5
23,119.9167001192093,85.67994582700723,0,Mon-Th,3,2025-01-29,Mon-Th,0,5
22,119.9167001192093,85.68000011920931,0,Mon-Th,3,2025-01-29,Mon-Th,0,5
23,119.9167001192093,84.1188984348111,0,Mon-Th,3,2025-01-30,Mon-Th,0,4
23,119.9167001192093,85.68000011920931,0,Mon-Th,3,2025-01-30,Mon-Th,0,4
23,119.9167001192093,85.63406447373237,0,Mon-Th,3,2025-01-30,Mon-Th,0,4
23,119.9167001192093,82.75168642751837,0,Mon-Th,3,2025-01-30,Mon-Th,0,4
23,119.9167001192093,85.68000011920931,0,Mon-Th,3,2025-02-03,Mon-Th,0,8
23,119.9167001192093,85.68000011920931,0,Mon-Th,3,2025-02-03,Mon-Th,0,8
23,84.6482961376376,50.140148613560534,0,Mon-Th,3,2025-02-03,Mon-Th,0,8
23,119.9167001192093,85.6799626343735,0,Mon-Th,3,2025-02-03,Mon-Th,0,8
23,119.9167001192093,85.68000011920931,0,Mon-Th,3,2025-02-03,Mon-Th,0,8
23,119.9167001192093,85.68000011920931,0,Mon-Th,3,2025-02-03,Mon-Th,0,8
23,119.9167001192093,85.68000011920931,0,Mon-Th,3,2025-02-03,Mon-Th,0,8
23,119.9167001192093,13.333255341601317,0,Mon-Th,3,2025-02-03,Mon-Th,0,8
23,119.43177014142988,85.68000011920931,0,Mon-Th,3,2025-02-04,Mon-Th,0,8
23,119.91662674012875,49.89361766850999,0,Mon-Th,3,2025-02-04,Mon-Th,0,8
23,119.9167001192093,85.68000011920931,0,Mon-Th,3,2025-02-04,Mon-Th,0,8
23,119.9167001192093,66.36402666146653,0,Mon-Th,3,2025-02-04,Mon-Th,0,8
23,119.9167001192093,85.68000011920931,0,Mon-Th,3,2025-02-04,Mon-Th,0,8
23,119.9167001192093,42.398258293787684,0,Mon-Th,3,2025-02-04,Mon-Th,0,8
23,119.9167001192093,85.68000011920931,0,Mon-Th,3,2025-02-04,Mon-Th,0,8
20,119.9167001192093,85.67989681718812,0,Mon-Th,3,2025-02-04,Mon-Th,0,8
23,119.9167001192093,85.60397865723527,0,Mon-Th,3,2025-02-05,Mon-Th,0,9
23,85.49097864102902,61.00289859305579,0,Mon-Th,3,2025-02-05,Mon-Th,0,9
23,119.9167001192093,85.68000011920931,0,Mon-Th,3,2025-02-05,Mon-Th,0,9
23,119.9167001192093,85.68000011920931,0,Mon-Th,3,2025-02-05,Mon-Th,0,9
23,49.63438438337913,50.26419659514227,0,Mon-Th,3,2025-02-05,Mon-Th,0,9
23,119.9167001192093,85.68000011920931,0,Mon-Th,3,2025-02-05,Mon-Th,0,9
23,99.95030362273233,85.68000011920931,0,Mon-Th,3,2025-02-05,Mon-Th,0,9
23,50.61384646193476,85.6470598776389,0,Mon-Th,3,2025-02-05,Mon-Th,0,9
23,119.9167001192093,84.3562188255618,0,Mon-Th,3,2025-02-05,Mon-Th,0,9
23,119.9167001192093,85.6797391035468,0,Mon-Th,3,2025-02-06,Mon-Th,0,4
23,119.9167001192093,85.65583084593588,0,Mon-Th,3,2025-02-06,Mon-Th,0,4
23,119.9167001192093,85.68000011920931,0,Mon-Th,3,2025-02-06,Mon-Th,0,4
23,119.9167001192093,85.68000011920931,0,Mon-Th,3,2025-02-06,Mon-Th,0,4
23,119.9167001192093,85.68000011920931,0,Mon-Th,3,2025-02-10,Mon-Th,0,10
23,119.9167001192093,85.67998988606342,0,Mon-Th,3,2025-02-10,Mon-Th,0,10
23,106.3237147571052,85.67999078589136,0,Mon-Th,3,2025-02-10,Mon-Th,0,10
23,119.9167001192093,85.68000011920931,0,Mon-Th,3,2025-02-10,Mon-Th,0,10
23,61.898841780103034,57.32427197936983,0,Mon-Th,3,2025-02-10,Mon-Th,0,10
23,119.9167001192093,85.3500719291277,0,Mon-Th,3,2025-02-10,Mon-Th,0,10
23,119.9167001192093,85.68000011257199,0,Mon-Th,3,2025-02-10,Mon-Th,0,10
23,119.9167001192093,67.96020274912377,0,Mon-Th,3,2025-02-10,Mon-Th,0,10
23,59.688849091456916,45.07362478900591,0,Mon-Th,3,2025-02-10,Mon-Th,0,10
23,119.9167001192093,85.68000011920931,0,Mon-Th,3,2025-02-10,Mon-Th,0,10
23,105.56387064942848,85.68000011920931,0,Mon-Th,3,2025-02-11,Mon-Th,0,10
23,119.9167001192093,85.68000011920931,0,Mon-Th,3,2025-02-11,Mon-Th,0,10
23,119.9167001192093,85.67990583041656,0,Mon-Th,3,2025-02-11,Mon-Th,0,10
23,119.9167001192093,85.68000011920931,0,Mon-Th,3,2025-02-11,Mon-Th,0,10
23,119.9167001192093,42.23977234499755,0,Mon-Th,3,2025-02-11,Mon-Th,0,10
23,119.9167001192093,83.00190815203781,0,Mon-Th,3,2025-02-11,Mon-Th,0,10
23,119.9167001192093,46.146225253849096,0,Mon-Th,3,2025-02-11,Mon-Th,0,10
0,119.9167001192093,85.6799776178312,0,Mon-Th,3,2025-02-11,Mon-Th,0,10
23,119.9167001192093,85.68000011920931,0,Mon-Th,3,2025-02-11,Mon-Th,0,10
23,119.9167001192093,85.67994757291152,0,Mon-Th,3,2025-02-11,Mon-Th,0,10
23,119.9167001192093,48.82075417237963,0,Mon-Th,3,2025-02-12,Mon-Th,0,7
23,119.9167001192093,85.6797616957257,0,Mon-Th,3,2025-02-12,Mon-Th,0,7
23,76.22829447670628,85.68000011920931,0,Mon-Th,3,2025-02-12,Mon-Th,0,7
23,76.13316660954128,76.84813512839274,0,Mon-Th,3,2025-02-12,Mon-Th,0,7
22,119.9167001192093,85.68000011920931,0,Mon-Th,3,2025-02-12,Mon-Th,0,7
23,119.9167001192093,85.09114814766716,0,Mon-Th,3,2025-02-12,Mon-Th,0,7
21,119.9167001192093,85.68000011920931,0,Mon-Th,3,2025-02-12,Mon-Th,0,7
23,54.08868066507449,58.28357153004313,0,Mon-Th,3,2025-02-13,Mon-Th,0,3
23,119.9167001192093,70.38959953052807,0,Mon-Th,3,2025-02-13,Mon-Th,0,3
23,119.91250464071177,85.68000011920931,0,Mon-Th,3,2025-02-13,Mon-Th,0,3
23,119.9167001192093,85.68000011920931,0,Mon-Th,3,2025-02-17,Mon-Th,0,10
23,119.9167001192093,85.68000011920931,0,Mon-Th,3,2025-02-17,Mon-Th,0,10
23,119.9167001192093,85.68000011920931,0,Mon-Th,3,2025-02-17,Mon-Th,0,10
23,119.9167001192093,85.67999379922612,0,Mon-Th,3,2025-02-17,Mon-Th,0,10
23,119.9167001192093,85.68000011920931,0,Mon-Th,3,2025-02-17,Mon-Th,0,10
23,119.9167001192093,85.68000011920931,0,Mon-Th,3,2025-02-17,Mon-Th,0,10
23,119.9167001192093,85.67590807271125,0,Mon-Th,3,2025-02-17,Mon-Th,0,10
23,119.9167001192093,31.420480802598238,0,Mon-Th,3,2025-02-17,Mon-Th,0,10
23,119.9167001192093,85.68000011920931,0,Mon-Th,3,2025-02-17,Mon-Th,0,10
23,119.9167001192093,85.68000011920931,0,Mon-Th,3,2025-02-17,Mon-Th,0,10
23,119.9167001192093,85.67999411434005,0,Mon-Th,3,2025-02-18,Mon-Th,0,13
23,69.33920208279498,35.502773175158694,0,Mon-Th,3,2025-02-18,Mon-Th,0,13
23,119.9167001192093,85.68000011920931,0,Mon-Th,3,2025-02-18,Mon-Th,0,13
23,119.9167001192093,85.68000011920931,0,Mon-Th,3,2025-02-18,Mon-Th,0,13
23,119.9167001192093,85.67999266203488,0,Mon-Th,3,2025-02-18,Mon-Th,0,13
23,119.90293304894186,62.05015681667875,0,Mon-Th,3,2025-02-18,Mon-Th,0,13
23,119.9167001192093,85.68000011920931,0,Mon-Th,3,2025-02-18,Mon-Th,0,13
23,119.9167001192093,84.70405195486583,0,Mon-Th,3,2025-02-18,Mon-Th,0,13
23,119.9167001192093,85.68000011920931,0,Mon-Th,3,2025-02-18,Mon-Th,0,13
23,119.9167001192093,85.68000011920931,0,Mon-Th,3,2025-02-18,Mon-Th,0,13
23,119.9167001192093,85.68000011920931,0,Mon-Th,3,2025-02-18,Mon-Th,0,13
23,119.82540840200349,85.68000011920931,0,Mon-Th,3,2025-02-18,Mon-Th,0,13
23,119.9167001192093,85.68000011920931,0,Mon-Th,3,2025-02-18,Mon-Th,0,13
23,119.9167001192093,85.6800000929761,0,Mon-Th,3,2025-02-19,Mon-Th,0,6
23,119.9167001192093,85.68000011920931,0,Mon-Th,3,2025-02-19,Mon-Th,0,6
23,119.91605688275766,85.68000011920931,0,Mon-Th,3,2025-02-19,Mon-Th,0,6
23,119.9167001192093,85.68000011920931,0,Mon-Th,3,2025-02-19,Mon-Th,0,6
23,119.9167001192093,85.68000011920931,0,Mon-Th,3,2025-02-19,Mon-Th,0,6
23,119.9167001192093,60.9333646752649,0,Mon-Th,3,2025-02-19,Mon-Th,0,6
23,119.9167001192093,85.68000011920931,0,Mon-Th,3,2025-02-20,Mon-Th,0,8
23,119.9167001192093,85.67044629852076,0,Mon-Th,3,2025-02-20,Mon-Th,0,8
23,119.9167001192093,30.30731148164564,0,Mon-Th,3,2025-02-20,Mon-Th,0,8
23,119.9167001192093,69.37311331716857,0,Mon-Th,3,2025-02-20,Mon-Th,0,8
23,119.9167001192093,68.52661331052514,0,Mon-Th,3,2025-02-20,Mon-Th,0,8
23,119.9167001192093,85.6800001182611,0,Mon-Th,3,2025-02-20,Mon-Th,0,8
23,119.9167001192093,85.68000011920931,0,Mon-Th,3,2025-02-20,Mon-Th,0,8
23,119.9167001192093,85.68000011920931,0,Mon-Th,3,2025-02-20,Mon-Th,0,8
23,53.74719009179713,45.28757570332532,0,Mon-Th,3,2025-02-24,Mon-Th,0,11
23,75.9073580230545,35.379859659976965,0,Mon-Th,3,2025-02-24,Mon-Th,0,11
23,99.7959538847286,85.04695995421879,0,Mon-Th,3,2025-02-24,Mon-Th,0,11
23,119.9167001192093,85.68000011920931,0,Mon-Th,3,2025-02-24,Mon-Th,0,11
23,119.9167001192093,85.67993094134268,0,Mon-Th,3,2025-02-24,Mon-Th,0,11
23,119.9167001192093,85.68000011920931,0,Mon-Th,3,2025-02-24,Mon-Th,0,11
23,119.9167001192093,85.68000011920931,0,Mon-Th,3,2025-02-24,Mon-Th,0,11
23,119.9167001192093,85.68000011920931,0,Mon-Th,3,2025-02-24,Mon-Th,0,11
23,119.9167001192093,85.68000011920931,0,Mon-Th,3,2025-02-24,Mon-Th,0,11
23,119.9167001192093,85.68000011920931,0,Mon-Th,3,2025-02-24,Mon-Th,0,11
22,56.61112995569623,85.62292165519173,0,Mon-Th,3,2025-02-24,Mon-Th,0,11
23,119.9167001192093,78.46376597077277,0,Mon-Th,3,2025-02-25,Mon-Th,0,8
23,119.9167001192093,66.87784220976603,0,Mon-Th,3,2025-02-25,Mon-Th,0,8
23,119.9167001192093,85.68000011920931,0,Mon-Th,3,2025-02-25,Mon-Th,0,8
23,61.50824224041112,85.68000011920931,0,Mon-Th,3,2025-02-25,Mon-Th,0,8
23,88.46546405610361,49.50197002669197,0,Mon-Th,3,2025-02-25,Mon-Th,0,8
23,119.9167001192093,85.68000011920931,0,Mon-Th,3,2025-02-25,Mon-Th,0,8
23,119.9167001192093,45.79748876820092,0,Mon-Th,3,2025-02-25,Mon-Th,0,8
23,119.9167001192093,85.68000011920931,0,Mon-Th,3,2025-02-25,Mon-Th,0,8
23,119.9167001192093,85.67980613558697,0,Mon-Th,3,2025-02-26,Mon-Th,0,6
23,39.92043661205764,78.46688214110694,0,Mon-Th,3,2025-02-26,Mon-Th,0,6
23,119.9167001192093,85.68000011920931,0,Mon-Th,3,2025-02-26,Mon-Th,0,6
23,119.9167001192093,85.68000011920931,0,Mon-Th,3,2025-02-26,Mon-Th,0,6
23,119.9167001192093,85.6800001166808,0,Mon-Th,3,2025-02-26,Mon-Th,0,6
23,119.9167001192093,44.51283362427048,0,Mon-Th,3,2025-02-26,Mon-Th,0,6
23,119.9167001192093,55.32514707010477,0,Mon-Th,3,2025-02-27,Mon-Th,0,8
23,119.9167001192093,85.68000011920931,0,Mon-Th,3,2025-02-27,Mon-Th,0,8
23,119.9167001192093,85.68000011920931,0,Mon-Th,3,2025-02-27,Mon-Th,0,8
23,119.9167001192093,85.68000011920931,0,Mon-Th,3,2025-02-27,Mon-Th,0,8
23,119.9167001192093,85.68000011920931,0,Mon-Th,3,2025-02-27,Mon-Th,0,8
23,119.9167001192093,85.68000011920931,0,Mon-Th,3,2025-02-27,Mon-Th,0,8
23,84.37764174560012,71.47504310013038,0,Mon-Th,3,2025-02-27,Mon-Th,0,8
23,67.5994774910538,50.643472379913995,0,Mon-Th,3,2025-02-27,Mon-Th,0,8
23,41.342569417801414,40.54831681085487,0,Mon-Th,3,2025-03-03,Mon-Th,0,9
23,119.9167001192093,85.68000011920931,0,Mon-Th,3,2025-03-03,Mon-Th,0,9
23,119.9167001192093,85.68000011920931,0,Mon-Th,3,2025-03-03,Mon-Th,0,9
23,29.471180032877438,78.16005552871812,0,Mon-Th,3,2025-03-03,Mon-Th,0,9
23,119.9167001192093,49.03849689556204,0,Mon-Th,3,2025-03-03,Mon-Th,0,9
23,119.9167001192093,85.68000011920931,0,Mon-Th,3,2025-03-03,Mon-Th,0,9
23,62.2007821118242,42.817833335390425,0,Mon-Th,3,2025-03-03,Mon-Th,0,9
23,21.813621203322388,63.80826777054913,0,Mon-Th,3,2025-03-03,Mon-Th,0,9
23,36.011768108804034,66.61553534041269,0,Mon-Th,3,2025-03-03,Mon-Th,0,9
23,119.9167001192093,32.51934336748008,0,Mon-Th,3,2025-03-04,Mon-Th,0,6
23,119.9167001192093,85.68000011920931,0,Mon-Th,3,2025-03-04,Mon-Th,0,6
23,113.71292513846763,85.67999892670514,0,Mon-Th,3,2025-03-04,Mon-Th,0,6
23,119.9167001192093,85.67999700757389,0,Mon-Th,3,2025-03-04,Mon-Th,0,6
23,119.9167001192093,85.68000011920931,0,Mon-Th,3,2025-03-04,Mon-Th,0,6
23,119.86551542903382,85.68000011920931,0,Mon-Th,3,2025-03-04,Mon-Th,0,6
23,119.91583982434868,85.68000011920931,0,Mon-Th,3,2025-03-05,Mon-Th,0,7
23,119.9167001192093,85.68000011920931,0,Mon-Th,3,2025-03-05,Mon-Th,0,7
23,80.0699986055431,85.68000011920931,0,Mon-Th,3,2025-03-05,Mon-Th,0,7
23,119.9167001192093,85.6793011007314,0,Mon-Th,3,2025-03-05,Mon-Th,0,7
23,119.9167001192093,85.68000011920931,0,Mon-Th,3,2025-03-05,Mon-Th,0,7
23,119.9167001192093,85.68000011920931,0,Mon-Th,3,2025-03-05,Mon-Th,0,7
23,119.9166973018646,32.10663287563056,0,Mon-Th,3,2025-03-05,Mon-Th,0,7
23,119.9167001192093,85.68000011920931,0,Mon-Th,3,2025-03-06,Mon-Th,0,6
23,119.9167001192093,85.67999176694742,0,Mon-Th,3,2025-03-06,Mon-Th,0,6
23,119.9167001192093,58.44586067761814,0,Mon-Th,3,2025-03-06,Mon-Th,0,6
23,119.9167001192093,68.3451181028378,0,Mon-Th,3,2025-03-06,Mon-Th,0,6
21,48.15917212561003,85.68000011004347,0,Mon-Th,3,2025-03-06,Mon-Th,0,6
23,119.91556309896704,80.05386780992283,0,Mon-Th,3,2025-03-06,Mon-Th,0,6
23,119.9167001192093,85.68000011920931,0,Mon-Th,3,2025-03-10,Mon-Th,0,10
23,119.9167001192093,85.68000011920931,0,Mon-Th,3,2025-03-10,Mon-Th,0,10
23,119.9167001192093,85.68000011920931,0,Mon-Th,3,2025-03-10,Mon-Th,0,10
23,78.83431811523086,39.93624669179144,0,Mon-Th,3,2025-03-10,Mon-Th,0,10
23,119.9167001192093,85.66724821913738,0,Mon-Th,3,2025-03-10,Mon-Th,0,10
23,119.9167001192093,85.68000011920931,0,Mon-Th,3,2025-03-10,Mon-Th,0,10
23,119.9167001192093,85.68000011920931,0,Mon-Th,3,2025-03-10,Mon-Th,0,10
23,119.9167001192093,48.83305101437904,0,Mon-Th,3,2025-03-10,Mon-Th,0,10
23,119.9167001192093,85.68000011920931,0,Mon-Th,3,2025-03-10,Mon-Th,0,10
23,119.9167001192093,85.68000011920931,0,Mon-Th,3,2025-03-10,Mon-Th,0,10
23,119.9167001192093,85.68000011920931,0,Mon-Th,3,2025-03-11,Mon-Th,0,6
23,119.9167001192093,48.62656290369138,0,Mon-Th,3,2025-03-11,Mon-Th,0,6
23,119.9167001192093,85.68000011920931,0,Mon-Th,3,2025-03-11,Mon-Th,0,6
23,119.9167001192093,85.68000011920931,0,Mon-Th,3,2025-03-11,Mon-Th,0,6
23,119.9164422023496,85.68000011920931,0,Mon-Th,3,2025-03-11,Mon-Th,0,6
23,89.02886399536571,52.387382786275346,0,Mon-Th,3,2025-03-11,Mon-Th,0,6
23,119.9167001192093,85.68000011920931,0,Mon-Th,3,2025-03-12,Mon-Th,0,13
23,119.9167001192093,85.68000011920931,0,Mon-Th,3,2025-03-12,Mon-Th,0,13
23,42.279136195939124,31.192313105991822,0,Mon-Th,3,2025-03-12,Mon-Th,0,13
23,119.9167001192093,85.63633110946664,0,Mon-Th,3,2025-03-12,Mon-Th,0,13
23,119.9167001192093,85.68000011920931,0,Mon-Th,3,2025-03-12,Mon-Th,0,13
23,102.02170140573499,84.34541485655163,0,Mon-Th,3,2025-03-12,Mon-Th,0,13
23,119.9167001192093,85.68000011920931,0,Mon-Th,3,2025-03-12,Mon-Th,0,13
23,119.9167001192093,85.68000011920931,0,Mon-Th,3,2025-03-12,Mon-Th,0,13
23,119.9167001192093,85.68000011920931,0,Mon-Th,3,2025-03-12,Mon-Th,0,13
23,119.9167001192093,85.68000011920931,0,Mon-Th,3,2025-03-12,Mon-Th,0,13
23,119.91644762975996,85.67816611544265,0,Mon-Th,3,2025-03-12,Mon-Th,0,13
23,83.45050535477725,52.5610084634857,0,Mon-Th,3,2025-03-12,Mon-Th,0,13
23,119.91668101823127,65.97861107859133,0,Mon-Th,3,2025-03-12,Mon-Th,0,13
0,119.9167001192093,85.68000011920931,0,Mon-Th,3,2025-03-13,Mon-Th,0,11
23,119.9167001192093,85.41802399593458,0,Mon-Th,3,2025-03-13,Mon-Th,0,11
23,119.9153894811392,45.208280076169444,0,Mon-Th,3,2025-03-13,Mon-Th,0,11
20,96.53695774971519,68.93102252230804,0,Mon-Th,3,2025-03-13,Mon-Th,0,11
23,119.9167001192093,85.68000011920931,0,Mon-Th,3,2025-03-13,Mon-Th,0,11
23,119.9167001192093,85.68000011920931,0,Mon-Th,3,2025-03-13,Mon-Th,0,11
23,119.9167001192093,85.67849549287722,0,Mon-Th,3,2025-03-13,Mon-Th,0,11
23,119.9167001192093,68.28635383115616,0,Mon-Th,3,2025-03-13,Mon-Th,0,11
23,119.9167001192093,78.56960501092945,0,Mon-Th,3,2025-03-13,Mon-Th,0,11
23,119.9167001192093,85.68000011920931,0,Mon-Th,3,2025-03-13,Mon-Th,0,11
23,119.9167001192093,85.68000011920931,0,Mon-Th,3,2025-03-13,Mon-Th,0,11
23,119.9167001192093,85.68000011920931,0,Mon-Th,3,2025-03-17,Mon-Th,0,8
23,119.9167001192093,85.67980263127392,0,Mon-Th,3,2025-03-17,Mon-Th,0,8
23,119.9167001192093,85.68000011920931,0,Mon-Th,3,2025-03-17,Mon-Th,0,8
0,119.9167001192093,85.68000011920931,0,Mon-Th,3,2025-03-17,Mon-Th,0,8
23,90.06094023087401,85.48810625807704,0,Mon-Th,3,2025-03-17,Mon-Th,0,8
23,43.47122079544266,51.34688382771338,0,Mon-Th,3,2025-03-17,Mon-Th,0,8
23,119.9167001192093,85.68000011920931,0,Mon-Th,3,2025-03-17,Mon-Th,0,8
23,119.9167001192093,82.574339194382,0,Mon-Th,3,2025-03-17,Mon-Th,0,8
23,119.9167001192093,85.68000011920931,0,Mon-Th,3,2025-03-18,Mon-Th,0,7
23,119.9167001192093,85.68000011920931,0,Mon-Th,3,2025-03-18,Mon-Th,0,7
23,119.9167001192093,52.5513572809012,0,Mon-Th,3,2025-03-18,Mon-Th,0,7
23,119.9167001192093,85.68000011920931,0,Mon-Th,3,2025-03-18,Mon-Th,0,7
23,119.9167001192093,85.6799885538634,0,Mon-Th,3,2025-03-18,Mon-Th,0,7
23,110.28015521255693,65.17087688371761,0,Mon-Th,3,2025-03-18,Mon-Th,0,7
23,119.9167001192093,85.67987687900026,0,Mon-Th,3,2025-03-18,Mon-Th,0,7
23,119.9167001192093,85.680000047147,0,Mon-Th,3,2025-03-19,Mon-Th,0,6
23,119.9167001192093,85.68000011920931,0,Mon-Th,3,2025-03-19,Mon-Th,0,6
23,119.9167001192093,85.68000011920931,0,Mon-Th,3,2025-03-19,Mon-Th,0,6
23,119.9167001192093,52.61447182223104,0,Mon-Th,3,2025-03-19,Mon-Th,0,6
4,119.9167001192093,85.68000011920931,0,Mon-Th,3,2025-03-19,Mon-Th,0,6
23,119.9167001192093,85.68000011920931,0,Mon-Th,3,2025-03-19,Mon-Th,0,6
23,119.9167001192093,85.68000011920931,0,Mon-Th,3,2025-03-20,Mon-Th,0,8
23,119.9167001192093,85.68000011920931,0,Mon-Th,3,2025-03-20,Mon-Th,0,8
23,93.47733579300672,69.82622762601197,0,Mon-Th,3,2025-03-20,Mon-Th,0,8
23,119.9167001192093,85.68000005473252,0,Mon-Th,3,2025-03-20,Mon-Th,0,8
23,119.9167001192093,56.98360132313501,0,Mon-Th,3,2025-03-20,Mon-Th,0,8
23,119.9167001192093,50.43406139291065,0,Mon-Th,3,2025-03-20,Mon-Th,0,8
23,119.9167001192093,85.68000011920931,0,Mon-Th,3,2025-03-20,Mon-Th,0,8
23,119.9167001192093,85.68000011920931,0,Mon-Th,3,2025-03-20,Mon-Th,0,8
23,119.9167001192093,85.68000011920931,0,Mon-Th,3,2025-12-22,Mon-Th,0,9
23,119.9167001192093,85.68000011920931,0,Mon-Th,3,2025-12-22,Mon-Th,0,9
23,119.9167001192093,85.68000011920931,0,Mon-Th,3,2025-12-22,Mon-Th,0,9
23,119.9167001192093,85.68000011920931,0,Mon-Th,3,2025-12-22,Mon-Th,0,9
22,67.20017605286831,47.15969618822893,0,Mon-Th,3,2025-12-22,Mon-Th,0,9
23,119.9167001192093,85.68000011920931,0,Mon-Th,3,2025-12-22,Mon-Th,0,9
23,119.9167001192093,85.68000011920931,0,Mon-Th,3,2025-12-22,Mon-Th,0,9
23,119.9167001192093,73.51453485637074,0,Mon-Th,3,2025-12-22,Mon-Th,0,9
23,119.9167001192093,32.70224362301278,0,Mon-Th,3,2025-12-22,Mon-Th,0,9
23,119.9167001192093,85.68000011920931,0,Mon-Th,3,2025-12-23,Mon-Th,0,4
23,119.9167001192093,85.68000011920931,0,Mon-Th,3,2025-12-23,Mon-Th,0,4
23,119.9167001192093,85.68000011920931,0,Mon-Th,3,2025-12-23,Mon-Th,0,4
23,119.9167001192093,85.68000011920931,0,Mon-Th,3,2025-12-23,Mon-Th,0,4
23,119.9167001192093,45.66175742048736,0,Mon-Th,3,2025-12-24,Mon-Th,0,10
23,119.9167001192093,56.41981578020111,0,Mon-Th,3,2025-12-24,Mon-Th,0,10
23,119.9167001192093,85.68000011920931,0,Mon-Th,3,2025-12-24,Mon-Th,0,10
23,119.9167001192093,85.68000011920931,0,Mon-Th,3,2025-12-24,Mon-Th,0,10
23,119.9167001192093,85.67999979176841,0,Mon-Th,3,2025-12-24,Mon-Th,0,10
23,119.9167001192093,85.68000011920931,0,Mon-Th,3,2025-12-24,Mon-Th,0,10
23,119.9167001192093,85.68000011920931,0,Mon-Th,3,2025-12-24,Mon-Th,0,10
23,119.9167001192093,14.023888810328216,0,Mon-Th,3,2025-12-24,Mon-Th,0,10
23,119.9167001192093,85.68000011920931,0,Mon-Th,3,2025-12-24,Mon-Th,0,10
23,119.9167001192093,85.68000011920931,0,Mon-Th,3,2025-12-24,Mon-Th,0,10
23,100.4827822958336,58.8137309512683,0,Mon-Th,3,2025-12-25,Mon-Th,0,7
23,119.9167001192093,58.99649475146694,0,Mon-Th,3,2025-12-25,Mon-Th,0,7
23,119.9167001192093,85.68000011920931,0,Mon-Th,3,2025-12-25,Mon-Th,0,7
23,119.9167001192093,85.68000011920931,0,Mon-Th,3,2025-12-25,Mon-Th,0,7
23,119.9167001192093,85.02800813963863,0,Mon-Th,3,2025-12-25,Mon-Th,0,7
23,119.9167001192093,85.68000011920931,0,Mon-Th,3,2025-12-25,Mon-Th,0,7
23,119.9167001192093,85.68000011920931,0,Mon-Th,3,2025-12-25,Mon-Th,0,7
23,119.9167001192093,85.68000011920931,0,Mon-Th,3,2025-12-29,Mon-Th,0,9
23,119.91647476696755,83.42413201298629,0,Mon-Th,3,2025-12-29,Mon-Th,0,9
23,119.9167001192093,85.67997542942771,0,Mon-Th,3,2025-12-29,Mon-Th,0,9
23,119.9167001192093,44.21549122193596,0,Mon-Th,3,2025-12-29,Mon-Th,0,9
23,119.9167001192093,85.6302964532014,0,Mon-Th,3,2025-12-29,Mon-Th,0,9
23,119.9167001192093,85.68000011920931,0,Mon-Th,3,2025-12-29,Mon-Th,0,9
23,119.9167001192093,26.543402630293272,0,Mon-Th,3,2025-12-29,Mon-Th,0,9
23,119.9167001192093,85.68000011920931,0,Mon-Th,3,2025-12-29,Mon-Th,0,9
23,119.89877685023947,85.63202803917548,0,Mon-Th,3,2025-12-29,Mon-Th,0,9
23,119.9167001192093,85.68000011920931,0,Mon-Th,3,2025-12-30,Mon-Th,0,9
23,119.9167001192093,85.68000011920931,0,Mon-Th,3,2025-12-30,Mon-Th,0,9
23,119.9167001192093,85.68000011920931,0,Mon-Th,3,2025-12-30,Mon-Th,0,9
23,119.9167001192093,85.68000011920931,0,Mon-Th,3,2025-12-30,Mon-Th,0,9
23,119.9167001192093,85.68000011920931,0,Mon-Th,3,2025-12-30,Mon-Th,0,9
23,119.9167001192093,85.68000011920931,0,Mon-Th,3,2025-12-30,Mon-Th,0,9
23,119.9167001192093,85.68000011920931,0,Mon-Th,3,2025-12-30,Mon-Th,0,9
23,119.9167001192093,85.68000011920931,0,Mon-Th,3,2025-12-30,Mon-Th,0,9
23,119.9167001192093,85.68000011920931,0,Mon-Th,3,2025-12-30,Mon-Th,0,9
23,119.9167001192093,57.283847592856226,0,Mon-Th,3,2025-12-31,Mon-Th,0,6
23,68.3746800584887,42.61603074904095,0,Mon-Th,3,2025-12-31,Mon-Th,0,6
23,119.71130571275583,85.68000011920931,0,Mon-Th,3,2025-12-31,Mon-Th,0,6
23,119.9167001192093,48.33211474161944,0,Mon-Th,3,2025-12-31,Mon-Th,0,6
0,27.15238132734571,51.799733692886996,0,Mon-Th,3,2025-12-31,Mon-Th,0,6
23,119.9167001192093,85.68000011920931,0,Mon-Th,3,2025-12-31,Mon-Th,0,6
5,1.999999880790715,0.5099998807907105,0,Friday,3,2025-01-03,Friday,0,9
0,1.999999880790715,0.5099998807907105,0,Friday,3,2025-01-03,Friday,0,9
23,2.024550415469432,0.5099998807907105,0,Friday,3,2025-01-03,Friday,0,9
23,2.0000062202494555,0.5099998807907105,0,Friday,3,2025-01-03,Friday,0,9
23,5.743158462054227,0.5099998807907105,0,Friday,3,2025-01-03,Friday,0,9
23,3.9204568959754615,0.5099998807907105,0,Friday,3,2025-01-03,Friday,0,9
22,1.999999880790715,0.5099998807907105,0,Friday,3,2025-01-03,Friday,0,9
23,2.9132191127034934,0.5099998807907105,0,Friday,3,2025-01-03,Friday,0,9
23,2.0583351305868556,0.5099998807908472,0,Friday,3,2025-01-03,Friday,0,9
23,1.9999998808052142,0.5099998807907105,0,Friday,3,2025-01-10,Friday,0,6
20,1.999999880790715,0.5099998807907105,0,Friday,3,2025-01-10,Friday,0,6
23,1.9999998807987558,0.5099998807907105,0,Friday,3,2025-01-10,Friday,0,6
23,1.999999880790715,0.5099998807907105,0,Friday,3,2025-01-10,Friday,0,6
23,1.999999993110289,0.5099998807907105,0,Friday,3,2025-01-10,Friday,0,6
23,1.999999880790715,0.5099998807907105,0,Friday,3,2025-01-10,Friday,0,6
23,2.000000538266103,0.5099998807907105,0,Friday,3,2025-01-17,Friday,0,12
23,2.0000639098179422,0.5099998807907105,0,Friday,3,2025-01-17,Friday,0,12
3,1.999999880790715,0.5099998807907105,0,Friday,3,2025-01-17,Friday,0,12
23,2.6270934603025107,0.5099998807907105,0,Friday,3,2025-01-17,Friday,0,12
23,12.488937833635095,0.5099998807907105,0,Friday,3,2025-01-17,Friday,0,12
14,13.81153997084261,0.5099998807907105,0,Friday,3,2025-01-17,Friday,0,12
23,4.407372615033357,0.5099998807907105,0,Friday,3,2025-01-17,Friday,0,12
23,9.25456787951735,0.5099998807907105,0,Friday,3,2025-01-17,Friday,0,12
16,13.02267949603715,0.5099998807907105,0,Friday,3,2025-01-17,Friday,0,12
23,3.880765919517372,0.5099998807907105,0,Friday,3,2025-01-17,Friday,0,12
0,2.0000009736765483,0.5099998807907105,0,Friday,3,2025-01-17,Friday,0,12
23,5.143154231206015,0.5099998807907105,0,Friday,3,2025-01-17,Friday,0,12
16,1.9999998808031632,0.5099998807907105,0,Friday,3,2025-01-24,Friday,0,14
23,2.0000000368243973,0.5100000313884469,0,Friday,3,2025-01-24,Friday,0,14
23,1.999999880790715,0.5099998807907105,0,Friday,3,2025-01-24,Friday,0,14
23,21.965508545548005,0.5099998807907105,0,Friday,3,2025-01-24,Friday,0,14
23,1.999999880872749,0.5099998807907105,0,Friday,3,2025-01-24,Friday,0,14
23,13.443832945373615,0.5099998807907105,0,Friday,3,2025-01-24,Friday,0,14
23,2.0211334933013663,0.5099999890970641,0,Friday,3,2025-01-24,Friday,0,14
23,1.999999880790715,0.5099998807907105,0,Friday,3,2025-01-24,Friday,0,14
1,1.999999880790715,0.5099998807907105,0,Friday,3,2025-01-24,Friday,0,14
23,7.719311422419226,0.5099998807907105,0,Friday,3,2025-01-24,Friday,0,14
23,1.999999880790715,0.5099998807907105,0,Friday,3,2025-01-24,Friday,0,14
23,1.999999880790715,0.5099998807907105,0,Friday,3,2025-01-24,Friday,0,14
23,1.9999998807907104,0.5100027895088378,0,Friday,3,2025-01-24,Friday,0,14
23,1.999999880790715,0.5099998807907105,0,Friday,3,2025-01-24,Friday,0,14
23,2.000144512133706,0.5099998807907105,0,Friday,3,2025-01-31,Friday,0,13
4,2.0053236324293526,0.5099998807907105,0,Friday,3,2025-01-31,Friday,0,13
23,1.999999927993427,0.5099998807907105,0,Friday,3,2025-01-31,Friday,0,13
0,1.999999880790715,0.5099998807907105,0,Friday,3,2025-01-31,Friday,0,13
23,2.496795407400504,0.5099998807907105,0,Friday,3,2025-01-31,Friday,0,13
23,2.001000539074699,0.5099998807907105,0,Friday,3,2025-01-31,Friday,0,13
23,1.999999880790715,0.5099998807907105,0,Friday,3,2025-01-31,Friday,0,13
23,2.1042144839686263,0.5099998807907105,0,Friday,3,2025-01-31,Friday,0,13
23,1.999999880790715,0.5099998807907105,0,Friday,3,2025-01-31,Friday,0,13
23,2.0184323190553544,0.5099998807907105,0,Friday,3,2025-01-31,Friday,0,13
23,5.244210639975071,0.5099998807907105,0,Friday,3,2025-01-31,Friday,0,13
0,2.0001595192176786,0.5099998807907105,0,Friday,3,2025-01-31,Friday,0,13
23,2.0000552384279415,0.5099998807907105,0,Friday,3,2025-01-31,Friday,0,13
15,1.999999880790715,0.5099998807907105,0,Friday,3,2025-02-07,Friday,0,4
23,2.0033125267000953,0.5099998807907105,0,Friday,3,2025-02-07,Friday,0,4
0,1.999999880790715,0.5099998807907105,0,Friday,3,2025-02-07,Friday,0,4
23,2.3754485228837416,0.5099998807907105,0,Friday,3,2025-02-07,Friday,0,4
23,2.0000041621226092,0.5099998807907105,0,Friday,3,2025-02-14,Friday,0,3
23,1.999999880790715,0.5099998807907105,0,Friday,3,2025-02-14,Friday,0,3
23,1.9999998824660694,0.5099998807907105,0,Friday,3,2025-02-14,Friday,0,3
23,4.3948466930091,0.5099998807907105,0,Friday,3,2025-02-21,Friday,0,8
7,2.000007681755299,0.5099998807907105,0,Friday,3,2025-02-21,Friday,0,8
23,2.0000020979458957,0.5099998807907105,0,Friday,3,2025-02-21,Friday,0,8
23,1.999999880790715,0.5099998807907105,0,Friday,3,2025-02-21,Friday,0,8
23,16.726874706906525,0.5263683500362056,0,Friday,3,2025-02-21,Friday,0,8
23,1.999999905050684,0.5099998807907105,0,Friday,3,2025-02-21,Friday,0,8
23,1.999999880790715,0.5099998807907105,0,Friday,3,2025-02-21,Friday,0,8
23,2.0166069284389967,0.5099998807907105,0,Friday,3,2025-02-21,Friday,0,8
23,1.999999880790715,0.5099998807907105,0,Friday,3,2025-02-28,Friday,0,13
23,7.715373281224327,0.5099998807907105,0,Friday,3,2025-02-28,Friday,0,13
23,1.9999998807907173,0.5099998807907105,0,Friday,3,2025-02-28,Friday,0,13
23,2.103382862336074,0.5099998807907105,0,Friday,3,2025-02-28,Friday,0,13
23,1.999999884281853,0.5099998807907105,0,Friday,3,2025-02-28,Friday,0,13
13,2.4738236110718796,0.5099998807907105,0,Friday,3,2025-02-28,Friday,0,13
23,3.7818244286434286,0.5099998807907105,0,Friday,3,2025-02-28,Friday,0,13
23,8.687315339358756,0.5099998807907105,0,Friday,3,2025-02-28,Friday,0,13
23,3.392144516464696,0.5099998807907105,0,Friday,3,2025-02-28,Friday,0,13
23,6.736797815065699,0.509999881428533,0,Friday,3,2025-02-28,Friday,0,13
23,2.028242748888133,0.5099998807907105,0,Friday,3,2025-02-28,Friday,0,13
23,2.63569844855845,0.5099998807907105,0,Friday,3,2025-02-28,Friday,0,13
23,2.0000001688725866,0.5099998808039099,0,Friday,3,2025-02-28,Friday,0,13
23,13.356428928047215,0.5099998807907178,0,Friday,3,2025-03-07,Friday,0,9
20,2.039204430060224,0.5099998807907105,0,Friday,3,2025-03-07,Friday,0,9
23,1.9999998807912058,0.5099998807907105,0,Friday,3,2025-03-07,Friday,0,9
23,2.1470895386756608,0.5099998807907105,0,Friday,3,2025-03-07,Friday,0,9
23,1.9999999129216324,0.5099998807907105,0,Friday,3,2025-03-07,Friday,0,9
23,1.999999880790715,0.5099998807907105,0,Friday,3,2025-03-07,Friday,0,9
0,1.999999880790715,0.5099998807907105,0,Friday,3,2025-03-07,Friday,0,9
23,2.0000902447135727,0.5099998807907105,0,Friday,3,2025-03-07,Friday,0,9
23,4.221759655361808,0.5099998807907105,0,Friday,3,2025-03-07,Friday,0,9
23,5.748199540598983,0.5099998807907105,0,Friday,3,2025-03-14,Friday,0,11
23,2.0000005071249003,0.5099998807907105,0,Friday,3,2025-03-14,Friday,0,11
17,1.999999880790715,0.5099998807907105,0,Friday,3,2025-03-14,Friday,0,11
23,2.0000003503269075,0.5099998807907105,0,Friday,3,2025-03-14,Friday,0,11
23,2.0000074930066614,0.5099998807907105,0,Friday,3,2025-03-14,Friday,0,11
23,2.0000012728348344,0.5099998807907105,0,Friday,3,2025-03-14,Friday,0,11
23,8.287458259647707,0.5099998807907105,0,Friday,3,2025-03-14,Friday,0,11
23,4.768591822928009,0.5099998807907105,0,Friday,3,2025-03-14,Friday,0,11
23,2.001811304197246,0.5099998807907105,0,Friday,3,2025-03-14,Friday,0,11
23,119.9167001192093,0.5099998807907105,0,Friday,3,2025-03-14,Friday,0,11
23,7.808958328124257,0.5099998807907105,0,Friday,3,2025-03-14,Friday,0,11
23,2.7511643154054415,0.5099998807907105,0,Friday,3,2025-12-26,Friday,0,11
23,3.022403081928041,0.5100044679883752,0,Friday,3,2025-12-26,Friday,0,11
23,2.04874843708317,0.5099998807907105,0,Friday,3,2025-12-26,Friday,0,11
4,1.999999880790715,0.5099998807907105,0,Friday,3,2025-12-26,Friday,0,11
23,2.0117697793578877,0.5099998807907105,0,Friday,3,2025-12-26,Friday,0,11
23,12.14701121995482,43.601841182579484,0,Friday,3,2025-12-26,Friday,0,11
23,29.229647848767858,0.5667764667162655,0,Friday,3,2025-12-26,Friday,0,11
23,1.9999998810534139,0.5099998807907105,0,Friday,3,2025-12-26,Friday,0,11
8,1.9999998832491945,0.5099998807907105,0,Friday,3,2025-12-26,Friday,0,11
23,2.260312396642668,0.5099998807907105,0,Friday,3,2025-12-26,Friday,0,11
23,1.999999880790715,0.5099998807907105,0,Friday,3,2025-12-26,Friday,0,11
23,119.9167001192093,85.68000011920931,0,Saturday,3,2025-01-04,Saturday,0,6
0,119.9167001192093,85.68000011920931,0,Saturday,3,2025-01-04,Saturday,0,6
23,119.89304912483304,85.68000011920931,0,Saturday,3,2025-01-04,Saturday,0,6
23,38.742757281242454,85.67999983317262,0,Saturday,3,2025-01-04,Saturday,0,6
23,119.9167001192093,85.42449299559027,0,Saturday,3,2025-01-04,Saturday,0,6
17,119.9167001192093,85.68000011920931,0,Saturday,3,2025-01-04,Saturday,0,6
21,32.941329542377964,57.15668620589766,0,Saturday,3,2025-01-11,Saturday,0,9
23,80.3116388951097,83.03768911059315,0,Saturday,3,2025-01-11,Saturday,0,9
23,119.9167001192093,85.68000011920931,0,Saturday,3,2025-01-11,Saturday,0,9
0,37.55421189013017,85.68000011920931,0,Saturday,3,2025-01-11,Saturday,0,9
23,119.9167001192093,85.68000011920931,0,Saturday,3,2025-01-11,Saturday,0,9
23,26.559707087174566,85.68000009424034,0,Saturday,3,2025-01-11,Saturday,0,9
0,119.9167001192093,68.19789255188068,0,Saturday,3,2025-01-11,Saturday,0,9
23,119.83339829629521,72.01854335580715,0,Saturday,3,2025-01-11,Saturday,0,9
0,119.9167001192093,85.68000011920931,0,Saturday,3,2025-01-11,Saturday,0,9
17,107.08146694980896,85.68000011920931,0,Saturday,3,2025-01-18,Saturday,0,12
23,119.9167001192093,85.68000011920931,0,Saturday,3,2025-01-18,Saturday,0,12
23,119.9167001192093,85.68000011920931,0,Saturday,3,2025-01-18,Saturday,0,12
0,43.431491265711855,85.68000011920931,0,Saturday,3,2025-01-18,Saturday,0,12
23,119.9167001192093,85.68000011920931,0,Saturday,3,2025-01-18,Saturday,0,12
8,8.226214131940182,85.68000011920931,0,Saturday,3,2025-01-18,Saturday,0,12
23,119.9167001192093,85.68000011920931,0,Saturday,3,2025-01-18,Saturday,0,12
23,28.075005868027247,40.12337211441775,0,Saturday,3,2025-01-18,Saturday,0,12
0,119.9167001192093,85.68000011920931,0,Saturday,3,2025-01-18,Saturday,0,12
23,119.9167001192093,85.68000011920931,0,Saturday,3,2025-01-18,Saturday,0,12
23,119.9167001192093,85.68000011920931,0,Saturday,3,2025-01-18,Saturday,0,12
3,119.9167001192093,85.68000011920931,0,Saturday,3,2025-01-18,Saturday,0,12
23,119.9167001192093,85.68000011920931,0,Saturday,3,2025-01-25,Saturday,0,6
23,119.9167001192093,85.68000011920931,0,Saturday,3,2025-01-25,Saturday,0,6
23,119.9167001192093,85.68000011920931,0,Saturday,3,2025-01-25,Saturday,0,6
22,55.116729532508955,85.68000011920931,0,Saturday,3,2025-01-25,Saturday,0,6
23,119.767261296214,85.68000011920931,0,Saturday,3,2025-01-25,Saturday,0,6
23,119.9167001192093,85.68000011920931,0,Saturday,3,2025-01-25,Saturday,0,6
0,119.9167001192093,85.68000011920931,0,Saturday,3,2025-02-01,Saturday,0,8
23,119.9167001192093,85.68000011920931,0,Saturday,3,2025-02-01,Saturday,0,8
23,19.330461206301955,47.93810259255804,0,Saturday,3,2025-02-01,Saturday,0,8
23,119.9167001192093,85.67991729815297,0,Saturday,3,2025-02-01,Saturday,0,8
23,119.9167001192093,85.68000011920931,0,Saturday,3,2025-02-01,Saturday,0,8
0,119.9167001192093,85.68000011920931,0,Saturday,3,2025-02-01,Saturday,0,8
0,119.9167001192093,85.68000011920931,0,Saturday,3,2025-02-01,Saturday,0,8
23,119.9167001192093,85.68000011920931,0,Saturday,3,2025-02-01,Saturday,0,8
23,119.9167001192093,85.68000011920931,0,Saturday,3,2025-02-08,Saturday,0,11
23,22.2418636825367,85.67662403357687,0,Saturday,3,2025-02-08,Saturday,0,11
23,119.9167001192093,85.68000011920931,0,Saturday,3,2025-02-08,Saturday,0,11
23,119.9167001192093,80.80410819502937,0,Saturday,3,2025-02-08,Saturday,0,11
23,119.9167001192093,85.68000011762898,0,Saturday,3,2025-02-08,Saturday,0,11
22,33.863062371846524,85.68000011920931,0,Saturday,3,2025-02-08,Saturday,0,11
7,69.26036784442303,85.68000007748903,0,Saturday,3,2025-02-08,Saturday,0,11
0,119.9167001192093,85.68000011920931,0,Saturday,3,2025-02-08,Saturday,0,11
23,101.23483122050031,85.68000011920931,0,Saturday,3,2025-02-08,Saturday,0,11
23,119.9167001192093,85.68000011920931,0,Saturday,3,2025-02-08,Saturday,0,11
0,119.51951188516814,85.68000011920931,0,Saturday,3,2025-02-08,Saturday,0,11
0,119.9167001192093,85.68000011920931,0,Saturday,3,2025-02-15,Saturday,0,10
13,43.05143277698259,85.6669837325983,0,Saturday,3,2025-02-15,Saturday,0,10
6,19.880419388320867,85.68000011920931,0,Saturday,3,2025-02-15,Saturday,0,10
23,33.08885816731199,85.68000011920931,0,Saturday,3,2025-02-15,Saturday,0,10
0,35.44912995650371,85.00078009539013,0,Saturday,3,2025-02-15,Saturday,0,10
23,119.9167001192093,85.64818381392566,0,Saturday,3,2025-02-15,Saturday,0,10
23,119.9167001192093,85.68000011920931,0,Saturday,3,2025-02-15,Saturday,0,10
23,12.573647240700193,0.6362155156668724,0,Saturday,3,2025-02-15,Saturday,0,10
23,119.9167001192093,85.68000011920931,0,Saturday,3,2025-02-15,Saturday,0,10
0,119.9167001192093,85.67412120551265,0,Saturday,3,2025-02-15,Saturday,0,10
1,119.9167001192093,85.68000011920931,0,Saturday,3,2025-02-22,Saturday,0,5
23,119.9167001192093,85.67488841102013,0,Saturday,3,2025-02-22,Saturday,0,5
23,119.9167001192093,85.68000011920931,0,Saturday,3,2025-02-22,Saturday,0,5
23,119.9167001192093,85.68000011857718,0,Saturday,3,2025-02-22,Saturday,0,5
23,119.9167001192093,84.09228207411525,0,Saturday,3,2025-02-22,Saturday,0,5
23,119.9167001192093,85.68000011920931,0,Saturday,3,2025-03-01,Saturday,0,9
23,119.9167001192093,85.68000011920931,0,Saturday,3,2025-03-01,Saturday,0,9
0,119.85626551888167,85.68000011920931,0,Saturday,3,2025-03-01,Saturday,0,9
23,119.9167001192093,85.68000011920931,0,Saturday,3,2025-03-01,Saturday,0,9
5,16.17840930525675,38.210629250437286,0,Saturday,3,2025-03-01,Saturday,0,9
23,119.9167001192093,85.68000011920931,0,Saturday,3,2025-03-01,Saturday,0,9
23,119.9167001192093,85.68000011920931,0,Saturday,3,2025-03-01,Saturday,0,9
2,119.9167001192093,85.68000011920931,0,Saturday,3,2025-03-01,Saturday,0,9
0,24.53530295357142,81.834705127492,0,Saturday,3,2025-03-01,Saturday,0,9
0,119.9167001192093,85.68000011920931,0,Saturday,3,2025-03-08,Saturday,0,6
23,119.9167001192093,85.68000011920931,0,Saturday,3,2025-03-08,Saturday,0,6
0,119.9167001192093,85.68000011920931,0,Saturday,3,2025-03-08,Saturday,0,6
23,119.9167001192093,85.68000011920931,0,Saturday,3,2025-03-08,Saturday,0,6
23,119.9167001192093,64.7563257661255,0,Saturday,3,2025-03-08,Saturday,0,6
13,119.9167001192093,85.68000011920931,0,Saturday,3,2025-03-08,Saturday,0,6
17,119.9167001192093,85.68000011920931,0,Saturday,3,2025-03-15,Saturday,0,7
20,119.9167001192093,85.68000011920931,0,Saturday,3,2025-03-15,Saturday,0,7
23,119.9167001192093,85.68000011920931,0,Saturday,3,2025-03-15,Saturday,0,7
23,18.79852941643256,57.49830425728276,0,Saturday,3,2025-03-15,Saturday,0,7
22,119.9167001192093,85.68000011920931,0,Saturday,3,2025-03-15,Saturday,0,7
23,119.9167001192093,85.68000011920931,0,Saturday,3,2025-03-15,Saturday,0,7
23,119.9167001192093,85.68000011920931,0,Saturday,3,2025-03-15,Saturday,0,7
23,119.9167001192093,85.68000011920931,0,Saturday,3,2025-12-27,Saturday,0,9
23,119.9167001192093,85.68000011920931,0,Saturday,3,2025-12-27,Saturday,0,9
23,26.553704570408687,85.68000011920931,0,Saturday,3,2025-12-27,Saturday,0,9
0,119.9167001192093,85.68000011920931,0,Saturday,3,2025-12-27,Saturday,0,9
23,119.9167001192093,85.68000011920931,0,Saturday,3,2025-12-27,Saturday,0,9
23,119.91196812377483,85.68000011920931,0,Saturday,3,2025-12-27,Saturday,0,9
0,119.9167001192093,85.68000011920931,0,Saturday,3,2025-12-27,Saturday,0,9
23,119.9167001192093,85.68000011920931,0,Saturday,3,2025-12-27,Saturday,0,9
0,119.9167001192093,85.68000011920931,0,Saturday,3,2025-12-27,Saturday,0,9
0,119.9167001192093,17.82874132249789,0,Sunday,3,2025-01-05,Sunday,0,6
0,47.15400083573642,84.12188818619578,0,Sunday,3,2025-01-05,Sunday,0,6
0,119.9167001192093,68.16568939795889,0,Sunday,3,2025-01-05,Sunday,0,6
0,64.32164688933688,85.68000011920931,0,Sunday,3,2025-01-05,Sunday,0,6
0,118.84313858231606,85.68000011920931,0,Sunday,3,2025-01-05,Sunday,0,6
0,25.98622701282751,85.68000011920931,0,Sunday,3,2025-01-05,Sunday,0,6
0,119.91668101823127,85.68000011920931,0,Sunday,3,2025-01-12,Sunday,0,10
0,119.9167001192093,85.68000011920931,0,Sunday,3,2025-01-12,Sunday,0,10
0,79.58369782263135,85.68000011920931,0,Sunday,3,2025-01-12,Sunday,0,10
0,52.68075798125544,85.68000011920931,0,Sunday,3,2025-01-12,Sunday,0,10
0,38.74436308446454,85.68000011920931,0,Sunday,3,2025-01-12,Sunday,0,10
0,49.88550328242347,85.68000011920931,0,Sunday,3,2025-01-12,Sunday,0,10
0,119.9167001192093,85.68000011920931,0,Sunday,3,2025-01-12,Sunday,0,10
0,77.82930375698122,85.68000011920931,0,Sunday,3,2025-01-12,Sunday,0,10
0,41.77756083209067,85.68000011920931,0,Sunday,3,2025-01-12,Sunday,0,10
0,119.91664302345043,85.68000011920931,0,Sunday,3,2025-01-12,Sunday,0,10
0,119.91670815767208,85.68000011920931,0,Sunday,3,2025-01-19,Sunday,0,5
0,62.79771419043427,85.68000011920931,0,Sunday,3,2025-01-19,Sunday,0,5
0,53.311552868484306,85.68000011920931,0,Sunday,3,2025-01-19,Sunday,0,5
0,85.53180143061152,85.6684263519425,0,Sunday,3,2025-01-19,Sunday,0,5
0,119.9167001192093,85.68000011920931,0,Sunday,3,2025-01-19,Sunday,0,5
0,69.95522360743222,85.68000011920931,0,Sunday,3,2025-01-26,Sunday,0,8
0,53.2348406600563,85.68000011920931,0,Sunday,3,2025-01-26,Sunday,0,8
0,103.64183325764397,85.67998045890181,0,Sunday,3,2025-01-26,Sunday,0,8
0,39.5951004483002,85.68000011920931,0,Sunday,3,2025-01-26,Sunday,0,8
0,45.332247668566815,85.68000011920931,0,Sunday,3,2025-01-26,Sunday,0,8
0,119.9167001192093,85.68000011920931,0,Sunday,3,2025-01-26,Sunday,0,8
0,119.90976350864868,85.68000011920931,0,Sunday,3,2025-01-26,Sunday,0,8
0,119.9167001192093,48.69019046445504,0,Sunday,3,2025-01-26,Sunday,0,8
0,36.27553935093536,85.68000011920931,0,Sunday,3,2025-02-02,Sunday,0,5
0,95.59352269492871,85.68000011920931,0,Sunday,3,2025-02-02,Sunday,0,5
0,47.314951269514616,85.68000011920931,0,Sunday,3,2025-02-02,Sunday,0,5
0,52.055824670446704,85.68000011920931,0,Sunday,3,2025-02-02,Sunday,0,5
0,119.912043988696,85.68000011920931,0,Sunday,3,2025-02-02,Sunday,0,5
0,119.9167001192093,34.0448992974301,0,Sunday,3,2025-02-09,Sunday,0,9
0,47.88630573996606,85.68000011920931,0,Sunday,3,2025-02-09,Sunday,0,9
0,119.9167001192093,85.68000011920931,0,Sunday,3,2025-02-09,Sunday,0,9
0,119.9167001192093,85.68000011920931,0,Sunday,3,2025-02-09,Sunday,0,9
0,109.34279051519412,85.68000011920931,0,Sunday,3,2025-02-09,Sunday,0,9
0,73.016974633102,85.68000011920931,0,Sunday,3,2025-02-09,Sunday,0,9
0,19.585086237865504,85.67998718942556,0,Sunday,3,2025-02-09,Sunday,0,9
0,74.24897993459504,85.68000011920931,0,Sunday,3,2025-02-09,Sunday,0,9
0,119.9167001192093,28.769646850949794,0,Sunday,3,2025-02-09,Sunday,0,9
0,52.07690287170536,85.68000011920931,0,Sunday,3,2025-02-16,Sunday,0,4
0,30.844303127754856,85.68000011920931,0,Sunday,3,2025-02-16,Sunday,0,4
0,119.9167001192093,85.68000011920931,0,Sunday,3,2025-02-16,Sunday,0,4
0,119.83836250532599,85.68000011920931,0,Sunday,3,2025-02-16,Sunday,0,4
0,29.945460164995374,85.67815669176835,0,Sunday,3,2025-02-23,Sunday,0,9
0,22.379643523865422,85.67991425264431,0,Sunday,3,2025-02-23,Sunday,0,9
0,119.82323323771081,85.68000011920931,0,Sunday,3,2025-02-23,Sunday,0,9
0,55.51941692293279,85.68000011920931,0,Sunday,3,2025-02-23,Sunday,0,9
0,50.63846337334653,85.68000011920931,0,Sunday,3,2025-02-23,Sunday,0,9
0,72.63619198929798,85.68000011920931,0,Sunday,3,2025-02-23,Sunday,0,9
0,39.66221807548967,85.68000011920931,0,Sunday,3,2025-02-23,Sunday,0,9
0,83.21541922335702,53.59902786819385,0,Sunday,3,2025-02-23,Sunday,0,9
0,81.04442368735198,85.68000011920931,0,Sunday,3,2025-02-23,Sunday,0,9
0,119.73589966891304,85.68000011920931,0,Sunday,3,2025-03-02,Sunday,0,11
0,119.91670815767208,85.68000008128178,0,Sunday,3,2025-03-02,Sunday,0,11
0,40.503113180577856,85.68000011920931,0,Sunday,3,2025-03-02,Sunday,0,11
0,28.87000520297961,85.68000011920931,0,Sunday,3,2025-03-02,Sunday,0,11
0,119.9167001192093,85.68000011920931,0,Sunday,3,2025-03-02,Sunday,0,11
0,113.83758985018228,85.68000011920931,0,Sunday,3,2025-03-02,Sunday,0,11
0,119.64218866235055,84.53431641500862,0,Sunday,3,2025-03-02,Sunday,0,11
0,119.9167001192093,85.68000011920931,0,Sunday,3,2025-03-02,Sunday,0,11
0,116.53694435061195,85.68000011920931,0,Sunday,3,2025-03-02,Sunday,0,11
0,41.12006140778131,85.68000011920931,0,Sunday,3,2025-03-02,Sunday,0,11
0,119.9167001192093,85.68000011920931,0,Sunday,3,2025-03-02,Sunday,0,11
0,88.20611877846655,85.68000011920931,0,Sunday,3,2025-03-09,Sunday,0,11
0,36.09971864295928,85.68000011920931,0,Sunday,3,2025-03-09,Sunday,0,11
0,32.92118092540536,85.68000011920931,0,Sunday,3,2025-03-09,Sunday,0,11
0,43.73703554818238,85.68000011920931,0,Sunday,3,2025-03-09,Sunday,0,11
0,86.40129190512788,85.68000011920931,0,Sunday,3,2025-03-09,Sunday,0,11
0,29.149183598530847,85.68000011920931,0,Sunday,3,2025-03-09,Sunday,0,11
0,119.9167001192093,85.68000011920931,0,Sunday,3,2025-03-09,Sunday,0,11
0,60.810438066735884,85.68000011920931,0,Sunday,3,2025-03-09,Sunday,0,11
0,60.6736862609975,85.68000011920931,0,Sunday,3,2025-03-09,Sunday,0,11
0,55.08827160869039,85.68000011920931,0,Sunday,3,2025-03-09,Sunday,0,11
0,119.9167001192093,26.17748159625258,0,Sunday,3,2025-03-09,Sunday,0,11
0,119.9167001192093,85.68000011920931,0,Sunday,3,2025-03-16,Sunday,0,3
0,48.89184444151898,85.68000011920931,0,Sunday,3,2025-03-16,Sunday,0,3
0,69.70275289580914,85.68000011920931,0,Sunday,3,2025-03-16,Sunday,0,3
0,119.9167001192093,85.67999990491883,0,Sunday,3,2025-12-28,Sunday,0,9
0,51.38482315296032,85.68000011920931,0,Sunday,3,2025-12-28,Sunday,0,9
0,119.9167001192093,85.68000011920931,0,Sunday,3,2025-12-28,Sunday,0,9
0,19.974782783472477,85.68000011920931,0,Sunday,3,2025-12-28,Sunday,0,9
0,40.73489903399841,85.68000011920931,0,Sunday,3,2025-12-28,Sunday,0,9
0,62.17806464212676,85.68000011920931,0,Sunday,3,2025-12-28,Sunday,0,9
0,49.76551588449152,85.68000011920931,0,Sunday,3,2025-12-28,Sunday,0,9
0,30.942374920946836,85.68000011920931,0,Sunday,3,2025-12-28,Sunday,0,9
0,49.42310378743255,85.68000011920931,0,Sunday,3,2025-12-28,Sunday,0,9
0,30.97267495236544,85.68000011920931,1,Friday,3,2025-03-21,Friday,1,14
2,44.20363674785733,85.66623790583998,1,Friday,3,2025-03-21,Friday,1,14
0,119.12376827410294,85.68000011920931,1,Friday,3,2025-03-21,Friday,1,14
0,59.620851583561674,85.6799601539404,1,Friday,3,2025-03-21,Friday,1,14
10,34.5229549461399,85.68000011920931,1,Friday,3,2025-03-21,Friday,1,14
0,63.57847855242322,85.68000011920931,1,Friday,3,2025-03-21,Friday,1,14
6,46.257241626000855,85.68000011920931,1,Friday,3,2025-03-21,Friday,1,14
1,44.5816299894531,82.01438474740603,1,Friday,3,2025-03-21,Friday,1,14
10,57.490195202575684,85.68000011857718,1,Friday,3,2025-03-21,Friday,1,14
0,58.91200090824756,85.68000011920931,1,Friday,3,2025-03-21,Friday,1,14
0,36.875220751684445,85.68000011920931,1,Friday,3,2025-03-21,Friday,1,14
0,30.82127035936363,66.54116706679783,1,Friday,3,2025-03-21,Friday,1,14
0,40.42524480953093,85.3816325026329,1,Friday,3,2025-03-21,Friday,1,14
0,119.82214628032162,85.68000011920931,1,Friday,3,2025-03-21,Friday,1,14
0,119.9167001192093,85.68000011920931,1,Friday,3,2025-03-28,Friday,1,9
0,1.999999880790715,85.68000011920931,1,Friday,3,2025-03-28,Friday,1,9
0,45.7484732040328,85.68000011920931,1,Friday,3,2025-03-28,Friday,1,9
4,30.499910026158876,85.68000011604867,1,Friday,3,2025-03-28,Friday,1,9
0,72.35428259438687,85.68000011920931,1,Friday,3,2025-03-28,Friday,1,9
23,43.92183546902384,85.68000011920931,1,Friday,3,2025-03-28,Friday,1,9
15,118.70007561435776,85.68000011920931,1,Friday,3,2025-03-28,Friday,1,9
0,59.18472525917984,85.68000011920931,1,Friday,3,2025-03-28,Friday,1,9
13,33.77122997623409,85.68000011920931,1,Friday,3,2025-03-28,Friday,1,9
0,70.4715066537581,69.43815570534319,1,Friday,3,2025-04-04,Friday,1,9
0,48.029124355711886,85.68000011920931,1,Friday,3,2025-04-04,Friday,1,9
20,50.98093139506129,85.67099157005458,1,Friday,3,2025-04-04,Friday,1,9
0,42.21132334601215,85.68000011920931,1,Friday,3,2025-04-04,Friday,1,9
0,62.05219549130509,85.68000011920931,1,Friday,3,2025-04-04,Friday,1,9
0,41.99130888422085,85.68000011920931,1,Friday,3,2025-04-04,Friday,1,9
23,119.9167001192093,85.67999567600333,1,Friday,3,2025-04-04,Friday,1,9
5,119.82649135150902,85.68000011920931,1,Friday,3,2025-04-04,Friday,1,9
23,44.59948269465335,85.68000011920931,1,Friday,3,2025-04-04,Friday,1,9
0,33.32908865617706,85.68000011920931,1,Friday,3,2025-04-11,Friday,1,10
0,41.5022823788591,85.68000011920931,1,Friday,3,2025-04-11,Friday,1,10
2,41.943588233691415,84.35922269547224,1,Friday,3,2025-04-11,Friday,1,10
7,36.26582139793999,85.65391054182605,1,Friday,3,2025-04-11,Friday,1,10
7,81.89397580503542,85.68000011920931,1,Friday,3,2025-04-11,Friday,1,10
7,37.31709223029602,85.68000011920931,1,Friday,3,2025-04-11,Friday,1,10
14,38.468963673698084,77.86444067860113,1,Friday,3,2025-04-11,Friday,1,10
23,95.08123925738442,85.68000011920931,1,Friday,3,2025-04-11,Friday,1,10
0,45.82846514775814,85.68000011920931,1,Friday,3,2025-04-11,Friday,1,10
5,119.9167001192093,85.68000011920931,1,Friday,3,2025-04-11,Friday,1,10
0,54.091467736028896,85.6800001182611,1,Friday,3,2025-04-18,Friday,1,6
0,33.259954367596436,48.6072838233943,1,Friday,3,2025-04-18,Friday,1,6
0,119.91664845124511,85.68000011920931,1,Friday,3,2025-04-18,Friday,1,6
20,40.061778251251376,85.10152949198586,1,Friday,3,2025-04-18,Friday,1,6
0,46.55373859197457,81.25309070668179,1,Friday,3,2025-04-18,Friday,1,6
1,41.582912487560826,85.68000011920931,1,Friday,3,2025-04-18,Friday,1,6
0,44.894867862656774,81.95514652616758,1,Friday,3,2025-04-25,Friday,1,11
0,111.88955045809868,85.68000011920931,1,Friday,3,2025-04-25,Friday,1,11
0,40.493604890348294,60.2926380249662,1,Friday,3,2025-04-25,Friday,1,11
14,34.15141516004856,85.68000011920931,1,Friday,3,2025-04-25,Friday,1,11
5,41.00808378617324,85.16133950273928,1,Friday,3,2025-04-25,Friday,1,11
0,37.7338635149493,85.68000011920931,1,Friday,3,2025-04-25,Friday,1,11
5,33.12582521833766,79.14797397103816,1,Friday,3,2025-04-25,Friday,1,11
0,24.19234250819921,54.39893611664765,1,Friday,3,2025-04-25,Friday,1,11
8,56.456873321653866,81.43070131307415,1,Friday,3,2025-04-25,Friday,1,11
0,52.89380725594424,73.00531247813471,1,Friday,3,2025-04-25,Friday,1,11
0,27.144931049682388,85.68000011920931,1,Friday,3,2025-04-25,Friday,1,11
0,34.435416906683784,84.89801558914056,1,Friday,3,2025-05-02,Friday,1,5
0,43.1274552317646,85.6791262476908,1,Friday,3,2025-05-02,Friday,1,5
0,119.9167001192093,85.68000011920931,1,Friday,3,2025-05-02,Friday,1,5
5,35.98382951336623,85.67998563471929,1,Friday,3,2025-05-02,Friday,1,5
0,52.01676908422186,85.68000011920931,1,Friday,3,2025-05-02,Friday,1,5
0,71.7400052377971,85.68000011478442,1,Friday,3,2025-05-09,Friday,1,9
1,44.79342006178898,81.1647745108675,1,Friday,3,2025-05-09,Friday,1,9
0,52.5735579622501,85.68000011920931,1,Friday,3,2025-05-09,Friday,1,9
23,119.9167001192093,85.68000011920931,1,Friday,3,2025-05-09,Friday,1,9
0,82.94367489119743,85.27530792058877,1,Friday,3,2025-05-09,Friday,1,9
23,66.54659749636814,85.68000011920931,1,Friday,3,2025-05-09,Friday,1,9
23,48.86545740467085,85.68000011762898,1,Friday,3,2025-05-09,Friday,1,9
0,108.5485196346003,85.68000011920931,1,Friday,3,2025-05-09,Friday,1,9
0,49.991088749326295,85.66386098458447,1,Friday,3,2025-05-09,Friday,1,9
0,38.21549535755644,85.67923338254113,1,Friday,3,2025-05-16,Friday,1,12
14,42.578740553570604,85.68000011920931,1,Friday,3,2025-05-16,Friday,1,12
0,33.9268313742434,85.68000011920931,1,Friday,3,2025-05-16,Friday,1,12
22,27.38185312406847,85.68000011857718,1,Friday,3,2025-05-16,Friday,1,12
2,30.902581371267082,85.68000011920931,1,Friday,3,2025-05-16,Friday,1,12
0,46.50320099116483,77.2891649759627,1,Friday,3,2025-05-16,Friday,1,12
4,119.91422326185786,85.68000011920931,1,Friday,3,2025-05-16,Friday,1,12
0,30.738584368144274,85.68000011920931,1,Friday,3,2025-05-16,Friday,1,12
23,84.91322369676605,85.67999966787187,1,Friday,3,2025-05-16,Friday,1,12
18,36.3240018409365,85.6800001182611,1,Friday,3,2025-05-16,Friday,1,12
23,34.65617779450924,85.68000011920931,1,Friday,3,2025-05-16,Friday,1,12
17,119.9167001192093,61.26246302517814,1,Friday,3,2025-05-16,Friday,1,12
0,37.45911859069498,55.422034870008986,1,Friday,3,2025-05-23,Friday,1,10
0,36.23048399485354,84.98899126512012,1,Friday,3,2025-05-23,Friday,1,10
9,38.937241005498024,85.68000011920931,1,Friday,3,2025-05-23,Friday,1,10
0,31.276737084052872,59.851763945723306,1,Friday,3,2025-05-23,Friday,1,10
0,26.487701218244634,85.68000011920931,1,Friday,3,2025-05-23,Friday,1,10
6,43.761211153160815,85.68000011920931,1,Friday,3,2025-05-23,Friday,1,10
22,45.957007648620184,85.61860675964935,1,Friday,3,2025-05-23,Friday,1,10
0,43.948054972276786,85.68000011920931,1,Friday,3,2025-05-23,Friday,1,10
1,34.362139223541114,60.73568454349607,1,Friday,3,2025-05-23,Friday,1,10
2,65.03048630588296,85.68000011920931,1,Friday,3,2025-05-23,Friday,1,10
22,34.2333448054968,75.3047299728428,1,Friday,3,2025-05-30,Friday,1,9
0,40.46849949437258,85.68000011920931,1,Friday,3,2025-05-30,Friday,1,9
11,37.27610203470671,85.68000011857718,1,Friday,3,2025-05-30,Friday,1,9
0,51.40091369163653,85.67970817696781,1,Friday,3,2025-05-30,Friday,1,9
23,40.38161684153822,85.68000011920931,1,Friday,3,2025-05-30,Friday,1,9
10,27.388444794556996,85.68000011920931,1,Friday,3,2025-05-30,Friday,1,9
3,64.9438092739462,85.68000011920931,1,Friday,3,2025-05-30,Friday,1,9
23,119.9167001192093,85.68000011920931,1,Friday,3,2025-05-30,Friday,1,9
0,75.01416343850975,85.68000011920931,1,Friday,3,2025-05-30,Friday,1,9
22,31.439479257494895,85.68000011920931,1,Friday,3,2025-06-06,Friday,1,10
0,48.53624722267562,77.28058407636348,1,Friday,3,2025-06-06,Friday,1,10
11,28.190938485996263,85.68000011920931,1,Friday,3,2025-06-06,Friday,1,10
4,37.21657200139794,85.68000011920931,1,Friday,3,2025-06-06,Friday,1,10
12,42.83536048425848,85.67999996054584,1,Friday,3,2025-06-06,Friday,1,10
1,35.84154610631567,85.68000011920931,1,Friday,3,2025-06-06,Friday,1,10
0,36.49166929401884,85.68000011920931,1,Friday,3,2025-06-06,Friday,1,10
0,47.370955255420576,85.6800001166808,1,Friday,3,2025-06-06,Friday,1,10
0,53.38963541850871,85.68000011920931,1,Friday,3,2025-06-06,Friday,1,10
21,43.19735632881265,72.67633612825222,1,Friday,3,2025-06-06,Friday,1,10
23,43.12581436521131,48.58263050162094,1,Friday,3,2025-06-13,Friday,1,7
0,50.92565480703759,76.83537485976215,1,Friday,3,2025-06-13,Friday,1,7
0,36.30736869422518,85.68000011920931,1,Friday,3,2025-06-13,Friday,1,7
2,10.854231119715418,85.68000011920931,1,Friday,3,2025-06-13,Friday,1,7
0,52.743275517906426,77.09508796023103,1,Friday,3,2025-06-13,Friday,1,7
0,1.999999880790715,85.68000011920931,1,Friday,3,2025-06-13,Friday,1,7
0,82.54034564876861,85.67997211837954,1,Friday,3,2025-06-13,Friday,1,7
23,34.72592160944191,48.36342198816994,1,Friday,3,2025-06-20,Friday,1,11
13,37.057157265303246,69.94996236243756,1,Friday,3,2025-06-20,Friday,1,11
0,64.11740351130113,85.68000011920931,1,Friday,3,2025-06-20,Friday,1,11
0,42.810005326449144,85.68000011920931,1,Friday,3,2025-06-20,Friday,1,11
0,30.594311721974407,85.6791830947074,1,Friday,3,2025-06-20,Friday,1,11
14,37.82145778888014,85.68000011920931,1,Friday,3,2025-06-20,Friday,1,11
1,30.091837613419205,85.68000011920931,1,Friday,3,2025-06-20,Friday,1,11
0,57.19447537431118,85.68000011920931,1,Friday,3,2025-06-20,Friday,1,11
23,41.89163520232779,85.67999867069449,1,Friday,3,2025-06-20,Friday,1,11
0,119.9167001192093,85.68000011920931,1,Friday,3,2025-06-20,Friday,1,11
19,32.78347566090777,85.68000011920931,1,Friday,3,2025-06-20,Friday,1,11
0,1.9999998811553168,0.5099998807907105,1,Saturday,3,2025-03-22,Saturday,1,9
0,1.999999880790715,0.5099998807907105,1,Saturday,3,2025-03-22,Saturday,1,9
0,2.0000038197571794,0.5099998807907105,1,Saturday,3,2025-03-22,Saturday,1,9
0,1.999999880790715,0.5099998807907105,1,Saturday,3,2025-03-22,Saturday,1,9
0,1.9999998807907104,0.5099998807907105,1,Saturday,3,2025-03-22,Saturday,1,9
0,1.9999998808323554,0.5099998807907105,1,Saturday,3,2025-03-22,Saturday,1,9
0,2.3884677213398384,0.5099998807907105,1,Saturday,3,2025-03-22,Saturday,1,9
0,2.000000931085265,0.5099998807907105,1,Saturday,3,2025-03-22,Saturday,1,9
0,4.268216184421403,0.5099998807907105,1,Saturday,3,2025-03-22,Saturday,1,9
0,1.999999880790715,0.5099998807907105,1,Saturday,3,2025-03-29,Saturday,1,9
0,2.0855172573974983,0.5099999277803821,1,Saturday,3,2025-03-29,Saturday,1,9
0,1.9999998807907104,0.5099998807907105,1,Saturday,3,2025-03-29,Saturday,1,9
0,2.0886079304863316,0.5099998807907105,1,Saturday,3,2025-03-29,Saturday,1,9
0,1.999999880790715,0.5099998807907105,1,Saturday,3,2025-03-29,Saturday,1,9
0,1.999999880790715,0.5099998807907105,1,Saturday,3,2025-03-29,Saturday,1,9
0,1.999999880790715,0.5099998807907105,1,Saturday,3,2025-03-29,Saturday,1,9
0,1.999999880790715,0.5099998807907105,1,Saturday,3,2025-03-29,Saturday,1,9
0,2.000003775197169,0.5099998807907105,1,Saturday,3,2025-03-29,Saturday,1,9
0,31.332955681429105,0.5099998807916264,1,Saturday,3,2025-04-05,Saturday,1,5
0,1.999999880790715,0.5099998807907105,1,Saturday,3,2025-04-05,Saturday,1,5
0,1.9999998807907104,0.5099998807907105,1,Saturday,3,2025-04-05,Saturday,1,5
0,2.0000008335657733,0.5099998807907105,1,Saturday,3,2025-04-05,Saturday,1,5
0,2.010349289613177,0.5099998807907105,1,Saturday,3,2025-04-05,Saturday,1,5
0,1.999999880790715,0.5099998807907105,1,Saturday,3,2025-04-12,Saturday,1,5
0,1.999999880790715,0.5099998807907105,1,Saturday,3,2025-04-12,Saturday,1,5
0,1.999999880790715,0.5099998808216696,1,Saturday,3,2025-04-12,Saturday,1,5
0,30.18901374489066,0.5100737300702036,1,Saturday,3,2025-04-12,Saturday,1,5
0,1.999999880790715,0.5099998807907105,1,Saturday,3,2025-04-12,Saturday,1,5
0,1.999999880790715,0.5099998807907105,1,Saturday,3,2025-04-19,Saturday,1,11
0,1.999999880790715,0.5099998807907105,1,Saturday,3,2025-04-19,Saturday,1,11
0,1.999999880790715,0.5099998807907105,1,Saturday,3,2025-04-19,Saturday,1,11
0,1.999999880790715,0.5099998807907105,1,Saturday,3,2025-04-19,Saturday,1,11
0,1.999999880790715,0.5099998807907105,1,Saturday,3,2025-04-19,Saturday,1,11
0,1.999999880790715,0.5099998807907105,1,Saturday,3,2025-04-19,Saturday,1,11
0,1.999999880790715,0.5099998807907105,1,Saturday,3,2025-04-19,Saturday,1,11
0,1.999999880790715,0.5099998807907105,1,Saturday,3,2025-04-19,Saturday,1,11
0,1.9999998807909871,0.5099998807907105,1,Saturday,3,2025-04-19,Saturday,1,11
0,1.999999880790715,70.36212140805117,1,Saturday,3,2025-04-19,Saturday,1,11
0,13.90134988774977,0.5099998807907105,1,Saturday,3,2025-04-19,Saturday,1,11
0,1.999999880790715,0.5099998807907105,1,Saturday,3,2025-04-26,Saturday,1,9
0,2.017504078997767,0.5099998807907105,1,Saturday,3,2025-04-26,Saturday,1,9
0,1.999999880790715,0.5099998807907105,1,Saturday,3,2025-04-26,Saturday,1,9
0,1.9999998807907104,0.5099998807907105,1,Saturday,3,2025-04-26,Saturday,1,9
0,2.0167577861987356,0.5099998807907105,1,Saturday,3,2025-04-26,Saturday,1,9
0,1.999999880790715,0.5099998807907105,1,Saturday,3,2025-04-26,Saturday,1,9
0,1.999999880790715,0.5099998807907105,1,Saturday,3,2025-04-26,Saturday,1,9
0,2.00000984346639,0.5099998807907105,1,Saturday,3,2025-04-26,Saturday,1,9
0,1.999999880790715,0.5099998807907105,1,Saturday,3,2025-04-26,Saturday,1,9
0,2.0005955555409196,1.6099545922607301,1,Saturday,3,2025-05-03,Saturday,1,5
0,1.999999880790715,0.5099998807907105,1,Saturday,3,2025-05-03,Saturday,1,5
0,1.999999880790715,0.5099998807907105,1,Saturday,3,2025-05-03,Saturday,1,5
0,1.9999998807907104,0.5099998807907105,1,Saturday,3,2025-05-03,Saturday,1,5
0,1.9999998807994683,0.5099998807907105,1,Saturday,3,2025-05-03,Saturday,1,5
0,2.000000528432209,0.5099998807907105,1,Saturday,3,2025-05-10,Saturday,1,2
0,1.999999880790715,0.5099998807907105,1,Saturday,3,2025-05-10,Saturday,1,2
0,1.999999880790715,0.5099998807907105,1,Saturday,3,2025-05-17,Saturday,1,12
0,2.0000012371412996,0.5099998807907105,1,Saturday,3,2025-05-17,Saturday,1,12
0,2.000147451361968,0.5099998807907105,1,Saturday,3,2025-05-17,Saturday,1,12
1,6.860275518768394,0.5099998807907105,1,Saturday,3,2025-05-17,Saturday,1,12
0,1.999999880790715,0.5099998807907105,1,Saturday,3,2025-05-17,Saturday,1,12
0,1.999999880790715,0.5099998807907105,1,Saturday,3,2025-05-17,Saturday,1,12
0,1.999999880790715,0.5099998807907105,1,Saturday,3,2025-05-17,Saturday,1,12
0,1.999999880790715,0.5099998807907105,1,Saturday,3,2025-05-17,Saturday,1,12
0,3.326494595878694,0.5099998807907105,1,Saturday,3,2025-05-17,Saturday,1,12
0,1.999999880790715,0.5099998807907105,1,Saturday,3,2025-05-17,Saturday,1,12
0,1.9999998807907104,0.5099998807907105,1,Saturday,3,2025-05-17,Saturday,1,12
0,1.999999880790715,0.5099998807907105,1,Saturday,3,2025-05-17,Saturday,1,12
0,2.0000000209444893,0.5099998807907105,1,Saturday,3,2025-05-24,Saturday,1,5
0,2.2457218264829706,0.5099998807907105,1,Saturday,3,2025-05-24,Saturday,1,5
0,2.000140199223728,0.5099998807907105,1,Saturday,3,2025-05-24,Saturday,1,5
0,1.999999880790715,0.5099998807907105,1,Saturday,3,2025-05-24,Saturday,1,5
0,1.999999880790715,0.5099998807907105,1,Saturday,3,2025-05-24,Saturday,1,5
0,1.999999880790715,0.5099998807907105,1,Saturday,3,2025-05-31,Saturday,1,6
0,2.0253536794350233,0.5099998807907105,1,Saturday,3,2025-05-31,Saturday,1,6
0,1.999999880790715,1.9315861815924478,1,Saturday,3,2025-05-31,Saturday,1,6
0,2.0202096667064526,0.5099998807907105,1,Saturday,3,2025-05-31,Saturday,1,6
0,1.999999880790715,0.5099998807907105,1,Saturday,3,2025-05-31,Saturday,1,6
0,2.21491504761149,0.5099998807907105,1,Saturday,3,2025-05-31,Saturday,1,6
0,1.999999880790715,0.5099998807907105,1,Saturday,3,2025-06-07,Saturday,1,3
0,2.0000002299838537,0.5099998807907105,1,Saturday,3,2025-06-07,Saturday,1,3
0,1.999999880790715,0.5099998807907105,1,Saturday,3,2025-06-07,Saturday,1,3
0,2.02678191545271,0.5099998808050775,1,Saturday,3,2025-06-14,Saturday,1,3
0,1.999999880790715,0.5099998807907105,1,Saturday,3,2025-06-14,Saturday,1,3
0,1.999999880790715,0.5099998807907105,1,Saturday,3,2025-06-14,Saturday,1,3
0,1.999999880790715,0.5099998807907105,1,Saturday,3,2025-06-21,Saturday,1,10
0,70.40833278881924,0.5099998807907178,1,Saturday,3,2025-06-21,Saturday,1,10
0,2.7490954945722295,0.5099998807907105,1,Saturday,3,2025-06-21,Saturday,1,10
0,1.999999880790715,0.5099998807907105,1,Saturday,3,2025-06-21,Saturday,1,10
0,1.999999880790715,0.5099998807907105,1,Saturday,3,2025-06-21,Saturday,1,10
0,1.999999880790715,0.5099998807907105,1,Saturday,3,2025-06-21,Saturday,1,10
0,1.999999880790715,85.68000011920931,1,Saturday,3,2025-06-21,Saturday,1,10
0,1.9999998807909132,0.5099998807907105,1,Saturday,3,2025-06-21,Saturday,1,10
0,1.999999880790715,0.5099998807907105,1,Saturday,3,2025-06-21,Saturday,1,10
0,1.9999998807907104,0.5099998807907105,1,Saturday,3,2025-06-21,Saturday,1,10
23,1.999999880790715,0.5099998807907105,1,Sunday,3,2025-03-23,Sunday,1,11
23,1.999999880790715,0.5099998807907105,1,Sunday,3,2025-03-23,Sunday,1,11
23,1.999999880790715,0.5099998807907105,1,Sunday,3,2025-03-23,Sunday,1,11
23,1.999999880790715,0.5099998807907105,1,Sunday,3,2025-03-23,Sunday,1,11
23,1.999999880790715,0.5099998807907105,1,Sunday,3,2025-03-23,Sunday,1,11
0,1.9999998807907104,0.5099998807907105,1,Sunday,3,2025-03-23,Sunday,1,11
23,1.999999880790715,0.5099998807907105,1,Sunday,3,2025-03-23,Sunday,1,11
23,1.99999988079073,0.5099998807907105,1,Sunday,3,2025-03-23,Sunday,1,11
23,1.999999880790715,0.5099998807907105,1,Sunday,3,2025-03-23,Sunday,1,11
23,1.9999998807907104,0.5099998807907105,1,Sunday,3,2025-03-23,Sunday,1,11
23,1.999999880790715,0.5099998807907105,1,Sunday,3,2025-03-23,Sunday,1,11
23,1.999999880790715,0.5099998807907105,1,Sunday,3,2025-03-30,Sunday,1,10
23,1.999999880790715,0.5099998807907105,1,Sunday,3,2025-03-30,Sunday,1,10
23,1.9999998807907104,0.5099998807907105,1,Sunday,3,2025-03-30,Sunday,1,10
23,1.999999880790715,0.5099998807907105,1,Sunday,3,2025-03-30,Sunday,1,10
23,1.999999880790715,0.5099998807907105,1,Sunday,3,2025-03-30,Sunday,1,10
20,1.999999880790715,0.5099998807907105,1,Sunday,3,2025-03-30,Sunday,1,10
23,1.999999880790715,0.5099998807907105,1,Sunday,3,2025-03-30,Sunday,1,10
22,1.999999880790715,0.5099998807907105,1,Sunday,3,2025-03-30,Sunday,1,10
23,1.999999880790715,0.5099998807907105,1,Sunday,3,2025-03-30,Sunday,1,10
23,1.999999880790715,0.5099998807907105,1,Sunday,3,2025-03-30,Sunday,1,10
23,1.999999880790715,0.5099998807907105,1,Sunday,3,2025-04-06,Sunday,1,10
23,1.999999880790715,0.5099998807907105,1,Sunday,3,2025-04-06,Sunday,1,10
23,1.999999880790715,0.5099998807907105,1,Sunday,3,2025-04-06,Sunday,1,10
23,1.999999880790715,0.5099998807907105,1,Sunday,3,2025-04-06,Sunday,1,10
19,1.999999880790715,0.5099998807907105,1,Sunday,3,2025-04-06,Sunday,1,10
23,1.999999880790715,0.5099998807907105,1,Sunday,3,2025-04-06,Sunday,1,10
23,1.999999880790715,0.5099998807907105,1,Sunday,3,2025-04-06,Sunday,1,10
20,1.9999998807907104,0.5099998807907105,1,Sunday,3,2025-04-06,Sunday,1,10
23,1.999999880790715,0.5099998807907105,1,Sunday,3,2025-04-06,Sunday,1,10
23,1.999999880790715,0.5099998807907105,1,Sunday,3,2025-04-06,Sunday,1,10
18,1.9999998852527272,0.5099998807907105,1,Sunday,3,2025-04-13,Sunday,1,4
18,1.999999880790715,0.5099998807907105,1,Sunday,3,2025-04-13,Sunday,1,4
23,1.999999880790715,0.5099998807907105,1,Sunday,3,2025-04-13,Sunday,1,4
23,1.999999880790715,0.5099998807907105,1,Sunday,3,2025-04-13,Sunday,1,4
23,1.999999880790715,0.5099998807907105,1,Sunday,3,2025-04-20,Sunday,1,6
22,1.999999880790715,0.5099998807907105,1,Sunday,3,2025-04-20,Sunday,1,6
22,1.999999880790715,0.5099998807907105,1,Sunday,3,2025-04-20,Sunday,1,6
20,1.9999998807907104,0.5099998807907105,1,Sunday,3,2025-04-20,Sunday,1,6
23,1.999999880790715,0.5099998807907105,1,Sunday,3,2025-04-20,Sunday,1,6
22,1.999999880790715,0.5099998807907105,1,Sunday,3,2025-04-20,Sunday,1,6
23,1.9999998807907104,0.5099998807907105,1,Sunday,3,2025-04-27,Sunday,1,7
23,1.9999998807907104,0.5099998807907105,1,Sunday,3,2025-04-27,Sunday,1,7
23,1.999999880790715,0.5099998807907105,1,Sunday,3,2025-04-27,Sunday,1,7
23,1.999999880790715,0.5099998807907105,1,Sunday,3,2025-04-27,Sunday,1,7
23,1.999999880790715,0.5099998807907105,1,Sunday,3,2025-04-27,Sunday,1,7
9,1.999999880790715,0.5099998807907105,1,Sunday,3,2025-04-27,Sunday,1,7
23,1.999999880790715,0.5099998807907105,1,Sunday,3,2025-04-27,Sunday,1,7
23,1.999999880790715,0.5099998807907105,1,Sunday,3,2025-05-04,Sunday,1,10
23,1.999999880790715,0.5099998807907105,1,Sunday,3,2025-05-04,Sunday,1,10
23,1.999999880790715,0.5099998807907105,1,Sunday,3,2025-05-04,Sunday,1,10
23,1.999999880790715,0.5099998807907105,1,Sunday,3,2025-05-04,Sunday,1,10
23,1.999999880790715,0.5099998807907105,1,Sunday,3,2025-05-04,Sunday,1,10
11,1.999999880790715,0.5099998807907105,1,Sunday,3,2025-05-04,Sunday,1,10
23,1.999999880790715,0.5099998807907105,1,Sunday,3,2025-05-04,Sunday,1,10
22,1.999999880790715,0.5099998807907105,1,Sunday,3,2025-05-04,Sunday,1,10
23,1.999999880790715,0.5099998807907105,1,Sunday,3,2025-05-04,Sunday,1,10
23,1.999999880790715,0.5099998807907105,1,Sunday,3,2025-05-04,Sunday,1,10
23,1.9999998807907104,0.5099998807907105,1,Sunday,3,2025-05-11,Sunday,1,4
23,1.9999998807907104,0.5099998807907105,1,Sunday,3,2025-05-11,Sunday,1,4
23,1.999999880790715,0.5099998807907105,1,Sunday,3,2025-05-11,Sunday,1,4
23,1.9999998807907104,0.5099998807907105,1,Sunday,3,2025-05-11,Sunday,1,4
23,1.999999880790715,0.5099998807907105,1,Sunday,3,2025-05-18,Sunday,1,10
15,1.999999880790715,0.5099998807907105,1,Sunday,3,2025-05-18,Sunday,1,10
23,1.999999880790715,0.5099999328475066,1,Sunday,3,2025-05-18,Sunday,1,10
23,1.999999880790715,0.5099998807907105,1,Sunday,3,2025-05-18,Sunday,1,10
15,1.999999880790715,0.5099998807907105,1,Sunday,3,2025-05-18,Sunday,1,10
23,1.999999880790715,0.5099998807907105,1,Sunday,3,2025-05-18,Sunday,1,10
23,1.999999880790715,0.5099998807907105,1,Sunday,3,2025-05-18,Sunday,1,10
23,1.999999880790715,0.5099998807907105,1,Sunday,3,2025-05-18,Sunday,1,10
23,1.999999880790715,0.5099998807907105,1,Sunday,3,2025-05-18,Sunday,1,10
23,1.9999998807907104,0.5099998807907105,1,Sunday,3,2025-05-18,Sunday,1,10
23,1.999999880790715,0.5099998807907105,1,Sunday,3,2025-05-25,Sunday,1,5
22,1.999999880790715,0.5099998807907105,1,Sunday,3,2025-05-25,Sunday,1,5
23,1.9999998807907104,0.5099998807907105,1,Sunday,3,2025-05-25,Sunday,1,5
12,1.999999880790715,0.5099998807907105,1,Sunday,3,2025-05-25,Sunday,1,5
23,1.999999880790715,0.5099998807907105,1,Sunday,3,2025-05-25,Sunday,1,5
23,1.9999998807912007,0.5099998807907105,1,Sunday,3,2025-06-01,Sunday,1,9
23,1.999999880790715,0.5099998807907105,1,Sunday,3,2025-06-01,Sunday,1,9
23,1.999999880790715,0.5099998807907105,1,Sunday,3,2025-06-01,Sunday,1,9
23,1.999999880790715,0.5099998807907105,1,Sunday,3,2025-06-01,Sunday,1,9
23,1.999999880790715,0.5099998807907105,1,Sunday,3,2025-06-01,Sunday,1,9
23,1.999999880790715,0.5099998807907105,1,Sunday,3,2025-06-01,Sunday,1,9
23,1.999999880790715,0.5099998807907105,1,Sunday,3,2025-06-01,Sunday,1,9
23,1.999999880790715,0.5099998807907105,1,Sunday,3,2025-06-01,Sunday,1,9
23,1.999999880790715,0.5099998807907105,1,Sunday,3,2025-06-01,Sunday,1,9
23,1.999999880790715,0.5099998807907105,1,Sunday,3,2025-06-08,Sunday,1,7
23,1.999999880790715,0.5099998807907105,1,Sunday,3,2025-06-08,Sunday,1,7
23,1.999999880790715,0.5099998807907105,1,Sunday,3,2025-06-08,Sunday,1,7
18,1.999999880790715,0.5099998807907105,1,Sunday,3,2025-06-08,Sunday,1,7
23,1.999999880790715,0.5099998807907105,1,Sunday,3,2025-06-08,Sunday,1,7
23,1.9999998807907104,0.5099998807907105,1,Sunday,3,2025-06-08,Sunday,1,7
23,1.999999880790715,0.5099998807907105,1,Sunday,3,2025-06-08,Sunday,1,7
17,1.999999880790715,0.5099998807907105,1,Sunday,3,2025-06-15,Sunday,1,10
23,1.999999880790715,0.5099998807907105,1,Sunday,3,2025-06-15,Sunday,1,10
23,1.999999880790715,0.5099998807907105,1,Sunday,3,2025-06-15,Sunday,1,10
15,1.9999998807907104,0.5099998807907105,1,Sunday,3,2025-06-15,Sunday,1,10
23,1.999999880790715,0.5099998807907105,1,Sunday,3,2025-06-15,Sunday,1,10
0,1.999999880790715,0.5099998807907105,1,Sunday,3,2025-06-15,Sunday,1,10
23,1.999999880790715,0.5099998807907105,1,Sunday,3,2025-06-15,Sunday,1,10
23,1.999999880790715,0.5099998807907105,1,Sunday,3,2025-06-15,Sunday,1,10
23,1.999999880790715,0.5099998807907105,1,Sunday,3,2025-06-15,Sunday,1,10
23,1.999999880790715,0.5099998807907105,1,Sunday,3,2025-06-15,Sunday,1,10
2,104.54013873868774,0.5099998807907105,1,Mon-Th,3,2025-03-24,Mon-Th,1,9
0,28.291833038908766,0.5099998807907105,1,Mon-Th,3,2025-03-24,Mon-Th,1,9
0,73.69552823362729,0.5099998807907105,1,Mon-Th,3,2025-03-24,Mon-Th,1,9
0,119.9167001192093,31.24276611659055,1,Mon-Th,3,2025-03-24,Mon-Th,1,9
0,53.97383579958771,16.796427753956525,1,Mon-Th,3,2025-03-24,Mon-Th,1,9
0,30.457454447650132,0.5099998807907105,1,Mon-Th,3,2025-03-24,Mon-Th,1,9
0,119.9167001192093,0.5099998807907105,1,Mon-Th,3,2025-03-24,Mon-Th,1,9
1,17.545720635029905,1.7531100044812193,1,Mon-Th,3,2025-03-24,Mon-Th,1,9
0,119.9167001192093,0.5099998807907105,1,Mon-Th,3,2025-03-24,Mon-Th,1,9
4,32.354748255783676,0.5099998832649849,1,Mon-Th,3,2025-03-25,Mon-Th,1,7
0,114.54535305311667,0.5099998807907105,1,Mon-Th,3,2025-03-25,Mon-Th,1,7
0,119.9167001192093,7.620491967499816,1,Mon-Th,3,2025-03-25,Mon-Th,1,7
0,55.85028395970157,47.94417125757794,1,Mon-Th,3,2025-03-25,Mon-Th,1,7
0,67.0451172815929,0.5099998807918804,1,Mon-Th,3,2025-03-25,Mon-Th,1,7
0,119.9167001192093,0.5099998807907105,1,Mon-Th,3,2025-03-25,Mon-Th,1,7
0,119.9167001192093,0.5127128696819576,1,Mon-Th,3,2025-03-25,Mon-Th,1,7
0,19.18576695391257,0.5099998807907105,1,Mon-Th,3,2025-03-26,Mon-Th,1,9
0,119.9167001192093,0.5099998807907105,1,Mon-Th,3,2025-03-26,Mon-Th,1,9
0,39.88900210298784,28.857162490762764,1,Mon-Th,3,2025-03-26,Mon-Th,1,9
0,119.9167001192093,0.5099998807907105,1,Mon-Th,3,2025-03-26,Mon-Th,1,9
0,119.9167001192093,0.5099998807907105,1,Mon-Th,3,2025-03-26,Mon-Th,1,9
0,64.8817784855514,30.829043045484198,1,Mon-Th,3,2025-03-26,Mon-Th,1,9
0,66.2748152525512,0.5099998807907105,1,Mon-Th,3,2025-03-26,Mon-Th,1,9
0,119.9166973018646,0.5100119617497677,1,Mon-Th,3,2025-03-26,Mon-Th,1,9
1,98.3368522869937,0.5099998807907105,1,Mon-Th,3,2025-03-26,Mon-Th,1,9
0,85.93880279655815,15.176887329792942,1,Mon-Th,3,2025-03-27,Mon-Th,1,8
0,45.15640418503228,0.5099998807907105,1,Mon-Th,3,2025-03-27,Mon-Th,1,8
0,60.14570882039452,0.5198126193013404,1,Mon-Th,3,2025-03-27,Mon-Th,1,8
0,21.458643331400044,0.5247511147394127,1,Mon-Th,3,2025-03-27,Mon-Th,1,8
0,24.897727759964354,0.5101475243895762,1,Mon-Th,3,2025-03-27,Mon-Th,1,8
0,119.9167001192093,3.5200336377951755,1,Mon-Th,3,2025-03-27,Mon-Th,1,8
23,119.9167001192093,0.5099998807907105,1,Mon-Th,3,2025-03-27,Mon-Th,1,8
0,119.9167001192093,0.5099998807907105,1,Mon-Th,3,2025-03-27,Mon-Th,1,8
0,30.347529326839314,4.156240553094245,1,Mon-Th,3,2025-03-31,Mon-Th,1,6
0,44.66419687124342,0.5123314703720645,1,Mon-Th,3,2025-03-31,Mon-Th,1,6
0,12.562320137275197,0.5100318564304416,1,Mon-Th,3,2025-03-31,Mon-Th,1,6
0,119.91625224952965,0.5099998807907105,1,Mon-Th,3,2025-03-31,Mon-Th,1,6
0,30.691849994941308,0.6386667789324623,1,Mon-Th,3,2025-03-31,Mon-Th,1,6
0,39.14088806770563,0.5099998807907105,1,Mon-Th,3,2025-03-31,Mon-Th,1,6
0,11.16433327453722,0.5099998807907105,1,Mon-Th,3,2025-04-01,Mon-Th,1,5
0,40.83373916399111,0.5099998807907105,1,Mon-Th,3,2025-04-01,Mon-Th,1,5
0,119.9167001192093,0.5099998807907105,1,Mon-Th,3,2025-04-01,Mon-Th,1,5
1,24.362156547902273,0.5099998807907105,1,Mon-Th,3,2025-04-01,Mon-Th,1,5
0,56.48295773341156,0.5099998807907105,1,Mon-Th,3,2025-04-01,Mon-Th,1,5
12,66.24449117917842,0.5100750946357476,1,Mon-Th,3,2025-04-02,Mon-Th,1,3
7,119.9167001192093,0.5099998807907105,1,Mon-Th,3,2025-04-02,Mon-Th,1,3
0,119.91062456712548,0.5099998824852582,1,Mon-Th,3,2025-04-02,Mon-Th,1,3
0,119.9167001192093,0.5287309050930725,1,Mon-Th,3,2025-04-03,Mon-Th,1,6
0,54.75467704169487,0.5099998807907105,1,Mon-Th,3,2025-04-03,Mon-Th,1,6
0,119.9167001192093,0.5107753206551972,1,Mon-Th,3,2025-04-03,Mon-Th,1,6
4,110.98648665257087,19.18008682113058,1,Mon-Th,3,2025-04-03,Mon-Th,1,6
0,119.9167001192093,3.847964471547008,1,Mon-Th,3,2025-04-03,Mon-Th,1,6
0,34.49635764298221,0.5099998807907105,1,Mon-Th,3,2025-04-03,Mon-Th,1,6
0,56.83996156129195,0.5100000652404437,1,Mon-Th,3,2025-04-07,Mon-Th,1,8
0,119.9167001192093,0.7107899212600496,1,Mon-Th,3,2025-04-07,Mon-Th,1,8
0,30.756865826740825,4.614324336054254,1,Mon-Th,3,2025-04-07,Mon-Th,1,8
0,64.09180841932694,0.5099998807907105,1,Mon-Th,3,2025-04-07,Mon-Th,1,8
11,27.50657719395398,0.5101928112549775,1,Mon-Th,3,2025-04-07,Mon-Th,1,8
0,8.787494802088055,0.5099998807907105,1,Mon-Th,3,2025-04-07,Mon-Th,1,8
1,119.91670815767208,0.5099998807907105,1,Mon-Th,3,2025-04-07,Mon-Th,1,8
5,22.62268574942524,0.5099998807907105,1,Mon-Th,3,2025-04-07,Mon-Th,1,8
0,119.91670815767208,0.5099998807907105,1,Mon-Th,3,2025-04-08,Mon-Th,1,7
0,72.23271077859538,0.5099998807907105,1,Mon-Th,3,2025-04-08,Mon-Th,1,7
2,28.197940402958636,0.5099998807907105,1,Mon-Th,3,2025-04-08,Mon-Th,1,7
0,77.72159711894467,0.5099998807934509,1,Mon-Th,3,2025-04-08,Mon-Th,1,7
0,24.29451759644298,0.5354962258624036,1,Mon-Th,3,2025-04-08,Mon-Th,1,7
0,119.9167001192093,0.7827583301902435,1,Mon-Th,3,2025-04-08,Mon-Th,1,7
0,25.1601805971173,0.5099998807907105,1,Mon-Th,3,2025-04-08,Mon-Th,1,7
0,32.577757469797824,0.5099998807907105,1,Mon-Th,3,2025-04-09,Mon-Th,1,9
0,27.963492976009373,0.5099998867695099,1,Mon-Th,3,2025-04-09,Mon-Th,1,9
0,30.364938390922923,0.5099998807907105,1,Mon-Th,3,2025-04-09,Mon-Th,1,9
0,119.9166701625277,0.5099998807907105,1,Mon-Th,3,2025-04-09,Mon-Th,1,9
0,111.30598466578866,0.5099998807907105,1,Mon-Th,3,2025-04-09,Mon-Th,1,9
9,32.643845374073805,0.5100009577470872,1,Mon-Th,3,2025-04-09,Mon-Th,1,9
0,119.9167001192093,0.5105843598256524,1,Mon-Th,3,2025-04-09,Mon-Th,1,9
7,36.19884795693516,0.5099998807907105,1,Mon-Th,3,2025-04-09,Mon-Th,1,9
2,19.918368711951207,1.185321705085961,1,Mon-Th,3,2025-04-09,Mon-Th,1,9
5,13.53420931607516,0.5099998807907105,1,Mon-Th,3,2025-04-10,Mon-Th,1,7
0,26.284206492554862,0.5099998807907105,1,Mon-Th,3,2025-04-10,Mon-Th,1,7
4,13.720631818638978,0.5099998807908008,1,Mon-Th,3,2025-04-10,Mon-Th,1,7
0,21.66317806794867,0.5112266619374013,1,Mon-Th,3,2025-04-10,Mon-Th,1,7
0,31.77253821646889,0.5099998807907105,1,Mon-Th,3,2025-04-10,Mon-Th,1,7
1,57.61499917122662,0.5099998807907105,1,Mon-Th,3,2025-04-10,Mon-Th,1,7
7,119.9167001192093,0.5100784872655896,1,Mon-Th,3,2025-04-10,Mon-Th,1,7
1,29.550874542708506,0.5099998807907105,1,Mon-Th,3,2025-04-14,Mon-Th,1,5
0,24.165567607928494,0.5099998851553998,1,Mon-Th,3,2025-04-14,Mon-Th,1,5
0,119.9167001192093,0.5099998807909987,1,Mon-Th,3,2025-04-14,Mon-Th,1,5
4,36.04656542450344,0.5099998807907105,1,Mon-Th,3,2025-04-14,Mon-Th,1,5
0,119.91670272976313,3.7206498900204172,1,Mon-Th,3,2025-04-14,Mon-Th,1,5
0,119.9167001192093,2.867380298012752,1,Mon-Th,3,2025-04-15,Mon-Th,1,11
0,89.24822237356489,0.5099998807907105,1,Mon-Th,3,2025-04-15,Mon-Th,1,11
0,10.109597763794309,0.5099998807907105,1,Mon-Th,3,2025-04-15,Mon-Th,1,11
0,61.240120883797246,0.5237623789193248,1,Mon-Th,3,2025-04-15,Mon-Th,1,11
2,100.53975028921423,0.5099998807907105,1,Mon-Th,3,2025-04-15,Mon-Th,1,11
9,27.952803130546457,0.5100021149404429,1,Mon-Th,3,2025-04-15,Mon-Th,1,11
1,119.88268460496265,0.5099998807907105,1,Mon-Th,3,2025-04-15,Mon-Th,1,11
0,119.9167001192093,0.5099998822260732,1,Mon-Th,3,2025-04-15,Mon-Th,1,11
0,119.52136733406948,0.5101815123760274,1,Mon-Th,3,2025-04-15,Mon-Th,1,11
0,46.500856724440446,0.5099998807907105,1,Mon-Th,3,2025-04-15,Mon-Th,1,11
0,83.28096433689159,0.5099998807907105,1,Mon-Th,3,2025-04-15,Mon-Th,1,11
0,119.9167001192093,6.0379632798966405,1,Mon-Th,3,2025-04-16,Mon-Th,1,12
0,24.144212907261966,0.5099998807907105,1,Mon-Th,3,2025-04-16,Mon-Th,1,12
0,119.9167001192093,6.884225757191098,1,Mon-Th,3,2025-04-16,Mon-Th,1,12
0,119.9167001192093,0.5099998807907105,1,Mon-Th,3,2025-04-16,Mon-Th,1,12
0,99.95828255980125,0.5584561136795649,1,Mon-Th,3,2025-04-16,Mon-Th,1,12
4,51.39302601187685,0.5099998815158195,1,Mon-Th,3,2025-04-16,Mon-Th,1,12
0,32.82876604107783,0.5099998807907105,1,Mon-Th,3,2025-04-16,Mon-Th,1,12
0,16.621115592712297,0.5099998807907105,1,Mon-Th,3,2025-04-16,Mon-Th,1,12
0,119.9167001192093,1.7887063404137271,1,Mon-Th,3,2025-04-16,Mon-Th,1,12
0,62.3311256229389,0.5099998807907105,1,Mon-Th,3,2025-04-16,Mon-Th,1,12
3,37.07015013677667,0.5099998807907105,1,Mon-Th,3,2025-04-16,Mon-Th,1,12
3,20.133669686933217,0.5100982738588811,1,Mon-Th,3,2025-04-16,Mon-Th,1,12
0,17.633283380920584,0.5099998807907105,1,Mon-Th,3,2025-04-17,Mon-Th,1,10
0,1.9999998807907104,0.5099998807907105,1,Mon-Th,3,2025-04-17,Mon-Th,1,10
8,21.75288342879686,0.5099998807908301,1,Mon-Th,3,2025-04-17,Mon-Th,1,10
2,19.181511127803564,1.040764119574964,1,Mon-Th,3,2025-04-17,Mon-Th,1,10
0,43.84340158105543,1.3580105247229866,1,Mon-Th,3,2025-04-17,Mon-Th,1,10
0,27.008106080303016,1.1474720250522399,1,Mon-Th,3,2025-04-17,Mon-Th,1,10
0,63.25150530196877,0.9030012239742007,1,Mon-Th,3,2025-04-17,Mon-Th,1,10
0,23.650734108929353,3.1800397494195334,1,Mon-Th,3,2025-04-17,Mon-Th,1,10
3,30.77664434781491,0.92572882939865,1,Mon-Th,3,2025-04-17,Mon-Th,1,10
0,119.9167001192093,0.5099998807907105,1,Mon-Th,3,2025-04-17,Mon-Th,1,10
0,15.4225750513999,0.5099998807907105,1,Mon-Th,3,2025-04-21,Mon-Th,1,6
0,26.578272273681545,0.5100000981834083,1,Mon-Th,3,2025-04-21,Mon-Th,1,6
2,106.04688459069109,0.5099998807907105,1,Mon-Th,3,2025-04-21,Mon-Th,1,6
0,17.116182231913818,0.5100203725937914,1,Mon-Th,3,2025-04-21,Mon-Th,1,6
0,24.2206573575632,1.1780545728948395,1,Mon-Th,3,2025-04-21,Mon-Th,1,6
0,16.46563136588214,0.5500832806909927,1,Mon-Th,3,2025-04-21,Mon-Th,1,6
0,119.9167001192093,0.5099998807907105,1,Mon-Th,3,2025-04-22,Mon-Th,1,11
0,43.65856873148903,0.5099998807907105,1,Mon-Th,3,2025-04-22,Mon-Th,1,11
0,69.77408774832824,0.5099998807907105,1,Mon-Th,3,2025-04-22,Mon-Th,1,11
8,19.328287477693042,0.5099998807907105,1,Mon-Th,3,2025-04-22,Mon-Th,1,11
0,88.62083258787058,1.0793088464185452,1,Mon-Th,3,2025-04-22,Mon-Th,1,11
0,119.9167001192093,0.5099999710638654,1,Mon-Th,3,2025-04-22,Mon-Th,1,11
1,86.40123264614566,0.5099998807907105,1,Mon-Th,3,2025-04-22,Mon-Th,1,11
0,87.30904081557284,0.5099998807907105,1,Mon-Th,3,2025-04-22,Mon-Th,1,11
0,119.5384868669101,0.5100615806154551,1,Mon-Th,3,2025-04-22,Mon-Th,1,11
0,35.687219194292034,10.472087972061422,1,Mon-Th,3,2025-04-22,Mon-Th,1,11
0,118.3493300248816,0.5099998807907105,1,Mon-Th,3,2025-04-22,Mon-Th,1,11
0,49.67742558136681,0.8764361665785498,1,Mon-Th,3,2025-04-23,Mon-Th,1,11
0,119.9167001192093,2.219042564903143,1,Mon-Th,3,2025-04-23,Mon-Th,1,11
0,31.91758547315538,0.5099998824437326,1,Mon-Th,3,2025-04-23,Mon-Th,1,11
0,28.983521436506432,10.789998454407412,1,Mon-Th,3,2025-04-23,Mon-Th,1,11
0,47.70048210890541,0.5099998807910329,1,Mon-Th,3,2025-04-23,Mon-Th,1,11
0,43.967668898458044,3.680123814567489,1,Mon-Th,3,2025-04-23,Mon-Th,1,11
0,34.16294216811849,0.5099998807907105,1,Mon-Th,3,2025-04-23,Mon-Th,1,11
0,100.11982876154597,0.5099998807907105,1,Mon-Th,3,2025-04-23,Mon-Th,1,11
2,90.7852184513841,0.5099998892426071,1,Mon-Th,3,2025-04-23,Mon-Th,1,11
13,18.771818116107525,0.5099998807907105,1,Mon-Th,3,2025-04-23,Mon-Th,1,11
1,76.96756158303086,0.5099998807907105,1,Mon-Th,3,2025-04-23,Mon-Th,1,11
0,119.9167001192093,4.982242920327191,1,Mon-Th,3,2025-04-24,Mon-Th,1,8
0,119.9167001192093,0.5099998807907105,1,Mon-Th,3,2025-04-24,Mon-Th,1,8
0,25.944031122934252,0.5099999157010079,1,Mon-Th,3,2025-04-24,Mon-Th,1,8
0,119.91651275949444,0.5099998807907105,1,Mon-Th,3,2025-04-24,Mon-Th,1,8
1,22.70701307645044,0.5120425167591017,1,Mon-Th,3,2025-04-24,Mon-Th,1,8
0,35.99229590543844,3.3542252856582504,1,Mon-Th,3,2025-04-24,Mon-Th,1,8
0,119.9167001192093,0.5099998807907105,1,Mon-Th,3,2025-04-24,Mon-Th,1,8
0,85.49901620229909,2.590391301868543,1,Mon-Th,3,2025-04-24,Mon-Th,1,8
5,18.96642373214756,1.0324441258993082,1,Mon-Th,3,2025-04-28,Mon-Th,1,9
0,119.9167001192093,7.734615746118932,1,Mon-Th,3,2025-04-28,Mon-Th,1,9
0,57.84635986927258,3.7861902856145235,1,Mon-Th,3,2025-04-28,Mon-Th,1,9
0,25.40779746993715,3.792347870088564,1,Mon-Th,3,2025-04-28,Mon-Th,1,9
1,19.69723885755117,0.5099999192121889,1,Mon-Th,3,2025-04-28,Mon-Th,1,9
0,21.816245810047196,0.5100048285235516,1,Mon-Th,3,2025-04-28,Mon-Th,1,9
0,19.89007053697863,0.5099998807907105,1,Mon-Th,3,2025-04-28,Mon-Th,1,9
0,58.83224626264138,0.5099998807982408,1,Mon-Th,3,2025-04-28,Mon-Th,1,9
0,87.56799174976726,0.5099998807907105,1,Mon-Th,3,2025-04-28,Mon-Th,1,9
0,119.9167001192093,0.5099998810254139,1,Mon-Th,3,2025-04-29,Mon-Th,1,12
0,119.9125642599699,0.5099998807907105,1,Mon-Th,3,2025-04-29,Mon-Th,1,12
0,119.9167001192093,0.5099998807907105,1,Mon-Th,3,2025-04-29,Mon-Th,1,12
0,119.9167001192093,0.5099998888359073,1,Mon-Th,3,2025-04-29,Mon-Th,1,12
0,119.8589288281506,0.5099998807907105,1,Mon-Th,3,2025-04-29,Mon-Th,1,12
0,18.604701393392027,0.512566146144092,1,Mon-Th,3,2025-04-29,Mon-Th,1,12
0,119.9167001192093,0.509999880841376,1,Mon-Th,3,2025-04-29,Mon-Th,1,12
0,18.999901563648667,0.5099998807907105,1,Mon-Th,3,2025-04-29,Mon-Th,1,12
0,44.92885310427781,0.5825989103521296,1,Mon-Th,3,2025-04-29,Mon-Th,1,12
4,25.718321796819247,0.5099998807915116,1,Mon-Th,3,2025-04-29,Mon-Th,1,12
0,20.70310226722344,0.509999880791006,1,Mon-Th,3,2025-04-29,Mon-Th,1,12
0,119.54308982962682,0.5099998807907105,1,Mon-Th,3,2025-04-29,Mon-Th,1,12
8,119.89822135268295,0.5099998807907105,1,Mon-Th,3,2025-04-30,Mon-Th,1,5
0,29.76644659810494,0.509999880797105,1,Mon-Th,3,2025-04-30,Mon-Th,1,5
0,119.9167001192093,0.5109808442388911,1,Mon-Th,3,2025-04-30,Mon-Th,1,5
0,119.11664580507845,0.509999938708898,1,Mon-Th,3,2025-04-30,Mon-Th,1,5
0,18.714660207874097,0.5099998807916801,1,Mon-Th,3,2025-04-30,Mon-Th,1,5
0,83.95381494425003,0.5099998807907105,1,Mon-Th,3,2025-05-01,Mon-Th,1,9
0,95.93358119001027,0.5099998807907105,1,Mon-Th,3,2025-05-01,Mon-Th,1,9
0,18.76083722048724,11.875458055374322,1,Mon-Th,3,2025-05-01,Mon-Th,1,9
0,119.9167001192093,0.5099998807907105,1,Mon-Th,3,2025-05-01,Mon-Th,1,9
0,119.9167001192093,0.7387952473269634,1,Mon-Th,3,2025-05-01,Mon-Th,1,9
0,63.52782183885959,0.5099998807907105,1,Mon-Th,3,2025-05-01,Mon-Th,1,9
0,119.9167001192093,0.5099998807907105,1,Mon-Th,3,2025-05-01,Mon-Th,1,9
0,119.9167001192093,0.5099998807907105,1,Mon-Th,3,2025-05-01,Mon-Th,1,9
0,27.915413928245847,0.5101976272583827,1,Mon-Th,3,2025-05-01,Mon-Th,1,9
0,119.91665930686563,0.5099998807907105,1,Mon-Th,3,2025-05-05,Mon-Th,1,6
0,90.05680852895156,0.5099998807907105,1,Mon-Th,3,2025-05-05,Mon-Th,1,6
10,17.82562465889534,1.5450272619137644,1,Mon-Th,3,2025-05-05,Mon-Th,1,6
0,19.14759111592661,0.5099998807918975,1,Mon-Th,3,2025-05-05,Mon-Th,1,6
0,28.38792233798408,0.5099998807907105,1,Mon-Th,3,2025-05-05,Mon-Th,1,6
2,114.53707986912006,0.5099998807907105,1,Mon-Th,3,2025-05-05,Mon-Th,1,6
0,29.218871020686155,0.516517807579984,1,Mon-Th,3,2025-05-06,Mon-Th,1,8
0,119.9167001192093,85.68000011920931,1,Mon-Th,3,2025-05-06,Mon-Th,1,8
0,23.38337311210722,0.5100004429436593,1,Mon-Th,3,2025-05-06,Mon-Th,1,8
0,119.91665387905017,0.5099999216395373,1,Mon-Th,3,2025-05-06,Mon-Th,1,8
6,44.36801284417416,0.5099998807907105,1,Mon-Th,3,2025-05-06,Mon-Th,1,8
0,28.247324540291196,0.5099998808332766,1,Mon-Th,3,2025-05-06,Mon-Th,1,8
0,41.609102856201254,0.5099998807907105,1,Mon-Th,3,2025-05-06,Mon-Th,1,8
0,62.6627678446431,0.5099998807907105,1,Mon-Th,3,2025-05-06,Mon-Th,1,8
1,14.95080455024063,0.5099998807907105,1,Mon-Th,3,2025-05-07,Mon-Th,1,9
0,45.12863058015764,0.5101177882549183,1,Mon-Th,3,2025-05-07,Mon-Th,1,9
0,18.703795562161048,0.5205567115099116,1,Mon-Th,3,2025-05-07,Mon-Th,1,9
0,65.06289695169097,0.5099998836875734,1,Mon-Th,3,2025-05-07,Mon-Th,1,9
0,101.0744710453242,0.5099999403477731,1,Mon-Th,3,2025-05-07,Mon-Th,1,9
0,17.549973237657568,1.1998981700692062,1,Mon-Th,3,2025-05-07,Mon-Th,1,9
0,61.36978418709706,0.5120818249855448,1,Mon-Th,3,2025-05-07,Mon-Th,1,9
0,44.40493502799189,0.5099998891144545,1,Mon-Th,3,2025-05-07,Mon-Th,1,9
0,26.768324763662896,4.973211965130106,1,Mon-Th,3,2025-05-07,Mon-Th,1,9
3,36.13640120827909,0.5099998807907105,1,Mon-Th,3,2025-05-08,Mon-Th,1,12
1,69.65919632657096,0.5099998807907105,1,Mon-Th,3,2025-05-08,Mon-Th,1,12
0,92.93372850149383,0.5678348600555103,1,Mon-Th,3,2025-05-08,Mon-Th,1,12
0,119.9167001192093,0.5099998807907105,1,Mon-Th,3,2025-05-08,Mon-Th,1,12
0,119.9167001192093,0.6540843183784205,1,Mon-Th,3,2025-05-08,Mon-Th,1,12
0,119.9167001192093,0.5099998807907105,1,Mon-Th,3,2025-05-08,Mon-Th,1,12
0,119.9167001192093,0.5101302119966133,1,Mon-Th,3,2025-05-08,Mon-Th,1,12
4,9.631447963035365,0.5099998808144592,1,Mon-Th,3,2025-05-08,Mon-Th,1,12
0,32.70359771491316,0.5699554012086179,1,Mon-Th,3,2025-05-08,Mon-Th,1,12
0,45.36514847628191,3.25579854936952,1,Mon-Th,3,2025-05-08,Mon-Th,1,12
2,85.72205424689558,0.5099998807907105,1,Mon-Th,3,2025-05-08,Mon-Th,1,12
0,119.9167001192093,0.5099998807907105,1,Mon-Th,3,2025-05-08,Mon-Th,1,12
0,41.14846681241308,17.45731468334471,1,Mon-Th,3,2025-05-12,Mon-Th,1,3
0,35.83004770341715,1.816903469891305,1,Mon-Th,3,2025-05-12,Mon-Th,1,3
0,119.9167001192093,0.5099998807907105,1,Mon-Th,3,2025-05-12,Mon-Th,1,3
1,61.50168602720592,0.5099998807907105,1,Mon-Th,3,2025-05-13,Mon-Th,1,8
0,119.9167001192093,44.11424389970452,1,Mon-Th,3,2025-05-13,Mon-Th,1,8
0,44.59760903812196,0.5100109712133705,1,Mon-Th,3,2025-05-13,Mon-Th,1,8
0,119.9167001192093,1.6215365611824797,1,Mon-Th,3,2025-05-13,Mon-Th,1,8
0,61.23770408125111,0.5099998808041981,1,Mon-Th,3,2025-05-13,Mon-Th,1,8
23,13.69312523212777,0.5099998807907105,1,Mon-Th,3,2025-05-13,Mon-Th,1,8
0,119.9167001192093,0.5099998807907105,1,Mon-Th,3,2025-05-13,Mon-Th,1,8
2,77.63739528516524,0.5099998807907105,1,Mon-Th,3,2025-05-13,Mon-Th,1,8
0,119.9167001192093,0.5754608853804608,1,Mon-Th,3,2025-05-14,Mon-Th,1,7
0,54.92630743123165,0.5101294245072646,1,Mon-Th,3,2025-05-14,Mon-Th,1,7
0,119.9167001192093,0.514871977230982,1,Mon-Th,3,2025-05-14,Mon-Th,1,7
0,119.9167001192093,0.5099998807907105,1,Mon-Th,3,2025-05-14,Mon-Th,1,7
0,42.38544501101157,0.5099998807907105,1,Mon-Th,3,2025-05-14,Mon-Th,1,7
0,34.83273630341059,0.5100488522409933,1,Mon-Th,3,2025-05-14,Mon-Th,1,7
0,55.07798819550032,0.5099998807907105,1,Mon-Th,3,2025-05-14,Mon-Th,1,7
4,24.126719827668662,0.5099998807907788,1,Mon-Th,3,2025-05-15,Mon-Th,1,5
0,53.63721708420015,0.768576150771465,1,Mon-Th,3,2025-05-15,Mon-Th,1,5
0,56.218819234570475,0.5099998807907105,1,Mon-Th,3,2025-05-15,Mon-Th,1,5
0,119.89579030857793,0.5099998807907105,1,Mon-Th,3,2025-05-15,Mon-Th,1,5
0,48.57907907368622,0.5099998807907105,1,Mon-Th,3,2025-05-15,Mon-Th,1,5
0,39.18273426843348,0.5099998807907105,1,Mon-Th,3,2025-05-19,Mon-Th,1,10
0,59.13470106261651,0.5099998807907105,1,Mon-Th,3,2025-05-19,Mon-Th,1,10
0,22.01953696312662,0.5185245308637959,1,Mon-Th,3,2025-05-19,Mon-Th,1,10
0,53.02200297898243,0.5099998807907105,1,Mon-Th,3,2025-05-19,Mon-Th,1,10
0,27.569116610244293,0.5099998807962184,1,Mon-Th,3,2025-05-19,Mon-Th,1,10
0,43.126159084213214,0.5099998807907105,1,Mon-Th,3,2025-05-19,Mon-Th,1,10
0,119.9167001192093,0.5100022600525161,1,Mon-Th,3,2025-05-19,Mon-Th,1,10
0,119.9167001192093,0.5099998807907105,1,Mon-Th,3,2025-05-19,Mon-Th,1,10
0,43.486343807721234,0.5100231629826253,1,Mon-Th,3,2025-05-19,Mon-Th,1,10
0,100.41327946719798,1.1866362323369368,1,Mon-Th,3,2025-05-19,Mon-Th,1,10
0,117.88688868157007,0.5115234175229932,1,Mon-Th,3,2025-05-20,Mon-Th,1,11
0,28.141051708266595,0.6042329244793301,1,Mon-Th,3,2025-05-20,Mon-Th,1,11
0,119.53573720332164,27.01920011679483,1,Mon-Th,3,2025-05-20,Mon-Th,1,11
4,21.411257732847496,0.5099998807907105,1,Mon-Th,3,2025-05-20,Mon-Th,1,11
0,119.9167001192093,0.70059991751296,1,Mon-Th,3,2025-05-20,Mon-Th,1,11
0,69.73055681286006,0.5099998807907105,1,Mon-Th,3,2025-05-20,Mon-Th,1,11
0,106.11600239164446,0.5099998807907105,1,Mon-Th,3,2025-05-20,Mon-Th,1,11
0,119.9167001192093,0.5099998807907105,1,Mon-Th,3,2025-05-20,Mon-Th,1,11
0,35.8444070382722,0.5099998807907105,1,Mon-Th,3,2025-05-20,Mon-Th,1,11
0,29.95499905505518,2.1616862589135595,1,Mon-Th,3,2025-05-20,Mon-Th,1,11
0,23.08034235638309,0.5099998807969316,1,Mon-Th,3,2025-05-20,Mon-Th,1,11
0,63.33396720400767,0.5099998807907105,1,Mon-Th,3,2025-05-21,Mon-Th,1,11
1,119.9167001192093,0.5099998807907227,1,Mon-Th,3,2025-05-21,Mon-Th,1,11
0,26.57308712830439,0.5099998807907105,1,Mon-Th,3,2025-05-21,Mon-Th,1,11
0,96.0204614774505,0.519427992829421,1,Mon-Th,3,2025-05-21,Mon-Th,1,11
0,30.01511991731179,0.5099998807907178,1,Mon-Th,3,2025-05-21,Mon-Th,1,11
0,20.532234141399744,0.5135637757803314,1,Mon-Th,3,2025-05-21,Mon-Th,1,11
23,119.90820993245936,0.5099998807907105,1,Mon-Th,3,2025-05-21,Mon-Th,1,11
0,37.74500428782523,0.5754040297153047,1,Mon-Th,3,2025-05-21,Mon-Th,1,11
0,119.91668101823127,0.5099998807907251,1,Mon-Th,3,2025-05-21,Mon-Th,1,11
0,30.092624231498664,0.5099998807907105,1,Mon-Th,3,2025-05-21,Mon-Th,1,11
0,119.9167001192093,85.68000011920931,1,Mon-Th,3,2025-05-21,Mon-Th,1,11
0,119.91670815767208,0.5106682965519108,1,Mon-Th,3,2025-05-22,Mon-Th,1,8
0,119.9167001192093,18.28848306276115,1,Mon-Th,3,2025-05-22,Mon-Th,1,8
0,119.9167001192093,0.5099998807907105,1,Mon-Th,3,2025-05-22,Mon-Th,1,8
0,119.9167001192093,0.8826702741010426,1,Mon-Th,3,2025-05-22,Mon-Th,1,8
0,43.790167881111834,0.5099998807907105,1,Mon-Th,3,2025-05-22,Mon-Th,1,8
0,119.9167001192093,0.5099998807907105,1,Mon-Th,3,2025-05-22,Mon-Th,1,8
1,31.053917738559818,0.5099998807907105,1,Mon-Th,3,2025-05-22,Mon-Th,1,8
0,119.9167001192093,0.5099998807907105,1,Mon-Th,3,2025-05-22,Mon-Th,1,8
0,20.975714310265044,0.5099998809678946,1,Mon-Th,3,2025-05-26,Mon-Th,1,9
1,24.68136487327768,0.5099998807907105,1,Mon-Th,3,2025-05-26,Mon-Th,1,9
1,25.144747610130224,0.5099998807907105,1,Mon-Th,3,2025-05-26,Mon-Th,1,9
5,17.556843772041347,3.4277379412397355,1,Mon-Th,3,2025-05-26,Mon-Th,1,9
0,23.376649370278535,1.187102416431998,1,Mon-Th,3,2025-05-26,Mon-Th,1,9
0,119.91619797963199,0.5099998807907105,1,Mon-Th,3,2025-05-26,Mon-Th,1,9
0,41.56495991067316,0.5108304896372915,1,Mon-Th,3,2025-05-26,Mon-Th,1,9
0,119.9167001192093,0.5099998807907105,1,Mon-Th,3,2025-05-26,Mon-Th,1,9
0,119.9167001192093,6.49675578416691,1,Mon-Th,3,2025-05-26,Mon-Th,1,9
0,34.94305860498994,0.5320617560513601,1,Mon-Th,3,2025-05-27,Mon-Th,1,8
0,42.713972990001906,0.5099998807907105,1,Mon-Th,3,2025-05-27,Mon-Th,1,8
23,4.251553348874692,0.5099998807907105,1,Mon-Th,3,2025-05-27,Mon-Th,1,8
5,27.82342977736137,0.5100012064267524,1,Mon-Th,3,2025-05-27,Mon-Th,1,8
8,38.43773743080779,0.5237002754288205,1,Mon-Th,3,2025-05-27,Mon-Th,1,8
0,119.9167001192093,0.5100021718615105,1,Mon-Th,3,2025-05-27,Mon-Th,1,8
0,81.15412827310529,7.13137616797708,1,Mon-Th,3,2025-05-27,Mon-Th,1,8
5,26.300877242918084,0.7612593730022748,1,Mon-Th,3,2025-05-27,Mon-Th,1,8
2,78.15424585153012,0.5099998807907105,1,Mon-Th,3,2025-05-28,Mon-Th,1,7
1,32.954506572200984,0.5099998807907105,1,Mon-Th,3,2025-05-28,Mon-Th,1,7
0,26.618696684221977,50.35787344171028,1,Mon-Th,3,2025-05-28,Mon-Th,1,7
0,41.953248075176624,0.569503973197583,1,Mon-Th,3,2025-05-28,Mon-Th,1,7
0,119.9167001192093,12.833673978400752,1,Mon-Th,3,2025-05-28,Mon-Th,1,7
0,89.92369134367495,0.5099998807969804,1,Mon-Th,3,2025-05-28,Mon-Th,1,7
1,44.596202813634676,0.5996950488772539,1,Mon-Th,3,2025-05-28,Mon-Th,1,7
0,91.39074356392234,0.5099998807907105,1,Mon-Th,3,2025-05-29,Mon-Th,1,8
14,12.137126596678815,0.5099998807907105,1,Mon-Th,3,2025-05-29,Mon-Th,1,8
0,116.11413431848456,0.5099998829471178,1,Mon-Th,3,2025-05-29,Mon-Th,1,8
0,119.9167001192093,0.5104446499805564,1,Mon-Th,3,2025-05-29,Mon-Th,1,8
0,57.849680861465636,0.5099998807907105,1,Mon-Th,3,2025-05-29,Mon-Th,1,8
7,15.766415470291893,0.5099998807907105,1,Mon-Th,3,2025-05-29,Mon-Th,1,8
0,20.37491894597376,0.5099998807907105,1,Mon-Th,3,2025-05-29,Mon-Th,1,8
10,10.75069215196255,0.5099998807907105,1,Mon-Th,3,2025-05-29,Mon-Th,1,8
0,21.28060809067886,0.5099998807907105,1,Mon-Th,3,2025-06-02,Mon-Th,1,8
0,51.24625732034735,0.5099998808444633,1,Mon-Th,3,2025-06-02,Mon-Th,1,8
0,103.00407955749047,0.5099998807938785,1,Mon-Th,3,2025-06-02,Mon-Th,1,8
0,49.88469789443886,0.5273046248222569,1,Mon-Th,3,2025-06-02,Mon-Th,1,8
0,54.153121332546355,0.5101598376168996,1,Mon-Th,3,2025-06-02,Mon-Th,1,8
3,37.44834216222758,2.038067595253424,1,Mon-Th,3,2025-06-02,Mon-Th,1,8
0,119.9159754839076,0.5099998807907105,1,Mon-Th,3,2025-06-02,Mon-Th,1,8
0,119.9167001192093,0.5100207148123955,1,Mon-Th,3,2025-06-02,Mon-Th,1,8
0,90.057198792143,0.5099998807907105,1,Mon-Th,3,2025-06-03,Mon-Th,1,6
0,11.607985636136057,0.5099998807907569,1,Mon-Th,3,2025-06-03,Mon-Th,1,6
1,16.797856489642637,0.5478685081249565,1,Mon-Th,3,2025-06-03,Mon-Th,1,6
0,27.795472326953067,0.5139680256657776,1,Mon-Th,3,2025-06-03,Mon-Th,1,6
0,81.20718314097289,0.5769720163572903,1,Mon-Th,3,2025-06-03,Mon-Th,1,6
0,119.9167001192093,4.987457548797705,1,Mon-Th,3,2025-06-03,Mon-Th,1,6
0,21.826011751598372,2.5978878283365496,1,Mon-Th,3,2025-06-04,Mon-Th,1,5
0,119.9167001192093,0.5109564848716499,1,Mon-Th,3,2025-06-04,Mon-Th,1,5
0,37.56647720710414,0.5099998832362045,1,Mon-Th,3,2025-06-04,Mon-Th,1,5
5,52.270249086513346,0.5099998807907105,1,Mon-Th,3,2025-06-04,Mon-Th,1,5
0,31.54187017391456,0.5100000141516428,1,Mon-Th,3,2025-06-04,Mon-Th,1,5
0,84.75944359726796,0.5099998807907105,1,Mon-Th,3,2025-06-05,Mon-Th,1,9
0,119.9167001192093,0.5099998807907105,1,Mon-Th,3,2025-06-05,Mon-Th,1,9
0,119.9167001192093,0.5219935370655128,1,Mon-Th,3,2025-06-05,Mon-Th,1,9
0,119.9167001192093,0.5099999584258704,1,Mon-Th,3,2025-06-05,Mon-Th,1,9
0,119.9167001192093,0.5132904001010467,1,Mon-Th,3,2025-06-05,Mon-Th,1,9
2,48.555167043595375,0.5099998807907105,1,Mon-Th,3,2025-06-05,Mon-Th,1,9
0,31.996383866237785,0.5099998807907105,1,Mon-Th,3,2025-06-05,Mon-Th,1,9
0,7.2114022613784785,0.5099998807907105,1,Mon-Th,3,2025-06-05,Mon-Th,1,9
9,30.150945679695916,0.5099998807907105,1,Mon-Th,3,2025-06-05,Mon-Th,1,9
0,33.670296928627316,0.5099998807907105,1,Mon-Th,3,2025-06-09,Mon-Th,1,8
0,67.47570595265681,0.5099998807907105,1,Mon-Th,3,2025-06-09,Mon-Th,1,8
0,119.9167001192093,0.5099998807907105,1,Mon-Th,3,2025-06-09,Mon-Th,1,8
0,119.9167001192093,29.525499273046,1,Mon-Th,3,2025-06-09,Mon-Th,1,8
0,119.80513486655232,0.5100001460582387,1,Mon-Th,3,2025-06-09,Mon-Th,1,8
1,105.22499820028654,1.4063864579260175,1,Mon-Th,3,2025-06-09,Mon-Th,1,8
0,62.34936168040592,0.5099998807907105,1,Mon-Th,3,2025-06-09,Mon-Th,1,8
0,119.9167001192093,0.5099998807907788,1,Mon-Th,3,2025-06-09,Mon-Th,1,8
0,31.863840169635253,0.5099998807907105,1,Mon-Th,3,2025-06-10,Mon-Th,1,7
4,102.25095578587641,0.5099998807907105,1,Mon-Th,3,2025-06-10,Mon-Th,1,7
0,54.60174893415303,0.5099998808484472,1,Mon-Th,3,2025-06-10,Mon-Th,1,7
0,90.3339758057242,0.5099998807907105,1,Mon-Th,3,2025-06-10,Mon-Th,1,7
0,119.9167001192093,0.5099998807984997,1,Mon-Th,3,2025-06-10,Mon-Th,1,7
0,25.826532054249604,8.423414770237983,1,Mon-Th,3,2025-06-10,Mon-Th,1,7
0,119.28542202878889,0.5099998807907105,1,Mon-Th,3,2025-06-10,Mon-Th,1,7
1,24.951625008205518,0.5100003905284868,1,Mon-Th,3,2025-06-11,Mon-Th,1,7
0,45.5152268197738,0.5119542590123733,1,Mon-Th,3,2025-06-11,Mon-Th,1,7
2,102.17705107696005,0.8842718363918161,1,Mon-Th,3,2025-06-11,Mon-Th,1,7
0,19.784315674839743,0.5130071946359185,1,Mon-Th,3,2025-06-11,Mon-Th,1,7
0,61.74012203608045,0.5099998807907105,1,Mon-Th,3,2025-06-11,Mon-Th,1,7
0,119.9167001192093,0.5099998807907105,1,Mon-Th,3,2025-06-11,Mon-Th,1,7
0,119.9167001192093,0.5099998807907105,1,Mon-Th,3,2025-06-11,Mon-Th,1,7
0,106.83069187657341,0.5099998807907105,1,Mon-Th,3,2025-06-12,Mon-Th,1,8
0,119.9167001192093,0.5099998807907105,1,Mon-Th,3,2025-06-12,Mon-Th,1,8
4,15.771568049683665,0.5099998825195807,1,Mon-Th,3,2025-06-12,Mon-Th,1,8
0,39.38822464916378,0.6261577820374445,1,Mon-Th,3,2025-06-12,Mon-Th,1,8
5,23.46428411623528,0.5099998807907105,1,Mon-Th,3,2025-06-12,Mon-Th,1,8
0,118.34648494287374,0.5409804430806163,1,Mon-Th,3,2025-06-12,Mon-Th,1,8
4,43.54068096131715,0.5099998807907105,1,Mon-Th,3,2025-06-12,Mon-Th,1,8
0,66.69449027965244,0.5099998807907105,1,Mon-Th,3,2025-06-12,Mon-Th,1,8
1,12.011547159027096,0.5099998807907105,1,Mon-Th,3,2025-06-16,Mon-Th,1,5
0,119.9167001192093,0.5099998807907105,1,Mon-Th,3,2025-06-16,Mon-Th,1,5
0,85.37335590684228,0.5099998823565829,1,Mon-Th,3,2025-06-16,Mon-Th,1,5
0,65.35903968234423,18.028544360565387,1,Mon-Th,3,2025-06-16,Mon-Th,1,5
0,65.04072283638662,0.5099998807907105,1,Mon-Th,3,2025-06-16,Mon-Th,1,5
0,24.773210310186293,0.5103755556273242,1,Mon-Th,3,2025-06-17,Mon-Th,1,13
0,119.9167001192093,0.5099998807907105,1,Mon-Th,3,2025-06-17,Mon-Th,1,13
0,119.9167001192093,0.5100006017117703,1,Mon-Th,3,2025-06-17,Mon-Th,1,13
0,119.9167001192093,0.5099998906364881,1,Mon-Th,3,2025-06-17,Mon-Th,1,13
0,119.9167001192093,0.5099998807907105,1,Mon-Th,3,2025-06-17,Mon-Th,1,13
14,25.322953757501125,0.5099998807907105,1,Mon-Th,3,2025-06-17,Mon-Th,1,13
0,119.9167001192093,0.5099998807907105,1,Mon-Th,3,2025-06-17,Mon-Th,1,13
0,35.99768590555636,0.5099998807907105,1,Mon-Th,3,2025-06-17,Mon-Th,1,13
4,30.625589665501362,0.5099998807907105,1,Mon-Th,3,2025-06-17,Mon-Th,1,13
0,119.9167001192093,1.6832457765701738,1,Mon-Th,3,2025-06-17,Mon-Th,1,13
0,119.9153623543136,0.5346615171436577,1,Mon-Th,3,2025-06-17,Mon-Th,1,13
0,119.9167001192093,0.5100041651786896,1,Mon-Th,3,2025-06-17,Mon-Th,1,13
1,28.79700914150683,7.652871004526427,1,Mon-Th,3,2025-06-17,Mon-Th,1,13
9,119.9167001192093,0.5099998807907105,1,Mon-Th,3,2025-06-18,Mon-Th,1,3
0,25.326460495562454,0.5142802289060496,1,Mon-Th,3,2025-06-18,Mon-Th,1,3
0,99.12465745172616,0.5099998807907105,1,Mon-Th,3,2025-06-18,Mon-Th,1,3
2,18.68441022994467,0.5100337953821055,1,Mon-Th,3,2025-06-19,Mon-Th,1,16
0,92.17817786898763,0.5099998807907105,1,Mon-Th,3,2025-06-19,Mon-Th,1,16
0,55.219011134088106,0.5100000556877193,1,Mon-Th,3,2025-06-19,Mon-Th,1,16
0,119.9167001192093,5.117506459411511,1,Mon-Th,3,2025-06-19,Mon-Th,1,16
0,119.9167001192093,0.5100381308140308,1,Mon-Th,3,2025-06-19,Mon-Th,1,16
0,119.9167001192093,5.193134841716311,1,Mon-Th,3,2025-06-19,Mon-Th,1,16
0,119.9167001192093,0.5099998807907105,1,Mon-Th,3,2025-06-19,Mon-Th,1,16
0,119.9167001192093,36.64965434234721,1,Mon-Th,3,2025-06-19,Mon-Th,1,16
0,17.768752854882756,0.5099998807907105,1,Mon-Th,3,2025-06-19,Mon-Th,1,16
0,55.94600593038711,0.5099998807907105,1,Mon-Th,3,2025-06-19,Mon-Th,1,16
0,119.9167001192093,0.5099998807907105,1,Mon-Th,3,2025-06-19,Mon-Th,1,16
5,15.393698372485808,0.5099998807907105,1,Mon-Th,3,2025-06-19,Mon-Th,1,16
0,65.97307437320002,0.5099998807907105,1,Mon-Th,3,2025-06-19,Mon-Th,1,16
0,24.1262078777393,0.5101402668070121,1,Mon-Th,3,2025-06-19,Mon-Th,1,16
0,53.949702991334846,1.1953510789983626,1,Mon-Th,3,2025-06-19,Mon-Th,1,16
0,119.9167001192093,0.5099998807907227,1,Mon-Th,3,2025-06-19,Mon-Th,1,16
9,4.942191245886633,0.5101490216070935,2,Sunday,3,2025-06-22,Sunday,2,8
0,52.273684867363905,0.5099998807907105,2,Sunday,3,2025-06-22,Sunday,2,8
0,45.67562365774923,21.788203268664265,2,Sunday,3,2025-06-22,Sunday,2,8
0,13.076261190545402,0.5099998807907105,2,Sunday,3,2025-06-22,Sunday,2,8
0,5.395270342629043,0.9720333199122966,2,Sunday,3,2025-06-22,Sunday,2,8
0,7.5837461526347525,0.5099998807907105,2,Sunday,3,2025-06-22,Sunday,2,8
0,83.21675391747868,0.5099998807907105,2,Sunday,3,2025-06-22,Sunday,2,8
0,3.82045243413349,0.5099998807907105,2,Sunday,3,2025-06-22,Sunday,2,8
0,28.20319978348091,0.5099998807907105,2,Sunday,3,2025-06-29,Sunday,2,9
0,19.988312378054033,2.8001663242499566,2,Sunday,3,2025-06-29,Sunday,2,9
5,2.008553013566939,0.5099998807907105,2,Sunday,3,2025-06-29,Sunday,2,9
0,86.81220373772084,5.465754483004918,2,Sunday,3,2025-06-29,Sunday,2,9
0,43.78219775553959,0.6681736597428962,2,Sunday,3,2025-06-29,Sunday,2,9
0,42.918168412591136,17.594440143693458,2,Sunday,3,2025-06-29,Sunday,2,9
0,1.999999880790715,0.5099998807907105,2,Sunday,3,2025-06-29,Sunday,2,9
0,101.7290184980164,0.5099998807907105,2,Sunday,3,2025-06-29,Sunday,2,9
0,22.868422171242635,0.5100026729239956,2,Sunday,3,2025-06-29,Sunday,2,9
0,29.694099148755914,0.5099998807907105,2,Sunday,3,2025-07-06,Sunday,2,5
0,72.62746517890396,0.5099998807907105,2,Sunday,3,2025-07-06,Sunday,2,5
0,119.9167001192093,1.2866805172693951,2,Sunday,3,2025-07-06,Sunday,2,5
0,74.72618613813844,0.5099998807907105,2,Sunday,3,2025-07-06,Sunday,2,5
0,5.6295003889790145,0.5100000440215079,2,Sunday,3,2025-07-06,Sunday,2,5
0,45.9722863128601,0.5099998807907105,2,Sunday,3,2025-07-13,Sunday,2,8
0,12.295501070488257,0.7354724807080428,2,Sunday,3,2025-07-13,Sunday,2,8
0,22.983823848014048,0.5099998807907105,2,Sunday,3,2025-07-13,Sunday,2,8
0,103.76873544307517,0.6687832726051685,2,Sunday,3,2025-07-13,Sunday,2,8
0,119.9167001192093,5.960287868669256,2,Sunday,3,2025-07-13,Sunday,2,8
0,119.59904044227036,0.5099998807907105,2,Sunday,3,2025-07-13,Sunday,2,8
0,23.510466274111877,0.5099998807907105,2,Sunday,3,2025-07-13,Sunday,2,8
0,37.07095851057557,0.5099998807910451,2,Sunday,3,2025-07-13,Sunday,2,8
0,21.77002071728256,0.5099998807907105,2,Sunday,3,2025-07-20,Sunday,2,15
0,83.11730577582063,0.5099998807907105,2,Sunday,3,2025-07-20,Sunday,2,15
0,27.355113321396654,0.5099998838089749,2,Sunday,3,2025-07-20,Sunday,2,15
0,2.001578660020756,0.5099998807907105,2,Sunday,3,2025-07-20,Sunday,2,15
0,3.350695657236873,0.5099998807907105,2,Sunday,3,2025-07-20,Sunday,2,15
0,29.33103443958744,0.5183902961919301,2,Sunday,3,2025-07-20,Sunday,2,15
0,99.98531899432594,1.7327516976237107,2,Sunday,3,2025-07-20,Sunday,2,15
0,22.946394061845332,0.5100008800505706,2,Sunday,3,2025-07-20,Sunday,2,15
0,57.34045886320138,0.5099998807907105,2,Sunday,3,2025-07-20,Sunday,2,15
0,69.56068060505193,0.5100021862664867,2,Sunday,3,2025-07-20,Sunday,2,15
0,74.52044603063699,1.2196489745334902,2,Sunday,3,2025-07-20,Sunday,2,15
0,17.900887909076694,0.5099998807907105,2,Sunday,3,2025-07-20,Sunday,2,15
0,119.9167001192093,0.5099998808332131,2,Sunday,3,2025-07-20,Sunday,2,15
0,36.09616188174059,0.5099998807907105,2,Sunday,3,2025-07-20,Sunday,2,15
0,92.92378747918706,0.5099998807907105,2,Sunday,3,2025-07-20,Sunday,2,15
0,119.9167001192093,13.651574386104395,2,Sunday,3,2025-07-27,Sunday,2,8
2,119.9167001192093,0.5099998807907105,2,Sunday,3,2025-07-27,Sunday,2,8
0,119.91642592018081,0.5099998807907105,2,Sunday,3,2025-07-27,Sunday,2,8
0,38.45958158379492,0.6188869130483524,2,Sunday,3,2025-07-27,Sunday,2,8
0,119.9167001192093,0.5099998807907105,2,Sunday,3,2025-07-27,Sunday,2,8
0,6.625130142360911,0.5099998807907105,2,Sunday,3,2025-07-27,Sunday,2,8
0,18.892347222943567,7.987480282747188,2,Sunday,3,2025-07-27,Sunday,2,8
0,119.10966368479674,0.5099998807907105,2,Sunday,3,2025-07-27,Sunday,2,8
0,119.9167001192093,0.532264979969199,2,Sunday,3,2025-08-03,Sunday,2,9
0,20.793353760266925,8.056322521031579,2,Sunday,3,2025-08-03,Sunday,2,9
0,119.9167001192093,0.5099999531900765,2,Sunday,3,2025-08-03,Sunday,2,9
0,21.097568063668607,0.5099998807908106,2,Sunday,3,2025-08-03,Sunday,2,9
0,11.277210384790699,0.5099998807907105,2,Sunday,3,2025-08-03,Sunday,2,9
0,40.69157544242352,0.5099998807907105,2,Sunday,3,2025-08-03,Sunday,2,9
0,3.306292353980278,0.5099998807907105,2,Sunday,3,2025-08-03,Sunday,2,9
0,58.40469689645302,0.5099998807907105,2,Sunday,3,2025-08-03,Sunday,2,9
0,7.098865595550332,0.5099998807907105,2,Sunday,3,2025-08-03,Sunday,2,9
0,3.9556282252774486,0.5099998807908106,2,Sunday,3,2025-08-10,Sunday,2,12
9,11.52863433802149,0.5099998807907105,2,Sunday,3,2025-08-10,Sunday,2,12
0,86.81436301411692,0.5124578502867908,2,Sunday,3,2025-08-10,Sunday,2,12
0,23.032526087950828,25.950877373924385,2,Sunday,3,2025-08-10,Sunday,2,12
0,17.298806356101426,0.5099998807907105,2,Sunday,3,2025-08-10,Sunday,2,12
0,2.6302545860535163,0.5099998807907105,2,Sunday,3,2025-08-10,Sunday,2,12
0,45.39928439509576,0.5099998807907105,2,Sunday,3,2025-08-10,Sunday,2,12
0,2.0165784400021276,0.5099998807907105,2,Sunday,3,2025-08-10,Sunday,2,12
0,36.85644825610055,0.5099998807907105,2,Sunday,3,2025-08-10,Sunday,2,12
0,2.0002286040685173,0.5099998807907105,2,Sunday,3,2025-08-10,Sunday,2,12
0,66.2800085635308,72.25117460084525,2,Sunday,3,2025-08-10,Sunday,2,12
0,11.419377594539394,0.5100052456392128,2,Sunday,3,2025-08-10,Sunday,2,12
0,96.59533237633802,0.5099998807907105,2,Sunday,3,2025-08-17,Sunday,2,13
0,32.99500863892946,0.5101503830468036,2,Sunday,3,2025-08-17,Sunday,2,13
0,8.031082003309484,0.5105576767529473,2,Sunday,3,2025-08-17,Sunday,2,13
0,13.249015869395887,0.5104846679033774,2,Sunday,3,2025-08-17,Sunday,2,13
0,24.261534841974008,0.5099998807907105,2,Sunday,3,2025-08-17,Sunday,2,13
0,13.037328282056823,0.5099998807907105,2,Sunday,3,2025-08-17,Sunday,2,13
0,89.35389631747813,0.5099998807907105,2,Sunday,3,2025-08-17,Sunday,2,13
0,7.151478755945455,0.5099998807907105,2,Sunday,3,2025-08-17,Sunday,2,13
0,4.305075487911881,0.5099998807907105,2,Sunday,3,2025-08-17,Sunday,2,13
0,119.9167001192093,0.5099998807907105,2,Sunday,3,2025-08-17,Sunday,2,13
0,45.67113476839836,0.5099998807907202,2,Sunday,3,2025-08-17,Sunday,2,13
0,3.544149634639116,0.5099998807907105,2,Sunday,3,2025-08-17,Sunday,2,13
0,86.90878974332402,0.5099999177711009,2,Sunday,3,2025-08-17,Sunday,2,13
0,119.9167001192093,0.5100194283001205,2,Sunday,3,2025-08-24,Sunday,2,8
0,15.00656186306453,0.5100279116487348,2,Sunday,3,2025-08-24,Sunday,2,8
0,18.697224414273286,0.5107861621791291,2,Sunday,3,2025-08-24,Sunday,2,8
0,19.39678509365453,12.214334276676334,2,Sunday,3,2025-08-24,Sunday,2,8
0,24.499593862273397,0.5099998807907105,2,Sunday,3,2025-08-24,Sunday,2,8
0,119.9167001192093,1.4049480749605379,2,Sunday,3,2025-08-24,Sunday,2,8
0,5.467639822715904,0.5099998807924984,2,Sunday,3,2025-08-24,Sunday,2,8
0,4.430927911938507,0.5099998807907105,2,Sunday,3,2025-08-24,Sunday,2,8
0,107.11017683510543,0.5099998807907105,2,Sunday,3,2025-08-31,Sunday,2,20
0,119.9167001192093,0.5099998807907105,2,Sunday,3,2025-08-31,Sunday,2,20
0,6.4109485366614125,0.5099998807907105,2,Sunday,3,2025-08-31,Sunday,2,20
0,4.458635689536035,0.5099998807907105,2,Sunday,3,2025-08-31,Sunday,2,20
0,13.106569099505698,24.65846871617546,2,Sunday,3,2025-08-31,Sunday,2,20
0,67.1243086043248,9.820032257626039,2,Sunday,3,2025-08-31,Sunday,2,20
0,27.7909185948616,32.938947033175474,2,Sunday,3,2025-08-31,Sunday,2,20
0,10.613521644371051,0.5099998807907105,2,Sunday,3,2025-08-31,Sunday,2,20
0,13.54769756965591,0.5100033193981508,2,Sunday,3,2025-08-31,Sunday,2,20
0,78.66056842811786,0.5099998807907105,2,Sunday,3,2025-08-31,Sunday,2,20
0,12.256515064481338,0.5099998808042543,2,Sunday,3,2025-08-31,Sunday,2,20
0,5.726835842230997,0.5099998807907105,2,Sunday,3,2025-08-31,Sunday,2,20
0,14.315811638209766,8.253558443624621,2,Sunday,3,2025-08-31,Sunday,2,20
0,2.000000317012149,0.5099998807907105,2,Sunday,3,2025-08-31,Sunday,2,20
0,75.12047955011674,0.5099998807907105,2,Sunday,3,2025-08-31,Sunday,2,20
0,119.9163119476165,0.5099998807907105,2,Sunday,3,2025-08-31,Sunday,2,20
0,98.31639414067291,0.5099998807908863,2,Sunday,3,2025-08-31,Sunday,2,20
0,16.01010203595646,6.081150326996154,2,Sunday,3,2025-08-31,Sunday,2,20
0,11.88208030110382,0.5099998807907105,2,Sunday,3,2025-08-31,Sunday,2,20
0,66.59180484527148,0.5099998807907105,2,Sunday,3,2025-08-31,Sunday,2,20
0,38.995956927194335,0.5099998807907105,2,Sunday,3,2025-09-07,Sunday,2,9
0,119.9166973018646,8.502731654484375,2,Sunday,3,2025-09-07,Sunday,2,9
0,112.9835293481771,0.5099998807943401,2,Sunday,3,2025-09-07,Sunday,2,9
0,40.311903134793425,0.5099998807907105,2,Sunday,3,2025-09-07,Sunday,2,9
0,38.289052636400385,0.5099998807907105,2,Sunday,3,2025-09-07,Sunday,2,9
0,119.9167001192093,0.5099998807907105,2,Sunday,3,2025-09-07,Sunday,2,9
0,42.921130622513296,0.5099998807907105,2,Sunday,3,2025-09-07,Sunday,2,9
0,57.25440781728424,0.5099998807907202,2,Sunday,3,2025-09-07,Sunday,2,9
0,72.88397815946584,0.5100000780892517,2,Sunday,3,2025-09-07,Sunday,2,9
0,119.83074303016014,1.654173184189281,2,Sunday,3,2025-09-14,Sunday,2,9
0,21.427983233740054,0.5099998807907105,2,Sunday,3,2025-09-14,Sunday,2,9
0,1.9999998807907104,0.5099998807907105,2,Sunday,3,2025-09-14,Sunday,2,9
0,2.4695748439431053,0.5099998807907105,2,Sunday,3,2025-09-14,Sunday,2,9
0,42.96883971001385,0.5099998807907105,2,Sunday,3,2025-09-14,Sunday,2,9
0,65.87159077742417,0.5099998807907105,2,Sunday,3,2025-09-14,Sunday,2,9
0,82.36362120005644,0.5099998807907105,2,Sunday,3,2025-09-14,Sunday,2,9
0,119.9167001192093,19.56817345941769,2,Sunday,3,2025-09-14,Sunday,2,9
0,119.9167001192093,0.5100492113149894,2,Sunday,3,2025-09-14,Sunday,2,9
0,69.00424440889971,25.052315351737068,2,Sunday,3,2025-09-21,Sunday,2,11
0,58.56851621710356,6.250068562055585,2,Sunday,3,2025-09-21,Sunday,2,11
0,63.85512231493411,0.5099998807907105,2,Sunday,3,2025-09-21,Sunday,2,11
0,10.806365064555639,0.5099998807907105,2,Sunday,3,2025-09-21,Sunday,2,11
0,49.24756532307426,0.50999988079073,2,Sunday,3,2025-09-21,Sunday,2,11
0,35.994908063650165,0.5099998807907105,2,Sunday,3,2025-09-21,Sunday,2,11
0,82.63425558535239,0.5099998807907105,2,Sunday,3,2025-09-21,Sunday,2,11
0,30.589621288586663,0.5099999469388998,2,Sunday,3,2025-09-21,Sunday,2,11
0,53.3494814565295,0.5099998810075199,2,Sunday,3,2025-09-21,Sunday,2,11
0,1.9999998807908013,0.7437613149171508,2,Sunday,3,2025-09-21,Sunday,2,11
0,88.79590085423865,0.5100007156111611,2,Sunday,3,2025-09-21,Sunday,2,11
0,1.999999880790715,85.68000011920931,2,Mon-Th,3,2025-06-23,Mon-Th,2,9
20,1.999999880790715,64.39975149464595,2,Mon-Th,3,2025-06-23,Mon-Th,2,9
21,2.328530635329498,85.50495883224305,2,Mon-Th,3,2025-06-23,Mon-Th,2,9
19,1.9999998807907104,85.68000011920931,2,Mon-Th,3,2025-06-23,Mon-Th,2,9
0,1.9999998810907236,85.68000011920931,2,Mon-Th,3,2025-06-23,Mon-Th,2,9
0,1.999999880790715,85.68000011920931,2,Mon-Th,3,2025-06-23,Mon-Th,2,9
23,2.1918004903546917,58.43280095455469,2,Mon-Th,3,2025-06-23,Mon-Th,2,9
13,1.9999998807925266,85.45793999225481,2,Mon-Th,3,2025-06-23,Mon-Th,2,9
0,3.3122942340003347,85.68000011920931,2,Mon-Th,3,2025-06-23,Mon-Th,2,9
0,1.999999880790715,85.68000011920931,2,Mon-Th,3,2025-06-24,Mon-Th,2,7
0,8.297147989225824,85.68000011920931,2,Mon-Th,3,2025-06-24,Mon-Th,2,7
1,25.856647699141348,85.67973261304229,2,Mon-Th,3,2025-06-24,Mon-Th,2,7
23,1.999999880790715,85.68000011920931,2,Mon-Th,3,2025-06-24,Mon-Th,2,7
0,17.210206100860027,85.548355868277,2,Mon-Th,3,2025-06-24,Mon-Th,2,7
0,2.0047448343324756,85.68000011920931,2,Mon-Th,3,2025-06-24,Mon-Th,2,7
5,1.999999880790715,85.68000011920931,2,Mon-Th,3,2025-06-24,Mon-Th,2,7
23,3.4906218401075906,85.68000011920931,2,Mon-Th,3,2025-06-25,Mon-Th,2,14
0,1.999999880790715,85.67985340116242,2,Mon-Th,3,2025-06-25,Mon-Th,2,14
18,1.999999880790715,85.68000011920931,2,Mon-Th,3,2025-06-25,Mon-Th,2,14
0,1.999999880790715,85.68000011920931,2,Mon-Th,3,2025-06-25,Mon-Th,2,14
1,2.0181880692601624,73.88818124764154,2,Mon-Th,3,2025-06-25,Mon-Th,2,14
22,1.9999998807993717,85.68000011920931,2,Mon-Th,3,2025-06-25,Mon-Th,2,14
1,1.999999880790715,85.68000011573261,2,Mon-Th,3,2025-06-25,Mon-Th,2,14
23,1.999999880790715,85.68000011762898,2,Mon-Th,3,2025-06-25,Mon-Th,2,14
0,1.999999880790715,85.6799999491676,2,Mon-Th,3,2025-06-25,Mon-Th,2,14
15,1.999999880790715,85.68000011920931,2,Mon-Th,3,2025-06-25,Mon-Th,2,14
0,1.9999998807907104,85.68000011920931,2,Mon-Th,3,2025-06-25,Mon-Th,2,14
0,1.999999880790715,85.68000011920931,2,Mon-Th,3,2025-06-25,Mon-Th,2,14
14,1.9999998807907529,85.6799997057994,2,Mon-Th,3,2025-06-25,Mon-Th,2,14
0,1.999999880790715,85.68000011920931,2,Mon-Th,3,2025-06-25,Mon-Th,2,14
20,2.000013373116641,85.68000011920931,2,Mon-Th,3,2025-06-26,Mon-Th,2,10
5,1.9999998807907224,72.57654860671533,2,Mon-Th,3,2025-06-26,Mon-Th,2,10
5,1.999999880790715,85.33801522646705,2,Mon-Th,3,2025-06-26,Mon-Th,2,10
13,1.999999880790715,78.30222759689093,2,Mon-Th,3,2025-06-26,Mon-Th,2,10
1,1.999999880790715,85.68000011920931,2,Mon-Th,3,2025-06-26,Mon-Th,2,10
17,2.0054005533261394,54.98178669452212,2,Mon-Th,3,2025-06-26,Mon-Th,2,10
0,2.0020484190967096,73.37451346827554,2,Mon-Th,3,2025-06-26,Mon-Th,2,10
0,1.999999880790715,85.68000011920931,2,Mon-Th,3,2025-06-26,Mon-Th,2,10
0,3.1248916342153255,85.68000011920931,2,Mon-Th,3,2025-06-26,Mon-Th,2,10
23,2.0062480129953784,85.68000011920931,2,Mon-Th,3,2025-06-26,Mon-Th,2,10
5,12.592179736832232,79.42766224785716,2,Mon-Th,3,2025-06-30,Mon-Th,2,11
6,1.999999880790715,85.68000011920931,2,Mon-Th,3,2025-06-30,Mon-Th,2,11
0,1.9999998807908752,85.68000011920931,2,Mon-Th,3,2025-06-30,Mon-Th,2,11
0,1.9999998807907249,85.68000011920931,2,Mon-Th,3,2025-06-30,Mon-Th,2,11
0,2.000130436819364,85.68000011920931,2,Mon-Th,3,2025-06-30,Mon-Th,2,11
12,1.999999880790715,85.68000011920931,2,Mon-Th,3,2025-06-30,Mon-Th,2,11
23,1.999999880790715,85.68000011920931,2,Mon-Th,3,2025-06-30,Mon-Th,2,11
0,1.999999880790715,85.68000011920931,2,Mon-Th,3,2025-06-30,Mon-Th,2,11
0,2.00009520156641,46.809506966282875,2,Mon-Th,3,2025-06-30,Mon-Th,2,11
0,1.999999880790715,85.68000011920931,2,Mon-Th,3,2025-06-30,Mon-Th,2,11
0,1.999999881311436,85.68000011920931,2,Mon-Th,3,2025-06-30,Mon-Th,2,11
0,2.125112427593761,80.80226456926219,2,Mon-Th,3,2025-07-01,Mon-Th,2,19
0,1.999999880790715,85.68000011920931,2,Mon-Th,3,2025-07-01,Mon-Th,2,19
0,1.999999880790715,85.68000011920931,2,Mon-Th,3,2025-07-01,Mon-Th,2,19
23,1.999999880790715,85.68000011920931,2,Mon-Th,3,2025-07-01,Mon-Th,2,19
0,1.999999880790715,85.68000011920931,2,Mon-Th,3,2025-07-01,Mon-Th,2,19
0,1.999999880790715,85.68000011920931,2,Mon-Th,3,2025-07-01,Mon-Th,2,19
19,1.9999998808137796,85.68000011920931,2,Mon-Th,3,2025-07-01,Mon-Th,2,19
23,2.0079573398917057,85.68000011920931,2,Mon-Th,3,2025-07-01,Mon-Th,2,19
2,1.999999880790715,85.68000011920931,2,Mon-Th,3,2025-07-01,Mon-Th,2,19
0,2.6232542089435746,53.3262203712086,2,Mon-Th,3,2025-07-01,Mon-Th,2,19
20,2.2169480726023894,85.68000011920931,2,Mon-Th,3,2025-07-01,Mon-Th,2,19
23,1.9999998807907104,85.68000011920931,2,Mon-Th,3,2025-07-01,Mon-Th,2,19
0,17.049102585783626,85.68000011920931,2,Mon-Th,3,2025-07-01,Mon-Th,2,19
14,1.999999880790809,76.71325743859512,2,Mon-Th,3,2025-07-01,Mon-Th,2,19
0,1.9999998807907104,85.68000011920931,2,Mon-Th,3,2025-07-01,Mon-Th,2,19
2,2.000047022669975,77.06033492712658,2,Mon-Th,3,2025-07-01,Mon-Th,2,19
0,1.999999880790715,85.68000011920931,2,Mon-Th,3,2025-07-01,Mon-Th,2,19
0,1.9999998902133125,85.68000011920931,2,Mon-Th,3,2025-07-01,Mon-Th,2,19
19,1.999999880790715,74.94242735160196,2,Mon-Th,3,2025-07-01,Mon-Th,2,19
1,2.0669150044666122,85.68000011920931,2,Mon-Th,3,2025-07-02,Mon-Th,2,19
23,1.999999880790715,85.68000011920931,2,Mon-Th,3,2025-07-02,Mon-Th,2,19
23,1.999999880790715,85.68000011920931,2,Mon-Th,3,2025-07-02,Mon-Th,2,19
12,2.0000763653705786,85.67998989080436,2,Mon-Th,3,2025-07-02,Mon-Th,2,19
16,1.999999880790715,85.68000011920931,2,Mon-Th,3,2025-07-02,Mon-Th,2,19
23,1.999999880790715,85.68000011920931,2,Mon-Th,3,2025-07-02,Mon-Th,2,19
0,1.9999998807907104,85.68000011920931,2,Mon-Th,3,2025-07-02,Mon-Th,2,19
0,1.9999998807907173,85.68000011920931,2,Mon-Th,3,2025-07-02,Mon-Th,2,19
0,2.050403396309214,85.67999232068793,2,Mon-Th,3,2025-07-02,Mon-Th,2,19
0,1.999999880790715,85.68000011920931,2,Mon-Th,3,2025-07-02,Mon-Th,2,19
3,1.999999880790715,85.68000011920931,2,Mon-Th,3,2025-07-02,Mon-Th,2,19
0,7.013331828128304,85.68000011920931,2,Mon-Th,3,2025-07-02,Mon-Th,2,19
19,1.999999880790715,85.68000011920931,2,Mon-Th,3,2025-07-02,Mon-Th,2,19
23,1.999999880790715,85.68000011920931,2,Mon-Th,3,2025-07-02,Mon-Th,2,19
23,1.999999880790715,85.68000011889325,2,Mon-Th,3,2025-07-02,Mon-Th,2,19
0,2.3283579116539883,85.68000011920931,2,Mon-Th,3,2025-07-02,Mon-Th,2,19
6,1.999999880790715,85.68000011920931,2,Mon-Th,3,2025-07-02,Mon-Th,2,19
0,8.960772202378823,75.3622802243934,2,Mon-Th,3,2025-07-02,Mon-Th,2,19
0,2.000001576044427,85.68000011920931,2,Mon-Th,3,2025-07-02,Mon-Th,2,19
0,1.999999880790715,85.68000011920931,2,Mon-Th,3,2025-07-03,Mon-Th,2,18
0,11.050746781242701,85.68000011920931,2,Mon-Th,3,2025-07-03,Mon-Th,2,18
0,2.088790323364259,79.78898952956435,2,Mon-Th,3,2025-07-03,Mon-Th,2,18
19,1.999999880790715,85.68000011920931,2,Mon-Th,3,2025-07-03,Mon-Th,2,18
0,1.999999880790715,85.68000011920931,2,Mon-Th,3,2025-07-03,Mon-Th,2,18
16,1.999999880790715,85.68000011920931,2,Mon-Th,3,2025-07-03,Mon-Th,2,18
23,4.293139369284997,85.68000011920931,2,Mon-Th,3,2025-07-03,Mon-Th,2,18
0,1.9999998808465953,85.68000011920931,2,Mon-Th,3,2025-07-03,Mon-Th,2,18
0,1.999999880790715,85.68000011920931,2,Mon-Th,3,2025-07-03,Mon-Th,2,18
23,1.999999880790715,85.5006293632618,2,Mon-Th,3,2025-07-03,Mon-Th,2,18
7,2.2596087732573937,49.85778786171619,2,Mon-Th,3,2025-07-03,Mon-Th,2,18
2,1.999999880790715,85.68000011920931,2,Mon-Th,3,2025-07-03,Mon-Th,2,18
0,1.999999880790715,85.68000011920931,2,Mon-Th,3,2025-07-03,Mon-Th,2,18
23,2.007893299807252,77.55460761524253,2,Mon-Th,3,2025-07-03,Mon-Th,2,18
9,1.9999999545443976,85.6767228781592,2,Mon-Th,3,2025-07-03,Mon-Th,2,18
0,1.999999880790715,85.68000011920931,2,Mon-Th,3,2025-07-03,Mon-Th,2,18
0,2.028634406478026,85.68000011920931,2,Mon-Th,3,2025-07-03,Mon-Th,2,18
0,1.9999998807907104,85.68000011920931,2,Mon-Th,3,2025-07-03,Mon-Th,2,18
2,1.9999998807928676,85.68000011920931,2,Mon-Th,3,2025-07-07,Mon-Th,2,16
22,1.9999998807909591,85.68000011383624,2,Mon-Th,3,2025-07-07,Mon-Th,2,16
7,1.999999880790715,84.53570777977797,2,Mon-Th,3,2025-07-07,Mon-Th,2,16
9,1.9999998808708153,85.68000011920931,2,Mon-Th,3,2025-07-07,Mon-Th,2,16
0,1.9999998807907104,85.68000011920931,2,Mon-Th,3,2025-07-07,Mon-Th,2,16
23,2.0126468267011544,85.68000011920931,2,Mon-Th,3,2025-07-07,Mon-Th,2,16
20,1.999999880790715,85.68000011920931,2,Mon-Th,3,2025-07-07,Mon-Th,2,16
0,1.9999998807941703,85.68000011920931,2,Mon-Th,3,2025-07-07,Mon-Th,2,16
2,2.4066549743716337,73.05732640617181,2,Mon-Th,3,2025-07-07,Mon-Th,2,16
0,1.999999880790715,85.68000011920931,2,Mon-Th,3,2025-07-07,Mon-Th,2,16
3,1.9999998807907682,85.67993434938263,2,Mon-Th,3,2025-07-07,Mon-Th,2,16
11,1.999999880790715,83.573454557602,2,Mon-Th,3,2025-07-07,Mon-Th,2,16
0,2.000024495911949,84.32848693407011,2,Mon-Th,3,2025-07-07,Mon-Th,2,16
0,1.999999880790715,85.68000011920931,2,Mon-Th,3,2025-07-07,Mon-Th,2,16
8,17.558841641448367,85.68000011920931,2,Mon-Th,3,2025-07-07,Mon-Th,2,16
0,25.515779252003117,85.68000011920931,2,Mon-Th,3,2025-07-07,Mon-Th,2,16
2,1.999999880790715,84.24212884597416,2,Mon-Th,3,2025-07-08,Mon-Th,2,13
0,1.999999880790715,85.68000011920931,2,Mon-Th,3,2025-07-08,Mon-Th,2,13
14,1.999999880790715,85.68000008602273,2,Mon-Th,3,2025-07-08,Mon-Th,2,13
0,1.999999880790715,84.62695378137003,2,Mon-Th,3,2025-07-08,Mon-Th,2,13
22,1.999999880790715,85.68000011920931,2,Mon-Th,3,2025-07-08,Mon-Th,2,13
0,1.9999998807949797,85.68000011920931,2,Mon-Th,3,2025-07-08,Mon-Th,2,13
0,2.012341769779596,85.68000011920931,2,Mon-Th,3,2025-07-08,Mon-Th,2,13
0,1.9999998807907104,85.68000011920931,2,Mon-Th,3,2025-07-08,Mon-Th,2,13
0,1.9999998807907104,85.68000011920931,2,Mon-Th,3,2025-07-08,Mon-Th,2,13
20,1.999999880790715,85.68000011920931,2,Mon-Th,3,2025-07-08,Mon-Th,2,13
0,2.5478390043365646,79.67555984074058,2,Mon-Th,3,2025-07-08,Mon-Th,2,13
0,31.021754461701207,85.68000011920931,2,Mon-Th,3,2025-07-08,Mon-Th,2,13
0,1.999999880863731,85.68000011920931,2,Mon-Th,3,2025-07-08,Mon-Th,2,13
0,49.77517752336159,85.68000011920931,2,Mon-Th,3,2025-07-09,Mon-Th,2,20
0,1.999999880790715,81.88101900051316,2,Mon-Th,3,2025-07-09,Mon-Th,2,20
1,1.999999880790715,85.68000011920931,2,Mon-Th,3,2025-07-09,Mon-Th,2,20
0,1.999999880790715,85.68000011920931,2,Mon-Th,3,2025-07-09,Mon-Th,2,20
3,2.9695227565289284,73.78639704438419,2,Mon-Th,3,2025-07-09,Mon-Th,2,20
0,1.999999880790715,85.68000011920931,2,Mon-Th,3,2025-07-09,Mon-Th,2,20
16,3.125149670640855,85.68000011920931,2,Mon-Th,3,2025-07-09,Mon-Th,2,20
22,2.000161095376125,85.68000011920931,2,Mon-Th,3,2025-07-09,Mon-Th,2,20
23,1.9999998807907104,85.68000011920931,2,Mon-Th,3,2025-07-09,Mon-Th,2,20
23,1.999999880790715,85.68000011920931,2,Mon-Th,3,2025-07-09,Mon-Th,2,20
0,1.999999880790715,85.68000011920931,2,Mon-Th,3,2025-07-09,Mon-Th,2,20
0,30.05072744119906,85.68000011920931,2,Mon-Th,3,2025-07-09,Mon-Th,2,20
21,1.9999998808829176,85.67900950495446,2,Mon-Th,3,2025-07-09,Mon-Th,2,20
19,1.999999880790715,85.67996514515004,2,Mon-Th,3,2025-07-09,Mon-Th,2,20
23,1.999999880790715,85.68000011920931,2,Mon-Th,3,2025-07-09,Mon-Th,2,20
16,2.0164998801058873,85.67960402178944,2,Mon-Th,3,2025-07-09,Mon-Th,2,20
0,1.999999880790715,85.68000011920931,2,Mon-Th,3,2025-07-09,Mon-Th,2,20
23,1.999999880790715,85.68000011920931,2,Mon-Th,3,2025-07-09,Mon-Th,2,20
23,2.000000823654461,85.68000011920931,2,Mon-Th,3,2025-07-09,Mon-Th,2,20
0,1.999999880790715,85.68000011920931,2,Mon-Th,3,2025-07-09,Mon-Th,2,20
0,1.999999880790715,85.6799631738869,2,Mon-Th,3,2025-07-10,Mon-Th,2,18
0,12.145235622591446,85.67974614997803,2,Mon-Th,3,2025-07-10,Mon-Th,2,18
9,1.999999880790715,85.68000011920931,2,Mon-Th,3,2025-07-10,Mon-Th,2,18
0,16.199338265749834,85.68000011920931,2,Mon-Th,3,2025-07-10,Mon-Th,2,18
0,20.518309098143263,85.68000011920931,2,Mon-Th,3,2025-07-10,Mon-Th,2,18
0,1.999999880790715,85.68000011920931,2,Mon-Th,3,2025-07-10,Mon-Th,2,18
0,11.340585374095294,85.68000011920931,2,Mon-Th,3,2025-07-10,Mon-Th,2,18
0,1.999999880790715,85.68000011920931,2,Mon-Th,3,2025-07-10,Mon-Th,2,18
8,1.999999880790715,74.19734275201911,2,Mon-Th,3,2025-07-10,Mon-Th,2,18
0,3.5593646130747922,85.68000011920931,2,Mon-Th,3,2025-07-10,Mon-Th,2,18
9,1.9999998807907504,85.68000011920931,2,Mon-Th,3,2025-07-10,Mon-Th,2,18
0,18.382078316284304,85.68000011920931,2,Mon-Th,3,2025-07-10,Mon-Th,2,18
7,1.999999880790715,85.68000011920931,2,Mon-Th,3,2025-07-10,Mon-Th,2,18
0,20.70859478895892,85.68000011920931,2,Mon-Th,3,2025-07-10,Mon-Th,2,18
0,1.999999880790715,85.68000011920931,2,Mon-Th,3,2025-07-10,Mon-Th,2,18
0,2.2160866425378107,85.68000011920931,2,Mon-Th,3,2025-07-10,Mon-Th,2,18
17,1.999999880803143,85.68000011920931,2,Mon-Th,3,2025-07-10,Mon-Th,2,18
14,2.000000727787483,85.68000011920931,2,Mon-Th,3,2025-07-10,Mon-Th,2,18
0,1.999999880790715,78.90121145011435,2,Mon-Th,3,2025-07-14,Mon-Th,2,21
0,4.1862198375631605,77.1707497155875,2,Mon-Th,3,2025-07-14,Mon-Th,2,21
0,1.999999880790715,85.68000011920931,2,Mon-Th,3,2025-07-14,Mon-Th,2,21
1,12.571783595040436,85.68000011920931,2,Mon-Th,3,2025-07-14,Mon-Th,2,21
14,36.426237083145296,83.47634453189872,2,Mon-Th,3,2025-07-14,Mon-Th,2,21
1,1.999999880790715,85.68000011920931,2,Mon-Th,3,2025-07-14,Mon-Th,2,21
23,1.9999998807907104,85.68000011920931,2,Mon-Th,3,2025-07-14,Mon-Th,2,21
13,1.999999880790715,85.68000011920931,2,Mon-Th,3,2025-07-14,Mon-Th,2,21
2,1.999999880790715,85.68000011920931,2,Mon-Th,3,2025-07-14,Mon-Th,2,21
23,1.9999998807907104,85.68000011920931,2,Mon-Th,3,2025-07-14,Mon-Th,2,21
0,1.9999998807907104,85.68000011920931,2,Mon-Th,3,2025-07-14,Mon-Th,2,21
9,1.999999880790715,85.68000011920931,2,Mon-Th,3,2025-07-14,Mon-Th,2,21
19,1.9999998932475338,85.47309677779377,2,Mon-Th,3,2025-07-14,Mon-Th,2,21
0,1.999999880790715,85.68000011920931,2,Mon-Th,3,2025-07-14,Mon-Th,2,21
0,1.9999998807907104,85.68000011920931,2,Mon-Th,3,2025-07-14,Mon-Th,2,21
0,1.999999880790715,85.68000011920931,2,Mon-Th,3,2025-07-14,Mon-Th,2,21
0,1.9999998807907224,85.68000011920931,2,Mon-Th,3,2025-07-14,Mon-Th,2,21
7,1.999999880790715,85.68000011920931,2,Mon-Th,3,2025-07-14,Mon-Th,2,21
0,1.999999880790715,85.68000011920931,2,Mon-Th,3,2025-07-14,Mon-Th,2,21
8,12.537133851393389,70.44765960401345,2,Mon-Th,3,2025-07-14,Mon-Th,2,21
23,1.999999880790715,85.68000011920931,2,Mon-Th,3,2025-07-14,Mon-Th,2,21
9,1.999999880790715,85.68000011920931,2,Mon-Th,3,2025-07-15,Mon-Th,2,12
6,2.0001825043111476,36.152840703761214,2,Mon-Th,3,2025-07-15,Mon-Th,2,12
0,1.999999880790715,85.68000011920931,2,Mon-Th,3,2025-07-15,Mon-Th,2,12
0,5.82738642690822,80.54019727051488,2,Mon-Th,3,2025-07-15,Mon-Th,2,12
0,1.999999880790715,83.54561143289148,2,Mon-Th,3,2025-07-15,Mon-Th,2,12
0,1.999999880790715,85.68000011920931,2,Mon-Th,3,2025-07-15,Mon-Th,2,12
0,35.822373026971434,85.67999663398815,2,Mon-Th,3,2025-07-15,Mon-Th,2,12
0,1.999999880790715,83.04778847725908,2,Mon-Th,3,2025-07-15,Mon-Th,2,12
0,1.999999880790715,85.68000011920931,2,Mon-Th,3,2025-07-15,Mon-Th,2,12
0,2.0562203712132145,85.68000011920931,2,Mon-Th,3,2025-07-15,Mon-Th,2,12
0,2.000059135688568,85.67999904586071,2,Mon-Th,3,2025-07-15,Mon-Th,2,12
0,1.999999880790715,85.68000011920931,2,Mon-Th,3,2025-07-15,Mon-Th,2,12
0,1.999999880790715,85.68000011920931,2,Mon-Th,3,2025-07-16,Mon-Th,2,16
0,1.9999998808080948,85.68000011920931,2,Mon-Th,3,2025-07-16,Mon-Th,2,16
0,1.9999999345310315,85.6713371896967,2,Mon-Th,3,2025-07-16,Mon-Th,2,16
2,1.999999880790715,85.68000011920931,2,Mon-Th,3,2025-07-16,Mon-Th,2,16
0,1.999999880790715,85.68000011920931,2,Mon-Th,3,2025-07-16,Mon-Th,2,16
23,1.999999880790715,85.67999122901007,2,Mon-Th,3,2025-07-16,Mon-Th,2,16
5,1.999999880790715,85.68000011920931,2,Mon-Th,3,2025-07-16,Mon-Th,2,16
0,1.999999880790715,85.68000011920931,2,Mon-Th,3,2025-07-16,Mon-Th,2,16
0,1.999999880790715,85.68000011920931,2,Mon-Th,3,2025-07-16,Mon-Th,2,16
1,8.706729444793938,73.99703428108452,2,Mon-Th,3,2025-07-16,Mon-Th,2,16
0,119.9167001192093,85.68000011920931,2,Mon-Th,3,2025-07-16,Mon-Th,2,16
10,1.9999998807907104,85.68000011920931,2,Mon-Th,3,2025-07-16,Mon-Th,2,16
0,1.9999998879741352,85.68000011478442,2,Mon-Th,3,2025-07-16,Mon-Th,2,16
0,1.9999998901803593,85.68000011920931,2,Mon-Th,3,2025-07-16,Mon-Th,2,16
0,1.999999880790715,85.68000011920931,2,Mon-Th,3,2025-07-16,Mon-Th,2,16
16,1.999999880790715,85.68000011920931,2,Mon-Th,3,2025-07-16,Mon-Th,2,16
0,1.999999880790715,85.68000011920931,2,Mon-Th,3,2025-07-17,Mon-Th,2,15
23,1.999999880790715,85.68000011920931,2,Mon-Th,3,2025-07-17,Mon-Th,2,15
0,2.000185064406635,85.68000011920931,2,Mon-Th,3,2025-07-17,Mon-Th,2,15
23,1.999999880790715,85.68000011920931,2,Mon-Th,3,2025-07-17,Mon-Th,2,15
0,1.999999880790715,85.68000011920931,2,Mon-Th,3,2025-07-17,Mon-Th,2,15
0,2.0000008098072777,85.68000011920931,2,Mon-Th,3,2025-07-17,Mon-Th,2,15
0,1.999999880790715,85.68000011920931,2,Mon-Th,3,2025-07-17,Mon-Th,2,15
0,7.4363034713661715,54.804059651820026,2,Mon-Th,3,2025-07-17,Mon-Th,2,15
8,2.000005396014429,85.68000011920931,2,Mon-Th,3,2025-07-17,Mon-Th,2,15
0,28.017133244499895,85.67987212747938,2,Mon-Th,3,2025-07-17,Mon-Th,2,15
0,1.999999880790715,85.68000011920931,2,Mon-Th,3,2025-07-17,Mon-Th,2,15
14,1.999999880790715,80.97138174294446,2,Mon-Th,3,2025-07-17,Mon-Th,2,15
17,1.999999880790715,85.68000011920931,2,Mon-Th,3,2025-07-17,Mon-Th,2,15
0,5.176064268935398,85.67988837572176,2,Mon-Th,3,2025-07-17,Mon-Th,2,15
8,1.999999880790715,85.68000011920931,2,Mon-Th,3,2025-07-17,Mon-Th,2,15
0,1.9999998807907104,85.68000011920931,2,Mon-Th,3,2025-07-21,Mon-Th,2,16
18,2.0000040539939916,85.6777687963974,2,Mon-Th,3,2025-07-21,Mon-Th,2,16
0,1.9999998807907104,85.68000011920931,2,Mon-Th,3,2025-07-21,Mon-Th,2,16
0,2.0003921868546444,65.59768005959033,2,Mon-Th,3,2025-07-21,Mon-Th,2,16
9,1.999999880790715,85.68000011920931,2,Mon-Th,3,2025-07-21,Mon-Th,2,16
17,1.999999880790715,78.03056567171974,2,Mon-Th,3,2025-07-21,Mon-Th,2,16
1,9.49891551091707,80.81392759519521,2,Mon-Th,3,2025-07-21,Mon-Th,2,16
0,3.555871566227454,85.67999833377185,2,Mon-Th,3,2025-07-21,Mon-Th,2,16
0,1.999999880790715,85.68000003039572,2,Mon-Th,3,2025-07-21,Mon-Th,2,16
9,1.9999998807907104,85.68000011920931,2,Mon-Th,3,2025-07-21,Mon-Th,2,16
4,1.999999884183375,71.69305424136147,2,Mon-Th,3,2025-07-21,Mon-Th,2,16
0,5.488966745895281,85.67996109326833,2,Mon-Th,3,2025-07-21,Mon-Th,2,16
0,2.0000236542645218,85.68000011920931,2,Mon-Th,3,2025-07-21,Mon-Th,2,16
0,16.268745812147507,82.81873751693942,2,Mon-Th,3,2025-07-21,Mon-Th,2,16
15,1.999999880790715,85.67999849559584,2,Mon-Th,3,2025-07-21,Mon-Th,2,16
16,1.999999880790715,55.43618539939081,2,Mon-Th,3,2025-07-21,Mon-Th,2,16
0,1.9999998807907224,85.68000011920931,2,Mon-Th,3,2025-07-22,Mon-Th,2,9
21,1.999999880790715,85.67726517711723,2,Mon-Th,3,2025-07-22,Mon-Th,2,9
23,1.999999880790715,85.68000011920931,2,Mon-Th,3,2025-07-22,Mon-Th,2,9
22,1.999999880790715,85.68000011920931,2,Mon-Th,3,2025-07-22,Mon-Th,2,9
0,1.999999880790715,85.68000011920931,2,Mon-Th,3,2025-07-22,Mon-Th,2,9
12,2.0000002487528676,85.68000011920931,2,Mon-Th,3,2025-07-22,Mon-Th,2,9
22,1.999999880790715,85.68000011920931,2,Mon-Th,3,2025-07-22,Mon-Th,2,9
0,1.999999880790715,85.68000011920931,2,Mon-Th,3,2025-07-22,Mon-Th,2,9
14,1.9999998808092398,76.31389088863189,2,Mon-Th,3,2025-07-22,Mon-Th,2,9
1,4.130485622010768,85.67827820916823,2,Mon-Th,3,2025-07-23,Mon-Th,2,15
23,1.9999998807907104,85.68000011920931,2,Mon-Th,3,2025-07-23,Mon-Th,2,15
0,1.999999880790715,85.68000011920931,2,Mon-Th,3,2025-07-23,Mon-Th,2,15
22,1.9999998807907104,85.68000011920931,2,Mon-Th,3,2025-07-23,Mon-Th,2,15
0,1.999999880790715,85.68000011920931,2,Mon-Th,3,2025-07-23,Mon-Th,2,15
22,1.999999880790715,85.68000011920931,2,Mon-Th,3,2025-07-23,Mon-Th,2,15
23,1.999999880790715,85.68000011920931,2,Mon-Th,3,2025-07-23,Mon-Th,2,15
22,1.999999880790715,85.68000011920931,2,Mon-Th,3,2025-07-23,Mon-Th,2,15
0,4.620277564581073,85.68000011920931,2,Mon-Th,3,2025-07-23,Mon-Th,2,15
0,1.999999880790715,85.61889433797943,2,Mon-Th,3,2025-07-23,Mon-Th,2,15
12,7.501160326280591,81.31197977159665,2,Mon-Th,3,2025-07-23,Mon-Th,2,15
23,1.9999998807907104,85.68000011920931,2,Mon-Th,3,2025-07-23,Mon-Th,2,15
0,16.832347155471908,85.68000011920931,2,Mon-Th,3,2025-07-23,Mon-Th,2,15
2,3.3110562467968805,85.68000011920931,2,Mon-Th,3,2025-07-23,Mon-Th,2,15
10,1.999999880790715,55.71422619760499,2,Mon-Th,3,2025-07-23,Mon-Th,2,15
1,2.0177363303198486,85.68000011920931,2,Mon-Th,3,2025-07-24,Mon-Th,2,17
1,13.154023608125751,70.56690049426396,2,Mon-Th,3,2025-07-24,Mon-Th,2,17
0,1.9999998807907104,85.68000011920931,2,Mon-Th,3,2025-07-24,Mon-Th,2,17
0,31.30915100117466,85.68000011920931,2,Mon-Th,3,2025-07-24,Mon-Th,2,17
0,1.9999998808025983,85.67995733500989,2,Mon-Th,3,2025-07-24,Mon-Th,2,17
0,1.999999880790715,85.68000011920931,2,Mon-Th,3,2025-07-24,Mon-Th,2,17
23,1.9999998807907104,85.68000011920931,2,Mon-Th,3,2025-07-24,Mon-Th,2,17
23,1.9999998807907104,85.68000011920931,2,Mon-Th,3,2025-07-24,Mon-Th,2,17
20,1.9999998807981707,85.65022036272875,2,Mon-Th,3,2025-07-24,Mon-Th,2,17
0,1.999999880790715,85.68000011920931,2,Mon-Th,3,2025-07-24,Mon-Th,2,17
0,1.999999880790715,85.68000011920931,2,Mon-Th,3,2025-07-24,Mon-Th,2,17
19,1.9999998808051176,63.516268721800095,2,Mon-Th,3,2025-07-24,Mon-Th,2,17
19,1.999999880790715,85.68000011920931,2,Mon-Th,3,2025-07-24,Mon-Th,2,17
0,4.6200864846987635,85.68000011920931,2,Mon-Th,3,2025-07-24,Mon-Th,2,17
2,7.232225953908204,85.68000011920931,2,Mon-Th,3,2025-07-24,Mon-Th,2,17
23,1.999999880790715,85.68000011920931,2,Mon-Th,3,2025-07-24,Mon-Th,2,17
23,1.999999880790715,85.68000011920931,2,Mon-Th,3,2025-07-24,Mon-Th,2,17
0,4.210843046680279,85.37186966921809,2,Mon-Th,3,2025-07-28,Mon-Th,2,16
0,11.55251995769611,85.68000011257199,2,Mon-Th,3,2025-07-28,Mon-Th,2,16
0,35.320374113276486,85.62823772755209,2,Mon-Th,3,2025-07-28,Mon-Th,2,16
4,2.000345054189326,85.68000011920931,2,Mon-Th,3,2025-07-28,Mon-Th,2,16
23,1.9999998807911117,85.66604422477836,2,Mon-Th,3,2025-07-28,Mon-Th,2,16
0,27.05148348719131,85.68000011920931,2,Mon-Th,3,2025-07-28,Mon-Th,2,16
1,2.000455872582365,85.68000011920931,2,Mon-Th,3,2025-07-28,Mon-Th,2,16
23,1.999999880790715,85.68000011920931,2,Mon-Th,3,2025-07-28,Mon-Th,2,16
23,1.999999880790715,85.68000011920931,2,Mon-Th,3,2025-07-28,Mon-Th,2,16
17,1.999999880790715,85.67671153422272,2,Mon-Th,3,2025-07-28,Mon-Th,2,16
19,1.999999880790715,85.68000011920931,2,Mon-Th,3,2025-07-28,Mon-Th,2,16
23,1.999999880790715,85.68000011920931,2,Mon-Th,3,2025-07-28,Mon-Th,2,16
0,2.0000005060018915,85.68000011920931,2,Mon-Th,3,2025-07-28,Mon-Th,2,16
23,7.28397037216922,61.592108116732874,2,Mon-Th,3,2025-07-28,Mon-Th,2,16
0,1.999999880790715,85.67999980946793,2,Mon-Th,3,2025-07-28,Mon-Th,2,16
0,1.999999880790715,85.68000011920931,2,Mon-Th,3,2025-07-28,Mon-Th,2,16
2,1.999999880790715,85.68000011920931,2,Mon-Th,3,2025-07-29,Mon-Th,2,15
0,9.816286913433032,85.68000011920931,2,Mon-Th,3,2025-07-29,Mon-Th,2,15
22,1.999999880790715,71.04016403995595,2,Mon-Th,3,2025-07-29,Mon-Th,2,15
0,1.999999880790715,85.68000011920931,2,Mon-Th,3,2025-07-29,Mon-Th,2,15
20,1.999999880790715,85.68000011920931,2,Mon-Th,3,2025-07-29,Mon-Th,2,15
11,1.999999880790715,73.78721232522747,2,Mon-Th,3,2025-07-29,Mon-Th,2,15
23,1.9999998807907224,85.68000011920931,2,Mon-Th,3,2025-07-29,Mon-Th,2,15
23,1.9999998807908064,85.68000011920931,2,Mon-Th,3,2025-07-29,Mon-Th,2,15
0,1.999999880790715,85.68000011920931,2,Mon-Th,3,2025-07-29,Mon-Th,2,15
0,1.999999880790715,85.68000011920931,2,Mon-Th,3,2025-07-29,Mon-Th,2,15
18,1.999999881821322,85.67977168076472,2,Mon-Th,3,2025-07-29,Mon-Th,2,15
0,1.999999880790715,85.68000011920931,2,Mon-Th,3,2025-07-29,Mon-Th,2,15
7,1.999999880790715,85.68000011920931,2,Mon-Th,3,2025-07-29,Mon-Th,2,15
0,7.159148149636031,85.68000011478442,2,Mon-Th,3,2025-07-29,Mon-Th,2,15
0,25.854805569265043,85.68000011920931,2,Mon-Th,3,2025-07-29,Mon-Th,2,15
18,1.999999880790715,85.68000011920931,2,Mon-Th,3,2025-07-30,Mon-Th,2,11
23,1.999999880835689,85.66025710814202,2,Mon-Th,3,2025-07-30,Mon-Th,2,11
0,1.9999998807907104,85.68000011920931,2,Mon-Th,3,2025-07-30,Mon-Th,2,11
0,1.999999880790715,85.68000011920931,2,Mon-Th,3,2025-07-30,Mon-Th,2,11
23,1.9999998807907104,85.68000011920931,2,Mon-Th,3,2025-07-30,Mon-Th,2,11
14,1.999999880790715,65.92115324181997,2,Mon-Th,3,2025-07-30,Mon-Th,2,11
17,1.999999880790715,85.68000011920931,2,Mon-Th,3,2025-07-30,Mon-Th,2,11
3,2.00000443564929,85.673230712313,2,Mon-Th,3,2025-07-30,Mon-Th,2,11
0,9.46025214768553,69.1124025352083,2,Mon-Th,3,2025-07-30,Mon-Th,2,11
23,1.999999880790715,85.68000011920931,2,Mon-Th,3,2025-07-30,Mon-Th,2,11
10,2.0576727135739183,85.68000011920931,2,Mon-Th,3,2025-07-30,Mon-Th,2,11
2,8.30568656062475,85.5430543840828,2,Mon-Th,3,2025-07-31,Mon-Th,2,15
0,1.999999880790715,85.68000011920931,2,Mon-Th,3,2025-07-31,Mon-Th,2,15
22,1.9999999867974938,85.67997868169164,2,Mon-Th,3,2025-07-31,Mon-Th,2,15
0,1.999999880790715,85.68000011920931,2,Mon-Th,3,2025-07-31,Mon-Th,2,15
8,2.892774793028737,85.68000011920931,2,Mon-Th,3,2025-07-31,Mon-Th,2,15
5,11.509469470594574,85.68000011920931,2,Mon-Th,3,2025-07-31,Mon-Th,2,15
0,2.000716844427054,85.68000010372224,2,Mon-Th,3,2025-07-31,Mon-Th,2,15
1,1.999999880790715,85.68000011920931,2,Mon-Th,3,2025-07-31,Mon-Th,2,15
0,1.999999880790715,85.68000011920931,2,Mon-Th,3,2025-07-31,Mon-Th,2,15
0,2.0437997118860927,85.68000011920931,2,Mon-Th,3,2025-07-31,Mon-Th,2,15
10,1.999999880790715,85.14779965448352,2,Mon-Th,3,2025-07-31,Mon-Th,2,15
9,1.9999998816336901,64.07756403893737,2,Mon-Th,3,2025-07-31,Mon-Th,2,15
0,6.8968217176613065,68.19352569561275,2,Mon-Th,3,2025-07-31,Mon-Th,2,15
0,1.999999880790715,85.68000002881539,2,Mon-Th,3,2025-07-31,Mon-Th,2,15
0,1.999999880790715,85.68000011920931,2,Mon-Th,3,2025-07-31,Mon-Th,2,15
0,9.601097869084011,85.66886409574353,2,Mon-Th,3,2025-08-04,Mon-Th,2,20
0,1.9999998810006634,85.68000011920931,2,Mon-Th,3,2025-08-04,Mon-Th,2,20
0,2.0000646933527344,85.68000011920931,2,Mon-Th,3,2025-08-04,Mon-Th,2,20
0,1.999999880790715,58.75973582794278,2,Mon-Th,3,2025-08-04,Mon-Th,2,20
0,1.999999880790715,61.0221532979009,2,Mon-Th,3,2025-08-04,Mon-Th,2,20
21,1.999999880790715,85.68000011920931,2,Mon-Th,3,2025-08-04,Mon-Th,2,20
2,1.999999880790819,85.68000011920931,2,Mon-Th,3,2025-08-04,Mon-Th,2,20
0,2.0000000365736783,85.68000011920931,2,Mon-Th,3,2025-08-04,Mon-Th,2,20
23,1.999999880790715,85.68000011920931,2,Mon-Th,3,2025-08-04,Mon-Th,2,20
23,1.999999880790715,85.68000011920931,2,Mon-Th,3,2025-08-04,Mon-Th,2,20
23,1.999999880790715,85.68000011920931,2,Mon-Th,3,2025-08-04,Mon-Th,2,20
23,1.999999880790715,85.68000011920931,2,Mon-Th,3,2025-08-04,Mon-Th,2,20
5,1.9999998807907104,85.68000011920931,2,Mon-Th,3,2025-08-04,Mon-Th,2,20
20,1.999999880790715,85.6800001182611,2,Mon-Th,3,2025-08-04,Mon-Th,2,20
12,1.9999998831703716,85.3062683118811,2,Mon-Th,3,2025-08-04,Mon-Th,2,20
12,1.9999998807907104,85.68000011920931,2,Mon-Th,3,2025-08-04,Mon-Th,2,20
23,2.0001120361462625,85.68000011920931,2,Mon-Th,3,2025-08-04,Mon-Th,2,20
0,1.999999880790715,85.68000011920931,2,Mon-Th,3,2025-08-04,Mon-Th,2,20
23,1.999999880790715,85.68000011920931,2,Mon-Th,3,2025-08-04,Mon-Th,2,20
4,2.0438778296094378,56.35536777976705,2,Mon-Th,3,2025-08-04,Mon-Th,2,20
0,1.999999880790715,85.67993800300226,2,Mon-Th,3,2025-08-05,Mon-Th,2,20
22,1.9999998807907104,85.68000011920931,2,Mon-Th,3,2025-08-05,Mon-Th,2,20
0,1.9999998807907224,85.68000011920931,2,Mon-Th,3,2025-08-05,Mon-Th,2,20
6,1.999999880790715,85.68000011920931,2,Mon-Th,3,2025-08-05,Mon-Th,2,20
0,1.999999880790715,85.68000011920931,2,Mon-Th,3,2025-08-05,Mon-Th,2,20
0,1.999999880790715,85.05780474233569,2,Mon-Th,3,2025-08-05,Mon-Th,2,20
0,44.406055278205066,85.68000011920931,2,Mon-Th,3,2025-08-05,Mon-Th,2,20
13,1.999999880790715,85.68000011920931,2,Mon-Th,3,2025-08-05,Mon-Th,2,20
0,36.305568137104856,85.68000011920931,2,Mon-Th,3,2025-08-05,Mon-Th,2,20
0,2.002430748649434,85.68000011920931,2,Mon-Th,3,2025-08-05,Mon-Th,2,20
0,1.999999880790715,85.68000011920931,2,Mon-Th,3,2025-08-05,Mon-Th,2,20
23,1.9999998807907224,85.68000011920931,2,Mon-Th,3,2025-08-05,Mon-Th,2,20
0,1.999999880790715,85.68000011920931,2,Mon-Th,3,2025-08-05,Mon-Th,2,20
3,1.999999880790715,85.68000011920931,2,Mon-Th,3,2025-08-05,Mon-Th,2,20
0,1.999999880790715,85.68000011920931,2,Mon-Th,3,2025-08-05,Mon-Th,2,20
13,2.0059227587558506,85.68000011920931,2,Mon-Th,3,2025-08-05,Mon-Th,2,20
0,17.12164927526778,85.68000011920931,2,Mon-Th,3,2025-08-05,Mon-Th,2,20
23,1.999999880790715,85.68000011920931,2,Mon-Th,3,2025-08-05,Mon-Th,2,20
0,2.1611461273792503,85.67929895381724,2,Mon-Th,3,2025-08-05,Mon-Th,2,20
0,1.9999998822618361,85.68000011920931,2,Mon-Th,3,2025-08-05,Mon-Th,2,20
17,1.999999880790715,85.68000011920931,2,Mon-Th,3,2025-08-06,Mon-Th,2,11
0,1.999999880790715,85.68000011920931,2,Mon-Th,3,2025-08-06,Mon-Th,2,11
0,1.9999998807907104,85.68000011920931,2,Mon-Th,3,2025-08-06,Mon-Th,2,11
0,1.999999880790715,85.68000011920931,2,Mon-Th,3,2025-08-06,Mon-Th,2,11
0,1.999999880790715,85.68000011920931,2,Mon-Th,3,2025-08-06,Mon-Th,2,11
22,2.0214725315967743,74.64188057190863,2,Mon-Th,3,2025-08-06,Mon-Th,2,11
23,1.999999880790715,85.68000011920931,2,Mon-Th,3,2025-08-06,Mon-Th,2,11
0,1.9999998807907104,85.68000011920931,2,Mon-Th,3,2025-08-06,Mon-Th,2,11
0,1.999999880790715,85.68000011920931,2,Mon-Th,3,2025-08-06,Mon-Th,2,11
0,1.999999880790715,85.68000011920931,2,Mon-Th,3,2025-08-06,Mon-Th,2,11
22,1.999999880790715,85.68000011920931,2,Mon-Th,3,2025-08-06,Mon-Th,2,11
0,1.999999880790715,85.68000011920931,2,Mon-Th,3,2025-08-07,Mon-Th,2,13
23,1.999999880790715,85.68000011920931,2,Mon-Th,3,2025-08-07,Mon-Th,2,13
0,1.999999880790715,85.68000011920931,2,Mon-Th,3,2025-08-07,Mon-Th,2,13
23,2.022747405305276,85.68000011920931,2,Mon-Th,3,2025-08-07,Mon-Th,2,13
0,1.999999882758373,81.01624093730051,2,Mon-Th,3,2025-08-07,Mon-Th,2,13
0,9.65917252379425,75.8287366565293,2,Mon-Th,3,2025-08-07,Mon-Th,2,13
8,4.0924351144356415,85.68000011889325,2,Mon-Th,3,2025-08-07,Mon-Th,2,13
0,1.9999998807907173,85.68000011920931,2,Mon-Th,3,2025-08-07,Mon-Th,2,13
23,1.999999880790715,85.6800001166808,2,Mon-Th,3,2025-08-07,Mon-Th,2,13
0,1.999999880790715,84.988921047157,2,Mon-Th,3,2025-08-07,Mon-Th,2,13
10,2.011085163420118,85.68000011920931,2,Mon-Th,3,2025-08-07,Mon-Th,2,13
23,1.999999880790715,85.68000011920931,2,Mon-Th,3,2025-08-07,Mon-Th,2,13
0,1.999999880790715,85.67999959106866,2,Mon-Th,3,2025-08-07,Mon-Th,2,13
15,7.599581513118025,79.78013169651551,2,Mon-Th,3,2025-08-11,Mon-Th,2,18
0,1.999999880790715,75.5089598270113,2,Mon-Th,3,2025-08-11,Mon-Th,2,18
23,1.999999880790715,85.68000011920931,2,Mon-Th,3,2025-08-11,Mon-Th,2,18
23,1.999999880790715,85.68000011920931,2,Mon-Th,3,2025-08-11,Mon-Th,2,18
0,1.999999880790715,85.68000011920931,2,Mon-Th,3,2025-08-11,Mon-Th,2,18
10,1.999999880790715,85.68000011920931,2,Mon-Th,3,2025-08-11,Mon-Th,2,18
0,9.385054459749428,85.68000011920931,2,Mon-Th,3,2025-08-11,Mon-Th,2,18
14,1.999999880790715,85.67748466269207,2,Mon-Th,3,2025-08-11,Mon-Th,2,18
23,1.999999880790715,85.68000011920931,2,Mon-Th,3,2025-08-11,Mon-Th,2,18
1,2.561905077164193,85.68000011920931,2,Mon-Th,3,2025-08-11,Mon-Th,2,18
1,2.164640344494512,55.513745361807715,2,Mon-Th,3,2025-08-11,Mon-Th,2,18
0,1.999999880790715,85.68000011920931,2,Mon-Th,3,2025-08-11,Mon-Th,2,18
23,1.999999880790715,85.68000011920931,2,Mon-Th,3,2025-08-11,Mon-Th,2,18
0,1.999999880790715,85.68000011920931,2,Mon-Th,3,2025-08-11,Mon-Th,2,18
0,1.9999998807907104,85.68000011920931,2,Mon-Th,3,2025-08-11,Mon-Th,2,18
0,2.000005697450128,85.67843967836914,2,Mon-Th,3,2025-08-11,Mon-Th,2,18
21,1.999999880790715,85.68000011889325,2,Mon-Th,3,2025-08-11,Mon-Th,2,18
0,2.00000008594901,85.68000011920931,2,Mon-Th,3,2025-08-11,Mon-Th,2,18
0,1.999999880790715,84.6009253279555,2,Mon-Th,3,2025-08-12,Mon-Th,2,15
0,9.450849913180893,84.0840070081982,2,Mon-Th,3,2025-08-12,Mon-Th,2,15
8,38.98782908993173,85.68000011920931,2,Mon-Th,3,2025-08-12,Mon-Th,2,15
23,1.999999880790715,78.01615637366655,2,Mon-Th,3,2025-08-12,Mon-Th,2,15
23,1.999999880790715,85.68000011920931,2,Mon-Th,3,2025-08-12,Mon-Th,2,15
23,1.999999880790715,85.68000011920931,2,Mon-Th,3,2025-08-12,Mon-Th,2,15
12,1.999999880790715,84.41632534694895,2,Mon-Th,3,2025-08-12,Mon-Th,2,15
12,1.999999880790715,85.68000011920931,2,Mon-Th,3,2025-08-12,Mon-Th,2,15
19,2.029144558949728,85.68000011920931,2,Mon-Th,3,2025-08-12,Mon-Th,2,15
12,5.046196205768387,40.87171032821257,2,Mon-Th,3,2025-08-12,Mon-Th,2,15
0,1.999999880790715,83.75133411583953,2,Mon-Th,3,2025-08-12,Mon-Th,2,15
5,2.0157705308713516,85.61967908368895,2,Mon-Th,3,2025-08-12,Mon-Th,2,15
0,2.002327541038813,85.68000011920931,2,Mon-Th,3,2025-08-12,Mon-Th,2,15
0,1.9999998807997736,85.67999990744732,2,Mon-Th,3,2025-08-12,Mon-Th,2,15
0,1.999999880790715,85.68000011920931,2,Mon-Th,3,2025-08-12,Mon-Th,2,15
22,1.999999880790715,85.68000011920931,2,Mon-Th,3,2025-08-13,Mon-Th,2,11
23,1.999999880790715,85.68000011920931,2,Mon-Th,3,2025-08-13,Mon-Th,2,11
0,2.0000020459629835,85.68000011920931,2,Mon-Th,3,2025-08-13,Mon-Th,2,11
0,2.799019925268242,85.68000011920931,2,Mon-Th,3,2025-08-13,Mon-Th,2,11
23,1.9999998807907104,85.68000011920931,2,Mon-Th,3,2025-08-13,Mon-Th,2,11
8,1.999999880790715,85.68000011920931,2,Mon-Th,3,2025-08-13,Mon-Th,2,11
0,2.0000539381564173,85.67999138166796,2,Mon-Th,3,2025-08-13,Mon-Th,2,11
0,1.999999880790715,85.68000011920931,2,Mon-Th,3,2025-08-13,Mon-Th,2,11
23,1.999999880790715,85.68000011920931,2,Mon-Th,3,2025-08-13,Mon-Th,2,11
9,1.999999880790715,85.63338474062006,2,Mon-Th,3,2025-08-13,Mon-Th,2,11
21,1.9999998807907104,85.68000011920931,2,Mon-Th,3,2025-08-13,Mon-Th,2,11
0,17.86772810607168,37.90342111917046,2,Mon-Th,3,2025-08-14,Mon-Th,2,18
23,1.999999880790715,85.68000011920931,2,Mon-Th,3,2025-08-14,Mon-Th,2,18
22,1.999999880790715,85.68000011920931,2,Mon-Th,3,2025-08-14,Mon-Th,2,18
1,1.999999880790715,85.68000011920931,2,Mon-Th,3,2025-08-14,Mon-Th,2,18
0,1.999999880790715,85.68000011920931,2,Mon-Th,3,2025-08-14,Mon-Th,2,18
19,1.999999880790715,85.68000011920931,2,Mon-Th,3,2025-08-14,Mon-Th,2,18
10,2.004516364155382,69.33675419294251,2,Mon-Th,3,2025-08-14,Mon-Th,2,18
23,1.999999880790715,85.68000011920931,2,Mon-Th,3,2025-08-14,Mon-Th,2,18
23,1.999999880790715,85.68000011920931,2,Mon-Th,3,2025-08-14,Mon-Th,2,18
0,1.999999880790715,85.68000011920931,2,Mon-Th,3,2025-08-14,Mon-Th,2,18
0,1.999999880790715,85.68000011920931,2,Mon-Th,3,2025-08-14,Mon-Th,2,18
2,4.6236766485926815,74.12422157144462,2,Mon-Th,3,2025-08-14,Mon-Th,2,18
0,1.999999880790715,85.68000011920931,2,Mon-Th,3,2025-08-14,Mon-Th,2,18
0,2.112521757465736,85.68000011920931,2,Mon-Th,3,2025-08-14,Mon-Th,2,18
22,2.037871965460632,85.6176249288313,2,Mon-Th,3,2025-08-14,Mon-Th,2,18
0,1.999999880790715,85.67999324927811,2,Mon-Th,3,2025-08-14,Mon-Th,2,18
3,1.999999880790715,85.68000011920931,2,Mon-Th,3,2025-08-14,Mon-Th,2,18
0,2.5081501770975945,85.68000011920931,2,Mon-Th,3,2025-08-14,Mon-Th,2,18
0,1.9999998808012345,85.67124173655485,2,Mon-Th,3,2025-08-18,Mon-Th,2,12
18,1.999999880790715,85.68000011920931,2,Mon-Th,3,2025-08-18,Mon-Th,2,12
0,1.999999880790715,85.68000011920931,2,Mon-Th,3,2025-08-18,Mon-Th,2,12
0,1.999999880790715,85.68000011920931,2,Mon-Th,3,2025-08-18,Mon-Th,2,12
0,1.999999880790715,85.67999083266852,2,Mon-Th,3,2025-08-18,Mon-Th,2,12
0,1.9999998807990613,81.64718001902393,2,Mon-Th,3,2025-08-18,Mon-Th,2,12
4,8.895331459267268,56.89004718318812,2,Mon-Th,3,2025-08-18,Mon-Th,2,12
23,1.9999998807907104,85.68000011920931,2,Mon-Th,3,2025-08-18,Mon-Th,2,12
0,2.00000338475032,85.68000011920931,2,Mon-Th,3,2025-08-18,Mon-Th,2,12
23,1.999999880790715,85.68000011920931,2,Mon-Th,3,2025-08-18,Mon-Th,2,12
0,2.024121810808997,85.68000011920931,2,Mon-Th,3,2025-08-18,Mon-Th,2,12
0,1.999999899173955,85.68000011920931,2,Mon-Th,3,2025-08-18,Mon-Th,2,12
0,2.001332599212383,85.68000011920931,2,Friday,3,2025-06-27,Friday,2,19
0,2.907934246601931,85.68000011920931,2,Friday,3,2025-06-27,Friday,2,19
0,1.999999880790715,85.68000011920931,2,Friday,3,2025-06-27,Friday,2,19
0,1.9999998807907104,85.68000011920931,2,Friday,3,2025-06-27,Friday,2,19
0,7.671514821845976,75.63935690383545,2,Friday,3,2025-06-27,Friday,2,19
0,3.439022711886324,85.68000011920931,2,Friday,3,2025-06-27,Friday,2,19
0,17.035495920894064,53.25879105170021,2,Friday,3,2025-06-27,Friday,2,19
0,20.733987103937775,54.085639798145884,2,Friday,3,2025-06-27,Friday,2,19
0,1.999999880790715,85.68000011920931,2,Friday,3,2025-06-27,Friday,2,19
0,2.0000006449565113,85.68000011920931,2,Friday,3,2025-06-27,Friday,2,19
1,1.9999998807907104,85.68000011920931,2,Friday,3,2025-06-27,Friday,2,19
0,55.79761137255845,85.68000011920931,2,Friday,3,2025-06-27,Friday,2,19
0,24.376314895791552,85.68000011920931,2,Friday,3,2025-06-27,Friday,2,19
0,23.643528372008742,85.68000011920931,2,Friday,3,2025-06-27,Friday,2,19
0,27.43276605930425,85.68000011920931,2,Friday,3,2025-06-27,Friday,2,19
0,18.6242077569094,85.68000011920931,2,Friday,3,2025-06-27,Friday,2,19
0,31.622785101654404,85.68000011920931,2,Friday,3,2025-06-27,Friday,2,19
0,2.91955833251468,85.68000011920931,2,Friday,3,2025-06-27,Friday,2,19
0,11.873373354657392,48.77214603755056,2,Friday,3,2025-06-27,Friday,2,19
0,1.9999998813701716,85.68000011920931,2,Friday,3,2025-07-04,Friday,2,16
0,1.999999880790715,85.68000011920931,2,Friday,3,2025-07-04,Friday,2,16
0,16.318277747445865,79.76148219081809,2,Friday,3,2025-07-04,Friday,2,16
0,17.81207972197719,47.094033478604075,2,Friday,3,2025-07-04,Friday,2,16
0,1.999999880790715,85.68000011920931,2,Friday,3,2025-07-04,Friday,2,16
0,24.98938936312749,85.68000011920931,2,Friday,3,2025-07-04,Friday,2,16
0,16.963895608928024,77.38277948861668,2,Friday,3,2025-07-04,Friday,2,16
0,18.142255579903157,77.18355135431781,2,Friday,3,2025-07-04,Friday,2,16
0,1.999999880790715,85.68000011920931,2,Friday,3,2025-07-04,Friday,2,16
0,9.372340980817828,85.68000011920931,2,Friday,3,2025-07-04,Friday,2,16
0,42.59188685173566,85.68000011920931,2,Friday,3,2025-07-04,Friday,2,16
0,1.999999880790715,85.68000011920931,2,Friday,3,2025-07-04,Friday,2,16
0,2.0000298303684834,85.68000011920931,2,Friday,3,2025-07-04,Friday,2,16
0,1.9999998807907104,85.68000011920931,2,Friday,3,2025-07-04,Friday,2,16
0,23.556168177795392,85.68000011920931,2,Friday,3,2025-07-04,Friday,2,16
0,2.000122009168436,85.68000011920931,2,Friday,3,2025-07-04,Friday,2,16
0,1.999999915728347,85.68000011920931,2,Friday,3,2025-07-11,Friday,2,15
0,1.999999880790715,85.68000011920931,2,Friday,3,2025-07-11,Friday,2,15
0,22.779291930505188,66.40393784273319,2,Friday,3,2025-07-11,Friday,2,15
0,16.926975915939305,85.68000011920931,2,Friday,3,2025-07-11,Friday,2,15
0,10.418114400195371,84.54938331947122,2,Friday,3,2025-07-11,Friday,2,15
0,1.999999880790715,85.68000011920931,2,Friday,3,2025-07-11,Friday,2,15
0,2.010248480667259,85.68000011920931,2,Friday,3,2025-07-11,Friday,2,15
0,2.0000004902515163,85.68000011920931,2,Friday,3,2025-07-11,Friday,2,15
0,2.514383757038825,85.68000011920931,2,Friday,3,2025-07-11,Friday,2,15
0,27.943802810663545,84.63150199902239,2,Friday,3,2025-07-11,Friday,2,15
0,44.95427131444379,85.68000011920931,2,Friday,3,2025-07-11,Friday,2,15
0,24.864202807200037,85.68000011920931,2,Friday,3,2025-07-11,Friday,2,15
0,2.0002666800243967,85.68000011920931,2,Friday,3,2025-07-11,Friday,2,15
0,1.999999880790715,85.68000011920931,2,Friday,3,2025-07-11,Friday,2,15
0,1.999999880790715,85.68000011920931,2,Friday,3,2025-07-11,Friday,2,15
0,12.96209024249621,85.68000011920931,2,Friday,3,2025-07-18,Friday,2,12
0,36.20333708112193,85.68000011920931,2,Friday,3,2025-07-18,Friday,2,12
0,2.0001464614013513,85.68000011920931,2,Friday,3,2025-07-18,Friday,2,12
0,78.44783309642477,85.68000011920931,2,Friday,3,2025-07-18,Friday,2,12
0,2.0003297045766364,85.68000011920931,2,Friday,3,2025-07-18,Friday,2,12
0,26.06113914993162,85.67999732711296,2,Friday,3,2025-07-18,Friday,2,12
0,38.489944728365394,85.68000011920931,2,Friday,3,2025-07-18,Friday,2,12
0,13.148039733129622,83.68169720642837,2,Friday,3,2025-07-18,Friday,2,12
0,2.0000016720159186,85.68000010751499,2,Friday,3,2025-07-18,Friday,2,12
0,2.000001164117101,85.68000011920931,2,Friday,3,2025-07-18,Friday,2,12
0,2.0003438134112135,85.68000011920931,2,Friday,3,2025-07-18,Friday,2,12
0,2.126505796317165,85.68000011920931,2,Friday,3,2025-07-18,Friday,2,12
0,27.453684864161627,85.68000011920931,2,Friday,3,2025-07-25,Friday,2,9
0,2.007385102391624,85.68000011920931,2,Friday,3,2025-07-25,Friday,2,9
0,12.39468767936173,55.92570499798733,2,Friday,3,2025-07-25,Friday,2,9
0,2.00080104877336,85.68000011920931,2,Friday,3,2025-07-25,Friday,2,9
0,6.877955453953059,85.68000011920931,2,Friday,3,2025-07-25,Friday,2,9
0,119.9167001192093,85.68000011920931,2,Friday,3,2025-07-25,Friday,2,9
1,11.777595487240351,85.26533758040713,2,Friday,3,2025-07-25,Friday,2,9
0,1.99999988190128,85.68000011920931,2,Friday,3,2025-07-25,Friday,2,9
0,2.605141902533469,85.68000011920931,2,Friday,3,2025-07-25,Friday,2,9
0,38.73006782781193,85.68000011920931,2,Friday,3,2025-08-01,Friday,2,10
0,16.80429647346906,38.41630005943612,2,Friday,3,2025-08-01,Friday,2,10
0,17.694974625713687,70.02877586062206,2,Friday,3,2025-08-01,Friday,2,10
0,31.00168956882627,85.68000011920931,2,Friday,3,2025-08-01,Friday,2,10
0,19.068968975544678,85.68000011920931,2,Friday,3,2025-08-01,Friday,2,10
0,44.1873085564618,85.68000011920931,2,Friday,3,2025-08-01,Friday,2,10
0,6.5385010986496885,85.68000011920931,2,Friday,3,2025-08-01,Friday,2,10
0,1.999999880790715,85.68000011920931,2,Friday,3,2025-08-01,Friday,2,10
0,38.5649538952388,85.68000011920931,2,Friday,3,2025-08-01,Friday,2,10
0,10.173172617494277,85.68000011920931,2,Friday,3,2025-08-01,Friday,2,10
0,45.34857846107617,85.68000011920931,2,Friday,3,2025-08-08,Friday,2,19
0,45.75054919984875,85.68000011920931,2,Friday,3,2025-08-08,Friday,2,19
0,13.900648517124,55.498035388271504,2,Friday,3,2025-08-08,Friday,2,19
0,1.999999880790715,85.68000011920931,2,Friday,3,2025-08-08,Friday,2,19
0,119.9167001192093,85.68000011920931,2,Friday,3,2025-08-08,Friday,2,19
0,1.999999880790715,85.68000011920931,2,Friday,3,2025-08-08,Friday,2,19
0,10.315502770505741,71.89384321743552,2,Friday,3,2025-08-08,Friday,2,19
0,16.221825684402503,85.68000011920931,2,Friday,3,2025-08-08,Friday,2,19
0,2.18122459623186,85.68000011920931,2,Friday,3,2025-08-08,Friday,2,19
0,4.011074741603604,85.68000011920931,2,Friday,3,2025-08-08,Friday,2,19
0,25.562016335353952,85.68000011920931,2,Friday,3,2025-08-08,Friday,2,19
0,1.999999880790715,85.68000011920931,2,Friday,3,2025-08-08,Friday,2,19
0,1.999999880790715,85.68000011920931,2,Friday,3,2025-08-08,Friday,2,19
0,52.67508018919272,85.68000011920931,2,Friday,3,2025-08-08,Friday,2,19
0,80.73300470606357,85.68000011920931,2,Friday,3,2025-08-08,Friday,2,19
0,12.376394115170818,43.44203883316351,2,Friday,3,2025-08-08,Friday,2,19
0,1.999999880790715,85.68000011920931,2,Friday,3,2025-08-08,Friday,2,19
0,1.999999880790715,85.68000011920931,2,Friday,3,2025-08-08,Friday,2,19
0,21.489988505266368,85.68000011920931,2,Friday,3,2025-08-08,Friday,2,19
0,17.60947109172435,85.68000011920931,2,Friday,3,2025-08-15,Friday,2,15
0,119.9167001192093,85.68000011920931,2,Friday,3,2025-08-15,Friday,2,15
0,15.959752191087343,85.68000011920931,2,Friday,3,2025-08-15,Friday,2,15
0,3.118433155904657,85.68000011920931,2,Friday,3,2025-08-15,Friday,2,15
0,14.561265794021278,85.67980150773273,2,Friday,3,2025-08-15,Friday,2,15
0,1.999999880790715,85.68000011920931,2,Friday,3,2025-08-15,Friday,2,15
0,31.35595518543016,85.68000011920931,2,Friday,3,2025-08-15,Friday,2,15
0,1.999999880790715,85.68000011920931,2,Friday,3,2025-08-15,Friday,2,15
0,2.7770614875436412,85.68000011920931,2,Friday,3,2025-08-15,Friday,2,15
0,2.0300574878904993,85.68000011920931,2,Friday,3,2025-08-15,Friday,2,15
0,2.0012081029289077,85.68000011920931,2,Friday,3,2025-08-15,Friday,2,15
0,37.5054428162066,85.68000011920931,2,Friday,3,2025-08-15,Friday,2,15
0,18.672901674106896,85.63368719869004,2,Friday,3,2025-08-15,Friday,2,15
0,7.754037870526148,85.68000011920931,2,Friday,3,2025-08-15,Friday,2,15
0,46.17387045871946,85.68000011920931,2,Friday,3,2025-08-15,Friday,2,15
0,2.0800105330798098,85.68000011920931,2,Friday,3,2025-08-22,Friday,2,7
0,24.44322092557622,85.68000011920931,2,Friday,3,2025-08-22,Friday,2,7
0,2.001064905993344,85.68000011920931,2,Friday,3,2025-08-22,Friday,2,7
0,2.017000744678801,85.68000011920931,2,Friday,3,2025-08-22,Friday,2,7
0,23.900034936952064,85.68000011920931,2,Friday,3,2025-08-22,Friday,2,7
0,62.20122820833982,85.68000011920931,2,Friday,3,2025-08-22,Friday,2,7
0,15.825511745572776,85.68000011920931,2,Friday,3,2025-08-22,Friday,2,7
0,2.0000000751198286,85.68000011920931,2,Friday,3,2025-08-29,Friday,2,10
0,34.995383266974024,85.68000011920931,2,Friday,3,2025-08-29,Friday,2,10
0,2.0001586083152136,85.68000011920931,2,Friday,3,2025-08-29,Friday,2,10
0,1.9999998807932595,85.68000011920931,2,Friday,3,2025-08-29,Friday,2,10
0,23.875200475021476,85.68000011920931,2,Friday,3,2025-08-29,Friday,2,10
0,3.126391856280188,85.68000011920931,2,Friday,3,2025-08-29,Friday,2,10
0,3.613460457030964,85.68000011920931,2,Friday,3,2025-08-29,Friday,2,10
0,73.3785233762334,85.68000011920931,2,Friday,3,2025-08-29,Friday,2,10
0,2.8952918971977644,85.68000011920931,2,Friday,3,2025-08-29,Friday,2,10
0,27.11863595804765,80.9990338104435,2,Friday,3,2025-08-29,Friday,2,10
0,119.91670272976313,85.68000011920931,2,Friday,3,2025-09-05,Friday,2,10
0,9.371160962548817,85.68000011920931,2,Friday,3,2025-09-05,Friday,2,10
0,1.9999998807907104,85.68000011920931,2,Friday,3,2025-09-05,Friday,2,10
0,16.08029771296866,85.68000011920931,2,Friday,3,2025-09-05,Friday,2,10
0,16.820532739853167,85.67999979872178,2,Friday,3,2025-09-05,Friday,2,10
0,119.91670815767208,85.68000011920931,2,Friday,3,2025-09-05,Friday,2,10
0,119.9167001192093,85.68000011920931,2,Friday,3,2025-09-05,Friday,2,10
11,2.000047140131522,85.68000011920931,2,Friday,3,2025-09-05,Friday,2,10
0,64.3987295186057,85.68000011920931,2,Friday,3,2025-09-05,Friday,2,10
0,2.000004175462039,85.68000011920931,2,Friday,3,2025-09-05,Friday,2,10
0,11.276737138244993,85.68000011920931,2,Friday,3,2025-09-12,Friday,2,13
0,20.79114884861573,85.68000011920931,2,Friday,3,2025-09-12,Friday,2,13
0,10.351365161028092,85.67998484677835,2,Friday,3,2025-09-12,Friday,2,13
0,2.0000009868528457,85.68000011920931,2,Friday,3,2025-09-12,Friday,2,13
0,18.664782855389976,85.68000011920931,2,Friday,3,2025-09-12,Friday,2,13
0,31.420367341011517,82.9163264481861,2,Friday,3,2025-09-12,Friday,2,13
0,119.9167001192093,85.68000011920931,2,Friday,3,2025-09-12,Friday,2,13
0,4.44238854149825,85.68000011920931,2,Friday,3,2025-09-12,Friday,2,13
0,27.462544324022254,85.67959442023809,2,Friday,3,2025-09-12,Friday,2,13
0,1.999999880790715,85.68000011920931,2,Friday,3,2025-09-12,Friday,2,13
0,2.0415730466003033,85.68000011920931,2,Friday,3,2025-09-12,Friday,2,13
0,2.0001233961968685,85.68000011920931,2,Friday,3,2025-09-12,Friday,2,13
0,119.9167001192093,85.68000011920931,2,Friday,3,2025-09-12,Friday,2,13
0,44.66345198919015,85.68000011920931,2,Friday,3,2025-09-19,Friday,2,18
20,1.999999880790715,85.68000011920931,2,Friday,3,2025-09-19,Friday,2,18
0,1.999999880790715,85.68000011920931,2,Friday,3,2025-09-19,Friday,2,18
0,2.403511423217284,85.68000011920931,2,Friday,3,2025-09-19,Friday,2,18
0,1.999999880790715,85.68000011920931,2,Friday,3,2025-09-19,Friday,2,18
0,1.9999998807917072,85.68000011920931,2,Friday,3,2025-09-19,Friday,2,18
0,1.999999880790715,85.68000011920931,2,Friday,3,2025-09-19,Friday,2,18
0,42.00835200286335,85.68000011920931,2,Friday,3,2025-09-19,Friday,2,18
0,119.9167001192093,85.68000011920931,2,Friday,3,2025-09-19,Friday,2,18
0,2.0115185186755262,85.68000011920931,2,Friday,3,2025-09-19,Friday,2,18
0,22.831899571300482,85.68000011920931,2,Friday,3,2025-09-19,Friday,2,18
0,89.91231520582323,85.68000011920931,2,Friday,3,2025-09-19,Friday,2,18
0,1.999999880790715,85.68000011920931,2,Friday,3,2025-09-19,Friday,2,18
0,20.792727364978102,85.68000011920931,2,Friday,3,2025-09-19,Friday,2,18
0,8.500265126026502,85.68000011920931,2,Friday,3,2025-09-19,Friday,2,18
0,1.9999998807907104,85.68000011920931,2,Friday,3,2025-09-19,Friday,2,18
0,25.199845082459284,85.68000011920931,2,Friday,3,2025-09-19,Friday,2,18
0,2.0002929743362694,85.68000011920931,2,Friday,3,2025-09-19,Friday,2,18
17,102.693592778397,85.68000011920931,2,Saturday,3,2025-06-28,Saturday,2,5
22,38.938165565298135,85.68000011920931,2,Saturday,3,2025-06-28,Saturday,2,5
23,103.50081424968157,79.91531916577478,2,Saturday,3,2025-06-28,Saturday,2,5
23,29.297314147219268,85.68000011920931,2,Saturday,3,2025-06-28,Saturday,2,5
23,1.9999998993712769,85.68000011920931,2,Saturday,3,2025-06-28,Saturday,2,5
23,26.057904107661518,85.68000011920931,2,Saturday,3,2025-07-05,Saturday,2,10
23,1.9999998808465953,85.68000011920931,2,Saturday,3,2025-07-05,Saturday,2,10
23,82.07790650156728,63.10381728030068,2,Saturday,3,2025-07-05,Saturday,2,10
23,8.471910656823088,79.35150799684416,2,Saturday,3,2025-07-05,Saturday,2,10
23,2.008118881500606,85.68000011920931,2,Saturday,3,2025-07-05,Saturday,2,10
23,119.90999634773377,85.68000011920931,2,Saturday,3,2025-07-05,Saturday,2,10
23,36.38587125237236,85.68000011920931,2,Saturday,3,2025-07-05,Saturday,2,10
23,3.5011371202791697,58.693286519992164,2,Saturday,3,2025-07-05,Saturday,2,10
23,1.999999880790715,85.68000011920931,2,Saturday,3,2025-07-05,Saturday,2,10
23,119.9167001192093,85.68000011920931,2,Saturday,3,2025-07-05,Saturday,2,10
23,1.9999998807907198,85.68000011920931,2,Saturday,3,2025-07-12,Saturday,2,7
23,2.2045826121348413,72.10604132955794,2,Saturday,3,2025-07-12,Saturday,2,7
23,1.9999998929414586,85.68000011920931,2,Saturday,3,2025-07-12,Saturday,2,7
23,68.3328496038034,85.68000011920931,2,Saturday,3,2025-07-12,Saturday,2,7
23,2.8693750683580737,85.68000011920931,2,Saturday,3,2025-07-12,Saturday,2,7
23,119.9167001192093,85.68000011920931,2,Saturday,3,2025-07-12,Saturday,2,7
23,2.302342852856905,85.63145500400621,2,Saturday,3,2025-07-12,Saturday,2,7
23,1.999999880790715,85.68000011920931,2,Saturday,3,2025-07-19,Saturday,2,18
23,106.09766079013058,85.68000011920931,2,Saturday,3,2025-07-19,Saturday,2,18
23,43.28054263487919,85.68000011920931,2,Saturday,3,2025-07-19,Saturday,2,18
23,5.116866938315331,85.57130226017715,2,Saturday,3,2025-07-19,Saturday,2,18
23,1.9999998813386026,11.166930108247266,2,Saturday,3,2025-07-19,Saturday,2,18
23,39.08487341090827,72.3406454424277,2,Saturday,3,2025-07-19,Saturday,2,18
22,19.611183602825676,85.67996141944148,2,Saturday,3,2025-07-19,Saturday,2,18
23,57.20388965464656,85.68000011920931,2,Saturday,3,2025-07-19,Saturday,2,18
23,119.9167001192093,85.68000011920931,2,Saturday,3,2025-07-19,Saturday,2,18
23,2.0306222424967966,85.68000011920931,2,Saturday,3,2025-07-19,Saturday,2,18
23,66.75187852436865,85.68000011920931,2,Saturday,3,2025-07-19,Saturday,2,18
23,2.00000305255283,85.6799996119288,2,Saturday,3,2025-07-19,Saturday,2,18
23,119.9167001192093,85.68000011920931,2,Saturday,3,2025-07-19,Saturday,2,18
23,2.0163198896881114,85.68000011920931,2,Saturday,3,2025-07-19,Saturday,2,18
23,51.10607979829789,85.68000011920931,2,Saturday,3,2025-07-19,Saturday,2,18
23,6.687303344858697,85.67874315163073,2,Saturday,3,2025-07-19,Saturday,2,18
23,20.286671328636043,30.91356365346861,2,Saturday,3,2025-07-19,Saturday,2,18
23,2.8674293178602968,58.96637264167981,2,Saturday,3,2025-07-19,Saturday,2,18
23,54.982015053603824,64.89891448368057,2,Saturday,3,2025-07-26,Saturday,2,13
23,2.0000215414860394,85.68000011920931,2,Saturday,3,2025-07-26,Saturday,2,13
23,28.066039161123516,85.67999385169244,2,Saturday,3,2025-07-26,Saturday,2,13
23,46.3522473079636,17.894465779071965,2,Saturday,3,2025-07-26,Saturday,2,13
22,44.97200868538869,85.6800001081471,2,Saturday,3,2025-07-26,Saturday,2,13
23,2.000066036216483,85.68000011920931,2,Saturday,3,2025-07-26,Saturday,2,13
23,7.414676677413238,85.68000011920931,2,Saturday,3,2025-07-26,Saturday,2,13
23,47.39161641090971,37.906829894751766,2,Saturday,3,2025-07-26,Saturday,2,13
23,1.999999880790715,81.73436483522961,2,Saturday,3,2025-07-26,Saturday,2,13
23,119.91666473469144,85.54839970741473,2,Saturday,3,2025-07-26,Saturday,2,13
23,1.9999998808175607,85.6347027256287,2,Saturday,3,2025-07-26,Saturday,2,13
23,105.9618481412971,85.68000011920931,2,Saturday,3,2025-07-26,Saturday,2,13
23,1.999999880790715,85.6799855632894,2,Saturday,3,2025-07-26,Saturday,2,13
23,119.9167001192093,85.68000011920931,2,Saturday,3,2025-08-02,Saturday,2,13
23,71.30282401826238,85.68000011920931,2,Saturday,3,2025-08-02,Saturday,2,13
23,60.920883955812876,85.68000011920931,2,Saturday,3,2025-08-02,Saturday,2,13
23,8.689549957574428,85.68000011920931,2,Saturday,3,2025-08-02,Saturday,2,13
23,16.572761846485015,85.68000011920931,2,Saturday,3,2025-08-02,Saturday,2,13
23,119.9167001192093,34.79169955698319,2,Saturday,3,2025-08-02,Saturday,2,13
23,2.0008922080538665,85.68000011920931,2,Saturday,3,2025-08-02,Saturday,2,13
23,4.3105221194395185,56.84490335887179,2,Saturday,3,2025-08-02,Saturday,2,13
23,76.9951116680184,85.68000011920931,2,Saturday,3,2025-08-02,Saturday,2,13
23,57.12791690299681,85.68000011920931,2,Saturday,3,2025-08-02,Saturday,2,13
23,48.35426334963532,85.68000011920931,2,Saturday,3,2025-08-02,Saturday,2,13
23,2.1335425677965176,78.62799045332342,2,Saturday,3,2025-08-02,Saturday,2,13
23,6.214684358857213,85.60498482059288,2,Saturday,3,2025-08-02,Saturday,2,13
23,110.59202405246538,83.07081275159334,2,Saturday,3,2025-08-09,Saturday,2,10
23,50.526560210791466,85.68000011920931,2,Saturday,3,2025-08-09,Saturday,2,10
23,119.90136701240269,85.68000011920931,2,Saturday,3,2025-08-09,Saturday,2,10
23,2.0000057254141463,85.68000011920931,2,Saturday,3,2025-08-09,Saturday,2,10
23,1.999999880790715,85.68000011920931,2,Saturday,3,2025-08-09,Saturday,2,10
23,2.0001859934398856,85.68000011920931,2,Saturday,3,2025-08-09,Saturday,2,10
23,3.802439669867188,85.68000011920931,2,Saturday,3,2025-08-09,Saturday,2,10
23,2.006426873947169,47.56254871565648,2,Saturday,3,2025-08-09,Saturday,2,10
23,85.411705180017,85.68000011920931,2,Saturday,3,2025-08-09,Saturday,2,10
23,36.56782848990882,85.60304025424524,2,Saturday,3,2025-08-09,Saturday,2,10
23,10.351599869028668,54.85027535581242,2,Saturday,3,2025-08-16,Saturday,2,11
23,2.088909733007213,85.68000011920931,2,Saturday,3,2025-08-16,Saturday,2,11
23,105.74273560477647,85.68000011920931,2,Saturday,3,2025-08-16,Saturday,2,11
23,119.9167001192093,85.68000011920931,2,Saturday,3,2025-08-16,Saturday,2,11
23,110.21844087672682,85.67996715434141,2,Saturday,3,2025-08-16,Saturday,2,11
23,25.212153708387962,85.68000011920931,2,Saturday,3,2025-08-16,Saturday,2,11
23,93.84641022543738,85.68000011920931,2,Saturday,3,2025-08-16,Saturday,2,11
23,119.9167001192093,85.68000011920931,2,Saturday,3,2025-08-16,Saturday,2,11
23,2.311644225220938,83.2272020865379,2,Saturday,3,2025-08-16,Saturday,2,11
23,83.65960396439768,48.09265819410148,2,Saturday,3,2025-08-16,Saturday,2,11
23,57.938260555458356,49.158554860881154,2,Saturday,3,2025-08-16,Saturday,2,11
23,9.751369998311677,0.8349065274350902,2,Saturday,3,2025-08-23,Saturday,2,12
23,1.999999880790715,85.68000011920931,2,Saturday,3,2025-08-23,Saturday,2,12
23,3.4772201129391194,12.900226661646494,2,Saturday,3,2025-08-23,Saturday,2,12
23,119.9167001192093,85.68000011920931,2,Saturday,3,2025-08-23,Saturday,2,12
23,1.999999880790715,85.68000011920931,2,Saturday,3,2025-08-23,Saturday,2,12
23,1.9999998998981867,15.240629487223119,2,Saturday,3,2025-08-23,Saturday,2,12
23,119.9167001192093,85.68000011920931,2,Saturday,3,2025-08-23,Saturday,2,12
23,1.999999880790715,85.68000011920931,2,Saturday,3,2025-08-23,Saturday,2,12
23,119.5716821801607,26.882482465079708,2,Saturday,3,2025-08-23,Saturday,2,12
23,1.999999880790715,55.7796242834502,2,Saturday,3,2025-08-23,Saturday,2,12
23,1.999999880790715,85.68000011920931,2,Saturday,3,2025-08-23,Saturday,2,12
23,63.1459716215125,16.590665454027924,2,Saturday,3,2025-08-23,Saturday,2,12
23,93.9802333309484,85.68000011920931,2,Saturday,3,2025-08-30,Saturday,2,11
23,14.783303601566189,85.68000011920931,2,Saturday,3,2025-08-30,Saturday,2,11
23,1.9999998878891645,11.501258281396726,2,Saturday,3,2025-08-30,Saturday,2,11
23,2.0000025658446545,85.67999740201974,2,Saturday,3,2025-08-30,Saturday,2,11
23,1.9999999648723856,85.01869066222174,2,Saturday,3,2025-08-30,Saturday,2,11
23,75.94613098720603,80.10953403853195,2,Saturday,3,2025-08-30,Saturday,2,11
23,12.337683608050916,64.4372449639179,2,Saturday,3,2025-08-30,Saturday,2,11
23,2.0122398239541504,6.930794875288557,2,Saturday,3,2025-08-30,Saturday,2,11
23,2.0163588533896375,85.67999762926863,2,Saturday,3,2025-08-30,Saturday,2,11
23,119.9167001192093,85.68000011920931,2,Saturday,3,2025-08-30,Saturday,2,11
23,2.0000392322644482,85.68000011920931,2,Saturday,3,2025-08-30,Saturday,2,11
20,5.50582377615139,73.79347813464626,2,Saturday,3,2025-09-06,Saturday,2,10
23,85.49911772966225,85.68000011920931,2,Saturday,3,2025-09-06,Saturday,2,10
23,95.90104858911043,73.12437877334868,2,Saturday,3,2025-09-06,Saturday,2,10
23,86.58773121552923,85.68000011920931,2,Saturday,3,2025-09-06,Saturday,2,10
23,1.999999880790715,44.79776780605186,2,Saturday,3,2025-09-06,Saturday,2,10
23,119.9167001192093,85.68000011920931,2,Saturday,3,2025-09-06,Saturday,2,10
23,1.999999880790715,85.6793481078528,2,Saturday,3,2025-09-06,Saturday,2,10
23,119.9167001192093,85.68000011920931,2,Saturday,3,2025-09-06,Saturday,2,10
23,79.828227548248,85.68000011920931,2,Saturday,3,2025-09-06,Saturday,2,10
23,107.32844593733286,85.67999930566413,2,Saturday,3,2025-09-06,Saturday,2,10
23,2.003783631338662,85.68000011920931,2,Saturday,3,2025-09-13,Saturday,2,11
23,65.86028798809531,85.64071363829511,2,Saturday,3,2025-09-13,Saturday,2,11
23,2.0007027938142854,85.68000011920931,2,Saturday,3,2025-09-13,Saturday,2,11
23,6.2639167345537,85.68000011920931,2,Saturday,3,2025-09-13,Saturday,2,11
23,119.9167001192093,85.66511663198979,2,Saturday,3,2025-09-13,Saturday,2,11
23,81.89957952687688,85.68000011920931,2,Saturday,3,2025-09-13,Saturday,2,11
23,2.0162442697123972,85.68000011920931,2,Saturday,3,2025-09-13,Saturday,2,11
23,102.43578414457038,83.3934478954661,2,Saturday,3,2025-09-13,Saturday,2,11
23,1.999999880790715,85.68000011920931,2,Saturday,3,2025-09-13,Saturday,2,11
23,1.999999880790715,85.68000011920931,2,Saturday,3,2025-09-13,Saturday,2,11
23,29.724422732258084,85.68000011920931,2,Saturday,3,2025-09-13,Saturday,2,11
23,31.698859520476375,85.68000011920931,2,Saturday,3,2025-09-20,Saturday,2,13
23,119.91664845124511,85.68000011920931,2,Saturday,3,2025-09-20,Saturday,2,13
23,16.72499435256137,65.16629603993282,2,Saturday,3,2025-09-20,Saturday,2,13
23,2.1552964841202193,69.21810736280764,2,Saturday,3,2025-09-20,Saturday,2,13
23,71.43334691034258,85.68000011920931,2,Saturday,3,2025-09-20,Saturday,2,13
23,7.257553504827028,85.68000011920931,2,Saturday,3,2025-09-20,Saturday,2,13
23,1.999999880790715,85.68000011920931,2,Saturday,3,2025-09-20,Saturday,2,13
23,1.999999880790715,85.68000011920931,2,Saturday,3,2025-09-20,Saturday,2,13
23,119.9167001192093,85.67706470213567,2,Saturday,3,2025-09-20,Saturday,2,13
23,5.099057051279976,85.6798846270204,2,Saturday,3,2025-09-20,Saturday,2,13
23,102.23682535573786,85.68000011920931,2,Saturday,3,2025-09-20,Saturday,2,13
23,2.030454701574691,85.68000006168589,2,Saturday,3,2025-09-20,Saturday,2,13
23,61.17682521846563,75.68163450123362,2,Saturday,3,2025-09-20,Saturday,2,13
12,7.545860982736725,8.812037740948258,3,Mon-Th,3,2025-09-23,Mon-Th,3,27
13,7.504253064491277,22.06664638003891,3,Mon-Th,3,2025-09-23,Mon-Th,3,27
4,89.26469932127857,23.213209677627408,3,Mon-Th,3,2025-09-23,Mon-Th,3,27
13,7.781051823699824,23.202642238933596,3,Mon-Th,3,2025-09-23,Mon-Th,3,27
23,2.0000622263911016,18.80817691449637,3,Mon-Th,3,2025-09-23,Mon-Th,3,27
17,11.669422617763523,23.032717090561782,3,Mon-Th,3,2025-09-23,Mon-Th,3,27
12,15.808046512975572,27.0573731819106,3,Mon-Th,3,2025-09-23,Mon-Th,3,27
13,11.655208000996257,8.751700927407496,3,Mon-Th,3,2025-09-23,Mon-Th,3,27
0,18.858974282570347,55.18572184438751,3,Mon-Th,3,2025-09-23,Mon-Th,3,27
17,8.666949163600712,9.002122037216523,3,Mon-Th,3,2025-09-23,Mon-Th,3,27
0,13.234189480457683,66.38586417301345,3,Mon-Th,3,2025-09-23,Mon-Th,3,27
12,3.2912937382218894,24.037744333311366,3,Mon-Th,3,2025-09-23,Mon-Th,3,27
17,5.118293694648125,12.091750158969269,3,Mon-Th,3,2025-09-23,Mon-Th,3,27
14,2.264060488707914,20.684670239507778,3,Mon-Th,3,2025-09-23,Mon-Th,3,27
22,9.10227163383975,48.712680995059905,3,Mon-Th,3,2025-09-23,Mon-Th,3,27
9,3.5908427413220725,22.31303735805688,3,Mon-Th,3,2025-09-23,Mon-Th,3,27
0,6.0326229535494535,36.04293959568282,3,Mon-Th,3,2025-09-23,Mon-Th,3,27
19,12.422487892189856,29.329081122540234,3,Mon-Th,3,2025-09-23,Mon-Th,3,27
14,4.492374232684409,13.814536441129695,3,Mon-Th,3,2025-09-23,Mon-Th,3,27
19,6.994780259508587,20.722550767736813,3,Mon-Th,3,2025-09-23,Mon-Th,3,27
0,14.213150699584723,46.43225162025169,3,Mon-Th,3,2025-09-23,Mon-Th,3,27
0,7.5030503999073614,38.119090651539736,3,Mon-Th,3,2025-09-23,Mon-Th,3,27
23,77.82304523703307,85.67999434127266,3,Mon-Th,3,2025-09-23,Mon-Th,3,27
6,9.916147137550446,37.779161511379506,3,Mon-Th,3,2025-09-23,Mon-Th,3,27
16,14.104876100453982,34.613660993374566,3,Mon-Th,3,2025-09-23,Mon-Th,3,27
21,9.892298735420798,11.778536096413164,3,Mon-Th,3,2025-09-23,Mon-Th,3,27
15,6.273339418593945,20.096453460941664,3,Mon-Th,3,2025-09-23,Mon-Th,3,27
14,14.322669311493986,16.94055794066182,3,Mon-Th,3,2025-09-24,Mon-Th,3,24
19,9.060244098298508,37.67994050105469,3,Mon-Th,3,2025-09-24,Mon-Th,3,24
10,22.779725192658972,36.144859316316804,3,Mon-Th,3,2025-09-24,Mon-Th,3,24
4,7.132897253613817,8.563415016827681,3,Mon-Th,3,2025-09-24,Mon-Th,3,24
0,4.99215334967581,23.415003072023733,3,Mon-Th,3,2025-09-24,Mon-Th,3,24
0,10.711275144172756,13.214460852461276,3,Mon-Th,3,2025-09-24,Mon-Th,3,24
3,3.389176244610006,17.366805423776942,3,Mon-Th,3,2025-09-24,Mon-Th,3,24
14,9.758841946966388,22.94078164875556,3,Mon-Th,3,2025-09-24,Mon-Th,3,24
18,8.811415558360356,19.147770422041265,3,Mon-Th,3,2025-09-24,Mon-Th,3,24
13,14.376673873446553,85.5948262677299,3,Mon-Th,3,2025-09-24,Mon-Th,3,24
0,1.9999998807969492,85.68000011920931,3,Mon-Th,3,2025-09-24,Mon-Th,3,24
0,35.65371757679614,54.835107332744364,3,Mon-Th,3,2025-09-24,Mon-Th,3,24
0,26.539803347487474,3.9878341884876836,3,Mon-Th,3,2025-09-24,Mon-Th,3,24
23,3.016055736270327,18.692072865387825,3,Mon-Th,3,2025-09-24,Mon-Th,3,24
19,8.360300440603318,23.414331136318268,3,Mon-Th,3,2025-09-24,Mon-Th,3,24
23,15.336185626913576,13.423753495406045,3,Mon-Th,3,2025-09-24,Mon-Th,3,24
18,9.095422256260731,14.326558750381347,3,Mon-Th,3,2025-09-24,Mon-Th,3,24
4,4.860114724622598,46.970719607374306,3,Mon-Th,3,2025-09-24,Mon-Th,3,24
17,17.584565828558766,18.982083701593407,3,Mon-Th,3,2025-09-24,Mon-Th,3,24
13,8.718298679540812,18.37003995468869,3,Mon-Th,3,2025-09-24,Mon-Th,3,24
0,3.715727284764522,31.724934110618847,3,Mon-Th,3,2025-09-24,Mon-Th,3,24
22,2.000128761614226,85.68000011920931,3,Mon-Th,3,2025-09-24,Mon-Th,3,24
15,10.558929773937606,34.973273765703155,3,Mon-Th,3,2025-09-24,Mon-Th,3,24
0,2.038393050087838,59.65145496027633,3,Mon-Th,3,2025-09-24,Mon-Th,3,24
3,5.432077067210804,45.435934740922534,3,Mon-Th,3,2025-09-25,Mon-Th,3,20
12,3.018188070143374,14.342571458654678,3,Mon-Th,3,2025-09-25,Mon-Th,3,20
10,2.9487771897580446,12.187412235085942,3,Mon-Th,3,2025-09-25,Mon-Th,3,20
23,12.14877840322962,20.588213126701277,3,Mon-Th,3,2025-09-25,Mon-Th,3,20
4,11.52085046211323,31.013420014760023,3,Mon-Th,3,2025-09-25,Mon-Th,3,20
23,1.999999880790715,0.5108061811628947,3,Mon-Th,3,2025-09-25,Mon-Th,3,20
23,1.9999998818124567,33.454312483811876,3,Mon-Th,3,2025-09-25,Mon-Th,3,20
18,4.679103997995372,16.09525523966216,3,Mon-Th,3,2025-09-25,Mon-Th,3,20
18,5.962703669018849,29.466653853927777,3,Mon-Th,3,2025-09-25,Mon-Th,3,20
0,22.630449205136852,84.2777369463202,3,Mon-Th,3,2025-09-25,Mon-Th,3,20
17,6.2764481718327705,12.692091556826341,3,Mon-Th,3,2025-09-25,Mon-Th,3,20
3,5.791191951384135,12.607063886730868,3,Mon-Th,3,2025-09-25,Mon-Th,3,20
21,10.263556612272758,15.932307408640403,3,Mon-Th,3,2025-09-25,Mon-Th,3,20
0,1.999999880790715,85.68000011920931,3,Mon-Th,3,2025-09-25,Mon-Th,3,20
17,2.37897858322867,26.14534403394057,3,Mon-Th,3,2025-09-25,Mon-Th,3,20
0,14.117236646024192,30.071218982232264,3,Mon-Th,3,2025-09-25,Mon-Th,3,20
17,7.035392948621926,21.35950897150444,3,Mon-Th,3,2025-09-25,Mon-Th,3,20
0,5.083987500374025,15.120742685836422,3,Mon-Th,3,2025-09-25,Mon-Th,3,20
19,3.23159962176684,21.739685393222466,3,Mon-Th,3,2025-09-25,Mon-Th,3,20
11,16.01045496348696,85.68000011920931,3,Mon-Th,3,2025-09-25,Mon-Th,3,20
14,6.240864617979127,26.597916538091432,3,Mon-Th,3,2025-09-29,Mon-Th,3,34
10,8.269706208077668,17.70537899066779,3,Mon-Th,3,2025-09-29,Mon-Th,3,34
0,7.7767622220604515,27.45336984489059,3,Mon-Th,3,2025-09-29,Mon-Th,3,34
10,6.311878217479102,26.24895095204049,3,Mon-Th,3,2025-09-29,Mon-Th,3,34
12,12.037348623258367,26.599845193792902,3,Mon-Th,3,2025-09-29,Mon-Th,3,34
4,10.635635065451769,20.994450521119482,3,Mon-Th,3,2025-09-29,Mon-Th,3,34
0,8.86899135657101,20.89364898889815,3,Mon-Th,3,2025-09-29,Mon-Th,3,34
0,5.0911959725250355,54.13916697451777,3,Mon-Th,3,2025-09-29,Mon-Th,3,34
0,5.755556371445518,31.196134903054883,3,Mon-Th,3,2025-09-29,Mon-Th,3,34
13,5.066544740319344,44.20873091884545,3,Mon-Th,3,2025-09-29,Mon-Th,3,34
1,6.318171367525687,4.622585709167998,3,Mon-Th,3,2025-09-29,Mon-Th,3,34
22,3.4000532018874594,43.74665484118886,3,Mon-Th,3,2025-09-29,Mon-Th,3,34
4,9.829572049608341,9.848560152720829,3,Mon-Th,3,2025-09-29,Mon-Th,3,34
13,5.5804937940150054,26.473141579416943,3,Mon-Th,3,2025-09-29,Mon-Th,3,34
23,21.231063736853503,21.128634669973362,3,Mon-Th,3,2025-09-29,Mon-Th,3,34
7,6.990464900378189,7.7654423896738995,3,Mon-Th,3,2025-09-29,Mon-Th,3,34
16,8.809470053259359,16.707598275581223,3,Mon-Th,3,2025-09-29,Mon-Th,3,34
18,8.328401355885006,16.58894947598038,3,Mon-Th,3,2025-09-29,Mon-Th,3,34
10,4.099370448946917,85.68000011920931,3,Mon-Th,3,2025-09-29,Mon-Th,3,34
11,12.206302951944508,24.478853483890415,3,Mon-Th,3,2025-09-29,Mon-Th,3,34
14,5.719925031935368,29.406403906665552,3,Mon-Th,3,2025-09-29,Mon-Th,3,34
8,15.6882167341318,21.455652147408454,3,Mon-Th,3,2025-09-29,Mon-Th,3,34
0,119.9167001192093,85.68000011920931,3,Mon-Th,3,2025-09-29,Mon-Th,3,34
0,5.096421716589758,13.914462403356177,3,Mon-Th,3,2025-09-29,Mon-Th,3,34
16,8.599437589332933,22.549524684861122,3,Mon-Th,3,2025-09-29,Mon-Th,3,34
16,6.430143338061864,11.653875952704698,3,Mon-Th,3,2025-09-29,Mon-Th,3,34
19,5.788779560477374,16.065059625909605,3,Mon-Th,3,2025-09-29,Mon-Th,3,34
3,11.36146350859617,13.771777086694394,3,Mon-Th,3,2025-09-29,Mon-Th,3,34
0,119.9167001192093,41.50671538598166,3,Mon-Th,3,2025-09-29,Mon-Th,3,34
23,6.577062988500161,23.187795833440404,3,Mon-Th,3,2025-09-29,Mon-Th,3,34
7,11.253711515837718,23.75517130330745,3,Mon-Th,3,2025-09-29,Mon-Th,3,34
23,1.999999880790715,72.66390100689424,3,Mon-Th,3,2025-09-29,Mon-Th,3,34
1,15.696133645700044,32.20414248340313,3,Mon-Th,3,2025-09-29,Mon-Th,3,34
10,1.999999880790715,59.319579022456324,3,Mon-Th,3,2025-09-29,Mon-Th,3,34
20,7.510239289249579,26.87440916283216,3,Mon-Th,3,2025-09-30,Mon-Th,3,21
2,9.541542858521389,38.758861392506894,3,Mon-Th,3,2025-09-30,Mon-Th,3,21
4,5.095113644118669,3.2331146870600174,3,Mon-Th,3,2025-09-30,Mon-Th,3,21
12,8.37470370570551,22.4008933700265,3,Mon-Th,3,2025-09-30,Mon-Th,3,21
23,5.580445964388625,27.47729279468516,3,Mon-Th,3,2025-09-30,Mon-Th,3,21
17,4.36418880937725,38.13554007350035,3,Mon-Th,3,2025-09-30,Mon-Th,3,21
11,2.0402880336057065,85.68000011920931,3,Mon-Th,3,2025-09-30,Mon-Th,3,21
3,7.460332719775531,26.654578408138065,3,Mon-Th,3,2025-09-30,Mon-Th,3,21
23,16.274554710767656,43.711012257899746,3,Mon-Th,3,2025-09-30,Mon-Th,3,21
23,1.9999998807925774,30.511577176475452,3,Mon-Th,3,2025-09-30,Mon-Th,3,21
23,7.633936248232858,17.812545066211076,3,Mon-Th,3,2025-09-30,Mon-Th,3,21
2,9.710298285995181,12.159480156210591,3,Mon-Th,3,2025-09-30,Mon-Th,3,21
17,7.93512084237086,24.326011244989402,3,Mon-Th,3,2025-09-30,Mon-Th,3,21
10,9.754685534396678,15.004615049590607,3,Mon-Th,3,2025-09-30,Mon-Th,3,21
17,7.364420863306362,12.410046652599803,3,Mon-Th,3,2025-09-30,Mon-Th,3,21
12,2.0088770281043384,20.36841649541052,3,Mon-Th,3,2025-09-30,Mon-Th,3,21
0,3.90906924749477,30.1644698009699,3,Mon-Th,3,2025-09-30,Mon-Th,3,21
7,15.95180374763202,31.545820846357326,3,Mon-Th,3,2025-09-30,Mon-Th,3,21
0,4.260491554462062,13.908237167482898,3,Mon-Th,3,2025-09-30,Mon-Th,3,21
10,6.57321017994947,13.55805862924979,3,Mon-Th,3,2025-09-30,Mon-Th,3,21
0,5.824378004029352,27.126373297518963,3,Mon-Th,3,2025-09-30,Mon-Th,3,21
3,4.3926001415974865,15.428955444785105,3,Mon-Th,3,2025-10-01,Mon-Th,3,18
0,5.845330584504339,5.179533915924794,3,Mon-Th,3,2025-10-01,Mon-Th,3,18
19,10.342226443873471,15.153412929361066,3,Mon-Th,3,2025-10-01,Mon-Th,3,18
20,2.2198464307770545,39.386567513958155,3,Mon-Th,3,2025-10-01,Mon-Th,3,18
0,5.1759726202747895,14.308745467827,3,Mon-Th,3,2025-10-01,Mon-Th,3,18
7,6.844703635626306,11.706234455719036,3,Mon-Th,3,2025-10-01,Mon-Th,3,18
8,1.999999880790715,13.181774176290268,3,Mon-Th,3,2025-10-01,Mon-Th,3,18
19,13.228059985054312,14.3955305660838,3,Mon-Th,3,2025-10-01,Mon-Th,3,18
9,13.264690539740485,26.968257119333202,3,Mon-Th,3,2025-10-01,Mon-Th,3,18
12,7.8199714768625395,20.7399383377495,3,Mon-Th,3,2025-10-01,Mon-Th,3,18
0,12.000372835993563,55.29452211860276,3,Mon-Th,3,2025-10-01,Mon-Th,3,18
13,6.667648181146941,23.629018409792824,3,Mon-Th,3,2025-10-01,Mon-Th,3,18
7,9.73229524974036,22.271422712479414,3,Mon-Th,3,2025-10-01,Mon-Th,3,18
17,7.756517661472839,28.492626729225144,3,Mon-Th,3,2025-10-01,Mon-Th,3,18
23,2.001868740692403,0.5100587913147819,3,Mon-Th,3,2025-10-01,Mon-Th,3,18
1,7.92660013484444,21.786872696486153,3,Mon-Th,3,2025-10-01,Mon-Th,3,18
17,12.723617223920524,22.322499253128083,3,Mon-Th,3,2025-10-01,Mon-Th,3,18
0,7.211922404413974,20.571269371207485,3,Mon-Th,3,2025-10-01,Mon-Th,3,18
0,27.14528488215952,26.829910832703202,3,Mon-Th,3,2025-10-02,Mon-Th,3,23
16,2.839146713060932,22.09839530956447,3,Mon-Th,3,2025-10-02,Mon-Th,3,23
17,7.749018662920893,18.008864708771487,3,Mon-Th,3,2025-10-02,Mon-Th,3,23
12,7.4256154919310555,20.484616186007756,3,Mon-Th,3,2025-10-02,Mon-Th,3,23
18,2.4109721922340492,28.50573873323051,3,Mon-Th,3,2025-10-02,Mon-Th,3,23
0,10.414980493413236,57.328653873896386,3,Mon-Th,3,2025-10-02,Mon-Th,3,23
13,8.003525585054398,23.086307798197126,3,Mon-Th,3,2025-10-02,Mon-Th,3,23
11,4.891050715937904,48.12209066605803,3,Mon-Th,3,2025-10-02,Mon-Th,3,23
0,23.47500320669094,81.54447987584287,3,Mon-Th,3,2025-10-02,Mon-Th,3,23
13,7.622056779671886,14.71092658235579,3,Mon-Th,3,2025-10-02,Mon-Th,3,23
0,10.407724267385746,38.696397492621045,3,Mon-Th,3,2025-10-02,Mon-Th,3,23
21,7.667363605715487,14.917156904180194,3,Mon-Th,3,2025-10-02,Mon-Th,3,23
21,14.43552189710757,25.657486684517234,3,Mon-Th,3,2025-10-02,Mon-Th,3,23
14,4.3427783209533635,16.05057673508618,3,Mon-Th,3,2025-10-02,Mon-Th,3,23
11,4.017036187021832,17.543263137936396,3,Mon-Th,3,2025-10-02,Mon-Th,3,23
11,2.6042231170590324,18.454541826296037,3,Mon-Th,3,2025-10-02,Mon-Th,3,23
0,8.703388765358818,23.179311876473857,3,Mon-Th,3,2025-10-02,Mon-Th,3,23
23,1.999999880790715,30.163241121074797,3,Mon-Th,3,2025-10-02,Mon-Th,3,23
0,2.7073031794584197,18.369715565602373,3,Mon-Th,3,2025-10-02,Mon-Th,3,23
16,13.444051513880225,24.136078165970304,3,Mon-Th,3,2025-10-02,Mon-Th,3,23
5,10.865456330241521,19.81372799893883,3,Mon-Th,3,2025-10-02,Mon-Th,3,23
1,12.548310900807621,22.15105290337538,3,Mon-Th,3,2025-10-02,Mon-Th,3,23
20,8.563884803697947,29.001114230128273,3,Mon-Th,3,2025-10-02,Mon-Th,3,23
9,2.0725966078256866,24.528833260474762,3,Mon-Th,3,2025-10-06,Mon-Th,3,19
16,2.0009997953115777,31.67842237008701,3,Mon-Th,3,2025-10-06,Mon-Th,3,19
0,16.594202853935283,50.58686736686696,3,Mon-Th,3,2025-10-06,Mon-Th,3,19
14,50.219011794171436,85.6799998325405,3,Mon-Th,3,2025-10-06,Mon-Th,3,19
7,3.889131100764499,11.078294363527801,3,Mon-Th,3,2025-10-06,Mon-Th,3,19
0,11.22273609694927,13.68813173365117,3,Mon-Th,3,2025-10-06,Mon-Th,3,19
20,10.86537089027593,23.10091525569686,3,Mon-Th,3,2025-10-06,Mon-Th,3,19
11,9.650002015397318,17.877720663541282,3,Mon-Th,3,2025-10-06,Mon-Th,3,19
9,2.6301954231170246,56.80653181881056,3,Mon-Th,3,2025-10-06,Mon-Th,3,19
11,6.289540498475317,32.81977465018874,3,Mon-Th,3,2025-10-06,Mon-Th,3,19
2,10.682184410835664,17.402252388982035,3,Mon-Th,3,2025-10-06,Mon-Th,3,19
0,7.310521323762978,25.055892970542224,3,Mon-Th,3,2025-10-06,Mon-Th,3,19
17,7.851316546892932,25.650720967351717,3,Mon-Th,3,2025-10-06,Mon-Th,3,19
11,5.916845823456427,24.454188126051626,3,Mon-Th,3,2025-10-06,Mon-Th,3,19
7,7.458375955945608,21.910142683593257,3,Mon-Th,3,2025-10-06,Mon-Th,3,19
18,4.081208615808563,35.321732924061614,3,Mon-Th,3,2025-10-06,Mon-Th,3,19
2,9.437030937929022,13.598713554775612,3,Mon-Th,3,2025-10-06,Mon-Th,3,19
0,2.0008473789224066,2.113879477254395,3,Mon-Th,3,2025-10-06,Mon-Th,3,19
0,119.9167001192093,85.68000011920931,3,Mon-Th,3,2025-10-06,Mon-Th,3,19
16,12.296814517871837,20.80570023090154,3,Mon-Th,3,2025-10-07,Mon-Th,3,25
10,10.906123266085388,9.827957298584586,3,Mon-Th,3,2025-10-07,Mon-Th,3,25
0,17.737049406403518,14.84906368585066,3,Mon-Th,3,2025-10-07,Mon-Th,3,25
21,4.119469587916026,17.035746592506694,3,Mon-Th,3,2025-10-07,Mon-Th,3,25
16,5.639922389365129,26.664808029779056,3,Mon-Th,3,2025-10-07,Mon-Th,3,25
16,9.054374946030087,37.91986018619728,3,Mon-Th,3,2025-10-07,Mon-Th,3,25
11,7.46600239829853,52.42297259348141,3,Mon-Th,3,2025-10-07,Mon-Th,3,25
18,4.47992189936512,32.40751093934537,3,Mon-Th,3,2025-10-07,Mon-Th,3,25
6,5.401056747904377,13.649992846237092,3,Mon-Th,3,2025-10-07,Mon-Th,3,25
23,3.332322500781344,61.11196717020179,3,Mon-Th,3,2025-10-07,Mon-Th,3,25
8,9.248540676311244,27.75275953489389,3,Mon-Th,3,2025-10-07,Mon-Th,3,25
16,9.672515321574801,36.12868382378239,3,Mon-Th,3,2025-10-07,Mon-Th,3,25
14,15.405390237848493,13.619946662425004,3,Mon-Th,3,2025-10-07,Mon-Th,3,25
7,10.679234903112409,27.72836470305694,3,Mon-Th,3,2025-10-07,Mon-Th,3,25
19,5.293157807137171,6.488841907493814,3,Mon-Th,3,2025-10-07,Mon-Th,3,25
17,10.004760313023475,42.64261369697465,3,Mon-Th,3,2025-10-07,Mon-Th,3,25
16,15.346255184426106,17.798518450539376,3,Mon-Th,3,2025-10-07,Mon-Th,3,25
19,4.0509280986070255,15.026537902538042,3,Mon-Th,3,2025-10-07,Mon-Th,3,25
16,7.3477998534751965,21.630344160526843,3,Mon-Th,3,2025-10-07,Mon-Th,3,25
0,20.354273242620362,30.707528447348466,3,Mon-Th,3,2025-10-07,Mon-Th,3,25
0,2.0755138557735164,16.227892643704333,3,Mon-Th,3,2025-10-07,Mon-Th,3,25
0,4.932788454075924,85.5799952398646,3,Mon-Th,3,2025-10-07,Mon-Th,3,25
10,9.471449752611601,28.559524015644026,3,Mon-Th,3,2025-10-07,Mon-Th,3,25
10,7.04442659597006,29.83799264914733,3,Mon-Th,3,2025-10-07,Mon-Th,3,25
12,6.565311443109449,11.455386919077744,3,Mon-Th,3,2025-10-07,Mon-Th,3,25
21,2.4891935693332123,19.02092762233746,3,Mon-Th,3,2025-10-08,Mon-Th,3,20
8,5.8214260678986065,37.1736544297732,3,Mon-Th,3,2025-10-08,Mon-Th,3,20
20,3.777507660575032,21.469614205399424,3,Mon-Th,3,2025-10-08,Mon-Th,3,20
23,2.000830879991056,32.86633945558765,3,Mon-Th,3,2025-10-08,Mon-Th,3,20
14,2.3586133058431313,41.19651018486558,3,Mon-Th,3,2025-10-08,Mon-Th,3,20
0,12.297874721754479,6.516665802659995,3,Mon-Th,3,2025-10-08,Mon-Th,3,20
3,5.911479528554038,11.642998679751727,3,Mon-Th,3,2025-10-08,Mon-Th,3,20
7,11.280448145516893,17.450537290368285,3,Mon-Th,3,2025-10-08,Mon-Th,3,20
11,1.999999880790715,46.11655625606678,3,Mon-Th,3,2025-10-08,Mon-Th,3,20
16,9.567734040961604,24.249125126178804,3,Mon-Th,3,2025-10-08,Mon-Th,3,20
12,16.958972215431665,23.450265354702378,3,Mon-Th,3,2025-10-08,Mon-Th,3,20
23,3.581744981774269,85.68000011288805,3,Mon-Th,3,2025-10-08,Mon-Th,3,20
20,2.000188195403821,85.68000011920931,3,Mon-Th,3,2025-10-08,Mon-Th,3,20
0,1.999999880790715,80.35225181547258,3,Mon-Th,3,2025-10-08,Mon-Th,3,20
14,6.884973866173287,22.77810253951447,3,Mon-Th,3,2025-10-08,Mon-Th,3,20
16,10.09669282102195,27.48370314216108,3,Mon-Th,3,2025-10-08,Mon-Th,3,20
16,7.408835017094061,46.390788664673806,3,Mon-Th,3,2025-10-08,Mon-Th,3,20
13,10.357582757668542,26.468556747487103,3,Mon-Th,3,2025-10-08,Mon-Th,3,20
0,11.034044073048257,17.502913380963378,3,Mon-Th,3,2025-10-08,Mon-Th,3,20
23,3.1747146010823046,38.904801334752776,3,Mon-Th,3,2025-10-08,Mon-Th,3,20
22,4.443663832853389,28.169505101233643,3,Mon-Th,3,2025-10-09,Mon-Th,3,31
18,7.99433348372862,23.217001917655306,3,Mon-Th,3,2025-10-09,Mon-Th,3,31
23,2.000079721648327,42.627960504280445,3,Mon-Th,3,2025-10-09,Mon-Th,3,31
3,7.3495138061970735,2.1153774241710015,3,Mon-Th,3,2025-10-09,Mon-Th,3,31
7,5.7223994805158345,13.277893655374628,3,Mon-Th,3,2025-10-09,Mon-Th,3,31
10,4.721315947038283,34.41163512167122,3,Mon-Th,3,2025-10-09,Mon-Th,3,31
1,2.4462846337804782,30.659838512838075,3,Mon-Th,3,2025-10-09,Mon-Th,3,31
7,3.938859739260062,13.829564456448322,3,Mon-Th,3,2025-10-09,Mon-Th,3,31
9,8.929149244105268,26.818014359686853,3,Mon-Th,3,2025-10-09,Mon-Th,3,31
17,3.0864774022143324,26.102890445364455,3,Mon-Th,3,2025-10-09,Mon-Th,3,31
8,4.196510019689281,0.5105170619574074,3,Mon-Th,3,2025-10-09,Mon-Th,3,31
0,20.8426469542018,73.53696461921749,3,Mon-Th,3,2025-10-09,Mon-Th,3,31
15,4.688872034749618,16.141209470586166,3,Mon-Th,3,2025-10-09,Mon-Th,3,31
15,3.1813845625689243,23.188608059477836,3,Mon-Th,3,2025-10-09,Mon-Th,3,31
21,18.578951091460496,12.40522441129935,3,Mon-Th,3,2025-10-09,Mon-Th,3,31
12,7.317767141076424,23.81470585673197,3,Mon-Th,3,2025-10-09,Mon-Th,3,31
14,10.444212629892501,29.097445637270624,3,Mon-Th,3,2025-10-09,Mon-Th,3,31
0,1.999999880790715,65.00819058310694,3,Mon-Th,3,2025-10-09,Mon-Th,3,31
13,7.118933973411874,12.473762835371506,3,Mon-Th,3,2025-10-09,Mon-Th,3,31
14,6.321148959391352,18.25986060302351,3,Mon-Th,3,2025-10-09,Mon-Th,3,31
1,3.6928024979998613,17.584793308887953,3,Mon-Th,3,2025-10-09,Mon-Th,3,31
6,24.957831374835706,74.87921535717516,3,Mon-Th,3,2025-10-09,Mon-Th,3,31
0,4.1380905367515,84.37913267673375,3,Mon-Th,3,2025-10-09,Mon-Th,3,31
17,7.620727376837269,15.615844675015568,3,Mon-Th,3,2025-10-09,Mon-Th,3,31
15,3.2520538638672583,26.5625121312983,3,Mon-Th,3,2025-10-09,Mon-Th,3,31
14,7.427357302370747,31.614806714987672,3,Mon-Th,3,2025-10-09,Mon-Th,3,31
12,7.773132134711226,45.4379731590527,3,Mon-Th,3,2025-10-09,Mon-Th,3,31
13,5.564449169996145,18.41761993971867,3,Mon-Th,3,2025-10-09,Mon-Th,3,31
11,11.172866096058005,11.344123284508154,3,Mon-Th,3,2025-10-09,Mon-Th,3,31
19,14.378289203476282,39.84148580449946,3,Mon-Th,3,2025-10-09,Mon-Th,3,31
1,9.690681214029064,22.96241428815225,3,Mon-Th,3,2025-10-09,Mon-Th,3,31
0,12.02980706935524,22.733026417122595,3,Mon-Th,3,2025-10-13,Mon-Th,3,23
1,3.2905025643839036,29.493672015235063,3,Mon-Th,3,2025-10-13,Mon-Th,3,23
1,2.9824139479316365,21.468542235944906,3,Mon-Th,3,2025-10-13,Mon-Th,3,23
0,1.999999880790715,43.83179364389518,3,Mon-Th,3,2025-10-13,Mon-Th,3,23
3,9.979525902241251,22.65461684550562,3,Mon-Th,3,2025-10-13,Mon-Th,3,23
9,9.967224978546561,20.236591120779266,3,Mon-Th,3,2025-10-13,Mon-Th,3,23
15,7.83566148613562,22.454078225767528,3,Mon-Th,3,2025-10-13,Mon-Th,3,23
14,13.155866133242142,14.000156658644858,3,Mon-Th,3,2025-10-13,Mon-Th,3,23
13,8.097693168850983,19.432577941272537,3,Mon-Th,3,2025-10-13,Mon-Th,3,23
0,16.896249286297838,45.09950749952921,3,Mon-Th,3,2025-10-13,Mon-Th,3,23
21,10.66433896875813,33.80755883709219,3,Mon-Th,3,2025-10-13,Mon-Th,3,23
14,5.795791345396978,20.248928059284818,3,Mon-Th,3,2025-10-13,Mon-Th,3,23
23,5.0888649102854675,36.59104570504894,3,Mon-Th,3,2025-10-13,Mon-Th,3,23
15,12.781317997677146,17.242174152146845,3,Mon-Th,3,2025-10-13,Mon-Th,3,23
10,5.746931468284927,17.229700153271907,3,Mon-Th,3,2025-10-13,Mon-Th,3,23
18,9.477855611851702,19.443249977319105,3,Mon-Th,3,2025-10-13,Mon-Th,3,23
0,13.20124235627894,72.08491655708845,3,Mon-Th,3,2025-10-13,Mon-Th,3,23
16,9.29645947445989,21.766005483624667,3,Mon-Th,3,2025-10-13,Mon-Th,3,23
18,11.166652358295558,10.797618240062231,3,Mon-Th,3,2025-10-13,Mon-Th,3,23
19,3.473509531651098,16.49289562083178,3,Mon-Th,3,2025-10-13,Mon-Th,3,23
15,17.72786373262512,34.568781661451034,3,Mon-Th,3,2025-10-13,Mon-Th,3,23
16,4.347472204017211,22.81602410121165,3,Mon-Th,3,2025-10-13,Mon-Th,3,23
4,10.413735754439713,28.73962761633944,3,Mon-Th,3,2025-10-13,Mon-Th,3,23
15,10.15900755431165,32.826696403800774,3,Mon-Th,3,2025-10-14,Mon-Th,3,30
14,6.893554391068635,20.65277047121666,3,Mon-Th,3,2025-10-14,Mon-Th,3,30
2,14.43617389881701,13.957790860617582,3,Mon-Th,3,2025-10-14,Mon-Th,3,30
23,1.999999880790715,20.943305492014265,3,Mon-Th,3,2025-10-14,Mon-Th,3,30
10,5.68281203907419,24.492855077649505,3,Mon-Th,3,2025-10-14,Mon-Th,3,30
21,4.912647602526562,25.402260777229653,3,Mon-Th,3,2025-10-14,Mon-Th,3,30
8,2.436244938967809,14.687725340734751,3,Mon-Th,3,2025-10-14,Mon-Th,3,30
8,2.003473702042122,32.29973609433689,3,Mon-Th,3,2025-10-14,Mon-Th,3,30
23,5.920225746495527,19.265495352162887,3,Mon-Th,3,2025-10-14,Mon-Th,3,30
23,11.568597321764393,3.4697536325417397,3,Mon-Th,3,2025-10-14,Mon-Th,3,30
0,2.120912737075612,62.406656537492395,3,Mon-Th,3,2025-10-14,Mon-Th,3,30
6,8.566309963587678,24.700840903226528,3,Mon-Th,3,2025-10-14,Mon-Th,3,30
20,10.55351208745099,29.20335755881399,3,Mon-Th,3,2025-10-14,Mon-Th,3,30
18,14.359435452901408,36.22957317147468,3,Mon-Th,3,2025-10-14,Mon-Th,3,30
17,7.356733693119305,14.646578065567407,3,Mon-Th,3,2025-10-14,Mon-Th,3,30
15,12.771361000314666,23.241696096384096,3,Mon-Th,3,2025-10-14,Mon-Th,3,30
9,13.66572549035417,42.49355398619968,3,Mon-Th,3,2025-10-14,Mon-Th,3,30
15,14.14254708004859,13.633750106793771,3,Mon-Th,3,2025-10-14,Mon-Th,3,30
0,2.0932217154772292,13.798382168264379,3,Mon-Th,3,2025-10-14,Mon-Th,3,30
22,4.144226462461611,31.346252120096175,3,Mon-Th,3,2025-10-14,Mon-Th,3,30
19,7.989260143419919,22.285617020892165,3,Mon-Th,3,2025-10-14,Mon-Th,3,30
0,1.9999998881098158,85.43395281504233,3,Mon-Th,3,2025-10-14,Mon-Th,3,30
22,2.285467613149917,0.5099998809043984,3,Mon-Th,3,2025-10-14,Mon-Th,3,30
16,7.945744909793907,22.56584522606378,3,Mon-Th,3,2025-10-14,Mon-Th,3,30
6,16.911849226250446,85.68000011920931,3,Mon-Th,3,2025-10-14,Mon-Th,3,30
21,13.947590776774724,41.619077253791396,3,Mon-Th,3,2025-10-14,Mon-Th,3,30
20,9.06321764382762,12.948118864145318,3,Mon-Th,3,2025-10-14,Mon-Th,3,30
0,11.836444516567138,46.789089629081225,3,Mon-Th,3,2025-10-14,Mon-Th,3,30
21,20.203172962116728,85.04816585211536,3,Mon-Th,3,2025-10-14,Mon-Th,3,30
0,17.121294551291598,24.203019834581198,3,Mon-Th,3,2025-10-14,Mon-Th,3,30
1,9.68057192144599,42.52883707077546,3,Mon-Th,3,2025-10-15,Mon-Th,3,32
1,2.9254817962349264,12.890115730565514,3,Mon-Th,3,2025-10-15,Mon-Th,3,32
23,2.054609234414676,0.7480027401714062,3,Mon-Th,3,2025-10-15,Mon-Th,3,32
0,44.590514608450945,69.42411053646815,3,Mon-Th,3,2025-10-15,Mon-Th,3,32
0,2.9155799230153296,75.4749720687128,3,Mon-Th,3,2025-10-15,Mon-Th,3,32
0,6.37701140334593,55.20537248486745,3,Mon-Th,3,2025-10-15,Mon-Th,3,32
14,4.218035204320875,23.635958584184802,3,Mon-Th,3,2025-10-15,Mon-Th,3,32
10,2.7188704591574346,45.08276665136119,3,Mon-Th,3,2025-10-15,Mon-Th,3,32
0,2.1971359254957856,0.5102220042290763,3,Mon-Th,3,2025-10-15,Mon-Th,3,32
0,1.9999998807909642,0.5099998807907105,3,Mon-Th,3,2025-10-15,Mon-Th,3,32
8,4.402243387978824,27.958158986742042,3,Mon-Th,3,2025-10-15,Mon-Th,3,32
19,15.002388093302248,31.961299559773238,3,Mon-Th,3,2025-10-15,Mon-Th,3,32
2,11.857100860830705,19.1453021511613,3,Mon-Th,3,2025-10-15,Mon-Th,3,32
13,20.564453480101932,61.424957318003734,3,Mon-Th,3,2025-10-15,Mon-Th,3,32
15,10.565765539533341,22.249146680017944,3,Mon-Th,3,2025-10-15,Mon-Th,3,32
0,11.52352648775604,57.953446631682134,3,Mon-Th,3,2025-10-15,Mon-Th,3,32
0,119.9167001192093,80.9462506850447,3,Mon-Th,3,2025-10-15,Mon-Th,3,32
5,2.0005497859613697,30.343310541546007,3,Mon-Th,3,2025-10-15,Mon-Th,3,32
12,15.270951163476003,23.205430800769893,3,Mon-Th,3,2025-10-15,Mon-Th,3,32
13,10.194575430605806,17.14971476392242,3,Mon-Th,3,2025-10-15,Mon-Th,3,32
0,7.579272554030974,21.669178699311395,3,Mon-Th,3,2025-10-15,Mon-Th,3,32
16,7.810876781132539,24.935602324693804,3,Mon-Th,3,2025-10-15,Mon-Th,3,32
9,16.338190866117642,11.123713635623023,3,Mon-Th,3,2025-10-15,Mon-Th,3,32
14,2.142309993747066,85.68000011920931,3,Mon-Th,3,2025-10-15,Mon-Th,3,32
16,6.027021490427778,29.58119952457248,3,Mon-Th,3,2025-10-15,Mon-Th,3,32
15,8.836035517142374,12.15419368023273,3,Mon-Th,3,2025-10-15,Mon-Th,3,32
12,11.441679578668396,30.381723071340335,3,Mon-Th,3,2025-10-15,Mon-Th,3,32
2,10.113818545330393,17.675494683454986,3,Mon-Th,3,2025-10-15,Mon-Th,3,32
19,4.239013738891531,15.63731610797234,3,Mon-Th,3,2025-10-15,Mon-Th,3,32
9,4.9074503100794225,23.690146838704802,3,Mon-Th,3,2025-10-15,Mon-Th,3,32
1,25.28637268990419,85.65782777998177,3,Mon-Th,3,2025-10-15,Mon-Th,3,32
14,13.397894156999751,22.248681549752657,3,Mon-Th,3,2025-10-15,Mon-Th,3,32
2,16.505594863893858,20.630791743465814,3,Mon-Th,3,2025-10-16,Mon-Th,3,26
5,7.8680059830310265,3.8471140601362723,3,Mon-Th,3,2025-10-16,Mon-Th,3,26
23,3.159231467853439,42.774942205348104,3,Mon-Th,3,2025-10-16,Mon-Th,3,26
0,14.772672935962095,18.99738809259997,3,Mon-Th,3,2025-10-16,Mon-Th,3,26
17,11.309313031466875,42.56709870352707,3,Mon-Th,3,2025-10-16,Mon-Th,3,26
14,9.01570236517259,6.682259508847137,3,Mon-Th,3,2025-10-16,Mon-Th,3,26
6,5.594978502537002,19.104875430042696,3,Mon-Th,3,2025-10-16,Mon-Th,3,26
17,12.552067640490204,16.209000919833706,3,Mon-Th,3,2025-10-16,Mon-Th,3,26
0,7.549509107536995,30.25640375450838,3,Mon-Th,3,2025-10-16,Mon-Th,3,26
12,13.816945337802029,54.7199169748079,3,Mon-Th,3,2025-10-16,Mon-Th,3,26
8,13.155908323952357,15.426420004999082,3,Mon-Th,3,2025-10-16,Mon-Th,3,26
2,9.762018184551561,3.9515703763023655,3,Mon-Th,3,2025-10-16,Mon-Th,3,26
0,19.473728088023154,85.6780902585779,3,Mon-Th,3,2025-10-16,Mon-Th,3,26
2,7.617689155701469,30.710982895609394,3,Mon-Th,3,2025-10-16,Mon-Th,3,26
0,13.963621975533055,35.82115483567564,3,Mon-Th,3,2025-10-16,Mon-Th,3,26
16,14.811107785321195,31.435682444520396,3,Mon-Th,3,2025-10-16,Mon-Th,3,26
15,10.771556623054941,9.643194281224256,3,Mon-Th,3,2025-10-16,Mon-Th,3,26
0,62.929706671184704,85.62698417351703,3,Mon-Th,3,2025-10-16,Mon-Th,3,26
9,11.618225002029103,20.79358843502582,3,Mon-Th,3,2025-10-16,Mon-Th,3,26
19,12.846994015492232,11.124419774461815,3,Mon-Th,3,2025-10-16,Mon-Th,3,26
7,9.492411462719733,29.42891036077843,3,Mon-Th,3,2025-10-16,Mon-Th,3,26
20,8.819145119512264,30.58821132574575,3,Mon-Th,3,2025-10-16,Mon-Th,3,26
0,119.9167001192093,85.68000011920931,3,Mon-Th,3,2025-10-16,Mon-Th,3,26
0,7.30722630362332,27.15694576504778,3,Mon-Th,3,2025-10-16,Mon-Th,3,26
16,13.200259311058996,25.52218236236347,3,Mon-Th,3,2025-10-16,Mon-Th,3,26
20,4.7661203411359665,19.41425508221485,3,Mon-Th,3,2025-10-16,Mon-Th,3,26
9,7.272262080046842,17.452751178448047,3,Mon-Th,3,2025-10-20,Mon-Th,3,28
0,4.912129986820059,23.67732165313974,3,Mon-Th,3,2025-10-20,Mon-Th,3,28
9,10.040658068929847,15.889325455553264,3,Mon-Th,3,2025-10-20,Mon-Th,3,28
7,2.207722024625481,38.73924450965241,3,Mon-Th,3,2025-10-20,Mon-Th,3,28
0,4.3834949189007375,11.64218498043469,3,Mon-Th,3,2025-10-20,Mon-Th,3,28
20,3.509725847753348,33.519091665432875,3,Mon-Th,3,2025-10-20,Mon-Th,3,28
23,119.9167001192093,45.84202176240733,3,Mon-Th,3,2025-10-20,Mon-Th,3,28
19,12.536697133174972,85.67999964290294,3,Mon-Th,3,2025-10-20,Mon-Th,3,28
11,10.030805630717815,28.912057078776957,3,Mon-Th,3,2025-10-20,Mon-Th,3,28
0,17.307761283530823,22.803433088843057,3,Mon-Th,3,2025-10-20,Mon-Th,3,28
15,7.225374887901643,22.564056363180338,3,Mon-Th,3,2025-10-20,Mon-Th,3,28
17,9.149674032164377,14.465235309612225,3,Mon-Th,3,2025-10-20,Mon-Th,3,28
0,17.170504208744248,23.686018287063437,3,Mon-Th,3,2025-10-20,Mon-Th,3,28
10,11.318966219154948,28.390597789480807,3,Mon-Th,3,2025-10-20,Mon-Th,3,28
17,4.459509634061617,24.782574922770756,3,Mon-Th,3,2025-10-20,Mon-Th,3,28
0,15.242994466841132,25.73446966754273,3,Mon-Th,3,2025-10-20,Mon-Th,3,28
0,18.837904454733483,43.183401072469174,3,Mon-Th,3,2025-10-20,Mon-Th,3,28
12,119.9167001192093,8.35297841826715,3,Mon-Th,3,2025-10-20,Mon-Th,3,28
23,10.029651560296735,85.12388518986985,3,Mon-Th,3,2025-10-20,Mon-Th,3,28
20,1.999999880790715,29.32796709155003,3,Mon-Th,3,2025-10-20,Mon-Th,3,28
18,18.204527176181585,59.150948935695695,3,Mon-Th,3,2025-10-20,Mon-Th,3,28
0,10.862065222821645,7.142407864382091,3,Mon-Th,3,2025-10-20,Mon-Th,3,28
5,6.639833318202082,85.68000011920931,3,Mon-Th,3,2025-10-20,Mon-Th,3,28
19,8.488602731471827,6.422791583840572,3,Mon-Th,3,2025-10-20,Mon-Th,3,28
19,13.48413043608491,20.507438976033928,3,Mon-Th,3,2025-10-20,Mon-Th,3,28
16,18.466240601214555,17.282427110444196,3,Mon-Th,3,2025-10-20,Mon-Th,3,28
2,21.948096674097666,23.03012333876534,3,Mon-Th,3,2025-10-20,Mon-Th,3,28
1,15.55153696081932,25.59525699206233,3,Mon-Th,3,2025-10-20,Mon-Th,3,28
16,5.222013320163548,8.892830105263487,3,Mon-Th,3,2025-10-21,Mon-Th,3,20
11,10.739929108029788,26.30349980592248,3,Mon-Th,3,2025-10-21,Mon-Th,3,20
0,6.021497537820255,13.867634155011899,3,Mon-Th,3,2025-10-21,Mon-Th,3,20
6,2.0000014465171327,9.838448079461582,3,Mon-Th,3,2025-10-21,Mon-Th,3,20
2,8.923489456325651,14.345253850460077,3,Mon-Th,3,2025-10-21,Mon-Th,3,20
15,10.42332522541371,34.399820748243876,3,Mon-Th,3,2025-10-21,Mon-Th,3,20
0,119.9167001192093,85.68000011920931,3,Mon-Th,3,2025-10-21,Mon-Th,3,20
0,27.101692116416842,85.4359693371858,3,Mon-Th,3,2025-10-21,Mon-Th,3,20
13,7.022241956842088,21.271007883545472,3,Mon-Th,3,2025-10-21,Mon-Th,3,20
17,9.453395455766259,19.78327360882167,3,Mon-Th,3,2025-10-21,Mon-Th,3,20
0,28.815509105692893,85.68000011920931,3,Mon-Th,3,2025-10-21,Mon-Th,3,20
0,14.380676020985636,15.134352187798719,3,Mon-Th,3,2025-10-21,Mon-Th,3,20
0,17.83343169486533,79.31790396976027,3,Mon-Th,3,2025-10-21,Mon-Th,3,20
11,9.87849623887023,24.52443080997531,3,Mon-Th,3,2025-10-21,Mon-Th,3,20
11,4.424186611427578,15.483394947536832,3,Mon-Th,3,2025-10-21,Mon-Th,3,20
16,6.780015484227685,50.67978086571304,3,Mon-Th,3,2025-10-21,Mon-Th,3,20
20,20.668631731695527,51.344462475653884,3,Mon-Th,3,2025-10-21,Mon-Th,3,20
17,4.530346761148271,12.559540998363255,3,Mon-Th,3,2025-10-21,Mon-Th,3,20
18,2.074628744635984,78.20832760712594,3,Mon-Th,3,2025-10-21,Mon-Th,3,20
3,16.096074916544694,28.004069391080403,3,Mon-Th,3,2025-10-21,Mon-Th,3,20
1,5.612575971915911,26.392031579052137,3,Mon-Th,3,2025-10-22,Mon-Th,3,20
23,18.604907457011198,61.77376183450468,3,Mon-Th,3,2025-10-22,Mon-Th,3,20
18,2.9346260187089217,37.85348738720215,3,Mon-Th,3,2025-10-22,Mon-Th,3,20
1,10.662016710268077,32.481899889493825,3,Mon-Th,3,2025-10-22,Mon-Th,3,20
16,9.2034956011651,23.336894990103385,3,Mon-Th,3,2025-10-22,Mon-Th,3,20
17,13.363758422988862,52.789927171088976,3,Mon-Th,3,2025-10-22,Mon-Th,3,20
23,2.0000005216735306,20.357540419246977,3,Mon-Th,3,2025-10-22,Mon-Th,3,20
13,10.368797625150243,14.784173837906627,3,Mon-Th,3,2025-10-22,Mon-Th,3,20
0,18.5115346052929,64.7547882934986,3,Mon-Th,3,2025-10-22,Mon-Th,3,20
10,11.643298580576143,25.795034707074866,3,Mon-Th,3,2025-10-22,Mon-Th,3,20
10,11.448099686951867,16.2631363161268,3,Mon-Th,3,2025-10-22,Mon-Th,3,20
1,8.42780082338251,19.665392966044237,3,Mon-Th,3,2025-10-22,Mon-Th,3,20
15,9.192827949722288,0.5425172473339991,3,Mon-Th,3,2025-10-22,Mon-Th,3,20
16,53.39460769893178,13.305853795962545,3,Mon-Th,3,2025-10-22,Mon-Th,3,20
18,15.619412723100119,28.68213237704763,3,Mon-Th,3,2025-10-22,Mon-Th,3,20
15,10.811952302602112,19.92023213065453,3,Mon-Th,3,2025-10-22,Mon-Th,3,20
0,81.32316903899307,39.51165452999176,3,Mon-Th,3,2025-10-22,Mon-Th,3,20
3,5.376872303706034,22.062917517074283,3,Mon-Th,3,2025-10-22,Mon-Th,3,20
0,8.616977755426282,36.39165721831278,3,Mon-Th,3,2025-10-22,Mon-Th,3,20
2,2.584092504354301,14.910347509974518,3,Mon-Th,3,2025-10-22,Mon-Th,3,20
10,5.371713538664938,0.509999895589099,3,Mon-Th,3,2025-10-23,Mon-Th,3,16
0,6.893365344129076,44.30782740068221,3,Mon-Th,3,2025-10-23,Mon-Th,3,16
23,89.1305816564322,85.68000011920931,3,Mon-Th,3,2025-10-23,Mon-Th,3,16
1,6.960583117988117,13.518730969507775,3,Mon-Th,3,2025-10-23,Mon-Th,3,16
21,8.762031993825815,20.54900571313526,3,Mon-Th,3,2025-10-23,Mon-Th,3,16
2,9.771749244309145,51.53299026511974,3,Mon-Th,3,2025-10-23,Mon-Th,3,16
7,10.92059003408447,40.741267706673135,3,Mon-Th,3,2025-10-23,Mon-Th,3,16
7,6.887094681370617,27.682960736354097,3,Mon-Th,3,2025-10-23,Mon-Th,3,16
17,2.000212662719973,21.1353284753066,3,Mon-Th,3,2025-10-23,Mon-Th,3,16
16,10.41517180494846,25.769993556082838,3,Mon-Th,3,2025-10-23,Mon-Th,3,16
0,16.181370907292756,85.68000011920931,3,Mon-Th,3,2025-10-23,Mon-Th,3,16
0,38.84587729860684,48.538046182260445,3,Mon-Th,3,2025-10-23,Mon-Th,3,16
0,2.010692240753891,21.062075097115237,3,Mon-Th,3,2025-10-23,Mon-Th,3,16
0,5.613051895350319,69.77152313640347,3,Mon-Th,3,2025-10-23,Mon-Th,3,16
9,16.246614970607432,10.901570428193212,3,Mon-Th,3,2025-10-23,Mon-Th,3,16
22,12.425025262517693,30.464461197559384,3,Mon-Th,3,2025-10-23,Mon-Th,3,16
8,8.236281567680896,20.723175219272427,3,Mon-Th,3,2025-10-27,Mon-Th,3,21
9,8.894009950417864,7.793897703748711,3,Mon-Th,3,2025-10-27,Mon-Th,3,21
18,2.458913596539975,29.671168836739447,3,Mon-Th,3,2025-10-27,Mon-Th,3,21
0,119.9167001192093,0.5099998807907105,3,Mon-Th,3,2025-10-27,Mon-Th,3,21
0,14.147802531682238,27.42066353269633,3,Mon-Th,3,2025-10-27,Mon-Th,3,21
15,4.190666805005961,19.072308713506015,3,Mon-Th,3,2025-10-27,Mon-Th,3,21
9,11.316813224875851,17.97534679434671,3,Mon-Th,3,2025-10-27,Mon-Th,3,21
23,6.519559478600302,30.495750948642517,3,Mon-Th,3,2025-10-27,Mon-Th,3,21
14,7.595739659317731,21.15516755466665,3,Mon-Th,3,2025-10-27,Mon-Th,3,21
13,2.9811776532822702,31.210867275526528,3,Mon-Th,3,2025-10-27,Mon-Th,3,21
15,9.312447406897032,22.900268059227983,3,Mon-Th,3,2025-10-27,Mon-Th,3,21
9,3.399239983649665,27.02155871096786,3,Mon-Th,3,2025-10-27,Mon-Th,3,21
9,5.121047808484658,20.229505125146108,3,Mon-Th,3,2025-10-27,Mon-Th,3,21
0,2.011498073906977,5.383965909174077,3,Mon-Th,3,2025-10-27,Mon-Th,3,21
0,2.0042158177792584,7.229648779578706,3,Mon-Th,3,2025-10-27,Mon-Th,3,21
19,2.007819657431885,40.313421933953244,3,Mon-Th,3,2025-10-27,Mon-Th,3,21
15,11.014812504586942,5.667258847599057,3,Mon-Th,3,2025-10-27,Mon-Th,3,21
0,1.999999880790715,0.5653808316601303,3,Mon-Th,3,2025-10-27,Mon-Th,3,21
10,2.014307851277811,45.25245454401548,3,Mon-Th,3,2025-10-27,Mon-Th,3,21
23,16.638493514399205,28.736421895032304,3,Mon-Th,3,2025-10-27,Mon-Th,3,21
17,10.233901868186237,16.929874806917933,3,Mon-Th,3,2025-10-27,Mon-Th,3,21
0,34.62587795188743,64.44049489631996,3,Mon-Th,3,2025-10-28,Mon-Th,3,19
19,12.554358860098628,22.399339453704986,3,Mon-Th,3,2025-10-28,Mon-Th,3,19
0,24.07581689063103,79.77243911841708,3,Mon-Th,3,2025-10-28,Mon-Th,3,19
15,5.628227157077048,34.82732196686302,3,Mon-Th,3,2025-10-28,Mon-Th,3,19
0,34.34293998239456,73.01739380033347,3,Mon-Th,3,2025-10-28,Mon-Th,3,19
0,119.9167001192093,0.5099998807910646,3,Mon-Th,3,2025-10-28,Mon-Th,3,19
17,9.376071544163528,26.271805082755048,3,Mon-Th,3,2025-10-28,Mon-Th,3,19
0,10.53447562701513,28.332857564484797,3,Mon-Th,3,2025-10-28,Mon-Th,3,19
8,15.84838807530231,30.188485054704522,3,Mon-Th,3,2025-10-28,Mon-Th,3,19
17,12.270838089328944,17.443068809636593,3,Mon-Th,3,2025-10-28,Mon-Th,3,19
16,3.3534176534561215,8.092233451703109,3,Mon-Th,3,2025-10-28,Mon-Th,3,19
0,9.339691032236704,30.018441858893013,3,Mon-Th,3,2025-10-28,Mon-Th,3,19
19,8.928081306412972,39.459256646748706,3,Mon-Th,3,2025-10-28,Mon-Th,3,19
0,3.191447026188866,35.89863022744421,3,Mon-Th,3,2025-10-28,Mon-Th,3,19
0,7.552499078626644,23.097831287362112,3,Mon-Th,3,2025-10-28,Mon-Th,3,19
8,11.248821542052308,55.95479990246034,3,Mon-Th,3,2025-10-28,Mon-Th,3,19
9,10.791852466813182,18.16847029891733,3,Mon-Th,3,2025-10-28,Mon-Th,3,19
0,7.695819854641653,29.361817733201658,3,Mon-Th,3,2025-10-28,Mon-Th,3,19
0,5.04547908892866,83.82605370915483,3,Mon-Th,3,2025-10-28,Mon-Th,3,19
5,110.9281088930405,39.62930890128327,3,Friday,3,2025-09-26,Friday,3,14
0,119.9167001192093,85.68000011920931,3,Friday,3,2025-09-26,Friday,3,14
4,87.61784847138924,85.67993412814279,3,Friday,3,2025-09-26,Friday,3,14
1,119.9167001192093,85.56461123483462,3,Friday,3,2025-09-26,Friday,3,14
23,105.68485414794377,28.7509864716053,3,Friday,3,2025-09-26,Friday,3,14
0,119.9167001192093,85.68000011920931,3,Friday,3,2025-09-26,Friday,3,14
16,119.9167001192093,85.68000011920931,3,Friday,3,2025-09-26,Friday,3,14
0,47.873669226211476,76.97186834616589,3,Friday,3,2025-09-26,Friday,3,14
6,119.9167001192093,85.67381027860955,3,Friday,3,2025-09-26,Friday,3,14
5,119.9167001192093,85.67999984044206,3,Friday,3,2025-09-26,Friday,3,14
10,119.9167001192093,85.6799959351744,3,Friday,3,2025-09-26,Friday,3,14
0,25.437754575242494,85.68000011920931,3,Friday,3,2025-09-26,Friday,3,14
15,119.9167001192093,85.68000011920931,3,Friday,3,2025-09-26,Friday,3,14
10,119.9167001192093,85.67999991977378,3,Friday,3,2025-09-26,Friday,3,14
9,119.9167001192093,85.68000011920931,3,Friday,3,2025-10-03,Friday,3,28
8,119.9167001192093,81.48162549405048,3,Friday,3,2025-10-03,Friday,3,28
11,47.69794897965996,85.67898313968723,3,Friday,3,2025-10-03,Friday,3,28
0,119.9167001192093,85.67999981515705,3,Friday,3,2025-10-03,Friday,3,28
2,119.9167001192093,85.66469007348925,3,Friday,3,2025-10-03,Friday,3,28
19,119.9167001192093,85.68000011920931,3,Friday,3,2025-10-03,Friday,3,28
2,26.319983295086686,85.64007118196223,3,Friday,3,2025-10-03,Friday,3,28
6,119.9167001192093,62.73804547264473,3,Friday,3,2025-10-03,Friday,3,28
3,119.9167001192093,85.68000011762898,3,Friday,3,2025-10-03,Friday,3,28
7,119.91670272976313,35.62617940753106,3,Friday,3,2025-10-03,Friday,3,28
14,71.81603418200056,68.70518977635967,3,Friday,3,2025-10-03,Friday,3,28
10,119.9167001192093,85.68000011920931,3,Friday,3,2025-10-03,Friday,3,28
4,119.9167001192093,85.68000005030764,3,Friday,3,2025-10-03,Friday,3,28
13,119.9167001192093,28.58277836198184,3,Friday,3,2025-10-03,Friday,3,28
13,119.9167001192093,85.67829664174764,3,Friday,3,2025-10-03,Friday,3,28
0,43.23749180675941,65.29867509963586,3,Friday,3,2025-10-03,Friday,3,28
2,118.34013440877027,85.6747320643398,3,Friday,3,2025-10-03,Friday,3,28
0,119.9167001192093,85.5912658860751,3,Friday,3,2025-10-03,Friday,3,28
19,27.5249772969325,85.68000011920931,3,Friday,3,2025-10-03,Friday,3,28
1,119.9167001192093,47.5296668874258,3,Friday,3,2025-10-03,Friday,3,28
15,29.183328344044593,22.635165047114697,3,Friday,3,2025-10-03,Friday,3,28
8,119.79122482211446,38.57552950137192,3,Friday,3,2025-10-03,Friday,3,28
14,119.91655075253027,38.01683658342914,3,Friday,3,2025-10-03,Friday,3,28
23,119.9167001192093,60.197805392468865,3,Friday,3,2025-10-03,Friday,3,28
16,119.9167001192093,85.68000011920931,3,Friday,3,2025-10-03,Friday,3,28
0,119.9167001192093,31.708158004569075,3,Friday,3,2025-10-03,Friday,3,28
5,119.91665387905017,49.23532224979918,3,Friday,3,2025-10-03,Friday,3,28
12,119.9167001192093,51.12473579140907,3,Friday,3,2025-10-03,Friday,3,28
2,119.9167001192093,85.68000011920931,3,Friday,3,2025-10-10,Friday,3,23
3,119.9167001192093,85.68000011257199,3,Friday,3,2025-10-10,Friday,3,23
0,88.76102310860385,72.86883596647753,3,Friday,3,2025-10-10,Friday,3,23
0,119.9167001192093,52.64594778151942,3,Friday,3,2025-10-10,Friday,3,23
0,119.9167001192093,85.67999590072363,3,Friday,3,2025-10-10,Friday,3,23
23,119.9167001192093,57.99340391999318,3,Friday,3,2025-10-10,Friday,3,23
8,119.9167001192093,84.98023839167702,3,Friday,3,2025-10-10,Friday,3,23
14,88.95802298484388,52.77247183857343,3,Friday,3,2025-10-10,Friday,3,23
2,119.9167001192093,43.66668232228659,3,Friday,3,2025-10-10,Friday,3,23
6,38.32663224204312,24.20270987303844,3,Friday,3,2025-10-10,Friday,3,23
23,119.9167001192093,53.451181728653175,3,Friday,3,2025-10-10,Friday,3,23
2,119.9167001192093,56.80729843682544,3,Friday,3,2025-10-10,Friday,3,23
23,119.9167001192093,78.84412615451483,3,Friday,3,2025-10-10,Friday,3,23
19,116.95630286786185,62.286394510554814,3,Friday,3,2025-10-10,Friday,3,23
9,119.9167001192093,85.6793533952639,3,Friday,3,2025-10-10,Friday,3,23
23,119.9167001192093,85.68000011920931,3,Friday,3,2025-10-10,Friday,3,23
2,119.9167001192093,53.61029839424032,3,Friday,3,2025-10-10,Friday,3,23
0,119.9167001192093,85.6798642085025,3,Friday,3,2025-10-10,Friday,3,23
11,119.9167001192093,34.99906374222817,3,Friday,3,2025-10-10,Friday,3,23
15,119.9166755903743,31.796615993414633,3,Friday,3,2025-10-10,Friday,3,23
10,19.691033828520556,30.999767555198403,3,Friday,3,2025-10-10,Friday,3,23
11,119.9167001192093,85.68000011920931,3,Friday,3,2025-10-10,Friday,3,23
18,89.28740943919537,85.68000011920931,3,Friday,3,2025-10-10,Friday,3,23
0,15.66426945899385,85.67768567864113,3,Friday,3,2025-10-17,Friday,3,23
0,19.10520702703167,85.6120898552334,3,Friday,3,2025-10-17,Friday,3,23
4,119.9167001192093,85.68000011920931,3,Friday,3,2025-10-17,Friday,3,23
16,119.9167001192093,37.18416388463698,3,Friday,3,2025-10-17,Friday,3,23
0,119.9167001192093,85.68000011920931,3,Friday,3,2025-10-17,Friday,3,23
3,119.9167001192093,58.23088637496905,3,Friday,3,2025-10-17,Friday,3,23
0,119.9167001192093,1.0801438216079875,3,Friday,3,2025-10-17,Friday,3,23
0,119.9167001192093,85.68000011920931,3,Friday,3,2025-10-17,Friday,3,23
14,119.9167001192093,85.68000011920931,3,Friday,3,2025-10-17,Friday,3,23
2,119.9167001192093,80.21830729700588,3,Friday,3,2025-10-17,Friday,3,23
14,118.48752696994055,85.63335340858157,3,Friday,3,2025-10-17,Friday,3,23
10,119.9167001192093,85.68000011920931,3,Friday,3,2025-10-17,Friday,3,23
7,119.9167001192093,43.97363503916062,3,Friday,3,2025-10-17,Friday,3,23
3,119.9167001192093,85.68000011920931,3,Friday,3,2025-10-17,Friday,3,23
0,119.91577471006512,36.14794776850155,3,Friday,3,2025-10-17,Friday,3,23
0,119.9167001192093,38.044651037831215,3,Friday,3,2025-10-17,Friday,3,23
0,119.9167001192093,14.693495123514888,3,Friday,3,2025-10-17,Friday,3,23
15,23.313941132974588,85.68000010751499,3,Friday,3,2025-10-17,Friday,3,23
17,119.9167001192093,34.57240646165595,3,Friday,3,2025-10-17,Friday,3,23
15,42.96010704560832,85.68000011920931,3,Friday,3,2025-10-17,Friday,3,23
0,108.5676684193743,85.67998956526077,3,Friday,3,2025-10-17,Friday,3,23
18,42.200589559166815,85.68000011920931,3,Friday,3,2025-10-17,Friday,3,23
13,90.65406812982886,24.190474064480263,3,Friday,3,2025-10-17,Friday,3,23
8,119.9167001192093,74.54523615806852,3,Friday,3,2025-10-24,Friday,3,26
7,97.34233436213631,75.13755439738418,3,Friday,3,2025-10-24,Friday,3,26
0,69.7870435554809,34.552880950273725,3,Friday,3,2025-10-24,Friday,3,26
6,119.9167001192093,27.270274775638548,3,Friday,3,2025-10-24,Friday,3,26
0,48.08793792031961,85.68000011920931,3,Friday,3,2025-10-24,Friday,3,26
12,119.9167001192093,85.68000011920931,3,Friday,3,2025-10-24,Friday,3,26
3,119.9167001192093,85.67838305185623,3,Friday,3,2025-10-24,Friday,3,26
0,119.9167001192093,85.66896486651235,3,Friday,3,2025-10-24,Friday,3,26
14,119.9167001192093,14.937408610777359,3,Friday,3,2025-10-24,Friday,3,26
1,119.9167001192093,32.13516558608188,3,Friday,3,2025-10-24,Friday,3,26
9,119.9167001192093,55.664150902682394,3,Friday,3,2025-10-24,Friday,3,26
0,119.9167001192093,85.68000011920931,3,Friday,3,2025-10-24,Friday,3,26
1,119.9167001192093,85.68000011920931,3,Friday,3,2025-10-24,Friday,3,26
1,97.632349267104,27.480374410184226,3,Friday,3,2025-10-24,Friday,3,26
14,40.59735476793743,85.08120847302742,3,Friday,3,2025-10-24,Friday,3,26
0,119.9167001192093,85.18863189389582,3,Friday,3,2025-10-24,Friday,3,26
0,26.048903928024046,33.22562519487999,3,Friday,3,2025-10-24,Friday,3,26
13,119.9167001192093,85.67996099497391,3,Friday,3,2025-10-24,Friday,3,26
7,119.9167001192093,85.68000011920931,3,Friday,3,2025-10-24,Friday,3,26
15,36.09544558524315,29.486369919394654,3,Friday,3,2025-10-24,Friday,3,26
23,119.9167001192093,43.475884477769554,3,Friday,3,2025-10-24,Friday,3,26
12,119.9167001192093,85.68000011920931,3,Friday,3,2025-10-24,Friday,3,26
6,119.9167001192093,85.66891791311667,3,Friday,3,2025-10-24,Friday,3,26
0,119.9167001192093,85.68000011920931,3,Friday,3,2025-10-24,Friday,3,26
4,119.9167001192093,85.6793464500873,3,Friday,3,2025-10-24,Friday,3,26
11,45.889347479004975,54.35666173883078,3,Friday,3,2025-10-24,Friday,3,26
6,46.30604167247377,50.04076964996686,3,Friday,3,2025-10-31,Friday,3,20
0,119.9167001192093,85.68000011920931,3,Friday,3,2025-10-31,Friday,3,20
0,50.046789401243835,85.66837691381136,3,Friday,3,2025-10-31,Friday,3,20
0,60.51881106536044,85.67688883576804,3,Friday,3,2025-10-31,Friday,3,20
0,119.9167001192093,85.67333872959124,3,Friday,3,2025-10-31,Friday,3,20
4,119.9167001192093,18.86902868484442,3,Friday,3,2025-10-31,Friday,3,20
5,119.9167001192093,85.68000011920931,3,Friday,3,2025-10-31,Friday,3,20
0,119.91669187397643,85.68000011920931,3,Friday,3,2025-10-31,Friday,3,20
0,119.9167001192093,85.68000011920931,3,Friday,3,2025-10-31,Friday,3,20
17,40.03242891387294,85.68000011920931,3,Friday,3,2025-10-31,Friday,3,20
23,119.9167001192093,85.68000011920931,3,Friday,3,2025-10-31,Friday,3,20
2,111.57502608004381,83.8228229133966,3,Friday,3,2025-10-31,Friday,3,20
4,119.9167001192093,85.68000011920931,3,Friday,3,2025-10-31,Friday,3,20
0,119.9167001192093,48.7099828423798,3,Friday,3,2025-10-31,Friday,3,20
0,119.9167001192093,82.89697526686001,3,Friday,3,2025-10-31,Friday,3,20
7,119.91016422032732,70.78070034416712,3,Friday,3,2025-10-31,Friday,3,20
8,119.9167001192093,45.8827831376537,3,Friday,3,2025-10-31,Friday,3,20
2,119.9167001192093,5.7077157298824845,3,Friday,3,2025-10-31,Friday,3,20
8,119.9167001192093,85.68000011920931,3,Friday,3,2025-10-31,Friday,3,20
2,119.9167001192093,85.67903697381068,3,Friday,3,2025-10-31,Friday,3,20
13,101.27844355571766,28.247046536814842,3,Friday,3,2025-11-07,Friday,3,26
1,119.9167001192093,18.55296659362948,3,Friday,3,2025-11-07,Friday,3,26
11,20.067993358051606,36.55047564586575,3,Friday,3,2025-11-07,Friday,3,26
15,37.1455550234034,53.33063113542425,3,Friday,3,2025-11-07,Friday,3,26
13,119.9167001192093,81.41777257256608,3,Friday,3,2025-11-07,Friday,3,26
5,119.9167001192093,85.68000011920931,3,Friday,3,2025-11-07,Friday,3,26
22,119.9167001192093,57.224884281646865,3,Friday,3,2025-11-07,Friday,3,26
0,112.2744910677162,85.68000011920931,3,Friday,3,2025-11-07,Friday,3,26
23,119.91415818467605,52.564408579674435,3,Friday,3,2025-11-07,Friday,3,26
0,119.9167001192093,85.68000011920931,3,Friday,3,2025-11-07,Friday,3,26
20,119.9167001192093,85.68000011920931,3,Friday,3,2025-11-07,Friday,3,26
0,112.43429078992752,85.68000011920931,3,Friday,3,2025-11-07,Friday,3,26
23,119.9167001192093,85.68000011920931,3,Friday,3,2025-11-07,Friday,3,26
9,119.9167001192093,83.8378009655184,3,Friday,3,2025-11-07,Friday,3,26
0,119.9167001192093,48.503231759981674,3,Friday,3,2025-11-07,Friday,3,26
5,118.06428937241354,61.44757091559694,3,Friday,3,2025-11-07,Friday,3,26
19,87.88779566019875,52.479412710903944,3,Friday,3,2025-11-07,Friday,3,26
0,119.9167001192093,85.64761013888275,3,Friday,3,2025-11-07,Friday,3,26
4,119.9167001192093,69.45573635858261,3,Friday,3,2025-11-07,Friday,3,26
11,43.650150533101545,85.67995942953289,3,Friday,3,2025-11-07,Friday,3,26
2,119.9167001192093,85.67999593359407,3,Friday,3,2025-11-07,Friday,3,26
0,119.9167001192093,5.0664188757687745,3,Friday,3,2025-11-07,Friday,3,26
14,119.9167001192093,35.31445562226115,3,Friday,3,2025-11-07,Friday,3,26
1,85.86598007655968,85.68000011920931,3,Friday,3,2025-11-07,Friday,3,26
23,119.9167001192093,85.68000011920931,3,Friday,3,2025-11-07,Friday,3,26
0,119.9167001192093,85.68000011920931,3,Friday,3,2025-11-07,Friday,3,26
0,83.19897217824771,85.68000011920931,3,Friday,3,2025-11-14,Friday,3,22
0,119.9167001192093,82.10028796453476,3,Friday,3,2025-11-14,Friday,3,22
0,119.9167001192093,85.67999962678373,3,Friday,3,2025-11-14,Friday,3,22
0,119.83332450534988,85.68000011920931,3,Friday,3,2025-11-14,Friday,3,22
0,86.52139720475124,65.82453919988902,3,Friday,3,2025-11-14,Friday,3,22
14,119.91508567551132,36.89835124552879,3,Friday,3,2025-11-14,Friday,3,22
0,117.81837141046093,85.68000011920931,3,Friday,3,2025-11-14,Friday,3,22
4,119.9167001192093,82.57383396322184,3,Friday,3,2025-11-14,Friday,3,22
4,119.9167001192093,70.68223417832498,3,Friday,3,2025-11-14,Friday,3,22
23,119.9167001192093,85.68000011920931,3,Friday,3,2025-11-14,Friday,3,22
9,119.9167001192093,61.75621103099524,3,Friday,3,2025-11-14,Friday,3,22
7,119.9167001192093,85.67546423838587,3,Friday,3,2025-11-14,Friday,3,22
13,119.9167001192093,48.870305496120665,3,Friday,3,2025-11-14,Friday,3,22
0,119.9167001192093,81.45047466041638,3,Friday,3,2025-11-14,Friday,3,22
0,119.9167001192093,85.68000011920931,3,Friday,3,2025-11-14,Friday,3,22
19,119.9167001192093,85.67141690643736,3,Friday,3,2025-11-14,Friday,3,22
17,119.9167001192093,54.10768253330957,3,Friday,3,2025-11-14,Friday,3,22
0,119.9167001192093,85.68000011920931,3,Friday,3,2025-11-14,Friday,3,22
1,119.9167001192093,40.366335765763395,3,Friday,3,2025-11-14,Friday,3,22
7,119.9167001192093,85.67999952722401,3,Friday,3,2025-11-14,Friday,3,22
21,109.94360998436086,43.03522445388635,3,Friday,3,2025-11-14,Friday,3,22
0,119.9167001192093,48.62108615096195,3,Friday,3,2025-11-14,Friday,3,22
4,119.79682333165613,29.640227779007564,3,Friday,3,2025-11-21,Friday,3,20
0,68.12419563042427,36.01839689306157,3,Friday,3,2025-11-21,Friday,3,20
23,119.9167001192093,85.68000011920931,3,Friday,3,2025-11-21,Friday,3,20
16,73.37624053784234,85.67999635743364,3,Friday,3,2025-11-21,Friday,3,20
6,119.9167001192093,23.64221710657908,3,Friday,3,2025-11-21,Friday,3,20
14,119.9167001192093,43.952215655218005,3,Friday,3,2025-11-21,Friday,3,20
7,119.9167001192093,85.67659982594695,3,Friday,3,2025-11-21,Friday,3,20
6,119.9167001192093,85.68000011920931,3,Friday,3,2025-11-21,Friday,3,20
14,119.9167001192093,85.68000011920931,3,Friday,3,2025-11-21,Friday,3,20
0,119.9167001192093,85.68000011920931,3,Friday,3,2025-11-21,Friday,3,20
8,119.9167001192093,42.447749323251465,3,Friday,3,2025-11-21,Friday,3,20
0,119.9167001192093,85.68000011920931,3,Friday,3,2025-11-21,Friday,3,20
6,119.9167001192093,85.63790185181522,3,Friday,3,2025-11-21,Friday,3,20
1,119.9167001192093,85.68000011920931,3,Friday,3,2025-11-21,Friday,3,20
16,56.18772590369571,83.13335165552576,3,Friday,3,2025-11-21,Friday,3,20
9,119.9167001192093,59.214923963241944,3,Friday,3,2025-11-21,Friday,3,20
6,119.9167001192093,85.12768583172037,3,Friday,3,2025-11-21,Friday,3,20
23,119.9167001192093,85.68000010688286,3,Friday,3,2025-11-21,Friday,3,20
2,119.9167001192093,85.67379961459993,3,Friday,3,2025-11-21,Friday,3,20
1,119.9167001192093,15.96269484010042,3,Friday,3,2025-11-21,Friday,3,20
5,119.9167001192093,28.386375423784905,3,Friday,3,2025-11-28,Friday,3,23
0,119.9167001192093,77.36433616419689,3,Friday,3,2025-11-28,Friday,3,23
22,3.429733940223362,85.68000011920931,3,Friday,3,2025-11-28,Friday,3,23
1,119.9167001192093,51.31140192483026,3,Friday,3,2025-11-28,Friday,3,23
0,119.9167001192093,85.68000011920931,3,Friday,3,2025-11-28,Friday,3,23
8,26.31617439953216,36.03881085872557,3,Friday,3,2025-11-28,Friday,3,23
16,119.91657246306495,44.09823723340812,3,Friday,3,2025-11-28,Friday,3,23
10,119.9167001192093,85.68000011857718,3,Friday,3,2025-11-28,Friday,3,23
0,119.9167001192093,23.526560914921845,3,Friday,3,2025-11-28,Friday,3,23
19,119.9167001192093,85.68000011920931,3,Friday,3,2025-11-28,Friday,3,23
8,23.680277941163347,36.085697448545815,3,Friday,3,2025-11-28,Friday,3,23
9,119.9167001192093,35.38953839285356,3,Friday,3,2025-11-28,Friday,3,23
14,55.26883041851604,62.267587071234544,3,Friday,3,2025-11-28,Friday,3,23
0,22.33008395035882,66.3838369516178,3,Friday,3,2025-11-28,Friday,3,23
0,79.9966980832215,85.68000011889325,3,Friday,3,2025-11-28,Friday,3,23
2,16.639776773122286,85.67905204696532,3,Friday,3,2025-11-28,Friday,3,23
22,119.9167001192093,53.73822875196686,3,Friday,3,2025-11-28,Friday,3,23
0,119.9167001192093,85.68000011920931,3,Friday,3,2025-11-28,Friday,3,23
23,119.9167001192093,12.266470766767677,3,Friday,3,2025-11-28,Friday,3,23
0,119.9167001192093,85.68000011920931,3,Friday,3,2025-11-28,Friday,3,23
17,119.91632280194912,26.909034290642023,3,Friday,3,2025-11-28,Friday,3,23
1,119.9167001192093,19.38996685022751,3,Friday,3,2025-11-28,Friday,3,23
10,27.547997795463,85.67542296141919,3,Friday,3,2025-11-28,Friday,3,23
8,67.18946515620112,65.6047624997093,3,Friday,3,2025-12-05,Friday,3,25
2,10.790649494064102,58.74393233515659,3,Friday,3,2025-12-05,Friday,3,25
17,119.9167001192093,85.68000011920931,3,Friday,3,2025-12-05,Friday,3,25
3,119.9167001192093,85.68000011920931,3,Friday,3,2025-12-05,Friday,3,25
1,119.9167001192093,38.36893695266257,3,Friday,3,2025-12-05,Friday,3,25
21,119.9167001192093,85.68000011920931,3,Friday,3,2025-12-05,Friday,3,25
3,119.9167001192093,85.65793234843792,3,Friday,3,2025-12-05,Friday,3,25
3,119.9167001192093,85.67985901421177,3,Friday,3,2025-12-05,Friday,3,25
23,119.9167001192093,85.68000011920931,3,Friday,3,2025-12-05,Friday,3,25
0,37.47760159517724,85.67989449293052,3,Friday,3,2025-12-05,Friday,3,25
14,117.9492726715514,56.282074198323315,3,Friday,3,2025-12-05,Friday,3,25
0,45.79652308082642,85.56123049570276,3,Friday,3,2025-12-05,Friday,3,25
3,119.9167001192093,65.627204813414,3,Friday,3,2025-12-05,Friday,3,25
23,119.9167001192093,26.831612180241045,3,Friday,3,2025-12-05,Friday,3,25
0,119.9167001192093,27.37348980922053,3,Friday,3,2025-12-05,Friday,3,25
0,119.9167001192093,45.854884320818634,3,Friday,3,2025-12-05,Friday,3,25
6,119.9167001192093,31.67192850678729,3,Friday,3,2025-12-05,Friday,3,25
5,46.15641124078436,85.68000011920931,3,Friday,3,2025-12-05,Friday,3,25
0,119.9167001192093,85.68000011920931,3,Friday,3,2025-12-05,Friday,3,25
0,103.79727404815286,64.42786558158134,3,Friday,3,2025-12-05,Friday,3,25
0,66.25415868981243,35.9960334802433,3,Friday,3,2025-12-05,Friday,3,25
13,119.61840376425033,75.44471863810288,3,Friday,3,2025-12-05,Friday,3,25
8,119.9167001192093,85.67748100933821,3,Friday,3,2025-12-05,Friday,3,25
0,119.9167001192093,85.68000011920931,3,Friday,3,2025-12-05,Friday,3,25
3,119.9167001192093,37.858978812267885,3,Friday,3,2025-12-05,Friday,3,25
15,94.79133878961333,34.11267673667187,3,Friday,3,2025-12-12,Friday,3,31
0,119.9167001192093,85.68000011920931,3,Friday,3,2025-12-12,Friday,3,31
8,119.9167001192093,85.68000011920931,3,Friday,3,2025-12-12,Friday,3,31
6,119.9167001192093,85.67999996181011,3,Friday,3,2025-12-12,Friday,3,31
0,119.9167001192093,18.360082111513865,3,Friday,3,2025-12-12,Friday,3,31
8,119.9167001192093,85.68000011920931,3,Friday,3,2025-12-12,Friday,3,31
12,80.44162274919739,85.67995868173716,3,Friday,3,2025-12-12,Friday,3,31
0,68.11004516732865,34.4109170681308,3,Friday,3,2025-12-12,Friday,3,31
1,119.9167001192093,85.68000008602273,3,Friday,3,2025-12-12,Friday,3,31
5,43.16763507952729,29.659669002457868,3,Friday,3,2025-12-12,Friday,3,31
0,119.9167001192093,15.432715254688965,3,Friday,3,2025-12-12,Friday,3,31
13,22.360709920398115,66.53393082865911,3,Friday,3,2025-12-12,Friday,3,31
8,119.9167001192093,85.68000011920931,3,Friday,3,2025-12-12,Friday,3,31
1,119.9167001192093,58.71646722549639,3,Friday,3,2025-12-12,Friday,3,31
0,86.25051081956903,62.307744158841466,3,Friday,3,2025-12-12,Friday,3,31
4,119.9167001192093,27.826316655240202,3,Friday,3,2025-12-12,Friday,3,31
0,119.9167001192093,85.67914102197709,3,Friday,3,2025-12-12,Friday,3,31
9,119.9167001192093,57.62626240826097,3,Friday,3,2025-12-12,Friday,3,31
0,119.9167001192093,85.67999888498487,3,Friday,3,2025-12-12,Friday,3,31
8,119.9167001192093,85.68000003387237,3,Friday,3,2025-12-12,Friday,3,31
20,119.9167001192093,31.418196445861597,3,Friday,3,2025-12-12,Friday,3,31
10,81.5996107765705,41.019051770517954,3,Friday,3,2025-12-12,Friday,3,31
0,75.79071571806985,85.68000011130773,3,Friday,3,2025-12-12,Friday,3,31
14,119.91666473469144,28.07960485365176,3,Friday,3,2025-12-12,Friday,3,31
10,119.9167001192093,37.103358967683995,3,Friday,3,2025-12-12,Friday,3,31
10,88.35509823004156,85.68000011920931,3,Friday,3,2025-12-12,Friday,3,31
0,38.399540559404656,67.67452945026675,3,Friday,3,2025-12-12,Friday,3,31
20,119.9167001192093,85.68000011920931,3,Friday,3,2025-12-12,Friday,3,31
0,22.024103887550318,62.96533502344246,3,Friday,3,2025-12-12,Friday,3,31
0,119.9167001192093,16.338243450592394,3,Friday,3,2025-12-12,Friday,3,31
5,119.9167001192093,41.9299545430691,3,Friday,3,2025-12-12,Friday,3,31
5,119.9167001192093,85.68000011920931,3,Friday,3,2025-12-19,Friday,3,23
9,14.602693776711444,25.57786187148899,3,Friday,3,2025-12-19,Friday,3,23
0,119.91670815767208,85.68000011920931,3,Friday,3,2025-12-19,Friday,3,23
12,119.9167001192093,73.04013128217608,3,Friday,3,2025-12-19,Friday,3,23
0,119.9167001192093,22.036846454046465,3,Friday,3,2025-12-19,Friday,3,23
1,76.66185322518398,41.293395926627895,3,Friday,3,2025-12-19,Friday,3,23
0,119.9167001192093,85.68000011920931,3,Friday,3,2025-12-19,Friday,3,23
0,96.01190264263442,69.40151195067529,3,Friday,3,2025-12-19,Friday,3,23
6,106.7363866722247,27.86456523323965,3,Friday,3,2025-12-19,Friday,3,23
3,99.34606194823941,85.68000011920931,3,Friday,3,2025-12-19,Friday,3,23
17,39.88235125119218,14.69507961672087,3,Friday,3,2025-12-19,Friday,3,23
0,66.1865053165035,85.68000011920931,3,Friday,3,2025-12-19,Friday,3,23
0,44.06832171926138,85.68000011920931,3,Friday,3,2025-12-19,Friday,3,23
23,33.17312594252552,33.0629730097148,3,Friday,3,2025-12-19,Friday,3,23
0,119.9167001192093,85.67477818556078,3,Friday,3,2025-12-19,Friday,3,23
1,119.9167001192093,25.275048229719527,3,Friday,3,2025-12-19,Friday,3,23
0,119.9167001192093,49.15886233782855,3,Friday,3,2025-12-19,Friday,3,23
14,119.91659960146703,26.144693638855248,3,Friday,3,2025-12-19,Friday,3,23
0,119.9167001192093,85.68000011920931,3,Friday,3,2025-12-19,Friday,3,23
0,119.91670815767208,85.67999976300673,3,Friday,3,2025-12-19,Friday,3,23
0,119.9167001192093,54.41337988797345,3,Friday,3,2025-12-19,Friday,3,23
11,66.44900158359732,23.445962671911666,3,Friday,3,2025-12-19,Friday,3,23
6,46.92403030219639,24.56975454666254,3,Friday,3,2025-12-19,Friday,3,23
23,26.677702599672372,0.8821099026936058,3,Saturday,3,2025-09-27,Saturday,3,16
23,119.9167001192093,0.5100033781809702,3,Saturday,3,2025-09-27,Saturday,3,16
23,119.9167001192093,0.5107990693534475,3,Saturday,3,2025-09-27,Saturday,3,16
23,119.9167001192093,0.5100005763671036,3,Saturday,3,2025-09-27,Saturday,3,16
23,13.377501355886757,0.5576075443537454,3,Saturday,3,2025-09-27,Saturday,3,16
23,119.9167001192093,0.5099998877967171,3,Saturday,3,2025-09-27,Saturday,3,16
0,119.9167001192093,0.5099998807907105,3,Saturday,3,2025-09-27,Saturday,3,16
23,119.9167001192093,0.5099999189750257,3,Saturday,3,2025-09-27,Saturday,3,16
23,29.480968971329503,0.7532085243916626,3,Saturday,3,2025-09-27,Saturday,3,16
23,119.9167001192093,0.5104627690592506,3,Saturday,3,2025-09-27,Saturday,3,16
23,119.8813119582468,0.5100362655233261,3,Saturday,3,2025-09-27,Saturday,3,16
23,119.9167001192093,0.5099998807907105,3,Saturday,3,2025-09-27,Saturday,3,16
23,119.391472508842,0.5103491020294498,3,Saturday,3,2025-09-27,Saturday,3,16
23,119.9167001192093,0.5099998807907105,3,Saturday,3,2025-09-27,Saturday,3,16
23,119.9167001192093,0.510002773644843,3,Saturday,3,2025-09-27,Saturday,3,16
23,119.9167001192093,0.5099998939771946,3,Saturday,3,2025-09-27,Saturday,3,16
23,119.9167001192093,0.510238118960825,3,Saturday,3,2025-10-04,Saturday,3,21
23,119.9167001192093,0.512489123316209,3,Saturday,3,2025-10-04,Saturday,3,21
23,53.08720113105065,0.5100002032897897,3,Saturday,3,2025-10-04,Saturday,3,21
23,119.9167001192093,0.5116513703542348,3,Saturday,3,2025-10-04,Saturday,3,21
22,119.9167001192093,0.5100082578286498,3,Saturday,3,2025-10-04,Saturday,3,21
3,119.9167001192093,0.5099998807907349,3,Saturday,3,2025-10-04,Saturday,3,21
23,106.1211192044503,0.5644348140134475,3,Saturday,3,2025-10-04,Saturday,3,21
23,119.91481987227904,0.5099998889669592,3,Saturday,3,2025-10-04,Saturday,3,21
23,87.1725975660447,0.5108816706560405,3,Saturday,3,2025-10-04,Saturday,3,21
23,76.36845604497621,0.5495922133640437,3,Saturday,3,2025-10-04,Saturday,3,21
23,119.9167001192093,0.5100003869657829,3,Saturday,3,2025-10-04,Saturday,3,21
23,50.89854841079298,0.5101965852911607,3,Saturday,3,2025-10-04,Saturday,3,21
23,26.59105225843583,0.5799102673087827,3,Saturday,3,2025-10-04,Saturday,3,21
23,26.98375958870674,0.5389367415612591,3,Saturday,3,2025-10-04,Saturday,3,21
23,119.9167001192093,0.5099998809887759,3,Saturday,3,2025-10-04,Saturday,3,21
21,74.03063047474679,0.5504777230507685,3,Saturday,3,2025-10-04,Saturday,3,21
23,119.75409887507001,0.5313884276472054,3,Saturday,3,2025-10-04,Saturday,3,21
23,53.79444300068543,0.5579800310105639,3,Saturday,3,2025-10-04,Saturday,3,21
23,66.98716266732258,0.6730623306747092,3,Saturday,3,2025-10-04,Saturday,3,21
23,119.9167001192093,0.5099998807907105,3,Saturday,3,2025-10-04,Saturday,3,21
23,119.9167001192093,0.5099998807907105,3,Saturday,3,2025-10-04,Saturday,3,21
22,119.9167001192093,0.5111835148961232,3,Saturday,3,2025-10-11,Saturday,3,15
23,119.9167001192093,0.5099998807907105,3,Saturday,3,2025-10-11,Saturday,3,15
23,119.9167001192093,0.5190411131536669,3,Saturday,3,2025-10-11,Saturday,3,15
23,29.50503752745814,0.5713784397561229,3,Saturday,3,2025-10-11,Saturday,3,15
23,119.9167001192093,0.5099998839736875,3,Saturday,3,2025-10-11,Saturday,3,15
23,34.612902194069264,0.5328425731977909,3,Saturday,3,2025-10-11,Saturday,3,15
23,119.9167001192093,0.5099998807907105,3,Saturday,3,2025-10-11,Saturday,3,15
23,119.9167001192093,0.5103306680734422,3,Saturday,3,2025-10-11,Saturday,3,15
23,16.741538977634818,0.5101963801421857,3,Saturday,3,2025-10-11,Saturday,3,15
23,119.9167001192093,0.5099998807907105,3,Saturday,3,2025-10-11,Saturday,3,15
23,119.9167001192093,0.5099999164706982,3,Saturday,3,2025-10-11,Saturday,3,15
23,39.946431782972105,0.5102151801037379,3,Saturday,3,2025-10-11,Saturday,3,15
23,119.9167001192093,0.5099998807907105,3,Saturday,3,2025-10-11,Saturday,3,15
23,113.36386003229697,0.703580255793886,3,Saturday,3,2025-10-11,Saturday,3,15
23,48.4773400610684,0.518907056612986,3,Saturday,3,2025-10-11,Saturday,3,15
20,119.9167001192093,0.509999880856979,3,Saturday,3,2025-10-18,Saturday,3,24
23,119.9167001192093,0.5100631754401302,3,Saturday,3,2025-10-18,Saturday,3,24
23,81.38157918079129,0.5917560025067163,3,Saturday,3,2025-10-18,Saturday,3,24
23,47.39318364193962,1.6597354442730805,3,Saturday,3,2025-10-18,Saturday,3,24
23,110.10719715821376,0.5362411065995473,3,Saturday,3,2025-10-18,Saturday,3,24
19,119.9167001192093,0.5100508349472354,3,Saturday,3,2025-10-18,Saturday,3,24
23,119.9167001192093,0.5211546343878849,3,Saturday,3,2025-10-18,Saturday,3,24
23,96.30182011956542,0.5313097904315595,3,Saturday,3,2025-10-18,Saturday,3,24
23,119.9167001192093,0.5099998807907105,3,Saturday,3,2025-10-18,Saturday,3,24
23,32.406344781103876,0.5472943322925504,3,Saturday,3,2025-10-18,Saturday,3,24
23,119.9167001192093,0.5100590558270041,3,Saturday,3,2025-10-18,Saturday,3,24
23,119.9167001192093,0.5099998807907105,3,Saturday,3,2025-10-18,Saturday,3,24
23,119.9167001192093,0.5100003223861356,3,Saturday,3,2025-10-18,Saturday,3,24
23,119.9167001192093,0.5099999413630508,3,Saturday,3,2025-10-18,Saturday,3,24
23,119.9167001192093,0.509999914409628,3,Saturday,3,2025-10-18,Saturday,3,24
23,119.9167001192093,0.5099998807907105,3,Saturday,3,2025-10-18,Saturday,3,24
22,34.96573354751186,0.5795888761916957,3,Saturday,3,2025-10-18,Saturday,3,24
23,119.9166701625277,0.5099998808010229,3,Saturday,3,2025-10-18,Saturday,3,24
23,119.9167001192093,0.5100161298116623,3,Saturday,3,2025-10-18,Saturday,3,24
23,119.9167001192093,0.5099998807907105,3,Saturday,3,2025-10-18,Saturday,3,24
23,119.9167001192093,0.5099998807907105,3,Saturday,3,2025-10-18,Saturday,3,24
23,119.9167001192093,0.5099998807907105,3,Saturday,3,2025-10-18,Saturday,3,24
23,119.9167001192093,0.5100007608477398,3,Saturday,3,2025-10-18,Saturday,3,24
20,119.9167001192093,0.5099998807907105,3,Saturday,3,2025-10-18,Saturday,3,24
23,94.75352306914898,0.5189413602456578,3,Saturday,3,2025-10-25,Saturday,3,17
23,119.9167001192093,0.5099998807907105,3,Saturday,3,2025-10-25,Saturday,3,17
23,56.83146644811364,0.6432252347967196,3,Saturday,3,2025-10-25,Saturday,3,17
23,119.9167001192093,0.5099998807907105,3,Saturday,3,2025-10-25,Saturday,3,17
23,119.9167001192093,0.5100187622306361,3,Saturday,3,2025-10-25,Saturday,3,17
23,119.9167001192093,0.5099998808193321,3,Saturday,3,2025-10-25,Saturday,3,17
23,119.9167001192093,0.5389751523697102,3,Saturday,3,2025-10-25,Saturday,3,17
23,119.9167001192093,0.5100014097134333,3,Saturday,3,2025-10-25,Saturday,3,17
23,119.9167001192093,0.5099998807907105,3,Saturday,3,2025-10-25,Saturday,3,17
23,119.9167001192093,0.5099998807907105,3,Saturday,3,2025-10-25,Saturday,3,17
23,119.9167001192093,0.5099998807907105,3,Saturday,3,2025-10-25,Saturday,3,17
23,46.82756918798399,0.6462327453005767,3,Saturday,3,2025-10-25,Saturday,3,17
23,119.9167001192093,0.5204684956137912,3,Saturday,3,2025-10-25,Saturday,3,17
23,63.684692288973196,0.6335513191620955,3,Saturday,3,2025-10-25,Saturday,3,17
23,119.9167001192093,0.5142569554169614,3,Saturday,3,2025-10-25,Saturday,3,17
23,119.9167001192093,0.5100381939742994,3,Saturday,3,2025-10-25,Saturday,3,17
23,54.83072800009049,0.5100052826334744,3,Saturday,3,2025-10-25,Saturday,3,17
23,119.9167001192093,0.5117312531245304,3,Saturday,3,2025-11-01,Saturday,3,15
23,119.9167001192093,0.5099998811855908,3,Saturday,3,2025-11-01,Saturday,3,15
23,119.9167001192093,0.5099998807907105,3,Saturday,3,2025-11-01,Saturday,3,15
23,50.80828685705194,0.5778032203131827,3,Saturday,3,2025-11-01,Saturday,3,15
23,22.19115967826052,3.3552576975965707,3,Saturday,3,2025-11-01,Saturday,3,15
23,52.00576778451271,0.8900941354977832,3,Saturday,3,2025-11-01,Saturday,3,15
23,119.9167001192093,0.5355534013330528,3,Saturday,3,2025-11-01,Saturday,3,15
23,119.9167001192093,0.5099998807920538,3,Saturday,3,2025-11-01,Saturday,3,15
23,119.9167001192093,0.5100018486238125,3,Saturday,3,2025-11-01,Saturday,3,15
23,119.9167001192093,0.5106010556602025,3,Saturday,3,2025-11-01,Saturday,3,15
23,119.9167001192093,0.5100022449783528,3,Saturday,3,2025-11-01,Saturday,3,15
19,83.95421217893023,0.5604890127622899,3,Saturday,3,2025-11-01,Saturday,3,15
23,119.9167001192093,0.5099998808752882,3,Saturday,3,2025-11-01,Saturday,3,15
23,119.9167001192093,0.5764104267087199,3,Saturday,3,2025-11-01,Saturday,3,15
23,119.91648562192331,0.5100014035015449,3,Saturday,3,2025-11-01,Saturday,3,15
23,119.9167001192093,0.5099998868619967,3,Saturday,3,2025-11-08,Saturday,3,18
23,110.38384155388452,0.5122324502949748,3,Saturday,3,2025-11-08,Saturday,3,18
23,72.95911801106328,0.5439739111205206,3,Saturday,3,2025-11-08,Saturday,3,18
23,119.9167001192093,0.5123339340553914,3,Saturday,3,2025-11-08,Saturday,3,18
23,119.9167001192093,0.5102109222337718,3,Saturday,3,2025-11-08,Saturday,3,18
23,119.9167001192093,0.5099998807913675,3,Saturday,3,2025-11-08,Saturday,3,18
23,119.9167001192093,0.5099998808804396,3,Saturday,3,2025-11-08,Saturday,3,18
23,119.9167001192093,0.5100049714560011,3,Saturday,3,2025-11-08,Saturday,3,18
23,119.9167001192093,0.5099998807909523,3,Saturday,3,2025-11-08,Saturday,3,18
23,119.9167001192093,0.5099998807915067,3,Saturday,3,2025-11-08,Saturday,3,18
23,119.9167001192093,0.5099998807907105,3,Saturday,3,2025-11-08,Saturday,3,18
23,119.9167001192093,0.509999880791238,3,Saturday,3,2025-11-08,Saturday,3,18
23,119.9167001192093,0.5099998807907105,3,Saturday,3,2025-11-08,Saturday,3,18
23,7.930424870654917,1.9297862994778618,3,Saturday,3,2025-11-08,Saturday,3,18
23,22.915796781952256,0.5448318708697163,3,Saturday,3,2025-11-08,Saturday,3,18
23,119.9167001192093,0.5106044463955622,3,Saturday,3,2025-11-08,Saturday,3,18
23,119.9167001192093,0.5099998809920001,3,Saturday,3,2025-11-08,Saturday,3,18
23,71.72386853998144,0.5110746384630572,3,Saturday,3,2025-11-08,Saturday,3,18
23,28.4035873291127,0.5109135699848218,3,Saturday,3,2025-11-15,Saturday,3,20
23,42.38228678377076,0.6113324522888279,3,Saturday,3,2025-11-15,Saturday,3,20
22,89.58765495274335,0.5981862303170153,3,Saturday,3,2025-11-15,Saturday,3,20
23,119.9167001192093,0.5106113021430171,3,Saturday,3,2025-11-15,Saturday,3,20
23,32.63035705064063,3.8339248022563055,3,Saturday,3,2025-11-15,Saturday,3,20
23,119.9167001192093,0.5118357717450314,3,Saturday,3,2025-11-15,Saturday,3,20
23,119.9167001192093,0.6537622506179789,3,Saturday,3,2025-11-15,Saturday,3,20
23,119.9167001192093,0.5106474840826268,3,Saturday,3,2025-11-15,Saturday,3,20
23,119.9167001192093,0.5100215146221115,3,Saturday,3,2025-11-15,Saturday,3,20
0,119.9167001192093,0.5099999149042006,3,Saturday,3,2025-11-15,Saturday,3,20
23,119.9167001192093,0.5291224929039621,3,Saturday,3,2025-11-15,Saturday,3,20
23,119.9167001192093,0.5099998807907105,3,Saturday,3,2025-11-15,Saturday,3,20
23,53.165787327336105,0.5117642134935181,3,Saturday,3,2025-11-15,Saturday,3,20
23,15.908444648611272,0.5266221012676846,3,Saturday,3,2025-11-15,Saturday,3,20
23,119.9167001192093,0.5285535742130324,3,Saturday,3,2025-11-15,Saturday,3,20
23,119.9167001192093,0.5099998807907105,3,Saturday,3,2025-11-15,Saturday,3,20
23,58.134329312547216,0.5109844835575786,3,Saturday,3,2025-11-15,Saturday,3,20
23,119.9167001192093,0.5102759677259003,3,Saturday,3,2025-11-15,Saturday,3,20
23,103.84140702755246,0.5107761941919196,3,Saturday,3,2025-11-15,Saturday,3,20
23,119.9167001192093,0.5099998807907105,3,Saturday,3,2025-11-15,Saturday,3,20
23,119.9167001192093,0.5102003831447401,3,Saturday,3,2025-11-22,Saturday,3,19
23,119.9167001192093,0.510000121593604,3,Saturday,3,2025-11-22,Saturday,3,19
23,85.15208612670851,0.509999880804755,3,Saturday,3,2025-11-22,Saturday,3,19
23,119.9167001192093,0.5099998818767657,3,Saturday,3,2025-11-22,Saturday,3,19
23,110.42014355535646,0.5107798007421036,3,Saturday,3,2025-11-22,Saturday,3,19
23,23.96965655549285,0.7164522638504072,3,Saturday,3,2025-11-22,Saturday,3,19
23,74.08133937053124,0.5125073259089287,3,Saturday,3,2025-11-22,Saturday,3,19
23,119.9167001192093,0.5099999236299766,3,Saturday,3,2025-11-22,Saturday,3,19
23,119.9167001192093,0.5099998807907105,3,Saturday,3,2025-11-22,Saturday,3,19
23,119.9167001192093,0.5099998807907153,3,Saturday,3,2025-11-22,Saturday,3,19
23,119.9167001192093,27.17497370478859,3,Saturday,3,2025-11-22,Saturday,3,19
23,119.9167001192093,0.5100357284625783,3,Saturday,3,2025-11-22,Saturday,3,19
23,119.9167001192093,0.5099998808984826,3,Saturday,3,2025-11-22,Saturday,3,19
23,34.313355203505886,0.509999897750709,3,Saturday,3,2025-11-22,Saturday,3,19
23,119.9167001192093,0.5100498248809862,3,Saturday,3,2025-11-22,Saturday,3,19
23,119.9167001192093,0.5099998807907105,3,Saturday,3,2025-11-22,Saturday,3,19
23,49.52097238950702,0.5775972375640489,3,Saturday,3,2025-11-22,Saturday,3,19
23,119.9167001192093,0.5099998807907105,3,Saturday,3,2025-11-22,Saturday,3,19
23,119.9167001192093,0.5099998807907105,3,Saturday,3,2025-11-22,Saturday,3,19
23,47.94789757687453,0.5134921438816439,3,Saturday,3,2025-11-29,Saturday,3,23
23,119.9167001192093,0.5099998821703295,3,Saturday,3,2025-11-29,Saturday,3,23
23,119.9167001192093,0.5099998807914017,3,Saturday,3,2025-11-29,Saturday,3,23
23,119.9167001192093,0.5263699917880216,3,Saturday,3,2025-11-29,Saturday,3,23
23,33.23963118342009,0.5103054375893941,3,Saturday,3,2025-11-29,Saturday,3,23
23,119.9167001192093,0.5350151329327727,3,Saturday,3,2025-11-29,Saturday,3,23
23,102.17579974503465,0.527614128923326,3,Saturday,3,2025-11-29,Saturday,3,23
23,57.66435602924929,0.5099998864590071,3,Saturday,3,2025-11-29,Saturday,3,23
23,26.92877703521567,0.5894768222529273,3,Saturday,3,2025-11-29,Saturday,3,23
23,119.9167001192093,0.5099998807907105,3,Saturday,3,2025-11-29,Saturday,3,23
23,42.49722057149916,0.5114178441598123,3,Saturday,3,2025-11-29,Saturday,3,23
23,119.9167001192093,0.5100033441568403,3,Saturday,3,2025-11-29,Saturday,3,23
23,119.9167001192093,0.5108936682987795,3,Saturday,3,2025-11-29,Saturday,3,23
23,119.9167001192093,0.5145658106395602,3,Saturday,3,2025-11-29,Saturday,3,23
23,119.9167001192093,0.5100567242358522,3,Saturday,3,2025-11-29,Saturday,3,23
23,119.9167001192093,0.5099998807908204,3,Saturday,3,2025-11-29,Saturday,3,23
23,32.69529458530892,0.5099998817298275,3,Saturday,3,2025-11-29,Saturday,3,23
23,20.175642672984505,0.7034684082001088,3,Saturday,3,2025-11-29,Saturday,3,23
22,119.9167001192093,0.5215625401328956,3,Saturday,3,2025-11-29,Saturday,3,23
23,119.9167001192093,0.5100767630648982,3,Saturday,3,2025-11-29,Saturday,3,23
23,119.9167001192093,0.5105150892266899,3,Saturday,3,2025-11-29,Saturday,3,23
23,48.03793712198347,0.510062721109546,3,Saturday,3,2025-11-29,Saturday,3,23
23,31.21966127571844,1.2519501374201916,3,Saturday,3,2025-11-29,Saturday,3,23
23,14.389789284482372,0.5100101193478843,3,Saturday,3,2025-12-06,Saturday,3,16
21,119.9167001192093,0.5102737102614336,3,Saturday,3,2025-12-06,Saturday,3,16
23,119.9167001192093,0.5100138156066294,3,Saturday,3,2025-12-06,Saturday,3,16
23,66.05600143728923,0.7364871598548571,3,Saturday,3,2025-12-06,Saturday,3,16
23,119.9167001192093,0.5099998808331202,3,Saturday,3,2025-12-06,Saturday,3,16
23,119.9167001192093,0.510116756804559,3,Saturday,3,2025-12-06,Saturday,3,16
23,119.9167001192093,0.5099998807907105,3,Saturday,3,2025-12-06,Saturday,3,16
23,119.9167001192093,0.511876602614229,3,Saturday,3,2025-12-06,Saturday,3,16
23,37.7769710710882,0.5099998808984044,3,Saturday,3,2025-12-06,Saturday,3,16
23,119.9167001192093,0.5100145660269504,3,Saturday,3,2025-12-06,Saturday,3,16
23,119.9167001192093,0.5100078978049727,3,Saturday,3,2025-12-06,Saturday,3,16
23,119.9167001192093,0.5151372392700452,3,Saturday,3,2025-12-06,Saturday,3,16
23,119.9167001192093,0.5213602919890108,3,Saturday,3,2025-12-06,Saturday,3,16
23,78.32278015436664,0.5159106914629146,3,Saturday,3,2025-12-06,Saturday,3,16
23,119.9167001192093,0.5099998807907105,3,Saturday,3,2025-12-06,Saturday,3,16
23,119.9167001192093,0.510295882137987,3,Saturday,3,2025-12-06,Saturday,3,16
23,119.9167001192093,0.5100117458350476,3,Saturday,3,2025-12-13,Saturday,3,25
23,119.9167001192093,0.5108680466013891,3,Saturday,3,2025-12-13,Saturday,3,25
23,119.9167001192093,0.5099998807907105,3,Saturday,3,2025-12-13,Saturday,3,25
23,119.9167001192093,0.5099998905284668,3,Saturday,3,2025-12-13,Saturday,3,25
23,46.88427036083074,0.5107978178745629,3,Saturday,3,2025-12-13,Saturday,3,25
0,119.9167001192093,0.5100020166080098,3,Saturday,3,2025-12-13,Saturday,3,25
23,47.62035181116764,1.2300500448975042,3,Saturday,3,2025-12-13,Saturday,3,25
23,119.9167001192093,0.5099998831079101,3,Saturday,3,2025-12-13,Saturday,3,25
23,104.48344786237682,0.5391450478537854,3,Saturday,3,2025-12-13,Saturday,3,25
23,115.51355701163033,0.5121658061517523,3,Saturday,3,2025-12-13,Saturday,3,25
23,119.9167001192093,0.5099998807907324,3,Saturday,3,2025-12-13,Saturday,3,25
23,119.9167001192093,0.5099998807907105,3,Saturday,3,2025-12-13,Saturday,3,25
23,119.9167001192093,0.5823717257841833,3,Saturday,3,2025-12-13,Saturday,3,25
23,119.9167001192093,0.5099999728683079,3,Saturday,3,2025-12-13,Saturday,3,25
23,119.9167001192093,0.5100835443820928,3,Saturday,3,2025-12-13,Saturday,3,25
23,119.9167001192093,0.5223960426434352,3,Saturday,3,2025-12-13,Saturday,3,25
16,99.98685176885785,0.5143704149588225,3,Saturday,3,2025-12-13,Saturday,3,25
23,48.04155843477404,0.5110101625720668,3,Saturday,3,2025-12-13,Saturday,3,25
23,119.9167001192093,0.5107063062913867,3,Saturday,3,2025-12-13,Saturday,3,25
23,119.9167001192093,0.5104161595274845,3,Saturday,3,2025-12-13,Saturday,3,25
23,119.9167001192093,0.5100467485320674,3,Saturday,3,2025-12-13,Saturday,3,25
23,119.9167001192093,0.5099998807908082,3,Saturday,3,2025-12-13,Saturday,3,25
22,119.9167001192093,0.5106380098831467,3,Saturday,3,2025-12-13,Saturday,3,25
23,119.9167001192093,0.5182344409182713,3,Saturday,3,2025-12-13,Saturday,3,25
23,119.9167001192093,0.5099998807907105,3,Saturday,3,2025-12-13,Saturday,3,25
23,119.9167001192093,0.5100004108701384,3,Saturday,3,2025-12-20,Saturday,3,13
18,119.9167001192093,0.5099998823014255,3,Saturday,3,2025-12-20,Saturday,3,13
23,119.9167001192093,0.5099998807907105,3,Saturday,3,2025-12-20,Saturday,3,13
23,119.9167001192093,0.5292460673137055,3,Saturday,3,2025-12-20,Saturday,3,13
23,119.9167001192093,0.5099998816556085,3,Saturday,3,2025-12-20,Saturday,3,13
23,49.799344812342866,0.8420236518521713,3,Saturday,3,2025-12-20,Saturday,3,13
23,119.9167001192093,0.5100258447690038,3,Saturday,3,2025-12-20,Saturday,3,13
23,119.9167001192093,0.5099999080663872,3,Saturday,3,2025-12-20,Saturday,3,13
23,119.9167001192093,0.5099998807907105,3,Saturday,3,2025-12-20,Saturday,3,13
23,119.9167001192093,0.509999880790879,3,Saturday,3,2025-12-20,Saturday,3,13
23,25.623478522850515,0.5223245828817085,3,Saturday,3,2025-12-20,Saturday,3,13
23,119.91455409395446,1.0634948192651983,3,Saturday,3,2025-12-20,Saturday,3,13
23,119.9167001192093,0.5130918017982969,3,Saturday,3,2025-12-20,Saturday,3,13
22,24.15888161968034,0.5099998807907105,3,Sunday,3,2025-09-28,Sunday,3,20
0,13.004693304076408,0.5099998807907105,3,Sunday,3,2025-09-28,Sunday,3,20
11,19.99909933851497,0.5099998807918145,3,Sunday,3,2025-09-28,Sunday,3,20
22,6.708914346834021,0.5099998807907105,3,Sunday,3,2025-09-28,Sunday,3,20
23,14.532960105824817,0.5099998810782144,3,Sunday,3,2025-09-28,Sunday,3,20
23,91.52866106597887,0.5099998807907105,3,Sunday,3,2025-09-28,Sunday,3,20
9,5.804188494088729,0.5099998807907105,3,Sunday,3,2025-09-28,Sunday,3,20
18,42.66793576995309,0.5099998807907105,3,Sunday,3,2025-09-28,Sunday,3,20
22,19.644598185400916,0.5099998807907105,3,Sunday,3,2025-09-28,Sunday,3,20
19,59.65252325333955,0.5099998807907105,3,Sunday,3,2025-09-28,Sunday,3,20
23,4.029841094118371,0.5099998807907105,3,Sunday,3,2025-09-28,Sunday,3,20
23,2.1305749590998055,0.5099998807907105,3,Sunday,3,2025-09-28,Sunday,3,20
23,45.493574034651104,0.5099998807907105,3,Sunday,3,2025-09-28,Sunday,3,20
23,69.71200686194402,0.5099998807907105,3,Sunday,3,2025-09-28,Sunday,3,20
23,38.740301257976434,0.5099998807907105,3,Sunday,3,2025-09-28,Sunday,3,20
5,69.67831255188247,0.5099998807907105,3,Sunday,3,2025-09-28,Sunday,3,20
23,15.816651261854496,0.5099998807907349,3,Sunday,3,2025-09-28,Sunday,3,20
0,119.77647319482075,0.5099998807907105,3,Sunday,3,2025-09-28,Sunday,3,20
23,25.36642070797402,0.5099998807907105,3,Sunday,3,2025-09-28,Sunday,3,20
23,44.260563582188965,0.5099998807907105,3,Sunday,3,2025-09-28,Sunday,3,20
12,35.540777674140166,0.5099998807907105,3,Sunday,3,2025-10-05,Sunday,3,21
1,30.21917172829585,0.5099998807907105,3,Sunday,3,2025-10-05,Sunday,3,21
23,2.0385033627915017,0.5099998807907105,3,Sunday,3,2025-10-05,Sunday,3,21
19,21.848241333431126,0.5099998807907105,3,Sunday,3,2025-10-05,Sunday,3,21
23,10.673053715321885,0.5099998807907105,3,Sunday,3,2025-10-05,Sunday,3,21
21,9.672726386096443,0.5099998807907105,3,Sunday,3,2025-10-05,Sunday,3,21
23,2.689789660405135,0.5099998807907227,3,Sunday,3,2025-10-05,Sunday,3,21
14,31.23729426786531,0.5099998807907105,3,Sunday,3,2025-10-05,Sunday,3,21
22,29.198671217371786,0.5099998807907105,3,Sunday,3,2025-10-05,Sunday,3,21
23,2.5646463954385417,0.5099998807907105,3,Sunday,3,2025-10-05,Sunday,3,21
23,7.877423134159196,0.5099998807907105,3,Sunday,3,2025-10-05,Sunday,3,21
20,4.153362291057624,0.5099998807907105,3,Sunday,3,2025-10-05,Sunday,3,21
23,1.9999998980623566,0.5099998807907105,3,Sunday,3,2025-10-05,Sunday,3,21
19,13.045581002624402,0.5099998807907105,3,Sunday,3,2025-10-05,Sunday,3,21
23,22.11597237719446,0.5099998807907105,3,Sunday,3,2025-10-05,Sunday,3,21
23,8.817920993081339,0.5099998807907105,3,Sunday,3,2025-10-05,Sunday,3,21
23,12.14348276834794,0.5099998807907105,3,Sunday,3,2025-10-05,Sunday,3,21
23,12.507152164211693,0.5099998807907105,3,Sunday,3,2025-10-05,Sunday,3,21
23,13.874733555043917,0.5099998807907105,3,Sunday,3,2025-10-05,Sunday,3,21
23,10.84578444670462,0.5100009383183246,3,Sunday,3,2025-10-05,Sunday,3,21
23,2.2447747183610782,0.5099998807908155,3,Sunday,3,2025-10-05,Sunday,3,21
23,7.705147998434432,0.5099998807907105,3,Sunday,3,2025-10-12,Sunday,3,15
23,28.952939385272057,0.5099998808001485,3,Sunday,3,2025-10-12,Sunday,3,15
23,119.9167001192093,0.5099998807907105,3,Sunday,3,2025-10-12,Sunday,3,15
21,21.057748169404498,0.5099998807907105,3,Sunday,3,2025-10-12,Sunday,3,15
11,7.705335992032359,0.5099998807907105,3,Sunday,3,2025-10-12,Sunday,3,15
23,35.79392936871429,0.5099998807907105,3,Sunday,3,2025-10-12,Sunday,3,15
23,30.07264835661734,0.5099998807907105,3,Sunday,3,2025-10-12,Sunday,3,15
14,59.199282916305776,0.5099998807907105,3,Sunday,3,2025-10-12,Sunday,3,15
23,11.12396686981305,0.509999880792452,3,Sunday,3,2025-10-12,Sunday,3,15
23,119.9167001192093,0.5099998807907105,3,Sunday,3,2025-10-12,Sunday,3,15
20,3.431853401897139,0.5099998807907105,3,Sunday,3,2025-10-12,Sunday,3,15
22,17.345084081185234,0.5099998807909425,3,Sunday,3,2025-10-12,Sunday,3,15
0,2.334087352665894,0.5099998807907105,3,Sunday,3,2025-10-12,Sunday,3,15
23,61.527465667778586,0.5099998807907105,3,Sunday,3,2025-10-12,Sunday,3,15
21,32.97012125023923,0.5099998807907105,3,Sunday,3,2025-10-12,Sunday,3,15
23,19.753714852557174,0.5099998807927157,3,Sunday,3,2025-10-19,Sunday,3,27
21,5.144950498088619,0.5099998807907105,3,Sunday,3,2025-10-19,Sunday,3,27
23,16.339270241105435,0.509999880790752,3,Sunday,3,2025-10-19,Sunday,3,27
19,46.425506762463044,0.5099998807907105,3,Sunday,3,2025-10-19,Sunday,3,27
21,3.3323091401134795,0.5099998807907105,3,Sunday,3,2025-10-19,Sunday,3,27
23,6.020302559001086,0.5099998807907105,3,Sunday,3,2025-10-19,Sunday,3,27
21,36.95848734926279,0.5099998807907105,3,Sunday,3,2025-10-19,Sunday,3,27
23,2.359977437278107,0.5099998807907105,3,Sunday,3,2025-10-19,Sunday,3,27
23,37.56847860795023,0.5099998810552887,3,Sunday,3,2025-10-19,Sunday,3,27
23,17.60455336221893,0.5099998807907105,3,Sunday,3,2025-10-19,Sunday,3,27
0,2.000801772482665,0.5099998807907105,3,Sunday,3,2025-10-19,Sunday,3,27
20,20.856654576030923,0.5099998807907105,3,Sunday,3,2025-10-19,Sunday,3,27
23,19.797125364869817,0.510023732158322,3,Sunday,3,2025-10-19,Sunday,3,27
21,119.9153894811392,0.5099998807907105,3,Sunday,3,2025-10-19,Sunday,3,27
23,7.946969447450655,0.5099998807907105,3,Sunday,3,2025-10-19,Sunday,3,27
22,6.04236074544245,0.5099998807907105,3,Sunday,3,2025-10-19,Sunday,3,27
1,71.67100283282365,0.5099998807907105,3,Sunday,3,2025-10-19,Sunday,3,27
17,33.38983343229471,0.5099998807907105,3,Sunday,3,2025-10-19,Sunday,3,27
15,1.999999880790715,0.5099998807907105,3,Sunday,3,2025-10-19,Sunday,3,27
21,10.832334145317446,0.5099998807907105,3,Sunday,3,2025-10-19,Sunday,3,27
23,37.976568207187334,0.5099998811399935,3,Sunday,3,2025-10-19,Sunday,3,27
23,76.49091500462545,0.5099998807907105,3,Sunday,3,2025-10-19,Sunday,3,27
23,24.333677417454318,0.5099998807907105,3,Sunday,3,2025-10-19,Sunday,3,27
23,16.750688798477725,0.5099998807907105,3,Sunday,3,2025-10-19,Sunday,3,27
22,11.470128756340028,0.5099998807907105,3,Sunday,3,2025-10-19,Sunday,3,27
23,11.85566378331443,0.5099998807907105,3,Sunday,3,2025-10-19,Sunday,3,27
23,14.50906890553119,0.5099998807907105,3,Sunday,3,2025-10-19,Sunday,3,27
23,119.91670815767208,0.5099998807907105,3,Sunday,3,2025-10-26,Sunday,3,21
20,25.762111126454446,0.5099998807907105,3,Sunday,3,2025-10-26,Sunday,3,21
23,2.00187320394274,0.5099998807907105,3,Sunday,3,2025-10-26,Sunday,3,21
22,10.124845527875461,0.5099998807907105,3,Sunday,3,2025-10-26,Sunday,3,21
23,17.745384912869543,0.5099998807907105,3,Sunday,3,2025-10-26,Sunday,3,21
0,27.809481303065986,0.5099998807907105,3,Sunday,3,2025-10-26,Sunday,3,21
23,14.69223401583696,0.5099998807907105,3,Sunday,3,2025-10-26,Sunday,3,21
23,4.180271146423406,0.5099998807907105,3,Sunday,3,2025-10-26,Sunday,3,21
21,2.0472626026184013,0.5099998807907105,3,Sunday,3,2025-10-26,Sunday,3,21
14,2.0294658396453467,0.5099998807907105,3,Sunday,3,2025-10-26,Sunday,3,21
17,41.656181500017134,0.5099998807907105,3,Sunday,3,2025-10-26,Sunday,3,21
5,2.3959116966117944,0.5099998807907105,3,Sunday,3,2025-10-26,Sunday,3,21
20,22.920944887810005,0.5099998807907105,3,Sunday,3,2025-10-26,Sunday,3,21
23,33.83143979523615,0.5099998807907105,3,Sunday,3,2025-10-26,Sunday,3,21
23,36.17603243026596,0.5099998807907105,3,Sunday,3,2025-10-26,Sunday,3,21
0,42.38528592024705,0.5099998807907105,3,Sunday,3,2025-10-26,Sunday,3,21
19,5.988816118784039,0.509999880790835,3,Sunday,3,2025-10-26,Sunday,3,21
23,5.537183979580829,0.5099998807907105,3,Sunday,3,2025-10-26,Sunday,3,21
23,2.0658503548039677,0.5099998807907105,3,Sunday,3,2025-10-26,Sunday,3,21
23,25.60372827013896,0.5100000865846377,3,Sunday,3,2025-10-26,Sunday,3,21
23,9.084745547449682,0.5099998807907105,3,Sunday,3,2025-10-26,Sunday,3,21
2,6.340778464456678,0.5099998807907105,3,Sunday,3,2025-11-02,Sunday,3,16
15,4.8731248033159265,0.5099998807907105,3,Sunday,3,2025-11-02,Sunday,3,16
23,62.71961357887992,0.5099998807907105,3,Sunday,3,2025-11-02,Sunday,3,16
21,4.325760456817639,0.5099998807907105,3,Sunday,3,2025-11-02,Sunday,3,16
22,24.858997351262488,0.5099998807907105,3,Sunday,3,2025-11-02,Sunday,3,16
15,6.475408609675574,0.5099998807907105,3,Sunday,3,2025-11-02,Sunday,3,16
0,5.1088498934898094,0.5099998807907105,3,Sunday,3,2025-11-02,Sunday,3,16
23,33.862348512068586,0.5099998807907349,3,Sunday,3,2025-11-02,Sunday,3,16
23,9.252862619947349,0.5099998807907105,3,Sunday,3,2025-11-02,Sunday,3,16
23,24.079103452467383,0.5099998807907105,3,Sunday,3,2025-11-02,Sunday,3,16
23,19.249378906101093,0.5099998807907153,3,Sunday,3,2025-11-02,Sunday,3,16
23,2.002179706515894,0.5099998807907105,3,Sunday,3,2025-11-02,Sunday,3,16
20,22.64126661215526,0.5099998808701613,3,Sunday,3,2025-11-02,Sunday,3,16
21,22.74209836569775,0.5099998807907105,3,Sunday,3,2025-11-02,Sunday,3,16
20,27.453498020973196,0.5099998828971435,3,Sunday,3,2025-11-02,Sunday,3,16
23,25.39428903302714,0.5099998807907105,3,Sunday,3,2025-11-02,Sunday,3,16
23,21.607163222991428,0.5099998807907105,3,Sunday,3,2025-11-09,Sunday,3,15
23,15.386603654610347,0.5099998807907105,3,Sunday,3,2025-11-09,Sunday,3,15
23,17.266440395842146,0.5099998807974543,3,Sunday,3,2025-11-09,Sunday,3,15
23,21.27318960579753,0.5099999054159641,3,Sunday,3,2025-11-09,Sunday,3,15
23,46.296328056006985,0.5099998807907105,3,Sunday,3,2025-11-09,Sunday,3,15
15,26.64173558633974,0.5099998807907105,3,Sunday,3,2025-11-09,Sunday,3,15
23,23.435980866779083,0.5099998818294391,3,Sunday,3,2025-11-09,Sunday,3,15
23,38.20613112632022,0.5099998807915165,3,Sunday,3,2025-11-09,Sunday,3,15
23,65.86951042020961,0.5099998807907105,3,Sunday,3,2025-11-09,Sunday,3,15
23,21.63964096611962,0.5099998807907105,3,Sunday,3,2025-11-09,Sunday,3,15
23,2.1145312706775528,0.5099998808113768,3,Sunday,3,2025-11-09,Sunday,3,15
16,16.296502649827463,0.5099998807907105,3,Sunday,3,2025-11-09,Sunday,3,15
23,47.70243099091758,0.5099998807907105,3,Sunday,3,2025-11-09,Sunday,3,15
23,35.304306185166546,0.5099998807907105,3,Sunday,3,2025-11-09,Sunday,3,15
23,2.074292339422165,0.5099998807907105,3,Sunday,3,2025-11-09,Sunday,3,15
22,15.068966703862504,0.5099998807907105,3,Sunday,3,2025-11-16,Sunday,3,17
23,17.689311144785236,0.5099998807907105,3,Sunday,3,2025-11-16,Sunday,3,17
21,37.39590858781477,0.5099998807907105,3,Sunday,3,2025-11-16,Sunday,3,17
23,23.151987653794063,0.5099998807907105,3,Sunday,3,2025-11-16,Sunday,3,17
23,19.107330005641014,0.5099998807907105,3,Sunday,3,2025-11-16,Sunday,3,17
23,14.86323922204025,0.5099998807907105,3,Sunday,3,2025-11-16,Sunday,3,17
23,8.545634389892289,0.5099998807907105,3,Sunday,3,2025-11-16,Sunday,3,17
23,2.811478306265331,0.5099998807907105,3,Sunday,3,2025-11-16,Sunday,3,17
23,17.55546760511139,0.5099998809442313,3,Sunday,3,2025-11-16,Sunday,3,17
23,9.594193304442815,0.5099998807907105,3,Sunday,3,2025-11-16,Sunday,3,17
17,41.485826991573596,0.5099998807907105,3,Sunday,3,2025-11-16,Sunday,3,17
23,23.26944277603479,0.5100001267381031,3,Sunday,3,2025-11-16,Sunday,3,17
6,45.95635098984341,0.5099998807907202,3,Sunday,3,2025-11-16,Sunday,3,17
23,3.001330260853782,0.5099998807907105,3,Sunday,3,2025-11-16,Sunday,3,17
10,2.0000110846891284,0.5099998807907105,3,Sunday,3,2025-11-16,Sunday,3,17
20,32.497472738945774,0.5099998807907105,3,Sunday,3,2025-11-16,Sunday,3,17
23,49.75116076989321,0.5099998807907105,3,Sunday,3,2025-11-16,Sunday,3,17
23,28.45595742865574,0.5105479407991218,3,Sunday,3,2025-11-23,Sunday,3,15
23,24.97450339263925,0.5099998807907105,3,Sunday,3,2025-11-23,Sunday,3,15
23,17.677147902922396,0.5099998807909987,3,Sunday,3,2025-11-23,Sunday,3,15
23,29.51513089466512,0.5099998807907105,3,Sunday,3,2025-11-23,Sunday,3,15
23,25.490108362328805,0.5099998807907105,3,Sunday,3,2025-11-23,Sunday,3,15
7,2.0183324338240896,0.5099998807907105,3,Sunday,3,2025-11-23,Sunday,3,15
20,52.68027942154764,0.5099998807907105,3,Sunday,3,2025-11-23,Sunday,3,15
23,8.74136265534863,0.5099998807907105,3,Sunday,3,2025-11-23,Sunday,3,15
23,2.0000056997622755,0.5099998807907105,3,Sunday,3,2025-11-23,Sunday,3,15
7,2.016239806327417,0.5099998807907105,3,Sunday,3,2025-11-23,Sunday,3,15
0,8.064735005270014,0.5099998807907105,3,Sunday,3,2025-11-23,Sunday,3,15
0,1.9999998807907173,0.5099998807907105,3,Sunday,3,2025-11-23,Sunday,3,15
23,7.728601395489687,0.5099998810184918,3,Sunday,3,2025-11-23,Sunday,3,15
0,88.74016801364562,0.5099998807907105,3,Sunday,3,2025-11-23,Sunday,3,15
9,6.381369848880249,0.5099998807907105,3,Sunday,3,2025-11-23,Sunday,3,15
23,3.7430168385220695,0.5099998807907105,3,Sunday,3,2025-11-30,Sunday,3,16
23,14.597862958859888,0.5099998807907105,3,Sunday,3,2025-11-30,Sunday,3,16
23,22.127391879816066,0.5099998807907105,3,Sunday,3,2025-11-30,Sunday,3,16
23,29.90499851131919,0.5099998807907105,3,Sunday,3,2025-11-30,Sunday,3,16
23,119.9167001192093,0.5099998807907105,3,Sunday,3,2025-11-30,Sunday,3,16
23,2.304604482581931,0.5099998807907105,3,Sunday,3,2025-11-30,Sunday,3,16
4,39.629224254087276,0.5099998807908424,3,Sunday,3,2025-11-30,Sunday,3,16
23,119.9167001192093,0.5099998807907105,3,Sunday,3,2025-11-30,Sunday,3,16
23,7.575503370494568,0.5099998807907105,3,Sunday,3,2025-11-30,Sunday,3,16
0,2.215716993694428,0.5099998807907105,3,Sunday,3,2025-11-30,Sunday,3,16
6,15.210638427096043,0.5100000436751608,3,Sunday,3,2025-11-30,Sunday,3,16
23,21.45258576918618,0.5099998807907129,3,Sunday,3,2025-11-30,Sunday,3,16
0,9.860002865791625,0.5099998807907105,3,Sunday,3,2025-11-30,Sunday,3,16
23,12.644212663552036,0.509999883293438,3,Sunday,3,2025-11-30,Sunday,3,16
23,20.92026955183933,0.509999881237082,3,Sunday,3,2025-11-30,Sunday,3,16
19,6.6831825903306346,0.5099998807907105,3,Sunday,3,2025-11-30,Sunday,3,16
2,29.169236552603873,0.5099998807934021,3,Sunday,3,2025-12-07,Sunday,3,14
23,119.9167001192093,0.5099998807907129,3,Sunday,3,2025-12-07,Sunday,3,14
0,21.471299274340485,0.5099998807907105,3,Sunday,3,2025-12-07,Sunday,3,14
23,119.9167001192093,0.5099998807907105,3,Sunday,3,2025-12-07,Sunday,3,14
10,4.101868425776847,0.5099998807907105,3,Sunday,3,2025-12-07,Sunday,3,14
23,4.196424500624643,0.5099998807907105,3,Sunday,3,2025-12-07,Sunday,3,14
23,2.000001957580549,0.5099998807907105,3,Sunday,3,2025-12-07,Sunday,3,14
23,68.09260104003106,0.5099998807907105,3,Sunday,3,2025-12-07,Sunday,3,14
22,43.62102542054723,0.5099998837324624,3,Sunday,3,2025-12-07,Sunday,3,14
23,2.600188701235597,0.5099998807907105,3,Sunday,3,2025-12-07,Sunday,3,14
23,59.71200075183887,0.5099998807907105,3,Sunday,3,2025-12-07,Sunday,3,14
23,23.913709771522385,0.5099998807907153,3,Sunday,3,2025-12-07,Sunday,3,14
23,8.416948173517243,0.5099998807907105,3,Sunday,3,2025-12-07,Sunday,3,14
5,5.6408200972193105,0.5099998807907105,3,Sunday,3,2025-12-07,Sunday,3,14
23,32.671431468857605,0.5099998807907105,3,Sunday,3,2025-12-14,Sunday,3,17
23,59.284717006026476,0.5099998807907105,3,Sunday,3,2025-12-14,Sunday,3,17
23,28.365042753717322,0.5099998807907105,3,Sunday,3,2025-12-14,Sunday,3,17
0,66.03000138507743,0.5099998807907105,3,Sunday,3,2025-12-14,Sunday,3,17
21,28.98327389746925,0.5099998807907105,3,Sunday,3,2025-12-14,Sunday,3,17
23,7.032020757310368,0.5099998807907105,3,Sunday,3,2025-12-14,Sunday,3,17
10,13.662431381772556,0.5099998807907105,3,Sunday,3,2025-12-14,Sunday,3,17
23,54.93620436553342,0.5099998807907105,3,Sunday,3,2025-12-14,Sunday,3,17
12,5.030716854177177,0.5099998807907105,3,Sunday,3,2025-12-14,Sunday,3,17
23,119.9167001192093,0.5099998807907105,3,Sunday,3,2025-12-14,Sunday,3,17
0,22.970324245680732,0.5099998807907105,3,Sunday,3,2025-12-14,Sunday,3,17
23,49.9412524844498,0.5099998807907105,3,Sunday,3,2025-12-14,Sunday,3,17
23,1.9999998807907104,0.5099998807907105,3,Sunday,3,2025-12-14,Sunday,3,17
23,7.8162612886349745,0.5099998807907105,3,Sunday,3,2025-12-14,Sunday,3,17
23,119.9167001192093,0.5099998807907105,3,Sunday,3,2025-12-14,Sunday,3,17
23,8.107883207301647,0.5099998807907105,3,Sunday,3,2025-12-14,Sunday,3,17
23,5.940235066277117,0.5099998807907105,3,Sunday,3,2025-12-14,Sunday,3,17
22,6.927953767872409,0.5099998807907105,3,Sunday,3,2025-12-21,Sunday,3,14
10,31.138003610141254,0.5099998807907105,3,Sunday,3,2025-12-21,Sunday,3,14
21,8.969103915054152,0.5099998807907105,3,Sunday,3,2025-12-21,Sunday,3,14
22,23.631767168134562,0.5099998807907105,3,Sunday,3,2025-12-21,Sunday,3,14
22,12.315813660101568,0.5099998807907105,3,Sunday,3,2025-12-21,Sunday,3,14
23,35.618615556871646,0.5099998807907105,3,Sunday,3,2025-12-21,Sunday,3,14
18,60.818816842464926,0.5099998807907105,3,Sunday,3,2025-12-21,Sunday,3,14
23,13.43771044320011,0.5099998807907105,3,Sunday,3,2025-12-21,Sunday,3,14
9,13.096515872883472,0.5099998807907105,3,Sunday,3,2025-12-21,Sunday,3,14
23,16.56527906756601,0.5099998807907105,3,Sunday,3,2025-12-21,Sunday,3,14
23,65.0908374687706,0.5099998807907105,3,Sunday,3,2025-12-21,Sunday,3,14
23,15.924104514626492,0.5099998807907105,3,Sunday,3,2025-12-21,Sunday,3,14
12,75.19930886785141,0.5099998807907105,3,Sunday,3,2025-12-21,Sunday,3,14
23,14.484134097008088,0.5099998807907105,3,Sunday,3,2025-12-21,Sunday,3,14
