plugin_hour,connection_time,energy_session,season,weekday_group,location_group,__date__,__weekday_group__,__season__,__count__
18,17.568756203759463,10.48574675705819,0,Mon-Th,0,2025-01-01,Mon-Th,0,30
9,12.196904221296048,4.6550351202473665,0,Mon-Th,0,2025-01-01,Mon-Th,0,30
13,6.051148831353104,2.8290066978809314,0,Mon-Th,0,2025-01-01,Mon-Th,0,30
0,3.939015875878681,12.643622190973462,0,Mon-Th,0,2025-01-01,Mon-Th,0,30
3,9.5027759356387,18.016599777615085,0,Mon-Th,0,2025-01-01,Mon-Th,0,30
16,5.733542463452261,14.408369183486426,0,Mon-Th,0,2025-01-01,Mon-Th,0,30
21,10.18744609942604,10.656207996033107,0,Mon-Th,0,2025-01-01,Mon-Th,0,30
18,12.691171604613626,5.067706859768687,0,Mon-Th,0,2025-01-01,Mon-Th,0,30
3,3.1783582835462063,6.18331046567767,0,Mon-Th,0,2025-01-01,Mon-Th,0,30
20,9.744083741976677,20.424381374356134,0,Mon-Th,0,2025-01-01,Mon-Th,0,30
16,6.4249465878606395,4.426443959653856,0,Mon-Th,0,2025-01-01,Mon-Th,0,30
21,9.183108250225743,1.6974012669297613,0,Mon-Th,0,2025-01-01,Mon-Th,0,30
18,15.91414559199136,19.207452383544606,0,Mon-Th,0,2025-01-01,Mon-Th,0,30
19,27.73318957655536,29.104853110372872,0,Mon-Th,0,2025-01-01,Mon-Th,0,30
19,2.481582475795433,5.401140980761795,0,Mon-Th,0,2025-01-01,Mon-Th,0,30
18,13.511681924738827,33.90230264693625,0,Mon-Th,0,2025-01-01,Mon-Th,0,30
17,17.300333244527405,17.361514789331878,0,Mon-Th,0,2025-01-01,Mon-Th,0,30
6,17.823243035897985,19.942553403345364,0,Mon-Th,0,2025-01-01,Mon-Th,0,30
17,17.65601771018168,10.878025630229862,0,Mon-Th,0,2025-01-01,Mon-Th,0,30
20,5.39220502636373,5.604544999634348,0,Mon-Th,0,2025-01-01,Mon-Th,0,30
22,7.298120746438925,15.601156529940265,0,Mon-Th,0,2025-01-01,Mon-Th,0,30
18,5.1741644683981285,6.105333308996749,0,Mon-Th,0,2025-01-01,Mon-Th,0,30
15,4.04628495829107,1.8901038333068614,0,Mon-Th,0,2025-01-01,Mon-Th,0,30
19,13.858255242158599,7.1073346341157,0,Mon-Th,0,2025-01-01,Mon-Th,0,30
5,2.2546219254333293,7.459014782104967,0,Mon-Th,0,2025-01-01,Mon-Th,0,30
19,22.881513847976493,11.065287243518728,0,Mon-Th,0,2025-01-01,Mon-Th,0,30
18,6.129160159955196,3.4384881699287178,0,Mon-Th,0,2025-01-01,Mon-Th,0,30
19,30.383414914170135,25.940847587961926,0,Mon-Th,0,2025-01-01,Mon-Th,0,30
9,3.3128714391540868,11.42449304971412,0,Mon-Th,0,2025-01-01,Mon-Th,0,30
22,4.110913105512754,4.143280694066071,0,Mon-Th,0,2025-01-01,Mon-Th,0,30
0,8.966429371116146,3.4516812750038737,0,Mon-Th,0,2025-01-02,Mon-Th,0,22
16,14.94762441018068,9.343257968895957,0,Mon-Th,0,2025-01-02,Mon-Th,0,22
17,2.241838102379252,7.532126819638458,0,Mon-Th,0,2025-01-02,Mon-Th,0,22
22,14.047237169694117,19.26667067316633,0,Mon-Th,0,2025-01-02,Mon-Th,0,22
14,17.867051758427493,36.822079404841446,0,Mon-Th,0,2025-01-02,Mon-Th,0,22
19,15.496903067630107,4.897802229628248,0,Mon-Th,0,2025-01-02,Mon-Th,0,22
18,13.832056859886677,1.9333964826134538,0,Mon-Th,0,2025-01-02,Mon-Th,0,22
19,11.560338021680998,8.420551935282239,0,Mon-Th,0,2025-01-02,Mon-Th,0,22
19,14.713999614928326,8.384139144501743,0,Mon-Th,0,2025-01-02,Mon-Th,0,22
21,10.221095114576883,30.444244886804224,0,Mon-Th,0,2025-01-02,Mon-Th,0,22
18,3.8900777031205553,1.046379498935538,0,Mon-Th,0,2025-01-02,Mon-Th,0,22
19,15.353024285333145,4.702729942492139,0,Mon-Th,0,2025-01-02,Mon-Th,0,22
22,8.49137260482822,7.753371095994785,0,Mon-Th,0,2025-01-02,Mon-Th,0,22
19,14.234639982595333,1.6992421506205913,0,Mon-Th,0,2025-01-02,Mon-Th,0,22
23,11.030175252639687,34.261711641925935,0,Mon-Th,0,2025-01-02,Mon-Th,0,22
16,3.3890848505619666,30.595049672080417,0,Mon-Th,0,2025-01-02,Mon-Th,0,22
12,6.738842737371011,4.649736752016678,0,Mon-Th,0,2025-01-02,Mon-Th,0,22
17,34.34593646633089,9.473667097866876,0,Mon-Th,0,2025-01-02,Mon-Th,0,22
21,11.14589921782187,12.038824613426392,0,Mon-Th,0,2025-01-02,Mon-Th,0,22
23,3.860775567661995,25.703024376571133,0,Mon-Th,0,2025-01-02,Mon-Th,0,22
18,13.212745160369277,5.38478119141365,0,Mon-Th,0,2025-01-02,Mon-Th,0,22
15,2.7031032725742548,4.2433603901179096,0,Mon-Th,0,2025-01-02,Mon-Th,0,22
17,6.117569995498195,14.013955396854252,0,Mon-Th,0,2025-01-06,Mon-Th,0,24
13,3.578894584260301,39.49561130838993,0,Mon-Th,0,2025-01-06,Mon-Th,0,24
19,12.31945990620597,41.3877503504715,0,Mon-Th,0,2025-01-06,Mon-Th,0,24
11,6.165417377779226,7.586457235820446,0,Mon-Th,0,2025-01-06,Mon-Th,0,24
23,8.418212509152102,16.019264815040827,0,Mon-Th,0,2025-01-06,Mon-Th,0,24
19,10.455054417786954,8.219193090937077,0,Mon-Th,0,2025-01-06,Mon-Th,0,24
23,8.856817938965381,13.93383721986948,0,Mon-Th,0,2025-01-06,Mon-Th,0,24
6,3.9406377930862795,34.542348818463715,0,Mon-Th,0,2025-01-06,Mon-Th,0,24
20,2.24347637054221,12.823176712862212,0,Mon-Th,0,2025-01-06,Mon-Th,0,24
16,2.0556198766135525,7.789828004215744,0,Mon-Th,0,2025-01-06,Mon-Th,0,24
19,16.4568934968811,4.839877312220876,0,Mon-Th,0,2025-01-06,Mon-Th,0,24
22,12.552276861798568,9.497437414922294,0,Mon-Th,0,2025-01-06,Mon-Th,0,24
14,2.534557874757433,7.458701054979888,0,Mon-Th,0,2025-01-06,Mon-Th,0,24
8,5.772509115967618,39.49075250894653,0,Mon-Th,0,2025-01-06,Mon-Th,0,24
23,6.72710276198756,4.25202057587025,0,Mon-Th,0,2025-01-06,Mon-Th,0,24
19,13.819723847534327,5.4259061377108635,0,Mon-Th,0,2025-01-06,Mon-Th,0,24
18,14.11846361494764,8.076535360348814,0,Mon-Th,0,2025-01-06,Mon-Th,0,24
17,7.75288228008426,4.811721833768183,0,Mon-Th,0,2025-01-06,Mon-Th,0,24
22,12.92011201166181,20.773380791313183,0,Mon-Th,0,2025-01-06,Mon-Th,0,24
19,16.92858929541824,7.009146651189658,0,Mon-Th,0,2025-01-06,Mon-Th,0,24
16,14.584940006773543,6.5578716031538145,0,Mon-Th,0,2025-01-06,Mon-Th,0,24
19,12.140674031731791,34.76555136917721,0,Mon-Th,0,2025-01-06,Mon-Th,0,24
17,12.24906001427944,3.9451294422897147,0,Mon-Th,0,2025-01-06,Mon-Th,0,24
15,10.408972195729714,1.381010571724019,0,Mon-Th,0,2025-01-06,Mon-Th,0,24
19,10.230517401548678,11.97484077869529,0,Mon-Th,0,2025-01-07,Mon-Th,0,18
19,14.102912793612074,3.5071487918604483,0,Mon-Th,0,2025-01-07,Mon-Th,0,18
22,11.864271102625885,12.095015413987241,0,Mon-Th,0,2025-01-07,Mon-Th,0,18
16,3.4975648206781966,13.516404688169718,0,Mon-Th,0,2025-01-07,Mon-Th,0,18
15,2.6027769549908393,7.895207483852657,0,Mon-Th,0,2025-01-07,Mon-Th,0,18
18,14.627824769935394,49.99401169389661,0,Mon-Th,0,2025-01-07,Mon-Th,0,18
15,18.802772106091624,17.35334220414382,0,Mon-Th,0,2025-01-07,Mon-Th,0,18
13,5.123876109119608,22.529041949795438,0,Mon-Th,0,2025-01-07,Mon-Th,0,18
19,13.832245564808762,19.29431955275039,0,Mon-Th,0,2025-01-07,Mon-Th,0,18
15,17.058219767881617,18.273082820929908,0,Mon-Th,0,2025-01-07,Mon-Th,0,18
21,7.480864564734282,10.929923523412961,0,Mon-Th,0,2025-01-07,Mon-Th,0,18
19,2.637823519846024,10.005316972042973,0,Mon-Th,0,2025-01-07,Mon-Th,0,18
18,13.422700034392143,5.557748297264596,0,Mon-Th,0,2025-01-07,Mon-Th,0,18
16,15.191957548581446,8.126510395055343,0,Mon-Th,0,2025-01-07,Mon-Th,0,18
11,13.429179568916222,6.755309070447177,0,Mon-Th,0,2025-01-07,Mon-Th,0,18
17,4.986314588252771,5.580021117170736,0,Mon-Th,0,2025-01-07,Mon-Th,0,18
21,10.627193714146014,17.56250099106923,0,Mon-Th,0,2025-01-07,Mon-Th,0,18
20,13.74530120350785,22.89271038499679,0,Mon-Th,0,2025-01-07,Mon-Th,0,18
20,11.054390727804044,2.9081391024334566,0,Mon-Th,0,2025-01-08,Mon-Th,0,28
23,9.262621024947807,34.84691772025298,0,Mon-Th,0,2025-01-08,Mon-Th,0,28
20,5.651248273292534,8.899792971690395,0,Mon-Th,0,2025-01-08,Mon-Th,0,28
18,3.963657721318677,10.872150199431108,0,Mon-Th,0,2025-01-08,Mon-Th,0,28
19,2.968193204321821,9.948170968124678,0,Mon-Th,0,2025-01-08,Mon-Th,0,28
15,13.498875426951255,2.4686563597446582,0,Mon-Th,0,2025-01-08,Mon-Th,0,28
15,11.30159572259393,13.441461346926364,0,Mon-Th,0,2025-01-08,Mon-Th,0,28
20,12.147564324566812,26.5879854004943,0,Mon-Th,0,2025-01-08,Mon-Th,0,28
7,10.385306960469073,2.135072447097331,0,Mon-Th,0,2025-01-08,Mon-Th,0,28
14,14.814526051489612,2.0323452033595277,0,Mon-Th,0,2025-01-08,Mon-Th,0,28
17,15.097454694197936,3.5282659450919187,0,Mon-Th,0,2025-01-08,Mon-Th,0,28
20,10.494600369234206,3.0672357862150594,0,Mon-Th,0,2025-01-08,Mon-Th,0,28
22,7.857858047118345,9.390283821136569,0,Mon-Th,0,2025-01-08,Mon-Th,0,28
14,6.708134869470526,17.816324281984112,0,Mon-Th,0,2025-01-08,Mon-Th,0,28
21,11.037722346445012,3.625974635534468,0,Mon-Th,0,2025-01-08,Mon-Th,0,28
20,17.87617559945736,19.04280510019862,0,Mon-Th,0,2025-01-08,Mon-Th,0,28
20,10.49002246071042,7.811327130697963,0,Mon-Th,0,2025-01-08,Mon-Th,0,28
23,8.90669211611712,15.134466148980472,0,Mon-Th,0,2025-01-08,Mon-Th,0,28
22,16.92922281746499,8.452143082237127,0,Mon-Th,0,2025-01-08,Mon-Th,0,28
18,10.250947451433841,5.868478831018714,0,Mon-Th,0,2025-01-08,Mon-Th,0,28
20,33.23917476810641,5.097756603823056,0,Mon-Th,0,2025-01-08,Mon-Th,0,28
18,9.679514144624639,23.03450613685734,0,Mon-Th,0,2025-01-08,Mon-Th,0,28
23,9.396322176291397,31.09043428153798,0,Mon-Th,0,2025-01-08,Mon-Th,0,28
19,14.637375374797795,7.393150780426759,0,Mon-Th,0,2025-01-08,Mon-Th,0,28
22,7.5570143016083815,7.466228755872734,0,Mon-Th,0,2025-01-08,Mon-Th,0,28
14,16.573147116337665,4.093097494576745,0,Mon-Th,0,2025-01-08,Mon-Th,0,28
19,19.13603311975809,3.2972771625143444,0,Mon-Th,0,2025-01-08,Mon-Th,0,28
20,11.875268637498806,6.362400982768177,0,Mon-Th,0,2025-01-08,Mon-Th,0,28
19,11.801573918566515,11.50325557556577,0,Mon-Th,0,2025-01-09,Mon-Th,0,26
18,4.431900432086121,7.950248507080494,0,Mon-Th,0,2025-01-09,Mon-Th,0,26
16,10.214648139739534,4.259622224891158,0,Mon-Th,0,2025-01-09,Mon-Th,0,26
21,10.565009193253712,5.079655060510822,0,Mon-Th,0,2025-01-09,Mon-Th,0,26
15,15.301914609511073,11.548637390641877,0,Mon-Th,0,2025-01-09,Mon-Th,0,26
19,7.157032503998417,2.702919813712282,0,Mon-Th,0,2025-01-09,Mon-Th,0,26
20,12.84288474907207,4.20014738542051,0,Mon-Th,0,2025-01-09,Mon-Th,0,26
14,2.851126965283798,6.5815720949963845,0,Mon-Th,0,2025-01-09,Mon-Th,0,26
16,2.3243329787807325,7.988269019575053,0,Mon-Th,0,2025-01-09,Mon-Th,0,26
21,9.939089312471264,18.026580083456363,0,Mon-Th,0,2025-01-09,Mon-Th,0,26
14,4.520174284188704,6.63338233161972,0,Mon-Th,0,2025-01-09,Mon-Th,0,26
20,8.175896188515484,19.661810422656327,0,Mon-Th,0,2025-01-09,Mon-Th,0,26
16,13.028111372713095,24.375252541070108,0,Mon-Th,0,2025-01-09,Mon-Th,0,26
14,6.757795578813631,7.357890210611857,0,Mon-Th,0,2025-01-09,Mon-Th,0,26
0,2.9983289092216516,44.56630303890875,0,Mon-Th,0,2025-01-09,Mon-Th,0,26
18,13.778299307194143,10.004402333605558,0,Mon-Th,0,2025-01-09,Mon-Th,0,26
18,4.315339608615395,8.346019591222145,0,Mon-Th,0,2025-01-09,Mon-Th,0,26
12,4.81555160595339,19.07131348195698,0,Mon-Th,0,2025-01-09,Mon-Th,0,26
0,8.864634017495348,10.27696311593985,0,Mon-Th,0,2025-01-09,Mon-Th,0,26
18,4.925030216948979,4.3978335164071325,0,Mon-Th,0,2025-01-09,Mon-Th,0,26
23,8.460724868886732,14.36236608431469,0,Mon-Th,0,2025-01-09,Mon-Th,0,26
18,2.9783085511222063,13.548250232438196,0,Mon-Th,0,2025-01-09,Mon-Th,0,26
19,13.620072311779666,12.088564374396684,0,Mon-Th,0,2025-01-09,Mon-Th,0,26
15,3.5361941194340396,7.650970357624864,0,Mon-Th,0,2025-01-09,Mon-Th,0,26
18,11.36433010480177,7.168006825535951,0,Mon-Th,0,2025-01-09,Mon-Th,0,26
22,19.628190592537283,4.976054456958272,0,Mon-Th,0,2025-01-09,Mon-Th,0,26
15,2.2797206140711075,2.3963224946930937,0,Mon-Th,0,2025-01-13,Mon-Th,0,25
17,3.0069583342517525,8.333535197293944,0,Mon-Th,0,2025-01-13,Mon-Th,0,25
4,2.7035661037869154,8.558443239737063,0,Mon-Th,0,2025-01-13,Mon-Th,0,25
17,5.654937983596889,24.94410731895123,0,Mon-Th,0,2025-01-13,Mon-Th,0,25
20,16.21213535558503,6.269620254950573,0,Mon-Th,0,2025-01-13,Mon-Th,0,25
19,12.630867316260687,6.962547240271157,0,Mon-Th,0,2025-01-13,Mon-Th,0,25
14,5.012447693512872,8.508544788843777,0,Mon-Th,0,2025-01-13,Mon-Th,0,25
19,16.854681143743502,8.934549041275464,0,Mon-Th,0,2025-01-13,Mon-Th,0,25
16,8.830827210568913,4.499136451480527,0,Mon-Th,0,2025-01-13,Mon-Th,0,25
16,14.482929112495725,2.789505477708783,0,Mon-Th,0,2025-01-13,Mon-Th,0,25
11,16.00987953616695,7.129564699779333,0,Mon-Th,0,2025-01-13,Mon-Th,0,25
19,17.227116458207323,8.117084355241337,0,Mon-Th,0,2025-01-13,Mon-Th,0,25
17,9.236559306329612,5.232941587229439,0,Mon-Th,0,2025-01-13,Mon-Th,0,25
22,7.810109900279107,7.134174205306655,0,Mon-Th,0,2025-01-13,Mon-Th,0,25
22,7.22555965420163,52.404895094304514,0,Mon-Th,0,2025-01-13,Mon-Th,0,25
12,3.1371248510296343,13.424957008734975,0,Mon-Th,0,2025-01-13,Mon-Th,0,25
20,12.913288183664406,18.020075778377162,0,Mon-Th,0,2025-01-13,Mon-Th,0,25
14,17.100788448172445,8.722422121675745,0,Mon-Th,0,2025-01-13,Mon-Th,0,25
8,2.4531434301977604,15.756498801727181,0,Mon-Th,0,2025-01-13,Mon-Th,0,25
17,19.530327563873698,20.82637281065629,0,Mon-Th,0,2025-01-13,Mon-Th,0,25
14,11.502423883512918,1.6605682703832625,0,Mon-Th,0,2025-01-13,Mon-Th,0,25
15,5.546902392425576,5.265392989299307,0,Mon-Th,0,2025-01-13,Mon-Th,0,25
19,13.678086125067775,24.385678038275554,0,Mon-Th,0,2025-01-13,Mon-Th,0,25
18,13.807445480313305,40.2813139697021,0,Mon-Th,0,2025-01-13,Mon-Th,0,25
19,14.62009483406495,9.72925379569966,0,Mon-Th,0,2025-01-13,Mon-Th,0,25
21,8.142772963172979,14.874134609235185,0,Mon-Th,0,2025-01-14,Mon-Th,0,25
20,14.454979915282372,2.2507424693057567,0,Mon-Th,0,2025-01-14,Mon-Th,0,25
19,8.830945783762628,5.032471848508921,0,Mon-Th,0,2025-01-14,Mon-Th,0,25
14,17.886753433408543,5.223666907145401,0,Mon-Th,0,2025-01-14,Mon-Th,0,25
19,8.495018579919375,30.50072629933352,0,Mon-Th,0,2025-01-14,Mon-Th,0,25
16,11.968160145108598,2.0926656483108417,0,Mon-Th,0,2025-01-14,Mon-Th,0,25
15,4.689607548960098,4.256114474582577,0,Mon-Th,0,2025-01-14,Mon-Th,0,25
15,14.386065307016903,4.414288127504274,0,Mon-Th,0,2025-01-14,Mon-Th,0,25
23,3.452388669268543,6.069804973453369,0,Mon-Th,0,2025-01-14,Mon-Th,0,25
18,10.717754316978585,8.07108722162434,0,Mon-Th,0,2025-01-14,Mon-Th,0,25
6,3.313727241520187,3.0791968020294487,0,Mon-Th,0,2025-01-14,Mon-Th,0,25
13,12.982887518348146,66.57948251932619,0,Mon-Th,0,2025-01-14,Mon-Th,0,25
16,3.350376368389858,1.5723044340476449,0,Mon-Th,0,2025-01-14,Mon-Th,0,25
6,5.870931288115641,15.383273860240248,0,Mon-Th,0,2025-01-14,Mon-Th,0,25
13,5.075094608637899,8.839736957836775,0,Mon-Th,0,2025-01-14,Mon-Th,0,25
18,10.163658534203815,8.305458370843942,0,Mon-Th,0,2025-01-14,Mon-Th,0,25
5,4.064811900548921,15.48407284460546,0,Mon-Th,0,2025-01-14,Mon-Th,0,25
21,7.894861447681088,11.641051289670354,0,Mon-Th,0,2025-01-14,Mon-Th,0,25
19,13.743649413895017,5.521332640034084,0,Mon-Th,0,2025-01-14,Mon-Th,0,25
19,14.943300394443678,31.857931135323373,0,Mon-Th,0,2025-01-14,Mon-Th,0,25
18,15.536117035970502,13.834563408093942,0,Mon-Th,0,2025-01-14,Mon-Th,0,25
8,15.816075274944826,4.888941644804687,0,Mon-Th,0,2025-01-14,Mon-Th,0,25
22,13.06129560479991,3.5051350477473253,0,Mon-Th,0,2025-01-14,Mon-Th,0,25
22,4.690021475455161,4.517270279926013,0,Mon-Th,0,2025-01-14,Mon-Th,0,25
17,2.163298392374421,3.4122372583700082,0,Mon-Th,0,2025-01-14,Mon-Th,0,25
17,18.007620356079563,6.475816285242414,0,Mon-Th,0,2025-01-15,Mon-Th,0,26
23,7.561667597399659,11.229840349005759,0,Mon-Th,0,2025-01-15,Mon-Th,0,26
18,22.653479262732457,5.882335074657468,0,Mon-Th,0,2025-01-15,Mon-Th,0,26
18,14.321792625261324,13.605339639607358,0,Mon-Th,0,2025-01-15,Mon-Th,0,26
15,9.70375794000278,21.81478800455746,0,Mon-Th,0,2025-01-15,Mon-Th,0,26
22,8.46650457002221,14.381749762818021,0,Mon-Th,0,2025-01-15,Mon-Th,0,26
5,10.523405283453965,32.89937915435453,0,Mon-Th,0,2025-01-15,Mon-Th,0,26
14,28.222041141241835,2.942042380665666,0,Mon-Th,0,2025-01-15,Mon-Th,0,26
16,15.587237123275589,5.580230198657758,0,Mon-Th,0,2025-01-15,Mon-Th,0,26
16,2.665863197269136,6.196959269669123,0,Mon-Th,0,2025-01-15,Mon-Th,0,26
16,7.991341197087679,7.170550071257966,0,Mon-Th,0,2025-01-15,Mon-Th,0,26
16,15.875677471891578,4.064305345031242,0,Mon-Th,0,2025-01-15,Mon-Th,0,26
22,8.261051903260862,7.081211989530664,0,Mon-Th,0,2025-01-15,Mon-Th,0,26
15,5.806165929083343,3.4062968313064985,0,Mon-Th,0,2025-01-15,Mon-Th,0,26
11,28.798020999222715,4.536086368911397,0,Mon-Th,0,2025-01-15,Mon-Th,0,26
19,4.577959590477261,5.475555418590272,0,Mon-Th,0,2025-01-15,Mon-Th,0,26
18,10.084239309002506,9.719840608454021,0,Mon-Th,0,2025-01-15,Mon-Th,0,26
13,16.396804813091414,9.513283403853501,0,Mon-Th,0,2025-01-15,Mon-Th,0,26
14,18.092546231808793,5.925204801467934,0,Mon-Th,0,2025-01-15,Mon-Th,0,26
21,9.771510692200259,15.755370193826964,0,Mon-Th,0,2025-01-15,Mon-Th,0,26
19,4.316027873281028,11.347999212711759,0,Mon-Th,0,2025-01-15,Mon-Th,0,26
16,2.9622415025579967,18.817473348192834,0,Mon-Th,0,2025-01-15,Mon-Th,0,26
16,2.260730411856037,11.957868610591861,0,Mon-Th,0,2025-01-15,Mon-Th,0,26
3,8.087001680085546,11.138066192364985,0,Mon-Th,0,2025-01-15,Mon-Th,0,26
15,6.219436030846674,7.545118639874007,0,Mon-Th,0,2025-01-15,Mon-Th,0,26
12,10.248124608193336,2.9647298689354535,0,Mon-Th,0,2025-01-15,Mon-Th,0,26
17,3.5381361160550098,4.36571340420963,0,Mon-Th,0,2025-01-16,Mon-Th,0,20
16,51.85915531495666,4.717673374471478,0,Mon-Th,0,2025-01-16,Mon-Th,0,20
15,7.108829360277892,7.330860525179135,0,Mon-Th,0,2025-01-16,Mon-Th,0,20
14,3.1384477931349126,3.587702130230843,0,Mon-Th,0,2025-01-16,Mon-Th,0,20
21,14.423508725998456,9.938628096495279,0,Mon-Th,0,2025-01-16,Mon-Th,0,20
20,13.30927532013115,7.801650841193928,0,Mon-Th,0,2025-01-16,Mon-Th,0,20
13,40.24735325203658,3.4324355744253827,0,Mon-Th,0,2025-01-16,Mon-Th,0,20
18,13.055405065805662,4.536862079465953,0,Mon-Th,0,2025-01-16,Mon-Th,0,20
15,6.1117493437692145,1.3643940472072593,0,Mon-Th,0,2025-01-16,Mon-Th,0,20
19,13.314854231936629,23.541981251484867,0,Mon-Th,0,2025-01-16,Mon-Th,0,20
16,8.065214741497122,10.205202381470976,0,Mon-Th,0,2025-01-16,Mon-Th,0,20
17,7.352028633056354,4.658297778286358,0,Mon-Th,0,2025-01-16,Mon-Th,0,20
15,8.932506171275012,5.881631236797124,0,Mon-Th,0,2025-01-16,Mon-Th,0,20
19,11.867642987928523,4.8181876011209805,0,Mon-Th,0,2025-01-16,Mon-Th,0,20
18,12.06482933227894,24.49082339496012,0,Mon-Th,0,2025-01-16,Mon-Th,0,20
18,9.974859279449904,8.470747313742542,0,Mon-Th,0,2025-01-16,Mon-Th,0,20
21,7.639143276117708,9.321567464625792,0,Mon-Th,0,2025-01-16,Mon-Th,0,20
21,10.478378953035456,8.387412952997765,0,Mon-Th,0,2025-01-16,Mon-Th,0,20
19,10.853682530684818,2.949287475268175,0,Mon-Th,0,2025-01-16,Mon-Th,0,20
17,16.218996875524283,6.822409877022455,0,Mon-Th,0,2025-01-16,Mon-Th,0,20
15,8.60940606149073,7.865932144143248,0,Mon-Th,0,2025-01-20,Mon-Th,0,19
20,9.708309605223974,22.299975306334485,0,Mon-Th,0,2025-01-20,Mon-Th,0,19
17,19.23189316669754,4.921342252077621,0,Mon-Th,0,2025-01-20,Mon-Th,0,19
14,11.840736913782475,16.945254884907,0,Mon-Th,0,2025-01-20,Mon-Th,0,19
21,12.26735791586226,7.585068573572655,0,Mon-Th,0,2025-01-20,Mon-Th,0,19
19,12.159468614732212,11.195968956567443,0,Mon-Th,0,2025-01-20,Mon-Th,0,19
21,11.29530855345665,4.87783098624296,0,Mon-Th,0,2025-01-20,Mon-Th,0,19
17,19.027934070473503,19.373640986646475,0,Mon-Th,0,2025-01-20,Mon-Th,0,19
14,11.151830433326747,13.933573841855505,0,Mon-Th,0,2025-01-20,Mon-Th,0,19
13,14.290619138888857,15.973962884993496,0,Mon-Th,0,2025-01-20,Mon-Th,0,19
18,14.429650737853763,3.1176068068389284,0,Mon-Th,0,2025-01-20,Mon-Th,0,19
8,12.31585057652519,18.766201385487598,0,Mon-Th,0,2025-01-20,Mon-Th,0,19
14,2.0343001467021398,5.427202322432629,0,Mon-Th,0,2025-01-20,Mon-Th,0,19
8,5.751697169973378,10.4943737560014,0,Mon-Th,0,2025-01-20,Mon-Th,0,19
22,9.207896963488881,8.408212084170815,0,Mon-Th,0,2025-01-20,Mon-Th,0,19
17,12.347642688713304,5.672802609675982,0,Mon-Th,0,2025-01-20,Mon-Th,0,19
18,17.91695092699499,51.87278720085705,0,Mon-Th,0,2025-01-20,Mon-Th,0,19
14,5.02163909358716,13.112783509142414,0,Mon-Th,0,2025-01-20,Mon-Th,0,19
16,4.019470565639461,5.842466139410403,0,Mon-Th,0,2025-01-20,Mon-Th,0,19
15,12.158051397199095,19.00763840383927,0,Mon-Th,0,2025-01-21,Mon-Th,0,22
21,9.653850645163576,31.46685699230803,0,Mon-Th,0,2025-01-21,Mon-Th,0,22
22,7.544802358295808,25.071403015851118,0,Mon-Th,0,2025-01-21,Mon-Th,0,22
13,11.276660943751523,9.065009713952414,0,Mon-Th,0,2025-01-21,Mon-Th,0,22
19,2.911852262167575,7.2213860119582005,0,Mon-Th,0,2025-01-21,Mon-Th,0,22
19,6.566188856335844,10.57869070314755,0,Mon-Th,0,2025-01-21,Mon-Th,0,22
19,11.849301388522065,12.284471580734692,0,Mon-Th,0,2025-01-21,Mon-Th,0,22
21,6.158029457451712,7.484291715729633,0,Mon-Th,0,2025-01-21,Mon-Th,0,22
21,9.225566648533079,12.64794383920463,0,Mon-Th,0,2025-01-21,Mon-Th,0,22
17,21.30344677818317,11.378001441209484,0,Mon-Th,0,2025-01-21,Mon-Th,0,22
8,7.997163518893228,27.615417274603217,0,Mon-Th,0,2025-01-21,Mon-Th,0,22
16,17.120671552105282,3.4757148821474946,0,Mon-Th,0,2025-01-21,Mon-Th,0,22
16,5.711255120144012,6.615998507110092,0,Mon-Th,0,2025-01-21,Mon-Th,0,22
14,6.946910756514027,8.29771789508611,0,Mon-Th,0,2025-01-21,Mon-Th,0,22
12,17.547191984086552,3.982108715919084,0,Mon-Th,0,2025-01-21,Mon-Th,0,22
17,7.325996472045994,4.475415910635919,0,Mon-Th,0,2025-01-21,Mon-Th,0,22
10,43.55875570392749,16.799413024274994,0,Mon-Th,0,2025-01-21,Mon-Th,0,22
23,9.139540501189256,3.3876739489913232,0,Mon-Th,0,2025-01-21,Mon-Th,0,22
21,12.542176044410017,5.930431975508976,0,Mon-Th,0,2025-01-21,Mon-Th,0,22
20,13.534647169579138,23.680952362521467,0,Mon-Th,0,2025-01-21,Mon-Th,0,22
17,10.09318425852208,48.70205955363558,0,Mon-Th,0,2025-01-21,Mon-Th,0,22
18,11.75332354234176,3.064094149582444,0,Mon-Th,0,2025-01-21,Mon-Th,0,22
20,24.548432637975502,18.544103347631612,0,Mon-Th,0,2025-01-22,Mon-Th,0,23
22,6.5700311372786215,22.26035036076101,0,Mon-Th,0,2025-01-22,Mon-Th,0,23
17,2.137598410605035,6.177151626065532,0,Mon-Th,0,2025-01-22,Mon-Th,0,23
18,5.660738722034756,5.1376959763525525,0,Mon-Th,0,2025-01-22,Mon-Th,0,23
16,2.8406337073652383,3.659941433308867,0,Mon-Th,0,2025-01-22,Mon-Th,0,23
21,9.300235680061938,5.99526437409148,0,Mon-Th,0,2025-01-22,Mon-Th,0,23
20,6.259966486518389,7.324421601319936,0,Mon-Th,0,2025-01-22,Mon-Th,0,23
22,4.573313960948358,12.031701284418219,0,Mon-Th,0,2025-01-22,Mon-Th,0,23
13,16.74271230413772,7.191136769205953,0,Mon-Th,0,2025-01-22,Mon-Th,0,23
16,13.665298433940443,2.2737376862820438,0,Mon-Th,0,2025-01-22,Mon-Th,0,23
5,2.6372886853734268,9.325710870393179,0,Mon-Th,0,2025-01-22,Mon-Th,0,23
23,9.486758069217343,11.642405038740371,0,Mon-Th,0,2025-01-22,Mon-Th,0,23
16,3.3209035820369417,6.134793148796881,0,Mon-Th,0,2025-01-22,Mon-Th,0,23
19,14.388361927004436,5.797121992865409,0,Mon-Th,0,2025-01-22,Mon-Th,0,23
19,9.505017253391905,12.200316716591752,0,Mon-Th,0,2025-01-22,Mon-Th,0,23
21,9.19061911042511,11.905271146954417,0,Mon-Th,0,2025-01-22,Mon-Th,0,23
22,11.301301846887927,4.188600631803726,0,Mon-Th,0,2025-01-22,Mon-Th,0,23
14,20.03261135133098,6.664016135373336,0,Mon-Th,0,2025-01-22,Mon-Th,0,23
17,16.29754112170064,4.5255731895312605,0,Mon-Th,0,2025-01-22,Mon-Th,0,23
15,12.169923321327285,5.000098679580273,0,Mon-Th,0,2025-01-22,Mon-Th,0,23
22,10.161056073772595,8.76217710571687,0,Mon-Th,0,2025-01-22,Mon-Th,0,23
20,4.222324829799463,22.68515232305306,0,Mon-Th,0,2025-01-22,Mon-Th,0,23
19,6.664775494591695,14.401746137230583,0,Mon-Th,0,2025-01-22,Mon-Th,0,23
17,16.013837723219815,35.921440986480306,0,Mon-Th,0,2025-01-23,Mon-Th,0,22
22,11.485639769236613,12.762369922196932,0,Mon-Th,0,2025-01-23,Mon-Th,0,22
15,4.136044493804204,9.088292069324577,0,Mon-Th,0,2025-01-23,Mon-Th,0,22
20,2.736350908689478,5.977146038500277,0,Mon-Th,0,2025-01-23,Mon-Th,0,22
20,4.324365659071571,8.816490984392493,0,Mon-Th,0,2025-01-23,Mon-Th,0,22
19,7.577740951498949,12.019079831452862,0,Mon-Th,0,2025-01-23,Mon-Th,0,22
21,6.2284209487721025,6.473839461379855,0,Mon-Th,0,2025-01-23,Mon-Th,0,22
15,37.712395101146605,20.903761622106494,0,Mon-Th,0,2025-01-23,Mon-Th,0,22
21,14.560519183489419,3.7152619601403316,0,Mon-Th,0,2025-01-23,Mon-Th,0,22
12,2.720315045441826,8.069260763188641,0,Mon-Th,0,2025-01-23,Mon-Th,0,22
16,9.998897343831537,2.073273576550889,0,Mon-Th,0,2025-01-23,Mon-Th,0,22
7,5.994647984724278,14.394850225114395,0,Mon-Th,0,2025-01-23,Mon-Th,0,22
22,10.88644857234808,10.325988952260039,0,Mon-Th,0,2025-01-23,Mon-Th,0,22
22,28.295630917746813,4.185991807696027,0,Mon-Th,0,2025-01-23,Mon-Th,0,22
23,10.429620802928667,35.18506189529119,0,Mon-Th,0,2025-01-23,Mon-Th,0,22
20,4.221081022045207,8.219389280510594,0,Mon-Th,0,2025-01-23,Mon-Th,0,22
19,9.326200234767047,1.2901072579831268,0,Mon-Th,0,2025-01-23,Mon-Th,0,22
21,11.99636941641904,6.34386686166868,0,Mon-Th,0,2025-01-23,Mon-Th,0,22
16,18.29054030662053,6.521482904905825,0,Mon-Th,0,2025-01-23,Mon-Th,0,22
12,5.56045074799761,8.001930060904943,0,Mon-Th,0,2025-01-23,Mon-Th,0,22
20,11.04505835202146,8.406008357221305,0,Mon-Th,0,2025-01-23,Mon-Th,0,22
18,15.57346042364297,10.427726362235882,0,Mon-Th,0,2025-01-23,Mon-Th,0,22
19,12.076984612650499,9.212933761641242,0,Mon-Th,0,2025-01-27,Mon-Th,0,16
19,22.64309798470488,7.660935292233849,0,Mon-Th,0,2025-01-27,Mon-Th,0,16
18,16.56489057426798,2.1902652427753875,0,Mon-Th,0,2025-01-27,Mon-Th,0,16
17,17.01140531734307,5.521607733988854,0,Mon-Th,0,2025-01-27,Mon-Th,0,16
19,11.612172688210777,12.294995637127087,0,Mon-Th,0,2025-01-27,Mon-Th,0,16
17,14.067654958381645,3.0635196752610314,0,Mon-Th,0,2025-01-27,Mon-Th,0,16
21,11.678164131288995,61.98325115455763,0,Mon-Th,0,2025-01-27,Mon-Th,0,16
14,16.77861352346692,7.525163892497248,0,Mon-Th,0,2025-01-27,Mon-Th,0,16
16,18.687905837792925,17.898312811116295,0,Mon-Th,0,2025-01-27,Mon-Th,0,16
11,13.231358967842176,15.159177182713796,0,Mon-Th,0,2025-01-27,Mon-Th,0,16
16,18.264479462830412,2.608656559444884,0,Mon-Th,0,2025-01-27,Mon-Th,0,16
22,4.137822164646012,8.309459522925902,0,Mon-Th,0,2025-01-27,Mon-Th,0,16
19,6.466720423723454,39.4461089565112,0,Mon-Th,0,2025-01-27,Mon-Th,0,16
21,23.406543854473895,7.072395984366995,0,Mon-Th,0,2025-01-27,Mon-Th,0,16
17,11.435970074420592,8.922966248231699,0,Mon-Th,0,2025-01-27,Mon-Th,0,16
15,6.566860584330943,7.2297025929705185,0,Mon-Th,0,2025-01-27,Mon-Th,0,16
20,9.759159456918113,3.585549995293486,0,Mon-Th,0,2025-01-28,Mon-Th,0,23
21,12.654776700757811,7.141513594131481,0,Mon-Th,0,2025-01-28,Mon-Th,0,23
17,4.925507399776149,24.160067001441845,0,Mon-Th,0,2025-01-28,Mon-Th,0,23
12,2.1678803073745816,20.434957226072722,0,Mon-Th,0,2025-01-28,Mon-Th,0,23
19,15.80110168535387,18.778793451676414,0,Mon-Th,0,2025-01-28,Mon-Th,0,23
21,16.33216971231812,5.525309332406974,0,Mon-Th,0,2025-01-28,Mon-Th,0,23
16,17.76671401329692,25.33713794872651,0,Mon-Th,0,2025-01-28,Mon-Th,0,23
13,7.4483761703114535,12.88251539526913,0,Mon-Th,0,2025-01-28,Mon-Th,0,23
20,9.578884781870993,17.07634412712417,0,Mon-Th,0,2025-01-28,Mon-Th,0,23
21,12.721805512430286,10.119956873625178,0,Mon-Th,0,2025-01-28,Mon-Th,0,23
21,9.798793250798276,62.0807732879845,0,Mon-Th,0,2025-01-28,Mon-Th,0,23
11,2.5053205925847104,5.710078189187882,0,Mon-Th,0,2025-01-28,Mon-Th,0,23
18,11.778624128282534,10.130451116188071,0,Mon-Th,0,2025-01-28,Mon-Th,0,23
22,15.746373151695352,20.352166141605057,0,Mon-Th,0,2025-01-28,Mon-Th,0,23
6,6.4642982181032425,3.8591806971680533,0,Mon-Th,0,2025-01-28,Mon-Th,0,23
17,21.527560021671675,14.592236922478016,0,Mon-Th,0,2025-01-28,Mon-Th,0,23
11,18.143270596374126,25.713780551054537,0,Mon-Th,0,2025-01-28,Mon-Th,0,23
12,18.11034709122307,12.231970107131525,0,Mon-Th,0,2025-01-28,Mon-Th,0,23
17,13.749760268294697,15.713729984121077,0,Mon-Th,0,2025-01-28,Mon-Th,0,23
16,3.3176060432737815,3.5759627093522406,0,Mon-Th,0,2025-01-28,Mon-Th,0,23
19,11.313645211441465,4.015782611611317,0,Mon-Th,0,2025-01-28,Mon-Th,0,23
18,9.969846095332947,11.638189179340344,0,Mon-Th,0,2025-01-28,Mon-Th,0,23
18,8.822409081452577,39.329578850025875,0,Mon-Th,0,2025-01-28,Mon-Th,0,23
10,2.6216696597664546,4.442201560045497,0,Mon-Th,0,2025-01-29,Mon-Th,0,26
20,12.799148414366154,4.799868284623772,0,Mon-Th,0,2025-01-29,Mon-Th,0,26
9,20.17805176185071,9.875355890551624,0,Mon-Th,0,2025-01-29,Mon-Th,0,26
17,13.10720836158523,10.588500916375919,0,Mon-Th,0,2025-01-29,Mon-Th,0,26
12,2.623845059942625,4.203214513047976,0,Mon-Th,0,2025-01-29,Mon-Th,0,26
16,3.454557921576315,7.533239558272809,0,Mon-Th,0,2025-01-29,Mon-Th,0,26
12,3.974576076068215,2.067861067395187,0,Mon-Th,0,2025-01-29,Mon-Th,0,26
16,14.606060329977332,15.528183263295052,0,Mon-Th,0,2025-01-29,Mon-Th,0,26
17,2.001416120163601,10.873966724639445,0,Mon-Th,0,2025-01-29,Mon-Th,0,26
15,8.083476797135145,6.899994966506695,0,Mon-Th,0,2025-01-29,Mon-Th,0,26
21,8.74034315022924,5.579190206101388,0,Mon-Th,0,2025-01-29,Mon-Th,0,26
20,3.417798279356253,6.586892935922921,0,Mon-Th,0,2025-01-29,Mon-Th,0,26
19,10.701076107798464,25.718645849428675,0,Mon-Th,0,2025-01-29,Mon-Th,0,26
21,7.7270318591037155,10.976984601413736,0,Mon-Th,0,2025-01-29,Mon-Th,0,26
16,40.683860992762206,39.37373308873963,0,Mon-Th,0,2025-01-29,Mon-Th,0,26
23,7.878040712231085,9.910819828285836,0,Mon-Th,0,2025-01-29,Mon-Th,0,26
14,7.369634144640393,3.994509135331266,0,Mon-Th,0,2025-01-29,Mon-Th,0,26
23,12.382114386983524,12.981965363984175,0,Mon-Th,0,2025-01-29,Mon-Th,0,26
19,12.174591191976692,3.9873353367830955,0,Mon-Th,0,2025-01-29,Mon-Th,0,26
13,25.91170398021168,26.92889763294545,0,Mon-Th,0,2025-01-29,Mon-Th,0,26
23,12.228391512413282,11.903779473561755,0,Mon-Th,0,2025-01-29,Mon-Th,0,26
18,14.341622029642856,13.125085044829403,0,Mon-Th,0,2025-01-29,Mon-Th,0,26
20,2.1796690990958414,7.5654169547023,0,Mon-Th,0,2025-01-29,Mon-Th,0,26
16,14.784669804890786,20.229423377722174,0,Mon-Th,0,2025-01-29,Mon-Th,0,26
21,12.82242664947455,20.98376731879255,0,Mon-Th,0,2025-01-29,Mon-Th,0,26
21,9.942375445730153,2.0975896015061974,0,Mon-Th,0,2025-01-29,Mon-Th,0,26
18,14.607065492381938,8.01272103746182,0,Mon-Th,0,2025-01-30,Mon-Th,0,16
18,7.036730891549256,10.91719459821436,0,Mon-Th,0,2025-01-30,Mon-Th,0,16
17,16.044775257711258,12.920747576020144,0,Mon-Th,0,2025-01-30,Mon-Th,0,16
20,7.611375706965878,8.360673712713355,0,Mon-Th,0,2025-01-30,Mon-Th,0,16
13,85.30084772105846,26.323643954931796,0,Mon-Th,0,2025-01-30,Mon-Th,0,16
16,18.163114547132604,16.276425001422517,0,Mon-Th,0,2025-01-30,Mon-Th,0,16
19,3.0112919143735404,10.952066685328967,0,Mon-Th,0,2025-01-30,Mon-Th,0,16
15,17.715939733380313,4.547164158640554,0,Mon-Th,0,2025-01-30,Mon-Th,0,16
15,5.286011988770438,15.791158713945974,0,Mon-Th,0,2025-01-30,Mon-Th,0,16
18,8.270081067311942,16.200101408117693,0,Mon-Th,0,2025-01-30,Mon-Th,0,16
18,12.16387554529663,5.965980672486653,0,Mon-Th,0,2025-01-30,Mon-Th,0,16
18,19.555268988306224,8.146109125967737,0,Mon-Th,0,2025-01-30,Mon-Th,0,16
19,12.774417041506926,7.770092703860963,0,Mon-Th,0,2025-01-30,Mon-Th,0,16
17,17.000860184928197,4.6876797766139005,0,Mon-Th,0,2025-01-30,Mon-Th,0,16
9,16.411241205184897,5.893697190648486,0,Mon-Th,0,2025-01-30,Mon-Th,0,16
17,2.7866427580385986,1.649481940129015,0,Mon-Th,0,2025-01-30,Mon-Th,0,16
15,2.1653453603096615,9.51873044138385,0,Mon-Th,0,2025-02-03,Mon-Th,0,22
16,2.000404309997519,2.467097391590344,0,Mon-Th,0,2025-02-03,Mon-Th,0,22
14,30.2167782406943,8.030536274179426,0,Mon-Th,0,2025-02-03,Mon-Th,0,22
17,36.73672628955663,8.852655461482264,0,Mon-Th,0,2025-02-03,Mon-Th,0,22
10,3.176880472915853,7.443593427204397,0,Mon-Th,0,2025-02-03,Mon-Th,0,22
0,11.024248396760559,26.965353952033205,0,Mon-Th,0,2025-02-03,Mon-Th,0,22
13,40.704986653339276,9.679038528380463,0,Mon-Th,0,2025-02-03,Mon-Th,0,22
13,3.9564985041502876,3.992157488946387,0,Mon-Th,0,2025-02-03,Mon-Th,0,22
20,12.93238161577419,19.064556284677025,0,Mon-Th,0,2025-02-03,Mon-Th,0,22
21,14.876299994388386,5.274906235537532,0,Mon-Th,0,2025-02-03,Mon-Th,0,22
17,9.589734391536389,13.237503106007926,0,Mon-Th,0,2025-02-03,Mon-Th,0,22
21,12.01236287673223,36.576309118680356,0,Mon-Th,0,2025-02-03,Mon-Th,0,22
18,13.934088917904816,16.364342441509333,0,Mon-Th,0,2025-02-03,Mon-Th,0,22
16,10.654272427428108,2.46035591653215,0,Mon-Th,0,2025-02-03,Mon-Th,0,22
19,15.904005057397342,5.14212164943503,0,Mon-Th,0,2025-02-03,Mon-Th,0,22
16,15.659136274105308,6.840124348950964,0,Mon-Th,0,2025-02-03,Mon-Th,0,22
16,10.98616114200675,17.04265446436344,0,Mon-Th,0,2025-02-03,Mon-Th,0,22
22,2.498992848483886,9.20786922502722,0,Mon-Th,0,2025-02-03,Mon-Th,0,22
16,10.082880870463857,31.68601912035244,0,Mon-Th,0,2025-02-03,Mon-Th,0,22
17,3.729102626713819,8.423062048232817,0,Mon-Th,0,2025-02-03,Mon-Th,0,22
17,13.168386090287768,13.366917861636734,0,Mon-Th,0,2025-02-03,Mon-Th,0,22
7,3.635069098011116,7.922672449669302,0,Mon-Th,0,2025-02-03,Mon-Th,0,22
18,17.35489553271448,4.890527764119807,0,Mon-Th,0,2025-02-04,Mon-Th,0,16
0,12.343619001953705,13.929968142921632,0,Mon-Th,0,2025-02-04,Mon-Th,0,16
23,9.653776633097973,16.527869233976332,0,Mon-Th,0,2025-02-04,Mon-Th,0,16
17,29.569266633642414,9.011884544334832,0,Mon-Th,0,2025-02-04,Mon-Th,0,16
15,15.910265199444154,7.811294041863618,0,Mon-Th,0,2025-02-04,Mon-Th,0,16
16,26.15764250359178,30.110457954754597,0,Mon-Th,0,2025-02-04,Mon-Th,0,16
17,12.33056755206536,6.856853302639842,0,Mon-Th,0,2025-02-04,Mon-Th,0,16
19,9.903999650560882,9.608584409690923,0,Mon-Th,0,2025-02-04,Mon-Th,0,16
23,5.0015172175031255,1.679697035037849,0,Mon-Th,0,2025-02-04,Mon-Th,0,16
19,18.75604933288414,6.8802146211167905,0,Mon-Th,0,2025-02-04,Mon-Th,0,16
13,6.273351401261945,8.170516593507092,0,Mon-Th,0,2025-02-04,Mon-Th,0,16
12,2.879851117902689,12.598164859989685,0,Mon-Th,0,2025-02-04,Mon-Th,0,16
19,13.746712808868399,4.62663406653986,0,Mon-Th,0,2025-02-04,Mon-Th,0,16
22,16.34905155592513,16.141790340351836,0,Mon-Th,0,2025-02-04,Mon-Th,0,16
17,2.072400384939241,3.0744937568758575,0,Mon-Th,0,2025-02-04,Mon-Th,0,16
14,12.45227595735021,9.613798238671226,0,Mon-Th,0,2025-02-04,Mon-Th,0,16
16,37.42283556767826,5.999528231946393,0,Mon-Th,0,2025-02-05,Mon-Th,0,21
14,5.54501186171014,2.861418377252428,0,Mon-Th,0,2025-02-05,Mon-Th,0,21
13,2.6520419522008525,10.266041294181896,0,Mon-Th,0,2025-02-05,Mon-Th,0,21
9,6.30382263115124,24.72052409183569,0,Mon-Th,0,2025-02-05,Mon-Th,0,21
16,2.7740674377218246,3.4440604692226495,0,Mon-Th,0,2025-02-05,Mon-Th,0,21
17,20.059653420360277,20.08842517212578,0,Mon-Th,0,2025-02-05,Mon-Th,0,21
12,2.1892797083117967,12.300838114810542,0,Mon-Th,0,2025-02-05,Mon-Th,0,21
11,2.4215258047006567,5.441167570688602,0,Mon-Th,0,2025-02-05,Mon-Th,0,21
15,25.635938258890604,31.2427227955069,0,Mon-Th,0,2025-02-05,Mon-Th,0,21
17,24.954884541894124,9.521215713594128,0,Mon-Th,0,2025-02-05,Mon-Th,0,21
17,15.479802048367599,15.00654155255367,0,Mon-Th,0,2025-02-05,Mon-Th,0,21
14,17.319954126803523,15.170660200545834,0,Mon-Th,0,2025-02-05,Mon-Th,0,21
20,7.065785083423257,11.638609678459119,0,Mon-Th,0,2025-02-05,Mon-Th,0,21
18,15.571907466676933,1.3985984317131854,0,Mon-Th,0,2025-02-05,Mon-Th,0,21
16,3.9854043166561426,9.54082405014656,0,Mon-Th,0,2025-02-05,Mon-Th,0,21
16,10.836941988374644,7.057651043321626,0,Mon-Th,0,2025-02-05,Mon-Th,0,21
16,19.206596983153776,13.268210356626193,0,Mon-Th,0,2025-02-05,Mon-Th,0,21
17,13.363831036892083,6.839638745890254,0,Mon-Th,0,2025-02-05,Mon-Th,0,21
20,5.362977509589992,17.934935660138798,0,Mon-Th,0,2025-02-05,Mon-Th,0,21
20,12.086957190267839,7.8103378367234475,0,Mon-Th,0,2025-02-05,Mon-Th,0,21
18,4.50795523733108,20.875487650062247,0,Mon-Th,0,2025-02-05,Mon-Th,0,21
13,10.377883097460543,7.647868079874371,0,Mon-Th,0,2025-02-06,Mon-Th,0,18
17,12.529921920322288,10.037938401640837,0,Mon-Th,0,2025-02-06,Mon-Th,0,18
8,3.5879734183102974,17.330061017069788,0,Mon-Th,0,2025-02-06,Mon-Th,0,18
19,8.390908698846335,22.06950022448886,0,Mon-Th,0,2025-02-06,Mon-Th,0,18
18,8.373890099013689,17.425303901309476,0,Mon-Th,0,2025-02-06,Mon-Th,0,18
17,4.810957058145574,15.992471575608874,0,Mon-Th,0,2025-02-06,Mon-Th,0,18
19,14.257797514318355,4.72549956797151,0,Mon-Th,0,2025-02-06,Mon-Th,0,18
23,10.025709958060467,22.85941681222314,0,Mon-Th,0,2025-02-06,Mon-Th,0,18
11,23.04693962589934,12.810655057606224,0,Mon-Th,0,2025-02-06,Mon-Th,0,18
18,3.4703042461665814,2.7714602522756993,0,Mon-Th,0,2025-02-06,Mon-Th,0,18
10,9.824831129645963,7.674206150081301,0,Mon-Th,0,2025-02-06,Mon-Th,0,18
16,21.532655704919293,2.8678636963151822,0,Mon-Th,0,2025-02-06,Mon-Th,0,18
20,21.332765996699646,17.798542970375692,0,Mon-Th,0,2025-02-06,Mon-Th,0,18
18,14.477666805778583,14.350398898943256,0,Mon-Th,0,2025-02-06,Mon-Th,0,18
16,5.934359606773599,24.286702139796898,0,Mon-Th,0,2025-02-06,Mon-Th,0,18
23,13.950161130692297,37.51848331527693,0,Mon-Th,0,2025-02-06,Mon-Th,0,18
17,14.855411799823152,10.658320164747485,0,Mon-Th,0,2025-02-06,Mon-Th,0,18
19,12.15910319353971,4.288316781302458,0,Mon-Th,0,2025-02-06,Mon-Th,0,18
23,14.609979390765265,16.44900306977149,0,Friday,0,2025-01-03,Friday,0,25
20,17.193400572520247,11.506353933941,0,Friday,0,2025-01-03,Friday,0,25
21,6.333688613560533,12.189956592188937,0,Friday,0,2025-01-03,Friday,0,25
12,7.148736491957938,4.66618811605099,0,Friday,0,2025-01-03,Friday,0,25
22,11.759439819337903,8.77072003114554,0,Friday,0,2025-01-03,Friday,0,25
14,19.563108283829713,11.527957604138784,0,Friday,0,2025-01-03,Friday,0,25
20,10.93732868462266,23.869266449191418,0,Friday,0,2025-01-03,Friday,0,25
23,7.6880435619290495,2.0638025043360377,0,Friday,0,2025-01-03,Friday,0,25
22,11.223009090099609,21.653357163313814,0,Friday,0,2025-01-03,Friday,0,25
15,13.740357529955993,9.342757263854846,0,Friday,0,2025-01-03,Friday,0,25
23,9.118871143151882,14.503122180706773,0,Friday,0,2025-01-03,Friday,0,25
16,6.285539212709228,7.6887380879842375,0,Friday,0,2025-01-03,Friday,0,25
19,18.605557803260048,8.421211136349704,0,Friday,0,2025-01-03,Friday,0,25
21,24.554485992420798,5.692467514619582,0,Friday,0,2025-01-03,Friday,0,25
17,37.45333678857299,23.812567203968214,0,Friday,0,2025-01-03,Friday,0,25
20,34.55411796289535,14.796126002607659,0,Friday,0,2025-01-03,Friday,0,25
22,2.6620722689785934,3.7015726822194406,0,Friday,0,2025-01-03,Friday,0,25
18,12.091169167664095,5.333344591599712,0,Friday,0,2025-01-03,Friday,0,25
17,15.058475653562375,9.122386964333078,0,Friday,0,2025-01-03,Friday,0,25
22,11.010507171376126,8.665863431036534,0,Friday,0,2025-01-03,Friday,0,25
15,15.141977507648704,4.4111639834427745,0,Friday,0,2025-01-03,Friday,0,25
16,20.433838102079825,5.082847170459439,0,Friday,0,2025-01-03,Friday,0,25
13,6.448903572947359,1.3080381691572223,0,Friday,0,2025-01-03,Friday,0,25
0,28.6954746718568,14.475160931456271,0,Friday,0,2025-01-03,Friday,0,25
13,8.064309112418403,6.121098064146396,0,Friday,0,2025-01-03,Friday,0,25
19,10.387944295680075,4.773073857469682,0,Friday,0,2025-01-10,Friday,0,23
16,19.274413319206495,4.667112415843319,0,Friday,0,2025-01-10,Friday,0,23
14,17.115914734115577,43.72029909265418,0,Friday,0,2025-01-10,Friday,0,23
19,10.531338844727333,6.5215671870839,0,Friday,0,2025-01-10,Friday,0,23
13,17.93207675492199,19.86065517114947,0,Friday,0,2025-01-10,Friday,0,23
20,27.096060224813595,4.026525308974482,0,Friday,0,2025-01-10,Friday,0,23
16,29.404680848878844,11.492083737030391,0,Friday,0,2025-01-10,Friday,0,23
9,20.070259079941668,66.35566678989676,0,Friday,0,2025-01-10,Friday,0,23
15,8.177923581810763,17.05262693157491,0,Friday,0,2025-01-10,Friday,0,23
4,11.4113785027787,15.297928837253384,0,Friday,0,2025-01-10,Friday,0,23
12,27.88339041685165,9.970389799524234,0,Friday,0,2025-01-10,Friday,0,23
21,17.095324080671087,11.983958523039387,0,Friday,0,2025-01-10,Friday,0,23
23,12.357780626306251,22.12302239306926,0,Friday,0,2025-01-10,Friday,0,23
19,13.389152535178656,28.896721281017186,0,Friday,0,2025-01-10,Friday,0,23
23,17.315511095796484,4.21257895314001,0,Friday,0,2025-01-10,Friday,0,23
22,62.090023439244426,12.026550384244365,0,Friday,0,2025-01-10,Friday,0,23
17,9.221369236752757,10.233618738214268,0,Friday,0,2025-01-10,Friday,0,23
21,8.546347795398503,13.2491851940907,0,Friday,0,2025-01-10,Friday,0,23
18,24.227438018830238,2.1599100298139966,0,Friday,0,2025-01-10,Friday,0,23
20,13.867012881645703,9.567298587869612,0,Friday,0,2025-01-10,Friday,0,23
17,21.0409238252056,13.45121165268007,0,Friday,0,2025-01-10,Friday,0,23
22,19.938411400154575,6.910137630715961,0,Friday,0,2025-01-10,Friday,0,23
21,14.029516740035586,7.939727795693121,0,Friday,0,2025-01-10,Friday,0,23
14,31.037692471376864,8.312588487942051,0,Friday,0,2025-01-17,Friday,0,23
20,17.728009761301816,9.389970864799576,0,Friday,0,2025-01-17,Friday,0,23
23,5.26046858455485,10.623614755532223,0,Friday,0,2025-01-17,Friday,0,23
19,18.746185611173317,5.819081291285714,0,Friday,0,2025-01-17,Friday,0,23
19,13.48533260035277,26.620143437707675,0,Friday,0,2025-01-17,Friday,0,23
15,6.9439593141855624,5.688786380979449,0,Friday,0,2025-01-17,Friday,0,23
21,14.24325786493667,16.114048885102974,0,Friday,0,2025-01-17,Friday,0,23
22,11.244127213044639,3.126772805324263,0,Friday,0,2025-01-17,Friday,0,23
19,9.437892927080647,8.088830990395897,0,Friday,0,2025-01-17,Friday,0,23
21,15.834374112613467,35.63988150309828,0,Friday,0,2025-01-17,Friday,0,23
23,20.546093491171366,5.644131475492781,0,Friday,0,2025-01-17,Friday,0,23
12,3.2778423741276512,3.0349544632326193,0,Friday,0,2025-01-17,Friday,0,23
16,12.087545310177184,6.538171328775393,0,Friday,0,2025-01-17,Friday,0,23
16,10.145363159223805,27.92620732966757,0,Friday,0,2025-01-17,Friday,0,23
19,27.290773834800756,28.68800636543407,0,Friday,0,2025-01-17,Friday,0,23
19,18.221956229204576,0.7700392451678097,0,Friday,0,2025-01-17,Friday,0,23
22,6.388275699041342,1.226003904703152,0,Friday,0,2025-01-17,Friday,0,23
18,4.8418007401736105,15.112488675708132,0,Friday,0,2025-01-17,Friday,0,23
21,20.666656674846667,32.827907513418175,0,Friday,0,2025-01-17,Friday,0,23
20,20.81638307347141,16.73069250113838,0,Friday,0,2025-01-17,Friday,0,23
19,17.308739352197385,3.056100772538861,0,Friday,0,2025-01-17,Friday,0,23
21,8.996683068683296,28.221001440780743,0,Friday,0,2025-01-17,Friday,0,23
22,13.56590420742425,20.634596044206262,0,Friday,0,2025-01-17,Friday,0,23
22,13.163325202105323,4.874631074803914,0,Friday,0,2025-01-24,Friday,0,14
18,4.943332002420593,9.656367973170433,0,Friday,0,2025-01-24,Friday,0,14
21,13.589922361782346,12.932189653549754,0,Friday,0,2025-01-24,Friday,0,14
19,16.383197679105276,50.20462432775042,0,Friday,0,2025-01-24,Friday,0,14
16,13.04516330121725,25.760819739103017,0,Friday,0,2025-01-24,Friday,0,14
0,59.275352951364084,5.050893874472202,0,Friday,0,2025-01-24,Friday,0,14
17,5.1044094430993425,6.158167321077227,0,Friday,0,2025-01-24,Friday,0,14
19,21.531035646118646,10.163258038459402,0,Friday,0,2025-01-24,Friday,0,14
22,11.081531999447098,14.005568179959576,0,Friday,0,2025-01-24,Friday,0,14
17,53.74236425165792,2.8249683475560072,0,Friday,0,2025-01-24,Friday,0,14
21,13.254257795528087,33.092376983760545,0,Friday,0,2025-01-24,Friday,0,14
13,6.353868004899224,11.677405670322601,0,Friday,0,2025-01-24,Friday,0,14
16,6.3389322762603815,20.191160030241218,0,Friday,0,2025-01-24,Friday,0,14
18,21.80703420722385,9.282380327179995,0,Friday,0,2025-01-24,Friday,0,14
20,2.702325065343965,3.2436964670521604,0,Friday,0,2025-01-31,Friday,0,18
19,21.767436904968356,6.7298950318441575,0,Friday,0,2025-01-31,Friday,0,18
21,7.727819531615004,13.710812551032097,0,Friday,0,2025-01-31,Friday,0,18
11,10.611889425042872,0.5493565197315708,0,Friday,0,2025-01-31,Friday,0,18
23,10.979384360724818,8.734615828151773,0,Friday,0,2025-01-31,Friday,0,18
22,10.95233815901097,25.329931931326023,0,Friday,0,2025-01-31,Friday,0,18
19,36.709244814152456,5.686143799976417,0,Friday,0,2025-01-31,Friday,0,18
19,17.59167336944143,11.297113595542795,0,Friday,0,2025-01-31,Friday,0,18
14,2.053518677918907,9.064444931528028,0,Friday,0,2025-01-31,Friday,0,18
17,2.753452507213045,16.36732242081238,0,Friday,0,2025-01-31,Friday,0,18
19,14.381349169034458,18.897755614278076,0,Friday,0,2025-01-31,Friday,0,18
12,2.1689088551350637,7.28721866381066,0,Friday,0,2025-01-31,Friday,0,18
16,11.499885914195158,25.237768475055436,0,Friday,0,2025-01-31,Friday,0,18
18,16.85909835099109,17.423616612952824,0,Friday,0,2025-01-31,Friday,0,18
13,20.338020564028483,12.935918906268771,0,Friday,0,2025-01-31,Friday,0,18
14,16.311830790828093,3.0533218900189265,0,Friday,0,2025-01-31,Friday,0,18
19,15.498824946724277,23.13718753420911,0,Friday,0,2025-01-31,Friday,0,18
22,12.18121412893937,23.285597378373286,0,Friday,0,2025-01-31,Friday,0,18
23,14.484811265480566,13.385467688007465,0,Friday,0,2025-02-07,Friday,0,19
20,2.1356329232973916,5.489844212073691,0,Friday,0,2025-02-07,Friday,0,19
16,7.159894407025321,3.271767577867771,0,Friday,0,2025-02-07,Friday,0,19
16,29.299383642634083,9.277450438873434,0,Friday,0,2025-02-07,Friday,0,19
14,11.54656507360746,7.522159574187784,0,Friday,0,2025-02-07,Friday,0,19
21,6.021763960126567,12.116791064421887,0,Friday,0,2025-02-07,Friday,0,19
15,19.575669955642997,37.37611897014516,0,Friday,0,2025-02-07,Friday,0,19
16,12.921366426494117,12.39094334637569,0,Friday,0,2025-02-07,Friday,0,19
19,16.955247716086497,43.034077213438295,0,Friday,0,2025-02-07,Friday,0,19
16,110.27101432765598,1.7933023949669016,0,Friday,0,2025-02-07,Friday,0,19
16,18.9796642531068,20.917674342918342,0,Friday,0,2025-02-07,Friday,0,19
12,22.11688038580782,1.88301786805081,0,Friday,0,2025-02-07,Friday,0,19
18,14.412593053042496,5.51964830752873,0,Friday,0,2025-02-07,Friday,0,19
16,3.955154235214761,7.718338442247368,0,Friday,0,2025-02-07,Friday,0,19
16,22.804597793330164,8.841393693991286,0,Friday,0,2025-02-07,Friday,0,19
23,15.892081734463627,13.979733052547152,0,Friday,0,2025-02-07,Friday,0,19
21,17.638275078859014,16.447460133426414,0,Friday,0,2025-02-07,Friday,0,19
19,7.1481958436310125,8.450324464310972,0,Friday,0,2025-02-07,Friday,0,19
4,35.553862688109334,30.926858390202387,0,Friday,0,2025-02-07,Friday,0,19
14,6.790311465155832,2.206227027217185,0,Friday,0,2025-02-14,Friday,0,26
23,11.79551061718806,3.7861107143949786,0,Friday,0,2025-02-14,Friday,0,26
16,16.266710206340857,18.069646574518508,0,Friday,0,2025-02-14,Friday,0,26
21,13.665931581972558,16.39542433809999,0,Friday,0,2025-02-14,Friday,0,26
18,3.6683099376658888,13.645585907206128,0,Friday,0,2025-02-14,Friday,0,26
19,17.922577148162762,7.56589544359613,0,Friday,0,2025-02-14,Friday,0,26
17,14.67497742828894,3.16629703174923,0,Friday,0,2025-02-14,Friday,0,26
16,15.019953281854345,6.354252707751798,0,Friday,0,2025-02-14,Friday,0,26
19,5.9030981774117395,9.147260982728367,0,Friday,0,2025-02-14,Friday,0,26
0,17.041239152445932,26.35860858402483,0,Friday,0,2025-02-14,Friday,0,26
21,11.074501999861415,16.4898091887407,0,Friday,0,2025-02-14,Friday,0,26
17,22.911462777083354,7.152798100523389,0,Friday,0,2025-02-14,Friday,0,26
16,21.33773883937673,8.340090307503766,0,Friday,0,2025-02-14,Friday,0,26
13,6.35475521961808,11.583320832428873,0,Friday,0,2025-02-14,Friday,0,26
9,23.045663138374234,12.313256345751896,0,Friday,0,2025-02-14,Friday,0,26
18,3.864321307047624,10.707070748174177,0,Friday,0,2025-02-14,Friday,0,26
18,19.754128207028167,24.520809728212633,0,Friday,0,2025-02-14,Friday,0,26
18,9.351254994506835,6.129686198299323,0,Friday,0,2025-02-14,Friday,0,26
21,15.732558368099603,8.3482504122741,0,Friday,0,2025-02-14,Friday,0,26
17,21.18216275204259,6.820163863028941,0,Friday,0,2025-02-14,Friday,0,26
17,14.913253329386215,10.923647070820108,0,Friday,0,2025-02-14,Friday,0,26
20,6.984659457505746,9.232253014021591,0,Friday,0,2025-02-14,Friday,0,26
20,7.602694335134775,8.658520806451437,0,Friday,0,2025-02-14,Friday,0,26
23,3.407044157450512,7.488879401031285,0,Friday,0,2025-02-14,Friday,0,26
22,10.943911717928493,24.39787368168997,0,Friday,0,2025-02-14,Friday,0,26
14,19.451515874201572,24.22352975626839,0,Friday,0,2025-02-14,Friday,0,26
13,7.10719576877295,27.49852072124791,0,Friday,0,2025-02-21,Friday,0,29
19,10.28939031990306,22.205013882499685,0,Friday,0,2025-02-21,Friday,0,29
11,11.684177913513317,13.324149780693352,0,Friday,0,2025-02-21,Friday,0,29
16,12.948056170628732,7.034463719625336,0,Friday,0,2025-02-21,Friday,0,29
18,19.740317862245586,8.09662812382315,0,Friday,0,2025-02-21,Friday,0,29
20,13.009721285980234,5.041762168396601,0,Friday,0,2025-02-21,Friday,0,29
16,14.011086346645879,28.452562601730087,0,Friday,0,2025-02-21,Friday,0,29
21,15.313786474167095,13.49908215957911,0,Friday,0,2025-02-21,Friday,0,29
5,20.36083393214148,0.9549433067898325,0,Friday,0,2025-02-21,Friday,0,29
17,21.930885771454886,6.967378890231916,0,Friday,0,2025-02-21,Friday,0,29
20,13.21358564583636,4.857285187562396,0,Friday,0,2025-02-21,Friday,0,29
16,8.796922627729401,15.367699547365818,0,Friday,0,2025-02-21,Friday,0,29
18,26.34825694419812,10.520136990672727,0,Friday,0,2025-02-21,Friday,0,29
16,8.924341240730115,37.66104103580708,0,Friday,0,2025-02-21,Friday,0,29
13,28.429964012925577,35.07774145672365,0,Friday,0,2025-02-21,Friday,0,29
15,2.774539819496561,12.776848794365558,0,Friday,0,2025-02-21,Friday,0,29
10,9.22123588497568,14.287311622413858,0,Friday,0,2025-02-21,Friday,0,29
23,16.30320747891967,8.197109550713414,0,Friday,0,2025-02-21,Friday,0,29
16,18.973645355581287,15.404745122227165,0,Friday,0,2025-02-21,Friday,0,29
17,11.427369102500414,31.916609336889177,0,Friday,0,2025-02-21,Friday,0,29
17,8.906826627044165,8.4355157909688,0,Friday,0,2025-02-21,Friday,0,29
15,18.225686317482698,4.837462733336982,0,Friday,0,2025-02-21,Friday,0,29
17,21.72605937005126,13.906124455092927,0,Friday,0,2025-02-21,Friday,0,29
19,2.121430977328995,6.752014695352437,0,Friday,0,2025-02-21,Friday,0,29
19,13.400845980091795,8.257215348478823,0,Friday,0,2025-02-21,Friday,0,29
18,15.23814720293364,24.821414453400262,0,Friday,0,2025-02-21,Friday,0,29
18,19.689436496596986,74.39146545829321,0,Friday,0,2025-02-21,Friday,0,29
15,16.802962520134574,15.007327873477136,0,Friday,0,2025-02-21,Friday,0,29
7,15.484750437040393,14.973414437175956,0,Friday,0,2025-02-21,Friday,0,29
17,16.48549742465905,14.792730494910257,0,Friday,0,2025-02-28,Friday,0,25
12,9.370297084192583,3.2910887801592965,0,Friday,0,2025-02-28,Friday,0,25
11,6.1498883105337905,10.65878127173403,0,Friday,0,2025-02-28,Friday,0,25
17,18.9793939519522,5.679830777411497,0,Friday,0,2025-02-28,Friday,0,25
19,13.265361278993815,8.852405669567494,0,Friday,0,2025-02-28,Friday,0,25
23,12.264621399142069,29.33623357809263,0,Friday,0,2025-02-28,Friday,0,25
14,23.791428528922804,4.3754517718219486,0,Friday,0,2025-02-28,Friday,0,25
17,13.759900939116836,8.64719181043209,0,Friday,0,2025-02-28,Friday,0,25
13,42.99598058374913,11.165077987481709,0,Friday,0,2025-02-28,Friday,0,25
18,8.053903319880401,23.63835762778803,0,Friday,0,2025-02-28,Friday,0,25
22,10.416178136833814,17.61865439921727,0,Friday,0,2025-02-28,Friday,0,25
17,19.57148803749798,6.709832888663066,0,Friday,0,2025-02-28,Friday,0,25
18,5.630635762282748,1.6434195995389098,0,Friday,0,2025-02-28,Friday,0,25
15,64.87291678819024,31.48264744793649,0,Friday,0,2025-02-28,Friday,0,25
17,37.25997466143245,2.661428934330667,0,Friday,0,2025-02-28,Friday,0,25
11,3.4966350545430744,7.577780582911025,0,Friday,0,2025-02-28,Friday,0,25
16,4.628491865254695,11.123617774709096,0,Friday,0,2025-02-28,Friday,0,25
16,3.7860433258523942,8.07914299283939,0,Friday,0,2025-02-28,Friday,0,25
18,10.64036289818987,7.305891589207044,0,Friday,0,2025-02-28,Friday,0,25
18,16.29991374323483,23.242347325018333,0,Friday,0,2025-02-28,Friday,0,25
14,20.941812781283875,1.7920683274361158,0,Friday,0,2025-02-28,Friday,0,25
16,14.898914623933742,6.964826371024063,0,Friday,0,2025-02-28,Friday,0,25
22,81.06119042645072,20.35945108323932,0,Friday,0,2025-02-28,Friday,0,25
23,21.750130583074466,76.30449063623324,0,Friday,0,2025-02-28,Friday,0,25
20,10.927064443389757,18.857445677528542,0,Friday,0,2025-02-28,Friday,0,25
12,29.52536864480891,16.41842076678877,0,Friday,0,2025-03-07,Friday,0,22
22,13.439086134635925,9.547689252445094,0,Friday,0,2025-03-07,Friday,0,22
20,30.07008638194855,8.416766000002195,0,Friday,0,2025-03-07,Friday,0,22
19,17.208535185575805,3.8840392310032925,0,Friday,0,2025-03-07,Friday,0,22
17,21.40906507029273,3.793840332483975,0,Friday,0,2025-03-07,Friday,0,22
16,26.747449857180502,2.347112581764801,0,Friday,0,2025-03-07,Friday,0,22
18,18.08123647278865,9.868070934489692,0,Friday,0,2025-03-07,Friday,0,22
21,8.728583770600453,23.746467354521755,0,Friday,0,2025-03-07,Friday,0,22
15,18.491063388475883,2.8927016542741733,0,Friday,0,2025-03-07,Friday,0,22
13,13.825846446766107,12.295910373172926,0,Friday,0,2025-03-07,Friday,0,22
19,5.046801310819596,5.654303693558318,0,Friday,0,2025-03-07,Friday,0,22
15,23.79024779330717,17.324413901071207,0,Friday,0,2025-03-07,Friday,0,22
17,11.989591568789258,2.8499702372623457,0,Friday,0,2025-03-07,Friday,0,22
23,16.53396203486392,47.255967586335075,0,Friday,0,2025-03-07,Friday,0,22
19,22.335760885408973,40.65848372790591,0,Friday,0,2025-03-07,Friday,0,22
0,12.23657579055602,21.759993345441693,0,Friday,0,2025-03-07,Friday,0,22
11,19.1240900909374,9.798089094841671,0,Friday,0,2025-03-07,Friday,0,22
20,18.184251646255383,7.188247727287073,0,Friday,0,2025-03-07,Friday,0,22
15,3.2353894869521587,2.546178360521955,0,Friday,0,2025-03-07,Friday,0,22
20,28.948687358680576,3.081656592715178,0,Friday,0,2025-03-07,Friday,0,22
22,12.539005760648529,8.99606099816765,0,Friday,0,2025-03-07,Friday,0,22
18,14.92827004359577,20.78608148515156,0,Friday,0,2025-03-07,Friday,0,22
16,17.888888219279202,3.1333436152727776,0,Friday,0,2025-03-14,Friday,0,27
23,9.280874469290143,10.34400020699544,0,Friday,0,2025-03-14,Friday,0,27
17,13.200264135017804,2.9082999653206016,0,Friday,0,2025-03-14,Friday,0,27
5,4.4760216399574695,6.8829555766913355,0,Friday,0,2025-03-14,Friday,0,27
17,18.267803636766114,3.289920390288861,0,Friday,0,2025-03-14,Friday,0,27
16,5.419828929392677,0.9985111396007436,0,Friday,0,2025-03-14,Friday,0,27
8,19.222266084854667,9.416684423669883,0,Friday,0,2025-03-14,Friday,0,27
17,17.22404765072807,3.968111920889668,0,Friday,0,2025-03-14,Friday,0,27
18,10.126960583870328,14.696352767388293,0,Friday,0,2025-03-14,Friday,0,27
15,2.318406616438554,2.110700513598715,0,Friday,0,2025-03-14,Friday,0,27
19,32.44192823213617,12.179630138645967,0,Friday,0,2025-03-14,Friday,0,27
18,47.32765425173811,4.388911649664748,0,Friday,0,2025-03-14,Friday,0,27
18,41.05634071314535,13.708790504372429,0,Friday,0,2025-03-14,Friday,0,27
4,8.955040021646404,10.71510820263874,0,Friday,0,2025-03-14,Friday,0,27
8,18.61641486177109,18.745641816348073,0,Friday,0,2025-03-14,Friday,0,27
18,2.8204613689946045,7.638021546946103,0,Friday,0,2025-03-14,Friday,0,27
19,14.021913743172565,10.236642888477714,0,Friday,0,2025-03-14,Friday,0,27
23,5.3663445099142875,15.668786684280679,0,Friday,0,2025-03-14,Friday,0,27
8,3.551675399413165,7.083902480166015,0,Friday,0,2025-03-14,Friday,0,27
18,20.908042638125366,8.015685002758136,0,Friday,0,2025-03-14,Friday,0,27
14,2.235881755133154,5.967151195740222,0,Friday,0,2025-03-14,Friday,0,27
8,10.776088574312983,6.391037663756062,0,Friday,0,2025-03-14,Friday,0,27
14,4.787500794502735,6.176825031461135,0,Friday,0,2025-03-14,Friday,0,27
17,4.811271818677639,4.908462084106996,0,Friday,0,2025-03-14,Friday,0,27
16,3.634957097767394,29.14828008473026,0,Friday,0,2025-03-14,Friday,0,27
14,2.1360932672510278,6.634661162293824,0,Friday,0,2025-03-14,Friday,0,27
15,15.17070873723932,5.4364590696384685,0,Friday,0,2025-03-14,Friday,0,27
13,7.363630014274012,1.8227998186901897,0,Friday,0,2025-12-26,Friday,0,15
13,13.243248737583087,24.95813004349583,0,Friday,0,2025-12-26,Friday,0,15
16,16.50676481470643,23.676820907276095,0,Friday,0,2025-12-26,Friday,0,15
3,4.11709457595401,5.403507904705112,0,Friday,0,2025-12-26,Friday,0,15
18,8.23705269328159,8.791055063345356,0,Friday,0,2025-12-26,Friday,0,15
23,10.482786295714234,6.1248088435600465,0,Friday,0,2025-12-26,Friday,0,15
21,22.498546636641425,7.483308115498552,0,Friday,0,2025-12-26,Friday,0,15
17,65.50453295317598,36.85828917327386,0,Friday,0,2025-12-26,Friday,0,15
15,36.60863161786454,13.30725623804176,0,Friday,0,2025-12-26,Friday,0,15
15,4.7655274890546435,10.401825321466008,0,Friday,0,2025-12-26,Friday,0,15
22,3.7102724811825283,31.01388316901598,0,Friday,0,2025-12-26,Friday,0,15
16,12.4409050948714,7.8642693060269115,0,Friday,0,2025-12-26,Friday,0,15
12,3.0181857607473024,7.280186452195362,0,Friday,0,2025-12-26,Friday,0,15
18,16.264028941091382,2.804077680722635,0,Friday,0,2025-12-26,Friday,0,15
17,9.51484831102719,48.17855118731234,0,Friday,0,2025-12-26,Friday,0,15
16,31.677317747920025,33.70926419154203,0,Saturday,0,2025-01-04,Saturday,0,10
16,25.67598919128641,5.754111734766849,0,Saturday,0,2025-01-04,Saturday,0,10
18,27.77805233174157,5.150821796696312,0,Saturday,0,2025-01-04,Saturday,0,10
20,34.892097641016754,3.2947780800852833,0,Saturday,0,2025-01-04,Saturday,0,10
15,20.233339020935464,21.91399100204828,0,Saturday,0,2025-01-04,Saturday,0,10
19,11.81376186240967,15.441462660586868,0,Saturday,0,2025-01-04,Saturday,0,10
18,2.5746578809736174,12.199825223280664,0,Saturday,0,2025-01-04,Saturday,0,10
22,10.431269635188261,5.304271328131893,0,Saturday,0,2025-01-04,Saturday,0,10
17,17.497136803090612,11.844637270819632,0,Saturday,0,2025-01-04,Saturday,0,10
20,8.579400059560335,15.170496106305468,0,Saturday,0,2025-01-04,Saturday,0,10
15,20.89625362651826,24.289281780490064,0,Saturday,0,2025-01-11,Saturday,0,20
16,6.838056091013466,7.025412538650851,0,Saturday,0,2025-01-11,Saturday,0,20
19,10.424202019094398,9.835495323551113,0,Saturday,0,2025-01-11,Saturday,0,20
16,15.437873842658178,26.62568222610578,0,Saturday,0,2025-01-11,Saturday,0,20
19,20.022006424259004,11.574393414774436,0,Saturday,0,2025-01-11,Saturday,0,20
14,27.440048950382476,5.396367023897031,0,Saturday,0,2025-01-11,Saturday,0,20
18,6.666487064384096,5.003003073148877,0,Saturday,0,2025-01-11,Saturday,0,20
18,26.572159227336744,4.430172587015558,0,Saturday,0,2025-01-11,Saturday,0,20
14,19.92268714252105,26.66779330831832,0,Saturday,0,2025-01-11,Saturday,0,20
23,12.408135224194869,20.35532945589668,0,Saturday,0,2025-01-11,Saturday,0,20
16,17.57640158389682,3.4185471112672365,0,Saturday,0,2025-01-11,Saturday,0,20
22,13.342513344863185,5.784914461728649,0,Saturday,0,2025-01-11,Saturday,0,20
17,13.959238120059833,33.882757899480076,0,Saturday,0,2025-01-11,Saturday,0,20
20,2.533051752924264,10.992454948879095,0,Saturday,0,2025-01-11,Saturday,0,20
19,5.4147768497174855,2.081888503346942,0,Saturday,0,2025-01-11,Saturday,0,20
12,4.451641703682219,27.42646821044216,0,Saturday,0,2025-01-11,Saturday,0,20
16,9.391326094062421,8.20751632346229,0,Saturday,0,2025-01-11,Saturday,0,20
17,12.82564882838009,23.192682699848742,0,Saturday,0,2025-01-11,Saturday,0,20
18,6.5356701152061545,10.085580746567963,0,Saturday,0,2025-01-11,Saturday,0,20
13,7.657059276349682,17.678859927357387,0,Saturday,0,2025-01-11,Saturday,0,20
21,9.556147968325742,6.68563246514091,0,Saturday,0,2025-01-18,Saturday,0,12
21,3.8868576435410427,8.929891991683613,0,Saturday,0,2025-01-18,Saturday,0,12
14,16.866294004333508,2.290636227701511,0,Saturday,0,2025-01-18,Saturday,0,12
21,7.693843871759654,7.323125558682824,0,Saturday,0,2025-01-18,Saturday,0,12
16,11.8938148887129,22.92863116958508,0,Saturday,0,2025-01-18,Saturday,0,12
15,18.893552284317398,5.825595319914763,0,Saturday,0,2025-01-18,Saturday,0,12
18,23.525816086541052,5.930892942157023,0,Saturday,0,2025-01-18,Saturday,0,12
13,2.4755663435523476,12.796751116470395,0,Saturday,0,2025-01-18,Saturday,0,12
8,4.961070160578506,9.784189370882514,0,Saturday,0,2025-01-18,Saturday,0,12
11,2.2798860706310564,7.294753928484528,0,Saturday,0,2025-01-18,Saturday,0,12
15,17.448225913358044,3.3311307997044795,0,Saturday,0,2025-01-18,Saturday,0,12
18,17.7045594724751,0.9391480464812129,0,Saturday,0,2025-01-18,Saturday,0,12
2,21.8383900255575,5.170318360879942,0,Saturday,0,2025-01-25,Saturday,0,16
14,4.190154747733018,21.609009013792928,0,Saturday,0,2025-01-25,Saturday,0,16
3,10.84059900508666,45.92562152468882,0,Saturday,0,2025-01-25,Saturday,0,16
6,2.679841797103308,6.288660111702908,0,Saturday,0,2025-01-25,Saturday,0,16
16,29.925848986759423,16.720332958040814,0,Saturday,0,2025-01-25,Saturday,0,16
12,3.642073407859074,16.7238690615436,0,Saturday,0,2025-01-25,Saturday,0,16
12,20.0207265259253,10.053141003544674,0,Saturday,0,2025-01-25,Saturday,0,16
14,4.908338063990488,4.20448808098041,0,Saturday,0,2025-01-25,Saturday,0,16
18,16.131859890675717,0.7892513257692022,0,Saturday,0,2025-01-25,Saturday,0,16
22,9.280374264516977,4.091722003484532,0,Saturday,0,2025-01-25,Saturday,0,16
17,12.78428020054529,5.098996155770202,0,Saturday,0,2025-01-25,Saturday,0,16
21,11.967200642085594,9.156359005774037,0,Saturday,0,2025-01-25,Saturday,0,16
15,18.189175185694605,4.3762774082519,0,Saturday,0,2025-01-25,Saturday,0,16
19,14.517318624008762,25.640913159265658,0,Saturday,0,2025-01-25,Saturday,0,16
12,2.5491451038415454,3.0269610910388005,0,Saturday,0,2025-01-25,Saturday,0,16
20,6.388110301245277,5.696359863904287,0,Saturday,0,2025-01-25,Saturday,0,16
17,16.23855542934244,6.229476903268704,0,Saturday,0,2025-02-01,Saturday,0,17
18,19.162031993799534,11.805881090658788,0,Saturday,0,2025-02-01,Saturday,0,17
15,26.239626139754233,12.159299351746158,0,Saturday,0,2025-02-01,Saturday,0,17
23,4.830174665618173,31.776520148980236,0,Saturday,0,2025-02-01,Saturday,0,17
19,14.100093496128299,8.904294350158073,0,Saturday,0,2025-02-01,Saturday,0,17
20,23.000013571288594,19.754297216497342,0,Saturday,0,2025-02-01,Saturday,0,17
18,15.26202388432253,33.0670646962293,0,Saturday,0,2025-02-01,Saturday,0,17
19,7.887436472436329,6.2438041098865575,0,Saturday,0,2025-02-01,Saturday,0,17
19,14.980379567968395,4.901306135129166,0,Saturday,0,2025-02-01,Saturday,0,17
12,12.345260821439034,5.724875289245044,0,Saturday,0,2025-02-01,Saturday,0,17
17,21.761071842672123,1.967251805031492,0,Saturday,0,2025-02-01,Saturday,0,17
16,23.804040153826673,26.978975986542935,0,Saturday,0,2025-02-01,Saturday,0,17
21,11.346254109197332,15.74995932390069,0,Saturday,0,2025-02-01,Saturday,0,17
15,4.704567434241936,17.211300508450638,0,Saturday,0,2025-02-01,Saturday,0,17
18,20.03633145085518,12.710135574300363,0,Saturday,0,2025-02-01,Saturday,0,17
18,19.54865273514631,2.394638203403201,0,Saturday,0,2025-02-01,Saturday,0,17
16,7.674342803743858,24.690406922621875,0,Saturday,0,2025-02-01,Saturday,0,17
13,11.52603723596052,3.728394549779922,0,Saturday,0,2025-02-08,Saturday,0,17
14,86.45508291186329,3.020629777257459,0,Saturday,0,2025-02-08,Saturday,0,17
19,10.379206430776765,3.1575570887347775,0,Saturday,0,2025-02-08,Saturday,0,17
19,18.41292454746669,7.180403302419028,0,Saturday,0,2025-02-08,Saturday,0,17
20,16.47562744258695,16.055406855312423,0,Saturday,0,2025-02-08,Saturday,0,17
18,10.309048265955035,15.269225384747937,0,Saturday,0,2025-02-08,Saturday,0,17
12,18.253521533932467,4.930583242656772,0,Saturday,0,2025-02-08,Saturday,0,17
0,11.053930820954747,4.932515375655556,0,Saturday,0,2025-02-08,Saturday,0,17
20,8.372450162620208,9.980645827639464,0,Saturday,0,2025-02-08,Saturday,0,17
17,14.97418669759545,11.442077596874999,0,Saturday,0,2025-02-08,Saturday,0,17
11,22.06002370636156,16.80547715659703,0,Saturday,0,2025-02-08,Saturday,0,17
16,2.8088121080556165,9.839393612452232,0,Saturday,0,2025-02-08,Saturday,0,17
11,8.329829560901622,8.390325950462218,0,Saturday,0,2025-02-08,Saturday,0,17
15,77.44944142529008,33.39279250084153,0,Saturday,0,2025-02-08,Saturday,0,17
21,19.88851370893546,78.31138481559663,0,Saturday,0,2025-02-08,Saturday,0,17
21,22.244180355404207,6.849255236172346,0,Saturday,0,2025-02-08,Saturday,0,17
17,18.97121888371953,29.69212096966413,0,Saturday,0,2025-02-08,Saturday,0,17
17,2.35647762869982,3.625089700045809,0,Saturday,0,2025-02-15,Saturday,0,16
17,6.968895852613294,26.453113520194734,0,Saturday,0,2025-02-15,Saturday,0,16
21,16.63833083035184,32.0414202276865,0,Saturday,0,2025-02-15,Saturday,0,16
18,14.845601692778523,6.419764002633251,0,Saturday,0,2025-02-15,Saturday,0,16
9,5.671098595787516,26.006285766846524,0,Saturday,0,2025-02-15,Saturday,0,16
16,53.5111068597037,4.80486374756319,0,Saturday,0,2025-02-15,Saturday,0,16
21,20.81410183241142,12.080692347545696,0,Saturday,0,2025-02-15,Saturday,0,16
14,13.989379993710969,7.662970553459301,0,Saturday,0,2025-02-15,Saturday,0,16
20,15.37020055357052,6.826373975464808,0,Saturday,0,2025-02-15,Saturday,0,16
23,8.706546531907453,12.314002784963884,0,Saturday,0,2025-02-15,Saturday,0,16
23,10.349476933550452,6.2163196496748565,0,Saturday,0,2025-02-15,Saturday,0,16
17,20.134505518557667,5.9129173740143175,0,Saturday,0,2025-02-15,Saturday,0,16
19,3.643381096330516,4.782531163153212,0,Saturday,0,2025-02-15,Saturday,0,16
14,27.660251781722824,22.696786990195854,0,Saturday,0,2025-02-15,Saturday,0,16
22,11.151504464012877,14.466456189118032,0,Saturday,0,2025-02-15,Saturday,0,16
19,16.766211284383076,9.996484127479002,0,Saturday,0,2025-02-15,Saturday,0,16
17,2.658149900092747,8.868656832526852,0,Saturday,0,2025-02-22,Saturday,0,25
18,3.2259318716356074,3.6045851734611665,0,Saturday,0,2025-02-22,Saturday,0,25
14,2.8732356000731674,2.866816587816916,0,Saturday,0,2025-02-22,Saturday,0,25
13,26.79699328556163,8.37640717663111,0,Saturday,0,2025-02-22,Saturday,0,25
17,15.681213162517007,17.230630512699086,0,Saturday,0,2025-02-22,Saturday,0,25
20,16.164986721734934,4.36503134535034,0,Saturday,0,2025-02-22,Saturday,0,25
16,16.91057351202936,6.22963245821357,0,Saturday,0,2025-02-22,Saturday,0,25
9,3.568088307126337,5.072659168861914,0,Saturday,0,2025-02-22,Saturday,0,25
18,10.365808916829472,8.229288269491374,0,Saturday,0,2025-02-22,Saturday,0,25
19,13.953330963715182,10.991374332881001,0,Saturday,0,2025-02-22,Saturday,0,25
16,21.163957114637785,2.804899715551799,0,Saturday,0,2025-02-22,Saturday,0,25
11,2.1881797216734453,10.314517416268105,0,Saturday,0,2025-02-22,Saturday,0,25
21,17.820000847932846,16.382164639915096,0,Saturday,0,2025-02-22,Saturday,0,25
19,9.951087279531464,8.768318396823478,0,Saturday,0,2025-02-22,Saturday,0,25
18,48.089985222911295,9.386627127569152,0,Saturday,0,2025-02-22,Saturday,0,25
20,17.339892842498088,6.576523476719835,0,Saturday,0,2025-02-22,Saturday,0,25
20,13.155041756796365,26.704327756085373,0,Saturday,0,2025-02-22,Saturday,0,25
10,4.610561348446387,2.2833907450965487,0,Saturday,0,2025-02-22,Saturday,0,25
1,2.515938156613526,18.22760282046238,0,Saturday,0,2025-02-22,Saturday,0,25
18,19.699219191973945,4.435609089350436,0,Saturday,0,2025-02-22,Saturday,0,25
13,36.274028989688276,4.807518413819105,0,Saturday,0,2025-02-22,Saturday,0,25
13,20.3783906442345,3.4810344136444913,0,Saturday,0,2025-02-22,Saturday,0,25
23,7.428227027804963,18.53418173062841,0,Saturday,0,2025-02-22,Saturday,0,25
21,8.54764390072021,7.857676699337642,0,Saturday,0,2025-02-22,Saturday,0,25
14,18.430146551913225,8.444912956764902,0,Saturday,0,2025-02-22,Saturday,0,25
13,22.958603862202533,3.751815190779989,0,Saturday,0,2025-03-01,Saturday,0,17
0,28.364769745971614,6.357203167552597,0,Saturday,0,2025-03-01,Saturday,0,17
22,15.38954067920518,4.114017326457217,0,Saturday,0,2025-03-01,Saturday,0,17
17,5.973220904810976,8.906736770911877,0,Saturday,0,2025-03-01,Saturday,0,17
19,18.869268984262945,33.49854523562681,0,Saturday,0,2025-03-01,Saturday,0,17
21,2.4244449135420307,10.722444008896256,0,Saturday,0,2025-03-01,Saturday,0,17
9,7.9600915517205815,5.3148736635269,0,Saturday,0,2025-03-01,Saturday,0,17
15,16.03992020826225,19.88008782729018,0,Saturday,0,2025-03-01,Saturday,0,17
16,14.319089346092568,3.393474402641367,0,Saturday,0,2025-03-01,Saturday,0,17
18,16.91122101683361,21.983060299122283,0,Saturday,0,2025-03-01,Saturday,0,17
15,17.73577470400654,5.342890675380606,0,Saturday,0,2025-03-01,Saturday,0,17
20,5.5110410951885,3.9657130340143114,0,Saturday,0,2025-03-01,Saturday,0,17
22,10.08019090325293,47.156211229521055,0,Saturday,0,2025-03-01,Saturday,0,17
19,14.27478939877972,14.62786975742571,0,Saturday,0,2025-03-01,Saturday,0,17
3,13.075026196767109,7.713163439553735,0,Saturday,0,2025-03-01,Saturday,0,17
22,16.45348920699008,15.688479416946741,0,Saturday,0,2025-03-01,Saturday,0,17
10,3.1167321798769896,9.080290113124862,0,Saturday,0,2025-03-01,Saturday,0,17
20,11.358714875616908,3.4439942579402505,0,Saturday,0,2025-03-08,Saturday,0,14
20,12.809524435066098,27.822199212901378,0,Saturday,0,2025-03-08,Saturday,0,14
8,6.922153637149712,11.328707649680586,0,Saturday,0,2025-03-08,Saturday,0,14
20,12.465274585987192,9.568705779657012,0,Saturday,0,2025-03-08,Saturday,0,14
13,3.765380418665043,14.829194865593411,0,Saturday,0,2025-03-08,Saturday,0,14
14,5.642742348955046,13.520059338799795,0,Saturday,0,2025-03-08,Saturday,0,14
17,22.62551395911766,7.518449756763679,0,Saturday,0,2025-03-08,Saturday,0,14
13,18.559586811982733,9.267509212901638,0,Saturday,0,2025-03-08,Saturday,0,14
14,15.929949660762095,7.980744119387249,0,Saturday,0,2025-03-08,Saturday,0,14
19,17.2913594302444,7.276727926923166,0,Saturday,0,2025-03-08,Saturday,0,14
15,21.70970739878761,4.5481756981229875,0,Saturday,0,2025-03-08,Saturday,0,14
16,22.059980626278037,46.22823347746748,0,Saturday,0,2025-03-08,Saturday,0,14
4,16.743696634524728,19.794435856550635,0,Saturday,0,2025-03-08,Saturday,0,14
14,2.6898926128012346,4.852022070710718,0,Saturday,0,2025-03-08,Saturday,0,14
14,4.177893574785151,8.129408401559154,0,Saturday,0,2025-03-15,Saturday,0,16
23,16.912995773360635,16.445279670713436,0,Saturday,0,2025-03-15,Saturday,0,16
20,37.18672699307463,5.4721700478668565,0,Saturday,0,2025-03-15,Saturday,0,16
17,13.806640735210546,15.988812239385519,0,Saturday,0,2025-03-15,Saturday,0,16
5,17.95755768263938,7.633351842896865,0,Saturday,0,2025-03-15,Saturday,0,16
11,10.6139397413335,9.09008395611311,0,Saturday,0,2025-03-15,Saturday,0,16
16,3.175861808083929,9.13647815736684,0,Saturday,0,2025-03-15,Saturday,0,16
19,9.014105735034297,6.388101722818138,0,Saturday,0,2025-03-15,Saturday,0,16
20,10.614004417129113,4.428817651114269,0,Saturday,0,2025-03-15,Saturday,0,16
0,74.64995465285098,20.656556728624935,0,Saturday,0,2025-03-15,Saturday,0,16
6,2.21005020772261,3.9876226847776834,0,Saturday,0,2025-03-15,Saturday,0,16
19,16.591697457027962,29.614812491146754,0,Saturday,0,2025-03-15,Saturday,0,16
1,8.994271850239205,16.234866609202815,0,Saturday,0,2025-03-15,Saturday,0,16
6,23.418777768679007,22.98209240779104,0,Saturday,0,2025-03-15,Saturday,0,16
14,4.702910419656684,18.201701772405375,0,Saturday,0,2025-03-15,Saturday,0,16
15,12.014514452340293,12.705631477726207,0,Saturday,0,2025-03-15,Saturday,0,16
16,17.264100399146997,18.091788973798813,0,Saturday,0,2025-12-27,Saturday,0,15
19,12.501221200228155,20.01201518772443,0,Saturday,0,2025-12-27,Saturday,0,15
23,11.911837567945565,5.338046765043293,0,Saturday,0,2025-12-27,Saturday,0,15
21,3.8289500467376056,28.246252823259997,0,Saturday,0,2025-12-27,Saturday,0,15
17,4.832001948596134,8.81627041211807,0,Saturday,0,2025-12-27,Saturday,0,15
16,10.480768486476272,4.024385452421429,0,Saturday,0,2025-12-27,Saturday,0,15
15,24.636935496181547,2.060808874671573,0,Saturday,0,2025-12-27,Saturday,0,15
22,4.10216822442137,2.399623443548604,0,Saturday,0,2025-12-27,Saturday,0,15
1,6.871031259870288,8.86296473390054,0,Saturday,0,2025-12-27,Saturday,0,15
19,3.260147867298186,17.890384134466526,0,Saturday,0,2025-12-27,Saturday,0,15
20,18.10082233982131,2.782400148110357,0,Saturday,0,2025-12-27,Saturday,0,15
6,11.234440313214346,9.808240562717163,0,Saturday,0,2025-12-27,Saturday,0,15
9,8.198299761443828,2.619830694703377,0,Saturday,0,2025-12-27,Saturday,0,15
7,4.68941335035462,1.8620309605072507,0,Saturday,0,2025-12-27,Saturday,0,15
21,8.109582079573297,9.761740686779,0,Saturday,0,2025-12-27,Saturday,0,15
13,18.360829763814817,26.828630922056565,0,Sunday,0,2025-01-05,Sunday,0,14
9,15.886777508812813,15.364484173499472,0,Sunday,0,2025-01-05,Sunday,0,14
18,11.558262737014662,6.713793592800228,0,Sunday,0,2025-01-05,Sunday,0,14
14,18.354607256496646,5.935280651354814,0,Sunday,0,2025-01-05,Sunday,0,14
18,11.888512950276535,5.497664628781253,0,Sunday,0,2025-01-05,Sunday,0,14
20,11.955127310790072,4.896334606775751,0,Sunday,0,2025-01-05,Sunday,0,14
14,18.22517070406354,13.310225961457933,0,Sunday,0,2025-01-05,Sunday,0,14
20,12.184059545823395,4.373988718097935,0,Sunday,0,2025-01-05,Sunday,0,14
22,7.755668176163878,11.350333312499908,0,Sunday,0,2025-01-05,Sunday,0,14
14,23.933022945920335,22.667658403686517,0,Sunday,0,2025-01-05,Sunday,0,14
22,14.377856473476239,9.755720601830062,0,Sunday,0,2025-01-05,Sunday,0,14
12,2.871144438405204,20.18780979144761,0,Sunday,0,2025-01-05,Sunday,0,14
11,17.393471032092428,3.3750472867880568,0,Sunday,0,2025-01-05,Sunday,0,14
23,10.887114925776718,6.681981232027251,0,Sunday,0,2025-01-05,Sunday,0,14
19,16.23716779862026,14.481278858395607,0,Sunday,0,2025-01-12,Sunday,0,22
23,9.012429219597,9.078193583449892,0,Sunday,0,2025-01-12,Sunday,0,22
16,13.032304372317935,12.915469319025638,0,Sunday,0,2025-01-12,Sunday,0,22
4,2.484374158657918,6.76656533574334,0,Sunday,0,2025-01-12,Sunday,0,22
12,3.6382445317006935,24.646592632248257,0,Sunday,0,2025-01-12,Sunday,0,22
19,8.740167674869049,10.473535109368264,0,Sunday,0,2025-01-12,Sunday,0,22
18,11.171781994329184,6.626491624338468,0,Sunday,0,2025-01-12,Sunday,0,22
15,4.914565250301354,7.88941288776623,0,Sunday,0,2025-01-12,Sunday,0,22
18,2.735775260106073,9.68963554110055,0,Sunday,0,2025-01-12,Sunday,0,22
20,17.656943423391617,11.053545272893757,0,Sunday,0,2025-01-12,Sunday,0,22
13,3.361261425713873,6.361274762108653,0,Sunday,0,2025-01-12,Sunday,0,22
14,25.438469258640367,29.957183924360244,0,Sunday,0,2025-01-12,Sunday,0,22
21,8.59921948385106,22.1035507468107,0,Sunday,0,2025-01-12,Sunday,0,22
16,4.536825200158422,10.522979902436036,0,Sunday,0,2025-01-12,Sunday,0,22
19,4.1641134000530045,13.770649099530088,0,Sunday,0,2025-01-12,Sunday,0,22
0,3.015683582991978,12.288323875147167,0,Sunday,0,2025-01-12,Sunday,0,22
14,22.209019174130432,2.029808661508783,0,Sunday,0,2025-01-12,Sunday,0,22
17,9.795113078253591,1.286444041420542,0,Sunday,0,2025-01-12,Sunday,0,22
23,10.321687554680203,24.537405878528016,0,Sunday,0,2025-01-12,Sunday,0,22
22,12.60532063804613,10.884210632733808,0,Sunday,0,2025-01-12,Sunday,0,22
16,2.238081589775796,4.1759846568349035,0,Sunday,0,2025-01-12,Sunday,0,22
17,5.314979194398993,4.659839915071866,0,Sunday,0,2025-01-12,Sunday,0,22
18,17.047125065785472,10.735184402679511,0,Sunday,0,2025-01-19,Sunday,0,13
2,3.880699823651664,10.395265495135734,0,Sunday,0,2025-01-19,Sunday,0,13
17,12.411392840589052,5.853421585948457,0,Sunday,0,2025-01-19,Sunday,0,13
18,14.474309621705263,65.41817668865099,0,Sunday,0,2025-01-19,Sunday,0,13
12,61.84222502259077,8.775753754982793,0,Sunday,0,2025-01-19,Sunday,0,13
15,18.6220269084755,8.87872647142313,0,Sunday,0,2025-01-19,Sunday,0,13
23,9.107119008707407,10.53419230527584,0,Sunday,0,2025-01-19,Sunday,0,13
11,5.924177675524587,15.062470353789422,0,Sunday,0,2025-01-19,Sunday,0,13
14,18.93068364879822,13.563226537449951,0,Sunday,0,2025-01-19,Sunday,0,13
20,7.839205032902767,3.4374411739927497,0,Sunday,0,2025-01-19,Sunday,0,13
15,6.130408631609714,6.980777267016295,0,Sunday,0,2025-01-19,Sunday,0,13
23,14.177988712876122,3.7481329469136977,0,Sunday,0,2025-01-19,Sunday,0,13
18,12.588999358538569,16.714636511330948,0,Sunday,0,2025-01-19,Sunday,0,13
16,25.71655165221677,3.9034756056233864,0,Sunday,0,2025-01-26,Sunday,0,19
23,14.109128730715327,19.021704549021997,0,Sunday,0,2025-01-26,Sunday,0,19
17,14.732956428959014,49.40647119464298,0,Sunday,0,2025-01-26,Sunday,0,19
14,15.166206731533276,10.661458979066614,0,Sunday,0,2025-01-26,Sunday,0,19
21,12.917173577802835,4.25182187425863,0,Sunday,0,2025-01-26,Sunday,0,19
0,14.888351170277641,38.89015598763002,0,Sunday,0,2025-01-26,Sunday,0,19
16,21.245790119783535,10.14140915695488,0,Sunday,0,2025-01-26,Sunday,0,19
14,18.732141336910775,17.01882592163611,0,Sunday,0,2025-01-26,Sunday,0,19
11,16.670793390039773,15.76313149530912,0,Sunday,0,2025-01-26,Sunday,0,19
23,15.247778139087597,10.59411378149433,0,Sunday,0,2025-01-26,Sunday,0,19
23,13.061171581315069,6.7305822625315335,0,Sunday,0,2025-01-26,Sunday,0,19
16,19.80031320556713,10.204664054985829,0,Sunday,0,2025-01-26,Sunday,0,19
20,11.5395406560245,16.95222092550108,0,Sunday,0,2025-01-26,Sunday,0,19
20,20.472604193413513,7.7453887433565285,0,Sunday,0,2025-01-26,Sunday,0,19
9,7.308907917328404,26.898226658565907,0,Sunday,0,2025-01-26,Sunday,0,19
16,16.68828913691014,17.038950509058026,0,Sunday,0,2025-01-26,Sunday,0,19
9,10.93554959590001,5.52162533705261,0,Sunday,0,2025-01-26,Sunday,0,19
22,12.934018023757194,7.77712492615839,0,Sunday,0,2025-01-26,Sunday,0,19
0,12.847796218109625,6.651828023839678,0,Sunday,0,2025-01-26,Sunday,0,19
20,10.632343943629909,16.31737488429556,0,Sunday,0,2025-02-02,Sunday,0,16
0,13.889215804975006,9.608210566608427,0,Sunday,0,2025-02-02,Sunday,0,16
10,4.510757622473376,7.052542414089297,0,Sunday,0,2025-02-02,Sunday,0,16
15,22.233987811698604,7.32821092585609,0,Sunday,0,2025-02-02,Sunday,0,16
17,9.848536788088861,7.312935284825297,0,Sunday,0,2025-02-02,Sunday,0,16
17,18.063674506363604,9.295206999097886,0,Sunday,0,2025-02-02,Sunday,0,16
21,4.221471217314068,13.494025287128919,0,Sunday,0,2025-02-02,Sunday,0,16
19,18.9169343588972,3.1166791126844995,0,Sunday,0,2025-02-02,Sunday,0,16
15,2.1561317039084194,6.920543921282894,0,Sunday,0,2025-02-02,Sunday,0,16
20,11.138880575981776,17.981612524722767,0,Sunday,0,2025-02-02,Sunday,0,16
17,13.190140751822153,6.024722352498597,0,Sunday,0,2025-02-02,Sunday,0,16
18,4.966918499722153,4.770786328746604,0,Sunday,0,2025-02-02,Sunday,0,16
18,3.6423491170176185,5.101717430988138,0,Sunday,0,2025-02-02,Sunday,0,16
13,2.973172685555091,4.6800821853629175,0,Sunday,0,2025-02-02,Sunday,0,16
17,11.393103214868383,47.89067019173239,0,Sunday,0,2025-02-02,Sunday,0,16
22,12.233930210506415,2.555667859454485,0,Sunday,0,2025-02-02,Sunday,0,16
21,27.937031651288283,10.965598375316,0,Sunday,0,2025-02-09,Sunday,0,21
21,6.6469343638708205,2.079020552884391,0,Sunday,0,2025-02-09,Sunday,0,21
20,3.2261192008310493,15.735179560912695,0,Sunday,0,2025-02-09,Sunday,0,21
18,3.0136628700930403,2.229046714415848,0,Sunday,0,2025-02-09,Sunday,0,21
21,9.403065291851,4.533754158275271,0,Sunday,0,2025-02-09,Sunday,0,21
20,9.644140538770856,8.418365362263287,0,Sunday,0,2025-02-09,Sunday,0,21
17,20.08959377462278,11.029846335760078,0,Sunday,0,2025-02-09,Sunday,0,21
23,10.119117074825112,17.699268192074115,0,Sunday,0,2025-02-09,Sunday,0,21
19,2.6826647262989844,12.813743216993997,0,Sunday,0,2025-02-09,Sunday,0,21
8,9.089547504985166,15.187568193628186,0,Sunday,0,2025-02-09,Sunday,0,21
16,17.5780985340472,11.883228295342695,0,Sunday,0,2025-02-09,Sunday,0,21
21,9.180098446953611,10.8426571003331,0,Sunday,0,2025-02-09,Sunday,0,21
6,3.5957194895915463,4.7228561102173146,0,Sunday,0,2025-02-09,Sunday,0,21
13,29.45294404044381,3.224658942213188,0,Sunday,0,2025-02-09,Sunday,0,21
13,3.055697757628684,7.2349320008892555,0,Sunday,0,2025-02-09,Sunday,0,21
15,19.019674431999473,9.526974943725293,0,Sunday,0,2025-02-09,Sunday,0,21
9,7.54157588117042,18.277263395510083,0,Sunday,0,2025-02-09,Sunday,0,21
19,10.64356764328354,4.484336042807278,0,Sunday,0,2025-02-09,Sunday,0,21
18,12.899186429525052,3.8768321899901848,0,Sunday,0,2025-02-09,Sunday,0,21
12,4.23742797978235,9.758734107751254,0,Sunday,0,2025-02-09,Sunday,0,21
19,10.601447046526037,10.928212776121827,0,Sunday,0,2025-02-09,Sunday,0,21
15,23.31780124929509,20.78887050977716,0,Sunday,0,2025-02-16,Sunday,0,26
23,12.50695828570203,31.766417083122132,0,Sunday,0,2025-02-16,Sunday,0,26
8,19.224837405457627,13.82006009091097,0,Sunday,0,2025-02-16,Sunday,0,26
20,12.919672134870165,4.2579413121749745,0,Sunday,0,2025-02-16,Sunday,0,26
19,10.59112750565091,13.024581419716815,0,Sunday,0,2025-02-16,Sunday,0,26
19,11.220207847038111,10.606884703511515,0,Sunday,0,2025-02-16,Sunday,0,26
15,28.32498494570133,6.443218755716686,0,Sunday,0,2025-02-16,Sunday,0,26
9,9.151026827333709,9.192171813592896,0,Sunday,0,2025-02-16,Sunday,0,26
8,9.60320986882282,12.734657318616847,0,Sunday,0,2025-02-16,Sunday,0,26
18,7.060862342688808,16.744262118607843,0,Sunday,0,2025-02-16,Sunday,0,26
22,16.33335756732915,24.259881169071082,0,Sunday,0,2025-02-16,Sunday,0,26
15,3.0986015781914835,0.9635340888490287,0,Sunday,0,2025-02-16,Sunday,0,26
16,15.646567203401858,11.171544671273525,0,Sunday,0,2025-02-16,Sunday,0,26
23,7.649302806608943,21.420651794585478,0,Sunday,0,2025-02-16,Sunday,0,26
0,7.961632838901339,17.267427106146144,0,Sunday,0,2025-02-16,Sunday,0,26
12,8.744055681253688,10.225696498089494,0,Sunday,0,2025-02-16,Sunday,0,26
13,3.8391463604202967,3.139881496959468,0,Sunday,0,2025-02-16,Sunday,0,26
18,14.352644555675866,10.870756144622645,0,Sunday,0,2025-02-16,Sunday,0,26
13,4.460695413259279,2.0208605616084956,0,Sunday,0,2025-02-16,Sunday,0,26
15,46.52661672152381,3.38165527205142,0,Sunday,0,2025-02-16,Sunday,0,26
10,6.7377863430394145,10.631528811694952,0,Sunday,0,2025-02-16,Sunday,0,26
10,7.944685587034781,2.4509275712865106,0,Sunday,0,2025-02-16,Sunday,0,26
14,10.571046986287179,3.9874163325499445,0,Sunday,0,2025-02-16,Sunday,0,26
14,9.12845211265829,14.031510709129861,0,Sunday,0,2025-02-16,Sunday,0,26
17,12.819754132699419,21.46137387489165,0,Sunday,0,2025-02-16,Sunday,0,26
6,4.058766505995431,17.165864660232227,0,Sunday,0,2025-02-16,Sunday,0,26
7,8.36916642774624,3.6573142526000906,0,Sunday,0,2025-02-23,Sunday,0,16
11,3.160124893185788,11.842630014599253,0,Sunday,0,2025-02-23,Sunday,0,16
12,13.148412961299655,19.176719120307446,0,Sunday,0,2025-02-23,Sunday,0,16
12,15.275721836184072,39.774625634504126,0,Sunday,0,2025-02-23,Sunday,0,16
20,10.89738477705702,9.242023883852637,0,Sunday,0,2025-02-23,Sunday,0,16
17,11.74357902627521,16.441833915570403,0,Sunday,0,2025-02-23,Sunday,0,16
19,11.183911839698077,6.032065856421382,0,Sunday,0,2025-02-23,Sunday,0,16
15,2.460662872684,7.617445478137509,0,Sunday,0,2025-02-23,Sunday,0,16
21,17.5811200498697,7.8881547312622295,0,Sunday,0,2025-02-23,Sunday,0,16
16,14.335640423737395,4.598909214271311,0,Sunday,0,2025-02-23,Sunday,0,16
20,11.487282621068008,1.3150427251564436,0,Sunday,0,2025-02-23,Sunday,0,16
18,3.9596025447650067,7.010379752663544,0,Sunday,0,2025-02-23,Sunday,0,16
13,8.633589814396224,7.279270138156025,0,Sunday,0,2025-02-23,Sunday,0,16
9,5.8546318748546025,16.990657280469645,0,Sunday,0,2025-02-23,Sunday,0,16
16,2.0024102583330436,5.106325701771604,0,Sunday,0,2025-02-23,Sunday,0,16
19,4.798548778324854,19.527057763044382,0,Sunday,0,2025-02-23,Sunday,0,16
15,19.421598395895824,5.306577140379052,0,Sunday,0,2025-03-02,Sunday,0,21
20,12.238603199066851,11.629481078312073,0,Sunday,0,2025-03-02,Sunday,0,21
3,17.507371809480464,33.21511566444523,0,Sunday,0,2025-03-02,Sunday,0,21
19,13.714630312015675,11.751874956708692,0,Sunday,0,2025-03-02,Sunday,0,21
17,2.6960953944135957,14.1322010512496,0,Sunday,0,2025-03-02,Sunday,0,21
19,13.79531402152837,12.558543417438568,0,Sunday,0,2025-03-02,Sunday,0,21
19,2.1674445589243545,6.809869762999687,0,Sunday,0,2025-03-02,Sunday,0,21
6,7.236408796503475,17.860246310278363,0,Sunday,0,2025-03-02,Sunday,0,21
17,19.88229643966062,7.684949622824794,0,Sunday,0,2025-03-02,Sunday,0,21
19,5.891375969220743,4.810491601254195,0,Sunday,0,2025-03-02,Sunday,0,21
18,26.93641768369184,28.399812996087036,0,Sunday,0,2025-03-02,Sunday,0,21
17,13.273097596029633,10.911349780658522,0,Sunday,0,2025-03-02,Sunday,0,21
11,2.3643027460673864,10.57354248733759,0,Sunday,0,2025-03-02,Sunday,0,21
21,12.438151546176986,5.247419604962048,0,Sunday,0,2025-03-02,Sunday,0,21
19,10.102611025549844,14.727031883382908,0,Sunday,0,2025-03-02,Sunday,0,21
19,14.553371386967257,24.911186601823164,0,Sunday,0,2025-03-02,Sunday,0,21
20,10.804437730414598,5.107549320521679,0,Sunday,0,2025-03-02,Sunday,0,21
22,6.366365238497715,5.736551028204316,0,Sunday,0,2025-03-02,Sunday,0,21
23,6.351212763561015,9.455781013248197,0,Sunday,0,2025-03-02,Sunday,0,21
21,31.36503000055889,3.021784144841275,0,Sunday,0,2025-03-02,Sunday,0,21
21,3.455960017484855,9.078263015443293,0,Sunday,0,2025-03-02,Sunday,0,21
22,9.91050708503548,9.755475762043204,0,Sunday,0,2025-03-09,Sunday,0,12
20,11.462470038445616,12.766510889589545,0,Sunday,0,2025-03-09,Sunday,0,12
16,12.643460439743155,35.724441684649385,0,Sunday,0,2025-03-09,Sunday,0,12
11,8.601170768654708,5.694974935924539,0,Sunday,0,2025-03-09,Sunday,0,12
20,15.054285721271548,5.818936968967016,0,Sunday,0,2025-03-09,Sunday,0,12
15,19.198921012887286,3.2440215346927577,0,Sunday,0,2025-03-09,Sunday,0,12
16,19.317399488340477,18.858536343550846,0,Sunday,0,2025-03-09,Sunday,0,12
15,15.474923205546006,7.989655270906062,0,Sunday,0,2025-03-09,Sunday,0,12
17,14.360117838028774,15.045831898656424,0,Sunday,0,2025-03-09,Sunday,0,12
15,16.671931942504823,6.753140036284514,0,Sunday,0,2025-03-09,Sunday,0,12
18,6.934598739373505,17.759357054488742,0,Sunday,0,2025-03-09,Sunday,0,12
19,11.605316512122233,9.370691095064663,0,Sunday,0,2025-03-09,Sunday,0,12
21,15.575125092279105,19.483562043772746,0,Sunday,0,2025-03-16,Sunday,0,23
21,13.61161098106891,5.602964215640673,0,Sunday,0,2025-03-16,Sunday,0,23
8,14.148342793891498,22.975612840202444,0,Sunday,0,2025-03-16,Sunday,0,23
22,8.21795047557125,8.553547283553941,0,Sunday,0,2025-03-16,Sunday,0,23
13,18.979601364977782,4.81329102202967,0,Sunday,0,2025-03-16,Sunday,0,23
2,11.359707887514581,8.124601927236688,0,Sunday,0,2025-03-16,Sunday,0,23
12,4.749700116741113,2.835450681819152,0,Sunday,0,2025-03-16,Sunday,0,23
23,8.649236874171677,5.991591845214432,0,Sunday,0,2025-03-16,Sunday,0,23
21,31.167849129679688,1.1618503746190254,0,Sunday,0,2025-03-16,Sunday,0,23
20,2.3605667225486973,6.300837217224586,0,Sunday,0,2025-03-16,Sunday,0,23
17,17.2666441169277,10.243387469066636,0,Sunday,0,2025-03-16,Sunday,0,23
14,18.35655513447629,3.681083000335345,0,Sunday,0,2025-03-16,Sunday,0,23
17,16.977430572000664,4.449186625682936,0,Sunday,0,2025-03-16,Sunday,0,23
9,2.97270449193751,3.9652957308051375,0,Sunday,0,2025-03-16,Sunday,0,23
14,5.414852704998607,6.60691208448686,0,Sunday,0,2025-03-16,Sunday,0,23
19,12.7886604916254,16.527602900884215,0,Sunday,0,2025-03-16,Sunday,0,23
17,2.276321938846316,3.1357865617389473,0,Sunday,0,2025-03-16,Sunday,0,23
19,17.626743775932752,7.405699133856051,0,Sunday,0,2025-03-16,Sunday,0,23
20,14.291547189317097,14.344919462155959,0,Sunday,0,2025-03-16,Sunday,0,23
18,14.817780170083584,13.347605960367375,0,Sunday,0,2025-03-16,Sunday,0,23
4,6.154068886657346,18.156094502759853,0,Sunday,0,2025-03-16,Sunday,0,23
11,23.82669977332418,5.867397042211678,0,Sunday,0,2025-03-16,Sunday,0,23
0,7.767566643291086,5.609135244266646,0,Sunday,0,2025-03-16,Sunday,0,23
19,12.933159234223261,4.438479919149,0,Sunday,0,2025-12-28,Sunday,0,22
6,7.846960631994727,9.000153535069385,0,Sunday,0,2025-12-28,Sunday,0,22
22,11.989720953715295,14.589568444484222,0,Sunday,0,2025-12-28,Sunday,0,22
19,20.177922414596047,15.291948363867505,0,Sunday,0,2025-12-28,Sunday,0,22
5,19.13119283197159,4.76924910720699,0,Sunday,0,2025-12-28,Sunday,0,22
23,7.300423982882828,14.03396576417437,0,Sunday,0,2025-12-28,Sunday,0,22
16,15.328180542487136,10.056600872486106,0,Sunday,0,2025-12-28,Sunday,0,22
13,2.02520361665184,10.531811986813498,0,Sunday,0,2025-12-28,Sunday,0,22
22,10.276239866715006,5.146702352564342,0,Sunday,0,2025-12-28,Sunday,0,22
16,10.97255676055277,6.361364890976834,0,Sunday,0,2025-12-28,Sunday,0,22
15,21.93196461517504,6.048655444126169,0,Sunday,0,2025-12-28,Sunday,0,22
0,3.7898331437200405,19.19725120050328,0,Sunday,0,2025-12-28,Sunday,0,22
14,11.614090866766567,13.48296716280553,0,Sunday,0,2025-12-28,Sunday,0,22
3,14.359950529979216,10.087892797342697,0,Sunday,0,2025-12-28,Sunday,0,22
14,6.396141038467678,1.5423351676163213,0,Sunday,0,2025-12-28,Sunday,0,22
15,10.676216122343892,19.649969687110858,0,Sunday,0,2025-12-28,Sunday,0,22
3,15.577944476972934,2.249518774329087,0,Sunday,0,2025-12-28,Sunday,0,22
16,13.637754806949491,21.923650546703946,0,Sunday,0,2025-12-28,Sunday,0,22
16,2.222866970891763,1.8201401543677322,0,Sunday,0,2025-12-28,Sunday,0,22
13,53.279195549860496,6.856086867060938,0,Sunday,0,2025-12-28,Sunday,0,22
19,30.19470749963617,4.117732582145836,0,Sunday,0,2025-12-28,Sunday,0,22
16,18.64022101813598,11.779720782645526,0,Sunday,0,2025-12-28,Sunday,0,22
10,33.347166937652844,14.704418858547937,1,Friday,0,2025-03-21,Friday,1,16
21,16.90747778802424,47.53410109622985,1,Friday,0,2025-03-21,Friday,1,16
8,5.428512236083828,7.350462304565807,1,Friday,0,2025-03-21,Friday,1,16
19,9.837816193364603,13.518199347166675,1,Friday,0,2025-03-21,Friday,1,16
21,8.501616806127313,12.123502872253349,1,Friday,0,2025-03-21,Friday,1,16
9,4.700051718149169,33.4746081055329,1,Friday,0,2025-03-21,Friday,1,16
20,11.909495339181976,13.880735821982542,1,Friday,0,2025-03-21,Friday,1,16
23,9.98316831793188,8.102295440477919,1,Friday,0,2025-03-21,Friday,1,16
14,12.963618819520974,8.838418204098147,1,Friday,0,2025-03-21,Friday,1,16
20,9.883845496727222,16.464857328484225,1,Friday,0,2025-03-21,Friday,1,16
23,96.13818641416752,6.0543679930989756,1,Friday,0,2025-03-21,Friday,1,16
12,3.685485199802044,5.299223551413498,1,Friday,0,2025-03-21,Friday,1,16
19,9.355690514095954,16.22812526270179,1,Friday,0,2025-03-21,Friday,1,16
23,10.616405333055475,8.845108546906841,1,Friday,0,2025-03-21,Friday,1,16
7,2.4786339291241846,21.876340770876755,1,Friday,0,2025-03-21,Friday,1,16
17,4.091889448598362,3.0014603667660724,1,Friday,0,2025-03-21,Friday,1,16
16,2.0367672624506605,4.088260109202313,1,Friday,0,2025-03-28,Friday,1,13
0,2.8624778268032625,5.333038568365434,1,Friday,0,2025-03-28,Friday,1,13
19,8.67936003881065,0.6729504533832833,1,Friday,0,2025-03-28,Friday,1,13
18,28.895629091860034,9.938397417840598,1,Friday,0,2025-03-28,Friday,1,13
13,16.39669923706865,39.08363448319823,1,Friday,0,2025-03-28,Friday,1,13
8,8.60885760860592,10.187429736938975,1,Friday,0,2025-03-28,Friday,1,13
23,4.247882552402039,0.5099998807907105,1,Friday,0,2025-03-28,Friday,1,13
20,17.620447345060665,23.730516571920234,1,Friday,0,2025-03-28,Friday,1,13
23,8.433906792334561,7.24611607744425,1,Friday,0,2025-03-28,Friday,1,13
8,5.105033553438679,7.152654745928942,1,Friday,0,2025-03-28,Friday,1,13
22,12.86766257273949,5.218824081007271,1,Friday,0,2025-03-28,Friday,1,13
20,15.249329803179368,11.219029639099086,1,Friday,0,2025-03-28,Friday,1,13
14,27.857976441389834,13.450711712881201,1,Friday,0,2025-03-28,Friday,1,13
22,3.76730927016958,4.64750081244776,1,Friday,0,2025-04-04,Friday,1,9
20,16.8325240583134,15.83725467533533,1,Friday,0,2025-04-04,Friday,1,9
15,2.060142522609039,10.730963901369615,1,Friday,0,2025-04-04,Friday,1,9
17,21.4478243026802,6.068142260682009,1,Friday,0,2025-04-04,Friday,1,9
22,15.60074298546511,6.33202613147674,1,Friday,0,2025-04-04,Friday,1,9
8,7.34221653305115,24.16956825692026,1,Friday,0,2025-04-04,Friday,1,9
6,23.7366676544975,9.046256601479145,1,Friday,0,2025-04-04,Friday,1,9
19,74.6269051181316,23.311146541397484,1,Friday,0,2025-04-04,Friday,1,9
19,11.625660796687885,6.166893490258908,1,Friday,0,2025-04-04,Friday,1,9
22,15.381947176279823,14.109892390191039,1,Friday,0,2025-04-11,Friday,1,15
17,23.416880776232073,32.9823001445031,1,Friday,0,2025-04-11,Friday,1,15
0,9.852023998191239,6.898916245211826,1,Friday,0,2025-04-11,Friday,1,15
18,9.570048407973974,13.03916851914856,1,Friday,0,2025-04-11,Friday,1,15
13,14.565712412556888,12.074034392777392,1,Friday,0,2025-04-11,Friday,1,15
12,14.420247947919265,5.812826740341891,1,Friday,0,2025-04-11,Friday,1,15
23,8.049109160530335,66.52945446572689,1,Friday,0,2025-04-11,Friday,1,15
17,26.26745904847133,18.15539405578832,1,Friday,0,2025-04-11,Friday,1,15
19,19.752993376691254,6.082281795977239,1,Friday,0,2025-04-11,Friday,1,15
17,22.672146884736886,16.870202053548585,1,Friday,0,2025-04-11,Friday,1,15
17,5.5764464442136426,6.159510391252351,1,Friday,0,2025-04-11,Friday,1,15
19,14.995418709075473,6.656253963870767,1,Friday,0,2025-04-11,Friday,1,15
19,17.314135409114247,41.49811182810793,1,Friday,0,2025-04-11,Friday,1,15
16,9.145391669336085,14.5902897059835,1,Friday,0,2025-04-11,Friday,1,15
17,32.95740572261403,11.142264354855197,1,Friday,0,2025-04-11,Friday,1,15
14,13.3217579865251,9.803652466279908,1,Friday,0,2025-04-18,Friday,1,15
19,18.63894721576345,35.33946940324169,1,Friday,0,2025-04-18,Friday,1,15
22,4.61765496172739,12.232357153513073,1,Friday,0,2025-04-18,Friday,1,15
13,2.737574880784614,5.038146046556057,1,Friday,0,2025-04-18,Friday,1,15
19,28.779625115646404,25.440307557056734,1,Friday,0,2025-04-18,Friday,1,15
18,10.99190758771402,6.134172000062674,1,Friday,0,2025-04-18,Friday,1,15
20,17.6033464284536,16.767682336672205,1,Friday,0,2025-04-18,Friday,1,15
10,12.810301819377337,37.504932674322255,1,Friday,0,2025-04-18,Friday,1,15
11,10.387878286284138,2.206303501403594,1,Friday,0,2025-04-18,Friday,1,15
17,2.4754729770143036,6.172570190253145,1,Friday,0,2025-04-18,Friday,1,15
17,7.317607934455607,6.343291098466504,1,Friday,0,2025-04-18,Friday,1,15
6,3.1904977298280084,10.796642703128418,1,Friday,0,2025-04-18,Friday,1,15
10,2.036426119541241,6.4613889989543685,1,Friday,0,2025-04-18,Friday,1,15
22,10.468606687586586,7.762859126507709,1,Friday,0,2025-04-18,Friday,1,15
13,5.868918055203969,7.09314178197192,1,Friday,0,2025-04-18,Friday,1,15
14,5.768532398965254,9.229850120119602,1,Friday,0,2025-04-25,Friday,1,16
6,3.2447368216327694,12.560532678932091,1,Friday,0,2025-04-25,Friday,1,16
18,16.34199979180294,26.635729966070496,1,Friday,0,2025-04-25,Friday,1,16
18,7.454728537808832,28.217656281004423,1,Friday,0,2025-04-25,Friday,1,16
12,8.956778633493858,53.73773347772461,1,Friday,0,2025-04-25,Friday,1,16
15,50.516209507504435,6.206351577358445,1,Friday,0,2025-04-25,Friday,1,16
17,3.3902351822579053,19.932162078600676,1,Friday,0,2025-04-25,Friday,1,16
20,12.767597978713319,15.238980397125829,1,Friday,0,2025-04-25,Friday,1,16
12,5.540660682113222,30.82957398726997,1,Friday,0,2025-04-25,Friday,1,16
10,2.165070525921975,24.05634940012555,1,Friday,0,2025-04-25,Friday,1,16
15,4.785082787866871,36.13091542428095,1,Friday,0,2025-04-25,Friday,1,16
12,2.5903259116608295,2.9197350300513447,1,Friday,0,2025-04-25,Friday,1,16
21,3.2780270497927084,3.9464860789265597,1,Friday,0,2025-04-25,Friday,1,16
21,5.354191272480044,15.009696612693235,1,Friday,0,2025-04-25,Friday,1,16
21,11.591889090186452,49.724269439157226,1,Friday,0,2025-04-25,Friday,1,16
20,16.903662372060307,24.097650375795343,1,Friday,0,2025-04-25,Friday,1,16
20,5.269410856051625,1.5978225117100142,1,Friday,0,2025-05-02,Friday,1,19
20,15.456975466814022,9.68862497997868,1,Friday,0,2025-05-02,Friday,1,19
17,17.247022374657888,47.274024885753356,1,Friday,0,2025-05-02,Friday,1,19
23,8.472849004233048,10.948961824607876,1,Friday,0,2025-05-02,Friday,1,19
21,24.117595866058753,48.516832298532336,1,Friday,0,2025-05-02,Friday,1,19
18,46.895483277077666,3.9523599599300248,1,Friday,0,2025-05-02,Friday,1,19
13,5.505759616618544,4.341959780619775,1,Friday,0,2025-05-02,Friday,1,19
18,9.593330716286218,13.53599602764363,1,Friday,0,2025-05-02,Friday,1,19
21,14.295793582578288,10.876942737621915,1,Friday,0,2025-05-02,Friday,1,19
17,38.195291226114485,20.100255277992954,1,Friday,0,2025-05-02,Friday,1,19
13,7.5242537293945,6.8396061527,1,Friday,0,2025-05-02,Friday,1,19
15,5.030849843312248,38.907368741090195,1,Friday,0,2025-05-02,Friday,1,19
13,15.65327581422046,23.012820797868343,1,Friday,0,2025-05-02,Friday,1,19
11,10.253700917292726,7.597020786168767,1,Friday,0,2025-05-02,Friday,1,19
13,23.205912774137893,16.866342432296584,1,Friday,0,2025-05-02,Friday,1,19
14,27.092590321527613,0.6811281652592485,1,Friday,0,2025-05-02,Friday,1,19
10,3.3619714429752614,22.982700599001216,1,Friday,0,2025-05-02,Friday,1,19
22,15.933219672729596,15.096979262800913,1,Friday,0,2025-05-02,Friday,1,19
19,16.82942866094654,11.3856887787218,1,Friday,0,2025-05-02,Friday,1,19
14,15.390448516045737,7.6399526281008105,1,Friday,0,2025-05-09,Friday,1,18
18,18.226577426011783,2.463182463150832,1,Friday,0,2025-05-09,Friday,1,18
14,7.4879851713307,11.432066781310851,1,Friday,0,2025-05-09,Friday,1,18
21,16.26639230771598,9.287449192341223,1,Friday,0,2025-05-09,Friday,1,18
7,14.13272414456232,24.67533512778387,1,Friday,0,2025-05-09,Friday,1,18
19,12.052092941698021,23.962719056980138,1,Friday,0,2025-05-09,Friday,1,18
20,15.387371080596338,6.402914310070037,1,Friday,0,2025-05-09,Friday,1,18
16,19.445017728320206,12.704843629598995,1,Friday,0,2025-05-09,Friday,1,18
17,21.00797710291257,6.300266276918015,1,Friday,0,2025-05-09,Friday,1,18
14,5.768085176054995,9.73630601640675,1,Friday,0,2025-05-09,Friday,1,18
18,14.132117462341476,10.66922327074437,1,Friday,0,2025-05-09,Friday,1,18
17,18.538232778272125,11.76127824070845,1,Friday,0,2025-05-09,Friday,1,18
18,7.876711476413666,11.711535814128297,1,Friday,0,2025-05-09,Friday,1,18
20,13.689131174220247,27.358475577015273,1,Friday,0,2025-05-09,Friday,1,18
14,25.089808046732262,6.789798045705283,1,Friday,0,2025-05-09,Friday,1,18
12,3.2292007386761803,4.564236035851525,1,Friday,0,2025-05-09,Friday,1,18
17,7.323174182482166,3.182499079503134,1,Friday,0,2025-05-09,Friday,1,18
13,5.624292743168253,14.92529233691474,1,Friday,0,2025-05-09,Friday,1,18
19,17.884450838867508,13.300131860245218,1,Friday,0,2025-05-16,Friday,1,15
19,12.935260602737777,18.674372365859643,1,Friday,0,2025-05-16,Friday,1,15
18,9.841561967859537,19.081958765587522,1,Friday,0,2025-05-16,Friday,1,15
17,11.119974578116715,9.24302014986513,1,Friday,0,2025-05-16,Friday,1,15
21,13.494830619624135,27.63784710474822,1,Friday,0,2025-05-16,Friday,1,15
20,16.43166927197582,28.68979446575514,1,Friday,0,2025-05-16,Friday,1,15
10,3.2644907364912266,4.789402723313994,1,Friday,0,2025-05-16,Friday,1,15
21,3.3428029782169326,1.4941006879417105,1,Friday,0,2025-05-16,Friday,1,15
20,27.393676494775352,3.238562025207772,1,Friday,0,2025-05-16,Friday,1,15
21,11.996451681974595,17.95946993930489,1,Friday,0,2025-05-16,Friday,1,15
4,22.054091369601906,5.624937148904599,1,Friday,0,2025-05-16,Friday,1,15
17,9.045816949933425,17.09452621878632,1,Friday,0,2025-05-16,Friday,1,15
21,6.894940879006423,10.109562830028473,1,Friday,0,2025-05-16,Friday,1,15
23,15.520823352034018,17.461353670576706,1,Friday,0,2025-05-16,Friday,1,15
22,16.38720841024612,22.26058502856403,1,Friday,0,2025-05-16,Friday,1,15
21,23.81280768333876,6.622543008132466,1,Friday,0,2025-05-23,Friday,1,9
17,16.161173940277234,65.5286998400023,1,Friday,0,2025-05-23,Friday,1,9
19,28.802681803553416,2.293944345018753,1,Friday,0,2025-05-23,Friday,1,9
20,39.32981965852585,4.604804377499521,1,Friday,0,2025-05-23,Friday,1,9
21,9.345788980724258,51.14231474193957,1,Friday,0,2025-05-23,Friday,1,9
20,11.641992426522513,7.913606757211085,1,Friday,0,2025-05-23,Friday,1,9
15,3.365830499274736,2.870790981028625,1,Friday,0,2025-05-23,Friday,1,9
18,19.011835708554802,28.674345092576385,1,Friday,0,2025-05-23,Friday,1,9
10,2.0198620539011514,5.591755822783399,1,Friday,0,2025-05-23,Friday,1,9
19,82.40194108288735,2.532980514401607,1,Friday,0,2025-05-30,Friday,1,13
23,11.28202898924701,8.35643520817817,1,Friday,0,2025-05-30,Friday,1,13
16,14.578649127911266,1.7850664638739548,1,Friday,0,2025-05-30,Friday,1,13
21,17.60036933191529,15.661611540689458,1,Friday,0,2025-05-30,Friday,1,13
12,7.357551212197863,12.490893474957934,1,Friday,0,2025-05-30,Friday,1,13
15,17.85381215802288,21.719891786860018,1,Friday,0,2025-05-30,Friday,1,13
12,2.179756658219544,5.23819212384321,1,Friday,0,2025-05-30,Friday,1,13
22,7.543905505176814,9.793707029608555,1,Friday,0,2025-05-30,Friday,1,13
20,17.113009528791515,5.6347744407477345,1,Friday,0,2025-05-30,Friday,1,13
23,9.530901765609768,17.4311454561174,1,Friday,0,2025-05-30,Friday,1,13
13,2.0131903372643887,10.751132645419988,1,Friday,0,2025-05-30,Friday,1,13
13,59.43236711179876,6.451861655547243,1,Friday,0,2025-05-30,Friday,1,13
16,28.695240424781012,1.8846273314566144,1,Friday,0,2025-05-30,Friday,1,13
17,16.55681886263786,8.08707861807171,1,Friday,0,2025-06-06,Friday,1,8
11,20.666080259814553,48.083357654919475,1,Friday,0,2025-06-06,Friday,1,8
20,16.296208190773772,29.931638819103625,1,Friday,0,2025-06-06,Friday,1,8
12,55.02054057911849,1.5775421260490934,1,Friday,0,2025-06-06,Friday,1,8
19,12.971659280805856,2.1232457302484544,1,Friday,0,2025-06-06,Friday,1,8
12,28.00401438595536,10.306322852541163,1,Friday,0,2025-06-06,Friday,1,8
13,11.843935623926129,2.650816594166259,1,Friday,0,2025-06-06,Friday,1,8
18,2.804150987441744,21.08115939450132,1,Friday,0,2025-06-06,Friday,1,8
21,27.26665105326683,15.677708795876855,1,Friday,0,2025-06-13,Friday,1,11
18,4.051445281978271,9.03071645567569,1,Friday,0,2025-06-13,Friday,1,11
16,19.86602916439361,36.871803964766634,1,Friday,0,2025-06-13,Friday,1,11
23,5.999286240386498,5.981237273059984,1,Friday,0,2025-06-13,Friday,1,11
23,4.085794376791524,14.638795422533288,1,Friday,0,2025-06-13,Friday,1,11
3,7.712466795046089,17.314459931570674,1,Friday,0,2025-06-13,Friday,1,11
18,3.2493482280463986,20.4421506085049,1,Friday,0,2025-06-13,Friday,1,11
12,9.831156333880244,4.922932270215559,1,Friday,0,2025-06-13,Friday,1,11
17,13.705913078647814,10.777542575190324,1,Friday,0,2025-06-13,Friday,1,11
21,17.79562929876515,3.4461866436570574,1,Friday,0,2025-06-13,Friday,1,11
13,2.765352416062584,6.941418343624482,1,Friday,0,2025-06-13,Friday,1,11
17,15.841565523540222,2.3522254526124238,1,Friday,0,2025-06-20,Friday,1,11
17,17.35416743411561,2.698330235217801,1,Friday,0,2025-06-20,Friday,1,11
13,6.868680419592685,9.538794080414013,1,Friday,0,2025-06-20,Friday,1,11
19,26.376876546694486,12.760378766631671,1,Friday,0,2025-06-20,Friday,1,11
16,15.52749866214965,3.73338559194465,1,Friday,0,2025-06-20,Friday,1,11
22,4.803217579965576,8.651492032427829,1,Friday,0,2025-06-20,Friday,1,11
21,13.946716462126847,12.185291815474208,1,Friday,0,2025-06-20,Friday,1,11
20,2.0304435795236855,13.92309671326332,1,Friday,0,2025-06-20,Friday,1,11
18,17.772059643408348,4.4512923770799295,1,Friday,0,2025-06-20,Friday,1,11
17,2.8522518116614575,6.184980083147887,1,Friday,0,2025-06-20,Friday,1,11
20,19.90511893907778,17.48600333261391,1,Friday,0,2025-06-20,Friday,1,11
18,3.444586366897597,52.43525987144328,1,Saturday,0,2025-03-22,Saturday,1,13
10,2.993847582579093,15.900631763125329,1,Saturday,0,2025-03-22,Saturday,1,13
17,17.927622466716656,61.75159076989235,1,Saturday,0,2025-03-22,Saturday,1,13
20,16.115688352434123,12.454164217632952,1,Saturday,0,2025-03-22,Saturday,1,13
14,4.348747086093179,9.694334444556844,1,Saturday,0,2025-03-22,Saturday,1,13
20,11.740776519135352,19.977602561665414,1,Saturday,0,2025-03-22,Saturday,1,13
13,3.540494914503646,12.942117513754727,1,Saturday,0,2025-03-22,Saturday,1,13
9,7.632772379826886,13.212227332616315,1,Saturday,0,2025-03-22,Saturday,1,13
11,5.599482994708807,2.5983999832613556,1,Saturday,0,2025-03-22,Saturday,1,13
9,30.263100078984444,11.848992419881665,1,Saturday,0,2025-03-22,Saturday,1,13
19,18.759334099361503,6.084563095628677,1,Saturday,0,2025-03-22,Saturday,1,13
18,9.065558059411778,9.24127057336621,1,Saturday,0,2025-03-22,Saturday,1,13
18,6.381899055577027,13.313740959734869,1,Saturday,0,2025-03-22,Saturday,1,13
22,14.963951778027056,2.6664776483582395,1,Saturday,0,2025-03-29,Saturday,1,14
15,11.888168622529168,2.62128653969443,1,Saturday,0,2025-03-29,Saturday,1,14
14,37.627931078358536,8.11776860267661,1,Saturday,0,2025-03-29,Saturday,1,14
11,3.0196009302588784,4.820652306876462,1,Saturday,0,2025-03-29,Saturday,1,14
16,47.26487567925217,9.839214364196616,1,Saturday,0,2025-03-29,Saturday,1,14
22,16.49427971059712,14.174229099337627,1,Saturday,0,2025-03-29,Saturday,1,14
16,2.683470895506185,2.77200847075315,1,Saturday,0,2025-03-29,Saturday,1,14
21,7.1318940416328145,4.874544946033724,1,Saturday,0,2025-03-29,Saturday,1,14
13,12.256699587850107,7.515006379102859,1,Saturday,0,2025-03-29,Saturday,1,14
20,7.768436274428089,40.478305733975425,1,Saturday,0,2025-03-29,Saturday,1,14
20,10.3377945127047,4.871233578450286,1,Saturday,0,2025-03-29,Saturday,1,14
13,27.86198469009697,18.333061662648827,1,Saturday,0,2025-03-29,Saturday,1,14
7,6.405384181307417,4.347763947009819,1,Saturday,0,2025-03-29,Saturday,1,14
2,2.947274488399935,4.82700829354967,1,Saturday,0,2025-03-29,Saturday,1,14
13,20.401634796249464,8.263999644679611,1,Saturday,0,2025-04-05,Saturday,1,16
16,16.104268263783098,10.804032187578828,1,Saturday,0,2025-04-05,Saturday,1,16
15,11.150140364764976,3.8039577671518057,1,Saturday,0,2025-04-05,Saturday,1,16
23,12.030634844572798,11.28508646631824,1,Saturday,0,2025-04-05,Saturday,1,16
19,16.633999802829308,7.551504355411017,1,Saturday,0,2025-04-05,Saturday,1,16
18,14.033930947783642,5.906933461757452,1,Saturday,0,2025-04-05,Saturday,1,16
10,6.217782450713878,23.18695852165249,1,Saturday,0,2025-04-05,Saturday,1,16
5,5.778883337004092,19.938011909283926,1,Saturday,0,2025-04-05,Saturday,1,16
20,55.5890189213661,6.625964930621551,1,Saturday,0,2025-04-05,Saturday,1,16
22,8.94052659602676,17.181170739340104,1,Saturday,0,2025-04-05,Saturday,1,16
17,23.065787719593295,9.505988307003053,1,Saturday,0,2025-04-05,Saturday,1,16
8,5.424840474532377,10.56522690986571,1,Saturday,0,2025-04-05,Saturday,1,16
14,36.626565961442026,2.738357772527336,1,Saturday,0,2025-04-05,Saturday,1,16
14,15.63875283341238,25.895429466791214,1,Saturday,0,2025-04-05,Saturday,1,16
21,12.507650739700672,17.070878226601078,1,Saturday,0,2025-04-05,Saturday,1,16
9,5.427374586591387,10.556976542380013,1,Saturday,0,2025-04-05,Saturday,1,16
11,25.803653779273514,23.57385027433194,1,Saturday,0,2025-04-12,Saturday,1,8
14,19.791497368914854,1.9356308810253557,1,Saturday,0,2025-04-12,Saturday,1,8
23,12.76560665427857,25.496818814479962,1,Saturday,0,2025-04-12,Saturday,1,8
18,33.86547261321206,10.64247357141223,1,Saturday,0,2025-04-12,Saturday,1,8
17,18.785895945965752,7.871096892044052,1,Saturday,0,2025-04-12,Saturday,1,8
2,13.033562641129642,6.424598512815572,1,Saturday,0,2025-04-12,Saturday,1,8
17,9.501968284416062,11.4429641029205,1,Saturday,0,2025-04-12,Saturday,1,8
23,19.4582311759432,25.312726185174736,1,Saturday,0,2025-04-12,Saturday,1,8
21,19.060252311571464,19.889696188877227,1,Saturday,0,2025-04-19,Saturday,1,18
11,2.6047333349672592,16.790184237933865,1,Saturday,0,2025-04-19,Saturday,1,18
23,23.475125996077747,14.779757565500411,1,Saturday,0,2025-04-19,Saturday,1,18
20,9.098162885065502,14.976769883994608,1,Saturday,0,2025-04-19,Saturday,1,18
22,11.428802615903603,3.063042912211354,1,Saturday,0,2025-04-19,Saturday,1,18
14,5.281791618674156,13.007578103469577,1,Saturday,0,2025-04-19,Saturday,1,18
17,3.4268401930475765,8.554978982894863,1,Saturday,0,2025-04-19,Saturday,1,18
16,2.2807796124903117,4.388421395681693,1,Saturday,0,2025-04-19,Saturday,1,18
18,14.472462654224934,8.542868852291438,1,Saturday,0,2025-04-19,Saturday,1,18
19,18.2298575283466,40.93870005267247,1,Saturday,0,2025-04-19,Saturday,1,18
14,22.536357521122397,7.728551277187223,1,Saturday,0,2025-04-19,Saturday,1,18
11,3.5243456666307313,3.084975005264411,1,Saturday,0,2025-04-19,Saturday,1,18
23,14.269166119959628,15.487078165213516,1,Saturday,0,2025-04-19,Saturday,1,18
16,10.417993429648952,7.757183294604778,1,Saturday,0,2025-04-19,Saturday,1,18
19,3.99028386621365,18.071647237963173,1,Saturday,0,2025-04-19,Saturday,1,18
23,12.20130443089031,7.9178647062461005,1,Saturday,0,2025-04-19,Saturday,1,18
14,9.727168666705303,11.435585687444254,1,Saturday,0,2025-04-19,Saturday,1,18
19,14.842363068968279,11.720014356581999,1,Saturday,0,2025-04-19,Saturday,1,18
15,15.65929777524601,29.05740320445402,1,Saturday,0,2025-04-26,Saturday,1,13
16,14.941218982090195,6.136357204656606,1,Saturday,0,2025-04-26,Saturday,1,13
19,27.56200552284446,7.464272042035363,1,Saturday,0,2025-04-26,Saturday,1,13
15,51.06613927133448,25.071361964686332,1,Saturday,0,2025-04-26,Saturday,1,13
17,7.164190847259634,1.0002450223456139,1,Saturday,0,2025-04-26,Saturday,1,13
18,16.649674991013324,11.749402664298778,1,Saturday,0,2025-04-26,Saturday,1,13
21,13.297966827420804,10.514574675736855,1,Saturday,0,2025-04-26,Saturday,1,13
18,8.673623465803281,20.102424996564487,1,Saturday,0,2025-04-26,Saturday,1,13
23,11.099930244240003,15.792185926642988,1,Saturday,0,2025-04-26,Saturday,1,13
19,30.82504977627179,9.723246465902395,1,Saturday,0,2025-04-26,Saturday,1,13
13,2.756430582853979,14.926137453736024,1,Saturday,0,2025-04-26,Saturday,1,13
16,26.171388862547314,18.817356859124853,1,Saturday,0,2025-04-26,Saturday,1,13
19,21.44292139675698,3.221292297206486,1,Saturday,0,2025-04-26,Saturday,1,13
13,2.815015853745197,13.843943459755886,1,Saturday,0,2025-05-03,Saturday,1,11
21,12.754415134436474,4.540858302739825,1,Saturday,0,2025-05-03,Saturday,1,11
18,15.11039502907413,1.3509551277574574,1,Saturday,0,2025-05-03,Saturday,1,11
23,41.45645514326169,16.56849213918338,1,Saturday,0,2025-05-03,Saturday,1,11
19,13.743606645820371,21.68935538273387,1,Saturday,0,2025-05-03,Saturday,1,11
23,12.61967857630479,19.003645055144645,1,Saturday,0,2025-05-03,Saturday,1,11
20,24.360297667318168,9.015152866934653,1,Saturday,0,2025-05-03,Saturday,1,11
20,12.19294140908935,8.674114550866088,1,Saturday,0,2025-05-03,Saturday,1,11
15,5.589553488991178,29.242170048879963,1,Saturday,0,2025-05-03,Saturday,1,11
18,9.868987653741826,19.280639266061236,1,Saturday,0,2025-05-03,Saturday,1,11
20,16.419603419746757,7.1106641349775925,1,Saturday,0,2025-05-03,Saturday,1,11
22,7.8545768881910085,7.183808814084799,1,Saturday,0,2025-05-10,Saturday,1,15
19,12.315002772089272,14.994645850875287,1,Saturday,0,2025-05-10,Saturday,1,15
5,3.285913592026778,7.726154580386026,1,Saturday,0,2025-05-10,Saturday,1,15
15,7.964672128689103,10.170053710852194,1,Saturday,0,2025-05-10,Saturday,1,15
23,13.324012642143188,15.381810597424995,1,Saturday,0,2025-05-10,Saturday,1,15
20,59.38756730256815,19.20920604911262,1,Saturday,0,2025-05-10,Saturday,1,15
12,10.792331307953717,24.471634774043597,1,Saturday,0,2025-05-10,Saturday,1,15
17,18.96690287304317,4.564543473912866,1,Saturday,0,2025-05-10,Saturday,1,15
18,19.87205652501321,33.78830008280982,1,Saturday,0,2025-05-10,Saturday,1,15
19,16.340099569007464,21.9305329343616,1,Saturday,0,2025-05-10,Saturday,1,15
20,5.111584852020675,12.312883250775528,1,Saturday,0,2025-05-10,Saturday,1,15
12,8.42168281133648,8.232970869401269,1,Saturday,0,2025-05-10,Saturday,1,15
17,13.693917970250826,4.8988390776043,1,Saturday,0,2025-05-10,Saturday,1,15
11,2.505661554975379,18.30264090320755,1,Saturday,0,2025-05-10,Saturday,1,15
23,11.6310735070813,13.299782390604092,1,Saturday,0,2025-05-10,Saturday,1,15
20,16.170960541079037,7.2151331997252734,1,Saturday,0,2025-05-17,Saturday,1,17
21,7.028136174517712,40.73095950930407,1,Saturday,0,2025-05-17,Saturday,1,17
21,14.468993725877297,15.24199435081247,1,Saturday,0,2025-05-17,Saturday,1,17
14,5.40776659299846,9.444746844133379,1,Saturday,0,2025-05-17,Saturday,1,17
18,16.740553597753763,45.33818993306378,1,Saturday,0,2025-05-17,Saturday,1,17
12,13.129246493545413,10.316058901899527,1,Saturday,0,2025-05-17,Saturday,1,17
20,11.99679048977196,7.2993737739270586,1,Saturday,0,2025-05-17,Saturday,1,17
21,12.846675525536813,11.824053076208513,1,Saturday,0,2025-05-17,Saturday,1,17
18,17.74603531401068,16.89296607826263,1,Saturday,0,2025-05-17,Saturday,1,17
16,37.43005782710901,5.778429064938662,1,Saturday,0,2025-05-17,Saturday,1,17
21,4.845660175641707,12.35121495746643,1,Saturday,0,2025-05-17,Saturday,1,17
15,30.972801823462703,9.769206780424478,1,Saturday,0,2025-05-17,Saturday,1,17
17,15.625137598446464,7.110709645271743,1,Saturday,0,2025-05-17,Saturday,1,17
15,36.57951749578287,16.582314140982657,1,Saturday,0,2025-05-17,Saturday,1,17
19,13.252272721004946,4.439995327239835,1,Saturday,0,2025-05-17,Saturday,1,17
12,3.807451903669304,13.712513339945504,1,Saturday,0,2025-05-17,Saturday,1,17
0,11.630209110279477,7.092242693664957,1,Saturday,0,2025-05-17,Saturday,1,17
20,35.17331525250521,4.787576888461552,1,Saturday,0,2025-05-24,Saturday,1,12
18,3.052645044228117,5.296161855161549,1,Saturday,0,2025-05-24,Saturday,1,12
18,29.247993204618115,9.296547458935969,1,Saturday,0,2025-05-24,Saturday,1,12
12,20.71852870877127,5.443259445019632,1,Saturday,0,2025-05-24,Saturday,1,12
18,18.572715995162554,14.358962094890973,1,Saturday,0,2025-05-24,Saturday,1,12
17,36.50514820760654,1.2004082356381796,1,Saturday,0,2025-05-24,Saturday,1,12
20,17.272157932269366,3.0570756814995725,1,Saturday,0,2025-05-24,Saturday,1,12
18,32.102582529026726,7.090472279543212,1,Saturday,0,2025-05-24,Saturday,1,12
18,2.3965379034039795,19.065422585537206,1,Saturday,0,2025-05-24,Saturday,1,12
16,18.469590952148025,2.796007896563858,1,Saturday,0,2025-05-24,Saturday,1,12
12,29.611575497978194,30.352853914247273,1,Saturday,0,2025-05-24,Saturday,1,12
12,27.548456463157997,14.601704299006462,1,Saturday,0,2025-05-24,Saturday,1,12
22,12.69511585621948,3.298339882784047,1,Saturday,0,2025-05-31,Saturday,1,13
23,8.129705410789398,22.460952423114694,1,Saturday,0,2025-05-31,Saturday,1,13
16,4.601432082795628,4.675820713748214,1,Saturday,0,2025-05-31,Saturday,1,13
22,13.705757959408345,13.225780699415932,1,Saturday,0,2025-05-31,Saturday,1,13
19,22.01629743771656,35.35492009792614,1,Saturday,0,2025-05-31,Saturday,1,13
22,17.485892293647005,5.7083486973661275,1,Saturday,0,2025-05-31,Saturday,1,13
17,34.38427966131877,20.375703360144115,1,Saturday,0,2025-05-31,Saturday,1,13
23,3.700901602891812,10.062679828405466,1,Saturday,0,2025-05-31,Saturday,1,13
14,12.298508358814846,41.54347184768354,1,Saturday,0,2025-05-31,Saturday,1,13
21,19.18865840784664,6.385712858383192,1,Saturday,0,2025-05-31,Saturday,1,13
10,7.485391751701956,13.242956018648313,1,Saturday,0,2025-05-31,Saturday,1,13
0,11.843769914420221,2.235195957741884,1,Saturday,0,2025-05-31,Saturday,1,13
22,8.862029759227111,13.094532525585612,1,Saturday,0,2025-05-31,Saturday,1,13
17,24.700564356305897,6.220437379022775,1,Saturday,0,2025-06-07,Saturday,1,10
18,15.615126402680108,2.8114814287836722,1,Saturday,0,2025-06-07,Saturday,1,10
15,32.80496749212736,2.1594456284829504,1,Saturday,0,2025-06-07,Saturday,1,10
0,19.933138345470347,6.078963891506448,1,Saturday,0,2025-06-07,Saturday,1,10
23,6.276220020641839,25.233170276929897,1,Saturday,0,2025-06-07,Saturday,1,10
23,9.446964535033878,17.785324373818945,1,Saturday,0,2025-06-07,Saturday,1,10
18,14.211026000380784,32.83308219174155,1,Saturday,0,2025-06-07,Saturday,1,10
4,6.769543076416837,9.325660567120453,1,Saturday,0,2025-06-07,Saturday,1,10
16,42.88809752519892,8.930486980996768,1,Saturday,0,2025-06-07,Saturday,1,10
14,7.380167182254941,6.147246105118412,1,Saturday,0,2025-06-07,Saturday,1,10
23,10.257397412865913,8.483655154633738,1,Saturday,0,2025-06-14,Saturday,1,14
15,2.7324687237792564,7.068261644070523,1,Saturday,0,2025-06-14,Saturday,1,14
15,18.706154395539965,14.085566705982583,1,Saturday,0,2025-06-14,Saturday,1,14
12,2.7761343714686952,7.794955164840307,1,Saturday,0,2025-06-14,Saturday,1,14
19,18.710792844183626,8.349047733214427,1,Saturday,0,2025-06-14,Saturday,1,14
21,21.393168321664955,16.675230235944166,1,Saturday,0,2025-06-14,Saturday,1,14
17,35.28879343263588,10.575833598294546,1,Saturday,0,2025-06-14,Saturday,1,14
16,30.70853547770847,24.55869736802331,1,Saturday,0,2025-06-14,Saturday,1,14
19,14.849158339495549,2.715356754500485,1,Saturday,0,2025-06-14,Saturday,1,14
20,17.033514282932437,6.849340811548228,1,Saturday,0,2025-06-14,Saturday,1,14
19,2.4038650642759496,3.81197217136336,1,Saturday,0,2025-06-14,Saturday,1,14
17,15.028133239332735,4.718878719134814,1,Saturday,0,2025-06-14,Saturday,1,14
15,3.7760071224433087,8.634923276891522,1,Saturday,0,2025-06-14,Saturday,1,14
23,7.924250004912489,6.096158251198458,1,Saturday,0,2025-06-14,Saturday,1,14
19,2.585591810507412,7.905813212569348,1,Saturday,0,2025-06-21,Saturday,1,14
0,6.121867643987492,6.961377279256491,1,Saturday,0,2025-06-21,Saturday,1,14
23,11.307031506705428,0.9891233206844012,1,Saturday,0,2025-06-21,Saturday,1,14
23,6.803085582211148,7.673555762429337,1,Saturday,0,2025-06-21,Saturday,1,14
0,7.2914402009113655,13.907847621716922,1,Saturday,0,2025-06-21,Saturday,1,14
23,10.730558976903492,31.683967814651623,1,Saturday,0,2025-06-21,Saturday,1,14
19,11.248282191022746,6.92407298060201,1,Saturday,0,2025-06-21,Saturday,1,14
21,11.49413413812145,8.565000151894953,1,Saturday,0,2025-06-21,Saturday,1,14
23,10.236744392046166,9.508051214725725,1,Saturday,0,2025-06-21,Saturday,1,14
17,11.138636058517665,60.88151842754307,1,Saturday,0,2025-06-21,Saturday,1,14
17,9.06221716082635,5.045205844868791,1,Saturday,0,2025-06-21,Saturday,1,14
20,12.552359629485753,37.249759400687815,1,Saturday,0,2025-06-21,Saturday,1,14
16,30.121592316198093,2.3884934630322725,1,Saturday,0,2025-06-21,Saturday,1,14
15,4.820230150997808,12.23117565321705,1,Saturday,0,2025-06-21,Saturday,1,14
22,9.08976981107751,8.676286633349948,1,Sunday,0,2025-03-23,Sunday,1,18
17,2.079123302931032,9.312308805976631,1,Sunday,0,2025-03-23,Sunday,1,18
21,13.287757557496665,9.717571365369741,1,Sunday,0,2025-03-23,Sunday,1,18
19,14.849797763535943,9.571928450314354,1,Sunday,0,2025-03-23,Sunday,1,18
16,15.51374707954789,2.857952071831688,1,Sunday,0,2025-03-23,Sunday,1,18
13,10.998805064702683,8.892646913679183,1,Sunday,0,2025-03-23,Sunday,1,18
22,4.457494824290846,6.120683408030384,1,Sunday,0,2025-03-23,Sunday,1,18
17,7.056418609111914,2.7385368030173396,1,Sunday,0,2025-03-23,Sunday,1,18
23,6.559813599159075,14.365122686319276,1,Sunday,0,2025-03-23,Sunday,1,18
23,7.106888350940478,46.35833655804937,1,Sunday,0,2025-03-23,Sunday,1,18
17,16.55511033917265,4.7349329414001184,1,Sunday,0,2025-03-23,Sunday,1,18
19,2.4948816925680135,2.392529498636783,1,Sunday,0,2025-03-23,Sunday,1,18
16,14.489707065425865,10.138522152622066,1,Sunday,0,2025-03-23,Sunday,1,18
18,2.548474788990025,23.184962727470648,1,Sunday,0,2025-03-23,Sunday,1,18
19,16.472570280732345,3.609096128016885,1,Sunday,0,2025-03-23,Sunday,1,18
17,11.369182076039372,24.01311408032945,1,Sunday,0,2025-03-23,Sunday,1,18
18,3.2707367893855173,4.36448865288473,1,Sunday,0,2025-03-23,Sunday,1,18
13,19.86400548251187,17.8608397611104,1,Sunday,0,2025-03-23,Sunday,1,18
19,14.081792356484687,26.080211454342585,1,Sunday,0,2025-03-30,Sunday,1,18
15,41.484341777494805,17.40607077806301,1,Sunday,0,2025-03-30,Sunday,1,18
15,10.176498795647387,6.133322167852034,1,Sunday,0,2025-03-30,Sunday,1,18
13,2.7068643841986013,31.157847546372075,1,Sunday,0,2025-03-30,Sunday,1,18
17,5.089280095663288,10.426015900856692,1,Sunday,0,2025-03-30,Sunday,1,18
23,12.679331295452453,2.544069659484691,1,Sunday,0,2025-03-30,Sunday,1,18
22,19.449452974777397,15.340571111333249,1,Sunday,0,2025-03-30,Sunday,1,18
17,14.608717268245456,3.399821827902601,1,Sunday,0,2025-03-30,Sunday,1,18
17,9.861893280309847,28.516728971629462,1,Sunday,0,2025-03-30,Sunday,1,18
14,2.0741864857563845,10.768293856044151,1,Sunday,0,2025-03-30,Sunday,1,18
23,9.400852103568127,13.556094141743436,1,Sunday,0,2025-03-30,Sunday,1,18
19,3.7192033363986097,7.822283409023531,1,Sunday,0,2025-03-30,Sunday,1,18
19,13.095084205696278,13.175537873313058,1,Sunday,0,2025-03-30,Sunday,1,18
7,2.021891501235843,3.35848060953605,1,Sunday,0,2025-03-30,Sunday,1,18
22,11.295383338022873,23.255418232150127,1,Sunday,0,2025-03-30,Sunday,1,18
17,13.077434845691918,10.317626770872593,1,Sunday,0,2025-03-30,Sunday,1,18
23,9.871483716185828,8.74532371015651,1,Sunday,0,2025-03-30,Sunday,1,18
19,15.384913735062714,3.9201972482314957,1,Sunday,0,2025-03-30,Sunday,1,18
18,53.91567602906327,8.944290091166803,1,Sunday,0,2025-04-06,Sunday,1,22
19,17.429037528429262,10.389456991827082,1,Sunday,0,2025-04-06,Sunday,1,22
18,14.187109046153253,7.289184388362865,1,Sunday,0,2025-04-06,Sunday,1,22
22,8.448571534642506,11.88677884809395,1,Sunday,0,2025-04-06,Sunday,1,22
18,13.807512749627193,18.156728965683506,1,Sunday,0,2025-04-06,Sunday,1,22
21,58.31381262344274,14.309431247414038,1,Sunday,0,2025-04-06,Sunday,1,22
22,16.29380864471703,8.031071953496928,1,Sunday,0,2025-04-06,Sunday,1,22
18,13.177873366225771,7.411242698384937,1,Sunday,0,2025-04-06,Sunday,1,22
12,3.336578795118365,7.426549084630017,1,Sunday,0,2025-04-06,Sunday,1,22
5,4.9347525501606,21.080234981378823,1,Sunday,0,2025-04-06,Sunday,1,22
16,5.571410764100737,6.658618308242279,1,Sunday,0,2025-04-06,Sunday,1,22
20,19.208874190961208,39.865991376273506,1,Sunday,0,2025-04-06,Sunday,1,22
22,12.347085269598036,43.15997126253397,1,Sunday,0,2025-04-06,Sunday,1,22
23,11.220608972228426,21.190722681025715,1,Sunday,0,2025-04-06,Sunday,1,22
14,14.585602233519136,8.927651482759641,1,Sunday,0,2025-04-06,Sunday,1,22
13,5.701141423088526,31.26605488748487,1,Sunday,0,2025-04-06,Sunday,1,22
19,5.8758470256153075,7.212887822605597,1,Sunday,0,2025-04-06,Sunday,1,22
19,19.23556481622756,22.82732248658427,1,Sunday,0,2025-04-06,Sunday,1,22
17,9.118138847281443,28.15851204039328,1,Sunday,0,2025-04-06,Sunday,1,22
20,12.84494387629421,5.958557019094378,1,Sunday,0,2025-04-06,Sunday,1,22
19,13.454682884769088,4.738830490589678,1,Sunday,0,2025-04-06,Sunday,1,22
17,16.32120317244768,25.484894670593345,1,Sunday,0,2025-04-06,Sunday,1,22
14,28.046196022681798,11.849407853611632,1,Sunday,0,2025-04-13,Sunday,1,20
22,11.424193324025797,13.963619977123368,1,Sunday,0,2025-04-13,Sunday,1,20
9,2.423675596332045,9.345952642913897,1,Sunday,0,2025-04-13,Sunday,1,20
13,16.495336434268,29.73629733412224,1,Sunday,0,2025-04-13,Sunday,1,20
21,2.661979627748206,5.513533288787061,1,Sunday,0,2025-04-13,Sunday,1,20
19,18.609897436759677,3.4487876123775427,1,Sunday,0,2025-04-13,Sunday,1,20
9,2.676880584287197,7.087186900446347,1,Sunday,0,2025-04-13,Sunday,1,20
8,7.821241698276769,9.670022557309045,1,Sunday,0,2025-04-13,Sunday,1,20
22,13.324573770863122,9.722459926921392,1,Sunday,0,2025-04-13,Sunday,1,20
2,4.299639354601192,10.146219519111039,1,Sunday,0,2025-04-13,Sunday,1,20
21,12.516948257305359,6.846125821771299,1,Sunday,0,2025-04-13,Sunday,1,20
21,4.692761172824156,10.016349448941748,1,Sunday,0,2025-04-13,Sunday,1,20
6,5.446704430768005,14.403862433384795,1,Sunday,0,2025-04-13,Sunday,1,20
11,3.8113560139951908,30.760327387251294,1,Sunday,0,2025-04-13,Sunday,1,20
13,3.5896815254281047,5.738936408220695,1,Sunday,0,2025-04-13,Sunday,1,20
15,3.0029758750495272,4.346332368547215,1,Sunday,0,2025-04-13,Sunday,1,20
18,2.1372474115703026,11.872986742116213,1,Sunday,0,2025-04-13,Sunday,1,20
19,12.651523274568458,10.218370837096126,1,Sunday,0,2025-04-13,Sunday,1,20
13,24.213564139101315,11.576626602087437,1,Sunday,0,2025-04-13,Sunday,1,20
17,4.723606237079792,10.943822347461863,1,Sunday,0,2025-04-13,Sunday,1,20
17,14.634099198537392,13.408685240624333,1,Sunday,0,2025-04-20,Sunday,1,21
21,16.093954670157064,3.145414128421005,1,Sunday,0,2025-04-20,Sunday,1,21
19,14.726186822440226,1.3801930026524536,1,Sunday,0,2025-04-20,Sunday,1,21
0,14.708290212258536,10.452810531673341,1,Sunday,0,2025-04-20,Sunday,1,21
12,21.65738383398472,23.118320107642635,1,Sunday,0,2025-04-20,Sunday,1,21
17,4.749998336743788,29.19654687743601,1,Sunday,0,2025-04-20,Sunday,1,21
4,24.35537631787696,3.3556234890913004,1,Sunday,0,2025-04-20,Sunday,1,21
16,2.721118631312839,9.473378700979747,1,Sunday,0,2025-04-20,Sunday,1,21
21,12.863016633022358,10.259705402205308,1,Sunday,0,2025-04-20,Sunday,1,21
23,15.470192853328566,2.2047072235754923,1,Sunday,0,2025-04-20,Sunday,1,21
16,17.437751566225465,13.20479420682626,1,Sunday,0,2025-04-20,Sunday,1,21
20,14.26947665910306,54.67142037116096,1,Sunday,0,2025-04-20,Sunday,1,21
18,17.508336276418717,29.78190315862816,1,Sunday,0,2025-04-20,Sunday,1,21
21,18.81710063278895,10.20734942101012,1,Sunday,0,2025-04-20,Sunday,1,21
15,19.65354605232422,11.735205955661606,1,Sunday,0,2025-04-20,Sunday,1,21
17,4.1370991511347075,19.33786439276677,1,Sunday,0,2025-04-20,Sunday,1,21
17,11.453458014565399,8.467884550035313,1,Sunday,0,2025-04-20,Sunday,1,21
20,2.157339997456557,4.460577099565364,1,Sunday,0,2025-04-20,Sunday,1,21
17,16.57879460710955,22.142546333188807,1,Sunday,0,2025-04-20,Sunday,1,21
19,3.5000244053613763,14.917063283126138,1,Sunday,0,2025-04-20,Sunday,1,21
17,6.09420952170995,8.154886072477384,1,Sunday,0,2025-04-20,Sunday,1,21
18,12.576112685010248,16.32681767274784,1,Sunday,0,2025-04-27,Sunday,1,12
21,8.378462438998863,18.68605895596391,1,Sunday,0,2025-04-27,Sunday,1,12
11,9.880534137647196,2.9846682159607516,1,Sunday,0,2025-04-27,Sunday,1,12
16,2.0547995214808012,6.06894147762789,1,Sunday,0,2025-04-27,Sunday,1,12
18,2.700928019906061,23.787833822872972,1,Sunday,0,2025-04-27,Sunday,1,12
16,25.738794192383278,7.69561020932808,1,Sunday,0,2025-04-27,Sunday,1,12
21,5.029161485086165,28.61173588165168,1,Sunday,0,2025-04-27,Sunday,1,12
23,27.493107234557254,9.727405955275865,1,Sunday,0,2025-04-27,Sunday,1,12
18,8.403513090309474,13.532933402700849,1,Sunday,0,2025-04-27,Sunday,1,12
17,22.373674476495054,3.103691926282411,1,Sunday,0,2025-04-27,Sunday,1,12
19,7.990391661691639,33.54344916634794,1,Sunday,0,2025-04-27,Sunday,1,12
16,15.040844085838277,26.80493710829379,1,Sunday,0,2025-04-27,Sunday,1,12
18,46.99934033415025,1.6567158227127883,1,Sunday,0,2025-05-04,Sunday,1,28
20,19.784579496314468,5.8376572739193975,1,Sunday,0,2025-05-04,Sunday,1,28
18,11.593660118513764,18.052980603449356,1,Sunday,0,2025-05-04,Sunday,1,28
20,12.089628412309306,48.737311224033434,1,Sunday,0,2025-05-04,Sunday,1,28
19,15.130146764699315,9.852592579775639,1,Sunday,0,2025-05-04,Sunday,1,28
20,19.33776201747901,10.45438139616014,1,Sunday,0,2025-05-04,Sunday,1,28
15,11.588569773458769,4.441505537488389,1,Sunday,0,2025-05-04,Sunday,1,28
23,13.239539326739056,6.857701176610708,1,Sunday,0,2025-05-04,Sunday,1,28
5,17.94702361400211,4.870994415151167,1,Sunday,0,2025-05-04,Sunday,1,28
12,17.646780314709755,2.2964273196315026,1,Sunday,0,2025-05-04,Sunday,1,28
19,23.490832144344466,22.35762199123302,1,Sunday,0,2025-05-04,Sunday,1,28
21,8.331215690350655,6.824651647403671,1,Sunday,0,2025-05-04,Sunday,1,28
16,13.927915943566298,23.557190231000625,1,Sunday,0,2025-05-04,Sunday,1,28
13,14.837789366615084,7.6844393818733,1,Sunday,0,2025-05-04,Sunday,1,28
22,8.1399311069357,13.129412936881655,1,Sunday,0,2025-05-04,Sunday,1,28
22,11.150734337678223,13.492111658645793,1,Sunday,0,2025-05-04,Sunday,1,28
14,2.807886229667534,12.256858571290762,1,Sunday,0,2025-05-04,Sunday,1,28
21,7.575858039167355,44.22390245420173,1,Sunday,0,2025-05-04,Sunday,1,28
18,9.971426346425783,16.523560058628696,1,Sunday,0,2025-05-04,Sunday,1,28
15,2.104097657929019,9.30490526794324,1,Sunday,0,2025-05-04,Sunday,1,28
13,3.7625313093416697,19.10055351001545,1,Sunday,0,2025-05-04,Sunday,1,28
16,7.772914156196067,11.447355207353734,1,Sunday,0,2025-05-04,Sunday,1,28
12,20.904511920006122,2.775331074131225,1,Sunday,0,2025-05-04,Sunday,1,28
17,2.7132439629428364,34.27367868660043,1,Sunday,0,2025-05-04,Sunday,1,28
18,14.388608427257033,27.691197881063374,1,Sunday,0,2025-05-04,Sunday,1,28
19,17.310187645265646,2.2625389074619897,1,Sunday,0,2025-05-04,Sunday,1,28
1,2.293580629593908,22.1879378542867,1,Sunday,0,2025-05-04,Sunday,1,28
23,12.743605278822244,34.319435059992124,1,Sunday,0,2025-05-04,Sunday,1,28
21,30.406297344187546,81.16356142364397,1,Sunday,0,2025-05-11,Sunday,1,21
20,5.048600519588598,3.287858576876335,1,Sunday,0,2025-05-11,Sunday,1,21
17,15.57845371190891,5.349240084895227,1,Sunday,0,2025-05-11,Sunday,1,21
21,10.060858800472797,15.667414487134739,1,Sunday,0,2025-05-11,Sunday,1,21
16,16.47784891721973,17.01855166267911,1,Sunday,0,2025-05-11,Sunday,1,21
16,6.929633897343808,3.213282317410539,1,Sunday,0,2025-05-11,Sunday,1,21
10,4.906839267166314,12.857803140348985,1,Sunday,0,2025-05-11,Sunday,1,21
16,15.892063529565252,72.91825029729794,1,Sunday,0,2025-05-11,Sunday,1,21
18,18.957507246610728,8.80496045566588,1,Sunday,0,2025-05-11,Sunday,1,21
20,13.489052826632065,61.29087573195534,1,Sunday,0,2025-05-11,Sunday,1,21
20,13.732271950327686,15.528046289803527,1,Sunday,0,2025-05-11,Sunday,1,21
15,3.029130751425802,6.240151735807006,1,Sunday,0,2025-05-11,Sunday,1,21
22,16.40481178128025,25.63452717856797,1,Sunday,0,2025-05-11,Sunday,1,21
21,12.589592779219164,13.747925912025103,1,Sunday,0,2025-05-11,Sunday,1,21
19,13.002382916981457,7.049486735471356,1,Sunday,0,2025-05-11,Sunday,1,21
18,5.160105900973392,5.364183337809003,1,Sunday,0,2025-05-11,Sunday,1,21
21,11.554090801933967,20.540712547397106,1,Sunday,0,2025-05-11,Sunday,1,21
20,19.974619654430573,12.510805588612785,1,Sunday,0,2025-05-11,Sunday,1,21
15,17.636010932214873,33.36031357023553,1,Sunday,0,2025-05-11,Sunday,1,21
21,9.726937621666742,3.2089675468567354,1,Sunday,0,2025-05-11,Sunday,1,21
14,28.265440301964365,8.841551461330898,1,Sunday,0,2025-05-11,Sunday,1,21
21,10.502093466356953,6.328738908114168,1,Sunday,0,2025-05-18,Sunday,1,32
19,11.686836946791416,22.232456727781628,1,Sunday,0,2025-05-18,Sunday,1,32
19,20.098940626829805,26.958670866268623,1,Sunday,0,2025-05-18,Sunday,1,32
23,15.542652172322914,6.945328131615409,1,Sunday,0,2025-05-18,Sunday,1,32
19,13.651407364647618,5.548813795410024,1,Sunday,0,2025-05-18,Sunday,1,32
20,12.847597033437452,35.4283823226147,1,Sunday,0,2025-05-18,Sunday,1,32
22,14.654423015111163,3.1201714014200377,1,Sunday,0,2025-05-18,Sunday,1,32
8,22.432591290634893,11.257544280504947,1,Sunday,0,2025-05-18,Sunday,1,32
18,13.78256172101543,6.118011874940499,1,Sunday,0,2025-05-18,Sunday,1,32
18,23.727739616818642,2.442314585129565,1,Sunday,0,2025-05-18,Sunday,1,32
17,14.704788682093234,28.50106858704459,1,Sunday,0,2025-05-18,Sunday,1,32
9,2.5621037365762827,12.1698820124916,1,Sunday,0,2025-05-18,Sunday,1,32
16,19.948067823601903,34.57724947113178,1,Sunday,0,2025-05-18,Sunday,1,32
21,19.50978505598316,10.271776471335663,1,Sunday,0,2025-05-18,Sunday,1,32
1,14.263927409076302,2.384721028151188,1,Sunday,0,2025-05-18,Sunday,1,32
21,11.472960492599423,4.406673670944598,1,Sunday,0,2025-05-18,Sunday,1,32
18,16.62538021908426,21.259015662506744,1,Sunday,0,2025-05-18,Sunday,1,32
8,2.8807678538405357,8.35858113956765,1,Sunday,0,2025-05-18,Sunday,1,32
18,14.396607436135518,13.719942523429149,1,Sunday,0,2025-05-18,Sunday,1,32
15,8.902378462851036,8.936038521864063,1,Sunday,0,2025-05-18,Sunday,1,32
1,7.403135024682336,7.216235040326569,1,Sunday,0,2025-05-18,Sunday,1,32
15,56.93925762687327,49.564397439382965,1,Sunday,0,2025-05-18,Sunday,1,32
20,11.10294891394182,28.316810309132002,1,Sunday,0,2025-05-18,Sunday,1,32
20,3.5407933046536364,31.290889429356845,1,Sunday,0,2025-05-18,Sunday,1,32
17,9.698022121928886,30.44090839740527,1,Sunday,0,2025-05-18,Sunday,1,32
23,17.635625703381606,6.0482135866010545,1,Sunday,0,2025-05-18,Sunday,1,32
19,14.469482345998287,6.763135651508662,1,Sunday,0,2025-05-18,Sunday,1,32
8,19.21721574641889,11.212590030752645,1,Sunday,0,2025-05-18,Sunday,1,32
18,5.7657822083237225,6.770271606726078,1,Sunday,0,2025-05-18,Sunday,1,32
0,11.338883459597891,21.116830709826015,1,Sunday,0,2025-05-18,Sunday,1,32
0,14.570277703775574,28.47257795347566,1,Sunday,0,2025-05-18,Sunday,1,32
16,31.02731707759327,7.180469064528797,1,Sunday,0,2025-05-18,Sunday,1,32
21,14.257146461141563,10.168037257895746,1,Sunday,0,2025-05-25,Sunday,1,16
21,17.31474940474718,5.661275205628367,1,Sunday,0,2025-05-25,Sunday,1,16
18,15.713793911504709,26.910329119798707,1,Sunday,0,2025-05-25,Sunday,1,16
19,14.870564779058505,11.391119128323176,1,Sunday,0,2025-05-25,Sunday,1,16
18,11.59198448158109,2.4086809049616105,1,Sunday,0,2025-05-25,Sunday,1,16
15,24.315680561297484,2.0164001497218726,1,Sunday,0,2025-05-25,Sunday,1,16
17,22.20158345319201,24.745869812863145,1,Sunday,0,2025-05-25,Sunday,1,16
13,2.7894726417284295,8.11391710504852,1,Sunday,0,2025-05-25,Sunday,1,16
15,16.44094511017566,45.602362506129914,1,Sunday,0,2025-05-25,Sunday,1,16
10,2.007640019557109,17.10878962454946,1,Sunday,0,2025-05-25,Sunday,1,16
15,10.041872278678856,1.3810608212792221,1,Sunday,0,2025-05-25,Sunday,1,16
23,14.289575661660354,6.6952677510868135,1,Sunday,0,2025-05-25,Sunday,1,16
19,13.744818937794221,57.1721100265266,1,Sunday,0,2025-05-25,Sunday,1,16
16,14.962611768701056,3.6463942847473785,1,Sunday,0,2025-05-25,Sunday,1,16
12,3.828185125276832,8.832352607086957,1,Sunday,0,2025-05-25,Sunday,1,16
11,19.356447064450716,5.677698991425841,1,Sunday,0,2025-05-25,Sunday,1,16
17,15.939709409804195,3.3887082490804614,1,Sunday,0,2025-06-01,Sunday,1,17
18,21.278736006560553,5.895880348269656,1,Sunday,0,2025-06-01,Sunday,1,17
20,13.738212765811802,12.46305597258938,1,Sunday,0,2025-06-01,Sunday,1,17
17,18.4548852463911,8.22138597037046,1,Sunday,0,2025-06-01,Sunday,1,17
18,3.1036161686889843,31.410772533495024,1,Sunday,0,2025-06-01,Sunday,1,17
14,12.933023136939827,22.712250846828127,1,Sunday,0,2025-06-01,Sunday,1,17
22,10.67852605533593,11.888314063671013,1,Sunday,0,2025-06-01,Sunday,1,17
20,12.361674484996232,10.253733403184889,1,Sunday,0,2025-06-01,Sunday,1,17
9,37.429397582353424,6.99568072471964,1,Sunday,0,2025-06-01,Sunday,1,17
23,2.4535537189922545,11.608075890903688,1,Sunday,0,2025-06-01,Sunday,1,17
23,14.696942309355016,24.538508545881356,1,Sunday,0,2025-06-01,Sunday,1,17
12,8.770109509216354,18.906955647029573,1,Sunday,0,2025-06-01,Sunday,1,17
20,17.25356488949208,1.7080001000986378,1,Sunday,0,2025-06-01,Sunday,1,17
7,14.20983934272941,11.84705465435898,1,Sunday,0,2025-06-01,Sunday,1,17
18,12.759873053856612,4.227455652003101,1,Sunday,0,2025-06-01,Sunday,1,17
13,7.65868779332311,12.48050634538055,1,Sunday,0,2025-06-01,Sunday,1,17
4,17.8368582780033,25.128338963020248,1,Sunday,0,2025-06-01,Sunday,1,17
18,12.470817598692015,9.216187410592399,1,Sunday,0,2025-06-08,Sunday,1,21
7,26.989427963686907,7.659634651711238,1,Sunday,0,2025-06-08,Sunday,1,21
21,5.468415021988491,3.3262671466958373,1,Sunday,0,2025-06-08,Sunday,1,21
15,3.0673734710861673,13.722642835083564,1,Sunday,0,2025-06-08,Sunday,1,21
14,8.376124169746777,38.70712260764085,1,Sunday,0,2025-06-08,Sunday,1,21
18,11.65130312734685,6.177139251499756,1,Sunday,0,2025-06-08,Sunday,1,21
7,3.059336354510869,11.590395769819189,1,Sunday,0,2025-06-08,Sunday,1,21
15,15.909395037449599,7.888285547091262,1,Sunday,0,2025-06-08,Sunday,1,21
13,3.5236803830357157,31.324075609044044,1,Sunday,0,2025-06-08,Sunday,1,21
18,8.55205669960629,8.059712933464759,1,Sunday,0,2025-06-08,Sunday,1,21
23,13.07638391282504,20.334529572666966,1,Sunday,0,2025-06-08,Sunday,1,21
19,2.5705869741683625,6.821629400684446,1,Sunday,0,2025-06-08,Sunday,1,21
20,17.598744387298392,7.3122780232607205,1,Sunday,0,2025-06-08,Sunday,1,21
21,8.279812061206247,14.470564439017162,1,Sunday,0,2025-06-08,Sunday,1,21
19,14.794397297087936,27.120879732650636,1,Sunday,0,2025-06-08,Sunday,1,21
17,15.628709265976742,6.086347415247261,1,Sunday,0,2025-06-08,Sunday,1,21
19,14.588111613362795,13.952577027451332,1,Sunday,0,2025-06-08,Sunday,1,21
18,6.780293587146085,20.328883568327974,1,Sunday,0,2025-06-08,Sunday,1,21
14,9.959373814241662,5.215976000259094,1,Sunday,0,2025-06-08,Sunday,1,21
23,11.353810122339745,20.007858846778873,1,Sunday,0,2025-06-08,Sunday,1,21
16,7.156603855633218,4.018571431810684,1,Sunday,0,2025-06-08,Sunday,1,21
17,15.724703175755188,12.259724223823682,1,Sunday,0,2025-06-15,Sunday,1,17
21,7.678834326790423,15.146570893632104,1,Sunday,0,2025-06-15,Sunday,1,17
19,6.561805240263289,5.82951420245869,1,Sunday,0,2025-06-15,Sunday,1,17
19,2.2626812723083636,21.11588385103532,1,Sunday,0,2025-06-15,Sunday,1,17
16,8.125636761245033,8.188403395627423,1,Sunday,0,2025-06-15,Sunday,1,17
23,16.552390474779823,3.238399450334076,1,Sunday,0,2025-06-15,Sunday,1,17
22,11.561636515109686,13.813882739614462,1,Sunday,0,2025-06-15,Sunday,1,17
18,22.15534093043597,4.369359556490762,1,Sunday,0,2025-06-15,Sunday,1,17
19,14.487329323315308,11.044840453956159,1,Sunday,0,2025-06-15,Sunday,1,17
4,11.255149073458544,42.2960864187793,1,Sunday,0,2025-06-15,Sunday,1,17
16,6.368340353714555,11.429280380320977,1,Sunday,0,2025-06-15,Sunday,1,17
22,9.219008029823742,3.582516024578478,1,Sunday,0,2025-06-15,Sunday,1,17
22,10.683404716963864,9.920691111447546,1,Sunday,0,2025-06-15,Sunday,1,17
19,11.969086648710213,5.865384952019549,1,Sunday,0,2025-06-15,Sunday,1,17
13,5.515870835112334,2.3098063332669927,1,Sunday,0,2025-06-15,Sunday,1,17
20,13.717461557144976,25.716859868925326,1,Sunday,0,2025-06-15,Sunday,1,17
19,11.785033160141975,7.111731254330559,1,Sunday,0,2025-06-15,Sunday,1,17
20,11.05312153233719,25.530618329603723,1,Mon-Th,0,2025-03-24,Mon-Th,1,15
9,3.5171407302598316,31.931769378978647,1,Mon-Th,0,2025-03-24,Mon-Th,1,15
23,27.659698953940858,15.411609744912722,1,Mon-Th,0,2025-03-24,Mon-Th,1,15
20,19.622832719890518,16.333184753886798,1,Mon-Th,0,2025-03-24,Mon-Th,1,15
17,43.570243206918086,12.590849397598495,1,Mon-Th,0,2025-03-24,Mon-Th,1,15
13,5.305334454016251,6.7051698982728976,1,Mon-Th,0,2025-03-24,Mon-Th,1,15
13,3.516772658738951,3.244314065046014,1,Mon-Th,0,2025-03-24,Mon-Th,1,15
21,16.23962218964774,10.779440799408984,1,Mon-Th,0,2025-03-24,Mon-Th,1,15
18,11.269756280464108,3.8265134926232243,1,Mon-Th,0,2025-03-24,Mon-Th,1,15
10,10.965690393203065,15.751586598907574,1,Mon-Th,0,2025-03-24,Mon-Th,1,15
13,2.2345894052432955,6.015758763146139,1,Mon-Th,0,2025-03-24,Mon-Th,1,15
14,14.266597263983368,17.739573647924686,1,Mon-Th,0,2025-03-24,Mon-Th,1,15
15,16.919041915572866,26.93739345657809,1,Mon-Th,0,2025-03-24,Mon-Th,1,15
19,12.42386146705211,21.543863799893188,1,Mon-Th,0,2025-03-24,Mon-Th,1,15
22,13.84516481516322,6.420006102095357,1,Mon-Th,0,2025-03-24,Mon-Th,1,15
22,11.163750963985322,11.322463788088418,1,Mon-Th,0,2025-03-25,Mon-Th,1,19
23,5.3172213157340655,3.741162688066664,1,Mon-Th,0,2025-03-25,Mon-Th,1,19
16,13.995522858864806,4.2288466162229525,1,Mon-Th,0,2025-03-25,Mon-Th,1,19
21,14.608699581700236,68.33780165495038,1,Mon-Th,0,2025-03-25,Mon-Th,1,19
14,15.793813589770593,10.16224999366867,1,Mon-Th,0,2025-03-25,Mon-Th,1,19
22,7.514539279943952,13.492460406131238,1,Mon-Th,0,2025-03-25,Mon-Th,1,19
15,16.015825678640322,8.485293411466882,1,Mon-Th,0,2025-03-25,Mon-Th,1,19
19,21.280408616758486,10.331860516368348,1,Mon-Th,0,2025-03-25,Mon-Th,1,19
16,9.272457281788125,24.578815119512782,1,Mon-Th,0,2025-03-25,Mon-Th,1,19
19,11.898613115080153,33.02420208097838,1,Mon-Th,0,2025-03-25,Mon-Th,1,19
23,9.098516360234063,19.952254096697494,1,Mon-Th,0,2025-03-25,Mon-Th,1,19
21,13.614233936957287,25.3634692377139,1,Mon-Th,0,2025-03-25,Mon-Th,1,19
17,16.62565518970736,8.46196706621427,1,Mon-Th,0,2025-03-25,Mon-Th,1,19
21,13.137032890101825,10.086296781920739,1,Mon-Th,0,2025-03-25,Mon-Th,1,19
0,6.3112905950026645,11.680965999392514,1,Mon-Th,0,2025-03-25,Mon-Th,1,19
19,13.903947856108683,3.202233101555273,1,Mon-Th,0,2025-03-25,Mon-Th,1,19
3,5.145584612126686,26.47860303843489,1,Mon-Th,0,2025-03-25,Mon-Th,1,19
19,11.984987593015088,2.578723208514412,1,Mon-Th,0,2025-03-25,Mon-Th,1,19
16,12.232650965719053,10.382830786259834,1,Mon-Th,0,2025-03-25,Mon-Th,1,19
19,13.3661666546068,20.746044221162386,1,Mon-Th,0,2025-03-26,Mon-Th,1,15
20,3.6836067058173634,7.125531523606649,1,Mon-Th,0,2025-03-26,Mon-Th,1,15
15,4.200187820502068,11.682384565519374,1,Mon-Th,0,2025-03-26,Mon-Th,1,15
6,11.921345925950213,23.61579157145755,1,Mon-Th,0,2025-03-26,Mon-Th,1,15
18,14.882027449338185,18.315995482547006,1,Mon-Th,0,2025-03-26,Mon-Th,1,15
17,5.071991531469582,3.9481466767049938,1,Mon-Th,0,2025-03-26,Mon-Th,1,15
23,8.270706658585581,9.974131729826988,1,Mon-Th,0,2025-03-26,Mon-Th,1,15
13,9.228707319299705,17.322899068691584,1,Mon-Th,0,2025-03-26,Mon-Th,1,15
20,70.1919746279193,1.8157281984836204,1,Mon-Th,0,2025-03-26,Mon-Th,1,15
15,6.917648379723509,9.52477550962608,1,Mon-Th,0,2025-03-26,Mon-Th,1,15
18,14.553576094159482,4.527207784571445,1,Mon-Th,0,2025-03-26,Mon-Th,1,15
17,12.764406523632328,2.6970599491311518,1,Mon-Th,0,2025-03-26,Mon-Th,1,15
20,21.59168034517016,9.834603972520476,1,Mon-Th,0,2025-03-26,Mon-Th,1,15
18,14.042386599008758,7.803389004158543,1,Mon-Th,0,2025-03-26,Mon-Th,1,15
19,17.55177515429297,4.013299627252234,1,Mon-Th,0,2025-03-26,Mon-Th,1,15
20,2.463975965553122,9.606619366618723,1,Mon-Th,0,2025-03-27,Mon-Th,1,19
22,9.794927225751819,8.135989696390983,1,Mon-Th,0,2025-03-27,Mon-Th,1,19
23,3.4362920761780753,4.727575142633595,1,Mon-Th,0,2025-03-27,Mon-Th,1,19
2,15.279127468477409,11.177711815473428,1,Mon-Th,0,2025-03-27,Mon-Th,1,19
21,11.088058109899531,11.060244565046906,1,Mon-Th,0,2025-03-27,Mon-Th,1,19
23,15.605882263110832,34.12414649153629,1,Mon-Th,0,2025-03-27,Mon-Th,1,19
19,11.418176411315464,6.5528008185624005,1,Mon-Th,0,2025-03-27,Mon-Th,1,19
15,2.485229437628783,2.60714020655704,1,Mon-Th,0,2025-03-27,Mon-Th,1,19
21,20.610692631450295,22.327839371655546,1,Mon-Th,0,2025-03-27,Mon-Th,1,19
17,16.427933404979058,6.548909725629015,1,Mon-Th,0,2025-03-27,Mon-Th,1,19
23,7.258789438202685,25.67801221734247,1,Mon-Th,0,2025-03-27,Mon-Th,1,19
21,12.396743537371865,19.208165812400566,1,Mon-Th,0,2025-03-27,Mon-Th,1,19
14,21.86323935022026,7.961848041667926,1,Mon-Th,0,2025-03-27,Mon-Th,1,19
21,13.459077336032802,12.74148393190632,1,Mon-Th,0,2025-03-27,Mon-Th,1,19
23,9.462274774370771,12.155536405445499,1,Mon-Th,0,2025-03-27,Mon-Th,1,19
21,4.680986375411759,4.485957631364123,1,Mon-Th,0,2025-03-27,Mon-Th,1,19
16,24.041683247095797,1.273410083866077,1,Mon-Th,0,2025-03-27,Mon-Th,1,19
18,16.738740887181986,43.948786542590426,1,Mon-Th,0,2025-03-27,Mon-Th,1,19
19,29.109597259017033,7.305552317641066,1,Mon-Th,0,2025-03-27,Mon-Th,1,19
23,8.224034090097463,6.3053042712581435,1,Mon-Th,0,2025-03-31,Mon-Th,1,20
23,11.445615795545404,6.755262676825694,1,Mon-Th,0,2025-03-31,Mon-Th,1,20
12,5.104004239848997,21.575137762757866,1,Mon-Th,0,2025-03-31,Mon-Th,1,20
16,19.560976495378018,10.653511895449416,1,Mon-Th,0,2025-03-31,Mon-Th,1,20
15,14.607954705374581,13.992467310302295,1,Mon-Th,0,2025-03-31,Mon-Th,1,20
18,24.137404935772913,11.417231896053597,1,Mon-Th,0,2025-03-31,Mon-Th,1,20
22,9.935489803103376,11.710875845706045,1,Mon-Th,0,2025-03-31,Mon-Th,1,20
18,13.053267074698795,13.87854995557977,1,Mon-Th,0,2025-03-31,Mon-Th,1,20
23,9.263952736980588,34.77682711805096,1,Mon-Th,0,2025-03-31,Mon-Th,1,20
19,30.8181558266038,18.607357527048595,1,Mon-Th,0,2025-03-31,Mon-Th,1,20
22,8.151277341884395,6.34374540874808,1,Mon-Th,0,2025-03-31,Mon-Th,1,20
19,17.48641893054142,16.160044728783703,1,Mon-Th,0,2025-03-31,Mon-Th,1,20
13,3.216513312191366,17.87210826434427,1,Mon-Th,0,2025-03-31,Mon-Th,1,20
15,7.398002811661894,14.074458950018679,1,Mon-Th,0,2025-03-31,Mon-Th,1,20
16,14.400213462378435,3.0700443359045497,1,Mon-Th,0,2025-03-31,Mon-Th,1,20
21,6.446247468578868,12.427807646146372,1,Mon-Th,0,2025-03-31,Mon-Th,1,20
13,39.82137816773802,11.475478143317204,1,Mon-Th,0,2025-03-31,Mon-Th,1,20
6,10.21667362686356,5.998089963939747,1,Mon-Th,0,2025-03-31,Mon-Th,1,20
22,10.591066351520553,24.059792915096526,1,Mon-Th,0,2025-03-31,Mon-Th,1,20
17,14.69441647639627,5.531546178230089,1,Mon-Th,0,2025-03-31,Mon-Th,1,20
21,13.927508276855715,1.3963544297586539,1,Mon-Th,0,2025-04-01,Mon-Th,1,10
18,13.154437569909504,9.78996547147388,1,Mon-Th,0,2025-04-01,Mon-Th,1,10
21,10.71395375351883,4.78947665456259,1,Mon-Th,0,2025-04-01,Mon-Th,1,10
19,16.494453107237568,6.865105410997608,1,Mon-Th,0,2025-04-01,Mon-Th,1,10
16,10.20246055521352,6.45140454198136,1,Mon-Th,0,2025-04-01,Mon-Th,1,10
23,8.689731604762937,14.534509960920355,1,Mon-Th,0,2025-04-01,Mon-Th,1,10
18,4.941350494845015,25.20527925030251,1,Mon-Th,0,2025-04-01,Mon-Th,1,10
16,2.9072536051114506,11.788451802134619,1,Mon-Th,0,2025-04-01,Mon-Th,1,10
18,13.399619397162382,30.75237820880025,1,Mon-Th,0,2025-04-01,Mon-Th,1,10
22,10.934151205126234,11.182192150098977,1,Mon-Th,0,2025-04-01,Mon-Th,1,10
15,7.836045497049271,1.0038331215515854,1,Mon-Th,0,2025-04-02,Mon-Th,1,14
21,12.064534517228875,24.0131656252953,1,Mon-Th,0,2025-04-02,Mon-Th,1,14
15,2.7844818547175847,20.830976972580793,1,Mon-Th,0,2025-04-02,Mon-Th,1,14
19,20.967140430418837,5.147923951950652,1,Mon-Th,0,2025-04-02,Mon-Th,1,14
17,10.508127755423335,21.124966128490833,1,Mon-Th,0,2025-04-02,Mon-Th,1,14
21,10.928907689087861,13.483681719372969,1,Mon-Th,0,2025-04-02,Mon-Th,1,14
23,11.873526101497504,8.27565432240416,1,Mon-Th,0,2025-04-02,Mon-Th,1,14
17,12.734135948589067,5.143028679789705,1,Mon-Th,0,2025-04-02,Mon-Th,1,14
23,6.748370810966153,22.054808631909438,1,Mon-Th,0,2025-04-02,Mon-Th,1,14
22,9.495496657378705,13.512518909076853,1,Mon-Th,0,2025-04-02,Mon-Th,1,14
20,14.684748226980187,12.724475231169139,1,Mon-Th,0,2025-04-02,Mon-Th,1,14
15,5.143970681381025,78.4419491641259,1,Mon-Th,0,2025-04-02,Mon-Th,1,14
22,11.305847327707724,35.18449610062991,1,Mon-Th,0,2025-04-02,Mon-Th,1,14
19,17.97219637377831,6.920992725155637,1,Mon-Th,0,2025-04-02,Mon-Th,1,14
15,8.535647149813506,21.72364192021518,1,Mon-Th,0,2025-04-03,Mon-Th,1,18
18,16.401305908370343,6.764456360437767,1,Mon-Th,0,2025-04-03,Mon-Th,1,18
15,2.444290819187491,8.338987624365094,1,Mon-Th,0,2025-04-03,Mon-Th,1,18
18,20.278573626448033,4.897616598534408,1,Mon-Th,0,2025-04-03,Mon-Th,1,18
13,3.764671571778803,11.25113014855262,1,Mon-Th,0,2025-04-03,Mon-Th,1,18
20,12.579345878028683,17.812993835004114,1,Mon-Th,0,2025-04-03,Mon-Th,1,18
23,12.128949528968914,8.524145605709979,1,Mon-Th,0,2025-04-03,Mon-Th,1,18
15,18.340217746508984,7.7067573080911,1,Mon-Th,0,2025-04-03,Mon-Th,1,18
16,20.43416448524738,15.624884927889603,1,Mon-Th,0,2025-04-03,Mon-Th,1,18
16,3.8990714772919004,10.606005017350515,1,Mon-Th,0,2025-04-03,Mon-Th,1,18
18,2.4610018119343184,1.1238565463783132,1,Mon-Th,0,2025-04-03,Mon-Th,1,18
18,5.215026255611049,22.594577439386608,1,Mon-Th,0,2025-04-03,Mon-Th,1,18
18,8.306473855393097,9.986175883071033,1,Mon-Th,0,2025-04-03,Mon-Th,1,18
19,18.384439405241398,6.5284702013099665,1,Mon-Th,0,2025-04-03,Mon-Th,1,18
20,7.515199203089312,5.0124420083670485,1,Mon-Th,0,2025-04-03,Mon-Th,1,18
13,2.682184138866413,5.118985363600595,1,Mon-Th,0,2025-04-03,Mon-Th,1,18
16,4.548503818067965,8.63384303296069,1,Mon-Th,0,2025-04-03,Mon-Th,1,18
13,19.683436263017636,16.417992769282975,1,Mon-Th,0,2025-04-03,Mon-Th,1,18
15,15.765790016389797,7.0868530525237565,1,Mon-Th,0,2025-04-07,Mon-Th,1,13
16,6.163680808816866,8.36615895630769,1,Mon-Th,0,2025-04-07,Mon-Th,1,13
22,8.392949217552705,18.193774864707468,1,Mon-Th,0,2025-04-07,Mon-Th,1,13
23,7.236231051008948,11.40251872465263,1,Mon-Th,0,2025-04-07,Mon-Th,1,13
23,7.241111893059212,32.83855801131916,1,Mon-Th,0,2025-04-07,Mon-Th,1,13
18,66.66847678580513,24.55475004825423,1,Mon-Th,0,2025-04-07,Mon-Th,1,13
14,23.1465906215337,3.2823133270831732,1,Mon-Th,0,2025-04-07,Mon-Th,1,13
12,16.047275396880718,4.498616781581993,1,Mon-Th,0,2025-04-07,Mon-Th,1,13
20,21.47132716297273,14.663011541589904,1,Mon-Th,0,2025-04-07,Mon-Th,1,13
17,5.576970197141382,11.881202995070263,1,Mon-Th,0,2025-04-07,Mon-Th,1,13
19,16.925193796387035,6.156121996059585,1,Mon-Th,0,2025-04-07,Mon-Th,1,13
19,13.264384240995746,5.445803927731369,1,Mon-Th,0,2025-04-07,Mon-Th,1,13
10,2.679322901311552,10.353722309498618,1,Mon-Th,0,2025-04-07,Mon-Th,1,13
15,2.729470773380774,10.495117494885413,1,Mon-Th,0,2025-04-08,Mon-Th,1,16
16,2.5184679194244763,10.237263258475512,1,Mon-Th,0,2025-04-08,Mon-Th,1,16
14,2.4513202247073163,4.0936920232811795,1,Mon-Th,0,2025-04-08,Mon-Th,1,16
20,11.667494527467166,10.783389317618745,1,Mon-Th,0,2025-04-08,Mon-Th,1,16
12,2.3108465343811098,2.5373242888322194,1,Mon-Th,0,2025-04-08,Mon-Th,1,16
18,14.749549372097238,13.361886246910005,1,Mon-Th,0,2025-04-08,Mon-Th,1,16
20,14.560111802822398,15.995502464012361,1,Mon-Th,0,2025-04-08,Mon-Th,1,16
21,10.082806511058884,29.996551950746486,1,Mon-Th,0,2025-04-08,Mon-Th,1,16
5,6.116532666754315,11.51168398079871,1,Mon-Th,0,2025-04-08,Mon-Th,1,16
7,3.2852261308016786,10.643812085550316,1,Mon-Th,0,2025-04-08,Mon-Th,1,16
14,5.233562944368998,11.812583712815607,1,Mon-Th,0,2025-04-08,Mon-Th,1,16
20,5.218801238032544,7.395274583692749,1,Mon-Th,0,2025-04-08,Mon-Th,1,16
15,4.22854693543679,3.8743157656512777,1,Mon-Th,0,2025-04-08,Mon-Th,1,16
22,11.973280857075153,2.661625667707532,1,Mon-Th,0,2025-04-08,Mon-Th,1,16
20,14.928163736612685,18.04553324937551,1,Mon-Th,0,2025-04-08,Mon-Th,1,16
17,83.68022228893135,3.2912409659036213,1,Mon-Th,0,2025-04-08,Mon-Th,1,16
19,8.989838362990389,23.263999961494306,1,Mon-Th,0,2025-04-09,Mon-Th,1,19
18,14.689051285123515,2.7033572670413157,1,Mon-Th,0,2025-04-09,Mon-Th,1,19
15,3.1598866686010054,9.528266726999192,1,Mon-Th,0,2025-04-09,Mon-Th,1,19
20,48.13873553063652,8.241537271955249,1,Mon-Th,0,2025-04-09,Mon-Th,1,19
16,13.390242921080187,5.222036139180672,1,Mon-Th,0,2025-04-09,Mon-Th,1,19
4,12.743883506124156,8.916196250240995,1,Mon-Th,0,2025-04-09,Mon-Th,1,19
17,19.80941564476335,1.690913230436763,1,Mon-Th,0,2025-04-09,Mon-Th,1,19
18,72.67089073096076,8.272234139258426,1,Mon-Th,0,2025-04-09,Mon-Th,1,19
22,7.869986854225665,9.326199416777015,1,Mon-Th,0,2025-04-09,Mon-Th,1,19
15,13.709953822591675,22.965058322375707,1,Mon-Th,0,2025-04-09,Mon-Th,1,19
13,7.404108660653579,10.758569314348934,1,Mon-Th,0,2025-04-09,Mon-Th,1,19
17,14.34130674020886,10.313149942454954,1,Mon-Th,0,2025-04-09,Mon-Th,1,19
13,3.228880551999512,18.914622108483766,1,Mon-Th,0,2025-04-09,Mon-Th,1,19
15,32.7940440189744,11.997286047138523,1,Mon-Th,0,2025-04-09,Mon-Th,1,19
19,12.796663125993767,13.808878798454534,1,Mon-Th,0,2025-04-09,Mon-Th,1,19
17,43.13107187228634,5.974299462687981,1,Mon-Th,0,2025-04-09,Mon-Th,1,19
15,2.049596534865686,13.318030979754639,1,Mon-Th,0,2025-04-09,Mon-Th,1,19
17,11.60686666096602,17.559017827866054,1,Mon-Th,0,2025-04-09,Mon-Th,1,19
15,14.408320285469518,55.52841074864562,1,Mon-Th,0,2025-04-09,Mon-Th,1,19
18,10.84200730468163,10.293225571215451,1,Mon-Th,0,2025-04-10,Mon-Th,1,29
14,2.905793454446023,28.233042694776092,1,Mon-Th,0,2025-04-10,Mon-Th,1,29
20,25.6454998201839,5.2178709262352685,1,Mon-Th,0,2025-04-10,Mon-Th,1,29
12,3.9389809889400955,6.940332645599411,1,Mon-Th,0,2025-04-10,Mon-Th,1,29
14,7.5113621862184585,13.689165130646998,1,Mon-Th,0,2025-04-10,Mon-Th,1,29
22,16.247796939886204,73.23465104429386,1,Mon-Th,0,2025-04-10,Mon-Th,1,29
22,11.734232325731611,27.879616150447976,1,Mon-Th,0,2025-04-10,Mon-Th,1,29
9,4.05567299527914,12.63790632645745,1,Mon-Th,0,2025-04-10,Mon-Th,1,29
19,2.257790698164526,12.440768759691958,1,Mon-Th,0,2025-04-10,Mon-Th,1,29
17,7.438321788893052,23.9346089096928,1,Mon-Th,0,2025-04-10,Mon-Th,1,29
13,20.23808536876353,3.3341425243870813,1,Mon-Th,0,2025-04-10,Mon-Th,1,29
18,15.094378172144896,9.059020223461838,1,Mon-Th,0,2025-04-10,Mon-Th,1,29
13,2.2690082194916337,5.174135015457826,1,Mon-Th,0,2025-04-10,Mon-Th,1,29
16,14.638158581845232,9.477488382063044,1,Mon-Th,0,2025-04-10,Mon-Th,1,29
23,62.77090378636881,9.50992447413267,1,Mon-Th,0,2025-04-10,Mon-Th,1,29
19,5.577179978685473,6.034929237739642,1,Mon-Th,0,2025-04-10,Mon-Th,1,29
16,13.49398920860347,19.825524134231244,1,Mon-Th,0,2025-04-10,Mon-Th,1,29
21,13.028059026959873,9.101995119880367,1,Mon-Th,0,2025-04-10,Mon-Th,1,29
19,16.75295827305024,6.265668751654961,1,Mon-Th,0,2025-04-10,Mon-Th,1,29
14,3.8861218119023273,7.623804585314006,1,Mon-Th,0,2025-04-10,Mon-Th,1,29
20,15.286819362675718,21.728089366673856,1,Mon-Th,0,2025-04-10,Mon-Th,1,29
14,19.91441794901331,13.056477069221591,1,Mon-Th,0,2025-04-10,Mon-Th,1,29
22,15.061546658360125,18.96067517047306,1,Mon-Th,0,2025-04-10,Mon-Th,1,29
16,16.401670442578283,12.264178822864181,1,Mon-Th,0,2025-04-10,Mon-Th,1,29
8,10.304666633581089,13.138533036918071,1,Mon-Th,0,2025-04-10,Mon-Th,1,29
23,11.073246030216382,17.299280747130304,1,Mon-Th,0,2025-04-10,Mon-Th,1,29
23,14.54235422644371,4.405943333920298,1,Mon-Th,0,2025-04-10,Mon-Th,1,29
22,8.510297887615666,6.4238505742775365,1,Mon-Th,0,2025-04-10,Mon-Th,1,29
20,11.57557707378606,10.065094244214624,1,Mon-Th,0,2025-04-10,Mon-Th,1,29
14,5.5634254376747645,19.97773265126226,1,Mon-Th,0,2025-04-14,Mon-Th,1,17
20,13.075686787401327,10.66453246630545,1,Mon-Th,0,2025-04-14,Mon-Th,1,17
19,8.544325293169639,2.1315185760246704,1,Mon-Th,0,2025-04-14,Mon-Th,1,17
0,5.0104713307864035,21.008548214114107,1,Mon-Th,0,2025-04-14,Mon-Th,1,17
16,18.43131470937802,29.54758821954407,1,Mon-Th,0,2025-04-14,Mon-Th,1,17
20,7.914132458751521,3.59754543125032,1,Mon-Th,0,2025-04-14,Mon-Th,1,17
23,9.021484959607985,23.454990430394023,1,Mon-Th,0,2025-04-14,Mon-Th,1,17
16,13.059633534399353,22.30808941169405,1,Mon-Th,0,2025-04-14,Mon-Th,1,17
16,2.6835477059351116,8.057371122053855,1,Mon-Th,0,2025-04-14,Mon-Th,1,17
19,15.034754602021131,13.46922530658781,1,Mon-Th,0,2025-04-14,Mon-Th,1,17
19,39.42152980448314,12.537543473656891,1,Mon-Th,0,2025-04-14,Mon-Th,1,17
8,3.2927536079541415,4.80599359990712,1,Mon-Th,0,2025-04-14,Mon-Th,1,17
6,16.86692032870979,9.768660038421713,1,Mon-Th,0,2025-04-14,Mon-Th,1,17
20,6.789645551679157,21.151361736415968,1,Mon-Th,0,2025-04-14,Mon-Th,1,17
19,15.780466202563936,11.818524346949173,1,Mon-Th,0,2025-04-14,Mon-Th,1,17
23,9.383005664844058,18.177128692505107,1,Mon-Th,0,2025-04-14,Mon-Th,1,17
10,3.4907010580790936,0.7320924841349363,1,Mon-Th,0,2025-04-14,Mon-Th,1,17
15,29.29632834191799,8.575038126928645,1,Mon-Th,0,2025-04-15,Mon-Th,1,11
12,11.670840913037182,6.166398186430781,1,Mon-Th,0,2025-04-15,Mon-Th,1,11
13,88.55194109521703,6.363582776938507,1,Mon-Th,0,2025-04-15,Mon-Th,1,11
14,13.484448905780098,6.480322603078049,1,Mon-Th,0,2025-04-15,Mon-Th,1,11
20,10.089742354736245,14.807416816180911,1,Mon-Th,0,2025-04-15,Mon-Th,1,11
17,15.822714941418617,8.438087570407175,1,Mon-Th,0,2025-04-15,Mon-Th,1,11
19,18.784134126381073,0.7000465828912523,1,Mon-Th,0,2025-04-15,Mon-Th,1,11
17,8.130392236175545,8.799289738423033,1,Mon-Th,0,2025-04-15,Mon-Th,1,11
19,12.067015133475273,34.32407796723709,1,Mon-Th,0,2025-04-15,Mon-Th,1,11
22,11.47905297639274,7.914709120908024,1,Mon-Th,0,2025-04-15,Mon-Th,1,11
16,13.354490186757577,14.5596152927658,1,Mon-Th,0,2025-04-15,Mon-Th,1,11
18,8.126228660090653,9.650690663839605,1,Mon-Th,0,2025-04-16,Mon-Th,1,17
19,14.827513657682431,5.813558039240413,1,Mon-Th,0,2025-04-16,Mon-Th,1,17
17,13.88282685566002,33.1860643678259,1,Mon-Th,0,2025-04-16,Mon-Th,1,17
19,11.621266602816423,17.496075306924567,1,Mon-Th,0,2025-04-16,Mon-Th,1,17
17,70.58499613018212,22.18848761915562,1,Mon-Th,0,2025-04-16,Mon-Th,1,17
19,11.744153101099695,10.29164961261245,1,Mon-Th,0,2025-04-16,Mon-Th,1,17
17,12.81630238591919,9.211294052386268,1,Mon-Th,0,2025-04-16,Mon-Th,1,17
23,8.859324843974552,11.837477739385507,1,Mon-Th,0,2025-04-16,Mon-Th,1,17
23,8.77309073033085,11.981970844121117,1,Mon-Th,0,2025-04-16,Mon-Th,1,17
23,22.921772989612567,0.9718464278726722,1,Mon-Th,0,2025-04-16,Mon-Th,1,17
23,10.104300163904306,16.2616661467642,1,Mon-Th,0,2025-04-16,Mon-Th,1,17
10,32.88528458347423,7.064131238621911,1,Mon-Th,0,2025-04-16,Mon-Th,1,17
17,8.270864256197104,11.272536894960504,1,Mon-Th,0,2025-04-16,Mon-Th,1,17
19,14.973975543393792,14.165032936229693,1,Mon-Th,0,2025-04-16,Mon-Th,1,17
9,7.392970293032253,13.063699008058638,1,Mon-Th,0,2025-04-16,Mon-Th,1,17
23,23.349866702331866,2.208698747158541,1,Mon-Th,0,2025-04-16,Mon-Th,1,17
19,7.49085625041732,9.592534799660053,1,Mon-Th,0,2025-04-16,Mon-Th,1,17
22,10.732254820762254,16.452420410922375,1,Mon-Th,0,2025-04-17,Mon-Th,1,22
15,19.896186437058798,4.654124544653618,1,Mon-Th,0,2025-04-17,Mon-Th,1,22
21,11.535671221726453,1.1241906163446287,1,Mon-Th,0,2025-04-17,Mon-Th,1,22
20,11.191361189608873,6.890961443002342,1,Mon-Th,0,2025-04-17,Mon-Th,1,22
11,30.877406279735226,5.411364981154802,1,Mon-Th,0,2025-04-17,Mon-Th,1,22
19,2.762013799945228,18.669487023200222,1,Mon-Th,0,2025-04-17,Mon-Th,1,22
11,3.2752972389169828,4.45791511842988,1,Mon-Th,0,2025-04-17,Mon-Th,1,22
17,24.27043703939292,3.561922978870398,1,Mon-Th,0,2025-04-17,Mon-Th,1,22
13,4.105198760865029,20.296339868616307,1,Mon-Th,0,2025-04-17,Mon-Th,1,22
16,18.110617399383415,10.510111227658706,1,Mon-Th,0,2025-04-17,Mon-Th,1,22
15,18.530048835023862,3.7987175993086817,1,Mon-Th,0,2025-04-17,Mon-Th,1,22
10,13.41886901322501,16.171893994730322,1,Mon-Th,0,2025-04-17,Mon-Th,1,22
12,14.635220835586328,11.668837731544357,1,Mon-Th,0,2025-04-17,Mon-Th,1,22
13,6.602771467725395,5.298840174231391,1,Mon-Th,0,2025-04-17,Mon-Th,1,22
23,9.549447431160175,9.410423541761483,1,Mon-Th,0,2025-04-17,Mon-Th,1,22
18,9.945380023127267,3.401471527490558,1,Mon-Th,0,2025-04-17,Mon-Th,1,22
16,14.13498008304147,7.466606561262133,1,Mon-Th,0,2025-04-17,Mon-Th,1,22
17,11.37142124317732,51.81339121190254,1,Mon-Th,0,2025-04-17,Mon-Th,1,22
14,8.717693172143324,13.008765416495223,1,Mon-Th,0,2025-04-17,Mon-Th,1,22
15,4.540739734640106,11.723542975284927,1,Mon-Th,0,2025-04-17,Mon-Th,1,22
23,8.940826306893143,2.745685681402298,1,Mon-Th,0,2025-04-17,Mon-Th,1,22
19,9.881638655787558,4.960159437552333,1,Mon-Th,0,2025-04-17,Mon-Th,1,22
22,14.701953916754071,25.267869283319957,1,Mon-Th,0,2025-04-21,Mon-Th,1,20
19,15.595153697870067,7.512196165988579,1,Mon-Th,0,2025-04-21,Mon-Th,1,20
19,24.097622194385,16.21321516909861,1,Mon-Th,0,2025-04-21,Mon-Th,1,20
15,2.249763811900443,4.639639094247362,1,Mon-Th,0,2025-04-21,Mon-Th,1,20
21,16.55040759494268,11.809092447062856,1,Mon-Th,0,2025-04-21,Mon-Th,1,20
14,4.398687860935455,4.761454016932154,1,Mon-Th,0,2025-04-21,Mon-Th,1,20
14,2.528424529385753,4.154891699076995,1,Mon-Th,0,2025-04-21,Mon-Th,1,20
20,7.193351442898601,5.854927019244519,1,Mon-Th,0,2025-04-21,Mon-Th,1,20
20,7.6996861355157264,10.878250513565078,1,Mon-Th,0,2025-04-21,Mon-Th,1,20
19,22.791771377364366,13.942302917766773,1,Mon-Th,0,2025-04-21,Mon-Th,1,20
18,5.226471765176535,6.068105577011941,1,Mon-Th,0,2025-04-21,Mon-Th,1,20
11,2.743392936779944,5.667328043365141,1,Mon-Th,0,2025-04-21,Mon-Th,1,20
16,2.290253481502452,6.38863723082576,1,Mon-Th,0,2025-04-21,Mon-Th,1,20
10,12.772136565358618,1.4231967343336325,1,Mon-Th,0,2025-04-21,Mon-Th,1,20
17,13.934956023092564,8.347976110010489,1,Mon-Th,0,2025-04-21,Mon-Th,1,20
20,12.564320773132831,14.526165184342583,1,Mon-Th,0,2025-04-21,Mon-Th,1,20
19,17.588980252256416,9.52649069352342,1,Mon-Th,0,2025-04-21,Mon-Th,1,20
13,2.7560284923834963,7.891914850940498,1,Mon-Th,0,2025-04-21,Mon-Th,1,20
16,7.276262482567107,27.7342276193013,1,Mon-Th,0,2025-04-21,Mon-Th,1,20
16,8.57208664130698,13.179825795284984,1,Mon-Th,0,2025-04-21,Mon-Th,1,20
20,13.795459765017213,6.563619248609434,1,Mon-Th,0,2025-04-22,Mon-Th,1,20
23,10.565323310820038,22.479668518209074,1,Mon-Th,0,2025-04-22,Mon-Th,1,20
23,9.418512564246534,21.099242490641718,1,Mon-Th,0,2025-04-22,Mon-Th,1,20
21,12.301467733836425,7.111718181025087,1,Mon-Th,0,2025-04-22,Mon-Th,1,20
19,14.785137910848533,12.690461473926794,1,Mon-Th,0,2025-04-22,Mon-Th,1,20
20,11.627789860603666,23.793997723573735,1,Mon-Th,0,2025-04-22,Mon-Th,1,20
20,9.9578277748213,25.200643265633264,1,Mon-Th,0,2025-04-22,Mon-Th,1,20
20,12.15419091346347,13.770721075452771,1,Mon-Th,0,2025-04-22,Mon-Th,1,20
19,44.46310295999031,4.883119094298228,1,Mon-Th,0,2025-04-22,Mon-Th,1,20
14,16.642490285585524,3.6297968927448228,1,Mon-Th,0,2025-04-22,Mon-Th,1,20
23,8.804720256032034,16.167677729198374,1,Mon-Th,0,2025-04-22,Mon-Th,1,20
15,14.460317273232718,4.057002481118877,1,Mon-Th,0,2025-04-22,Mon-Th,1,20
17,13.968199823868439,4.576907351540595,1,Mon-Th,0,2025-04-22,Mon-Th,1,20
21,13.512482279735458,9.355180555134252,1,Mon-Th,0,2025-04-22,Mon-Th,1,20
21,12.355798005065818,15.164279600737693,1,Mon-Th,0,2025-04-22,Mon-Th,1,20
17,13.657761825121806,18.035265759188047,1,Mon-Th,0,2025-04-22,Mon-Th,1,20
21,12.571912073276252,3.7567825164668776,1,Mon-Th,0,2025-04-22,Mon-Th,1,20
8,18.639728704253585,37.851967948548655,1,Mon-Th,0,2025-04-22,Mon-Th,1,20
17,16.253291231530092,31.068922768644338,1,Mon-Th,0,2025-04-22,Mon-Th,1,20
10,17.506419813086442,4.944108033177057,1,Mon-Th,0,2025-04-22,Mon-Th,1,20
18,17.6719221560394,19.454637443006554,1,Mon-Th,0,2025-04-23,Mon-Th,1,18
18,11.15624890812867,16.020877460878726,1,Mon-Th,0,2025-04-23,Mon-Th,1,18
13,10.067141955936844,11.810501845617102,1,Mon-Th,0,2025-04-23,Mon-Th,1,18
15,28.732072352592464,7.023128075902824,1,Mon-Th,0,2025-04-23,Mon-Th,1,18
20,10.852258723016266,8.080552746204917,1,Mon-Th,0,2025-04-23,Mon-Th,1,18
22,11.504890768205879,3.642888946720051,1,Mon-Th,0,2025-04-23,Mon-Th,1,18
16,2.0729942887840984,3.44251220214675,1,Mon-Th,0,2025-04-23,Mon-Th,1,18
21,12.481071007175036,18.296224802772038,1,Mon-Th,0,2025-04-23,Mon-Th,1,18
15,21.799523250822887,61.490871595141485,1,Mon-Th,0,2025-04-23,Mon-Th,1,18
17,13.619979211085312,17.61457209478856,1,Mon-Th,0,2025-04-23,Mon-Th,1,18
15,37.328386653075704,4.030724072395308,1,Mon-Th,0,2025-04-23,Mon-Th,1,18
11,28.11325106831777,21.509118905331643,1,Mon-Th,0,2025-04-23,Mon-Th,1,18
21,17.373950096597223,13.04846922530008,1,Mon-Th,0,2025-04-23,Mon-Th,1,18
18,14.22256231606098,5.502117798348105,1,Mon-Th,0,2025-04-23,Mon-Th,1,18
16,8.531028548753723,5.846856943940502,1,Mon-Th,0,2025-04-23,Mon-Th,1,18
18,20.774818609884896,3.115988086112269,1,Mon-Th,0,2025-04-23,Mon-Th,1,18
22,14.896948637492109,11.428963412998566,1,Mon-Th,0,2025-04-23,Mon-Th,1,18
21,13.610033265923281,18.114239321990638,1,Mon-Th,0,2025-04-23,Mon-Th,1,18
19,2.003569910808734,5.283443825633846,1,Mon-Th,0,2025-04-24,Mon-Th,1,17
21,13.026424114297683,7.6525150705018365,1,Mon-Th,0,2025-04-24,Mon-Th,1,17
18,17.557572661568546,5.47745259929981,1,Mon-Th,0,2025-04-24,Mon-Th,1,17
16,9.802660346745185,7.115918394441278,1,Mon-Th,0,2025-04-24,Mon-Th,1,17
18,14.310416637517541,26.139087616650194,1,Mon-Th,0,2025-04-24,Mon-Th,1,17
0,12.802279641075124,12.308289864433503,1,Mon-Th,0,2025-04-24,Mon-Th,1,17
7,6.595575117055418,33.26371963678256,1,Mon-Th,0,2025-04-24,Mon-Th,1,17
20,7.771219546220134,16.914945839834672,1,Mon-Th,0,2025-04-24,Mon-Th,1,17
13,42.2143459266485,11.022996512901278,1,Mon-Th,0,2025-04-24,Mon-Th,1,17
17,10.016615283678263,8.886804170328258,1,Mon-Th,0,2025-04-24,Mon-Th,1,17
14,5.4671395484234715,20.639942297178855,1,Mon-Th,0,2025-04-24,Mon-Th,1,17
21,13.468667130988369,41.47204798307198,1,Mon-Th,0,2025-04-24,Mon-Th,1,17
19,35.05919164602974,2.3152394304864905,1,Mon-Th,0,2025-04-24,Mon-Th,1,17
12,30.4427134744638,2.7023046247364464,1,Mon-Th,0,2025-04-24,Mon-Th,1,17
20,12.650563491942652,13.138268311172679,1,Mon-Th,0,2025-04-24,Mon-Th,1,17
19,13.395092070160093,38.957148860419,1,Mon-Th,0,2025-04-24,Mon-Th,1,17
21,16.68542141000544,3.832041624530058,1,Mon-Th,0,2025-04-24,Mon-Th,1,17
19,14.303453845910141,28.360350554352806,1,Mon-Th,0,2025-04-28,Mon-Th,1,18
13,14.431462432014694,7.942563679856334,1,Mon-Th,0,2025-04-28,Mon-Th,1,18
17,20.86550489139799,13.266730003691876,1,Mon-Th,0,2025-04-28,Mon-Th,1,18
19,14.269891081268778,8.037030537852074,1,Mon-Th,0,2025-04-28,Mon-Th,1,18
13,12.954953445349673,15.516850285867257,1,Mon-Th,0,2025-04-28,Mon-Th,1,18
21,6.327318921355227,19.840595917859222,1,Mon-Th,0,2025-04-28,Mon-Th,1,18
9,3.3707473516240336,7.6207749765241966,1,Mon-Th,0,2025-04-28,Mon-Th,1,18
23,14.345743655139586,20.92562129725717,1,Mon-Th,0,2025-04-28,Mon-Th,1,18
19,9.00654998809458,4.6588199905832095,1,Mon-Th,0,2025-04-28,Mon-Th,1,18
15,14.112327135665684,37.69925724198571,1,Mon-Th,0,2025-04-28,Mon-Th,1,18
15,11.84049759559705,11.110026905588393,1,Mon-Th,0,2025-04-28,Mon-Th,1,18
8,12.952921510024488,34.329527052059674,1,Mon-Th,0,2025-04-28,Mon-Th,1,18
22,14.246442899702451,14.917291797545186,1,Mon-Th,0,2025-04-28,Mon-Th,1,18
17,3.9557759635573135,3.3029755446088878,1,Mon-Th,0,2025-04-28,Mon-Th,1,18
18,10.853810891347347,18.681390870453633,1,Mon-Th,0,2025-04-28,Mon-Th,1,18
20,2.033446559634782,6.244202498998655,1,Mon-Th,0,2025-04-28,Mon-Th,1,18
11,2.2746077735061467,1.6893680830088385,1,Mon-Th,0,2025-04-28,Mon-Th,1,18
13,4.089258147470245,2.223380064063946,1,Mon-Th,0,2025-04-28,Mon-Th,1,18
20,11.795926001803348,32.882358519695096,1,Mon-Th,0,2025-04-29,Mon-Th,1,21
20,10.806459468007187,6.324822933920179,1,Mon-Th,0,2025-04-29,Mon-Th,1,21
17,7.357164983171622,12.989051805283378,1,Mon-Th,0,2025-04-29,Mon-Th,1,21
16,6.035913258663634,3.9865196661136,1,Mon-Th,0,2025-04-29,Mon-Th,1,21
15,5.712441022590647,4.069711026093382,1,Mon-Th,0,2025-04-29,Mon-Th,1,21
20,11.017105157759943,8.666108837576036,1,Mon-Th,0,2025-04-29,Mon-Th,1,21
18,14.652975695869621,49.87029871148745,1,Mon-Th,0,2025-04-29,Mon-Th,1,21
16,9.170768482651095,10.041605392618292,1,Mon-Th,0,2025-04-29,Mon-Th,1,21
20,16.086489267477496,10.220541589777948,1,Mon-Th,0,2025-04-29,Mon-Th,1,21
21,9.283081965344257,8.002358681154885,1,Mon-Th,0,2025-04-29,Mon-Th,1,21
15,22.123536211187854,9.379164996492332,1,Mon-Th,0,2025-04-29,Mon-Th,1,21
20,12.156220432109802,7.507063393946986,1,Mon-Th,0,2025-04-29,Mon-Th,1,21
17,12.584811982308445,5.063098707775543,1,Mon-Th,0,2025-04-29,Mon-Th,1,21
20,16.848539651849983,6.947767807554414,1,Mon-Th,0,2025-04-29,Mon-Th,1,21
22,12.896521669867159,6.859286861697076,1,Mon-Th,0,2025-04-29,Mon-Th,1,21
17,11.18250021060054,11.06089072208493,1,Mon-Th,0,2025-04-29,Mon-Th,1,21
18,3.3921461630477805,10.208862593911958,1,Mon-Th,0,2025-04-29,Mon-Th,1,21
21,19.486121426753265,16.83366604631006,1,Mon-Th,0,2025-04-29,Mon-Th,1,21
16,8.933564369565204,36.86612902489967,1,Mon-Th,0,2025-04-29,Mon-Th,1,21
21,4.88533035112958,12.398832536533202,1,Mon-Th,0,2025-04-29,Mon-Th,1,21
21,12.587836435077431,38.424113789751395,1,Mon-Th,0,2025-04-29,Mon-Th,1,21
17,19.92163887571563,3.609827139621041,1,Mon-Th,0,2025-04-30,Mon-Th,1,13
19,17.440527655232444,25.921874933679742,1,Mon-Th,0,2025-04-30,Mon-Th,1,13
18,8.767857108678442,19.78254735305086,1,Mon-Th,0,2025-04-30,Mon-Th,1,13
20,12.250063583809336,23.780754415544013,1,Mon-Th,0,2025-04-30,Mon-Th,1,13
17,2.9686229161880724,21.025007489097,1,Mon-Th,0,2025-04-30,Mon-Th,1,13
15,20.93483496056063,42.856534368544786,1,Mon-Th,0,2025-04-30,Mon-Th,1,13
0,14.044939128221976,7.148190274163663,1,Mon-Th,0,2025-04-30,Mon-Th,1,13
10,22.23341454673439,4.422839261627614,1,Mon-Th,0,2025-04-30,Mon-Th,1,13
19,16.02642330537886,10.403172272843634,1,Mon-Th,0,2025-04-30,Mon-Th,1,13
12,2.925744481901425,5.739294231962887,1,Mon-Th,0,2025-04-30,Mon-Th,1,13
17,17.619691568444445,21.481068665881754,1,Mon-Th,0,2025-04-30,Mon-Th,1,13
13,15.656723160045896,5.164656902014726,1,Mon-Th,0,2025-04-30,Mon-Th,1,13
17,16.329883243662206,2.714476970095334,1,Mon-Th,0,2025-04-30,Mon-Th,1,13
17,21.804304415213366,10.791946653329115,1,Mon-Th,0,2025-05-01,Mon-Th,1,15
23,15.255417759374808,40.0919200942035,1,Mon-Th,0,2025-05-01,Mon-Th,1,15
22,4.918655839253352,9.040474348848527,1,Mon-Th,0,2025-05-01,Mon-Th,1,15
23,14.144319608336833,24.592506829706057,1,Mon-Th,0,2025-05-01,Mon-Th,1,15
19,13.38888188318776,79.52686903971183,1,Mon-Th,0,2025-05-01,Mon-Th,1,15
15,14.020321519909313,13.76501046828082,1,Mon-Th,0,2025-05-01,Mon-Th,1,15
16,19.063278732104358,15.386679434249357,1,Mon-Th,0,2025-05-01,Mon-Th,1,15
18,18.10686119235931,7.795053537717039,1,Mon-Th,0,2025-05-01,Mon-Th,1,15
13,12.406008041662545,13.660235144795294,1,Mon-Th,0,2025-05-01,Mon-Th,1,15
14,2.5453035937750275,13.36108511988669,1,Mon-Th,0,2025-05-01,Mon-Th,1,15
20,25.79172844063379,12.467200422801724,1,Mon-Th,0,2025-05-01,Mon-Th,1,15
19,10.228233505578945,12.19458863330209,1,Mon-Th,0,2025-05-01,Mon-Th,1,15
20,4.53257913919444,8.227730151776779,1,Mon-Th,0,2025-05-01,Mon-Th,1,15
18,11.152581102050956,9.28518206097849,1,Mon-Th,0,2025-05-01,Mon-Th,1,15
23,9.841334181492936,17.42968300277015,1,Mon-Th,0,2025-05-01,Mon-Th,1,15
23,8.003121847021209,14.276798148899399,1,Mon-Th,0,2025-05-05,Mon-Th,1,16
18,15.241521606050455,0.740324774200398,1,Mon-Th,0,2025-05-05,Mon-Th,1,16
17,13.456111607651266,13.574886516652914,1,Mon-Th,0,2025-05-05,Mon-Th,1,16
18,13.15276707968938,4.152425269111134,1,Mon-Th,0,2025-05-05,Mon-Th,1,16
23,9.736053221304104,10.254951620481247,1,Mon-Th,0,2025-05-05,Mon-Th,1,16
17,17.490347632777222,6.988011467164507,1,Mon-Th,0,2025-05-05,Mon-Th,1,16
22,8.278067574066524,21.358062702372006,1,Mon-Th,0,2025-05-05,Mon-Th,1,16
15,3.6591079186735618,10.172619260870801,1,Mon-Th,0,2025-05-05,Mon-Th,1,16
18,15.454111944532624,23.701177529108396,1,Mon-Th,0,2025-05-05,Mon-Th,1,16
22,4.175232142685132,23.753548035213363,1,Mon-Th,0,2025-05-05,Mon-Th,1,16
20,15.351378383162189,21.22924644866768,1,Mon-Th,0,2025-05-05,Mon-Th,1,16
15,5.051623844361855,7.106005624921522,1,Mon-Th,0,2025-05-05,Mon-Th,1,16
19,16.795313644921162,6.819580627580969,1,Mon-Th,0,2025-05-05,Mon-Th,1,16
21,47.10619116798211,13.55685474204188,1,Mon-Th,0,2025-05-05,Mon-Th,1,16
15,6.577622127696156,40.37033310340469,1,Mon-Th,0,2025-05-05,Mon-Th,1,16
16,19.026735206015893,4.276872906097385,1,Mon-Th,0,2025-05-05,Mon-Th,1,16
20,10.347685724255683,23.015956487726427,1,Mon-Th,0,2025-05-06,Mon-Th,1,13
18,6.0384146233253615,45.88388663603623,1,Mon-Th,0,2025-05-06,Mon-Th,1,13
16,24.51549674142458,7.725583058308212,1,Mon-Th,0,2025-05-06,Mon-Th,1,13
21,13.211096427074615,3.7491095342011773,1,Mon-Th,0,2025-05-06,Mon-Th,1,13
21,7.538931273421892,8.695655716931633,1,Mon-Th,0,2025-05-06,Mon-Th,1,13
17,6.170138889597814,26.71023283291909,1,Mon-Th,0,2025-05-06,Mon-Th,1,13
13,11.965681961882883,5.7467220083506465,1,Mon-Th,0,2025-05-06,Mon-Th,1,13
23,19.431064453691565,29.726605412656834,1,Mon-Th,0,2025-05-06,Mon-Th,1,13
23,12.964767768047924,21.290644682023235,1,Mon-Th,0,2025-05-06,Mon-Th,1,13
18,8.516197253829075,8.492559225614356,1,Mon-Th,0,2025-05-06,Mon-Th,1,13
17,16.028385047671627,7.567620622720161,1,Mon-Th,0,2025-05-06,Mon-Th,1,13
18,18.44184460510024,9.830648204594155,1,Mon-Th,0,2025-05-06,Mon-Th,1,13
22,8.864527195783847,2.233353578427947,1,Mon-Th,0,2025-05-06,Mon-Th,1,13
18,14.2754464371402,11.015934936188899,1,Mon-Th,0,2025-05-07,Mon-Th,1,14
20,11.244831624710795,22.609978799603464,1,Mon-Th,0,2025-05-07,Mon-Th,1,14
23,6.469876409299696,7.583533691692468,1,Mon-Th,0,2025-05-07,Mon-Th,1,14
13,3.80082129058429,42.73540007012896,1,Mon-Th,0,2025-05-07,Mon-Th,1,14
21,14.10578473425651,1.569487376194534,1,Mon-Th,0,2025-05-07,Mon-Th,1,14
0,4.287030097570736,11.92250810527588,1,Mon-Th,0,2025-05-07,Mon-Th,1,14
12,6.475473857453057,2.094849362902054,1,Mon-Th,0,2025-05-07,Mon-Th,1,14
8,3.7569699500760416,2.370217690925748,1,Mon-Th,0,2025-05-07,Mon-Th,1,14
0,12.16985437909953,12.049437666275894,1,Mon-Th,0,2025-05-07,Mon-Th,1,14
15,23.489047501259474,2.16074672737194,1,Mon-Th,0,2025-05-07,Mon-Th,1,14
22,12.730068226517822,6.601785284087712,1,Mon-Th,0,2025-05-07,Mon-Th,1,14
18,2.116456490044563,9.451093301955249,1,Mon-Th,0,2025-05-07,Mon-Th,1,14
18,12.748394772891121,10.153196938887463,1,Mon-Th,0,2025-05-07,Mon-Th,1,14
15,13.251177740043712,11.271375271487452,1,Mon-Th,0,2025-05-07,Mon-Th,1,14
14,11.247267720700222,16.888491059957286,1,Mon-Th,0,2025-05-08,Mon-Th,1,19
21,12.397509036031124,10.428022595545963,1,Mon-Th,0,2025-05-08,Mon-Th,1,19
21,9.204114797543955,17.326423008407783,1,Mon-Th,0,2025-05-08,Mon-Th,1,19
12,3.191503502439936,4.428137163831081,1,Mon-Th,0,2025-05-08,Mon-Th,1,19
14,2.392089466139449,9.871753948018604,1,Mon-Th,0,2025-05-08,Mon-Th,1,19
12,16.009771362012867,33.15046247338619,1,Mon-Th,0,2025-05-08,Mon-Th,1,19
20,5.22477371007788,18.396905127236174,1,Mon-Th,0,2025-05-08,Mon-Th,1,19
13,44.0766482031819,1.8385080019593523,1,Mon-Th,0,2025-05-08,Mon-Th,1,19
17,15.863175785632503,71.55515378082644,1,Mon-Th,0,2025-05-08,Mon-Th,1,19
21,2.0039605409528334,8.089455938098052,1,Mon-Th,0,2025-05-08,Mon-Th,1,19
22,4.0760345675201055,31.077713771721093,1,Mon-Th,0,2025-05-08,Mon-Th,1,19
19,15.96171973271511,35.639963055087435,1,Mon-Th,0,2025-05-08,Mon-Th,1,19
18,12.07337697782269,12.195516058522347,1,Mon-Th,0,2025-05-08,Mon-Th,1,19
20,14.332521043662464,16.090543080775703,1,Mon-Th,0,2025-05-08,Mon-Th,1,19
15,4.716280031960031,8.508600638469797,1,Mon-Th,0,2025-05-08,Mon-Th,1,19
21,9.533337860172889,10.604588433616662,1,Mon-Th,0,2025-05-08,Mon-Th,1,19
17,5.362230878604127,12.254020812146507,1,Mon-Th,0,2025-05-08,Mon-Th,1,19
22,6.687188737060584,19.50466848086923,1,Mon-Th,0,2025-05-08,Mon-Th,1,19
20,18.932733741133273,9.066146052324518,1,Mon-Th,0,2025-05-08,Mon-Th,1,19
13,2.954350745311734,10.866476638624048,1,Mon-Th,0,2025-05-12,Mon-Th,1,22
19,12.622387081630489,5.623764091210256,1,Mon-Th,0,2025-05-12,Mon-Th,1,22
18,18.220599950386866,11.532247847839598,1,Mon-Th,0,2025-05-12,Mon-Th,1,22
23,10.337212776384668,6.289855203052649,1,Mon-Th,0,2025-05-12,Mon-Th,1,22
13,4.301294546743373,1.2254795845335211,1,Mon-Th,0,2025-05-12,Mon-Th,1,22
20,42.80440813229673,3.583762865104468,1,Mon-Th,0,2025-05-12,Mon-Th,1,22
14,8.724830447287669,4.775334900434479,1,Mon-Th,0,2025-05-12,Mon-Th,1,22
18,27.6066111203789,6.613692975082865,1,Mon-Th,0,2025-05-12,Mon-Th,1,22
22,11.289583549098047,11.772606317378795,1,Mon-Th,0,2025-05-12,Mon-Th,1,22
22,25.414864577793562,5.749791041328962,1,Mon-Th,0,2025-05-12,Mon-Th,1,22
14,5.895034061097025,5.654755679183644,1,Mon-Th,0,2025-05-12,Mon-Th,1,22
23,11.260123458405001,15.00059114876335,1,Mon-Th,0,2025-05-12,Mon-Th,1,22
17,23.731733464353674,6.316348526621232,1,Mon-Th,0,2025-05-12,Mon-Th,1,22
23,12.390716093548416,30.922672808248063,1,Mon-Th,0,2025-05-12,Mon-Th,1,22
16,2.1121613291743317,1.8270946287952798,1,Mon-Th,0,2025-05-12,Mon-Th,1,22
18,3.7871493198231674,5.828082069844886,1,Mon-Th,0,2025-05-12,Mon-Th,1,22
20,12.333673952818916,10.853568721430575,1,Mon-Th,0,2025-05-12,Mon-Th,1,22
19,23.563077412741833,4.802184604330875,1,Mon-Th,0,2025-05-12,Mon-Th,1,22
1,20.129179077789363,55.23410082990658,1,Mon-Th,0,2025-05-12,Mon-Th,1,22
23,10.090661112541323,4.310062370977985,1,Mon-Th,0,2025-05-12,Mon-Th,1,22
18,15.282788420474219,7.84077833599228,1,Mon-Th,0,2025-05-12,Mon-Th,1,22
16,16.472084709775572,21.877474144065076,1,Mon-Th,0,2025-05-12,Mon-Th,1,22
16,14.400027770313269,6.01464866048667,2,Sunday,0,2025-06-22,Sunday,2,47
16,13.426654984931517,15.599426741587418,2,Sunday,0,2025-06-22,Sunday,2,47
16,19.70701637554778,43.97222340117228,2,Sunday,0,2025-06-22,Sunday,2,47
16,9.009455328704462,3.9397900049095487,2,Sunday,0,2025-06-22,Sunday,2,47
21,7.596200256694551,3.3951265969455546,2,Sunday,0,2025-06-22,Sunday,2,47
12,9.848045639809476,4.125421490269181,2,Sunday,0,2025-06-22,Sunday,2,47
18,14.030338021419684,9.484067515576298,2,Sunday,0,2025-06-22,Sunday,2,47
22,14.323528326627681,10.198259748938648,2,Sunday,0,2025-06-22,Sunday,2,47
5,9.442926419921829,4.0371033203440545,2,Sunday,0,2025-06-22,Sunday,2,47
1,14.035300883955461,16.3330471991767,2,Sunday,0,2025-06-22,Sunday,2,47
21,12.09350173298435,15.011253825078128,2,Sunday,0,2025-06-22,Sunday,2,47
16,2.0556363097330577,2.3724696278502275,2,Sunday,0,2025-06-22,Sunday,2,47
10,25.2055344852118,11.638922165755782,2,Sunday,0,2025-06-22,Sunday,2,47
18,21.520847476509793,41.07154583556917,2,Sunday,0,2025-06-22,Sunday,2,47
17,17.41337549111241,15.339439938042998,2,Sunday,0,2025-06-22,Sunday,2,47
21,10.341295238198878,7.025637887553566,2,Sunday,0,2025-06-22,Sunday,2,47
21,10.309279799365207,5.267083675601926,2,Sunday,0,2025-06-22,Sunday,2,47
18,21.98457450229188,1.4702075708006133,2,Sunday,0,2025-06-22,Sunday,2,47
17,15.582960612503918,7.0846984981144745,2,Sunday,0,2025-06-22,Sunday,2,47
17,32.68958181632348,5.4938221838724495,2,Sunday,0,2025-06-22,Sunday,2,47
14,15.350109086736822,3.4158229066557366,2,Sunday,0,2025-06-22,Sunday,2,47
18,14.104331638998008,2.9146855962433174,2,Sunday,0,2025-06-22,Sunday,2,47
10,49.29959426399518,27.929848343110134,2,Sunday,0,2025-06-22,Sunday,2,47
18,2.068577664927966,4.42652864303556,2,Sunday,0,2025-06-22,Sunday,2,47
20,12.77626117348915,1.5147402954891331,2,Sunday,0,2025-06-22,Sunday,2,47
19,13.55661895415017,7.254284218817711,2,Sunday,0,2025-06-22,Sunday,2,47
15,30.794593754410958,7.679241634341151,2,Sunday,0,2025-06-22,Sunday,2,47
15,20.13739882644873,6.580521992439209,2,Sunday,0,2025-06-22,Sunday,2,47
18,17.667877939395115,14.154929677321476,2,Sunday,0,2025-06-22,Sunday,2,47
18,4.7989501932242,7.270421210154116,2,Sunday,0,2025-06-22,Sunday,2,47
23,10.39008185503959,12.848059695800876,2,Sunday,0,2025-06-22,Sunday,2,47
15,30.087284094883756,13.967263023013748,2,Sunday,0,2025-06-22,Sunday,2,47
18,10.902322262049314,16.68298433799187,2,Sunday,0,2025-06-22,Sunday,2,47
20,15.441180137837122,34.14484910218405,2,Sunday,0,2025-06-22,Sunday,2,47
9,11.034944340408327,7.576491341992289,2,Sunday,0,2025-06-22,Sunday,2,47
18,2.4826406114274455,9.289889622311229,2,Sunday,0,2025-06-22,Sunday,2,47
20,2.0386360240697634,9.193395996938603,2,Sunday,0,2025-06-22,Sunday,2,47
16,20.852523623470404,11.578673797481002,2,Sunday,0,2025-06-22,Sunday,2,47
22,14.203198743497477,8.279970485282876,2,Sunday,0,2025-06-22,Sunday,2,47
20,12.847015591821357,7.945077805329022,2,Sunday,0,2025-06-22,Sunday,2,47
18,9.42738723507693,5.151988746037683,2,Sunday,0,2025-06-22,Sunday,2,47
9,13.71720876707677,5.841759171875002,2,Sunday,0,2025-06-22,Sunday,2,47
0,11.705186445809165,28.4524777906202,2,Sunday,0,2025-06-22,Sunday,2,47
22,11.019435071288672,19.39192851614477,2,Sunday,0,2025-06-22,Sunday,2,47
15,9.374802170668204,19.18244567211212,2,Sunday,0,2025-06-22,Sunday,2,47
16,9.356797797000047,15.26057818219814,2,Sunday,0,2025-06-22,Sunday,2,47
18,10.020357338190994,17.78787725279197,2,Sunday,0,2025-06-22,Sunday,2,47
4,12.645418030902665,10.724911901783459,2,Sunday,0,2025-06-29,Sunday,2,40
14,15.831255223020069,4.948178192822863,2,Sunday,0,2025-06-29,Sunday,2,40
15,21.335178307071402,9.045793341208508,2,Sunday,0,2025-06-29,Sunday,2,40
19,11.484575125572007,9.699021227824678,2,Sunday,0,2025-06-29,Sunday,2,40
15,25.593042622029746,5.359966847963849,2,Sunday,0,2025-06-29,Sunday,2,40
9,10.59329577102659,2.175696203001708,2,Sunday,0,2025-06-29,Sunday,2,40
15,11.941550882374358,28.934087801353066,2,Sunday,0,2025-06-29,Sunday,2,40
13,13.714798306086326,4.476320148002199,2,Sunday,0,2025-06-29,Sunday,2,40
23,10.156533146146522,2.4131426097197064,2,Sunday,0,2025-06-29,Sunday,2,40
19,8.824481785190176,58.52067039762363,2,Sunday,0,2025-06-29,Sunday,2,40
20,6.899831208206098,11.622094730859365,2,Sunday,0,2025-06-29,Sunday,2,40
14,3.435245145435351,2.6284734747112717,2,Sunday,0,2025-06-29,Sunday,2,40
16,33.08429145182085,4.962823872492026,2,Sunday,0,2025-06-29,Sunday,2,40
17,20.210766707291732,4.072829547146429,2,Sunday,0,2025-06-29,Sunday,2,40
20,11.080700809935685,5.686343927876446,2,Sunday,0,2025-06-29,Sunday,2,40
16,11.80232075063164,15.35173682848214,2,Sunday,0,2025-06-29,Sunday,2,40
18,15.949494630904624,3.335137497800452,2,Sunday,0,2025-06-29,Sunday,2,40
17,15.29365224082908,5.7854437913204855,2,Sunday,0,2025-06-29,Sunday,2,40
0,7.300740888752302,7.498479533289905,2,Sunday,0,2025-06-29,Sunday,2,40
19,11.665428457285444,16.968911158972507,2,Sunday,0,2025-06-29,Sunday,2,40
17,7.417013401506952,13.862911758650943,2,Sunday,0,2025-06-29,Sunday,2,40
16,17.470015483453835,13.297560003831013,2,Sunday,0,2025-06-29,Sunday,2,40
15,3.1636801038787388,15.345385398971818,2,Sunday,0,2025-06-29,Sunday,2,40
18,18.689869910457027,29.0438656598679,2,Sunday,0,2025-06-29,Sunday,2,40
19,20.183103368881042,7.552454494128289,2,Sunday,0,2025-06-29,Sunday,2,40
15,10.019580060696015,8.23173758262744,2,Sunday,0,2025-06-29,Sunday,2,40
15,17.59125833390153,13.895816543842816,2,Sunday,0,2025-06-29,Sunday,2,40
15,19.05351265132358,1.0918348160458164,2,Sunday,0,2025-06-29,Sunday,2,40
18,15.485853893353053,6.283211203922483,2,Sunday,0,2025-06-29,Sunday,2,40
17,26.21008925167427,8.154363403539843,2,Sunday,0,2025-06-29,Sunday,2,40
19,4.418388491321329,8.148506445408488,2,Sunday,0,2025-06-29,Sunday,2,40
0,31.450075474407363,39.52444722231898,2,Sunday,0,2025-06-29,Sunday,2,40
17,18.83814898830322,74.76417773654681,2,Sunday,0,2025-06-29,Sunday,2,40
20,11.516638694884396,10.565176465683829,2,Sunday,0,2025-06-29,Sunday,2,40
18,11.792975955319356,11.733279372327512,2,Sunday,0,2025-06-29,Sunday,2,40
0,20.53569047254689,11.155568338266486,2,Sunday,0,2025-06-29,Sunday,2,40
11,4.654697211911047,12.170975891264453,2,Sunday,0,2025-06-29,Sunday,2,40
16,4.011875685365285,7.929529637515111,2,Sunday,0,2025-06-29,Sunday,2,40
20,9.751297349016234,5.309630757399198,2,Sunday,0,2025-06-29,Sunday,2,40
13,13.166230043238475,19.912599056226824,2,Sunday,0,2025-06-29,Sunday,2,40
17,3.414259216356843,12.347484504442301,2,Sunday,0,2025-07-06,Sunday,2,43
14,23.476230263600588,4.466658677654182,2,Sunday,0,2025-07-06,Sunday,2,43
17,3.7815416325152986,2.831166074969018,2,Sunday,0,2025-07-06,Sunday,2,43
16,5.050892161243172,12.51037010740543,2,Sunday,0,2025-07-06,Sunday,2,43
21,11.20559377442352,8.919154145406823,2,Sunday,0,2025-07-06,Sunday,2,43
16,13.282518863242426,16.981483494333354,2,Sunday,0,2025-07-06,Sunday,2,43
16,5.4526022123353695,8.980886752543935,2,Sunday,0,2025-07-06,Sunday,2,43
14,10.399728671431308,3.111093883880076,2,Sunday,0,2025-07-06,Sunday,2,43
12,4.29214692870578,1.52155084396009,2,Sunday,0,2025-07-06,Sunday,2,43
23,20.19749281469829,14.975305438784636,2,Sunday,0,2025-07-06,Sunday,2,43
13,15.747058699626564,11.258369089736814,2,Sunday,0,2025-07-06,Sunday,2,43
17,11.424151912318514,11.152957996492201,2,Sunday,0,2025-07-06,Sunday,2,43
1,5.011837446655351,6.29026001172752,2,Sunday,0,2025-07-06,Sunday,2,43
14,4.470859577397886,14.357385650385206,2,Sunday,0,2025-07-06,Sunday,2,43
9,2.7375841462741324,4.134749653107515,2,Sunday,0,2025-07-06,Sunday,2,43
23,10.331242049429925,7.833742015126156,2,Sunday,0,2025-07-06,Sunday,2,43
23,12.164717905781078,33.72264549278027,2,Sunday,0,2025-07-06,Sunday,2,43
13,3.224786055925412,10.659001373438466,2,Sunday,0,2025-07-06,Sunday,2,43
16,24.997650488724904,9.28298185383222,2,Sunday,0,2025-07-06,Sunday,2,43
14,14.14289366619819,22.76426658968198,2,Sunday,0,2025-07-06,Sunday,2,43
17,17.378660985011432,7.98974679142519,2,Sunday,0,2025-07-06,Sunday,2,43
16,2.4365236143704574,11.371944366061618,2,Sunday,0,2025-07-06,Sunday,2,43
15,88.42176948225263,29.278824277025972,2,Sunday,0,2025-07-06,Sunday,2,43
19,11.227197987439055,13.977423760332025,2,Sunday,0,2025-07-06,Sunday,2,43
0,17.200569552695356,16.332429877053922,2,Sunday,0,2025-07-06,Sunday,2,43
19,13.402884129308848,42.331982220040345,2,Sunday,0,2025-07-06,Sunday,2,43
19,10.675034563943935,30.53469314329111,2,Sunday,0,2025-07-06,Sunday,2,43
10,5.742423621078098,28.07718313254949,2,Sunday,0,2025-07-06,Sunday,2,43
21,5.913595655906387,12.169233219972272,2,Sunday,0,2025-07-06,Sunday,2,43
18,12.068380488121601,40.14194592243343,2,Sunday,0,2025-07-06,Sunday,2,43
13,21.663816694916658,10.334448116762612,2,Sunday,0,2025-07-06,Sunday,2,43
16,6.3777712226644825,18.26934082884318,2,Sunday,0,2025-07-06,Sunday,2,43
16,19.082834368389197,16.878707183918426,2,Sunday,0,2025-07-06,Sunday,2,43
11,3.0220859337951227,2.574954719269999,2,Sunday,0,2025-07-06,Sunday,2,43
7,109.08077318843978,58.145641560508146,2,Sunday,0,2025-07-06,Sunday,2,43
21,23.06444016722116,5.024981207803402,2,Sunday,0,2025-07-06,Sunday,2,43
12,15.41758444901409,37.443527774283375,2,Sunday,0,2025-07-06,Sunday,2,43
19,11.852742514439523,19.625357823104093,2,Sunday,0,2025-07-06,Sunday,2,43
21,6.542323419226724,6.836513085889205,2,Sunday,0,2025-07-06,Sunday,2,43
15,17.632328328343657,7.356035147222202,2,Sunday,0,2025-07-06,Sunday,2,43
8,29.54945234846719,18.280083650807477,2,Sunday,0,2025-07-06,Sunday,2,43
17,16.605281647852397,79.82598683406017,2,Sunday,0,2025-07-06,Sunday,2,43
0,8.3267880143964,6.3988695202265715,2,Sunday,0,2025-07-06,Sunday,2,43
16,3.9684782689944846,12.803652174932552,2,Sunday,0,2025-07-13,Sunday,2,31
22,7.554780126730661,8.061485829081894,2,Sunday,0,2025-07-13,Sunday,2,31
21,12.425162648316668,23.423386383341214,2,Sunday,0,2025-07-13,Sunday,2,31
17,5.409476958858226,7.528207320210524,2,Sunday,0,2025-07-13,Sunday,2,31
22,12.03093380628501,13.302681083800254,2,Sunday,0,2025-07-13,Sunday,2,31
20,19.951108712198156,5.078270371365073,2,Sunday,0,2025-07-13,Sunday,2,31
7,14.53890011007283,4.288715113183516,2,Sunday,0,2025-07-13,Sunday,2,31
17,17.781432066354352,7.353109968398417,2,Sunday,0,2025-07-13,Sunday,2,31
10,3.1784927558758396,9.492411190353875,2,Sunday,0,2025-07-13,Sunday,2,31
20,15.284569600199227,45.338085923383694,2,Sunday,0,2025-07-13,Sunday,2,31
16,23.037829729727736,10.702296571656433,2,Sunday,0,2025-07-13,Sunday,2,31
18,14.297845485003084,4.5697173257029124,2,Sunday,0,2025-07-13,Sunday,2,31
20,28.301012089418013,5.129613240970281,2,Sunday,0,2025-07-13,Sunday,2,31
12,18.05085784054796,26.126077878490904,2,Sunday,0,2025-07-13,Sunday,2,31
8,7.812548906583714,3.7305907228982402,2,Sunday,0,2025-07-13,Sunday,2,31
17,35.04977901896102,2.876575866053124,2,Sunday,0,2025-07-13,Sunday,2,31
16,67.83192893016373,4.824569815956838,2,Sunday,0,2025-07-13,Sunday,2,31
17,12.459016823755807,4.591886400477214,2,Sunday,0,2025-07-13,Sunday,2,31
19,3.3408426200430688,21.135721962772315,2,Sunday,0,2025-07-13,Sunday,2,31
13,31.178838614658197,5.258926411054628,2,Sunday,0,2025-07-13,Sunday,2,31
17,16.37144144311702,14.841269525726869,2,Sunday,0,2025-07-13,Sunday,2,31
22,7.727293957275377,24.0314812931123,2,Sunday,0,2025-07-13,Sunday,2,31
22,10.847610343968135,8.124988484112203,2,Sunday,0,2025-07-13,Sunday,2,31
15,8.141190178398995,4.762442704963451,2,Sunday,0,2025-07-13,Sunday,2,31
16,12.2771447758989,18.656660679038435,2,Sunday,0,2025-07-13,Sunday,2,31
7,14.660883420480467,13.97668171574649,2,Sunday,0,2025-07-13,Sunday,2,31
17,4.989115898040446,10.41783879963061,2,Sunday,0,2025-07-13,Sunday,2,31
18,9.89512278568207,11.14705750875332,2,Sunday,0,2025-07-13,Sunday,2,31
10,36.41770167482343,11.913058188601966,2,Sunday,0,2025-07-13,Sunday,2,31
18,11.875698033153459,14.62723293283098,2,Sunday,0,2025-07-13,Sunday,2,31
21,9.886890110986108,9.981253774829252,2,Sunday,0,2025-07-13,Sunday,2,31
16,4.6387616014791675,12.355271049972703,2,Sunday,0,2025-07-20,Sunday,2,40
19,6.231634397907184,6.37173216723844,2,Sunday,0,2025-07-20,Sunday,2,40
18,14.073232610668143,2.347422341515088,2,Sunday,0,2025-07-20,Sunday,2,40
15,27.535999298890953,40.83120677361617,2,Sunday,0,2025-07-20,Sunday,2,40
19,24.407208364447673,8.250374173440093,2,Sunday,0,2025-07-20,Sunday,2,40
19,12.192875511888808,10.392976327007641,2,Sunday,0,2025-07-20,Sunday,2,40
17,14.85373388701381,4.079526060652619,2,Sunday,0,2025-07-20,Sunday,2,40
19,33.40840439193831,16.349284771215352,2,Sunday,0,2025-07-20,Sunday,2,40
23,7.976687516572181,24.75796539191648,2,Sunday,0,2025-07-20,Sunday,2,40
1,9.749619769483404,26.660445887263414,2,Sunday,0,2025-07-20,Sunday,2,40
17,12.240577591483017,5.961391613933089,2,Sunday,0,2025-07-20,Sunday,2,40
13,18.089255078370837,13.490458712208873,2,Sunday,0,2025-07-20,Sunday,2,40
4,5.972414646340718,8.74164214050205,2,Sunday,0,2025-07-20,Sunday,2,40
12,11.42731807918777,6.798478374990349,2,Sunday,0,2025-07-20,Sunday,2,40
15,20.82986251377862,7.938514563376466,2,Sunday,0,2025-07-20,Sunday,2,40
16,5.922349674685939,2.3784222372274275,2,Sunday,0,2025-07-20,Sunday,2,40
23,13.115943265076115,21.631433408803684,2,Sunday,0,2025-07-20,Sunday,2,40
20,13.975833887417775,10.557019524151965,2,Sunday,0,2025-07-20,Sunday,2,40
23,11.680540114229078,14.268551733252888,2,Sunday,0,2025-07-20,Sunday,2,40
16,75.51149854059018,7.064651012092888,2,Sunday,0,2025-07-20,Sunday,2,40
19,6.914775057327101,15.53671873874841,2,Sunday,0,2025-07-20,Sunday,2,40
17,20.917257847079753,66.61684554471098,2,Sunday,0,2025-07-20,Sunday,2,40
16,24.588260304111717,22.1258248706354,2,Sunday,0,2025-07-20,Sunday,2,40
13,4.30984137544253,14.767727731556942,2,Sunday,0,2025-07-20,Sunday,2,40
14,18.42312091697596,19.24983544848814,2,Sunday,0,2025-07-20,Sunday,2,40
11,4.324527484264002,3.0758361052467045,2,Sunday,0,2025-07-20,Sunday,2,40
18,10.613750866610996,12.31536948125853,2,Sunday,0,2025-07-20,Sunday,2,40
14,4.090158985397267,8.162431975437483,2,Sunday,0,2025-07-20,Sunday,2,40
22,10.97512454038328,10.40244143828361,2,Sunday,0,2025-07-20,Sunday,2,40
15,31.529548608978885,7.389237045024184,2,Sunday,0,2025-07-20,Sunday,2,40
13,30.333844624720406,10.78843686126539,2,Sunday,0,2025-07-20,Sunday,2,40
20,11.982012974921322,18.73261192837949,2,Sunday,0,2025-07-20,Sunday,2,40
17,9.619847875531637,23.774397706846173,2,Sunday,0,2025-07-20,Sunday,2,40
17,15.054665582856224,25.50926000907877,2,Sunday,0,2025-07-20,Sunday,2,40
19,13.249506646210794,2.8591503434862178,2,Sunday,0,2025-07-20,Sunday,2,40
21,14.609318552631436,25.297161074493804,2,Sunday,0,2025-07-20,Sunday,2,40
19,60.32850181581785,2.0020035695594522,2,Sunday,0,2025-07-20,Sunday,2,40
19,32.18625492313879,8.899436671154552,2,Sunday,0,2025-07-20,Sunday,2,40
14,21.643990412162566,9.674205914724709,2,Sunday,0,2025-07-20,Sunday,2,40
13,17.456386010532444,8.849189646175299,2,Sunday,0,2025-07-20,Sunday,2,40
10,20.104566601029887,13.503014625455249,2,Sunday,0,2025-07-27,Sunday,2,47
16,15.899534879030128,4.389263439526634,2,Sunday,0,2025-07-27,Sunday,2,47
0,8.504934253988067,8.716888000035384,2,Sunday,0,2025-07-27,Sunday,2,47
9,3.3450815957361137,18.99782423658591,2,Sunday,0,2025-07-27,Sunday,2,47
18,14.549740530536031,17.06589420552553,2,Sunday,0,2025-07-27,Sunday,2,47
19,13.058772760671648,12.303984235743204,2,Sunday,0,2025-07-27,Sunday,2,47
18,5.992681922575069,6.45919155959563,2,Sunday,0,2025-07-27,Sunday,2,47
17,12.553586566862865,7.909046524946632,2,Sunday,0,2025-07-27,Sunday,2,47
0,3.7524867725516797,2.5791438198339014,2,Sunday,0,2025-07-27,Sunday,2,47
20,11.772684246091313,8.43784135359181,2,Sunday,0,2025-07-27,Sunday,2,47
7,9.37221654222206,28.12910539530944,2,Sunday,0,2025-07-27,Sunday,2,47
15,14.31561191214605,7.317092057417967,2,Sunday,0,2025-07-27,Sunday,2,47
16,8.408638058903712,8.183001147895043,2,Sunday,0,2025-07-27,Sunday,2,47
17,18.193208883888026,10.9692005264749,2,Sunday,0,2025-07-27,Sunday,2,47
12,17.881760772661462,4.030154552351934,2,Sunday,0,2025-07-27,Sunday,2,47
18,25.009252990460386,5.04191376034356,2,Sunday,0,2025-07-27,Sunday,2,47
14,27.07701149286569,1.474214575533371,2,Sunday,0,2025-07-27,Sunday,2,47
17,9.836497989931175,3.4779096720633493,2,Sunday,0,2025-07-27,Sunday,2,47
19,12.936544958398024,22.598999206006535,2,Sunday,0,2025-07-27,Sunday,2,47
20,11.271493576061662,6.338625090950505,2,Sunday,0,2025-07-27,Sunday,2,47
19,15.253265786467743,51.93811647969169,2,Sunday,0,2025-07-27,Sunday,2,47
16,9.740264486676637,13.14772711340973,2,Sunday,0,2025-07-27,Sunday,2,47
19,8.063741907507204,39.83666358762801,2,Sunday,0,2025-07-27,Sunday,2,47
16,5.058171773414422,23.75997306166914,2,Sunday,0,2025-07-27,Sunday,2,47
22,9.006706023388631,5.04847451318633,2,Sunday,0,2025-07-27,Sunday,2,47
12,7.762578719039654,5.777613777546297,2,Sunday,0,2025-07-27,Sunday,2,47
19,12.867937685150181,19.214578423220342,2,Sunday,0,2025-07-27,Sunday,2,47
15,17.306335220609412,19.01555771476569,2,Sunday,0,2025-07-27,Sunday,2,47
18,9.049098603812013,6.82647257784645,2,Sunday,0,2025-07-27,Sunday,2,47
15,15.207507315682506,9.765914480786467,2,Sunday,0,2025-07-27,Sunday,2,47
8,2.7363587833868666,10.846296045050606,2,Sunday,0,2025-07-27,Sunday,2,47
20,10.294515579053751,16.428569156383624,2,Sunday,0,2025-07-27,Sunday,2,47
14,10.225314164031875,7.661658801579401,2,Sunday,0,2025-07-27,Sunday,2,47
14,16.25526572018303,28.312911785702102,2,Sunday,0,2025-07-27,Sunday,2,47
9,2.57827534079,6.6348756287075314,2,Sunday,0,2025-07-27,Sunday,2,47
21,14.752917627223571,18.431313921031137,2,Sunday,0,2025-07-27,Sunday,2,47
19,3.181039652091203,16.950058025478025,2,Sunday,0,2025-07-27,Sunday,2,47
17,31.024360986755386,7.379637928255473,2,Sunday,0,2025-07-27,Sunday,2,47
23,8.88560091918377,10.538904160763265,2,Sunday,0,2025-07-27,Sunday,2,47
15,19.71035903070505,14.817171563868547,2,Sunday,0,2025-07-27,Sunday,2,47
13,4.679621704919763,4.909647766687917,2,Sunday,0,2025-07-27,Sunday,2,47
16,11.175516569583301,19.52773645955644,2,Sunday,0,2025-07-27,Sunday,2,47
18,5.459622634591823,18.7775841086523,2,Sunday,0,2025-07-27,Sunday,2,47
18,9.921148937289544,6.353651557075954,2,Sunday,0,2025-07-27,Sunday,2,47
16,11.320953277484492,6.067324774240945,2,Sunday,0,2025-07-27,Sunday,2,47
21,28.948714452616485,5.141826597347449,2,Sunday,0,2025-07-27,Sunday,2,47
11,19.07458164108451,6.499880227598229,2,Sunday,0,2025-07-27,Sunday,2,47
16,19.5504237549711,12.069967816571944,2,Sunday,0,2025-08-03,Sunday,2,54
15,24.993214185679143,4.2665061644511075,2,Sunday,0,2025-08-03,Sunday,2,54
21,13.29986771961001,10.688260805022434,2,Sunday,0,2025-08-03,Sunday,2,54
21,14.615679441801468,8.468311009421909,2,Sunday,0,2025-08-03,Sunday,2,54
16,21.068219862120603,12.56883753035327,2,Sunday,0,2025-08-03,Sunday,2,54
10,18.397862747469976,34.550597953136354,2,Sunday,0,2025-08-03,Sunday,2,54
17,9.2827980559229,0.8645513548242346,2,Sunday,0,2025-08-03,Sunday,2,54
16,12.78287980786105,8.92781455932249,2,Sunday,0,2025-08-03,Sunday,2,54
23,10.664397531880002,15.33774559224019,2,Sunday,0,2025-08-03,Sunday,2,54
20,11.27884839125716,7.265679789422786,2,Sunday,0,2025-08-03,Sunday,2,54
0,5.924466955604957,5.617786577953429,2,Sunday,0,2025-08-03,Sunday,2,54
17,21.14191706071506,6.59442035100274,2,Sunday,0,2025-08-03,Sunday,2,54
15,34.70199272939127,7.735277174374586,2,Sunday,0,2025-08-03,Sunday,2,54
15,13.744197963751414,10.16332548153945,2,Sunday,0,2025-08-03,Sunday,2,54
9,2.807983772556766,1.526349503590681,2,Sunday,0,2025-08-03,Sunday,2,54
16,15.882108412973341,7.0069648297738185,2,Sunday,0,2025-08-03,Sunday,2,54
11,21.283311685671226,14.62068623140432,2,Sunday,0,2025-08-03,Sunday,2,54
18,19.006646990355282,5.310035398297702,2,Sunday,0,2025-08-03,Sunday,2,54
6,9.123135069418803,2.549004324354325,2,Sunday,0,2025-08-03,Sunday,2,54
22,11.77801323699202,5.44871061205725,2,Sunday,0,2025-08-03,Sunday,2,54
14,3.5255265542218157,4.777874214047317,2,Sunday,0,2025-08-03,Sunday,2,54
12,3.1759643630844123,7.750682016394934,2,Sunday,0,2025-08-03,Sunday,2,54
17,10.758226105659244,20.304534556058382,2,Sunday,0,2025-08-03,Sunday,2,54
17,2.270466018282623,5.04160712586393,2,Sunday,0,2025-08-03,Sunday,2,54
18,16.58643221285855,6.928841455209244,2,Sunday,0,2025-08-03,Sunday,2,54
8,3.129061606689329,5.589813782040103,2,Sunday,0,2025-08-03,Sunday,2,54
15,13.707072704727835,10.307771297158087,2,Sunday,0,2025-08-03,Sunday,2,54
17,16.202394672879183,14.813123263793704,2,Sunday,0,2025-08-03,Sunday,2,54
15,15.908674037849075,7.28964857956159,2,Sunday,0,2025-08-03,Sunday,2,54
9,11.569195276204795,13.406158234114468,2,Sunday,0,2025-08-03,Sunday,2,54
7,10.871600145504132,13.107655079135519,2,Sunday,0,2025-08-03,Sunday,2,54
19,8.579660043288225,16.217565172908376,2,Sunday,0,2025-08-03,Sunday,2,54
14,16.065429949634073,2.666309778498631,2,Sunday,0,2025-08-03,Sunday,2,54
18,6.317268741697798,8.438361179383694,2,Sunday,0,2025-08-03,Sunday,2,54
18,4.163864305334569,12.924033024176165,2,Sunday,0,2025-08-03,Sunday,2,54
16,5.843924068245571,12.935326860364867,2,Sunday,0,2025-08-03,Sunday,2,54
10,3.459869776284677,2.868695682335808,2,Sunday,0,2025-08-03,Sunday,2,54
15,5.204466987128752,7.665466402949931,2,Sunday,0,2025-08-03,Sunday,2,54
13,26.680619337833466,18.640037247001473,2,Sunday,0,2025-08-03,Sunday,2,54
12,31.513390718042515,6.564908193533135,2,Sunday,0,2025-08-03,Sunday,2,54
20,8.644511602233523,7.29792990762529,2,Sunday,0,2025-08-03,Sunday,2,54
2,13.178550534551864,42.31070358797745,2,Sunday,0,2025-08-03,Sunday,2,54
22,6.053012803963154,13.203978311186338,2,Sunday,0,2025-08-03,Sunday,2,54
19,4.17585388489535,17.693413922694976,2,Sunday,0,2025-08-03,Sunday,2,54
18,42.55835414378992,12.795762643316158,2,Sunday,0,2025-08-03,Sunday,2,54
19,5.901109529732744,13.832872097554976,2,Sunday,0,2025-08-03,Sunday,2,54
17,2.960517843067218,28.07561036201674,2,Sunday,0,2025-08-03,Sunday,2,54
22,11.4329008776463,5.24226746136847,2,Sunday,0,2025-08-03,Sunday,2,54
14,7.916622588567437,42.72878731537772,2,Sunday,0,2025-08-03,Sunday,2,54
19,17.906045214793885,7.424415262594893,2,Sunday,0,2025-08-03,Sunday,2,54
23,35.58508024636699,16.805240963538726,2,Sunday,0,2025-08-03,Sunday,2,54
20,10.71473095808227,39.995350941539314,2,Sunday,0,2025-08-03,Sunday,2,54
18,10.112196452266105,2.6894736460031208,2,Sunday,0,2025-08-03,Sunday,2,54
19,2.705317364098354,20.874911915973037,2,Sunday,0,2025-08-03,Sunday,2,54
17,16.823648119590594,9.265107447456124,2,Sunday,0,2025-08-10,Sunday,2,54
16,14.195463388288388,5.272952200016194,2,Sunday,0,2025-08-10,Sunday,2,54
5,17.789672718696185,3.5760439687379293,2,Sunday,0,2025-08-10,Sunday,2,54
16,14.606298159087409,10.793027971603715,2,Sunday,0,2025-08-10,Sunday,2,54
17,21.103904733685404,8.232004873747975,2,Sunday,0,2025-08-10,Sunday,2,54
15,26.356543141586712,2.0488084301324125,2,Sunday,0,2025-08-10,Sunday,2,54
19,15.444369573756521,9.703101025444342,2,Sunday,0,2025-08-10,Sunday,2,54
19,3.1795597343898807,25.651994558681658,2,Sunday,0,2025-08-10,Sunday,2,54
11,3.478307164046984,12.827088282147196,2,Sunday,0,2025-08-10,Sunday,2,54
14,23.71195343858435,5.53818461391522,2,Sunday,0,2025-08-10,Sunday,2,54
18,4.281283808192938,2.8440156032024877,2,Sunday,0,2025-08-10,Sunday,2,54
20,14.652293688674323,5.581945119693846,2,Sunday,0,2025-08-10,Sunday,2,54
0,7.007259355208653,15.720254972822648,2,Sunday,0,2025-08-10,Sunday,2,54
22,6.998922116631021,13.755065753567441,2,Sunday,0,2025-08-10,Sunday,2,54
15,16.577852713429778,13.3160178747576,2,Sunday,0,2025-08-10,Sunday,2,54
14,3.0836961337645947,12.437608154607078,2,Sunday,0,2025-08-10,Sunday,2,54
21,9.562611078848388,10.788326124185927,2,Sunday,0,2025-08-10,Sunday,2,54
23,11.783767548996806,42.42951117446925,2,Sunday,0,2025-08-10,Sunday,2,54
21,15.256417714382366,31.066220311270026,2,Sunday,0,2025-08-10,Sunday,2,54
16,11.922897079943535,19.607619975127463,2,Sunday,0,2025-08-10,Sunday,2,54
20,10.163276085144826,18.664667617143706,2,Sunday,0,2025-08-10,Sunday,2,54
18,12.80268202297146,5.3266512732234,2,Sunday,0,2025-08-10,Sunday,2,54
13,11.380807583817248,27.544592826290963,2,Sunday,0,2025-08-10,Sunday,2,54
22,10.018651455857157,13.273989729670573,2,Sunday,0,2025-08-10,Sunday,2,54
19,13.933893479978536,17.631347819767495,2,Sunday,0,2025-08-10,Sunday,2,54
14,7.121334144494068,14.39988482955877,2,Sunday,0,2025-08-10,Sunday,2,54
19,10.086179877265462,13.44153852534566,2,Sunday,0,2025-08-10,Sunday,2,54
7,2.1470274199175723,6.52685227381579,2,Sunday,0,2025-08-10,Sunday,2,54
16,6.294126524418088,23.3768140191721,2,Sunday,0,2025-08-10,Sunday,2,54
21,3.710677600033666,10.261129443891205,2,Sunday,0,2025-08-10,Sunday,2,54
0,10.228679034863962,8.36360906494704,2,Sunday,0,2025-08-10,Sunday,2,54
21,16.231809042117394,13.497397952002808,2,Sunday,0,2025-08-10,Sunday,2,54
17,13.222435394019687,3.348595564638285,2,Sunday,0,2025-08-10,Sunday,2,54
16,6.0068895237640145,13.729495701511738,2,Sunday,0,2025-08-10,Sunday,2,54
20,11.905003349790078,16.122510200007568,2,Sunday,0,2025-08-10,Sunday,2,54
22,2.3184854759718423,6.7440760841328995,2,Sunday,0,2025-08-10,Sunday,2,54
22,2.008965310710461,8.962860963294483,2,Sunday,0,2025-08-10,Sunday,2,54
7,6.29659851460093,15.88238834413453,2,Sunday,0,2025-08-10,Sunday,2,54
20,12.305042999785492,8.831222186723178,2,Sunday,0,2025-08-10,Sunday,2,54
20,13.396865255487253,5.657492681677797,2,Sunday,0,2025-08-10,Sunday,2,54
19,12.61518618528741,1.2952131486257905,2,Sunday,0,2025-08-10,Sunday,2,54
20,11.736702308686045,6.748940533938323,2,Sunday,0,2025-08-10,Sunday,2,54
17,13.344360626281677,8.072069734469208,2,Sunday,0,2025-08-10,Sunday,2,54
1,13.383498487486719,6.693846275642571,2,Sunday,0,2025-08-10,Sunday,2,54
19,11.505234982911787,40.269820379000194,2,Sunday,0,2025-08-10,Sunday,2,54
19,13.414308364089347,9.968196192054325,2,Sunday,0,2025-08-10,Sunday,2,54
15,13.60257096527512,20.813015327844486,2,Sunday,0,2025-08-10,Sunday,2,54
18,16.95546461814704,13.426712407917062,2,Sunday,0,2025-08-10,Sunday,2,54
23,11.315183064111086,20.491940075413492,2,Sunday,0,2025-08-10,Sunday,2,54
3,11.918445294117724,29.492663452977684,2,Sunday,0,2025-08-10,Sunday,2,54
18,16.20007323367101,9.231951184863279,2,Sunday,0,2025-08-10,Sunday,2,54
21,9.549776856685543,13.383617584902469,2,Sunday,0,2025-08-10,Sunday,2,54
20,10.11889039931853,15.13400239750459,2,Sunday,0,2025-08-10,Sunday,2,54
16,35.58718846929327,6.119252461825697,2,Sunday,0,2025-08-10,Sunday,2,54
15,9.015375776189517,3.0969085305639883,2,Sunday,0,2025-08-17,Sunday,2,43
19,17.607868460922855,13.361830135807905,2,Sunday,0,2025-08-17,Sunday,2,43
18,14.337196460515063,21.937908721705867,2,Sunday,0,2025-08-17,Sunday,2,43
19,50.07881088573277,7.410695231280295,2,Sunday,0,2025-08-17,Sunday,2,43
19,11.16455094359403,4.110770804724339,2,Sunday,0,2025-08-17,Sunday,2,43
6,4.014067153368796,8.509481040113187,2,Sunday,0,2025-08-17,Sunday,2,43
16,29.506319346541147,13.720359113753684,2,Sunday,0,2025-08-17,Sunday,2,43
20,10.980706318817376,26.116934720139223,2,Sunday,0,2025-08-17,Sunday,2,43
21,6.1483822159027435,6.282744568452329,2,Sunday,0,2025-08-17,Sunday,2,43
23,5.277917385065764,14.804582284515687,2,Sunday,0,2025-08-17,Sunday,2,43
21,12.963905302614442,11.332956419122375,2,Sunday,0,2025-08-17,Sunday,2,43
11,14.930601557132388,5.187792006973973,2,Sunday,0,2025-08-17,Sunday,2,43
20,7.910600727722187,14.649230235209659,2,Sunday,0,2025-08-17,Sunday,2,43
15,33.541542040810164,10.186139148327339,2,Sunday,0,2025-08-17,Sunday,2,43
16,12.385666964316822,26.079469867220762,2,Sunday,0,2025-08-17,Sunday,2,43
21,3.5014519126227914,4.626305128773852,2,Sunday,0,2025-08-17,Sunday,2,43
16,9.907986667884707,9.841859515465234,2,Sunday,0,2025-08-17,Sunday,2,43
20,12.218573912741089,3.790627429763277,2,Sunday,0,2025-08-17,Sunday,2,43
17,16.909752266682002,8.167119703474507,2,Sunday,0,2025-08-17,Sunday,2,43
23,9.294720138770135,22.332022750361617,2,Sunday,0,2025-08-17,Sunday,2,43
23,10.503815323457673,18.926260552514016,2,Sunday,0,2025-08-17,Sunday,2,43
15,58.12779459095944,8.677247949770782,2,Sunday,0,2025-08-17,Sunday,2,43
20,9.084229275739784,6.9319568046969895,2,Sunday,0,2025-08-17,Sunday,2,43
8,8.908777207076502,16.19946944567498,2,Sunday,0,2025-08-17,Sunday,2,43
15,4.622379047901876,3.834440110994837,2,Sunday,0,2025-08-17,Sunday,2,43
15,3.7818503566670842,3.5539076960638223,2,Sunday,0,2025-08-17,Sunday,2,43
17,16.35091517917147,6.039170741770802,2,Sunday,0,2025-08-17,Sunday,2,43
21,9.182970649303527,9.89191705450521,2,Sunday,0,2025-08-17,Sunday,2,43
20,16.803764329949715,18.707938032430565,2,Sunday,0,2025-08-17,Sunday,2,43
14,10.889072819800944,11.970640784668841,2,Sunday,0,2025-08-17,Sunday,2,43
22,13.739522107289012,10.690015788352515,2,Sunday,0,2025-08-17,Sunday,2,43
19,9.614639795789596,1.33157736585722,2,Sunday,0,2025-08-17,Sunday,2,43
18,18.47634843285024,34.568022434484504,2,Sunday,0,2025-08-17,Sunday,2,43
22,10.003499442100502,15.991233989068986,2,Sunday,0,2025-08-17,Sunday,2,43
13,52.312999846257874,11.076517153665353,2,Sunday,0,2025-08-17,Sunday,2,43
21,14.182277024519436,8.870783372873378,2,Sunday,0,2025-08-17,Sunday,2,43
14,3.7714577238646685,7.910376462181603,2,Sunday,0,2025-08-17,Sunday,2,43
21,11.24459394577229,7.630367969206887,2,Sunday,0,2025-08-17,Sunday,2,43
22,9.552334571456804,7.511280443443015,2,Sunday,0,2025-08-17,Sunday,2,43
0,3.962732643884273,11.916022659300113,2,Sunday,0,2025-08-17,Sunday,2,43
12,4.720225197844213,13.620796290963394,2,Sunday,0,2025-08-17,Sunday,2,43
22,12.463375136373326,17.129252646117564,2,Sunday,0,2025-08-17,Sunday,2,43
11,13.98070416231424,5.453015459441129,2,Sunday,0,2025-08-17,Sunday,2,43
15,4.673513391033783,9.790395236333456,2,Sunday,0,2025-08-24,Sunday,2,40
12,3.207748554980384,14.399964208037494,2,Sunday,0,2025-08-24,Sunday,2,40
9,8.50590229685696,11.563670584091355,2,Sunday,0,2025-08-24,Sunday,2,40
16,15.781512191198825,5.229982421314135,2,Sunday,0,2025-08-24,Sunday,2,40
20,12.568087312538935,18.69708979169537,2,Sunday,0,2025-08-24,Sunday,2,40
19,12.029941518527057,7.971807488066316,2,Sunday,0,2025-08-24,Sunday,2,40
13,17.786460961376637,36.52570295547171,2,Sunday,0,2025-08-24,Sunday,2,40
3,8.297451057357428,8.105867783997635,2,Sunday,0,2025-08-24,Sunday,2,40
21,9.043889505946144,7.9585600563441234,2,Sunday,0,2025-08-24,Sunday,2,40
16,51.63926722397856,12.820209645620375,2,Sunday,0,2025-08-24,Sunday,2,40
20,23.257767541655085,24.062026667092063,2,Sunday,0,2025-08-24,Sunday,2,40
16,2.228891425539978,4.349324141923297,2,Sunday,0,2025-08-24,Sunday,2,40
8,6.1290324355450005,37.566091278762315,2,Sunday,0,2025-08-24,Sunday,2,40
15,10.64646390106207,1.3863909947488393,2,Sunday,0,2025-08-24,Sunday,2,40
17,4.6168003289048665,6.671220271878429,2,Sunday,0,2025-08-24,Sunday,2,40
13,3.518252411831412,6.568865298346459,2,Sunday,0,2025-08-24,Sunday,2,40
21,2.4959630820947813,9.884140145602549,2,Sunday,0,2025-08-24,Sunday,2,40
21,8.44247231537084,19.995280595120928,2,Sunday,0,2025-08-24,Sunday,2,40
15,15.780524132525482,12.36167345046265,2,Sunday,0,2025-08-24,Sunday,2,40
13,4.054745136184349,17.148163791966237,2,Sunday,0,2025-08-24,Sunday,2,40
20,14.664517142350164,7.557088128531308,2,Sunday,0,2025-08-24,Sunday,2,40
22,11.116987155430742,8.85869861031098,2,Sunday,0,2025-08-24,Sunday,2,40
11,7.289105459497239,23.54666716184264,2,Sunday,0,2025-08-24,Sunday,2,40
9,20.389657973180046,14.618770346825489,2,Sunday,0,2025-08-24,Sunday,2,40
19,14.314993247454598,4.85933750638674,2,Sunday,0,2025-08-24,Sunday,2,40
13,21.802202503205418,16.052801898757643,2,Sunday,0,2025-08-24,Sunday,2,40
20,18.410349805608146,17.203480020394032,2,Sunday,0,2025-08-24,Sunday,2,40
15,22.062334334864037,6.076902129407981,2,Sunday,0,2025-08-24,Sunday,2,40
16,6.968705766405312,35.97619767043128,2,Sunday,0,2025-08-24,Sunday,2,40
5,14.801843703632347,2.28854755843529,2,Sunday,0,2025-08-24,Sunday,2,40
20,14.17092764533691,26.227184006531076,2,Sunday,0,2025-08-24,Sunday,2,40
17,7.657129236957287,35.461880801505096,2,Sunday,0,2025-08-24,Sunday,2,40
15,8.606576372879926,42.666410961986955,2,Sunday,0,2025-08-24,Sunday,2,40
22,2.8111953279758684,5.9824102523489975,2,Sunday,0,2025-08-24,Sunday,2,40
20,89.16899442487353,1.5441373475428872,2,Sunday,0,2025-08-24,Sunday,2,40
22,8.282146783973772,2.4422591276084002,2,Sunday,0,2025-08-24,Sunday,2,40
21,12.975803289620092,6.8382198531636575,2,Sunday,0,2025-08-24,Sunday,2,40
20,12.944084603063612,21.45658830797732,2,Sunday,0,2025-08-24,Sunday,2,40
22,11.35226895565172,14.297237829732948,2,Sunday,0,2025-08-24,Sunday,2,40
18,12.993560785245759,10.064832378778833,2,Sunday,0,2025-08-24,Sunday,2,40
21,5.651640831512404,10.523811428438997,2,Sunday,0,2025-08-31,Sunday,2,27
13,2.058897983812216,9.992412229948462,2,Sunday,0,2025-08-31,Sunday,2,27
21,6.903596179578634,11.756469991956719,2,Sunday,0,2025-08-31,Sunday,2,27
19,18.655783307428884,23.813344429690716,2,Sunday,0,2025-08-31,Sunday,2,27
17,14.216971852322715,9.1635419991368,2,Sunday,0,2025-08-31,Sunday,2,27
13,13.986980541538447,13.484505814528651,2,Sunday,0,2025-08-31,Sunday,2,27
3,6.836762459984626,8.115511266941915,2,Sunday,0,2025-08-31,Sunday,2,27
23,13.52719726547264,13.452848599827725,2,Sunday,0,2025-08-31,Sunday,2,27
17,2.5261788033794748,4.769908398147377,2,Sunday,0,2025-08-31,Sunday,2,27
19,15.487619629326286,12.299546115138671,2,Sunday,0,2025-08-31,Sunday,2,27
17,7.2892907872792305,4.37278636459884,2,Sunday,0,2025-08-31,Sunday,2,27
20,12.453590119298958,2.0367801301261785,2,Sunday,0,2025-08-31,Sunday,2,27
19,15.75765555478494,6.902795583318204,2,Sunday,0,2025-08-31,Sunday,2,27
20,29.825243810765144,4.428361311479096,2,Sunday,0,2025-08-31,Sunday,2,27
18,6.04451830509166,9.126965202895681,2,Sunday,0,2025-08-31,Sunday,2,27
21,15.184004610314133,24.113424301862796,2,Sunday,0,2025-08-31,Sunday,2,27
20,13.171543241770049,10.182858211325186,2,Sunday,0,2025-08-31,Sunday,2,27
19,14.561016404218808,13.882341196760738,2,Sunday,0,2025-08-31,Sunday,2,27
11,20.2183002608453,6.230572064989322,2,Sunday,0,2025-08-31,Sunday,2,27
20,18.59065610957442,7.413639030192953,2,Sunday,0,2025-08-31,Sunday,2,27
14,6.650968587551439,16.71346925346812,2,Sunday,0,2025-08-31,Sunday,2,27
15,11.683069459310087,16.880216875952026,2,Sunday,0,2025-08-31,Sunday,2,27
17,12.107050476380373,12.359779678861894,2,Sunday,0,2025-08-31,Sunday,2,27
16,13.646464107289148,23.02256213236333,2,Sunday,0,2025-08-31,Sunday,2,27
20,11.154310422844482,10.674250270665853,2,Sunday,0,2025-08-31,Sunday,2,27
22,12.195047420956527,6.536005027059927,2,Sunday,0,2025-08-31,Sunday,2,27
17,13.748683929093932,27.55225525905052,2,Sunday,0,2025-08-31,Sunday,2,27
14,12.171904652500142,40.210808484776685,2,Sunday,0,2025-09-07,Sunday,2,31
13,39.98315217183291,12.1948998351744,2,Sunday,0,2025-09-07,Sunday,2,31
18,19.441641363096082,10.384266645125988,2,Sunday,0,2025-09-07,Sunday,2,31
19,17.414007630397002,3.731558126613205,2,Sunday,0,2025-09-07,Sunday,2,31
21,15.365476268294103,2.0970231157360053,2,Sunday,0,2025-09-07,Sunday,2,31
7,3.1532926588242023,6.717855730189138,2,Sunday,0,2025-09-07,Sunday,2,31
22,12.13508840356537,41.56681475883765,2,Sunday,0,2025-09-07,Sunday,2,31
18,14.602792251889802,4.929771050497526,2,Sunday,0,2025-09-07,Sunday,2,31
15,4.7192834916380635,5.996237762361725,2,Sunday,0,2025-09-07,Sunday,2,31
17,19.534647412242606,6.9674611006754,2,Sunday,0,2025-09-07,Sunday,2,31
18,14.676647263158614,61.3567895405055,2,Sunday,0,2025-09-07,Sunday,2,31
21,16.643944689742757,7.474246542477461,2,Sunday,0,2025-09-07,Sunday,2,31
17,8.634967731414616,10.084406590173472,2,Sunday,0,2025-09-07,Sunday,2,31
15,14.41913268754902,13.956603913469346,2,Sunday,0,2025-09-07,Sunday,2,31
20,17.523408365347834,8.461066392690668,2,Sunday,0,2025-09-07,Sunday,2,31
17,11.184519692348879,10.194264232899753,2,Sunday,0,2025-09-07,Sunday,2,31
15,16.928334849597253,4.462449196800898,2,Sunday,0,2025-09-07,Sunday,2,31
14,14.523714506008144,33.18660728433961,2,Sunday,0,2025-09-07,Sunday,2,31
6,5.854441472050173,12.906445404079744,2,Sunday,0,2025-09-07,Sunday,2,31
17,12.767607926160071,9.827257435646764,2,Sunday,0,2025-09-07,Sunday,2,31
19,11.370345606430966,17.113982656760378,2,Sunday,0,2025-09-07,Sunday,2,31
17,17.203731692208187,2.92769327721673,2,Sunday,0,2025-09-07,Sunday,2,31
18,3.931806125614063,16.331457010875305,2,Sunday,0,2025-09-07,Sunday,2,31
15,31.06961149854056,13.4139124499076,2,Sunday,0,2025-09-07,Sunday,2,31
22,10.038682748158031,27.31593799875384,2,Sunday,0,2025-09-07,Sunday,2,31
20,19.83891869990158,23.708603708368074,2,Sunday,0,2025-09-07,Sunday,2,31
18,22.068227705539236,6.45360888914044,2,Sunday,0,2025-09-07,Sunday,2,31
15,17.79054721202691,11.533245658743283,2,Sunday,0,2025-09-07,Sunday,2,31
21,12.762919485265051,4.458938626241827,2,Sunday,0,2025-09-07,Sunday,2,31
18,16.536748630226324,11.927096084561956,2,Sunday,0,2025-09-07,Sunday,2,31
21,20.038247912529247,11.67525750374217,2,Sunday,0,2025-09-07,Sunday,2,31
14,7.766160244963179,3.451175224085853,2,Mon-Th,0,2025-06-23,Mon-Th,2,40
12,5.913451285674151,7.261949852173243,2,Mon-Th,0,2025-06-23,Mon-Th,2,40
20,8.303874521368282,8.418875372160763,2,Mon-Th,0,2025-06-23,Mon-Th,2,40
18,3.3804642006362027,8.182482952941237,2,Mon-Th,0,2025-06-23,Mon-Th,2,40
19,10.867364603503052,48.04154679946046,2,Mon-Th,0,2025-06-23,Mon-Th,2,40
23,9.447758787748514,6.603531181983069,2,Mon-Th,0,2025-06-23,Mon-Th,2,40
23,9.597080747135532,8.246301534282093,2,Mon-Th,0,2025-06-23,Mon-Th,2,40
2,19.428499573712642,9.365800221159512,2,Mon-Th,0,2025-06-23,Mon-Th,2,40
15,26.539399029120904,28.531081272022533,2,Mon-Th,0,2025-06-23,Mon-Th,2,40
11,3.0487366670508704,17.05183558209534,2,Mon-Th,0,2025-06-23,Mon-Th,2,40
23,10.025931890893261,25.656676012526955,2,Mon-Th,0,2025-06-23,Mon-Th,2,40
4,7.671302365374528,7.74349331519094,2,Mon-Th,0,2025-06-23,Mon-Th,2,40
21,8.9085121885074,5.8426538510140755,2,Mon-Th,0,2025-06-23,Mon-Th,2,40
17,12.655291158236075,5.15635108767202,2,Mon-Th,0,2025-06-23,Mon-Th,2,40
17,15.236621178600487,25.30091621804412,2,Mon-Th,0,2025-06-23,Mon-Th,2,40
17,20.75682347578817,7.5131142115505405,2,Mon-Th,0,2025-06-23,Mon-Th,2,40
15,20.697662886992944,3.8678239635734553,2,Mon-Th,0,2025-06-23,Mon-Th,2,40
18,6.823332481947796,17.94045808564366,2,Mon-Th,0,2025-06-23,Mon-Th,2,40
22,14.120268827044757,5.066280616406418,2,Mon-Th,0,2025-06-23,Mon-Th,2,40
19,7.3578329840408445,12.324503791216692,2,Mon-Th,0,2025-06-23,Mon-Th,2,40
15,18.69156006868408,5.317979701704574,2,Mon-Th,0,2025-06-23,Mon-Th,2,40
23,7.933768479931108,6.993792376224755,2,Mon-Th,0,2025-06-23,Mon-Th,2,40
10,41.51083830180032,57.68792383312577,2,Mon-Th,0,2025-06-23,Mon-Th,2,40
21,8.157892107080619,8.595741279004521,2,Mon-Th,0,2025-06-23,Mon-Th,2,40
22,18.548576768990806,14.914798229120892,2,Mon-Th,0,2025-06-23,Mon-Th,2,40
18,5.694510715823769,3.52971449573885,2,Mon-Th,0,2025-06-23,Mon-Th,2,40
18,20.226889919409796,11.978815071670557,2,Mon-Th,0,2025-06-23,Mon-Th,2,40
12,3.1411513730067773,2.0886788326938373,2,Mon-Th,0,2025-06-23,Mon-Th,2,40
22,10.304493246208228,12.512184415150056,2,Mon-Th,0,2025-06-23,Mon-Th,2,40
18,9.605252727148216,13.500670054266568,2,Mon-Th,0,2025-06-23,Mon-Th,2,40
18,13.795990799553586,5.91903809575761,2,Mon-Th,0,2025-06-23,Mon-Th,2,40
13,2.148995949598953,2.8365338421810344,2,Mon-Th,0,2025-06-23,Mon-Th,2,40
21,10.306191573604067,13.624181041189134,2,Mon-Th,0,2025-06-23,Mon-Th,2,40
17,43.20166555164091,2.061050686229391,2,Mon-Th,0,2025-06-23,Mon-Th,2,40
21,19.6065587870701,15.003479543142099,2,Mon-Th,0,2025-06-23,Mon-Th,2,40
17,13.59900587886569,1.5006796777470288,2,Mon-Th,0,2025-06-23,Mon-Th,2,40
21,11.722508966653105,31.483898607874032,2,Mon-Th,0,2025-06-23,Mon-Th,2,40
19,10.005156248063127,8.249815841137691,2,Mon-Th,0,2025-06-23,Mon-Th,2,40
20,12.340641813919607,7.972128164073462,2,Mon-Th,0,2025-06-23,Mon-Th,2,40
18,14.39538475364407,6.612458363642891,2,Mon-Th,0,2025-06-23,Mon-Th,2,40
17,12.575261205672096,15.38421055221186,2,Mon-Th,0,2025-06-24,Mon-Th,2,40
13,3.9188722818565127,6.412656025164146,2,Mon-Th,0,2025-06-24,Mon-Th,2,40
21,6.206936507415318,12.654307080402155,2,Mon-Th,0,2025-06-24,Mon-Th,2,40
19,9.842650663671623,8.368022307049353,2,Mon-Th,0,2025-06-24,Mon-Th,2,40
11,7.202967845814795,3.587806635521857,2,Mon-Th,0,2025-06-24,Mon-Th,2,40
18,12.108217957856844,22.97472107662063,2,Mon-Th,0,2025-06-24,Mon-Th,2,40
12,20.139744883464736,7.367544577170456,2,Mon-Th,0,2025-06-24,Mon-Th,2,40
10,10.896971323199423,6.046918642144802,2,Mon-Th,0,2025-06-24,Mon-Th,2,40
17,3.6090740990078265,11.830463456998364,2,Mon-Th,0,2025-06-24,Mon-Th,2,40
20,13.05971098286113,7.181557847595633,2,Mon-Th,0,2025-06-24,Mon-Th,2,40
17,14.96786191746213,11.7560243624442,2,Mon-Th,0,2025-06-24,Mon-Th,2,40
15,2.1771082742641594,5.177566016963024,2,Mon-Th,0,2025-06-24,Mon-Th,2,40
17,5.54931721380061,8.598893917925569,2,Mon-Th,0,2025-06-24,Mon-Th,2,40
13,5.188362071846346,8.99507722984407,2,Mon-Th,0,2025-06-24,Mon-Th,2,40
7,6.643206558803144,4.912693482300898,2,Mon-Th,0,2025-06-24,Mon-Th,2,40
23,8.009136836235413,14.153262177723015,2,Mon-Th,0,2025-06-24,Mon-Th,2,40
20,10.92493995844201,6.445876741113459,2,Mon-Th,0,2025-06-24,Mon-Th,2,40
11,2.8137266693971696,3.3758077894390963,2,Mon-Th,0,2025-06-24,Mon-Th,2,40
18,21.32081315125905,11.682570229345647,2,Mon-Th,0,2025-06-24,Mon-Th,2,40
18,16.510239288820532,2.103520850586224,2,Mon-Th,0,2025-06-24,Mon-Th,2,40
20,17.054020849113193,10.863685510518325,2,Mon-Th,0,2025-06-24,Mon-Th,2,40
17,14.881287499857162,33.52848107531682,2,Mon-Th,0,2025-06-24,Mon-Th,2,40
14,2.5157161913241746,12.828962162392349,2,Mon-Th,0,2025-06-24,Mon-Th,2,40
21,13.023716937656712,4.641302662643904,2,Mon-Th,0,2025-06-24,Mon-Th,2,40
17,64.37457865106234,0.6358251291029133,2,Mon-Th,0,2025-06-24,Mon-Th,2,40
18,13.683842388612184,24.574765686192336,2,Mon-Th,0,2025-06-24,Mon-Th,2,40
17,47.438172788239726,3.9963395930363097,2,Mon-Th,0,2025-06-24,Mon-Th,2,40
17,8.307305298869196,5.582104339691712,2,Mon-Th,0,2025-06-24,Mon-Th,2,40
20,11.352190645429886,33.68569681436759,2,Mon-Th,0,2025-06-24,Mon-Th,2,40
18,25.547520134927993,18.61396675706953,2,Mon-Th,0,2025-06-24,Mon-Th,2,40
0,11.297507529380834,20.907161746964494,2,Mon-Th,0,2025-06-24,Mon-Th,2,40
8,13.368521521853761,25.827511650506313,2,Mon-Th,0,2025-06-24,Mon-Th,2,40
11,15.960005058665608,85.68000011920931,2,Mon-Th,0,2025-06-24,Mon-Th,2,40
15,5.8632391609645635,10.140779822728089,2,Mon-Th,0,2025-06-24,Mon-Th,2,40
22,7.284678591426715,9.964670103764966,2,Mon-Th,0,2025-06-24,Mon-Th,2,40
19,14.028874178780026,10.543373052086547,2,Mon-Th,0,2025-06-24,Mon-Th,2,40
20,15.92629979569195,4.834554718892888,2,Mon-Th,0,2025-06-24,Mon-Th,2,40
21,11.774942407669911,11.082348790764463,2,Mon-Th,0,2025-06-24,Mon-Th,2,40
20,12.827621903257803,11.844835092718514,2,Mon-Th,0,2025-06-24,Mon-Th,2,40
15,6.226486969314259,11.112126455890744,2,Mon-Th,0,2025-06-24,Mon-Th,2,40
19,13.202832829785333,16.50028008087291,2,Mon-Th,0,2025-06-25,Mon-Th,2,45
15,41.932460384872996,2.190015589842597,2,Mon-Th,0,2025-06-25,Mon-Th,2,45
23,6.963628886138441,10.037155425747962,2,Mon-Th,0,2025-06-25,Mon-Th,2,45
14,4.500854875114756,7.056577478648609,2,Mon-Th,0,2025-06-25,Mon-Th,2,45
22,12.444410087922066,44.023376342460836,2,Mon-Th,0,2025-06-25,Mon-Th,2,45
13,26.123551458225457,12.086260398729216,2,Mon-Th,0,2025-06-25,Mon-Th,2,45
18,23.232377725119814,17.4304630735348,2,Mon-Th,0,2025-06-25,Mon-Th,2,45
13,20.097706354867064,33.21730235206225,2,Mon-Th,0,2025-06-25,Mon-Th,2,45
18,17.21698315012274,9.225776480860164,2,Mon-Th,0,2025-06-25,Mon-Th,2,45
14,18.73122419253808,4.493505406036275,2,Mon-Th,0,2025-06-25,Mon-Th,2,45
11,7.460141015605594,8.545126879043107,2,Mon-Th,0,2025-06-25,Mon-Th,2,45
21,11.881629549433082,12.989957420633838,2,Mon-Th,0,2025-06-25,Mon-Th,2,45
21,9.254450824153412,10.860127573285508,2,Mon-Th,0,2025-06-25,Mon-Th,2,45
6,14.86514047221548,5.1910233369712255,2,Mon-Th,0,2025-06-25,Mon-Th,2,45
21,16.080990743044705,18.568518069139223,2,Mon-Th,0,2025-06-25,Mon-Th,2,45
23,12.715536207801389,8.617609298368759,2,Mon-Th,0,2025-06-25,Mon-Th,2,45
12,19.69680377382857,10.320696693238885,2,Mon-Th,0,2025-06-25,Mon-Th,2,45
16,12.435570252762709,18.451829913824387,2,Mon-Th,0,2025-06-25,Mon-Th,2,45
17,9.537243397444255,7.187831932773597,2,Mon-Th,0,2025-06-25,Mon-Th,2,45
16,25.108598389416404,4.521445796432769,2,Mon-Th,0,2025-06-25,Mon-Th,2,45
19,9.28929410166743,12.094076034220645,2,Mon-Th,0,2025-06-25,Mon-Th,2,45
13,5.045862248093064,5.717492107012874,2,Mon-Th,0,2025-06-25,Mon-Th,2,45
20,10.558669112357599,8.858150240729143,2,Mon-Th,0,2025-06-25,Mon-Th,2,45
21,13.89260564243639,10.906221931917225,2,Mon-Th,0,2025-06-25,Mon-Th,2,45
16,14.117587269408155,8.93813951659579,2,Mon-Th,0,2025-06-25,Mon-Th,2,45
18,12.156894905117237,10.182147636446036,2,Mon-Th,0,2025-06-25,Mon-Th,2,45
21,18.829228271554495,9.426293037423882,2,Mon-Th,0,2025-06-25,Mon-Th,2,45
19,13.07484224642636,4.819964829257433,2,Mon-Th,0,2025-06-25,Mon-Th,2,45
14,2.9332828711174415,2.98401493148528,2,Mon-Th,0,2025-06-25,Mon-Th,2,45
20,12.36992270183844,1.9349220112710943,2,Mon-Th,0,2025-06-25,Mon-Th,2,45
13,14.688873373941046,12.545441124805551,2,Mon-Th,0,2025-06-25,Mon-Th,2,45
14,2.9683974460077795,7.53594442249644,2,Mon-Th,0,2025-06-25,Mon-Th,2,45
14,34.58608942429869,1.2432957714940467,2,Mon-Th,0,2025-06-25,Mon-Th,2,45
17,2.007803459506591,4.333081034456036,2,Mon-Th,0,2025-06-25,Mon-Th,2,45
20,10.880739098755804,19.73952986132607,2,Mon-Th,0,2025-06-25,Mon-Th,2,45
14,33.87628630469865,1.7412567049555432,2,Mon-Th,0,2025-06-25,Mon-Th,2,45
8,3.086300042535264,5.39236502686431,2,Mon-Th,0,2025-06-25,Mon-Th,2,45
20,6.991909995567795,18.56410010248641,2,Mon-Th,0,2025-06-25,Mon-Th,2,45
18,23.862555730838153,20.614899412090047,2,Mon-Th,0,2025-06-25,Mon-Th,2,45
19,21.144374225603947,8.460965006535043,2,Mon-Th,0,2025-06-25,Mon-Th,2,45
21,8.799259361954535,8.074723606648632,2,Mon-Th,0,2025-06-25,Mon-Th,2,45
16,22.6893487313013,24.86163000301907,2,Mon-Th,0,2025-06-25,Mon-Th,2,45
22,10.235375567948616,24.837939709054652,2,Mon-Th,0,2025-06-25,Mon-Th,2,45
14,2.741526540367535,4.416434560169635,2,Mon-Th,0,2025-06-25,Mon-Th,2,45
22,14.382816278653806,4.080146537879691,2,Mon-Th,0,2025-06-25,Mon-Th,2,45
16,15.016788071912924,30.54399127013842,2,Mon-Th,0,2025-06-26,Mon-Th,2,40
19,11.961674912319044,9.988446247613249,2,Mon-Th,0,2025-06-26,Mon-Th,2,40
18,10.266779743416869,6.5019148194132095,2,Mon-Th,0,2025-06-26,Mon-Th,2,40
20,14.492977819052495,30.379425009398695,2,Mon-Th,0,2025-06-26,Mon-Th,2,40
17,9.179334085932924,9.332388045254415,2,Mon-Th,0,2025-06-26,Mon-Th,2,40
19,12.113786351544537,1.3965487635831448,2,Mon-Th,0,2025-06-26,Mon-Th,2,40
15,3.965248819040607,36.22235274120901,2,Mon-Th,0,2025-06-26,Mon-Th,2,40
17,7.53897686344115,5.341178376284079,2,Mon-Th,0,2025-06-26,Mon-Th,2,40
13,2.3529943684703385,8.661164393517696,2,Mon-Th,0,2025-06-26,Mon-Th,2,40
17,6.384444025798838,8.990427991244449,2,Mon-Th,0,2025-06-26,Mon-Th,2,40
15,4.514937608108029,9.751874627501882,2,Mon-Th,0,2025-06-26,Mon-Th,2,40
14,29.44088396106677,2.6549387934964095,2,Mon-Th,0,2025-06-26,Mon-Th,2,40
16,14.85099053627583,10.766463994799832,2,Mon-Th,0,2025-06-26,Mon-Th,2,40
20,12.877473457504966,6.646231616021067,2,Mon-Th,0,2025-06-26,Mon-Th,2,40
18,5.518437725399197,45.156911664708886,2,Mon-Th,0,2025-06-26,Mon-Th,2,40
14,10.540406947581399,2.917072533331469,2,Mon-Th,0,2025-06-26,Mon-Th,2,40
9,4.55866510311071,3.231432626420525,2,Mon-Th,0,2025-06-26,Mon-Th,2,40
11,3.211176373619534,5.985754875163264,2,Mon-Th,0,2025-06-26,Mon-Th,2,40
17,3.118191020412644,9.140523833754708,2,Mon-Th,0,2025-06-26,Mon-Th,2,40
18,16.353821821646612,21.39260218450485,2,Mon-Th,0,2025-06-26,Mon-Th,2,40
14,16.586204090869018,9.677050278124323,2,Mon-Th,0,2025-06-26,Mon-Th,2,40
18,11.810074021033607,3.436759658203128,2,Mon-Th,0,2025-06-26,Mon-Th,2,40
19,2.156947493247037,26.902746839722504,2,Mon-Th,0,2025-06-26,Mon-Th,2,40
20,21.440180707174868,8.095662704856379,2,Mon-Th,0,2025-06-26,Mon-Th,2,40
2,12.808937717609894,11.295343894871834,2,Mon-Th,0,2025-06-26,Mon-Th,2,40
20,10.324223523854311,10.28934293203902,2,Mon-Th,0,2025-06-26,Mon-Th,2,40
22,8.231554680635574,5.128406028183793,2,Mon-Th,0,2025-06-26,Mon-Th,2,40
0,6.622422826147069,22.965969158901594,2,Mon-Th,0,2025-06-26,Mon-Th,2,40
20,5.307717860493717,5.8805849932577585,2,Mon-Th,0,2025-06-26,Mon-Th,2,40
16,9.348791476579976,10.582930652683979,2,Mon-Th,0,2025-06-26,Mon-Th,2,40
19,10.862737868390461,9.905266071807848,2,Mon-Th,0,2025-06-26,Mon-Th,2,40
18,6.35732730196115,12.962329323721308,2,Mon-Th,0,2025-06-26,Mon-Th,2,40
15,17.696497024959175,19.886391494322286,2,Mon-Th,0,2025-06-26,Mon-Th,2,40
20,16.361521425743117,5.954985952852668,2,Mon-Th,0,2025-06-26,Mon-Th,2,40
21,15.419914403508695,5.500430620976696,2,Mon-Th,0,2025-06-26,Mon-Th,2,40
17,5.58708121760556,6.60868565973506,2,Mon-Th,0,2025-06-26,Mon-Th,2,40
22,18.9538620509695,6.442617990637946,2,Mon-Th,0,2025-06-26,Mon-Th,2,40
18,13.826991381713128,0.7330725160661794,2,Mon-Th,0,2025-06-26,Mon-Th,2,40
20,10.502882899806714,0.8385761532688503,2,Mon-Th,0,2025-06-26,Mon-Th,2,40
16,8.249084443819463,32.51892285007102,2,Mon-Th,0,2025-06-26,Mon-Th,2,40
22,14.641071014809576,27.450005248324953,2,Mon-Th,0,2025-06-30,Mon-Th,2,43
20,13.703792044103,5.405576284846714,2,Mon-Th,0,2025-06-30,Mon-Th,2,43
21,8.46839062923005,2.1476956737439217,2,Mon-Th,0,2025-06-30,Mon-Th,2,43
19,11.647686847621525,31.453873719154988,2,Mon-Th,0,2025-06-30,Mon-Th,2,43
14,22.84632025214777,7.476668395612864,2,Mon-Th,0,2025-06-30,Mon-Th,2,43
16,26.057926007072872,4.690270395009863,2,Mon-Th,0,2025-06-30,Mon-Th,2,43
16,18.653615236635062,23.1839405926273,2,Mon-Th,0,2025-06-30,Mon-Th,2,43
19,12.128198158398948,13.471074749102803,2,Mon-Th,0,2025-06-30,Mon-Th,2,43
16,11.245222019293582,45.78104881671904,2,Mon-Th,0,2025-06-30,Mon-Th,2,43
22,36.434370156957335,2.7728645497228968,2,Mon-Th,0,2025-06-30,Mon-Th,2,43
19,8.401471524622275,9.916497217627652,2,Mon-Th,0,2025-06-30,Mon-Th,2,43
13,13.346038414324223,8.799255905250504,2,Mon-Th,0,2025-06-30,Mon-Th,2,43
22,9.205934220069548,0.9854098208474606,2,Mon-Th,0,2025-06-30,Mon-Th,2,43
4,10.775502682608103,21.738597722222902,2,Mon-Th,0,2025-06-30,Mon-Th,2,43
23,7.76954113112665,13.687815162706492,2,Mon-Th,0,2025-06-30,Mon-Th,2,43
16,17.799406422750593,5.944339593125791,2,Mon-Th,0,2025-06-30,Mon-Th,2,43
16,15.624022266704333,15.712670886007464,2,Mon-Th,0,2025-06-30,Mon-Th,2,43
17,15.885923109841332,11.566998314496985,2,Mon-Th,0,2025-06-30,Mon-Th,2,43
20,11.907495282783191,8.713112357847557,2,Mon-Th,0,2025-06-30,Mon-Th,2,43
17,16.947091306054325,15.653409417526426,2,Mon-Th,0,2025-06-30,Mon-Th,2,43
17,14.093870982354915,3.9337051664553044,2,Mon-Th,0,2025-06-30,Mon-Th,2,43
23,6.193624831009626,12.199146387558246,2,Mon-Th,0,2025-06-30,Mon-Th,2,43
16,15.20101967417186,32.256315277091296,2,Mon-Th,0,2025-06-30,Mon-Th,2,43
20,13.988114320733018,10.671152276004062,2,Mon-Th,0,2025-06-30,Mon-Th,2,43
15,39.134291737630434,4.509563043523199,2,Mon-Th,0,2025-06-30,Mon-Th,2,43
15,6.967745075971446,13.542804419475033,2,Mon-Th,0,2025-06-30,Mon-Th,2,43
21,14.4738848405777,8.832107551643059,2,Mon-Th,0,2025-06-30,Mon-Th,2,43
15,5.322045470937985,5.298693032610878,2,Mon-Th,0,2025-06-30,Mon-Th,2,43
21,11.364677357270423,6.1209812205830065,2,Mon-Th,0,2025-06-30,Mon-Th,2,43
12,4.014236172988584,7.380605668942016,2,Mon-Th,0,2025-06-30,Mon-Th,2,43
16,9.82444723386482,11.178158987288747,2,Mon-Th,0,2025-06-30,Mon-Th,2,43
20,12.03664018840534,10.675649354541473,2,Mon-Th,0,2025-06-30,Mon-Th,2,43
16,2.7000360723835106,9.849729920344913,2,Mon-Th,0,2025-06-30,Mon-Th,2,43
19,13.686458632254539,2.14285615133363,2,Mon-Th,0,2025-06-30,Mon-Th,2,43
17,18.504105004190233,31.271712923834937,2,Mon-Th,0,2025-06-30,Mon-Th,2,43
9,2.989655108737856,7.4084042878517655,2,Mon-Th,0,2025-06-30,Mon-Th,2,43
21,12.540545195728196,4.200339867007044,2,Mon-Th,0,2025-06-30,Mon-Th,2,43
14,16.944604173965985,8.129642464678742,2,Mon-Th,0,2025-06-30,Mon-Th,2,43
9,15.101784150664052,20.36979812992967,2,Mon-Th,0,2025-06-30,Mon-Th,2,43
14,15.369454122258944,10.37317803005761,2,Mon-Th,0,2025-06-30,Mon-Th,2,43
14,5.012885571918838,12.50475571537927,2,Mon-Th,0,2025-06-30,Mon-Th,2,43
18,23.37313512416697,19.792302048381455,2,Mon-Th,0,2025-06-30,Mon-Th,2,43
15,2.1083825094657804,3.178874166552177,2,Mon-Th,0,2025-06-30,Mon-Th,2,43
9,2.746593594741353,7.124291505931221,2,Mon-Th,0,2025-07-01,Mon-Th,2,41
20,11.867812742053083,10.230613585551296,2,Mon-Th,0,2025-07-01,Mon-Th,2,41
21,9.593026380823861,9.202844608404677,2,Mon-Th,0,2025-07-01,Mon-Th,2,41
23,9.053057309828496,9.142825457904696,2,Mon-Th,0,2025-07-01,Mon-Th,2,41
10,2.4035997493198176,7.739693608543287,2,Mon-Th,0,2025-07-01,Mon-Th,2,41
16,15.032679935644335,41.009381848398625,2,Mon-Th,0,2025-07-01,Mon-Th,2,41
22,9.636351308700739,2.8315611257187685,2,Mon-Th,0,2025-07-01,Mon-Th,2,41
13,67.24243039790228,8.523470393926996,2,Mon-Th,0,2025-07-01,Mon-Th,2,41
21,2.4295288733624787,6.227729532058786,2,Mon-Th,0,2025-07-01,Mon-Th,2,41
13,6.3519809864858425,6.045004017508691,2,Mon-Th,0,2025-07-01,Mon-Th,2,41
18,12.977318052577715,10.222035784928641,2,Mon-Th,0,2025-07-01,Mon-Th,2,41
15,16.458878600456195,29.334035654240097,2,Mon-Th,0,2025-07-01,Mon-Th,2,41
15,4.6135851791834455,12.51223147865132,2,Mon-Th,0,2025-07-01,Mon-Th,2,41
20,15.686137046852728,9.620662884126393,2,Mon-Th,0,2025-07-01,Mon-Th,2,41
19,20.966050295541784,3.808116031240271,2,Mon-Th,0,2025-07-01,Mon-Th,2,41
20,12.247429729371873,22.0430354521713,2,Mon-Th,0,2025-07-01,Mon-Th,2,41
20,13.198947558182123,11.304516964768588,2,Mon-Th,0,2025-07-01,Mon-Th,2,41
18,4.403569655655809,4.238888580400928,2,Mon-Th,0,2025-07-01,Mon-Th,2,41
14,2.580699567723836,2.4474129807167113,2,Mon-Th,0,2025-07-01,Mon-Th,2,41
18,2.1644851597316155,2.9614142473161786,2,Mon-Th,0,2025-07-01,Mon-Th,2,41
23,9.300034403886992,9.202388157380186,2,Mon-Th,0,2025-07-01,Mon-Th,2,41
21,8.593912416715712,12.14042764373011,2,Mon-Th,0,2025-07-01,Mon-Th,2,41
16,14.9428144721312,2.11983900390232,2,Mon-Th,0,2025-07-01,Mon-Th,2,41
16,40.36608103671734,5.205294089285025,2,Mon-Th,0,2025-07-01,Mon-Th,2,41
19,16.925681660645008,7.027824826022362,2,Mon-Th,0,2025-07-01,Mon-Th,2,41
16,12.970350833326656,4.444681987338827,2,Mon-Th,0,2025-07-01,Mon-Th,2,41
23,10.301663215062181,10.962195029240085,2,Mon-Th,0,2025-07-01,Mon-Th,2,41
13,3.009175850524498,3.82254236887378,2,Mon-Th,0,2025-07-01,Mon-Th,2,41
13,4.809800167307775,2.4228835426701054,2,Mon-Th,0,2025-07-01,Mon-Th,2,41
20,14.135633692193704,9.828802989980769,2,Mon-Th,0,2025-07-01,Mon-Th,2,41
13,4.731409693502126,7.195197085881335,2,Mon-Th,0,2025-07-01,Mon-Th,2,41
16,4.478956250988434,45.40571442282367,2,Mon-Th,0,2025-07-01,Mon-Th,2,41
14,3.256499089385696,28.41645799776618,2,Mon-Th,0,2025-07-01,Mon-Th,2,41
21,20.992487888804536,23.17164590304364,2,Mon-Th,0,2025-07-01,Mon-Th,2,41
17,11.262506638669198,35.56280444180014,2,Mon-Th,0,2025-07-01,Mon-Th,2,41
14,30.352566841689082,3.1225834068641793,2,Mon-Th,0,2025-07-01,Mon-Th,2,41
12,11.930869381414258,24.893818259455255,2,Mon-Th,0,2025-07-01,Mon-Th,2,41
21,8.544241030288282,8.258533605208568,2,Mon-Th,0,2025-07-01,Mon-Th,2,41
14,6.3363420591904696,11.101284038781154,2,Mon-Th,0,2025-07-01,Mon-Th,2,41
22,11.659738091346156,19.63197433192025,2,Mon-Th,0,2025-07-01,Mon-Th,2,41
16,12.911914235295946,12.24446041543129,2,Mon-Th,0,2025-07-01,Mon-Th,2,41
20,13.114988822927344,22.713853689396014,2,Mon-Th,0,2025-07-02,Mon-Th,2,35
19,16.64829425316791,7.172044844644946,2,Mon-Th,0,2025-07-02,Mon-Th,2,35
12,6.579488730242938,1.020130917235313,2,Mon-Th,0,2025-07-02,Mon-Th,2,35
16,13.421779503866052,11.75159052393854,2,Mon-Th,0,2025-07-02,Mon-Th,2,35
11,3.3763800334884895,1.4749954125719082,2,Mon-Th,0,2025-07-02,Mon-Th,2,35
16,15.718339068658434,10.696550475022462,2,Mon-Th,0,2025-07-02,Mon-Th,2,35
16,17.005149121441715,7.503792426046644,2,Mon-Th,0,2025-07-02,Mon-Th,2,35
15,28.657544350715895,3.1671087953651362,2,Mon-Th,0,2025-07-02,Mon-Th,2,35
15,17.26498176975451,21.439539303099505,2,Mon-Th,0,2025-07-02,Mon-Th,2,35
15,18.058115719793307,5.6471081696588445,2,Mon-Th,0,2025-07-02,Mon-Th,2,35
9,15.241325630215218,10.034055936039882,2,Mon-Th,0,2025-07-02,Mon-Th,2,35
20,14.725807766182523,36.42438525569261,2,Mon-Th,0,2025-07-02,Mon-Th,2,35
15,7.757924423180969,26.463854124398544,2,Mon-Th,0,2025-07-02,Mon-Th,2,35
19,12.52568005374394,2.9226792044042407,2,Mon-Th,0,2025-07-02,Mon-Th,2,35
15,3.2413996412898425,5.477876383484966,2,Mon-Th,0,2025-07-02,Mon-Th,2,35
17,22.483052917622565,2.18458128662728,2,Mon-Th,0,2025-07-02,Mon-Th,2,35
16,13.16156771308141,8.240381347565355,2,Mon-Th,0,2025-07-02,Mon-Th,2,35
17,15.243538377028337,9.444928866701702,2,Mon-Th,0,2025-07-02,Mon-Th,2,35
7,50.887363991323866,39.709779858310625,2,Mon-Th,0,2025-07-02,Mon-Th,2,35
16,29.14621759953163,7.074951643104873,2,Mon-Th,0,2025-07-02,Mon-Th,2,35
18,51.23962552062571,6.374374346928125,2,Mon-Th,0,2025-07-02,Mon-Th,2,35
16,23.592438964615095,8.821604130175029,2,Mon-Th,0,2025-07-02,Mon-Th,2,35
15,11.278234902517575,14.684966736537733,2,Mon-Th,0,2025-07-02,Mon-Th,2,35
20,59.973783900940596,32.46527698551331,2,Mon-Th,0,2025-07-02,Mon-Th,2,35
13,17.91881786368247,3.2480255618409677,2,Mon-Th,0,2025-07-02,Mon-Th,2,35
5,17.55080583972467,4.685617576743466,2,Mon-Th,0,2025-07-02,Mon-Th,2,35
19,14.520158150079315,5.810411440795434,2,Mon-Th,0,2025-07-02,Mon-Th,2,35
18,8.301248050713447,8.647353305290899,2,Mon-Th,0,2025-07-02,Mon-Th,2,35
22,12.768832138082711,3.414840053162415,2,Mon-Th,0,2025-07-02,Mon-Th,2,35
15,10.675649607038636,8.094490614512015,2,Mon-Th,0,2025-07-02,Mon-Th,2,35
13,23.343542666319397,6.5378666786618265,2,Mon-Th,0,2025-07-02,Mon-Th,2,35
18,12.817476386047367,18.711376453029878,2,Mon-Th,0,2025-07-02,Mon-Th,2,35
13,13.005378706901926,2.390178530764997,2,Mon-Th,0,2025-07-02,Mon-Th,2,35
18,18.634690363656585,10.26867963725284,2,Mon-Th,0,2025-07-02,Mon-Th,2,35
18,14.91677641623738,12.326089168373311,2,Mon-Th,0,2025-07-02,Mon-Th,2,35
19,12.708732962022665,9.170829503702244,2,Mon-Th,0,2025-07-03,Mon-Th,2,50
19,11.142051345201626,3.850738569709974,2,Mon-Th,0,2025-07-03,Mon-Th,2,50
20,10.580291739585483,7.390640009772654,2,Mon-Th,0,2025-07-03,Mon-Th,2,50
10,7.165170111499032,17.72552010385953,2,Mon-Th,0,2025-07-03,Mon-Th,2,50
17,9.498495097229966,3.2356952264447285,2,Mon-Th,0,2025-07-03,Mon-Th,2,50
18,15.269114762426504,7.126283453365714,2,Mon-Th,0,2025-07-03,Mon-Th,2,50
13,2.4748173920726315,14.023824606144354,2,Mon-Th,0,2025-07-03,Mon-Th,2,50
17,16.138833121052148,4.716179897353524,2,Mon-Th,0,2025-07-03,Mon-Th,2,50
15,14.122181625450647,10.6080905652482,2,Mon-Th,0,2025-07-03,Mon-Th,2,50
21,13.770650561960423,20.66009545423032,2,Mon-Th,0,2025-07-03,Mon-Th,2,50
19,12.103377736519846,9.280152145880239,2,Mon-Th,0,2025-07-03,Mon-Th,2,50
15,15.493660354260527,2.6438800263271567,2,Mon-Th,0,2025-07-03,Mon-Th,2,50
19,13.662902352792681,23.777142895674487,2,Mon-Th,0,2025-07-03,Mon-Th,2,50
18,15.03852594029533,27.745044703173477,2,Mon-Th,0,2025-07-03,Mon-Th,2,50
19,4.262287231230628,29.412388973232453,2,Mon-Th,0,2025-07-03,Mon-Th,2,50
19,20.8333032466943,7.387005733119827,2,Mon-Th,0,2025-07-03,Mon-Th,2,50
20,13.714082031969944,5.193863251336742,2,Mon-Th,0,2025-07-03,Mon-Th,2,50
12,18.170511681462326,10.103584728679737,2,Mon-Th,0,2025-07-03,Mon-Th,2,50
18,11.735408155766965,4.604013147169218,2,Mon-Th,0,2025-07-03,Mon-Th,2,50
23,4.44685369840712,8.61840949094753,2,Mon-Th,0,2025-07-03,Mon-Th,2,50
10,4.331395188383905,17.678953176201397,2,Mon-Th,0,2025-07-03,Mon-Th,2,50
17,9.659218128960603,6.6417882045119345,2,Mon-Th,0,2025-07-03,Mon-Th,2,50
18,9.491486018204931,30.41320199785846,2,Mon-Th,0,2025-07-03,Mon-Th,2,50
18,18.788779957796848,6.699337573979734,2,Mon-Th,0,2025-07-03,Mon-Th,2,50
17,11.166923889554788,17.06205030707741,2,Mon-Th,0,2025-07-03,Mon-Th,2,50
19,7.0306490434956075,18.152512099641704,2,Mon-Th,0,2025-07-03,Mon-Th,2,50
21,12.55808185934966,4.541684372016924,2,Mon-Th,0,2025-07-03,Mon-Th,2,50
18,12.668415931806184,11.667946465415106,2,Mon-Th,0,2025-07-03,Mon-Th,2,50
14,15.23801506625449,2.1765743318604276,2,Mon-Th,0,2025-07-03,Mon-Th,2,50
11,7.53124937859521,18.45380579926897,2,Mon-Th,0,2025-07-03,Mon-Th,2,50
17,13.94404700836115,1.9461000203583834,2,Mon-Th,0,2025-07-03,Mon-Th,2,50
22,14.616260224727878,12.976706427756906,2,Mon-Th,0,2025-07-03,Mon-Th,2,50
16,17.159448283794465,4.5431228904601255,2,Mon-Th,0,2025-07-03,Mon-Th,2,50
13,17.94741031229818,21.06359046209404,2,Mon-Th,0,2025-07-03,Mon-Th,2,50
19,7.310961906842534,9.44088990804688,2,Mon-Th,0,2025-07-03,Mon-Th,2,50
17,14.495590652788973,33.644158878874215,2,Mon-Th,0,2025-07-03,Mon-Th,2,50
15,3.2551667568333738,4.284364937936656,2,Mon-Th,0,2025-07-03,Mon-Th,2,50
14,45.41097112196579,14.218841070756042,2,Mon-Th,0,2025-07-03,Mon-Th,2,50
17,8.829100499294636,12.892589394468112,2,Mon-Th,0,2025-07-03,Mon-Th,2,50
15,16.62712142872945,7.073375037875244,2,Mon-Th,0,2025-07-03,Mon-Th,2,50
17,3.902216808539607,14.308838144658113,2,Mon-Th,0,2025-07-03,Mon-Th,2,50
19,11.497242543211698,6.0059254713218095,2,Mon-Th,0,2025-07-03,Mon-Th,2,50
18,12.109644280451867,11.77529854764455,2,Mon-Th,0,2025-07-03,Mon-Th,2,50
12,9.986955001212504,30.53799779466829,2,Mon-Th,0,2025-07-03,Mon-Th,2,50
3,6.190469478934622,6.752779745403561,2,Mon-Th,0,2025-07-03,Mon-Th,2,50
10,6.08614983129078,30.3131424103327,2,Mon-Th,0,2025-07-03,Mon-Th,2,50
14,2.8197843196735635,2.3106827078524317,2,Mon-Th,0,2025-07-03,Mon-Th,2,50
19,21.530454308145814,4.8840059158656794,2,Mon-Th,0,2025-07-03,Mon-Th,2,50
22,16.01563082189236,8.445757557594414,2,Mon-Th,0,2025-07-03,Mon-Th,2,50
18,15.77884231990597,4.794485236126308,2,Mon-Th,0,2025-07-03,Mon-Th,2,50
16,10.645150900718292,19.84509806161339,2,Mon-Th,0,2025-07-07,Mon-Th,2,35
13,14.29342110578946,12.18050417052895,2,Mon-Th,0,2025-07-07,Mon-Th,2,35
8,4.9532004719300495,5.772309577152764,2,Mon-Th,0,2025-07-07,Mon-Th,2,35
18,15.017050263927384,8.32450227183824,2,Mon-Th,0,2025-07-07,Mon-Th,2,35
14,4.403563660010971,25.66063821536391,2,Mon-Th,0,2025-07-07,Mon-Th,2,35
15,13.748985249252446,2.7149022207982396,2,Mon-Th,0,2025-07-07,Mon-Th,2,35
16,16.034505220043435,10.402762164185804,2,Mon-Th,0,2025-07-07,Mon-Th,2,35
18,11.789321623038774,9.62523395510263,2,Mon-Th,0,2025-07-07,Mon-Th,2,35
21,11.151860577668852,11.577139418601776,2,Mon-Th,0,2025-07-07,Mon-Th,2,35
23,11.410161956086345,25.20145688001032,2,Mon-Th,0,2025-07-07,Mon-Th,2,35
17,4.241699493521792,7.650627901898141,2,Mon-Th,0,2025-07-07,Mon-Th,2,35
17,9.543458253413501,10.550964242528673,2,Mon-Th,0,2025-07-07,Mon-Th,2,35
23,15.88212228772177,8.74373756380441,2,Mon-Th,0,2025-07-07,Mon-Th,2,35
14,13.843805632527271,26.555767911472294,2,Mon-Th,0,2025-07-07,Mon-Th,2,35
22,9.762128459247482,6.526463185226065,2,Mon-Th,0,2025-07-07,Mon-Th,2,35
18,14.249451440886968,25.0326264140274,2,Mon-Th,0,2025-07-07,Mon-Th,2,35
22,10.31936263099027,5.096001716692348,2,Mon-Th,0,2025-07-07,Mon-Th,2,35
17,19.59203755936459,7.192637153964275,2,Mon-Th,0,2025-07-07,Mon-Th,2,35
18,35.15363993242276,4.542918179184542,2,Mon-Th,0,2025-07-07,Mon-Th,2,35
10,4.338586845220334,18.5513828433846,2,Mon-Th,0,2025-07-07,Mon-Th,2,35
18,15.306039291149855,1.9232921405271173,2,Mon-Th,0,2025-07-07,Mon-Th,2,35
18,9.533098934709798,1.7485844334805098,2,Mon-Th,0,2025-07-07,Mon-Th,2,35
3,4.437689064282416,12.522006208815311,2,Mon-Th,0,2025-07-07,Mon-Th,2,35
20,4.035335541984074,1.5879973049640033,2,Mon-Th,0,2025-07-07,Mon-Th,2,35
17,13.846569027439624,25.45222780179865,2,Mon-Th,0,2025-07-07,Mon-Th,2,35
19,8.947590820615089,5.482006732647152,2,Mon-Th,0,2025-07-07,Mon-Th,2,35
15,15.062685176979603,15.566895296832897,2,Mon-Th,0,2025-07-07,Mon-Th,2,35
14,2.084318684318549,4.256527751753515,2,Mon-Th,0,2025-07-07,Mon-Th,2,35
20,10.67478780637856,28.385315882720125,2,Mon-Th,0,2025-07-07,Mon-Th,2,35
19,9.988769754502773,19.340428071123604,2,Mon-Th,0,2025-07-07,Mon-Th,2,35
21,12.595060211097817,5.298113243294357,2,Mon-Th,0,2025-07-07,Mon-Th,2,35
22,10.239297479637248,4.536343744646336,2,Mon-Th,0,2025-07-07,Mon-Th,2,35
19,10.71993449022737,3.601898115652097,2,Mon-Th,0,2025-07-07,Mon-Th,2,35
22,9.86591693600636,4.608602190290066,2,Mon-Th,0,2025-07-07,Mon-Th,2,35
19,10.355589328363333,2.263670072214506,2,Mon-Th,0,2025-07-07,Mon-Th,2,35
18,22.559438736299295,14.707240995518235,2,Mon-Th,0,2025-07-08,Mon-Th,2,52
17,8.709212479387496,7.831987190345704,2,Mon-Th,0,2025-07-08,Mon-Th,2,52
21,8.963105575080707,43.0952236736542,2,Mon-Th,0,2025-07-08,Mon-Th,2,52
17,13.91004164993684,10.55471443213262,2,Mon-Th,0,2025-07-08,Mon-Th,2,52
16,12.483458175523353,30.000838051786182,2,Mon-Th,0,2025-07-08,Mon-Th,2,52
17,18.740694107424353,6.8771866276157825,2,Mon-Th,0,2025-07-08,Mon-Th,2,52
17,13.984443414163529,6.474476323913875,2,Mon-Th,0,2025-07-08,Mon-Th,2,52
18,9.51944266741465,13.713986714974912,2,Mon-Th,0,2025-07-08,Mon-Th,2,52
16,15.27407585400934,33.49914595125908,2,Mon-Th,0,2025-07-08,Mon-Th,2,52
23,14.204234827467292,4.579475025368178,2,Mon-Th,0,2025-07-08,Mon-Th,2,52
17,8.792219524036142,13.223688766060043,2,Mon-Th,0,2025-07-08,Mon-Th,2,52
14,5.356104487067698,11.390681211513451,2,Mon-Th,0,2025-07-08,Mon-Th,2,52
20,9.960937015387294,5.419686670798559,2,Mon-Th,0,2025-07-08,Mon-Th,2,52
21,10.372084212303594,8.482006578050486,2,Mon-Th,0,2025-07-08,Mon-Th,2,52
13,8.784221620808962,1.9069161591935464,2,Mon-Th,0,2025-07-08,Mon-Th,2,52
23,10.595771903254878,12.598764554661583,2,Mon-Th,0,2025-07-08,Mon-Th,2,52
19,15.544541738983305,8.788405063470055,2,Mon-Th,0,2025-07-08,Mon-Th,2,52
21,13.301619644150126,11.211435972299308,2,Mon-Th,0,2025-07-08,Mon-Th,2,52
20,15.623698372932925,17.820852755196743,2,Mon-Th,0,2025-07-08,Mon-Th,2,52
15,3.61829862644074,12.58061570707582,2,Mon-Th,0,2025-07-08,Mon-Th,2,52
13,3.7798097086996005,4.811049386770278,2,Mon-Th,0,2025-07-08,Mon-Th,2,52
18,18.31730206826534,5.319411973430287,2,Mon-Th,0,2025-07-08,Mon-Th,2,52
18,8.879594098120474,1.4644519848839725,2,Mon-Th,0,2025-07-08,Mon-Th,2,52
18,13.869376373868924,18.075334403031196,2,Mon-Th,0,2025-07-08,Mon-Th,2,52
15,2.029437803339491,2.4637123872467073,2,Mon-Th,0,2025-07-08,Mon-Th,2,52
13,9.500784737473086,11.414694131615777,2,Mon-Th,0,2025-07-08,Mon-Th,2,52
17,11.365923453489739,0.8138603691312418,2,Mon-Th,0,2025-07-08,Mon-Th,2,52
22,15.109213153256906,7.875725176967258,2,Mon-Th,0,2025-07-08,Mon-Th,2,52
17,2.3550850979184115,5.7898357155513,2,Mon-Th,0,2025-07-08,Mon-Th,2,52
22,13.558042706382029,4.760004387167207,2,Mon-Th,0,2025-07-08,Mon-Th,2,52
3,18.36959372718897,19.122699583943024,2,Mon-Th,0,2025-07-08,Mon-Th,2,52
17,10.813607027268716,6.725743156427022,2,Mon-Th,0,2025-07-08,Mon-Th,2,52
18,18.19577239240138,9.37332088634745,2,Mon-Th,0,2025-07-08,Mon-Th,2,52
0,12.088840912458227,4.718892978444959,2,Mon-Th,0,2025-07-08,Mon-Th,2,52
13,8.136807681003676,6.647445728844209,2,Mon-Th,0,2025-07-08,Mon-Th,2,52
20,15.722680552688683,12.943588359554942,2,Mon-Th,0,2025-07-08,Mon-Th,2,52
14,34.46383130097477,6.0185739289486655,2,Mon-Th,0,2025-07-08,Mon-Th,2,52
15,17.22705598577024,13.074263077688565,2,Mon-Th,0,2025-07-08,Mon-Th,2,52
21,3.7831954202200846,13.452163559805689,2,Mon-Th,0,2025-07-08,Mon-Th,2,52
20,18.359549525347425,9.093071995540638,2,Mon-Th,0,2025-07-08,Mon-Th,2,52
17,24.49956293781028,9.045945897097623,2,Mon-Th,0,2025-07-08,Mon-Th,2,52
11,3.353121364912355,0.515703213918881,2,Mon-Th,0,2025-07-08,Mon-Th,2,52
13,3.1838617192230716,13.69825519966571,2,Mon-Th,0,2025-07-08,Mon-Th,2,52
16,19.772598503475145,6.3605762919217055,2,Mon-Th,0,2025-07-08,Mon-Th,2,52
17,14.713232902086425,5.4895649243876,2,Mon-Th,0,2025-07-08,Mon-Th,2,52
14,16.59439882556285,3.501643971720539,2,Mon-Th,0,2025-07-08,Mon-Th,2,52
10,3.7233993222330684,15.55752511886763,2,Mon-Th,0,2025-07-08,Mon-Th,2,52
23,9.938751298256872,5.595980128913411,2,Mon-Th,0,2025-07-08,Mon-Th,2,52
22,13.085832725266826,8.807968057285741,2,Mon-Th,0,2025-07-08,Mon-Th,2,52
20,13.529567356790004,42.270222128974886,2,Mon-Th,0,2025-07-08,Mon-Th,2,52
0,7.398990241608261,12.342398843584219,2,Mon-Th,0,2025-07-08,Mon-Th,2,52
18,20.22758618128938,6.7611441144543125,2,Mon-Th,0,2025-07-08,Mon-Th,2,52
13,4.099003646287314,2.1901005668412457,2,Mon-Th,0,2025-07-09,Mon-Th,2,55
21,17.048432717742628,5.592618597552602,2,Mon-Th,0,2025-07-09,Mon-Th,2,55
13,16.080560022162402,1.3380540032178794,2,Mon-Th,0,2025-07-09,Mon-Th,2,55
21,12.086515101969287,24.46131875388716,2,Mon-Th,0,2025-07-09,Mon-Th,2,55
21,9.609280570271142,4.365007554067567,2,Mon-Th,0,2025-07-09,Mon-Th,2,55
16,15.59321948070927,12.462422656001213,2,Mon-Th,0,2025-07-09,Mon-Th,2,55
15,5.413617309972064,3.815503719641641,2,Mon-Th,0,2025-07-09,Mon-Th,2,55
14,5.281033893842792,31.1204613443368,2,Mon-Th,0,2025-07-09,Mon-Th,2,55
8,17.252489129995737,3.9111278368089986,2,Mon-Th,0,2025-07-09,Mon-Th,2,55
19,10.8620515667996,8.501213605370141,2,Mon-Th,0,2025-07-09,Mon-Th,2,55
16,6.391584520365155,7.643900996055648,2,Mon-Th,0,2025-07-09,Mon-Th,2,55
17,40.79079663893877,4.295206720432548,2,Mon-Th,0,2025-07-09,Mon-Th,2,55
20,9.239837304539021,16.04912600790004,2,Mon-Th,0,2025-07-09,Mon-Th,2,55
12,20.430031119680944,13.358025727933985,2,Mon-Th,0,2025-07-09,Mon-Th,2,55
23,11.915101112866271,23.385564819901536,2,Mon-Th,0,2025-07-09,Mon-Th,2,55
20,10.383432329002357,13.369812094094303,2,Mon-Th,0,2025-07-09,Mon-Th,2,55
2,6.684258103303823,22.444410524488333,2,Mon-Th,0,2025-07-09,Mon-Th,2,55
20,14.070609151148673,10.772847414479477,2,Mon-Th,0,2025-07-09,Mon-Th,2,55
22,10.313049377492653,9.648552984071111,2,Mon-Th,0,2025-07-09,Mon-Th,2,55
15,15.253085895622245,33.049582588650196,2,Mon-Th,0,2025-07-09,Mon-Th,2,55
19,12.71278824890073,5.961137886982796,2,Mon-Th,0,2025-07-09,Mon-Th,2,55
11,19.560652582545423,8.066026679983706,2,Mon-Th,0,2025-07-09,Mon-Th,2,55
13,7.615959928722776,9.843520467099777,2,Mon-Th,0,2025-07-09,Mon-Th,2,55
21,11.345857314231733,17.01125390565788,2,Mon-Th,0,2025-07-09,Mon-Th,2,55
4,30.67995601200273,5.018403924567214,2,Mon-Th,0,2025-07-09,Mon-Th,2,55
19,17.331491338649297,8.488916437005766,2,Mon-Th,0,2025-07-09,Mon-Th,2,55
21,5.093264410282984,8.431746605394734,2,Mon-Th,0,2025-07-09,Mon-Th,2,55
15,8.769579228463325,1.894344454594965,2,Mon-Th,0,2025-07-09,Mon-Th,2,55
20,15.907936824070166,3.753443016628835,2,Mon-Th,0,2025-07-09,Mon-Th,2,55
17,8.29842830823804,9.02241912685673,2,Mon-Th,0,2025-07-09,Mon-Th,2,55
18,13.132314612354723,5.458101096869021,2,Mon-Th,0,2025-07-09,Mon-Th,2,55
18,12.638337236647857,8.56395393831588,2,Mon-Th,0,2025-07-09,Mon-Th,2,55
15,12.914217277335457,20.39056573908284,2,Mon-Th,0,2025-07-09,Mon-Th,2,55
18,13.642233278753615,14.62653499088645,2,Mon-Th,0,2025-07-09,Mon-Th,2,55
18,10.841901961018646,9.663232061890596,2,Mon-Th,0,2025-07-09,Mon-Th,2,55
16,2.8995412388702784,6.986858904679788,2,Mon-Th,0,2025-07-09,Mon-Th,2,55
14,26.30147811398062,7.47322030984023,2,Mon-Th,0,2025-07-09,Mon-Th,2,55
12,5.0073030772024385,8.492666760668891,2,Mon-Th,0,2025-07-09,Mon-Th,2,55
19,15.716356197187334,14.82333273805493,2,Mon-Th,0,2025-07-09,Mon-Th,2,55
14,7.709664058951533,2.114295688109136,2,Mon-Th,0,2025-07-09,Mon-Th,2,55
23,13.142736706178901,10.412415600921921,2,Mon-Th,0,2025-07-09,Mon-Th,2,55
18,15.086300961377681,5.623503296536698,2,Mon-Th,0,2025-07-09,Mon-Th,2,55
17,24.80900716463662,9.285606770298235,2,Mon-Th,0,2025-07-09,Mon-Th,2,55
11,2.3618228109846737,8.227029597814662,2,Mon-Th,0,2025-07-09,Mon-Th,2,55
19,14.291841377971203,1.787812309753568,2,Mon-Th,0,2025-07-09,Mon-Th,2,55
17,14.46867392504414,12.495309947989645,2,Mon-Th,0,2025-07-09,Mon-Th,2,55
14,12.915665176529934,13.39010555300485,2,Mon-Th,0,2025-07-09,Mon-Th,2,55
20,2.420151922320454,2.6963814582881405,2,Mon-Th,0,2025-07-09,Mon-Th,2,55
17,15.05098718366218,5.3527312071780235,2,Mon-Th,0,2025-07-09,Mon-Th,2,55
14,3.163343898555347,7.138337124222228,2,Mon-Th,0,2025-07-09,Mon-Th,2,55
15,4.077576934827868,8.81502469215108,2,Mon-Th,0,2025-07-09,Mon-Th,2,55
19,7.797126612141036,0.8804526352428401,2,Mon-Th,0,2025-07-09,Mon-Th,2,55
16,14.907383542090319,15.865097806533555,2,Mon-Th,0,2025-07-09,Mon-Th,2,55
12,40.337265371497296,3.6462076149086293,2,Mon-Th,0,2025-07-09,Mon-Th,2,55
20,11.796177318443071,27.480567123507385,2,Mon-Th,0,2025-07-09,Mon-Th,2,55
20,16.650490337094055,42.31777212868704,2,Friday,0,2025-06-27,Friday,2,45
18,5.848200851462227,3.6716699628010963,2,Friday,0,2025-06-27,Friday,2,45
23,20.759444861519047,2.97371890002432,2,Friday,0,2025-06-27,Friday,2,45
13,16.099930188589564,12.476632746142682,2,Friday,0,2025-06-27,Friday,2,45
14,13.983363474649806,30.493264238790054,2,Friday,0,2025-06-27,Friday,2,45
14,8.387201110810508,5.339959884441993,2,Friday,0,2025-06-27,Friday,2,45
14,19.74027578406635,12.6913042252505,2,Friday,0,2025-06-27,Friday,2,45
20,16.32709403121933,45.988920291612416,2,Friday,0,2025-06-27,Friday,2,45
18,30.59294984595425,4.9710756474985205,2,Friday,0,2025-06-27,Friday,2,45
3,2.942889129989336,9.995937959190483,2,Friday,0,2025-06-27,Friday,2,45
17,14.192687660588955,5.183467795444546,2,Friday,0,2025-06-27,Friday,2,45
14,23.204922544536362,8.735844637887958,2,Friday,0,2025-06-27,Friday,2,45
16,17.311545927237944,14.121209897389239,2,Friday,0,2025-06-27,Friday,2,45
17,10.568785862607207,18.75459464949825,2,Friday,0,2025-06-27,Friday,2,45
16,14.35481225843434,4.079577109787799,2,Friday,0,2025-06-27,Friday,2,45
19,16.15893728273981,6.862482129572216,2,Friday,0,2025-06-27,Friday,2,45
9,7.964595219896249,11.728614178384857,2,Friday,0,2025-06-27,Friday,2,45
13,19.329099416344064,24.406541275841704,2,Friday,0,2025-06-27,Friday,2,45
19,25.9160938849589,3.264853127121106,2,Friday,0,2025-06-27,Friday,2,45
0,9.757403650423644,34.12460235635583,2,Friday,0,2025-06-27,Friday,2,45
16,57.009340789681396,13.093943988732596,2,Friday,0,2025-06-27,Friday,2,45
22,21.69426982676367,34.45788571808511,2,Friday,0,2025-06-27,Friday,2,45
22,13.278339045536068,1.4737059905625092,2,Friday,0,2025-06-27,Friday,2,45
18,15.607625913243805,13.320666443546914,2,Friday,0,2025-06-27,Friday,2,45
14,2.6512969687412298,8.15289524667906,2,Friday,0,2025-06-27,Friday,2,45
15,8.588249804849085,22.456721944820465,2,Friday,0,2025-06-27,Friday,2,45
23,14.039263187769087,26.13424465472214,2,Friday,0,2025-06-27,Friday,2,45
14,15.79718102043321,8.125686782600125,2,Friday,0,2025-06-27,Friday,2,45
16,23.7435182962272,12.852996883194185,2,Friday,0,2025-06-27,Friday,2,45
17,3.062399907716392,1.7296984302300744,2,Friday,0,2025-06-27,Friday,2,45
14,24.41489856161396,59.38705378219346,2,Friday,0,2025-06-27,Friday,2,45
17,27.776300773509412,60.78224758983583,2,Friday,0,2025-06-27,Friday,2,45
15,8.967780800217016,14.884876938167261,2,Friday,0,2025-06-27,Friday,2,45
23,15.48703275995025,41.672746499571474,2,Friday,0,2025-06-27,Friday,2,45
19,14.657961433179171,7.7548195314943875,2,Friday,0,2025-06-27,Friday,2,45
16,10.512100433280594,28.35221885175514,2,Friday,0,2025-06-27,Friday,2,45
8,4.958871531161562,2.0364188508258136,2,Friday,0,2025-06-27,Friday,2,45
19,30.892458156402355,1.7394658905421942,2,Friday,0,2025-06-27,Friday,2,45
18,15.421078425440431,10.733688931390489,2,Friday,0,2025-06-27,Friday,2,45
22,8.008879467729969,13.588634973793543,2,Friday,0,2025-06-27,Friday,2,45
14,5.574586188533683,6.3559915276742975,2,Friday,0,2025-06-27,Friday,2,45
17,28.127647658745833,6.6181815452915105,2,Friday,0,2025-06-27,Friday,2,45
17,4.5935595010641395,7.4745891387068175,2,Friday,0,2025-06-27,Friday,2,45
16,17.328115822512878,3.0270301012729517,2,Friday,0,2025-06-27,Friday,2,45
20,13.205638069686625,8.47851208145224,2,Friday,0,2025-06-27,Friday,2,45
21,3.2730783007213553,5.988417286009636,2,Friday,0,2025-07-04,Friday,2,49
20,3.0523013744914334,8.887766559678647,2,Friday,0,2025-07-04,Friday,2,49
14,31.43703197337484,22.058022082797063,2,Friday,0,2025-07-04,Friday,2,49
16,16.87020472161213,10.043263176191694,2,Friday,0,2025-07-04,Friday,2,49
13,15.359552060194012,5.737152564001403,2,Friday,0,2025-07-04,Friday,2,49
23,9.871011925516164,36.97754884883423,2,Friday,0,2025-07-04,Friday,2,49
15,13.375531666560267,41.4051826595228,2,Friday,0,2025-07-04,Friday,2,49
17,28.607440495492185,13.047894609299496,2,Friday,0,2025-07-04,Friday,2,49
23,9.428531764221315,15.06307886013373,2,Friday,0,2025-07-04,Friday,2,49
18,12.622264836987807,7.002988477363395,2,Friday,0,2025-07-04,Friday,2,49
18,12.918551885135884,11.513396500227085,2,Friday,0,2025-07-04,Friday,2,49
14,32.26233862010966,2.0250811918965,2,Friday,0,2025-07-04,Friday,2,49
15,2.364030271896335,5.290711962525126,2,Friday,0,2025-07-04,Friday,2,49
13,15.377290426931093,14.270921667405746,2,Friday,0,2025-07-04,Friday,2,49
13,2.5263917682225383,7.397719334142716,2,Friday,0,2025-07-04,Friday,2,49
18,19.330855188152146,3.833174681691175,2,Friday,0,2025-07-04,Friday,2,49
17,19.760251900027647,34.880372664724135,2,Friday,0,2025-07-04,Friday,2,49
17,13.918359476516816,5.202189080788569,2,Friday,0,2025-07-04,Friday,2,49
20,4.6633657546764695,14.593629300666837,2,Friday,0,2025-07-04,Friday,2,49
12,19.39283084811993,4.019951209921707,2,Friday,0,2025-07-04,Friday,2,49
16,12.853449004764606,19.204273563537658,2,Friday,0,2025-07-04,Friday,2,49
14,28.393179066361736,0.9739054993296687,2,Friday,0,2025-07-04,Friday,2,49
11,17.77877164048602,5.455883840675492,2,Friday,0,2025-07-04,Friday,2,49
13,2.944647181048123,5.301320940815419,2,Friday,0,2025-07-04,Friday,2,49
14,18.626522411486487,10.07670439279349,2,Friday,0,2025-07-04,Friday,2,49
14,19.380861348599336,32.87041340109733,2,Friday,0,2025-07-04,Friday,2,49
17,3.2200063097157257,1.4907865339520279,2,Friday,0,2025-07-04,Friday,2,49
19,39.41719867192909,7.501375686712026,2,Friday,0,2025-07-04,Friday,2,49
21,9.42355915659967,9.776665755069924,2,Friday,0,2025-07-04,Friday,2,49
17,18.512185490413074,9.693099512755792,2,Friday,0,2025-07-04,Friday,2,49
20,11.211042903226687,8.954002976310367,2,Friday,0,2025-07-04,Friday,2,49
23,18.034344055061204,13.35987670141193,2,Friday,0,2025-07-04,Friday,2,49
17,23.867863558062794,17.961801723680054,2,Friday,0,2025-07-04,Friday,2,49
22,11.905244386443485,9.490938990758357,2,Friday,0,2025-07-04,Friday,2,49
20,13.857804124391425,10.689160519226027,2,Friday,0,2025-07-04,Friday,2,49
16,22.644055504029367,1.9365852311840377,2,Friday,0,2025-07-04,Friday,2,49
19,20.716732262298667,16.590927333277996,2,Friday,0,2025-07-04,Friday,2,49
9,12.202764348041946,59.97911451125484,2,Friday,0,2025-07-04,Friday,2,49
18,6.131678957548726,12.456447647006163,2,Friday,0,2025-07-04,Friday,2,49
18,16.71300957330812,38.30071460206831,2,Friday,0,2025-07-04,Friday,2,49
23,13.346693931279631,43.46264907071067,2,Friday,0,2025-07-04,Friday,2,49
20,21.261219082613554,12.536759242348694,2,Friday,0,2025-07-04,Friday,2,49
15,21.711967458146596,5.266977550921882,2,Friday,0,2025-07-04,Friday,2,49
9,6.095237613965408,9.114435805251777,2,Friday,0,2025-07-04,Friday,2,49
19,24.44869749386363,2.922033965576593,2,Friday,0,2025-07-04,Friday,2,49
21,11.738013944945635,21.085962003152368,2,Friday,0,2025-07-04,Friday,2,49
6,12.587370201235867,15.889239275066018,2,Friday,0,2025-07-04,Friday,2,49
14,19.88849021753072,8.831525663839622,2,Friday,0,2025-07-04,Friday,2,49
14,24.070257065358426,4.853676680839697,2,Friday,0,2025-07-04,Friday,2,49
18,16.752716883901456,12.405487433798154,2,Friday,0,2025-07-11,Friday,2,37
15,10.4129364049722,10.490201635611992,2,Friday,0,2025-07-11,Friday,2,37
10,15.962631925853323,25.9864335245632,2,Friday,0,2025-07-11,Friday,2,37
14,19.785452421740832,4.035942808262647,2,Friday,0,2025-07-11,Friday,2,37
15,21.978335995915092,10.603688599891846,2,Friday,0,2025-07-11,Friday,2,37
14,26.248886974569665,27.171659621836522,2,Friday,0,2025-07-11,Friday,2,37
17,16.67811624144784,16.178609825235178,2,Friday,0,2025-07-11,Friday,2,37
15,12.6465754379749,17.726777913949732,2,Friday,0,2025-07-11,Friday,2,37
23,5.964300100536587,6.80595088790849,2,Friday,0,2025-07-11,Friday,2,37
20,15.930836790729,22.486211067710855,2,Friday,0,2025-07-11,Friday,2,37
21,9.127963874997912,6.006012643584244,2,Friday,0,2025-07-11,Friday,2,37
22,15.077551750972965,8.718263406969262,2,Friday,0,2025-07-11,Friday,2,37
17,10.495526904876705,6.857483524002102,2,Friday,0,2025-07-11,Friday,2,37
21,11.414555042423665,11.31630118489504,2,Friday,0,2025-07-11,Friday,2,37
11,16.75413751744582,6.7112878185151255,2,Friday,0,2025-07-11,Friday,2,37
17,12.784965176077574,20.770543936349803,2,Friday,0,2025-07-11,Friday,2,37
14,18.43864303712146,26.267993102713053,2,Friday,0,2025-07-11,Friday,2,37
13,21.42308694014263,6.232044779232231,2,Friday,0,2025-07-11,Friday,2,37
15,23.22341289489847,10.180194882988706,2,Friday,0,2025-07-11,Friday,2,37
18,2.6063348212547632,15.451650110526893,2,Friday,0,2025-07-11,Friday,2,37
23,27.59022317084437,26.68146548546637,2,Friday,0,2025-07-11,Friday,2,37
17,23.660165173621042,9.579786826676857,2,Friday,0,2025-07-11,Friday,2,37
18,25.718529435783182,15.724668387032219,2,Friday,0,2025-07-11,Friday,2,37
7,3.44909196372328,5.361585953493969,2,Friday,0,2025-07-11,Friday,2,37
15,20.181214664523736,1.7336572703774054,2,Friday,0,2025-07-11,Friday,2,37
14,40.670688925650765,5.917338990566209,2,Friday,0,2025-07-11,Friday,2,37
22,12.212596707427195,6.408128091217045,2,Friday,0,2025-07-11,Friday,2,37
12,2.6327595869191383,2.3790710991271413,2,Friday,0,2025-07-11,Friday,2,37
12,4.735047319670128,24.572546699418158,2,Friday,0,2025-07-11,Friday,2,37
18,12.748385956226116,4.740703478116713,2,Friday,0,2025-07-11,Friday,2,37
20,33.982975456277266,4.695286893660267,2,Friday,0,2025-07-11,Friday,2,37
16,6.724754715805208,11.490142735799465,2,Friday,0,2025-07-11,Friday,2,37
14,16.694999048817508,6.195822874461009,2,Friday,0,2025-07-11,Friday,2,37
20,16.343905965874715,6.830100269198952,2,Friday,0,2025-07-11,Friday,2,37
17,18.118040840078045,62.765442971850725,2,Friday,0,2025-07-11,Friday,2,37
22,68.49789683160672,6.237723094781241,2,Friday,0,2025-07-11,Friday,2,37
20,13.767251621541803,9.49166531761682,2,Friday,0,2025-07-11,Friday,2,37
12,26.03317364493554,12.799430936457497,2,Friday,0,2025-07-18,Friday,2,44
18,38.05975577342845,1.9867777445217907,2,Friday,0,2025-07-18,Friday,2,44
14,5.499259501484503,10.655684680480677,2,Friday,0,2025-07-18,Friday,2,44
17,14.464244849663945,9.79980664991881,2,Friday,0,2025-07-18,Friday,2,44
12,3.076797666874543,5.586079262093847,2,Friday,0,2025-07-18,Friday,2,44
15,10.125653643681442,6.8789871074679905,2,Friday,0,2025-07-18,Friday,2,44
13,19.184494127853977,7.963103366512543,2,Friday,0,2025-07-18,Friday,2,44
13,7.292206691764941,9.354798496680383,2,Friday,0,2025-07-18,Friday,2,44
15,8.241924487129122,10.710724363508927,2,Friday,0,2025-07-18,Friday,2,44
18,8.380086069610506,5.641049081129401,2,Friday,0,2025-07-18,Friday,2,44
17,10.747821680199323,8.750645779291846,2,Friday,0,2025-07-18,Friday,2,44
19,10.289278207545102,1.2651802764017561,2,Friday,0,2025-07-18,Friday,2,44
18,34.62640281971753,5.902621712527688,2,Friday,0,2025-07-18,Friday,2,44
17,16.251768533697135,9.289601493525739,2,Friday,0,2025-07-18,Friday,2,44
20,12.989519674998267,15.081981566564332,2,Friday,0,2025-07-18,Friday,2,44
8,11.114966335253413,2.004953247058092,2,Friday,0,2025-07-18,Friday,2,44
18,28.316871882176898,2.9197602843495565,2,Friday,0,2025-07-18,Friday,2,44
12,7.371507068083041,9.513835099368112,2,Friday,0,2025-07-18,Friday,2,44
14,6.667214823691069,3.9159275457080485,2,Friday,0,2025-07-18,Friday,2,44
16,30.14647564236034,27.41757833561404,2,Friday,0,2025-07-18,Friday,2,44
23,12.354527249644661,14.9420969363018,2,Friday,0,2025-07-18,Friday,2,44
17,26.887974686626418,13.29335418331227,2,Friday,0,2025-07-18,Friday,2,44
14,18.714421011710865,7.686604428348422,2,Friday,0,2025-07-18,Friday,2,44
16,19.069109479493367,3.428371336119305,2,Friday,0,2025-07-18,Friday,2,44
11,15.7749871275058,11.969789880371755,2,Friday,0,2025-07-18,Friday,2,44
23,16.120772054117232,7.767153691547871,2,Friday,0,2025-07-18,Friday,2,44
16,30.748162470974084,18.79277008047668,2,Friday,0,2025-07-18,Friday,2,44
15,20.612151970815727,9.00052353364691,2,Friday,0,2025-07-18,Friday,2,44
16,9.470488481062471,10.51760340478798,2,Friday,0,2025-07-18,Friday,2,44
14,6.403710851406821,14.759614925277232,2,Friday,0,2025-07-18,Friday,2,44
15,20.466644755807774,11.308996910358989,2,Friday,0,2025-07-18,Friday,2,44
15,17.979400320938087,10.178469698522667,2,Friday,0,2025-07-18,Friday,2,44
21,41.34972318375774,37.227893836683414,2,Friday,0,2025-07-18,Friday,2,44
18,3.707361897341131,14.094582717560108,2,Friday,0,2025-07-18,Friday,2,44
19,32.68797758825807,8.385832538983662,2,Friday,0,2025-07-18,Friday,2,44
17,20.3008831003764,14.785698206958974,2,Friday,0,2025-07-18,Friday,2,44
22,16.64802002864782,12.254666658445457,2,Friday,0,2025-07-18,Friday,2,44
15,2.817348850824091,13.352745033248073,2,Friday,0,2025-07-18,Friday,2,44
17,35.9115482162773,9.025874895022996,2,Friday,0,2025-07-18,Friday,2,44
12,18.54001378205327,3.6854637136985424,2,Friday,0,2025-07-18,Friday,2,44
20,9.142314150859914,8.249273429469477,2,Friday,0,2025-07-18,Friday,2,44
18,15.321475613553684,7.691364819916293,2,Friday,0,2025-07-18,Friday,2,44
15,42.59197530852151,3.161462591832783,2,Friday,0,2025-07-18,Friday,2,44
14,17.441538663406767,13.062973992894799,2,Friday,0,2025-07-18,Friday,2,44
18,17.665468194251062,47.45738579417102,2,Friday,0,2025-07-25,Friday,2,47
15,5.3432980283723825,5.59071599020877,2,Friday,0,2025-07-25,Friday,2,47
23,21.94307245933139,14.452821107860846,2,Friday,0,2025-07-25,Friday,2,47
19,27.616987477560436,5.710378624617402,2,Friday,0,2025-07-25,Friday,2,47
18,13.317285305673035,6.9514436146218035,2,Friday,0,2025-07-25,Friday,2,47
20,65.59783074926062,2.166524955491407,2,Friday,0,2025-07-25,Friday,2,47
14,6.4411657976357635,15.429884218768,2,Friday,0,2025-07-25,Friday,2,47
14,4.653443258434967,28.88446395673141,2,Friday,0,2025-07-25,Friday,2,47
20,17.756698997603973,7.606493052927893,2,Friday,0,2025-07-25,Friday,2,47
22,14.561204890790542,48.44745888590248,2,Friday,0,2025-07-25,Friday,2,47
14,7.8469102862390505,1.8979471061809308,2,Friday,0,2025-07-25,Friday,2,47
17,45.37202777091891,3.2850056948917175,2,Friday,0,2025-07-25,Friday,2,47
14,22.16583995097253,56.14202638472069,2,Friday,0,2025-07-25,Friday,2,47
20,14.074763836668602,26.26669072370748,2,Friday,0,2025-07-25,Friday,2,47
17,5.985663612842802,7.0562652583549745,2,Friday,0,2025-07-25,Friday,2,47
16,9.296946478768563,22.54405156518133,2,Friday,0,2025-07-25,Friday,2,47
22,9.90675420767668,10.861850289555777,2,Friday,0,2025-07-25,Friday,2,47
23,11.740003391435149,35.3597893000304,2,Friday,0,2025-07-25,Friday,2,47
12,4.563694232743724,5.922251713738829,2,Friday,0,2025-07-25,Friday,2,47
12,2.314057289694648,16.402321492226474,2,Friday,0,2025-07-25,Friday,2,47
18,12.855240267498644,7.613509992830582,2,Friday,0,2025-07-25,Friday,2,47
22,11.983341599870474,55.6746783950671,2,Friday,0,2025-07-25,Friday,2,47
14,32.68719877116113,24.404076980156923,2,Friday,0,2025-07-25,Friday,2,47
19,13.491760872198284,16.559539416583576,2,Friday,0,2025-07-25,Friday,2,47
9,7.060101828092718,2.0895955729746483,2,Friday,0,2025-07-25,Friday,2,47
7,25.3478610888026,13.842832929589639,2,Friday,0,2025-07-25,Friday,2,47
18,19.271277534830485,2.248879254112488,2,Friday,0,2025-07-25,Friday,2,47
11,7.447205684388359,4.230307946637894,2,Friday,0,2025-07-25,Friday,2,47
12,43.797107375250484,10.266023632587757,2,Friday,0,2025-07-25,Friday,2,47
19,22.139346082355722,7.649650485295703,2,Friday,0,2025-07-25,Friday,2,47
6,2.927032899493258,14.278585410066881,2,Friday,0,2025-07-25,Friday,2,47
16,5.337454515369341,35.716440682543066,2,Friday,0,2025-07-25,Friday,2,47
22,15.669928680112271,18.168707701448355,2,Friday,0,2025-07-25,Friday,2,47
15,12.247593816732014,4.455758310706545,2,Friday,0,2025-07-25,Friday,2,47
16,23.886207697136218,7.406882035976749,2,Friday,0,2025-07-25,Friday,2,47
18,16.092493372585565,2.7894047063710135,2,Friday,0,2025-07-25,Friday,2,47
19,12.707233203297715,14.516238191693114,2,Friday,0,2025-07-25,Friday,2,47
15,10.589001251254398,8.260793913205427,2,Friday,0,2025-07-25,Friday,2,47
13,8.073878761900637,13.40714051170636,2,Friday,0,2025-07-25,Friday,2,47
17,17.44437678147918,8.413857035664002,2,Friday,0,2025-07-25,Friday,2,47
14,19.156705490505377,29.504775636163888,2,Friday,0,2025-07-25,Friday,2,47
9,2.6832153442289686,9.429583654470067,2,Friday,0,2025-07-25,Friday,2,47
19,9.601603265672614,48.60591566597473,2,Friday,0,2025-07-25,Friday,2,47
11,3.5296090854021402,6.630088954882953,2,Friday,0,2025-07-25,Friday,2,47
16,8.885493907121687,4.698228660069228,2,Friday,0,2025-07-25,Friday,2,47
15,21.518170393219556,16.997508080771546,2,Friday,0,2025-07-25,Friday,2,47
15,11.960686706099967,30.236987229680167,2,Friday,0,2025-07-25,Friday,2,47
20,13.650217877688213,7.228942379696168,2,Friday,0,2025-08-01,Friday,2,51
15,17.983828569629377,41.991415177868525,2,Friday,0,2025-08-01,Friday,2,51
21,20.50161808551475,15.84660118004729,2,Friday,0,2025-08-01,Friday,2,51
20,12.191417707956763,36.30678528526977,2,Friday,0,2025-08-01,Friday,2,51
3,21.19860120859846,1.668919903984413,2,Friday,0,2025-08-01,Friday,2,51
12,7.987051364200609,3.8295192162823604,2,Friday,0,2025-08-01,Friday,2,51
18,11.73948056365699,6.275632116086453,2,Friday,0,2025-08-01,Friday,2,51
18,13.321064611699839,23.786346431331715,2,Friday,0,2025-08-01,Friday,2,51
19,17.544223291096284,42.473610635181,2,Friday,0,2025-08-01,Friday,2,51
13,23.089700594095905,18.87018845383438,2,Friday,0,2025-08-01,Friday,2,51
19,14.381521213595384,24.49232909588716,2,Friday,0,2025-08-01,Friday,2,51
21,11.045356181064825,22.858007473933025,2,Friday,0,2025-08-01,Friday,2,51
20,16.623627492619057,14.297471371842176,2,Friday,0,2025-08-01,Friday,2,51
14,11.665406719982155,11.212978698050227,2,Friday,0,2025-08-01,Friday,2,51
18,2.9253663857364036,4.166665377032807,2,Friday,0,2025-08-01,Friday,2,51
21,2.267823676757879,12.644398945477516,2,Friday,0,2025-08-01,Friday,2,51
10,51.771681022708464,19.611797945817997,2,Friday,0,2025-08-01,Friday,2,51
17,3.4697945599074327,8.886740547936787,2,Friday,0,2025-08-01,Friday,2,51
15,21.771730679394622,5.001483188675759,2,Friday,0,2025-08-01,Friday,2,51
5,5.297493808658404,16.974471075099345,2,Friday,0,2025-08-01,Friday,2,51
17,16.01273506369112,4.419972982237285,2,Friday,0,2025-08-01,Friday,2,51
16,30.286357503234868,15.500799481274868,2,Friday,0,2025-08-01,Friday,2,51
13,3.4592419546338897,5.487000019734864,2,Friday,0,2025-08-01,Friday,2,51
18,56.94968231203936,9.027193501173365,2,Friday,0,2025-08-01,Friday,2,51
14,35.63090498216487,6.775032691136539,2,Friday,0,2025-08-01,Friday,2,51
19,21.254484633001734,13.367318373693097,2,Friday,0,2025-08-01,Friday,2,51
10,25.090543853810193,13.30867642548769,2,Friday,0,2025-08-01,Friday,2,51
14,9.511456918902592,7.947000449249887,2,Friday,0,2025-08-01,Friday,2,51
14,20.227964579735893,30.59754181797432,2,Friday,0,2025-08-01,Friday,2,51
19,3.1628564388245453,6.670823293062657,2,Friday,0,2025-08-01,Friday,2,51
2,37.297858003995685,4.623340433397294,2,Friday,0,2025-08-01,Friday,2,51
20,12.927633406382988,7.1353842497379425,2,Friday,0,2025-08-01,Friday,2,51
13,3.643038171779925,16.605829121927776,2,Friday,0,2025-08-01,Friday,2,51
14,7.240980217879175,18.116802471444178,2,Friday,0,2025-08-01,Friday,2,51
14,9.513160998362991,8.48013468201558,2,Friday,0,2025-08-01,Friday,2,51
23,12.103563829513078,15.560222441106124,2,Friday,0,2025-08-01,Friday,2,51
15,2.878453236575266,22.194479996926354,2,Friday,0,2025-08-01,Friday,2,51
15,41.906003407468106,13.43489175322226,2,Friday,0,2025-08-01,Friday,2,51
1,11.8772770734567,17.757473662841992,2,Friday,0,2025-08-01,Friday,2,51
17,49.38015714555583,6.44496445478763,2,Friday,0,2025-08-01,Friday,2,51
13,6.021884411362113,15.807848771471523,2,Friday,0,2025-08-01,Friday,2,51
14,40.49379193477879,0.9177858497007794,2,Friday,0,2025-08-01,Friday,2,51
16,25.461031983746025,54.20142927668661,2,Friday,0,2025-08-01,Friday,2,51
23,18.719032755331465,38.502675463376356,2,Friday,0,2025-08-01,Friday,2,51
21,6.458005224669583,9.911554324751071,2,Friday,0,2025-08-01,Friday,2,51
19,25.9545372121934,12.14788043735361,2,Friday,0,2025-08-01,Friday,2,51
14,23.510490844637236,17.269434095941666,2,Friday,0,2025-08-01,Friday,2,51
13,10.723048418169128,9.297649978884701,2,Friday,0,2025-08-01,Friday,2,51
14,10.63674352806126,12.679645273649102,2,Friday,0,2025-08-01,Friday,2,51
21,11.934338647895657,7.206817330468932,2,Friday,0,2025-08-01,Friday,2,51
18,19.712367669579397,1.354818302545208,2,Friday,0,2025-08-01,Friday,2,51
22,16.14992601640153,21.824946414889776,2,Friday,0,2025-08-08,Friday,2,44
17,15.361084340811157,2.691317085331626,2,Friday,0,2025-08-08,Friday,2,44
12,13.534233774642281,10.451877983617116,2,Friday,0,2025-08-08,Friday,2,44
18,11.598524042533384,23.127386737702345,2,Friday,0,2025-08-08,Friday,2,44
21,11.413535922064913,13.411444018723587,2,Friday,0,2025-08-08,Friday,2,44
20,13.718466352915122,6.82904033486876,2,Friday,0,2025-08-08,Friday,2,44
23,8.684396061336162,15.161505156777404,2,Friday,0,2025-08-08,Friday,2,44
20,2.155100208170525,4.734960798802119,2,Friday,0,2025-08-08,Friday,2,44
14,31.605693202844947,24.590152139854595,2,Friday,0,2025-08-08,Friday,2,44
20,12.171390348863593,26.73021691326388,2,Friday,0,2025-08-08,Friday,2,44
16,19.842323651034658,7.14208889021974,2,Friday,0,2025-08-08,Friday,2,44
18,14.737080774831963,16.881822764542918,2,Friday,0,2025-08-08,Friday,2,44
14,21.339152132374544,8.914814500597267,2,Friday,0,2025-08-08,Friday,2,44
20,16.06072352421675,38.00689592702528,2,Friday,0,2025-08-08,Friday,2,44
21,11.603801642348632,26.665446110638165,2,Friday,0,2025-08-08,Friday,2,44
17,17.65632400717002,10.975281885728743,2,Friday,0,2025-08-08,Friday,2,44
19,13.056703524944474,12.358487509292418,2,Friday,0,2025-08-08,Friday,2,44
19,27.667404946681238,5.312340993737004,2,Friday,0,2025-08-08,Friday,2,44
18,4.286962675359024,4.2332334612067,2,Friday,0,2025-08-08,Friday,2,44
17,4.7167160540094555,12.253425845116443,2,Friday,0,2025-08-08,Friday,2,44
17,25.68313279316207,5.45014651322609,2,Friday,0,2025-08-08,Friday,2,44
22,10.585927670110603,17.387310506776632,2,Friday,0,2025-08-08,Friday,2,44
15,17.663739463620477,28.991593837514717,2,Friday,0,2025-08-08,Friday,2,44
19,14.214008185295434,23.03252675114923,2,Friday,0,2025-08-08,Friday,2,44
17,18.81665733332502,21.768569846532912,2,Friday,0,2025-08-08,Friday,2,44
14,3.9614894204321462,39.558282511752815,2,Friday,0,2025-08-08,Friday,2,44
18,12.404931279054981,16.596162271496446,2,Friday,0,2025-08-08,Friday,2,44
14,16.55056472890001,18.855844926786656,2,Friday,0,2025-08-08,Friday,2,44
20,6.877587125106479,6.185292368153321,2,Friday,0,2025-08-08,Friday,2,44
14,2.911372780941183,11.261001525175846,2,Friday,0,2025-08-08,Friday,2,44
21,14.313884881387619,20.2279166801734,2,Friday,0,2025-08-08,Friday,2,44
16,11.445816489351593,9.159697434182492,2,Friday,0,2025-08-08,Friday,2,44
21,11.286434359335196,13.39727691354948,2,Friday,0,2025-08-08,Friday,2,44
23,5.0782620617757495,5.484168673853007,2,Friday,0,2025-08-08,Friday,2,44
16,17.78760774390772,3.1356553090480617,2,Friday,0,2025-08-08,Friday,2,44
20,16.198072848507493,17.79428666685399,2,Friday,0,2025-08-08,Friday,2,44
22,13.33024185456551,28.948165057081297,2,Friday,0,2025-08-08,Friday,2,44
18,21.531327959508744,12.785928343117517,2,Friday,0,2025-08-08,Friday,2,44
19,28.48792757314157,4.427126689091603,2,Friday,0,2025-08-08,Friday,2,44
11,59.65741812070499,5.606009424050757,2,Friday,0,2025-08-08,Friday,2,44
19,10.874538128354185,5.747146243223179,2,Friday,0,2025-08-08,Friday,2,44
17,11.690907175126156,15.913901885179731,2,Friday,0,2025-08-08,Friday,2,44
18,18.44883702212564,27.025494469495683,2,Friday,0,2025-08-08,Friday,2,44
15,14.758933022130638,8.068045963020067,2,Friday,0,2025-08-08,Friday,2,44
16,18.687057522056215,26.34921197532271,2,Friday,0,2025-08-15,Friday,2,40
13,36.484870081160416,8.333753776768441,2,Friday,0,2025-08-15,Friday,2,40
18,15.88037862044406,3.9149612741144875,2,Friday,0,2025-08-15,Friday,2,40
20,17.45050597265475,7.164566119539758,2,Friday,0,2025-08-15,Friday,2,40
15,20.843312859132176,6.037118066279762,2,Friday,0,2025-08-15,Friday,2,40
20,14.431956673104189,6.3921036082046445,2,Friday,0,2025-08-15,Friday,2,40
17,19.124877314601484,18.00712014746552,2,Friday,0,2025-08-15,Friday,2,40
15,34.80505052509162,56.73975658602976,2,Friday,0,2025-08-15,Friday,2,40
16,14.812912507184485,17.30542066759429,2,Friday,0,2025-08-15,Friday,2,40
22,11.33217265510261,6.356155923411785,2,Friday,0,2025-08-15,Friday,2,40
18,17.909106078887415,6.973547337560226,2,Friday,0,2025-08-15,Friday,2,40
22,9.225115079315326,16.492349254163514,2,Friday,0,2025-08-15,Friday,2,40
15,5.340586499133149,7.473627296838916,2,Friday,0,2025-08-15,Friday,2,40
18,21.174607901994236,5.357324413983188,2,Friday,0,2025-08-15,Friday,2,40
23,8.607703136722456,6.653447909457816,2,Friday,0,2025-08-15,Friday,2,40
22,10.149333147959371,21.800085966070196,2,Friday,0,2025-08-15,Friday,2,40
15,2.442436813579348,3.1155278248964455,2,Friday,0,2025-08-15,Friday,2,40
19,10.941537548211546,8.880709213017605,2,Friday,0,2025-08-15,Friday,2,40
17,15.17122721312684,5.329021467787266,2,Friday,0,2025-08-15,Friday,2,40
13,4.0740861082834225,6.580959713923663,2,Friday,0,2025-08-15,Friday,2,40
17,17.90097476034206,5.9200709459551835,2,Friday,0,2025-08-15,Friday,2,40
12,11.221564054802212,3.24547355310499,2,Friday,0,2025-08-15,Friday,2,40
17,2.705157802231847,29.86270109554139,2,Friday,0,2025-08-15,Friday,2,40
17,8.860314055430038,3.1693291681240447,2,Friday,0,2025-08-15,Friday,2,40
15,31.46425929488942,20.975299064238293,2,Friday,0,2025-08-15,Friday,2,40
16,2.0857060037078523,10.34830640434386,2,Friday,0,2025-08-15,Friday,2,40
18,10.65612300368386,7.097892672453683,2,Friday,0,2025-08-15,Friday,2,40
19,11.494267284458846,8.991351047518064,2,Friday,0,2025-08-15,Friday,2,40
20,16.73759041494788,10.888678729634886,2,Friday,0,2025-08-15,Friday,2,40
15,2.11887368122152,16.614289552731012,2,Friday,0,2025-08-15,Friday,2,40
15,3.08538279418432,6.976665388641191,2,Friday,0,2025-08-15,Friday,2,40
16,12.603890257579952,7.323600461889175,2,Friday,0,2025-08-15,Friday,2,40
18,16.735274432324555,22.188328302479896,2,Friday,0,2025-08-15,Friday,2,40
13,38.402403284352836,17.883185566693605,2,Friday,0,2025-08-15,Friday,2,40
17,10.836919069276359,5.139168562325436,2,Friday,0,2025-08-15,Friday,2,40
11,4.84634616430707,21.948841797171532,2,Friday,0,2025-08-15,Friday,2,40
2,18.699310787512093,61.231761970039024,2,Friday,0,2025-08-15,Friday,2,40
11,3.22605129508889,3.2401415315247304,2,Friday,0,2025-08-15,Friday,2,40
18,44.1462352681999,29.26698269603046,2,Friday,0,2025-08-15,Friday,2,40
18,19.921524527915746,12.82359333008573,2,Friday,0,2025-08-15,Friday,2,40
18,46.7044111751886,15.347186035903064,2,Friday,0,2025-08-22,Friday,2,40
22,9.071432079109545,4.892285095086502,2,Friday,0,2025-08-22,Friday,2,40
19,5.925989981080021,40.956209302475315,2,Friday,0,2025-08-22,Friday,2,40
15,19.701460997490415,4.8402494662108015,2,Friday,0,2025-08-22,Friday,2,40
14,5.410333008216827,23.00378918369861,2,Friday,0,2025-08-22,Friday,2,40
15,11.046454727357645,9.669601898460643,2,Friday,0,2025-08-22,Friday,2,40
16,12.207189261420048,5.725485218220661,2,Friday,0,2025-08-22,Friday,2,40
12,2.888352406035559,7.735402375329728,2,Friday,0,2025-08-22,Friday,2,40
20,9.557627729306752,27.402866184797222,2,Friday,0,2025-08-22,Friday,2,40
21,44.86977610776341,29.257251626757434,2,Friday,0,2025-08-22,Friday,2,40
12,19.261396689211068,6.278275596686692,2,Friday,0,2025-08-22,Friday,2,40
22,15.928441991867924,12.167447607710603,2,Friday,0,2025-08-22,Friday,2,40
16,4.91392957377597,6.6999990184668885,2,Friday,0,2025-08-22,Friday,2,40
13,2.2976851908778233,6.417765324390002,2,Friday,0,2025-08-22,Friday,2,40
12,24.532269253811982,3.221870641070062,2,Friday,0,2025-08-22,Friday,2,40
13,16.32117158733246,12.788329549886406,2,Friday,0,2025-08-22,Friday,2,40
9,3.949162166959706,3.725544255299212,2,Friday,0,2025-08-22,Friday,2,40
21,9.377465004797127,26.539754114384436,2,Friday,0,2025-08-22,Friday,2,40
16,18.35621161137425,11.362686948618768,2,Friday,0,2025-08-22,Friday,2,40
7,6.8046245010890365,8.828481789874589,2,Friday,0,2025-08-22,Friday,2,40
19,18.027753688489888,20.04501826488794,2,Friday,0,2025-08-22,Friday,2,40
17,14.98178742370834,4.881935474248318,2,Friday,0,2025-08-22,Friday,2,40
22,12.088756711303802,11.793162571184412,2,Friday,0,2025-08-22,Friday,2,40
22,16.399841954257536,2.932012604572839,2,Friday,0,2025-08-22,Friday,2,40
17,22.627981952457304,2.0038258071112915,2,Friday,0,2025-08-22,Friday,2,40
16,2.546270132174282,8.971235263047516,2,Friday,0,2025-08-22,Friday,2,40
23,20.014548261089445,6.453745369279611,2,Friday,0,2025-08-22,Friday,2,40
18,3.3724258681265926,11.405805318300501,2,Friday,0,2025-08-22,Friday,2,40
17,16.063762259614094,54.6349561908526,2,Friday,0,2025-08-22,Friday,2,40
21,16.527269708701557,7.200176660940525,2,Friday,0,2025-08-22,Friday,2,40
18,15.492572107890531,27.951445283095104,2,Friday,0,2025-08-22,Friday,2,40
13,11.54049432482691,8.767693067186652,2,Friday,0,2025-08-22,Friday,2,40
23,8.799818564538676,23.908196066015034,2,Friday,0,2025-08-22,Friday,2,40
20,21.1641153848352,7.410039992690882,2,Friday,0,2025-08-22,Friday,2,40
16,10.988238292176682,10.221753094544486,2,Friday,0,2025-08-22,Friday,2,40
20,36.102218135775914,13.280584699307907,2,Friday,0,2025-08-22,Friday,2,40
11,10.8564921710217,3.3859156276625715,2,Friday,0,2025-08-22,Friday,2,40
15,13.344358158428271,1.4259958412293223,2,Friday,0,2025-08-22,Friday,2,40
12,13.114547215303784,17.928418517706003,2,Friday,0,2025-08-22,Friday,2,40
17,14.279462337790676,15.252128119885436,2,Friday,0,2025-08-22,Friday,2,40
22,12.273515859471114,29.854037956425184,2,Friday,0,2025-08-29,Friday,2,59
15,15.856471483325471,14.742771662834551,2,Friday,0,2025-08-29,Friday,2,59
15,109.99672203151103,4.264379457887316,2,Friday,0,2025-08-29,Friday,2,59
17,17.56598192888009,6.430921760971302,2,Friday,0,2025-08-29,Friday,2,59
20,13.506425018613584,5.464726986199022,2,Friday,0,2025-08-29,Friday,2,59
10,19.25297845426682,7.493625626194743,2,Friday,0,2025-08-29,Friday,2,59
11,2.3448026123141252,17.723266610108695,2,Friday,0,2025-08-29,Friday,2,59
18,31.3454996720826,7.111159432390917,2,Friday,0,2025-08-29,Friday,2,59
12,4.417192164077159,19.691034521088053,2,Friday,0,2025-08-29,Friday,2,59
17,31.628703482395668,4.652535336485414,2,Friday,0,2025-08-29,Friday,2,59
18,16.20011343906012,29.91088595171899,2,Friday,0,2025-08-29,Friday,2,59
9,18.209604690023927,16.628876897439646,2,Friday,0,2025-08-29,Friday,2,59
15,21.756717021439712,11.177930904299531,2,Friday,0,2025-08-29,Friday,2,59
13,24.345965792140692,34.571805701705635,2,Friday,0,2025-08-29,Friday,2,59
14,3.0083486568775797,13.534184295284982,2,Friday,0,2025-08-29,Friday,2,59
18,10.296613500880284,15.751598293022957,2,Friday,0,2025-08-29,Friday,2,59
17,23.181852815388066,41.79511795796769,2,Friday,0,2025-08-29,Friday,2,59
20,22.6698578927145,3.5239558186445983,2,Friday,0,2025-08-29,Friday,2,59
17,14.99991443086968,11.593276057697352,2,Friday,0,2025-08-29,Friday,2,59
19,27.965255051778986,3.0543047841428965,2,Friday,0,2025-08-29,Friday,2,59
17,21.5331147161368,10.129859744021786,2,Friday,0,2025-08-29,Friday,2,59
19,6.041661572282865,3.870833009766268,2,Friday,0,2025-08-29,Friday,2,59
20,6.150761954333678,2.5204629106252163,2,Friday,0,2025-08-29,Friday,2,59
12,20.009762095067536,14.369710554422412,2,Friday,0,2025-08-29,Friday,2,59
16,7.221046652018913,6.0778057319474454,2,Friday,0,2025-08-29,Friday,2,59
21,15.469006531249057,6.818472709637271,2,Friday,0,2025-08-29,Friday,2,59
19,12.454359268457527,27.795956896339984,2,Friday,0,2025-08-29,Friday,2,59
15,29.229542809794353,2.113558446849395,2,Friday,0,2025-08-29,Friday,2,59
14,19.09043271530445,10.452177294778316,2,Friday,0,2025-08-29,Friday,2,59
20,2.3186362666250764,5.356917628225633,2,Friday,0,2025-08-29,Friday,2,59
21,13.91523396792875,34.707508580808884,2,Friday,0,2025-08-29,Friday,2,59
20,12.514885280737058,33.86730467655127,2,Friday,0,2025-08-29,Friday,2,59
19,12.727847427733241,4.509860284627767,2,Friday,0,2025-08-29,Friday,2,59
11,14.263039316567848,10.777673365240132,2,Friday,0,2025-08-29,Friday,2,59
20,12.207312866521463,32.705391167147404,2,Friday,0,2025-08-29,Friday,2,59
14,33.25423163201488,5.132263452263544,2,Friday,0,2025-08-29,Friday,2,59
11,32.63358466584147,12.192744012168026,2,Friday,0,2025-08-29,Friday,2,59
13,22.49595101481975,5.189924515551577,2,Friday,0,2025-08-29,Friday,2,59
19,52.10275298825743,32.50831016445345,2,Friday,0,2025-08-29,Friday,2,59
16,22.073741296197475,15.821988284384862,2,Friday,0,2025-08-29,Friday,2,59
16,10.896033228391545,22.54627543821653,2,Friday,0,2025-08-29,Friday,2,59
15,7.469621594456194,6.05008182476436,2,Friday,0,2025-08-29,Friday,2,59
19,13.930241253653008,17.031675413911067,2,Friday,0,2025-08-29,Friday,2,59
14,3.0263410874576318,17.004141504944148,2,Friday,0,2025-08-29,Friday,2,59
20,11.604056182799575,14.696249436443457,2,Friday,0,2025-08-29,Friday,2,59
17,16.85072520498204,33.968004098439984,2,Friday,0,2025-08-29,Friday,2,59
23,7.180995704921177,24.27418905412412,2,Friday,0,2025-08-29,Friday,2,59
18,17.8973496395601,11.168621299872123,2,Friday,0,2025-08-29,Friday,2,59
16,15.364009002347867,1.240544830381225,2,Friday,0,2025-08-29,Friday,2,59
14,35.14248861681141,16.199721120775457,2,Friday,0,2025-08-29,Friday,2,59
15,17.659504865215105,46.73527816722079,2,Friday,0,2025-08-29,Friday,2,59
14,13.89629285967639,6.95669725047032,2,Friday,0,2025-08-29,Friday,2,59
17,10.091593204339002,8.405731341086419,2,Friday,0,2025-08-29,Friday,2,59
23,21.228926211089718,41.02178917826304,2,Friday,0,2025-08-29,Friday,2,59
16,2.0245666662901685,5.3111466800727145,2,Friday,0,2025-08-29,Friday,2,59
18,19.40027888322652,1.0877468706173328,2,Friday,0,2025-08-29,Friday,2,59
19,14.613297141417547,6.434386395145098,2,Friday,0,2025-08-29,Friday,2,59
16,28.08390532513329,14.854212418127553,2,Friday,0,2025-08-29,Friday,2,59
13,21.706350415500598,4.403371391739855,2,Friday,0,2025-08-29,Friday,2,59
20,14.601016621160007,6.048162604438236,2,Friday,0,2025-09-05,Friday,2,42
19,21.54855406369324,11.24271998750425,2,Friday,0,2025-09-05,Friday,2,42
12,11.53297955103935,20.5497936008883,2,Friday,0,2025-09-05,Friday,2,42
18,41.66490745986433,13.393435135242157,2,Friday,0,2025-09-05,Friday,2,42
19,27.903540426366256,9.610665826479401,2,Friday,0,2025-09-05,Friday,2,42
15,2.2501757029858203,3.2839082328248788,2,Friday,0,2025-09-05,Friday,2,42
18,15.401620451327595,4.243637067673541,2,Friday,0,2025-09-05,Friday,2,42
17,16.656609162134465,3.9091157336959528,2,Friday,0,2025-09-05,Friday,2,42
15,15.68160076692591,36.91421707810599,2,Friday,0,2025-09-05,Friday,2,42
20,30.128571666460427,14.959802072750154,2,Friday,0,2025-09-05,Friday,2,42
19,6.195909060308281,17.72810232270214,2,Friday,0,2025-09-05,Friday,2,42
21,12.73147616199751,2.5783853505221552,2,Friday,0,2025-09-05,Friday,2,42
16,29.772392274360794,17.513458178486005,2,Friday,0,2025-09-05,Friday,2,42
16,5.790585733148321,9.547197228307953,2,Friday,0,2025-09-05,Friday,2,42
17,30.364680446419914,25.585619972196817,2,Friday,0,2025-09-05,Friday,2,42
14,2.0242618297103205,6.349803730682271,2,Friday,0,2025-09-05,Friday,2,42
0,11.573698245601637,13.037973070175815,2,Friday,0,2025-09-05,Friday,2,42
20,17.170573003027865,13.945320581576711,2,Friday,0,2025-09-05,Friday,2,42
17,26.05854620074846,7.108215079885859,2,Friday,0,2025-09-05,Friday,2,42
18,2.0400656499525347,6.58636275456305,2,Friday,0,2025-09-05,Friday,2,42
12,43.05030242710949,30.071227931408856,2,Friday,0,2025-09-05,Friday,2,42
16,7.500906025961562,8.810340372332941,2,Friday,0,2025-09-05,Friday,2,42
15,8.580777207059377,14.458586939167846,2,Friday,0,2025-09-05,Friday,2,42
10,27.352438959817515,3.4985865838489962,2,Friday,0,2025-09-05,Friday,2,42
17,18.064764859579622,8.204490170237692,2,Friday,0,2025-09-05,Friday,2,42
15,6.9398277958475285,22.167024304117746,2,Friday,0,2025-09-05,Friday,2,42
21,4.749119178543641,17.146275871946777,2,Friday,0,2025-09-05,Friday,2,42
16,12.983144437817494,9.522011156325116,2,Friday,0,2025-09-05,Friday,2,42
15,2.5536871138328143,4.80701393305295,2,Friday,0,2025-09-05,Friday,2,42
3,9.104663726326192,10.64513390788835,2,Friday,0,2025-09-05,Friday,2,42
20,7.217526357371128,4.392841419942156,2,Friday,0,2025-09-05,Friday,2,42
19,16.385882788930164,3.260884857050871,2,Friday,0,2025-09-05,Friday,2,42
14,20.77931954629998,6.822041088934598,2,Friday,0,2025-09-05,Friday,2,42
16,17.061734327309495,12.63524178490096,2,Friday,0,2025-09-05,Friday,2,42
14,19.45990886675049,9.850819525925406,2,Friday,0,2025-09-05,Friday,2,42
17,22.14089651762926,11.128912900693145,2,Friday,0,2025-09-05,Friday,2,42
15,15.92942508156835,10.748198390410836,2,Friday,0,2025-09-05,Friday,2,42
14,104.3202942713318,2.441457228605687,2,Friday,0,2025-09-05,Friday,2,42
11,10.971679376177,43.62468076926596,2,Friday,0,2025-09-05,Friday,2,42
19,12.142821203488403,20.761598441526658,2,Friday,0,2025-09-05,Friday,2,42
16,3.37674790079591,16.3299573438232,2,Friday,0,2025-09-05,Friday,2,42
18,25.52917132444674,12.579942361529296,2,Friday,0,2025-09-05,Friday,2,42
17,17.85518344739647,17.064639518969827,2,Saturday,0,2025-06-28,Saturday,2,34
17,2.285820906887152,9.699025583603715,2,Saturday,0,2025-06-28,Saturday,2,34
17,2.022994670045765,18.881490864291646,2,Saturday,0,2025-06-28,Saturday,2,34
19,22.444570373437923,11.098754671462101,2,Saturday,0,2025-06-28,Saturday,2,34
21,11.86564537747476,5.9088625868741715,2,Saturday,0,2025-06-28,Saturday,2,34
20,6.787723214207085,20.501848817105813,2,Saturday,0,2025-06-28,Saturday,2,34
19,7.027841795787159,8.890029057619696,2,Saturday,0,2025-06-28,Saturday,2,34
6,39.87227530045609,9.602891818803743,2,Saturday,0,2025-06-28,Saturday,2,34
18,13.906062520008884,13.120909804630815,2,Saturday,0,2025-06-28,Saturday,2,34
7,5.452150081720351,4.5503416155544425,2,Saturday,0,2025-06-28,Saturday,2,34
10,15.283049548741914,9.046439618110472,2,Saturday,0,2025-06-28,Saturday,2,34
15,14.75145696227407,7.166168118118947,2,Saturday,0,2025-06-28,Saturday,2,34
18,16.02884369112137,5.180416318674988,2,Saturday,0,2025-06-28,Saturday,2,34
16,17.585809980739896,5.02154178271286,2,Saturday,0,2025-06-28,Saturday,2,34
15,36.90548932754137,5.458002827498482,2,Saturday,0,2025-06-28,Saturday,2,34
15,12.242586298399189,5.796079683879943,2,Saturday,0,2025-06-28,Saturday,2,34
22,7.488653670859578,23.656366161096553,2,Saturday,0,2025-06-28,Saturday,2,34
14,4.646026140439995,8.339268687129504,2,Saturday,0,2025-06-28,Saturday,2,34
9,6.107616684745761,3.213467500881503,2,Saturday,0,2025-06-28,Saturday,2,34
23,11.381735648492551,4.255728957470149,2,Saturday,0,2025-06-28,Saturday,2,34
7,2.5685422046912736,9.622701489288307,2,Saturday,0,2025-06-28,Saturday,2,34
18,13.522879172158884,5.104051779858682,2,Saturday,0,2025-06-28,Saturday,2,34
17,16.648198237487122,24.149010342451746,2,Saturday,0,2025-06-28,Saturday,2,34
11,41.320301834049225,5.41751916112362,2,Saturday,0,2025-06-28,Saturday,2,34
14,18.318425973052467,49.40961402371948,2,Saturday,0,2025-06-28,Saturday,2,34
17,14.058992873156168,8.05951561090224,2,Saturday,0,2025-06-28,Saturday,2,34
12,24.37020566235307,6.166932338741293,2,Saturday,0,2025-06-28,Saturday,2,34
19,13.52703820660901,29.164759719478926,2,Saturday,0,2025-06-28,Saturday,2,34
21,18.18800677083356,23.748197457586624,2,Saturday,0,2025-06-28,Saturday,2,34
13,31.666582421957617,41.40918635634833,2,Saturday,0,2025-06-28,Saturday,2,34
16,15.486929803111366,10.091983320602763,2,Saturday,0,2025-06-28,Saturday,2,34
23,8.958130497563085,7.556065236362513,2,Saturday,0,2025-06-28,Saturday,2,34
20,16.368964050591874,6.913069753655828,2,Saturday,0,2025-06-28,Saturday,2,34
20,17.323078726490387,7.665110873313371,2,Saturday,0,2025-06-28,Saturday,2,34
18,16.660974654237357,8.345467342766597,2,Saturday,0,2025-07-05,Saturday,2,39
16,23.94851919481627,1.4715841170126245,2,Saturday,0,2025-07-05,Saturday,2,39
17,18.355214562799247,12.22010708013183,2,Saturday,0,2025-07-05,Saturday,2,39
16,20.101246920798985,11.480782404503147,2,Saturday,0,2025-07-05,Saturday,2,39
19,14.71291310493169,4.609563956074957,2,Saturday,0,2025-07-05,Saturday,2,39
16,13.76516665969498,8.215521787788532,2,Saturday,0,2025-07-05,Saturday,2,39
23,5.667822164793612,12.283936531580153,2,Saturday,0,2025-07-05,Saturday,2,39
20,26.36822883995981,3.5228424710638713,2,Saturday,0,2025-07-05,Saturday,2,39
15,15.904643549642152,6.804922075463993,2,Saturday,0,2025-07-05,Saturday,2,39
19,2.940038631183954,10.98403690609308,2,Saturday,0,2025-07-05,Saturday,2,39
3,9.92516208569601,76.36327678753918,2,Saturday,0,2025-07-05,Saturday,2,39
13,21.755278673815496,13.14829012870399,2,Saturday,0,2025-07-05,Saturday,2,39
14,27.301069409331845,8.30940177782756,2,Saturday,0,2025-07-05,Saturday,2,39
15,3.368670082793746,1.6593319758707397,2,Saturday,0,2025-07-05,Saturday,2,39
18,19.06869540502565,4.001785296960913,2,Saturday,0,2025-07-05,Saturday,2,39
20,28.046691963138464,7.967744528641185,2,Saturday,0,2025-07-05,Saturday,2,39
17,2.1597477542853794,12.889304583766108,2,Saturday,0,2025-07-05,Saturday,2,39
12,5.298737972535703,11.656332469372437,2,Saturday,0,2025-07-05,Saturday,2,39
12,29.73915185343954,28.069780907020032,2,Saturday,0,2025-07-05,Saturday,2,39
10,7.716150935816019,9.26175473015294,2,Saturday,0,2025-07-05,Saturday,2,39
19,2.2542183371682087,6.308511736523832,2,Saturday,0,2025-07-05,Saturday,2,39
17,16.267922039765658,14.771246784636945,2,Saturday,0,2025-07-05,Saturday,2,39
15,3.879603472367384,14.741599741146645,2,Saturday,0,2025-07-05,Saturday,2,39
15,13.113770410379527,3.916349596564735,2,Saturday,0,2025-07-05,Saturday,2,39
19,12.79123932381065,3.377425809558935,2,Saturday,0,2025-07-05,Saturday,2,39
15,29.17122757359366,5.592068046542368,2,Saturday,0,2025-07-05,Saturday,2,39
4,7.860864857182681,19.326191195704673,2,Saturday,0,2025-07-05,Saturday,2,39
22,17.875892363710687,4.960046798584559,2,Saturday,0,2025-07-05,Saturday,2,39
16,12.583776879441235,4.691445421139371,2,Saturday,0,2025-07-05,Saturday,2,39
20,15.089436548758389,13.985762569360837,2,Saturday,0,2025-07-05,Saturday,2,39
22,10.537626132781202,5.490546756276339,2,Saturday,0,2025-07-05,Saturday,2,39
19,16.123109450897154,38.16635246557369,2,Saturday,0,2025-07-05,Saturday,2,39
13,13.837959312937397,18.10850616547323,2,Saturday,0,2025-07-05,Saturday,2,39
20,2.0713656938954683,15.551742045682143,2,Saturday,0,2025-07-05,Saturday,2,39
18,18.55942932915331,11.86129240117931,2,Saturday,0,2025-07-05,Saturday,2,39
0,24.41209969416662,5.397530923230064,2,Saturday,0,2025-07-05,Saturday,2,39
15,26.58009560661751,45.25800805546769,2,Saturday,0,2025-07-05,Saturday,2,39
23,16.145704814140796,4.34594781140731,2,Saturday,0,2025-07-05,Saturday,2,39
7,2.195270141651565,19.434545043644206,2,Saturday,0,2025-07-05,Saturday,2,39
19,14.401124880150203,3.898794760080344,2,Saturday,0,2025-07-12,Saturday,2,29
17,15.879202774277363,5.682041622331884,2,Saturday,0,2025-07-12,Saturday,2,29
21,32.638954259951525,15.773401858041218,2,Saturday,0,2025-07-12,Saturday,2,29
5,10.642425741694062,7.722977262881602,2,Saturday,0,2025-07-12,Saturday,2,29
14,17.962385670890097,2.3530291270026105,2,Saturday,0,2025-07-12,Saturday,2,29
21,9.90215520381812,5.972575366139067,2,Saturday,0,2025-07-12,Saturday,2,29
23,9.663339051689867,8.601821596784974,2,Saturday,0,2025-07-12,Saturday,2,29
21,24.0037867439012,4.709891113568739,2,Saturday,0,2025-07-12,Saturday,2,29
15,12.864912279131701,11.209878475605883,2,Saturday,0,2025-07-12,Saturday,2,29
12,4.041267999611288,6.036244211377013,2,Saturday,0,2025-07-12,Saturday,2,29
13,23.122383509275956,6.6897981649452,2,Saturday,0,2025-07-12,Saturday,2,29
19,53.4811279336069,9.573692103976544,2,Saturday,0,2025-07-12,Saturday,2,29
20,17.607517917748932,21.496461437460333,2,Saturday,0,2025-07-12,Saturday,2,29
23,30.229305315579314,10.02279358883341,2,Saturday,0,2025-07-12,Saturday,2,29
16,12.099706599763199,20.022319850666314,2,Saturday,0,2025-07-12,Saturday,2,29
19,21.00858807329163,13.595441470406335,2,Saturday,0,2025-07-12,Saturday,2,29
22,8.269384842671737,17.784227807344763,2,Saturday,0,2025-07-12,Saturday,2,29
19,18.087766491240355,19.129750976379214,2,Saturday,0,2025-07-12,Saturday,2,29
10,2.262100399936419,7.111588417182778,2,Saturday,0,2025-07-12,Saturday,2,29
19,12.057302513711171,11.572267915044538,2,Saturday,0,2025-07-12,Saturday,2,29
22,13.97837304167173,20.358071287149635,2,Saturday,0,2025-07-12,Saturday,2,29
10,2.6899571510599176,5.4235747661743625,2,Saturday,0,2025-07-12,Saturday,2,29
20,8.807652235572272,12.48522026094622,2,Saturday,0,2025-07-12,Saturday,2,29
11,2.6971186249238785,2.7405849594135434,2,Saturday,0,2025-07-12,Saturday,2,29
17,2.8820456527894422,27.829346401170767,2,Saturday,0,2025-07-12,Saturday,2,29
18,22.72790017694554,4.474874769739179,2,Saturday,0,2025-07-12,Saturday,2,29
13,16.801381903723026,1.8793151382840094,2,Saturday,0,2025-07-12,Saturday,2,29
2,6.254285366002266,0.6549689609362854,2,Saturday,0,2025-07-12,Saturday,2,29
18,2.4483387645527004,4.5266356966364745,2,Saturday,0,2025-07-12,Saturday,2,29
9,21.10405305430493,8.576142312146171,2,Saturday,0,2025-07-19,Saturday,2,57
4,12.032423879826943,8.346761558662537,2,Saturday,0,2025-07-19,Saturday,2,57
16,9.27686400109164,6.152432475100463,2,Saturday,0,2025-07-19,Saturday,2,57
20,17.161098148603525,17.89848710756087,2,Saturday,0,2025-07-19,Saturday,2,57
17,18.81936974106345,17.20763297375062,2,Saturday,0,2025-07-19,Saturday,2,57
0,5.277798690102275,26.352825952488413,2,Saturday,0,2025-07-19,Saturday,2,57
16,5.880449025083127,1.704846122646325,2,Saturday,0,2025-07-19,Saturday,2,57
16,18.698021300171078,3.4272592641857402,2,Saturday,0,2025-07-19,Saturday,2,57
0,5.06035127582746,6.828826567458731,2,Saturday,0,2025-07-19,Saturday,2,57
15,2.5570004663251202,2.236638317961763,2,Saturday,0,2025-07-19,Saturday,2,57
5,29.19128283042906,7.839267533619364,2,Saturday,0,2025-07-19,Saturday,2,57
22,54.65456612193677,4.099986942786363,2,Saturday,0,2025-07-19,Saturday,2,57
21,20.761584499117557,18.188997232088603,2,Saturday,0,2025-07-19,Saturday,2,57
23,16.918258357964955,2.2347396531705037,2,Saturday,0,2025-07-19,Saturday,2,57
19,12.330426227298243,8.592921975961225,2,Saturday,0,2025-07-19,Saturday,2,57
14,3.019914371890186,9.067058090301611,2,Saturday,0,2025-07-19,Saturday,2,57
15,12.484817030580686,12.87298243083536,2,Saturday,0,2025-07-19,Saturday,2,57
17,24.06102152766283,21.192367940664735,2,Saturday,0,2025-07-19,Saturday,2,57
19,51.203683998683516,0.7113080788632034,2,Saturday,0,2025-07-19,Saturday,2,57
2,31.180267853375685,20.656190358769773,2,Saturday,0,2025-07-19,Saturday,2,57
16,22.04060017674194,46.51163980149424,2,Saturday,0,2025-07-19,Saturday,2,57
18,14.268361934365238,31.774599843615892,2,Saturday,0,2025-07-19,Saturday,2,57
19,66.56721624009127,28.611900422963046,2,Saturday,0,2025-07-19,Saturday,2,57
17,10.889883049826263,8.381144224432077,2,Saturday,0,2025-07-19,Saturday,2,57
12,3.656879841262844,14.799569028503496,2,Saturday,0,2025-07-19,Saturday,2,57
8,10.621636562602827,19.18632457594809,2,Saturday,0,2025-07-19,Saturday,2,57
13,2.1235277187951715,8.448950237836474,2,Saturday,0,2025-07-19,Saturday,2,57
21,12.629169632633712,13.822044618456784,2,Saturday,0,2025-07-19,Saturday,2,57
21,22.513442446432627,4.84830714481932,2,Saturday,0,2025-07-19,Saturday,2,57
16,21.747690218490053,7.599025500749218,2,Saturday,0,2025-07-19,Saturday,2,57
19,19.15775599793071,9.9025638965228,2,Saturday,0,2025-07-19,Saturday,2,57
13,3.8364743263669143,4.234185288634809,2,Saturday,0,2025-07-19,Saturday,2,57
18,13.482286306338455,9.222539022410075,2,Saturday,0,2025-07-19,Saturday,2,57
16,13.46441140284071,14.156993512085576,2,Saturday,0,2025-07-19,Saturday,2,57
18,44.60639512976851,5.01440657202588,2,Saturday,0,2025-07-19,Saturday,2,57
14,16.89377488080795,7.641350196628667,2,Saturday,0,2025-07-19,Saturday,2,57
20,70.31712294438894,7.570449561626524,2,Saturday,0,2025-07-19,Saturday,2,57
17,37.70494285447986,2.052738312794697,2,Saturday,0,2025-07-19,Saturday,2,57
16,18.145745592841568,9.670635733968334,2,Saturday,0,2025-07-19,Saturday,2,57
9,2.8700078099127833,5.935542667332014,2,Saturday,0,2025-07-19,Saturday,2,57
9,3.7163054756243428,10.236924451201316,2,Saturday,0,2025-07-19,Saturday,2,57
22,16.994414875176503,16.687604268627833,2,Saturday,0,2025-07-19,Saturday,2,57
18,7.574892288856886,1.5990429939406567,2,Saturday,0,2025-07-19,Saturday,2,57
17,2.582890321229201,3.5016665415604633,2,Saturday,0,2025-07-19,Saturday,2,57
18,9.701132986350892,7.3241325931770955,2,Saturday,0,2025-07-19,Saturday,2,57
3,25.852313340567186,27.68451930581261,2,Saturday,0,2025-07-19,Saturday,2,57
10,31.7494707104483,18.965929099812513,2,Saturday,0,2025-07-19,Saturday,2,57
19,12.604484725062989,20.236742611880754,2,Saturday,0,2025-07-19,Saturday,2,57
21,13.637192354131752,19.312273515099488,2,Saturday,0,2025-07-19,Saturday,2,57
18,12.45496192522732,22.757538386255987,2,Saturday,0,2025-07-19,Saturday,2,57
19,5.563908142552614,10.349865421673908,2,Saturday,0,2025-07-19,Saturday,2,57
22,25.04559524621106,2.7557752870827636,2,Saturday,0,2025-07-19,Saturday,2,57
17,25.571664192268138,9.512555594898258,2,Saturday,0,2025-07-19,Saturday,2,57
19,9.194763787158276,12.982395323018414,2,Saturday,0,2025-07-19,Saturday,2,57
15,32.4761072019302,8.934335120340354,2,Saturday,0,2025-07-19,Saturday,2,57
19,17.643133043372018,14.649057897372112,2,Saturday,0,2025-07-19,Saturday,2,57
16,5.930329224360818,27.59873553777492,2,Saturday,0,2025-07-19,Saturday,2,57
21,12.274156431400591,9.816707475611302,2,Saturday,0,2025-07-26,Saturday,2,38
18,19.44314290465455,4.589794123761532,2,Saturday,0,2025-07-26,Saturday,2,38
18,119.9167001192093,0.6468683580077612,2,Saturday,0,2025-07-26,Saturday,2,38
5,4.840673100272866,7.780134539159117,2,Saturday,0,2025-07-26,Saturday,2,38
18,41.402970634793284,2.723114933819601,2,Saturday,0,2025-07-26,Saturday,2,38
8,4.485574095080297,6.441115329940238,2,Saturday,0,2025-07-26,Saturday,2,38
15,46.064818522316905,7.6589297612073075,2,Saturday,0,2025-07-26,Saturday,2,38
16,19.503290423342385,5.111948574343936,2,Saturday,0,2025-07-26,Saturday,2,38
11,2.2437809886764986,10.137726091242898,2,Saturday,0,2025-07-26,Saturday,2,38
14,35.14360807033132,19.448451911791352,2,Saturday,0,2025-07-26,Saturday,2,38
18,14.163305312842052,8.670904336931713,2,Saturday,0,2025-07-26,Saturday,2,38
16,8.791737801561458,37.03736296115781,2,Saturday,0,2025-07-26,Saturday,2,38
10,7.689943136481028,1.1669062407753859,2,Saturday,0,2025-07-26,Saturday,2,38
14,4.748988011229219,10.59415897181558,2,Saturday,0,2025-07-26,Saturday,2,38
16,19.15551149370234,3.6937015178711894,2,Saturday,0,2025-07-26,Saturday,2,38
15,24.521963325495797,11.0844140866036,2,Saturday,0,2025-07-26,Saturday,2,38
16,20.570388883188127,6.222969466645869,2,Saturday,0,2025-07-26,Saturday,2,38
13,30.547503659392323,45.45155650556588,2,Saturday,0,2025-07-26,Saturday,2,38
19,12.66292501059949,6.046203714081267,2,Saturday,0,2025-07-26,Saturday,2,38
16,22.69029020491675,10.535783790064546,2,Saturday,0,2025-07-26,Saturday,2,38
18,17.19207157428145,25.425773798268434,2,Saturday,0,2025-07-26,Saturday,2,38
0,13.183173120780207,4.1434764493315015,2,Saturday,0,2025-07-26,Saturday,2,38
20,3.1044633066710317,18.520068590554583,2,Saturday,0,2025-07-26,Saturday,2,38
20,11.60322075765841,11.026257228613858,2,Saturday,0,2025-07-26,Saturday,2,38
14,19.47329620137417,5.991525597744739,2,Saturday,0,2025-07-26,Saturday,2,38
21,9.163511276021966,9.097368407746202,2,Saturday,0,2025-07-26,Saturday,2,38
19,9.356724639453784,17.240024119772254,2,Saturday,0,2025-07-26,Saturday,2,38
22,68.11906095791834,3.6988049988743033,2,Saturday,0,2025-07-26,Saturday,2,38
4,22.34457938608395,8.736407030754393,2,Saturday,0,2025-07-26,Saturday,2,38
18,2.3864613972023307,7.134063105039942,2,Saturday,0,2025-07-26,Saturday,2,38
13,18.7493701632734,8.425751804295777,2,Saturday,0,2025-07-26,Saturday,2,38
16,20.528024110055416,6.366195677414716,2,Saturday,0,2025-07-26,Saturday,2,38
16,20.92944782621398,37.14760437139211,2,Saturday,0,2025-07-26,Saturday,2,38
15,3.785078857415247,11.855262463954475,2,Saturday,0,2025-07-26,Saturday,2,38
12,26.87867754026988,2.612835342876796,2,Saturday,0,2025-07-26,Saturday,2,38
23,8.292411593403312,15.04473758454499,2,Saturday,0,2025-07-26,Saturday,2,38
6,3.7503657330531204,6.429731302681991,2,Saturday,0,2025-07-26,Saturday,2,38
20,21.223866552788415,8.485487363921543,2,Saturday,0,2025-07-26,Saturday,2,38
16,2.387851968779534,6.485741928463657,2,Saturday,0,2025-08-02,Saturday,2,42
0,4.733323017065764,12.739026676339908,2,Saturday,0,2025-08-02,Saturday,2,42
19,10.954393348894207,11.354188548202158,2,Saturday,0,2025-08-02,Saturday,2,42
9,74.92652570761231,2.908746574015926,2,Saturday,0,2025-08-02,Saturday,2,42
15,21.540720544324184,8.582595061395116,2,Saturday,0,2025-08-02,Saturday,2,42
22,12.006526072492054,6.259424241125296,2,Saturday,0,2025-08-02,Saturday,2,42
16,2.0234197399890475,2.5332053658224716,2,Saturday,0,2025-08-02,Saturday,2,42
20,15.667804273410159,12.318113524014315,2,Saturday,0,2025-08-02,Saturday,2,42
8,40.38720010452616,16.509027790956956,2,Saturday,0,2025-08-02,Saturday,2,42
13,10.406283540831847,4.69973906012541,2,Saturday,0,2025-08-02,Saturday,2,42
21,11.159242780259536,21.453474357851277,2,Saturday,0,2025-08-02,Saturday,2,42
13,24.319827161799477,2.8993190805791915,2,Saturday,0,2025-08-02,Saturday,2,42
16,22.927598553369887,26.354229978380307,2,Saturday,0,2025-08-02,Saturday,2,42
16,17.786778896812812,32.15049998418882,2,Saturday,0,2025-08-02,Saturday,2,42
15,20.270366471306474,18.93235807131263,2,Saturday,0,2025-08-02,Saturday,2,42
7,8.252948746016632,26.199211792192123,2,Saturday,0,2025-08-02,Saturday,2,42
19,13.217471707683625,33.72563841258434,2,Saturday,0,2025-08-02,Saturday,2,42
16,20.408327766192492,18.84698611530975,2,Saturday,0,2025-08-02,Saturday,2,42
16,15.671100225402046,4.225228288576888,2,Saturday,0,2025-08-02,Saturday,2,42
19,12.053080284712731,33.78241299204524,2,Saturday,0,2025-08-02,Saturday,2,42
16,31.426001327588942,4.926310038631752,2,Saturday,0,2025-08-02,Saturday,2,42
16,5.153642986625647,20.37045682706231,2,Saturday,0,2025-08-02,Saturday,2,42
20,12.492135217684133,11.936455282192433,2,Saturday,0,2025-08-02,Saturday,2,42
18,15.540223164153545,41.05760209294566,2,Saturday,0,2025-08-02,Saturday,2,42
14,3.8007002485274484,7.937854118489722,2,Saturday,0,2025-08-02,Saturday,2,42
14,2.5378773883037153,14.405356401105694,2,Saturday,0,2025-08-02,Saturday,2,42
18,3.104094588242644,7.911791315240277,2,Saturday,0,2025-08-02,Saturday,2,42
19,14.502005840789693,30.4651971758166,2,Saturday,0,2025-08-02,Saturday,2,42
16,22.666698113764724,6.089152806014579,2,Saturday,0,2025-08-02,Saturday,2,42
14,26.560046299263494,2.2065888761902586,2,Saturday,0,2025-08-02,Saturday,2,42
16,19.523286756754544,4.96683424466237,2,Saturday,0,2025-08-02,Saturday,2,42
18,3.227045757827221,3.2119276336795153,2,Saturday,0,2025-08-02,Saturday,2,42
19,4.110963457892419,7.290948314381963,2,Saturday,0,2025-08-02,Saturday,2,42
21,10.523760122275064,3.706480045872003,2,Saturday,0,2025-08-02,Saturday,2,42
10,20.483163136518495,13.702781047057645,2,Saturday,0,2025-08-02,Saturday,2,42
15,4.876170290734833,8.676211324172359,2,Saturday,0,2025-08-02,Saturday,2,42
15,6.337870197309805,26.305904555962147,2,Saturday,0,2025-08-02,Saturday,2,42
21,13.506039346946555,6.096233598513628,2,Saturday,0,2025-08-02,Saturday,2,42
6,19.939587162911277,24.463259710473825,2,Saturday,0,2025-08-02,Saturday,2,42
17,5.035013022575461,22.70052569002072,2,Saturday,0,2025-08-02,Saturday,2,42
21,4.563068274025348,8.892649404184857,2,Saturday,0,2025-08-02,Saturday,2,42
17,9.443460680671219,8.194363052251568,2,Saturday,0,2025-08-02,Saturday,2,42
0,12.851831177065886,18.849050484579944,2,Saturday,0,2025-08-09,Saturday,2,36
17,25.081016118335334,3.2061946208432808,2,Saturday,0,2025-08-09,Saturday,2,36
13,60.624173121379044,13.564402989081072,2,Saturday,0,2025-08-09,Saturday,2,36
18,7.471927895534384,15.677971778517325,2,Saturday,0,2025-08-09,Saturday,2,36
19,29.375061449129596,16.678135383877937,2,Saturday,0,2025-08-09,Saturday,2,36
15,7.60463236892622,10.144724656826346,2,Saturday,0,2025-08-09,Saturday,2,36
18,7.733690091192665,15.858666605982414,2,Saturday,0,2025-08-09,Saturday,2,36
19,2.2823176998557595,15.311496530855187,2,Saturday,0,2025-08-09,Saturday,2,36
23,16.850264472854633,26.219444131044423,2,Saturday,0,2025-08-09,Saturday,2,36
21,22.15746930124368,6.920519173357769,2,Saturday,0,2025-08-09,Saturday,2,36
19,10.328426440565,26.519681779420534,2,Saturday,0,2025-08-09,Saturday,2,36
18,67.59323498211097,8.472660800268716,2,Saturday,0,2025-08-09,Saturday,2,36
13,29.023433363141343,28.202742657732102,2,Saturday,0,2025-08-09,Saturday,2,36
16,6.448438256224725,13.458403802613175,2,Saturday,0,2025-08-09,Saturday,2,36
20,9.121277270057025,17.42560077005475,2,Saturday,0,2025-08-09,Saturday,2,36
21,12.975702886598793,8.31054235359841,2,Saturday,0,2025-08-09,Saturday,2,36
15,2.091870168729284,5.033114990922933,2,Saturday,0,2025-08-09,Saturday,2,36
13,6.8386873503313375,12.888016404335083,2,Saturday,0,2025-08-09,Saturday,2,36
19,20.716399683530785,29.596242951860308,2,Saturday,0,2025-08-09,Saturday,2,36
18,19.833660579879485,20.557315286000122,2,Saturday,0,2025-08-09,Saturday,2,36
19,3.0131804990717796,4.654599359245411,2,Saturday,0,2025-08-09,Saturday,2,36
17,13.775370374283693,24.015935579829247,2,Saturday,0,2025-08-09,Saturday,2,36
18,14.541273511413593,5.885035504362986,2,Saturday,0,2025-08-09,Saturday,2,36
16,16.26152649573953,4.587179155672732,2,Saturday,0,2025-08-09,Saturday,2,36
12,119.9167001192093,3.08938912268526,2,Saturday,0,2025-08-09,Saturday,2,36
18,13.223237105912748,11.780736073641114,2,Saturday,0,2025-08-09,Saturday,2,36
12,4.162549403932934,5.5477343432887425,2,Saturday,0,2025-08-09,Saturday,2,36
18,9.281160421138821,9.01069795243561,2,Saturday,0,2025-08-09,Saturday,2,36
16,29.524576901238426,12.877142348720337,2,Saturday,0,2025-08-09,Saturday,2,36
21,22.68840392410986,14.346798616954517,2,Saturday,0,2025-08-09,Saturday,2,36
21,17.744640797107923,5.65212319309775,2,Saturday,0,2025-08-09,Saturday,2,36
14,34.96774673107479,19.331800592569124,2,Saturday,0,2025-08-09,Saturday,2,36
20,17.1648042540603,18.02586029151956,2,Saturday,0,2025-08-09,Saturday,2,36
0,4.097787940469126,10.500611595598365,2,Saturday,0,2025-08-09,Saturday,2,36
23,11.6987785918177,33.52947206787609,2,Saturday,0,2025-08-09,Saturday,2,36
12,4.03902064385927,2.272049576582638,2,Saturday,0,2025-08-09,Saturday,2,36
11,3.7569348295086717,2.582109374567011,2,Saturday,0,2025-08-16,Saturday,2,34
13,20.475615178920773,4.2790570406514075,2,Saturday,0,2025-08-16,Saturday,2,34
2,11.270240647226707,17.331060562080243,2,Saturday,0,2025-08-16,Saturday,2,34
19,18.057960852357773,1.9685310127340763,2,Saturday,0,2025-08-16,Saturday,2,34
22,2.001811250451519,3.1887855741634556,2,Saturday,0,2025-08-16,Saturday,2,34
18,12.914601328982712,41.03090901302451,2,Saturday,0,2025-08-16,Saturday,2,34
12,12.830465433357542,74.32838132896731,2,Saturday,0,2025-08-16,Saturday,2,34
20,11.368887091571793,15.114900797075055,2,Saturday,0,2025-08-16,Saturday,2,34
23,15.39848830594924,36.49337360844998,2,Saturday,0,2025-08-16,Saturday,2,34
16,8.036382689045837,4.1662834814313525,2,Saturday,0,2025-08-16,Saturday,2,34
7,19.608368358798288,22.055408465116038,2,Saturday,0,2025-08-16,Saturday,2,34
14,2.732100893300479,10.408049310634663,2,Saturday,0,2025-08-16,Saturday,2,34
19,11.445208105491552,10.391788082418625,2,Saturday,0,2025-08-16,Saturday,2,34
20,16.154964215921403,9.246607541792777,2,Saturday,0,2025-08-16,Saturday,2,34
16,14.20738341385617,16.804379432092645,2,Saturday,0,2025-08-16,Saturday,2,34
7,2.0232454243783353,3.5446315398613555,2,Saturday,0,2025-08-16,Saturday,2,34
6,9.646443927017435,10.567068208047429,2,Saturday,0,2025-08-16,Saturday,2,34
21,16.68016272581431,28.894325402444,2,Saturday,0,2025-08-16,Saturday,2,34
20,47.6592181342669,7.361254890399768,2,Saturday,0,2025-08-16,Saturday,2,34
20,12.937307685197265,39.015001113746315,2,Saturday,0,2025-08-16,Saturday,2,34
20,11.991169287883267,13.396880088336916,2,Saturday,0,2025-08-16,Saturday,2,34
19,16.61480090279096,28.773266241428832,2,Saturday,0,2025-08-16,Saturday,2,34
14,13.427168250772908,5.554914543440099,2,Saturday,0,2025-08-16,Saturday,2,34
14,4.949583698094072,1.8586213977039918,2,Saturday,0,2025-08-16,Saturday,2,34
17,44.81588865130941,4.1056947802752735,2,Saturday,0,2025-08-16,Saturday,2,34
16,23.596341940294842,29.371485669584523,2,Saturday,0,2025-08-16,Saturday,2,34
16,14.304796197102704,7.829238526612243,2,Saturday,0,2025-08-16,Saturday,2,34
16,6.643020674589934,17.778161331375674,2,Saturday,0,2025-08-16,Saturday,2,34
14,18.953582924698882,5.561302189799744,2,Saturday,0,2025-08-16,Saturday,2,34
23,8.15120606107935,10.472499052511226,2,Saturday,0,2025-08-16,Saturday,2,34
23,27.730323437364675,17.832664427070377,2,Saturday,0,2025-08-16,Saturday,2,34
18,10.894847146430301,8.535498388913771,2,Saturday,0,2025-08-16,Saturday,2,34
15,6.837370459048214,6.4250035755585815,2,Saturday,0,2025-08-16,Saturday,2,34
18,10.277321416045684,15.169781261377043,2,Saturday,0,2025-08-16,Saturday,2,34
20,14.934080305139208,4.650717578668001,2,Saturday,0,2025-08-23,Saturday,2,45
0,38.132000174140536,85.67997987703369,2,Saturday,0,2025-08-23,Saturday,2,45
17,9.080845822402404,5.499352846052325,2,Saturday,0,2025-08-23,Saturday,2,45
9,3.8143466686961096,5.95887451735566,2,Saturday,0,2025-08-23,Saturday,2,45
16,9.351260498638204,38.67517252302178,2,Saturday,0,2025-08-23,Saturday,2,45
5,5.94883937358483,5.924140406053015,2,Saturday,0,2025-08-23,Saturday,2,45
20,19.613668802642348,7.066520081444158,2,Saturday,0,2025-08-23,Saturday,2,45
23,4.9843603977721,7.7166308609409135,2,Saturday,0,2025-08-23,Saturday,2,45
22,24.189989207119076,7.077961175245151,2,Saturday,0,2025-08-23,Saturday,2,45
0,2.903497712984969,48.71492039780196,2,Saturday,0,2025-08-23,Saturday,2,45
16,17.100816437225216,5.611776622561521,2,Saturday,0,2025-08-23,Saturday,2,45
18,36.18821177203684,6.72437825425907,2,Saturday,0,2025-08-23,Saturday,2,45
20,20.070046888975234,17.40901856163755,2,Saturday,0,2025-08-23,Saturday,2,45
20,17.438152925263093,2.4732176978740905,2,Saturday,0,2025-08-23,Saturday,2,45
16,4.078391483805715,28.583328470117863,2,Saturday,0,2025-08-23,Saturday,2,45
17,18.68951985593027,15.881960819116863,2,Saturday,0,2025-08-23,Saturday,2,45
4,10.84101744883846,22.49965436054737,2,Saturday,0,2025-08-23,Saturday,2,45
14,20.081560835067695,1.5928785085963721,2,Saturday,0,2025-08-23,Saturday,2,45
16,17.741696344197116,2.95220303127389,2,Saturday,0,2025-08-23,Saturday,2,45
13,4.186625013932044,11.992352606688266,2,Saturday,0,2025-08-23,Saturday,2,45
22,21.5904696087324,4.083201566627593,2,Saturday,0,2025-08-23,Saturday,2,45
12,4.731838694082241,9.833062899655387,2,Saturday,0,2025-08-23,Saturday,2,45
23,11.529555452363482,18.358500800830196,2,Saturday,0,2025-08-23,Saturday,2,45
16,12.40116422774966,43.461316370788786,2,Saturday,0,2025-08-23,Saturday,2,45
17,6.13418926118106,8.04335198432234,2,Saturday,0,2025-08-23,Saturday,2,45
11,9.382106315440438,3.987840617310548,2,Saturday,0,2025-08-23,Saturday,2,45
21,19.128903768402985,5.395035343463856,2,Saturday,0,2025-08-23,Saturday,2,45
19,13.858792293514334,9.478597825529773,2,Saturday,0,2025-08-23,Saturday,2,45
21,12.98509459330969,7.277040331206463,2,Saturday,0,2025-08-23,Saturday,2,45
19,18.55921845008974,18.983463923273312,2,Saturday,0,2025-08-23,Saturday,2,45
22,3.8152564559966287,13.437574595850489,2,Saturday,0,2025-08-23,Saturday,2,45
9,6.758298278908649,13.28015445868816,2,Saturday,0,2025-08-23,Saturday,2,45
23,10.298618321387444,29.490576859184873,2,Saturday,0,2025-08-23,Saturday,2,45
13,14.656699254548432,11.229134691967463,2,Saturday,0,2025-08-23,Saturday,2,45
16,37.49298565644119,7.192612284112334,2,Saturday,0,2025-08-23,Saturday,2,45
15,30.925144341271753,5.239366870985624,2,Saturday,0,2025-08-23,Saturday,2,45
12,3.6382983746792785,10.215381337008301,2,Saturday,0,2025-08-23,Saturday,2,45
13,14.526538257884564,3.7628874277112434,2,Saturday,0,2025-08-23,Saturday,2,45
11,80.80143981382253,5.4615010871839305,2,Saturday,0,2025-08-23,Saturday,2,45
10,2.87528071180181,9.578079086949636,2,Saturday,0,2025-08-23,Saturday,2,45
13,2.55314766840765,6.741712801432858,2,Saturday,0,2025-08-23,Saturday,2,45
20,18.09020680718758,3.731201498600325,2,Saturday,0,2025-08-23,Saturday,2,45
17,67.7608382131317,5.542288792311257,2,Saturday,0,2025-08-23,Saturday,2,45
14,3.502775232568685,6.210356688909676,2,Saturday,0,2025-08-23,Saturday,2,45
23,12.088121485565424,6.369139417988815,2,Saturday,0,2025-08-23,Saturday,2,45
19,29.044095501464,12.852785257689785,2,Saturday,0,2025-08-30,Saturday,2,35
17,6.324464946760121,14.664485370729146,2,Saturday,0,2025-08-30,Saturday,2,35
23,16.359817341533304,5.694419942363592,2,Saturday,0,2025-08-30,Saturday,2,35
15,16.814440532683825,33.72544951964172,2,Saturday,0,2025-08-30,Saturday,2,35
17,19.19578481249631,8.08774381731695,2,Saturday,0,2025-08-30,Saturday,2,35
13,5.164824373384143,43.88900562187634,2,Saturday,0,2025-08-30,Saturday,2,35
14,5.2859431512831465,2.426797470118344,2,Saturday,0,2025-08-30,Saturday,2,35
0,32.3014771047213,11.117296866260107,2,Saturday,0,2025-08-30,Saturday,2,35
9,2.190678344639,7.1668045041693205,2,Saturday,0,2025-08-30,Saturday,2,35
20,34.2852229327113,1.5768280351701334,2,Saturday,0,2025-08-30,Saturday,2,35
23,30.526264508787243,1.6866447213849483,2,Saturday,0,2025-08-30,Saturday,2,35
6,34.5315003307447,48.416731598576476,2,Saturday,0,2025-08-30,Saturday,2,35
17,26.131405747710726,8.313881047483186,2,Saturday,0,2025-08-30,Saturday,2,35
17,14.568812442306022,21.814989187556986,2,Saturday,0,2025-08-30,Saturday,2,35
17,20.099898637720354,4.801939046558107,2,Saturday,0,2025-08-30,Saturday,2,35
15,17.990075571663077,14.630704425673285,2,Saturday,0,2025-08-30,Saturday,2,35
18,6.518239214292911,13.15650273051339,2,Saturday,0,2025-08-30,Saturday,2,35
17,9.901119513754455,9.42674389088201,2,Saturday,0,2025-08-30,Saturday,2,35
14,39.472063698508485,21.439736126735518,2,Saturday,0,2025-08-30,Saturday,2,35
15,53.18928842350343,15.865438653885777,2,Saturday,0,2025-08-30,Saturday,2,35
21,16.951480849913928,3.7385236865241502,2,Saturday,0,2025-08-30,Saturday,2,35
17,61.93200335821613,2.140825311937466,2,Saturday,0,2025-08-30,Saturday,2,35
22,7.2918144048641755,13.431989382101012,2,Saturday,0,2025-08-30,Saturday,2,35
10,31.0544862780908,15.85807737299964,2,Saturday,0,2025-08-30,Saturday,2,35
19,7.10974261731408,20.55700831009449,2,Saturday,0,2025-08-30,Saturday,2,35
23,9.039518082033112,16.764568523661442,2,Saturday,0,2025-08-30,Saturday,2,35
6,8.046838384622154,26.114027831749855,2,Saturday,0,2025-08-30,Saturday,2,35
16,6.639806832078281,18.02772869298647,2,Saturday,0,2025-08-30,Saturday,2,35
14,12.724041712811317,11.211514124066126,2,Saturday,0,2025-08-30,Saturday,2,35
17,32.12074735586353,3.130918106150003,2,Saturday,0,2025-08-30,Saturday,2,35
17,7.754768005560671,2.845805805636089,2,Saturday,0,2025-08-30,Saturday,2,35
18,18.43440230091681,13.779167752994837,2,Saturday,0,2025-08-30,Saturday,2,35
19,3.0062225800945352,20.993540312149328,2,Saturday,0,2025-08-30,Saturday,2,35
17,14.585469812808427,7.5663965937717395,2,Saturday,0,2025-08-30,Saturday,2,35
19,31.475328357586275,17.092711489276905,2,Saturday,0,2025-08-30,Saturday,2,35
10,5.001169144415362,8.989406148175982,2,Saturday,0,2025-09-06,Saturday,2,32
2,119.9163119476165,1.8806444957834123,2,Saturday,0,2025-09-06,Saturday,2,32
14,21.490565333567062,12.379226372268958,2,Saturday,0,2025-09-06,Saturday,2,32
6,3.9499025086957724,6.406561445498314,2,Saturday,0,2025-09-06,Saturday,2,32
23,15.162073956297693,19.309395570316862,2,Saturday,0,2025-09-06,Saturday,2,32
18,18.897251490088127,3.7038451211203496,2,Saturday,0,2025-09-06,Saturday,2,32
15,2.6754239779807794,12.512654558281993,2,Saturday,0,2025-09-06,Saturday,2,32
10,3.4049641974423417,7.548836015652812,2,Saturday,0,2025-09-06,Saturday,2,32
4,4.933792618583113,5.012617802627722,2,Saturday,0,2025-09-06,Saturday,2,32
20,16.373230395747985,3.885566182638824,2,Saturday,0,2025-09-06,Saturday,2,32
15,16.644907138901303,1.773011773773754,2,Saturday,0,2025-09-06,Saturday,2,32
20,9.972057014097924,13.871151353064802,2,Saturday,0,2025-09-06,Saturday,2,32
16,29.46043190091771,17.551183654039267,2,Saturday,0,2025-09-06,Saturday,2,32
14,21.696563053641132,12.715812279349695,2,Saturday,0,2025-09-06,Saturday,2,32
21,5.321941423154748,15.550923702252831,2,Saturday,0,2025-09-06,Saturday,2,32
21,7.80054918142545,12.512794047792852,2,Saturday,0,2025-09-06,Saturday,2,32
15,26.300875485991263,10.453826230473137,2,Saturday,0,2025-09-06,Saturday,2,32
16,7.648860559897795,11.472747016893207,2,Saturday,0,2025-09-06,Saturday,2,32
0,17.155719908349305,2.755740967623236,2,Saturday,0,2025-09-06,Saturday,2,32
20,9.604512602789104,10.486133144509822,2,Saturday,0,2025-09-06,Saturday,2,32
20,2.0593896936810454,9.22564342214984,2,Saturday,0,2025-09-06,Saturday,2,32
13,10.157251032133356,4.089902239551868,2,Saturday,0,2025-09-06,Saturday,2,32
10,10.720003624551087,3.7489657255517974,2,Saturday,0,2025-09-06,Saturday,2,32
7,4.455736541454069,7.825001072303537,2,Saturday,0,2025-09-06,Saturday,2,32
18,15.875628109194292,1.4570471913313257,2,Saturday,0,2025-09-06,Saturday,2,32
18,2.8068886180761,10.521449917172644,2,Saturday,0,2025-09-06,Saturday,2,32
14,3.8257837226894895,12.188084935634011,2,Saturday,0,2025-09-06,Saturday,2,32
11,6.906605070097753,4.729659083577967,2,Saturday,0,2025-09-06,Saturday,2,32
14,2.877527781675231,42.18419392040746,2,Saturday,0,2025-09-06,Saturday,2,32
16,22.01839031852472,33.25980774827479,2,Saturday,0,2025-09-06,Saturday,2,32
19,6.6393383997721145,4.033074457377975,2,Saturday,0,2025-09-06,Saturday,2,32
22,39.5549215426393,19.49634907419684,2,Saturday,0,2025-09-06,Saturday,2,32
21,13.249736388985173,22.388731973830716,2,Saturday,0,2025-09-13,Saturday,2,35
18,7.996924591384052,44.12686637064266,2,Saturday,0,2025-09-13,Saturday,2,35
9,2.074989598252937,3.518714457228177,2,Saturday,0,2025-09-13,Saturday,2,35
17,6.699181493325824,20.463475102513716,2,Saturday,0,2025-09-13,Saturday,2,35
20,11.600756516501182,2.6801092752942983,2,Saturday,0,2025-09-13,Saturday,2,35
11,2.285875619224868,14.592857874376064,2,Saturday,0,2025-09-13,Saturday,2,35
14,21.266130891360813,9.937975348066468,2,Saturday,0,2025-09-13,Saturday,2,35
16,25.886756720425467,2.166703545322057,2,Saturday,0,2025-09-13,Saturday,2,35
4,12.760379881072613,9.064654449793224,2,Saturday,0,2025-09-13,Saturday,2,35
19,11.053372777991367,28.030616736102598,2,Saturday,0,2025-09-13,Saturday,2,35
18,18.95943517669498,1.0043414246036533,2,Saturday,0,2025-09-13,Saturday,2,35
15,17.31002196781478,12.604171547312452,2,Saturday,0,2025-09-13,Saturday,2,35
14,5.649555824473023,8.632737836170637,2,Saturday,0,2025-09-13,Saturday,2,35
21,24.470373371251437,13.324180819237949,2,Saturday,0,2025-09-13,Saturday,2,35
15,21.122345970664423,15.70534342039117,2,Saturday,0,2025-09-13,Saturday,2,35
19,13.646245225651107,26.911371268377362,2,Saturday,0,2025-09-13,Saturday,2,35
15,18.590868689611774,9.069959888944336,2,Saturday,0,2025-09-13,Saturday,2,35
21,14.870172870611956,12.753605451410694,2,Saturday,0,2025-09-13,Saturday,2,35
16,5.13344961221228,24.536683243585458,2,Saturday,0,2025-09-13,Saturday,2,35
10,3.2781905054041482,7.021679330984574,2,Saturday,0,2025-09-13,Saturday,2,35
17,21.557824575480808,9.058581762155981,2,Saturday,0,2025-09-13,Saturday,2,35
0,17.34934948262116,16.107935162611252,2,Saturday,0,2025-09-13,Saturday,2,35
19,14.732658664116808,23.773589671397186,2,Saturday,0,2025-09-13,Saturday,2,35
10,10.347009362225126,7.08056783547453,2,Saturday,0,2025-09-13,Saturday,2,35
16,2.708976285910477,3.417263038381516,2,Saturday,0,2025-09-13,Saturday,2,35
19,13.971473778577021,8.455405715906268,2,Saturday,0,2025-09-13,Saturday,2,35
9,11.090967215704723,7.529914437677425,2,Saturday,0,2025-09-13,Saturday,2,35
15,4.752562007920466,7.581850377402429,2,Saturday,0,2025-09-13,Saturday,2,35
14,53.686933873591045,24.143935746050364,2,Saturday,0,2025-09-13,Saturday,2,35
19,16.412744816021977,12.740149770618126,2,Saturday,0,2025-09-13,Saturday,2,35
14,26.118552056571765,21.953729731965442,2,Saturday,0,2025-09-13,Saturday,2,35
13,4.3851409203448215,1.8760749665589678,2,Saturday,0,2025-09-13,Saturday,2,35
18,16.608651910385465,5.080177524378537,2,Saturday,0,2025-09-13,Saturday,2,35
6,2.126388848971517,9.504929661376066,2,Saturday,0,2025-09-13,Saturday,2,35
15,6.363752794829284,11.719210269001016,2,Saturday,0,2025-09-13,Saturday,2,35
17,21.94185285239977,4.811649504379355,2,Saturday,0,2025-09-20,Saturday,2,29
23,13.422412251350561,12.463191119883902,2,Saturday,0,2025-09-20,Saturday,2,29
16,3.0424351617515257,4.488823508664845,2,Saturday,0,2025-09-20,Saturday,2,29
16,10.99378455396607,6.898670211105947,2,Saturday,0,2025-09-20,Saturday,2,29
20,9.06221101371881,23.704092862165034,2,Saturday,0,2025-09-20,Saturday,2,29
22,10.724479831875684,9.57746738685388,2,Saturday,0,2025-09-20,Saturday,2,29
15,16.95371048030658,15.996312896969195,2,Saturday,0,2025-09-20,Saturday,2,29
15,22.476365899802296,2.9996610833046953,2,Saturday,0,2025-09-20,Saturday,2,29
18,9.48247526556563,7.11364205620358,2,Saturday,0,2025-09-20,Saturday,2,29
16,9.856834777821115,9.945620433892653,2,Saturday,0,2025-09-20,Saturday,2,29
23,9.240926522053105,20.287031207095445,2,Saturday,0,2025-09-20,Saturday,2,29
18,11.050761471838833,14.843946194565007,2,Saturday,0,2025-09-20,Saturday,2,29
21,13.662950567193064,22.884335227293644,2,Saturday,0,2025-09-20,Saturday,2,29
15,36.711156564880696,2.2690075951205726,2,Saturday,0,2025-09-20,Saturday,2,29
16,6.004356523089617,24.361625330687595,2,Saturday,0,2025-09-20,Saturday,2,29
16,10.002982038429838,25.32065292113606,2,Saturday,0,2025-09-20,Saturday,2,29
19,15.497591601255557,15.780115321195776,2,Saturday,0,2025-09-20,Saturday,2,29
17,11.114823895776333,15.780767384668613,2,Saturday,0,2025-09-20,Saturday,2,29
22,9.216804947947631,3.966970273852694,2,Saturday,0,2025-09-20,Saturday,2,29
12,3.7466484441951406,7.291591596281082,2,Saturday,0,2025-09-20,Saturday,2,29
6,5.828791256663763,22.6066796055774,2,Saturday,0,2025-09-20,Saturday,2,29
9,9.282175510887196,10.010741791967648,2,Saturday,0,2025-09-20,Saturday,2,29
14,21.869166939330892,17.14752528306324,2,Saturday,0,2025-09-20,Saturday,2,29
22,12.544308037284878,10.884413826958367,2,Saturday,0,2025-09-20,Saturday,2,29
19,15.600092909457349,10.482744750614213,2,Saturday,0,2025-09-20,Saturday,2,29
0,17.922049287721663,8.093484997760642,2,Saturday,0,2025-09-20,Saturday,2,29
23,11.812021787375333,7.881850798138207,2,Saturday,0,2025-09-20,Saturday,2,29
17,4.201075108025668,4.976296991834177,2,Saturday,0,2025-09-20,Saturday,2,29
14,14.387978043835524,6.671347178162679,2,Saturday,0,2025-09-20,Saturday,2,29
14,4.681012894621707,3.1422850145651084,3,Mon-Th,0,2025-09-23,Mon-Th,3,41
21,16.127982606743974,4.578952323467175,3,Mon-Th,0,2025-09-23,Mon-Th,3,41
20,42.42411690425253,16.954664941689284,3,Mon-Th,0,2025-09-23,Mon-Th,3,41
19,15.969037497811772,10.114050497884335,3,Mon-Th,0,2025-09-23,Mon-Th,3,41
15,46.96599122523772,5.691116683119376,3,Mon-Th,0,2025-09-23,Mon-Th,3,41
11,21.593978594406472,10.02542253129946,3,Mon-Th,0,2025-09-23,Mon-Th,3,41
20,11.134171560898537,16.201902000291525,3,Mon-Th,0,2025-09-23,Mon-Th,3,41
18,14.381900299115525,27.560186460739605,3,Mon-Th,0,2025-09-23,Mon-Th,3,41
19,27.68057754303456,3.610105454321843,3,Mon-Th,0,2025-09-23,Mon-Th,3,41
16,23.338148852375703,8.199675199325027,3,Mon-Th,0,2025-09-23,Mon-Th,3,41
21,8.428090189757674,18.963703447258997,3,Mon-Th,0,2025-09-23,Mon-Th,3,41
12,18.29482060732441,2.794851069697552,3,Mon-Th,0,2025-09-23,Mon-Th,3,41
17,11.140336825374945,44.63361934530617,3,Mon-Th,0,2025-09-23,Mon-Th,3,41
20,9.246027763184214,5.801867347132596,3,Mon-Th,0,2025-09-23,Mon-Th,3,41
7,2.502909805031419,2.7721885536085393,3,Mon-Th,0,2025-09-23,Mon-Th,3,41
21,17.732384421081388,16.1157449898583,3,Mon-Th,0,2025-09-23,Mon-Th,3,41
16,15.92382882932668,6.8010511497222925,3,Mon-Th,0,2025-09-23,Mon-Th,3,41
22,10.109158278194165,13.068953327607478,3,Mon-Th,0,2025-09-23,Mon-Th,3,41
21,11.654702243453048,14.811387861148784,3,Mon-Th,0,2025-09-23,Mon-Th,3,41
19,12.44466883279673,4.389269672217807,3,Mon-Th,0,2025-09-23,Mon-Th,3,41
17,10.697702302343568,8.956146367889314,3,Mon-Th,0,2025-09-23,Mon-Th,3,41
18,13.051110354223724,7.59564935202071,3,Mon-Th,0,2025-09-23,Mon-Th,3,41
19,13.225326464882205,9.399356350935317,3,Mon-Th,0,2025-09-23,Mon-Th,3,41
20,7.525274551075092,4.320156884340909,3,Mon-Th,0,2025-09-23,Mon-Th,3,41
19,16.933533138048194,5.54873615869779,3,Mon-Th,0,2025-09-23,Mon-Th,3,41
12,5.4142651786426335,8.489662544677303,3,Mon-Th,0,2025-09-23,Mon-Th,3,41
22,6.197359325878598,6.518835706972424,3,Mon-Th,0,2025-09-23,Mon-Th,3,41
23,10.930034038014032,12.076861640728941,3,Mon-Th,0,2025-09-23,Mon-Th,3,41
20,8.214842087715478,8.988129354108052,3,Mon-Th,0,2025-09-23,Mon-Th,3,41
19,11.424006972085383,16.807183408288548,3,Mon-Th,0,2025-09-23,Mon-Th,3,41
21,2.948739386601359,7.885530949226804,3,Mon-Th,0,2025-09-23,Mon-Th,3,41
11,6.376552966685486,22.1130496586454,3,Mon-Th,0,2025-09-23,Mon-Th,3,41
15,18.49966192056185,3.522983223088622,3,Mon-Th,0,2025-09-23,Mon-Th,3,41
15,14.55951414086308,14.978433586585506,3,Mon-Th,0,2025-09-23,Mon-Th,3,41
19,15.612860478556197,8.772470155367802,3,Mon-Th,0,2025-09-23,Mon-Th,3,41
19,17.630241217656955,11.621463109872643,3,Mon-Th,0,2025-09-23,Mon-Th,3,41
18,6.895567091351619,0.5643953042553305,3,Mon-Th,0,2025-09-23,Mon-Th,3,41
4,3.971953902096746,27.987646946726503,3,Mon-Th,0,2025-09-23,Mon-Th,3,41
17,14.17601454306687,3.9862330235478716,3,Mon-Th,0,2025-09-23,Mon-Th,3,41
15,2.6655530251012687,8.865436625926986,3,Mon-Th,0,2025-09-23,Mon-Th,3,41
22,7.77513641229679,7.302641582950033,3,Mon-Th,0,2025-09-23,Mon-Th,3,41
23,8.782863572408377,12.451166306713395,3,Mon-Th,0,2025-09-24,Mon-Th,3,38
1,6.48855765768874,6.678756000793945,3,Mon-Th,0,2025-09-24,Mon-Th,3,38
15,19.850608685852468,11.661601693148077,3,Mon-Th,0,2025-09-24,Mon-Th,3,38
21,20.186120394613404,5.226194665295413,3,Mon-Th,0,2025-09-24,Mon-Th,3,38
23,8.55676111616809,5.79341818699287,3,Mon-Th,0,2025-09-24,Mon-Th,3,38
20,15.519830008434685,16.638488411058397,3,Mon-Th,0,2025-09-24,Mon-Th,3,38
18,15.454343864717377,28.576256854794483,3,Mon-Th,0,2025-09-24,Mon-Th,3,38
23,10.29906901472743,11.9284797300761,3,Mon-Th,0,2025-09-24,Mon-Th,3,38
13,51.14475978421893,7.230497103417731,3,Mon-Th,0,2025-09-24,Mon-Th,3,38
17,14.662868946968398,6.95605264340925,3,Mon-Th,0,2025-09-24,Mon-Th,3,38
17,2.26972636208352,6.560599015447625,3,Mon-Th,0,2025-09-24,Mon-Th,3,38
20,30.632745772044913,9.434929932754018,3,Mon-Th,0,2025-09-24,Mon-Th,3,38
17,19.698172496079703,35.837282716107545,3,Mon-Th,0,2025-09-24,Mon-Th,3,38
18,24.49609260702392,12.706136837365772,3,Mon-Th,0,2025-09-24,Mon-Th,3,38
17,15.739467528043708,7.688374027020227,3,Mon-Th,0,2025-09-24,Mon-Th,3,38
22,11.725342488571549,22.66844356125372,3,Mon-Th,0,2025-09-24,Mon-Th,3,38
18,15.882990101896556,9.098893585550035,3,Mon-Th,0,2025-09-24,Mon-Th,3,38
19,10.695320030234889,13.65928028462605,3,Mon-Th,0,2025-09-24,Mon-Th,3,38
23,12.888018242017672,26.060683114271676,3,Mon-Th,0,2025-09-24,Mon-Th,3,38
20,14.776271316826566,14.450366808152259,3,Mon-Th,0,2025-09-24,Mon-Th,3,38
14,27.008819777666396,19.45225520977313,3,Mon-Th,0,2025-09-24,Mon-Th,3,38
7,18.458124309738366,21.94851024268699,3,Mon-Th,0,2025-09-24,Mon-Th,3,38
18,14.034674079077138,6.413600194481684,3,Mon-Th,0,2025-09-24,Mon-Th,3,38
19,11.933418865688477,10.86685617525642,3,Mon-Th,0,2025-09-24,Mon-Th,3,38
22,26.394444516086725,9.920050458952728,3,Mon-Th,0,2025-09-24,Mon-Th,3,38
17,11.093722763303564,32.782622987405354,3,Mon-Th,0,2025-09-24,Mon-Th,3,38
17,11.1686658717265,1.065949895930777,3,Mon-Th,0,2025-09-24,Mon-Th,3,38
14,2.253695300004293,15.027892070460693,3,Mon-Th,0,2025-09-24,Mon-Th,3,38
4,4.4141025010825015,41.010118374969075,3,Mon-Th,0,2025-09-24,Mon-Th,3,38
20,7.032910228859321,6.659367695439154,3,Mon-Th,0,2025-09-24,Mon-Th,3,38
21,11.491715079268857,19.896348374780256,3,Mon-Th,0,2025-09-24,Mon-Th,3,38
17,3.8751080456101152,9.301347893966382,3,Mon-Th,0,2025-09-24,Mon-Th,3,38
16,20.52014279608082,65.7937044821276,3,Mon-Th,0,2025-09-24,Mon-Th,3,38
23,8.65395621293871,11.21238085959499,3,Mon-Th,0,2025-09-24,Mon-Th,3,38
15,14.84982315784833,12.733186696356398,3,Mon-Th,0,2025-09-24,Mon-Th,3,38
22,2.822864535573118,12.321737150614098,3,Mon-Th,0,2025-09-24,Mon-Th,3,38
17,14.335384343108547,7.307344314018549,3,Mon-Th,0,2025-09-24,Mon-Th,3,38
22,12.007426989327403,7.456402466138894,3,Mon-Th,0,2025-09-24,Mon-Th,3,38
20,6.448111015491396,8.959433835461054,3,Mon-Th,0,2025-09-25,Mon-Th,3,37
16,9.444965121822094,3.6799146414074313,3,Mon-Th,0,2025-09-25,Mon-Th,3,37
22,15.2711469774035,3.805782791417208,3,Mon-Th,0,2025-09-25,Mon-Th,3,37
18,17.6883043460174,7.198877285114792,3,Mon-Th,0,2025-09-25,Mon-Th,3,37
17,3.6164934518504523,4.4962631350330025,3,Mon-Th,0,2025-09-25,Mon-Th,3,37
18,19.98044117745015,4.074565882389713,3,Mon-Th,0,2025-09-25,Mon-Th,3,37
19,6.080736999386437,3.5886852873056148,3,Mon-Th,0,2025-09-25,Mon-Th,3,37
19,5.776352266603245,10.658404112620717,3,Mon-Th,0,2025-09-25,Mon-Th,3,37
19,49.135508970592596,13.813610339214145,3,Mon-Th,0,2025-09-25,Mon-Th,3,37
19,14.31834027552009,6.098125371269738,3,Mon-Th,0,2025-09-25,Mon-Th,3,37
15,2.2308432715172426,18.36860405448363,3,Mon-Th,0,2025-09-25,Mon-Th,3,37
16,36.11095140564378,5.071211494545566,3,Mon-Th,0,2025-09-25,Mon-Th,3,37
15,13.691026641945019,8.258583983522929,3,Mon-Th,0,2025-09-25,Mon-Th,3,37
17,3.5554441181492504,17.80594853137171,3,Mon-Th,0,2025-09-25,Mon-Th,3,37
20,11.338270893485841,4.342898394040729,3,Mon-Th,0,2025-09-25,Mon-Th,3,37
19,14.919273494800716,2.9699540050880735,3,Mon-Th,0,2025-09-25,Mon-Th,3,37
15,43.80385745919697,9.313287974317461,3,Mon-Th,0,2025-09-25,Mon-Th,3,37
18,22.57885326475026,5.337810107683906,3,Mon-Th,0,2025-09-25,Mon-Th,3,37
0,7.604763458710637,5.693914332612873,3,Mon-Th,0,2025-09-25,Mon-Th,3,37
20,14.343532798269507,19.51848169970532,3,Mon-Th,0,2025-09-25,Mon-Th,3,37
20,12.444462563718535,15.137705743695243,3,Mon-Th,0,2025-09-25,Mon-Th,3,37
11,6.178153491587312,10.835761913286458,3,Mon-Th,0,2025-09-25,Mon-Th,3,37
19,43.412807992307314,13.039421508618258,3,Mon-Th,0,2025-09-25,Mon-Th,3,37
14,19.331474702753336,22.271194621086764,3,Mon-Th,0,2025-09-25,Mon-Th,3,37
16,14.051936887950706,14.866951676518838,3,Mon-Th,0,2025-09-25,Mon-Th,3,37
21,12.453265168512385,14.084528416269507,3,Mon-Th,0,2025-09-25,Mon-Th,3,37
15,47.17518349813701,7.374784553119862,3,Mon-Th,0,2025-09-25,Mon-Th,3,37
19,5.484848486958008,4.529039257264857,3,Mon-Th,0,2025-09-25,Mon-Th,3,37
23,14.560279458314138,17.92264087072751,3,Mon-Th,0,2025-09-25,Mon-Th,3,37
14,16.24990137682933,11.586866592236477,3,Mon-Th,0,2025-09-25,Mon-Th,3,37
19,7.060255263038665,17.188758974423514,3,Mon-Th,0,2025-09-25,Mon-Th,3,37
17,8.668051284113972,9.699395247921814,3,Mon-Th,0,2025-09-25,Mon-Th,3,37
19,16.6170015441039,25.688145775247882,3,Mon-Th,0,2025-09-25,Mon-Th,3,37
23,29.248768454596057,13.473060535830522,3,Mon-Th,0,2025-09-25,Mon-Th,3,37
17,11.368050929565772,10.450437545140147,3,Mon-Th,0,2025-09-25,Mon-Th,3,37
19,12.055274882503756,20.653035146799883,3,Mon-Th,0,2025-09-25,Mon-Th,3,37
20,10.084535119180224,9.373886909061572,3,Mon-Th,0,2025-09-25,Mon-Th,3,37
17,21.339224148244675,8.939504993876346,3,Mon-Th,0,2025-09-29,Mon-Th,3,42
16,2.889283724276554,4.6094701800022735,3,Mon-Th,0,2025-09-29,Mon-Th,3,42
20,4.323046510361289,6.03457724742637,3,Mon-Th,0,2025-09-29,Mon-Th,3,42
23,9.96476720726688,13.404877714864828,3,Mon-Th,0,2025-09-29,Mon-Th,3,42
22,7.253673396744752,25.847573160700023,3,Mon-Th,0,2025-09-29,Mon-Th,3,42
23,11.786749990812893,24.111163815759333,3,Mon-Th,0,2025-09-29,Mon-Th,3,42
21,13.667249066590788,23.03413880714677,3,Mon-Th,0,2025-09-29,Mon-Th,3,42
20,10.483798136078558,9.664910096317797,3,Mon-Th,0,2025-09-29,Mon-Th,3,42
14,3.0899327099646525,16.937740164133594,3,Mon-Th,0,2025-09-29,Mon-Th,3,42
19,22.61683995402085,82.8505734275774,3,Mon-Th,0,2025-09-29,Mon-Th,3,42
17,16.813173596364532,7.962584927400307,3,Mon-Th,0,2025-09-29,Mon-Th,3,42
9,5.661224397879599,4.969492171241346,3,Mon-Th,0,2025-09-29,Mon-Th,3,42
11,17.644189036945427,9.261202096320119,3,Mon-Th,0,2025-09-29,Mon-Th,3,42
14,11.770457837864189,32.94800223446242,3,Mon-Th,0,2025-09-29,Mon-Th,3,42
23,8.157954932060552,18.262256017474886,3,Mon-Th,0,2025-09-29,Mon-Th,3,42
16,15.194301092244629,8.794668209154153,3,Mon-Th,0,2025-09-29,Mon-Th,3,42
23,10.834811807886219,4.417725723349205,3,Mon-Th,0,2025-09-29,Mon-Th,3,42
18,16.201874336445602,7.111047104975763,3,Mon-Th,0,2025-09-29,Mon-Th,3,42
16,11.246340960449444,9.550082777907832,3,Mon-Th,0,2025-09-29,Mon-Th,3,42
21,12.612230699975584,1.3465686122023133,3,Mon-Th,0,2025-09-29,Mon-Th,3,42
20,11.800406879245468,7.9975095914825145,3,Mon-Th,0,2025-09-29,Mon-Th,3,42
23,11.830457643312727,28.075166538155816,3,Mon-Th,0,2025-09-29,Mon-Th,3,42
16,8.41562249983128,5.1741991387095965,3,Mon-Th,0,2025-09-29,Mon-Th,3,42
20,11.230139267514406,3.4027783212300484,3,Mon-Th,0,2025-09-29,Mon-Th,3,42
18,19.372264094791444,5.7189529506722465,3,Mon-Th,0,2025-09-29,Mon-Th,3,42
2,52.835726235435445,2.3302235650293532,3,Mon-Th,0,2025-09-29,Mon-Th,3,42
16,8.657144281636235,15.1482307533405,3,Mon-Th,0,2025-09-29,Mon-Th,3,42
15,42.43100414821368,10.229702106239241,3,Mon-Th,0,2025-09-29,Mon-Th,3,42
20,17.17927798950701,5.635616067466236,3,Mon-Th,0,2025-09-29,Mon-Th,3,42
15,4.38565217599746,39.119632550322564,3,Mon-Th,0,2025-09-29,Mon-Th,3,42
23,5.811487354193382,8.47795177951758,3,Mon-Th,0,2025-09-29,Mon-Th,3,42
23,11.219935787290918,22.56889286336765,3,Mon-Th,0,2025-09-29,Mon-Th,3,42
14,8.117142098308303,12.607519328491005,3,Mon-Th,0,2025-09-29,Mon-Th,3,42
14,8.564191539179195,12.19296079390178,3,Mon-Th,0,2025-09-29,Mon-Th,3,42
23,8.532144724772632,21.875788473800913,3,Mon-Th,0,2025-09-29,Mon-Th,3,42
22,11.183062420902527,4.605606840629332,3,Mon-Th,0,2025-09-29,Mon-Th,3,42
20,12.00858510584489,16.95222581565572,3,Mon-Th,0,2025-09-29,Mon-Th,3,42
9,5.539629813572889,7.308603651547926,3,Mon-Th,0,2025-09-29,Mon-Th,3,42
18,15.251764874249165,16.743297719669606,3,Mon-Th,0,2025-09-29,Mon-Th,3,42
17,3.902999775356566,5.036538290285874,3,Mon-Th,0,2025-09-29,Mon-Th,3,42
22,10.893849202388491,9.159305486681081,3,Mon-Th,0,2025-09-29,Mon-Th,3,42
17,20.200041551591266,4.577414866757238,3,Mon-Th,0,2025-09-29,Mon-Th,3,42
17,3.080175189393783,13.231352040731833,3,Mon-Th,0,2025-09-30,Mon-Th,3,33
17,6.5559996048696565,25.629805508923585,3,Mon-Th,0,2025-09-30,Mon-Th,3,33
20,5.411918989404332,10.006921499002333,3,Mon-Th,0,2025-09-30,Mon-Th,3,33
21,11.521553673221582,1.798324518978315,3,Mon-Th,0,2025-09-30,Mon-Th,3,33
7,8.871013839402085,17.89639827867941,3,Mon-Th,0,2025-09-30,Mon-Th,3,33
16,6.14822545916264,10.435939524007557,3,Mon-Th,0,2025-09-30,Mon-Th,3,33
16,8.427116456784685,15.133644162523309,3,Mon-Th,0,2025-09-30,Mon-Th,3,33
18,18.08287442894038,4.35132090767246,3,Mon-Th,0,2025-09-30,Mon-Th,3,33
14,18.65122431710227,6.130362885949367,3,Mon-Th,0,2025-09-30,Mon-Th,3,33
18,13.955194604944129,12.351082426420946,3,Mon-Th,0,2025-09-30,Mon-Th,3,33
13,17.223876170287824,27.672263708212853,3,Mon-Th,0,2025-09-30,Mon-Th,3,33
15,6.357050400214439,7.221089276356368,3,Mon-Th,0,2025-09-30,Mon-Th,3,33
15,31.842091281933907,8.446270681958541,3,Mon-Th,0,2025-09-30,Mon-Th,3,33
21,12.925135906404073,7.591432345431514,3,Mon-Th,0,2025-09-30,Mon-Th,3,33
21,14.290312254272443,25.052283714717944,3,Mon-Th,0,2025-09-30,Mon-Th,3,33
13,3.8053420998251863,12.190294437318064,3,Mon-Th,0,2025-09-30,Mon-Th,3,33
19,12.100372347721198,3.3275906329324556,3,Mon-Th,0,2025-09-30,Mon-Th,3,33
19,20.440185030311017,2.1938806564649833,3,Mon-Th,0,2025-09-30,Mon-Th,3,33
15,14.569063411341162,1.8730639434094707,3,Mon-Th,0,2025-09-30,Mon-Th,3,33
15,9.112568029593245,9.48223376734913,3,Mon-Th,0,2025-09-30,Mon-Th,3,33
13,7.68186557230662,3.312020377925945,3,Mon-Th,0,2025-09-30,Mon-Th,3,33
14,18.64305600072874,3.3537066680287824,3,Mon-Th,0,2025-09-30,Mon-Th,3,33
21,17.22099275691494,14.538756726242235,3,Mon-Th,0,2025-09-30,Mon-Th,3,33
18,12.156066742070696,4.185195252124216,3,Mon-Th,0,2025-09-30,Mon-Th,3,33
13,2.893587105634546,4.910519659090979,3,Mon-Th,0,2025-09-30,Mon-Th,3,33
15,19.859211457444406,10.41747740820751,3,Mon-Th,0,2025-09-30,Mon-Th,3,33
21,7.4816503762494335,26.8013333593464,3,Mon-Th,0,2025-09-30,Mon-Th,3,33
22,13.914997762366156,13.595083724175195,3,Mon-Th,0,2025-09-30,Mon-Th,3,33
2,11.716893945467206,8.06073905708705,3,Mon-Th,0,2025-09-30,Mon-Th,3,33
19,13.195646099076807,8.068401369088551,3,Mon-Th,0,2025-09-30,Mon-Th,3,33
18,26.21335726850665,1.778385444391448,3,Mon-Th,0,2025-09-30,Mon-Th,3,33
11,5.972526966744139,3.520251603458152,3,Mon-Th,0,2025-09-30,Mon-Th,3,33
23,9.04011479001943,7.118296930411668,3,Mon-Th,0,2025-09-30,Mon-Th,3,33
18,16.502759905264433,14.167291230741911,3,Mon-Th,0,2025-10-01,Mon-Th,3,38
0,13.979050368696896,17.59870536705046,3,Mon-Th,0,2025-10-01,Mon-Th,3,38
23,47.31337242516582,1.5398855765808832,3,Mon-Th,0,2025-10-01,Mon-Th,3,38
18,11.979138456404833,12.565043422376977,3,Mon-Th,0,2025-10-01,Mon-Th,3,38
20,7.166224053550512,12.60324586546258,3,Mon-Th,0,2025-10-01,Mon-Th,3,38
18,33.520247621336175,2.253335585070064,3,Mon-Th,0,2025-10-01,Mon-Th,3,38
21,13.809698114428468,9.927482746084195,3,Mon-Th,0,2025-10-01,Mon-Th,3,38
12,28.65486593634058,21.061383205781,3,Mon-Th,0,2025-10-01,Mon-Th,3,38
19,9.450565198126359,8.925033059157391,3,Mon-Th,0,2025-10-01,Mon-Th,3,38
19,14.028111935938217,7.157076728024903,3,Mon-Th,0,2025-10-01,Mon-Th,3,38
15,2.018738810396846,7.652533056961674,3,Mon-Th,0,2025-10-01,Mon-Th,3,38
19,20.932747799509034,15.895077235726534,3,Mon-Th,0,2025-10-01,Mon-Th,3,38
23,10.120789260662665,17.268578330171653,3,Mon-Th,0,2025-10-01,Mon-Th,3,38
18,11.98380566612386,2.3492878043994274,3,Mon-Th,0,2025-10-01,Mon-Th,3,38
21,8.608027835282048,17.663092798221747,3,Mon-Th,0,2025-10-01,Mon-Th,3,38
20,13.600307633163965,16.486951844578098,3,Mon-Th,0,2025-10-01,Mon-Th,3,38
17,10.212743672771595,10.54968659985701,3,Mon-Th,0,2025-10-01,Mon-Th,3,38
15,9.447028168534873,11.610281759338589,3,Mon-Th,0,2025-10-01,Mon-Th,3,38
21,11.701592432087576,11.335380786102274,3,Mon-Th,0,2025-10-01,Mon-Th,3,38
15,14.771436623732907,4.437088492207625,3,Mon-Th,0,2025-10-01,Mon-Th,3,38
10,14.655678494331923,1.4624778388759356,3,Mon-Th,0,2025-10-01,Mon-Th,3,38
14,3.307081780260293,14.27095164769079,3,Mon-Th,0,2025-10-01,Mon-Th,3,38
17,25.734263530375316,29.681342002090027,3,Mon-Th,0,2025-10-01,Mon-Th,3,38
16,14.214806021137345,19.18346181150889,3,Mon-Th,0,2025-10-01,Mon-Th,3,38
20,14.169052154497528,9.78546734289651,3,Mon-Th,0,2025-10-01,Mon-Th,3,38
15,21.88917049626481,8.35050133077549,3,Mon-Th,0,2025-10-01,Mon-Th,3,38
20,8.159145845746465,14.389136857519588,3,Mon-Th,0,2025-10-01,Mon-Th,3,38
18,6.5467645894509445,7.714501161584948,3,Mon-Th,0,2025-10-01,Mon-Th,3,38
15,11.786489312707811,4.253845383236957,3,Mon-Th,0,2025-10-01,Mon-Th,3,38
14,16.155363917892068,10.575533513774323,3,Mon-Th,0,2025-10-01,Mon-Th,3,38
20,13.08844560151553,5.961127962437722,3,Mon-Th,0,2025-10-01,Mon-Th,3,38
13,23.666731502948416,9.19073375403485,3,Mon-Th,0,2025-10-01,Mon-Th,3,38
15,18.19322806550086,8.069290840351828,3,Mon-Th,0,2025-10-01,Mon-Th,3,38
23,9.417750119092075,20.17831752006218,3,Mon-Th,0,2025-10-01,Mon-Th,3,38
15,7.995790462093145,15.497473965239625,3,Mon-Th,0,2025-10-01,Mon-Th,3,38
23,11.80785644778149,7.717880840948906,3,Mon-Th,0,2025-10-01,Mon-Th,3,38
17,18.181095147191243,8.39241245387349,3,Mon-Th,0,2025-10-01,Mon-Th,3,38
23,9.904641823164159,5.969363567834636,3,Mon-Th,0,2025-10-01,Mon-Th,3,38
18,15.429128504440257,85.38684229555619,3,Mon-Th,0,2025-10-02,Mon-Th,3,38
19,14.035093180628131,7.646293300394302,3,Mon-Th,0,2025-10-02,Mon-Th,3,38
16,14.593551990414081,5.675107113282937,3,Mon-Th,0,2025-10-02,Mon-Th,3,38
15,6.0547269535288475,30.399299776125115,3,Mon-Th,0,2025-10-02,Mon-Th,3,38
16,3.9043385575521024,11.827304831757456,3,Mon-Th,0,2025-10-02,Mon-Th,3,38
10,5.366798331333051,18.521764110004987,3,Mon-Th,0,2025-10-02,Mon-Th,3,38
16,15.409330111551718,2.800091438489064,3,Mon-Th,0,2025-10-02,Mon-Th,3,38
20,13.032184645161212,4.339737331566064,3,Mon-Th,0,2025-10-02,Mon-Th,3,38
17,2.3919738825362256,8.440270947299076,3,Mon-Th,0,2025-10-02,Mon-Th,3,38
17,3.419466754155142,5.55222850496763,3,Mon-Th,0,2025-10-02,Mon-Th,3,38
21,12.777031292577306,5.333193975479188,3,Mon-Th,0,2025-10-02,Mon-Th,3,38
18,12.585844430041789,14.827155172681708,3,Mon-Th,0,2025-10-02,Mon-Th,3,38
17,19.782847200464992,4.189235328929183,3,Mon-Th,0,2025-10-02,Mon-Th,3,38
13,5.5593854666759075,17.526464996174784,3,Mon-Th,0,2025-10-02,Mon-Th,3,38
14,11.214456027408609,19.501938219771624,3,Mon-Th,0,2025-10-02,Mon-Th,3,38
18,12.719680964869852,7.869081967706486,3,Mon-Th,0,2025-10-02,Mon-Th,3,38
12,4.454607321477276,6.117098998438596,3,Mon-Th,0,2025-10-02,Mon-Th,3,38
19,2.624026215260255,17.855637435425056,3,Mon-Th,0,2025-10-02,Mon-Th,3,38
17,19.16940964361929,10.12708400270254,3,Mon-Th,0,2025-10-02,Mon-Th,3,38
20,13.773551866523654,19.659856906936295,3,Mon-Th,0,2025-10-02,Mon-Th,3,38
21,8.805768524211787,19.371724975528494,3,Mon-Th,0,2025-10-02,Mon-Th,3,38
19,14.367313852386207,5.333068131425702,3,Mon-Th,0,2025-10-02,Mon-Th,3,38
14,19.79265295910297,14.311606282455333,3,Mon-Th,0,2025-10-02,Mon-Th,3,38
21,11.301567407786948,10.854411615967006,3,Mon-Th,0,2025-10-02,Mon-Th,3,38
14,10.667814655732748,5.744770720845591,3,Mon-Th,0,2025-10-02,Mon-Th,3,38
17,10.265313606498545,7.1258160972205635,3,Mon-Th,0,2025-10-02,Mon-Th,3,38
15,5.80364663990885,10.503073523214638,3,Mon-Th,0,2025-10-02,Mon-Th,3,38
19,50.65686757721126,7.805365580067876,3,Mon-Th,0,2025-10-02,Mon-Th,3,38
17,16.524051381191086,12.716301805535887,3,Mon-Th,0,2025-10-02,Mon-Th,3,38
10,4.148943598330431,9.751973504544493,3,Mon-Th,0,2025-10-02,Mon-Th,3,38
14,2.9738509379316636,7.838319804769936,3,Mon-Th,0,2025-10-02,Mon-Th,3,38
20,10.926700718620083,12.168526769499396,3,Mon-Th,0,2025-10-02,Mon-Th,3,38
13,3.0632770494174073,29.72077168540276,3,Mon-Th,0,2025-10-02,Mon-Th,3,38
16,18.41743467077582,15.404652776735071,3,Mon-Th,0,2025-10-02,Mon-Th,3,38
17,24.594820020137565,4.21049649831913,3,Mon-Th,0,2025-10-02,Mon-Th,3,38
18,3.933613233174944,2.6936036753758614,3,Mon-Th,0,2025-10-02,Mon-Th,3,38
14,3.6454311769924166,0.9811462341058153,3,Mon-Th,0,2025-10-02,Mon-Th,3,38
19,3.939147769828061,11.886511085918682,3,Mon-Th,0,2025-10-02,Mon-Th,3,38
2,22.865610141060333,33.772523356976826,3,Mon-Th,0,2025-10-06,Mon-Th,3,40
21,10.601208564176407,15.64663985232933,3,Mon-Th,0,2025-10-06,Mon-Th,3,40
20,12.809743051560552,7.261799247047314,3,Mon-Th,0,2025-10-06,Mon-Th,3,40
16,18.886029268409597,10.00161617298846,3,Mon-Th,0,2025-10-06,Mon-Th,3,40
17,8.244730902447118,2.549065572259928,3,Mon-Th,0,2025-10-06,Mon-Th,3,40
18,10.37898567938106,5.0453529039948,3,Mon-Th,0,2025-10-06,Mon-Th,3,40
20,14.745201709902332,14.212176186764468,3,Mon-Th,0,2025-10-06,Mon-Th,3,40
14,6.923189580832207,5.50037632045152,3,Mon-Th,0,2025-10-06,Mon-Th,3,40
16,16.024986867435988,12.130976912987828,3,Mon-Th,0,2025-10-06,Mon-Th,3,40
13,6.301414449008144,3.009787331196553,3,Mon-Th,0,2025-10-06,Mon-Th,3,40
23,9.994374465439202,25.073872106145863,3,Mon-Th,0,2025-10-06,Mon-Th,3,40
19,3.194387207360524,5.498036446299586,3,Mon-Th,0,2025-10-06,Mon-Th,3,40
16,5.581388023470734,17.48757184474381,3,Mon-Th,0,2025-10-06,Mon-Th,3,40
18,27.04092154908045,15.798369160709251,3,Mon-Th,0,2025-10-06,Mon-Th,3,40
18,20.508500361352226,4.766523843134615,3,Mon-Th,0,2025-10-06,Mon-Th,3,40
15,22.108212979105918,8.265603712988675,3,Mon-Th,0,2025-10-06,Mon-Th,3,40
18,11.662896913925827,8.405962544707961,3,Mon-Th,0,2025-10-06,Mon-Th,3,40
16,3.7027310036524477,8.211669901934544,3,Mon-Th,0,2025-10-06,Mon-Th,3,40
18,6.820540612109794,9.42741747722123,3,Mon-Th,0,2025-10-06,Mon-Th,3,40
17,4.075374776432947,11.532915035839642,3,Mon-Th,0,2025-10-06,Mon-Th,3,40
16,12.843510516898892,3.504884844968969,3,Mon-Th,0,2025-10-06,Mon-Th,3,40
17,16.713200661627493,4.982192315970969,3,Mon-Th,0,2025-10-06,Mon-Th,3,40
2,11.615801537289968,16.101501982071586,3,Mon-Th,0,2025-10-06,Mon-Th,3,40
17,10.369088103677477,13.382146583100232,3,Mon-Th,0,2025-10-06,Mon-Th,3,40
19,4.599702167700357,7.139405394757151,3,Mon-Th,0,2025-10-06,Mon-Th,3,40
20,12.373288116037614,7.422751740792316,3,Mon-Th,0,2025-10-06,Mon-Th,3,40
20,9.63201312832814,9.86980007644507,3,Mon-Th,0,2025-10-06,Mon-Th,3,40
17,9.803029549402165,21.591166430939243,3,Mon-Th,0,2025-10-06,Mon-Th,3,40
20,13.046053859866888,29.93147790385697,3,Mon-Th,0,2025-10-06,Mon-Th,3,40
13,12.70728216424645,21.543620052275966,3,Mon-Th,0,2025-10-06,Mon-Th,3,40
11,2.275981583872832,4.2739085683353695,3,Mon-Th,0,2025-10-06,Mon-Th,3,40
7,3.335444158573368,18.917495061466482,3,Mon-Th,0,2025-10-06,Mon-Th,3,40
21,10.005605812440308,31.815830230613358,3,Mon-Th,0,2025-10-06,Mon-Th,3,40
15,6.873081244601077,10.36833242784832,3,Mon-Th,0,2025-10-06,Mon-Th,3,40
17,21.797375316933543,5.599226904935259,3,Mon-Th,0,2025-10-06,Mon-Th,3,40
22,16.382434985035566,5.548359076857156,3,Mon-Th,0,2025-10-06,Mon-Th,3,40
13,3.380489063503312,1.1532086813594038,3,Mon-Th,0,2025-10-06,Mon-Th,3,40
15,21.058172405940592,2.207543056258319,3,Mon-Th,0,2025-10-06,Mon-Th,3,40
18,22.636391570291583,7.6304309373278345,3,Mon-Th,0,2025-10-06,Mon-Th,3,40
14,14.373562802033756,15.210547027042063,3,Mon-Th,0,2025-10-06,Mon-Th,3,40
22,7.5610348303145045,12.267963245704642,3,Mon-Th,0,2025-10-07,Mon-Th,3,46
21,12.602676371735718,12.952203469803436,3,Mon-Th,0,2025-10-07,Mon-Th,3,46
13,93.00537323310311,6.600189257233655,3,Mon-Th,0,2025-10-07,Mon-Th,3,46
18,22.589126328418068,2.57480235553687,3,Mon-Th,0,2025-10-07,Mon-Th,3,46
20,7.821217962789659,8.706549480314502,3,Mon-Th,0,2025-10-07,Mon-Th,3,46
17,9.688007684502555,10.007748252438962,3,Mon-Th,0,2025-10-07,Mon-Th,3,46
18,9.390377794514613,3.185253887129133,3,Mon-Th,0,2025-10-07,Mon-Th,3,46
14,7.340762330128276,6.236767203807705,3,Mon-Th,0,2025-10-07,Mon-Th,3,46
19,13.521696949373741,4.55603226093832,3,Mon-Th,0,2025-10-07,Mon-Th,3,46
19,35.1684880796598,3.9647504728315157,3,Mon-Th,0,2025-10-07,Mon-Th,3,46
12,18.030348285538256,13.46809212867295,3,Mon-Th,0,2025-10-07,Mon-Th,3,46
17,17.384691402581947,5.34597747315298,3,Mon-Th,0,2025-10-07,Mon-Th,3,46
15,9.924065937674897,7.674758866357439,3,Mon-Th,0,2025-10-07,Mon-Th,3,46
16,19.746820963576635,19.101051782722518,3,Mon-Th,0,2025-10-07,Mon-Th,3,46
15,9.692453279517618,15.54914492928415,3,Mon-Th,0,2025-10-07,Mon-Th,3,46
17,13.761738963187021,10.182357616935928,3,Mon-Th,0,2025-10-07,Mon-Th,3,46
16,6.365759411845539,6.525431188424674,3,Mon-Th,0,2025-10-07,Mon-Th,3,46
15,7.522795616803519,5.748292374136165,3,Mon-Th,0,2025-10-07,Mon-Th,3,46
21,9.495097817764279,4.412439373993357,3,Mon-Th,0,2025-10-07,Mon-Th,3,46
16,15.821976793747659,10.393768429157179,3,Mon-Th,0,2025-10-07,Mon-Th,3,46
18,12.74594259361556,8.88845318690387,3,Mon-Th,0,2025-10-07,Mon-Th,3,46
14,2.7775147834122227,5.40730432740921,3,Mon-Th,0,2025-10-07,Mon-Th,3,46
13,2.1655000566936846,7.064080612624714,3,Mon-Th,0,2025-10-07,Mon-Th,3,46
17,14.678538447474601,23.51796191854783,3,Mon-Th,0,2025-10-07,Mon-Th,3,46
19,56.88952329261026,6.261689021056833,3,Mon-Th,0,2025-10-07,Mon-Th,3,46
19,8.882249176803569,3.1091327314315222,3,Mon-Th,0,2025-10-07,Mon-Th,3,46
10,13.180156621078083,0.5849141810221465,3,Mon-Th,0,2025-10-07,Mon-Th,3,46
16,26.490977936158213,3.526877847791474,3,Mon-Th,0,2025-10-07,Mon-Th,3,46
17,16.296985210575233,44.26151580168514,3,Mon-Th,0,2025-10-07,Mon-Th,3,46
22,8.04358030621103,26.67938576571263,3,Mon-Th,0,2025-10-07,Mon-Th,3,46
22,9.372486948291545,6.85069072347277,3,Mon-Th,0,2025-10-07,Mon-Th,3,46
16,16.716715760800266,30.666022446099127,3,Mon-Th,0,2025-10-07,Mon-Th,3,46
23,9.222657684912008,12.907249003364392,3,Mon-Th,0,2025-10-07,Mon-Th,3,46
18,16.641200111425775,9.883671497058609,3,Mon-Th,0,2025-10-07,Mon-Th,3,46
14,2.3013175974187092,8.53190195772749,3,Mon-Th,0,2025-10-07,Mon-Th,3,46
17,9.225828773728725,5.942215745014096,3,Mon-Th,0,2025-10-07,Mon-Th,3,46
15,4.131455972995731,10.968264191212114,3,Mon-Th,0,2025-10-07,Mon-Th,3,46
17,52.50616441851594,19.628718343284252,3,Mon-Th,0,2025-10-07,Mon-Th,3,46
16,16.900503205996962,3.187153214625205,3,Mon-Th,0,2025-10-07,Mon-Th,3,46
16,3.5169219922808965,8.891490254924937,3,Mon-Th,0,2025-10-07,Mon-Th,3,46
18,13.05417866623733,6.670264108757196,3,Mon-Th,0,2025-10-07,Mon-Th,3,46
17,9.954339725832753,8.255786139497966,3,Mon-Th,0,2025-10-07,Mon-Th,3,46
16,17.322856685305688,16.019091890863468,3,Mon-Th,0,2025-10-07,Mon-Th,3,46
20,17.886350174827296,7.776314756119957,3,Mon-Th,0,2025-10-07,Mon-Th,3,46
20,7.568016384465306,8.782978660059763,3,Mon-Th,0,2025-10-07,Mon-Th,3,46
16,2.7733634102225437,4.915558217301084,3,Mon-Th,0,2025-10-07,Mon-Th,3,46
19,13.239949807539002,9.139828266877197,3,Mon-Th,0,2025-10-08,Mon-Th,3,39
22,10.916377071402277,5.887332431235889,3,Mon-Th,0,2025-10-08,Mon-Th,3,39
13,18.787723567125198,9.060832358444268,3,Mon-Th,0,2025-10-08,Mon-Th,3,39
18,4.236978375563972,5.511424588622442,3,Mon-Th,0,2025-10-08,Mon-Th,3,39
18,9.953046822966318,6.0325565076420204,3,Mon-Th,0,2025-10-08,Mon-Th,3,39
15,3.909932167202939,3.269667896636707,3,Mon-Th,0,2025-10-08,Mon-Th,3,39
12,3.798502870509674,21.786011654951594,3,Mon-Th,0,2025-10-08,Mon-Th,3,39
19,15.497612520097409,9.186935242153936,3,Mon-Th,0,2025-10-08,Mon-Th,3,39
19,11.906339863145622,19.864702414886835,3,Mon-Th,0,2025-10-08,Mon-Th,3,39
14,3.7327338016721257,5.340855638766193,3,Mon-Th,0,2025-10-08,Mon-Th,3,39
15,2.8800370922702196,2.5142639809281,3,Mon-Th,0,2025-10-08,Mon-Th,3,39
19,2.866706939278699,7.400796946242053,3,Mon-Th,0,2025-10-08,Mon-Th,3,39
14,11.003295255570297,4.702442934459416,3,Mon-Th,0,2025-10-08,Mon-Th,3,39
22,8.08081332162153,10.855735571812241,3,Mon-Th,0,2025-10-08,Mon-Th,3,39
2,6.724772316331013,6.674100917282292,3,Mon-Th,0,2025-10-08,Mon-Th,3,39
21,7.128742203090934,5.832730789566825,3,Mon-Th,0,2025-10-08,Mon-Th,3,39
19,21.052087650224795,15.9335872228783,3,Mon-Th,0,2025-10-08,Mon-Th,3,39
20,19.012187507455977,28.81625187538742,3,Mon-Th,0,2025-10-08,Mon-Th,3,39
12,15.872260993073027,12.384200218094769,3,Mon-Th,0,2025-10-08,Mon-Th,3,39
17,10.800277470794907,15.316675203867536,3,Mon-Th,0,2025-10-08,Mon-Th,3,39
22,11.118298514041115,11.75520608036134,3,Mon-Th,0,2025-10-08,Mon-Th,3,39
22,16.191165735054042,9.161110830280517,3,Mon-Th,0,2025-10-08,Mon-Th,3,39
20,12.769835785753383,10.614104032864121,3,Mon-Th,0,2025-10-08,Mon-Th,3,39
19,12.05552846085854,41.76103075139775,3,Mon-Th,0,2025-10-08,Mon-Th,3,39
16,4.835675404370666,4.678665854825656,3,Mon-Th,0,2025-10-08,Mon-Th,3,39
16,13.701293642340978,33.30752668156749,3,Mon-Th,0,2025-10-08,Mon-Th,3,39
14,9.496631229713863,4.113168868896393,3,Mon-Th,0,2025-10-08,Mon-Th,3,39
7,5.324073912293636,1.504183600073353,3,Mon-Th,0,2025-10-08,Mon-Th,3,39
7,5.384024100721718,8.330549257954795,3,Mon-Th,0,2025-10-08,Mon-Th,3,39
18,14.012457448786645,3.5942713325291766,3,Mon-Th,0,2025-10-08,Mon-Th,3,39
23,8.848834967003846,8.558001703580848,3,Mon-Th,0,2025-10-08,Mon-Th,3,39
20,9.917501476017684,9.422684636754061,3,Mon-Th,0,2025-10-08,Mon-Th,3,39
20,6.454183509273832,4.616037591070471,3,Mon-Th,0,2025-10-08,Mon-Th,3,39
20,13.541412383478946,12.010124733642398,3,Mon-Th,0,2025-10-08,Mon-Th,3,39
14,11.262046571331332,14.539838692644315,3,Mon-Th,0,2025-10-08,Mon-Th,3,39
11,4.253982538254807,11.339285544269917,3,Mon-Th,0,2025-10-08,Mon-Th,3,39
12,5.643388409055326,8.255851088337563,3,Mon-Th,0,2025-10-08,Mon-Th,3,39
21,14.471012520007935,6.213390490359823,3,Mon-Th,0,2025-10-08,Mon-Th,3,39
18,8.781762839555014,20.179834998328086,3,Mon-Th,0,2025-10-08,Mon-Th,3,39
13,11.490618459796284,25.32156706002487,3,Mon-Th,0,2025-10-09,Mon-Th,3,37
20,14.357085797491308,5.36763197868353,3,Mon-Th,0,2025-10-09,Mon-Th,3,37
2,5.453974402068615,6.70783654078262,3,Mon-Th,0,2025-10-09,Mon-Th,3,37
15,4.81062832291229,0.9714104190708721,3,Mon-Th,0,2025-10-09,Mon-Th,3,37
17,8.706895460661954,1.5264778845404545,3,Mon-Th,0,2025-10-09,Mon-Th,3,37
20,10.45234163539493,10.631955478226569,3,Mon-Th,0,2025-10-09,Mon-Th,3,37
18,3.556742549766392,5.726486471769528,3,Mon-Th,0,2025-10-09,Mon-Th,3,37
22,10.334654130138777,4.982074747892456,3,Mon-Th,0,2025-10-09,Mon-Th,3,37
23,11.592637092933092,8.261717869703608,3,Mon-Th,0,2025-10-09,Mon-Th,3,37
19,15.687273008738014,7.2094414617412195,3,Mon-Th,0,2025-10-09,Mon-Th,3,37
22,2.176816049710808,2.8580225173712375,3,Mon-Th,0,2025-10-09,Mon-Th,3,37
15,2.547499434735816,14.674552513911854,3,Mon-Th,0,2025-10-09,Mon-Th,3,37
13,13.476473029869542,8.007006719788064,3,Mon-Th,0,2025-10-09,Mon-Th,3,37
18,13.05756950309976,22.34810426745792,3,Mon-Th,0,2025-10-09,Mon-Th,3,37
18,4.826251072591598,13.29537703404468,3,Mon-Th,0,2025-10-09,Mon-Th,3,37
17,20.45949778704559,8.252582281349216,3,Mon-Th,0,2025-10-09,Mon-Th,3,37
11,17.874782281379552,10.208707242000889,3,Mon-Th,0,2025-10-09,Mon-Th,3,37
14,10.818406433026215,9.564560912491187,3,Mon-Th,0,2025-10-09,Mon-Th,3,37
15,5.053331193659712,3.3202109622062252,3,Mon-Th,0,2025-10-09,Mon-Th,3,37
17,2.6361479556865173,9.700216203035223,3,Mon-Th,0,2025-10-09,Mon-Th,3,37
22,2.072984370394271,14.871375709250543,3,Mon-Th,0,2025-10-09,Mon-Th,3,37
18,11.19936873032896,9.437564791251047,3,Mon-Th,0,2025-10-09,Mon-Th,3,37
16,20.26367966621915,16.479090868277133,3,Mon-Th,0,2025-10-09,Mon-Th,3,37
17,3.10162595775187,9.353217401687967,3,Mon-Th,0,2025-10-09,Mon-Th,3,37
19,13.858142398975584,5.837563685091457,3,Mon-Th,0,2025-10-09,Mon-Th,3,37
15,20.071843147634624,8.195192883637297,3,Mon-Th,0,2025-10-09,Mon-Th,3,37
23,11.976486804290698,21.921812450610428,3,Mon-Th,0,2025-10-09,Mon-Th,3,37
15,24.254467629327713,2.150958937899725,3,Mon-Th,0,2025-10-09,Mon-Th,3,37
19,12.73434805335257,10.864918790343312,3,Mon-Th,0,2025-10-09,Mon-Th,3,37
18,9.663242715356493,5.597938948875454,3,Mon-Th,0,2025-10-09,Mon-Th,3,37
19,15.892629147880822,18.55917526693889,3,Mon-Th,0,2025-10-09,Mon-Th,3,37
19,14.399966653760586,13.51387789912479,3,Mon-Th,0,2025-10-09,Mon-Th,3,37
19,20.03004905109779,4.149595853416555,3,Mon-Th,0,2025-10-09,Mon-Th,3,37
18,10.728076784422942,4.033616408098057,3,Mon-Th,0,2025-10-09,Mon-Th,3,37
16,14.900363369688183,18.341810718133523,3,Mon-Th,0,2025-10-09,Mon-Th,3,37
8,14.28294515041862,12.060012893246702,3,Mon-Th,0,2025-10-09,Mon-Th,3,37
20,11.08912434235189,51.03941947956638,3,Mon-Th,0,2025-10-09,Mon-Th,3,37
18,3.8884925879601395,5.119251148872053,3,Mon-Th,0,2025-10-13,Mon-Th,3,51
20,18.741208142074896,10.31491354235439,3,Mon-Th,0,2025-10-13,Mon-Th,3,51
20,16.08707798905345,7.464566951153199,3,Mon-Th,0,2025-10-13,Mon-Th,3,51
18,7.317402135226929,22.459651604014162,3,Mon-Th,0,2025-10-13,Mon-Th,3,51
16,12.92262236513917,4.195859663368287,3,Mon-Th,0,2025-10-13,Mon-Th,3,51
19,4.13230872987251,5.939222475187311,3,Mon-Th,0,2025-10-13,Mon-Th,3,51
23,9.43942074245269,1.6166278128717881,3,Mon-Th,0,2025-10-13,Mon-Th,3,51
15,3.9535992861263285,5.494405957797785,3,Mon-Th,0,2025-10-13,Mon-Th,3,51
20,7.998324305682893,6.302720443421862,3,Mon-Th,0,2025-10-13,Mon-Th,3,51
17,21.59543682963387,11.244701379379764,3,Mon-Th,0,2025-10-13,Mon-Th,3,51
23,2.1530939840576893,5.009835427333605,3,Mon-Th,0,2025-10-13,Mon-Th,3,51
19,12.683126528238947,12.823504716931726,3,Mon-Th,0,2025-10-13,Mon-Th,3,51
20,9.461691902429056,15.73278335187913,3,Mon-Th,0,2025-10-13,Mon-Th,3,51
15,7.315850389500787,9.028774297081934,3,Mon-Th,0,2025-10-13,Mon-Th,3,51
19,16.168387714016802,6.392120335152156,3,Mon-Th,0,2025-10-13,Mon-Th,3,51
15,3.3192753044002723,4.0576632861749555,3,Mon-Th,0,2025-10-13,Mon-Th,3,51
23,11.99174670329512,34.64857180881181,3,Mon-Th,0,2025-10-13,Mon-Th,3,51
12,8.580684310586008,12.324201840611854,3,Mon-Th,0,2025-10-13,Mon-Th,3,51
23,13.874429477294065,8.46939779734228,3,Mon-Th,0,2025-10-13,Mon-Th,3,51
18,2.657861905052258,3.9782803701098155,3,Mon-Th,0,2025-10-13,Mon-Th,3,51
20,10.59661890119514,16.053483501722614,3,Mon-Th,0,2025-10-13,Mon-Th,3,51
20,11.6855857515873,12.925407148468294,3,Mon-Th,0,2025-10-13,Mon-Th,3,51
17,46.460624213706154,10.637835963733835,3,Mon-Th,0,2025-10-13,Mon-Th,3,51
19,2.2067652046865027,15.833722797222514,3,Mon-Th,0,2025-10-13,Mon-Th,3,51
16,14.58238569023473,5.7804452331911635,3,Mon-Th,0,2025-10-13,Mon-Th,3,51
20,3.7390088862969817,9.765394215682456,3,Mon-Th,0,2025-10-13,Mon-Th,3,51
6,3.8145699367955612,7.3349747491550055,3,Mon-Th,0,2025-10-13,Mon-Th,3,51
17,10.936333177309173,10.692611620081017,3,Mon-Th,0,2025-10-13,Mon-Th,3,51
23,6.963508304258217,2.448177162388565,3,Mon-Th,0,2025-10-13,Mon-Th,3,51
18,10.229769744056519,8.119088637987932,3,Mon-Th,0,2025-10-13,Mon-Th,3,51
20,11.435122105333463,6.675016513365436,3,Mon-Th,0,2025-10-13,Mon-Th,3,51
23,8.282631098687608,8.846859113823479,3,Mon-Th,0,2025-10-13,Mon-Th,3,51
18,2.531657645582838,10.862657754924737,3,Mon-Th,0,2025-10-13,Mon-Th,3,51
19,12.080622402063693,10.510574757208778,3,Mon-Th,0,2025-10-13,Mon-Th,3,51
17,12.705112947213951,4.7276322579355545,3,Mon-Th,0,2025-10-13,Mon-Th,3,51
15,14.38432027884949,3.6289380132109628,3,Mon-Th,0,2025-10-13,Mon-Th,3,51
20,14.374089342706469,7.358289351705283,3,Mon-Th,0,2025-10-13,Mon-Th,3,51
17,11.371601369978897,8.307287191945134,3,Mon-Th,0,2025-10-13,Mon-Th,3,51
20,6.6385470762246435,8.895184667420011,3,Mon-Th,0,2025-10-13,Mon-Th,3,51
20,17.573495287679016,3.9956274193720107,3,Mon-Th,0,2025-10-13,Mon-Th,3,51
10,2.7771287888287244,9.23453669356293,3,Mon-Th,0,2025-10-13,Mon-Th,3,51
22,7.881728641543668,58.119956863032705,3,Mon-Th,0,2025-10-13,Mon-Th,3,51
22,9.505199715257588,4.895635100431784,3,Mon-Th,0,2025-10-13,Mon-Th,3,51
22,8.939757321901535,9.006003469804702,3,Mon-Th,0,2025-10-13,Mon-Th,3,51
18,43.565677348356346,46.52004691627211,3,Mon-Th,0,2025-10-13,Mon-Th,3,51
20,19.220312557387533,11.916985097766743,3,Mon-Th,0,2025-10-13,Mon-Th,3,51
20,10.907307523580684,20.699835566316843,3,Mon-Th,0,2025-10-13,Mon-Th,3,51
17,18.679033092020436,22.290701493433822,3,Mon-Th,0,2025-10-13,Mon-Th,3,51
18,15.256184370933848,41.50699304733964,3,Mon-Th,0,2025-10-13,Mon-Th,3,51
18,2.442282246786478,6.5144222172999005,3,Mon-Th,0,2025-10-13,Mon-Th,3,51
10,5.258981329237095,4.773643930148931,3,Mon-Th,0,2025-10-13,Mon-Th,3,51
23,13.442792087455075,4.79663422090844,3,Friday,0,2025-09-26,Friday,3,41
15,18.784309138453438,23.845545000883206,3,Friday,0,2025-09-26,Friday,3,41
10,3.066230989543083,20.416847593945832,3,Friday,0,2025-09-26,Friday,3,41
15,19.529998324303694,6.058113958385751,3,Friday,0,2025-09-26,Friday,3,41
23,10.022212898752443,6.270424591550411,3,Friday,0,2025-09-26,Friday,3,41
16,29.361595632255764,5.048563634714591,3,Friday,0,2025-09-26,Friday,3,41
19,21.41220824046441,4.492330709643845,3,Friday,0,2025-09-26,Friday,3,41
15,69.06493170894952,11.076481195316342,3,Friday,0,2025-09-26,Friday,3,41
10,40.37963245088812,2.264041265694937,3,Friday,0,2025-09-26,Friday,3,41
16,18.579260779279153,14.797767523066074,3,Friday,0,2025-09-26,Friday,3,41
17,18.0134683718576,15.808873860236016,3,Friday,0,2025-09-26,Friday,3,41
19,37.5017332299841,12.103417785824938,3,Friday,0,2025-09-26,Friday,3,41
16,6.778661393704274,18.721915473158322,3,Friday,0,2025-09-26,Friday,3,41
18,14.981574027009579,4.213895322331702,3,Friday,0,2025-09-26,Friday,3,41
21,13.05692665929245,17.95005820837429,3,Friday,0,2025-09-26,Friday,3,41
20,12.255281400703314,40.613885158643996,3,Friday,0,2025-09-26,Friday,3,41
12,18.712194142002872,8.782484071668403,3,Friday,0,2025-09-26,Friday,3,41
14,64.93763000823893,29.52875390909778,3,Friday,0,2025-09-26,Friday,3,41
13,6.835635538163482,7.519795598167751,3,Friday,0,2025-09-26,Friday,3,41
16,15.489916579488124,9.359924549495274,3,Friday,0,2025-09-26,Friday,3,41
19,55.93898829840768,32.05173956058659,3,Friday,0,2025-09-26,Friday,3,41
21,34.39134695114074,12.813372729888545,3,Friday,0,2025-09-26,Friday,3,41
7,5.713878549459352,16.82434674198946,3,Friday,0,2025-09-26,Friday,3,41
20,12.307703694750003,19.115092519083547,3,Friday,0,2025-09-26,Friday,3,41
23,9.35311395200165,8.816178989824765,3,Friday,0,2025-09-26,Friday,3,41
18,2.451842819115277,10.612535509494418,3,Friday,0,2025-09-26,Friday,3,41
17,4.158321845194962,9.390773094405825,3,Friday,0,2025-09-26,Friday,3,41
18,13.364029944131591,6.820924427390103,3,Friday,0,2025-09-26,Friday,3,41
5,12.175594230732724,3.0523773767311955,3,Friday,0,2025-09-26,Friday,3,41
12,6.7154855635346316,14.637112307177318,3,Friday,0,2025-09-26,Friday,3,41
20,14.7422052166221,4.873345625094426,3,Friday,0,2025-09-26,Friday,3,41
16,4.744422573075734,6.9171825265730496,3,Friday,0,2025-09-26,Friday,3,41
18,37.69285688338005,5.875262957079757,3,Friday,0,2025-09-26,Friday,3,41
17,16.63499403726323,22.92220777295922,3,Friday,0,2025-09-26,Friday,3,41
21,21.396158250856594,13.286023156259288,3,Friday,0,2025-09-26,Friday,3,41
20,3.7148072164715638,7.849915263484367,3,Friday,0,2025-09-26,Friday,3,41
11,5.4111089121674425,9.930775015743091,3,Friday,0,2025-09-26,Friday,3,41
9,60.60909378449402,6.740949494015716,3,Friday,0,2025-09-26,Friday,3,41
12,9.780980730278149,3.478677401026559,3,Friday,0,2025-09-26,Friday,3,41
23,7.98068416761933,11.944924194384113,3,Friday,0,2025-09-26,Friday,3,41
21,9.942838384441831,23.040690059156304,3,Friday,0,2025-09-26,Friday,3,41
18,28.61118713410669,20.203553438239386,3,Friday,0,2025-10-03,Friday,3,38
18,16.06816522175396,19.152085836090876,3,Friday,0,2025-10-03,Friday,3,38
13,3.4518937212315075,11.609951085041311,3,Friday,0,2025-10-03,Friday,3,38
17,47.471666787768626,9.000219844424516,3,Friday,0,2025-10-03,Friday,3,38
20,16.867526453347722,14.020796889987556,3,Friday,0,2025-10-03,Friday,3,38
18,24.31599075561933,18.613165381338664,3,Friday,0,2025-10-03,Friday,3,38
17,16.819164857389357,4.081638145221867,3,Friday,0,2025-10-03,Friday,3,38
17,31.87184184676381,3.304328674719753,3,Friday,0,2025-10-03,Friday,3,38
15,20.28018744755026,4.819514349532203,3,Friday,0,2025-10-03,Friday,3,38
18,11.783068240553416,5.682166482842072,3,Friday,0,2025-10-03,Friday,3,38
20,20.17658851512616,11.235832668482441,3,Friday,0,2025-10-03,Friday,3,38
23,8.355601094034242,8.938215558365085,3,Friday,0,2025-10-03,Friday,3,38
20,19.852638583888183,4.111907304321685,3,Friday,0,2025-10-03,Friday,3,38
21,15.162404920111747,6.259401502441592,3,Friday,0,2025-10-03,Friday,3,38
17,28.33250074822099,18.456077579046312,3,Friday,0,2025-10-03,Friday,3,38
19,18.88561841962925,10.255953745190707,3,Friday,0,2025-10-03,Friday,3,38
17,35.30383596516612,26.893199621836892,3,Friday,0,2025-10-03,Friday,3,38
20,14.835902410819955,1.7094839312063914,3,Friday,0,2025-10-03,Friday,3,38
19,16.685367540859794,21.37687967918275,3,Friday,0,2025-10-03,Friday,3,38
18,8.856487619373393,11.779681982307423,3,Friday,0,2025-10-03,Friday,3,38
23,12.466623415729707,4.979841717511253,3,Friday,0,2025-10-03,Friday,3,38
18,24.54499786413651,15.335307778323287,3,Friday,0,2025-10-03,Friday,3,38
13,2.9141488282765,5.847445933333764,3,Friday,0,2025-10-03,Friday,3,38
23,25.155046329355446,4.5031987043933155,3,Friday,0,2025-10-03,Friday,3,38
23,9.784549426506679,24.29039995961618,3,Friday,0,2025-10-03,Friday,3,38
20,8.305001379472154,29.024476384087738,3,Friday,0,2025-10-03,Friday,3,38
17,4.76638939671847,29.89901817082049,3,Friday,0,2025-10-03,Friday,3,38
18,29.720436960695054,7.958744487863303,3,Friday,0,2025-10-03,Friday,3,38
15,4.906230037105554,14.36764811600626,3,Friday,0,2025-10-03,Friday,3,38
17,7.902156355192061,30.086585605474042,3,Friday,0,2025-10-03,Friday,3,38
20,14.130459550159081,25.173714094400438,3,Friday,0,2025-10-03,Friday,3,38
19,18.506100250933912,7.555575816592718,3,Friday,0,2025-10-03,Friday,3,38
14,3.8858185428615117,8.23857601897533,3,Friday,0,2025-10-03,Friday,3,38
22,7.165863122326459,4.846657606741447,3,Friday,0,2025-10-03,Friday,3,38
4,11.39510476312244,14.568147103907616,3,Friday,0,2025-10-03,Friday,3,38
7,35.97473532179065,15.172546797468216,3,Friday,0,2025-10-03,Friday,3,38
15,2.3340883623221225,8.671759472552829,3,Friday,0,2025-10-03,Friday,3,38
21,16.9379164171681,1.754225886531837,3,Friday,0,2025-10-03,Friday,3,38
2,9.817332947159176,47.133199710620076,3,Friday,0,2025-10-10,Friday,3,47
21,9.761150072221294,3.2568678721724833,3,Friday,0,2025-10-10,Friday,3,47
22,14.11904637677111,7.378433441110127,3,Friday,0,2025-10-10,Friday,3,47
19,26.748990584080648,2.1665679203113832,3,Friday,0,2025-10-10,Friday,3,47
18,6.214391625405182,5.530950224953008,3,Friday,0,2025-10-10,Friday,3,47
18,19.331016166701318,39.026025253172435,3,Friday,0,2025-10-10,Friday,3,47
15,2.4980583175046305,3.8642681171464037,3,Friday,0,2025-10-10,Friday,3,47
18,3.2138724966633783,8.74040573985639,3,Friday,0,2025-10-10,Friday,3,47
15,22.017760294174142,36.33486237472694,3,Friday,0,2025-10-10,Friday,3,47
16,9.32939936879987,2.87031543257367,3,Friday,0,2025-10-10,Friday,3,47
14,3.2018749546478644,7.701476645497646,3,Friday,0,2025-10-10,Friday,3,47
17,21.677103524832635,21.374656285436696,3,Friday,0,2025-10-10,Friday,3,47
19,14.331931269157142,6.933461446683189,3,Friday,0,2025-10-10,Friday,3,47
23,56.84047307309401,5.637887274394174,3,Friday,0,2025-10-10,Friday,3,47
20,8.803916196675718,31.704525603708273,3,Friday,0,2025-10-10,Friday,3,47
23,15.085520936376092,30.702952020065542,3,Friday,0,2025-10-10,Friday,3,47
13,13.346101020023294,35.019852760171666,3,Friday,0,2025-10-10,Friday,3,47
18,18.065349631174435,8.603547143974128,3,Friday,0,2025-10-10,Friday,3,47
19,4.02865523249457,38.76199716281649,3,Friday,0,2025-10-10,Friday,3,47
15,2.1803990797630597,3.6906062848897374,3,Friday,0,2025-10-10,Friday,3,47
15,10.111991487363632,13.801231592968016,3,Friday,0,2025-10-10,Friday,3,47
16,17.182760734401914,3.3452135336590105,3,Friday,0,2025-10-10,Friday,3,47
15,12.030568237134585,23.333185842290412,3,Friday,0,2025-10-10,Friday,3,47
15,17.244960041458604,18.08542792730901,3,Friday,0,2025-10-10,Friday,3,47
18,19.914464159613814,69.59090953895507,3,Friday,0,2025-10-10,Friday,3,47
15,15.233247410170787,4.349457214925414,3,Friday,0,2025-10-10,Friday,3,47
16,7.489301534617567,6.8765187535465016,3,Friday,0,2025-10-10,Friday,3,47
16,22.006264537560316,44.6706004757289,3,Friday,0,2025-10-10,Friday,3,47
18,2.8996380056645212,16.808332569518477,3,Friday,0,2025-10-10,Friday,3,47
17,12.464816240761287,11.908612596816576,3,Friday,0,2025-10-10,Friday,3,47
12,9.24959216127527,13.796673467634612,3,Friday,0,2025-10-10,Friday,3,47
23,9.878682109682938,2.6589181180094954,3,Friday,0,2025-10-10,Friday,3,47
16,22.419771179542817,19.023440510202235,3,Friday,0,2025-10-10,Friday,3,47
16,11.898092280915908,64.10864171635302,3,Friday,0,2025-10-10,Friday,3,47
21,14.847631009636775,15.170310061753392,3,Friday,0,2025-10-10,Friday,3,47
18,44.386030002857055,28.73996767573806,3,Friday,0,2025-10-10,Friday,3,47
23,19.274884668148466,7.7558081469685645,3,Friday,0,2025-10-10,Friday,3,47
20,5.630561315082161,39.763366918682685,3,Friday,0,2025-10-10,Friday,3,47
22,17.39920173253846,10.281777546497912,3,Friday,0,2025-10-10,Friday,3,47
19,7.646434633837771,8.564452255015905,3,Friday,0,2025-10-10,Friday,3,47
10,29.482508271820613,0.8197351242321591,3,Friday,0,2025-10-10,Friday,3,47
12,2.386650893943022,5.8682090114651935,3,Friday,0,2025-10-10,Friday,3,47
19,47.03367136218299,5.008513408181352,3,Friday,0,2025-10-10,Friday,3,47
22,7.756710324978007,7.196855078717462,3,Friday,0,2025-10-10,Friday,3,47
19,14.677416061089726,15.474453142025158,3,Friday,0,2025-10-10,Friday,3,47
19,10.246746364837946,9.114277270643992,3,Friday,0,2025-10-10,Friday,3,47
23,31.038319806096005,6.412945065380454,3,Friday,0,2025-10-10,Friday,3,47
15,3.140962669515555,12.688166289296545,3,Friday,0,2025-10-17,Friday,3,32
11,2.996875865143029,10.68259545969734,3,Friday,0,2025-10-17,Friday,3,32
20,16.344106564233556,33.26069106982855,3,Friday,0,2025-10-17,Friday,3,32
20,16.94984992477448,4.062398916902778,3,Friday,0,2025-10-17,Friday,3,32
18,6.180225814678779,7.600598878032673,3,Friday,0,2025-10-17,Friday,3,32
13,26.670712874390478,3.9651760505588003,3,Friday,0,2025-10-17,Friday,3,32
16,19.585694428596394,5.5470661256565466,3,Friday,0,2025-10-17,Friday,3,32
22,14.216926507959577,13.24480916270809,3,Friday,0,2025-10-17,Friday,3,32
20,45.8919098761098,3.6633766644329686,3,Friday,0,2025-10-17,Friday,3,32
18,8.836148614004507,15.533535788952706,3,Friday,0,2025-10-17,Friday,3,32
17,20.175533754100666,4.516898359244865,3,Friday,0,2025-10-17,Friday,3,32
18,5.002243391713024,7.280067057076088,3,Friday,0,2025-10-17,Friday,3,32
19,14.5415779618504,14.02746844070632,3,Friday,0,2025-10-17,Friday,3,32
23,27.02578634029986,7.098674203373725,3,Friday,0,2025-10-17,Friday,3,32
7,44.601051346948566,18.803970913258848,3,Friday,0,2025-10-17,Friday,3,32
20,3.392285469523106,14.231932195192806,3,Friday,0,2025-10-17,Friday,3,32
14,22.201411563643276,11.03249598852397,3,Friday,0,2025-10-17,Friday,3,32
18,19.00211423481419,7.624186750284153,3,Friday,0,2025-10-17,Friday,3,32
19,14.094031516970578,7.193825117790591,3,Friday,0,2025-10-17,Friday,3,32
16,12.14478960554893,12.84971787285062,3,Friday,0,2025-10-17,Friday,3,32
17,23.00335105217233,17.144203293433065,3,Friday,0,2025-10-17,Friday,3,32
19,40.52496234781547,10.037449888303088,3,Friday,0,2025-10-17,Friday,3,32
14,13.427035599645428,13.557517829687415,3,Friday,0,2025-10-17,Friday,3,32
20,29.421205254470635,6.500459342249782,3,Friday,0,2025-10-17,Friday,3,32
10,50.74746497282818,6.549685527090057,3,Friday,0,2025-10-17,Friday,3,32
15,31.313268094338223,13.612538986709696,3,Friday,0,2025-10-17,Friday,3,32
15,10.307754830712781,6.658231564070313,3,Friday,0,2025-10-17,Friday,3,32
13,49.67466065041573,8.966997237278461,3,Friday,0,2025-10-17,Friday,3,32
19,13.174427382014134,21.177391237245146,3,Friday,0,2025-10-17,Friday,3,32
18,34.211382490992435,6.836107922170951,3,Friday,0,2025-10-17,Friday,3,32
20,18.959732689614818,5.435293728181654,3,Friday,0,2025-10-17,Friday,3,32
14,24.94459915628135,9.929942114700342,3,Friday,0,2025-10-17,Friday,3,32
16,3.776776375150839,34.06752926811913,3,Friday,0,2025-10-24,Friday,3,43
18,8.267622045488011,48.77191273264188,3,Friday,0,2025-10-24,Friday,3,43
17,10.228471622031254,24.627287494611775,3,Friday,0,2025-10-24,Friday,3,43
20,5.298012640853596,14.501996366520583,3,Friday,0,2025-10-24,Friday,3,43
13,54.69345166940543,15.893186167311715,3,Friday,0,2025-10-24,Friday,3,43
21,12.396654436026257,5.051256639525767,3,Friday,0,2025-10-24,Friday,3,43
18,16.247723338873353,4.680038942232588,3,Friday,0,2025-10-24,Friday,3,43
19,13.985837695644044,6.049537916909857,3,Friday,0,2025-10-24,Friday,3,43
17,12.87059131544438,5.784095588270928,3,Friday,0,2025-10-24,Friday,3,43
19,7.9074728325476515,15.162017647599084,3,Friday,0,2025-10-24,Friday,3,43
10,2.5278808299067657,8.226605525757897,3,Friday,0,2025-10-24,Friday,3,43
16,14.328045095320032,9.587497232231211,3,Friday,0,2025-10-24,Friday,3,43
9,10.509647848078504,15.450559450421146,3,Friday,0,2025-10-24,Friday,3,43
18,15.734462063804866,13.150007135512555,3,Friday,0,2025-10-24,Friday,3,43
17,3.2610887095787935,13.99022627248559,3,Friday,0,2025-10-24,Friday,3,43
15,12.865050704327622,41.009708349614606,3,Friday,0,2025-10-24,Friday,3,43
21,16.051436374173807,5.585077300648591,3,Friday,0,2025-10-24,Friday,3,43
20,13.765892089874239,5.875848767436503,3,Friday,0,2025-10-24,Friday,3,43
21,18.600978471366858,14.931783757023931,3,Friday,0,2025-10-24,Friday,3,43
18,7.653642174136978,7.13175450304006,3,Friday,0,2025-10-24,Friday,3,43
17,17.44002837377484,28.782307217246363,3,Friday,0,2025-10-24,Friday,3,43
22,14.696510179747385,14.162446103973084,3,Friday,0,2025-10-24,Friday,3,43
19,13.896170511682069,6.106990573875408,3,Friday,0,2025-10-24,Friday,3,43
17,9.407361441243777,6.102382641869727,3,Friday,0,2025-10-24,Friday,3,43
13,12.47845819215841,19.033620385687282,3,Friday,0,2025-10-24,Friday,3,43
19,52.539022637508886,6.119861179509849,3,Friday,0,2025-10-24,Friday,3,43
18,3.574403301203533,2.2964182153307133,3,Friday,0,2025-10-24,Friday,3,43
18,4.581085345963319,14.172173785520997,3,Friday,0,2025-10-24,Friday,3,43
15,4.506411656920397,4.753680106394587,3,Friday,0,2025-10-24,Friday,3,43
17,30.74847080348783,8.54091185050209,3,Friday,0,2025-10-24,Friday,3,43
22,14.70182391626928,23.249795819961452,3,Friday,0,2025-10-24,Friday,3,43
13,6.5038035789439865,9.675076459723815,3,Friday,0,2025-10-24,Friday,3,43
19,20.693174438737948,5.4706633784696175,3,Friday,0,2025-10-24,Friday,3,43
21,16.468461845079233,17.109213168688562,3,Friday,0,2025-10-24,Friday,3,43
20,119.19187437640734,23.307446970421644,3,Friday,0,2025-10-24,Friday,3,43
23,15.536162222914559,15.819323901984733,3,Friday,0,2025-10-24,Friday,3,43
20,12.479115363301709,11.176889665211846,3,Friday,0,2025-10-24,Friday,3,43
15,39.92024616854157,2.131993818955417,3,Friday,0,2025-10-24,Friday,3,43
19,60.85089052707989,4.625077801071201,3,Friday,0,2025-10-24,Friday,3,43
21,87.18805474078903,6.958774098018474,3,Friday,0,2025-10-24,Friday,3,43
22,51.74638604771006,6.428704801728991,3,Friday,0,2025-10-24,Friday,3,43
19,8.379521027773528,22.10413532238981,3,Friday,0,2025-10-24,Friday,3,43
15,2.239519163062365,4.588204528381769,3,Friday,0,2025-10-24,Friday,3,43
17,2.998807069251357,8.582224390315371,3,Friday,0,2025-10-31,Friday,3,44
16,26.279409383544454,6.900113722663872,3,Friday,0,2025-10-31,Friday,3,44
15,12.493691076983435,13.447751530083783,3,Friday,0,2025-10-31,Friday,3,44
22,10.708962560120472,10.243667485163026,3,Friday,0,2025-10-31,Friday,3,44
14,2.8523597223556445,10.979719236946803,3,Friday,0,2025-10-31,Friday,3,44
16,16.31907808853969,22.862511283663242,3,Friday,0,2025-10-31,Friday,3,44
11,13.92908301521097,13.399779890354035,3,Friday,0,2025-10-31,Friday,3,44
11,4.067607135399198,10.082902934050843,3,Friday,0,2025-10-31,Friday,3,44
16,20.392141825720557,15.534451509293573,3,Friday,0,2025-10-31,Friday,3,44
22,15.189271379273112,15.174231771899604,3,Friday,0,2025-10-31,Friday,3,44
10,22.370190575367417,18.08671471605948,3,Friday,0,2025-10-31,Friday,3,44
13,5.262415804423087,20.268969083518808,3,Friday,0,2025-10-31,Friday,3,44
15,30.99808857268959,5.546690354876828,3,Friday,0,2025-10-31,Friday,3,44
19,16.08441060309414,2.620858192925433,3,Friday,0,2025-10-31,Friday,3,44
18,25.885333535036082,8.637563535299407,3,Friday,0,2025-10-31,Friday,3,44
22,21.879387591203095,26.613126095407477,3,Friday,0,2025-10-31,Friday,3,44
13,119.91406057170293,8.489236269763456,3,Friday,0,2025-10-31,Friday,3,44
17,20.401351248883735,10.960075274964543,3,Friday,0,2025-10-31,Friday,3,44
16,13.102286743612247,16.709917915928646,3,Friday,0,2025-10-31,Friday,3,44
16,19.95066699847864,2.8166890131792464,3,Friday,0,2025-10-31,Friday,3,44
21,7.511074499202635,3.3064952108510433,3,Friday,0,2025-10-31,Friday,3,44
18,20.890554500351342,2.862107127890619,3,Friday,0,2025-10-31,Friday,3,44
15,20.960604009711066,11.097057292079443,3,Friday,0,2025-10-31,Friday,3,44
0,11.987991099303485,12.11928231752076,3,Friday,0,2025-10-31,Friday,3,44
20,13.782966283025772,33.66923478162851,3,Friday,0,2025-10-31,Friday,3,44
23,11.949494356580292,29.63088376039319,3,Friday,0,2025-10-31,Friday,3,44
23,14.706738305550747,11.948242184213782,3,Friday,0,2025-10-31,Friday,3,44
14,24.637289196194516,7.571189742135148,3,Friday,0,2025-10-31,Friday,3,44
22,17.74018549901389,7.45821676403623,3,Friday,0,2025-10-31,Friday,3,44
17,18.462716777829154,12.336988107381165,3,Friday,0,2025-10-31,Friday,3,44
9,44.99263095006426,33.516932138856866,3,Friday,0,2025-10-31,Friday,3,44
18,12.687754798730325,38.94708995402424,3,Friday,0,2025-10-31,Friday,3,44
17,6.155106293677902,11.354175545288262,3,Friday,0,2025-10-31,Friday,3,44
15,6.159961220378604,6.088421395104199,3,Friday,0,2025-10-31,Friday,3,44
11,3.474906949812519,2.6054996429591206,3,Friday,0,2025-10-31,Friday,3,44
20,7.221199760967662,5.041788265003339,3,Friday,0,2025-10-31,Friday,3,44
22,36.9939090507708,9.321087860478842,3,Friday,0,2025-10-31,Friday,3,44
16,27.713462945405663,76.12242648335285,3,Friday,0,2025-10-31,Friday,3,44
14,17.79792037985079,23.49109899007829,3,Friday,0,2025-10-31,Friday,3,44
13,19.06172049577147,8.793216360178894,3,Friday,0,2025-10-31,Friday,3,44
18,5.029653681427074,9.923073875144576,3,Friday,0,2025-10-31,Friday,3,44
10,17.16366578722629,10.300557883575427,3,Friday,0,2025-10-31,Friday,3,44
18,18.614294064262758,14.014170910795535,3,Friday,0,2025-10-31,Friday,3,44
18,31.39772321100235,10.394444407433733,3,Friday,0,2025-10-31,Friday,3,44
16,21.353707737250815,34.81441184457506,3,Friday,0,2025-11-07,Friday,3,39
23,12.35253061715029,6.823911570509929,3,Friday,0,2025-11-07,Friday,3,39
23,7.550768177045944,2.035068674794772,3,Friday,0,2025-11-07,Friday,3,39
14,6.267977546103331,2.8359495166470223,3,Friday,0,2025-11-07,Friday,3,39
13,23.217485373008493,18.313971882336677,3,Friday,0,2025-11-07,Friday,3,39
19,17.942860546642624,10.660289671823751,3,Friday,0,2025-11-07,Friday,3,39
19,13.557086917694527,17.465731220265795,3,Friday,0,2025-11-07,Friday,3,39
11,7.1376678025123335,4.489349368879598,3,Friday,0,2025-11-07,Friday,3,39
22,46.87558052401498,13.026686925682977,3,Friday,0,2025-11-07,Friday,3,39
21,14.41801078103384,2.8541939938027836,3,Friday,0,2025-11-07,Friday,3,39
17,2.4431180188835664,27.156584188974033,3,Friday,0,2025-11-07,Friday,3,39
21,13.083117154555506,3.8099277788456565,3,Friday,0,2025-11-07,Friday,3,39
19,18.935556184443822,3.34438810693264,3,Friday,0,2025-11-07,Friday,3,39
12,3.9204070581788555,4.743131546862759,3,Friday,0,2025-11-07,Friday,3,39
17,17.901314929583627,21.433943544074648,3,Friday,0,2025-11-07,Friday,3,39
23,16.54776362275269,30.10720311495897,3,Friday,0,2025-11-07,Friday,3,39
19,29.238431641693555,3.6889099692509717,3,Friday,0,2025-11-07,Friday,3,39
5,7.656834150340623,5.685700945486411,3,Friday,0,2025-11-07,Friday,3,39
19,15.409562761685937,11.917298588396136,3,Friday,0,2025-11-07,Friday,3,39
14,27.125807490202366,2.542001868801492,3,Friday,0,2025-11-07,Friday,3,39
17,17.0025713450537,10.1829714765252,3,Friday,0,2025-11-07,Friday,3,39
22,16.614762974595763,5.994288493799623,3,Friday,0,2025-11-07,Friday,3,39
14,4.400677538979448,7.838937478639176,3,Friday,0,2025-11-07,Friday,3,39
17,20.145867229465793,4.245361892293314,3,Friday,0,2025-11-07,Friday,3,39
19,16.11856639655139,6.971329032610826,3,Friday,0,2025-11-07,Friday,3,39
22,6.016249180277979,9.035504749744504,3,Friday,0,2025-11-07,Friday,3,39
23,9.604607988378142,17.542447647895095,3,Friday,0,2025-11-07,Friday,3,39
9,14.082874088395776,6.573652246051321,3,Friday,0,2025-11-07,Friday,3,39
16,22.88018853083319,11.181801829699548,3,Friday,0,2025-11-07,Friday,3,39
19,16.850008904332977,8.50659504161777,3,Friday,0,2025-11-07,Friday,3,39
17,9.208858493307792,37.380605623993134,3,Friday,0,2025-11-07,Friday,3,39
18,2.0309428953533946,9.086999826259209,3,Friday,0,2025-11-07,Friday,3,39
23,7.002280513135372,12.502441319292014,3,Friday,0,2025-11-07,Friday,3,39
20,11.543109465418304,6.532676661013607,3,Friday,0,2025-11-07,Friday,3,39
23,10.752523433569863,8.538816142459943,3,Friday,0,2025-11-07,Friday,3,39
16,26.28814573121785,9.44044926868081,3,Friday,0,2025-11-07,Friday,3,39
14,2.926870013960053,8.867225946633555,3,Friday,0,2025-11-07,Friday,3,39
18,5.885741799306807,23.107762919224843,3,Friday,0,2025-11-07,Friday,3,39
21,13.143306088175006,9.92661970663545,3,Friday,0,2025-11-07,Friday,3,39
15,6.945657779666813,12.854297913616993,3,Friday,0,2025-11-14,Friday,3,27
12,2.2614539904304736,4.994926303919396,3,Friday,0,2025-11-14,Friday,3,27
17,8.426922593129115,20.633509423453717,3,Friday,0,2025-11-14,Friday,3,27
17,20.523407250659332,4.755426156408137,3,Friday,0,2025-11-14,Friday,3,27
17,21.1952984389837,7.2045652728427685,3,Friday,0,2025-11-14,Friday,3,27
0,20.97307192335083,28.167523911525826,3,Friday,0,2025-11-14,Friday,3,27
15,16.938632585797595,6.811783806901701,3,Friday,0,2025-11-14,Friday,3,27
22,4.54446383214013,19.542171562661267,3,Friday,0,2025-11-14,Friday,3,27
17,3.2152609426776335,18.30882439613986,3,Friday,0,2025-11-14,Friday,3,27
10,4.034399610031796,6.178104517298673,3,Friday,0,2025-11-14,Friday,3,27
17,4.093249531457301,3.263833398060161,3,Friday,0,2025-11-14,Friday,3,27
23,17.871781480422932,12.347216111440678,3,Friday,0,2025-11-14,Friday,3,27
11,21.937603852604916,12.839251312627285,3,Friday,0,2025-11-14,Friday,3,27
23,10.07164471767818,7.484049806676437,3,Friday,0,2025-11-14,Friday,3,27
17,20.33607394306535,7.164344299593671,3,Friday,0,2025-11-14,Friday,3,27
19,52.26574777056547,5.621784085739776,3,Friday,0,2025-11-14,Friday,3,27
22,15.436648953949184,5.881960485526535,3,Friday,0,2025-11-14,Friday,3,27
20,44.339141127099055,24.188324997398762,3,Friday,0,2025-11-14,Friday,3,27
18,15.61989420977941,14.957229505328998,3,Friday,0,2025-11-14,Friday,3,27
17,15.626904119769474,6.723927375769654,3,Friday,0,2025-11-14,Friday,3,27
17,8.013367856522827,9.670232745507573,3,Friday,0,2025-11-14,Friday,3,27
22,10.580073277442239,9.484636352708913,3,Friday,0,2025-11-14,Friday,3,27
16,10.194897128508615,5.6963368565601336,3,Friday,0,2025-11-14,Friday,3,27
23,12.08490387664109,14.496273247493557,3,Friday,0,2025-11-14,Friday,3,27
16,14.934846324925651,6.295571983539942,3,Friday,0,2025-11-14,Friday,3,27
15,4.610482255396649,14.916060445601826,3,Friday,0,2025-11-14,Friday,3,27
17,12.575326886386037,4.108360341176586,3,Friday,0,2025-11-14,Friday,3,27
18,27.062315985664856,6.870096667376546,3,Friday,0,2025-11-21,Friday,3,40
16,3.3181620677349084,6.387284734605297,3,Friday,0,2025-11-21,Friday,3,40
23,18.70922774527376,70.85131985077335,3,Friday,0,2025-11-21,Friday,3,40
14,29.98247909995887,8.51660174002871,3,Friday,0,2025-11-21,Friday,3,40
15,19.719432085765753,7.517845805227867,3,Friday,0,2025-11-21,Friday,3,40
0,5.716571404457966,9.08878596704436,3,Friday,0,2025-11-21,Friday,3,40
13,14.521517539396218,20.20367680831316,3,Friday,0,2025-11-21,Friday,3,40
16,6.274408585188433,7.264227808025105,3,Friday,0,2025-11-21,Friday,3,40
22,12.12634281161763,3.6214946067627123,3,Friday,0,2025-11-21,Friday,3,40
18,6.76417209306969,4.1004656171350415,3,Friday,0,2025-11-21,Friday,3,40
8,4.633418214950849,18.515538926282673,3,Friday,0,2025-11-21,Friday,3,40
16,8.497206651773574,1.1289442938359302,3,Friday,0,2025-11-21,Friday,3,40
19,18.944690823295037,57.60966890082348,3,Friday,0,2025-11-21,Friday,3,40
21,14.613791434896125,22.506445731584286,3,Friday,0,2025-11-21,Friday,3,40
18,15.303217997447703,2.2863539452736337,3,Friday,0,2025-11-21,Friday,3,40
17,7.660410363576621,1.7822620266136135,3,Friday,0,2025-11-21,Friday,3,40
23,68.0820906021719,19.115507594201127,3,Friday,0,2025-11-21,Friday,3,40
21,77.92442644338561,10.7377371541332,3,Friday,0,2025-11-21,Friday,3,40
13,7.35078888553242,4.750094267768056,3,Friday,0,2025-11-21,Friday,3,40
21,17.180101290698822,9.638475889297075,3,Friday,0,2025-11-21,Friday,3,40
21,36.61875266234072,36.730540062975706,3,Friday,0,2025-11-21,Friday,3,40
21,53.26786070190577,7.137332041721951,3,Friday,0,2025-11-21,Friday,3,40
16,54.16814945089259,1.3671577961540546,3,Friday,0,2025-11-21,Friday,3,40
18,20.785524745790994,3.9750127882843653,3,Friday,0,2025-11-21,Friday,3,40
21,14.448520770809399,13.240529181972747,3,Friday,0,2025-11-21,Friday,3,40
15,11.26358622294386,3.9337897506802735,3,Friday,0,2025-11-21,Friday,3,40
20,16.617848731700608,26.61571540103862,3,Friday,0,2025-11-21,Friday,3,40
15,15.563046620824615,16.532263040590102,3,Friday,0,2025-11-21,Friday,3,40
18,24.801233604862446,7.150625621329706,3,Friday,0,2025-11-21,Friday,3,40
18,4.30107006211734,4.37584108432512,3,Friday,0,2025-11-21,Friday,3,40
17,21.7184895009192,4.146454406372901,3,Friday,0,2025-11-21,Friday,3,40
23,36.23301017096462,34.566310500030276,3,Friday,0,2025-11-21,Friday,3,40
20,11.662300823274396,6.530508795537052,3,Friday,0,2025-11-21,Friday,3,40
17,18.69137028649607,10.242536232979848,3,Friday,0,2025-11-21,Friday,3,40
17,10.72652257999177,15.601269376590796,3,Friday,0,2025-11-21,Friday,3,40
12,27.636664914412595,8.682041527859946,3,Friday,0,2025-11-21,Friday,3,40
22,6.441033273548274,2.4878393946450457,3,Friday,0,2025-11-21,Friday,3,40
21,17.23560958185845,7.51258516842931,3,Friday,0,2025-11-21,Friday,3,40
10,2.1518109876694447,3.1683100236298483,3,Friday,0,2025-11-21,Friday,3,40
15,41.2619061791576,8.006998128659434,3,Friday,0,2025-11-21,Friday,3,40
16,20.843509144481363,3.4357091139775173,3,Friday,0,2025-11-28,Friday,3,38
18,20.25398616438182,13.16132978669125,3,Friday,0,2025-11-28,Friday,3,38
18,52.265399335909244,21.914560044703887,3,Friday,0,2025-11-28,Friday,3,38
20,17.388174361265552,4.44142692568097,3,Friday,0,2025-11-28,Friday,3,38
19,15.430425131987885,36.350859296342996,3,Friday,0,2025-11-28,Friday,3,38
18,66.87307083534442,5.803600561279211,3,Friday,0,2025-11-28,Friday,3,38
15,75.76741898362822,13.54167857522333,3,Friday,0,2025-11-28,Friday,3,38
12,25.0894920846318,43.25139389421099,3,Friday,0,2025-11-28,Friday,3,38
16,20.354593100206728,7.166146711252855,3,Friday,0,2025-11-28,Friday,3,38
19,14.886095088487444,18.336277750325724,3,Friday,0,2025-11-28,Friday,3,38
17,14.911846370402582,9.20602234264485,3,Friday,0,2025-11-28,Friday,3,38
21,12.928124665607978,10.943543088464985,3,Friday,0,2025-11-28,Friday,3,38
19,20.983443004091882,9.083102151886331,3,Friday,0,2025-11-28,Friday,3,38
21,9.654771539092012,3.2735675917106644,3,Friday,0,2025-11-28,Friday,3,38
16,10.049480138327276,33.146924274551466,3,Friday,0,2025-11-28,Friday,3,38
16,21.043834848547025,4.223199157137554,3,Friday,0,2025-11-28,Friday,3,38
13,16.188101068122723,3.9462571843253036,3,Friday,0,2025-11-28,Friday,3,38
16,22.872363077769172,18.221427332869577,3,Friday,0,2025-11-28,Friday,3,38
16,8.542610768215978,13.025403547459108,3,Friday,0,2025-11-28,Friday,3,38
16,34.10316522451889,3.299200287857304,3,Friday,0,2025-11-28,Friday,3,38
14,24.82131295688687,8.560777292401452,3,Friday,0,2025-11-28,Friday,3,38
20,19.758085627164636,18.075060842177628,3,Friday,0,2025-11-28,Friday,3,38
20,20.416538687153775,12.229774118539101,3,Friday,0,2025-11-28,Friday,3,38
20,13.483341188687522,18.389845933261032,3,Friday,0,2025-11-28,Friday,3,38
20,11.453811485034183,9.505877154788736,3,Friday,0,2025-11-28,Friday,3,38
15,16.797425113164753,19.44821228648143,3,Friday,0,2025-11-28,Friday,3,38
15,15.0221508334722,5.402121768706579,3,Friday,0,2025-11-28,Friday,3,38
15,15.345334745376615,29.133478173334392,3,Friday,0,2025-11-28,Friday,3,38
22,24.213966317905342,6.357571193903813,3,Friday,0,2025-11-28,Friday,3,38
14,35.27047466329653,13.363103262459518,3,Friday,0,2025-11-28,Friday,3,38
21,13.95923685521631,7.756055632008216,3,Friday,0,2025-11-28,Friday,3,38
21,22.32096216314498,9.081449368822796,3,Friday,0,2025-11-28,Friday,3,38
23,15.425099783947239,10.678771704246724,3,Friday,0,2025-11-28,Friday,3,38
16,6.612878576071349,21.799136096943574,3,Friday,0,2025-11-28,Friday,3,38
18,3.975095909052982,2.1457497351489385,3,Friday,0,2025-11-28,Friday,3,38
18,30.09731667535904,15.653083176881443,3,Friday,0,2025-11-28,Friday,3,38
5,16.170382523971156,9.705204018424691,3,Friday,0,2025-11-28,Friday,3,38
19,15.636326873034683,26.720881950323854,3,Friday,0,2025-11-28,Friday,3,38
14,15.064716797031469,10.214619106369385,3,Friday,0,2025-12-05,Friday,3,39
17,9.44199046028063,12.353791027655904,3,Friday,0,2025-12-05,Friday,3,39
14,19.122439668665788,8.880929871117408,3,Friday,0,2025-12-05,Friday,3,39
15,13.878735607099145,22.664903354651404,3,Friday,0,2025-12-05,Friday,3,39
18,22.85252249719844,22.372515766819607,3,Friday,0,2025-12-05,Friday,3,39
23,15.404352386841442,17.636856917979244,3,Friday,0,2025-12-05,Friday,3,39
20,14.147529750591602,17.044751385270352,3,Friday,0,2025-12-05,Friday,3,39
23,12.6960516950545,4.22366274813009,3,Friday,0,2025-12-05,Friday,3,39
3,54.81111403502391,48.19301024694045,3,Friday,0,2025-12-05,Friday,3,39
22,6.730487937948938,10.10906029019797,3,Friday,0,2025-12-05,Friday,3,39
15,2.3283228988821443,6.253056877485434,3,Friday,0,2025-12-05,Friday,3,39
14,13.032610876691766,10.812832103696367,3,Friday,0,2025-12-05,Friday,3,39
18,14.200077574506981,1.7179966635139126,3,Friday,0,2025-12-05,Friday,3,39
20,17.07727815379694,3.637412475465279,3,Friday,0,2025-12-05,Friday,3,39
19,9.245196994731096,9.650278281806644,3,Friday,0,2025-12-05,Friday,3,39
10,18.710078040211922,4.471290785450724,3,Friday,0,2025-12-05,Friday,3,39
18,16.966480352053228,12.555436574701327,3,Friday,0,2025-12-05,Friday,3,39
18,25.538341730875707,4.841394744502401,3,Friday,0,2025-12-05,Friday,3,39
17,10.92905850637306,1.8429813788097713,3,Friday,0,2025-12-05,Friday,3,39
16,2.250267524251095,9.148634502112257,3,Friday,0,2025-12-05,Friday,3,39
20,18.83920501485308,10.76839788951285,3,Friday,0,2025-12-05,Friday,3,39
20,19.469344264938183,34.10751007922966,3,Friday,0,2025-12-05,Friday,3,39
19,28.933515845102274,23.298416584911738,3,Friday,0,2025-12-05,Friday,3,39
12,58.40271456690709,2.8895993883514572,3,Friday,0,2025-12-05,Friday,3,39
15,67.18085078911109,34.2486729969005,3,Friday,0,2025-12-05,Friday,3,39
17,46.65424007359113,10.699787314459169,3,Friday,0,2025-12-05,Friday,3,39
10,3.7396870906512327,3.7108494757536965,3,Friday,0,2025-12-05,Friday,3,39
10,7.77397912019325,14.696577184797878,3,Friday,0,2025-12-05,Friday,3,39
20,8.853227722846835,3.4946976178870095,3,Friday,0,2025-12-05,Friday,3,39
17,13.305971193766155,6.585813700313157,3,Friday,0,2025-12-05,Friday,3,39
20,22.064150422997024,11.767166693673415,3,Friday,0,2025-12-05,Friday,3,39
19,12.276541271008519,34.76294284498105,3,Friday,0,2025-12-05,Friday,3,39
15,18.686593788193566,10.610347483591898,3,Friday,0,2025-12-05,Friday,3,39
7,3.761106497026014,25.148999386541025,3,Friday,0,2025-12-05,Friday,3,39
17,21.928822381859185,7.4037159738109715,3,Friday,0,2025-12-05,Friday,3,39
13,22.240151993043494,3.447628314047968,3,Friday,0,2025-12-05,Friday,3,39
21,10.238316137741041,7.956028855850507,3,Friday,0,2025-12-05,Friday,3,39
22,13.389615221985963,17.194384420397085,3,Friday,0,2025-12-05,Friday,3,39
19,15.927962908724009,6.497038620819286,3,Friday,0,2025-12-05,Friday,3,39
18,67.76467190696022,3.23030067268604,3,Friday,0,2025-12-12,Friday,3,36
20,12.170666726822894,12.828741569029587,3,Friday,0,2025-12-12,Friday,3,36
19,18.911049383933555,36.32694251093011,3,Friday,0,2025-12-12,Friday,3,36
15,17.852982710307064,18.61538963814599,3,Friday,0,2025-12-12,Friday,3,36
11,21.78601334863231,10.00782784359522,3,Friday,0,2025-12-12,Friday,3,36
15,24.724078135094185,8.839037028172875,3,Friday,0,2025-12-12,Friday,3,36
18,5.872685871461556,12.747990055728764,3,Friday,0,2025-12-12,Friday,3,36
18,2.3424930775337276,13.52333339115865,3,Friday,0,2025-12-12,Friday,3,36
12,3.2426652634054776,7.991182081414965,3,Friday,0,2025-12-12,Friday,3,36
20,9.92221150931781,29.461280837288918,3,Friday,0,2025-12-12,Friday,3,36
15,31.66826125970617,3.874448341890056,3,Friday,0,2025-12-12,Friday,3,36
14,23.735281286284916,13.996532971739407,3,Friday,0,2025-12-12,Friday,3,36
18,5.248209561771462,4.092279963810294,3,Friday,0,2025-12-12,Friday,3,36
13,3.9219106488921547,9.054047687089243,3,Friday,0,2025-12-12,Friday,3,36
17,4.195911438450826,4.645810650450751,3,Friday,0,2025-12-12,Friday,3,36
15,17.433149412402237,5.371738682378304,3,Friday,0,2025-12-12,Friday,3,36
18,28.00093806037514,22.126745307914796,3,Friday,0,2025-12-12,Friday,3,36
22,12.790774832401258,40.70673420007232,3,Friday,0,2025-12-12,Friday,3,36
13,17.735925693418533,27.400662070769975,3,Friday,0,2025-12-12,Friday,3,36
18,26.701546599850044,11.23718594167485,3,Friday,0,2025-12-12,Friday,3,36
14,3.8438449162636568,7.131703087534973,3,Friday,0,2025-12-12,Friday,3,36
11,4.090119362200717,5.722564009616904,3,Friday,0,2025-12-12,Friday,3,36
22,10.978249747459408,13.517701286056056,3,Friday,0,2025-12-12,Friday,3,36
13,11.076935940552112,4.308083189201845,3,Friday,0,2025-12-12,Friday,3,36
16,13.944890766778283,17.26056127659708,3,Friday,0,2025-12-12,Friday,3,36
10,8.16689561479344,19.254049293171875,3,Friday,0,2025-12-12,Friday,3,36
22,16.61674818352341,4.578376402104965,3,Friday,0,2025-12-12,Friday,3,36
17,27.71907832114691,12.594052611249149,3,Friday,0,2025-12-12,Friday,3,36
12,49.08904488322791,2.473602104122177,3,Friday,0,2025-12-12,Friday,3,36
15,44.71667638760341,16.439409156907775,3,Friday,0,2025-12-12,Friday,3,36
12,2.1034839648620722,5.123172730586749,3,Friday,0,2025-12-12,Friday,3,36
12,8.097874892447798,6.855729215852885,3,Friday,0,2025-12-12,Friday,3,36
10,85.85933691956093,2.1318126038438745,3,Friday,0,2025-12-12,Friday,3,36
16,3.431228310164955,3.463699948476007,3,Friday,0,2025-12-12,Friday,3,36
21,20.93382264908668,1.2851255186255959,3,Friday,0,2025-12-12,Friday,3,36
18,4.254784917874624,4.478320292839858,3,Friday,0,2025-12-12,Friday,3,36
15,21.353518647675035,15.540353710350825,3,Friday,0,2025-12-19,Friday,3,32
18,36.12663582745554,4.119526066999648,3,Friday,0,2025-12-19,Friday,3,32
17,20.549819348299575,20.062424568407497,3,Friday,0,2025-12-19,Friday,3,32
15,2.9728229452177035,18.41973028778565,3,Friday,0,2025-12-19,Friday,3,32
16,15.419816375132417,12.991355322764363,3,Friday,0,2025-12-19,Friday,3,32
17,22.056406742755097,7.176461674717983,3,Friday,0,2025-12-19,Friday,3,32
17,6.661422575514797,9.937684215263753,3,Friday,0,2025-12-19,Friday,3,32
14,14.776913944855465,7.953815779349853,3,Friday,0,2025-12-19,Friday,3,32
16,6.125538425289646,11.967025270095366,3,Friday,0,2025-12-19,Friday,3,32
0,4.89279922535847,9.189437042664846,3,Friday,0,2025-12-19,Friday,3,32
16,26.376195143736233,8.91613472571449,3,Friday,0,2025-12-19,Friday,3,32
18,19.342369102183778,15.137772436860871,3,Friday,0,2025-12-19,Friday,3,32
17,16.685801448068197,9.030252806045409,3,Friday,0,2025-12-19,Friday,3,32
22,9.353068601990492,17.242339223096568,3,Friday,0,2025-12-19,Friday,3,32
1,7.4160221587224076,4.053600736896624,3,Friday,0,2025-12-19,Friday,3,32
14,7.368832829030297,17.982440119292377,3,Friday,0,2025-12-19,Friday,3,32
12,10.510603133799435,8.149899681162886,3,Friday,0,2025-12-19,Friday,3,32
21,14.775789887485086,7.982367619632324,3,Friday,0,2025-12-19,Friday,3,32
20,15.59495537756337,1.9692125987626268,3,Friday,0,2025-12-19,Friday,3,32
15,59.584525905089826,5.455544872551816,3,Friday,0,2025-12-19,Friday,3,32
13,41.04359634013444,4.932162217879809,3,Friday,0,2025-12-19,Friday,3,32
4,19.208129503067266,10.523454189521274,3,Friday,0,2025-12-19,Friday,3,32
22,17.002211427253282,5.2287906586399036,3,Friday,0,2025-12-19,Friday,3,32
18,12.740368901070457,11.371943104190459,3,Friday,0,2025-12-19,Friday,3,32
16,4.25663491683207,5.4213439237914205,3,Friday,0,2025-12-19,Friday,3,32
10,3.7443154165126167,4.076456178470407,3,Friday,0,2025-12-19,Friday,3,32
22,14.96518400753649,10.319526599234527,3,Friday,0,2025-12-19,Friday,3,32
8,14.067848419699292,29.7955249724414,3,Friday,0,2025-12-19,Friday,3,32
14,21.140180881590723,37.60497007565025,3,Friday,0,2025-12-19,Friday,3,32
19,18.26149945761638,19.892195352691083,3,Friday,0,2025-12-19,Friday,3,32
17,19.59483799907426,6.205708755806131,3,Friday,0,2025-12-19,Friday,3,32
20,4.850138196303904,11.279608983384193,3,Friday,0,2025-12-19,Friday,3,32
0,48.516522128763754,5.341852290268078,3,Saturday,0,2025-09-27,Saturday,3,27
21,23.55628348148955,48.32958230399556,3,Saturday,0,2025-09-27,Saturday,3,27
16,27.255784829377898,3.314077887539555,3,Saturday,0,2025-09-27,Saturday,3,27
17,13.892598072989081,18.38915503299338,3,Saturday,0,2025-09-27,Saturday,3,27
20,13.009139789619613,27.277582331049793,3,Saturday,0,2025-09-27,Saturday,3,27
22,12.911898894314458,14.022045383691742,3,Saturday,0,2025-09-27,Saturday,3,27
18,19.72294106616828,14.560491013875497,3,Saturday,0,2025-09-27,Saturday,3,27
12,2.495411114906492,9.711309908858336,3,Saturday,0,2025-09-27,Saturday,3,27
18,13.113211609197784,7.134429400426067,3,Saturday,0,2025-09-27,Saturday,3,27
14,4.397248885346747,8.844720386418652,3,Saturday,0,2025-09-27,Saturday,3,27
10,8.871984371465544,1.4958847965924496,3,Saturday,0,2025-09-27,Saturday,3,27
14,4.479649915404488,12.196632869310685,3,Saturday,0,2025-09-27,Saturday,3,27
14,10.731673665240844,3.578442392716002,3,Saturday,0,2025-09-27,Saturday,3,27
13,13.939678985505434,3.44651331731196,3,Saturday,0,2025-09-27,Saturday,3,27
20,11.097487169266724,17.464222788995077,3,Saturday,0,2025-09-27,Saturday,3,27
12,10.003817261394296,11.28570973635756,3,Saturday,0,2025-09-27,Saturday,3,27
15,2.689390467511506,10.248383963718814,3,Saturday,0,2025-09-27,Saturday,3,27
20,16.470635372028074,10.26463141053671,3,Saturday,0,2025-09-27,Saturday,3,27
14,5.923913870343029,3.0602502670505416,3,Saturday,0,2025-09-27,Saturday,3,27
18,22.88629830733851,6.43525229092111,3,Saturday,0,2025-09-27,Saturday,3,27
20,22.185662874795728,12.319032303635185,3,Saturday,0,2025-09-27,Saturday,3,27
21,14.981130173847319,13.405204469279663,3,Saturday,0,2025-09-27,Saturday,3,27
14,22.92922553705963,9.818713555451133,3,Saturday,0,2025-09-27,Saturday,3,27
18,6.434598047291373,19.723930273235375,3,Saturday,0,2025-09-27,Saturday,3,27
14,44.01737993052608,14.733558244332354,3,Saturday,0,2025-09-27,Saturday,3,27
0,28.07128799774603,5.779321324706084,3,Saturday,0,2025-09-27,Saturday,3,27
17,4.466829737383389,9.72791058035444,3,Saturday,0,2025-09-27,Saturday,3,27
20,39.09634225354908,9.046610621791741,3,Saturday,0,2025-10-04,Saturday,3,27
14,15.435589353677251,4.760780868268054,3,Saturday,0,2025-10-04,Saturday,3,27
22,14.856115885668576,7.591383691163979,3,Saturday,0,2025-10-04,Saturday,3,27
21,3.9962887280242025,12.63987476638436,3,Saturday,0,2025-10-04,Saturday,3,27
20,21.285388317461987,10.269665253186783,3,Saturday,0,2025-10-04,Saturday,3,27
14,5.441392723080035,4.573290562425407,3,Saturday,0,2025-10-04,Saturday,3,27
15,7.261230571167269,13.062503581438305,3,Saturday,0,2025-10-04,Saturday,3,27
12,16.54351056548389,15.846537805195766,3,Saturday,0,2025-10-04,Saturday,3,27
19,2.8885646571934434,11.911745848508852,3,Saturday,0,2025-10-04,Saturday,3,27
14,20.47392963405133,6.942918090818094,3,Saturday,0,2025-10-04,Saturday,3,27
15,2.3847875378285552,6.625147174377426,3,Saturday,0,2025-10-04,Saturday,3,27
16,13.273025422549551,13.067561712254863,3,Saturday,0,2025-10-04,Saturday,3,27
14,4.433570004678976,4.025116879598389,3,Saturday,0,2025-10-04,Saturday,3,27
5,15.533780326974085,14.673880049526797,3,Saturday,0,2025-10-04,Saturday,3,27
0,19.240114323907445,5.904236920904496,3,Saturday,0,2025-10-04,Saturday,3,27
15,24.976182892495352,6.04642720467597,3,Saturday,0,2025-10-04,Saturday,3,27
21,9.457303614225044,8.084207634614005,3,Saturday,0,2025-10-04,Saturday,3,27
8,20.424671229700113,2.7701123364601665,3,Saturday,0,2025-10-04,Saturday,3,27
15,4.373624144927536,7.736238269781238,3,Saturday,0,2025-10-04,Saturday,3,27
19,8.411298009225966,5.339336917950665,3,Saturday,0,2025-10-04,Saturday,3,27
20,14.438939313145397,18.525583702248515,3,Saturday,0,2025-10-04,Saturday,3,27
12,10.951448384545436,1.9087411561526364,3,Saturday,0,2025-10-04,Saturday,3,27
23,37.71899414973732,13.933410055841646,3,Saturday,0,2025-10-04,Saturday,3,27
2,11.616748810248122,11.704071571358256,3,Saturday,0,2025-10-04,Saturday,3,27
10,20.89514298089988,10.428292272791502,3,Saturday,0,2025-10-04,Saturday,3,27
10,4.64504258320452,2.209956031460926,3,Saturday,0,2025-10-04,Saturday,3,27
19,14.901883183917445,10.965037127691058,3,Saturday,0,2025-10-04,Saturday,3,27
20,21.24067421183001,14.37944507173238,3,Saturday,0,2025-10-11,Saturday,3,25
15,28.77908410926473,2.551015288804524,3,Saturday,0,2025-10-11,Saturday,3,25
22,5.810085812872274,6.886533143906723,3,Saturday,0,2025-10-11,Saturday,3,25
14,25.29266451028559,15.94832677996566,3,Saturday,0,2025-10-11,Saturday,3,25
2,10.466820076937665,25.087604265370988,3,Saturday,0,2025-10-11,Saturday,3,25
21,6.165224483558529,10.216091794078704,3,Saturday,0,2025-10-11,Saturday,3,25
21,20.227323228081072,5.277673680646957,3,Saturday,0,2025-10-11,Saturday,3,25
2,17.97926903039483,6.268464308320843,3,Saturday,0,2025-10-11,Saturday,3,25
8,16.072133985292396,17.335599566266218,3,Saturday,0,2025-10-11,Saturday,3,25
21,16.43855122059956,6.8404748660258745,3,Saturday,0,2025-10-11,Saturday,3,25
19,11.369503094028765,7.375090648232972,3,Saturday,0,2025-10-11,Saturday,3,25
20,11.135883702090165,7.939275022231455,3,Saturday,0,2025-10-11,Saturday,3,25
0,23.34020845779908,40.66074343163433,3,Saturday,0,2025-10-11,Saturday,3,25
17,15.766775917525262,5.2143607060681845,3,Saturday,0,2025-10-11,Saturday,3,25
10,9.482525833412796,4.128635412372229,3,Saturday,0,2025-10-11,Saturday,3,25
14,2.208908525022664,5.301852441848294,3,Saturday,0,2025-10-11,Saturday,3,25
18,14.98778815089744,21.584293737415855,3,Saturday,0,2025-10-11,Saturday,3,25
21,16.04590487864372,4.959460499191479,3,Saturday,0,2025-10-11,Saturday,3,25
20,10.022551500154513,6.52393837256204,3,Saturday,0,2025-10-11,Saturday,3,25
18,21.65579650649437,9.505467305112433,3,Saturday,0,2025-10-11,Saturday,3,25
18,20.042251192554314,7.066535031397983,3,Saturday,0,2025-10-11,Saturday,3,25
10,24.452732213858976,35.74843926282507,3,Saturday,0,2025-10-11,Saturday,3,25
18,15.4034448505078,41.74046929092814,3,Saturday,0,2025-10-11,Saturday,3,25
16,4.752345222945371,2.648379384000072,3,Saturday,0,2025-10-11,Saturday,3,25
17,4.623013407581419,5.203488006062017,3,Saturday,0,2025-10-11,Saturday,3,25
4,23.200739955682025,7.4655285743551705,3,Saturday,0,2025-10-18,Saturday,3,28
18,19.775043885539887,12.05793698400715,3,Saturday,0,2025-10-18,Saturday,3,28
18,12.854189266428733,14.30602618530683,3,Saturday,0,2025-10-18,Saturday,3,28
4,13.429654995872134,24.60085763769121,3,Saturday,0,2025-10-18,Saturday,3,28
0,7.7930913448738135,16.180785514287297,3,Saturday,0,2025-10-18,Saturday,3,28
15,12.0587346822917,8.678427644699752,3,Saturday,0,2025-10-18,Saturday,3,28
20,16.41792155124209,25.081694609162746,3,Saturday,0,2025-10-18,Saturday,3,28
23,10.947212228116669,22.255953784511945,3,Saturday,0,2025-10-18,Saturday,3,28
19,11.718743534752559,30.297552590308538,3,Saturday,0,2025-10-18,Saturday,3,28
20,61.61275068621213,35.60502676217845,3,Saturday,0,2025-10-18,Saturday,3,28
15,21.969696648427586,17.997885468512585,3,Saturday,0,2025-10-18,Saturday,3,28
16,19.551825512641138,15.756827376037563,3,Saturday,0,2025-10-18,Saturday,3,28
15,13.997404230930584,6.557211011002522,3,Saturday,0,2025-10-18,Saturday,3,28
16,24.009892667609815,5.972990155614664,3,Saturday,0,2025-10-18,Saturday,3,28
17,2.5955009152306543,6.980483920656842,3,Saturday,0,2025-10-18,Saturday,3,28
17,13.937979578193055,14.870371131307651,3,Saturday,0,2025-10-18,Saturday,3,28
12,9.338698598298517,9.778525656842051,3,Saturday,0,2025-10-18,Saturday,3,28
22,9.279805009027028,9.352046051974622,3,Saturday,0,2025-10-18,Saturday,3,28
23,44.34699694400313,19.622605135343427,3,Saturday,0,2025-10-18,Saturday,3,28
13,35.08532915446179,9.907733940494975,3,Saturday,0,2025-10-18,Saturday,3,28
17,32.640332545583426,7.860113650441017,3,Saturday,0,2025-10-18,Saturday,3,28
5,2.171813871122174,10.753916122297197,3,Saturday,0,2025-10-18,Saturday,3,28
23,6.7065250932496125,6.764920711534003,3,Saturday,0,2025-10-18,Saturday,3,28
5,4.080149163111132,8.9050631219963,3,Saturday,0,2025-10-18,Saturday,3,28
15,19.454432417333432,36.71338202007895,3,Saturday,0,2025-10-18,Saturday,3,28
19,27.612208670223144,14.096882673473688,3,Saturday,0,2025-10-18,Saturday,3,28
18,9.732643167086945,16.097287859490606,3,Saturday,0,2025-10-18,Saturday,3,28
6,28.863128701508487,4.91879168952028,3,Saturday,0,2025-10-18,Saturday,3,28
14,15.671079370104781,5.899333068697024,3,Saturday,0,2025-10-25,Saturday,3,21
22,6.8124708240937135,6.811891225925981,3,Saturday,0,2025-10-25,Saturday,3,21
13,3.151150232505228,5.809880548632761,3,Saturday,0,2025-10-25,Saturday,3,21
13,45.908665467331105,20.32719540711772,3,Saturday,0,2025-10-25,Saturday,3,21
16,2.540168125463591,11.270772419280796,3,Saturday,0,2025-10-25,Saturday,3,21
15,9.923184760250514,9.25307127010367,3,Saturday,0,2025-10-25,Saturday,3,21
13,14.48034393705657,6.598340081533121,3,Saturday,0,2025-10-25,Saturday,3,21
19,10.885019057327163,5.766505854953528,3,Saturday,0,2025-10-25,Saturday,3,21
14,14.303122003980477,16.582670331759356,3,Saturday,0,2025-10-25,Saturday,3,21
14,16.957655270553694,6.773817689864707,3,Saturday,0,2025-10-25,Saturday,3,21
9,17.376204725307883,18.93549288611122,3,Saturday,0,2025-10-25,Saturday,3,21
20,19.95122631714123,25.71394243668284,3,Saturday,0,2025-10-25,Saturday,3,21
15,4.425953396881603,3.3292601791972363,3,Saturday,0,2025-10-25,Saturday,3,21
14,16.594368095667726,7.806030659373133,3,Saturday,0,2025-10-25,Saturday,3,21
8,27.422388442948783,10.103133103855347,3,Saturday,0,2025-10-25,Saturday,3,21
23,8.689613980432268,12.98120516807834,3,Saturday,0,2025-10-25,Saturday,3,21
21,18.420418284393577,16.50325038362189,3,Saturday,0,2025-10-25,Saturday,3,21
17,17.962642803177342,24.563997871245768,3,Saturday,0,2025-10-25,Saturday,3,21
22,9.196445656335474,9.411491523005207,3,Saturday,0,2025-10-25,Saturday,3,21
15,66.56057878132718,1.8727130504758498,3,Saturday,0,2025-10-25,Saturday,3,21
18,14.444317009586076,10.48876222906714,3,Saturday,0,2025-10-25,Saturday,3,21
20,7.5555410492256865,19.668285835593743,3,Saturday,0,2025-11-01,Saturday,3,38
6,10.955631549696637,15.006525611373814,3,Saturday,0,2025-11-01,Saturday,3,38
16,2.24992491632705,15.027515887674879,3,Saturday,0,2025-11-01,Saturday,3,38
9,8.486966584449632,5.80721853155325,3,Saturday,0,2025-11-01,Saturday,3,38
13,39.46447760432963,9.571000996042075,3,Saturday,0,2025-11-01,Saturday,3,38
20,19.428863610210986,5.639777730329886,3,Saturday,0,2025-11-01,Saturday,3,38
15,4.530116909616981,16.571476550605826,3,Saturday,0,2025-11-01,Saturday,3,38
19,14.654291307783591,2.170748941253774,3,Saturday,0,2025-11-01,Saturday,3,38
17,18.004459695175075,5.9987291172719805,3,Saturday,0,2025-11-01,Saturday,3,38
16,15.901835971836984,1.5380300961166098,3,Saturday,0,2025-11-01,Saturday,3,38
17,16.28020613262279,4.116152578535819,3,Saturday,0,2025-11-01,Saturday,3,38
18,15.968714461536653,17.004271434287002,3,Saturday,0,2025-11-01,Saturday,3,38
11,3.0431438186971373,14.93256414407992,3,Saturday,0,2025-11-01,Saturday,3,38
21,3.833292754402013,6.091919657001771,3,Saturday,0,2025-11-01,Saturday,3,38
20,117.38136530342597,1.310330743585965,3,Saturday,0,2025-11-01,Saturday,3,38
22,16.46516789177699,6.929390149406841,3,Saturday,0,2025-11-01,Saturday,3,38
12,3.791150381093857,23.62810246185607,3,Saturday,0,2025-11-01,Saturday,3,38
2,40.37567345955796,16.57528939990766,3,Saturday,0,2025-11-01,Saturday,3,38
22,15.91357094384244,17.75757280702381,3,Saturday,0,2025-11-01,Saturday,3,38
13,6.367264775282778,4.4574974970684735,3,Saturday,0,2025-11-01,Saturday,3,38
21,30.97854057988164,9.661220948001368,3,Saturday,0,2025-11-01,Saturday,3,38
23,9.142095535855235,6.344029700955332,3,Saturday,0,2025-11-01,Saturday,3,38
20,18.178089215317797,35.95252284379329,3,Saturday,0,2025-11-01,Saturday,3,38
18,9.34897701024536,6.0955125678456845,3,Saturday,0,2025-11-01,Saturday,3,38
14,20.37803727296873,29.350228220355056,3,Saturday,0,2025-11-01,Saturday,3,38
19,23.89178137606818,9.764989235385958,3,Saturday,0,2025-11-01,Saturday,3,38
19,17.763647593293975,16.45090114516494,3,Saturday,0,2025-11-01,Saturday,3,38
16,20.053966527418126,8.116987770707361,3,Saturday,0,2025-11-01,Saturday,3,38
15,13.725574451946322,9.838535870619733,3,Saturday,0,2025-11-01,Saturday,3,38
15,10.104968730916422,10.068385941519837,3,Saturday,0,2025-11-01,Saturday,3,38
16,21.668828841548407,21.44057651292156,3,Saturday,0,2025-11-01,Saturday,3,38
18,5.349276798431918,2.9898272192975046,3,Saturday,0,2025-11-01,Saturday,3,38
21,3.6083514952077147,25.730096198936945,3,Saturday,0,2025-11-01,Saturday,3,38
23,13.769348682721965,12.65815332576334,3,Saturday,0,2025-11-01,Saturday,3,38
16,45.81499973898218,12.559132420530045,3,Saturday,0,2025-11-01,Saturday,3,38
16,31.95059226347433,4.982705986543033,3,Saturday,0,2025-11-01,Saturday,3,38
21,14.942067600826622,25.136398031609165,3,Saturday,0,2025-11-01,Saturday,3,38
8,12.099203611723865,8.702129975439046,3,Saturday,0,2025-11-01,Saturday,3,38
15,12.911283971785416,10.586700878515632,3,Saturday,0,2025-11-08,Saturday,3,39
14,17.260708540433846,14.875161422569793,3,Saturday,0,2025-11-08,Saturday,3,39
13,7.021308345080374,17.33771235702999,3,Saturday,0,2025-11-08,Saturday,3,39
16,6.818857402397984,10.590320433063871,3,Saturday,0,2025-11-08,Saturday,3,39
22,12.091256020256004,7.948948255504048,3,Saturday,0,2025-11-08,Saturday,3,39
16,14.900134946254422,12.954042164204077,3,Saturday,0,2025-11-08,Saturday,3,39
7,4.233160166357203,10.508009188780285,3,Saturday,0,2025-11-08,Saturday,3,39
18,3.1927607971521237,20.563501050052803,3,Saturday,0,2025-11-08,Saturday,3,39
17,4.289531059118447,7.493849968009782,3,Saturday,0,2025-11-08,Saturday,3,39
18,33.770877021844406,18.704364871742957,3,Saturday,0,2025-11-08,Saturday,3,39
14,13.305060069029981,11.163958349976618,3,Saturday,0,2025-11-08,Saturday,3,39
19,19.805681453723768,2.242279729149158,3,Saturday,0,2025-11-08,Saturday,3,39
16,7.495061347062524,4.03012278815683,3,Saturday,0,2025-11-08,Saturday,3,39
8,2.2824561881982173,3.0519036711375245,3,Saturday,0,2025-11-08,Saturday,3,39
18,43.44745020472831,8.47480495686092,3,Saturday,0,2025-11-08,Saturday,3,39
16,5.054747370455347,8.311616484093314,3,Saturday,0,2025-11-08,Saturday,3,39
17,26.993393291084114,15.054599266018826,3,Saturday,0,2025-11-08,Saturday,3,39
21,17.551125669346455,10.210845417882533,3,Saturday,0,2025-11-08,Saturday,3,39
18,20.875817469294287,23.122767205311693,3,Saturday,0,2025-11-08,Saturday,3,39
20,18.362807199215574,36.343385226910044,3,Saturday,0,2025-11-08,Saturday,3,39
17,2.0146432167612556,6.044513555909643,3,Saturday,0,2025-11-08,Saturday,3,39
20,26.396883155296468,6.719196895886386,3,Saturday,0,2025-11-08,Saturday,3,39
17,24.37926421337611,8.474294055912715,3,Saturday,0,2025-11-08,Saturday,3,39
16,7.25632032492965,12.664752364547027,3,Saturday,0,2025-11-08,Saturday,3,39
21,24.48711516154794,13.079677701647944,3,Saturday,0,2025-11-08,Saturday,3,39
16,23.714854443117527,28.874222088883922,3,Saturday,0,2025-11-08,Saturday,3,39
0,20.705341601320548,19.940714909720786,3,Saturday,0,2025-11-08,Saturday,3,39
12,84.1531897889767,4.034923682141999,3,Saturday,0,2025-11-08,Saturday,3,39
14,2.02213707565554,5.876588457880911,3,Saturday,0,2025-11-08,Saturday,3,39
15,3.1262223646831857,6.628491271026172,3,Saturday,0,2025-11-08,Saturday,3,39
12,3.478632365541325,8.588440249628041,3,Saturday,0,2025-11-08,Saturday,3,39
12,20.712416990307087,3.484426023101241,3,Saturday,0,2025-11-08,Saturday,3,39
17,14.672916831268527,16.09196728613568,3,Saturday,0,2025-11-08,Saturday,3,39
12,7.754458903557258,4.588049136144729,3,Saturday,0,2025-11-08,Saturday,3,39
5,6.188663490559391,19.462480064367554,3,Saturday,0,2025-11-08,Saturday,3,39
19,11.180057366076149,16.73720370944405,3,Saturday,0,2025-11-08,Saturday,3,39
19,40.004419098656754,21.916022965860304,3,Saturday,0,2025-11-08,Saturday,3,39
19,14.2470094347136,50.77521018899741,3,Saturday,0,2025-11-08,Saturday,3,39
20,11.186199760993034,6.289760377437413,3,Saturday,0,2025-11-08,Saturday,3,39
22,11.748692578741991,12.396219870392938,3,Saturday,0,2025-11-15,Saturday,3,29
15,16.625680237371725,17.963550058138342,3,Saturday,0,2025-11-15,Saturday,3,29
18,22.70449013820147,14.912007576881226,3,Saturday,0,2025-11-15,Saturday,3,29
14,16.022026955458152,15.934447798146074,3,Saturday,0,2025-11-15,Saturday,3,29
23,12.119681156980032,4.631908100561872,3,Saturday,0,2025-11-15,Saturday,3,29
11,2.3095838039014227,10.350485485480764,3,Saturday,0,2025-11-15,Saturday,3,29
15,16.84298508730991,71.780916341851,3,Saturday,0,2025-11-15,Saturday,3,29
13,20.888331028309526,21.95460516944058,3,Saturday,0,2025-11-15,Saturday,3,29
16,3.9365056584084037,4.91300607656419,3,Saturday,0,2025-11-15,Saturday,3,29
19,14.718277737315557,10.07788207363341,3,Saturday,0,2025-11-15,Saturday,3,29
3,7.622394521961698,6.877586234228718,3,Saturday,0,2025-11-15,Saturday,3,29
21,20.350004377347705,27.06484258634193,3,Saturday,0,2025-11-15,Saturday,3,29
17,17.65082843728332,15.037965697825365,3,Saturday,0,2025-11-15,Saturday,3,29
20,15.527326072942628,12.3253858839724,3,Saturday,0,2025-11-15,Saturday,3,29
19,18.691435099544137,14.127169842206841,3,Saturday,0,2025-11-15,Saturday,3,29
8,2.413501046474106,23.175063132082762,3,Saturday,0,2025-11-15,Saturday,3,29
16,10.155395267952457,10.81648606740273,3,Saturday,0,2025-11-15,Saturday,3,29
20,24.589905554911983,25.890563933926984,3,Saturday,0,2025-11-15,Saturday,3,29
3,32.12960154910988,2.0718271535923263,3,Saturday,0,2025-11-15,Saturday,3,29
9,3.6792420281025633,5.005637620055599,3,Saturday,0,2025-11-15,Saturday,3,29
9,4.937979958671535,4.0257373309568205,3,Saturday,0,2025-11-15,Saturday,3,29
16,11.454290604730232,10.596167683585477,3,Saturday,0,2025-11-15,Saturday,3,29
19,10.639988828301593,29.300356148831366,3,Saturday,0,2025-11-15,Saturday,3,29
17,50.34245991301168,20.807902842270455,3,Saturday,0,2025-11-15,Saturday,3,29
21,13.359447264463647,11.813628269461871,3,Saturday,0,2025-11-15,Saturday,3,29
17,2.4157276833070553,12.095655213674519,3,Saturday,0,2025-11-15,Saturday,3,29
19,18.019929235450366,9.796238131004776,3,Saturday,0,2025-11-15,Saturday,3,29
16,7.867408315711434,11.281112415122644,3,Saturday,0,2025-11-15,Saturday,3,29
16,28.07508466832841,8.203733734732818,3,Saturday,0,2025-11-15,Saturday,3,29
23,19.989020132615597,37.73645961887972,3,Saturday,0,2025-11-22,Saturday,3,37
18,12.152168455110179,7.592097894434744,3,Saturday,0,2025-11-22,Saturday,3,37
12,4.700348751217013,6.3966973669542115,3,Saturday,0,2025-11-22,Saturday,3,37
13,19.553969154020148,9.635538166819613,3,Saturday,0,2025-11-22,Saturday,3,37
12,22.83877315324807,3.4875810027554968,3,Saturday,0,2025-11-22,Saturday,3,37
17,20.62878658388899,9.56239361393769,3,Saturday,0,2025-11-22,Saturday,3,37
13,22.796164480476698,8.517229932788345,3,Saturday,0,2025-11-22,Saturday,3,37
15,15.279907141749433,2.4761459717504133,3,Saturday,0,2025-11-22,Saturday,3,37
13,2.4528379503281768,6.8498467130881435,3,Saturday,0,2025-11-22,Saturday,3,37
16,17.17367598025698,9.9353048652081,3,Saturday,0,2025-11-22,Saturday,3,37
16,17.017944072008007,26.705258283516226,3,Saturday,0,2025-11-22,Saturday,3,37
16,50.197831802086675,5.037354395000286,3,Saturday,0,2025-11-22,Saturday,3,37
12,3.7845392648745175,5.988945795272002,3,Saturday,0,2025-11-22,Saturday,3,37
11,6.201550697218009,15.838416045514457,3,Saturday,0,2025-11-22,Saturday,3,37
15,2.8127464125024817,5.145717745223353,3,Saturday,0,2025-11-22,Saturday,3,37
22,23.170913578207315,15.217856842778518,3,Saturday,0,2025-11-22,Saturday,3,37
18,10.620623905644717,4.207194985524546,3,Saturday,0,2025-11-22,Saturday,3,37
21,17.130551333226002,4.9421502751863144,3,Saturday,0,2025-11-22,Saturday,3,37
21,30.696988399266985,6.36282780020442,3,Saturday,0,2025-11-22,Saturday,3,37
19,27.248005753683543,36.891733690382836,3,Saturday,0,2025-11-22,Saturday,3,37
19,2.4989294388304413,14.242297517805854,3,Saturday,0,2025-11-22,Saturday,3,37
0,9.631276356637285,5.866206121693111,3,Saturday,0,2025-11-22,Saturday,3,37
15,9.864807927203177,25.254416248391014,3,Saturday,0,2025-11-22,Saturday,3,37
19,13.328398379209162,14.320161764135657,3,Saturday,0,2025-11-22,Saturday,3,37
12,4.784386882886253,6.592332814402152,3,Saturday,0,2025-11-22,Saturday,3,37
20,2.2930062130572697,9.51944327512148,3,Saturday,0,2025-11-22,Saturday,3,37
17,24.8843996067894,18.222472243177265,3,Saturday,0,2025-11-22,Saturday,3,37
19,16.875002325218524,10.234807899100632,3,Saturday,0,2025-11-22,Saturday,3,37
6,11.615765757752477,8.317361907987014,3,Saturday,0,2025-11-22,Saturday,3,37
18,16.142650635548872,2.6449737533180793,3,Saturday,0,2025-11-22,Saturday,3,37
5,36.91189121692898,4.541594831305941,3,Saturday,0,2025-11-22,Saturday,3,37
18,22.994798727779344,5.771141168136779,3,Saturday,0,2025-11-22,Saturday,3,37
16,20.842110018532566,6.165585980964578,3,Saturday,0,2025-11-22,Saturday,3,37
20,18.50522917896878,15.256134507329323,3,Saturday,0,2025-11-22,Saturday,3,37
14,2.096511479190094,9.863350553744558,3,Saturday,0,2025-11-22,Saturday,3,37
9,36.33329000901819,5.789602211580369,3,Saturday,0,2025-11-22,Saturday,3,37
21,18.693709049928056,5.937064149882416,3,Saturday,0,2025-11-22,Saturday,3,37
18,5.727690493608145,11.817578399786207,3,Saturday,0,2025-11-29,Saturday,3,37
20,15.67406718728219,4.208712554132618,3,Saturday,0,2025-11-29,Saturday,3,37
19,22.855526096227482,4.812544961470923,3,Saturday,0,2025-11-29,Saturday,3,37
17,21.171992747825477,20.510458868525834,3,Saturday,0,2025-11-29,Saturday,3,37
18,6.99545901339255,4.990765750790849,3,Saturday,0,2025-11-29,Saturday,3,37
17,11.72349210506135,8.19855098670534,3,Saturday,0,2025-11-29,Saturday,3,37
14,2.5448321186109437,12.180248663772996,3,Saturday,0,2025-11-29,Saturday,3,37
19,13.441762259582745,21.44091953068519,3,Saturday,0,2025-11-29,Saturday,3,37
21,24.386091231856746,4.327382983895851,3,Saturday,0,2025-11-29,Saturday,3,37
22,30.410039837190972,3.72946447453048,3,Saturday,0,2025-11-29,Saturday,3,37
16,2.6231630339058407,6.882240869440881,3,Saturday,0,2025-11-29,Saturday,3,37
15,20.12705673894957,8.49594574615345,3,Saturday,0,2025-11-29,Saturday,3,37
14,3.820191716780225,6.557960328990037,3,Saturday,0,2025-11-29,Saturday,3,37
20,15.492900348972046,13.109896470200065,3,Saturday,0,2025-11-29,Saturday,3,37
23,5.575897522994257,6.899816834712307,3,Saturday,0,2025-11-29,Saturday,3,37
16,15.014630563346664,9.379811615190999,3,Saturday,0,2025-11-29,Saturday,3,37
16,18.260821252409492,14.025679967548626,3,Saturday,0,2025-11-29,Saturday,3,37
14,2.0119392671145886,3.705294838701901,3,Saturday,0,2025-11-29,Saturday,3,37
9,4.804626918536543,7.570597292180664,3,Saturday,0,2025-11-29,Saturday,3,37
14,8.051530957835125,6.6803349915254655,3,Saturday,0,2025-11-29,Saturday,3,37
22,4.276614542449986,6.038630976642486,3,Saturday,0,2025-11-29,Saturday,3,37
21,8.618002989830007,37.07432331741243,3,Saturday,0,2025-11-29,Saturday,3,37
16,18.80142825223625,46.11076097904062,3,Saturday,0,2025-11-29,Saturday,3,37
19,13.86387375816269,16.448126749327102,3,Saturday,0,2025-11-29,Saturday,3,37
20,19.523195468209575,17.465838124812937,3,Saturday,0,2025-11-29,Saturday,3,37
14,4.597538308941895,4.022567536773798,3,Saturday,0,2025-11-29,Saturday,3,37
22,13.939763623879358,16.938975105060912,3,Saturday,0,2025-11-29,Saturday,3,37
2,2.107520732035629,18.425824405391133,3,Saturday,0,2025-11-29,Saturday,3,37
7,2.3732761973082375,7.535505239950132,3,Saturday,0,2025-11-29,Saturday,3,37
13,78.68066213895867,11.881443058314565,3,Saturday,0,2025-11-29,Saturday,3,37
16,49.45546896767682,6.472836611374312,3,Saturday,0,2025-11-29,Saturday,3,37
19,3.025033939963837,5.789733345262839,3,Saturday,0,2025-11-29,Saturday,3,37
18,23.4273766612769,4.444141215737241,3,Saturday,0,2025-11-29,Saturday,3,37
23,3.3428855624696565,7.293726777950731,3,Saturday,0,2025-11-29,Saturday,3,37
22,19.870817879170858,28.764225939574352,3,Saturday,0,2025-11-29,Saturday,3,37
14,2.1515720186556875,20.35284713586593,3,Saturday,0,2025-11-29,Saturday,3,37
20,5.830439249301104,14.586390296151063,3,Saturday,0,2025-11-29,Saturday,3,37
21,16.405000655007985,13.221508176466319,3,Saturday,0,2025-12-06,Saturday,3,32
11,19.51201611042869,9.187765281401765,3,Saturday,0,2025-12-06,Saturday,3,32
20,7.302580556671973,7.810687428215493,3,Saturday,0,2025-12-06,Saturday,3,32
15,8.568510785567728,10.869297580916284,3,Saturday,0,2025-12-06,Saturday,3,32
19,13.54140226544212,6.577880860160767,3,Saturday,0,2025-12-06,Saturday,3,32
8,9.306531926714772,2.4558906290926275,3,Saturday,0,2025-12-06,Saturday,3,32
14,5.752768402798625,7.820974974301173,3,Saturday,0,2025-12-06,Saturday,3,32
23,26.30136391301892,51.19187647775693,3,Saturday,0,2025-12-06,Saturday,3,32
17,18.977183167651386,15.175784917835943,3,Saturday,0,2025-12-06,Saturday,3,32
21,21.209491275485167,9.920691846322072,3,Saturday,0,2025-12-06,Saturday,3,32
14,13.406734135408758,16.26191006095758,3,Saturday,0,2025-12-06,Saturday,3,32
23,8.186253169347687,5.064566272462571,3,Saturday,0,2025-12-06,Saturday,3,32
9,6.076345547133573,6.193422994988943,3,Saturday,0,2025-12-06,Saturday,3,32
16,6.896186396509237,18.598596350030867,3,Saturday,0,2025-12-06,Saturday,3,32
14,7.700794110684856,19.443957722282544,3,Saturday,0,2025-12-06,Saturday,3,32
13,29.06509074862882,29.39808653971268,3,Saturday,0,2025-12-06,Saturday,3,32
23,9.474837246564213,21.77040721923084,3,Saturday,0,2025-12-06,Saturday,3,32
23,16.745348640619863,9.222198110616102,3,Saturday,0,2025-12-06,Saturday,3,32
16,3.9401133556950034,26.885811967559437,3,Saturday,0,2025-12-06,Saturday,3,32
15,3.5059950510952675,13.707823627735728,3,Saturday,0,2025-12-06,Saturday,3,32
16,12.505016268911103,5.4510248152053355,3,Saturday,0,2025-12-06,Saturday,3,32
21,27.02637087004286,16.450841654721657,3,Saturday,0,2025-12-06,Saturday,3,32
15,15.119452300091982,3.931987719327295,3,Saturday,0,2025-12-06,Saturday,3,32
15,22.53257074032995,11.940435322430753,3,Saturday,0,2025-12-06,Saturday,3,32
7,2.981396068243668,11.039914773742616,3,Saturday,0,2025-12-06,Saturday,3,32
16,6.955241782208121,14.293994905709143,3,Saturday,0,2025-12-06,Saturday,3,32
18,13.229272674590273,10.19431210081426,3,Saturday,0,2025-12-06,Saturday,3,32
16,41.41331483856832,1.3035431766498042,3,Saturday,0,2025-12-06,Saturday,3,32
12,3.731210866423729,7.982451554343346,3,Saturday,0,2025-12-06,Saturday,3,32
13,2.6143875983787064,12.119927981184343,3,Saturday,0,2025-12-06,Saturday,3,32
20,13.761784565123566,55.88125441687125,3,Saturday,0,2025-12-06,Saturday,3,32
14,4.775992522508067,19.668482721116003,3,Saturday,0,2025-12-06,Saturday,3,32
14,18.159983408672655,8.542863984478723,3,Saturday,0,2025-12-13,Saturday,3,30
11,32.01380362618945,5.429951115274524,3,Saturday,0,2025-12-13,Saturday,3,30
16,12.41945857564367,14.072705324519063,3,Saturday,0,2025-12-13,Saturday,3,30
13,6.061333262340137,3.834514888334744,3,Saturday,0,2025-12-13,Saturday,3,30
19,95.72489101783707,31.007910937840176,3,Saturday,0,2025-12-13,Saturday,3,30
13,5.3444465540962085,4.649976881160251,3,Saturday,0,2025-12-13,Saturday,3,30
17,2.195104239796097,3.715172660385016,3,Saturday,0,2025-12-13,Saturday,3,30
17,3.0328199346832903,15.299817456309071,3,Saturday,0,2025-12-13,Saturday,3,30
16,48.4958154061257,18.08554045736847,3,Saturday,0,2025-12-13,Saturday,3,30
15,9.426487712399135,7.782246012052905,3,Saturday,0,2025-12-13,Saturday,3,30
16,9.843515428174037,40.02112919532975,3,Saturday,0,2025-12-13,Saturday,3,30
18,3.8462611573253405,7.435058288343388,3,Saturday,0,2025-12-13,Saturday,3,30
23,10.653887132603476,8.265594693406284,3,Saturday,0,2025-12-13,Saturday,3,30
18,17.638760242964782,21.146449464717566,3,Saturday,0,2025-12-13,Saturday,3,30
19,2.5624834595398616,8.595583053916556,3,Saturday,0,2025-12-13,Saturday,3,30
16,24.429920035241615,5.475902990325932,3,Saturday,0,2025-12-13,Saturday,3,30
18,14.391585550316275,45.405244358965,3,Saturday,0,2025-12-13,Saturday,3,30
8,16.97816313248471,11.001172245933477,3,Saturday,0,2025-12-13,Saturday,3,30
17,33.99038696590625,4.840289327793629,3,Saturday,0,2025-12-13,Saturday,3,30
13,16.650844937379187,9.786715495119937,3,Saturday,0,2025-12-13,Saturday,3,30
13,22.43309471451844,26.66428644071043,3,Saturday,0,2025-12-13,Saturday,3,30
4,11.208404554027062,10.656909281054096,3,Saturday,0,2025-12-13,Saturday,3,30
21,15.055288197939035,7.487042269780651,3,Saturday,0,2025-12-13,Saturday,3,30
0,21.31335586325667,7.8321076824545,3,Saturday,0,2025-12-13,Saturday,3,30
17,4.950848860778064,5.177133385684186,3,Saturday,0,2025-12-13,Saturday,3,30
21,25.035982141708185,43.10072395454209,3,Saturday,0,2025-12-13,Saturday,3,30
7,12.899607023040002,10.898079029577485,3,Saturday,0,2025-12-13,Saturday,3,30
15,13.646748664631101,4.476483930600736,3,Saturday,0,2025-12-13,Saturday,3,30
19,12.25836914534377,11.807210765445234,3,Saturday,0,2025-12-13,Saturday,3,30
23,12.572980157840728,9.393645968702597,3,Saturday,0,2025-12-13,Saturday,3,30
19,17.283751207405402,14.495535619663169,3,Saturday,0,2025-12-20,Saturday,3,31
17,5.4817095548444525,7.96542153952419,3,Saturday,0,2025-12-20,Saturday,3,31
6,3.8745378304018905,21.75657026050029,3,Saturday,0,2025-12-20,Saturday,3,31
18,46.53242607338422,12.119084571960673,3,Saturday,0,2025-12-20,Saturday,3,31
18,6.879146724398919,7.240477642289033,3,Saturday,0,2025-12-20,Saturday,3,31
21,19.333486410323655,14.131344393534423,3,Saturday,0,2025-12-20,Saturday,3,31
19,2.8949958341203406,8.218211655678664,3,Saturday,0,2025-12-20,Saturday,3,31
20,14.000666818949252,26.190530915424535,3,Saturday,0,2025-12-20,Saturday,3,31
6,5.543965605766543,2.819295822094819,3,Saturday,0,2025-12-20,Saturday,3,31
16,39.058136553905804,31.641801930828297,3,Saturday,0,2025-12-20,Saturday,3,31
15,14.937008631826316,6.607545897739795,3,Saturday,0,2025-12-20,Saturday,3,31
14,4.00744530282212,3.3932675029458483,3,Saturday,0,2025-12-20,Saturday,3,31
15,6.732772960483818,7.931258986079418,3,Saturday,0,2025-12-20,Saturday,3,31
19,18.55864850132916,27.43772297950326,3,Saturday,0,2025-12-20,Saturday,3,31
20,14.842053496691552,22.27882532683792,3,Saturday,0,2025-12-20,Saturday,3,31
18,30.717061655304583,9.288320855138998,3,Saturday,0,2025-12-20,Saturday,3,31
13,3.618081967526514,9.608278458695835,3,Saturday,0,2025-12-20,Saturday,3,31
9,3.372232448702909,7.472171694519207,3,Saturday,0,2025-12-20,Saturday,3,31
18,7.679842682532139,5.616388785692437,3,Saturday,0,2025-12-20,Saturday,3,31
22,21.53676312253798,8.962073806208643,3,Saturday,0,2025-12-20,Saturday,3,31
19,12.596993847980553,15.498518421752047,3,Saturday,0,2025-12-20,Saturday,3,31
18,25.492893290052614,30.936921224555828,3,Saturday,0,2025-12-20,Saturday,3,31
18,13.252787985193152,4.527924920858607,3,Saturday,0,2025-12-20,Saturday,3,31
19,7.187758021466329,7.5089270804116985,3,Saturday,0,2025-12-20,Saturday,3,31
21,8.691205734474263,18.37923609974254,3,Saturday,0,2025-12-20,Saturday,3,31
21,16.59374835115028,6.861692571944194,3,Saturday,0,2025-12-20,Saturday,3,31
20,14.192684246901774,11.674714470071343,3,Saturday,0,2025-12-20,Saturday,3,31
14,6.13027978319627,14.26975000311813,3,Saturday,0,2025-12-20,Saturday,3,31
19,2.0705997640987173,8.20231658533837,3,Saturday,0,2025-12-20,Saturday,3,31
15,10.424511071685998,4.569570256235157,3,Saturday,0,2025-12-20,Saturday,3,31
19,52.5959113486633,5.077582950570954,3,Saturday,0,2025-12-20,Saturday,3,31
18,6.260328217117188,7.758508009787681,3,Sunday,0,2025-09-28,Sunday,3,37
20,15.138449558386949,14.78154746529723,3,Sunday,0,2025-09-28,Sunday,3,37
15,15.37447931990367,10.417473637463448,3,Sunday,0,2025-09-28,Sunday,3,37
20,9.606825559436441,4.391812479859634,3,Sunday,0,2025-09-28,Sunday,3,37
17,7.166962063719858,6.377004609604446,3,Sunday,0,2025-09-28,Sunday,3,37
17,13.132760797910937,10.193306452242194,3,Sunday,0,2025-09-28,Sunday,3,37
18,15.03713904185658,5.8215024506201125,3,Sunday,0,2025-09-28,Sunday,3,37
19,22.183555108646708,12.570755927296645,3,Sunday,0,2025-09-28,Sunday,3,37
17,12.039649815758956,5.371704952622034,3,Sunday,0,2025-09-28,Sunday,3,37
23,12.951959197151009,9.780573899226324,3,Sunday,0,2025-09-28,Sunday,3,37
14,79.39729978351048,4.097357476898284,3,Sunday,0,2025-09-28,Sunday,3,37
14,18.50555264064738,11.39064056176589,3,Sunday,0,2025-09-28,Sunday,3,37
11,10.027766133141395,13.916428622495406,3,Sunday,0,2025-09-28,Sunday,3,37
22,8.830309723014267,10.828970226725492,3,Sunday,0,2025-09-28,Sunday,3,37
15,4.466504829426983,7.693994384285157,3,Sunday,0,2025-09-28,Sunday,3,37
5,7.198570570623835,3.988945210518289,3,Sunday,0,2025-09-28,Sunday,3,37
20,14.109978249303065,6.1998947878291,3,Sunday,0,2025-09-28,Sunday,3,37
22,12.918888034979478,7.4990595096921275,3,Sunday,0,2025-09-28,Sunday,3,37
23,10.928847887636756,10.119849773814911,3,Sunday,0,2025-09-28,Sunday,3,37
15,12.568165530789951,15.138659952963772,3,Sunday,0,2025-09-28,Sunday,3,37
14,5.853826986258293,7.772762838189344,3,Sunday,0,2025-09-28,Sunday,3,37
21,18.138825244624652,53.8217913062317,3,Sunday,0,2025-09-28,Sunday,3,37
22,12.05591247922331,1.9639188149536562,3,Sunday,0,2025-09-28,Sunday,3,37
14,14.334522164013578,6.803646203986912,3,Sunday,0,2025-09-28,Sunday,3,37
9,24.210952597822242,31.738109676590113,3,Sunday,0,2025-09-28,Sunday,3,37
17,3.1874812815539606,6.624684872543872,3,Sunday,0,2025-09-28,Sunday,3,37
15,26.846213995496388,8.238195812238066,3,Sunday,0,2025-09-28,Sunday,3,37
19,2.1431479229182093,1.1613787115978194,3,Sunday,0,2025-09-28,Sunday,3,37
19,17.50813825134456,11.10694876392579,3,Sunday,0,2025-09-28,Sunday,3,37
9,4.8911175786255825,7.776992665677584,3,Sunday,0,2025-09-28,Sunday,3,37
13,32.1158956131281,5.943837436622254,3,Sunday,0,2025-09-28,Sunday,3,37
8,16.69528323074183,6.22979957154617,3,Sunday,0,2025-09-28,Sunday,3,37
16,11.67736191087926,3.3712643132500117,3,Sunday,0,2025-09-28,Sunday,3,37
18,7.075422747956926,6.1276230273479095,3,Sunday,0,2025-09-28,Sunday,3,37
0,5.459568144437437,10.17631619182514,3,Sunday,0,2025-09-28,Sunday,3,37
16,16.006803584635875,13.267617255873963,3,Sunday,0,2025-09-28,Sunday,3,37
21,24.784903329351792,1.899037088333942,3,Sunday,0,2025-09-28,Sunday,3,37
9,63.939872742840066,10.428351279322875,3,Sunday,0,2025-10-05,Sunday,3,31
18,10.650531469227463,7.985585060792102,3,Sunday,0,2025-10-05,Sunday,3,31
17,15.712976160087322,37.97958860184272,3,Sunday,0,2025-10-05,Sunday,3,31
20,13.252882385959186,12.45360849741861,3,Sunday,0,2025-10-05,Sunday,3,31
15,18.839605704011184,11.267331257321924,3,Sunday,0,2025-10-05,Sunday,3,31
6,3.5532174788904096,7.430074947552188,3,Sunday,0,2025-10-05,Sunday,3,31
22,18.07131714503307,17.760587423794487,3,Sunday,0,2025-10-05,Sunday,3,31
14,2.2579640465215527,5.554822870297069,3,Sunday,0,2025-10-05,Sunday,3,31
12,13.67678403665635,29.983876923821768,3,Sunday,0,2025-10-05,Sunday,3,31
17,14.2875807698105,12.252322461777695,3,Sunday,0,2025-10-05,Sunday,3,31
12,7.296537261151945,7.1697304867940135,3,Sunday,0,2025-10-05,Sunday,3,31
15,2.677001948183653,9.109485765505447,3,Sunday,0,2025-10-05,Sunday,3,31
16,24.20784402701507,7.930075518839246,3,Sunday,0,2025-10-05,Sunday,3,31
17,21.70982105859158,30.87960671659581,3,Sunday,0,2025-10-05,Sunday,3,31
13,9.276881981261274,11.929866117925409,3,Sunday,0,2025-10-05,Sunday,3,31
23,13.747376493954576,11.950351201397721,3,Sunday,0,2025-10-05,Sunday,3,31
20,14.943178607220148,21.482495501515356,3,Sunday,0,2025-10-05,Sunday,3,31
20,9.300263352520972,4.926060222855347,3,Sunday,0,2025-10-05,Sunday,3,31
12,14.566987216158708,14.352996503487006,3,Sunday,0,2025-10-05,Sunday,3,31
16,7.370173751081366,4.216053271805521,3,Sunday,0,2025-10-05,Sunday,3,31
21,2.495655929657297,5.500978546485422,3,Sunday,0,2025-10-05,Sunday,3,31
15,12.651594773207918,7.088879966233138,3,Sunday,0,2025-10-05,Sunday,3,31
18,5.072519100676754,3.4296736846518456,3,Sunday,0,2025-10-05,Sunday,3,31
17,15.03250132241104,11.107099812058458,3,Sunday,0,2025-10-05,Sunday,3,31
19,9.560812512910607,13.831992493078033,3,Sunday,0,2025-10-05,Sunday,3,31
0,17.04759591207733,18.898464216838764,3,Sunday,0,2025-10-05,Sunday,3,31
12,2.4674434971746027,6.63175727526789,3,Sunday,0,2025-10-05,Sunday,3,31
23,9.520710987568805,30.055990146407744,3,Sunday,0,2025-10-05,Sunday,3,31
20,9.297203037819965,1.6473526637215201,3,Sunday,0,2025-10-05,Sunday,3,31
0,7.245242340121092,22.926040071156176,3,Sunday,0,2025-10-05,Sunday,3,31
15,2.4500368270410977,19.22695529566299,3,Sunday,0,2025-10-05,Sunday,3,31
6,20.230334443673865,4.073510022127194,3,Sunday,0,2025-10-12,Sunday,3,37
6,13.949474992400091,18.464319251613905,3,Sunday,0,2025-10-12,Sunday,3,37
23,12.392973540878891,14.433092180096127,3,Sunday,0,2025-10-12,Sunday,3,37
13,13.348819713574837,36.72311535743197,3,Sunday,0,2025-10-12,Sunday,3,37
14,7.5162481188011405,7.456222447555446,3,Sunday,0,2025-10-12,Sunday,3,37
17,18.65422132399594,13.233595423299015,3,Sunday,0,2025-10-12,Sunday,3,37
21,8.018960014766936,12.456431861660317,3,Sunday,0,2025-10-12,Sunday,3,37
19,11.130638569487125,3.643183095532331,3,Sunday,0,2025-10-12,Sunday,3,37
4,10.189967137396852,10.658006965878036,3,Sunday,0,2025-10-12,Sunday,3,37
8,4.60659504811712,18.084549276718402,3,Sunday,0,2025-10-12,Sunday,3,37
19,21.969831486522935,12.23385156962743,3,Sunday,0,2025-10-12,Sunday,3,37
15,3.5202994947414368,7.273123601691173,3,Sunday,0,2025-10-12,Sunday,3,37
13,25.132450337206123,8.043573087520098,3,Sunday,0,2025-10-12,Sunday,3,37
14,31.853991060872744,4.577454183077166,3,Sunday,0,2025-10-12,Sunday,3,37
5,7.7619908519394825,16.485795639103628,3,Sunday,0,2025-10-12,Sunday,3,37
17,14.611070801188713,39.77114784530529,3,Sunday,0,2025-10-12,Sunday,3,37
10,12.422626840394845,13.488982690561647,3,Sunday,0,2025-10-12,Sunday,3,37
18,3.4176305812667027,12.312506244190267,3,Sunday,0,2025-10-12,Sunday,3,37
9,8.672813183549538,4.130995334903423,3,Sunday,0,2025-10-12,Sunday,3,37
16,14.128769002747713,2.3231998861587395,3,Sunday,0,2025-10-12,Sunday,3,37
15,17.7428092156807,24.30649605518283,3,Sunday,0,2025-10-12,Sunday,3,37
18,9.102705403794651,27.47741367508081,3,Sunday,0,2025-10-12,Sunday,3,37
10,23.764325933036293,2.960366913208829,3,Sunday,0,2025-10-12,Sunday,3,37
10,2.765750256322372,4.139591176665332,3,Sunday,0,2025-10-12,Sunday,3,37
16,11.814724110596366,6.241199194902266,3,Sunday,0,2025-10-12,Sunday,3,37
19,9.234733369908035,9.2644278454841,3,Sunday,0,2025-10-12,Sunday,3,37
16,7.618189724341327,13.785298511830156,3,Sunday,0,2025-10-12,Sunday,3,37
20,12.840227001015279,28.69763409384273,3,Sunday,0,2025-10-12,Sunday,3,37
20,11.826610093048988,6.057725725679192,3,Sunday,0,2025-10-12,Sunday,3,37
13,16.542203237369414,3.6321180692608657,3,Sunday,0,2025-10-12,Sunday,3,37
15,15.142738069745764,31.38903066919637,3,Sunday,0,2025-10-12,Sunday,3,37
17,2.4125744326462684,7.556904107270241,3,Sunday,0,2025-10-12,Sunday,3,37
8,2.1118188591014526,9.78666165720495,3,Sunday,0,2025-10-12,Sunday,3,37
19,20.90385582272742,6.1263747115905955,3,Sunday,0,2025-10-12,Sunday,3,37
18,13.078353088933227,10.926442957208929,3,Sunday,0,2025-10-12,Sunday,3,37
22,15.095584408483269,23.9163945328629,3,Sunday,0,2025-10-12,Sunday,3,37
14,16.452750805588863,8.733822879291127,3,Sunday,0,2025-10-12,Sunday,3,37
14,18.869810609453364,32.44814453903785,3,Sunday,0,2025-10-19,Sunday,3,25
16,16.35396472967784,3.866479472579355,3,Sunday,0,2025-10-19,Sunday,3,25
16,20.36279313742693,8.92284785983994,3,Sunday,0,2025-10-19,Sunday,3,25
18,5.370157172987856,19.02086013226106,3,Sunday,0,2025-10-19,Sunday,3,25
6,15.07142526482064,61.94281450355604,3,Sunday,0,2025-10-19,Sunday,3,25
20,12.719345090650101,8.14965317130118,3,Sunday,0,2025-10-19,Sunday,3,25
21,23.460403843986594,37.66706861861795,3,Sunday,0,2025-10-19,Sunday,3,25
17,15.45880739906962,7.539465727750672,3,Sunday,0,2025-10-19,Sunday,3,25
18,12.392632653585366,23.468489056924366,3,Sunday,0,2025-10-19,Sunday,3,25
22,11.214857021719485,9.267696984881548,3,Sunday,0,2025-10-19,Sunday,3,25
13,6.212205643415868,12.689872962565875,3,Sunday,0,2025-10-19,Sunday,3,25
11,8.712944759289982,10.560228681371147,3,Sunday,0,2025-10-19,Sunday,3,25
21,9.483908449316019,11.789406647196232,3,Sunday,0,2025-10-19,Sunday,3,25
15,26.407349939650356,6.373611307352881,3,Sunday,0,2025-10-19,Sunday,3,25
20,14.234591583315922,31.181999452897244,3,Sunday,0,2025-10-19,Sunday,3,25
10,16.192488005254145,25.529929054812456,3,Sunday,0,2025-10-19,Sunday,3,25
19,16.54843236151767,28.98215404043443,3,Sunday,0,2025-10-19,Sunday,3,25
23,11.791090250235754,4.26196986128017,3,Sunday,0,2025-10-19,Sunday,3,25
13,8.67166253374985,13.621841161241912,3,Sunday,0,2025-10-19,Sunday,3,25
12,25.44614076572272,3.927841849047991,3,Sunday,0,2025-10-19,Sunday,3,25
13,4.278951889220929,1.4500228466684,3,Sunday,0,2025-10-19,Sunday,3,25
14,7.385187846677669,21.001146869803698,3,Sunday,0,2025-10-19,Sunday,3,25
12,43.56398243640747,7.0133363964521225,3,Sunday,0,2025-10-19,Sunday,3,25
15,8.162722730174515,24.78483752157175,3,Sunday,0,2025-10-19,Sunday,3,25
16,24.96895862094046,3.196712136926542,3,Sunday,0,2025-10-19,Sunday,3,25
12,4.946257394358501,12.13713010950396,3,Sunday,0,2025-10-26,Sunday,3,30
22,13.014369572492498,11.177287952752378,3,Sunday,0,2025-10-26,Sunday,3,30
20,13.127298896584911,14.517835351381622,3,Sunday,0,2025-10-26,Sunday,3,30
17,15.66285762974901,4.436348743994912,3,Sunday,0,2025-10-26,Sunday,3,30
20,7.856638819658847,5.165871009011572,3,Sunday,0,2025-10-26,Sunday,3,30
17,18.882217562205348,15.801812600202327,3,Sunday,0,2025-10-26,Sunday,3,30
21,13.316537913845856,4.462239169763827,3,Sunday,0,2025-10-26,Sunday,3,30
22,7.657548563373774,6.276047037431708,3,Sunday,0,2025-10-26,Sunday,3,30
1,18.97879476408904,9.04519207275078,3,Sunday,0,2025-10-26,Sunday,3,30
19,11.306981717135955,11.295140082425883,3,Sunday,0,2025-10-26,Sunday,3,30
13,7.031812881264075,13.610109682266499,3,Sunday,0,2025-10-26,Sunday,3,30
14,11.054227334568012,34.658745109605164,3,Sunday,0,2025-10-26,Sunday,3,30
18,15.694923469170849,15.239786185092282,3,Sunday,0,2025-10-26,Sunday,3,30
1,3.0949563157231452,11.882057571318205,3,Sunday,0,2025-10-26,Sunday,3,30
14,15.385958382304022,9.281801498691296,3,Sunday,0,2025-10-26,Sunday,3,30
17,19.31696863276782,9.819583519823807,3,Sunday,0,2025-10-26,Sunday,3,30
18,3.3008490337129777,6.18121712389679,3,Sunday,0,2025-10-26,Sunday,3,30
15,13.56079019397114,6.310756438742692,3,Sunday,0,2025-10-26,Sunday,3,30
16,4.32016016020413,18.42479082184621,3,Sunday,0,2025-10-26,Sunday,3,30
20,9.540510808224287,9.446355349414043,3,Sunday,0,2025-10-26,Sunday,3,30
18,6.426967919975311,35.925604376741994,3,Sunday,0,2025-10-26,Sunday,3,30
18,2.1581032181720663,7.766997249405511,3,Sunday,0,2025-10-26,Sunday,3,30
22,2.013004749894669,5.077284394758345,3,Sunday,0,2025-10-26,Sunday,3,30
20,11.208627514522579,33.74205639499271,3,Sunday,0,2025-10-26,Sunday,3,30
18,24.452362212355776,14.436734716448935,3,Sunday,0,2025-10-26,Sunday,3,30
18,19.759392527532935,12.773191391326307,3,Sunday,0,2025-10-26,Sunday,3,30
11,10.40031672866024,15.886674483064146,3,Sunday,0,2025-10-26,Sunday,3,30
17,13.479100343136231,7.129834825426559,3,Sunday,0,2025-10-26,Sunday,3,30
23,26.158744902426662,6.518245449987486,3,Sunday,0,2025-10-26,Sunday,3,30
14,21.091143306377997,13.260846083432945,3,Sunday,0,2025-10-26,Sunday,3,30
14,3.5391390006996404,0.9199107494143917,3,Sunday,0,2025-11-02,Sunday,3,35
14,23.60948269520383,16.645765603928723,3,Sunday,0,2025-11-02,Sunday,3,35
15,18.161219658991737,17.83601540056088,3,Sunday,0,2025-11-02,Sunday,3,35
1,14.391940006274954,14.997999707777165,3,Sunday,0,2025-11-02,Sunday,3,35
16,18.4665749682136,24.177756573708937,3,Sunday,0,2025-11-02,Sunday,3,35
15,17.35367152347044,3.5860823227156233,3,Sunday,0,2025-11-02,Sunday,3,35
17,11.234609858864335,20.177973990684954,3,Sunday,0,2025-11-02,Sunday,3,35
16,13.048872768812913,8.165511911952178,3,Sunday,0,2025-11-02,Sunday,3,35
0,16.519481694594692,8.625715128643034,3,Sunday,0,2025-11-02,Sunday,3,35
16,2.4176013653762594,4.884685829691304,3,Sunday,0,2025-11-02,Sunday,3,35
10,10.49146839034773,6.864986092479641,3,Sunday,0,2025-11-02,Sunday,3,35
19,17.115745052274487,15.44012979492544,3,Sunday,0,2025-11-02,Sunday,3,35
3,7.056065090135871,25.793112875651204,3,Sunday,0,2025-11-02,Sunday,3,35
1,5.055642006981223,22.368568402895768,3,Sunday,0,2025-11-02,Sunday,3,35
11,18.844284180721715,1.2157501038508096,3,Sunday,0,2025-11-02,Sunday,3,35
17,82.06738127355321,3.4045880741778474,3,Sunday,0,2025-11-02,Sunday,3,35
14,28.749325864296633,9.765376290849524,3,Sunday,0,2025-11-02,Sunday,3,35
12,25.539967006985037,29.664406203572234,3,Sunday,0,2025-11-02,Sunday,3,35
21,10.534573866155814,8.88679531850179,3,Sunday,0,2025-11-02,Sunday,3,35
21,18.95809483103033,11.124207220626898,3,Sunday,0,2025-11-02,Sunday,3,35
21,11.333815111531006,10.193245912203205,3,Sunday,0,2025-11-02,Sunday,3,35
15,18.548060729511437,4.963789911256525,3,Sunday,0,2025-11-02,Sunday,3,35
7,18.527912129713798,19.930730612995553,3,Sunday,0,2025-11-02,Sunday,3,35
8,2.123366976705202,5.616955082075987,3,Sunday,0,2025-11-02,Sunday,3,35
23,15.140600643804206,11.704242764568209,3,Sunday,0,2025-11-02,Sunday,3,35
21,9.629222335159067,4.324525326847144,3,Sunday,0,2025-11-02,Sunday,3,35
21,15.061917092215914,16.081921518246915,3,Sunday,0,2025-11-02,Sunday,3,35
16,10.888422976137214,7.94107584663733,3,Sunday,0,2025-11-02,Sunday,3,35
17,12.745011837217152,6.50479028654049,3,Sunday,0,2025-11-02,Sunday,3,35
20,16.443466136439437,12.808394418348545,3,Sunday,0,2025-11-02,Sunday,3,35
23,9.140825170270038,11.415141357081744,3,Sunday,0,2025-11-02,Sunday,3,35
19,19.586211218682813,2.2158064301493687,3,Sunday,0,2025-11-02,Sunday,3,35
21,11.570465955426112,11.208054643389334,3,Sunday,0,2025-11-02,Sunday,3,35
21,11.039562072851258,16.089106763013262,3,Sunday,0,2025-11-02,Sunday,3,35
17,53.258983095109194,17.72222195226336,3,Sunday,0,2025-11-02,Sunday,3,35
13,17.340778593406537,22.485663208586377,3,Sunday,0,2025-11-09,Sunday,3,33
20,8.750431510364308,3.635809524597293,3,Sunday,0,2025-11-09,Sunday,3,33
15,19.988479142321317,3.755454395200748,3,Sunday,0,2025-11-09,Sunday,3,33
11,13.515134606188646,32.55232563060787,3,Sunday,0,2025-11-09,Sunday,3,33
9,14.426428291324498,12.048916787620614,3,Sunday,0,2025-11-09,Sunday,3,33
16,4.579185356946596,27.64571422608645,3,Sunday,0,2025-11-09,Sunday,3,33
19,7.231993635797338,39.25806563939266,3,Sunday,0,2025-11-09,Sunday,3,33
22,37.61008644922217,35.31673703441155,3,Sunday,0,2025-11-09,Sunday,3,33
21,11.465495184559927,22.298975781011766,3,Sunday,0,2025-11-09,Sunday,3,33
19,9.159851471797431,14.08045838496226,3,Sunday,0,2025-11-09,Sunday,3,33
20,16.603097747736065,49.5558459901905,3,Sunday,0,2025-11-09,Sunday,3,33
23,10.77635189997945,12.452724854371592,3,Sunday,0,2025-11-09,Sunday,3,33
19,11.97911141900391,7.778222203333169,3,Sunday,0,2025-11-09,Sunday,3,33
18,17.91497204463743,34.1718091894996,3,Sunday,0,2025-11-09,Sunday,3,33
13,4.784365746248747,6.898402334768365,3,Sunday,0,2025-11-09,Sunday,3,33
8,4.466090846515795,20.066810105594733,3,Sunday,0,2025-11-09,Sunday,3,33
15,19.96291483879457,4.366278974747874,3,Sunday,0,2025-11-09,Sunday,3,33
16,2.122635612562914,5.813576280098177,3,Sunday,0,2025-11-09,Sunday,3,33
23,12.413684867797397,75.75203156100164,3,Sunday,0,2025-11-09,Sunday,3,33
20,13.46047085696172,18.626578555941247,3,Sunday,0,2025-11-09,Sunday,3,33
14,17.7100909116069,7.464424236200571,3,Sunday,0,2025-11-09,Sunday,3,33
9,13.044551666234629,6.154977817548391,3,Sunday,0,2025-11-09,Sunday,3,33
23,15.187006564405664,6.5434762006583815,3,Sunday,0,2025-11-09,Sunday,3,33
16,16.834200139755463,27.21582546922994,3,Sunday,0,2025-11-09,Sunday,3,33
19,9.528606924323228,11.728668551833163,3,Sunday,0,2025-11-09,Sunday,3,33
20,11.410493597163835,3.8534754787945875,3,Sunday,0,2025-11-09,Sunday,3,33
17,17.9824575248047,2.532282594226582,3,Sunday,0,2025-11-09,Sunday,3,33
19,10.843666773133183,5.853583113288889,3,Sunday,0,2025-11-09,Sunday,3,33
21,11.736708564531298,21.618560086331712,3,Sunday,0,2025-11-09,Sunday,3,33
5,13.959893865432363,42.99228627889104,3,Sunday,0,2025-11-09,Sunday,3,33
22,8.218394743219239,9.310435254921378,3,Sunday,0,2025-11-09,Sunday,3,33
19,14.726426359107101,10.51635893661048,3,Sunday,0,2025-11-09,Sunday,3,33
14,6.168270995643114,7.520426715856971,3,Sunday,0,2025-11-09,Sunday,3,33
15,18.015480287534764,4.187529498946626,3,Sunday,0,2025-11-16,Sunday,3,47
20,14.856109699083774,15.978093890110424,3,Sunday,0,2025-11-16,Sunday,3,47
19,18.17536151319198,15.081924309319437,3,Sunday,0,2025-11-16,Sunday,3,47
18,21.734320690822685,3.57252235578064,3,Sunday,0,2025-11-16,Sunday,3,47
18,10.096605110583798,29.270422812031587,3,Sunday,0,2025-11-16,Sunday,3,47
16,12.27825148261305,10.954438424623845,3,Sunday,0,2025-11-16,Sunday,3,47
11,5.363401118326017,12.67760863398634,3,Sunday,0,2025-11-16,Sunday,3,47
20,10.407200043190606,10.300196532949142,3,Sunday,0,2025-11-16,Sunday,3,47
13,55.34483791125818,38.58966624768354,3,Sunday,0,2025-11-16,Sunday,3,47
20,15.176491214605878,13.214884194366038,3,Sunday,0,2025-11-16,Sunday,3,47
13,22.330351059255477,6.356491029159145,3,Sunday,0,2025-11-16,Sunday,3,47
16,6.712977927242592,39.55566467579183,3,Sunday,0,2025-11-16,Sunday,3,47
20,12.93863564781834,8.701137014505225,3,Sunday,0,2025-11-16,Sunday,3,47
18,8.886096114992563,7.5050415290520345,3,Sunday,0,2025-11-16,Sunday,3,47
18,15.956912621607621,44.36669716006368,3,Sunday,0,2025-11-16,Sunday,3,47
15,18.748688544976467,4.086534936451224,3,Sunday,0,2025-11-16,Sunday,3,47
18,15.58470504961468,12.75060070509757,3,Sunday,0,2025-11-16,Sunday,3,47
21,12.72993432517907,13.881222899421777,3,Sunday,0,2025-11-16,Sunday,3,47
23,10.038925824654658,8.173467353906114,3,Sunday,0,2025-11-16,Sunday,3,47
17,18.416732764936008,5.386244251879003,3,Sunday,0,2025-11-16,Sunday,3,47
22,11.845004944632308,21.194403009170735,3,Sunday,0,2025-11-16,Sunday,3,47
21,10.864837045707652,3.1578837585326403,3,Sunday,0,2025-11-16,Sunday,3,47
14,7.397144401625243,18.795449718941033,3,Sunday,0,2025-11-16,Sunday,3,47
16,51.02891306150283,9.05985383617863,3,Sunday,0,2025-11-16,Sunday,3,47
17,7.11581541122887,43.62292204891624,3,Sunday,0,2025-11-16,Sunday,3,47
19,13.710460177441494,33.25679571221251,3,Sunday,0,2025-11-16,Sunday,3,47
16,17.351779232392914,15.509299025183635,3,Sunday,0,2025-11-16,Sunday,3,47
23,9.10119601203006,45.15904078757765,3,Sunday,0,2025-11-16,Sunday,3,47
21,12.060170521517758,15.049232858213438,3,Sunday,0,2025-11-16,Sunday,3,47
16,2.0135935124863167,8.512261275701489,3,Sunday,0,2025-11-16,Sunday,3,47
22,11.196345771829485,12.243710174014211,3,Sunday,0,2025-11-16,Sunday,3,47
18,20.598736764245114,15.785529277240933,3,Sunday,0,2025-11-16,Sunday,3,47
16,15.251139133434787,18.6900434548393,3,Sunday,0,2025-11-16,Sunday,3,47
15,2.3507086808378,10.767775077381415,3,Sunday,0,2025-11-16,Sunday,3,47
20,15.110595865609483,19.736983952715505,3,Sunday,0,2025-11-16,Sunday,3,47
13,4.5172887311491845,13.595559461510685,3,Sunday,0,2025-11-16,Sunday,3,47
19,6.773042560367093,5.4971128529646425,3,Sunday,0,2025-11-16,Sunday,3,47
20,13.517942325256886,1.2131252729340556,3,Sunday,0,2025-11-16,Sunday,3,47
15,3.1399385946060643,4.4056151810733635,3,Sunday,0,2025-11-16,Sunday,3,47
18,40.700212584472176,7.013386792445012,3,Sunday,0,2025-11-16,Sunday,3,47
19,33.069902779621415,14.63754672597017,3,Sunday,0,2025-11-16,Sunday,3,47
23,11.508873743820462,50.81973442890783,3,Sunday,0,2025-11-16,Sunday,3,47
23,8.222095974704349,12.504094160063696,3,Sunday,0,2025-11-16,Sunday,3,47
10,7.09954453036242,6.553960168225569,3,Sunday,0,2025-11-16,Sunday,3,47
18,17.730392948887,13.496587444698113,3,Sunday,0,2025-11-16,Sunday,3,47
16,19.32010550910625,14.532430333339358,3,Sunday,0,2025-11-16,Sunday,3,47
20,13.5032956806794,33.403813023789326,3,Sunday,0,2025-11-16,Sunday,3,47
21,13.766594610033017,30.10943387118003,3,Sunday,0,2025-11-23,Sunday,3,40
23,6.429395932962946,9.706270713852794,3,Sunday,0,2025-11-23,Sunday,3,40
0,10.227718762624075,20.317831491369663,3,Sunday,0,2025-11-23,Sunday,3,40
23,11.62933322273286,26.50487139900112,3,Sunday,0,2025-11-23,Sunday,3,40
14,6.077761832656571,16.61432165248871,3,Sunday,0,2025-11-23,Sunday,3,40
19,24.937476312241348,32.75161638472786,3,Sunday,0,2025-11-23,Sunday,3,40
21,15.53547925638799,9.18395280147918,3,Sunday,0,2025-11-23,Sunday,3,40
16,29.11504428491067,23.10005631108044,3,Sunday,0,2025-11-23,Sunday,3,40
15,2.2595553661841845,13.219626858765029,3,Sunday,0,2025-11-23,Sunday,3,40
13,3.4314511239117005,15.762333509335932,3,Sunday,0,2025-11-23,Sunday,3,40
15,2.4616968330399818,5.649810168126378,3,Sunday,0,2025-11-23,Sunday,3,40
17,13.179890470831204,20.75711080717117,3,Sunday,0,2025-11-23,Sunday,3,40
14,25.901688511648413,4.476706415078988,3,Sunday,0,2025-11-23,Sunday,3,40
16,18.607493018211606,5.604194652688465,3,Sunday,0,2025-11-23,Sunday,3,40
18,7.845917156190869,22.47076730109667,3,Sunday,0,2025-11-23,Sunday,3,40
20,12.637751567768973,6.242001109558176,3,Sunday,0,2025-11-23,Sunday,3,40
23,21.169694287235718,8.582137621536223,3,Sunday,0,2025-11-23,Sunday,3,40
14,3.223092561942246,7.728399893534365,3,Sunday,0,2025-11-23,Sunday,3,40
11,20.93618771736227,16.27465445935972,3,Sunday,0,2025-11-23,Sunday,3,40
15,8.033523671460696,8.720536233533535,3,Sunday,0,2025-11-23,Sunday,3,40
15,3.1182065158247942,9.99594548531356,3,Sunday,0,2025-11-23,Sunday,3,40
14,25.123675291985144,14.86885236363377,3,Sunday,0,2025-11-23,Sunday,3,40
16,17.77069649513164,20.797711445660955,3,Sunday,0,2025-11-23,Sunday,3,40
12,16.73173479257195,33.37783240776151,3,Sunday,0,2025-11-23,Sunday,3,40
19,11.202975804197969,17.946580242377646,3,Sunday,0,2025-11-23,Sunday,3,40
18,4.799512467159364,13.654621038412383,3,Sunday,0,2025-11-23,Sunday,3,40
16,11.45629769368984,11.164748920092167,3,Sunday,0,2025-11-23,Sunday,3,40
17,11.898438784106908,7.852158297208238,3,Sunday,0,2025-11-23,Sunday,3,40
14,20.99420887842253,16.112807185247433,3,Sunday,0,2025-11-23,Sunday,3,40
19,18.36212275122992,9.565918024246907,3,Sunday,0,2025-11-23,Sunday,3,40
17,14.94129680352194,17.742956036020775,3,Sunday,0,2025-11-23,Sunday,3,40
10,40.00347040157424,8.831354216455782,3,Sunday,0,2025-11-23,Sunday,3,40
8,19.722462896704965,24.741222232250156,3,Sunday,0,2025-11-23,Sunday,3,40
21,39.80365247676999,16.017958704072736,3,Sunday,0,2025-11-23,Sunday,3,40
22,17.066180750505225,7.3118124441333014,3,Sunday,0,2025-11-23,Sunday,3,40
6,12.94620316010716,11.256469350998119,3,Sunday,0,2025-11-23,Sunday,3,40
16,30.971775826188072,7.860482862686179,3,Sunday,0,2025-11-23,Sunday,3,40
19,12.879392741193076,13.354716127948313,3,Sunday,0,2025-11-23,Sunday,3,40
20,13.705737546856632,54.79903026996599,3,Sunday,0,2025-11-23,Sunday,3,40
18,16.778726536162175,21.063553105408797,3,Sunday,0,2025-11-23,Sunday,3,40
16,16.82846032685222,14.01565258670646,3,Sunday,0,2025-11-30,Sunday,3,28
23,14.72574869631432,14.232105560011027,3,Sunday,0,2025-11-30,Sunday,3,28
20,8.607816952594202,21.20401855520773,3,Sunday,0,2025-11-30,Sunday,3,28
4,15.672420939541972,34.66201034820534,3,Sunday,0,2025-11-30,Sunday,3,28
8,4.564050476682903,9.466574680464726,3,Sunday,0,2025-11-30,Sunday,3,28
19,5.4924340710182875,5.689438799238686,3,Sunday,0,2025-11-30,Sunday,3,28
22,10.59129753822613,8.735589609275513,3,Sunday,0,2025-11-30,Sunday,3,28
17,34.59592564916486,2.427512059612662,3,Sunday,0,2025-11-30,Sunday,3,28
21,13.914718923061049,23.222748362042775,3,Sunday,0,2025-11-30,Sunday,3,28
18,16.14598979536428,9.14679482775706,3,Sunday,0,2025-11-30,Sunday,3,28
22,11.392163483249533,20.785360191527868,3,Sunday,0,2025-11-30,Sunday,3,28
16,11.618434856320341,11.561797248614418,3,Sunday,0,2025-11-30,Sunday,3,28
10,20.933743842316723,13.473498031665237,3,Sunday,0,2025-11-30,Sunday,3,28
15,3.175696755625439,7.18621666763666,3,Sunday,0,2025-11-30,Sunday,3,28
17,3.433871177616529,17.820418861934076,3,Sunday,0,2025-11-30,Sunday,3,28
14,21.872799922535624,4.789116617308869,3,Sunday,0,2025-11-30,Sunday,3,28
16,19.44067126464695,7.277316884732161,3,Sunday,0,2025-11-30,Sunday,3,28
21,9.855161620025587,35.2402221588874,3,Sunday,0,2025-11-30,Sunday,3,28
18,53.4630188599788,9.543402573608743,3,Sunday,0,2025-11-30,Sunday,3,28
17,19.913826775806456,8.426032155706496,3,Sunday,0,2025-11-30,Sunday,3,28
1,14.404008109872812,11.496524296496775,3,Sunday,0,2025-11-30,Sunday,3,28
18,8.034148879942242,6.836931960097521,3,Sunday,0,2025-11-30,Sunday,3,28
22,8.434572675146102,42.6226294772888,3,Sunday,0,2025-11-30,Sunday,3,28
15,28.00777089038352,35.63178764055234,3,Sunday,0,2025-11-30,Sunday,3,28
12,7.095119046436451,8.259467754593425,3,Sunday,0,2025-11-30,Sunday,3,28
0,16.9476227584259,10.022797874531824,3,Sunday,0,2025-11-30,Sunday,3,28
19,12.879933904715603,6.960606291088066,3,Sunday,0,2025-11-30,Sunday,3,28
0,12.929036755488884,0.963084685558335,3,Sunday,0,2025-11-30,Sunday,3,28
19,26.08120126535938,16.332604505983454,3,Sunday,0,2025-12-07,Sunday,3,29
19,15.052364775358178,16.391744688120422,3,Sunday,0,2025-12-07,Sunday,3,29
13,2.4133410753826,4.291648881218259,3,Sunday,0,2025-12-07,Sunday,3,29
16,5.113708131789087,8.93867264926878,3,Sunday,0,2025-12-07,Sunday,3,29
21,16.98819131939473,16.196000478496106,3,Sunday,0,2025-12-07,Sunday,3,29
18,28.94763250683797,3.2501487405752316,3,Sunday,0,2025-12-07,Sunday,3,29
17,8.503204389596274,16.39947009961571,3,Sunday,0,2025-12-07,Sunday,3,29
22,15.451899233988659,14.250768292814486,3,Sunday,0,2025-12-07,Sunday,3,29
15,12.70369726419684,43.770091735683074,3,Sunday,0,2025-12-07,Sunday,3,29
16,15.627525786386926,12.146800218663929,3,Sunday,0,2025-12-07,Sunday,3,29
17,15.36647159206666,18.841814981887453,3,Sunday,0,2025-12-07,Sunday,3,29
18,9.448701761264292,29.530128153223185,3,Sunday,0,2025-12-07,Sunday,3,29
10,11.894769886041733,5.949330850927247,3,Sunday,0,2025-12-07,Sunday,3,29
20,5.773351976412268,5.516110126639137,3,Sunday,0,2025-12-07,Sunday,3,29
18,12.713907781702556,11.114152606903385,3,Sunday,0,2025-12-07,Sunday,3,29
12,7.308748446972968,9.869624487377893,3,Sunday,0,2025-12-07,Sunday,3,29
16,8.674730201869565,24.1883783423816,3,Sunday,0,2025-12-07,Sunday,3,29
9,51.930272935291626,52.44132129050053,3,Sunday,0,2025-12-07,Sunday,3,29
20,10.36093847406622,6.271869623319594,3,Sunday,0,2025-12-07,Sunday,3,29
3,22.950372437783372,6.761930461619491,3,Sunday,0,2025-12-07,Sunday,3,29
16,15.155866706443057,4.043236055447715,3,Sunday,0,2025-12-07,Sunday,3,29
12,4.3153459267396155,3.7474550861191798,3,Sunday,0,2025-12-07,Sunday,3,29
13,41.83217011006955,26.474035315863496,3,Sunday,0,2025-12-07,Sunday,3,29
19,18.6067430928887,15.43709232799961,3,Sunday,0,2025-12-07,Sunday,3,29
21,11.543370425913178,4.155724276612301,3,Sunday,0,2025-12-07,Sunday,3,29
13,7.842247592650158,18.202072984622134,3,Sunday,0,2025-12-07,Sunday,3,29
17,20.562659796730596,5.922004272054444,3,Sunday,0,2025-12-07,Sunday,3,29
17,15.446279233713248,16.15005811687711,3,Sunday,0,2025-12-07,Sunday,3,29
17,21.258407856841018,11.422595421984981,3,Sunday,0,2025-12-07,Sunday,3,29
15,2.25464666930352,2.8290254728759487,3,Sunday,0,2025-12-14,Sunday,3,30
17,18.58891097888188,22.428792443456008,3,Sunday,0,2025-12-14,Sunday,3,30
17,8.448310755773015,15.18278596035346,3,Sunday,0,2025-12-14,Sunday,3,30
14,37.67559804014833,8.113031539750558,3,Sunday,0,2025-12-14,Sunday,3,30
10,6.18455862262119,10.324339950306703,3,Sunday,0,2025-12-14,Sunday,3,30
11,16.7501860919929,14.383137720236952,3,Sunday,0,2025-12-14,Sunday,3,30
22,9.738155995347878,10.035136166829059,3,Sunday,0,2025-12-14,Sunday,3,30
22,15.965408038600135,25.414766790353195,3,Sunday,0,2025-12-14,Sunday,3,30
14,2.591652504387762,2.7946767973325874,3,Sunday,0,2025-12-14,Sunday,3,30
19,12.973326703307748,20.667631945177995,3,Sunday,0,2025-12-14,Sunday,3,30
16,6.578302010276748,17.113822960952042,3,Sunday,0,2025-12-14,Sunday,3,30
21,11.485085159262578,15.12017255948729,3,Sunday,0,2025-12-14,Sunday,3,30
17,8.26348455864562,5.9740648102152765,3,Sunday,0,2025-12-14,Sunday,3,30
23,8.793027781155189,5.571625246057857,3,Sunday,0,2025-12-14,Sunday,3,30
14,16.999297227092157,14.438736922934094,3,Sunday,0,2025-12-14,Sunday,3,30
16,24.505610631427256,13.325812302238237,3,Sunday,0,2025-12-14,Sunday,3,30
21,23.177183502655893,3.45473146846584,3,Sunday,0,2025-12-14,Sunday,3,30
17,14.909222347306983,8.286510171908294,3,Sunday,0,2025-12-14,Sunday,3,30
16,16.146374496603052,20.043531348323828,3,Sunday,0,2025-12-14,Sunday,3,30
20,12.179602511297215,25.544138407151383,3,Sunday,0,2025-12-14,Sunday,3,30
18,9.830170107455787,5.050280598393666,3,Sunday,0,2025-12-14,Sunday,3,30
21,9.959149339046842,12.17216899856095,3,Sunday,0,2025-12-14,Sunday,3,30
15,17.062902689906366,14.022805360219898,3,Sunday,0,2025-12-14,Sunday,3,30
16,16.083779686522174,6.436764499869409,3,Sunday,0,2025-12-14,Sunday,3,30
16,14.955805666027295,38.508675126910006,3,Sunday,0,2025-12-14,Sunday,3,30
21,17.052875500692853,16.360306395998435,3,Sunday,0,2025-12-14,Sunday,3,30
14,32.39467969079443,5.481618159772941,3,Sunday,0,2025-12-14,Sunday,3,30
23,7.943824712139365,4.894217903672609,3,Sunday,0,2025-12-14,Sunday,3,30
13,11.94316948541325,4.2690448495518645,3,Sunday,0,2025-12-14,Sunday,3,30
17,15.817239307765842,22.640845824304712,3,Sunday,0,2025-12-14,Sunday,3,30
21,12.255147324894907,3.5788913605284307,3,Sunday,0,2025-12-21,Sunday,3,34
20,6.493546820373352,21.546467373081214,3,Sunday,0,2025-12-21,Sunday,3,34
19,12.942239598518483,12.04009530275547,3,Sunday,0,2025-12-21,Sunday,3,34
20,14.74856784583632,13.959663396358838,3,Sunday,0,2025-12-21,Sunday,3,34
23,7.0215750205324685,20.065205155158583,3,Sunday,0,2025-12-21,Sunday,3,34
21,14.779418467921612,10.990284933047924,3,Sunday,0,2025-12-21,Sunday,3,34
12,4.933235360647496,10.165416483552162,3,Sunday,0,2025-12-21,Sunday,3,34
16,13.924006087310278,15.482458322807688,3,Sunday,0,2025-12-21,Sunday,3,34
15,6.354269132454359,5.429423934711363,3,Sunday,0,2025-12-21,Sunday,3,34
17,13.620408359111252,8.848862920151543,3,Sunday,0,2025-12-21,Sunday,3,34
20,42.221619899348866,17.706089457106703,3,Sunday,0,2025-12-21,Sunday,3,34
16,17.79060495508826,19.68417300236524,3,Sunday,0,2025-12-21,Sunday,3,34
21,10.069666579658026,21.88539922521936,3,Sunday,0,2025-12-21,Sunday,3,34
20,4.950375683981067,5.81028041081235,3,Sunday,0,2025-12-21,Sunday,3,34
17,16.468153081028376,34.65673179034494,3,Sunday,0,2025-12-21,Sunday,3,34
16,15.250081690847733,25.138956165105835,3,Sunday,0,2025-12-21,Sunday,3,34
20,29.395500896191884,8.840094656683847,3,Sunday,0,2025-12-21,Sunday,3,34
6,4.6389413659968834,11.486962124809057,3,Sunday,0,2025-12-21,Sunday,3,34
19,20.146693656549672,6.11054161746891,3,Sunday,0,2025-12-21,Sunday,3,34
18,13.437099013213505,3.4143447483887366,3,Sunday,0,2025-12-21,Sunday,3,34
18,14.273118044054868,3.5627435821110236,3,Sunday,0,2025-12-21,Sunday,3,34
18,20.462032475743786,39.83586808205809,3,Sunday,0,2025-12-21,Sunday,3,34
16,9.047086221885314,18.363676569403996,3,Sunday,0,2025-12-21,Sunday,3,34
18,21.04839787631185,7.722006213026157,3,Sunday,0,2025-12-21,Sunday,3,34
6,11.5625417351253,7.563095464722111,3,Sunday,0,2025-12-21,Sunday,3,34
21,14.363701684962479,28.88444445097346,3,Sunday,0,2025-12-21,Sunday,3,34
17,5.526012746411494,10.961556913270112,3,Sunday,0,2025-12-21,Sunday,3,34
14,4.855032995656714,15.055648322321945,3,Sunday,0,2025-12-21,Sunday,3,34
2,9.021456879611277,18.969745613474416,3,Sunday,0,2025-12-21,Sunday,3,34
22,9.807987893975099,1.0943056610811426,3,Sunday,0,2025-12-21,Sunday,3,34
14,3.4758168442007236,1.9432906870713416,3,Sunday,0,2025-12-21,Sunday,3,34
12,3.655404410397896,5.424944553705104,3,Sunday,0,2025-12-21,Sunday,3,34
3,19.663843906118785,19.135953931247084,3,Sunday,0,2025-12-21,Sunday,3,34
17,12.335811395937661,36.14040697541784,3,Sunday,0,2025-12-21,Sunday,3,34
