plugin_hour,connection_time,energy_session,season,weekday_group,location_group,__date__,__weekday_group__,__season__,__count__
16,10.019377215737975,23.70071283643109,0,Mon-Th,0,2025-01-01,Mon-Th,0,23
21,15.295109414830122,21.668106882796803,0,Mon-Th,0,2025-01-01,Mon-Th,0,23
13,11.550886698787703,10.353371406157777,0,Mon-Th,0,2025-01-01,Mon-Th,0,23
20,11.698749354558966,11.688257933974688,0,Mon-Th,0,2025-01-01,Mon-Th,0,23
10,5.70746898492398,19.500497543359828,0,Mon-Th,0,2025-01-01,Mon-Th,0,23
20,20.35800838593168,9.110192100416777,0,Mon-Th,0,2025-01-01,Mon-Th,0,23
22,11.650070537321792,2.361660538610649,0,Mon-Th,0,2025-01-01,Mon-Th,0,23
11,5.324036691170019,16.272781440472315,0,Mon-Th,0,2025-01-01,Mon-Th,0,23
21,10.413790854277892,17.67329590053648,0,Mon-Th,0,2025-01-01,Mon-Th,0,23
8,8.894356983736156,8.748434810874844,0,Mon-Th,0,2025-01-01,Mon-Th,0,23
19,8.79358267678969,9.680039553576199,0,Mon-Th,0,2025-01-01,Mon-Th,0,23
17,9.970263565381646,13.478394506268073,0,Mon-Th,0,2025-01-01,Mon-Th,0,23
19,3.0722210225223314,33.89982432260708,0,Mon-Th,0,2025-01-01,Mon-Th,0,23
21,10.352305703210636,11.382790278699257,0,Mon-Th,0,2025-01-01,Mon-Th,0,23
7,3.6096685923080654,11.756303315852133,0,Mon-Th,0,2025-01-01,Mon-Th,0,23
23,12.083437374894029,3.485614051386979,0,Mon-Th,0,2025-01-01,Mon-Th,0,23
17,16.772469939047397,2.5220147834361724,0,Mon-Th,0,2025-01-01,Mon-Th,0,23
21,13.668193617294534,10.110294320147746,0,Mon-Th,0,2025-01-01,Mon-Th,0,23
18,16.845042817797243,8.433333398388934,0,Mon-Th,0,2025-01-01,Mon-Th,0,23
18,10.555329657655449,27.154040963548393,0,Mon-Th,0,2025-01-01,Mon-Th,0,23
21,7.393477852467453,8.529646764353899,0,Mon-Th,0,2025-01-01,Mon-Th,0,23
15,16.29579131844517,22.770101010011924,0,Mon-Th,0,2025-01-01,Mon-Th,0,23
17,12.777832899787686,6.894402551705439,0,Mon-Th,0,2025-01-01,Mon-Th,0,23
18,27.034282758626475,3.1822679140662595,0,Mon-Th,0,2025-01-02,Mon-Th,0,26
23,9.635550029242623,9.888504798030924,0,Mon-Th,0,2025-01-02,Mon-Th,0,26
21,4.852246951841393,7.745685280276984,0,Mon-Th,0,2025-01-02,Mon-Th,0,26
13,13.80672208451352,9.657342807562719,0,Mon-Th,0,2025-01-02,Mon-Th,0,26
17,12.87226305117483,13.094939598367777,0,Mon-Th,0,2025-01-02,Mon-Th,0,26
14,23.974694323126034,10.317301571826341,0,Mon-Th,0,2025-01-02,Mon-Th,0,26
21,9.214097662638284,3.8589746310472357,0,Mon-Th,0,2025-01-02,Mon-Th,0,26
23,10.747283252261827,3.494037866945443,0,Mon-Th,0,2025-01-02,Mon-Th,0,26
18,13.330476491922834,16.17000277008674,0,Mon-Th,0,2025-01-02,Mon-Th,0,26
15,8.460128837568114,17.012254719645576,0,Mon-Th,0,2025-01-02,Mon-Th,0,26
19,12.234525737458373,17.913434771207072,0,Mon-Th,0,2025-01-02,Mon-Th,0,26
23,4.487452573726285,12.320231360752093,0,Mon-Th,0,2025-01-02,Mon-Th,0,26
18,6.814811393687389,9.156979599240275,0,Mon-Th,0,2025-01-02,Mon-Th,0,26
21,2.39374766424125,7.036225301527122,0,Mon-Th,0,2025-01-02,Mon-Th,0,26
7,11.484744031264043,2.6720900012612807,0,Mon-Th,0,2025-01-02,Mon-Th,0,26
20,14.920822548173447,31.3684374387793,0,Mon-Th,0,2025-01-02,Mon-Th,0,26
18,7.912557674431406,18.36091909071295,0,Mon-Th,0,2025-01-02,Mon-Th,0,26
21,10.031324028214424,11.906518404882846,0,Mon-Th,0,2025-01-02,Mon-Th,0,26
20,14.002328050329567,35.23392084558806,0,Mon-Th,0,2025-01-02,Mon-Th,0,26
10,3.955505330602832,3.7601685798415314,0,Mon-Th,0,2025-01-02,Mon-Th,0,26
18,13.768500664293644,9.209332486295978,0,Mon-Th,0,2025-01-02,Mon-Th,0,26
0,17.673845935776022,25.45039870821237,0,Mon-Th,0,2025-01-02,Mon-Th,0,26
19,13.039679878877717,24.82849194763632,0,Mon-Th,0,2025-01-02,Mon-Th,0,26
16,15.018935311369251,11.396009478946512,0,Mon-Th,0,2025-01-02,Mon-Th,0,26
13,3.016840615878967,4.392670956577362,0,Mon-Th,0,2025-01-02,Mon-Th,0,26
18,10.229522394311527,9.333829570829153,0,Mon-Th,0,2025-01-02,Mon-Th,0,26
18,8.682071198269218,9.989026420772829,0,Mon-Th,0,2025-01-06,Mon-Th,0,15
19,10.976060023642745,30.25534629366936,0,Mon-Th,0,2025-01-06,Mon-Th,0,15
21,9.556966901813187,7.880308165400022,0,Mon-Th,0,2025-01-06,Mon-Th,0,15
21,14.899125628519407,4.691604510564935,0,Mon-Th,0,2025-01-06,Mon-Th,0,15
14,98.58196511130367,0.6740695740531435,0,Mon-Th,0,2025-01-06,Mon-Th,0,15
17,4.005080356775769,4.435749054571034,0,Mon-Th,0,2025-01-06,Mon-Th,0,15
16,20.858756679579688,16.22830684696987,0,Mon-Th,0,2025-01-06,Mon-Th,0,15
19,13.915467902803694,9.273512165392992,0,Mon-Th,0,2025-01-06,Mon-Th,0,15
21,27.4287561276736,15.840975136432338,0,Mon-Th,0,2025-01-06,Mon-Th,0,15
23,8.27205586670888,9.458189077199037,0,Mon-Th,0,2025-01-06,Mon-Th,0,15
14,19.055106995093883,6.195361447309167,0,Mon-Th,0,2025-01-06,Mon-Th,0,15
15,19.542535133172976,5.481022304015136,0,Mon-Th,0,2025-01-06,Mon-Th,0,15
17,15.733223621882502,5.092175506170516,0,Mon-Th,0,2025-01-06,Mon-Th,0,15
23,8.615652339006179,30.571648697671893,0,Mon-Th,0,2025-01-06,Mon-Th,0,15
19,13.420683562106689,17.464648873084375,0,Mon-Th,0,2025-01-06,Mon-Th,0,15
16,14.166073194158948,0.9796011464314032,0,Mon-Th,0,2025-01-07,Mon-Th,0,24
17,13.797591301774286,1.7902406811691762,0,Mon-Th,0,2025-01-07,Mon-Th,0,24
16,11.618460633382398,8.618276303752026,0,Mon-Th,0,2025-01-07,Mon-Th,0,24
18,11.107968425604525,8.344323962941584,0,Mon-Th,0,2025-01-07,Mon-Th,0,24
19,15.932543266033562,18.993033905053895,0,Mon-Th,0,2025-01-07,Mon-Th,0,24
19,14.801284224478369,19.57731738154016,0,Mon-Th,0,2025-01-07,Mon-Th,0,24
19,14.408102550633298,40.96572543991743,0,Mon-Th,0,2025-01-07,Mon-Th,0,24
17,8.658554286092116,6.712315444406898,0,Mon-Th,0,2025-01-07,Mon-Th,0,24
20,10.655576702958694,9.80757417758719,0,Mon-Th,0,2025-01-07,Mon-Th,0,24
22,8.77424063569705,14.859771096702735,0,Mon-Th,0,2025-01-07,Mon-Th,0,24
18,2.0045641476285057,4.61442070302008,0,Mon-Th,0,2025-01-07,Mon-Th,0,24
18,4.50490843113108,9.126640028584386,0,Mon-Th,0,2025-01-07,Mon-Th,0,24
16,7.914361070368091,9.715459651948478,0,Mon-Th,0,2025-01-07,Mon-Th,0,24
12,2.370081558171896,4.245977573978681,0,Mon-Th,0,2025-01-07,Mon-Th,0,24
14,14.05700639507981,20.766961061059504,0,Mon-Th,0,2025-01-07,Mon-Th,0,24
21,6.882690606016615,4.422009037467634,0,Mon-Th,0,2025-01-07,Mon-Th,0,24
18,18.18047308029954,4.494329558879853,0,Mon-Th,0,2025-01-07,Mon-Th,0,24
14,28.722167882586856,5.884973479965215,0,Mon-Th,0,2025-01-07,Mon-Th,0,24
16,14.918322236875799,3.006875087014066,0,Mon-Th,0,2025-01-07,Mon-Th,0,24
21,4.970061024809953,8.719016691252696,0,Mon-Th,0,2025-01-07,Mon-Th,0,24
17,14.310390989051378,13.42003592326165,0,Mon-Th,0,2025-01-07,Mon-Th,0,24
16,17.397624266382106,5.8780564888448374,0,Mon-Th,0,2025-01-07,Mon-Th,0,24
17,13.877991229392599,4.213396319567863,0,Mon-Th,0,2025-01-07,Mon-Th,0,24
15,25.50094758481145,8.6239862054431,0,Mon-Th,0,2025-01-07,Mon-Th,0,24
15,13.16591122940444,3.9789073160686623,0,Mon-Th,0,2025-01-08,Mon-Th,0,26
18,18.40211105395887,50.03170938715097,0,Mon-Th,0,2025-01-08,Mon-Th,0,26
14,5.429866800435959,39.477867256505036,0,Mon-Th,0,2025-01-08,Mon-Th,0,26
14,2.4878846892806656,4.908743241346299,0,Mon-Th,0,2025-01-08,Mon-Th,0,26
23,7.856197168764378,11.195255917912336,0,Mon-Th,0,2025-01-08,Mon-Th,0,26
21,8.929469441443658,13.476135961747786,0,Mon-Th,0,2025-01-08,Mon-Th,0,26
23,13.935722904339954,12.849021980916543,0,Mon-Th,0,2025-01-08,Mon-Th,0,26
13,20.367760807562398,6.457807883850028,0,Mon-Th,0,2025-01-08,Mon-Th,0,26
23,10.809606944521683,31.168246061053445,0,Mon-Th,0,2025-01-08,Mon-Th,0,26
18,12.412653795507428,16.401790415813434,0,Mon-Th,0,2025-01-08,Mon-Th,0,26
20,16.055953457560573,6.832473941057618,0,Mon-Th,0,2025-01-08,Mon-Th,0,26
16,15.730161219326824,13.235174219281571,0,Mon-Th,0,2025-01-08,Mon-Th,0,26
22,8.463992441241377,7.879715349611712,0,Mon-Th,0,2025-01-08,Mon-Th,0,26
14,8.440028835551974,17.80099769896887,0,Mon-Th,0,2025-01-08,Mon-Th,0,26
16,21.815855535814563,19.293333715413592,0,Mon-Th,0,2025-01-08,Mon-Th,0,26
5,6.2460218404943895,21.123501370143345,0,Mon-Th,0,2025-01-08,Mon-Th,0,26
19,14.389792096528996,47.04027380546208,0,Mon-Th,0,2025-01-08,Mon-Th,0,26
18,3.110303343975462,5.191690391696568,0,Mon-Th,0,2025-01-08,Mon-Th,0,26
16,13.61927510162279,10.974075547437238,0,Mon-Th,0,2025-01-08,Mon-Th,0,26
20,12.198219967212584,8.935779628505275,0,Mon-Th,0,2025-01-08,Mon-Th,0,26
14,37.412230121297746,3.636384968288919,0,Mon-Th,0,2025-01-08,Mon-Th,0,26
19,17.385828415037995,6.683108345909677,0,Mon-Th,0,2025-01-08,Mon-Th,0,26
21,11.163675256166371,23.84210184150154,0,Mon-Th,0,2025-01-08,Mon-Th,0,26
15,13.588984279656657,11.050324471582329,0,Mon-Th,0,2025-01-08,Mon-Th,0,26
23,6.4566278955757666,5.620662048394906,0,Mon-Th,0,2025-01-08,Mon-Th,0,26
16,9.580545483739627,3.2228020043856933,0,Mon-Th,0,2025-01-08,Mon-Th,0,26
15,2.3319664341627178,6.607511711470351,0,Mon-Th,0,2025-01-09,Mon-Th,0,20
14,11.946639074535135,42.59629274425734,0,Mon-Th,0,2025-01-09,Mon-Th,0,20
16,21.491655825591653,10.915512523945326,0,Mon-Th,0,2025-01-09,Mon-Th,0,20
17,7.291013972847106,3.4150599560070125,0,Mon-Th,0,2025-01-09,Mon-Th,0,20
15,12.265582319825366,12.532893674672696,0,Mon-Th,0,2025-01-09,Mon-Th,0,20
23,3.8068603718397407,18.882275962019424,0,Mon-Th,0,2025-01-09,Mon-Th,0,20
20,9.339534175442498,15.536847748494138,0,Mon-Th,0,2025-01-09,Mon-Th,0,20
16,25.89149501807274,10.61717426318513,0,Mon-Th,0,2025-01-09,Mon-Th,0,20
14,25.481213068401868,20.760424771807404,0,Mon-Th,0,2025-01-09,Mon-Th,0,20
23,12.629669612792537,3.697654461834503,0,Mon-Th,0,2025-01-09,Mon-Th,0,20
4,2.160331098016439,0.7422258329061284,0,Mon-Th,0,2025-01-09,Mon-Th,0,20
13,19.651358361770335,3.3721682229302354,0,Mon-Th,0,2025-01-09,Mon-Th,0,20
16,27.170674788822154,19.700488707482936,0,Mon-Th,0,2025-01-09,Mon-Th,0,20
18,14.105976356496562,18.51073528791874,0,Mon-Th,0,2025-01-09,Mon-Th,0,20
13,2.115113683848567,9.952781923417396,0,Mon-Th,0,2025-01-09,Mon-Th,0,20
7,7.080766548656113,7.427558429676935,0,Mon-Th,0,2025-01-09,Mon-Th,0,20
14,18.579200389981924,9.532901199621302,0,Mon-Th,0,2025-01-09,Mon-Th,0,20
19,4.331619419874638,13.66724357940002,0,Mon-Th,0,2025-01-09,Mon-Th,0,20
17,15.27714518552057,12.764221438425826,0,Mon-Th,0,2025-01-09,Mon-Th,0,20
23,13.666465927760665,19.428492153345182,0,Mon-Th,0,2025-01-09,Mon-Th,0,20
17,34.81750909270582,24.54156327021944,0,Mon-Th,0,2025-01-13,Mon-Th,0,15
13,7.969429140372352,4.472247426137406,0,Mon-Th,0,2025-01-13,Mon-Th,0,15
19,12.118481272181985,2.162001267318807,0,Mon-Th,0,2025-01-13,Mon-Th,0,15
22,5.296991969794339,6.50034507070681,0,Mon-Th,0,2025-01-13,Mon-Th,0,15
20,15.259651057231917,7.360844271257155,0,Mon-Th,0,2025-01-13,Mon-Th,0,15
22,12.134927555606357,11.18445584631638,0,Mon-Th,0,2025-01-13,Mon-Th,0,15
17,12.995368067850013,10.859152693049419,0,Mon-Th,0,2025-01-13,Mon-Th,0,15
19,9.47699417200242,29.385557209762883,0,Mon-Th,0,2025-01-13,Mon-Th,0,15
16,7.0915094040186535,5.198277610271217,0,Mon-Th,0,2025-01-13,Mon-Th,0,15
19,11.13054795155698,11.26219526326868,0,Mon-Th,0,2025-01-13,Mon-Th,0,15
8,2.2280258021620236,6.004637503084578,0,Mon-Th,0,2025-01-13,Mon-Th,0,15
21,5.283704606944103,9.217803604040364,0,Mon-Th,0,2025-01-13,Mon-Th,0,15
19,4.204284862053816,13.34614942827582,0,Mon-Th,0,2025-01-13,Mon-Th,0,15
17,19.750077007127913,32.32170106428446,0,Mon-Th,0,2025-01-13,Mon-Th,0,15
18,6.586944819098634,23.969362101390917,0,Mon-Th,0,2025-01-13,Mon-Th,0,15
18,6.263371598987681,6.640978917044792,0,Mon-Th,0,2025-01-14,Mon-Th,0,28
21,7.0650408299861285,5.764307875516687,0,Mon-Th,0,2025-01-14,Mon-Th,0,28
21,10.119871391744937,12.740191464777078,0,Mon-Th,0,2025-01-14,Mon-Th,0,28
22,10.10558943190603,12.631788956791643,0,Mon-Th,0,2025-01-14,Mon-Th,0,28
17,10.572087616427524,17.162601036187745,0,Mon-Th,0,2025-01-14,Mon-Th,0,28
12,2.8782952977617198,5.315150252883787,0,Mon-Th,0,2025-01-14,Mon-Th,0,28
19,2.7626507289750935,5.98637583086017,0,Mon-Th,0,2025-01-14,Mon-Th,0,28
20,10.319226988609387,3.8928536459912495,0,Mon-Th,0,2025-01-14,Mon-Th,0,28
20,12.385094974571686,7.049554630360475,0,Mon-Th,0,2025-01-14,Mon-Th,0,28
23,10.991553300617692,4.671502977153507,0,Mon-Th,0,2025-01-14,Mon-Th,0,28
19,12.625132109855567,13.4848150591033,0,Mon-Th,0,2025-01-14,Mon-Th,0,28
23,24.52396029462992,3.654979339158304,0,Mon-Th,0,2025-01-14,Mon-Th,0,28
20,10.323680788783022,6.812672402167029,0,Mon-Th,0,2025-01-14,Mon-Th,0,28
18,6.91480624314326,11.041676964672995,0,Mon-Th,0,2025-01-14,Mon-Th,0,28
9,7.050999301940685,8.441599501346362,0,Mon-Th,0,2025-01-14,Mon-Th,0,28
19,9.37415282687073,38.29853881040743,0,Mon-Th,0,2025-01-14,Mon-Th,0,28
18,14.157091547022915,7.749330795985376,0,Mon-Th,0,2025-01-14,Mon-Th,0,28
19,32.485624906024086,7.441258860434516,0,Mon-Th,0,2025-01-14,Mon-Th,0,28
19,15.914097974812329,6.915567865909587,0,Mon-Th,0,2025-01-14,Mon-Th,0,28
15,9.712160141533216,6.0285850928381,0,Mon-Th,0,2025-01-14,Mon-Th,0,28
21,11.482249744225342,9.076011946961126,0,Mon-Th,0,2025-01-14,Mon-Th,0,28
15,15.767273547822636,8.987274967094145,0,Mon-Th,0,2025-01-14,Mon-Th,0,28
20,9.133255689231554,15.147374471346808,0,Mon-Th,0,2025-01-14,Mon-Th,0,28
20,14.381798361299065,7.286711798343538,0,Mon-Th,0,2025-01-14,Mon-Th,0,28
20,12.300623657404095,7.088591006047828,0,Mon-Th,0,2025-01-14,Mon-Th,0,28
13,6.732249187800108,3.8825574435740133,0,Mon-Th,0,2025-01-14,Mon-Th,0,28
20,12.325653347429743,2.7246267475754404,0,Mon-Th,0,2025-01-14,Mon-Th,0,28
19,8.20323110466023,24.3465971547588,0,Mon-Th,0,2025-01-14,Mon-Th,0,28
20,3.4232897885999747,4.932554280794263,0,Mon-Th,0,2025-01-15,Mon-Th,0,26
17,25.98649746083425,5.104513708081999,0,Mon-Th,0,2025-01-15,Mon-Th,0,26
17,2.510094975533678,11.79519617287233,0,Mon-Th,0,2025-01-15,Mon-Th,0,26
17,14.211613501158297,4.015308799486843,0,Mon-Th,0,2025-01-15,Mon-Th,0,26
2,22.033007731652596,5.303551031823655,0,Mon-Th,0,2025-01-15,Mon-Th,0,26
18,9.473014018907186,14.630619011861222,0,Mon-Th,0,2025-01-15,Mon-Th,0,26
17,15.87512655960347,14.247050595760612,0,Mon-Th,0,2025-01-15,Mon-Th,0,26
23,20.84801660270436,7.821601835922311,0,Mon-Th,0,2025-01-15,Mon-Th,0,26
17,15.587596620130363,23.393361351661902,0,Mon-Th,0,2025-01-15,Mon-Th,0,26
14,3.6458544138109374,3.415578021375616,0,Mon-Th,0,2025-01-15,Mon-Th,0,26
17,14.745118339527771,11.66287659728201,0,Mon-Th,0,2025-01-15,Mon-Th,0,26
16,14.394636927679695,12.703041386337487,0,Mon-Th,0,2025-01-15,Mon-Th,0,26
15,13.538280387173643,4.317836979881645,0,Mon-Th,0,2025-01-15,Mon-Th,0,26
23,10.330095115911856,2.210962372609676,0,Mon-Th,0,2025-01-15,Mon-Th,0,26
17,11.130355795879815,12.188374398025283,0,Mon-Th,0,2025-01-15,Mon-Th,0,26
17,16.728604069807485,12.229074018325806,0,Mon-Th,0,2025-01-15,Mon-Th,0,26
22,7.077643972349883,12.593673169340926,0,Mon-Th,0,2025-01-15,Mon-Th,0,26
18,10.287193629060994,7.054364179096282,0,Mon-Th,0,2025-01-15,Mon-Th,0,26
11,13.82949119079857,4.4570620392362486,0,Mon-Th,0,2025-01-15,Mon-Th,0,26
22,13.822110677646364,8.345935018454368,0,Mon-Th,0,2025-01-15,Mon-Th,0,26
16,10.749511812616078,11.131036409755204,0,Mon-Th,0,2025-01-15,Mon-Th,0,26
20,12.23921169546987,8.205631768428068,0,Mon-Th,0,2025-01-15,Mon-Th,0,26
22,11.214946297582621,44.727698873973786,0,Mon-Th,0,2025-01-15,Mon-Th,0,26
17,14.128514792373032,32.956831589932875,0,Mon-Th,0,2025-01-15,Mon-Th,0,26
20,10.052863205316239,6.931500402731606,0,Mon-Th,0,2025-01-15,Mon-Th,0,26
19,13.077649316059023,5.143334293115362,0,Mon-Th,0,2025-01-15,Mon-Th,0,26
17,2.965288336998672,20.06722094145193,0,Mon-Th,0,2025-01-16,Mon-Th,0,22
22,7.248053024398367,2.7343284363008546,0,Mon-Th,0,2025-01-16,Mon-Th,0,22
15,26.83344430317479,15.039419974622689,0,Mon-Th,0,2025-01-16,Mon-Th,0,22
16,12.022356783763911,2.4714596776098796,0,Mon-Th,0,2025-01-16,Mon-Th,0,22
16,18.670205967130897,34.789081432484785,0,Mon-Th,0,2025-01-16,Mon-Th,0,22
23,9.84604369433615,26.833936993413413,0,Mon-Th,0,2025-01-16,Mon-Th,0,22
23,3.6097523218468774,12.189210089349857,0,Mon-Th,0,2025-01-16,Mon-Th,0,22
20,13.323704179036358,11.335779452363901,0,Mon-Th,0,2025-01-16,Mon-Th,0,22
18,4.655758089637608,3.060965125524496,0,Mon-Th,0,2025-01-16,Mon-Th,0,22
19,9.681501607456623,6.229085805103076,0,Mon-Th,0,2025-01-16,Mon-Th,0,22
14,4.775934246015561,4.458401446412952,0,Mon-Th,0,2025-01-16,Mon-Th,0,22
16,12.323447174858305,10.944246271098638,0,Mon-Th,0,2025-01-16,Mon-Th,0,22
13,7.879736156980561,1.7208424382246783,0,Mon-Th,0,2025-01-16,Mon-Th,0,22
12,23.474614516217397,26.244428191846115,0,Mon-Th,0,2025-01-16,Mon-Th,0,22
23,7.132382554002413,7.030639983108898,0,Mon-Th,0,2025-01-16,Mon-Th,0,22
20,14.31317174758506,5.208369779158246,0,Mon-Th,0,2025-01-16,Mon-Th,0,22
15,15.567839750162904,7.982345271779536,0,Mon-Th,0,2025-01-16,Mon-Th,0,22
18,3.274970009396611,7.503760636914855,0,Mon-Th,0,2025-01-16,Mon-Th,0,22
17,16.53540628260676,12.494640765323146,0,Mon-Th,0,2025-01-16,Mon-Th,0,22
20,11.927775488381826,20.502797917353842,0,Mon-Th,0,2025-01-16,Mon-Th,0,22
20,15.017630818355396,1.0170968330752117,0,Mon-Th,0,2025-01-16,Mon-Th,0,22
21,19.688278186136586,65.56873284960635,0,Mon-Th,0,2025-01-16,Mon-Th,0,22
14,44.835508497839044,3.813679296353646,0,Mon-Th,0,2025-01-20,Mon-Th,0,23
23,7.725253402366852,9.509285859812987,0,Mon-Th,0,2025-01-20,Mon-Th,0,23
17,16.404133894141758,8.649942906578575,0,Mon-Th,0,2025-01-20,Mon-Th,0,23
10,44.893424471752496,5.758783621296583,0,Mon-Th,0,2025-01-20,Mon-Th,0,23
19,3.3436254784663495,4.772446319394305,0,Mon-Th,0,2025-01-20,Mon-Th,0,23
16,12.22258486459527,3.3194433192327297,0,Mon-Th,0,2025-01-20,Mon-Th,0,23
11,2.5175965216876013,3.7895279367175307,0,Mon-Th,0,2025-01-20,Mon-Th,0,23
22,9.781026199414864,11.129282239431996,0,Mon-Th,0,2025-01-20,Mon-Th,0,23
19,21.320512910230196,14.195923545031441,0,Mon-Th,0,2025-01-20,Mon-Th,0,23
22,12.017464077654147,16.69214691746045,0,Mon-Th,0,2025-01-20,Mon-Th,0,23
16,16.375438922134787,19.385726946605775,0,Mon-Th,0,2025-01-20,Mon-Th,0,23
18,21.876990639685854,18.847179328754976,0,Mon-Th,0,2025-01-20,Mon-Th,0,23
13,4.328256160416606,3.3384314181872314,0,Mon-Th,0,2025-01-20,Mon-Th,0,23
16,8.124367379780736,30.446041491807694,0,Mon-Th,0,2025-01-20,Mon-Th,0,23
21,7.4041265305610064,17.627992428640656,0,Mon-Th,0,2025-01-20,Mon-Th,0,23
16,14.195213451725142,5.288415012939388,0,Mon-Th,0,2025-01-20,Mon-Th,0,23
11,6.953566773578177,7.946437025363216,0,Mon-Th,0,2025-01-20,Mon-Th,0,23
22,9.439908414327132,4.147392734731083,0,Mon-Th,0,2025-01-20,Mon-Th,0,23
14,9.455260616145896,8.667253302788872,0,Mon-Th,0,2025-01-20,Mon-Th,0,23
23,12.987369769966111,6.912836714598679,0,Mon-Th,0,2025-01-20,Mon-Th,0,23
20,15.556879672046815,6.16539618237597,0,Mon-Th,0,2025-01-20,Mon-Th,0,23
21,14.615844060906397,18.21410081856309,0,Mon-Th,0,2025-01-20,Mon-Th,0,23
21,8.555902364213402,5.673986069284343,0,Mon-Th,0,2025-01-20,Mon-Th,0,23
17,13.920773425090978,11.906079251867226,0,Mon-Th,0,2025-01-21,Mon-Th,0,16
4,17.96052551568506,4.63640639313579,0,Mon-Th,0,2025-01-21,Mon-Th,0,16
23,7.751453171326896,11.033693385671771,0,Mon-Th,0,2025-01-21,Mon-Th,0,16
15,7.310095851020392,10.704273632041346,0,Mon-Th,0,2025-01-21,Mon-Th,0,16
19,2.118515700497419,4.6411647071302315,0,Mon-Th,0,2025-01-21,Mon-Th,0,16
13,10.806130506167325,3.5395049186644245,0,Mon-Th,0,2025-01-21,Mon-Th,0,16
21,11.512383865002935,8.938462557878701,0,Mon-Th,0,2025-01-21,Mon-Th,0,16
17,3.8747306520330946,3.570470035998194,0,Mon-Th,0,2025-01-21,Mon-Th,0,16
16,3.1517332100270874,17.727898035426765,0,Mon-Th,0,2025-01-21,Mon-Th,0,16
22,30.69852574403734,7.009822680876328,0,Mon-Th,0,2025-01-21,Mon-Th,0,16
18,38.31550029400149,25.109787898615753,0,Mon-Th,0,2025-01-21,Mon-Th,0,16
20,15.027318546609663,4.512338104045446,0,Mon-Th,0,2025-01-21,Mon-Th,0,16
17,13.735171344166186,1.9683255360044905,0,Mon-Th,0,2025-01-21,Mon-Th,0,16
23,5.963752123779045,2.3335505488347175,0,Mon-Th,0,2025-01-21,Mon-Th,0,16
10,4.614795106753465,7.8768437053210745,0,Mon-Th,0,2025-01-21,Mon-Th,0,16
20,20.560482929332984,4.289402991431457,0,Mon-Th,0,2025-01-21,Mon-Th,0,16
17,27.496874215428523,16.83298890059324,0,Mon-Th,0,2025-01-22,Mon-Th,0,33
18,15.732120911621898,8.541430753854966,0,Mon-Th,0,2025-01-22,Mon-Th,0,33
19,9.180697866998432,26.836533530930897,0,Mon-Th,0,2025-01-22,Mon-Th,0,33
18,26.081205646442356,0.7538595474557424,0,Mon-Th,0,2025-01-22,Mon-Th,0,33
13,21.277105136614665,7.368265802561623,0,Mon-Th,0,2025-01-22,Mon-Th,0,33
15,3.4033111159249225,5.48817556489532,0,Mon-Th,0,2025-01-22,Mon-Th,0,33
18,16.195985632055223,17.32837985791262,0,Mon-Th,0,2025-01-22,Mon-Th,0,33
16,10.381513937265257,5.527869115014383,0,Mon-Th,0,2025-01-22,Mon-Th,0,33
13,9.915960229274248,5.9690422363357145,0,Mon-Th,0,2025-01-22,Mon-Th,0,33
16,18.73581670865617,18.10649244940428,0,Mon-Th,0,2025-01-22,Mon-Th,0,33
22,8.56922959612548,11.959753665971084,0,Mon-Th,0,2025-01-22,Mon-Th,0,33
17,21.113862651061567,13.444507996978885,0,Mon-Th,0,2025-01-22,Mon-Th,0,33
15,4.213914401922986,14.552498947969607,0,Mon-Th,0,2025-01-22,Mon-Th,0,33
15,8.22404502481917,2.4704069642641473,0,Mon-Th,0,2025-01-22,Mon-Th,0,33
21,2.609486024390814,9.297500456358247,0,Mon-Th,0,2025-01-22,Mon-Th,0,33
23,10.886112495858526,13.002110470213053,0,Mon-Th,0,2025-01-22,Mon-Th,0,33
14,5.457285931753562,8.992690757630484,0,Mon-Th,0,2025-01-22,Mon-Th,0,33
23,18.93414240434604,34.818130146563384,0,Mon-Th,0,2025-01-22,Mon-Th,0,33
7,11.613175864709135,17.069175714641922,0,Mon-Th,0,2025-01-22,Mon-Th,0,33
18,13.935915828732643,27.6873960467102,0,Mon-Th,0,2025-01-22,Mon-Th,0,33
18,13.932252870719594,9.261439341590522,0,Mon-Th,0,2025-01-22,Mon-Th,0,33
17,3.8843735261098633,11.898458810788838,0,Mon-Th,0,2025-01-22,Mon-Th,0,33
17,20.207996254136557,5.012939976311132,0,Mon-Th,0,2025-01-22,Mon-Th,0,33
15,5.135255276309612,10.248801330942012,0,Mon-Th,0,2025-01-22,Mon-Th,0,33
17,11.608578186665603,9.506185625481251,0,Mon-Th,0,2025-01-22,Mon-Th,0,33
0,14.517535550247398,21.255580168559675,0,Mon-Th,0,2025-01-22,Mon-Th,0,33
21,9.530657569520404,1.7561183639572004,0,Mon-Th,0,2025-01-22,Mon-Th,0,33
22,11.048806851522485,9.664473908045277,0,Mon-Th,0,2025-01-22,Mon-Th,0,33
14,21.234002660931072,3.445851430218852,0,Mon-Th,0,2025-01-22,Mon-Th,0,33
17,17.08866556296237,1.6378814836158395,0,Mon-Th,0,2025-01-22,Mon-Th,0,33
18,4.404874470366236,12.610334198429086,0,Mon-Th,0,2025-01-22,Mon-Th,0,33
20,12.292627910810555,5.97521522873834,0,Mon-Th,0,2025-01-22,Mon-Th,0,33
17,16.088660535702278,8.227189917865235,0,Mon-Th,0,2025-01-22,Mon-Th,0,33
20,9.362798390333584,1.4848598079455135,0,Mon-Th,0,2025-01-23,Mon-Th,0,18
16,3.919006933307504,3.4431267598862485,0,Mon-Th,0,2025-01-23,Mon-Th,0,18
23,14.815161401243106,12.452767248368922,0,Mon-Th,0,2025-01-23,Mon-Th,0,18
20,14.429561951639737,15.43169544837638,0,Mon-Th,0,2025-01-23,Mon-Th,0,18
17,23.673334967815947,14.18378334222316,0,Mon-Th,0,2025-01-23,Mon-Th,0,18
18,12.924149974155029,14.336407662546652,0,Mon-Th,0,2025-01-23,Mon-Th,0,18
14,29.62754022650692,5.847686566096965,0,Mon-Th,0,2025-01-23,Mon-Th,0,18
13,19.097646964202,1.8051135699393939,0,Mon-Th,0,2025-01-23,Mon-Th,0,18
12,17.57364225979865,41.95375692974072,0,Mon-Th,0,2025-01-23,Mon-Th,0,18
16,13.091969991065039,38.728459599698105,0,Mon-Th,0,2025-01-23,Mon-Th,0,18
20,9.997721077871233,5.0023176908737765,0,Mon-Th,0,2025-01-23,Mon-Th,0,18
0,15.23863073806518,10.638757424161433,0,Mon-Th,0,2025-01-23,Mon-Th,0,18
16,2.4020247093652225,6.370575087288645,0,Mon-Th,0,2025-01-23,Mon-Th,0,18
15,14.330501841234042,48.88456025838584,0,Mon-Th,0,2025-01-23,Mon-Th,0,18
9,2.8290606273975363,5.481960705713375,0,Mon-Th,0,2025-01-23,Mon-Th,0,18
21,9.842392141756761,10.244395725327614,0,Mon-Th,0,2025-01-23,Mon-Th,0,18
17,11.330711559579765,5.973548423872289,0,Mon-Th,0,2025-01-23,Mon-Th,0,18
18,8.861298816602993,13.159747906040938,0,Mon-Th,0,2025-01-23,Mon-Th,0,18
20,13.936147466280733,11.862214725134187,0,Mon-Th,0,2025-01-27,Mon-Th,0,20
14,25.520213440075665,12.45753236605314,0,Mon-Th,0,2025-01-27,Mon-Th,0,20
1,6.800542981339021,17.09562286568763,0,Mon-Th,0,2025-01-27,Mon-Th,0,20
17,12.284972182581463,5.990501639336289,0,Mon-Th,0,2025-01-27,Mon-Th,0,20
12,4.660988511157095,2.7997184675509894,0,Mon-Th,0,2025-01-27,Mon-Th,0,20
15,25.035308265175548,10.007515387491711,0,Mon-Th,0,2025-01-27,Mon-Th,0,20
15,18.13920378223628,13.087485052689315,0,Mon-Th,0,2025-01-27,Mon-Th,0,20
16,18.452960298163994,27.430740929351497,0,Mon-Th,0,2025-01-27,Mon-Th,0,20
11,20.785223340866253,0.5643807566884483,0,Mon-Th,0,2025-01-27,Mon-Th,0,20
19,11.550301117582581,8.640581542180042,0,Mon-Th,0,2025-01-27,Mon-Th,0,20
17,12.986362170612843,2.0012425756109957,0,Mon-Th,0,2025-01-27,Mon-Th,0,20
16,2.84307068795105,4.544712482032646,0,Mon-Th,0,2025-01-27,Mon-Th,0,20
15,15.557329257110595,8.65652132094678,0,Mon-Th,0,2025-01-27,Mon-Th,0,20
21,11.056668403183238,19.73332544762429,0,Mon-Th,0,2025-01-27,Mon-Th,0,20
15,17.063809743345967,3.473278662298071,0,Mon-Th,0,2025-01-27,Mon-Th,0,20
16,5.840587565161531,5.244015627869085,0,Mon-Th,0,2025-01-27,Mon-Th,0,20
16,8.91641117096368,10.444894168974823,0,Mon-Th,0,2025-01-27,Mon-Th,0,20
12,22.219590506250718,2.979459580577055,0,Mon-Th,0,2025-01-27,Mon-Th,0,20
16,12.415763106388344,11.487630869038547,0,Mon-Th,0,2025-01-27,Mon-Th,0,20
19,12.6693755438207,4.21802970780725,0,Mon-Th,0,2025-01-27,Mon-Th,0,20
19,15.7240619473815,6.706630239982716,0,Mon-Th,0,2025-01-28,Mon-Th,0,16
18,4.177360072297825,7.842702504136752,0,Mon-Th,0,2025-01-28,Mon-Th,0,16
20,9.63587862308103,11.755201430655353,0,Mon-Th,0,2025-01-28,Mon-Th,0,16
20,11.914421996911923,10.724215203061293,0,Mon-Th,0,2025-01-28,Mon-Th,0,16
20,9.76680891447857,4.1034000527939885,0,Mon-Th,0,2025-01-28,Mon-Th,0,16
18,2.6673509038569967,4.547308907965282,0,Mon-Th,0,2025-01-28,Mon-Th,0,16
17,34.65361151190007,26.86234217469304,0,Mon-Th,0,2025-01-28,Mon-Th,0,16
20,13.077644354833431,9.425413664365063,0,Mon-Th,0,2025-01-28,Mon-Th,0,16
16,11.162858164910695,17.66695041715742,0,Mon-Th,0,2025-01-28,Mon-Th,0,16
19,6.532479003573167,34.01568828852134,0,Mon-Th,0,2025-01-28,Mon-Th,0,16
11,9.00051867899869,11.734357144193913,0,Mon-Th,0,2025-01-28,Mon-Th,0,16
11,25.552386161742803,10.89507336054437,0,Mon-Th,0,2025-01-28,Mon-Th,0,16
20,12.130991150396849,23.5578574747111,0,Mon-Th,0,2025-01-28,Mon-Th,0,16
18,12.032225434444896,16.564554632574037,0,Mon-Th,0,2025-01-28,Mon-Th,0,16
20,12.587753689768398,12.493293824703779,0,Mon-Th,0,2025-01-28,Mon-Th,0,16
15,19.107107519152528,10.610731376306218,0,Mon-Th,0,2025-01-28,Mon-Th,0,16
13,10.43883630834144,0.5338427699205931,0,Mon-Th,0,2025-01-29,Mon-Th,0,24
19,7.574734969857365,12.676938743362449,0,Mon-Th,0,2025-01-29,Mon-Th,0,24
21,13.15184065883157,1.240879295382951,0,Mon-Th,0,2025-01-29,Mon-Th,0,24
20,9.831906031819155,38.987115397139945,0,Mon-Th,0,2025-01-29,Mon-Th,0,24
17,2.0200492292419914,3.701177801624625,0,Mon-Th,0,2025-01-29,Mon-Th,0,24
18,12.059974126874199,13.137481583957577,0,Mon-Th,0,2025-01-29,Mon-Th,0,24
19,15.485133318872741,10.312324762994834,0,Mon-Th,0,2025-01-29,Mon-Th,0,24
20,9.97705861950791,9.422480556038286,0,Mon-Th,0,2025-01-29,Mon-Th,0,24
23,8.688401081598094,38.74106336066808,0,Mon-Th,0,2025-01-29,Mon-Th,0,24
6,9.950539707206083,1.836934205483993,0,Mon-Th,0,2025-01-29,Mon-Th,0,24
16,6.244126485129614,6.100575447022986,0,Mon-Th,0,2025-01-29,Mon-Th,0,24
16,5.158330908621733,4.174481571618306,0,Mon-Th,0,2025-01-29,Mon-Th,0,24
20,12.218027004377415,1.9278782573666793,0,Mon-Th,0,2025-01-29,Mon-Th,0,24
17,10.620771348185265,7.274493693807067,0,Mon-Th,0,2025-01-29,Mon-Th,0,24
17,21.205853126446648,5.189512304475307,0,Mon-Th,0,2025-01-29,Mon-Th,0,24
21,13.584920998887064,7.026841106988924,0,Mon-Th,0,2025-01-29,Mon-Th,0,24
20,8.3386340442678,18.054818449817347,0,Mon-Th,0,2025-01-29,Mon-Th,0,24
17,19.58705843401797,4.021550096920904,0,Mon-Th,0,2025-01-29,Mon-Th,0,24
15,15.216034750762422,3.1862900063573685,0,Mon-Th,0,2025-01-29,Mon-Th,0,24
20,12.218093764563132,14.712074378691822,0,Mon-Th,0,2025-01-29,Mon-Th,0,24
17,3.190941455109734,7.9849308543605915,0,Mon-Th,0,2025-01-29,Mon-Th,0,24
17,2.9905150404198264,3.9254794180408332,0,Mon-Th,0,2025-01-29,Mon-Th,0,24
13,15.35980693280089,14.48169100577615,0,Mon-Th,0,2025-01-29,Mon-Th,0,24
23,12.143551932487927,10.99146504114687,0,Mon-Th,0,2025-01-29,Mon-Th,0,24
19,12.281724870048382,14.422833746749983,0,Mon-Th,0,2025-01-30,Mon-Th,0,19
17,14.038910289038615,8.414293168726314,0,Mon-Th,0,2025-01-30,Mon-Th,0,19
21,9.643546464633209,4.735327354866564,0,Mon-Th,0,2025-01-30,Mon-Th,0,19
23,10.556441115326006,47.85031167119216,0,Mon-Th,0,2025-01-30,Mon-Th,0,19
23,15.289634540596655,3.643833041834603,0,Mon-Th,0,2025-01-30,Mon-Th,0,19
18,11.937564777443573,7.045732453688263,0,Mon-Th,0,2025-01-30,Mon-Th,0,19
17,11.519841999758633,47.15726833019086,0,Mon-Th,0,2025-01-30,Mon-Th,0,19
20,11.043570459099932,13.820466010679047,0,Mon-Th,0,2025-01-30,Mon-Th,0,19
21,10.15474913864071,8.25065507042254,0,Mon-Th,0,2025-01-30,Mon-Th,0,19
16,26.383802541047107,11.73753243133833,0,Mon-Th,0,2025-01-30,Mon-Th,0,19
20,12.494288356952122,6.5730854643179235,0,Mon-Th,0,2025-01-30,Mon-Th,0,19
11,2.6081028690542842,14.783500495197465,0,Mon-Th,0,2025-01-30,Mon-Th,0,19
20,10.877654030508886,17.462947983872258,0,Mon-Th,0,2025-01-30,Mon-Th,0,19
16,3.8264515307408904,5.162599752170115,0,Mon-Th,0,2025-01-30,Mon-Th,0,19
21,12.08079104703636,6.789404060296766,0,Mon-Th,0,2025-01-30,Mon-Th,0,19
17,16.013608504507996,6.816335460889008,0,Mon-Th,0,2025-01-30,Mon-Th,0,19
13,2.4202180310743073,12.18419936035882,0,Mon-Th,0,2025-01-30,Mon-Th,0,19
16,15.750349371872446,9.20471060317316,0,Mon-Th,0,2025-01-30,Mon-Th,0,19
21,6.560688756545293,10.014066981550938,0,Mon-Th,0,2025-01-30,Mon-Th,0,19
18,42.90382629005983,7.499914512214004,0,Mon-Th,0,2025-02-03,Mon-Th,0,24
21,12.212142020502569,16.02205635594907,0,Mon-Th,0,2025-02-03,Mon-Th,0,24
18,13.973613180484282,18.100368138691103,0,Mon-Th,0,2025-02-03,Mon-Th,0,24
17,13.260391898531605,6.531881080592815,0,Mon-Th,0,2025-02-03,Mon-Th,0,24
15,20.96271905540541,8.782903096915607,0,Mon-Th,0,2025-02-03,Mon-Th,0,24
17,2.882027841302694,8.662865158225879,0,Mon-Th,0,2025-02-03,Mon-Th,0,24
13,7.493942286754103,9.11925627557451,0,Mon-Th,0,2025-02-03,Mon-Th,0,24
16,10.760289244478216,18.082804353620396,0,Mon-Th,0,2025-02-03,Mon-Th,0,24
21,10.491894073324048,3.928746476146565,0,Mon-Th,0,2025-02-03,Mon-Th,0,24
20,8.239410218385705,15.101701932193212,0,Mon-Th,0,2025-02-03,Mon-Th,0,24
18,10.505495587498501,8.869892489642302,0,Mon-Th,0,2025-02-03,Mon-Th,0,24
19,16.107653677371168,35.905131671778214,0,Mon-Th,0,2025-02-03,Mon-Th,0,24
14,3.2665782932892036,0.802188657310281,0,Mon-Th,0,2025-02-03,Mon-Th,0,24
20,8.77344068940625,6.765891693634072,0,Mon-Th,0,2025-02-03,Mon-Th,0,24
11,3.728693764973491,12.248359859285644,0,Mon-Th,0,2025-02-03,Mon-Th,0,24
21,3.92633407299494,9.099565819352135,0,Mon-Th,0,2025-02-03,Mon-Th,0,24
14,16.190621927801473,2.6095020146041223,0,Mon-Th,0,2025-02-03,Mon-Th,0,24
18,2.732515178877093,7.457491112000927,0,Mon-Th,0,2025-02-03,Mon-Th,0,24
15,36.33085012388609,2.512845229798425,0,Mon-Th,0,2025-02-03,Mon-Th,0,24
19,9.204988978721289,7.3230353144408395,0,Mon-Th,0,2025-02-03,Mon-Th,0,24
23,25.21099454584583,4.846058385278951,0,Mon-Th,0,2025-02-03,Mon-Th,0,24
14,3.7462697828071425,13.683653909019903,0,Mon-Th,0,2025-02-03,Mon-Th,0,24
9,24.12923347730628,1.0242663153621754,0,Mon-Th,0,2025-02-03,Mon-Th,0,24
18,9.507038530082243,14.297277484400079,0,Mon-Th,0,2025-02-03,Mon-Th,0,24
13,4.391000111771677,11.021467497728871,0,Mon-Th,0,2025-02-04,Mon-Th,0,21
17,2.9057449168873184,9.019074564015051,0,Mon-Th,0,2025-02-04,Mon-Th,0,21
17,20.671660347823092,18.42777523468496,0,Mon-Th,0,2025-02-04,Mon-Th,0,21
21,9.679471695548546,11.464875640768108,0,Mon-Th,0,2025-02-04,Mon-Th,0,21
18,4.742734712581777,14.339096935667326,0,Mon-Th,0,2025-02-04,Mon-Th,0,21
22,12.760080434598166,11.064427035719463,0,Mon-Th,0,2025-02-04,Mon-Th,0,21
15,8.689364839248562,48.298720502298075,0,Mon-Th,0,2025-02-04,Mon-Th,0,21
20,11.344343418721333,2.248385678375838,0,Mon-Th,0,2025-02-04,Mon-Th,0,21
9,2.829234944290948,24.333888784539436,0,Mon-Th,0,2025-02-04,Mon-Th,0,21
15,2.668599463845437,9.765340586967076,0,Mon-Th,0,2025-02-04,Mon-Th,0,21
19,14.771392054936157,29.247992603627473,0,Mon-Th,0,2025-02-04,Mon-Th,0,21
21,12.557874964965048,13.772128177818532,0,Mon-Th,0,2025-02-04,Mon-Th,0,21
17,3.6990867923043815,11.097875698183875,0,Mon-Th,0,2025-02-04,Mon-Th,0,21
16,17.40895456800123,10.885866637228476,0,Mon-Th,0,2025-02-04,Mon-Th,0,21
20,8.856632133050788,5.0787360194030935,0,Mon-Th,0,2025-02-04,Mon-Th,0,21
0,15.973145465700306,12.480506407259384,0,Mon-Th,0,2025-02-04,Mon-Th,0,21
10,22.70340950716106,9.567925209480023,0,Mon-Th,0,2025-02-04,Mon-Th,0,21
8,21.602706356410913,5.34320549904848,0,Mon-Th,0,2025-02-04,Mon-Th,0,21
0,20.1819527567437,16.342713845128653,0,Mon-Th,0,2025-02-04,Mon-Th,0,21
19,11.465901221944641,6.664031464900649,0,Mon-Th,0,2025-02-04,Mon-Th,0,21
18,15.46806072550796,23.453099527555153,0,Mon-Th,0,2025-02-04,Mon-Th,0,21
20,4.935390896124263,8.577212967745663,0,Mon-Th,0,2025-02-05,Mon-Th,0,29
17,18.66866907295895,6.05253940831008,0,Mon-Th,0,2025-02-05,Mon-Th,0,29
21,14.882915291538218,27.898080464081065,0,Mon-Th,0,2025-02-05,Mon-Th,0,29
20,15.311875817499605,8.425910624715156,0,Mon-Th,0,2025-02-05,Mon-Th,0,29
19,12.985744979310585,7.7346499131232225,0,Mon-Th,0,2025-02-05,Mon-Th,0,29
20,13.238071334958608,27.860996624804457,0,Mon-Th,0,2025-02-05,Mon-Th,0,29
21,10.90811950927414,5.063086004594363,0,Mon-Th,0,2025-02-05,Mon-Th,0,29
19,13.164850153662858,5.033489482035897,0,Mon-Th,0,2025-02-05,Mon-Th,0,29
19,21.426622654897546,5.208607451876855,0,Mon-Th,0,2025-02-05,Mon-Th,0,29
16,21.06072440785318,11.47613047357529,0,Mon-Th,0,2025-02-05,Mon-Th,0,29
18,13.628263089961788,12.251554560451853,0,Mon-Th,0,2025-02-05,Mon-Th,0,29
14,13.901390314002434,11.858941355474714,0,Mon-Th,0,2025-02-05,Mon-Th,0,29
10,4.114256917376471,1.0920637393953818,0,Mon-Th,0,2025-02-05,Mon-Th,0,29
20,2.0289862523703452,8.016776044008074,0,Mon-Th,0,2025-02-05,Mon-Th,0,29
15,4.142067322708558,24.044412741917785,0,Mon-Th,0,2025-02-05,Mon-Th,0,29
21,12.291845075812766,24.521024778897473,0,Mon-Th,0,2025-02-05,Mon-Th,0,29
20,17.46673803562072,10.485104005181311,0,Mon-Th,0,2025-02-05,Mon-Th,0,29
22,10.811708974701581,5.626343051040339,0,Mon-Th,0,2025-02-05,Mon-Th,0,29
7,5.912695254073206,3.093441952936331,0,Mon-Th,0,2025-02-05,Mon-Th,0,29
21,10.962852198853021,5.954719906070341,0,Mon-Th,0,2025-02-05,Mon-Th,0,29
19,8.655401444869065,10.541861407368524,0,Mon-Th,0,2025-02-05,Mon-Th,0,29
21,10.999010403521286,14.551115494907837,0,Mon-Th,0,2025-02-05,Mon-Th,0,29
19,10.342876437042563,6.304378259328237,0,Mon-Th,0,2025-02-05,Mon-Th,0,29
12,6.473799233979449,5.852186577626729,0,Mon-Th,0,2025-02-05,Mon-Th,0,29
20,11.913401673342968,16.212133100716166,0,Mon-Th,0,2025-02-05,Mon-Th,0,29
18,12.375901466244148,54.3568506321627,0,Mon-Th,0,2025-02-05,Mon-Th,0,29
19,13.962345900895848,9.827551649720306,0,Mon-Th,0,2025-02-05,Mon-Th,0,29
21,12.268238091537132,9.711637982238473,0,Mon-Th,0,2025-02-05,Mon-Th,0,29
23,2.067269644402426,10.425179661613745,0,Mon-Th,0,2025-02-05,Mon-Th,0,29
16,19.27645992798374,10.611727764492834,0,Mon-Th,0,2025-02-06,Mon-Th,0,16
20,12.48037672663422,18.28821800864963,0,Mon-Th,0,2025-02-06,Mon-Th,0,16
16,10.266458462851414,5.875455659088166,0,Mon-Th,0,2025-02-06,Mon-Th,0,16
20,12.977545514610249,57.482979698985524,0,Mon-Th,0,2025-02-06,Mon-Th,0,16
12,15.84056870073939,21.28358810028803,0,Mon-Th,0,2025-02-06,Mon-Th,0,16
15,13.264404573337533,21.665710105513952,0,Mon-Th,0,2025-02-06,Mon-Th,0,16
18,4.500324537295329,4.373013210967199,0,Mon-Th,0,2025-02-06,Mon-Th,0,16
11,11.616045021890397,10.906927752952175,0,Mon-Th,0,2025-02-06,Mon-Th,0,16
15,8.459905212733819,1.689977010713573,0,Mon-Th,0,2025-02-06,Mon-Th,0,16
12,2.370980517651153,11.477207246891961,0,Mon-Th,0,2025-02-06,Mon-Th,0,16
16,18.286453063623544,3.1586284199335433,0,Mon-Th,0,2025-02-06,Mon-Th,0,16
16,26.980005358324853,14.384502513316598,0,Mon-Th,0,2025-02-06,Mon-Th,0,16
15,16.510963670527165,2.9593239152394393,0,Mon-Th,0,2025-02-06,Mon-Th,0,16
22,9.03288366174641,10.723944645244844,0,Mon-Th,0,2025-02-06,Mon-Th,0,16
16,14.949470912279335,22.233760956871215,0,Mon-Th,0,2025-02-06,Mon-Th,0,16
13,2.344795557710564,3.6875668982612417,0,Mon-Th,0,2025-02-06,Mon-Th,0,16
21,11.46082670264478,5.510989179702437,0,Friday,0,2025-01-03,Friday,0,16
2,13.299777647119889,2.8415168171275287,0,Friday,0,2025-01-03,Friday,0,16
14,16.757754970621935,6.974243668691952,0,Friday,0,2025-01-03,Friday,0,16
23,10.4501617795121,6.346591858856446,0,Friday,0,2025-01-03,Friday,0,16
12,23.818930453278362,6.265303806260136,0,Friday,0,2025-01-03,Friday,0,16
13,17.58176814159053,9.364386444407387,0,Friday,0,2025-01-03,Friday,0,16
10,45.22363861526522,8.01893337741528,0,Friday,0,2025-01-03,Friday,0,16
11,14.246286247006744,7.489123156094211,0,Friday,0,2025-01-03,Friday,0,16
13,36.938559586363,20.12839891569434,0,Friday,0,2025-01-03,Friday,0,16
18,23.64153351293827,21.984004417753933,0,Friday,0,2025-01-03,Friday,0,16
15,2.2588347380984173,14.15940465902944,0,Friday,0,2025-01-03,Friday,0,16
21,42.34657882552955,21.876499392712567,0,Friday,0,2025-01-03,Friday,0,16
17,2.2889531312546683,22.29089492695709,0,Friday,0,2025-01-03,Friday,0,16
19,12.090577212777369,12.09252966662957,0,Friday,0,2025-01-03,Friday,0,16
18,24.487178717936526,7.857958318250551,0,Friday,0,2025-01-03,Friday,0,16
14,3.7098446352881265,2.1630715226206316,0,Friday,0,2025-01-03,Friday,0,16
17,21.285883777092153,2.1675279404708068,0,Friday,0,2025-01-10,Friday,0,24
19,16.551180406724125,13.48319867795413,0,Friday,0,2025-01-10,Friday,0,24
19,7.435736081845564,16.209782371531244,0,Friday,0,2025-01-10,Friday,0,24
22,7.527144594931874,13.382235110396044,0,Friday,0,2025-01-10,Friday,0,24
17,16.165832893900387,16.343524167277835,0,Friday,0,2025-01-10,Friday,0,24
17,12.32698929745531,32.95448775700938,0,Friday,0,2025-01-10,Friday,0,24
17,17.59897500588391,10.814116708700718,0,Friday,0,2025-01-10,Friday,0,24
13,3.70778270121359,6.175702588468476,0,Friday,0,2025-01-10,Friday,0,24
20,11.828894062013557,3.029691879834,0,Friday,0,2025-01-10,Friday,0,24
18,13.932880385531224,14.23860740175639,0,Friday,0,2025-01-10,Friday,0,24
19,12.50703089085711,11.52694723618633,0,Friday,0,2025-01-10,Friday,0,24
22,5.863814773825889,10.306487385179812,0,Friday,0,2025-01-10,Friday,0,24
19,21.482261367683066,22.069374135399084,0,Friday,0,2025-01-10,Friday,0,24
9,6.424642329323904,9.358561949317142,0,Friday,0,2025-01-10,Friday,0,24
15,8.45380689463584,8.214656381902772,0,Friday,0,2025-01-10,Friday,0,24
8,5.863940401644528,8.46287505744807,0,Friday,0,2025-01-10,Friday,0,24
23,11.31970611901085,23.014662802081453,0,Friday,0,2025-01-10,Friday,0,24
15,2.100647932649042,6.592550082728067,0,Friday,0,2025-01-10,Friday,0,24
20,11.440135424532446,16.073216323433897,0,Friday,0,2025-01-10,Friday,0,24
18,4.924599762841892,14.288281655783559,0,Friday,0,2025-01-10,Friday,0,24
16,67.46601493851865,24.655352058636378,0,Friday,0,2025-01-10,Friday,0,24
9,3.92172471119736,5.8495194298021245,0,Friday,0,2025-01-10,Friday,0,24
16,8.96540281376415,8.143567854942404,0,Friday,0,2025-01-10,Friday,0,24
23,4.300255957904632,31.579922573577576,0,Friday,0,2025-01-10,Friday,0,24
20,10.091946695573547,18.67736726025333,0,Friday,0,2025-01-17,Friday,0,21
18,12.591640357207279,9.53876875764727,0,Friday,0,2025-01-17,Friday,0,21
4,8.456521262481242,8.598562472696495,0,Friday,0,2025-01-17,Friday,0,21
13,20.18532136407603,10.123158856626139,0,Friday,0,2025-01-17,Friday,0,21
15,6.380844110556512,11.22408970434353,0,Friday,0,2025-01-17,Friday,0,21
16,4.56114552473822,14.984602990795754,0,Friday,0,2025-01-17,Friday,0,21
17,3.014578786251059,12.115189430343113,0,Friday,0,2025-01-17,Friday,0,21
18,11.812459587049787,8.265207917931667,0,Friday,0,2025-01-17,Friday,0,21
10,14.623047702001042,3.9518397270871954,0,Friday,0,2025-01-17,Friday,0,21
20,5.76549302961384,6.665204473615846,0,Friday,0,2025-01-17,Friday,0,21
22,9.389769993822274,10.37421616229413,0,Friday,0,2025-01-17,Friday,0,21
15,19.992101016076482,30.723591191159937,0,Friday,0,2025-01-17,Friday,0,21
22,5.14513435151828,10.49180464618003,0,Friday,0,2025-01-17,Friday,0,21
13,113.36674249413046,30.535628854442827,0,Friday,0,2025-01-17,Friday,0,21
22,14.669118006022053,9.170723917623004,0,Friday,0,2025-01-17,Friday,0,21
16,21.28793025118342,37.24787428494133,0,Friday,0,2025-01-17,Friday,0,21
18,14.660744089013825,21.89312872268886,0,Friday,0,2025-01-17,Friday,0,21
18,2.850389785080753,8.384192110215272,0,Friday,0,2025-01-17,Friday,0,21
19,20.46549627866852,27.234625367293987,0,Friday,0,2025-01-17,Friday,0,21
23,9.886195021875132,13.619083918182215,0,Friday,0,2025-01-17,Friday,0,21
14,18.3703503351292,8.069481243417377,0,Friday,0,2025-01-17,Friday,0,21
10,11.58594277838316,5.481026783964485,0,Friday,0,2025-01-24,Friday,0,22
17,15.932036331096242,18.04073286368929,0,Friday,0,2025-01-24,Friday,0,22
12,6.736625126919059,9.28091175197372,0,Friday,0,2025-01-24,Friday,0,22
18,16.50199696876542,2.2232343737646794,0,Friday,0,2025-01-24,Friday,0,22
23,16.35980089149065,12.98494819529488,0,Friday,0,2025-01-24,Friday,0,22
18,16.705891659960965,16.161023143954434,0,Friday,0,2025-01-24,Friday,0,22
13,20.144596198802493,18.342834489670388,0,Friday,0,2025-01-24,Friday,0,22
12,15.369750919616592,4.3749433218020135,0,Friday,0,2025-01-24,Friday,0,22
23,15.909805859234371,9.073053644727581,0,Friday,0,2025-01-24,Friday,0,22
19,11.79657128913868,13.589699503799215,0,Friday,0,2025-01-24,Friday,0,22
14,6.6999305067401425,6.579010846881106,0,Friday,0,2025-01-24,Friday,0,22
9,3.723698725610303,13.971920428376736,0,Friday,0,2025-01-24,Friday,0,22
15,27.990632442916613,8.947192445524193,0,Friday,0,2025-01-24,Friday,0,22
16,16.72030802482488,7.5787304766769825,0,Friday,0,2025-01-24,Friday,0,22
19,20.76944163311705,16.36883828098531,0,Friday,0,2025-01-24,Friday,0,22
20,12.632815001228327,2.2211673617613066,0,Friday,0,2025-01-24,Friday,0,22
18,50.5748483876074,4.418820183443384,0,Friday,0,2025-01-24,Friday,0,22
17,25.209277074373276,5.181416244193348,0,Friday,0,2025-01-24,Friday,0,22
16,16.95950588428745,6.705217469252349,0,Friday,0,2025-01-24,Friday,0,22
17,10.57299672506364,7.874640509587867,0,Friday,0,2025-01-24,Friday,0,22
0,2.935367407985922,15.57023779996351,0,Friday,0,2025-01-24,Friday,0,22
19,17.522903868834142,6.626993350790348,0,Friday,0,2025-01-24,Friday,0,22
17,20.54172830493732,17.363093906379422,0,Friday,0,2025-01-31,Friday,0,23
20,14.860873020588745,10.481091318721113,0,Friday,0,2025-01-31,Friday,0,23
12,8.014154302676229,38.79384070476213,0,Friday,0,2025-01-31,Friday,0,23
9,29.3960686124509,10.98923496848092,0,Friday,0,2025-01-31,Friday,0,23
14,4.475343017105022,1.422302125511142,0,Friday,0,2025-01-31,Friday,0,23
18,2.1912733761118086,7.430423759116042,0,Friday,0,2025-01-31,Friday,0,23
17,25.758509647298236,6.824839858707198,0,Friday,0,2025-01-31,Friday,0,23
16,2.651442423137409,10.700936524571038,0,Friday,0,2025-01-31,Friday,0,23
14,13.993575383928121,1.8103899132914254,0,Friday,0,2025-01-31,Friday,0,23
13,30.99286750027003,27.319277487575917,0,Friday,0,2025-01-31,Friday,0,23
17,5.606310780932468,8.369285964562811,0,Friday,0,2025-01-31,Friday,0,23
22,10.518445204640926,7.607436561505889,0,Friday,0,2025-01-31,Friday,0,23
17,36.63591791472832,0.5395387478707271,0,Friday,0,2025-01-31,Friday,0,23
17,3.905172983789048,4.993153626660237,0,Friday,0,2025-01-31,Friday,0,23
17,23.301896686520102,4.033267101166329,0,Friday,0,2025-01-31,Friday,0,23
13,4.7235077012755,4.1564188543674065,0,Friday,0,2025-01-31,Friday,0,23
19,18.45671184589891,8.20320314512188,0,Friday,0,2025-01-31,Friday,0,23
19,14.185415574698997,29.395324888519724,0,Friday,0,2025-01-31,Friday,0,23
20,14.30347452226163,5.331341283821255,0,Friday,0,2025-01-31,Friday,0,23
20,14.033672685542477,22.38537058091493,0,Friday,0,2025-01-31,Friday,0,23
21,14.087142081532853,43.15139788160946,0,Friday,0,2025-01-31,Friday,0,23
14,22.33820174395656,3.340949564068267,0,Friday,0,2025-01-31,Friday,0,23
18,2.0638917774008347,8.096203844698081,0,Friday,0,2025-01-31,Friday,0,23
20,13.633122558973003,16.702888678478498,0,Friday,0,2025-02-07,Friday,0,24
13,17.359114117663623,9.401451313255322,0,Friday,0,2025-02-07,Friday,0,24
14,23.644103920690583,6.07242959891719,0,Friday,0,2025-02-07,Friday,0,24
21,12.156883837780239,22.07694646728133,0,Friday,0,2025-02-07,Friday,0,24
20,8.074198251535734,2.6609590143794914,0,Friday,0,2025-02-07,Friday,0,24
15,9.161381466367708,1.1765200342159634,0,Friday,0,2025-02-07,Friday,0,24
16,17.678910175515284,15.572550808819258,0,Friday,0,2025-02-07,Friday,0,24
15,21.20930185078262,0.6661440146928967,0,Friday,0,2025-02-07,Friday,0,24
15,46.598314183491745,3.145692672114702,0,Friday,0,2025-02-07,Friday,0,24
18,14.843465258583151,28.229764204362983,0,Friday,0,2025-02-07,Friday,0,24
13,31.1054612743655,6.787330941986952,0,Friday,0,2025-02-07,Friday,0,24
16,36.897652346304945,6.357302267513581,0,Friday,0,2025-02-07,Friday,0,24
8,2.4994172712980394,5.769879654259644,0,Friday,0,2025-02-07,Friday,0,24
17,18.3625102314084,50.99298564311113,0,Friday,0,2025-02-07,Friday,0,24
22,10.045595751350131,14.806412459208651,0,Friday,0,2025-02-07,Friday,0,24
8,14.640170873178803,7.904506986017553,0,Friday,0,2025-02-07,Friday,0,24
13,26.745113653644594,14.490809817294615,0,Friday,0,2025-02-07,Friday,0,24
18,10.28891805219622,2.6253671655585205,0,Friday,0,2025-02-07,Friday,0,24
0,68.6435500843747,10.059872580562114,0,Friday,0,2025-02-07,Friday,0,24
19,9.170268758636748,19.81893806371611,0,Friday,0,2025-02-07,Friday,0,24
17,2.6933591973515356,21.501721472742037,0,Friday,0,2025-02-07,Friday,0,24
23,10.8201606321716,2.2534435984879826,0,Friday,0,2025-02-07,Friday,0,24
19,13.036594020768142,8.037413832537602,0,Friday,0,2025-02-07,Friday,0,24
17,2.284704466704821,5.115093618695859,0,Friday,0,2025-02-07,Friday,0,24
21,34.885259196610576,16.849731918561083,0,Friday,0,2025-02-14,Friday,0,24
20,20.409790358825862,62.35592241153219,0,Friday,0,2025-02-14,Friday,0,24
22,9.488858935535625,12.2008555601939,0,Friday,0,2025-02-14,Friday,0,24
13,4.722612785890049,5.570504401092796,0,Friday,0,2025-02-14,Friday,0,24
19,31.96330436999192,7.182032365261541,0,Friday,0,2025-02-14,Friday,0,24
17,5.073754723551289,1.1277072592537414,0,Friday,0,2025-02-14,Friday,0,24
23,11.727808726359044,25.97380816969342,0,Friday,0,2025-02-14,Friday,0,24
10,2.830244749774577,1.8236797288194944,0,Friday,0,2025-02-14,Friday,0,24
21,11.681333493427069,10.140894326704599,0,Friday,0,2025-02-14,Friday,0,24
16,2.9547243145210498,11.657947293963938,0,Friday,0,2025-02-14,Friday,0,24
21,9.642995019878683,19.593839110365646,0,Friday,0,2025-02-14,Friday,0,24
18,2.674296402230168,7.698690938579392,0,Friday,0,2025-02-14,Friday,0,24
20,10.739671846411785,6.138650315439026,0,Friday,0,2025-02-14,Friday,0,24
3,9.947740539715284,7.136944785940477,0,Friday,0,2025-02-14,Friday,0,24
9,4.447223281019294,7.430666589677114,0,Friday,0,2025-02-14,Friday,0,24
13,20.129169876128927,33.1724134413298,0,Friday,0,2025-02-14,Friday,0,24
8,6.243340398655494,21.512481491322408,0,Friday,0,2025-02-14,Friday,0,24
19,4.989374007611553,34.884863937727005,0,Friday,0,2025-02-14,Friday,0,24
12,4.833220045407373,3.8398863304920097,0,Friday,0,2025-02-14,Friday,0,24
20,26.719783091898947,10.680021815034403,0,Friday,0,2025-02-14,Friday,0,24
16,18.921027927041642,20.57920791291758,0,Friday,0,2025-02-14,Friday,0,24
21,13.771347187838476,11.514431515940748,0,Friday,0,2025-02-14,Friday,0,24
10,4.013494492948556,6.491196182947919,0,Friday,0,2025-02-14,Friday,0,24
19,21.91078975827085,24.457330796778496,0,Friday,0,2025-02-14,Friday,0,24
20,11.914228122100724,2.2069488814372074,0,Friday,0,2025-02-21,Friday,0,29
5,11.584092569096747,0.9015073220148131,0,Friday,0,2025-02-21,Friday,0,29
17,13.77784500249712,7.834674506650985,0,Friday,0,2025-02-21,Friday,0,29
17,22.026519959790182,3.628469603500788,0,Friday,0,2025-02-21,Friday,0,29
14,4.561381099094358,5.129624898348374,0,Friday,0,2025-02-21,Friday,0,29
14,4.08873965652403,11.783189752801785,0,Friday,0,2025-02-21,Friday,0,29
20,12.36430858426214,9.497626884879887,0,Friday,0,2025-02-21,Friday,0,29
13,27.690650610129644,17.91306111015488,0,Friday,0,2025-02-21,Friday,0,29
23,35.24421623777911,24.306852178695504,0,Friday,0,2025-02-21,Friday,0,29
18,10.179761997836334,7.680638747428454,0,Friday,0,2025-02-21,Friday,0,29
16,16.513174908068724,2.7903640688772073,0,Friday,0,2025-02-21,Friday,0,29
20,27.154172818042184,1.6773200529210053,0,Friday,0,2025-02-21,Friday,0,29
17,2.2043582738213017,10.301069333559669,0,Friday,0,2025-02-21,Friday,0,29
13,18.015647601450564,9.77687588492494,0,Friday,0,2025-02-21,Friday,0,29
20,2.7451214556403616,22.905091892330844,0,Friday,0,2025-02-21,Friday,0,29
18,20.39412432823987,3.4196023492978584,0,Friday,0,2025-02-21,Friday,0,29
19,13.460262968543336,5.739797565809163,0,Friday,0,2025-02-21,Friday,0,29
19,14.908278575721585,44.5819989264655,0,Friday,0,2025-02-21,Friday,0,29
18,7.453037772697884,10.6508022628516,0,Friday,0,2025-02-21,Friday,0,29
18,17.216993818882845,14.683313312430542,0,Friday,0,2025-02-21,Friday,0,29
12,16.369486207965302,5.25828366322399,0,Friday,0,2025-02-21,Friday,0,29
17,18.380969686077535,5.3063808818559535,0,Friday,0,2025-02-21,Friday,0,29
18,14.314913619669447,18.75820478888056,0,Friday,0,2025-02-21,Friday,0,29
9,10.264858038781767,3.8392818596109937,0,Friday,0,2025-02-21,Friday,0,29
20,8.779669234649916,10.50118623054133,0,Friday,0,2025-02-21,Friday,0,29
18,23.618860651684905,7.436276939798393,0,Friday,0,2025-02-21,Friday,0,29
19,12.137686594658266,5.264099300791356,0,Friday,0,2025-02-21,Friday,0,29
23,32.73918236899324,58.13083325125469,0,Friday,0,2025-02-21,Friday,0,29
23,11.158256492956067,20.83455776604949,0,Friday,0,2025-02-21,Friday,0,29
14,2.377126989343708,13.629269909260953,0,Friday,0,2025-02-28,Friday,0,23
21,6.505359937646424,9.134498538322555,0,Friday,0,2025-02-28,Friday,0,23
16,13.191719355629381,9.187539236005541,0,Friday,0,2025-02-28,Friday,0,23
19,10.324767682881465,2.7153187194227577,0,Friday,0,2025-02-28,Friday,0,23
16,24.165287979538032,11.983488170607636,0,Friday,0,2025-02-28,Friday,0,23
22,4.390074506382822,2.4126380299067316,0,Friday,0,2025-02-28,Friday,0,23
16,4.426053004817767,4.796258245373017,0,Friday,0,2025-02-28,Friday,0,23
23,7.680559792932292,9.269251636835902,0,Friday,0,2025-02-28,Friday,0,23
19,16.312111877520348,4.749898072782604,0,Friday,0,2025-02-28,Friday,0,23
9,9.52683870251905,7.915095125077522,0,Friday,0,2025-02-28,Friday,0,23
14,19.678010836188356,22.141808830900192,0,Friday,0,2025-02-28,Friday,0,23
17,15.78780599384746,3.309845809166622,0,Friday,0,2025-02-28,Friday,0,23
16,16.910237697678802,6.338051440041827,0,Friday,0,2025-02-28,Friday,0,23
20,9.606939400489019,18.241008323225234,0,Friday,0,2025-02-28,Friday,0,23
23,14.018192318972265,10.561887075988789,0,Friday,0,2025-02-28,Friday,0,23
16,15.45655354917016,4.201480837206207,0,Friday,0,2025-02-28,Friday,0,23
18,21.153770024322014,6.565541686129425,0,Friday,0,2025-02-28,Friday,0,23
21,12.833193948142732,6.494993605224184,0,Friday,0,2025-02-28,Friday,0,23
21,34.20823424786963,7.5299146885202335,0,Friday,0,2025-02-28,Friday,0,23
23,8.61750589475745,6.2567811249167455,0,Friday,0,2025-02-28,Friday,0,23
19,2.771593475432937,13.343363537526185,0,Friday,0,2025-02-28,Friday,0,23
18,16.068025689353746,31.419607899401825,0,Friday,0,2025-02-28,Friday,0,23
21,2.846756334191286,12.355099728253922,0,Friday,0,2025-02-28,Friday,0,23
15,12.78014912038044,3.7528715590930037,0,Friday,0,2025-03-07,Friday,0,24
18,13.667345637358007,15.863046920575405,0,Friday,0,2025-03-07,Friday,0,24
23,24.681256376478764,15.732143048465533,0,Friday,0,2025-03-07,Friday,0,24
23,17.204229770618664,13.39949633409108,0,Friday,0,2025-03-07,Friday,0,24
20,12.093608019392192,10.407254226956217,0,Friday,0,2025-03-07,Friday,0,24
23,4.992848619366478,4.90893859044842,0,Friday,0,2025-03-07,Friday,0,24
21,9.397159909671768,23.038191217779524,0,Friday,0,2025-03-07,Friday,0,24
23,15.265399003247456,34.17232033878044,0,Friday,0,2025-03-07,Friday,0,24
23,8.722909449373745,13.462354946676712,0,Friday,0,2025-03-07,Friday,0,24
12,14.707441477032077,14.01133229636054,0,Friday,0,2025-03-07,Friday,0,24
16,30.16646433468369,25.379405761034036,0,Friday,0,2025-03-07,Friday,0,24
23,5.9140831527262785,13.648677781135627,0,Friday,0,2025-03-07,Friday,0,24
14,13.944281078609318,7.35899715532258,0,Friday,0,2025-03-07,Friday,0,24
19,12.075296063041293,21.98725666083423,0,Friday,0,2025-03-07,Friday,0,24
21,2.7180255663013453,6.70481032467416,0,Friday,0,2025-03-07,Friday,0,24
16,2.4654903164818447,6.079310187695392,0,Friday,0,2025-03-07,Friday,0,24
23,10.545952090759261,31.49715938992632,0,Friday,0,2025-03-07,Friday,0,24
14,14.965699601950838,3.746936968712947,0,Friday,0,2025-03-07,Friday,0,24
18,43.78763226546558,4.979917027642694,0,Friday,0,2025-03-07,Friday,0,24
12,9.294316458919573,5.22930949482732,0,Friday,0,2025-03-07,Friday,0,24
14,24.538318727348184,10.899457271038745,0,Friday,0,2025-03-07,Friday,0,24
11,9.304922840159062,8.317515538094613,0,Friday,0,2025-03-07,Friday,0,24
18,12.85611477026713,10.670062902718067,0,Friday,0,2025-03-07,Friday,0,24
17,14.198082938958908,23.82068291236077,0,Friday,0,2025-03-07,Friday,0,24
19,10.897300338468778,37.8447531002766,0,Friday,0,2025-03-14,Friday,0,18
19,4.4232430044943465,12.040951454237687,0,Friday,0,2025-03-14,Friday,0,18
13,26.956281418724203,5.112675781006311,0,Friday,0,2025-03-14,Friday,0,18
16,8.898440820627233,1.7807896287917704,0,Friday,0,2025-03-14,Friday,0,18
23,25.395648117039162,16.95681602836448,0,Friday,0,2025-03-14,Friday,0,18
20,31.745487463793832,58.79124473334352,0,Friday,0,2025-03-14,Friday,0,18
20,13.96221948598384,9.24236350685162,0,Friday,0,2025-03-14,Friday,0,18
16,7.89200306412988,6.847872886656694,0,Friday,0,2025-03-14,Friday,0,18
20,18.837532205557782,11.719130982385265,0,Friday,0,2025-03-14,Friday,0,18
18,8.851420695699524,16.524239798257145,0,Friday,0,2025-03-14,Friday,0,18
13,13.533256031369572,7.379041862851513,0,Friday,0,2025-03-14,Friday,0,18
16,10.023078412681677,6.3195287462036225,0,Friday,0,2025-03-14,Friday,0,18
11,17.229512405178316,2.373923416143435,0,Friday,0,2025-03-14,Friday,0,18
21,10.637356826147972,0.7247159426866181,0,Friday,0,2025-03-14,Friday,0,18
10,3.4628038904056635,5.344635371508659,0,Friday,0,2025-03-14,Friday,0,18
14,2.5434776590527335,2.774847545007697,0,Friday,0,2025-03-14,Friday,0,18
16,16.650331284164587,10.490649266763775,0,Friday,0,2025-03-14,Friday,0,18
17,14.289299454958417,17.124956588514866,0,Friday,0,2025-03-14,Friday,0,18
15,15.153542267825802,10.78583768869177,0,Friday,0,2025-12-26,Friday,0,24
14,7.612541291932966,9.639308506354837,0,Friday,0,2025-12-26,Friday,0,24
22,10.547947483852735,10.739317191292633,0,Friday,0,2025-12-26,Friday,0,24
22,51.56241302793494,3.456290037985095,0,Friday,0,2025-12-26,Friday,0,24
19,16.7723262474069,7.517382461762716,0,Friday,0,2025-12-26,Friday,0,24
18,2.2097369147090773,3.200497199132948,0,Friday,0,2025-12-26,Friday,0,24
18,16.443555731508045,4.75299784547302,0,Friday,0,2025-12-26,Friday,0,24
12,3.827866208983089,5.323228444111954,0,Friday,0,2025-12-26,Friday,0,24
17,9.360135166252427,22.249914192768294,0,Friday,0,2025-12-26,Friday,0,24
20,22.976851789746274,3.6013650470331173,0,Friday,0,2025-12-26,Friday,0,24
22,6.5924330289459165,12.772895345478089,0,Friday,0,2025-12-26,Friday,0,24
17,21.61660261189031,9.35897029071001,0,Friday,0,2025-12-26,Friday,0,24
20,7.908810010421928,18.20329866110861,0,Friday,0,2025-12-26,Friday,0,24
20,5.214723676897582,2.520950804903344,0,Friday,0,2025-12-26,Friday,0,24
14,43.34043812266436,2.7914198072539627,0,Friday,0,2025-12-26,Friday,0,24
16,42.08224479279707,2.596703551578466,0,Friday,0,2025-12-26,Friday,0,24
20,50.08763057338853,5.86197861741039,0,Friday,0,2025-12-26,Friday,0,24
23,14.01647947480889,6.769772763120156,0,Friday,0,2025-12-26,Friday,0,24
20,14.116929949823273,17.113857693798284,0,Friday,0,2025-12-26,Friday,0,24
17,2.4640805181907943,8.013473492996834,0,Friday,0,2025-12-26,Friday,0,24
20,16.58768396651737,23.754406417424246,0,Friday,0,2025-12-26,Friday,0,24
13,5.3357245467790815,11.369892340257271,0,Friday,0,2025-12-26,Friday,0,24
23,10.991044135635192,2.3195554789849835,0,Friday,0,2025-12-26,Friday,0,24
22,12.031447628173826,6.315347440816431,0,Friday,0,2025-12-26,Friday,0,24
15,30.681203320612834,12.735233387684355,0,Saturday,0,2025-01-04,Saturday,0,16
13,11.504046836432558,20.439302106157033,0,Saturday,0,2025-01-04,Saturday,0,16
17,16.013377659168995,25.22025849931817,0,Saturday,0,2025-01-04,Saturday,0,16
15,6.359979320931517,7.476328238209057,0,Saturday,0,2025-01-04,Saturday,0,16
12,18.57828527009653,11.02138815398443,0,Saturday,0,2025-01-04,Saturday,0,16
17,6.141310452660378,4.959427886345753,0,Saturday,0,2025-01-04,Saturday,0,16
10,12.13312592797038,15.166648199724133,0,Saturday,0,2025-01-04,Saturday,0,16
23,11.989871053656113,9.497996931432017,0,Saturday,0,2025-01-04,Saturday,0,16
5,11.841043582884037,24.84139031689684,0,Saturday,0,2025-01-04,Saturday,0,16
16,3.385774516320116,2.196573405546255,0,Saturday,0,2025-01-04,Saturday,0,16
16,19.298615498281556,14.987693641532006,0,Saturday,0,2025-01-04,Saturday,0,16
17,18.519795851392598,2.5299170995606026,0,Saturday,0,2025-01-04,Saturday,0,16
22,11.344991148420814,24.66640940864594,0,Saturday,0,2025-01-04,Saturday,0,16
18,2.265557236077439,8.147128080414095,0,Saturday,0,2025-01-04,Saturday,0,16
15,2.2724335600655157,5.329464689530792,0,Saturday,0,2025-01-04,Saturday,0,16
19,9.404836692701098,8.144506411123418,0,Saturday,0,2025-01-04,Saturday,0,16
15,8.969804925180414,20.818000393784324,0,Saturday,0,2025-01-11,Saturday,0,22
14,4.048725953691564,9.763114115853176,0,Saturday,0,2025-01-11,Saturday,0,22
18,15.11543357839173,21.843034819988024,0,Saturday,0,2025-01-11,Saturday,0,22
17,20.838724688350574,3.2606799013498238,0,Saturday,0,2025-01-11,Saturday,0,22
21,3.5538253137129603,12.12713135292468,0,Saturday,0,2025-01-11,Saturday,0,22
15,6.555669529548863,3.527485084826477,0,Saturday,0,2025-01-11,Saturday,0,22
21,5.726587291225188,10.450445250167789,0,Saturday,0,2025-01-11,Saturday,0,22
15,14.994056206392646,8.71687705637685,0,Saturday,0,2025-01-11,Saturday,0,22
16,15.65822320414027,2.737494555819487,0,Saturday,0,2025-01-11,Saturday,0,22
14,2.2887871365436663,2.2124788453593944,0,Saturday,0,2025-01-11,Saturday,0,22
21,4.8572865848496125,24.01573446353083,0,Saturday,0,2025-01-11,Saturday,0,22
23,11.208089093470207,45.088182602245574,0,Saturday,0,2025-01-11,Saturday,0,22
22,20.423250870530268,21.30714743908858,0,Saturday,0,2025-01-11,Saturday,0,22
20,17.65441546339417,5.96360944681993,0,Saturday,0,2025-01-11,Saturday,0,22
14,21.540677839844705,8.395303976359179,0,Saturday,0,2025-01-11,Saturday,0,22
23,10.964511968872678,5.208620416065988,0,Saturday,0,2025-01-11,Saturday,0,22
19,22.558672066571752,12.217392078480442,0,Saturday,0,2025-01-11,Saturday,0,22
18,23.743843886227232,46.57922699978811,0,Saturday,0,2025-01-11,Saturday,0,22
18,5.259749788698027,7.017267491688708,0,Saturday,0,2025-01-11,Saturday,0,22
20,4.280727696310701,14.031181085403775,0,Saturday,0,2025-01-11,Saturday,0,22
16,6.6727706891711005,23.479929658338936,0,Saturday,0,2025-01-11,Saturday,0,22
12,3.9783501284795495,14.797947544796685,0,Saturday,0,2025-01-11,Saturday,0,22
18,19.048741298293393,6.002483933745523,0,Saturday,0,2025-01-18,Saturday,0,14
20,10.829727516955085,7.371717597275892,0,Saturday,0,2025-01-18,Saturday,0,14
15,2.6879759141076436,3.214545945366604,0,Saturday,0,2025-01-18,Saturday,0,14
18,15.312358934319821,23.73671156693846,0,Saturday,0,2025-01-18,Saturday,0,14
23,10.638994503971137,8.800580680650567,0,Saturday,0,2025-01-18,Saturday,0,14
19,16.981334939538584,18.782881047529127,0,Saturday,0,2025-01-18,Saturday,0,14
17,15.913415289159058,23.069594953199655,0,Saturday,0,2025-01-18,Saturday,0,14
4,9.407963483944892,2.2274494196238646,0,Saturday,0,2025-01-18,Saturday,0,14
16,3.9783972144628,8.273010475856033,0,Saturday,0,2025-01-18,Saturday,0,14
15,2.8936004915770255,9.175240792956753,0,Saturday,0,2025-01-18,Saturday,0,14
18,5.882342751641401,15.185301738909967,0,Saturday,0,2025-01-18,Saturday,0,14
22,10.280130948450957,8.319411422512722,0,Saturday,0,2025-01-18,Saturday,0,14
15,57.95269514672976,1.7571331066969316,0,Saturday,0,2025-01-18,Saturday,0,14
18,28.865343210753608,6.324123965616266,0,Saturday,0,2025-01-18,Saturday,0,14
16,14.938081434905452,7.685677050193259,0,Saturday,0,2025-01-25,Saturday,0,12
19,14.160216033777669,20.77786229248306,0,Saturday,0,2025-01-25,Saturday,0,12
21,7.154783304506961,9.041866223903936,0,Saturday,0,2025-01-25,Saturday,0,12
12,2.5282035619496246,5.870586873661989,0,Saturday,0,2025-01-25,Saturday,0,12
22,18.250577260452598,34.186658868261325,0,Saturday,0,2025-01-25,Saturday,0,12
21,2.017993867036633,1.661844405938052,0,Saturday,0,2025-01-25,Saturday,0,12
16,17.471998741134183,4.021991480432499,0,Saturday,0,2025-01-25,Saturday,0,12
9,3.6797375308381843,16.483881476152362,0,Saturday,0,2025-01-25,Saturday,0,12
17,12.960421541469287,6.727764436448078,0,Saturday,0,2025-01-25,Saturday,0,12
23,10.676273579365017,18.389628814325576,0,Saturday,0,2025-01-25,Saturday,0,12
16,14.952324461164558,7.664280666991165,0,Saturday,0,2025-01-25,Saturday,0,12
22,2.653685982620889,3.550269992946756,0,Saturday,0,2025-01-25,Saturday,0,12
19,17.871458687711478,17.35436274926273,0,Saturday,0,2025-02-01,Saturday,0,19
20,2.633062703198993,10.89931692626591,0,Saturday,0,2025-02-01,Saturday,0,19
19,15.801395385925236,2.360760884987803,0,Saturday,0,2025-02-01,Saturday,0,19
16,7.642798970981562,26.396691005641205,0,Saturday,0,2025-02-01,Saturday,0,19
15,2.0297989429276635,2.364372894325134,0,Saturday,0,2025-02-01,Saturday,0,19
17,6.441483481932042,2.481792686005183,0,Saturday,0,2025-02-01,Saturday,0,19
19,17.348991306638638,5.973928256581032,0,Saturday,0,2025-02-01,Saturday,0,19
8,10.693945536023246,7.269282798945735,0,Saturday,0,2025-02-01,Saturday,0,19
7,9.99908011337361,9.018483779660624,0,Saturday,0,2025-02-01,Saturday,0,19
20,12.23491473261322,3.668744886315821,0,Saturday,0,2025-02-01,Saturday,0,19
18,2.9986805017351523,3.5003056221473487,0,Saturday,0,2025-02-01,Saturday,0,19
0,13.376735602637225,24.57713357421778,0,Saturday,0,2025-02-01,Saturday,0,19
23,16.202801850816904,5.314683564073492,0,Saturday,0,2025-02-01,Saturday,0,19
16,6.443011418419844,5.78699265142691,0,Saturday,0,2025-02-01,Saturday,0,19
8,8.900930818931089,4.535901775150148,0,Saturday,0,2025-02-01,Saturday,0,19
18,17.574124740260867,28.274623494373667,0,Saturday,0,2025-02-01,Saturday,0,19
4,3.445600982580537,5.652970772760394,0,Saturday,0,2025-02-01,Saturday,0,19
9,4.736192897737502,1.0143875425766746,0,Saturday,0,2025-02-01,Saturday,0,19
20,12.641928951139942,43.19543041629604,0,Saturday,0,2025-02-01,Saturday,0,19
14,14.330861690622843,9.894339106086477,0,Saturday,0,2025-02-08,Saturday,0,13
18,10.981955221895436,6.7060098845321106,0,Saturday,0,2025-02-08,Saturday,0,13
18,14.200784253594616,6.583026475646009,0,Saturday,0,2025-02-08,Saturday,0,13
20,11.374084131308607,21.07206448264152,0,Saturday,0,2025-02-08,Saturday,0,13
15,4.55965235168008,13.310767736116086,0,Saturday,0,2025-02-08,Saturday,0,13
17,50.93194208191509,6.1022787502212275,0,Saturday,0,2025-02-08,Saturday,0,13
17,25.265741604116208,12.879769379666653,0,Saturday,0,2025-02-08,Saturday,0,13
15,17.599767814824595,15.034006354129179,0,Saturday,0,2025-02-08,Saturday,0,13
16,23.913581097066974,22.915211423836116,0,Saturday,0,2025-02-08,Saturday,0,13
15,14.303485254215314,12.6573738923254,0,Saturday,0,2025-02-08,Saturday,0,13
14,2.8423350503571805,5.25560094288969,0,Saturday,0,2025-02-08,Saturday,0,13
20,6.090692028177547,7.014940061272477,0,Saturday,0,2025-02-08,Saturday,0,13
18,24.908091563602213,32.9670086728047,0,Saturday,0,2025-02-08,Saturday,0,13
23,2.1220226144075296,16.60673334397996,0,Saturday,0,2025-02-15,Saturday,0,10
12,29.6418475462817,3.9285577867618935,0,Saturday,0,2025-02-15,Saturday,0,10
10,6.722832914668579,3.411391169541588,0,Saturday,0,2025-02-15,Saturday,0,10
23,7.923940419054982,6.124950345176762,0,Saturday,0,2025-02-15,Saturday,0,10
10,5.951093509625331,4.304435633934206,0,Saturday,0,2025-02-15,Saturday,0,10
12,8.957800388936622,34.06522313992543,0,Saturday,0,2025-02-15,Saturday,0,10
20,13.99850210923761,45.97854208354422,0,Saturday,0,2025-02-15,Saturday,0,10
13,17.11046010019329,9.270475860834784,0,Saturday,0,2025-02-15,Saturday,0,10
19,17.317178086799785,35.46262890050041,0,Saturday,0,2025-02-15,Saturday,0,10
17,13.708499445362094,4.145119951185476,0,Saturday,0,2025-02-15,Saturday,0,10
19,6.210231379955379,10.008679445834327,0,Saturday,0,2025-02-22,Saturday,0,15
20,13.813662337495046,5.75238529567616,0,Saturday,0,2025-02-22,Saturday,0,15
18,11.07528699058296,7.047345128444752,0,Saturday,0,2025-02-22,Saturday,0,15
18,33.07609826748184,7.087235698150292,0,Saturday,0,2025-02-22,Saturday,0,15
21,12.493811957490298,9.471802063751202,0,Saturday,0,2025-02-22,Saturday,0,15
19,16.127294774679612,8.194207332420332,0,Saturday,0,2025-02-22,Saturday,0,15
12,19.395684666416148,3.436767635160532,0,Saturday,0,2025-02-22,Saturday,0,15
18,12.180433507642459,5.416535195771161,0,Saturday,0,2025-02-22,Saturday,0,15
23,6.7132119579149405,28.87991387969899,0,Saturday,0,2025-02-22,Saturday,0,15
16,11.183198313301922,8.000136094170927,0,Saturday,0,2025-02-22,Saturday,0,15
16,39.65436120005381,13.727841032908492,0,Saturday,0,2025-02-22,Saturday,0,15
13,7.573609819583837,2.2101225798754967,0,Saturday,0,2025-02-22,Saturday,0,15
17,22.56328725763281,25.931740532191753,0,Saturday,0,2025-02-22,Saturday,0,15
22,26.2217964173559,12.340936531558608,0,Saturday,0,2025-02-22,Saturday,0,15
20,12.415520816154991,4.115522554684118,0,Saturday,0,2025-02-22,Saturday,0,15
15,3.310783008679487,9.92689669821463,0,Saturday,0,2025-03-01,Saturday,0,23
19,15.830691569926419,8.546143360656005,0,Saturday,0,2025-03-01,Saturday,0,23
21,10.377689709734963,11.706032047007795,0,Saturday,0,2025-03-01,Saturday,0,23
22,7.615175121445234,10.236159578557693,0,Saturday,0,2025-03-01,Saturday,0,23
16,5.33623809538708,9.0137022415352,0,Saturday,0,2025-03-01,Saturday,0,23
22,24.957782980195642,13.398763414222113,0,Saturday,0,2025-03-01,Saturday,0,23
19,23.360955894274227,5.020735184678409,0,Saturday,0,2025-03-01,Saturday,0,23
19,14.101237575931027,11.715192797299913,0,Saturday,0,2025-03-01,Saturday,0,23
15,6.644648315013994,1.749500477334649,0,Saturday,0,2025-03-01,Saturday,0,23
15,23.446020896929568,5.503084862604759,0,Saturday,0,2025-03-01,Saturday,0,23
18,9.64041226283467,7.572302235400556,0,Saturday,0,2025-03-01,Saturday,0,23
20,8.909491876375446,15.062103855655216,0,Saturday,0,2025-03-01,Saturday,0,23
13,20.539534555947647,6.7428833765481535,0,Saturday,0,2025-03-01,Saturday,0,23
17,2.4728927275760557,5.303455528127572,0,Saturday,0,2025-03-01,Saturday,0,23
23,12.064354682182064,18.806158680262513,0,Saturday,0,2025-03-01,Saturday,0,23
20,29.00947648921657,1.068532135148666,0,Saturday,0,2025-03-01,Saturday,0,23
10,5.924642015969573,3.717869429086523,0,Saturday,0,2025-03-01,Saturday,0,23
16,4.407965930311018,22.388960431617793,0,Saturday,0,2025-03-01,Saturday,0,23
16,14.713707554113832,7.29052783955931,0,Saturday,0,2025-03-01,Saturday,0,23
23,14.63270462321653,8.150763947473342,0,Saturday,0,2025-03-01,Saturday,0,23
15,24.131913033092975,13.932827789538365,0,Saturday,0,2025-03-01,Saturday,0,23
21,16.422638166634126,2.199475787863654,0,Saturday,0,2025-03-01,Saturday,0,23
11,19.931645125354446,2.950775675007484,0,Saturday,0,2025-03-01,Saturday,0,23
9,11.830867188204731,27.614431490074384,0,Saturday,0,2025-03-08,Saturday,0,16
15,3.0618657267847333,6.837648381648344,0,Saturday,0,2025-03-08,Saturday,0,16
20,13.853442148800365,8.769100231957657,0,Saturday,0,2025-03-08,Saturday,0,16
20,5.28156341305019,9.480045743678557,0,Saturday,0,2025-03-08,Saturday,0,16
10,14.413248669743712,4.37800160950838,0,Saturday,0,2025-03-08,Saturday,0,16
21,13.667229519079246,9.869818251035513,0,Saturday,0,2025-03-08,Saturday,0,16
18,16.23815383199974,1.7686216011091709,0,Saturday,0,2025-03-08,Saturday,0,16
16,15.17936899568652,6.717257117900553,0,Saturday,0,2025-03-08,Saturday,0,16
14,5.32840995953714,3.9363260395484048,0,Saturday,0,2025-03-08,Saturday,0,16
20,13.27873978314435,7.623900630966796,0,Saturday,0,2025-03-08,Saturday,0,16
21,15.694473538848069,29.83660619823552,0,Saturday,0,2025-03-08,Saturday,0,16
21,14.04826311303363,6.505115423402627,0,Saturday,0,2025-03-08,Saturday,0,16
15,14.087607125695659,7.609461888114176,0,Saturday,0,2025-03-08,Saturday,0,16
22,17.15992017362096,18.382550079216923,0,Saturday,0,2025-03-08,Saturday,0,16
9,35.58376594435453,23.65076194091696,0,Saturday,0,2025-03-08,Saturday,0,16
18,32.79676828015039,12.092796572026165,0,Saturday,0,2025-03-08,Saturday,0,16
20,19.30769812976616,27.004351941729222,0,Saturday,0,2025-03-15,Saturday,0,19
19,13.391379595994323,36.582871824022945,0,Saturday,0,2025-03-15,Saturday,0,19
5,53.74860898822361,3.4637217415710966,0,Saturday,0,2025-03-15,Saturday,0,19
15,19.53628983932998,22.815021805136542,0,Saturday,0,2025-03-15,Saturday,0,19
15,20.426617948989065,1.9708524011156974,0,Saturday,0,2025-03-15,Saturday,0,19
17,17.650214037836648,8.53087375643411,0,Saturday,0,2025-03-15,Saturday,0,19
16,13.301071537998755,12.118630263402462,0,Saturday,0,2025-03-15,Saturday,0,19
19,11.049410577173692,0.7093649120391785,0,Saturday,0,2025-03-15,Saturday,0,19
17,19.927096798293626,60.32492876683873,0,Saturday,0,2025-03-15,Saturday,0,19
20,13.936821076219982,7.324807778539068,0,Saturday,0,2025-03-15,Saturday,0,19
22,21.156125746428074,2.93104950555818,0,Saturday,0,2025-03-15,Saturday,0,19
5,3.231973288544406,4.91050008168243,0,Saturday,0,2025-03-15,Saturday,0,19
20,2.9918960082441735,5.73843985331925,0,Saturday,0,2025-03-15,Saturday,0,19
18,36.56102060692308,6.5869021567136095,0,Saturday,0,2025-03-15,Saturday,0,19
1,20.276144563873284,38.974364654141645,0,Saturday,0,2025-03-15,Saturday,0,19
14,14.905841488234966,24.58492832131862,0,Saturday,0,2025-03-15,Saturday,0,19
11,3.8292638166045503,2.3786532518021923,0,Saturday,0,2025-03-15,Saturday,0,19
14,45.560870169773004,7.632084659307997,0,Saturday,0,2025-03-15,Saturday,0,19
23,13.55886665480472,5.667271769655644,0,Saturday,0,2025-03-15,Saturday,0,19
18,14.210892903017097,16.020944425900133,0,Saturday,0,2025-12-27,Saturday,0,18
19,19.253935263326447,12.682823977700457,0,Saturday,0,2025-12-27,Saturday,0,18
21,3.813134430931858,6.124491571493198,0,Saturday,0,2025-12-27,Saturday,0,18
22,25.691480569703682,10.137714196666177,0,Saturday,0,2025-12-27,Saturday,0,18
3,10.398503788682962,13.341767670302097,0,Saturday,0,2025-12-27,Saturday,0,18
18,6.96521066496282,21.851517983353492,0,Saturday,0,2025-12-27,Saturday,0,18
15,16.777343033587577,8.429727667964066,0,Saturday,0,2025-12-27,Saturday,0,18
16,4.6782840382146365,18.95368091558357,0,Saturday,0,2025-12-27,Saturday,0,18
20,17.389965408186242,8.709124632306352,0,Saturday,0,2025-12-27,Saturday,0,18
17,40.9811190760922,38.54083698474973,0,Saturday,0,2025-12-27,Saturday,0,18
20,16.265114181022774,4.976359717768676,0,Saturday,0,2025-12-27,Saturday,0,18
20,12.867673693210747,6.298005689573719,0,Saturday,0,2025-12-27,Saturday,0,18
16,27.462570128621806,6.565295093143882,0,Saturday,0,2025-12-27,Saturday,0,18
17,44.32279303610367,7.318763557501895,0,Saturday,0,2025-12-27,Saturday,0,18
23,12.006202569321747,6.68258153751825,0,Saturday,0,2025-12-27,Saturday,0,18
6,12.073088090850657,5.4814173639444475,0,Saturday,0,2025-12-27,Saturday,0,18
22,6.2730080317859604,14.006326721685399,0,Saturday,0,2025-12-27,Saturday,0,18
14,17.64940393852731,3.237725380836256,0,Saturday,0,2025-12-27,Saturday,0,18
15,15.322506330452878,10.483695985713428,0,Sunday,0,2025-01-05,Sunday,0,19
20,15.173179746670534,9.991594563537623,0,Sunday,0,2025-01-05,Sunday,0,19
19,17.034162275651127,13.439930796652865,0,Sunday,0,2025-01-05,Sunday,0,19
21,10.889608021230352,15.96646274925591,0,Sunday,0,2025-01-05,Sunday,0,19
20,18.58915336472921,14.549614710789855,0,Sunday,0,2025-01-05,Sunday,0,19
17,14.11351012897374,29.38480766143531,0,Sunday,0,2025-01-05,Sunday,0,19
21,11.095083322255245,6.532990325065786,0,Sunday,0,2025-01-05,Sunday,0,19
19,2.186722216847458,5.223151619231631,0,Sunday,0,2025-01-05,Sunday,0,19
17,15.314009110212563,13.938679393109853,0,Sunday,0,2025-01-05,Sunday,0,19
12,13.98323659842384,35.183621525983675,0,Sunday,0,2025-01-05,Sunday,0,19
20,15.632682111898074,40.642416134997006,0,Sunday,0,2025-01-05,Sunday,0,19
17,5.444103478558096,12.949414597376643,0,Sunday,0,2025-01-05,Sunday,0,19
19,14.496880396133047,10.528111678734236,0,Sunday,0,2025-01-05,Sunday,0,19
16,13.516548408854913,5.6726616237358725,0,Sunday,0,2025-01-05,Sunday,0,19
14,19.039962386545113,15.300011740363326,0,Sunday,0,2025-01-05,Sunday,0,19
17,8.90658541868582,14.694013693083788,0,Sunday,0,2025-01-05,Sunday,0,19
4,4.842508077924318,11.82692555577009,0,Sunday,0,2025-01-05,Sunday,0,19
16,25.06575008935966,29.422717927863346,0,Sunday,0,2025-01-05,Sunday,0,19
18,11.837939837179203,18.23538277231429,0,Sunday,0,2025-01-05,Sunday,0,19
22,6.547357584724657,8.599425440068053,0,Sunday,0,2025-01-12,Sunday,0,18
1,40.312510532889426,16.99332292388634,0,Sunday,0,2025-01-12,Sunday,0,18
19,13.450601142054307,5.031154703656263,0,Sunday,0,2025-01-12,Sunday,0,18
20,14.401275979607451,24.063495293934583,0,Sunday,0,2025-01-12,Sunday,0,18
21,13.333185594376594,5.732253264046005,0,Sunday,0,2025-01-12,Sunday,0,18
18,15.843894742071498,7.55737019923193,0,Sunday,0,2025-01-12,Sunday,0,18
2,7.036922640304777,33.69842898915768,0,Sunday,0,2025-01-12,Sunday,0,18
20,9.625873071623163,10.303346955108907,0,Sunday,0,2025-01-12,Sunday,0,18
15,15.887983545175846,16.04749234552522,0,Sunday,0,2025-01-12,Sunday,0,18
20,8.680591311827499,15.267938350129317,0,Sunday,0,2025-01-12,Sunday,0,18
23,40.31639246911198,9.061569575354165,0,Sunday,0,2025-01-12,Sunday,0,18
18,11.033068420993452,10.009483239103929,0,Sunday,0,2025-01-12,Sunday,0,18
17,8.384922236955573,8.159972206544177,0,Sunday,0,2025-01-12,Sunday,0,18
19,14.771981880363501,4.148526506076604,0,Sunday,0,2025-01-12,Sunday,0,18
15,28.072376839341874,1.9829838608777357,0,Sunday,0,2025-01-12,Sunday,0,18
23,11.428853943539615,2.356447410176969,0,Sunday,0,2025-01-12,Sunday,0,18
1,19.53025839570921,67.55609491241042,0,Sunday,0,2025-01-12,Sunday,0,18
13,9.024802431051654,18.24088964401501,0,Sunday,0,2025-01-12,Sunday,0,18
20,8.735939131942096,11.219363034795522,0,Sunday,0,2025-01-19,Sunday,0,17
17,48.57916734263743,2.2325711582895416,0,Sunday,0,2025-01-19,Sunday,0,17
19,10.450211344055969,20.004752760097062,0,Sunday,0,2025-01-19,Sunday,0,17
16,10.120779560662477,5.656020206254402,0,Sunday,0,2025-01-19,Sunday,0,17
15,19.497434158751947,4.131299032756324,0,Sunday,0,2025-01-19,Sunday,0,17
14,4.202614923395281,8.008844566644244,0,Sunday,0,2025-01-19,Sunday,0,17
18,7.549702321711053,7.946834581409588,0,Sunday,0,2025-01-19,Sunday,0,17
12,6.5067149630096495,7.534368959297832,0,Sunday,0,2025-01-19,Sunday,0,17
14,13.950177399302998,30.901120109117425,0,Sunday,0,2025-01-19,Sunday,0,17
20,17.235518197484474,6.570530966985022,0,Sunday,0,2025-01-19,Sunday,0,17
15,19.999698704293486,9.845045736882582,0,Sunday,0,2025-01-19,Sunday,0,17
17,14.924502933587029,3.9837805171681175,0,Sunday,0,2025-01-19,Sunday,0,17
19,6.606285254858266,8.66080730909799,0,Sunday,0,2025-01-19,Sunday,0,17
19,13.537287224860751,8.473633518183554,0,Sunday,0,2025-01-19,Sunday,0,17
21,12.265783849324318,7.780785013000667,0,Sunday,0,2025-01-19,Sunday,0,17
23,7.251299544148512,10.628544680131853,0,Sunday,0,2025-01-19,Sunday,0,17
19,12.898516175302998,8.732289413914879,0,Sunday,0,2025-01-19,Sunday,0,17
17,17.78981745324673,29.271079184056276,0,Sunday,0,2025-01-26,Sunday,0,17
11,3.319917457071444,7.051943733837682,0,Sunday,0,2025-01-26,Sunday,0,17
15,10.695376116902345,12.693971935386742,0,Sunday,0,2025-01-26,Sunday,0,17
13,3.149645441376677,5.103439664819833,0,Sunday,0,2025-01-26,Sunday,0,17
23,9.429462806240041,14.470853167590311,0,Sunday,0,2025-01-26,Sunday,0,17
19,7.492478166697705,6.044137669636845,0,Sunday,0,2025-01-26,Sunday,0,17
4,11.107704002824722,12.871452142679503,0,Sunday,0,2025-01-26,Sunday,0,17
19,10.73117035976357,13.131135659857998,0,Sunday,0,2025-01-26,Sunday,0,17
16,14.13140484231619,3.1977208969562874,0,Sunday,0,2025-01-26,Sunday,0,17
18,4.124576569468644,17.68511067891802,0,Sunday,0,2025-01-26,Sunday,0,17
21,11.975741767092398,14.118250666032782,0,Sunday,0,2025-01-26,Sunday,0,17
12,32.58563271140638,2.7950715430659763,0,Sunday,0,2025-01-26,Sunday,0,17
19,14.836221234114884,6.307263215100355,0,Sunday,0,2025-01-26,Sunday,0,17
20,11.761468012938987,6.224958048842459,0,Sunday,0,2025-01-26,Sunday,0,17
13,2.4362254018380356,9.317464563609166,0,Sunday,0,2025-01-26,Sunday,0,17
15,36.52588128460945,6.244950803963614,0,Sunday,0,2025-01-26,Sunday,0,17
20,12.688573299851335,14.552658777989159,0,Sunday,0,2025-01-26,Sunday,0,17
23,8.986251514440987,12.799830080873441,0,Sunday,0,2025-02-02,Sunday,0,11
21,12.959148938049843,20.28922928086884,0,Sunday,0,2025-02-02,Sunday,0,11
19,6.048848751813064,14.910462549231283,0,Sunday,0,2025-02-02,Sunday,0,11
22,21.80167456212723,5.911612479721283,0,Sunday,0,2025-02-02,Sunday,0,11
17,12.38587439129753,2.9129911635960006,0,Sunday,0,2025-02-02,Sunday,0,11
0,12.095053974416796,13.332936951160658,0,Sunday,0,2025-02-02,Sunday,0,11
16,13.086856181127445,8.440433686617528,0,Sunday,0,2025-02-02,Sunday,0,11
15,11.075366433164866,1.0592051179938196,0,Sunday,0,2025-02-02,Sunday,0,11
20,5.073246702583202,8.224852760615246,0,Sunday,0,2025-02-02,Sunday,0,11
15,22.068396735149552,1.4431252447433756,0,Sunday,0,2025-02-02,Sunday,0,11
16,17.958019628112044,30.459517680487107,0,Sunday,0,2025-02-02,Sunday,0,11
9,28.04168433201569,4.6841352757639,0,Sunday,0,2025-02-09,Sunday,0,15
14,21.132733619906226,26.524793254363672,0,Sunday,0,2025-02-09,Sunday,0,15
18,11.244221093368264,11.72788255118999,0,Sunday,0,2025-02-09,Sunday,0,15
19,2.253605566924273,4.974257001441759,0,Sunday,0,2025-02-09,Sunday,0,15
15,8.13285492100626,4.74382524000565,0,Sunday,0,2025-02-09,Sunday,0,15
18,16.121141402061564,25.424870663600494,0,Sunday,0,2025-02-09,Sunday,0,15
21,9.011391590344537,9.409297363829179,0,Sunday,0,2025-02-09,Sunday,0,15
22,9.559893747531579,29.459812917248737,0,Sunday,0,2025-02-09,Sunday,0,15
16,8.199226460916416,10.426765709232368,0,Sunday,0,2025-02-09,Sunday,0,15
22,10.806657832845211,4.518369544796739,0,Sunday,0,2025-02-09,Sunday,0,15
20,3.1499312191937685,8.573763293531526,0,Sunday,0,2025-02-09,Sunday,0,15
16,2.2156899207854335,9.116801661899277,0,Sunday,0,2025-02-09,Sunday,0,15
14,56.87918577053509,1.3959704152658854,0,Sunday,0,2025-02-09,Sunday,0,15
17,13.196944750424763,33.999793322439125,0,Sunday,0,2025-02-09,Sunday,0,15
19,9.348208425611249,14.686143314134872,0,Sunday,0,2025-02-09,Sunday,0,15
18,13.644587018369059,15.23229303775016,0,Sunday,0,2025-02-16,Sunday,0,21
17,17.137121682153726,3.9098378187948013,0,Sunday,0,2025-02-16,Sunday,0,21
17,13.350754868139003,23.910700927118327,0,Sunday,0,2025-02-16,Sunday,0,21
19,43.11487617704588,3.8013425270320296,0,Sunday,0,2025-02-16,Sunday,0,21
17,10.209987379110878,10.70453536764087,0,Sunday,0,2025-02-16,Sunday,0,21
21,9.522907536093005,7.932978722447124,0,Sunday,0,2025-02-16,Sunday,0,21
18,8.887098685105514,9.673433421457744,0,Sunday,0,2025-02-16,Sunday,0,21
13,21.095470667519233,1.9769416838787728,0,Sunday,0,2025-02-16,Sunday,0,21
20,3.662789078461853,6.605923562397935,0,Sunday,0,2025-02-16,Sunday,0,21
19,7.421459898038802,6.426160795635568,0,Sunday,0,2025-02-16,Sunday,0,21
17,14.109151819822038,7.960703873860445,0,Sunday,0,2025-02-16,Sunday,0,21
16,22.11083637104753,3.5169403105236805,0,Sunday,0,2025-02-16,Sunday,0,21
14,17.39147411863603,24.88428015044235,0,Sunday,0,2025-02-16,Sunday,0,21
19,3.1176767258093183,8.906617673668814,0,Sunday,0,2025-02-16,Sunday,0,21
19,12.264190002341639,17.295489389139288,0,Sunday,0,2025-02-16,Sunday,0,21
23,7.438867467133391,17.414704916452706,0,Sunday,0,2025-02-16,Sunday,0,21
13,18.310826247521803,1.6413154391442597,0,Sunday,0,2025-02-16,Sunday,0,21
21,14.693629455144912,6.212346581022409,0,Sunday,0,2025-02-16,Sunday,0,21
20,8.816829977757923,18.125860350059163,0,Sunday,0,2025-02-16,Sunday,0,21
19,11.395667729064137,9.537932839257417,0,Sunday,0,2025-02-16,Sunday,0,21
11,13.294610915915094,5.2110054329428594,0,Sunday,0,2025-02-16,Sunday,0,21
12,3.425170286267881,2.9165035863765834,0,Sunday,0,2025-02-23,Sunday,0,16
13,7.350350988563835,6.151010669437092,0,Sunday,0,2025-02-23,Sunday,0,16
16,2.3572581057051547,5.61401259520797,0,Sunday,0,2025-02-23,Sunday,0,16
4,3.9614366309900086,5.597742218879758,0,Sunday,0,2025-02-23,Sunday,0,16
18,7.79880176716386,9.437092197514348,0,Sunday,0,2025-02-23,Sunday,0,16
18,15.119111788437387,6.92542464585695,0,Sunday,0,2025-02-23,Sunday,0,16
19,11.967147835260281,9.203167912010755,0,Sunday,0,2025-02-23,Sunday,0,16
1,8.139177625022985,7.429350486766127,0,Sunday,0,2025-02-23,Sunday,0,16
20,3.1980979075215887,19.882592161334262,0,Sunday,0,2025-02-23,Sunday,0,16
14,14.340914639404208,4.748109815003318,0,Sunday,0,2025-02-23,Sunday,0,16
14,13.70475964233254,36.81682160060422,0,Sunday,0,2025-02-23,Sunday,0,16
17,13.153896883271898,9.336245184446028,0,Sunday,0,2025-02-23,Sunday,0,16
16,12.293888762726098,9.548734094030996,0,Sunday,0,2025-02-23,Sunday,0,16
16,15.192863920437386,2.477668628404569,0,Sunday,0,2025-02-23,Sunday,0,16
19,15.113645231451809,17.761904344342188,0,Sunday,0,2025-02-23,Sunday,0,16
18,14.215272215137702,1.1113336920048704,0,Sunday,0,2025-02-23,Sunday,0,16
0,4.723887625748657,17.43496698376405,0,Sunday,0,2025-03-02,Sunday,0,19
16,3.5852954608995153,11.413207920150754,0,Sunday,0,2025-03-02,Sunday,0,19
0,20.574422318911488,18.501633694674155,0,Sunday,0,2025-03-02,Sunday,0,19
13,5.906388264191845,17.58880972304275,0,Sunday,0,2025-03-02,Sunday,0,19
15,4.131705010061985,7.797076239916658,0,Sunday,0,2025-03-02,Sunday,0,19
23,4.7339696069737265,6.13422390748144,0,Sunday,0,2025-03-02,Sunday,0,19
18,12.041317997772989,7.237256559015939,0,Sunday,0,2025-03-02,Sunday,0,19
18,14.397864661885897,6.083146566236079,0,Sunday,0,2025-03-02,Sunday,0,19
16,7.554712285394451,11.361613793614652,0,Sunday,0,2025-03-02,Sunday,0,19
14,8.796903591090187,7.520594150467563,0,Sunday,0,2025-03-02,Sunday,0,19
23,10.94621117362011,9.739943763814388,0,Sunday,0,2025-03-02,Sunday,0,19
18,9.775553648956564,11.792139491543512,0,Sunday,0,2025-03-02,Sunday,0,19
19,12.273953252245189,5.643953573414517,0,Sunday,0,2025-03-02,Sunday,0,19
16,17.374706762027724,10.191879189442611,0,Sunday,0,2025-03-02,Sunday,0,19
16,5.321835485936955,6.095425399727594,0,Sunday,0,2025-03-02,Sunday,0,19
12,3.784538865518484,13.81947732519726,0,Sunday,0,2025-03-02,Sunday,0,19
16,7.026876710593388,7.090831366434333,0,Sunday,0,2025-03-02,Sunday,0,19
15,15.415355258700853,17.06559891544396,0,Sunday,0,2025-03-02,Sunday,0,19
18,13.262061058261587,7.164319977493034,0,Sunday,0,2025-03-02,Sunday,0,19
18,15.220700094824625,4.061374550410425,0,Sunday,0,2025-03-09,Sunday,0,19
14,4.709152968172765,4.244388553637452,0,Sunday,0,2025-03-09,Sunday,0,19
18,7.3757215609885645,5.987923000379806,0,Sunday,0,2025-03-09,Sunday,0,19
23,9.668032985192053,10.646864790606681,0,Sunday,0,2025-03-09,Sunday,0,19
23,9.960506384866898,4.962041200591685,0,Sunday,0,2025-03-09,Sunday,0,19
21,9.206477869760938,18.432169140175922,0,Sunday,0,2025-03-09,Sunday,0,19
17,2.0148201338468352,2.622642950025649,0,Sunday,0,2025-03-09,Sunday,0,19
0,11.200724222847047,5.228167079494917,0,Sunday,0,2025-03-09,Sunday,0,19
12,6.7317919185750466,4.109475257308121,0,Sunday,0,2025-03-09,Sunday,0,19
19,12.514213207082154,5.818653000723962,0,Sunday,0,2025-03-09,Sunday,0,19
23,13.716492716399262,14.241975205108934,0,Sunday,0,2025-03-09,Sunday,0,19
13,11.758571684978719,20.692866914034045,0,Sunday,0,2025-03-09,Sunday,0,19
18,13.658325577113427,9.788900078012666,0,Sunday,0,2025-03-09,Sunday,0,19
11,4.945714082604244,3.413607003059351,0,Sunday,0,2025-03-09,Sunday,0,19
21,14.419790262495749,16.239449374749654,0,Sunday,0,2025-03-09,Sunday,0,19
15,11.82814650694446,8.451530580063402,0,Sunday,0,2025-03-09,Sunday,0,19
18,10.568342408431874,2.6988126725066124,0,Sunday,0,2025-03-09,Sunday,0,19
21,8.269952610846662,17.348661800785074,0,Sunday,0,2025-03-09,Sunday,0,19
18,30.55357399555548,4.346962699865749,0,Sunday,0,2025-03-09,Sunday,0,19
23,12.117195427207726,18.25575145971134,0,Sunday,0,2025-03-16,Sunday,0,18
18,4.708168244379513,1.9814796833577453,0,Sunday,0,2025-03-16,Sunday,0,18
18,19.277868546913727,35.446841674442375,0,Sunday,0,2025-03-16,Sunday,0,18
23,21.183951649378013,3.2440199065719195,0,Sunday,0,2025-03-16,Sunday,0,18
17,70.06392225113882,5.616255813274305,0,Sunday,0,2025-03-16,Sunday,0,18
18,8.60522657370483,8.01940240871168,0,Sunday,0,2025-03-16,Sunday,0,18
13,13.683604285097715,14.402119291271628,0,Sunday,0,2025-03-16,Sunday,0,18
19,18.84817484600853,3.28048292974366,0,Sunday,0,2025-03-16,Sunday,0,18
14,5.007988507477314,5.404074849183565,0,Sunday,0,2025-03-16,Sunday,0,18
6,12.14998336102962,10.40711659055527,0,Sunday,0,2025-03-16,Sunday,0,18
14,4.0616491606610206,14.095559947751374,0,Sunday,0,2025-03-16,Sunday,0,18
16,2.9703393622599927,13.461807832763418,0,Sunday,0,2025-03-16,Sunday,0,18
20,14.445087467825388,9.204531442719974,0,Sunday,0,2025-03-16,Sunday,0,18
23,13.456552604844394,4.530085708844952,0,Sunday,0,2025-03-16,Sunday,0,18
15,10.65922412732995,9.266674885152158,0,Sunday,0,2025-03-16,Sunday,0,18
15,20.593500964316895,11.183262496811052,0,Sunday,0,2025-03-16,Sunday,0,18
16,9.980639199525672,5.443644894504361,0,Sunday,0,2025-03-16,Sunday,0,18
17,10.221669900427496,2.863341510503145,0,Sunday,0,2025-03-16,Sunday,0,18
13,20.92150660804542,11.654357879655068,0,Sunday,0,2025-12-28,Sunday,0,23
19,2.715674046130893,11.47281276420887,0,Sunday,0,2025-12-28,Sunday,0,23
22,5.516541959546068,13.301293475238408,0,Sunday,0,2025-12-28,Sunday,0,23
16,19.88837634409912,6.357829766718749,0,Sunday,0,2025-12-28,Sunday,0,23
21,12.942943818003272,8.736820415048417,0,Sunday,0,2025-12-28,Sunday,0,23
18,13.0592845725843,40.89312757214891,0,Sunday,0,2025-12-28,Sunday,0,23
15,30.44734134096844,17.889018032700168,0,Sunday,0,2025-12-28,Sunday,0,23
16,5.802426016232628,14.28549179037742,0,Sunday,0,2025-12-28,Sunday,0,23
23,10.33884979213871,8.014365867649623,0,Sunday,0,2025-12-28,Sunday,0,23
4,7.532711978893399,34.21499921161884,0,Sunday,0,2025-12-28,Sunday,0,23
19,12.80578321158778,12.672279118423385,0,Sunday,0,2025-12-28,Sunday,0,23
17,13.196684213246161,6.689052154820869,0,Sunday,0,2025-12-28,Sunday,0,23
19,11.430434365257739,12.259422142418815,0,Sunday,0,2025-12-28,Sunday,0,23
20,9.609593826069403,31.453282611752968,0,Sunday,0,2025-12-28,Sunday,0,23
19,12.619873475372678,9.340454780881297,0,Sunday,0,2025-12-28,Sunday,0,23
8,6.5186199590596825,10.048586940925649,0,Sunday,0,2025-12-28,Sunday,0,23
19,9.804981985859294,5.300272371434576,0,Sunday,0,2025-12-28,Sunday,0,23
18,13.738446791227148,16.051609949844632,0,Sunday,0,2025-12-28,Sunday,0,23
22,10.768661695400581,39.15461105551475,0,Sunday,0,2025-12-28,Sunday,0,23
15,2.6846113875526223,3.5270152399807904,0,Sunday,0,2025-12-28,Sunday,0,23
17,2.457884664864549,9.766813540068439,0,Sunday,0,2025-12-28,Sunday,0,23
15,41.926398706062784,0.7191537429988332,0,Sunday,0,2025-12-28,Sunday,0,23
22,9.113987248148687,15.445663109095275,0,Sunday,0,2025-12-28,Sunday,0,23
17,18.584140201062915,42.93650542583552,1,Friday,0,2025-03-21,Friday,1,15
11,3.845664861235262,22.671885888263734,1,Friday,0,2025-03-21,Friday,1,15
18,15.711967443574242,28.90203813545022,1,Friday,0,2025-03-21,Friday,1,15
22,12.115576763815529,6.992057641832005,1,Friday,0,2025-03-21,Friday,1,15
21,2.9833780460306882,19.203324756224827,1,Friday,0,2025-03-21,Friday,1,15
19,20.78861910484023,16.53219672964933,1,Friday,0,2025-03-21,Friday,1,15
7,2.743200885425545,5.002336770750855,1,Friday,0,2025-03-21,Friday,1,15
20,18.80396231040503,40.76075503219005,1,Friday,0,2025-03-21,Friday,1,15
23,2.372569564880884,9.634689813751981,1,Friday,0,2025-03-21,Friday,1,15
12,20.4196627244028,2.7376637211550747,1,Friday,0,2025-03-21,Friday,1,15
14,5.461597007277529,11.708686217363507,1,Friday,0,2025-03-21,Friday,1,15
20,15.24654352227331,16.095729655931578,1,Friday,0,2025-03-21,Friday,1,15
16,10.830451635971226,7.596253087221902,1,Friday,0,2025-03-21,Friday,1,15
14,4.207914670323261,20.73102460503524,1,Friday,0,2025-03-21,Friday,1,15
22,14.775753870761232,2.203117797240946,1,Friday,0,2025-03-21,Friday,1,15
21,17.781075433729846,22.800881177493995,1,Friday,0,2025-03-28,Friday,1,15
19,12.312609407920363,2.598362125117541,1,Friday,0,2025-03-28,Friday,1,15
5,21.161682641850405,7.4713173896363045,1,Friday,0,2025-03-28,Friday,1,15
14,5.808773681347263,25.310687157299856,1,Friday,0,2025-03-28,Friday,1,15
23,12.219644475821436,26.998681503858823,1,Friday,0,2025-03-28,Friday,1,15
21,11.5125090019156,9.279427151080261,1,Friday,0,2025-03-28,Friday,1,15
15,2.7559109977606413,8.11447392536156,1,Friday,0,2025-03-28,Friday,1,15
15,2.7266377665470234,4.50554555351574,1,Friday,0,2025-03-28,Friday,1,15
21,7.031603761003161,2.656799098513151,1,Friday,0,2025-03-28,Friday,1,15
21,13.366341785718774,7.992833375261314,1,Friday,0,2025-03-28,Friday,1,15
21,13.540378955414525,6.552567861913853,1,Friday,0,2025-03-28,Friday,1,15
13,3.1157286109286266,9.348140905978829,1,Friday,0,2025-03-28,Friday,1,15
13,11.45109300418537,7.420240731114359,1,Friday,0,2025-03-28,Friday,1,15
23,14.62885796300397,2.3784328863592563,1,Friday,0,2025-03-28,Friday,1,15
6,2.0243790615864814,0.7252413892451332,1,Friday,0,2025-03-28,Friday,1,15
22,11.015378382188903,15.590532596846739,1,Friday,0,2025-04-04,Friday,1,12
6,8.713437117591312,23.179484172918723,1,Friday,0,2025-04-04,Friday,1,12
23,16.308610322561936,4.749089107319669,1,Friday,0,2025-04-04,Friday,1,12
23,11.968949986692998,30.02495263999208,1,Friday,0,2025-04-04,Friday,1,12
17,43.94253029014764,12.658729397117197,1,Friday,0,2025-04-04,Friday,1,12
5,4.090600281876503,3.400757008360923,1,Friday,0,2025-04-04,Friday,1,12
23,9.595130173561891,17.137540028142165,1,Friday,0,2025-04-04,Friday,1,12
18,19.6560572036118,7.5265681490135865,1,Friday,0,2025-04-04,Friday,1,12
22,14.066809304259685,19.41284666830504,1,Friday,0,2025-04-04,Friday,1,12
12,4.495487409011705,8.79078976793085,1,Friday,0,2025-04-04,Friday,1,12
15,9.65668003133442,22.57008025584195,1,Friday,0,2025-04-04,Friday,1,12
18,13.907999579040307,5.92528172485585,1,Friday,0,2025-04-04,Friday,1,12
20,4.684918707182835,12.509802344709676,1,Friday,0,2025-04-11,Friday,1,19
20,18.767848959211715,20.199338978795502,1,Friday,0,2025-04-11,Friday,1,19
19,2.962438841078214,2.1902161408560623,1,Friday,0,2025-04-11,Friday,1,19
21,4.886060862478212,5.1126420549589415,1,Friday,0,2025-04-11,Friday,1,19
22,12.927088508984397,18.80206069651566,1,Friday,0,2025-04-11,Friday,1,19
23,29.893641881672455,16.023943616848698,1,Friday,0,2025-04-11,Friday,1,19
23,8.875559644736118,11.352054987582358,1,Friday,0,2025-04-11,Friday,1,19
17,17.079302220167147,53.00453731496527,1,Friday,0,2025-04-11,Friday,1,19
15,14.61447456130093,37.99270004733164,1,Friday,0,2025-04-11,Friday,1,19
21,14.655397958307407,10.371945375187408,1,Friday,0,2025-04-11,Friday,1,19
23,6.624447693824927,5.408956496077055,1,Friday,0,2025-04-11,Friday,1,19
15,2.529470891371641,8.601380942212275,1,Friday,0,2025-04-11,Friday,1,19
17,11.135505475339556,11.647969171501776,1,Friday,0,2025-04-11,Friday,1,19
15,14.267819956777412,4.498420638258123,1,Friday,0,2025-04-11,Friday,1,19
20,16.72830632457346,12.61569948442133,1,Friday,0,2025-04-11,Friday,1,19
18,8.65869336592511,22.30375196551095,1,Friday,0,2025-04-11,Friday,1,19
15,3.444499919783028,13.52750910047587,1,Friday,0,2025-04-11,Friday,1,19
18,15.62178662706069,59.07636624810964,1,Friday,0,2025-04-11,Friday,1,19
15,14.359524514399446,25.799797220994794,1,Friday,0,2025-04-11,Friday,1,19
17,15.184987488406083,71.58790455155061,1,Friday,0,2025-04-18,Friday,1,16
18,13.789792808752626,4.061729680325878,1,Friday,0,2025-04-18,Friday,1,16
15,3.574762267251235,23.215262250938675,1,Friday,0,2025-04-18,Friday,1,16
4,4.420998438948473,6.49761802699998,1,Friday,0,2025-04-18,Friday,1,16
14,3.9328856523774434,2.824825075215407,1,Friday,0,2025-04-18,Friday,1,16
23,11.078099480858935,15.78268048392573,1,Friday,0,2025-04-18,Friday,1,16
17,17.94076182291439,4.734864764586003,1,Friday,0,2025-04-18,Friday,1,16
20,20.23736490913118,6.264199686936119,1,Friday,0,2025-04-18,Friday,1,16
6,5.743392015591962,15.257685891084726,1,Friday,0,2025-04-18,Friday,1,16
13,3.7476535381009977,4.19242597750788,1,Friday,0,2025-04-18,Friday,1,16
20,16.889027126578416,45.40314063859066,1,Friday,0,2025-04-18,Friday,1,16
13,10.967916204538295,18.31164369986741,1,Friday,0,2025-04-18,Friday,1,16
21,13.937927467444979,6.549862375941313,1,Friday,0,2025-04-18,Friday,1,16
23,16.48128915335491,8.479758500518802,1,Friday,0,2025-04-18,Friday,1,16
20,27.36534663517252,4.2950153225679175,1,Friday,0,2025-04-18,Friday,1,16
5,14.179740842683572,20.737610401568077,1,Friday,0,2025-04-18,Friday,1,16
15,3.8988231539397393,25.436697948253542,1,Friday,0,2025-04-25,Friday,1,11
19,16.418475573808756,12.417797371839464,1,Friday,0,2025-04-25,Friday,1,11
23,3.7715566064167083,10.973431657487303,1,Friday,0,2025-04-25,Friday,1,11
19,2.761419809767722,5.768157986754474,1,Friday,0,2025-04-25,Friday,1,11
17,22.337515164791434,16.247007671913078,1,Friday,0,2025-04-25,Friday,1,11
18,14.61954410887104,13.099014188689795,1,Friday,0,2025-04-25,Friday,1,11
17,2.8470379611930534,11.47663744051671,1,Friday,0,2025-04-25,Friday,1,11
21,8.616132587091496,5.2376671380223625,1,Friday,0,2025-04-25,Friday,1,11
18,2.0308636177004025,1.270842039902477,1,Friday,0,2025-04-25,Friday,1,11
12,6.8041162101580905,11.297695377379256,1,Friday,0,2025-04-25,Friday,1,11
16,16.402087685241312,10.584409155238395,1,Friday,0,2025-04-25,Friday,1,11
18,17.803128800188972,14.732039173873678,1,Friday,0,2025-05-02,Friday,1,11
18,7.264644301377064,12.056878185375075,1,Friday,0,2025-05-02,Friday,1,11
22,16.169873768057638,11.53092925264055,1,Friday,0,2025-05-02,Friday,1,11
16,17.96598185453064,3.9346503022852124,1,Friday,0,2025-05-02,Friday,1,11
21,12.74346023660592,34.422141129109214,1,Friday,0,2025-05-02,Friday,1,11
22,7.961773178512162,6.5380089087381466,1,Friday,0,2025-05-02,Friday,1,11
13,5.221075869982975,19.92710066718093,1,Friday,0,2025-05-02,Friday,1,11
16,5.539280525417993,7.815269923996525,1,Friday,0,2025-05-02,Friday,1,11
10,2.7546798211379953,8.783848624655409,1,Friday,0,2025-05-02,Friday,1,11
23,17.177062476806054,10.87104401462345,1,Friday,0,2025-05-02,Friday,1,11
17,5.716306965778153,7.281621254289285,1,Friday,0,2025-05-02,Friday,1,11
17,14.707271360292857,8.192693509932909,1,Friday,0,2025-05-09,Friday,1,28
20,8.153809314507196,11.46494667123628,1,Friday,0,2025-05-09,Friday,1,28
23,11.656909658067754,15.878356739802616,1,Friday,0,2025-05-09,Friday,1,28
21,11.65871099914338,8.951583778842497,1,Friday,0,2025-05-09,Friday,1,28
17,27.00781210236412,9.154394417096308,1,Friday,0,2025-05-09,Friday,1,28
22,15.246765490005007,4.71091787586604,1,Friday,0,2025-05-09,Friday,1,28
19,18.352479249549933,24.31282085787201,1,Friday,0,2025-05-09,Friday,1,28
15,2.977707488024107,3.2720868384911226,1,Friday,0,2025-05-09,Friday,1,28
7,12.894850869169932,7.518477323726762,1,Friday,0,2025-05-09,Friday,1,28
19,9.934798903857963,24.163258235266024,1,Friday,0,2025-05-09,Friday,1,28
21,2.1932509601661088,2.359002395042295,1,Friday,0,2025-05-09,Friday,1,28
7,7.781105910644088,3.9327792861469044,1,Friday,0,2025-05-09,Friday,1,28
19,23.243705916592354,25.63550113790029,1,Friday,0,2025-05-09,Friday,1,28
0,13.906045353598774,35.04641785853481,1,Friday,0,2025-05-09,Friday,1,28
15,19.32931352174714,12.026619670628074,1,Friday,0,2025-05-09,Friday,1,28
21,13.771924633905623,9.276898134869594,1,Friday,0,2025-05-09,Friday,1,28
16,17.04121102183904,17.77276457235645,1,Friday,0,2025-05-09,Friday,1,28
16,3.0035281114454317,28.82468812192408,1,Friday,0,2025-05-09,Friday,1,28
19,8.524642442266405,14.14315628773391,1,Friday,0,2025-05-09,Friday,1,28
19,16.682065259186878,9.629608070764865,1,Friday,0,2025-05-09,Friday,1,28
18,3.366543691835437,5.816734234922523,1,Friday,0,2025-05-09,Friday,1,28
16,14.280197365658061,55.48754653346455,1,Friday,0,2025-05-09,Friday,1,28
17,16.51091961241812,21.17010100131359,1,Friday,0,2025-05-09,Friday,1,28
21,32.36879289578424,4.585420955290105,1,Friday,0,2025-05-09,Friday,1,28
13,17.84572006184389,19.295797552741163,1,Friday,0,2025-05-09,Friday,1,28
9,5.658583732374009,21.5914651881267,1,Friday,0,2025-05-09,Friday,1,28
18,15.443286605595883,11.567669118967569,1,Friday,0,2025-05-09,Friday,1,28
19,24.256469394856534,26.231221235048086,1,Friday,0,2025-05-09,Friday,1,28
16,2.52641601393755,8.856816949264708,1,Friday,0,2025-05-16,Friday,1,19
1,34.562689595792506,8.458523615226868,1,Friday,0,2025-05-16,Friday,1,19
21,13.666319013826104,9.631439713596833,1,Friday,0,2025-05-16,Friday,1,19
19,11.225618761725755,12.115303560669547,1,Friday,0,2025-05-16,Friday,1,19
22,7.3192519198061925,47.656884227510794,1,Friday,0,2025-05-16,Friday,1,19
18,3.0911292162270416,19.224294436351514,1,Friday,0,2025-05-16,Friday,1,19
20,11.726251659259773,7.610436928945745,1,Friday,0,2025-05-16,Friday,1,19
7,2.4447649594016676,7.198684562551672,1,Friday,0,2025-05-16,Friday,1,19
17,9.608670918350331,21.592980275398524,1,Friday,0,2025-05-16,Friday,1,19
22,15.183005993262007,14.12519709377774,1,Friday,0,2025-05-16,Friday,1,19
18,16.086252838943665,46.55197256135963,1,Friday,0,2025-05-16,Friday,1,19
16,18.28915144564852,5.742910751805713,1,Friday,0,2025-05-16,Friday,1,19
20,19.86398518641624,11.919266742332114,1,Friday,0,2025-05-16,Friday,1,19
20,20.299827387880775,10.293166966962257,1,Friday,0,2025-05-16,Friday,1,19
23,12.281323383125898,19.26713497516284,1,Friday,0,2025-05-16,Friday,1,19
17,25.234494085862448,13.779436054173107,1,Friday,0,2025-05-16,Friday,1,19
17,18.28598476690233,3.8039330007058227,1,Friday,0,2025-05-16,Friday,1,19
14,4.440405784605086,31.83286671603773,1,Friday,0,2025-05-16,Friday,1,19
14,9.209195434936905,30.0611139564188,1,Friday,0,2025-05-16,Friday,1,19
15,4.343874753064885,6.927285066826551,1,Friday,0,2025-05-23,Friday,1,17
12,12.682133228344853,4.981631127267082,1,Friday,0,2025-05-23,Friday,1,17
15,8.787229009264205,7.207163990165185,1,Friday,0,2025-05-23,Friday,1,17
23,9.299252041436857,8.577797388519054,1,Friday,0,2025-05-23,Friday,1,17
11,21.798809738808288,5.701613907842412,1,Friday,0,2025-05-23,Friday,1,17
18,17.39979753053011,35.94072919963296,1,Friday,0,2025-05-23,Friday,1,17
17,22.86483142064275,18.08206062193043,1,Friday,0,2025-05-23,Friday,1,17
23,14.042754708204736,12.171854089596241,1,Friday,0,2025-05-23,Friday,1,17
20,11.465612483323824,14.309906579812429,1,Friday,0,2025-05-23,Friday,1,17
18,19.60657660138155,27.49154007443262,1,Friday,0,2025-05-23,Friday,1,17
17,24.39031812323417,5.487769973759459,1,Friday,0,2025-05-23,Friday,1,17
23,19.37438942731592,5.162172310356578,1,Friday,0,2025-05-23,Friday,1,17
5,4.567032293412563,4.844828044949865,1,Friday,0,2025-05-23,Friday,1,17
18,14.836910571472224,30.993132819079566,1,Friday,0,2025-05-23,Friday,1,17
13,16.03449109986462,47.413717698738594,1,Friday,0,2025-05-23,Friday,1,17
17,13.910839855989458,19.03974806669343,1,Friday,0,2025-05-23,Friday,1,17
22,12.829159623300786,1.5217856187158532,1,Friday,0,2025-05-23,Friday,1,17
14,32.293519932472975,14.562425744050065,1,Friday,0,2025-05-30,Friday,1,15
18,4.709097890947739,5.036941345091038,1,Friday,0,2025-05-30,Friday,1,15
17,12.044945892100042,8.207001968369218,1,Friday,0,2025-05-30,Friday,1,15
19,12.09227310915524,6.979032138715494,1,Friday,0,2025-05-30,Friday,1,15
1,20.04125034272055,6.096749656799538,1,Friday,0,2025-05-30,Friday,1,15
17,9.127406648409762,5.705057040591691,1,Friday,0,2025-05-30,Friday,1,15
16,11.280033457782206,5.796779481568803,1,Friday,0,2025-05-30,Friday,1,15
13,2.5727693251381925,6.465148132627119,1,Friday,0,2025-05-30,Friday,1,15
19,14.11316681201303,2.1626981778949594,1,Friday,0,2025-05-30,Friday,1,15
17,2.363474992621654,2.7512423721858488,1,Friday,0,2025-05-30,Friday,1,15
18,18.87467072135851,1.2069868491585631,1,Friday,0,2025-05-30,Friday,1,15
22,9.32043109661152,21.065916363711793,1,Friday,0,2025-05-30,Friday,1,15
21,14.863097375229177,27.499670187321506,1,Friday,0,2025-05-30,Friday,1,15
11,3.3847743303237205,2.509501677933476,1,Friday,0,2025-05-30,Friday,1,15
14,16.36398292801368,8.654324836340283,1,Friday,0,2025-05-30,Friday,1,15
16,4.763679221215868,12.310852835756378,1,Friday,0,2025-06-06,Friday,1,17
13,14.634906739850194,12.005712862371906,1,Friday,0,2025-06-06,Friday,1,17
18,18.689290497985223,5.515508789285891,1,Friday,0,2025-06-06,Friday,1,17
21,15.458398347657194,14.309955728307825,1,Friday,0,2025-06-06,Friday,1,17
16,119.9167001192093,11.953766059414287,1,Friday,0,2025-06-06,Friday,1,17
15,6.919066354517757,9.70438254365161,1,Friday,0,2025-06-06,Friday,1,17
20,16.377964510065024,14.949024537810823,1,Friday,0,2025-06-06,Friday,1,17
23,13.202699461682784,4.511244541192537,1,Friday,0,2025-06-06,Friday,1,17
3,18.633433775851355,11.286454178894212,1,Friday,0,2025-06-06,Friday,1,17
19,64.23124862301707,39.83983429799584,1,Friday,0,2025-06-06,Friday,1,17
14,3.739257511528651,17.7238446052631,1,Friday,0,2025-06-06,Friday,1,17
8,25.534445378838864,24.66500545412469,1,Friday,0,2025-06-06,Friday,1,17
14,7.826079501190351,7.351774692892624,1,Friday,0,2025-06-06,Friday,1,17
17,15.195635380747479,3.3828960752842008,1,Friday,0,2025-06-06,Friday,1,17
17,16.639853788544627,7.389946193613668,1,Friday,0,2025-06-06,Friday,1,17
6,32.388877269930404,4.683946194725607,1,Friday,0,2025-06-06,Friday,1,17
20,10.032644620569247,22.440107271296434,1,Friday,0,2025-06-06,Friday,1,17
23,4.260982394786852,33.4628779463585,1,Friday,0,2025-06-13,Friday,1,10
17,17.521228172099395,7.076935864735271,1,Friday,0,2025-06-13,Friday,1,10
18,13.41701144745198,15.71542730299574,1,Friday,0,2025-06-13,Friday,1,10
17,2.396227616129875,2.8862383538747824,1,Friday,0,2025-06-13,Friday,1,10
10,7.769546578565679,16.42695822512666,1,Friday,0,2025-06-13,Friday,1,10
23,8.752083657629019,9.525111057011902,1,Friday,0,2025-06-13,Friday,1,10
18,2.204233676071819,14.482566129900333,1,Friday,0,2025-06-13,Friday,1,10
18,12.317942038520666,12.111246963410688,1,Friday,0,2025-06-13,Friday,1,10
16,16.09813671354977,8.786744372699138,1,Friday,0,2025-06-13,Friday,1,10
19,19.252811063815425,30.129884805364018,1,Friday,0,2025-06-13,Friday,1,10
15,41.68300074288599,9.259454286039322,1,Friday,0,2025-06-20,Friday,1,12
23,10.062721738414961,32.65956383218262,1,Friday,0,2025-06-20,Friday,1,12
19,16.21271881919811,16.864486706157734,1,Friday,0,2025-06-20,Friday,1,12
22,11.329367301590082,14.902420167540706,1,Friday,0,2025-06-20,Friday,1,12
10,35.52767280893473,13.73086533664113,1,Friday,0,2025-06-20,Friday,1,12
16,5.738126128449222,5.89920581627638,1,Friday,0,2025-06-20,Friday,1,12
23,14.445890355153399,61.060222772321886,1,Friday,0,2025-06-20,Friday,1,12
15,12.572917823622582,8.568246510904006,1,Friday,0,2025-06-20,Friday,1,12
19,17.913057654134963,12.53065809485957,1,Friday,0,2025-06-20,Friday,1,12
18,13.160287841655059,2.2213427957345484,1,Friday,0,2025-06-20,Friday,1,12
16,22.172890374055914,33.499590995022096,1,Friday,0,2025-06-20,Friday,1,12
17,7.996830695390213,6.803424001458545,1,Friday,0,2025-06-20,Friday,1,12
23,16.569697491945178,11.753224304797143,1,Saturday,0,2025-03-22,Saturday,1,14
16,2.1701859975354507,6.023535088632481,1,Saturday,0,2025-03-22,Saturday,1,14
18,7.807893043749764,31.83654029756686,1,Saturday,0,2025-03-22,Saturday,1,14
23,13.039550369546244,10.783269547627023,1,Saturday,0,2025-03-22,Saturday,1,14
19,19.00316589706382,12.677018801071243,1,Saturday,0,2025-03-22,Saturday,1,14
18,4.749034856179369,14.948401511732214,1,Saturday,0,2025-03-22,Saturday,1,14
11,25.54384969392466,11.650826157671712,1,Saturday,0,2025-03-22,Saturday,1,14
20,5.0110960887038605,16.183455971040356,1,Saturday,0,2025-03-22,Saturday,1,14
1,7.960258728862024,9.851834665708292,1,Saturday,0,2025-03-22,Saturday,1,14
14,22.373651993718056,44.52023057988645,1,Saturday,0,2025-03-22,Saturday,1,14
23,16.866464953849448,9.946767240467064,1,Saturday,0,2025-03-22,Saturday,1,14
19,14.244014965676215,28.28539461556755,1,Saturday,0,2025-03-22,Saturday,1,14
19,40.38862369352393,9.581756082214408,1,Saturday,0,2025-03-22,Saturday,1,14
13,33.33479941010552,9.963346740712275,1,Saturday,0,2025-03-22,Saturday,1,14
19,12.944492773742784,14.16336002581912,1,Saturday,0,2025-03-29,Saturday,1,15
21,13.375417585715187,12.604626525653082,1,Saturday,0,2025-03-29,Saturday,1,15
22,18.07377026378449,2.3708039592983328,1,Saturday,0,2025-03-29,Saturday,1,15
18,15.405716226473192,16.371053354398843,1,Saturday,0,2025-03-29,Saturday,1,15
15,17.251777781562804,19.839581510082475,1,Saturday,0,2025-03-29,Saturday,1,15
22,13.812203893517498,12.888708331162954,1,Saturday,0,2025-03-29,Saturday,1,15
11,14.49871272442465,39.89285618745442,1,Saturday,0,2025-03-29,Saturday,1,15
18,12.533080699728924,22.869400367404708,1,Saturday,0,2025-03-29,Saturday,1,15
13,2.275243032361743,3.678179540192895,1,Saturday,0,2025-03-29,Saturday,1,15
15,2.0023789585377787,5.273750795388131,1,Saturday,0,2025-03-29,Saturday,1,15
16,23.710295654243595,8.559020965416801,1,Saturday,0,2025-03-29,Saturday,1,15
15,2.0179903174090192,4.569899739612501,1,Saturday,0,2025-03-29,Saturday,1,15
18,46.02625137303127,44.63550289726362,1,Saturday,0,2025-03-29,Saturday,1,15
15,20.702861188419032,12.992832105416044,1,Saturday,0,2025-03-29,Saturday,1,15
19,15.024960183999127,12.279376353606258,1,Saturday,0,2025-03-29,Saturday,1,15
20,14.559234888545202,14.744296357868716,1,Saturday,0,2025-04-05,Saturday,1,20
23,11.896537246635589,16.009003240564468,1,Saturday,0,2025-04-05,Saturday,1,20
17,10.659096133567754,30.11444694267914,1,Saturday,0,2025-04-05,Saturday,1,20
17,2.295972981459365,6.834339170501795,1,Saturday,0,2025-04-05,Saturday,1,20
23,16.775910572472153,34.9664496214246,1,Saturday,0,2025-04-05,Saturday,1,20
12,5.529264797669347,12.99721024133185,1,Saturday,0,2025-04-05,Saturday,1,20
11,21.3606709273024,2.599084636113977,1,Saturday,0,2025-04-05,Saturday,1,20
15,3.219557534351098,18.03098143545065,1,Saturday,0,2025-04-05,Saturday,1,20
17,16.669699683652365,3.365447609740114,1,Saturday,0,2025-04-05,Saturday,1,20
13,5.192539924402773,9.14836260078519,1,Saturday,0,2025-04-05,Saturday,1,20
20,9.37348408671566,8.767146816754094,1,Saturday,0,2025-04-05,Saturday,1,20
20,11.866807604163714,26.571924903470702,1,Saturday,0,2025-04-05,Saturday,1,20
16,10.845657309019359,0.9275671025127383,1,Saturday,0,2025-04-05,Saturday,1,20
0,2.9271860569187256,1.3008637118788302,1,Saturday,0,2025-04-05,Saturday,1,20
18,22.293680516589777,5.1678427573287085,1,Saturday,0,2025-04-05,Saturday,1,20
19,13.51781149721893,6.8141694243086945,1,Saturday,0,2025-04-05,Saturday,1,20
20,3.521631516911361,1.4092893557409667,1,Saturday,0,2025-04-05,Saturday,1,20
17,2.54126997166662,9.328713708082793,1,Saturday,0,2025-04-05,Saturday,1,20
10,2.0609055304935597,18.427709274646705,1,Saturday,0,2025-04-05,Saturday,1,20
19,13.748498271508321,3.8575349189489687,1,Saturday,0,2025-04-05,Saturday,1,20
13,27.744795096848808,8.741298229126102,1,Saturday,0,2025-04-12,Saturday,1,21
19,20.961734679274237,5.135108304900167,1,Saturday,0,2025-04-12,Saturday,1,21
20,3.0513830817575363,8.807693113582477,1,Saturday,0,2025-04-12,Saturday,1,21
19,18.475569486463733,3.625557157414092,1,Saturday,0,2025-04-12,Saturday,1,21
11,3.088638678038165,17.807597005769537,1,Saturday,0,2025-04-12,Saturday,1,21
19,34.67769732318724,8.280443973568643,1,Saturday,0,2025-04-12,Saturday,1,21
16,15.57517452950945,0.5158785545784537,1,Saturday,0,2025-04-12,Saturday,1,21
5,9.559207510896911,23.697073676543635,1,Saturday,0,2025-04-12,Saturday,1,21
18,2.819696790714098,8.740368748027537,1,Saturday,0,2025-04-12,Saturday,1,21
20,6.5024766493174635,7.293370641392113,1,Saturday,0,2025-04-12,Saturday,1,21
20,19.69071816493005,10.502179082000243,1,Saturday,0,2025-04-12,Saturday,1,21
16,12.887893870358464,6.202589706073643,1,Saturday,0,2025-04-12,Saturday,1,21
17,21.280874602014286,11.917149489187942,1,Saturday,0,2025-04-12,Saturday,1,21
20,18.0401438831964,17.192681396611885,1,Saturday,0,2025-04-12,Saturday,1,21
20,15.688499015362233,3.2122785020507383,1,Saturday,0,2025-04-12,Saturday,1,21
19,13.399880275790736,14.314647990143254,1,Saturday,0,2025-04-12,Saturday,1,21
17,16.91221494414487,10.716954692737026,1,Saturday,0,2025-04-12,Saturday,1,21
19,12.928358179086459,10.532170586781975,1,Saturday,0,2025-04-12,Saturday,1,21
16,19.952858463144548,24.648282308492682,1,Saturday,0,2025-04-12,Saturday,1,21
19,19.143116532471417,5.387167206121394,1,Saturday,0,2025-04-12,Saturday,1,21
6,8.5520802314164,25.32176772585453,1,Saturday,0,2025-04-12,Saturday,1,21
14,2.468651041893142,9.94915291936963,1,Saturday,0,2025-04-19,Saturday,1,11
23,10.231078308669005,6.663329117239808,1,Saturday,0,2025-04-19,Saturday,1,11
0,5.782159767470015,22.159213916830144,1,Saturday,0,2025-04-19,Saturday,1,11
12,2.7579632819745794,3.4122746398371318,1,Saturday,0,2025-04-19,Saturday,1,11
19,9.383547721815962,3.812810149156136,1,Saturday,0,2025-04-19,Saturday,1,11
12,2.7432169542666434,4.8913712704179355,1,Saturday,0,2025-04-19,Saturday,1,11
17,5.405935546477935,8.590525078928163,1,Saturday,0,2025-04-19,Saturday,1,11
21,21.3935991894881,53.0935326878111,1,Saturday,0,2025-04-19,Saturday,1,11
12,12.247391995727341,14.158656834918771,1,Saturday,0,2025-04-19,Saturday,1,11
18,10.218729237603231,8.859339503743618,1,Saturday,0,2025-04-19,Saturday,1,11
16,14.832341433837595,15.46888912160226,1,Saturday,0,2025-04-19,Saturday,1,11
20,22.998891865834032,2.622409798788153,1,Saturday,0,2025-04-26,Saturday,1,14
20,18.545655849697173,8.014259331777001,1,Saturday,0,2025-04-26,Saturday,1,14
15,14.869155223654868,13.587429701092555,1,Saturday,0,2025-04-26,Saturday,1,14
23,13.403372809430483,14.938475336501716,1,Saturday,0,2025-04-26,Saturday,1,14
20,15.18898506257377,4.1766781968095925,1,Saturday,0,2025-04-26,Saturday,1,14
20,12.288139682705609,5.579414110644865,1,Saturday,0,2025-04-26,Saturday,1,14
22,2.9149586090907227,27.47180251174445,1,Saturday,0,2025-04-26,Saturday,1,14
22,17.446663393145275,9.010895061108855,1,Saturday,0,2025-04-26,Saturday,1,14
9,2.8855233653795347,11.07758511240311,1,Saturday,0,2025-04-26,Saturday,1,14
20,18.46573673898318,1.9557849911188148,1,Saturday,0,2025-04-26,Saturday,1,14
14,86.64980069317077,9.405282514829864,1,Saturday,0,2025-04-26,Saturday,1,14
19,10.781181248243755,8.842018980596858,1,Saturday,0,2025-04-26,Saturday,1,14
18,8.639788313187431,20.2758687794589,1,Saturday,0,2025-04-26,Saturday,1,14
22,9.820117052800978,34.20926677723073,1,Saturday,0,2025-04-26,Saturday,1,14
15,21.62625818729852,3.875102479540134,1,Saturday,0,2025-05-03,Saturday,1,20
12,20.166550348580195,10.922840077044906,1,Saturday,0,2025-05-03,Saturday,1,20
16,33.59921811044773,13.772528295351538,1,Saturday,0,2025-05-03,Saturday,1,20
16,28.17743630165335,2.2260317508546175,1,Saturday,0,2025-05-03,Saturday,1,20
18,16.47158245901571,33.9204212004281,1,Saturday,0,2025-05-03,Saturday,1,20
18,19.057328996540573,7.071302189741486,1,Saturday,0,2025-05-03,Saturday,1,20
18,17.713466031327346,9.794145786916244,1,Saturday,0,2025-05-03,Saturday,1,20
18,6.31596667758959,8.725552373913494,1,Saturday,0,2025-05-03,Saturday,1,20
20,40.87754462639308,3.0776944663514785,1,Saturday,0,2025-05-03,Saturday,1,20
16,14.324018760395013,12.603457556012236,1,Saturday,0,2025-05-03,Saturday,1,20
20,10.945904269433353,8.705076442478513,1,Saturday,0,2025-05-03,Saturday,1,20
20,9.62260596939444,27.44381227750513,1,Saturday,0,2025-05-03,Saturday,1,20
23,6.831526046419937,16.941399961605075,1,Saturday,0,2025-05-03,Saturday,1,20
11,60.68164285759956,4.3277392222165,1,Saturday,0,2025-05-03,Saturday,1,20
12,3.9369842931315677,28.946937335492922,1,Saturday,0,2025-05-03,Saturday,1,20
21,6.120463753590916,10.747625691487817,1,Saturday,0,2025-05-03,Saturday,1,20
20,14.112574086542807,17.908991347143132,1,Saturday,0,2025-05-03,Saturday,1,20
10,4.1288398897829905,4.396767281423165,1,Saturday,0,2025-05-03,Saturday,1,20
22,12.663529402451893,10.376495036933443,1,Saturday,0,2025-05-03,Saturday,1,20
22,18.236697688402682,10.645648413487173,1,Saturday,0,2025-05-03,Saturday,1,20
23,2.7206762288541717,36.438036999628636,1,Saturday,0,2025-05-10,Saturday,1,9
16,3.0753737916086283,16.11087740771689,1,Saturday,0,2025-05-10,Saturday,1,9
17,12.870349858189389,29.23464238778564,1,Saturday,0,2025-05-10,Saturday,1,9
21,6.373859674739362,10.217144465070563,1,Saturday,0,2025-05-10,Saturday,1,9
20,43.8796248388605,6.0414071954621384,1,Saturday,0,2025-05-10,Saturday,1,9
15,36.20044344120546,9.184139346690293,1,Saturday,0,2025-05-10,Saturday,1,9
20,10.85576894973627,15.076309590843902,1,Saturday,0,2025-05-10,Saturday,1,9
15,22.805722038507284,11.748918014183829,1,Saturday,0,2025-05-10,Saturday,1,9
17,15.284515055602721,20.994451332363088,1,Saturday,0,2025-05-10,Saturday,1,9
18,7.356165897314589,6.093626156235252,1,Saturday,0,2025-05-17,Saturday,1,16
7,2.9628247879359146,21.343443507232156,1,Saturday,0,2025-05-17,Saturday,1,16
18,15.431116013810687,24.341490510170516,1,Saturday,0,2025-05-17,Saturday,1,16
21,75.49896539016085,35.17585962456091,1,Saturday,0,2025-05-17,Saturday,1,16
1,2.369290751300526,18.397892390875857,1,Saturday,0,2025-05-17,Saturday,1,16
16,7.583204790430407,29.730679180622257,1,Saturday,0,2025-05-17,Saturday,1,16
16,7.031719984525841,4.660848050697167,1,Saturday,0,2025-05-17,Saturday,1,16
22,49.81783670133854,8.702949428952767,1,Saturday,0,2025-05-17,Saturday,1,16
12,5.4885074000980545,10.046743724167642,1,Saturday,0,2025-05-17,Saturday,1,16
23,13.734070429407797,43.46477833907457,1,Saturday,0,2025-05-17,Saturday,1,16
14,24.408195012639208,4.9903524241801325,1,Saturday,0,2025-05-17,Saturday,1,16
7,23.336900611469265,7.412338701219349,1,Saturday,0,2025-05-17,Saturday,1,16
13,25.617268098847667,3.3908294768608007,1,Saturday,0,2025-05-17,Saturday,1,16
9,2.4140674287571597,1.0175865250441487,1,Saturday,0,2025-05-17,Saturday,1,16
21,12.432620567405372,11.324823756442422,1,Saturday,0,2025-05-17,Saturday,1,16
16,7.476001752081763,2.756241223914131,1,Saturday,0,2025-05-17,Saturday,1,16
22,11.410430327015025,4.722853549258743,1,Saturday,0,2025-05-24,Saturday,1,13
19,119.9167001192093,7.149864306885506,1,Saturday,0,2025-05-24,Saturday,1,13
16,2.5311724426714086,14.400872937828977,1,Saturday,0,2025-05-24,Saturday,1,13
16,20.203170157543532,9.056580595062426,1,Saturday,0,2025-05-24,Saturday,1,13
18,13.850602732407246,7.106162910278859,1,Saturday,0,2025-05-24,Saturday,1,13
20,9.120732698020555,15.162071793241322,1,Saturday,0,2025-05-24,Saturday,1,13
15,39.875739462546605,4.5146800540390775,1,Saturday,0,2025-05-24,Saturday,1,13
14,20.72966882725083,14.905259896807557,1,Saturday,0,2025-05-24,Saturday,1,13
22,13.562409499803984,18.121141655693744,1,Saturday,0,2025-05-24,Saturday,1,13
18,18.889278380244566,1.7040867844612073,1,Saturday,0,2025-05-24,Saturday,1,13
17,4.5620743030218565,5.031400715262426,1,Saturday,0,2025-05-24,Saturday,1,13
12,8.124647515182012,16.584878408094756,1,Saturday,0,2025-05-24,Saturday,1,13
4,5.306512807605045,8.38004960422265,1,Saturday,0,2025-05-24,Saturday,1,13
15,7.291488803469564,11.552439653456066,1,Saturday,0,2025-05-31,Saturday,1,22
23,11.98340913064597,19.828932879626443,1,Saturday,0,2025-05-31,Saturday,1,22
16,13.66422230259931,23.695335388519428,1,Saturday,0,2025-05-31,Saturday,1,22
15,32.09281191993609,18.252770162068618,1,Saturday,0,2025-05-31,Saturday,1,22
18,18.668953793876756,9.01128705531044,1,Saturday,0,2025-05-31,Saturday,1,22
13,7.4882140133677035,8.489288004109863,1,Saturday,0,2025-05-31,Saturday,1,22
16,3.644970514851928,23.787303752225505,1,Saturday,0,2025-05-31,Saturday,1,22
17,13.248196974904396,4.516751508242102,1,Saturday,0,2025-05-31,Saturday,1,22
19,22.24969651409777,9.128401045800166,1,Saturday,0,2025-05-31,Saturday,1,22
11,2.903065578609067,4.149812070000188,1,Saturday,0,2025-05-31,Saturday,1,22
18,13.555281834203647,5.742298285289028,1,Saturday,0,2025-05-31,Saturday,1,22
16,3.686614142460355,13.94724028934951,1,Saturday,0,2025-05-31,Saturday,1,22
22,44.72204217943627,7.502822018724693,1,Saturday,0,2025-05-31,Saturday,1,22
4,8.113648971458652,6.372267222548071,1,Saturday,0,2025-05-31,Saturday,1,22
18,16.306823636301033,38.014764795400566,1,Saturday,0,2025-05-31,Saturday,1,22
15,6.493385785298939,64.25421076222352,1,Saturday,0,2025-05-31,Saturday,1,22
11,9.815032861336572,24.931451316085674,1,Saturday,0,2025-05-31,Saturday,1,22
1,11.36036215110196,8.627077632415862,1,Saturday,0,2025-05-31,Saturday,1,22
6,2.3450792920885015,5.393424021577625,1,Saturday,0,2025-05-31,Saturday,1,22
19,7.895680256174407,18.84800068925539,1,Saturday,0,2025-05-31,Saturday,1,22
18,20.483678349646365,2.7391174399786617,1,Saturday,0,2025-05-31,Saturday,1,22
14,27.611050099369606,4.664342825108698,1,Saturday,0,2025-05-31,Saturday,1,22
21,12.463997509307482,20.21940534172884,1,Saturday,0,2025-06-07,Saturday,1,11
16,98.36334669593391,6.773260469854917,1,Saturday,0,2025-06-07,Saturday,1,11
20,21.078380734614356,4.136882039759557,1,Saturday,0,2025-06-07,Saturday,1,11
15,8.314036420862866,13.45886568647506,1,Saturday,0,2025-06-07,Saturday,1,11
18,29.865738891278202,7.891816002101429,1,Saturday,0,2025-06-07,Saturday,1,11
23,14.999850070084765,55.447390937492955,1,Saturday,0,2025-06-07,Saturday,1,11
18,18.546105328142815,16.50876567210517,1,Saturday,0,2025-06-07,Saturday,1,11
17,2.0251668047322986,15.69004026584454,1,Saturday,0,2025-06-07,Saturday,1,11
22,6.2914143972241625,15.229016042762817,1,Saturday,0,2025-06-07,Saturday,1,11
19,11.210938524067867,4.531963820491815,1,Saturday,0,2025-06-07,Saturday,1,11
19,16.49864204423472,61.968516748999825,1,Saturday,0,2025-06-07,Saturday,1,11
11,21.334151344248383,19.73984780966545,1,Saturday,0,2025-06-14,Saturday,1,15
16,5.02751927274054,17.99701145130122,1,Saturday,0,2025-06-14,Saturday,1,15
20,19.229458128786465,7.190394207292168,1,Saturday,0,2025-06-14,Saturday,1,15
18,17.731639029866788,6.365659154670964,1,Saturday,0,2025-06-14,Saturday,1,15
14,5.73017735970785,7.622563893463596,1,Saturday,0,2025-06-14,Saturday,1,15
19,14.948895332020733,17.05782930033318,1,Saturday,0,2025-06-14,Saturday,1,15
19,15.929512781530573,38.3780598592717,1,Saturday,0,2025-06-14,Saturday,1,15
15,17.173857328563418,20.982830492827507,1,Saturday,0,2025-06-14,Saturday,1,15
13,2.0978424309644,3.5867552018824416,1,Saturday,0,2025-06-14,Saturday,1,15
22,12.349026310530412,26.59402979818209,1,Saturday,0,2025-06-14,Saturday,1,15
1,18.928691394654976,27.64952692649858,1,Saturday,0,2025-06-14,Saturday,1,15
17,2.2867756125230763,3.2688899612187416,1,Saturday,0,2025-06-14,Saturday,1,15
14,23.412328886058415,18.47893527381209,1,Saturday,0,2025-06-14,Saturday,1,15
16,16.504558386957086,17.942038122031093,1,Saturday,0,2025-06-14,Saturday,1,15
15,16.625326993268853,10.316358870202691,1,Saturday,0,2025-06-14,Saturday,1,15
17,18.757182318603387,7.289461228993965,1,Saturday,0,2025-06-21,Saturday,1,14
9,4.6768252199458535,6.860818824594821,1,Saturday,0,2025-06-21,Saturday,1,14
20,21.60662963070586,26.387249256129756,1,Saturday,0,2025-06-21,Saturday,1,14
21,10.203797117291561,18.780847366752884,1,Saturday,0,2025-06-21,Saturday,1,14
14,33.38346701093473,4.294182034893676,1,Saturday,0,2025-06-21,Saturday,1,14
23,12.193021828947487,28.86875396393836,1,Saturday,0,2025-06-21,Saturday,1,14
18,4.150366370976814,21.718723243043414,1,Saturday,0,2025-06-21,Saturday,1,14
15,2.4243554372978857,19.914573005182657,1,Saturday,0,2025-06-21,Saturday,1,14
23,3.5605863685123404,6.6764340105589515,1,Saturday,0,2025-06-21,Saturday,1,14
3,4.891018142209621,10.301735992910256,1,Saturday,0,2025-06-21,Saturday,1,14
2,11.246602136130399,10.420210631241341,1,Saturday,0,2025-06-21,Saturday,1,14
21,15.19257369162823,1.731321905282748,1,Saturday,0,2025-06-21,Saturday,1,14
10,12.227214284243807,1.4546763525899937,1,Saturday,0,2025-06-21,Saturday,1,14
22,12.585301867734291,37.372750302840885,1,Saturday,0,2025-06-21,Saturday,1,14
20,13.721769236048175,55.93633179586109,1,Sunday,0,2025-03-23,Sunday,1,17
16,8.865499712273238,62.610388542167385,1,Sunday,0,2025-03-23,Sunday,1,17
19,10.583580742125054,4.085928115211801,1,Sunday,0,2025-03-23,Sunday,1,17
20,15.995240348920117,8.867469069182771,1,Sunday,0,2025-03-23,Sunday,1,17
22,8.155713784295179,9.377262061876722,1,Sunday,0,2025-03-23,Sunday,1,17
20,12.788741271313814,4.340950935647897,1,Sunday,0,2025-03-23,Sunday,1,17
18,10.58937241810931,5.9256783852597374,1,Sunday,0,2025-03-23,Sunday,1,17
17,6.911983621939586,14.072253123152713,1,Sunday,0,2025-03-23,Sunday,1,17
20,14.892210397854818,37.23556259364985,1,Sunday,0,2025-03-23,Sunday,1,17
16,15.663486980889836,13.615660405495962,1,Sunday,0,2025-03-23,Sunday,1,17
19,15.884638399729312,0.9778162725952566,1,Sunday,0,2025-03-23,Sunday,1,17
22,15.837322895005158,20.032232470370445,1,Sunday,0,2025-03-23,Sunday,1,17
19,12.654334401561034,8.759149083180212,1,Sunday,0,2025-03-23,Sunday,1,17
22,10.599014064490795,5.793413108600414,1,Sunday,0,2025-03-23,Sunday,1,17
17,41.64578165350105,22.769318957053205,1,Sunday,0,2025-03-23,Sunday,1,17
21,24.711062650925523,2.826275408413556,1,Sunday,0,2025-03-23,Sunday,1,17
18,17.982368591686694,8.068153185357342,1,Sunday,0,2025-03-23,Sunday,1,17
17,13.430846039698103,9.257185859974102,1,Sunday,0,2025-03-30,Sunday,1,27
17,12.77851574950948,6.549844920591702,1,Sunday,0,2025-03-30,Sunday,1,27
21,16.36256296375391,20.51234768390356,1,Sunday,0,2025-03-30,Sunday,1,27
20,13.75114523413276,44.0872007462661,1,Sunday,0,2025-03-30,Sunday,1,27
20,16.87153410137062,8.358187013804427,1,Sunday,0,2025-03-30,Sunday,1,27
8,11.506264952728,26.672214877436687,1,Sunday,0,2025-03-30,Sunday,1,27
0,6.8318900977435115,49.90714722386444,1,Sunday,0,2025-03-30,Sunday,1,27
22,14.621789204856782,35.67897296920182,1,Sunday,0,2025-03-30,Sunday,1,27
23,2.7709986504361783,17.687351670729893,1,Sunday,0,2025-03-30,Sunday,1,27
15,19.310965789809856,32.92605962490456,1,Sunday,0,2025-03-30,Sunday,1,27
18,15.755688200653392,31.009143568468847,1,Sunday,0,2025-03-30,Sunday,1,27
19,10.267246284052042,3.1059031193827575,1,Sunday,0,2025-03-30,Sunday,1,27
16,20.770155238404545,8.339540155289098,1,Sunday,0,2025-03-30,Sunday,1,27
19,13.412586278090874,34.47377245851644,1,Sunday,0,2025-03-30,Sunday,1,27
19,15.47196205942652,10.534111444799667,1,Sunday,0,2025-03-30,Sunday,1,27
21,14.538561977077013,3.5201004794120045,1,Sunday,0,2025-03-30,Sunday,1,27
23,8.256636115983229,5.369318148707324,1,Sunday,0,2025-03-30,Sunday,1,27
5,18.436506604486134,29.060640431188915,1,Sunday,0,2025-03-30,Sunday,1,27
17,3.4286111095532217,4.6100425596312755,1,Sunday,0,2025-03-30,Sunday,1,27
23,27.66574189087677,15.466996663528159,1,Sunday,0,2025-03-30,Sunday,1,27
16,12.888757711086868,10.430625050083782,1,Sunday,0,2025-03-30,Sunday,1,27
21,8.818913233288715,15.25880916105535,1,Sunday,0,2025-03-30,Sunday,1,27
17,2.1120018994557883,18.358449654134017,1,Sunday,0,2025-03-30,Sunday,1,27
19,4.79623042864332,5.8389195469328765,1,Sunday,0,2025-03-30,Sunday,1,27
19,12.93546331431207,13.569838712988787,1,Sunday,0,2025-03-30,Sunday,1,27
22,14.87187257377407,22.969842002185977,1,Sunday,0,2025-03-30,Sunday,1,27
10,33.61368054208644,21.898930306954348,1,Sunday,0,2025-03-30,Sunday,1,27
20,13.560522685525317,6.615784898722247,1,Sunday,0,2025-04-06,Sunday,1,17
19,11.83408788416321,7.216189596484956,1,Sunday,0,2025-04-06,Sunday,1,17
16,12.78815285503796,13.117443060212183,1,Sunday,0,2025-04-06,Sunday,1,17
20,10.348945964209332,7.725709438156921,1,Sunday,0,2025-04-06,Sunday,1,17
20,14.68202047529752,12.297356422820137,1,Sunday,0,2025-04-06,Sunday,1,17
15,43.48504390869651,14.153210468259099,1,Sunday,0,2025-04-06,Sunday,1,17
19,8.961318799750632,15.14755716233069,1,Sunday,0,2025-04-06,Sunday,1,17
11,6.142221762663662,12.962374502110473,1,Sunday,0,2025-04-06,Sunday,1,17
0,9.714788280523067,73.3663738399921,1,Sunday,0,2025-04-06,Sunday,1,17
22,9.44776538911962,9.68546654766496,1,Sunday,0,2025-04-06,Sunday,1,17
16,21.69686772606622,2.43374473198733,1,Sunday,0,2025-04-06,Sunday,1,17
23,10.607276958560337,22.187027367003864,1,Sunday,0,2025-04-06,Sunday,1,17
15,14.345971566996408,20.91434415657652,1,Sunday,0,2025-04-06,Sunday,1,17
10,4.694970467342532,5.098025851347582,1,Sunday,0,2025-04-06,Sunday,1,17
14,20.188937327282346,2.4200099534186155,1,Sunday,0,2025-04-06,Sunday,1,17
15,14.26685663925766,24.525195846354645,1,Sunday,0,2025-04-06,Sunday,1,17
21,10.691466621312763,14.048241735124904,1,Sunday,0,2025-04-06,Sunday,1,17
10,5.1201698044227255,13.530794237006363,1,Sunday,0,2025-04-13,Sunday,1,18
20,10.383070514977152,13.591345017256927,1,Sunday,0,2025-04-13,Sunday,1,18
20,4.519412324983586,6.510302585173924,1,Sunday,0,2025-04-13,Sunday,1,18
15,16.471617665843045,12.187414458118527,1,Sunday,0,2025-04-13,Sunday,1,18
6,51.44024122711015,7.773446954364366,1,Sunday,0,2025-04-13,Sunday,1,18
16,21.891605939313262,19.708023455932604,1,Sunday,0,2025-04-13,Sunday,1,18
18,11.711969495191688,7.564519397725458,1,Sunday,0,2025-04-13,Sunday,1,18
19,3.857210680288971,21.40701572582365,1,Sunday,0,2025-04-13,Sunday,1,18
8,3.4909985022710206,3.466378485794639,1,Sunday,0,2025-04-13,Sunday,1,18
22,12.49416398825467,12.831384960687108,1,Sunday,0,2025-04-13,Sunday,1,18
21,10.793682264660529,7.188586028419401,1,Sunday,0,2025-04-13,Sunday,1,18
20,10.936232199784587,13.291151310474463,1,Sunday,0,2025-04-13,Sunday,1,18
18,19.793911502411966,2.1778321014023003,1,Sunday,0,2025-04-13,Sunday,1,18
9,25.152744421291438,2.961984928891571,1,Sunday,0,2025-04-13,Sunday,1,18
6,13.950859847249014,28.567595668758994,1,Sunday,0,2025-04-13,Sunday,1,18
15,4.176373187841159,38.083594120092634,1,Sunday,0,2025-04-13,Sunday,1,18
17,13.75869549233591,5.642386706335863,1,Sunday,0,2025-04-13,Sunday,1,18
21,11.16323846394263,4.071769791564157,1,Sunday,0,2025-04-13,Sunday,1,18
20,15.017301418465347,29.084383271554508,1,Sunday,0,2025-04-20,Sunday,1,18
13,12.77166043933433,3.5195698440080623,1,Sunday,0,2025-04-20,Sunday,1,18
16,18.503688808008068,17.225847199104482,1,Sunday,0,2025-04-20,Sunday,1,18
10,31.625829281406887,8.232619662714201,1,Sunday,0,2025-04-20,Sunday,1,18
19,8.326200838518286,6.958709145802184,1,Sunday,0,2025-04-20,Sunday,1,18
21,10.509866762605231,9.166479638256174,1,Sunday,0,2025-04-20,Sunday,1,18
19,10.178073690460838,5.952551730933014,1,Sunday,0,2025-04-20,Sunday,1,18
23,15.06165823116369,21.2231398553882,1,Sunday,0,2025-04-20,Sunday,1,18
18,5.0470700760422735,6.2295111251349855,1,Sunday,0,2025-04-20,Sunday,1,18
21,11.884142177138262,6.32048046065411,1,Sunday,0,2025-04-20,Sunday,1,18
21,10.998992535137752,15.55835087628393,1,Sunday,0,2025-04-20,Sunday,1,18
17,20.61874655196566,1.282971738695476,1,Sunday,0,2025-04-20,Sunday,1,18
19,30.097019171284238,12.379978081754395,1,Sunday,0,2025-04-20,Sunday,1,18
21,9.469753158349093,14.01299090713678,1,Sunday,0,2025-04-20,Sunday,1,18
20,11.831939927218453,13.996759494448087,1,Sunday,0,2025-04-20,Sunday,1,18
19,3.3324942902226034,13.60767524899814,1,Sunday,0,2025-04-20,Sunday,1,18
21,13.513404600889825,14.570413061602313,1,Sunday,0,2025-04-20,Sunday,1,18
20,2.5384594622969896,2.15345952064727,1,Sunday,0,2025-04-20,Sunday,1,18
19,13.415025812492505,3.508935661654517,1,Sunday,0,2025-04-27,Sunday,1,20
17,119.91612743031739,18.49519647629595,1,Sunday,0,2025-04-27,Sunday,1,20
19,16.070437326351612,10.17046164389702,1,Sunday,0,2025-04-27,Sunday,1,20
17,8.544672149481592,2.9509196328280805,1,Sunday,0,2025-04-27,Sunday,1,20
19,6.278415328069535,10.738314791554037,1,Sunday,0,2025-04-27,Sunday,1,20
16,9.686831593649476,8.002627779432327,1,Sunday,0,2025-04-27,Sunday,1,20
4,6.279995858511773,3.288358692385268,1,Sunday,0,2025-04-27,Sunday,1,20
16,2.988386134800431,10.232563975610775,1,Sunday,0,2025-04-27,Sunday,1,20
16,9.216019671415719,3.1357960500692172,1,Sunday,0,2025-04-27,Sunday,1,20
15,5.6697751474121505,8.058740200255452,1,Sunday,0,2025-04-27,Sunday,1,20
3,2.790410560694886,8.613667941809313,1,Sunday,0,2025-04-27,Sunday,1,20
23,19.144977426668905,9.64718398516583,1,Sunday,0,2025-04-27,Sunday,1,20
7,2.838253098575666,2.0288853814350123,1,Sunday,0,2025-04-27,Sunday,1,20
22,3.1378581390920663,17.20665466141913,1,Sunday,0,2025-04-27,Sunday,1,20
20,5.4654156104113785,6.833252378642701,1,Sunday,0,2025-04-27,Sunday,1,20
11,11.104885217924096,12.155897982420868,1,Sunday,0,2025-04-27,Sunday,1,20
14,3.217312074824785,12.132946618034495,1,Sunday,0,2025-04-27,Sunday,1,20
19,3.9792920093076196,17.535262801620078,1,Sunday,0,2025-04-27,Sunday,1,20
18,14.154307601354127,16.350911251701657,1,Sunday,0,2025-04-27,Sunday,1,20
20,13.436099898556396,5.489527822683649,1,Sunday,0,2025-04-27,Sunday,1,20
13,2.0782267830430947,5.749509389296656,1,Sunday,0,2025-05-04,Sunday,1,22
21,13.103569282672598,37.71919358610389,1,Sunday,0,2025-05-04,Sunday,1,22
10,7.111763005215318,3.9697637029187796,1,Sunday,0,2025-05-04,Sunday,1,22
15,16.767238416182835,17.64984815427268,1,Sunday,0,2025-05-04,Sunday,1,22
19,13.038785914012244,9.042167631152198,1,Sunday,0,2025-05-04,Sunday,1,22
18,5.79307804108468,16.594795275773876,1,Sunday,0,2025-05-04,Sunday,1,22
18,13.973717208592397,11.586240451786699,1,Sunday,0,2025-05-04,Sunday,1,22
13,13.560150768136804,10.939079150210514,1,Sunday,0,2025-05-04,Sunday,1,22
20,14.220872639043396,2.7899532844952573,1,Sunday,0,2025-05-04,Sunday,1,22
17,15.996054381218553,16.608511242951906,1,Sunday,0,2025-05-04,Sunday,1,22
14,20.045846588067576,11.242913523490799,1,Sunday,0,2025-05-04,Sunday,1,22
21,14.087660045327816,3.6758048750412273,1,Sunday,0,2025-05-04,Sunday,1,22
16,6.870008515678226,6.236628432010881,1,Sunday,0,2025-05-04,Sunday,1,22
8,8.851663797622578,10.409698223107034,1,Sunday,0,2025-05-04,Sunday,1,22
13,34.1160358884408,0.7797246169096381,1,Sunday,0,2025-05-04,Sunday,1,22
21,6.426970986546548,14.440286190676069,1,Sunday,0,2025-05-04,Sunday,1,22
17,3.718366014334517,15.931991316292365,1,Sunday,0,2025-05-04,Sunday,1,22
22,11.413228817547747,8.495032192577655,1,Sunday,0,2025-05-04,Sunday,1,22
20,8.8443311833246,16.572034006991988,1,Sunday,0,2025-05-04,Sunday,1,22
16,5.290476693265373,18.512496570195708,1,Sunday,0,2025-05-04,Sunday,1,22
3,10.028375854505114,17.798306584348055,1,Sunday,0,2025-05-04,Sunday,1,22
21,9.048247662854068,12.12424080232528,1,Sunday,0,2025-05-04,Sunday,1,22
17,2.5085424492697905,47.81907678908699,1,Sunday,0,2025-05-11,Sunday,1,20
22,17.429115448014574,3.7593086471383135,1,Sunday,0,2025-05-11,Sunday,1,20
13,14.715984077937701,6.138840003497209,1,Sunday,0,2025-05-11,Sunday,1,20
14,25.687680709081224,8.027065827762307,1,Sunday,0,2025-05-11,Sunday,1,20
17,15.026964059310679,4.387634168311865,1,Sunday,0,2025-05-11,Sunday,1,20
17,37.49728835164946,9.481173133470998,1,Sunday,0,2025-05-11,Sunday,1,20
19,14.795726378644574,10.32211918078997,1,Sunday,0,2025-05-11,Sunday,1,20
14,22.15778794090114,13.795417267048544,1,Sunday,0,2025-05-11,Sunday,1,20
17,7.622694301131163,18.438096309022157,1,Sunday,0,2025-05-11,Sunday,1,20
15,2.3089582540742972,15.562864678243685,1,Sunday,0,2025-05-11,Sunday,1,20
13,8.909905119541591,35.99802032822163,1,Sunday,0,2025-05-11,Sunday,1,20
14,11.654573109579147,6.095969885643542,1,Sunday,0,2025-05-11,Sunday,1,20
18,3.2736031255995144,24.338533544435155,1,Sunday,0,2025-05-11,Sunday,1,20
12,32.057109991011046,2.8676210134617417,1,Sunday,0,2025-05-11,Sunday,1,20
19,3.3535574421145036,24.136788153363607,1,Sunday,0,2025-05-11,Sunday,1,20
17,4.338375336528605,14.043112872894444,1,Sunday,0,2025-05-11,Sunday,1,20
20,13.23616746346428,10.089085114313537,1,Sunday,0,2025-05-11,Sunday,1,20
9,3.637022589507883,20.279981859895702,1,Sunday,0,2025-05-11,Sunday,1,20
20,7.358784141216554,32.841038790568064,1,Sunday,0,2025-05-11,Sunday,1,20
13,23.214827185123635,26.280780518687752,1,Sunday,0,2025-05-11,Sunday,1,20
16,16.355583177135873,2.855853022737838,1,Sunday,0,2025-05-18,Sunday,1,16
18,6.714589537234193,22.93031693099294,1,Sunday,0,2025-05-18,Sunday,1,16
17,36.52922340166099,55.55748234015557,1,Sunday,0,2025-05-18,Sunday,1,16
12,64.02315078300654,10.05148708708567,1,Sunday,0,2025-05-18,Sunday,1,16
19,12.196648235489437,5.586382598764697,1,Sunday,0,2025-05-18,Sunday,1,16
21,11.96699188610448,20.054698907495933,1,Sunday,0,2025-05-18,Sunday,1,16
4,7.186440104711506,6.377709684759691,1,Sunday,0,2025-05-18,Sunday,1,16
12,3.114984138888818,9.045270862225799,1,Sunday,0,2025-05-18,Sunday,1,16
17,4.603577113637408,3.9095428965552452,1,Sunday,0,2025-05-18,Sunday,1,16
11,9.519345231875562,10.707233685215893,1,Sunday,0,2025-05-18,Sunday,1,16
17,7.99819971327887,27.746860529927737,1,Sunday,0,2025-05-18,Sunday,1,16
21,12.555438147168907,9.034525533346525,1,Sunday,0,2025-05-18,Sunday,1,16
15,17.91222432793994,9.37668851503887,1,Sunday,0,2025-05-18,Sunday,1,16
12,9.067211171301057,4.505960567873472,1,Sunday,0,2025-05-18,Sunday,1,16
20,9.061653688832447,25.264648536542534,1,Sunday,0,2025-05-18,Sunday,1,16
21,12.340185238270795,5.922422263567841,1,Sunday,0,2025-05-18,Sunday,1,16
18,5.599559669366226,12.381017553033844,1,Sunday,0,2025-05-25,Sunday,1,18
19,13.320857679758436,2.5957876400592426,1,Sunday,0,2025-05-25,Sunday,1,18
23,15.125556232678367,67.05778050738932,1,Sunday,0,2025-05-25,Sunday,1,18
15,15.115261630818832,4.928595036253138,1,Sunday,0,2025-05-25,Sunday,1,18
16,15.258799827996736,8.100607135723134,1,Sunday,0,2025-05-25,Sunday,1,18
15,15.815953353335267,10.102849044314308,1,Sunday,0,2025-05-25,Sunday,1,18
22,7.205902516871954,15.426058745019656,1,Sunday,0,2025-05-25,Sunday,1,18
17,16.0526584149231,19.737186635703186,1,Sunday,0,2025-05-25,Sunday,1,18
17,10.211280557260068,6.601336044372795,1,Sunday,0,2025-05-25,Sunday,1,18
10,20.538008663691393,29.158583821974343,1,Sunday,0,2025-05-25,Sunday,1,18
20,17.129870851253845,10.545818633864133,1,Sunday,0,2025-05-25,Sunday,1,18
17,23.381857654182337,25.419716436974387,1,Sunday,0,2025-05-25,Sunday,1,18
17,16.466282403409082,13.614783442841059,1,Sunday,0,2025-05-25,Sunday,1,18
13,7.742854147327005,8.640241822799961,1,Sunday,0,2025-05-25,Sunday,1,18
16,16.79204009526653,23.107365997400052,1,Sunday,0,2025-05-25,Sunday,1,18
17,14.810786499548367,16.489067481287528,1,Sunday,0,2025-05-25,Sunday,1,18
21,12.037873302752217,16.18434074383533,1,Sunday,0,2025-05-25,Sunday,1,18
16,7.917410971358703,12.455511258491013,1,Sunday,0,2025-05-25,Sunday,1,18
18,3.06651971414252,4.633691877031006,1,Sunday,0,2025-06-01,Sunday,1,20
0,10.487516819899607,23.387173206475225,1,Sunday,0,2025-06-01,Sunday,1,20
23,14.026500439096989,2.471594802418729,1,Sunday,0,2025-06-01,Sunday,1,20
18,12.681880555406227,10.05796222622181,1,Sunday,0,2025-06-01,Sunday,1,20
20,15.360961861896516,28.705203323961733,1,Sunday,0,2025-06-01,Sunday,1,20
22,14.80341435632328,6.184397120296605,1,Sunday,0,2025-06-01,Sunday,1,20
17,2.252089229144272,22.003781109959128,1,Sunday,0,2025-06-01,Sunday,1,20
18,6.415429534509149,13.804960270018228,1,Sunday,0,2025-06-01,Sunday,1,20
17,11.707933288059404,12.862839752843339,1,Sunday,0,2025-06-01,Sunday,1,20
5,11.311373571312611,22.492598359162617,1,Sunday,0,2025-06-01,Sunday,1,20
19,15.870796511521728,8.78893200327634,1,Sunday,0,2025-06-01,Sunday,1,20
17,5.577046540707906,3.6401391154761997,1,Sunday,0,2025-06-01,Sunday,1,20
10,28.32037447690286,12.389032712473,1,Sunday,0,2025-06-01,Sunday,1,20
15,6.286662939855833,4.5997639998518345,1,Sunday,0,2025-06-01,Sunday,1,20
10,34.84749420090862,30.326088974751123,1,Sunday,0,2025-06-01,Sunday,1,20
15,13.817420512070257,19.508095543822296,1,Sunday,0,2025-06-01,Sunday,1,20
16,27.067097859172353,6.969165194065531,1,Sunday,0,2025-06-01,Sunday,1,20
18,3.1468226944152122,8.311784956439684,1,Sunday,0,2025-06-01,Sunday,1,20
15,5.342414491105186,8.41511534351059,1,Sunday,0,2025-06-01,Sunday,1,20
22,9.10860958754029,28.5224905459288,1,Sunday,0,2025-06-01,Sunday,1,20
18,2.635448101430195,6.79253331043257,1,Sunday,0,2025-06-08,Sunday,1,11
15,5.641210540131472,9.326799958896846,1,Sunday,0,2025-06-08,Sunday,1,11
17,20.88908110513734,17.53499609640905,1,Sunday,0,2025-06-08,Sunday,1,11
17,2.9084906152419348,8.006768252925609,1,Sunday,0,2025-06-08,Sunday,1,11
17,14.961882319358551,9.919104732439203,1,Sunday,0,2025-06-08,Sunday,1,11
19,10.708932046457036,7.207162525383973,1,Sunday,0,2025-06-08,Sunday,1,11
22,28.568835186521248,9.593191766879185,1,Sunday,0,2025-06-08,Sunday,1,11
13,4.260492986760126,7.212719778874458,1,Sunday,0,2025-06-08,Sunday,1,11
20,15.586397896635066,8.275681135035484,1,Sunday,0,2025-06-08,Sunday,1,11
11,2.4216874863296773,2.002792441905193,1,Sunday,0,2025-06-08,Sunday,1,11
17,5.734297991961,7.029313785683988,1,Sunday,0,2025-06-08,Sunday,1,11
22,3.788575854787866,16.0143124882219,1,Sunday,0,2025-06-15,Sunday,1,22
14,8.97977244179587,0.9646215108734916,1,Sunday,0,2025-06-15,Sunday,1,22
10,75.23694020777208,5.061536773924113,1,Sunday,0,2025-06-15,Sunday,1,22
23,8.101419863466216,19.44516921243223,1,Sunday,0,2025-06-15,Sunday,1,22
17,18.94488792952603,12.733414270133979,1,Sunday,0,2025-06-15,Sunday,1,22
21,4.45647061230585,14.462164701216304,1,Sunday,0,2025-06-15,Sunday,1,22
18,12.424057112836678,62.60315492313479,1,Sunday,0,2025-06-15,Sunday,1,22
20,3.216670781641202,27.446181888356502,1,Sunday,0,2025-06-15,Sunday,1,22
22,9.846655505656415,6.115926312187398,1,Sunday,0,2025-06-15,Sunday,1,22
2,10.459987416523,4.258183876113385,1,Sunday,0,2025-06-15,Sunday,1,22
12,21.97683190093541,19.36335405318655,1,Sunday,0,2025-06-15,Sunday,1,22
9,9.382680388996375,15.574854499699693,1,Sunday,0,2025-06-15,Sunday,1,22
20,11.943918998060582,11.505968084115644,1,Sunday,0,2025-06-15,Sunday,1,22
18,9.1594802325133,5.224971625453983,1,Sunday,0,2025-06-15,Sunday,1,22
17,5.0439082573563,12.960209505934344,1,Sunday,0,2025-06-15,Sunday,1,22
16,15.784200967006107,13.834540577647042,1,Sunday,0,2025-06-15,Sunday,1,22
19,2.1457295492395563,9.21896982353971,1,Sunday,0,2025-06-15,Sunday,1,22
17,12.170409511057962,8.47289576464945,1,Sunday,0,2025-06-15,Sunday,1,22
21,13.983850623510314,4.0585278691500015,1,Sunday,0,2025-06-15,Sunday,1,22
18,13.620156676786351,26.853838452334994,1,Sunday,0,2025-06-15,Sunday,1,22
10,3.9748991799896247,1.666269169071678,1,Sunday,0,2025-06-15,Sunday,1,22
4,10.035538002052931,2.8103274403707967,1,Sunday,0,2025-06-15,Sunday,1,22
19,29.825150948845398,5.792933637442299,1,Mon-Th,0,2025-03-24,Mon-Th,1,15
20,11.960010024901244,5.566458965682207,1,Mon-Th,0,2025-03-24,Mon-Th,1,15
19,14.563534765901622,7.072170654918108,1,Mon-Th,0,2025-03-24,Mon-Th,1,15
23,12.926153229404935,42.168977063167844,1,Mon-Th,0,2025-03-24,Mon-Th,1,15
22,12.204663099614677,10.508523427908745,1,Mon-Th,0,2025-03-24,Mon-Th,1,15
17,17.601768244371772,7.6073070709473205,1,Mon-Th,0,2025-03-24,Mon-Th,1,15
12,5.388457455284547,22.511770991761193,1,Mon-Th,0,2025-03-24,Mon-Th,1,15
18,10.799714454256783,39.3553492748906,1,Mon-Th,0,2025-03-24,Mon-Th,1,15
23,9.669701708222307,32.14051174860249,1,Mon-Th,0,2025-03-24,Mon-Th,1,15
17,9.44423254643101,19.867198924941196,1,Mon-Th,0,2025-03-24,Mon-Th,1,15
15,7.4013567017792585,6.227733531264645,1,Mon-Th,0,2025-03-24,Mon-Th,1,15
18,7.343496576275178,5.81969596196858,1,Mon-Th,0,2025-03-24,Mon-Th,1,15
13,27.21937206990709,17.659924642200867,1,Mon-Th,0,2025-03-24,Mon-Th,1,15
14,8.557657702776412,3.2713428492190735,1,Mon-Th,0,2025-03-24,Mon-Th,1,15
18,6.2887788545875445,5.724889141230866,1,Mon-Th,0,2025-03-24,Mon-Th,1,15
18,5.169173224127656,15.578781607027233,1,Mon-Th,0,2025-03-25,Mon-Th,1,11
16,5.909805810701571,25.584687797318434,1,Mon-Th,0,2025-03-25,Mon-Th,1,11
19,7.7289683970950644,8.34523924638097,1,Mon-Th,0,2025-03-25,Mon-Th,1,11
5,29.917247382378026,9.761720580064546,1,Mon-Th,0,2025-03-25,Mon-Th,1,11
19,13.305715773084447,19.080594111422606,1,Mon-Th,0,2025-03-25,Mon-Th,1,11
12,3.7745182917441538,34.72205995620836,1,Mon-Th,0,2025-03-25,Mon-Th,1,11
23,14.268644895787066,11.926788685620464,1,Mon-Th,0,2025-03-25,Mon-Th,1,11
14,18.320111308818312,19.761784081494707,1,Mon-Th,0,2025-03-25,Mon-Th,1,11
17,4.275237360792046,5.084920056010376,1,Mon-Th,0,2025-03-25,Mon-Th,1,11
13,4.276452799480098,18.50545180096159,1,Mon-Th,0,2025-03-25,Mon-Th,1,11
12,11.861396453087188,3.7735565922862655,1,Mon-Th,0,2025-03-25,Mon-Th,1,11
21,12.29321901874026,67.48508374192576,1,Mon-Th,0,2025-03-26,Mon-Th,1,28
22,12.648767085575809,15.76442446463775,1,Mon-Th,0,2025-03-26,Mon-Th,1,28
15,5.162686251744672,20.815721389075478,1,Mon-Th,0,2025-03-26,Mon-Th,1,28
20,5.8844910211956725,6.958872482255444,1,Mon-Th,0,2025-03-26,Mon-Th,1,28
19,13.691321763139385,6.010466503750048,1,Mon-Th,0,2025-03-26,Mon-Th,1,28
23,14.193088702753435,7.410959025832759,1,Mon-Th,0,2025-03-26,Mon-Th,1,28
7,2.3936470040616293,18.054188752517547,1,Mon-Th,0,2025-03-26,Mon-Th,1,28
20,8.554588127141248,6.829189927413019,1,Mon-Th,0,2025-03-26,Mon-Th,1,28
18,7.24360128971317,5.23373626078055,1,Mon-Th,0,2025-03-26,Mon-Th,1,28
19,14.562069901607945,5.503285804707516,1,Mon-Th,0,2025-03-26,Mon-Th,1,28
20,11.661929378048587,11.642262216039416,1,Mon-Th,0,2025-03-26,Mon-Th,1,28
11,11.9512004735785,11.946370854047947,1,Mon-Th,0,2025-03-26,Mon-Th,1,28
15,3.0653396433559807,3.4773457629554585,1,Mon-Th,0,2025-03-26,Mon-Th,1,28
19,15.302478947092442,29.714618708370526,1,Mon-Th,0,2025-03-26,Mon-Th,1,28
18,20.804505296345358,23.486197156589505,1,Mon-Th,0,2025-03-26,Mon-Th,1,28
23,22.239758975898493,3.031719887187344,1,Mon-Th,0,2025-03-26,Mon-Th,1,28
18,14.471654940988877,33.71087788720342,1,Mon-Th,0,2025-03-26,Mon-Th,1,28
18,19.379245156619987,10.645279426401428,1,Mon-Th,0,2025-03-26,Mon-Th,1,28
21,10.631226903404809,7.056674326529305,1,Mon-Th,0,2025-03-26,Mon-Th,1,28
23,9.650011666443735,14.827796562702146,1,Mon-Th,0,2025-03-26,Mon-Th,1,28
23,8.629834243952484,26.72557716171939,1,Mon-Th,0,2025-03-26,Mon-Th,1,28
17,3.5086958462654083,7.74887642176675,1,Mon-Th,0,2025-03-26,Mon-Th,1,28
19,16.36922659091563,29.076346532708442,1,Mon-Th,0,2025-03-26,Mon-Th,1,28
11,13.71400269312445,6.684752700389039,1,Mon-Th,0,2025-03-26,Mon-Th,1,28
21,38.03808327751614,0.8947352541276616,1,Mon-Th,0,2025-03-26,Mon-Th,1,28
15,13.079602495304403,28.03539136768252,1,Mon-Th,0,2025-03-26,Mon-Th,1,28
6,26.719487402107095,2.0000078521846905,1,Mon-Th,0,2025-03-26,Mon-Th,1,28
22,9.933891892770895,12.437725317498481,1,Mon-Th,0,2025-03-26,Mon-Th,1,28
18,28.432176457434217,7.9958397728327295,1,Mon-Th,0,2025-03-27,Mon-Th,1,16
20,11.193663413226012,1.6066677754649175,1,Mon-Th,0,2025-03-27,Mon-Th,1,16
15,12.303239982528464,15.497664194312483,1,Mon-Th,0,2025-03-27,Mon-Th,1,16
19,7.9068809958634745,10.878555451756622,1,Mon-Th,0,2025-03-27,Mon-Th,1,16
16,15.134607990427668,7.590809433945116,1,Mon-Th,0,2025-03-27,Mon-Th,1,16
21,11.361920458642917,3.511634491809377,1,Mon-Th,0,2025-03-27,Mon-Th,1,16
20,5.042450609449866,3.376125503278483,1,Mon-Th,0,2025-03-27,Mon-Th,1,16
15,17.918041963706195,7.779788076732611,1,Mon-Th,0,2025-03-27,Mon-Th,1,16
20,14.92982381198539,4.133457804413021,1,Mon-Th,0,2025-03-27,Mon-Th,1,16
22,14.11452261134902,7.561622906728865,1,Mon-Th,0,2025-03-27,Mon-Th,1,16
23,16.605074940026906,10.469233025192175,1,Mon-Th,0,2025-03-27,Mon-Th,1,16
20,10.504059166615107,5.172968384387722,1,Mon-Th,0,2025-03-27,Mon-Th,1,16
8,11.213911496492731,0.721900829789933,1,Mon-Th,0,2025-03-27,Mon-Th,1,16
16,2.662203318868122,10.8145646627329,1,Mon-Th,0,2025-03-27,Mon-Th,1,16
1,6.405552301582681,1.6569617078665795,1,Mon-Th,0,2025-03-27,Mon-Th,1,16
23,7.9017066197009775,18.6898422339222,1,Mon-Th,0,2025-03-27,Mon-Th,1,16
9,3.5144882997848397,8.117332381145287,1,Mon-Th,0,2025-03-31,Mon-Th,1,11
23,6.628241046840273,7.602188349942195,1,Mon-Th,0,2025-03-31,Mon-Th,1,11
12,16.88970393466291,4.706775694821391,1,Mon-Th,0,2025-03-31,Mon-Th,1,11
20,9.93556286252015,2.3752733441608287,1,Mon-Th,0,2025-03-31,Mon-Th,1,11
18,9.81695631174766,7.294177866988263,1,Mon-Th,0,2025-03-31,Mon-Th,1,11
18,8.350333115030022,11.388373051647845,1,Mon-Th,0,2025-03-31,Mon-Th,1,11
20,15.537845237883971,9.65426581576553,1,Mon-Th,0,2025-03-31,Mon-Th,1,11
11,3.4816177149730834,23.424731250989268,1,Mon-Th,0,2025-03-31,Mon-Th,1,11
9,6.4419052914839785,4.936217275578315,1,Mon-Th,0,2025-03-31,Mon-Th,1,11
14,5.228871981027323,7.8061898835077494,1,Mon-Th,0,2025-03-31,Mon-Th,1,11
18,2.424476395155694,8.125028926153872,1,Mon-Th,0,2025-03-31,Mon-Th,1,11
23,9.308149052602978,32.14468130377889,1,Mon-Th,0,2025-04-01,Mon-Th,1,18
19,9.876523760313422,28.749854612076696,1,Mon-Th,0,2025-04-01,Mon-Th,1,18
16,17.337874488488282,10.047140290586494,1,Mon-Th,0,2025-04-01,Mon-Th,1,18
19,12.007114920595026,0.9840303786346438,1,Mon-Th,0,2025-04-01,Mon-Th,1,18
18,10.436142476793439,10.970816478029358,1,Mon-Th,0,2025-04-01,Mon-Th,1,18
16,7.062722754377788,15.198039159825496,1,Mon-Th,0,2025-04-01,Mon-Th,1,18
20,8.190050416456103,5.61765441122256,1,Mon-Th,0,2025-04-01,Mon-Th,1,18
14,18.528287186188685,13.322449003528527,1,Mon-Th,0,2025-04-01,Mon-Th,1,18
20,15.686147971953691,11.636138565362197,1,Mon-Th,0,2025-04-01,Mon-Th,1,18
13,2.921162622817576,4.526050904644657,1,Mon-Th,0,2025-04-01,Mon-Th,1,18
21,11.940578951881836,13.935476354784667,1,Mon-Th,0,2025-04-01,Mon-Th,1,18
15,24.63911021803923,15.742914186776268,1,Mon-Th,0,2025-04-01,Mon-Th,1,18
19,10.648954279186182,12.463522338289444,1,Mon-Th,0,2025-04-01,Mon-Th,1,18
23,8.600064358616983,5.2305383807881665,1,Mon-Th,0,2025-04-01,Mon-Th,1,18
18,11.655372386516461,42.01904106087749,1,Mon-Th,0,2025-04-01,Mon-Th,1,18
23,6.976252877250598,6.424774053065671,1,Mon-Th,0,2025-04-01,Mon-Th,1,18
22,8.573074354211283,8.909231373173554,1,Mon-Th,0,2025-04-01,Mon-Th,1,18
22,18.764484259487297,9.13901020572703,1,Mon-Th,0,2025-04-01,Mon-Th,1,18
20,13.396425842218434,9.108237832601038,1,Mon-Th,0,2025-04-02,Mon-Th,1,19
20,10.029949020755026,10.89160247050593,1,Mon-Th,0,2025-04-02,Mon-Th,1,19
19,19.191065016647595,7.018003076602008,1,Mon-Th,0,2025-04-02,Mon-Th,1,19
19,12.862109151702072,6.788110781696206,1,Mon-Th,0,2025-04-02,Mon-Th,1,19
21,15.027705161298979,8.19409991314748,1,Mon-Th,0,2025-04-02,Mon-Th,1,19
10,12.722053202914093,37.3880480688742,1,Mon-Th,0,2025-04-02,Mon-Th,1,19
21,32.41339006203382,16.246053466553047,1,Mon-Th,0,2025-04-02,Mon-Th,1,19
22,11.578322137634718,10.425031037413788,1,Mon-Th,0,2025-04-02,Mon-Th,1,19
9,3.4123813714570197,5.697792301773391,1,Mon-Th,0,2025-04-02,Mon-Th,1,19
20,13.872276369020263,27.47981203959292,1,Mon-Th,0,2025-04-02,Mon-Th,1,19
18,7.346705321750855,7.975063681374406,1,Mon-Th,0,2025-04-02,Mon-Th,1,19
20,15.264102005021133,10.360393064838112,1,Mon-Th,0,2025-04-02,Mon-Th,1,19
2,16.874372894668692,13.122778284676956,1,Mon-Th,0,2025-04-02,Mon-Th,1,19
12,10.530577022604763,12.698956934458714,1,Mon-Th,0,2025-04-02,Mon-Th,1,19
22,19.01179622906988,11.78601043152241,1,Mon-Th,0,2025-04-02,Mon-Th,1,19
15,3.870439077475155,7.714409260289607,1,Mon-Th,0,2025-04-02,Mon-Th,1,19
21,9.695462551207942,4.653026674142354,1,Mon-Th,0,2025-04-02,Mon-Th,1,19
23,7.915376521570427,16.38789755450502,1,Mon-Th,0,2025-04-02,Mon-Th,1,19
17,4.555817925244385,5.546609864207055,1,Mon-Th,0,2025-04-02,Mon-Th,1,19
14,12.765521467075821,15.579451019904091,1,Mon-Th,0,2025-04-03,Mon-Th,1,26
20,9.252531270672154,12.046202613336831,1,Mon-Th,0,2025-04-03,Mon-Th,1,26
17,11.47253413968263,12.685146084054747,1,Mon-Th,0,2025-04-03,Mon-Th,1,26
23,8.992917439042017,10.050098673022948,1,Mon-Th,0,2025-04-03,Mon-Th,1,26
23,11.381582065467075,15.862540445864658,1,Mon-Th,0,2025-04-03,Mon-Th,1,26
22,8.075389166404985,9.008297715093466,1,Mon-Th,0,2025-04-03,Mon-Th,1,26
19,12.293814537452253,7.745064653206752,1,Mon-Th,0,2025-04-03,Mon-Th,1,26
18,4.173233260678591,9.382210420728564,1,Mon-Th,0,2025-04-03,Mon-Th,1,26
18,17.68304909587221,18.809687122774942,1,Mon-Th,0,2025-04-03,Mon-Th,1,26
22,8.52570417191576,20.07369077864614,1,Mon-Th,0,2025-04-03,Mon-Th,1,26
18,18.123207435959106,12.998895730397683,1,Mon-Th,0,2025-04-03,Mon-Th,1,26
15,29.41834790852168,2.8098537156204317,1,Mon-Th,0,2025-04-03,Mon-Th,1,26
23,45.730959055747334,21.983443871526443,1,Mon-Th,0,2025-04-03,Mon-Th,1,26
13,6.93726056184058,42.64205230219653,1,Mon-Th,0,2025-04-03,Mon-Th,1,26
16,4.553260840739268,18.38949854340697,1,Mon-Th,0,2025-04-03,Mon-Th,1,26
21,5.23158516723826,21.677992315683838,1,Mon-Th,0,2025-04-03,Mon-Th,1,26
19,15.307618614775926,15.04596512645211,1,Mon-Th,0,2025-04-03,Mon-Th,1,26
19,11.568521104370728,13.869860127033851,1,Mon-Th,0,2025-04-03,Mon-Th,1,26
15,18.724551480544925,9.238509858211879,1,Mon-Th,0,2025-04-03,Mon-Th,1,26
20,9.089648646056675,13.449888290804688,1,Mon-Th,0,2025-04-03,Mon-Th,1,26
21,6.791502187108778,8.181549196084147,1,Mon-Th,0,2025-04-03,Mon-Th,1,26
20,12.755489805089912,4.825934657071365,1,Mon-Th,0,2025-04-03,Mon-Th,1,26
16,22.17015642334072,3.7182809502837992,1,Mon-Th,0,2025-04-03,Mon-Th,1,26
15,18.969674335792607,10.032516806777968,1,Mon-Th,0,2025-04-03,Mon-Th,1,26
19,12.108748229531926,6.240721282762798,1,Mon-Th,0,2025-04-03,Mon-Th,1,26
20,11.570176180896627,2.55847691281975,1,Mon-Th,0,2025-04-03,Mon-Th,1,26
16,17.511177009534677,8.816664470412537,1,Mon-Th,0,2025-04-07,Mon-Th,1,17
13,3.128840211880716,6.703649607096231,1,Mon-Th,0,2025-04-07,Mon-Th,1,17
22,14.25253023834366,15.966958427584688,1,Mon-Th,0,2025-04-07,Mon-Th,1,17
10,14.310760972868728,3.727608106401921,1,Mon-Th,0,2025-04-07,Mon-Th,1,17
23,12.231053117157948,12.986784195896009,1,Mon-Th,0,2025-04-07,Mon-Th,1,17
18,7.881766768264717,5.131728589309612,1,Mon-Th,0,2025-04-07,Mon-Th,1,17
23,11.357758693676566,36.45688782511049,1,Mon-Th,0,2025-04-07,Mon-Th,1,17
22,37.42248434615335,1.844941690059574,1,Mon-Th,0,2025-04-07,Mon-Th,1,17
17,13.735702323031106,3.6187984177556256,1,Mon-Th,0,2025-04-07,Mon-Th,1,17
19,23.228711492450135,30.106426118748313,1,Mon-Th,0,2025-04-07,Mon-Th,1,17
19,10.106236461645398,7.064004432983943,1,Mon-Th,0,2025-04-07,Mon-Th,1,17
15,2.0632665396569156,2.2366174914426047,1,Mon-Th,0,2025-04-07,Mon-Th,1,17
16,14.532578929005268,8.414821531953375,1,Mon-Th,0,2025-04-07,Mon-Th,1,17
16,2.0145810424915434,8.410736669464272,1,Mon-Th,0,2025-04-07,Mon-Th,1,17
18,7.116613674861347,5.13285316950381,1,Mon-Th,0,2025-04-07,Mon-Th,1,17
20,11.840155498456252,16.084692349794917,1,Mon-Th,0,2025-04-07,Mon-Th,1,17
0,15.491119985172354,14.5360864207284,1,Mon-Th,0,2025-04-07,Mon-Th,1,17
19,12.512933978647329,7.598802514515497,1,Mon-Th,0,2025-04-08,Mon-Th,1,20
17,12.911410733590792,33.025443893126905,1,Mon-Th,0,2025-04-08,Mon-Th,1,20
22,10.246079229624055,15.130650800470635,1,Mon-Th,0,2025-04-08,Mon-Th,1,20
22,119.74157376673774,5.092483583337674,1,Mon-Th,0,2025-04-08,Mon-Th,1,20
17,14.892953156080399,5.201621928588241,1,Mon-Th,0,2025-04-08,Mon-Th,1,20
14,2.317135568042316,14.267452729305951,1,Mon-Th,0,2025-04-08,Mon-Th,1,20
23,18.940070586968393,13.098867705333413,1,Mon-Th,0,2025-04-08,Mon-Th,1,20
21,2.3676955024378588,1.952075153284325,1,Mon-Th,0,2025-04-08,Mon-Th,1,20
23,14.536032841659555,60.80005591571602,1,Mon-Th,0,2025-04-08,Mon-Th,1,20
15,12.31347674863618,4.331934931817606,1,Mon-Th,0,2025-04-08,Mon-Th,1,20
14,17.964678172851304,9.981109564365566,1,Mon-Th,0,2025-04-08,Mon-Th,1,20
18,13.013284217219894,10.685790536811744,1,Mon-Th,0,2025-04-08,Mon-Th,1,20
17,17.35935346523853,9.674549255833169,1,Mon-Th,0,2025-04-08,Mon-Th,1,20
17,8.45290905797862,6.421502808819423,1,Mon-Th,0,2025-04-08,Mon-Th,1,20
15,5.579433009890472,9.275708008755464,1,Mon-Th,0,2025-04-08,Mon-Th,1,20
16,9.739976013973312,2.390187172978621,1,Mon-Th,0,2025-04-08,Mon-Th,1,20
13,7.753656283265445,8.422519436421391,1,Mon-Th,0,2025-04-08,Mon-Th,1,20
18,11.340183925183517,27.59576462322279,1,Mon-Th,0,2025-04-08,Mon-Th,1,20
0,11.218855303544604,8.187201219428092,1,Mon-Th,0,2025-04-08,Mon-Th,1,20
18,18.124988760043436,43.65229285534199,1,Mon-Th,0,2025-04-08,Mon-Th,1,20
23,8.438005557633732,4.611936857546288,1,Mon-Th,0,2025-04-09,Mon-Th,1,14
23,9.169375816723921,16.011709092220393,1,Mon-Th,0,2025-04-09,Mon-Th,1,14
17,18.490646545116142,3.6595003627256952,1,Mon-Th,0,2025-04-09,Mon-Th,1,14
22,10.165970948496835,15.814918439827267,1,Mon-Th,0,2025-04-09,Mon-Th,1,14
9,25.676803628273984,3.5228663171541985,1,Mon-Th,0,2025-04-09,Mon-Th,1,14
17,20.0367603421734,11.472890789879996,1,Mon-Th,0,2025-04-09,Mon-Th,1,14
19,11.517120663221153,36.84053125495469,1,Mon-Th,0,2025-04-09,Mon-Th,1,14
17,26.78061090985064,21.207664624047027,1,Mon-Th,0,2025-04-09,Mon-Th,1,14
14,31.874684495780322,7.714519491008602,1,Mon-Th,0,2025-04-09,Mon-Th,1,14
20,5.0313930731471,10.917233847161096,1,Mon-Th,0,2025-04-09,Mon-Th,1,14
20,21.574798065591256,19.038005304716126,1,Mon-Th,0,2025-04-09,Mon-Th,1,14
18,15.298228981312647,6.162418620959461,1,Mon-Th,0,2025-04-09,Mon-Th,1,14
19,10.842105684077367,2.1121302626925926,1,Mon-Th,0,2025-04-09,Mon-Th,1,14
12,12.188661656819374,3.4972249222612097,1,Mon-Th,0,2025-04-09,Mon-Th,1,14
14,10.193023857716824,7.398569432377341,1,Mon-Th,0,2025-04-10,Mon-Th,1,15
18,11.111034196702516,23.574002409721977,1,Mon-Th,0,2025-04-10,Mon-Th,1,15
19,10.277738429662108,10.579628665141222,1,Mon-Th,0,2025-04-10,Mon-Th,1,15
18,12.571516305527773,54.64702796807608,1,Mon-Th,0,2025-04-10,Mon-Th,1,15
20,11.547178330153262,11.45529541715499,1,Mon-Th,0,2025-04-10,Mon-Th,1,15
23,9.544881015031358,6.292438223243549,1,Mon-Th,0,2025-04-10,Mon-Th,1,15
2,13.02012349785073,16.934452170631737,1,Mon-Th,0,2025-04-10,Mon-Th,1,15
16,8.21186664756329,11.202801026473312,1,Mon-Th,0,2025-04-10,Mon-Th,1,15
13,17.3656706008691,23.93314421849662,1,Mon-Th,0,2025-04-10,Mon-Th,1,15
13,2.780051652072992,14.130364161855583,1,Mon-Th,0,2025-04-10,Mon-Th,1,15
23,6.330030598352757,14.697889452104809,1,Mon-Th,0,2025-04-10,Mon-Th,1,15
23,9.244366280906737,6.191382256726965,1,Mon-Th,0,2025-04-10,Mon-Th,1,15
23,28.822598979345983,2.412757624856104,1,Mon-Th,0,2025-04-10,Mon-Th,1,15
19,9.445045641615192,17.84139891465715,1,Mon-Th,0,2025-04-10,Mon-Th,1,15
6,11.812181557063195,28.003550158719452,1,Mon-Th,0,2025-04-10,Mon-Th,1,15
16,47.70489612303509,9.192441904261283,1,Mon-Th,0,2025-04-14,Mon-Th,1,20
18,30.737419044579315,84.77383062644849,1,Mon-Th,0,2025-04-14,Mon-Th,1,20
22,10.709545209353678,10.700100075616659,1,Mon-Th,0,2025-04-14,Mon-Th,1,20
1,4.4063318223563375,9.46308299968268,1,Mon-Th,0,2025-04-14,Mon-Th,1,20
18,7.621207118659802,6.197670140855071,1,Mon-Th,0,2025-04-14,Mon-Th,1,20
13,14.525921766249784,3.9203285359599196,1,Mon-Th,0,2025-04-14,Mon-Th,1,20
14,21.971546355630053,4.359217150545395,1,Mon-Th,0,2025-04-14,Mon-Th,1,20
19,11.657361382676054,2.710484348466337,1,Mon-Th,0,2025-04-14,Mon-Th,1,20
8,2.012044812812053,2.496686780129688,1,Mon-Th,0,2025-04-14,Mon-Th,1,20
12,21.026471918113224,3.1504925654674416,1,Mon-Th,0,2025-04-14,Mon-Th,1,20
17,20.947515623441927,19.62901108911051,1,Mon-Th,0,2025-04-14,Mon-Th,1,20
14,2.6768982093887894,7.154466977776596,1,Mon-Th,0,2025-04-14,Mon-Th,1,20
22,9.037136655081326,4.629362076533035,1,Mon-Th,0,2025-04-14,Mon-Th,1,20
18,2.503799557720762,5.314888409388081,1,Mon-Th,0,2025-04-14,Mon-Th,1,20
14,2.049407003351822,5.163353985304024,1,Mon-Th,0,2025-04-14,Mon-Th,1,20
12,6.846575259888546,2.8720862930663493,1,Mon-Th,0,2025-04-14,Mon-Th,1,20
19,14.082968259129778,6.17682149599395,1,Mon-Th,0,2025-04-14,Mon-Th,1,20
18,14.284183199995336,17.288719020856533,1,Mon-Th,0,2025-04-14,Mon-Th,1,20
16,2.320234387111097,23.97026916349632,1,Mon-Th,0,2025-04-14,Mon-Th,1,20
17,4.278396199771804,44.53944809085918,1,Mon-Th,0,2025-04-14,Mon-Th,1,20
17,19.183641934630216,7.634286251598881,1,Mon-Th,0,2025-04-15,Mon-Th,1,25
23,20.19043817937238,24.926744621480026,1,Mon-Th,0,2025-04-15,Mon-Th,1,25
17,7.170542490016567,16.209741339401095,1,Mon-Th,0,2025-04-15,Mon-Th,1,25
18,15.15623439744492,76.10236524995679,1,Mon-Th,0,2025-04-15,Mon-Th,1,25
17,2.0000013253036317,2.9057428868564807,1,Mon-Th,0,2025-04-15,Mon-Th,1,25
19,16.270587750988074,6.320255199549291,1,Mon-Th,0,2025-04-15,Mon-Th,1,25
19,14.571785571893678,10.930071335907014,1,Mon-Th,0,2025-04-15,Mon-Th,1,25
14,16.225929515100844,8.178616221755668,1,Mon-Th,0,2025-04-15,Mon-Th,1,25
15,16.218339766452804,8.051737641509328,1,Mon-Th,0,2025-04-15,Mon-Th,1,25
23,15.90705554358485,18.641846545864098,1,Mon-Th,0,2025-04-15,Mon-Th,1,25
22,9.915262897227272,12.372103567201039,1,Mon-Th,0,2025-04-15,Mon-Th,1,25
18,16.27441012804716,3.9242224552197866,1,Mon-Th,0,2025-04-15,Mon-Th,1,25
23,7.523799479480857,13.372850133279142,1,Mon-Th,0,2025-04-15,Mon-Th,1,25
13,3.778271835485536,25.797204784882165,1,Mon-Th,0,2025-04-15,Mon-Th,1,25
19,15.66946120180829,15.901675410198852,1,Mon-Th,0,2025-04-15,Mon-Th,1,25
7,2.149086546657723,3.7507021303251253,1,Mon-Th,0,2025-04-15,Mon-Th,1,25
15,6.898856985658864,9.133191098769776,1,Mon-Th,0,2025-04-15,Mon-Th,1,25
18,14.703265134947383,21.103083493771674,1,Mon-Th,0,2025-04-15,Mon-Th,1,25
20,13.022851669466789,9.061017498519263,1,Mon-Th,0,2025-04-15,Mon-Th,1,25
10,2.552437925367933,12.747027999845315,1,Mon-Th,0,2025-04-15,Mon-Th,1,25
18,15.650991238946272,18.85651698590114,1,Mon-Th,0,2025-04-15,Mon-Th,1,25
23,10.662359143461892,10.86643116251209,1,Mon-Th,0,2025-04-15,Mon-Th,1,25
19,12.35592533669827,8.424897101363333,1,Mon-Th,0,2025-04-15,Mon-Th,1,25
18,17.139303462153272,4.466401132951151,1,Mon-Th,0,2025-04-15,Mon-Th,1,25
21,11.630561722316713,32.227992632300044,1,Mon-Th,0,2025-04-15,Mon-Th,1,25
17,9.770572751513404,19.961599724168277,1,Mon-Th,0,2025-04-16,Mon-Th,1,17
18,16.983550381860418,3.896451910728339,1,Mon-Th,0,2025-04-16,Mon-Th,1,17
16,4.788806423515135,4.245331852569364,1,Mon-Th,0,2025-04-16,Mon-Th,1,17
19,13.460613197495455,2.0172209799561123,1,Mon-Th,0,2025-04-16,Mon-Th,1,17
22,11.89779625020125,6.46383739625795,1,Mon-Th,0,2025-04-16,Mon-Th,1,17
14,3.530013976751256,13.301488994066558,1,Mon-Th,0,2025-04-16,Mon-Th,1,17
20,11.555361959482145,4.527912158417524,1,Mon-Th,0,2025-04-16,Mon-Th,1,17
17,7.8386905651182435,22.808855143595636,1,Mon-Th,0,2025-04-16,Mon-Th,1,17
18,14.274376138525636,23.881494596232724,1,Mon-Th,0,2025-04-16,Mon-Th,1,17
17,12.129267239335256,10.446669386716124,1,Mon-Th,0,2025-04-16,Mon-Th,1,17
22,11.300507572151151,10.589193351080098,1,Mon-Th,0,2025-04-16,Mon-Th,1,17
21,21.754615149897035,4.820071790244902,1,Mon-Th,0,2025-04-16,Mon-Th,1,17
15,46.22715034280464,6.18806358398615,1,Mon-Th,0,2025-04-16,Mon-Th,1,17
22,12.600118087612096,18.501004235479552,1,Mon-Th,0,2025-04-16,Mon-Th,1,17
1,11.636129136462294,2.8247808448066305,1,Mon-Th,0,2025-04-16,Mon-Th,1,17
23,6.545881432591324,16.612755884280045,1,Mon-Th,0,2025-04-16,Mon-Th,1,17
18,12.166854994912189,3.681330215031063,1,Mon-Th,0,2025-04-16,Mon-Th,1,17
14,13.319821732205302,9.634707173911572,1,Mon-Th,0,2025-04-17,Mon-Th,1,18
12,2.5479943918623964,7.0859472198527405,1,Mon-Th,0,2025-04-17,Mon-Th,1,18
23,10.044400806045822,10.412833448388021,1,Mon-Th,0,2025-04-17,Mon-Th,1,18
17,11.886101399838775,38.9218513980383,1,Mon-Th,0,2025-04-17,Mon-Th,1,18
15,2.756716258784633,3.479134421969614,1,Mon-Th,0,2025-04-17,Mon-Th,1,18
22,11.213638347617767,28.62267217768713,1,Mon-Th,0,2025-04-17,Mon-Th,1,18
20,12.53588023528416,6.029456026500136,1,Mon-Th,0,2025-04-17,Mon-Th,1,18
21,15.435355796960106,15.345854351654935,1,Mon-Th,0,2025-04-17,Mon-Th,1,18
14,12.618102077894065,6.611258100436775,1,Mon-Th,0,2025-04-17,Mon-Th,1,18
11,2.963930850467595,5.165715573164494,1,Mon-Th,0,2025-04-17,Mon-Th,1,18
13,7.738915505189127,19.427069154204542,1,Mon-Th,0,2025-04-17,Mon-Th,1,18
22,11.273399173126496,10.213484175873068,1,Mon-Th,0,2025-04-17,Mon-Th,1,18
16,7.345162046499136,40.862368343609056,1,Mon-Th,0,2025-04-17,Mon-Th,1,18
16,14.562396139009515,1.9292904596045781,1,Mon-Th,0,2025-04-17,Mon-Th,1,18
18,17.488367963680925,13.304735595687658,1,Mon-Th,0,2025-04-17,Mon-Th,1,18
19,18.281799546982956,2.537528592212926,1,Mon-Th,0,2025-04-17,Mon-Th,1,18
17,9.577890912582607,0.7794359840146667,1,Mon-Th,0,2025-04-17,Mon-Th,1,18
22,12.33402582807922,8.464898069641414,1,Mon-Th,0,2025-04-17,Mon-Th,1,18
18,11.227335408424278,26.802708688534775,1,Mon-Th,0,2025-04-21,Mon-Th,1,16
21,11.616597194838054,8.373091505265759,1,Mon-Th,0,2025-04-21,Mon-Th,1,16
17,12.569300681362972,14.593962800114939,1,Mon-Th,0,2025-04-21,Mon-Th,1,16
8,3.5706274995159855,12.113066013024225,1,Mon-Th,0,2025-04-21,Mon-Th,1,16
19,14.774976198633276,3.7369200120197625,1,Mon-Th,0,2025-04-21,Mon-Th,1,16
20,8.797583919852514,23.989824053725464,1,Mon-Th,0,2025-04-21,Mon-Th,1,16
7,17.49053124077992,10.900185565594512,1,Mon-Th,0,2025-04-21,Mon-Th,1,16
18,12.285761659115312,7.10351161386212,1,Mon-Th,0,2025-04-21,Mon-Th,1,16
17,19.29935533846647,29.99047007577867,1,Mon-Th,0,2025-04-21,Mon-Th,1,16
1,9.500095179265157,11.565272954208696,1,Mon-Th,0,2025-04-21,Mon-Th,1,16
14,4.715471503665248,1.8612026481138355,1,Mon-Th,0,2025-04-21,Mon-Th,1,16
20,8.501643646232393,4.471228630233471,1,Mon-Th,0,2025-04-21,Mon-Th,1,16
16,4.315998220335262,11.564284830254369,1,Mon-Th,0,2025-04-21,Mon-Th,1,16
20,5.880411472809568,14.248643692852017,1,Mon-Th,0,2025-04-21,Mon-Th,1,16
22,6.183730070663012,18.28555864474787,1,Mon-Th,0,2025-04-21,Mon-Th,1,16
14,15.783075040117584,47.66978822626095,1,Mon-Th,0,2025-04-21,Mon-Th,1,16
20,10.609999303182079,4.066631262087337,1,Mon-Th,0,2025-04-22,Mon-Th,1,22
18,3.852874508757994,6.127314009387309,1,Mon-Th,0,2025-04-22,Mon-Th,1,22
18,14.766993465006575,6.851820430149501,1,Mon-Th,0,2025-04-22,Mon-Th,1,22
16,11.536096019805694,21.255436823202942,1,Mon-Th,0,2025-04-22,Mon-Th,1,22
18,14.911990420041452,9.637195639766878,1,Mon-Th,0,2025-04-22,Mon-Th,1,22
18,8.5019945256646,19.945331591121725,1,Mon-Th,0,2025-04-22,Mon-Th,1,22
21,10.678169200873178,21.820506753856037,1,Mon-Th,0,2025-04-22,Mon-Th,1,22
14,2.146642604806918,7.66527215370287,1,Mon-Th,0,2025-04-22,Mon-Th,1,22
20,13.255902508445608,14.810804484443517,1,Mon-Th,0,2025-04-22,Mon-Th,1,22
22,10.176348854087024,7.41107626971738,1,Mon-Th,0,2025-04-22,Mon-Th,1,22
23,10.364232676847504,3.73960756536421,1,Mon-Th,0,2025-04-22,Mon-Th,1,22
23,10.787439103477318,15.449337571499612,1,Mon-Th,0,2025-04-22,Mon-Th,1,22
23,10.963715387588827,18.510161679365012,1,Mon-Th,0,2025-04-22,Mon-Th,1,22
20,12.827212312959677,3.5493540241957193,1,Mon-Th,0,2025-04-22,Mon-Th,1,22
18,2.7248021507566995,13.65071410150286,1,Mon-Th,0,2025-04-22,Mon-Th,1,22
17,5.332423850888764,3.771035654826444,1,Mon-Th,0,2025-04-22,Mon-Th,1,22
19,9.210972044473866,3.171155929396117,1,Mon-Th,0,2025-04-22,Mon-Th,1,22
21,13.60641878992552,36.70069378121016,1,Mon-Th,0,2025-04-22,Mon-Th,1,22
20,7.05568192013871,4.451619259621151,1,Mon-Th,0,2025-04-22,Mon-Th,1,22
19,12.699229240240566,6.840212213338535,1,Mon-Th,0,2025-04-22,Mon-Th,1,22
20,11.95444758014851,9.013799838116853,1,Mon-Th,0,2025-04-22,Mon-Th,1,22
16,13.757998170038967,9.237783281744175,1,Mon-Th,0,2025-04-22,Mon-Th,1,22
21,7.888798913055255,16.262410848346953,1,Mon-Th,0,2025-04-23,Mon-Th,1,20
19,13.138223169412829,12.606999371964822,1,Mon-Th,0,2025-04-23,Mon-Th,1,20
19,22.609011289762744,6.555250176327404,1,Mon-Th,0,2025-04-23,Mon-Th,1,20
14,5.198696034445261,16.274614473089862,1,Mon-Th,0,2025-04-23,Mon-Th,1,20
16,8.895702781342251,9.115021695228993,1,Mon-Th,0,2025-04-23,Mon-Th,1,20
17,2.9949768996485453,19.015881008515517,1,Mon-Th,0,2025-04-23,Mon-Th,1,20
15,11.324879410004776,7.593122506208213,1,Mon-Th,0,2025-04-23,Mon-Th,1,20
19,14.061384083709925,2.1058177658571395,1,Mon-Th,0,2025-04-23,Mon-Th,1,20
16,12.087145150646958,7.595719962811444,1,Mon-Th,0,2025-04-23,Mon-Th,1,20
9,18.616132418613226,10.559322295284769,1,Mon-Th,0,2025-04-23,Mon-Th,1,20
17,67.06616930812392,1.898958884389046,1,Mon-Th,0,2025-04-23,Mon-Th,1,20
7,7.316940507419556,11.69313694830264,1,Mon-Th,0,2025-04-23,Mon-Th,1,20
18,12.472251929144058,20.37762744186934,1,Mon-Th,0,2025-04-23,Mon-Th,1,20
22,10.655156660783629,10.805167771606632,1,Mon-Th,0,2025-04-23,Mon-Th,1,20
7,9.588524621719351,6.536447699980627,1,Mon-Th,0,2025-04-23,Mon-Th,1,20
20,15.635094471850877,5.3474931258077305,1,Mon-Th,0,2025-04-23,Mon-Th,1,20
19,11.86134254883332,10.993513753675234,1,Mon-Th,0,2025-04-23,Mon-Th,1,20
23,5.552076041369979,16.239741987779524,1,Mon-Th,0,2025-04-23,Mon-Th,1,20
22,2.954384347069279,5.129495113945331,1,Mon-Th,0,2025-04-23,Mon-Th,1,20
19,12.411910154369536,33.83301850871049,1,Mon-Th,0,2025-04-23,Mon-Th,1,20
18,18.30838806773511,2.9295224408581158,1,Mon-Th,0,2025-04-24,Mon-Th,1,24
23,9.018982011300405,29.336840460974432,1,Mon-Th,0,2025-04-24,Mon-Th,1,24
0,9.78827907411214,9.480272305542433,1,Mon-Th,0,2025-04-24,Mon-Th,1,24
17,18.653857205250823,1.4940662608430992,1,Mon-Th,0,2025-04-24,Mon-Th,1,24
23,12.948550623529965,21.246633076899666,1,Mon-Th,0,2025-04-24,Mon-Th,1,24
18,20.321056571153377,3.28899943958222,1,Mon-Th,0,2025-04-24,Mon-Th,1,24
19,2.0520769042348324,9.396982809388444,1,Mon-Th,0,2025-04-24,Mon-Th,1,24
16,13.09361087524006,6.380682217468204,1,Mon-Th,0,2025-04-24,Mon-Th,1,24
17,14.860604863302147,6.31852508400497,1,Mon-Th,0,2025-04-24,Mon-Th,1,24
15,8.429552166154274,4.730801859666029,1,Mon-Th,0,2025-04-24,Mon-Th,1,24
22,18.347605951744704,9.449969311886253,1,Mon-Th,0,2025-04-24,Mon-Th,1,24
18,13.91378473872512,5.168331871797171,1,Mon-Th,0,2025-04-24,Mon-Th,1,24
22,4.451816108635278,5.507251375434618,1,Mon-Th,0,2025-04-24,Mon-Th,1,24
21,11.017758205316454,63.07697478417606,1,Mon-Th,0,2025-04-24,Mon-Th,1,24
16,10.665617645213839,8.292729149530725,1,Mon-Th,0,2025-04-24,Mon-Th,1,24
22,8.193168384361265,21.29023071879915,1,Mon-Th,0,2025-04-24,Mon-Th,1,24
20,15.915676593351819,13.440405115422132,1,Mon-Th,0,2025-04-24,Mon-Th,1,24
14,15.620703763750505,0.6585171308319221,1,Mon-Th,0,2025-04-24,Mon-Th,1,24
15,6.609331981034862,10.041969453409523,1,Mon-Th,0,2025-04-24,Mon-Th,1,24
23,13.738678979696132,38.815353132881306,1,Mon-Th,0,2025-04-24,Mon-Th,1,24
20,20.357976237236404,6.0352372949969215,1,Mon-Th,0,2025-04-24,Mon-Th,1,24
20,9.847403039220975,7.3669273379912275,1,Mon-Th,0,2025-04-24,Mon-Th,1,24
16,10.843864713098856,17.14045695076076,1,Mon-Th,0,2025-04-24,Mon-Th,1,24
20,15.25724405785212,12.371593414102737,1,Mon-Th,0,2025-04-24,Mon-Th,1,24
18,13.889784496023118,4.794848160515053,1,Mon-Th,0,2025-04-28,Mon-Th,1,20
23,15.717478712701997,10.485847099032181,1,Mon-Th,0,2025-04-28,Mon-Th,1,20
16,15.64857623895811,11.610891805820689,1,Mon-Th,0,2025-04-28,Mon-Th,1,20
22,11.554102588301514,9.774234784217878,1,Mon-Th,0,2025-04-28,Mon-Th,1,20
14,2.402656321963375,5.643064536823167,1,Mon-Th,0,2025-04-28,Mon-Th,1,20
15,4.892007472247782,7.801886393317792,1,Mon-Th,0,2025-04-28,Mon-Th,1,20
23,11.579054465116165,13.506664742274245,1,Mon-Th,0,2025-04-28,Mon-Th,1,20
16,17.35362005432343,10.481736514736461,1,Mon-Th,0,2025-04-28,Mon-Th,1,20
22,17.45773269510103,7.670331978955827,1,Mon-Th,0,2025-04-28,Mon-Th,1,20
15,4.111649428745276,7.4813573936267925,1,Mon-Th,0,2025-04-28,Mon-Th,1,20
17,10.129923113886406,4.361327304197269,1,Mon-Th,0,2025-04-28,Mon-Th,1,20
21,10.252874377411459,41.508377554784595,1,Mon-Th,0,2025-04-28,Mon-Th,1,20
18,7.9387576359734355,11.657278389090585,1,Mon-Th,0,2025-04-28,Mon-Th,1,20
22,10.110871986140893,34.63891710641369,1,Mon-Th,0,2025-04-28,Mon-Th,1,20
22,13.3898609919199,26.957120896850327,1,Mon-Th,0,2025-04-28,Mon-Th,1,20
15,19.221954692969707,10.149858249217022,1,Mon-Th,0,2025-04-28,Mon-Th,1,20
21,14.30752439962001,14.70515460592757,1,Mon-Th,0,2025-04-28,Mon-Th,1,20
23,7.55638009029712,4.522802269660239,1,Mon-Th,0,2025-04-28,Mon-Th,1,20
8,3.9941749098190154,11.877717709769824,1,Mon-Th,0,2025-04-28,Mon-Th,1,20
22,15.304652540445932,2.6569436826530506,1,Mon-Th,0,2025-04-28,Mon-Th,1,20
23,11.793650220501,8.640285103928477,1,Mon-Th,0,2025-04-29,Mon-Th,1,13
22,15.779820447714233,9.589021192790142,1,Mon-Th,0,2025-04-29,Mon-Th,1,13
19,11.256749073036815,14.561638751894037,1,Mon-Th,0,2025-04-29,Mon-Th,1,13
20,12.41893760303811,7.234345183607389,1,Mon-Th,0,2025-04-29,Mon-Th,1,13
23,7.467360244446246,13.653738572519172,1,Mon-Th,0,2025-04-29,Mon-Th,1,13
18,14.261174326678994,30.769378021748306,1,Mon-Th,0,2025-04-29,Mon-Th,1,13
23,10.272416416350499,6.637650663818601,1,Mon-Th,0,2025-04-29,Mon-Th,1,13
17,13.417550994828783,32.4013769746453,1,Mon-Th,0,2025-04-29,Mon-Th,1,13
18,2.192704079394849,4.6518504951201125,1,Mon-Th,0,2025-04-29,Mon-Th,1,13
18,28.380617985728765,6.996552895170542,1,Mon-Th,0,2025-04-29,Mon-Th,1,13
21,11.492744292521063,3.9742978467737204,1,Mon-Th,0,2025-04-29,Mon-Th,1,13
21,12.637573732989857,13.346916194317187,1,Mon-Th,0,2025-04-29,Mon-Th,1,13
15,6.248265753873184,4.216099937793667,1,Mon-Th,0,2025-04-29,Mon-Th,1,13
15,2.4089521842534984,16.777647439900917,1,Mon-Th,0,2025-04-30,Mon-Th,1,17
22,10.047981523644182,27.492887459096096,1,Mon-Th,0,2025-04-30,Mon-Th,1,17
23,9.872984997820051,3.627784360303096,1,Mon-Th,0,2025-04-30,Mon-Th,1,17
9,8.120658083062313,40.730477863275475,1,Mon-Th,0,2025-04-30,Mon-Th,1,17
17,37.445338156618874,3.6190588646340434,1,Mon-Th,0,2025-04-30,Mon-Th,1,17
17,45.12199912399464,19.92048169318124,1,Mon-Th,0,2025-04-30,Mon-Th,1,17
13,19.463409672821307,4.673190657752896,1,Mon-Th,0,2025-04-30,Mon-Th,1,17
23,7.919603105369936,9.553754179368973,1,Mon-Th,0,2025-04-30,Mon-Th,1,17
17,14.128078029821072,7.109168207071951,1,Mon-Th,0,2025-04-30,Mon-Th,1,17
18,9.527138879861953,6.643772758585718,1,Mon-Th,0,2025-04-30,Mon-Th,1,17
12,5.737460381017343,7.763803894464121,1,Mon-Th,0,2025-04-30,Mon-Th,1,17
16,35.23016660382964,5.537237039462213,1,Mon-Th,0,2025-04-30,Mon-Th,1,17
20,8.997084560724836,25.65843678014433,1,Mon-Th,0,2025-04-30,Mon-Th,1,17
16,5.528480854359183,7.630987801725189,1,Mon-Th,0,2025-04-30,Mon-Th,1,17
14,2.067989306675419,5.4481975648426575,1,Mon-Th,0,2025-04-30,Mon-Th,1,17
21,14.888112068239323,26.825116907417417,1,Mon-Th,0,2025-04-30,Mon-Th,1,17
15,21.90839981178958,14.375884212915448,1,Mon-Th,0,2025-04-30,Mon-Th,1,17
15,16.85956753698651,22.26948478479974,1,Mon-Th,0,2025-05-01,Mon-Th,1,15
20,11.199565202106793,7.9094654432927305,1,Mon-Th,0,2025-05-01,Mon-Th,1,15
19,4.216023952674336,13.369493138933798,1,Mon-Th,0,2025-05-01,Mon-Th,1,15
16,15.60827417901804,14.037750878494219,1,Mon-Th,0,2025-05-01,Mon-Th,1,15
16,20.736483525501214,2.8109989129975785,1,Mon-Th,0,2025-05-01,Mon-Th,1,15
19,13.943619746091514,2.3192660860010994,1,Mon-Th,0,2025-05-01,Mon-Th,1,15
19,11.385506476109057,39.50564055613912,1,Mon-Th,0,2025-05-01,Mon-Th,1,15
18,9.605729955217118,19.70288685163329,1,Mon-Th,0,2025-05-01,Mon-Th,1,15
18,5.861616211617617,4.883734794695727,1,Mon-Th,0,2025-05-01,Mon-Th,1,15
14,2.4541108002816823,6.38596540770152,1,Mon-Th,0,2025-05-01,Mon-Th,1,15
17,7.610376243902141,10.796267035895589,1,Mon-Th,0,2025-05-01,Mon-Th,1,15
0,4.696126145166381,12.350217572440787,1,Mon-Th,0,2025-05-01,Mon-Th,1,15
23,10.3592182892376,8.642529632740379,1,Mon-Th,0,2025-05-01,Mon-Th,1,15
19,55.06993124479018,7.300134163448044,1,Mon-Th,0,2025-05-01,Mon-Th,1,15
17,16.952399485117002,3.119052577190014,1,Mon-Th,0,2025-05-01,Mon-Th,1,15
16,5.7758065755468495,3.635178651621766,1,Mon-Th,0,2025-05-05,Mon-Th,1,22
19,12.362181912938397,3.8917954286230136,1,Mon-Th,0,2025-05-05,Mon-Th,1,22
18,14.113728441867405,6.1366559674655115,1,Mon-Th,0,2025-05-05,Mon-Th,1,22
18,9.507354440438636,12.575855488183919,1,Mon-Th,0,2025-05-05,Mon-Th,1,22
17,5.903179569838761,16.96769946528845,1,Mon-Th,0,2025-05-05,Mon-Th,1,22
14,18.56644425189909,63.707515136038694,1,Mon-Th,0,2025-05-05,Mon-Th,1,22
17,7.193289811155881,5.212461186912853,1,Mon-Th,0,2025-05-05,Mon-Th,1,22
11,2.186974800957258,11.137672355511599,1,Mon-Th,0,2025-05-05,Mon-Th,1,22
13,2.457356142213753,4.889656215168492,1,Mon-Th,0,2025-05-05,Mon-Th,1,22
22,15.003703734199998,5.180063344671243,1,Mon-Th,0,2025-05-05,Mon-Th,1,22
15,2.758157671138269,8.472240134660913,1,Mon-Th,0,2025-05-05,Mon-Th,1,22
21,10.903871222376804,5.91644341160606,1,Mon-Th,0,2025-05-05,Mon-Th,1,22
17,24.002483030906117,7.054688871721745,1,Mon-Th,0,2025-05-05,Mon-Th,1,22
17,4.269358924924337,5.1931430741404725,1,Mon-Th,0,2025-05-05,Mon-Th,1,22
19,16.97318037189164,9.295307423482756,1,Mon-Th,0,2025-05-05,Mon-Th,1,22
17,7.271596962932828,13.92204409199328,1,Mon-Th,0,2025-05-05,Mon-Th,1,22
23,10.903390324503505,5.543635565500159,1,Mon-Th,0,2025-05-05,Mon-Th,1,22
23,9.044611238618987,22.60531148717425,1,Mon-Th,0,2025-05-05,Mon-Th,1,22
11,6.54895970567816,11.917765664163904,1,Mon-Th,0,2025-05-05,Mon-Th,1,22
23,17.184854463073467,1.5606856989104736,1,Mon-Th,0,2025-05-05,Mon-Th,1,22
16,3.7908043842764414,1.1588507114578794,1,Mon-Th,0,2025-05-05,Mon-Th,1,22
22,8.809554808108246,28.280053920986305,1,Mon-Th,0,2025-05-05,Mon-Th,1,22
18,15.446086031812346,6.461848397116537,1,Mon-Th,0,2025-05-06,Mon-Th,1,17
23,9.479546897116656,6.870412161878089,1,Mon-Th,0,2025-05-06,Mon-Th,1,17
17,11.684395655938712,4.549485544398665,1,Mon-Th,0,2025-05-06,Mon-Th,1,17
13,3.474743284330127,3.1500342535870907,1,Mon-Th,0,2025-05-06,Mon-Th,1,17
20,18.797855992219812,16.593503684176977,1,Mon-Th,0,2025-05-06,Mon-Th,1,17
23,6.772409607448077,10.347650637798832,1,Mon-Th,0,2025-05-06,Mon-Th,1,17
17,10.814460236927033,33.58331501114763,1,Mon-Th,0,2025-05-06,Mon-Th,1,17
12,2.1325731638545675,10.749803134662857,1,Mon-Th,0,2025-05-06,Mon-Th,1,17
20,5.171888818530633,11.94598625487578,1,Mon-Th,0,2025-05-06,Mon-Th,1,17
4,2.6165756653747323,5.873406230982698,1,Mon-Th,0,2025-05-06,Mon-Th,1,17
20,11.278118517666996,12.312627243123625,1,Mon-Th,0,2025-05-06,Mon-Th,1,17
18,12.046304313553364,0.7263678429600449,1,Mon-Th,0,2025-05-06,Mon-Th,1,17
20,9.747198277943944,7.417601504322788,1,Mon-Th,0,2025-05-06,Mon-Th,1,17
23,11.30450225281717,6.766576594751874,1,Mon-Th,0,2025-05-06,Mon-Th,1,17
17,16.525368868979328,12.55686835050155,1,Mon-Th,0,2025-05-06,Mon-Th,1,17
16,3.1867643246930166,5.463027117655587,1,Mon-Th,0,2025-05-06,Mon-Th,1,17
18,7.407832504257532,18.063038371551553,1,Mon-Th,0,2025-05-06,Mon-Th,1,17
16,15.309993946879473,3.3878428421791726,1,Mon-Th,0,2025-05-07,Mon-Th,1,20
23,10.985816633599644,15.32901661406902,1,Mon-Th,0,2025-05-07,Mon-Th,1,20
21,18.61899722834651,10.16871022924146,1,Mon-Th,0,2025-05-07,Mon-Th,1,20
23,8.84574019041222,9.922935554452069,1,Mon-Th,0,2025-05-07,Mon-Th,1,20
11,14.630836933029801,24.383804156991395,1,Mon-Th,0,2025-05-07,Mon-Th,1,20
12,16.014894827359555,8.270179508872292,1,Mon-Th,0,2025-05-07,Mon-Th,1,20
13,21.517005518954708,17.37588067033496,1,Mon-Th,0,2025-05-07,Mon-Th,1,20
22,9.430556357736613,15.700503737945331,1,Mon-Th,0,2025-05-07,Mon-Th,1,20
21,14.471654360782214,8.542103543662742,1,Mon-Th,0,2025-05-07,Mon-Th,1,20
18,11.561607793085788,4.9272222088143325,1,Mon-Th,0,2025-05-07,Mon-Th,1,20
5,5.423194934793859,6.91108337496718,1,Mon-Th,0,2025-05-07,Mon-Th,1,20
15,14.354754970370323,4.329940862022144,1,Mon-Th,0,2025-05-07,Mon-Th,1,20
20,26.20441527287185,33.742997285820174,1,Mon-Th,0,2025-05-07,Mon-Th,1,20
21,10.041911697400558,18.674685024543773,1,Mon-Th,0,2025-05-07,Mon-Th,1,20
22,17.483042847916426,60.419707394176875,1,Mon-Th,0,2025-05-07,Mon-Th,1,20
16,16.81167676906342,8.977343056542075,1,Mon-Th,0,2025-05-07,Mon-Th,1,20
14,16.57894763731863,6.07782190756098,1,Mon-Th,0,2025-05-07,Mon-Th,1,20
21,8.82886288925156,23.4284144411462,1,Mon-Th,0,2025-05-07,Mon-Th,1,20
21,11.370629544367048,5.221182522046979,1,Mon-Th,0,2025-05-07,Mon-Th,1,20
14,13.835764215581449,10.444880424603973,1,Mon-Th,0,2025-05-07,Mon-Th,1,20
14,14.97109014041256,19.600583620949738,2,Sunday,0,2025-06-22,Sunday,2,34
23,8.449011522178008,34.4565118559779,2,Sunday,0,2025-06-22,Sunday,2,34
15,17.845002237545405,5.906087406505765,2,Sunday,0,2025-06-22,Sunday,2,34
17,7.622000490514682,9.169165546094236,2,Sunday,0,2025-06-22,Sunday,2,34
11,2.441760602202922,13.754232937466607,2,Sunday,0,2025-06-22,Sunday,2,34
19,11.031485893014878,6.627680256074185,2,Sunday,0,2025-06-22,Sunday,2,34
12,23.19706279917564,6.698137851958919,2,Sunday,0,2025-06-22,Sunday,2,34
21,8.14674232903473,3.7126942235542666,2,Sunday,0,2025-06-22,Sunday,2,34
17,3.9124759711137314,12.16359920011091,2,Sunday,0,2025-06-22,Sunday,2,34
21,13.285315309710228,57.01844548403237,2,Sunday,0,2025-06-22,Sunday,2,34
20,14.08707331704564,17.952604389884545,2,Sunday,0,2025-06-22,Sunday,2,34
19,13.892405094889774,22.808242500343226,2,Sunday,0,2025-06-22,Sunday,2,34
5,9.901485026748944,46.6364796628659,2,Sunday,0,2025-06-22,Sunday,2,34
17,14.750677042602938,13.91491584193327,2,Sunday,0,2025-06-22,Sunday,2,34
14,31.155645258069676,9.952593764849675,2,Sunday,0,2025-06-22,Sunday,2,34
22,8.91518244350544,4.311367298280722,2,Sunday,0,2025-06-22,Sunday,2,34
8,22.92476297780281,1.3385982950726976,2,Sunday,0,2025-06-22,Sunday,2,34
9,16.7170490465877,16.566033624803215,2,Sunday,0,2025-06-22,Sunday,2,34
14,11.508104693859163,2.7004459815262427,2,Sunday,0,2025-06-22,Sunday,2,34
17,10.392958731663438,6.033850685694928,2,Sunday,0,2025-06-22,Sunday,2,34
17,31.423646574781724,16.252010675350785,2,Sunday,0,2025-06-22,Sunday,2,34
18,3.8829996688057253,19.81392378583908,2,Sunday,0,2025-06-22,Sunday,2,34
16,20.420623509045143,21.785295086053658,2,Sunday,0,2025-06-22,Sunday,2,34
19,21.149965024922754,47.92588406791026,2,Sunday,0,2025-06-22,Sunday,2,34
19,12.010152113382318,5.015087801906374,2,Sunday,0,2025-06-22,Sunday,2,34
20,10.373174542691704,6.647926683351897,2,Sunday,0,2025-06-22,Sunday,2,34
14,4.3196924197767,3.484213354827035,2,Sunday,0,2025-06-22,Sunday,2,34
22,10.354917403102764,38.681050705872565,2,Sunday,0,2025-06-22,Sunday,2,34
17,14.640095615853358,6.555806304902429,2,Sunday,0,2025-06-22,Sunday,2,34
22,13.795654900901194,47.1076265858005,2,Sunday,0,2025-06-22,Sunday,2,34
17,25.994518519871523,2.6063392343793934,2,Sunday,0,2025-06-22,Sunday,2,34
16,15.247973008829312,2.926695211756204,2,Sunday,0,2025-06-22,Sunday,2,34
16,10.907119318652033,12.968982328450977,2,Sunday,0,2025-06-22,Sunday,2,34
0,24.753292664847777,29.38802131437304,2,Sunday,0,2025-06-22,Sunday,2,34
18,15.66789010256339,18.346478090391763,2,Sunday,0,2025-06-29,Sunday,2,40
0,8.408378728447781,22.42808268441235,2,Sunday,0,2025-06-29,Sunday,2,40
14,3.327602921102102,11.499429363540441,2,Sunday,0,2025-06-29,Sunday,2,40
15,14.416038054740618,10.527796373856589,2,Sunday,0,2025-06-29,Sunday,2,40
20,6.9094494854643695,24.733058448307794,2,Sunday,0,2025-06-29,Sunday,2,40
18,17.573599566041448,14.194301698649673,2,Sunday,0,2025-06-29,Sunday,2,40
5,9.86411038268161,11.275733985228811,2,Sunday,0,2025-06-29,Sunday,2,40
23,10.033439678321908,74.4782067465969,2,Sunday,0,2025-06-29,Sunday,2,40
18,5.668847543646095,14.120792443879154,2,Sunday,0,2025-06-29,Sunday,2,40
20,5.386278937011241,31.44000592072657,2,Sunday,0,2025-06-29,Sunday,2,40
19,12.120305399146499,18.860936043569897,2,Sunday,0,2025-06-29,Sunday,2,40
12,4.929702433682268,5.011815299958862,2,Sunday,0,2025-06-29,Sunday,2,40
12,9.850084044333055,2.00342025616485,2,Sunday,0,2025-06-29,Sunday,2,40
14,6.695775837205207,7.644138459159982,2,Sunday,0,2025-06-29,Sunday,2,40
20,7.9355273269106945,5.324466580616454,2,Sunday,0,2025-06-29,Sunday,2,40
21,11.863667785662297,13.509412546327985,2,Sunday,0,2025-06-29,Sunday,2,40
1,14.024056942602474,19.57195306599513,2,Sunday,0,2025-06-29,Sunday,2,40
13,3.049595504723472,10.556748877195039,2,Sunday,0,2025-06-29,Sunday,2,40
10,5.9692787428993395,4.852182176188259,2,Sunday,0,2025-06-29,Sunday,2,40
23,12.613727430494333,36.68903858645104,2,Sunday,0,2025-06-29,Sunday,2,40
13,10.430068564231195,2.8160656965276294,2,Sunday,0,2025-06-29,Sunday,2,40
12,4.345569183065847,3.9063802404835624,2,Sunday,0,2025-06-29,Sunday,2,40
16,10.380549050772064,31.369611741854282,2,Sunday,0,2025-06-29,Sunday,2,40
19,11.090590556226694,45.35339880668402,2,Sunday,0,2025-06-29,Sunday,2,40
0,28.35454865000133,4.356215358820724,2,Sunday,0,2025-06-29,Sunday,2,40
17,11.883594515676148,18.996747218325723,2,Sunday,0,2025-06-29,Sunday,2,40
15,10.839642891962015,23.974162716405264,2,Sunday,0,2025-06-29,Sunday,2,40
18,5.325014631066217,5.369081717201441,2,Sunday,0,2025-06-29,Sunday,2,40
16,19.80995945945046,26.972633815858043,2,Sunday,0,2025-06-29,Sunday,2,40
18,23.611022690777574,7.912524389753501,2,Sunday,0,2025-06-29,Sunday,2,40
6,3.9134950557225676,16.937845080123928,2,Sunday,0,2025-06-29,Sunday,2,40
20,11.35284792385782,8.9622155583079,2,Sunday,0,2025-06-29,Sunday,2,40
23,10.591825079391128,7.241046651275464,2,Sunday,0,2025-06-29,Sunday,2,40
18,13.078774077874751,16.001681510613253,2,Sunday,0,2025-06-29,Sunday,2,40
23,6.447118623279295,25.617322769069617,2,Sunday,0,2025-06-29,Sunday,2,40
15,13.516799612829146,7.2845144879088926,2,Sunday,0,2025-06-29,Sunday,2,40
9,11.288253101902175,10.620309092587284,2,Sunday,0,2025-06-29,Sunday,2,40
15,10.345784165066188,20.196588242663385,2,Sunday,0,2025-06-29,Sunday,2,40
21,10.391084581520634,5.793918000361001,2,Sunday,0,2025-06-29,Sunday,2,40
11,5.351396162578068,10.875189959512461,2,Sunday,0,2025-06-29,Sunday,2,40
18,38.03576693854005,7.537428975635425,2,Sunday,0,2025-07-06,Sunday,2,37
22,10.450827373674823,24.884862223654984,2,Sunday,0,2025-07-06,Sunday,2,37
19,17.014715319789076,9.963916704866083,2,Sunday,0,2025-07-06,Sunday,2,37
21,12.606832498072578,31.913184031095984,2,Sunday,0,2025-07-06,Sunday,2,37
18,14.468194429499874,25.354596956592392,2,Sunday,0,2025-07-06,Sunday,2,37
17,13.007304739065486,3.352491056338394,2,Sunday,0,2025-07-06,Sunday,2,37
18,7.715843567134547,8.35961163216395,2,Sunday,0,2025-07-06,Sunday,2,37
22,11.59621641331442,5.135056973221794,2,Sunday,0,2025-07-06,Sunday,2,37
20,13.302907230177887,12.355657802727945,2,Sunday,0,2025-07-06,Sunday,2,37
17,9.08145789449562,2.607935597545427,2,Sunday,0,2025-07-06,Sunday,2,37
20,12.047714918898848,5.709249429333806,2,Sunday,0,2025-07-06,Sunday,2,37
11,2.9820834482113936,4.476919066035542,2,Sunday,0,2025-07-06,Sunday,2,37
19,18.54258079912775,7.989099141206451,2,Sunday,0,2025-07-06,Sunday,2,37
17,2.742843080928993,4.055329340566945,2,Sunday,0,2025-07-06,Sunday,2,37
13,23.086700594366313,22.027860057854674,2,Sunday,0,2025-07-06,Sunday,2,37
18,11.588172536668921,10.564916193924482,2,Sunday,0,2025-07-06,Sunday,2,37
17,3.2477398218893536,5.009254410602351,2,Sunday,0,2025-07-06,Sunday,2,37
14,22.218096223656584,4.874388419208363,2,Sunday,0,2025-07-06,Sunday,2,37
17,12.889692406439881,7.202885669902,2,Sunday,0,2025-07-06,Sunday,2,37
13,13.79643935562419,13.543582075711695,2,Sunday,0,2025-07-06,Sunday,2,37
19,10.427959418578045,39.50261192485484,2,Sunday,0,2025-07-06,Sunday,2,37
8,6.219826656661443,18.77541157906673,2,Sunday,0,2025-07-06,Sunday,2,37
4,15.845756329282505,4.895227527038552,2,Sunday,0,2025-07-06,Sunday,2,37
14,35.027311727194636,49.54322366834813,2,Sunday,0,2025-07-06,Sunday,2,37
20,10.285466599715303,4.738269361257211,2,Sunday,0,2025-07-06,Sunday,2,37
13,3.220899505548215,6.688511074963608,2,Sunday,0,2025-07-06,Sunday,2,37
12,9.751211466697734,10.526664865615272,2,Sunday,0,2025-07-06,Sunday,2,37
9,14.666175496264906,10.039453716690653,2,Sunday,0,2025-07-06,Sunday,2,37
14,17.73594693820569,2.365312990417519,2,Sunday,0,2025-07-06,Sunday,2,37
16,19.631309987945787,7.5617328080715565,2,Sunday,0,2025-07-06,Sunday,2,37
20,32.09666850653952,5.435822928568563,2,Sunday,0,2025-07-06,Sunday,2,37
20,10.730209625549527,6.042204913194134,2,Sunday,0,2025-07-06,Sunday,2,37
11,6.620330729561836,15.631137356755426,2,Sunday,0,2025-07-06,Sunday,2,37
9,11.416107526341001,14.737212674158469,2,Sunday,0,2025-07-06,Sunday,2,37
18,13.400159544386415,23.679410511730786,2,Sunday,0,2025-07-06,Sunday,2,37
19,9.705532772724673,8.313408301999,2,Sunday,0,2025-07-06,Sunday,2,37
15,7.358775903756888,13.043814849490225,2,Sunday,0,2025-07-06,Sunday,2,37
16,5.915123236414763,4.979930340125697,2,Sunday,0,2025-07-13,Sunday,2,40
22,9.331313788909647,21.041698223006257,2,Sunday,0,2025-07-13,Sunday,2,40
17,16.547333791607276,55.33137159492152,2,Sunday,0,2025-07-13,Sunday,2,40
21,5.367502380064664,15.50793798240972,2,Sunday,0,2025-07-13,Sunday,2,40
19,9.37937974774194,6.445474906509987,2,Sunday,0,2025-07-13,Sunday,2,40
13,2.5867711205681627,20.664144451123125,2,Sunday,0,2025-07-13,Sunday,2,40
16,3.9913563692200222,4.609042636679471,2,Sunday,0,2025-07-13,Sunday,2,40
21,10.006157682119547,6.858559054749061,2,Sunday,0,2025-07-13,Sunday,2,40
11,2.563964940972588,13.02492786599525,2,Sunday,0,2025-07-13,Sunday,2,40
23,15.586735245026787,10.890025344569915,2,Sunday,0,2025-07-13,Sunday,2,40
18,34.05982888912437,24.402874143996023,2,Sunday,0,2025-07-13,Sunday,2,40
18,3.3800206539841158,40.323692569690266,2,Sunday,0,2025-07-13,Sunday,2,40
9,10.136025289453404,9.624292985099617,2,Sunday,0,2025-07-13,Sunday,2,40
5,18.572432286203707,31.444212033930775,2,Sunday,0,2025-07-13,Sunday,2,40
19,14.442153214823271,32.34198351975953,2,Sunday,0,2025-07-13,Sunday,2,40
11,3.0837897668080694,6.5881433516725565,2,Sunday,0,2025-07-13,Sunday,2,40
9,59.71716763093494,2.8681098091283097,2,Sunday,0,2025-07-13,Sunday,2,40
15,10.163180752354705,16.017554370175198,2,Sunday,0,2025-07-13,Sunday,2,40
18,15.994232690778546,28.427298644653096,2,Sunday,0,2025-07-13,Sunday,2,40
13,5.588043108224017,15.786587066675647,2,Sunday,0,2025-07-13,Sunday,2,40
12,35.95359991440493,9.647555758669302,2,Sunday,0,2025-07-13,Sunday,2,40
23,5.04195041688069,8.401091174561383,2,Sunday,0,2025-07-13,Sunday,2,40
15,8.49925855008047,8.755810610803191,2,Sunday,0,2025-07-13,Sunday,2,40
20,10.614525267125575,14.932017907091145,2,Sunday,0,2025-07-13,Sunday,2,40
19,19.14227215736421,48.67155751979051,2,Sunday,0,2025-07-13,Sunday,2,40
17,12.06426267057028,6.856335716070017,2,Sunday,0,2025-07-13,Sunday,2,40
16,2.3161004349104335,8.233175457316358,2,Sunday,0,2025-07-13,Sunday,2,40
6,7.358767666305188,10.724706258396543,2,Sunday,0,2025-07-13,Sunday,2,40
9,16.705741035493354,8.925444013624684,2,Sunday,0,2025-07-13,Sunday,2,40
18,5.372132180221579,4.3755294940357095,2,Sunday,0,2025-07-13,Sunday,2,40
23,12.933553145114157,26.48038367246186,2,Sunday,0,2025-07-13,Sunday,2,40
18,12.70468050545594,34.965836476600245,2,Sunday,0,2025-07-13,Sunday,2,40
14,23.072179076371054,12.360436802234377,2,Sunday,0,2025-07-13,Sunday,2,40
20,10.886596098964613,10.109418524765644,2,Sunday,0,2025-07-13,Sunday,2,40
19,8.701556330367941,6.610222484412759,2,Sunday,0,2025-07-13,Sunday,2,40
19,11.18931100735433,7.394346334569476,2,Sunday,0,2025-07-13,Sunday,2,40
8,6.948083160462929,10.863382326698282,2,Sunday,0,2025-07-13,Sunday,2,40
11,2.8543196011518073,3.7055621654822053,2,Sunday,0,2025-07-13,Sunday,2,40
18,16.369864667307915,21.810101835905005,2,Sunday,0,2025-07-13,Sunday,2,40
12,16.24999210866384,8.984536727614874,2,Sunday,0,2025-07-13,Sunday,2,40
16,39.4208958327634,9.519088579191811,2,Sunday,0,2025-07-20,Sunday,2,35
19,21.10039079153902,13.585683688975136,2,Sunday,0,2025-07-20,Sunday,2,35
20,12.272067356127234,34.09602855419305,2,Sunday,0,2025-07-20,Sunday,2,35
20,15.056715208809905,3.634076479955514,2,Sunday,0,2025-07-20,Sunday,2,35
20,21.884481639055167,34.065195576825346,2,Sunday,0,2025-07-20,Sunday,2,35
13,10.757905035877297,1.9613841094163722,2,Sunday,0,2025-07-20,Sunday,2,35
12,14.476040201477076,5.290162981628764,2,Sunday,0,2025-07-20,Sunday,2,35
18,13.730240317407368,6.639184436332845,2,Sunday,0,2025-07-20,Sunday,2,35
17,21.732220440765342,18.077032440581466,2,Sunday,0,2025-07-20,Sunday,2,35
17,41.87629372411412,13.309526106064272,2,Sunday,0,2025-07-20,Sunday,2,35
21,11.278784689841011,9.130411663065853,2,Sunday,0,2025-07-20,Sunday,2,35
14,2.1173722582014594,7.997006204709799,2,Sunday,0,2025-07-20,Sunday,2,35
21,11.696389356037916,39.53976386306371,2,Sunday,0,2025-07-20,Sunday,2,35
14,5.827178166436322,12.277416259996704,2,Sunday,0,2025-07-20,Sunday,2,35
15,2.6229920250673335,8.9784929460925,2,Sunday,0,2025-07-20,Sunday,2,35
15,15.373053471142665,12.878496878639744,2,Sunday,0,2025-07-20,Sunday,2,35
18,13.615136627495293,33.92669309874868,2,Sunday,0,2025-07-20,Sunday,2,35
17,5.785995475907615,12.13349746691083,2,Sunday,0,2025-07-20,Sunday,2,35
18,8.036683244038889,10.117170097869135,2,Sunday,0,2025-07-20,Sunday,2,35
22,10.485801290036271,11.737903416237254,2,Sunday,0,2025-07-20,Sunday,2,35
16,4.889893081444156,0.897477342539521,2,Sunday,0,2025-07-20,Sunday,2,35
22,9.630943323275698,7.697811743433542,2,Sunday,0,2025-07-20,Sunday,2,35
18,17.963726667854434,10.62065889234951,2,Sunday,0,2025-07-20,Sunday,2,35
17,22.79230027745214,1.3610514499521325,2,Sunday,0,2025-07-20,Sunday,2,35
15,16.448377166193264,12.773173917901996,2,Sunday,0,2025-07-20,Sunday,2,35
19,12.045015027828526,15.061965545285428,2,Sunday,0,2025-07-20,Sunday,2,35
19,5.986042439426953,4.874779743172242,2,Sunday,0,2025-07-20,Sunday,2,35
16,21.165663029884335,5.31521720976506,2,Sunday,0,2025-07-20,Sunday,2,35
15,15.334472270102268,2.7724140266187005,2,Sunday,0,2025-07-20,Sunday,2,35
18,11.19018560796896,9.689972504280433,2,Sunday,0,2025-07-20,Sunday,2,35
19,7.552663099540738,12.392012850645107,2,Sunday,0,2025-07-20,Sunday,2,35
14,30.558339967507205,76.49597112914202,2,Sunday,0,2025-07-20,Sunday,2,35
6,17.37224248558834,38.17387798256575,2,Sunday,0,2025-07-20,Sunday,2,35
23,13.064868841265621,18.54449455859438,2,Sunday,0,2025-07-20,Sunday,2,35
19,15.434245604880541,18.643299017044647,2,Sunday,0,2025-07-20,Sunday,2,35
14,4.253611438098249,4.564058427906791,2,Sunday,0,2025-07-27,Sunday,2,51
16,4.461468708586818,9.119574846796992,2,Sunday,0,2025-07-27,Sunday,2,51
21,11.190036037215986,19.92872582188825,2,Sunday,0,2025-07-27,Sunday,2,51
16,14.043462708046803,5.47008055759487,2,Sunday,0,2025-07-27,Sunday,2,51
15,15.874702122085186,26.1610309102147,2,Sunday,0,2025-07-27,Sunday,2,51
16,2.8975761828256723,8.34622395524733,2,Sunday,0,2025-07-27,Sunday,2,51
12,6.35061401370648,33.25900855665971,2,Sunday,0,2025-07-27,Sunday,2,51
17,16.561736270267332,3.464438683295093,2,Sunday,0,2025-07-27,Sunday,2,51
15,9.663113641837835,5.52099451681785,2,Sunday,0,2025-07-27,Sunday,2,51
12,3.0130588492074724,4.230247695232063,2,Sunday,0,2025-07-27,Sunday,2,51
18,81.77869116343393,8.596918385257363,2,Sunday,0,2025-07-27,Sunday,2,51
15,15.688419041397097,8.090407296565376,2,Sunday,0,2025-07-27,Sunday,2,51
13,3.025852040279453,16.15880789797608,2,Sunday,0,2025-07-27,Sunday,2,51
18,3.631378086489284,5.612675078088559,2,Sunday,0,2025-07-27,Sunday,2,51
17,11.213528614734617,13.814769440111885,2,Sunday,0,2025-07-27,Sunday,2,51
15,5.768027039739554,16.022629258479963,2,Sunday,0,2025-07-27,Sunday,2,51
22,14.217740035848795,12.819375767515877,2,Sunday,0,2025-07-27,Sunday,2,51
14,2.3038474987360247,3.5948709573457753,2,Sunday,0,2025-07-27,Sunday,2,51
14,17.806281082461805,5.932375768332382,2,Sunday,0,2025-07-27,Sunday,2,51
15,16.53437461852931,16.41903379167559,2,Sunday,0,2025-07-27,Sunday,2,51
22,10.85704898567188,42.140871312138366,2,Sunday,0,2025-07-27,Sunday,2,51
18,51.7735505909986,13.791334273991994,2,Sunday,0,2025-07-27,Sunday,2,51
20,9.843026358035193,15.313896657533489,2,Sunday,0,2025-07-27,Sunday,2,51
22,11.33131431423434,15.641504699087951,2,Sunday,0,2025-07-27,Sunday,2,51
20,13.007450282515997,7.797034219828285,2,Sunday,0,2025-07-27,Sunday,2,51
19,9.466487816661758,4.450588276477024,2,Sunday,0,2025-07-27,Sunday,2,51
17,33.30115584490252,4.656575004280876,2,Sunday,0,2025-07-27,Sunday,2,51
22,10.092925894122509,25.547043798476583,2,Sunday,0,2025-07-27,Sunday,2,51
11,3.799904180234442,4.264831289325105,2,Sunday,0,2025-07-27,Sunday,2,51
9,16.40830300048867,21.804641740630682,2,Sunday,0,2025-07-27,Sunday,2,51
17,12.031453049940676,3.0089547909832373,2,Sunday,0,2025-07-27,Sunday,2,51
16,2.1580587579652497,0.6101552248985572,2,Sunday,0,2025-07-27,Sunday,2,51
22,10.339003042869411,3.4627480456567206,2,Sunday,0,2025-07-27,Sunday,2,51
17,17.399888179894628,4.367176760352845,2,Sunday,0,2025-07-27,Sunday,2,51
18,17.15707901917431,24.270810612426768,2,Sunday,0,2025-07-27,Sunday,2,51
20,10.166957009704685,5.446446564871568,2,Sunday,0,2025-07-27,Sunday,2,51
7,3.7950628213893847,4.662690137876046,2,Sunday,0,2025-07-27,Sunday,2,51
4,4.97876192200007,9.99622174039821,2,Sunday,0,2025-07-27,Sunday,2,51
11,5.524704884035188,11.223255813154559,2,Sunday,0,2025-07-27,Sunday,2,51
18,5.456403549182069,11.159013179199555,2,Sunday,0,2025-07-27,Sunday,2,51
17,14.821226251951124,1.188382188322126,2,Sunday,0,2025-07-27,Sunday,2,51
20,46.70783013913039,4.366151026762802,2,Sunday,0,2025-07-27,Sunday,2,51
12,34.95833758637818,15.875552531640475,2,Sunday,0,2025-07-27,Sunday,2,51
14,19.264453990020638,1.7001847878491179,2,Sunday,0,2025-07-27,Sunday,2,51
16,17.252219539174337,8.416146680105086,2,Sunday,0,2025-07-27,Sunday,2,51
6,7.685668408438802,8.300403071378017,2,Sunday,0,2025-07-27,Sunday,2,51
12,2.8199895159050956,8.685623784178485,2,Sunday,0,2025-07-27,Sunday,2,51
19,12.214108235136266,8.997962695199533,2,Sunday,0,2025-07-27,Sunday,2,51
16,12.020553016523056,22.23811075908951,2,Sunday,0,2025-07-27,Sunday,2,51
14,2.067520552028055,3.4557931553523336,2,Sunday,0,2025-07-27,Sunday,2,51
19,11.354606463434461,9.275992497854343,2,Sunday,0,2025-07-27,Sunday,2,51
16,11.390473467082991,9.474693440047147,2,Sunday,0,2025-08-03,Sunday,2,45
23,9.45787492843534,5.650975335029201,2,Sunday,0,2025-08-03,Sunday,2,45
15,24.372001333643873,9.230539047846044,2,Sunday,0,2025-08-03,Sunday,2,45
18,13.259017606793954,7.727899881512582,2,Sunday,0,2025-08-03,Sunday,2,45
20,12.474683691538317,6.919116724313886,2,Sunday,0,2025-08-03,Sunday,2,45
15,24.883492208581533,14.958257651446393,2,Sunday,0,2025-08-03,Sunday,2,45
18,10.325650402304642,2.2806880486604157,2,Sunday,0,2025-08-03,Sunday,2,45
23,10.394591250358129,57.79345035030602,2,Sunday,0,2025-08-03,Sunday,2,45
19,14.130366737312496,10.59689933523034,2,Sunday,0,2025-08-03,Sunday,2,45
17,2.1567848487136043,4.769904344168558,2,Sunday,0,2025-08-03,Sunday,2,45
13,2.3428298927048843,12.27451046167587,2,Sunday,0,2025-08-03,Sunday,2,45
17,12.50438872987921,5.9065873967690115,2,Sunday,0,2025-08-03,Sunday,2,45
13,15.731543653978022,18.51794713159039,2,Sunday,0,2025-08-03,Sunday,2,45
16,15.882470419704951,6.060167507820415,2,Sunday,0,2025-08-03,Sunday,2,45
12,23.823865647093736,12.27170607306437,2,Sunday,0,2025-08-03,Sunday,2,45
15,9.416714803638342,19.73840751759222,2,Sunday,0,2025-08-03,Sunday,2,45
19,23.499999180454648,66.42837972459301,2,Sunday,0,2025-08-03,Sunday,2,45
17,13.332189233736624,17.22086722826371,2,Sunday,0,2025-08-03,Sunday,2,45
14,5.595888550944418,15.861850008910286,2,Sunday,0,2025-08-03,Sunday,2,45
12,12.253213660553836,15.503374052225437,2,Sunday,0,2025-08-03,Sunday,2,45
19,11.985243985278974,3.9660573993237307,2,Sunday,0,2025-08-03,Sunday,2,45
21,9.003449077351002,22.741256904508198,2,Sunday,0,2025-08-03,Sunday,2,45
19,17.72722993642554,17.27815669851658,2,Sunday,0,2025-08-03,Sunday,2,45
16,13.069423689648932,9.600281994470814,2,Sunday,0,2025-08-03,Sunday,2,45
18,6.020811941583814,7.300717900396958,2,Sunday,0,2025-08-03,Sunday,2,45
16,14.394897370655105,11.579099523227002,2,Sunday,0,2025-08-03,Sunday,2,45
19,13.075135331571744,10.687314205994436,2,Sunday,0,2025-08-03,Sunday,2,45
18,8.658251385055491,13.2963673575113,2,Sunday,0,2025-08-03,Sunday,2,45
17,3.0372627042130427,5.198654225452646,2,Sunday,0,2025-08-03,Sunday,2,45
22,8.905688894814865,7.584728172189627,2,Sunday,0,2025-08-03,Sunday,2,45
14,24.597921613296556,13.352997328753201,2,Sunday,0,2025-08-03,Sunday,2,45
15,5.0983203182645855,3.6761535871095754,2,Sunday,0,2025-08-03,Sunday,2,45
14,16.579263999951216,21.39578026152541,2,Sunday,0,2025-08-03,Sunday,2,45
16,32.5512754176836,3.23645667779601,2,Sunday,0,2025-08-03,Sunday,2,45
19,12.921234600611719,14.825025606523493,2,Sunday,0,2025-08-03,Sunday,2,45
17,12.469756196511728,61.65143680367568,2,Sunday,0,2025-08-03,Sunday,2,45
16,16.563360544360393,12.520128629422437,2,Sunday,0,2025-08-03,Sunday,2,45
17,9.883412007324909,16.58681243388096,2,Sunday,0,2025-08-03,Sunday,2,45
5,4.614176010722385,8.718862638437777,2,Sunday,0,2025-08-03,Sunday,2,45
18,18.81169338035898,4.262885357365381,2,Sunday,0,2025-08-03,Sunday,2,45
15,2.1356641329295702,13.21516809190422,2,Sunday,0,2025-08-03,Sunday,2,45
17,12.927065078044834,13.954306716789407,2,Sunday,0,2025-08-03,Sunday,2,45
12,2.2103020286809416,3.3413162666638367,2,Sunday,0,2025-08-03,Sunday,2,45
21,9.927835136780324,19.584115439464806,2,Sunday,0,2025-08-03,Sunday,2,45
16,6.873514652541287,11.242228156403081,2,Sunday,0,2025-08-03,Sunday,2,45
17,3.90610847591738,61.652665314733,2,Sunday,0,2025-08-10,Sunday,2,40
21,14.927904565830328,12.847872402835183,2,Sunday,0,2025-08-10,Sunday,2,40
12,12.386213750051013,10.391466931160412,2,Sunday,0,2025-08-10,Sunday,2,40
20,12.552781733774442,9.30388032400401,2,Sunday,0,2025-08-10,Sunday,2,40
20,19.991675298683823,5.6466408067247595,2,Sunday,0,2025-08-10,Sunday,2,40
22,10.551977792647882,41.84353183858291,2,Sunday,0,2025-08-10,Sunday,2,40
17,4.224190807495654,21.466159779020295,2,Sunday,0,2025-08-10,Sunday,2,40
17,14.358515821441046,10.619000900420422,2,Sunday,0,2025-08-10,Sunday,2,40
17,14.984284941130575,16.39371888581766,2,Sunday,0,2025-08-10,Sunday,2,40
17,19.783651756883142,9.327305590478531,2,Sunday,0,2025-08-10,Sunday,2,40
15,9.501386837851914,18.99163932122972,2,Sunday,0,2025-08-10,Sunday,2,40
12,9.783774380808367,7.017190190883842,2,Sunday,0,2025-08-10,Sunday,2,40
14,18.17275362346147,60.72255657690492,2,Sunday,0,2025-08-10,Sunday,2,40
15,19.466123665261705,53.8709593075086,2,Sunday,0,2025-08-10,Sunday,2,40
18,16.518167916648604,26.038039691249338,2,Sunday,0,2025-08-10,Sunday,2,40
10,17.9325677665518,1.141078116208696,2,Sunday,0,2025-08-10,Sunday,2,40
11,15.288233505907112,5.328176623631658,2,Sunday,0,2025-08-10,Sunday,2,40
10,8.112727205841967,9.034937930575909,2,Sunday,0,2025-08-10,Sunday,2,40
19,11.035269587201139,40.38836829528831,2,Sunday,0,2025-08-10,Sunday,2,40
15,20.77318229331116,8.858105786638713,2,Sunday,0,2025-08-10,Sunday,2,40
15,5.051486050351342,18.90803635688044,2,Sunday,0,2025-08-10,Sunday,2,40
14,4.326552954644114,12.980859004852759,2,Sunday,0,2025-08-10,Sunday,2,40
19,11.367077500339906,11.960119562107476,2,Sunday,0,2025-08-10,Sunday,2,40
18,24.530030582348033,2.800743052873674,2,Sunday,0,2025-08-10,Sunday,2,40
23,9.268330463303778,5.615452639993398,2,Sunday,0,2025-08-10,Sunday,2,40
13,22.328951454667887,5.734076402092221,2,Sunday,0,2025-08-10,Sunday,2,40
16,3.419455385133768,12.273989718726455,2,Sunday,0,2025-08-10,Sunday,2,40
17,14.686908238986181,8.232046423420586,2,Sunday,0,2025-08-10,Sunday,2,40
18,20.032310273291866,14.754628031729673,2,Sunday,0,2025-08-10,Sunday,2,40
22,9.659810741741017,9.349878059400355,2,Sunday,0,2025-08-10,Sunday,2,40
18,10.597878475611697,7.260020585865387,2,Sunday,0,2025-08-10,Sunday,2,40
11,14.239389736468983,7.383395361787818,2,Sunday,0,2025-08-10,Sunday,2,40
16,11.205433697125926,17.167249551152047,2,Sunday,0,2025-08-10,Sunday,2,40
20,11.884392181564479,5.666326012248947,2,Sunday,0,2025-08-10,Sunday,2,40
14,4.200704904441952,7.087759924453824,2,Sunday,0,2025-08-10,Sunday,2,40
15,6.711544354727824,3.969414599376064,2,Sunday,0,2025-08-10,Sunday,2,40
20,14.490781504013384,9.938152913370375,2,Sunday,0,2025-08-10,Sunday,2,40
12,27.782024254575138,17.251671625483652,2,Sunday,0,2025-08-10,Sunday,2,40
18,12.103330475081425,14.538453986824724,2,Sunday,0,2025-08-10,Sunday,2,40
17,3.307598557509844,10.649318661788515,2,Sunday,0,2025-08-10,Sunday,2,40
20,11.644210801488725,6.7240493212948955,2,Sunday,0,2025-08-17,Sunday,2,43
13,6.733092127891244,17.684785413234092,2,Sunday,0,2025-08-17,Sunday,2,43
12,16.48637208676733,21.274860481178006,2,Sunday,0,2025-08-17,Sunday,2,43
21,12.492131257287475,1.5941269412110703,2,Sunday,0,2025-08-17,Sunday,2,43
14,18.42379746958633,5.399448579916842,2,Sunday,0,2025-08-17,Sunday,2,43
18,11.983091877084437,9.983748733316904,2,Sunday,0,2025-08-17,Sunday,2,43
18,5.873206007519498,7.9838426605222805,2,Sunday,0,2025-08-17,Sunday,2,43
16,33.64573290054828,10.522395095080789,2,Sunday,0,2025-08-17,Sunday,2,43
19,9.891962102245065,21.5176887986963,2,Sunday,0,2025-08-17,Sunday,2,43
5,7.503058775669437,7.0880435483099165,2,Sunday,0,2025-08-17,Sunday,2,43
15,31.60821766252326,3.694650878905083,2,Sunday,0,2025-08-17,Sunday,2,43
23,48.93740700797552,48.057762914316875,2,Sunday,0,2025-08-17,Sunday,2,43
18,9.514304515398369,8.892163486348794,2,Sunday,0,2025-08-17,Sunday,2,43
3,8.508251731098952,7.16058082709131,2,Sunday,0,2025-08-17,Sunday,2,43
17,9.726551297131987,7.526088426885189,2,Sunday,0,2025-08-17,Sunday,2,43
9,2.111915065144466,17.53055643918758,2,Sunday,0,2025-08-17,Sunday,2,43
20,12.821715909131242,28.438887594761532,2,Sunday,0,2025-08-17,Sunday,2,43
18,12.380758196216938,9.463651144679416,2,Sunday,0,2025-08-17,Sunday,2,43
16,40.18352271784938,5.231592494696005,2,Sunday,0,2025-08-17,Sunday,2,43
19,2.491653691795421,19.780373412519197,2,Sunday,0,2025-08-17,Sunday,2,43
19,13.369143316590801,26.303854970731205,2,Sunday,0,2025-08-17,Sunday,2,43
15,2.385487020727321,5.787893852504224,2,Sunday,0,2025-08-17,Sunday,2,43
13,4.046963925329786,5.480695681885359,2,Sunday,0,2025-08-17,Sunday,2,43
11,16.81081683875856,30.42780372962093,2,Sunday,0,2025-08-17,Sunday,2,43
19,9.095707335359856,10.167296555042647,2,Sunday,0,2025-08-17,Sunday,2,43
12,3.686131221621653,10.285871135776269,2,Sunday,0,2025-08-17,Sunday,2,43
15,3.9516796856548484,7.987854108051741,2,Sunday,0,2025-08-17,Sunday,2,43
19,7.132795154850613,8.329238126653202,2,Sunday,0,2025-08-17,Sunday,2,43
12,3.9913216394938136,5.04581521969829,2,Sunday,0,2025-08-17,Sunday,2,43
16,13.977078182414772,4.550591770584115,2,Sunday,0,2025-08-17,Sunday,2,43
19,19.73472178204067,7.000004394175548,2,Sunday,0,2025-08-17,Sunday,2,43
19,12.043940815885513,8.375604052447516,2,Sunday,0,2025-08-17,Sunday,2,43
12,13.529033521200276,10.954686711598272,2,Sunday,0,2025-08-17,Sunday,2,43
19,12.52334208730408,18.77548735440174,2,Sunday,0,2025-08-17,Sunday,2,43
16,25.930774624097758,5.036216553475935,2,Sunday,0,2025-08-17,Sunday,2,43
22,6.549970878870554,7.753130812498395,2,Sunday,0,2025-08-17,Sunday,2,43
11,11.27638087226602,10.306988040849825,2,Sunday,0,2025-08-17,Sunday,2,43
15,2.0660442039435134,2.531581377482391,2,Sunday,0,2025-08-17,Sunday,2,43
20,13.302487196831887,12.338662784625276,2,Sunday,0,2025-08-17,Sunday,2,43
18,20.652228767138045,8.080215606601577,2,Sunday,0,2025-08-17,Sunday,2,43
17,12.740052420252212,10.142428300013503,2,Sunday,0,2025-08-17,Sunday,2,43
21,11.687528928875018,37.04532901739734,2,Sunday,0,2025-08-17,Sunday,2,43
9,7.280769951529268,2.2212466500817154,2,Sunday,0,2025-08-17,Sunday,2,43
23,11.248998357672722,23.171982935919285,2,Sunday,0,2025-08-24,Sunday,2,36
19,13.858438597646238,16.940019040635597,2,Sunday,0,2025-08-24,Sunday,2,36
22,12.940117127916501,25.087556363893253,2,Sunday,0,2025-08-24,Sunday,2,36
4,7.684866780854698,14.325447982526264,2,Sunday,0,2025-08-24,Sunday,2,36
11,6.626763157473193,4.3695776403275355,2,Sunday,0,2025-08-24,Sunday,2,36
16,2.3272323527551078,4.959496904412823,2,Sunday,0,2025-08-24,Sunday,2,36
15,32.88059015371456,9.807269039202996,2,Sunday,0,2025-08-24,Sunday,2,36
11,12.409988992798397,11.5581571653296,2,Sunday,0,2025-08-24,Sunday,2,36
15,8.854915707521375,6.328532315176405,2,Sunday,0,2025-08-24,Sunday,2,36
21,9.865127578554223,10.932251224566507,2,Sunday,0,2025-08-24,Sunday,2,36
18,12.615575904239755,7.626392009634021,2,Sunday,0,2025-08-24,Sunday,2,36
12,12.708203002473894,19.856650418544366,2,Sunday,0,2025-08-24,Sunday,2,36
14,28.173477966987452,37.002689514913506,2,Sunday,0,2025-08-24,Sunday,2,36
13,9.511985207887054,13.768113133473761,2,Sunday,0,2025-08-24,Sunday,2,36
20,10.66066140052893,7.269523333675639,2,Sunday,0,2025-08-24,Sunday,2,36
19,18.138822945823748,9.7004046766552,2,Sunday,0,2025-08-24,Sunday,2,36
11,7.862680583610486,11.472801199004873,2,Sunday,0,2025-08-24,Sunday,2,36
19,12.433402065086767,10.946702253031454,2,Sunday,0,2025-08-24,Sunday,2,36
20,9.591095345808478,8.763621635940378,2,Sunday,0,2025-08-24,Sunday,2,36
15,18.637460255266987,15.51965115695572,2,Sunday,0,2025-08-24,Sunday,2,36
23,11.646286086695799,33.262102931079205,2,Sunday,0,2025-08-24,Sunday,2,36
20,4.826538950821298,2.889115663158427,2,Sunday,0,2025-08-24,Sunday,2,36
20,14.224828733105834,60.22581305225264,2,Sunday,0,2025-08-24,Sunday,2,36
21,20.936264090213506,13.051198936176316,2,Sunday,0,2025-08-24,Sunday,2,36
17,14.620359420183945,19.824634963519852,2,Sunday,0,2025-08-24,Sunday,2,36
13,14.085938580697633,8.297140933217513,2,Sunday,0,2025-08-24,Sunday,2,36
12,21.912048402583206,9.576856573272508,2,Sunday,0,2025-08-24,Sunday,2,36
21,12.27360851071402,13.534887308186539,2,Sunday,0,2025-08-24,Sunday,2,36
12,33.803880023310846,5.744238898268474,2,Sunday,0,2025-08-24,Sunday,2,36
22,9.458170636899482,4.484592609368599,2,Sunday,0,2025-08-24,Sunday,2,36
23,11.501487247109782,16.714111241386256,2,Sunday,0,2025-08-24,Sunday,2,36
14,15.139916854602898,8.551341005714397,2,Sunday,0,2025-08-24,Sunday,2,36
19,18.098358051184697,8.781115518542396,2,Sunday,0,2025-08-24,Sunday,2,36
10,6.146742890725862,28.74373673140778,2,Sunday,0,2025-08-24,Sunday,2,36
18,13.33434464162211,4.739764714964316,2,Sunday,0,2025-08-24,Sunday,2,36
8,3.9374426083482383,5.7371622326456535,2,Sunday,0,2025-08-24,Sunday,2,36
13,2.559427902609764,20.031301844213697,2,Sunday,0,2025-08-31,Sunday,2,39
22,8.80615256195516,9.050493062146051,2,Sunday,0,2025-08-31,Sunday,2,39
6,3.183041136515455,13.200806157030556,2,Sunday,0,2025-08-31,Sunday,2,39
19,9.73952834001095,15.962835923600498,2,Sunday,0,2025-08-31,Sunday,2,39
17,21.178605529550655,25.349142919058284,2,Sunday,0,2025-08-31,Sunday,2,39
21,16.03843375947206,31.70054744790186,2,Sunday,0,2025-08-31,Sunday,2,39
14,5.154341574668595,17.854822345003843,2,Sunday,0,2025-08-31,Sunday,2,39
22,3.007513361217704,4.3336519439092,2,Sunday,0,2025-08-31,Sunday,2,39
22,14.223998177786541,25.44780025396723,2,Sunday,0,2025-08-31,Sunday,2,39
15,28.97979215049283,8.700872727840592,2,Sunday,0,2025-08-31,Sunday,2,39
7,13.742956479705875,38.7515516570796,2,Sunday,0,2025-08-31,Sunday,2,39
18,14.822069538360388,21.38601635328791,2,Sunday,0,2025-08-31,Sunday,2,39
21,9.634798069386507,8.2884675405643,2,Sunday,0,2025-08-31,Sunday,2,39
17,5.286134647163143,18.557767923369898,2,Sunday,0,2025-08-31,Sunday,2,39
16,22.71925416441668,9.613988108490997,2,Sunday,0,2025-08-31,Sunday,2,39
17,9.679229093548276,14.133041320547227,2,Sunday,0,2025-08-31,Sunday,2,39
14,9.748703829903212,23.661887463072052,2,Sunday,0,2025-08-31,Sunday,2,39
17,16.719857264012468,15.151695825976917,2,Sunday,0,2025-08-31,Sunday,2,39
1,16.696720413935974,5.137185213444334,2,Sunday,0,2025-08-31,Sunday,2,39
17,15.433443256697636,13.652891295056524,2,Sunday,0,2025-08-31,Sunday,2,39
8,4.803661402264817,3.2319638366043746,2,Sunday,0,2025-08-31,Sunday,2,39
15,14.300482304934683,18.07209261135798,2,Sunday,0,2025-08-31,Sunday,2,39
0,9.320426913039253,19.70832454847272,2,Sunday,0,2025-08-31,Sunday,2,39
21,6.4095907533288665,24.471063045742138,2,Sunday,0,2025-08-31,Sunday,2,39
16,17.7334712377652,15.187930738599805,2,Sunday,0,2025-08-31,Sunday,2,39
19,3.2471428675474203,38.55465209242716,2,Sunday,0,2025-08-31,Sunday,2,39
21,2.4736902606061104,15.894227417421597,2,Sunday,0,2025-08-31,Sunday,2,39
14,14.106861432320276,12.140859482647413,2,Sunday,0,2025-08-31,Sunday,2,39
16,4.551673401677554,20.166036555309017,2,Sunday,0,2025-08-31,Sunday,2,39
18,18.80555448690378,6.793741528333062,2,Sunday,0,2025-08-31,Sunday,2,39
9,2.2510219124686146,6.307163286675465,2,Sunday,0,2025-08-31,Sunday,2,39
18,12.105663519283564,17.86638103174692,2,Sunday,0,2025-08-31,Sunday,2,39
19,17.68326164153929,14.206339423617965,2,Sunday,0,2025-08-31,Sunday,2,39
15,15.568587122741764,10.22202189671504,2,Sunday,0,2025-08-31,Sunday,2,39
17,17.42093324288103,13.337677692224668,2,Sunday,0,2025-08-31,Sunday,2,39
19,9.604804906979936,4.140037040899307,2,Sunday,0,2025-08-31,Sunday,2,39
16,8.67413890487818,20.159776128650957,2,Sunday,0,2025-08-31,Sunday,2,39
17,18.687560843742645,5.593951557663024,2,Sunday,0,2025-08-31,Sunday,2,39
13,2.58688112582474,7.233020426815952,2,Sunday,0,2025-08-31,Sunday,2,39
16,19.560449693201143,38.99868806721895,2,Sunday,0,2025-09-07,Sunday,2,38
19,3.780651189069598,14.681600692637055,2,Sunday,0,2025-09-07,Sunday,2,38
17,11.754415634804854,19.948106718374895,2,Sunday,0,2025-09-07,Sunday,2,38
18,11.99922432377262,4.724297727334282,2,Sunday,0,2025-09-07,Sunday,2,38
21,14.472563076081027,10.2201758983904,2,Sunday,0,2025-09-07,Sunday,2,38
16,2.4170074221713724,4.966680116634611,2,Sunday,0,2025-09-07,Sunday,2,38
13,3.0683758179675378,10.188354279693279,2,Sunday,0,2025-09-07,Sunday,2,38
19,14.845348571703006,36.745256085911464,2,Sunday,0,2025-09-07,Sunday,2,38
23,11.940335013049495,43.880568875017005,2,Sunday,0,2025-09-07,Sunday,2,38
23,4.1857695521918,8.40043155272759,2,Sunday,0,2025-09-07,Sunday,2,38
14,5.961007313992278,13.538745392415132,2,Sunday,0,2025-09-07,Sunday,2,38
16,7.286552997148037,15.901660002906661,2,Sunday,0,2025-09-07,Sunday,2,38
18,15.731779326652656,3.395409172750899,2,Sunday,0,2025-09-07,Sunday,2,38
19,11.710828634996403,10.60217430144953,2,Sunday,0,2025-09-07,Sunday,2,38
20,12.690389138955705,5.362784265702425,2,Sunday,0,2025-09-07,Sunday,2,38
6,2.3127520185661643,8.96741540038952,2,Sunday,0,2025-09-07,Sunday,2,38
20,3.8750881376900095,7.032312976632457,2,Sunday,0,2025-09-07,Sunday,2,38
15,12.608707300503283,6.22061631675345,2,Sunday,0,2025-09-07,Sunday,2,38
18,13.37262067444739,12.259000574012276,2,Sunday,0,2025-09-07,Sunday,2,38
11,14.901566429400606,29.08914872645879,2,Sunday,0,2025-09-07,Sunday,2,38
16,14.313462356926763,6.971035459935992,2,Sunday,0,2025-09-07,Sunday,2,38
21,14.496851595904602,20.385444088965915,2,Sunday,0,2025-09-07,Sunday,2,38
21,37.14036174910459,42.33126883745777,2,Sunday,0,2025-09-07,Sunday,2,38
20,11.951692481088234,9.174977743827636,2,Sunday,0,2025-09-07,Sunday,2,38
17,10.334253545768423,8.747695150951323,2,Sunday,0,2025-09-07,Sunday,2,38
18,13.208946335593609,25.645528675961913,2,Sunday,0,2025-09-07,Sunday,2,38
18,14.606850632624102,7.282922555733639,2,Sunday,0,2025-09-07,Sunday,2,38
23,10.389266235574603,4.637091703729145,2,Sunday,0,2025-09-07,Sunday,2,38
21,9.80313201706752,7.708858737376526,2,Sunday,0,2025-09-07,Sunday,2,38
21,10.479691008943174,15.219657949144848,2,Sunday,0,2025-09-07,Sunday,2,38
18,5.818137584621665,8.205681428225676,2,Sunday,0,2025-09-07,Sunday,2,38
13,16.448894658569458,31.780935133262027,2,Sunday,0,2025-09-07,Sunday,2,38
15,24.669828914933273,4.722363327570757,2,Sunday,0,2025-09-07,Sunday,2,38
17,4.565976915729073,4.713876770267607,2,Sunday,0,2025-09-07,Sunday,2,38
17,11.398555938546536,4.645804506557732,2,Sunday,0,2025-09-07,Sunday,2,38
22,8.587128939368455,19.99797183333541,2,Sunday,0,2025-09-07,Sunday,2,38
4,63.20081099336948,21.918397090671693,2,Sunday,0,2025-09-07,Sunday,2,38
18,9.405458885075566,17.155118078613622,2,Sunday,0,2025-09-07,Sunday,2,38
15,13.955260746000896,6.379478015120176,2,Mon-Th,0,2025-06-23,Mon-Th,2,41
0,3.544720769103826,12.702506218844007,2,Mon-Th,0,2025-06-23,Mon-Th,2,41
23,12.149208147183664,4.442943795685553,2,Mon-Th,0,2025-06-23,Mon-Th,2,41
22,7.199008660838075,16.735943761317685,2,Mon-Th,0,2025-06-23,Mon-Th,2,41
22,13.768320426386026,18.38379525141916,2,Mon-Th,0,2025-06-23,Mon-Th,2,41
20,28.700557963570485,18.97846862868688,2,Mon-Th,0,2025-06-23,Mon-Th,2,41
14,18.874385070027838,17.88377238951649,2,Mon-Th,0,2025-06-23,Mon-Th,2,41
9,2.3467873765385248,19.66421093235802,2,Mon-Th,0,2025-06-23,Mon-Th,2,41
8,2.2541233436407206,3.2799224754719383,2,Mon-Th,0,2025-06-23,Mon-Th,2,41
19,15.981839545696243,6.369260289245799,2,Mon-Th,0,2025-06-23,Mon-Th,2,41
15,31.967262794022663,3.615150207327054,2,Mon-Th,0,2025-06-23,Mon-Th,2,41
15,17.588544457068075,15.045416080481433,2,Mon-Th,0,2025-06-23,Mon-Th,2,41
17,2.6102728880767674,2.517221346069663,2,Mon-Th,0,2025-06-23,Mon-Th,2,41
19,11.351669980788998,15.774134252895127,2,Mon-Th,0,2025-06-23,Mon-Th,2,41
19,2.587070049236968,7.263832825780333,2,Mon-Th,0,2025-06-23,Mon-Th,2,41
20,12.188588279635177,12.900286696381515,2,Mon-Th,0,2025-06-23,Mon-Th,2,41
21,15.188379127076722,10.790727606209366,2,Mon-Th,0,2025-06-23,Mon-Th,2,41
13,19.59538259187072,17.37206287348469,2,Mon-Th,0,2025-06-23,Mon-Th,2,41
13,10.754980183403582,12.840850895658761,2,Mon-Th,0,2025-06-23,Mon-Th,2,41
7,74.3786684866314,1.283926126136798,2,Mon-Th,0,2025-06-23,Mon-Th,2,41
17,16.51151678808699,21.694073603019245,2,Mon-Th,0,2025-06-23,Mon-Th,2,41
18,15.157767269467882,5.1105749924389245,2,Mon-Th,0,2025-06-23,Mon-Th,2,41
21,10.173437672022157,20.215149718859156,2,Mon-Th,0,2025-06-23,Mon-Th,2,41
15,5.790078356881128,11.00764168384074,2,Mon-Th,0,2025-06-23,Mon-Th,2,41
19,10.361517731712652,11.06051545402678,2,Mon-Th,0,2025-06-23,Mon-Th,2,41
19,6.608808489570628,44.97287706474048,2,Mon-Th,0,2025-06-23,Mon-Th,2,41
21,8.210591721889884,9.011519022266198,2,Mon-Th,0,2025-06-23,Mon-Th,2,41
13,16.30301624344713,5.821660828526186,2,Mon-Th,0,2025-06-23,Mon-Th,2,41
16,3.555885217335047,6.700996159216818,2,Mon-Th,0,2025-06-23,Mon-Th,2,41
20,10.25099134413577,6.340818407807997,2,Mon-Th,0,2025-06-23,Mon-Th,2,41
20,25.301629258020803,15.78537529299088,2,Mon-Th,0,2025-06-23,Mon-Th,2,41
12,6.086576495044954,23.492810251783858,2,Mon-Th,0,2025-06-23,Mon-Th,2,41
16,6.726219305210725,25.224479130374768,2,Mon-Th,0,2025-06-23,Mon-Th,2,41
18,14.631867686431342,5.087825204911908,2,Mon-Th,0,2025-06-23,Mon-Th,2,41
21,14.054539414998729,30.525621924865145,2,Mon-Th,0,2025-06-23,Mon-Th,2,41
15,2.4217954678120965,5.494518964469128,2,Mon-Th,0,2025-06-23,Mon-Th,2,41
18,3.3410594022629496,5.031104122909223,2,Mon-Th,0,2025-06-23,Mon-Th,2,41
16,15.075455867204848,7.013828367132176,2,Mon-Th,0,2025-06-23,Mon-Th,2,41
20,8.521886140915244,21.97766416516035,2,Mon-Th,0,2025-06-23,Mon-Th,2,41
17,13.160076277844393,17.426724023006155,2,Mon-Th,0,2025-06-23,Mon-Th,2,41
21,4.465981376177037,6.303862204647863,2,Mon-Th,0,2025-06-23,Mon-Th,2,41
14,12.047925766379095,11.284111251787353,2,Mon-Th,0,2025-06-24,Mon-Th,2,49
14,10.916940837647246,4.181563167518552,2,Mon-Th,0,2025-06-24,Mon-Th,2,49
0,37.60684547112523,4.724484356426464,2,Mon-Th,0,2025-06-24,Mon-Th,2,49
19,3.394355609489596,4.378470585065275,2,Mon-Th,0,2025-06-24,Mon-Th,2,49
12,6.42483699188536,7.79428732504776,2,Mon-Th,0,2025-06-24,Mon-Th,2,49
18,7.094246923646623,8.962715314051815,2,Mon-Th,0,2025-06-24,Mon-Th,2,49
20,13.083060534416955,6.79561691402808,2,Mon-Th,0,2025-06-24,Mon-Th,2,49
22,11.490661227030639,7.431060702153678,2,Mon-Th,0,2025-06-24,Mon-Th,2,49
21,6.578276537979821,2.544502012716774,2,Mon-Th,0,2025-06-24,Mon-Th,2,49
11,11.917478974351837,11.829875573660516,2,Mon-Th,0,2025-06-24,Mon-Th,2,49
17,15.353866097826103,41.62141362384941,2,Mon-Th,0,2025-06-24,Mon-Th,2,49
19,14.400805172355756,8.638994073332482,2,Mon-Th,0,2025-06-24,Mon-Th,2,49
23,9.933519802307496,19.310060608524385,2,Mon-Th,0,2025-06-24,Mon-Th,2,49
16,38.505444574742796,15.432458669687279,2,Mon-Th,0,2025-06-24,Mon-Th,2,49
9,5.5718046841607585,4.803534781675833,2,Mon-Th,0,2025-06-24,Mon-Th,2,49
14,20.53220591750862,3.8335353977524598,2,Mon-Th,0,2025-06-24,Mon-Th,2,49
21,14.014171000219044,6.423662351327025,2,Mon-Th,0,2025-06-24,Mon-Th,2,49
20,8.958500230035884,6.655366024313668,2,Mon-Th,0,2025-06-24,Mon-Th,2,49
14,3.139323604185042,6.6480435628727,2,Mon-Th,0,2025-06-24,Mon-Th,2,49
13,3.4905495739494574,6.334002691490298,2,Mon-Th,0,2025-06-24,Mon-Th,2,49
8,7.5612172010824965,14.802197822076387,2,Mon-Th,0,2025-06-24,Mon-Th,2,49
17,14.934036533187339,8.591005566991923,2,Mon-Th,0,2025-06-24,Mon-Th,2,49
14,14.058150249474139,14.158682519246884,2,Mon-Th,0,2025-06-24,Mon-Th,2,49
20,10.657253824635006,8.162325328971285,2,Mon-Th,0,2025-06-24,Mon-Th,2,49
17,2.4242337654824597,9.291369196387514,2,Mon-Th,0,2025-06-24,Mon-Th,2,49
14,3.4049602170707622,8.524909442611497,2,Mon-Th,0,2025-06-24,Mon-Th,2,49
16,7.74567191232329,24.748793634724343,2,Mon-Th,0,2025-06-24,Mon-Th,2,49
19,14.484813641162336,8.289963315650377,2,Mon-Th,0,2025-06-24,Mon-Th,2,49
19,10.782068927093988,12.998241399600749,2,Mon-Th,0,2025-06-24,Mon-Th,2,49
23,19.242290639886956,15.873057910637884,2,Mon-Th,0,2025-06-24,Mon-Th,2,49
20,12.056697754619513,11.102082731989844,2,Mon-Th,0,2025-06-24,Mon-Th,2,49
12,3.9126944921104596,12.777119106839923,2,Mon-Th,0,2025-06-24,Mon-Th,2,49
21,10.274775333382934,9.559900731659237,2,Mon-Th,0,2025-06-24,Mon-Th,2,49
10,2.9322045150619687,8.427538634508528,2,Mon-Th,0,2025-06-24,Mon-Th,2,49
21,9.83040124381391,46.04327875734392,2,Mon-Th,0,2025-06-24,Mon-Th,2,49
21,10.096703888622304,3.018399197750248,2,Mon-Th,0,2025-06-24,Mon-Th,2,49
22,8.585771166251822,10.522574310887078,2,Mon-Th,0,2025-06-24,Mon-Th,2,49
20,10.844323292749454,8.07902599982042,2,Mon-Th,0,2025-06-24,Mon-Th,2,49
9,4.5151277050488385,7.277836115684307,2,Mon-Th,0,2025-06-24,Mon-Th,2,49
22,10.875500026621264,8.412552735976178,2,Mon-Th,0,2025-06-24,Mon-Th,2,49
20,14.443770637825896,23.73155156517414,2,Mon-Th,0,2025-06-24,Mon-Th,2,49
18,4.355500307713303,22.54805723886759,2,Mon-Th,0,2025-06-24,Mon-Th,2,49
22,9.587069732750543,10.03139104063638,2,Mon-Th,0,2025-06-24,Mon-Th,2,49
22,6.005060304890163,22.125551051064633,2,Mon-Th,0,2025-06-24,Mon-Th,2,49
14,6.368105542762318,4.9001940989362724,2,Mon-Th,0,2025-06-24,Mon-Th,2,49
12,4.382176835641923,1.488503872841078,2,Mon-Th,0,2025-06-24,Mon-Th,2,49
23,4.5007936582944845,7.843740809120615,2,Mon-Th,0,2025-06-24,Mon-Th,2,49
15,25.699052905019656,9.900020818649637,2,Mon-Th,0,2025-06-24,Mon-Th,2,49
19,14.783830484109803,34.92263892228833,2,Mon-Th,0,2025-06-24,Mon-Th,2,49
11,4.080631946807196,5.205934963761603,2,Mon-Th,0,2025-06-25,Mon-Th,2,51
17,15.404371645431482,8.100003696046976,2,Mon-Th,0,2025-06-25,Mon-Th,2,51
21,14.58860951976422,12.787441058106735,2,Mon-Th,0,2025-06-25,Mon-Th,2,51
15,14.60959452624516,14.106165075161854,2,Mon-Th,0,2025-06-25,Mon-Th,2,51
3,3.938392662687971,4.8958323222690145,2,Mon-Th,0,2025-06-25,Mon-Th,2,51
19,17.588046303343827,12.115619008024991,2,Mon-Th,0,2025-06-25,Mon-Th,2,51
16,17.948218043026056,8.697836904379685,2,Mon-Th,0,2025-06-25,Mon-Th,2,51
14,5.205840756604374,26.766336436809116,2,Mon-Th,0,2025-06-25,Mon-Th,2,51
16,3.611219796248532,9.649563007075004,2,Mon-Th,0,2025-06-25,Mon-Th,2,51
16,11.14982890645529,29.736832919118296,2,Mon-Th,0,2025-06-25,Mon-Th,2,51
15,5.0820526613109225,2.7411187377798036,2,Mon-Th,0,2025-06-25,Mon-Th,2,51
19,3.733903046238554,5.044344286538184,2,Mon-Th,0,2025-06-25,Mon-Th,2,51
15,3.7630325567333616,13.887367789285985,2,Mon-Th,0,2025-06-25,Mon-Th,2,51
15,10.6099206244727,7.8434201548426765,2,Mon-Th,0,2025-06-25,Mon-Th,2,51
22,11.745039051038841,19.248635266593357,2,Mon-Th,0,2025-06-25,Mon-Th,2,51
23,6.7477692744753845,1.808600406230208,2,Mon-Th,0,2025-06-25,Mon-Th,2,51
19,12.252380796881923,9.560400893114481,2,Mon-Th,0,2025-06-25,Mon-Th,2,51
16,45.49193692788462,5.309549911492057,2,Mon-Th,0,2025-06-25,Mon-Th,2,51
18,8.1038632763244,4.770425854143517,2,Mon-Th,0,2025-06-25,Mon-Th,2,51
19,15.371530522783733,9.47016824647756,2,Mon-Th,0,2025-06-25,Mon-Th,2,51
19,12.660578340862084,2.6471012885419336,2,Mon-Th,0,2025-06-25,Mon-Th,2,51
18,10.328160896874703,38.11263051887164,2,Mon-Th,0,2025-06-25,Mon-Th,2,51
16,25.327966035086764,19.034664381970526,2,Mon-Th,0,2025-06-25,Mon-Th,2,51
12,2.6603964839113803,20.304171857962135,2,Mon-Th,0,2025-06-25,Mon-Th,2,51
15,20.034429437760515,2.7489744700287524,2,Mon-Th,0,2025-06-25,Mon-Th,2,51
22,12.205974814684609,7.4221167290144585,2,Mon-Th,0,2025-06-25,Mon-Th,2,51
16,3.470996651029405,5.211734845741687,2,Mon-Th,0,2025-06-25,Mon-Th,2,51
18,7.121640009243072,11.882789922063907,2,Mon-Th,0,2025-06-25,Mon-Th,2,51
18,17.333367609235005,26.547726836300743,2,Mon-Th,0,2025-06-25,Mon-Th,2,51
16,2.661605387735589,9.271647483710924,2,Mon-Th,0,2025-06-25,Mon-Th,2,51
17,12.86302823458432,39.44861618787728,2,Mon-Th,0,2025-06-25,Mon-Th,2,51
18,12.942245338910162,9.138201739663998,2,Mon-Th,0,2025-06-25,Mon-Th,2,51
23,8.353484443156862,21.756259303059608,2,Mon-Th,0,2025-06-25,Mon-Th,2,51
21,13.749409888488465,19.21940628729641,2,Mon-Th,0,2025-06-25,Mon-Th,2,51
20,19.889246327815513,6.802873693610651,2,Mon-Th,0,2025-06-25,Mon-Th,2,51
14,9.381643922284475,21.288878837056547,2,Mon-Th,0,2025-06-25,Mon-Th,2,51
17,36.14119168761956,5.248736051929542,2,Mon-Th,0,2025-06-25,Mon-Th,2,51
22,8.698083065816835,12.84822190030876,2,Mon-Th,0,2025-06-25,Mon-Th,2,51
20,16.1364828259166,9.514579054072453,2,Mon-Th,0,2025-06-25,Mon-Th,2,51
9,2.5006202242370286,23.40111502857762,2,Mon-Th,0,2025-06-25,Mon-Th,2,51
22,9.48349142524198,8.36899976803816,2,Mon-Th,0,2025-06-25,Mon-Th,2,51
17,14.297861571571907,11.778155296699433,2,Mon-Th,0,2025-06-25,Mon-Th,2,51
20,3.970458608454532,1.60926974212085,2,Mon-Th,0,2025-06-25,Mon-Th,2,51
21,27.1443448790621,14.749356455666279,2,Mon-Th,0,2025-06-25,Mon-Th,2,51
16,10.419774731465267,4.777611861948152,2,Mon-Th,0,2025-06-25,Mon-Th,2,51
16,14.156826284980284,6.033416082025179,2,Mon-Th,0,2025-06-25,Mon-Th,2,51
20,14.05079501861006,16.685368454875594,2,Mon-Th,0,2025-06-25,Mon-Th,2,51
17,14.101606215146077,7.818541487781608,2,Mon-Th,0,2025-06-25,Mon-Th,2,51
23,9.575727961232175,12.968110437236147,2,Mon-Th,0,2025-06-25,Mon-Th,2,51
17,11.716894402735875,3.188901090912622,2,Mon-Th,0,2025-06-25,Mon-Th,2,51
18,10.006860817124828,9.365091181558597,2,Mon-Th,0,2025-06-25,Mon-Th,2,51
19,53.463664874184474,3.246961428663214,2,Mon-Th,0,2025-06-26,Mon-Th,2,45
14,2.903923259918288,5.2872388103490975,2,Mon-Th,0,2025-06-26,Mon-Th,2,45
20,11.340450362001576,7.742782984754596,2,Mon-Th,0,2025-06-26,Mon-Th,2,45
17,12.727938715340034,6.373521064190844,2,Mon-Th,0,2025-06-26,Mon-Th,2,45
20,12.000982691178987,29.589831982548244,2,Mon-Th,0,2025-06-26,Mon-Th,2,45
15,13.82212615222296,6.866160869347038,2,Mon-Th,0,2025-06-26,Mon-Th,2,45
14,5.761356100842942,20.74027044526384,2,Mon-Th,0,2025-06-26,Mon-Th,2,45
18,17.45293607436803,5.7053849329783715,2,Mon-Th,0,2025-06-26,Mon-Th,2,45
23,10.999041160618795,8.07917021283595,2,Mon-Th,0,2025-06-26,Mon-Th,2,45
20,3.4214698197746642,10.40650289153568,2,Mon-Th,0,2025-06-26,Mon-Th,2,45
13,2.663138599291138,9.7854015455588,2,Mon-Th,0,2025-06-26,Mon-Th,2,45
16,9.961124786398248,13.18277350762352,2,Mon-Th,0,2025-06-26,Mon-Th,2,45
19,13.125545596038219,12.076897196300932,2,Mon-Th,0,2025-06-26,Mon-Th,2,45
0,8.97504982111082,8.345217904215657,2,Mon-Th,0,2025-06-26,Mon-Th,2,45
17,6.076767894387813,6.708399155806975,2,Mon-Th,0,2025-06-26,Mon-Th,2,45
13,8.244698985444993,18.232539891273117,2,Mon-Th,0,2025-06-26,Mon-Th,2,45
10,4.25897847004661,5.890384963109045,2,Mon-Th,0,2025-06-26,Mon-Th,2,45
0,7.2185525282640475,11.524929330907929,2,Mon-Th,0,2025-06-26,Mon-Th,2,45
20,12.444896442393748,3.7626081680807797,2,Mon-Th,0,2025-06-26,Mon-Th,2,45
20,15.253177562988913,3.7275703410055563,2,Mon-Th,0,2025-06-26,Mon-Th,2,45
21,12.16209566310705,6.291792178662906,2,Mon-Th,0,2025-06-26,Mon-Th,2,45
18,14.572956006114609,13.730381893589684,2,Mon-Th,0,2025-06-26,Mon-Th,2,45
19,6.174007587848569,18.65329597828687,2,Mon-Th,0,2025-06-26,Mon-Th,2,45
23,17.434170016303554,5.493090793899549,2,Mon-Th,0,2025-06-26,Mon-Th,2,45
20,15.190555740152899,6.463695311596417,2,Mon-Th,0,2025-06-26,Mon-Th,2,45
21,20.783504068572967,7.036803899856956,2,Mon-Th,0,2025-06-26,Mon-Th,2,45
19,13.449200918067579,5.403322830186734,2,Mon-Th,0,2025-06-26,Mon-Th,2,45
20,23.499952588290107,4.741829881947372,2,Mon-Th,0,2025-06-26,Mon-Th,2,45
23,8.711408141240101,14.139773688039021,2,Mon-Th,0,2025-06-26,Mon-Th,2,45
17,15.447261080556878,9.954068902561245,2,Mon-Th,0,2025-06-26,Mon-Th,2,45
15,24.452843815600925,85.55747466407428,2,Mon-Th,0,2025-06-26,Mon-Th,2,45
12,3.402202956086673,5.239636718518175,2,Mon-Th,0,2025-06-26,Mon-Th,2,45
20,12.842780912269799,10.562707588490667,2,Mon-Th,0,2025-06-26,Mon-Th,2,45
23,14.14702050445749,11.900556549056581,2,Mon-Th,0,2025-06-26,Mon-Th,2,45
20,13.375113317870696,12.212156673237265,2,Mon-Th,0,2025-06-26,Mon-Th,2,45
11,8.614552382298207,24.48153909451059,2,Mon-Th,0,2025-06-26,Mon-Th,2,45
12,6.761967706262062,18.83487060352139,2,Mon-Th,0,2025-06-26,Mon-Th,2,45
23,32.02578209438224,37.206146342834316,2,Mon-Th,0,2025-06-26,Mon-Th,2,45
18,5.516589853536514,14.04548576433524,2,Mon-Th,0,2025-06-26,Mon-Th,2,45
12,13.890855183139486,4.164567615435648,2,Mon-Th,0,2025-06-26,Mon-Th,2,45
13,4.080522460589196,26.920721438702742,2,Mon-Th,0,2025-06-26,Mon-Th,2,45
16,6.039124236201981,8.28368472772467,2,Mon-Th,0,2025-06-26,Mon-Th,2,45
21,10.678130700137224,35.305922312990496,2,Mon-Th,0,2025-06-26,Mon-Th,2,45
19,9.579907261341543,10.387263221258099,2,Mon-Th,0,2025-06-26,Mon-Th,2,45
22,14.55660489320503,8.941634485837534,2,Mon-Th,0,2025-06-26,Mon-Th,2,45
19,5.722797270944298,11.100021149750727,2,Mon-Th,0,2025-06-30,Mon-Th,2,46
16,5.064352575292249,16.08366455141776,2,Mon-Th,0,2025-06-30,Mon-Th,2,46
20,11.270084446429045,16.79681045987068,2,Mon-Th,0,2025-06-30,Mon-Th,2,46
12,2.9357809353269393,7.459240231733758,2,Mon-Th,0,2025-06-30,Mon-Th,2,46
17,56.19433021285946,1.2586147391708566,2,Mon-Th,0,2025-06-30,Mon-Th,2,46
16,6.269857154036367,19.78788908393263,2,Mon-Th,0,2025-06-30,Mon-Th,2,46
17,2.905701048225872,7.316751477072675,2,Mon-Th,0,2025-06-30,Mon-Th,2,46
17,16.262236566429547,6.167512436651453,2,Mon-Th,0,2025-06-30,Mon-Th,2,46
13,2.7518682555091294,3.305698818065764,2,Mon-Th,0,2025-06-30,Mon-Th,2,46
18,13.304423107325526,4.386804130398937,2,Mon-Th,0,2025-06-30,Mon-Th,2,46
15,14.739423387678883,18.50541216519159,2,Mon-Th,0,2025-06-30,Mon-Th,2,46
17,20.471180922506502,38.882247392404054,2,Mon-Th,0,2025-06-30,Mon-Th,2,46
18,11.442157478962642,10.41546619468016,2,Mon-Th,0,2025-06-30,Mon-Th,2,46
18,13.677776774927121,3.8600476491187994,2,Mon-Th,0,2025-06-30,Mon-Th,2,46
21,6.9744062467019186,16.09642341220063,2,Mon-Th,0,2025-06-30,Mon-Th,2,46
19,11.375901009580502,14.486766688288519,2,Mon-Th,0,2025-06-30,Mon-Th,2,46
16,12.623044855723723,8.237653585396295,2,Mon-Th,0,2025-06-30,Mon-Th,2,46
15,8.87135515506046,13.245603221642542,2,Mon-Th,0,2025-06-30,Mon-Th,2,46
18,17.87016754256096,2.9445045522386115,2,Mon-Th,0,2025-06-30,Mon-Th,2,46
23,12.080816359433697,2.7221500994211976,2,Mon-Th,0,2025-06-30,Mon-Th,2,46
20,5.600341148340231,6.785668040016072,2,Mon-Th,0,2025-06-30,Mon-Th,2,46
15,22.84606690640288,8.670342183248701,2,Mon-Th,0,2025-06-30,Mon-Th,2,46
21,11.327133363545546,3.1225907598031473,2,Mon-Th,0,2025-06-30,Mon-Th,2,46
22,10.719068607665076,17.97251874858852,2,Mon-Th,0,2025-06-30,Mon-Th,2,46
19,9.251729202080307,9.169750305201045,2,Mon-Th,0,2025-06-30,Mon-Th,2,46
18,12.312438205874884,4.2229460308652484,2,Mon-Th,0,2025-06-30,Mon-Th,2,46
23,3.5638109932803754,6.224144708957737,2,Mon-Th,0,2025-06-30,Mon-Th,2,46
14,4.503251424981925,7.464105379140823,2,Mon-Th,0,2025-06-30,Mon-Th,2,46
15,11.993799099227573,2.275188926192638,2,Mon-Th,0,2025-06-30,Mon-Th,2,46
20,18.06157725393634,9.75555018949081,2,Mon-Th,0,2025-06-30,Mon-Th,2,46
18,14.214505294615812,9.005303359964033,2,Mon-Th,0,2025-06-30,Mon-Th,2,46
22,11.215143536558408,13.89507519457427,2,Mon-Th,0,2025-06-30,Mon-Th,2,46
1,3.9106611699610334,10.164457458959513,2,Mon-Th,0,2025-06-30,Mon-Th,2,46
20,11.49471312084334,29.030970502742026,2,Mon-Th,0,2025-06-30,Mon-Th,2,46
17,2.1818932755340343,6.936369834226115,2,Mon-Th,0,2025-06-30,Mon-Th,2,46
4,5.749509733124778,23.942419058749653,2,Mon-Th,0,2025-06-30,Mon-Th,2,46
2,6.571870264077012,5.779954244219428,2,Mon-Th,0,2025-06-30,Mon-Th,2,46
17,11.012879572939752,8.941359956227638,2,Mon-Th,0,2025-06-30,Mon-Th,2,46
17,20.037144909841587,10.616944707321728,2,Mon-Th,0,2025-06-30,Mon-Th,2,46
12,19.2127187290378,11.13124567426787,2,Mon-Th,0,2025-06-30,Mon-Th,2,46
16,20.584687659596636,34.47814496770566,2,Mon-Th,0,2025-06-30,Mon-Th,2,46
18,17.456730305302457,5.431661159342276,2,Mon-Th,0,2025-06-30,Mon-Th,2,46
16,16.084643755166713,42.559336778009225,2,Mon-Th,0,2025-06-30,Mon-Th,2,46
20,13.55732575764258,10.323921566597466,2,Mon-Th,0,2025-06-30,Mon-Th,2,46
17,5.413326825234755,0.9579855308601153,2,Mon-Th,0,2025-06-30,Mon-Th,2,46
16,15.146205453692673,23.17674503868935,2,Mon-Th,0,2025-06-30,Mon-Th,2,46
16,16.89159286700877,3.9556409098540204,2,Mon-Th,0,2025-07-01,Mon-Th,2,41
22,11.245061582121515,4.744624731846084,2,Mon-Th,0,2025-07-01,Mon-Th,2,41
12,12.59610461136684,2.2288264760593286,2,Mon-Th,0,2025-07-01,Mon-Th,2,41
16,15.979638204605202,18.218530757186684,2,Mon-Th,0,2025-07-01,Mon-Th,2,41
16,19.336462210685838,9.931185597984744,2,Mon-Th,0,2025-07-01,Mon-Th,2,41
19,8.992578732701567,11.896895018978269,2,Mon-Th,0,2025-07-01,Mon-Th,2,41
7,5.455048187646021,10.374510846457893,2,Mon-Th,0,2025-07-01,Mon-Th,2,41
19,13.52698963542693,9.369788088949901,2,Mon-Th,0,2025-07-01,Mon-Th,2,41
14,3.659873032581104,27.90566680539764,2,Mon-Th,0,2025-07-01,Mon-Th,2,41
16,14.58799098466185,7.117440406123549,2,Mon-Th,0,2025-07-01,Mon-Th,2,41
14,5.849622045234045,5.115027307184679,2,Mon-Th,0,2025-07-01,Mon-Th,2,41
20,6.904874669466531,22.521889456088186,2,Mon-Th,0,2025-07-01,Mon-Th,2,41
19,17.509292845973235,25.361532054280534,2,Mon-Th,0,2025-07-01,Mon-Th,2,41
19,6.083908702648831,4.157166655556597,2,Mon-Th,0,2025-07-01,Mon-Th,2,41
17,16.980420975831844,42.40039894984164,2,Mon-Th,0,2025-07-01,Mon-Th,2,41
13,15.7881062213187,30.207256740447363,2,Mon-Th,0,2025-07-01,Mon-Th,2,41
21,7.767249402360324,11.533202216071938,2,Mon-Th,0,2025-07-01,Mon-Th,2,41
17,13.7702565761182,12.15450541688459,2,Mon-Th,0,2025-07-01,Mon-Th,2,41
21,15.954986903710381,24.502109134307506,2,Mon-Th,0,2025-07-01,Mon-Th,2,41
17,19.993739283735035,12.536874291813227,2,Mon-Th,0,2025-07-01,Mon-Th,2,41
17,10.972594489098519,18.794938631364364,2,Mon-Th,0,2025-07-01,Mon-Th,2,41
22,11.235150277920763,28.256428639860093,2,Mon-Th,0,2025-07-01,Mon-Th,2,41
0,14.487817526332261,9.44793795664273,2,Mon-Th,0,2025-07-01,Mon-Th,2,41
19,5.144136294684501,4.412526982650138,2,Mon-Th,0,2025-07-01,Mon-Th,2,41
21,10.855685882956774,12.801583053641869,2,Mon-Th,0,2025-07-01,Mon-Th,2,41
0,13.582944397658505,12.125323679922438,2,Mon-Th,0,2025-07-01,Mon-Th,2,41
6,32.238430941099814,22.835990349341596,2,Mon-Th,0,2025-07-01,Mon-Th,2,41
19,15.352276588083637,6.37595521700682,2,Mon-Th,0,2025-07-01,Mon-Th,2,41
0,5.080170101440752,10.07548440101238,2,Mon-Th,0,2025-07-01,Mon-Th,2,41
15,15.15659381821915,4.044048824308598,2,Mon-Th,0,2025-07-01,Mon-Th,2,41
23,8.076664567531742,25.55788908338135,2,Mon-Th,0,2025-07-01,Mon-Th,2,41
17,14.394402983806977,12.649007240198735,2,Mon-Th,0,2025-07-01,Mon-Th,2,41
20,13.541937614849722,5.645030605385383,2,Mon-Th,0,2025-07-01,Mon-Th,2,41
19,10.934512464422,10.278908276078338,2,Mon-Th,0,2025-07-01,Mon-Th,2,41
17,14.342488665547105,3.1857695059665563,2,Mon-Th,0,2025-07-01,Mon-Th,2,41
21,11.44225630465862,4.4199287734819235,2,Mon-Th,0,2025-07-01,Mon-Th,2,41
12,2.785842906825833,2.6155922347124685,2,Mon-Th,0,2025-07-01,Mon-Th,2,41
16,5.087362066418596,15.780270016144538,2,Mon-Th,0,2025-07-01,Mon-Th,2,41
17,4.945151731906831,11.876629752685973,2,Mon-Th,0,2025-07-01,Mon-Th,2,41
18,13.691666993444677,37.486155111356155,2,Mon-Th,0,2025-07-01,Mon-Th,2,41
22,11.05947932364153,15.150263289871814,2,Mon-Th,0,2025-07-01,Mon-Th,2,41
23,18.530573940851195,3.7138740619381245,2,Mon-Th,0,2025-07-02,Mon-Th,2,48
14,19.760099403993983,23.243116585287652,2,Mon-Th,0,2025-07-02,Mon-Th,2,48
19,12.543994878598035,9.42932830807523,2,Mon-Th,0,2025-07-02,Mon-Th,2,48
17,12.555968833776529,19.550845469478077,2,Mon-Th,0,2025-07-02,Mon-Th,2,48
19,9.055240650146212,9.011954805827216,2,Mon-Th,0,2025-07-02,Mon-Th,2,48
19,9.832569384894118,9.902704120307652,2,Mon-Th,0,2025-07-02,Mon-Th,2,48
14,2.102269831391941,5.966440486956844,2,Mon-Th,0,2025-07-02,Mon-Th,2,48
19,8.40068295190181,11.0316595196546,2,Mon-Th,0,2025-07-02,Mon-Th,2,48
18,14.14349295293296,5.038012564117184,2,Mon-Th,0,2025-07-02,Mon-Th,2,48
17,2.4898958763594523,24.063162166209285,2,Mon-Th,0,2025-07-02,Mon-Th,2,48
14,46.02839297906973,11.320749075370196,2,Mon-Th,0,2025-07-02,Mon-Th,2,48
17,14.523258663333603,23.217004428024598,2,Mon-Th,0,2025-07-02,Mon-Th,2,48
17,9.192861600395972,5.35592941005022,2,Mon-Th,0,2025-07-02,Mon-Th,2,48
19,12.49991280015021,3.878443662406175,2,Mon-Th,0,2025-07-02,Mon-Th,2,48
17,4.408419744172463,13.288275924108882,2,Mon-Th,0,2025-07-02,Mon-Th,2,48
13,2.9680594437265606,7.408661574954822,2,Mon-Th,0,2025-07-02,Mon-Th,2,48
20,14.201209012566395,1.164785457545016,2,Mon-Th,0,2025-07-02,Mon-Th,2,48
23,10.741615252428158,14.785643738634517,2,Mon-Th,0,2025-07-02,Mon-Th,2,48
17,6.218899887913012,4.279628594964626,2,Mon-Th,0,2025-07-02,Mon-Th,2,48
18,3.745839348117932,11.080214640713923,2,Mon-Th,0,2025-07-02,Mon-Th,2,48
16,28.48904970360169,10.43656892553052,2,Mon-Th,0,2025-07-02,Mon-Th,2,48
19,5.9398744355718085,10.844347291670282,2,Mon-Th,0,2025-07-02,Mon-Th,2,48
12,2.34465449169499,2.7321599916152515,2,Mon-Th,0,2025-07-02,Mon-Th,2,48
16,7.991320291455949,9.488216469385543,2,Mon-Th,0,2025-07-02,Mon-Th,2,48
18,27.486302658895525,5.953369530167974,2,Mon-Th,0,2025-07-02,Mon-Th,2,48
15,2.851126299923034,7.029428181405395,2,Mon-Th,0,2025-07-02,Mon-Th,2,48
16,22.364642048423978,23.82003460440046,2,Mon-Th,0,2025-07-02,Mon-Th,2,48
18,20.547697860322646,13.7634846188477,2,Mon-Th,0,2025-07-02,Mon-Th,2,48
17,2.323216770102039,8.028414369076396,2,Mon-Th,0,2025-07-02,Mon-Th,2,48
20,8.944210367237414,14.437523215283203,2,Mon-Th,0,2025-07-02,Mon-Th,2,48
17,19.82090500578894,50.032528430190396,2,Mon-Th,0,2025-07-02,Mon-Th,2,48
16,12.25535830673105,4.674174439941846,2,Mon-Th,0,2025-07-02,Mon-Th,2,48
16,14.781685640777223,6.705952981599197,2,Mon-Th,0,2025-07-02,Mon-Th,2,48
20,5.403726752582687,5.337087389244429,2,Mon-Th,0,2025-07-02,Mon-Th,2,48
17,7.756503608525679,7.58020204915742,2,Mon-Th,0,2025-07-02,Mon-Th,2,48
16,15.714241245789978,4.337869197740116,2,Mon-Th,0,2025-07-02,Mon-Th,2,48
17,17.032558239615256,9.307320420846686,2,Mon-Th,0,2025-07-02,Mon-Th,2,48
18,94.83499725325125,1.5589409329317405,2,Mon-Th,0,2025-07-02,Mon-Th,2,48
18,12.619549335127164,6.127808970635675,2,Mon-Th,0,2025-07-02,Mon-Th,2,48
17,12.78756638144457,13.985963468628208,2,Mon-Th,0,2025-07-02,Mon-Th,2,48
13,16.22330535104219,1.5834968290023876,2,Mon-Th,0,2025-07-02,Mon-Th,2,48
18,12.220202998330766,13.769751399452732,2,Mon-Th,0,2025-07-02,Mon-Th,2,48
15,19.634956798535704,5.989736670197198,2,Mon-Th,0,2025-07-02,Mon-Th,2,48
17,8.882458096620894,8.141574457189877,2,Mon-Th,0,2025-07-02,Mon-Th,2,48
16,11.716267040469294,23.711748313670732,2,Mon-Th,0,2025-07-02,Mon-Th,2,48
22,8.575919615857893,4.877941135806969,2,Mon-Th,0,2025-07-02,Mon-Th,2,48
19,9.741058964617544,2.509713356195806,2,Mon-Th,0,2025-07-02,Mon-Th,2,48
20,26.78665789010305,2.069734712158113,2,Mon-Th,0,2025-07-02,Mon-Th,2,48
20,6.458581344797908,23.686710152176737,2,Mon-Th,0,2025-07-03,Mon-Th,2,45
20,9.132361284186521,9.01608404701619,2,Mon-Th,0,2025-07-03,Mon-Th,2,45
18,9.869540540963623,7.7366450167358485,2,Mon-Th,0,2025-07-03,Mon-Th,2,45
20,12.119189494303452,5.673013675989746,2,Mon-Th,0,2025-07-03,Mon-Th,2,45
18,17.384215401381375,19.8613019467618,2,Mon-Th,0,2025-07-03,Mon-Th,2,45
19,12.566801680592214,4.924877685649452,2,Mon-Th,0,2025-07-03,Mon-Th,2,45
14,5.742955395011581,2.2872949388601724,2,Mon-Th,0,2025-07-03,Mon-Th,2,45
13,12.05492933871054,4.180984075471328,2,Mon-Th,0,2025-07-03,Mon-Th,2,45
19,2.396143941922468,7.318630459748744,2,Mon-Th,0,2025-07-03,Mon-Th,2,45
17,10.983994396854033,11.114293335000175,2,Mon-Th,0,2025-07-03,Mon-Th,2,45
17,16.66757414256907,39.350453699563985,2,Mon-Th,0,2025-07-03,Mon-Th,2,45
13,2.217658617250211,2.8778549334929107,2,Mon-Th,0,2025-07-03,Mon-Th,2,45
18,16.66936628598554,5.345558090827387,2,Mon-Th,0,2025-07-03,Mon-Th,2,45
20,13.838174204563241,3.430345493970763,2,Mon-Th,0,2025-07-03,Mon-Th,2,45
11,30.096865856601656,4.901313278621567,2,Mon-Th,0,2025-07-03,Mon-Th,2,45
23,6.585734474028348,7.514792922558359,2,Mon-Th,0,2025-07-03,Mon-Th,2,45
18,2.650786492221501,24.02632245228838,2,Mon-Th,0,2025-07-03,Mon-Th,2,45
18,36.608688937613174,11.174063701960726,2,Mon-Th,0,2025-07-03,Mon-Th,2,45
23,10.209707177341024,6.0947180110065275,2,Mon-Th,0,2025-07-03,Mon-Th,2,45
21,8.927089952898944,7.800464431166161,2,Mon-Th,0,2025-07-03,Mon-Th,2,45
20,9.463414687517142,9.56879369686998,2,Mon-Th,0,2025-07-03,Mon-Th,2,45
14,8.812215622013056,2.0791079764039795,2,Mon-Th,0,2025-07-03,Mon-Th,2,45
18,17.160600639833618,19.87866638820662,2,Mon-Th,0,2025-07-03,Mon-Th,2,45
23,11.163059255125258,14.042075952303497,2,Mon-Th,0,2025-07-03,Mon-Th,2,45
17,4.55110648492815,1.4320563598069915,2,Mon-Th,0,2025-07-03,Mon-Th,2,45
13,40.95884516418867,4.120517030756527,2,Mon-Th,0,2025-07-03,Mon-Th,2,45
18,12.067185060581668,12.41964737467498,2,Mon-Th,0,2025-07-03,Mon-Th,2,45
18,13.834541390995994,15.583547427157116,2,Mon-Th,0,2025-07-03,Mon-Th,2,45
16,11.556927905922883,17.081516431184802,2,Mon-Th,0,2025-07-03,Mon-Th,2,45
22,4.0194819730976015,10.509175109215981,2,Mon-Th,0,2025-07-03,Mon-Th,2,45
22,10.774199459158481,13.715033298469757,2,Mon-Th,0,2025-07-03,Mon-Th,2,45
15,3.681962202003939,5.882146922836476,2,Mon-Th,0,2025-07-03,Mon-Th,2,45
21,7.066382963189775,5.767898079337178,2,Mon-Th,0,2025-07-03,Mon-Th,2,45
12,12.784317611929438,10.466945186802612,2,Mon-Th,0,2025-07-03,Mon-Th,2,45
16,18.631711355571735,6.768127638180938,2,Mon-Th,0,2025-07-03,Mon-Th,2,45
16,9.001309189501416,5.217629411896534,2,Mon-Th,0,2025-07-03,Mon-Th,2,45
17,14.35275102865208,6.597895609417975,2,Mon-Th,0,2025-07-03,Mon-Th,2,45
19,16.112985295859836,7.414591137191757,2,Mon-Th,0,2025-07-03,Mon-Th,2,45
13,9.356047886275373,7.12965296274874,2,Mon-Th,0,2025-07-03,Mon-Th,2,45
19,16.1515402363771,15.978944033441687,2,Mon-Th,0,2025-07-03,Mon-Th,2,45
18,18.61290944117196,19.16565964982651,2,Mon-Th,0,2025-07-03,Mon-Th,2,45
16,44.96486124940972,16.26428006426104,2,Mon-Th,0,2025-07-03,Mon-Th,2,45
18,19.900578610805866,6.711910822107909,2,Mon-Th,0,2025-07-03,Mon-Th,2,45
18,13.865534113917061,16.56355064726885,2,Mon-Th,0,2025-07-03,Mon-Th,2,45
15,73.54792872588297,4.985709636125687,2,Mon-Th,0,2025-07-03,Mon-Th,2,45
15,28.136623513195378,1.7795450392319545,2,Mon-Th,0,2025-07-07,Mon-Th,2,47
9,4.279780086935107,12.307100291056706,2,Mon-Th,0,2025-07-07,Mon-Th,2,47
22,12.446160668683738,45.62632357066808,2,Mon-Th,0,2025-07-07,Mon-Th,2,47
22,11.198532490406851,12.296352735230036,2,Mon-Th,0,2025-07-07,Mon-Th,2,47
23,8.952528011503865,7.83204345411255,2,Mon-Th,0,2025-07-07,Mon-Th,2,47
12,10.665751432659103,3.5435402691360354,2,Mon-Th,0,2025-07-07,Mon-Th,2,47
13,14.858363271976412,17.86074462435397,2,Mon-Th,0,2025-07-07,Mon-Th,2,47
16,12.683304416000702,5.336390319326232,2,Mon-Th,0,2025-07-07,Mon-Th,2,47
21,13.788388842629328,6.111018997235093,2,Mon-Th,0,2025-07-07,Mon-Th,2,47
14,6.847304030610818,6.854535712168076,2,Mon-Th,0,2025-07-07,Mon-Th,2,47
16,13.221532068711564,10.795266672129163,2,Mon-Th,0,2025-07-07,Mon-Th,2,47
18,12.08575677079741,57.82563346657759,2,Mon-Th,0,2025-07-07,Mon-Th,2,47
16,13.827986326205853,10.292918762660523,2,Mon-Th,0,2025-07-07,Mon-Th,2,47
14,3.850624527766625,5.42423577555973,2,Mon-Th,0,2025-07-07,Mon-Th,2,47
21,8.923221070793266,5.912302877886062,2,Mon-Th,0,2025-07-07,Mon-Th,2,47
22,12.3174061529634,6.937557620935789,2,Mon-Th,0,2025-07-07,Mon-Th,2,47
14,15.720191180299619,26.026344145404845,2,Mon-Th,0,2025-07-07,Mon-Th,2,47
22,9.377050837712634,11.428123616971908,2,Mon-Th,0,2025-07-07,Mon-Th,2,47
15,5.979714937932886,9.454976586566339,2,Mon-Th,0,2025-07-07,Mon-Th,2,47
19,12.78469783078486,14.934994964645435,2,Mon-Th,0,2025-07-07,Mon-Th,2,47
22,13.279122889719893,13.27166667250346,2,Mon-Th,0,2025-07-07,Mon-Th,2,47
19,13.006221341171397,16.141083628866138,2,Mon-Th,0,2025-07-07,Mon-Th,2,47
16,11.522881732247075,9.389972576486755,2,Mon-Th,0,2025-07-07,Mon-Th,2,47
17,19.579051043419465,6.871738666343426,2,Mon-Th,0,2025-07-07,Mon-Th,2,47
12,28.685876380450278,8.741615010956918,2,Mon-Th,0,2025-07-07,Mon-Th,2,47
15,16.542181923638612,7.389363002609393,2,Mon-Th,0,2025-07-07,Mon-Th,2,47
15,12.657217249529335,9.367376794018298,2,Mon-Th,0,2025-07-07,Mon-Th,2,47
18,11.875349475040505,3.2012826822444156,2,Mon-Th,0,2025-07-07,Mon-Th,2,47
11,28.132274360682178,15.084599342526701,2,Mon-Th,0,2025-07-07,Mon-Th,2,47
12,3.7090625899216634,2.5279313083569033,2,Mon-Th,0,2025-07-07,Mon-Th,2,47
15,2.635831582406429,15.676434759686675,2,Mon-Th,0,2025-07-07,Mon-Th,2,47
21,10.936445245558613,3.8864977005929378,2,Mon-Th,0,2025-07-07,Mon-Th,2,47
14,7.396981526796859,0.7114078387547411,2,Mon-Th,0,2025-07-07,Mon-Th,2,47
16,52.8877898323799,10.675591611245075,2,Mon-Th,0,2025-07-07,Mon-Th,2,47
20,6.700035350895452,8.124514743359924,2,Mon-Th,0,2025-07-07,Mon-Th,2,47
14,35.92014041828961,0.8369843882513781,2,Mon-Th,0,2025-07-07,Mon-Th,2,47
19,14.719632419537266,17.924179230656225,2,Mon-Th,0,2025-07-07,Mon-Th,2,47
19,16.29336243127892,8.389322684543064,2,Mon-Th,0,2025-07-07,Mon-Th,2,47
15,8.814957323188652,12.837563038358537,2,Mon-Th,0,2025-07-07,Mon-Th,2,47
15,20.24634070544158,5.738062726779244,2,Mon-Th,0,2025-07-07,Mon-Th,2,47
20,9.72022606587894,18.663798424864694,2,Mon-Th,0,2025-07-07,Mon-Th,2,47
17,12.235187784707886,5.894414856974225,2,Mon-Th,0,2025-07-07,Mon-Th,2,47
20,12.241392915260345,6.576117264353282,2,Mon-Th,0,2025-07-07,Mon-Th,2,47
21,13.793089851249828,22.140582976906643,2,Mon-Th,0,2025-07-07,Mon-Th,2,47
17,11.817019850864185,3.8200684631344215,2,Mon-Th,0,2025-07-07,Mon-Th,2,47
22,11.057039031560084,10.168053936696817,2,Mon-Th,0,2025-07-07,Mon-Th,2,47
10,12.060016322085108,13.795557015133111,2,Mon-Th,0,2025-07-07,Mon-Th,2,47
11,18.44695170922817,8.475713209549205,2,Mon-Th,0,2025-07-08,Mon-Th,2,60
20,13.4639711720518,6.1477372968831325,2,Mon-Th,0,2025-07-08,Mon-Th,2,60
18,17.414411753430233,14.449735766687093,2,Mon-Th,0,2025-07-08,Mon-Th,2,60
18,14.988259633240148,2.201250487224514,2,Mon-Th,0,2025-07-08,Mon-Th,2,60
23,7.476083934137929,9.359530423558144,2,Mon-Th,0,2025-07-08,Mon-Th,2,60
15,13.101482994611924,28.571230212975987,2,Mon-Th,0,2025-07-08,Mon-Th,2,60
19,39.48181626469558,10.907011310113443,2,Mon-Th,0,2025-07-08,Mon-Th,2,60
23,10.655398527995072,6.70089079994478,2,Mon-Th,0,2025-07-08,Mon-Th,2,60
19,15.480204975831434,18.36813783161138,2,Mon-Th,0,2025-07-08,Mon-Th,2,60
14,4.88184398781942,7.8284312491954555,2,Mon-Th,0,2025-07-08,Mon-Th,2,60
17,15.316832198183814,1.7796072761836839,2,Mon-Th,0,2025-07-08,Mon-Th,2,60
18,8.989487013357177,6.355976214241506,2,Mon-Th,0,2025-07-08,Mon-Th,2,60
14,3.012533794659437,1.0221666502933822,2,Mon-Th,0,2025-07-08,Mon-Th,2,60
17,7.4902747404176395,12.725513135086398,2,Mon-Th,0,2025-07-08,Mon-Th,2,60
16,8.284475333462908,5.448960050416022,2,Mon-Th,0,2025-07-08,Mon-Th,2,60
16,2.2513322077427524,17.34779544889658,2,Mon-Th,0,2025-07-08,Mon-Th,2,60
20,15.854178810880477,21.743032179841187,2,Mon-Th,0,2025-07-08,Mon-Th,2,60
9,14.60021663851077,21.130659649213044,2,Mon-Th,0,2025-07-08,Mon-Th,2,60
18,11.521769378264814,11.989935466076364,2,Mon-Th,0,2025-07-08,Mon-Th,2,60
18,5.662523123605937,8.586208707133164,2,Mon-Th,0,2025-07-08,Mon-Th,2,60
22,7.54442854778605,15.14985112696972,2,Mon-Th,0,2025-07-08,Mon-Th,2,60
18,11.511565219167426,10.100177697312992,2,Mon-Th,0,2025-07-08,Mon-Th,2,60
19,12.025783308381609,20.49403357834025,2,Mon-Th,0,2025-07-08,Mon-Th,2,60
9,18.321392670481124,3.319961337249506,2,Mon-Th,0,2025-07-08,Mon-Th,2,60
17,18.10269572572507,1.0919391404496424,2,Mon-Th,0,2025-07-08,Mon-Th,2,60
10,27.91185762674152,15.726762798026982,2,Mon-Th,0,2025-07-08,Mon-Th,2,60
17,10.325808858931389,8.228018532003789,2,Mon-Th,0,2025-07-08,Mon-Th,2,60
19,13.037642972669342,17.93244379931401,2,Mon-Th,0,2025-07-08,Mon-Th,2,60
2,12.174927560943676,12.669428498275392,2,Mon-Th,0,2025-07-08,Mon-Th,2,60
15,18.25669346554447,49.15142068188051,2,Mon-Th,0,2025-07-08,Mon-Th,2,60
20,13.2236812673884,2.8530834417151585,2,Mon-Th,0,2025-07-08,Mon-Th,2,60
15,20.124472446082212,6.526039742044904,2,Mon-Th,0,2025-07-08,Mon-Th,2,60
11,16.877675207933347,10.842445527929387,2,Mon-Th,0,2025-07-08,Mon-Th,2,60
14,3.1479234901787327,2.4775553353339075,2,Mon-Th,0,2025-07-08,Mon-Th,2,60
19,10.660099448204676,8.292384686401583,2,Mon-Th,0,2025-07-08,Mon-Th,2,60
23,10.76435131104142,14.31283701078275,2,Mon-Th,0,2025-07-08,Mon-Th,2,60
21,15.714375599664784,9.906202865483756,2,Mon-Th,0,2025-07-08,Mon-Th,2,60
20,17.052237989633145,17.01620621480137,2,Mon-Th,0,2025-07-08,Mon-Th,2,60
15,2.2927306297313055,6.741184891905774,2,Mon-Th,0,2025-07-08,Mon-Th,2,60
16,3.1783199063519065,5.7079905265052275,2,Mon-Th,0,2025-07-08,Mon-Th,2,60
19,10.036442887374154,11.083639470816063,2,Mon-Th,0,2025-07-08,Mon-Th,2,60
13,16.397649615857002,4.390358419030287,2,Mon-Th,0,2025-07-08,Mon-Th,2,60
20,6.676694344473877,7.736799558473044,2,Mon-Th,0,2025-07-08,Mon-Th,2,60
20,16.286414402999633,20.492849585535254,2,Mon-Th,0,2025-07-08,Mon-Th,2,60
17,16.680176375585837,8.084133537525348,2,Mon-Th,0,2025-07-08,Mon-Th,2,60
20,13.44889910427094,7.838683002708626,2,Mon-Th,0,2025-07-08,Mon-Th,2,60
11,2.7240669994522335,9.981338561665188,2,Mon-Th,0,2025-07-08,Mon-Th,2,60
13,5.106450457369275,7.045053274447652,2,Mon-Th,0,2025-07-08,Mon-Th,2,60
22,12.042440891196403,4.929953794668079,2,Mon-Th,0,2025-07-08,Mon-Th,2,60
22,8.41195039528666,4.3596752890618635,2,Mon-Th,0,2025-07-08,Mon-Th,2,60
16,12.807633492185452,18.302837911787528,2,Mon-Th,0,2025-07-08,Mon-Th,2,60
18,13.586852641726477,5.112877752981901,2,Mon-Th,0,2025-07-08,Mon-Th,2,60
11,5.371507735797418,0.6777324354476791,2,Mon-Th,0,2025-07-08,Mon-Th,2,60
18,11.287521353611812,5.530634232131438,2,Mon-Th,0,2025-07-08,Mon-Th,2,60
10,2.73751751574687,10.028232779324474,2,Mon-Th,0,2025-07-08,Mon-Th,2,60
16,36.51277315875492,4.846923861973028,2,Mon-Th,0,2025-07-08,Mon-Th,2,60
21,18.650026579698963,21.979759686515806,2,Mon-Th,0,2025-07-08,Mon-Th,2,60
15,19.5997692418344,2.1233760525020715,2,Mon-Th,0,2025-07-08,Mon-Th,2,60
13,2.268348206166485,5.085497360140524,2,Mon-Th,0,2025-07-08,Mon-Th,2,60
10,3.246975326321885,12.689864231656061,2,Mon-Th,0,2025-07-08,Mon-Th,2,60
15,5.08053183884759,8.554729440452949,2,Friday,0,2025-06-27,Friday,2,39
21,14.076755811319618,25.40218524835865,2,Friday,0,2025-06-27,Friday,2,39
19,36.75724360462613,5.784947860937804,2,Friday,0,2025-06-27,Friday,2,39
12,12.068351777159418,4.554831031219051,2,Friday,0,2025-06-27,Friday,2,39
17,17.825672946766893,2.8962404812517395,2,Friday,0,2025-06-27,Friday,2,39
14,28.744034675857804,13.557689924601936,2,Friday,0,2025-06-27,Friday,2,39
16,20.962197195672672,21.52879234313244,2,Friday,0,2025-06-27,Friday,2,39
17,15.539950760423793,47.009175990769116,2,Friday,0,2025-06-27,Friday,2,39
18,16.327026285066584,13.788837552008024,2,Friday,0,2025-06-27,Friday,2,39
21,14.224824452869488,3.4878463319865842,2,Friday,0,2025-06-27,Friday,2,39
17,20.118102685867278,18.907031609258254,2,Friday,0,2025-06-27,Friday,2,39
16,5.298502039238555,24.371926150229843,2,Friday,0,2025-06-27,Friday,2,39
20,16.342400236698403,6.9512947068424955,2,Friday,0,2025-06-27,Friday,2,39
17,17.151039359563025,14.196135027697926,2,Friday,0,2025-06-27,Friday,2,39
21,6.811339063811224,6.2823087945685945,2,Friday,0,2025-06-27,Friday,2,39
7,5.490275197777103,4.797502452088897,2,Friday,0,2025-06-27,Friday,2,39
18,8.759786164560746,12.053762594839515,2,Friday,0,2025-06-27,Friday,2,39
18,15.165532572011092,7.2996907199497185,2,Friday,0,2025-06-27,Friday,2,39
16,39.815174203691896,6.654278600024756,2,Friday,0,2025-06-27,Friday,2,39
17,13.873154667730397,10.892762046487153,2,Friday,0,2025-06-27,Friday,2,39
12,17.504270363073687,6.565838893891932,2,Friday,0,2025-06-27,Friday,2,39
19,4.913406048598826,4.792496355634222,2,Friday,0,2025-06-27,Friday,2,39
17,2.508269160496097,11.2003592013126,2,Friday,0,2025-06-27,Friday,2,39
14,21.80678671410438,5.951941772087789,2,Friday,0,2025-06-27,Friday,2,39
15,3.0959356024286153,5.465291117215423,2,Friday,0,2025-06-27,Friday,2,39
17,11.925157094916386,7.671904440982429,2,Friday,0,2025-06-27,Friday,2,39
13,7.736902703474428,4.977610174564252,2,Friday,0,2025-06-27,Friday,2,39
17,17.07658838514896,6.191690330780416,2,Friday,0,2025-06-27,Friday,2,39
9,12.708306849213674,33.24405140361432,2,Friday,0,2025-06-27,Friday,2,39
17,16.769815157406573,6.230401826498774,2,Friday,0,2025-06-27,Friday,2,39
17,11.33142089554526,9.064768581047986,2,Friday,0,2025-06-27,Friday,2,39
15,13.774242712431676,3.481955355832371,2,Friday,0,2025-06-27,Friday,2,39
19,8.241960681813312,5.433313697903147,2,Friday,0,2025-06-27,Friday,2,39
14,9.124488056824585,8.775511518512083,2,Friday,0,2025-06-27,Friday,2,39
20,15.638574626484044,15.325249147765161,2,Friday,0,2025-06-27,Friday,2,39
21,15.433566734526423,12.15867576448193,2,Friday,0,2025-06-27,Friday,2,39
14,28.104121467065273,3.1125752718795283,2,Friday,0,2025-06-27,Friday,2,39
16,17.186061084071657,7.976938969281428,2,Friday,0,2025-06-27,Friday,2,39
21,8.465550719474184,4.298549746214668,2,Friday,0,2025-06-27,Friday,2,39
22,14.212515699613398,11.416441441973944,2,Friday,0,2025-07-04,Friday,2,46
19,18.3106162000124,22.54748320905751,2,Friday,0,2025-07-04,Friday,2,46
3,17.414067834677784,21.199861629928755,2,Friday,0,2025-07-04,Friday,2,46
12,25.133549451897316,36.06880792644838,2,Friday,0,2025-07-04,Friday,2,46
20,15.873728602917854,53.271189151108516,2,Friday,0,2025-07-04,Friday,2,46
16,3.272600276275832,18.20130622775819,2,Friday,0,2025-07-04,Friday,2,46
22,11.09688647079454,11.718762889406287,2,Friday,0,2025-07-04,Friday,2,46
14,58.75173503906104,1.7296263743506144,2,Friday,0,2025-07-04,Friday,2,46
19,12.441947507539481,2.9452564837619244,2,Friday,0,2025-07-04,Friday,2,46
20,10.989289258208878,3.815490685563592,2,Friday,0,2025-07-04,Friday,2,46
14,18.891857956180974,13.407549583315014,2,Friday,0,2025-07-04,Friday,2,46
20,13.504631287209577,11.267166007486052,2,Friday,0,2025-07-04,Friday,2,46
12,2.646578752344127,10.424355075332828,2,Friday,0,2025-07-04,Friday,2,46
13,2.6016779259071265,12.621919330868504,2,Friday,0,2025-07-04,Friday,2,46
11,5.579251695301434,5.651267380762732,2,Friday,0,2025-07-04,Friday,2,46
13,17.121102815046736,5.692655670249131,2,Friday,0,2025-07-04,Friday,2,46
19,11.345021324589354,20.604546227744496,2,Friday,0,2025-07-04,Friday,2,46
15,7.167277284793377,2.688655324383075,2,Friday,0,2025-07-04,Friday,2,46
19,12.657496615570736,16.912464559080533,2,Friday,0,2025-07-04,Friday,2,46
20,11.405426386816448,37.48804046249637,2,Friday,0,2025-07-04,Friday,2,46
18,4.773719838795087,3.515842731892824,2,Friday,0,2025-07-04,Friday,2,46
14,22.301287860308605,13.117536444710401,2,Friday,0,2025-07-04,Friday,2,46
15,10.010019433759577,6.694106235949517,2,Friday,0,2025-07-04,Friday,2,46
13,4.469515250727017,6.098076297618966,2,Friday,0,2025-07-04,Friday,2,46
18,14.654362125541024,10.95268470851527,2,Friday,0,2025-07-04,Friday,2,46
20,27.596161038769296,11.480355140937055,2,Friday,0,2025-07-04,Friday,2,46
14,7.527669303518981,24.249328489589807,2,Friday,0,2025-07-04,Friday,2,46
18,10.097144939279858,8.900892100450944,2,Friday,0,2025-07-04,Friday,2,46
19,15.226903086718693,20.88454945851477,2,Friday,0,2025-07-04,Friday,2,46
17,36.31706989813291,4.163387881199451,2,Friday,0,2025-07-04,Friday,2,46
12,20.356860689840982,9.371410342928414,2,Friday,0,2025-07-04,Friday,2,46
15,19.10962073897379,30.640727590178233,2,Friday,0,2025-07-04,Friday,2,46
17,26.275569780444346,9.786557483482587,2,Friday,0,2025-07-04,Friday,2,46
19,11.342977227782882,8.160294200172963,2,Friday,0,2025-07-04,Friday,2,46
15,13.81088050884237,6.699574831462904,2,Friday,0,2025-07-04,Friday,2,46
20,15.64782419972082,14.030491044599474,2,Friday,0,2025-07-04,Friday,2,46
16,12.726848894210097,18.095325382193337,2,Friday,0,2025-07-04,Friday,2,46
16,2.2213183624482777,5.804194197585936,2,Friday,0,2025-07-04,Friday,2,46
20,12.415366446374207,6.602149122777897,2,Friday,0,2025-07-04,Friday,2,46
12,5.413962443638004,19.385548414729012,2,Friday,0,2025-07-04,Friday,2,46
15,14.827394096565925,12.826227204759693,2,Friday,0,2025-07-04,Friday,2,46
16,17.106976964632125,9.060350500816527,2,Friday,0,2025-07-04,Friday,2,46
23,10.461532043967232,11.07354479604879,2,Friday,0,2025-07-04,Friday,2,46
19,14.96760340033542,9.996870040927002,2,Friday,0,2025-07-04,Friday,2,46
12,23.824830769223254,32.07793485850794,2,Friday,0,2025-07-04,Friday,2,46
20,17.45297524650398,7.470900993965313,2,Friday,0,2025-07-04,Friday,2,46
15,27.13004471009926,5.155052402265363,2,Friday,0,2025-07-11,Friday,2,43
17,3.263826407209025,17.66869384107228,2,Friday,0,2025-07-11,Friday,2,43
15,5.661308721112319,8.453525136744766,2,Friday,0,2025-07-11,Friday,2,43
20,24.768136016237307,13.351129252509281,2,Friday,0,2025-07-11,Friday,2,43
15,28.611693057773365,13.82645912692109,2,Friday,0,2025-07-11,Friday,2,43
12,10.862153551404592,4.104461638389085,2,Friday,0,2025-07-11,Friday,2,43
19,18.568923814414383,30.161430361208907,2,Friday,0,2025-07-11,Friday,2,43
20,21.112543030949848,3.967040698847769,2,Friday,0,2025-07-11,Friday,2,43
22,14.143839551467874,27.35598536338774,2,Friday,0,2025-07-11,Friday,2,43
22,57.35468056320393,58.099954562165486,2,Friday,0,2025-07-11,Friday,2,43
20,3.8304940607762132,9.844803347912842,2,Friday,0,2025-07-11,Friday,2,43
20,10.677628187735582,41.904798151929185,2,Friday,0,2025-07-11,Friday,2,43
18,14.47761891759086,23.575601109323575,2,Friday,0,2025-07-11,Friday,2,43
18,13.527757668179916,17.273765448379653,2,Friday,0,2025-07-11,Friday,2,43
12,4.424815162550015,11.251220519916885,2,Friday,0,2025-07-11,Friday,2,43
1,4.546894560085126,21.959766685460878,2,Friday,0,2025-07-11,Friday,2,43
14,16.24271738653862,15.574377599186297,2,Friday,0,2025-07-11,Friday,2,43
15,13.525593213757794,5.884934982286858,2,Friday,0,2025-07-11,Friday,2,43
2,8.299102046693028,7.230651706612868,2,Friday,0,2025-07-11,Friday,2,43
17,21.684373336043286,38.61226692545806,2,Friday,0,2025-07-11,Friday,2,43
17,19.828730308348643,5.263262561465002,2,Friday,0,2025-07-11,Friday,2,43
23,24.085747068395012,2.8578937732506784,2,Friday,0,2025-07-11,Friday,2,43
12,18.337128478579103,14.514650114109381,2,Friday,0,2025-07-11,Friday,2,43
20,10.910569980379975,4.010695797007722,2,Friday,0,2025-07-11,Friday,2,43
16,9.285697410603609,6.288498660669364,2,Friday,0,2025-07-11,Friday,2,43
21,17.064688670514425,15.914957624703353,2,Friday,0,2025-07-11,Friday,2,43
23,9.84583840360694,4.818273369344451,2,Friday,0,2025-07-11,Friday,2,43
18,13.643183750137972,25.679637371229163,2,Friday,0,2025-07-11,Friday,2,43
20,8.817757384453124,35.662259555763754,2,Friday,0,2025-07-11,Friday,2,43
17,9.629741098109902,14.630032462164133,2,Friday,0,2025-07-11,Friday,2,43
9,3.571857918107728,25.24401628893217,2,Friday,0,2025-07-11,Friday,2,43
21,14.360600765886044,3.1968627367933538,2,Friday,0,2025-07-11,Friday,2,43
16,7.511429696952788,20.62130215881933,2,Friday,0,2025-07-11,Friday,2,43
18,20.74328208555128,32.18632133034199,2,Friday,0,2025-07-11,Friday,2,43
20,12.83473462767855,8.801173510457328,2,Friday,0,2025-07-11,Friday,2,43
16,7.923094760276714,1.335787191788068,2,Friday,0,2025-07-11,Friday,2,43
19,13.376139969617473,24.728594713777724,2,Friday,0,2025-07-11,Friday,2,43
6,2.9323946832849708,9.012777055523522,2,Friday,0,2025-07-11,Friday,2,43
11,22.789592119885512,4.757737303593213,2,Friday,0,2025-07-11,Friday,2,43
19,11.651582768676153,13.803427968244668,2,Friday,0,2025-07-11,Friday,2,43
23,12.328852069574499,62.68415134828821,2,Friday,0,2025-07-11,Friday,2,43
12,2.383741941998974,2.9722270257127272,2,Friday,0,2025-07-11,Friday,2,43
17,13.854486751314592,6.781213616266729,2,Friday,0,2025-07-11,Friday,2,43
15,23.98478456910213,6.419073553393976,2,Friday,0,2025-07-18,Friday,2,36
14,15.49572427281349,3.548452292616208,2,Friday,0,2025-07-18,Friday,2,36
17,26.67000449285914,17.087380933406063,2,Friday,0,2025-07-18,Friday,2,36
20,14.891945745480662,14.89214082163994,2,Friday,0,2025-07-18,Friday,2,36
14,13.955614976606132,4.822123699200136,2,Friday,0,2025-07-18,Friday,2,36
17,3.217518790806792,5.585248962279884,2,Friday,0,2025-07-18,Friday,2,36
17,8.229148523826076,1.001355947887515,2,Friday,0,2025-07-18,Friday,2,36
14,15.889658769734314,3.429979142329713,2,Friday,0,2025-07-18,Friday,2,36
23,13.394853418586436,51.21184345546901,2,Friday,0,2025-07-18,Friday,2,36
21,15.724751322195601,9.271954283467698,2,Friday,0,2025-07-18,Friday,2,36
21,8.462635209501357,8.473627596627635,2,Friday,0,2025-07-18,Friday,2,36
19,18.15329334163954,4.859396537699147,2,Friday,0,2025-07-18,Friday,2,36
12,27.049270543919867,13.481818761222334,2,Friday,0,2025-07-18,Friday,2,36
14,2.450935662317205,4.300343190932527,2,Friday,0,2025-07-18,Friday,2,36
14,13.418301958602328,3.4997161422212466,2,Friday,0,2025-07-18,Friday,2,36
18,20.161040407441437,34.83353561189507,2,Friday,0,2025-07-18,Friday,2,36
18,17.28007899681683,6.592081416304639,2,Friday,0,2025-07-18,Friday,2,36
19,20.11767950354107,6.643208551747062,2,Friday,0,2025-07-18,Friday,2,36
14,39.315878835573564,2.0362750590787897,2,Friday,0,2025-07-18,Friday,2,36
18,62.359768939878045,6.094624280658308,2,Friday,0,2025-07-18,Friday,2,36
17,20.349521821582552,2.8145170530094,2,Friday,0,2025-07-18,Friday,2,36
23,8.22970125291113,12.698418769670422,2,Friday,0,2025-07-18,Friday,2,36
13,3.3693434845857277,5.191531264970174,2,Friday,0,2025-07-18,Friday,2,36
0,5.298486352603494,8.220279307207432,2,Friday,0,2025-07-18,Friday,2,36
17,88.72229726399938,13.37664171023354,2,Friday,0,2025-07-18,Friday,2,36
22,2.813014882442312,14.01162536467907,2,Friday,0,2025-07-18,Friday,2,36
18,32.86757121588705,3.1688248797544647,2,Friday,0,2025-07-18,Friday,2,36
0,4.597710734587409,8.397446090519258,2,Friday,0,2025-07-18,Friday,2,36
14,3.0233207361672805,8.79364475139556,2,Friday,0,2025-07-18,Friday,2,36
13,15.77629237581662,9.532972252161862,2,Friday,0,2025-07-18,Friday,2,36
14,6.754723467724792,16.702405815816586,2,Friday,0,2025-07-18,Friday,2,36
23,5.176708917229277,17.66219806787767,2,Friday,0,2025-07-18,Friday,2,36
18,10.708973211129674,12.754923598350118,2,Friday,0,2025-07-18,Friday,2,36
9,23.52269331119344,12.643301380797334,2,Friday,0,2025-07-18,Friday,2,36
19,14.368087684176231,7.8427030183832285,2,Friday,0,2025-07-18,Friday,2,36
20,23.01295997106389,3.3503420401047794,2,Friday,0,2025-07-18,Friday,2,36
21,20.814657947002733,2.877052829914489,2,Friday,0,2025-07-25,Friday,2,45
19,12.780028720376134,1.6003038406546577,2,Friday,0,2025-07-25,Friday,2,45
19,35.596559938935194,1.3937059423705325,2,Friday,0,2025-07-25,Friday,2,45
19,12.230036397761761,28.793689564083916,2,Friday,0,2025-07-25,Friday,2,45
16,14.579192966319201,11.985781794507126,2,Friday,0,2025-07-25,Friday,2,45
4,34.4294902783661,1.2700963487364876,2,Friday,0,2025-07-25,Friday,2,45
18,14.684721722928938,4.568557643722218,2,Friday,0,2025-07-25,Friday,2,45
18,21.229376252759263,5.411873571412307,2,Friday,0,2025-07-25,Friday,2,45
1,2.3531339149453654,6.849824017928069,2,Friday,0,2025-07-25,Friday,2,45
18,16.37796121832333,14.145768307896496,2,Friday,0,2025-07-25,Friday,2,45
17,18.099548072281035,12.526267851874811,2,Friday,0,2025-07-25,Friday,2,45
16,29.90302882976378,8.393300299862815,2,Friday,0,2025-07-25,Friday,2,45
14,18.47977372384624,1.1037845196646074,2,Friday,0,2025-07-25,Friday,2,45
21,13.22998554977076,6.663310537263704,2,Friday,0,2025-07-25,Friday,2,45
12,44.443473437210805,16.099146207252264,2,Friday,0,2025-07-25,Friday,2,45
14,23.43826687133096,17.96756092994218,2,Friday,0,2025-07-25,Friday,2,45
19,3.5232934066728268,24.180295687094134,2,Friday,0,2025-07-25,Friday,2,45
22,2.767054952420409,9.463293580738625,2,Friday,0,2025-07-25,Friday,2,45
18,6.644239293325902,15.667071354308918,2,Friday,0,2025-07-25,Friday,2,45
16,33.692080447612476,1.6473100994773608,2,Friday,0,2025-07-25,Friday,2,45
17,13.901523540199388,19.102697529536467,2,Friday,0,2025-07-25,Friday,2,45
15,19.355707506470903,22.945399549751546,2,Friday,0,2025-07-25,Friday,2,45
17,15.137580370217343,3.84930506516936,2,Friday,0,2025-07-25,Friday,2,45
22,10.029648806061676,40.359929931102684,2,Friday,0,2025-07-25,Friday,2,45
15,39.78051377690466,36.95229367771887,2,Friday,0,2025-07-25,Friday,2,45
23,3.3323896238328263,13.599127728649679,2,Friday,0,2025-07-25,Friday,2,45
16,28.306133264338428,4.689413288066041,2,Friday,0,2025-07-25,Friday,2,45
8,15.414545676615557,10.762483225217743,2,Friday,0,2025-07-25,Friday,2,45
14,3.776021048701392,8.961093527843166,2,Friday,0,2025-07-25,Friday,2,45
12,15.4125693520384,7.89533398117606,2,Friday,0,2025-07-25,Friday,2,45
17,17.568623605280255,10.618141259284856,2,Friday,0,2025-07-25,Friday,2,45
16,50.64058580379433,14.444385257378228,2,Friday,0,2025-07-25,Friday,2,45
16,2.9149851961717324,4.67939723456307,2,Friday,0,2025-07-25,Friday,2,45
1,7.463846433496008,13.423283024929336,2,Friday,0,2025-07-25,Friday,2,45
18,7.868612862256475,9.276715359988986,2,Friday,0,2025-07-25,Friday,2,45
19,37.790596945149744,11.08577169615161,2,Friday,0,2025-07-25,Friday,2,45
18,10.689984629808286,2.93523441368282,2,Friday,0,2025-07-25,Friday,2,45
2,25.17322830204525,7.166188065462065,2,Friday,0,2025-07-25,Friday,2,45
15,13.464339890629095,11.356229940135275,2,Friday,0,2025-07-25,Friday,2,45
15,78.30626899636127,50.85709272011712,2,Friday,0,2025-07-25,Friday,2,45
18,17.492186013958978,6.522623064797767,2,Friday,0,2025-07-25,Friday,2,45
21,11.602516569025006,14.28592029698132,2,Friday,0,2025-07-25,Friday,2,45
18,16.915495801270858,21.04172663708806,2,Friday,0,2025-07-25,Friday,2,45
22,14.231763998774522,17.385175694871478,2,Friday,0,2025-07-25,Friday,2,45
16,15.321099005616627,3.4130682272640254,2,Friday,0,2025-07-25,Friday,2,45
11,4.138467491057438,6.1934495585287594,2,Friday,0,2025-08-01,Friday,2,45
19,5.923432615970341,31.021310062912377,2,Friday,0,2025-08-01,Friday,2,45
14,6.665032561022726,1.7123251151503736,2,Friday,0,2025-08-01,Friday,2,45
23,10.808966279630695,8.980736485584183,2,Friday,0,2025-08-01,Friday,2,45
17,23.476463991211855,5.461392212510091,2,Friday,0,2025-08-01,Friday,2,45
21,12.313180981688227,6.848028888448076,2,Friday,0,2025-08-01,Friday,2,45
18,71.20321585022076,11.819780643336557,2,Friday,0,2025-08-01,Friday,2,45
17,18.2287459585301,46.09581184725413,2,Friday,0,2025-08-01,Friday,2,45
16,13.845601983531026,3.283032022371267,2,Friday,0,2025-08-01,Friday,2,45
14,28.926745357067094,6.253007420899656,2,Friday,0,2025-08-01,Friday,2,45
23,5.470190701027658,13.637501149268955,2,Friday,0,2025-08-01,Friday,2,45
12,33.428403102829186,9.521237273722662,2,Friday,0,2025-08-01,Friday,2,45
13,3.830915957706676,8.468091455271182,2,Friday,0,2025-08-01,Friday,2,45
15,12.772417399471237,4.953952279462808,2,Friday,0,2025-08-01,Friday,2,45
20,20.998147186374002,8.406045864650528,2,Friday,0,2025-08-01,Friday,2,45
20,13.781240135491668,2.2037360248838693,2,Friday,0,2025-08-01,Friday,2,45
21,15.844575973780476,13.176841832474832,2,Friday,0,2025-08-01,Friday,2,45
17,18.94386727981579,11.016521334005592,2,Friday,0,2025-08-01,Friday,2,45
13,13.080805359994606,11.546267011604645,2,Friday,0,2025-08-01,Friday,2,45
22,29.38645955085809,15.402739284464914,2,Friday,0,2025-08-01,Friday,2,45
10,3.4464050684018113,20.45065829245277,2,Friday,0,2025-08-01,Friday,2,45
13,16.148565270619432,22.4951589005952,2,Friday,0,2025-08-01,Friday,2,45
23,11.196788723327867,12.796734838493364,2,Friday,0,2025-08-01,Friday,2,45
21,14.518812819137228,6.8268585040667125,2,Friday,0,2025-08-01,Friday,2,45
22,20.007389737164353,23.8214290207706,2,Friday,0,2025-08-01,Friday,2,45
18,88.15968511241554,0.871869835963583,2,Friday,0,2025-08-01,Friday,2,45
17,15.325834424668859,10.781615409612398,2,Friday,0,2025-08-01,Friday,2,45
19,18.26297463958805,6.167102744241925,2,Friday,0,2025-08-01,Friday,2,45
16,7.33423209257126,8.227337540924745,2,Friday,0,2025-08-01,Friday,2,45
15,14.668108439521728,6.811114818103522,2,Friday,0,2025-08-01,Friday,2,45
16,48.02797070160666,6.242550295928641,2,Friday,0,2025-08-01,Friday,2,45
12,4.341358819371349,7.43446742611302,2,Friday,0,2025-08-01,Friday,2,45
20,7.676775251701551,5.680532170988032,2,Friday,0,2025-08-01,Friday,2,45
18,19.438563864024047,3.5946515584692253,2,Friday,0,2025-08-01,Friday,2,45
19,12.078892397764076,27.338469722770874,2,Friday,0,2025-08-01,Friday,2,45
17,17.019672593164305,24.734782997220872,2,Friday,0,2025-08-01,Friday,2,45
16,7.225103933257763,21.426011294134277,2,Friday,0,2025-08-01,Friday,2,45
10,8.338564829014581,18.845919151620247,2,Friday,0,2025-08-01,Friday,2,45
18,17.73466809800864,3.517582147839355,2,Friday,0,2025-08-01,Friday,2,45
23,18.715107927546814,1.056506124079077,2,Friday,0,2025-08-01,Friday,2,45
3,8.775124640800895,7.929034765980925,2,Friday,0,2025-08-01,Friday,2,45
20,6.01610764930645,18.39913018116348,2,Friday,0,2025-08-01,Friday,2,45
20,6.551622401204713,5.592607445733376,2,Friday,0,2025-08-01,Friday,2,45
18,11.17254624355957,3.623852515828962,2,Friday,0,2025-08-01,Friday,2,45
23,10.08827168754889,26.74417394539101,2,Friday,0,2025-08-01,Friday,2,45
17,16.232864846555675,39.61248767266871,2,Friday,0,2025-08-08,Friday,2,48
18,4.7579315066905,7.262634713057,2,Friday,0,2025-08-08,Friday,2,48
18,17.45004799161235,4.766449805099239,2,Friday,0,2025-08-08,Friday,2,48
11,20.875747673490917,16.18903867295376,2,Friday,0,2025-08-08,Friday,2,48
14,6.1106706727815,7.70441813088878,2,Friday,0,2025-08-08,Friday,2,48
17,8.453174320153613,10.473615878673996,2,Friday,0,2025-08-08,Friday,2,48
21,15.501723656264115,17.816829042953934,2,Friday,0,2025-08-08,Friday,2,48
14,19.279365668740425,31.337222522303364,2,Friday,0,2025-08-08,Friday,2,48
15,2.3898653860346504,14.370299469151602,2,Friday,0,2025-08-08,Friday,2,48
19,3.7938604562752944,14.124338526652364,2,Friday,0,2025-08-08,Friday,2,48
13,5.461151845423913,8.318763811057437,2,Friday,0,2025-08-08,Friday,2,48
16,4.242911072739884,26.892194243209076,2,Friday,0,2025-08-08,Friday,2,48
11,20.056103381658346,5.5784669917329905,2,Friday,0,2025-08-08,Friday,2,48
13,13.375272452601628,6.035428313220303,2,Friday,0,2025-08-08,Friday,2,48
21,17.95571834455028,4.86042593400482,2,Friday,0,2025-08-08,Friday,2,48
8,19.298419625482875,26.704899985987907,2,Friday,0,2025-08-08,Friday,2,48
18,15.719928340837765,3.3923932289277143,2,Friday,0,2025-08-08,Friday,2,48
13,3.802268245188258,10.790155741387586,2,Friday,0,2025-08-08,Friday,2,48
3,3.2474574707346204,19.268924426585286,2,Friday,0,2025-08-08,Friday,2,48
17,22.22032727816557,31.294327422194232,2,Friday,0,2025-08-08,Friday,2,48
4,3.3502024405061848,4.466503237204212,2,Friday,0,2025-08-08,Friday,2,48
18,2.001617539194038,7.15578125680614,2,Friday,0,2025-08-08,Friday,2,48
11,6.603716906492412,7.800319885733404,2,Friday,0,2025-08-08,Friday,2,48
23,12.28466003944867,20.78668149120142,2,Friday,0,2025-08-08,Friday,2,48
15,6.322075137879185,7.332084376894599,2,Friday,0,2025-08-08,Friday,2,48
23,8.30272574882867,13.884225555257082,2,Friday,0,2025-08-08,Friday,2,48
1,41.4712081166437,6.715751400445986,2,Friday,0,2025-08-08,Friday,2,48
20,23.129008627255782,6.33935209435812,2,Friday,0,2025-08-08,Friday,2,48
21,51.45717505799691,22.217911907499833,2,Friday,0,2025-08-08,Friday,2,48
12,3.7446293837100373,4.866111975469489,2,Friday,0,2025-08-08,Friday,2,48
12,6.424952719156915,2.8622749603751503,2,Friday,0,2025-08-08,Friday,2,48
23,18.19128194378552,29.029768585705853,2,Friday,0,2025-08-08,Friday,2,48
19,77.08368414719732,15.544645109915084,2,Friday,0,2025-08-08,Friday,2,48
12,20.219742658572148,25.374674457543062,2,Friday,0,2025-08-08,Friday,2,48
15,27.23891086559101,11.058957907681991,2,Friday,0,2025-08-08,Friday,2,48
13,10.729394789692908,1.8296765083553974,2,Friday,0,2025-08-08,Friday,2,48
16,17.266808481469155,11.964231011006612,2,Friday,0,2025-08-08,Friday,2,48
20,2.7360332227270336,2.776154006073762,2,Friday,0,2025-08-08,Friday,2,48
21,16.39189028915272,15.801154331374118,2,Friday,0,2025-08-08,Friday,2,48
14,29.208165884718706,3.8031201140298903,2,Friday,0,2025-08-08,Friday,2,48
10,4.267363836087686,15.83170467132846,2,Friday,0,2025-08-08,Friday,2,48
23,20.124236425888338,16.80091173412542,2,Friday,0,2025-08-08,Friday,2,48
15,19.513719003976558,53.142942034736635,2,Friday,0,2025-08-08,Friday,2,48
20,16.549948326733706,25.416893921934864,2,Friday,0,2025-08-08,Friday,2,48
16,2.729375059952446,5.350152554899695,2,Friday,0,2025-08-08,Friday,2,48
13,12.573680794163057,39.03885224579426,2,Friday,0,2025-08-08,Friday,2,48
18,21.81039196586018,6.046244229507473,2,Friday,0,2025-08-08,Friday,2,48
17,4.202838776179418,5.547439039216258,2,Friday,0,2025-08-08,Friday,2,48
6,3.8071131761102883,3.8727515137655404,2,Friday,0,2025-08-15,Friday,2,54
19,18.02759167488696,5.794345891142991,2,Friday,0,2025-08-15,Friday,2,54
7,21.625015480035277,13.974342937718092,2,Friday,0,2025-08-15,Friday,2,54
17,12.452264572836441,3.8803098148004853,2,Friday,0,2025-08-15,Friday,2,54
9,19.7125505657503,28.30175873590434,2,Friday,0,2025-08-15,Friday,2,54
18,16.379567442700935,5.849634449418793,2,Friday,0,2025-08-15,Friday,2,54
0,16.15293725497544,7.440494882218849,2,Friday,0,2025-08-15,Friday,2,54
15,5.8219842354767835,14.931089716682582,2,Friday,0,2025-08-15,Friday,2,54
20,13.253999490379229,16.166424049535834,2,Friday,0,2025-08-15,Friday,2,54
14,28.78579819681397,3.7951052180231972,2,Friday,0,2025-08-15,Friday,2,54
13,2.514702143424303,4.038495891365721,2,Friday,0,2025-08-15,Friday,2,54
16,25.599290411887747,27.95657904929225,2,Friday,0,2025-08-15,Friday,2,54
20,6.7669548590297515,19.714140946335096,2,Friday,0,2025-08-15,Friday,2,54
14,47.862962998645855,4.625482320432095,2,Friday,0,2025-08-15,Friday,2,54
7,16.157235131296293,7.134801044634962,2,Friday,0,2025-08-15,Friday,2,54
19,21.513837737893517,3.121012847451026,2,Friday,0,2025-08-15,Friday,2,54
11,2.8116150264046884,14.465524521620047,2,Friday,0,2025-08-15,Friday,2,54
18,20.582852932657467,5.618870923688028,2,Friday,0,2025-08-15,Friday,2,54
17,10.7832886238651,31.349070033152486,2,Friday,0,2025-08-15,Friday,2,54
19,5.943680090809618,13.753641483415622,2,Friday,0,2025-08-15,Friday,2,54
19,12.629144442612091,11.457827130470141,2,Friday,0,2025-08-15,Friday,2,54
17,4.007071451450654,6.989610505887715,2,Friday,0,2025-08-15,Friday,2,54
18,12.101092835267789,10.47311175646638,2,Friday,0,2025-08-15,Friday,2,54
21,13.516341946309339,7.989400472757074,2,Friday,0,2025-08-15,Friday,2,54
14,16.180998351864996,9.554998409342751,2,Friday,0,2025-08-15,Friday,2,54
9,2.6070374664066867,9.079348769032308,2,Friday,0,2025-08-15,Friday,2,54
6,20.210464971461803,39.509765593980234,2,Friday,0,2025-08-15,Friday,2,54
21,15.694251666325155,60.56115916759923,2,Friday,0,2025-08-15,Friday,2,54
14,26.793631943249455,10.446296748606168,2,Friday,0,2025-08-15,Friday,2,54
15,4.722853051132125,3.008914618529162,2,Friday,0,2025-08-15,Friday,2,54
14,10.404846619538855,10.32079950755061,2,Friday,0,2025-08-15,Friday,2,54
9,3.0199917165928136,8.393132737155149,2,Friday,0,2025-08-15,Friday,2,54
21,16.122749519656626,12.177679231918429,2,Friday,0,2025-08-15,Friday,2,54
19,7.717585909446585,20.591440067292822,2,Friday,0,2025-08-15,Friday,2,54
13,13.406846715542613,11.697638636001924,2,Friday,0,2025-08-15,Friday,2,54
20,18.993422440356557,24.94369567220418,2,Friday,0,2025-08-15,Friday,2,54
15,10.132590286971393,6.866891559104856,2,Friday,0,2025-08-15,Friday,2,54
19,17.05372975656668,14.25599066826397,2,Friday,0,2025-08-15,Friday,2,54
17,2.9249433141262506,12.466637274549871,2,Friday,0,2025-08-15,Friday,2,54
16,9.302524081790981,4.759008346783186,2,Friday,0,2025-08-15,Friday,2,54
18,14.754427207132323,6.0631886944458,2,Friday,0,2025-08-15,Friday,2,54
15,31.41045265262993,9.023743587127834,2,Friday,0,2025-08-15,Friday,2,54
21,11.388607803010853,4.985295471517053,2,Friday,0,2025-08-15,Friday,2,54
19,19.652642592720355,4.7129098006064725,2,Friday,0,2025-08-15,Friday,2,54
20,14.726592687129735,14.420525696658242,2,Friday,0,2025-08-15,Friday,2,54
19,17.756531988005886,7.778469353044165,2,Friday,0,2025-08-15,Friday,2,54
15,5.980458640501771,13.249842130449005,2,Friday,0,2025-08-15,Friday,2,54
17,13.059206312895334,15.317872524831255,2,Friday,0,2025-08-15,Friday,2,54
18,3.0397101047410047,5.901986513812784,2,Friday,0,2025-08-15,Friday,2,54
14,24.329323489673698,2.801722639987295,2,Friday,0,2025-08-15,Friday,2,54
5,22.508442850396435,34.416081594755916,2,Friday,0,2025-08-15,Friday,2,54
23,9.168378050537676,37.16982954397859,2,Friday,0,2025-08-15,Friday,2,54
8,2.429093606469892,6.118360978816841,2,Friday,0,2025-08-15,Friday,2,54
19,8.968320092940342,14.208591478183395,2,Friday,0,2025-08-15,Friday,2,54
8,4.352667263181724,11.479829075568167,2,Friday,0,2025-08-22,Friday,2,46
23,9.017055251861985,21.80872486645984,2,Friday,0,2025-08-22,Friday,2,46
23,5.249997010401278,12.48505574793378,2,Friday,0,2025-08-22,Friday,2,46
18,7.557947073285568,9.885130874218067,2,Friday,0,2025-08-22,Friday,2,46
18,16.79226231939862,2.419817969463524,2,Friday,0,2025-08-22,Friday,2,46
20,36.48110303715635,39.17418732638884,2,Friday,0,2025-08-22,Friday,2,46
14,7.850379273408422,6.0091336259461,2,Friday,0,2025-08-22,Friday,2,46
18,14.886972195329538,3.527684216831706,2,Friday,0,2025-08-22,Friday,2,46
15,2.764587302232692,5.785005781398516,2,Friday,0,2025-08-22,Friday,2,46
15,7.621925438849277,4.621171569262,2,Friday,0,2025-08-22,Friday,2,46
18,17.274286788403156,1.30744358809744,2,Friday,0,2025-08-22,Friday,2,46
11,2.1387924274596006,3.9139907580016366,2,Friday,0,2025-08-22,Friday,2,46
15,3.1045841341326117,7.982259778594531,2,Friday,0,2025-08-22,Friday,2,46
16,16.038999724700332,7.223144094404058,2,Friday,0,2025-08-22,Friday,2,46
14,26.850223457606116,14.083042339471724,2,Friday,0,2025-08-22,Friday,2,46
15,17.34865830176316,1.97677642630888,2,Friday,0,2025-08-22,Friday,2,46
15,4.706759221108095,14.324125295307985,2,Friday,0,2025-08-22,Friday,2,46
18,3.7660455076385273,6.997804723850579,2,Friday,0,2025-08-22,Friday,2,46
20,13.171720039861704,7.5608614203900855,2,Friday,0,2025-08-22,Friday,2,46
16,17.1235614820747,23.093774938900907,2,Friday,0,2025-08-22,Friday,2,46
13,27.658953533128997,12.784476246652774,2,Friday,0,2025-08-22,Friday,2,46
15,9.652387640747438,13.81574017267642,2,Friday,0,2025-08-22,Friday,2,46
20,9.755035096221441,8.03386701110867,2,Friday,0,2025-08-22,Friday,2,46
21,20.25193001963384,13.098025524958844,2,Friday,0,2025-08-22,Friday,2,46
19,18.238420095473366,8.285224891288061,2,Friday,0,2025-08-22,Friday,2,46
19,54.45082598754903,13.083202198061048,2,Friday,0,2025-08-22,Friday,2,46
17,2.637561994581047,14.602893438378684,2,Friday,0,2025-08-22,Friday,2,46
17,14.652252529120513,3.563010693270793,2,Friday,0,2025-08-22,Friday,2,46
16,21.75701788368105,5.0191107942726525,2,Friday,0,2025-08-22,Friday,2,46
12,20.812219516045197,12.399118596968338,2,Friday,0,2025-08-22,Friday,2,46
16,24.173126532681877,9.519353306991473,2,Friday,0,2025-08-22,Friday,2,46
17,24.467307956180665,3.7925226663885336,2,Friday,0,2025-08-22,Friday,2,46
13,6.3384205051693625,8.984059664634875,2,Friday,0,2025-08-22,Friday,2,46
15,18.706035596771958,24.404071886955332,2,Friday,0,2025-08-22,Friday,2,46
18,13.346891873294869,11.450921636595341,2,Friday,0,2025-08-22,Friday,2,46
16,7.803705093381446,9.046684947488092,2,Friday,0,2025-08-22,Friday,2,46
18,19.028671157050503,12.09110458683347,2,Friday,0,2025-08-22,Friday,2,46
22,8.246833829925809,4.228432722008264,2,Friday,0,2025-08-22,Friday,2,46
22,14.718311817125269,4.193394438248214,2,Friday,0,2025-08-22,Friday,2,46
19,15.949011990386698,12.546858366012838,2,Friday,0,2025-08-22,Friday,2,46
19,8.989676944566796,40.66084959269716,2,Friday,0,2025-08-22,Friday,2,46
19,12.796704253330066,10.157778671457395,2,Friday,0,2025-08-22,Friday,2,46
15,2.3210294020306272,6.4057700681818925,2,Friday,0,2025-08-22,Friday,2,46
10,20.157398800674503,3.444398391606252,2,Friday,0,2025-08-22,Friday,2,46
18,13.455017827106218,16.899854732496635,2,Friday,0,2025-08-22,Friday,2,46
2,9.548102405604695,11.93494681581756,2,Friday,0,2025-08-22,Friday,2,46
12,22.89172279748568,5.229562425998516,2,Friday,0,2025-08-29,Friday,2,48
16,6.942927153237713,17.461517626312137,2,Friday,0,2025-08-29,Friday,2,48
19,14.652664906008773,22.762818245312655,2,Friday,0,2025-08-29,Friday,2,48
2,11.777609707708223,7.185285824445214,2,Friday,0,2025-08-29,Friday,2,48
16,57.87189103934792,10.4505771425714,2,Friday,0,2025-08-29,Friday,2,48
12,3.379341159308006,7.1888244050861285,2,Friday,0,2025-08-29,Friday,2,48
20,12.835169783529086,10.791634204328002,2,Friday,0,2025-08-29,Friday,2,48
14,7.443292796785575,17.299667026857968,2,Friday,0,2025-08-29,Friday,2,48
20,10.499426224642423,8.93774432731043,2,Friday,0,2025-08-29,Friday,2,48
15,40.02588253331648,4.582858653010236,2,Friday,0,2025-08-29,Friday,2,48
23,11.78669782431269,5.29478966832665,2,Friday,0,2025-08-29,Friday,2,48
13,41.052885502435934,5.586459776042808,2,Friday,0,2025-08-29,Friday,2,48
19,31.832693689908034,8.866770378325944,2,Friday,0,2025-08-29,Friday,2,48
18,16.68793730032663,3.832675081906749,2,Friday,0,2025-08-29,Friday,2,48
18,15.126558652908344,12.530490665384944,2,Friday,0,2025-08-29,Friday,2,48
11,3.5133130251845075,9.329401323838727,2,Friday,0,2025-08-29,Friday,2,48
13,69.9447025394866,15.737193075114106,2,Friday,0,2025-08-29,Friday,2,48
17,18.628443438980007,3.92550481452324,2,Friday,0,2025-08-29,Friday,2,48
20,24.618498053295507,15.980670471865897,2,Friday,0,2025-08-29,Friday,2,48
19,2.2689533041189485,11.481474347297521,2,Friday,0,2025-08-29,Friday,2,48
17,21.31618045350722,8.69521093856419,2,Friday,0,2025-08-29,Friday,2,48
11,23.002887713284995,10.663008184181402,2,Friday,0,2025-08-29,Friday,2,48
15,16.18052707241338,10.099939682062361,2,Friday,0,2025-08-29,Friday,2,48
16,17.007496839093047,6.640503849622064,2,Friday,0,2025-08-29,Friday,2,48
2,3.985768614885496,18.940140206563107,2,Friday,0,2025-08-29,Friday,2,48
20,14.126369877012156,8.677953627137041,2,Friday,0,2025-08-29,Friday,2,48
22,14.97700476967546,19.44042620264278,2,Friday,0,2025-08-29,Friday,2,48
20,18.016994159436358,10.132069271875912,2,Friday,0,2025-08-29,Friday,2,48
18,25.46736880029412,15.419891047501112,2,Friday,0,2025-08-29,Friday,2,48
17,12.59276114875087,12.158009025872454,2,Friday,0,2025-08-29,Friday,2,48
12,11.393021132445003,10.793248113244879,2,Friday,0,2025-08-29,Friday,2,48
15,13.75318641930815,9.59303098660246,2,Friday,0,2025-08-29,Friday,2,48
18,20.311868607603483,1.8981493504710134,2,Friday,0,2025-08-29,Friday,2,48
17,19.712825903143976,8.114151428650523,2,Friday,0,2025-08-29,Friday,2,48
16,9.696959768103467,13.371047407074608,2,Friday,0,2025-08-29,Friday,2,48
18,14.853876297795633,6.370039223482135,2,Friday,0,2025-08-29,Friday,2,48
18,18.618095223133935,9.018933420917019,2,Friday,0,2025-08-29,Friday,2,48
15,42.538150195360245,5.339777947324065,2,Friday,0,2025-08-29,Friday,2,48
16,18.623431195021414,5.629023233473614,2,Friday,0,2025-08-29,Friday,2,48
10,24.463416691838486,20.474459136347097,2,Friday,0,2025-08-29,Friday,2,48
18,16.716614944768406,13.461614329065274,2,Friday,0,2025-08-29,Friday,2,48
23,8.766326107251347,10.698795380414483,2,Friday,0,2025-08-29,Friday,2,48
19,14.657253086716576,15.374504550092876,2,Friday,0,2025-08-29,Friday,2,48
20,17.393918565491973,24.646685414642512,2,Friday,0,2025-08-29,Friday,2,48
14,7.406350969791118,10.135299453612772,2,Friday,0,2025-08-29,Friday,2,48
0,9.127867053787273,12.378942185871534,2,Friday,0,2025-08-29,Friday,2,48
20,17.890215376927163,1.3555997252494323,2,Friday,0,2025-08-29,Friday,2,48
19,11.927306885363187,5.802033832158412,2,Friday,0,2025-08-29,Friday,2,48
16,31.32746784965923,7.629986373997022,2,Saturday,0,2025-06-28,Saturday,2,49
4,9.706116089795001,9.545976584719556,2,Saturday,0,2025-06-28,Saturday,2,49
18,17.749541742610962,9.565540477805662,2,Saturday,0,2025-06-28,Saturday,2,49
20,8.246901012476666,44.99780135098726,2,Saturday,0,2025-06-28,Saturday,2,49
0,6.2180174302504305,13.325170498266589,2,Saturday,0,2025-06-28,Saturday,2,49
18,10.724581833541848,18.171068277343647,2,Saturday,0,2025-06-28,Saturday,2,49
6,17.223005862866284,24.871998597170375,2,Saturday,0,2025-06-28,Saturday,2,49
4,4.836069373253764,13.323583949511077,2,Saturday,0,2025-06-28,Saturday,2,49
14,3.432241962026451,7.166797205963406,2,Saturday,0,2025-06-28,Saturday,2,49
20,14.461358679206032,26.91791717223552,2,Saturday,0,2025-06-28,Saturday,2,49
18,16.49214562619965,8.58413017729617,2,Saturday,0,2025-06-28,Saturday,2,49
9,5.787988897284869,21.082632146327068,2,Saturday,0,2025-06-28,Saturday,2,49
15,23.568123480935782,21.620217432626667,2,Saturday,0,2025-06-28,Saturday,2,49
20,15.263851110596512,13.72075916638034,2,Saturday,0,2025-06-28,Saturday,2,49
15,7.753241177555881,8.368708500133963,2,Saturday,0,2025-06-28,Saturday,2,49
22,14.127768322125963,22.053768823077952,2,Saturday,0,2025-06-28,Saturday,2,49
16,19.28662274927076,10.936210782746084,2,Saturday,0,2025-06-28,Saturday,2,49
16,15.274408843371226,21.972683228947954,2,Saturday,0,2025-06-28,Saturday,2,49
15,6.0966459266198925,4.211169988696449,2,Saturday,0,2025-06-28,Saturday,2,49
17,9.333558545838947,8.273395076911367,2,Saturday,0,2025-06-28,Saturday,2,49
16,8.258268264944828,18.69881837079877,2,Saturday,0,2025-06-28,Saturday,2,49
17,17.7924151661286,15.717280601515977,2,Saturday,0,2025-06-28,Saturday,2,49
19,2.1648632738932707,12.802190377226479,2,Saturday,0,2025-06-28,Saturday,2,49
20,60.03484179097525,19.85190687614623,2,Saturday,0,2025-06-28,Saturday,2,49
17,2.370160939155803,6.452064520705618,2,Saturday,0,2025-06-28,Saturday,2,49
18,2.103586022158946,7.645424837918076,2,Saturday,0,2025-06-28,Saturday,2,49
2,20.210233762075777,39.3589135277206,2,Saturday,0,2025-06-28,Saturday,2,49
14,15.993376214559607,16.834363085934655,2,Saturday,0,2025-06-28,Saturday,2,49
21,13.303196536059154,8.544325482092326,2,Saturday,0,2025-06-28,Saturday,2,49
20,8.179759656456483,28.07944105563893,2,Saturday,0,2025-06-28,Saturday,2,49
20,15.123206186480111,3.8408527688077188,2,Saturday,0,2025-06-28,Saturday,2,49
21,13.4432476276477,51.201898962795404,2,Saturday,0,2025-06-28,Saturday,2,49
17,3.1879612841559224,4.518523514594735,2,Saturday,0,2025-06-28,Saturday,2,49
16,9.024083406783738,8.198981598504933,2,Saturday,0,2025-06-28,Saturday,2,49
17,12.870279420214871,7.704618578566774,2,Saturday,0,2025-06-28,Saturday,2,49
19,11.944696300625736,20.077457578212183,2,Saturday,0,2025-06-28,Saturday,2,49
15,4.614257842184252,4.04587013921816,2,Saturday,0,2025-06-28,Saturday,2,49
16,13.850693081002404,8.535866270538884,2,Saturday,0,2025-06-28,Saturday,2,49
16,22.87089611965283,11.754058552166034,2,Saturday,0,2025-06-28,Saturday,2,49
21,15.180556376525,20.057459955578054,2,Saturday,0,2025-06-28,Saturday,2,49
21,7.740757222653679,2.8570679910868026,2,Saturday,0,2025-06-28,Saturday,2,49
17,14.775546851508338,30.481897766885698,2,Saturday,0,2025-06-28,Saturday,2,49
18,12.818854198706983,19.806573471704613,2,Saturday,0,2025-06-28,Saturday,2,49
13,15.54174701073135,2.460322915359762,2,Saturday,0,2025-06-28,Saturday,2,49
21,18.153287209378046,12.871391918915277,2,Saturday,0,2025-06-28,Saturday,2,49
15,21.846634007783997,37.61641218017655,2,Saturday,0,2025-06-28,Saturday,2,49
0,11.084419104587795,18.73761631833375,2,Saturday,0,2025-06-28,Saturday,2,49
6,21.76874775926522,17.211768902780364,2,Saturday,0,2025-06-28,Saturday,2,49
18,18.300121304044776,4.296501041551323,2,Saturday,0,2025-06-28,Saturday,2,49
13,7.2880348525526815,52.054467109280615,2,Saturday,0,2025-07-05,Saturday,2,37
17,20.047078395537426,3.907873691743463,2,Saturday,0,2025-07-05,Saturday,2,37
18,13.448803347545596,7.171255330763428,2,Saturday,0,2025-07-05,Saturday,2,37
20,25.405425681945363,7.47404278720241,2,Saturday,0,2025-07-05,Saturday,2,37
23,21.605212222843644,2.515120087058884,2,Saturday,0,2025-07-05,Saturday,2,37
12,6.792731455288756,12.403375759432212,2,Saturday,0,2025-07-05,Saturday,2,37
10,4.551285006787261,3.434085399802502,2,Saturday,0,2025-07-05,Saturday,2,37
19,3.765284176918496,6.240769784841501,2,Saturday,0,2025-07-05,Saturday,2,37
18,11.165753199910078,2.5069408878703845,2,Saturday,0,2025-07-05,Saturday,2,37
20,16.187467654637228,4.5242320336806605,2,Saturday,0,2025-07-05,Saturday,2,37
20,6.575276942172247,5.328197783504774,2,Saturday,0,2025-07-05,Saturday,2,37
10,7.256271498368055,41.869185412591534,2,Saturday,0,2025-07-05,Saturday,2,37
18,7.949940331106602,2.5936530162889735,2,Saturday,0,2025-07-05,Saturday,2,37
14,48.45259684911997,2.560261604188132,2,Saturday,0,2025-07-05,Saturday,2,37
13,7.638047212182954,2.5079454333885507,2,Saturday,0,2025-07-05,Saturday,2,37
15,8.733939540531079,8.950913002429134,2,Saturday,0,2025-07-05,Saturday,2,37
17,11.1966029489986,19.699549017919963,2,Saturday,0,2025-07-05,Saturday,2,37
9,3.1258161133956106,12.007300892828422,2,Saturday,0,2025-07-05,Saturday,2,37
20,14.398000816236692,8.517800377741535,2,Saturday,0,2025-07-05,Saturday,2,37
21,16.417375959352142,16.626416765704,2,Saturday,0,2025-07-05,Saturday,2,37
20,11.292725549946475,5.5615432865232926,2,Saturday,0,2025-07-05,Saturday,2,37
16,28.997342981530853,3.5342450390781153,2,Saturday,0,2025-07-05,Saturday,2,37
18,15.295839885119033,17.469544934749045,2,Saturday,0,2025-07-05,Saturday,2,37
19,17.917076301366098,11.981285866544983,2,Saturday,0,2025-07-05,Saturday,2,37
10,3.6740741900644,19.095095598878732,2,Saturday,0,2025-07-05,Saturday,2,37
13,8.723464957448936,18.72006361817194,2,Saturday,0,2025-07-05,Saturday,2,37
1,4.990156627394406,12.26786085356739,2,Saturday,0,2025-07-05,Saturday,2,37
17,4.082336721313425,10.539581252808542,2,Saturday,0,2025-07-05,Saturday,2,37
20,6.811086505613371,11.617123454268935,2,Saturday,0,2025-07-05,Saturday,2,37
22,12.009530680360307,23.883154961780328,2,Saturday,0,2025-07-05,Saturday,2,37
19,5.104429884612106,5.790504537070836,2,Saturday,0,2025-07-05,Saturday,2,37
15,2.547825775031895,4.602419866335902,2,Saturday,0,2025-07-05,Saturday,2,37
14,5.886569830579611,12.002965504975466,2,Saturday,0,2025-07-05,Saturday,2,37
11,2.334714248277292,5.294378697369441,2,Saturday,0,2025-07-05,Saturday,2,37
9,2.7743895837272166,8.890815115586095,2,Saturday,0,2025-07-05,Saturday,2,37
23,6.481472375251388,6.952622539368228,2,Saturday,0,2025-07-05,Saturday,2,37
0,13.620761550688727,4.986929435070603,2,Saturday,0,2025-07-05,Saturday,2,37
19,16.025534143497637,5.5642090007683205,2,Saturday,0,2025-07-12,Saturday,2,30
17,3.443604159601669,11.223253462664287,2,Saturday,0,2025-07-12,Saturday,2,30
21,15.303813408194408,9.068477447018555,2,Saturday,0,2025-07-12,Saturday,2,30
18,18.023528169384296,17.913227394730015,2,Saturday,0,2025-07-12,Saturday,2,30
14,39.007405323561365,18.201259102529566,2,Saturday,0,2025-07-12,Saturday,2,30
22,17.375067621124714,16.35980924521216,2,Saturday,0,2025-07-12,Saturday,2,30
8,53.3461385064296,10.118235625321637,2,Saturday,0,2025-07-12,Saturday,2,30
17,19.144596774206576,7.083660015019058,2,Saturday,0,2025-07-12,Saturday,2,30
16,5.180383646294743,10.524317274978252,2,Saturday,0,2025-07-12,Saturday,2,30
17,14.143240405492698,47.68761337099533,2,Saturday,0,2025-07-12,Saturday,2,30
13,7.67417655985281,2.47950159223036,2,Saturday,0,2025-07-12,Saturday,2,30
12,37.118448138525935,5.343521936048583,2,Saturday,0,2025-07-12,Saturday,2,30
17,2.0594746878722825,5.116928094340434,2,Saturday,0,2025-07-12,Saturday,2,30
22,12.983940323418892,27.863144808163607,2,Saturday,0,2025-07-12,Saturday,2,30
15,7.369621989779265,10.758566860427292,2,Saturday,0,2025-07-12,Saturday,2,30
16,6.023592563626925,12.410774666926816,2,Saturday,0,2025-07-12,Saturday,2,30
12,23.589815331517904,18.77541079787828,2,Saturday,0,2025-07-12,Saturday,2,30
16,14.15310698041651,15.650121621396652,2,Saturday,0,2025-07-12,Saturday,2,30
16,21.49899030977626,11.718193010832445,2,Saturday,0,2025-07-12,Saturday,2,30
7,7.26519824288387,5.093242816979402,2,Saturday,0,2025-07-12,Saturday,2,30
21,14.026781731586745,44.58733739366501,2,Saturday,0,2025-07-12,Saturday,2,30
18,20.034917013945005,4.067729475539823,2,Saturday,0,2025-07-12,Saturday,2,30
21,16.204567800765233,11.376684446211772,2,Saturday,0,2025-07-12,Saturday,2,30
19,21.31860760294059,8.28664965234894,2,Saturday,0,2025-07-12,Saturday,2,30
16,17.719519365352763,17.488121845084482,2,Saturday,0,2025-07-12,Saturday,2,30
22,13.415825624333632,20.97869320884274,2,Saturday,0,2025-07-12,Saturday,2,30
22,13.628872073659235,10.226108746933397,2,Saturday,0,2025-07-12,Saturday,2,30
18,17.789126075054615,29.671020733068275,2,Saturday,0,2025-07-12,Saturday,2,30
3,2.0804138508155403,4.805309884323488,2,Saturday,0,2025-07-12,Saturday,2,30
18,3.2593094956249393,6.628267680004315,2,Saturday,0,2025-07-12,Saturday,2,30
22,18.891117243712436,27.011554234353767,2,Saturday,0,2025-07-19,Saturday,2,38
21,6.309125514360044,0.7582964503551344,2,Saturday,0,2025-07-19,Saturday,2,38
19,11.379156644627287,30.46603368274562,2,Saturday,0,2025-07-19,Saturday,2,38
19,15.791471709062954,23.87588688857856,2,Saturday,0,2025-07-19,Saturday,2,38
14,6.189448719338878,3.805117601034828,2,Saturday,0,2025-07-19,Saturday,2,38
17,7.8136028578199985,12.8698077333742,2,Saturday,0,2025-07-19,Saturday,2,38
12,64.91722636608358,9.87030501430783,2,Saturday,0,2025-07-19,Saturday,2,38
14,3.5930090805725685,11.314708402522744,2,Saturday,0,2025-07-19,Saturday,2,38
20,48.486373041003105,33.56921183993864,2,Saturday,0,2025-07-19,Saturday,2,38
6,12.214722569456221,5.109770888080182,2,Saturday,0,2025-07-19,Saturday,2,38
22,9.85845234332794,14.6273968334141,2,Saturday,0,2025-07-19,Saturday,2,38
17,7.107594882833413,10.339321911678729,2,Saturday,0,2025-07-19,Saturday,2,38
19,14.4518560669053,5.722186342012869,2,Saturday,0,2025-07-19,Saturday,2,38
8,15.567944936181327,17.673798011986705,2,Saturday,0,2025-07-19,Saturday,2,38
15,16.58875656557114,7.8126669147348915,2,Saturday,0,2025-07-19,Saturday,2,38
16,16.498329342977648,2.134343308041855,2,Saturday,0,2025-07-19,Saturday,2,38
14,13.38415783254328,1.1787280843283692,2,Saturday,0,2025-07-19,Saturday,2,38
19,4.30852058408325,2.951969513028536,2,Saturday,0,2025-07-19,Saturday,2,38
18,15.477032852715315,9.174361538164678,2,Saturday,0,2025-07-19,Saturday,2,38
16,3.9847408260428505,8.856783542515362,2,Saturday,0,2025-07-19,Saturday,2,38
20,16.552362538352927,6.8322520802129585,2,Saturday,0,2025-07-19,Saturday,2,38
15,19.8251712105284,15.920032685697503,2,Saturday,0,2025-07-19,Saturday,2,38
18,25.665997734148085,12.943394508117018,2,Saturday,0,2025-07-19,Saturday,2,38
21,19.811611611649038,2.3184240889392425,2,Saturday,0,2025-07-19,Saturday,2,38
16,8.464009462423196,6.420948261556508,2,Saturday,0,2025-07-19,Saturday,2,38
20,16.702436132475558,11.961552074129985,2,Saturday,0,2025-07-19,Saturday,2,38
18,11.7255565865823,7.7936899617611655,2,Saturday,0,2025-07-19,Saturday,2,38
2,8.250713977330971,4.034199936684946,2,Saturday,0,2025-07-19,Saturday,2,38
20,16.01587452870114,5.208029193899873,2,Saturday,0,2025-07-19,Saturday,2,38
19,16.875975979621604,12.104126344481276,2,Saturday,0,2025-07-19,Saturday,2,38
16,12.684850166633495,2.3023287931619416,2,Saturday,0,2025-07-19,Saturday,2,38
19,53.14270162843513,10.462972861024799,2,Saturday,0,2025-07-19,Saturday,2,38
18,6.223308078488995,4.959351663907716,2,Saturday,0,2025-07-19,Saturday,2,38
11,32.32205684445585,7.455139899174693,2,Saturday,0,2025-07-19,Saturday,2,38
17,5.328436480286838,7.015874719389119,2,Saturday,0,2025-07-19,Saturday,2,38
14,20.900004658071296,6.047163935264189,2,Saturday,0,2025-07-19,Saturday,2,38
16,17.38511589834607,17.987355980040316,2,Saturday,0,2025-07-19,Saturday,2,38
15,4.4401834743534385,24.150545645150935,2,Saturday,0,2025-07-19,Saturday,2,38
14,22.34285736663164,4.23876384415642,2,Saturday,0,2025-07-26,Saturday,2,44
13,19.524128516468817,1.5183655980704778,2,Saturday,0,2025-07-26,Saturday,2,44
21,19.941768973730294,9.633117921956348,2,Saturday,0,2025-07-26,Saturday,2,44
17,19.66447686835206,3.3831806087113483,2,Saturday,0,2025-07-26,Saturday,2,44
0,27.037358066462186,28.12054227041197,2,Saturday,0,2025-07-26,Saturday,2,44
23,14.060651113164962,61.99814482365264,2,Saturday,0,2025-07-26,Saturday,2,44
23,8.222304648095966,11.372577518714392,2,Saturday,0,2025-07-26,Saturday,2,44
16,53.682962340932484,4.480595795269485,2,Saturday,0,2025-07-26,Saturday,2,44
17,18.313560422299517,3.0465717071143006,2,Saturday,0,2025-07-26,Saturday,2,44
23,12.331557481189567,30.320325628123772,2,Saturday,0,2025-07-26,Saturday,2,44
2,4.01221214482849,14.940386655723511,2,Saturday,0,2025-07-26,Saturday,2,44
19,37.81661111141059,24.479325859917694,2,Saturday,0,2025-07-26,Saturday,2,44
18,4.001645184558798,11.116810687620191,2,Saturday,0,2025-07-26,Saturday,2,44
9,23.877095507072614,25.052252932763878,2,Saturday,0,2025-07-26,Saturday,2,44
3,4.694960145558095,7.239250107768698,2,Saturday,0,2025-07-26,Saturday,2,44
10,17.197386725618347,2.7164920009459177,2,Saturday,0,2025-07-26,Saturday,2,44
22,22.000888681272144,4.512298855364982,2,Saturday,0,2025-07-26,Saturday,2,44
16,2.2938872748146406,18.480322609418543,2,Saturday,0,2025-07-26,Saturday,2,44
18,23.296324595566865,43.440648784046466,2,Saturday,0,2025-07-26,Saturday,2,44
20,20.488264331629555,14.58247947475773,2,Saturday,0,2025-07-26,Saturday,2,44
18,18.514172992315533,12.481126213479126,2,Saturday,0,2025-07-26,Saturday,2,44
16,13.845019667688888,3.4478945411172512,2,Saturday,0,2025-07-26,Saturday,2,44
19,11.39801026270047,31.620228528541332,2,Saturday,0,2025-07-26,Saturday,2,44
18,20.71702033705677,12.44255546886204,2,Saturday,0,2025-07-26,Saturday,2,44
11,11.64245821648839,15.099663489463934,2,Saturday,0,2025-07-26,Saturday,2,44
10,17.040921892598394,10.47723873109699,2,Saturday,0,2025-07-26,Saturday,2,44
14,47.88601344510383,1.113667447043911,2,Saturday,0,2025-07-26,Saturday,2,44
19,7.825974920825677,14.501377422996416,2,Saturday,0,2025-07-26,Saturday,2,44
22,12.109253633425606,7.623763892509949,2,Saturday,0,2025-07-26,Saturday,2,44
14,3.887745015321081,12.222828803153963,2,Saturday,0,2025-07-26,Saturday,2,44
18,15.205967496389317,4.702099052502975,2,Saturday,0,2025-07-26,Saturday,2,44
18,9.960191712042178,12.400718741363287,2,Saturday,0,2025-07-26,Saturday,2,44
21,16.672715340827875,20.52588264551136,2,Saturday,0,2025-07-26,Saturday,2,44
18,22.1940074832519,5.563536521599366,2,Saturday,0,2025-07-26,Saturday,2,44
19,19.58077293358903,36.450118893865195,2,Saturday,0,2025-07-26,Saturday,2,44
18,17.040810116433722,4.058888996702299,2,Saturday,0,2025-07-26,Saturday,2,44
15,22.020288710157264,12.99965741170998,2,Saturday,0,2025-07-26,Saturday,2,44
19,13.15471803666954,6.696324083315866,2,Saturday,0,2025-07-26,Saturday,2,44
20,17.27965547604799,10.977296059972344,2,Saturday,0,2025-07-26,Saturday,2,44
12,4.365828901899688,8.512756500505416,2,Saturday,0,2025-07-26,Saturday,2,44
10,3.950047782521877,6.250196842338436,2,Saturday,0,2025-07-26,Saturday,2,44
15,3.5122993864675554,25.779900668602767,2,Saturday,0,2025-07-26,Saturday,2,44
19,12.305642941337066,7.435385838600602,2,Saturday,0,2025-07-26,Saturday,2,44
16,19.36574726761081,15.171294993099925,2,Saturday,0,2025-07-26,Saturday,2,44
18,3.8226861221453654,8.952613468993695,2,Saturday,0,2025-08-02,Saturday,2,29
18,19.455458833644787,17.08516694089808,2,Saturday,0,2025-08-02,Saturday,2,29
15,19.533882546618404,10.185348411163016,2,Saturday,0,2025-08-02,Saturday,2,29
17,3.330786399608927,5.590886120425067,2,Saturday,0,2025-08-02,Saturday,2,29
18,19.49851008396121,28.05545684667993,2,Saturday,0,2025-08-02,Saturday,2,29
19,11.423788213547628,2.835892103209261,2,Saturday,0,2025-08-02,Saturday,2,29
17,20.221888094899295,26.023341434874375,2,Saturday,0,2025-08-02,Saturday,2,29
20,27.069725027403987,5.847626513748331,2,Saturday,0,2025-08-02,Saturday,2,29
23,16.867991297889372,14.065469122454012,2,Saturday,0,2025-08-02,Saturday,2,29
17,77.12745384425602,11.533588120072901,2,Saturday,0,2025-08-02,Saturday,2,29
19,17.236661079798417,5.17820053746673,2,Saturday,0,2025-08-02,Saturday,2,29
14,20.9232099412984,22.110559371072565,2,Saturday,0,2025-08-02,Saturday,2,29
14,4.414274434658454,7.274482398484015,2,Saturday,0,2025-08-02,Saturday,2,29
0,12.54464454505558,4.93361500414273,2,Saturday,0,2025-08-02,Saturday,2,29
15,11.954522573115096,26.96012845096842,2,Saturday,0,2025-08-02,Saturday,2,29
13,2.341848104487521,2.361924559644199,2,Saturday,0,2025-08-02,Saturday,2,29
16,9.136493811318834,28.289348686178403,2,Saturday,0,2025-08-02,Saturday,2,29
14,16.124396014322308,21.08220079639911,2,Saturday,0,2025-08-02,Saturday,2,29
22,19.11741588399639,1.4708404964284982,2,Saturday,0,2025-08-02,Saturday,2,29
19,14.80908347522108,36.23744641585366,2,Saturday,0,2025-08-02,Saturday,2,29
18,24.96262345761624,4.879893782766874,2,Saturday,0,2025-08-02,Saturday,2,29
17,17.456980806151805,30.979891304566785,2,Saturday,0,2025-08-02,Saturday,2,29
16,6.884276595838412,10.164857232829554,2,Saturday,0,2025-08-02,Saturday,2,29
17,17.177973609095403,16.707755383229276,2,Saturday,0,2025-08-02,Saturday,2,29
10,5.963655280709807,3.3153386736798494,2,Saturday,0,2025-08-02,Saturday,2,29
23,19.702287223221965,40.06635582167167,2,Saturday,0,2025-08-02,Saturday,2,29
13,10.032041606798767,9.757035161433068,2,Saturday,0,2025-08-02,Saturday,2,29
17,14.621604976563784,15.644873028684703,2,Saturday,0,2025-08-02,Saturday,2,29
17,12.898865421578947,13.993342179935352,2,Saturday,0,2025-08-02,Saturday,2,29
16,20.727428478444,5.66771113168803,2,Saturday,0,2025-08-09,Saturday,2,48
20,17.029956391875356,9.645674676464495,2,Saturday,0,2025-08-09,Saturday,2,48
6,5.836169586632498,3.788652106540926,2,Saturday,0,2025-08-09,Saturday,2,48
16,40.54906067478679,11.394376219827514,2,Saturday,0,2025-08-09,Saturday,2,48
20,8.52086339999463,10.363433109487916,2,Saturday,0,2025-08-09,Saturday,2,48
19,56.14890284356577,11.34066055118531,2,Saturday,0,2025-08-09,Saturday,2,48
14,11.161832345104234,30.336631835842752,2,Saturday,0,2025-08-09,Saturday,2,48
16,14.597984601524729,11.096901716566151,2,Saturday,0,2025-08-09,Saturday,2,48
9,17.02344679897678,27.288968687908557,2,Saturday,0,2025-08-09,Saturday,2,48
2,19.895544907139342,8.795030917769713,2,Saturday,0,2025-08-09,Saturday,2,48
17,14.026517431960151,18.409078572994993,2,Saturday,0,2025-08-09,Saturday,2,48
15,22.903317875363243,6.8668745106901445,2,Saturday,0,2025-08-09,Saturday,2,48
17,15.81361786991463,7.840821012213855,2,Saturday,0,2025-08-09,Saturday,2,48
20,4.692371369826079,21.780571496768665,2,Saturday,0,2025-08-09,Saturday,2,48
20,14.523059690665548,21.808650969044173,2,Saturday,0,2025-08-09,Saturday,2,48
13,119.9167001192093,7.317030446640581,2,Saturday,0,2025-08-09,Saturday,2,48
19,12.786551170057095,4.485053682776932,2,Saturday,0,2025-08-09,Saturday,2,48
19,14.458459215039316,13.473129249346302,2,Saturday,0,2025-08-09,Saturday,2,48
19,33.85692516830566,6.901696153951682,2,Saturday,0,2025-08-09,Saturday,2,48
16,21.02785459938663,16.938240303528975,2,Saturday,0,2025-08-09,Saturday,2,48
19,5.663497544283773,8.992646200921346,2,Saturday,0,2025-08-09,Saturday,2,48
20,13.142932371044523,6.332457444214965,2,Saturday,0,2025-08-09,Saturday,2,48
20,15.752512202276726,24.06399329696469,2,Saturday,0,2025-08-09,Saturday,2,48
17,31.02472152669073,17.55905976000448,2,Saturday,0,2025-08-09,Saturday,2,48
15,3.0439403111957777,16.03824096420808,2,Saturday,0,2025-08-09,Saturday,2,48
15,25.715984585821218,5.046914302318381,2,Saturday,0,2025-08-09,Saturday,2,48
17,18.807380579400284,23.237080729920145,2,Saturday,0,2025-08-09,Saturday,2,48
18,2.936721388561424,7.50322073492197,2,Saturday,0,2025-08-09,Saturday,2,48
19,23.124182942095654,12.440837383166967,2,Saturday,0,2025-08-09,Saturday,2,48
14,60.88090085905114,7.169466713782011,2,Saturday,0,2025-08-09,Saturday,2,48
20,13.585558742497408,10.969598307002881,2,Saturday,0,2025-08-09,Saturday,2,48
0,15.102067964853855,83.97367181950057,2,Saturday,0,2025-08-09,Saturday,2,48
22,23.856372140174397,12.44263083211597,2,Saturday,0,2025-08-09,Saturday,2,48
11,2.1947483042933675,8.953085421119804,2,Saturday,0,2025-08-09,Saturday,2,48
14,18.93592456278179,4.075281243232095,2,Saturday,0,2025-08-09,Saturday,2,48
0,14.30543108929665,14.694873495350139,2,Saturday,0,2025-08-09,Saturday,2,48
5,5.947829805716743,64.24236279886998,2,Saturday,0,2025-08-09,Saturday,2,48
16,12.131727834896793,4.3526171511035905,2,Saturday,0,2025-08-09,Saturday,2,48
13,22.93694271038265,1.721307159413414,2,Saturday,0,2025-08-09,Saturday,2,48
16,20.234768612067093,21.36778829785378,2,Saturday,0,2025-08-09,Saturday,2,48
21,14.635840239798743,10.10839639382643,2,Saturday,0,2025-08-09,Saturday,2,48
18,21.54848835562605,7.214587448882074,2,Saturday,0,2025-08-09,Saturday,2,48
15,33.44845890780584,13.619353147417158,2,Saturday,0,2025-08-09,Saturday,2,48
19,17.63818841600609,10.86568721796182,2,Saturday,0,2025-08-09,Saturday,2,48
17,30.03162167802282,9.927106797034815,2,Saturday,0,2025-08-09,Saturday,2,48
14,15.228310380027711,4.759179432532073,2,Saturday,0,2025-08-09,Saturday,2,48
15,20.986259104110832,19.136340852762668,2,Saturday,0,2025-08-09,Saturday,2,48
18,10.079603609646167,12.274915794802242,2,Saturday,0,2025-08-09,Saturday,2,48
20,14.698774752441295,5.982148567611045,2,Saturday,0,2025-08-16,Saturday,2,33
15,3.8816739813824856,10.967820588493215,2,Saturday,0,2025-08-16,Saturday,2,33
15,14.313226497566738,16.572660082107173,2,Saturday,0,2025-08-16,Saturday,2,33
20,11.986853660639877,9.192858608154962,2,Saturday,0,2025-08-16,Saturday,2,33
14,15.347711680016431,9.57619243139597,2,Saturday,0,2025-08-16,Saturday,2,33
14,33.855174411679094,3.608696852283157,2,Saturday,0,2025-08-16,Saturday,2,33
20,11.405273502041556,10.762207876223265,2,Saturday,0,2025-08-16,Saturday,2,33
16,11.867779251981702,5.714591313655403,2,Saturday,0,2025-08-16,Saturday,2,33
19,2.181003368409321,4.420963764190673,2,Saturday,0,2025-08-16,Saturday,2,33
17,19.994838541065324,1.487406765412683,2,Saturday,0,2025-08-16,Saturday,2,33
14,106.19134221801211,2.837304583783599,2,Saturday,0,2025-08-16,Saturday,2,33
12,21.88960090486482,22.0670534765073,2,Saturday,0,2025-08-16,Saturday,2,33
16,13.246602936426672,6.204219796762295,2,Saturday,0,2025-08-16,Saturday,2,33
14,36.83327761314947,23.32340511289371,2,Saturday,0,2025-08-16,Saturday,2,33
21,12.132503468791285,20.67839265237286,2,Saturday,0,2025-08-16,Saturday,2,33
14,14.688968339174497,23.248441343790002,2,Saturday,0,2025-08-16,Saturday,2,33
10,22.999642750507086,6.592396472156086,2,Saturday,0,2025-08-16,Saturday,2,33
19,18.04405879800404,16.087530447378906,2,Saturday,0,2025-08-16,Saturday,2,33
18,46.218076533108785,12.135785733647204,2,Saturday,0,2025-08-16,Saturday,2,33
14,18.849828578420187,3.2620804687452454,2,Saturday,0,2025-08-16,Saturday,2,33
15,4.520935894716951,8.364600383103655,2,Saturday,0,2025-08-16,Saturday,2,33
21,15.454795442911788,15.764432506989912,2,Saturday,0,2025-08-16,Saturday,2,33
10,6.51145655503097,6.727763034268577,2,Saturday,0,2025-08-16,Saturday,2,33
11,10.849188789031487,18.925998898777898,2,Saturday,0,2025-08-16,Saturday,2,33
15,14.25388849018977,4.378486828825309,2,Saturday,0,2025-08-16,Saturday,2,33
22,8.979738353327388,8.533105895593167,2,Saturday,0,2025-08-16,Saturday,2,33
23,7.155990754334952,7.217110235639822,2,Saturday,0,2025-08-16,Saturday,2,33
13,6.158191609784132,13.00364794472386,2,Saturday,0,2025-08-16,Saturday,2,33
18,19.318164807758567,27.484598413001244,2,Saturday,0,2025-08-16,Saturday,2,33
17,19.14954550102899,15.870335086224364,2,Saturday,0,2025-08-16,Saturday,2,33
21,10.268869912835186,14.796762908397541,2,Saturday,0,2025-08-16,Saturday,2,33
23,29.61237876849999,2.3086974945699485,2,Saturday,0,2025-08-16,Saturday,2,33
19,3.0952559060453915,5.672251610327729,2,Saturday,0,2025-08-16,Saturday,2,33
23,13.979282034381207,16.618832281512418,2,Saturday,0,2025-08-23,Saturday,2,27
17,8.491589564056818,18.636066670676204,2,Saturday,0,2025-08-23,Saturday,2,27
15,7.143361203898315,13.568636072427495,2,Saturday,0,2025-08-23,Saturday,2,27
16,9.110925252885306,13.308335948200426,2,Saturday,0,2025-08-23,Saturday,2,27
20,15.9847846564643,4.211305837242445,2,Saturday,0,2025-08-23,Saturday,2,27
21,15.437223056197713,4.4949056171072,2,Saturday,0,2025-08-23,Saturday,2,27
12,3.9510196190451565,3.767861661108663,2,Saturday,0,2025-08-23,Saturday,2,27
22,25.672653920430307,8.3446480802073,2,Saturday,0,2025-08-23,Saturday,2,27
15,12.743934151564318,5.639034123586607,2,Saturday,0,2025-08-23,Saturday,2,27
15,44.53118748815127,0.797956394737847,2,Saturday,0,2025-08-23,Saturday,2,27
19,17.317624731878848,15.080213095437253,2,Saturday,0,2025-08-23,Saturday,2,27
17,24.957980015704283,15.86555007129353,2,Saturday,0,2025-08-23,Saturday,2,27
17,2.0468273968045265,5.927059746376105,2,Saturday,0,2025-08-23,Saturday,2,27
19,15.935931936524678,32.183451246084545,2,Saturday,0,2025-08-23,Saturday,2,27
21,24.255324665964427,1.8172389709777634,2,Saturday,0,2025-08-23,Saturday,2,27
17,2.583404709146472,14.044632798571826,2,Saturday,0,2025-08-23,Saturday,2,27
14,7.34105133365506,50.12912011510152,2,Saturday,0,2025-08-23,Saturday,2,27
16,22.225933512356125,13.778900662679266,2,Saturday,0,2025-08-23,Saturday,2,27
15,20.03074501595624,10.475867264691463,2,Saturday,0,2025-08-23,Saturday,2,27
17,29.179090656809183,4.611600793737507,2,Saturday,0,2025-08-23,Saturday,2,27
20,12.895435005959897,17.8881018179111,2,Saturday,0,2025-08-23,Saturday,2,27
15,12.576692868052191,20.940692151758793,2,Saturday,0,2025-08-23,Saturday,2,27
17,74.36796844924162,3.1084217055569576,2,Saturday,0,2025-08-23,Saturday,2,27
13,26.985839929071307,5.199606050267987,2,Saturday,0,2025-08-23,Saturday,2,27
15,62.23763568086865,6.35959536465298,2,Saturday,0,2025-08-23,Saturday,2,27
17,18.397141116955236,11.699042918234701,2,Saturday,0,2025-08-23,Saturday,2,27
18,7.09161685527897,10.42438389378428,2,Saturday,0,2025-08-23,Saturday,2,27
17,18.035221907485063,16.176769630110012,2,Saturday,0,2025-08-30,Saturday,2,30
17,27.879960395103904,26.052473994258058,2,Saturday,0,2025-08-30,Saturday,2,30
14,14.181827001749493,3.2083492521730745,2,Saturday,0,2025-08-30,Saturday,2,30
19,15.075233320484404,7.310485767807305,2,Saturday,0,2025-08-30,Saturday,2,30
18,13.755260728677875,9.292455491781446,2,Saturday,0,2025-08-30,Saturday,2,30
17,37.55893853263814,23.121343872557485,2,Saturday,0,2025-08-30,Saturday,2,30
23,14.314345327211274,26.27645204866032,2,Saturday,0,2025-08-30,Saturday,2,30
16,24.07994305291435,9.344673394444014,2,Saturday,0,2025-08-30,Saturday,2,30
16,13.341810318152213,10.367978707158072,2,Saturday,0,2025-08-30,Saturday,2,30
19,25.818933215860497,1.3600732523116155,2,Saturday,0,2025-08-30,Saturday,2,30
18,3.6873725777528596,16.594963536254944,2,Saturday,0,2025-08-30,Saturday,2,30
17,16.104927867366268,32.75194454256641,2,Saturday,0,2025-08-30,Saturday,2,30
14,24.80014003953352,3.744897482195137,2,Saturday,0,2025-08-30,Saturday,2,30
18,11.684720980877554,53.67828822620998,2,Saturday,0,2025-08-30,Saturday,2,30
19,3.847269662450798,2.462024717018238,2,Saturday,0,2025-08-30,Saturday,2,30
18,19.860517859867134,11.454936141052972,2,Saturday,0,2025-08-30,Saturday,2,30
20,16.20063884238424,7.228453208357022,2,Saturday,0,2025-08-30,Saturday,2,30
19,9.867494149306122,23.397263676322215,2,Saturday,0,2025-08-30,Saturday,2,30
3,5.414247823901651,18.310024023044843,2,Saturday,0,2025-08-30,Saturday,2,30
5,57.28342849231245,5.2233976459904,2,Saturday,0,2025-08-30,Saturday,2,30
21,2.9575935939081592,14.705882022020493,2,Saturday,0,2025-08-30,Saturday,2,30
16,13.80898546840556,3.9105112697915096,2,Saturday,0,2025-08-30,Saturday,2,30
16,23.890409851055086,12.984250108535141,2,Saturday,0,2025-08-30,Saturday,2,30
13,4.161381002107889,2.8043112292320265,2,Saturday,0,2025-08-30,Saturday,2,30
10,100.25480712222232,3.6937450511121517,2,Saturday,0,2025-08-30,Saturday,2,30
17,17.79539297908424,6.2872764625495146,2,Saturday,0,2025-08-30,Saturday,2,30
15,33.905734864604796,7.140599006057011,2,Saturday,0,2025-08-30,Saturday,2,30
17,16.953761962075237,6.373862187765377,2,Saturday,0,2025-08-30,Saturday,2,30
10,2.7666602168428662,5.711982388063794,2,Saturday,0,2025-08-30,Saturday,2,30
15,3.278499300109031,33.150882822337,2,Saturday,0,2025-08-30,Saturday,2,30
8,3.1344367529931194,23.115535472240516,2,Saturday,0,2025-09-06,Saturday,2,39
20,12.724173976964387,4.481801240640872,2,Saturday,0,2025-09-06,Saturday,2,39
16,4.29583170882294,8.966659156009293,2,Saturday,0,2025-09-06,Saturday,2,39
11,3.2510378733287997,4.259577556349968,2,Saturday,0,2025-09-06,Saturday,2,39
21,15.442982169237503,5.297575248600011,2,Saturday,0,2025-09-06,Saturday,2,39
13,6.294401143329367,6.087442333487094,2,Saturday,0,2025-09-06,Saturday,2,39
20,13.353591030237826,13.666342257802544,2,Saturday,0,2025-09-06,Saturday,2,39
20,12.913449839657279,12.957016204536584,2,Saturday,0,2025-09-06,Saturday,2,39
16,10.37328670822296,2.9935388639102456,2,Saturday,0,2025-09-06,Saturday,2,39
23,14.6762754273819,10.66576492087955,2,Saturday,0,2025-09-06,Saturday,2,39
20,14.410642212066382,3.527391344612539,2,Saturday,0,2025-09-06,Saturday,2,39
15,5.751088413250825,5.055461321342432,2,Saturday,0,2025-09-06,Saturday,2,39
16,19.03074366586719,5.472122858348864,2,Saturday,0,2025-09-06,Saturday,2,39
17,12.344944780396023,41.025916225218324,2,Saturday,0,2025-09-06,Saturday,2,39
16,16.581771825955393,10.51312428413401,2,Saturday,0,2025-09-06,Saturday,2,39
18,15.705063854957377,6.4723671301800705,2,Saturday,0,2025-09-06,Saturday,2,39
18,9.290150979077502,6.632925215032013,2,Saturday,0,2025-09-06,Saturday,2,39
15,6.733195850295867,28.320225373847375,2,Saturday,0,2025-09-06,Saturday,2,39
13,25.985995075906786,8.007430555624772,2,Saturday,0,2025-09-06,Saturday,2,39
17,50.40676183946775,10.834837255088342,2,Saturday,0,2025-09-06,Saturday,2,39
13,4.72274523089054,10.962703553525799,2,Saturday,0,2025-09-06,Saturday,2,39
19,15.096626496904324,1.3040781737133913,2,Saturday,0,2025-09-06,Saturday,2,39
20,17.345936334748057,28.812026882689135,2,Saturday,0,2025-09-06,Saturday,2,39
19,21.862194774844564,19.63928431648865,2,Saturday,0,2025-09-06,Saturday,2,39
22,12.322954990541295,22.178514906757954,2,Saturday,0,2025-09-06,Saturday,2,39
21,57.12925576802314,4.361521649798179,2,Saturday,0,2025-09-06,Saturday,2,39
13,11.763908210452907,5.500197090550098,2,Saturday,0,2025-09-06,Saturday,2,39
13,2.6938463116777376,9.06601568546303,2,Saturday,0,2025-09-06,Saturday,2,39
12,11.020329584404294,1.2737266802144624,2,Saturday,0,2025-09-06,Saturday,2,39
16,15.555607294678442,15.881621295683447,2,Saturday,0,2025-09-06,Saturday,2,39
11,20.05711251647329,42.424473849212575,2,Saturday,0,2025-09-06,Saturday,2,39
18,13.728684110854715,9.230611107158355,2,Saturday,0,2025-09-06,Saturday,2,39
21,22.878984941248486,11.213331033972711,2,Saturday,0,2025-09-06,Saturday,2,39
7,23.874197193124054,14.488709927521391,2,Saturday,0,2025-09-06,Saturday,2,39
17,9.853673114578735,13.99103051109974,2,Saturday,0,2025-09-06,Saturday,2,39
17,22.75653592240238,2.3163840738471606,2,Saturday,0,2025-09-06,Saturday,2,39
15,2.037001561466293,1.8136566600712511,2,Saturday,0,2025-09-06,Saturday,2,39
17,14.672670733321667,15.702850871939697,2,Saturday,0,2025-09-06,Saturday,2,39
19,13.622729864394884,5.730154564924676,2,Saturday,0,2025-09-06,Saturday,2,39
17,7.695407781285253,12.501816111781581,2,Saturday,0,2025-09-13,Saturday,2,43
10,4.227195232977969,5.7110503487781275,2,Saturday,0,2025-09-13,Saturday,2,43
16,7.317547963092886,2.1745637921232834,2,Saturday,0,2025-09-13,Saturday,2,43
21,10.415848055038882,5.7181820226987625,2,Saturday,0,2025-09-13,Saturday,2,43
6,7.25535541105087,38.124954452956544,2,Saturday,0,2025-09-13,Saturday,2,43
3,18.88446814096437,20.64003588282385,2,Saturday,0,2025-09-13,Saturday,2,43
15,13.771409799312547,20.380127632763983,2,Saturday,0,2025-09-13,Saturday,2,43
18,15.14775620518564,5.610748282524121,2,Saturday,0,2025-09-13,Saturday,2,43
20,16.649965630996203,12.062030325198565,2,Saturday,0,2025-09-13,Saturday,2,43
21,12.268899972062492,54.501062115584034,2,Saturday,0,2025-09-13,Saturday,2,43
0,7.3429400496525625,12.389541988286558,2,Saturday,0,2025-09-13,Saturday,2,43
14,9.026990917219234,8.042754997650785,2,Saturday,0,2025-09-13,Saturday,2,43
22,22.82571438848992,22.748921865804068,2,Saturday,0,2025-09-13,Saturday,2,43
0,12.69273118347894,9.61054331540209,2,Saturday,0,2025-09-13,Saturday,2,43
6,4.294405350540975,3.4386956628679126,2,Saturday,0,2025-09-13,Saturday,2,43
18,19.03258749574078,7.486618836447531,2,Saturday,0,2025-09-13,Saturday,2,43
20,6.4312387109682385,16.503901875387562,2,Saturday,0,2025-09-13,Saturday,2,43
14,21.604422961947424,10.614085147122912,2,Saturday,0,2025-09-13,Saturday,2,43
13,3.2803600920406293,11.341249910332193,2,Saturday,0,2025-09-13,Saturday,2,43
22,18.134733196607556,64.33295417071803,2,Saturday,0,2025-09-13,Saturday,2,43
18,12.725213863572119,13.30897560000074,2,Saturday,0,2025-09-13,Saturday,2,43
16,2.7368993508494794,6.6009597694415145,2,Saturday,0,2025-09-13,Saturday,2,43
20,12.97030104856302,3.7616496061812548,2,Saturday,0,2025-09-13,Saturday,2,43
20,8.919849550812359,7.325592995202728,2,Saturday,0,2025-09-13,Saturday,2,43
18,4.727914772476101,15.049477102713931,2,Saturday,0,2025-09-13,Saturday,2,43
11,10.780168138449152,16.510622878803698,2,Saturday,0,2025-09-13,Saturday,2,43
17,32.363158878475325,31.70518833822779,2,Saturday,0,2025-09-13,Saturday,2,43
11,34.40852734219433,5.562461660104996,2,Saturday,0,2025-09-13,Saturday,2,43
17,9.601000371393848,13.626846917491928,2,Saturday,0,2025-09-13,Saturday,2,43
9,12.60746670493075,2.270056627110322,2,Saturday,0,2025-09-13,Saturday,2,43
6,2.445021674561027,9.434565243741194,2,Saturday,0,2025-09-13,Saturday,2,43
22,15.012361343730234,6.400251229446284,2,Saturday,0,2025-09-13,Saturday,2,43
16,23.789527282076293,7.959092606077693,2,Saturday,0,2025-09-13,Saturday,2,43
21,14.182046410019598,15.173969231795327,2,Saturday,0,2025-09-13,Saturday,2,43
17,2.0668772049948574,5.446644840317976,2,Saturday,0,2025-09-13,Saturday,2,43
20,13.321924244982071,15.711820634784296,2,Saturday,0,2025-09-13,Saturday,2,43
10,3.0564068004844054,1.7040760841501088,2,Saturday,0,2025-09-13,Saturday,2,43
10,15.836535111309246,19.67735914457839,2,Saturday,0,2025-09-13,Saturday,2,43
21,7.219950662647236,14.416213124299754,2,Saturday,0,2025-09-13,Saturday,2,43
22,19.728398481830737,16.997700121718207,2,Saturday,0,2025-09-13,Saturday,2,43
12,40.0880684569222,6.604384615332832,2,Saturday,0,2025-09-13,Saturday,2,43
18,4.88284247171776,13.44133746915053,2,Saturday,0,2025-09-13,Saturday,2,43
22,11.744925633718765,6.600822651854177,2,Saturday,0,2025-09-13,Saturday,2,43
22,17.330918563129543,21.457777724317705,2,Saturday,0,2025-09-20,Saturday,2,37
16,12.820779709441329,2.5730973395291175,2,Saturday,0,2025-09-20,Saturday,2,37
19,2.6442588020386113,0.7316409541697897,2,Saturday,0,2025-09-20,Saturday,2,37
18,14.78634778134657,12.039918942113287,2,Saturday,0,2025-09-20,Saturday,2,37
17,10.65811440351381,8.753888507458445,2,Saturday,0,2025-09-20,Saturday,2,37
19,26.79243054783216,11.34400867340503,2,Saturday,0,2025-09-20,Saturday,2,37
21,27.09502677378143,2.332320472953274,2,Saturday,0,2025-09-20,Saturday,2,37
16,2.310804220046197,8.714675899482446,2,Saturday,0,2025-09-20,Saturday,2,37
21,11.11994920881651,7.091790759706418,2,Saturday,0,2025-09-20,Saturday,2,37
19,10.363803717418229,8.71242692299272,2,Saturday,0,2025-09-20,Saturday,2,37
23,7.476255771838341,9.089995141544945,2,Saturday,0,2025-09-20,Saturday,2,37
16,12.655520696712312,4.242792569892429,2,Saturday,0,2025-09-20,Saturday,2,37
19,15.83720971065269,19.722252780248233,2,Saturday,0,2025-09-20,Saturday,2,37
23,9.450196503953741,14.895512002686074,2,Saturday,0,2025-09-20,Saturday,2,37
16,8.67622518595078,3.1022585947912065,2,Saturday,0,2025-09-20,Saturday,2,37
16,106.64421033761928,9.70642903872348,2,Saturday,0,2025-09-20,Saturday,2,37
19,10.588294658006689,38.57420440226738,2,Saturday,0,2025-09-20,Saturday,2,37
22,7.248927653756571,6.548021922090403,2,Saturday,0,2025-09-20,Saturday,2,37
18,16.71801106893704,8.024942904786158,2,Saturday,0,2025-09-20,Saturday,2,37
23,11.167694730022586,13.913005895145657,2,Saturday,0,2025-09-20,Saturday,2,37
11,8.682479391280856,3.8090351447983775,2,Saturday,0,2025-09-20,Saturday,2,37
21,18.75355919794836,14.749206734921174,2,Saturday,0,2025-09-20,Saturday,2,37
0,8.96057917209447,23.391255533976956,2,Saturday,0,2025-09-20,Saturday,2,37
17,25.498107565102476,17.804003158790987,2,Saturday,0,2025-09-20,Saturday,2,37
15,6.618392957608353,8.934544324440187,2,Saturday,0,2025-09-20,Saturday,2,37
17,5.619185275027069,13.259495074896382,2,Saturday,0,2025-09-20,Saturday,2,37
5,7.993751217482725,7.9443602865623255,2,Saturday,0,2025-09-20,Saturday,2,37
14,2.0507703961305332,12.535762884319125,2,Saturday,0,2025-09-20,Saturday,2,37
21,20.181259918921423,10.998266917714137,2,Saturday,0,2025-09-20,Saturday,2,37
17,18.381453672648995,13.388353080541165,2,Saturday,0,2025-09-20,Saturday,2,37
15,17.114478529504325,1.3966459435014251,2,Saturday,0,2025-09-20,Saturday,2,37
15,7.5860819019670656,15.255200317942977,2,Saturday,0,2025-09-20,Saturday,2,37
11,4.457005275783156,29.411055174660426,2,Saturday,0,2025-09-20,Saturday,2,37
18,15.991810314499933,14.864883392725003,2,Saturday,0,2025-09-20,Saturday,2,37
16,56.51522674570165,4.267021195450289,2,Saturday,0,2025-09-20,Saturday,2,37
20,4.620208902396842,6.410323176947538,2,Saturday,0,2025-09-20,Saturday,2,37
17,15.644353315124725,27.49263690387662,2,Saturday,0,2025-09-20,Saturday,2,37
21,2.6175762883781974,3.7836298780366224,3,Mon-Th,0,2025-09-23,Mon-Th,3,35
18,18.827690920227667,20.500853847116666,3,Mon-Th,0,2025-09-23,Mon-Th,3,35
18,15.1323177468561,16.66651746504304,3,Mon-Th,0,2025-09-23,Mon-Th,3,35
14,2.8868870740857213,10.063414991417567,3,Mon-Th,0,2025-09-23,Mon-Th,3,35
23,12.28271403541704,29.10530077038879,3,Mon-Th,0,2025-09-23,Mon-Th,3,35
21,12.970248025886008,11.64316464656585,3,Mon-Th,0,2025-09-23,Mon-Th,3,35
16,16.116831265135016,26.803293644138076,3,Mon-Th,0,2025-09-23,Mon-Th,3,35
20,11.723557364805703,5.44047432112991,3,Mon-Th,0,2025-09-23,Mon-Th,3,35
18,13.419791330639974,26.99761931147249,3,Mon-Th,0,2025-09-23,Mon-Th,3,35
16,14.454645759418604,24.091010757093613,3,Mon-Th,0,2025-09-23,Mon-Th,3,35
16,14.668823269471243,12.83653527632847,3,Mon-Th,0,2025-09-23,Mon-Th,3,35
18,10.007829642974794,8.407613762452137,3,Mon-Th,0,2025-09-23,Mon-Th,3,35
17,28.139338469828576,3.5888730866048206,3,Mon-Th,0,2025-09-23,Mon-Th,3,35
20,12.27432700310213,29.520000801629056,3,Mon-Th,0,2025-09-23,Mon-Th,3,35
20,16.174692988874547,8.403612906240348,3,Mon-Th,0,2025-09-23,Mon-Th,3,35
22,7.9985823285482205,2.803763444778064,3,Mon-Th,0,2025-09-23,Mon-Th,3,35
16,28.92463429606118,15.043847167672173,3,Mon-Th,0,2025-09-23,Mon-Th,3,35
23,10.454749007908461,23.76707933417719,3,Mon-Th,0,2025-09-23,Mon-Th,3,35
23,15.782524261959324,69.75472882486348,3,Mon-Th,0,2025-09-23,Mon-Th,3,35
18,2.1107925101510325,5.138620343682976,3,Mon-Th,0,2025-09-23,Mon-Th,3,35
15,42.12204247622809,4.507574982968781,3,Mon-Th,0,2025-09-23,Mon-Th,3,35
20,10.156294228941327,10.975346496295238,3,Mon-Th,0,2025-09-23,Mon-Th,3,35
14,5.870366866558621,9.194414715392178,3,Mon-Th,0,2025-09-23,Mon-Th,3,35
18,18.119292697428808,29.267585687839304,3,Mon-Th,0,2025-09-23,Mon-Th,3,35
16,17.36485736783888,7.15585173832398,3,Mon-Th,0,2025-09-23,Mon-Th,3,35
17,14.788311289330437,6.005534724558056,3,Mon-Th,0,2025-09-23,Mon-Th,3,35
16,18.027191228902705,12.813062845945199,3,Mon-Th,0,2025-09-23,Mon-Th,3,35
18,15.581034908212068,9.179913574029394,3,Mon-Th,0,2025-09-23,Mon-Th,3,35
20,7.762567832275898,20.416853221227367,3,Mon-Th,0,2025-09-23,Mon-Th,3,35
15,11.504449206221729,12.25960336015742,3,Mon-Th,0,2025-09-23,Mon-Th,3,35
18,12.047945145854886,26.29577657977645,3,Mon-Th,0,2025-09-23,Mon-Th,3,35
11,7.5502257050079775,9.067656258536541,3,Mon-Th,0,2025-09-23,Mon-Th,3,35
16,11.377587868309249,20.421995162622313,3,Mon-Th,0,2025-09-23,Mon-Th,3,35
19,11.046375418184695,24.887733384491007,3,Mon-Th,0,2025-09-23,Mon-Th,3,35
17,14.17067471958186,6.2196794847213415,3,Mon-Th,0,2025-09-23,Mon-Th,3,35
18,13.811492979625708,9.818279904269822,3,Mon-Th,0,2025-09-24,Mon-Th,3,35
17,15.573498971929048,5.72980259308716,3,Mon-Th,0,2025-09-24,Mon-Th,3,35
18,14.594901603278878,8.895959635916393,3,Mon-Th,0,2025-09-24,Mon-Th,3,35
9,17.874042624042808,8.319071103271787,3,Mon-Th,0,2025-09-24,Mon-Th,3,35
19,15.376064038369584,14.080425964830205,3,Mon-Th,0,2025-09-24,Mon-Th,3,35
12,7.509580177754481,10.635601940434883,3,Mon-Th,0,2025-09-24,Mon-Th,3,35
20,13.171721754768924,17.173979197502437,3,Mon-Th,0,2025-09-24,Mon-Th,3,35
15,18.75784307833696,2.876932116196202,3,Mon-Th,0,2025-09-24,Mon-Th,3,35
23,10.84114310009452,38.983407970066764,3,Mon-Th,0,2025-09-24,Mon-Th,3,35
15,23.078395941269292,5.493369799108051,3,Mon-Th,0,2025-09-24,Mon-Th,3,35
20,14.85334037686884,13.061671068265229,3,Mon-Th,0,2025-09-24,Mon-Th,3,35
17,13.650906330373093,1.7032547013020665,3,Mon-Th,0,2025-09-24,Mon-Th,3,35
14,18.14114211723759,18.412094653206214,3,Mon-Th,0,2025-09-24,Mon-Th,3,35
18,11.587739582427265,11.021309121070926,3,Mon-Th,0,2025-09-24,Mon-Th,3,35
15,6.2771559041067,5.220346317770018,3,Mon-Th,0,2025-09-24,Mon-Th,3,35
17,26.377397054225337,12.071617491500117,3,Mon-Th,0,2025-09-24,Mon-Th,3,35
13,13.424840894750165,3.6548600477787945,3,Mon-Th,0,2025-09-24,Mon-Th,3,35
17,3.1090421486463073,11.857151894574502,3,Mon-Th,0,2025-09-24,Mon-Th,3,35
14,12.316439677283903,17.66845083535465,3,Mon-Th,0,2025-09-24,Mon-Th,3,35
19,14.032284231529708,69.1477378742942,3,Mon-Th,0,2025-09-24,Mon-Th,3,35
19,19.353594828885576,11.007790495237499,3,Mon-Th,0,2025-09-24,Mon-Th,3,35
23,9.163277826133012,7.090739056328617,3,Mon-Th,0,2025-09-24,Mon-Th,3,35
14,21.488729841637603,5.126615983378638,3,Mon-Th,0,2025-09-24,Mon-Th,3,35
13,8.05874141618576,30.393271375993894,3,Mon-Th,0,2025-09-24,Mon-Th,3,35
22,13.669059341017359,7.6390046378506415,3,Mon-Th,0,2025-09-24,Mon-Th,3,35
19,4.757237744399783,21.45291235898564,3,Mon-Th,0,2025-09-24,Mon-Th,3,35
20,11.874199492710268,10.617033360973771,3,Mon-Th,0,2025-09-24,Mon-Th,3,35
13,3.059385898159727,13.748107790160509,3,Mon-Th,0,2025-09-24,Mon-Th,3,35
18,2.8186105222054145,5.721777221461749,3,Mon-Th,0,2025-09-24,Mon-Th,3,35
19,14.564943237422177,9.83638818115387,3,Mon-Th,0,2025-09-24,Mon-Th,3,35
18,2.0853809228464217,3.4466069837501205,3,Mon-Th,0,2025-09-24,Mon-Th,3,35
21,12.246395915215842,5.3667627496982275,3,Mon-Th,0,2025-09-24,Mon-Th,3,35
20,6.823775596834731,16.36945540217558,3,Mon-Th,0,2025-09-24,Mon-Th,3,35
20,12.515483789829869,19.325049340413454,3,Mon-Th,0,2025-09-24,Mon-Th,3,35
21,18.75874133865868,37.246962560052275,3,Mon-Th,0,2025-09-24,Mon-Th,3,35
15,4.168853517546135,7.9638039919668975,3,Mon-Th,0,2025-09-25,Mon-Th,3,44
16,4.173722882866521,21.758849563460725,3,Mon-Th,0,2025-09-25,Mon-Th,3,44
19,15.927060880022811,0.5927201297984591,3,Mon-Th,0,2025-09-25,Mon-Th,3,44
12,5.5952836108794415,4.9251138746818395,3,Mon-Th,0,2025-09-25,Mon-Th,3,44
13,4.733982232495892,4.583616747954596,3,Mon-Th,0,2025-09-25,Mon-Th,3,44
16,13.052097008186603,36.744486338728045,3,Mon-Th,0,2025-09-25,Mon-Th,3,44
20,10.930196534865924,9.465186633905185,3,Mon-Th,0,2025-09-25,Mon-Th,3,44
17,7.779685663580966,14.658250274622368,3,Mon-Th,0,2025-09-25,Mon-Th,3,44
17,11.2296850869241,18.564274386415395,3,Mon-Th,0,2025-09-25,Mon-Th,3,44
18,18.80208383309256,23.09937618069771,3,Mon-Th,0,2025-09-25,Mon-Th,3,44
17,18.0481839648999,17.075484083387277,3,Mon-Th,0,2025-09-25,Mon-Th,3,44
15,20.94758876148929,14.345464360428847,3,Mon-Th,0,2025-09-25,Mon-Th,3,44
12,2.88821873661759,7.170295526568439,3,Mon-Th,0,2025-09-25,Mon-Th,3,44
18,8.703394728209979,27.341288483877324,3,Mon-Th,0,2025-09-25,Mon-Th,3,44
22,23.486314300487063,12.516631024261793,3,Mon-Th,0,2025-09-25,Mon-Th,3,44
20,12.90621101714667,13.726373632545704,3,Mon-Th,0,2025-09-25,Mon-Th,3,44
20,48.833527370888845,44.032384793180576,3,Mon-Th,0,2025-09-25,Mon-Th,3,44
15,28.94833333188922,7.24745163942627,3,Mon-Th,0,2025-09-25,Mon-Th,3,44
17,10.448953019862834,18.866564454782583,3,Mon-Th,0,2025-09-25,Mon-Th,3,44
22,10.566426337752372,14.902830217540037,3,Mon-Th,0,2025-09-25,Mon-Th,3,44
15,14.630406029999971,12.517879135772834,3,Mon-Th,0,2025-09-25,Mon-Th,3,44
20,16.378535449124872,14.241591236718918,3,Mon-Th,0,2025-09-25,Mon-Th,3,44
18,15.921297071398108,9.86455130517713,3,Mon-Th,0,2025-09-25,Mon-Th,3,44
14,22.178666598464304,29.41310128795693,3,Mon-Th,0,2025-09-25,Mon-Th,3,44
21,11.277092816077197,8.484195742933071,3,Mon-Th,0,2025-09-25,Mon-Th,3,44
21,13.089282585125247,16.118348477301105,3,Mon-Th,0,2025-09-25,Mon-Th,3,44
18,5.058186049939835,21.547751609974885,3,Mon-Th,0,2025-09-25,Mon-Th,3,44
23,8.236266336148512,16.217203579257134,3,Mon-Th,0,2025-09-25,Mon-Th,3,44
13,3.340647603629562,11.463154030315762,3,Mon-Th,0,2025-09-25,Mon-Th,3,44
19,6.17305917006761,9.29523082855845,3,Mon-Th,0,2025-09-25,Mon-Th,3,44
21,10.87327012401532,14.883541934004674,3,Mon-Th,0,2025-09-25,Mon-Th,3,44
16,28.170396382987565,13.349909921332593,3,Mon-Th,0,2025-09-25,Mon-Th,3,44
16,7.823841093976455,3.3624596257584143,3,Mon-Th,0,2025-09-25,Mon-Th,3,44
17,16.1759633478091,18.61823629540414,3,Mon-Th,0,2025-09-25,Mon-Th,3,44
17,14.885754388629461,14.260259006919807,3,Mon-Th,0,2025-09-25,Mon-Th,3,44
2,7.140908858804816,5.143886376701393,3,Mon-Th,0,2025-09-25,Mon-Th,3,44
15,2.8598373161075856,15.374420601632927,3,Mon-Th,0,2025-09-25,Mon-Th,3,44
13,3.5824579320396825,5.681598988283665,3,Mon-Th,0,2025-09-25,Mon-Th,3,44
15,6.01381201248358,6.106078799681189,3,Mon-Th,0,2025-09-25,Mon-Th,3,44
9,7.729921222719612,10.37370747370409,3,Mon-Th,0,2025-09-25,Mon-Th,3,44
22,16.49309861795257,20.337222304715866,3,Mon-Th,0,2025-09-25,Mon-Th,3,44
18,4.560658721238578,25.277581905849967,3,Mon-Th,0,2025-09-25,Mon-Th,3,44
17,13.686883631937881,19.07331653158185,3,Mon-Th,0,2025-09-25,Mon-Th,3,44
15,15.422514044760486,16.322227041050397,3,Mon-Th,0,2025-09-25,Mon-Th,3,44
1,2.472523849680901,3.983651403281712,3,Mon-Th,0,2025-09-29,Mon-Th,3,39
22,11.16694636945584,1.4088444012240178,3,Mon-Th,0,2025-09-29,Mon-Th,3,39
21,14.003262736273726,6.900835313064967,3,Mon-Th,0,2025-09-29,Mon-Th,3,39
18,12.211524950411082,4.474796765197007,3,Mon-Th,0,2025-09-29,Mon-Th,3,39
21,12.677944285632481,9.602490082218281,3,Mon-Th,0,2025-09-29,Mon-Th,3,39
18,15.178030143078203,18.029570219305526,3,Mon-Th,0,2025-09-29,Mon-Th,3,39
18,15.40313938613619,4.521454649702925,3,Mon-Th,0,2025-09-29,Mon-Th,3,39
13,10.249253346646274,5.4765888182688345,3,Mon-Th,0,2025-09-29,Mon-Th,3,39
21,12.948987423504573,11.089846041354175,3,Mon-Th,0,2025-09-29,Mon-Th,3,39
20,13.991238674284876,10.330666180791143,3,Mon-Th,0,2025-09-29,Mon-Th,3,39
15,17.75102637505653,5.039710052832934,3,Mon-Th,0,2025-09-29,Mon-Th,3,39
9,23.19915436806209,17.268886691909316,3,Mon-Th,0,2025-09-29,Mon-Th,3,39
10,5.918417010552327,16.65877193845953,3,Mon-Th,0,2025-09-29,Mon-Th,3,39
16,14.294252006696457,15.953426675163195,3,Mon-Th,0,2025-09-29,Mon-Th,3,39
15,17.94043924521604,7.431493145954848,3,Mon-Th,0,2025-09-29,Mon-Th,3,39
21,15.250793506804893,25.15069247972023,3,Mon-Th,0,2025-09-29,Mon-Th,3,39
14,3.372759681089086,14.777875751186548,3,Mon-Th,0,2025-09-29,Mon-Th,3,39
20,15.16251982061403,8.187414896854458,3,Mon-Th,0,2025-09-29,Mon-Th,3,39
18,17.847426229549242,13.562450004958409,3,Mon-Th,0,2025-09-29,Mon-Th,3,39
14,2.4463888965306038,8.428299311602512,3,Mon-Th,0,2025-09-29,Mon-Th,3,39
23,16.557433730805307,17.264726635530817,3,Mon-Th,0,2025-09-29,Mon-Th,3,39
16,18.89875457418997,8.007327198846468,3,Mon-Th,0,2025-09-29,Mon-Th,3,39
16,11.865352143578253,20.794184467810087,3,Mon-Th,0,2025-09-29,Mon-Th,3,39
18,17.94400718779927,7.408161409916765,3,Mon-Th,0,2025-09-29,Mon-Th,3,39
14,3.5417436757677043,12.274408191876413,3,Mon-Th,0,2025-09-29,Mon-Th,3,39
18,4.433183790612647,10.473220505431183,3,Mon-Th,0,2025-09-29,Mon-Th,3,39
20,12.616611577447784,19.261507643990047,3,Mon-Th,0,2025-09-29,Mon-Th,3,39
19,9.520375376735293,19.147067213122586,3,Mon-Th,0,2025-09-29,Mon-Th,3,39
16,22.24742866336019,20.729624473818944,3,Mon-Th,0,2025-09-29,Mon-Th,3,39
19,14.441703503328803,36.763697331596035,3,Mon-Th,0,2025-09-29,Mon-Th,3,39
19,10.490256151627495,21.422399872349303,3,Mon-Th,0,2025-09-29,Mon-Th,3,39
14,8.468187267399934,6.9292691675826585,3,Mon-Th,0,2025-09-29,Mon-Th,3,39
13,51.56098125283738,11.8035574481373,3,Mon-Th,0,2025-09-29,Mon-Th,3,39
16,4.2480751155462215,3.3016316980306444,3,Mon-Th,0,2025-09-29,Mon-Th,3,39
20,12.365769369410277,14.68479209032586,3,Mon-Th,0,2025-09-29,Mon-Th,3,39
13,14.664362862698145,2.589138291952117,3,Mon-Th,0,2025-09-29,Mon-Th,3,39
16,21.694689764667313,9.387945774271707,3,Mon-Th,0,2025-09-29,Mon-Th,3,39
19,21.884066962200816,13.389249970794404,3,Mon-Th,0,2025-09-29,Mon-Th,3,39
18,26.893408043383083,72.76286779179487,3,Mon-Th,0,2025-09-29,Mon-Th,3,39
18,5.617957356826937,11.037386817076744,3,Mon-Th,0,2025-09-30,Mon-Th,3,43
15,25.741217570086295,12.407746858092509,3,Mon-Th,0,2025-09-30,Mon-Th,3,43
18,10.915363272528374,13.122756749933247,3,Mon-Th,0,2025-09-30,Mon-Th,3,43
20,15.277591426550863,35.470976700115436,3,Mon-Th,0,2025-09-30,Mon-Th,3,43
18,12.46354124835597,2.289561663511228,3,Mon-Th,0,2025-09-30,Mon-Th,3,43
14,13.131756912852449,23.946464987054576,3,Mon-Th,0,2025-09-30,Mon-Th,3,43
14,16.9973195726007,8.62715133625194,3,Mon-Th,0,2025-09-30,Mon-Th,3,43
22,10.516031734802073,24.863756359432642,3,Mon-Th,0,2025-09-30,Mon-Th,3,43
13,3.202683942284704,6.117775633597795,3,Mon-Th,0,2025-09-30,Mon-Th,3,43
20,16.069205572003384,14.832907071726648,3,Mon-Th,0,2025-09-30,Mon-Th,3,43
19,19.024773531310174,5.06082712887003,3,Mon-Th,0,2025-09-30,Mon-Th,3,43
16,13.861284934205852,6.902579394576304,3,Mon-Th,0,2025-09-30,Mon-Th,3,43
16,16.085901462819976,30.41638707687092,3,Mon-Th,0,2025-09-30,Mon-Th,3,43
16,3.236314715813526,14.996539944606361,3,Mon-Th,0,2025-09-30,Mon-Th,3,43
19,13.144249542677926,10.2459693615694,3,Mon-Th,0,2025-09-30,Mon-Th,3,43
16,11.860820867817502,3.447465501214654,3,Mon-Th,0,2025-09-30,Mon-Th,3,43
17,12.18656036380887,19.34645807159914,3,Mon-Th,0,2025-09-30,Mon-Th,3,43
15,2.329001445546795,1.5978729852750209,3,Mon-Th,0,2025-09-30,Mon-Th,3,43
21,3.4819801469627247,11.85053978953618,3,Mon-Th,0,2025-09-30,Mon-Th,3,43
23,7.015055511948481,25.61947680734746,3,Mon-Th,0,2025-09-30,Mon-Th,3,43
22,10.48351770926364,22.367913012054796,3,Mon-Th,0,2025-09-30,Mon-Th,3,43
18,15.367830031920565,10.30488576292765,3,Mon-Th,0,2025-09-30,Mon-Th,3,43
18,2.281150838404352,9.154749117056822,3,Mon-Th,0,2025-09-30,Mon-Th,3,43
18,11.990742305045544,5.725455833143294,3,Mon-Th,0,2025-09-30,Mon-Th,3,43
14,2.7789753732400446,7.680334075762876,3,Mon-Th,0,2025-09-30,Mon-Th,3,43
21,12.243733257593075,15.427300160445501,3,Mon-Th,0,2025-09-30,Mon-Th,3,43
20,9.752297998311064,8.951739047496096,3,Mon-Th,0,2025-09-30,Mon-Th,3,43
22,11.37786114467329,20.434054191877358,3,Mon-Th,0,2025-09-30,Mon-Th,3,43
23,5.839374906728485,6.570500587590388,3,Mon-Th,0,2025-09-30,Mon-Th,3,43
20,11.58697724407827,38.319952215945364,3,Mon-Th,0,2025-09-30,Mon-Th,3,43
21,5.049276011107171,12.629173802580878,3,Mon-Th,0,2025-09-30,Mon-Th,3,43
20,2.062874660968071,2.2200446043802593,3,Mon-Th,0,2025-09-30,Mon-Th,3,43
16,9.481359380464234,11.536455557199337,3,Mon-Th,0,2025-09-30,Mon-Th,3,43
22,12.519910011495806,16.301191675539435,3,Mon-Th,0,2025-09-30,Mon-Th,3,43
15,5.481659384366328,3.050232826836127,3,Mon-Th,0,2025-09-30,Mon-Th,3,43
18,13.21669727478648,12.26024915239077,3,Mon-Th,0,2025-09-30,Mon-Th,3,43
14,12.571358413879338,13.460847246581821,3,Mon-Th,0,2025-09-30,Mon-Th,3,43
17,17.5889005009983,19.59619555508913,3,Mon-Th,0,2025-09-30,Mon-Th,3,43
17,17.054674604318752,31.692232957046134,3,Mon-Th,0,2025-09-30,Mon-Th,3,43
16,11.166479621649433,10.461061665584516,3,Mon-Th,0,2025-09-30,Mon-Th,3,43
17,3.4787497556123084,17.444311128206056,3,Mon-Th,0,2025-09-30,Mon-Th,3,43
14,13.179227967580015,28.745318423667065,3,Mon-Th,0,2025-09-30,Mon-Th,3,43
8,15.19632237993416,15.112896104039896,3,Mon-Th,0,2025-09-30,Mon-Th,3,43
23,33.29912168799148,6.346625605613341,3,Mon-Th,0,2025-10-01,Mon-Th,3,37
15,29.107048413850166,5.670674313132029,3,Mon-Th,0,2025-10-01,Mon-Th,3,37
16,5.1378558042707905,6.929977930611522,3,Mon-Th,0,2025-10-01,Mon-Th,3,37
16,2.4516060202026866,4.956944838466082,3,Mon-Th,0,2025-10-01,Mon-Th,3,37
15,2.3507729008463816,5.822882517910258,3,Mon-Th,0,2025-10-01,Mon-Th,3,37
20,7.172044373145095,3.0932044039596978,3,Mon-Th,0,2025-10-01,Mon-Th,3,37
19,14.050090437632786,18.621250572094795,3,Mon-Th,0,2025-10-01,Mon-Th,3,37
19,10.28582134907495,5.3489073950186246,3,Mon-Th,0,2025-10-01,Mon-Th,3,37
14,16.53157976212301,8.867230919556851,3,Mon-Th,0,2025-10-01,Mon-Th,3,37
1,15.917332493023885,43.2884292934058,3,Mon-Th,0,2025-10-01,Mon-Th,3,37
19,17.913308379299146,9.423562440267407,3,Mon-Th,0,2025-10-01,Mon-Th,3,37
21,13.380040724493782,3.449495121038617,3,Mon-Th,0,2025-10-01,Mon-Th,3,37
19,12.79683775704505,7.801142586107112,3,Mon-Th,0,2025-10-01,Mon-Th,3,37
17,17.78936919570089,6.031616116419866,3,Mon-Th,0,2025-10-01,Mon-Th,3,37
20,11.971169433233008,5.758140492563005,3,Mon-Th,0,2025-10-01,Mon-Th,3,37
21,5.0870015568612565,7.2040395469031235,3,Mon-Th,0,2025-10-01,Mon-Th,3,37
18,6.868173063711944,22.496088973436052,3,Mon-Th,0,2025-10-01,Mon-Th,3,37
14,74.83145392594304,9.879386887410115,3,Mon-Th,0,2025-10-01,Mon-Th,3,37
13,2.382339051721215,8.135726878155875,3,Mon-Th,0,2025-10-01,Mon-Th,3,37
17,15.16627479994456,8.504039206637861,3,Mon-Th,0,2025-10-01,Mon-Th,3,37
17,17.835235463721077,11.542011136151725,3,Mon-Th,0,2025-10-01,Mon-Th,3,37
15,18.368120229334107,4.512821485021795,3,Mon-Th,0,2025-10-01,Mon-Th,3,37
16,11.8872324016811,23.901952807184543,3,Mon-Th,0,2025-10-01,Mon-Th,3,37
13,15.001173741447147,37.347758022541164,3,Mon-Th,0,2025-10-01,Mon-Th,3,37
17,6.337447380503939,8.343006762133045,3,Mon-Th,0,2025-10-01,Mon-Th,3,37
21,2.315676544790535,5.111493914151784,3,Mon-Th,0,2025-10-01,Mon-Th,3,37
13,6.510302767505181,59.39661191055765,3,Mon-Th,0,2025-10-01,Mon-Th,3,37
1,2.6222342665612333,3.4871161401832262,3,Mon-Th,0,2025-10-01,Mon-Th,3,37
19,43.642190497592914,15.662496419950756,3,Mon-Th,0,2025-10-01,Mon-Th,3,37
17,16.79915102010031,14.732651450636782,3,Mon-Th,0,2025-10-01,Mon-Th,3,37
20,9.307641507455088,53.459207908643904,3,Mon-Th,0,2025-10-01,Mon-Th,3,37
1,11.806387650866434,8.686433062369597,3,Mon-Th,0,2025-10-01,Mon-Th,3,37
13,2.8627830137757093,8.969395986094755,3,Mon-Th,0,2025-10-01,Mon-Th,3,37
17,6.171532346960715,19.73847269560164,3,Mon-Th,0,2025-10-01,Mon-Th,3,37
12,2.997329489310303,19.011799958503584,3,Mon-Th,0,2025-10-01,Mon-Th,3,37
13,5.346281092728839,3.6986361222715853,3,Mon-Th,0,2025-10-01,Mon-Th,3,37
9,3.3661954952182778,6.813845687787373,3,Mon-Th,0,2025-10-01,Mon-Th,3,37
17,23.638241695963963,13.927620833728637,3,Mon-Th,0,2025-10-02,Mon-Th,3,50
20,9.8188371476326,13.032518428220062,3,Mon-Th,0,2025-10-02,Mon-Th,3,50
16,13.375446250020861,13.274215967233841,3,Mon-Th,0,2025-10-02,Mon-Th,3,50
15,2.978944463869553,20.14711875910319,3,Mon-Th,0,2025-10-02,Mon-Th,3,50
15,9.108545826765969,5.749857982443213,3,Mon-Th,0,2025-10-02,Mon-Th,3,50
16,21.200980041418976,23.29767191709781,3,Mon-Th,0,2025-10-02,Mon-Th,3,50
16,7.848288940682159,24.19979493444362,3,Mon-Th,0,2025-10-02,Mon-Th,3,50
13,12.945695254368712,17.71184776057943,3,Mon-Th,0,2025-10-02,Mon-Th,3,50
18,12.436865521070029,19.0936166733642,3,Mon-Th,0,2025-10-02,Mon-Th,3,50
23,9.451143350467856,11.437069074831795,3,Mon-Th,0,2025-10-02,Mon-Th,3,50
23,11.262146197054104,25.659941117439825,3,Mon-Th,0,2025-10-02,Mon-Th,3,50
18,11.997291985433382,5.222541902130967,3,Mon-Th,0,2025-10-02,Mon-Th,3,50
16,14.380407018077346,42.8449430118118,3,Mon-Th,0,2025-10-02,Mon-Th,3,50
18,7.217320030177431,8.60256175199075,3,Mon-Th,0,2025-10-02,Mon-Th,3,50
18,5.697733189155325,18.29928877833125,3,Mon-Th,0,2025-10-02,Mon-Th,3,50
9,5.802662434957327,10.717283172083278,3,Mon-Th,0,2025-10-02,Mon-Th,3,50
23,9.153115642748093,18.1404261353949,3,Mon-Th,0,2025-10-02,Mon-Th,3,50
23,7.721642865508238,8.45593773060487,3,Mon-Th,0,2025-10-02,Mon-Th,3,50
23,7.738256286130534,51.526435542589915,3,Mon-Th,0,2025-10-02,Mon-Th,3,50
16,13.892637938770033,14.148164823781924,3,Mon-Th,0,2025-10-02,Mon-Th,3,50
22,8.971863457830114,8.6132804660441,3,Mon-Th,0,2025-10-02,Mon-Th,3,50
23,2.3256233217175666,4.747304380047712,3,Mon-Th,0,2025-10-02,Mon-Th,3,50
19,3.4971840745215674,12.76423290292452,3,Mon-Th,0,2025-10-02,Mon-Th,3,50
15,10.955513510601683,12.071120046072483,3,Mon-Th,0,2025-10-02,Mon-Th,3,50
19,13.339089132937065,34.407446516934954,3,Mon-Th,0,2025-10-02,Mon-Th,3,50
14,6.633069518156285,5.149284082796264,3,Mon-Th,0,2025-10-02,Mon-Th,3,50
23,38.587987929510156,18.898624730320105,3,Mon-Th,0,2025-10-02,Mon-Th,3,50
23,12.11364869393887,9.771822217360375,3,Mon-Th,0,2025-10-02,Mon-Th,3,50
21,9.873759809754636,4.094012283050478,3,Mon-Th,0,2025-10-02,Mon-Th,3,50
17,73.06517852146791,18.405210989336855,3,Mon-Th,0,2025-10-02,Mon-Th,3,50
23,15.560844108511624,6.129878778778809,3,Mon-Th,0,2025-10-02,Mon-Th,3,50
23,9.07100454014703,22.92657779194498,3,Mon-Th,0,2025-10-02,Mon-Th,3,50
22,10.362785866839783,17.305821405966924,3,Mon-Th,0,2025-10-02,Mon-Th,3,50
17,16.085177690425354,5.39819010140084,3,Mon-Th,0,2025-10-02,Mon-Th,3,50
21,11.90245248381353,33.418345268544996,3,Mon-Th,0,2025-10-02,Mon-Th,3,50
21,19.800950718993978,20.77664466428339,3,Mon-Th,0,2025-10-02,Mon-Th,3,50
17,24.56434931063332,8.178923358693332,3,Mon-Th,0,2025-10-02,Mon-Th,3,50
14,10.118113688023495,18.931502512456404,3,Mon-Th,0,2025-10-02,Mon-Th,3,50
8,2.8412011675120437,3.1545839299272984,3,Mon-Th,0,2025-10-02,Mon-Th,3,50
15,16.343398811675076,13.509022273391961,3,Mon-Th,0,2025-10-02,Mon-Th,3,50
19,13.298210095684535,19.15696015962673,3,Mon-Th,0,2025-10-02,Mon-Th,3,50
17,9.726435105338922,23.862113456861277,3,Mon-Th,0,2025-10-02,Mon-Th,3,50
18,15.188863275256235,3.6335878404441972,3,Mon-Th,0,2025-10-02,Mon-Th,3,50
16,17.468849617843297,7.296869020224221,3,Mon-Th,0,2025-10-02,Mon-Th,3,50
19,15.368675884973552,4.200199271088829,3,Mon-Th,0,2025-10-02,Mon-Th,3,50
16,9.83056937006576,4.8913735229136055,3,Mon-Th,0,2025-10-02,Mon-Th,3,50
11,9.855875048298383,6.652028929618756,3,Mon-Th,0,2025-10-02,Mon-Th,3,50
17,10.051367001288043,7.021510739325903,3,Mon-Th,0,2025-10-02,Mon-Th,3,50
19,2.179547943424707,9.226778551813743,3,Mon-Th,0,2025-10-02,Mon-Th,3,50
20,42.88457875975633,28.996994670942435,3,Mon-Th,0,2025-10-02,Mon-Th,3,50
6,2.681796177294366,3.1525720969330875,3,Mon-Th,0,2025-10-06,Mon-Th,3,36
20,18.91372459650765,7.595451139586286,3,Mon-Th,0,2025-10-06,Mon-Th,3,36
17,13.653492040562316,8.823513489162002,3,Mon-Th,0,2025-10-06,Mon-Th,3,36
21,8.647550144311522,8.786996130918656,3,Mon-Th,0,2025-10-06,Mon-Th,3,36
15,6.663552175303261,17.414167183313484,3,Mon-Th,0,2025-10-06,Mon-Th,3,36
14,13.02966905857416,5.066650341128801,3,Mon-Th,0,2025-10-06,Mon-Th,3,36
21,11.040117317927802,5.30742433558551,3,Mon-Th,0,2025-10-06,Mon-Th,3,36
9,31.552419534637462,4.202567794245169,3,Mon-Th,0,2025-10-06,Mon-Th,3,36
16,2.380350148629368,6.1865907195195495,3,Mon-Th,0,2025-10-06,Mon-Th,3,36
14,9.227040849315383,10.957462953048204,3,Mon-Th,0,2025-10-06,Mon-Th,3,36
20,55.47587231920883,11.432545975063443,3,Mon-Th,0,2025-10-06,Mon-Th,3,36
23,9.611641928302216,10.917308945739967,3,Mon-Th,0,2025-10-06,Mon-Th,3,36
21,12.481478877895697,9.806366362078693,3,Mon-Th,0,2025-10-06,Mon-Th,3,36
14,30.32969307379019,4.111785477742559,3,Mon-Th,0,2025-10-06,Mon-Th,3,36
0,11.916651310258779,19.09760011917331,3,Mon-Th,0,2025-10-06,Mon-Th,3,36
15,17.69004058773622,8.098538198367656,3,Mon-Th,0,2025-10-06,Mon-Th,3,36
21,10.77368964336739,17.32310197899615,3,Mon-Th,0,2025-10-06,Mon-Th,3,36
18,8.44943501493596,7.473236289440662,3,Mon-Th,0,2025-10-06,Mon-Th,3,36
19,63.61328109566322,7.472289534392146,3,Mon-Th,0,2025-10-06,Mon-Th,3,36
18,20.545021922313925,4.490665456061112,3,Mon-Th,0,2025-10-06,Mon-Th,3,36
21,2.371312719999649,9.651226137692714,3,Mon-Th,0,2025-10-06,Mon-Th,3,36
13,16.518124400318122,13.664784553695322,3,Mon-Th,0,2025-10-06,Mon-Th,3,36
18,14.886004505198212,4.350448311229081,3,Mon-Th,0,2025-10-06,Mon-Th,3,36
22,16.151865596644363,19.561673659044157,3,Mon-Th,0,2025-10-06,Mon-Th,3,36
4,3.5806551124496186,3.466316508307118,3,Mon-Th,0,2025-10-06,Mon-Th,3,36
18,17.35811090308142,18.465390905756134,3,Mon-Th,0,2025-10-06,Mon-Th,3,36
22,3.9989492734992567,10.018682133667316,3,Mon-Th,0,2025-10-06,Mon-Th,3,36
16,14.083270471943546,9.908327312126513,3,Mon-Th,0,2025-10-06,Mon-Th,3,36
6,4.625611132599504,8.557432409378663,3,Mon-Th,0,2025-10-06,Mon-Th,3,36
14,22.0772051542068,15.270082711077105,3,Mon-Th,0,2025-10-06,Mon-Th,3,36
14,17.872586570138434,15.137096882089246,3,Mon-Th,0,2025-10-06,Mon-Th,3,36
18,2.811128806796794,3.0452060720036194,3,Mon-Th,0,2025-10-06,Mon-Th,3,36
12,20.70774041369259,18.198625567890023,3,Mon-Th,0,2025-10-06,Mon-Th,3,36
21,10.29598874862958,4.450057457224954,3,Mon-Th,0,2025-10-06,Mon-Th,3,36
13,41.57159384741107,4.295366791291226,3,Mon-Th,0,2025-10-06,Mon-Th,3,36
20,24.97236754991963,10.726938738479337,3,Mon-Th,0,2025-10-06,Mon-Th,3,36
13,2.1620124957911995,3.1638500666203386,3,Mon-Th,0,2025-10-07,Mon-Th,3,29
23,12.600496071041785,22.34109665651844,3,Mon-Th,0,2025-10-07,Mon-Th,3,29
16,22.753847692053476,9.836311226606789,3,Mon-Th,0,2025-10-07,Mon-Th,3,29
16,17.419453487035312,29.90047857044131,3,Mon-Th,0,2025-10-07,Mon-Th,3,29
13,34.22984018870803,3.395677102148615,3,Mon-Th,0,2025-10-07,Mon-Th,3,29
19,7.068625518103879,13.829718537790109,3,Mon-Th,0,2025-10-07,Mon-Th,3,29
18,12.488109776134014,6.970971391371813,3,Mon-Th,0,2025-10-07,Mon-Th,3,29
21,16.561966072465893,18.595355274216306,3,Mon-Th,0,2025-10-07,Mon-Th,3,29
19,9.420154053899166,6.622456491612136,3,Mon-Th,0,2025-10-07,Mon-Th,3,29
18,11.998603233129149,17.6142667757716,3,Mon-Th,0,2025-10-07,Mon-Th,3,29
15,2.378653330200207,1.9309843642793987,3,Mon-Th,0,2025-10-07,Mon-Th,3,29
15,13.102842431237761,9.246929155202086,3,Mon-Th,0,2025-10-07,Mon-Th,3,29
6,15.750739250263148,36.42659783243622,3,Mon-Th,0,2025-10-07,Mon-Th,3,29
15,16.507428917771204,14.4916461741036,3,Mon-Th,0,2025-10-07,Mon-Th,3,29
21,15.047800227293944,11.725999793900316,3,Mon-Th,0,2025-10-07,Mon-Th,3,29
18,14.709142267044882,13.283178504064098,3,Mon-Th,0,2025-10-07,Mon-Th,3,29
8,20.958165549256982,2.208097407980195,3,Mon-Th,0,2025-10-07,Mon-Th,3,29
22,10.15791449632452,6.348851803162979,3,Mon-Th,0,2025-10-07,Mon-Th,3,29
18,5.603558979086063,15.400462703532076,3,Mon-Th,0,2025-10-07,Mon-Th,3,29
19,22.706222868814642,29.375003408034242,3,Mon-Th,0,2025-10-07,Mon-Th,3,29
15,2.5170972512015743,16.003620772528578,3,Mon-Th,0,2025-10-07,Mon-Th,3,29
20,18.459112946168457,8.501330372799801,3,Mon-Th,0,2025-10-07,Mon-Th,3,29
18,15.238724303623176,5.4817619376360325,3,Mon-Th,0,2025-10-07,Mon-Th,3,29
20,11.888669660630768,16.68954929672461,3,Mon-Th,0,2025-10-07,Mon-Th,3,29
17,15.895562120639397,11.817483959809678,3,Mon-Th,0,2025-10-07,Mon-Th,3,29
21,8.854892044858541,6.403988798898801,3,Mon-Th,0,2025-10-07,Mon-Th,3,29
18,27.622200588757813,7.197620987219374,3,Mon-Th,0,2025-10-07,Mon-Th,3,29
17,14.980352834414479,16.48396222349363,3,Mon-Th,0,2025-10-07,Mon-Th,3,29
17,20.556922919425723,33.181803358154816,3,Mon-Th,0,2025-10-07,Mon-Th,3,29
12,17.117977298005787,10.845468411291593,3,Mon-Th,0,2025-10-08,Mon-Th,3,37
16,14.110773005546715,27.41978979328447,3,Mon-Th,0,2025-10-08,Mon-Th,3,37
0,18.90208610200737,4.81392882100838,3,Mon-Th,0,2025-10-08,Mon-Th,3,37
20,13.251204124529302,4.593984408841002,3,Mon-Th,0,2025-10-08,Mon-Th,3,37
12,32.69146741377159,15.351073611249994,3,Mon-Th,0,2025-10-08,Mon-Th,3,37
20,3.164065535823913,20.263366812214006,3,Mon-Th,0,2025-10-08,Mon-Th,3,37
10,4.8150655018099755,8.795264111741838,3,Mon-Th,0,2025-10-08,Mon-Th,3,37
17,2.1543852171971922,3.7864956295284706,3,Mon-Th,0,2025-10-08,Mon-Th,3,37
17,14.352749214003847,13.069274226379612,3,Mon-Th,0,2025-10-08,Mon-Th,3,37
14,14.974952893468412,5.338139111396805,3,Mon-Th,0,2025-10-08,Mon-Th,3,37
16,17.611295401962693,4.123811465586097,3,Mon-Th,0,2025-10-08,Mon-Th,3,37
20,3.8476375024312732,1.493490556083486,3,Mon-Th,0,2025-10-08,Mon-Th,3,37
13,12.688715581495192,16.023943984816192,3,Mon-Th,0,2025-10-08,Mon-Th,3,37
22,10.828123373894385,38.651920757330906,3,Mon-Th,0,2025-10-08,Mon-Th,3,37
7,5.1765029863664385,22.126144053197233,3,Mon-Th,0,2025-10-08,Mon-Th,3,37
12,3.967290358874497,6.898980841965352,3,Mon-Th,0,2025-10-08,Mon-Th,3,37
23,10.454374478163984,7.696691862198158,3,Mon-Th,0,2025-10-08,Mon-Th,3,37
11,3.400710926802322,14.246107878853618,3,Mon-Th,0,2025-10-08,Mon-Th,3,37
17,5.294132510318754,23.05316208905622,3,Mon-Th,0,2025-10-08,Mon-Th,3,37
18,4.402777826387311,16.933216980150362,3,Mon-Th,0,2025-10-08,Mon-Th,3,37
16,11.24941677881041,11.948701685558587,3,Mon-Th,0,2025-10-08,Mon-Th,3,37
21,8.789630876685813,5.966087744512536,3,Mon-Th,0,2025-10-08,Mon-Th,3,37
15,20.219454897183756,13.139104322195122,3,Mon-Th,0,2025-10-08,Mon-Th,3,37
14,16.313901395199206,6.676817251851622,3,Mon-Th,0,2025-10-08,Mon-Th,3,37
16,13.100330992264489,11.40288997698681,3,Mon-Th,0,2025-10-08,Mon-Th,3,37
16,19.080761064698848,8.37244118574635,3,Mon-Th,0,2025-10-08,Mon-Th,3,37
19,17.517637042445358,11.597365085850152,3,Mon-Th,0,2025-10-08,Mon-Th,3,37
0,10.634812365087043,14.381117021145759,3,Mon-Th,0,2025-10-08,Mon-Th,3,37
20,11.243409163876272,6.920173660130195,3,Mon-Th,0,2025-10-08,Mon-Th,3,37
1,17.43565372343788,7.025804139353075,3,Mon-Th,0,2025-10-08,Mon-Th,3,37
19,16.53138175181891,24.87424381790621,3,Mon-Th,0,2025-10-08,Mon-Th,3,37
13,13.133010267719683,9.941585686487512,3,Mon-Th,0,2025-10-08,Mon-Th,3,37
20,8.875942449888138,3.0058882921294376,3,Mon-Th,0,2025-10-08,Mon-Th,3,37
23,9.824497460084487,11.69556833315386,3,Mon-Th,0,2025-10-08,Mon-Th,3,37
21,4.699390822958849,4.229220157373674,3,Mon-Th,0,2025-10-08,Mon-Th,3,37
16,7.55688878628147,2.342242528773607,3,Mon-Th,0,2025-10-08,Mon-Th,3,37
18,7.7664297996132605,14.917176378819786,3,Mon-Th,0,2025-10-08,Mon-Th,3,37
20,14.797403915177451,29.19943572726008,3,Mon-Th,0,2025-10-09,Mon-Th,3,42
18,9.85585028721589,28.878876570961584,3,Mon-Th,0,2025-10-09,Mon-Th,3,42
17,16.01463864430935,20.25013383046697,3,Mon-Th,0,2025-10-09,Mon-Th,3,42
13,12.139466669012851,3.931369177211452,3,Mon-Th,0,2025-10-09,Mon-Th,3,42
14,3.931273744652618,7.2115537986331955,3,Mon-Th,0,2025-10-09,Mon-Th,3,42
17,3.715798194209431,12.98550430710346,3,Mon-Th,0,2025-10-09,Mon-Th,3,42
20,11.323517684305354,21.966224663370127,3,Mon-Th,0,2025-10-09,Mon-Th,3,42
16,8.147867752306393,9.605436748696604,3,Mon-Th,0,2025-10-09,Mon-Th,3,42
16,20.17608435745894,6.588438918633317,3,Mon-Th,0,2025-10-09,Mon-Th,3,42
23,11.970292403891133,15.474613504765276,3,Mon-Th,0,2025-10-09,Mon-Th,3,42
21,10.850999670897327,9.210302797360008,3,Mon-Th,0,2025-10-09,Mon-Th,3,42
15,4.491015166188126,4.561766752312249,3,Mon-Th,0,2025-10-09,Mon-Th,3,42
16,41.67374928163749,7.992061532571682,3,Mon-Th,0,2025-10-09,Mon-Th,3,42
14,16.307072197283635,37.67806658013954,3,Mon-Th,0,2025-10-09,Mon-Th,3,42
19,19.728379432199592,62.77067183554102,3,Mon-Th,0,2025-10-09,Mon-Th,3,42
16,2.8642902852891226,12.631300309960144,3,Mon-Th,0,2025-10-09,Mon-Th,3,42
17,24.971253408371453,3.341951816480776,3,Mon-Th,0,2025-10-09,Mon-Th,3,42
14,5.905986022051977,7.0543372020917605,3,Mon-Th,0,2025-10-09,Mon-Th,3,42
1,6.310196101523847,7.410242173942926,3,Mon-Th,0,2025-10-09,Mon-Th,3,42
15,8.065905134068817,3.8123467930498594,3,Mon-Th,0,2025-10-09,Mon-Th,3,42
3,6.489101942807156,24.064268933178603,3,Mon-Th,0,2025-10-09,Mon-Th,3,42
12,3.5723935414290415,6.827382687832952,3,Mon-Th,0,2025-10-09,Mon-Th,3,42
18,15.293024133494637,5.073949067942791,3,Mon-Th,0,2025-10-09,Mon-Th,3,42
16,32.49246593585141,6.929565432542698,3,Mon-Th,0,2025-10-09,Mon-Th,3,42
13,4.545814490264018,29.77773313577428,3,Mon-Th,0,2025-10-09,Mon-Th,3,42
9,3.785750826812645,13.663406501754446,3,Mon-Th,0,2025-10-09,Mon-Th,3,42
0,5.736114765282538,4.959515486319484,3,Mon-Th,0,2025-10-09,Mon-Th,3,42
19,15.883534299472611,10.06622098831137,3,Mon-Th,0,2025-10-09,Mon-Th,3,42
13,2.0952156945527785,3.3767727966247296,3,Mon-Th,0,2025-10-09,Mon-Th,3,42
16,6.8467456525105455,10.385441639319323,3,Mon-Th,0,2025-10-09,Mon-Th,3,42
18,20.08314086018786,23.65499809355552,3,Mon-Th,0,2025-10-09,Mon-Th,3,42
14,16.939817499363308,1.1436543729562434,3,Mon-Th,0,2025-10-09,Mon-Th,3,42
18,13.72007530445386,8.646108232964053,3,Mon-Th,0,2025-10-09,Mon-Th,3,42
20,8.591221456097474,8.736381280214417,3,Mon-Th,0,2025-10-09,Mon-Th,3,42
16,28.940512532126355,24.046316407551,3,Mon-Th,0,2025-10-09,Mon-Th,3,42
23,9.787728295977177,13.935642060133068,3,Mon-Th,0,2025-10-09,Mon-Th,3,42
19,16.50028670801796,17.92385926316281,3,Mon-Th,0,2025-10-09,Mon-Th,3,42
17,7.2805027681382715,3.7970714995261305,3,Mon-Th,0,2025-10-09,Mon-Th,3,42
18,22.121006812523735,19.439755665840135,3,Mon-Th,0,2025-10-09,Mon-Th,3,42
23,6.361150494990602,19.669424287773356,3,Mon-Th,0,2025-10-09,Mon-Th,3,42
18,8.277548107742973,4.85222845448408,3,Mon-Th,0,2025-10-09,Mon-Th,3,42
14,13.226392659546942,1.9218948396992823,3,Mon-Th,0,2025-10-09,Mon-Th,3,42
13,15.679294370756836,6.717035798815791,3,Mon-Th,0,2025-10-13,Mon-Th,3,30
21,15.619295033427964,21.76137099585359,3,Mon-Th,0,2025-10-13,Mon-Th,3,30
15,7.11674546335143,1.3223469683181064,3,Mon-Th,0,2025-10-13,Mon-Th,3,30
14,14.27390905962114,52.07442774590132,3,Mon-Th,0,2025-10-13,Mon-Th,3,30
17,14.250683478066417,5.608024475528879,3,Mon-Th,0,2025-10-13,Mon-Th,3,30
18,13.711984773167288,5.642798966848408,3,Mon-Th,0,2025-10-13,Mon-Th,3,30
9,2.257386934735905,7.489608930726245,3,Mon-Th,0,2025-10-13,Mon-Th,3,30
19,22.282564346318136,5.275139723669129,3,Mon-Th,0,2025-10-13,Mon-Th,3,30
16,14.504502626846644,2.16927306546837,3,Mon-Th,0,2025-10-13,Mon-Th,3,30
16,19.566838152097674,15.812315661018365,3,Mon-Th,0,2025-10-13,Mon-Th,3,30
19,22.90090818654838,12.836229814145172,3,Mon-Th,0,2025-10-13,Mon-Th,3,30
15,15.311263792023144,26.183809637244867,3,Mon-Th,0,2025-10-13,Mon-Th,3,30
23,9.837249331714748,16.058985723311988,3,Mon-Th,0,2025-10-13,Mon-Th,3,30
22,7.820841398115851,4.684815650816753,3,Mon-Th,0,2025-10-13,Mon-Th,3,30
19,2.34996026347688,6.149498754442317,3,Mon-Th,0,2025-10-13,Mon-Th,3,30
12,7.0453224761808615,29.1286932500028,3,Mon-Th,0,2025-10-13,Mon-Th,3,30
18,10.808034868998945,13.446114776687482,3,Mon-Th,0,2025-10-13,Mon-Th,3,30
17,17.092448085089142,21.912790435758016,3,Mon-Th,0,2025-10-13,Mon-Th,3,30
18,20.571169641344618,7.823150894128972,3,Mon-Th,0,2025-10-13,Mon-Th,3,30
8,3.927154637907848,5.922514198611484,3,Mon-Th,0,2025-10-13,Mon-Th,3,30
23,7.441480809149722,35.15280879343394,3,Mon-Th,0,2025-10-13,Mon-Th,3,30
17,23.659959693911844,2.523006825109409,3,Mon-Th,0,2025-10-13,Mon-Th,3,30
17,21.602422726744145,39.18173260149314,3,Mon-Th,0,2025-10-13,Mon-Th,3,30
20,15.030145701246823,24.834531883744223,3,Mon-Th,0,2025-10-13,Mon-Th,3,30
17,20.37570926357886,3.7629353024693684,3,Mon-Th,0,2025-10-13,Mon-Th,3,30
18,16.000687080424182,11.205669314925899,3,Mon-Th,0,2025-10-13,Mon-Th,3,30
17,6.645271386432473,13.039702456295686,3,Mon-Th,0,2025-10-13,Mon-Th,3,30
13,2.2175947227953365,7.672535206059214,3,Mon-Th,0,2025-10-13,Mon-Th,3,30
16,16.68403246064185,7.2210912317555005,3,Mon-Th,0,2025-10-13,Mon-Th,3,30
17,106.52130795089963,3.1448787711854136,3,Mon-Th,0,2025-10-13,Mon-Th,3,30
16,22.08766007521398,32.4857674153585,3,Friday,0,2025-09-26,Friday,3,39
20,15.19090922661518,9.615975361944091,3,Friday,0,2025-09-26,Friday,3,39
17,20.921761657909858,10.610901625357192,3,Friday,0,2025-09-26,Friday,3,39
17,18.402555184373824,10.175027838552554,3,Friday,0,2025-09-26,Friday,3,39
16,18.797286838033823,23.886407450475996,3,Friday,0,2025-09-26,Friday,3,39
6,2.7105073995452766,4.038837437261403,3,Friday,0,2025-09-26,Friday,3,39
20,13.311287441776518,8.852784637215711,3,Friday,0,2025-09-26,Friday,3,39
14,26.13004682239313,9.46363710557045,3,Friday,0,2025-09-26,Friday,3,39
21,15.39041986297914,27.09870402481924,3,Friday,0,2025-09-26,Friday,3,39
21,35.10739172117789,27.105731103325535,3,Friday,0,2025-09-26,Friday,3,39
16,20.924304098913495,8.724009338669285,3,Friday,0,2025-09-26,Friday,3,39
16,21.866791869138666,1.4250450641069135,3,Friday,0,2025-09-26,Friday,3,39
13,20.151438768342672,11.396786202096676,3,Friday,0,2025-09-26,Friday,3,39
15,7.91211206212047,10.262026836698107,3,Friday,0,2025-09-26,Friday,3,39
19,8.28794329866508,4.703911662693543,3,Friday,0,2025-09-26,Friday,3,39
16,21.55275624924085,13.431189690005441,3,Friday,0,2025-09-26,Friday,3,39
20,17.807002778901705,11.887294310615891,3,Friday,0,2025-09-26,Friday,3,39
11,7.574654089412983,16.702781707662567,3,Friday,0,2025-09-26,Friday,3,39
20,8.916506316616136,12.659947526060236,3,Friday,0,2025-09-26,Friday,3,39
22,9.064581465451715,53.10253083867732,3,Friday,0,2025-09-26,Friday,3,39
19,2.4736902606061104,17.619556324526005,3,Friday,0,2025-09-26,Friday,3,39
20,16.135465257076742,26.916831388589095,3,Friday,0,2025-09-26,Friday,3,39
13,5.585664648789358,13.335370858266101,3,Friday,0,2025-09-26,Friday,3,39
21,5.091984261391174,21.15308652561178,3,Friday,0,2025-09-26,Friday,3,39
22,16.02380511495492,15.012215092174433,3,Friday,0,2025-09-26,Friday,3,39
16,16.700380251077167,5.262801484891889,3,Friday,0,2025-09-26,Friday,3,39
20,12.653201320272522,29.875144638296856,3,Friday,0,2025-09-26,Friday,3,39
23,33.81757569733358,4.420894828714178,3,Friday,0,2025-09-26,Friday,3,39
16,35.269629202212826,10.060186796245913,3,Friday,0,2025-09-26,Friday,3,39
23,15.267840400881632,11.002739392434327,3,Friday,0,2025-09-26,Friday,3,39
19,8.248667926710667,6.83172010500582,3,Friday,0,2025-09-26,Friday,3,39
16,6.696294990383385,6.527395831613843,3,Friday,0,2025-09-26,Friday,3,39
20,10.540935651048112,2.7312607829087874,3,Friday,0,2025-09-26,Friday,3,39
16,23.64891222995239,7.284320338246986,3,Friday,0,2025-09-26,Friday,3,39
22,26.86047332157211,6.0165537631632136,3,Friday,0,2025-09-26,Friday,3,39
18,52.331060135479824,11.51098320295265,3,Friday,0,2025-09-26,Friday,3,39
20,13.504429976836892,18.257787427630397,3,Friday,0,2025-09-26,Friday,3,39
17,5.903347995918635,12.072338554154088,3,Friday,0,2025-09-26,Friday,3,39
23,9.489056802870905,16.538787725204422,3,Friday,0,2025-09-26,Friday,3,39
17,11.750577017041984,2.845573990049332,3,Friday,0,2025-10-03,Friday,3,33
12,24.811145398181186,6.062201449747994,3,Friday,0,2025-10-03,Friday,3,33
13,18.931882321110468,4.866831956573909,3,Friday,0,2025-10-03,Friday,3,33
16,4.632398548298119,9.427032649180411,3,Friday,0,2025-10-03,Friday,3,33
20,13.549369522154159,28.975873666471706,3,Friday,0,2025-10-03,Friday,3,33
17,2.6927422813770043,6.955412371270175,3,Friday,0,2025-10-03,Friday,3,33
23,10.691870928882718,4.994691114925143,3,Friday,0,2025-10-03,Friday,3,33
17,14.576985535629014,12.247314811778974,3,Friday,0,2025-10-03,Friday,3,33
21,17.863805294610618,5.705266839971706,3,Friday,0,2025-10-03,Friday,3,33
16,9.174015885012848,7.411301321569728,3,Friday,0,2025-10-03,Friday,3,33
20,24.51878753232989,15.770054882381807,3,Friday,0,2025-10-03,Friday,3,33
20,47.250204989075286,11.56673322714974,3,Friday,0,2025-10-03,Friday,3,33
18,14.558804935122811,18.826710412756498,3,Friday,0,2025-10-03,Friday,3,33
21,16.957546348218862,6.3756325234394335,3,Friday,0,2025-10-03,Friday,3,33
18,5.751495844078544,17.942154551828928,3,Friday,0,2025-10-03,Friday,3,33
16,10.538575992543255,24.620081276321212,3,Friday,0,2025-10-03,Friday,3,33
12,2.8544210514334716,6.0115604629444395,3,Friday,0,2025-10-03,Friday,3,33
15,16.539175898394667,59.43532150976131,3,Friday,0,2025-10-03,Friday,3,33
20,13.734478016755084,22.58466489860351,3,Friday,0,2025-10-03,Friday,3,33
11,2.9076927488945676,5.258706090581535,3,Friday,0,2025-10-03,Friday,3,33
14,23.06053317770811,3.5079647582650315,3,Friday,0,2025-10-03,Friday,3,33
16,9.435560384105543,6.393177355802499,3,Friday,0,2025-10-03,Friday,3,33
21,12.55481992971918,8.541632479414037,3,Friday,0,2025-10-03,Friday,3,33
16,18.056740670212257,16.43710124996183,3,Friday,0,2025-10-03,Friday,3,33
22,14.984692871077371,28.714887318963815,3,Friday,0,2025-10-03,Friday,3,33
18,3.204263876224479,13.795803691897037,3,Friday,0,2025-10-03,Friday,3,33
9,69.86389776912144,9.015566996937062,3,Friday,0,2025-10-03,Friday,3,33
8,7.0387449031857185,26.615319180940826,3,Friday,0,2025-10-03,Friday,3,33
21,4.954769730274736,18.538804790690243,3,Friday,0,2025-10-03,Friday,3,33
21,15.840558262966223,13.067461579257017,3,Friday,0,2025-10-03,Friday,3,33
14,12.806822448545912,12.79998674308768,3,Friday,0,2025-10-03,Friday,3,33
22,13.108190986639713,23.14490281410837,3,Friday,0,2025-10-03,Friday,3,33
19,11.194686358525836,31.737405139189224,3,Friday,0,2025-10-03,Friday,3,33
23,10.763603514915587,9.707302029470327,3,Friday,0,2025-10-10,Friday,3,42
19,8.989996219062352,12.542810885200845,3,Friday,0,2025-10-10,Friday,3,42
18,31.33888450622945,5.232508021845866,3,Friday,0,2025-10-10,Friday,3,42
20,7.47851634474193,8.883616729886642,3,Friday,0,2025-10-10,Friday,3,42
18,21.149712998737296,32.47949206160369,3,Friday,0,2025-10-10,Friday,3,42
16,16.223612288010266,12.384432290138687,3,Friday,0,2025-10-10,Friday,3,42
14,18.231889146832273,4.100871719650813,3,Friday,0,2025-10-10,Friday,3,42
14,2.1840062914130725,7.717021705215568,3,Friday,0,2025-10-10,Friday,3,42
17,38.056745933767026,2.131878030623284,3,Friday,0,2025-10-10,Friday,3,42
13,27.322763907935325,48.76748774180707,3,Friday,0,2025-10-10,Friday,3,42
9,19.75613507070252,8.728429729319027,3,Friday,0,2025-10-10,Friday,3,42
7,33.96051567034883,3.426011100747999,3,Friday,0,2025-10-10,Friday,3,42
22,6.799404954561033,11.977569370830405,3,Friday,0,2025-10-10,Friday,3,42
18,13.612897263505374,18.247724398378953,3,Friday,0,2025-10-10,Friday,3,42
16,31.237598306877473,1.7211769998153574,3,Friday,0,2025-10-10,Friday,3,42
17,7.54748371305421,5.4945193724383925,3,Friday,0,2025-10-10,Friday,3,42
19,24.484757601255826,10.029386297028237,3,Friday,0,2025-10-10,Friday,3,42
19,12.724858048352296,8.245142302968661,3,Friday,0,2025-10-10,Friday,3,42
13,10.644140774815348,5.377272383685356,3,Friday,0,2025-10-10,Friday,3,42
22,9.247900051791772,6.499089084402032,3,Friday,0,2025-10-10,Friday,3,42
17,25.180140350837,8.500764072930599,3,Friday,0,2025-10-10,Friday,3,42
19,91.54219523950032,0.5965078298562345,3,Friday,0,2025-10-10,Friday,3,42
16,22.53700119619866,18.24572943112584,3,Friday,0,2025-10-10,Friday,3,42
20,23.89316740988435,6.5335273370474205,3,Friday,0,2025-10-10,Friday,3,42
15,24.474083808109594,13.648700388981258,3,Friday,0,2025-10-10,Friday,3,42
17,21.05827419062128,31.412129700544323,3,Friday,0,2025-10-10,Friday,3,42
19,10.214224222222246,10.605328150607729,3,Friday,0,2025-10-10,Friday,3,42
18,14.922545042730494,5.5929725725780495,3,Friday,0,2025-10-10,Friday,3,42
16,3.2394421449782334,5.28019858471135,3,Friday,0,2025-10-10,Friday,3,42
22,8.20933879226947,11.975483836859462,3,Friday,0,2025-10-10,Friday,3,42
18,7.984304551457886,8.552195821530512,3,Friday,0,2025-10-10,Friday,3,42
15,25.44303051351821,16.84100240146773,3,Friday,0,2025-10-10,Friday,3,42
21,21.560696549717377,2.0224053580036294,3,Friday,0,2025-10-10,Friday,3,42
0,10.183350703419578,13.05738644147678,3,Friday,0,2025-10-10,Friday,3,42
12,15.330582795252713,0.8050928494339213,3,Friday,0,2025-10-10,Friday,3,42
9,2.56619132962242,8.56400133184639,3,Friday,0,2025-10-10,Friday,3,42
18,18.786126971186263,12.359260514236267,3,Friday,0,2025-10-10,Friday,3,42
19,39.85638710916258,13.377308827891966,3,Friday,0,2025-10-10,Friday,3,42
20,28.751476669470733,5.763253167641912,3,Friday,0,2025-10-10,Friday,3,42
20,2.99842285948004,16.868457672931513,3,Friday,0,2025-10-10,Friday,3,42
20,18.738276709199546,18.991432254476347,3,Friday,0,2025-10-10,Friday,3,42
19,5.176717472424379,41.4311488100033,3,Friday,0,2025-10-10,Friday,3,42
13,2.433992180683617,4.133329860062312,3,Friday,0,2025-10-17,Friday,3,35
16,31.672182947578065,24.685815030122065,3,Friday,0,2025-10-17,Friday,3,35
17,12.355769516883662,5.936215167877993,3,Friday,0,2025-10-17,Friday,3,35
22,13.205237919755959,5.113000644687606,3,Friday,0,2025-10-17,Friday,3,35
18,35.501921792006044,6.566950049968879,3,Friday,0,2025-10-17,Friday,3,35
14,18.743880985187694,11.503377804564337,3,Friday,0,2025-10-17,Friday,3,35
20,6.209723081137912,7.871217745827144,3,Friday,0,2025-10-17,Friday,3,35
17,16.62215697829941,31.542431185174454,3,Friday,0,2025-10-17,Friday,3,35
18,13.040987761139167,19.028568668742714,3,Friday,0,2025-10-17,Friday,3,35
15,80.94932627531814,10.744391218239059,3,Friday,0,2025-10-17,Friday,3,35
14,26.787451111686774,6.729605660467469,3,Friday,0,2025-10-17,Friday,3,35
18,16.922724860837185,5.180765787713473,3,Friday,0,2025-10-17,Friday,3,35
18,29.23560626128687,11.760421892655591,3,Friday,0,2025-10-17,Friday,3,35
13,9.616232708546086,6.980850485189161,3,Friday,0,2025-10-17,Friday,3,35
16,64.69184614194728,8.129121804453288,3,Friday,0,2025-10-17,Friday,3,35
17,5.866541766010629,11.915472457759726,3,Friday,0,2025-10-17,Friday,3,35
20,8.865184265465365,1.2972941099172677,3,Friday,0,2025-10-17,Friday,3,35
23,12.20430374033418,9.465825625747444,3,Friday,0,2025-10-17,Friday,3,35
20,14.6604353121648,15.608163480978396,3,Friday,0,2025-10-17,Friday,3,35
18,24.63309997956295,3.16937757918377,3,Friday,0,2025-10-17,Friday,3,35
12,39.98494053512612,19.45578825892071,3,Friday,0,2025-10-17,Friday,3,35
15,17.33714577407754,15.108529062652952,3,Friday,0,2025-10-17,Friday,3,35
20,19.377700724481112,2.423568251903012,3,Friday,0,2025-10-17,Friday,3,35
19,12.891929928932814,11.451754191383136,3,Friday,0,2025-10-17,Friday,3,35
15,5.613341347432833,12.124464852681806,3,Friday,0,2025-10-17,Friday,3,35
22,13.014417831527958,10.647710683350324,3,Friday,0,2025-10-17,Friday,3,35
13,2.866645037581373,2.3027772610316997,3,Friday,0,2025-10-17,Friday,3,35
16,20.854490086506566,13.465771217435696,3,Friday,0,2025-10-17,Friday,3,35
18,15.848943755383619,17.613376018794302,3,Friday,0,2025-10-17,Friday,3,35
20,21.90611490718842,23.93714242163791,3,Friday,0,2025-10-17,Friday,3,35
18,30.03237687250592,5.286595194025124,3,Friday,0,2025-10-17,Friday,3,35
17,10.44077369885207,15.062820889505224,3,Friday,0,2025-10-17,Friday,3,35
15,22.571816973761983,2.8313130087907696,3,Friday,0,2025-10-17,Friday,3,35
16,4.789466922334569,8.127551799810805,3,Friday,0,2025-10-17,Friday,3,35
23,28.891225924255753,15.862181299867721,3,Friday,0,2025-10-17,Friday,3,35
17,18.23950734119091,14.50058248731479,3,Friday,0,2025-10-24,Friday,3,41
21,14.200224021231186,12.011486192716669,3,Friday,0,2025-10-24,Friday,3,41
15,8.610760308397065,16.780754322236415,3,Friday,0,2025-10-24,Friday,3,41
20,15.207964700279994,25.995407472797677,3,Friday,0,2025-10-24,Friday,3,41
18,14.009559100482257,10.945587564842656,3,Friday,0,2025-10-24,Friday,3,41
14,9.078248063003457,11.446615307030056,3,Friday,0,2025-10-24,Friday,3,41
17,17.049033828257368,7.592702717794447,3,Friday,0,2025-10-24,Friday,3,41
23,13.95876414536341,46.7450751873091,3,Friday,0,2025-10-24,Friday,3,41
19,24.471598713831895,5.391961600487023,3,Friday,0,2025-10-24,Friday,3,41
15,7.133331398732278,15.237453414216706,3,Friday,0,2025-10-24,Friday,3,41
18,4.0501664864074325,12.86132035624023,3,Friday,0,2025-10-24,Friday,3,41
17,22.852114756729012,10.037594237275961,3,Friday,0,2025-10-24,Friday,3,41
19,12.556183654364308,9.045644698401002,3,Friday,0,2025-10-24,Friday,3,41
10,5.8345495069750815,4.729352180474174,3,Friday,0,2025-10-24,Friday,3,41
20,53.06191953754872,3.5281191953535673,3,Friday,0,2025-10-24,Friday,3,41
20,3.619681698767862,20.095369899164233,3,Friday,0,2025-10-24,Friday,3,41
20,18.355855767491967,9.084438615700352,3,Friday,0,2025-10-24,Friday,3,41
17,4.250166523625413,6.46343938220592,3,Friday,0,2025-10-24,Friday,3,41
19,16.268360811379782,73.50010344001394,3,Friday,0,2025-10-24,Friday,3,41
20,32.33249284876636,15.233858017138616,3,Friday,0,2025-10-24,Friday,3,41
13,23.257611379045713,2.215331137910435,3,Friday,0,2025-10-24,Friday,3,41
12,6.843982434682469,6.122152798636083,3,Friday,0,2025-10-24,Friday,3,41
17,22.911922952314413,6.653293844616989,3,Friday,0,2025-10-24,Friday,3,41
14,11.182381198409757,14.956453585866514,3,Friday,0,2025-10-24,Friday,3,41
17,19.31479631525813,6.3360264027726165,3,Friday,0,2025-10-24,Friday,3,41
17,25.914463821811665,8.496328005305715,3,Friday,0,2025-10-24,Friday,3,41
16,25.89075278363255,16.98212716732809,3,Friday,0,2025-10-24,Friday,3,41
10,14.49427865632223,4.811275258936636,3,Friday,0,2025-10-24,Friday,3,41
20,2.2225100500707122,11.184029977908375,3,Friday,0,2025-10-24,Friday,3,41
17,11.227838503015597,13.54835870117775,3,Friday,0,2025-10-24,Friday,3,41
7,33.01786844465469,10.691651369070081,3,Friday,0,2025-10-24,Friday,3,41
21,11.122473340809002,9.522379423862388,3,Friday,0,2025-10-24,Friday,3,41
21,17.224793112935167,6.850882703738283,3,Friday,0,2025-10-24,Friday,3,41
19,17.25542440282664,3.151557595192471,3,Friday,0,2025-10-24,Friday,3,41
14,9.20117660688749,9.017815198738543,3,Friday,0,2025-10-24,Friday,3,41
22,14.719898091032,35.9427897410148,3,Friday,0,2025-10-24,Friday,3,41
4,31.559908615277077,35.56676372000371,3,Friday,0,2025-10-24,Friday,3,41
18,14.582844745339838,20.336362448108943,3,Friday,0,2025-10-24,Friday,3,41
23,12.508436118842965,22.887434037490085,3,Friday,0,2025-10-24,Friday,3,41
14,14.442751245915744,9.310910011953473,3,Friday,0,2025-10-24,Friday,3,41
14,6.61916863334508,24.45320797566882,3,Friday,0,2025-10-24,Friday,3,41
22,15.156695492034451,7.979543510877706,3,Friday,0,2025-10-31,Friday,3,57
12,12.18452984035719,9.054766981269161,3,Friday,0,2025-10-31,Friday,3,57
20,11.690730150771962,3.6582188034938925,3,Friday,0,2025-10-31,Friday,3,57
19,12.408038185144505,23.211291034271344,3,Friday,0,2025-10-31,Friday,3,57
17,8.038365866669327,8.987583977634154,3,Friday,0,2025-10-31,Friday,3,57
18,15.597120002653337,3.975339194477507,3,Friday,0,2025-10-31,Friday,3,57
19,13.73661518989952,10.908239838849726,3,Friday,0,2025-10-31,Friday,3,57
17,25.16517049634017,18.906938418497802,3,Friday,0,2025-10-31,Friday,3,57
19,10.898939105375849,16.033481731804017,3,Friday,0,2025-10-31,Friday,3,57
17,20.993463868757154,11.157112974393218,3,Friday,0,2025-10-31,Friday,3,57
11,2.358424492425597,1.5307187285156343,3,Friday,0,2025-10-31,Friday,3,57
18,26.89039418806013,15.562359198961191,3,Friday,0,2025-10-31,Friday,3,57
13,10.950528571720461,19.268937039663086,3,Friday,0,2025-10-31,Friday,3,57
20,17.327477772457843,17.373695507816105,3,Friday,0,2025-10-31,Friday,3,57
16,2.3632859379172575,7.194491816286619,3,Friday,0,2025-10-31,Friday,3,57
22,10.061243845219657,6.4742998947542185,3,Friday,0,2025-10-31,Friday,3,57
17,23.676121416489263,41.6352381893092,3,Friday,0,2025-10-31,Friday,3,57
18,12.057866806590813,22.282204150699837,3,Friday,0,2025-10-31,Friday,3,57
13,2.2960255515292225,19.462904854593244,3,Friday,0,2025-10-31,Friday,3,57
15,15.109249275932836,3.599707617029038,3,Friday,0,2025-10-31,Friday,3,57
7,5.62042753757826,6.226461869877661,3,Friday,0,2025-10-31,Friday,3,57
16,31.89896343253242,23.181967458247584,3,Friday,0,2025-10-31,Friday,3,57
15,9.189265114510583,7.720896423248586,3,Friday,0,2025-10-31,Friday,3,57
18,17.192506275943167,11.414590307019994,3,Friday,0,2025-10-31,Friday,3,57
10,3.935931925143761,7.130838759840804,3,Friday,0,2025-10-31,Friday,3,57
23,10.351919291560186,8.755258200808868,3,Friday,0,2025-10-31,Friday,3,57
18,16.770118794162737,27.85032662775115,3,Friday,0,2025-10-31,Friday,3,57
18,14.982793388854898,15.798669548592274,3,Friday,0,2025-10-31,Friday,3,57
15,21.39177252881489,14.429734186884575,3,Friday,0,2025-10-31,Friday,3,57
15,23.975594114074696,7.121839985837597,3,Friday,0,2025-10-31,Friday,3,57
18,14.799223734063592,14.873492196879125,3,Friday,0,2025-10-31,Friday,3,57
16,2.2976011135786316,6.909039833877772,3,Friday,0,2025-10-31,Friday,3,57
22,20.265195142884927,3.9949179209538066,3,Friday,0,2025-10-31,Friday,3,57
23,13.054058662323968,29.06194742109959,3,Friday,0,2025-10-31,Friday,3,57
13,5.397147352839001,2.8646474479740665,3,Friday,0,2025-10-31,Friday,3,57
11,5.875146070755765,4.069491542260064,3,Friday,0,2025-10-31,Friday,3,57
21,16.0773036911858,30.04589880525461,3,Friday,0,2025-10-31,Friday,3,57
14,6.275241946923621,21.08466139736649,3,Friday,0,2025-10-31,Friday,3,57
16,25.015852261485104,2.7657216819467036,3,Friday,0,2025-10-31,Friday,3,57
17,7.4975897759900585,8.247011001458919,3,Friday,0,2025-10-31,Friday,3,57
14,61.338100054178746,1.0487624234328603,3,Friday,0,2025-10-31,Friday,3,57
21,18.92384807858601,7.558619985724884,3,Friday,0,2025-10-31,Friday,3,57
15,7.243754389354185,7.935390819793626,3,Friday,0,2025-10-31,Friday,3,57
19,18.317749933640133,8.553994370251072,3,Friday,0,2025-10-31,Friday,3,57
13,38.62312332496818,10.522733665699722,3,Friday,0,2025-10-31,Friday,3,57
17,4.924260387216213,4.87696671255635,3,Friday,0,2025-10-31,Friday,3,57
1,36.820940671004934,2.2611887955746166,3,Friday,0,2025-10-31,Friday,3,57
10,2.9065217723069687,10.744569314300183,3,Friday,0,2025-10-31,Friday,3,57
2,3.6705741672815333,3.8717315664442156,3,Friday,0,2025-10-31,Friday,3,57
22,18.649083999997274,21.716168915712665,3,Friday,0,2025-10-31,Friday,3,57
18,12.112137166425217,32.06507442297132,3,Friday,0,2025-10-31,Friday,3,57
21,16.272068994309898,16.276233948053385,3,Friday,0,2025-10-31,Friday,3,57
17,15.584137246738521,12.948679285039923,3,Friday,0,2025-10-31,Friday,3,57
23,8.72749767980241,16.09750461932103,3,Friday,0,2025-10-31,Friday,3,57
19,58.3209281861871,2.8368065000867126,3,Friday,0,2025-10-31,Friday,3,57
18,11.19953556821384,20.554883691314078,3,Friday,0,2025-10-31,Friday,3,57
17,21.78696504431381,4.474875121113317,3,Friday,0,2025-10-31,Friday,3,57
18,2.093181638017929,5.036733870580131,3,Friday,0,2025-11-07,Friday,3,43
3,15.125618932421961,30.62688855867038,3,Friday,0,2025-11-07,Friday,3,43
13,11.098156240523782,3.747576212819882,3,Friday,0,2025-11-07,Friday,3,43
3,7.1873511137653905,15.110355500173712,3,Friday,0,2025-11-07,Friday,3,43
16,18.96888470353883,8.988384370648625,3,Friday,0,2025-11-07,Friday,3,43
13,9.848443506671536,8.528768126791908,3,Friday,0,2025-11-07,Friday,3,43
17,5.980966754353174,5.924674521242697,3,Friday,0,2025-11-07,Friday,3,43
17,24.874364427525254,10.43870004002137,3,Friday,0,2025-11-07,Friday,3,43
17,2.590290043723546,4.149920844845904,3,Friday,0,2025-11-07,Friday,3,43
19,21.249176743410484,26.695323811085945,3,Friday,0,2025-11-07,Friday,3,43
0,3.1867199253682426,29.018330542613544,3,Friday,0,2025-11-07,Friday,3,43
9,3.4370343660226155,10.419686885294299,3,Friday,0,2025-11-07,Friday,3,43
18,15.671664218685795,28.938107682205967,3,Friday,0,2025-11-07,Friday,3,43
21,13.893777756262498,15.439450149476043,3,Friday,0,2025-11-07,Friday,3,43
21,22.67157546569214,24.355269809560554,3,Friday,0,2025-11-07,Friday,3,43
18,5.216223209443294,19.027403135680988,3,Friday,0,2025-11-07,Friday,3,43
22,15.499137407917296,10.580050602455287,3,Friday,0,2025-11-07,Friday,3,43
18,15.396617263299618,3.4749988760804413,3,Friday,0,2025-11-07,Friday,3,43
14,10.289681535620414,9.00071745198996,3,Friday,0,2025-11-07,Friday,3,43
15,25.426967275744047,11.899067621889614,3,Friday,0,2025-11-07,Friday,3,43
4,5.694064433662331,15.624628499483974,3,Friday,0,2025-11-07,Friday,3,43
12,9.861182814052867,7.838549083534872,3,Friday,0,2025-11-07,Friday,3,43
18,11.491173839233422,8.349878456643248,3,Friday,0,2025-11-07,Friday,3,43
17,30.890646393835016,6.0193379070043855,3,Friday,0,2025-11-07,Friday,3,43
13,3.331578599946029,9.346600555500329,3,Friday,0,2025-11-07,Friday,3,43
21,14.737128413981537,4.919893987249583,3,Friday,0,2025-11-07,Friday,3,43
13,11.56285497450206,10.8473710623263,3,Friday,0,2025-11-07,Friday,3,43
12,18.475243159607704,10.998501439100833,3,Friday,0,2025-11-07,Friday,3,43
18,10.844019409756886,3.8450196028482626,3,Friday,0,2025-11-07,Friday,3,43
13,5.303462262725967,8.53850442083354,3,Friday,0,2025-11-07,Friday,3,43
0,30.717938709855662,43.77033707734578,3,Friday,0,2025-11-07,Friday,3,43
17,25.320462061251547,31.007319855606603,3,Friday,0,2025-11-07,Friday,3,43
18,16.673102251528668,12.656402056072684,3,Friday,0,2025-11-07,Friday,3,43
17,11.595153872915482,5.4303063654306145,3,Friday,0,2025-11-07,Friday,3,43
22,15.931987244184704,48.56594966100448,3,Friday,0,2025-11-07,Friday,3,43
21,13.633835636464923,11.29571796191264,3,Friday,0,2025-11-07,Friday,3,43
11,95.90852662622474,4.7251079567733605,3,Friday,0,2025-11-07,Friday,3,43
16,22.203124667913915,5.722985758709306,3,Friday,0,2025-11-07,Friday,3,43
14,3.3441626072237725,9.583605254997025,3,Friday,0,2025-11-07,Friday,3,43
23,3.090677826119278,10.067024280707688,3,Friday,0,2025-11-07,Friday,3,43
17,15.600852836146704,16.214808564082112,3,Friday,0,2025-11-07,Friday,3,43
18,17.66992688697642,34.06817609204023,3,Friday,0,2025-11-07,Friday,3,43
18,33.72031751711461,24.841745195311667,3,Friday,0,2025-11-07,Friday,3,43
22,14.808975299698378,6.99108858965677,3,Friday,0,2025-11-14,Friday,3,28
19,16.509284728614066,7.394494670988964,3,Friday,0,2025-11-14,Friday,3,28
22,3.7866420243679144,18.034684048702765,3,Friday,0,2025-11-14,Friday,3,28
23,8.666470703374763,2.932513149131448,3,Friday,0,2025-11-14,Friday,3,28
22,15.067973857615335,19.866553677663862,3,Friday,0,2025-11-14,Friday,3,28
15,4.88446247061556,4.969651299919495,3,Friday,0,2025-11-14,Friday,3,28
0,14.935054925185778,10.104152873999418,3,Friday,0,2025-11-14,Friday,3,28
22,28.569178928952812,8.168149957854748,3,Friday,0,2025-11-14,Friday,3,28
17,9.18385939176174,11.303843559386658,3,Friday,0,2025-11-14,Friday,3,28
16,23.990914468551136,10.80100016450936,3,Friday,0,2025-11-14,Friday,3,28
15,23.08785662649229,6.207248054956243,3,Friday,0,2025-11-14,Friday,3,28
19,13.337748928609326,13.503277692150258,3,Friday,0,2025-11-14,Friday,3,28
20,14.506606327527845,14.91456365653746,3,Friday,0,2025-11-14,Friday,3,28
14,29.827496190957334,7.015029827276918,3,Friday,0,2025-11-14,Friday,3,28
19,15.294772130948708,14.147622662307688,3,Friday,0,2025-11-14,Friday,3,28
19,4.367686746420087,10.24812316983435,3,Friday,0,2025-11-14,Friday,3,28
17,16.434244759852966,28.825460882986643,3,Friday,0,2025-11-14,Friday,3,28
18,7.271175606489391,10.24166978653881,3,Friday,0,2025-11-14,Friday,3,28
15,4.450492076136359,19.25611574640871,3,Friday,0,2025-11-14,Friday,3,28
15,7.816461567889981,6.879559360835527,3,Friday,0,2025-11-14,Friday,3,28
21,4.648388299160589,16.879361752971352,3,Friday,0,2025-11-14,Friday,3,28
14,20.607902069394076,12.104976897305702,3,Friday,0,2025-11-14,Friday,3,28
18,7.316673033707331,8.42698539112763,3,Friday,0,2025-11-14,Friday,3,28
20,15.714079286932343,40.22219530675731,3,Friday,0,2025-11-14,Friday,3,28
20,15.06794138353818,40.13332287358196,3,Friday,0,2025-11-14,Friday,3,28
15,17.248650779217733,13.550806462530627,3,Friday,0,2025-11-14,Friday,3,28
23,10.270004401236058,17.084870391918187,3,Friday,0,2025-11-14,Friday,3,28
20,16.727334236837052,11.951769691316263,3,Friday,0,2025-11-14,Friday,3,28
21,13.598596720385661,29.40367946822173,3,Friday,0,2025-11-21,Friday,3,31
16,21.74227249175444,3.9521014325352786,3,Friday,0,2025-11-21,Friday,3,31
12,14.97172498868348,8.662546744336113,3,Friday,0,2025-11-21,Friday,3,31
18,14.173986757489619,15.103436790930488,3,Friday,0,2025-11-21,Friday,3,31
23,12.667959619815836,14.328571222775457,3,Friday,0,2025-11-21,Friday,3,31
11,9.812343621248154,4.6652933177321305,3,Friday,0,2025-11-21,Friday,3,31
14,57.34325647696697,7.976897408800947,3,Friday,0,2025-11-21,Friday,3,31
17,30.991734672810967,14.354012225516414,3,Friday,0,2025-11-21,Friday,3,31
22,13.67765160158402,21.241958849805044,3,Friday,0,2025-11-21,Friday,3,31
12,20.340536095455047,34.33817489762799,3,Friday,0,2025-11-21,Friday,3,31
22,15.931041974530274,13.916465558551964,3,Friday,0,2025-11-21,Friday,3,31
9,2.4636955637075912,24.090171749274976,3,Friday,0,2025-11-21,Friday,3,31
13,9.288389030447185,6.121843965401018,3,Friday,0,2025-11-21,Friday,3,31
17,21.38607667128534,3.1368214630019944,3,Friday,0,2025-11-21,Friday,3,31
22,16.654497857823028,10.189287066388479,3,Friday,0,2025-11-21,Friday,3,31
17,9.546204433876202,6.797627195496177,3,Friday,0,2025-11-21,Friday,3,31
15,21.248955319827036,2.844459188912378,3,Friday,0,2025-11-21,Friday,3,31
16,2.0303287578760663,4.346587035983206,3,Friday,0,2025-11-21,Friday,3,31
14,16.56429543217121,12.467212338795047,3,Friday,0,2025-11-21,Friday,3,31
16,2.2934498882084102,9.256088272380735,3,Friday,0,2025-11-21,Friday,3,31
23,14.422942974266167,8.753440654732978,3,Friday,0,2025-11-21,Friday,3,31
16,45.969484436871596,1.8716008067552112,3,Friday,0,2025-11-21,Friday,3,31
11,5.650746002682177,15.151554476075015,3,Friday,0,2025-11-21,Friday,3,31
22,12.675397562562498,16.4878892613569,3,Friday,0,2025-11-21,Friday,3,31
16,24.266994545693144,30.39914726866126,3,Friday,0,2025-11-21,Friday,3,31
23,63.69101372437823,11.203104668701386,3,Friday,0,2025-11-21,Friday,3,31
16,36.472606959748276,7.251294073148789,3,Friday,0,2025-11-21,Friday,3,31
15,13.999141155641365,5.865753273636916,3,Friday,0,2025-11-21,Friday,3,31
17,12.675899565750544,11.923579209788516,3,Friday,0,2025-11-21,Friday,3,31
18,20.04536130253557,5.270914684980276,3,Friday,0,2025-11-21,Friday,3,31
14,19.40494213813652,3.08509090450346,3,Friday,0,2025-11-21,Friday,3,31
17,8.052574727525748,4.922434783564259,3,Friday,0,2025-11-28,Friday,3,37
18,2.2883253865827218,12.936435666766045,3,Friday,0,2025-11-28,Friday,3,37
16,9.57705816704302,22.104475846041456,3,Friday,0,2025-11-28,Friday,3,37
15,28.52501114907242,22.425999825321284,3,Friday,0,2025-11-28,Friday,3,37
18,16.462635393354674,13.02326060317672,3,Friday,0,2025-11-28,Friday,3,37
11,7.637226929034393,4.23033184542377,3,Friday,0,2025-11-28,Friday,3,37
19,46.44279393600533,7.069937387836775,3,Friday,0,2025-11-28,Friday,3,37
16,9.918946682881657,3.719362509068624,3,Friday,0,2025-11-28,Friday,3,37
20,15.052168762107652,16.192033718643106,3,Friday,0,2025-11-28,Friday,3,37
14,18.84261663363824,4.820699849863205,3,Friday,0,2025-11-28,Friday,3,37
14,23.344239109757513,5.582695461224924,3,Friday,0,2025-11-28,Friday,3,37
17,9.04569263900029,25.2655004209466,3,Friday,0,2025-11-28,Friday,3,37
22,10.224094287927663,4.744854907063839,3,Friday,0,2025-11-28,Friday,3,37
20,11.633157964109216,11.683516074330846,3,Friday,0,2025-11-28,Friday,3,37
15,21.974882755594816,19.331380736413895,3,Friday,0,2025-11-28,Friday,3,37
17,13.299865502689556,46.93315344926644,3,Friday,0,2025-11-28,Friday,3,37
10,7.2858802946760965,7.904217132884173,3,Friday,0,2025-11-28,Friday,3,37
22,15.370190181419787,44.194316332675896,3,Friday,0,2025-11-28,Friday,3,37
22,16.49838201018841,23.065668689286838,3,Friday,0,2025-11-28,Friday,3,37
13,32.67323298208773,8.765392907867174,3,Friday,0,2025-11-28,Friday,3,37
20,11.940212427990978,18.48018822421374,3,Friday,0,2025-11-28,Friday,3,37
18,13.539432147664986,17.342703541668904,3,Friday,0,2025-11-28,Friday,3,37
17,7.590191625300048,9.226248551278234,3,Friday,0,2025-11-28,Friday,3,37
11,3.9649161675496463,21.8352122569407,3,Friday,0,2025-11-28,Friday,3,37
20,14.3481470155083,10.09885915407033,3,Friday,0,2025-11-28,Friday,3,37
18,72.50999782400964,7.12470208316386,3,Friday,0,2025-11-28,Friday,3,37
18,11.475925980789832,5.329786141435746,3,Friday,0,2025-11-28,Friday,3,37
20,15.959026833157338,6.42526712482257,3,Friday,0,2025-11-28,Friday,3,37
18,10.714947510756588,11.330937426277755,3,Friday,0,2025-11-28,Friday,3,37
15,21.88778511380674,31.758283678622405,3,Friday,0,2025-11-28,Friday,3,37
16,5.006588373059065,3.9161835602328923,3,Friday,0,2025-11-28,Friday,3,37
19,61.41899452127972,6.640897342927371,3,Friday,0,2025-11-28,Friday,3,37
20,40.79888347288646,11.11824352232936,3,Friday,0,2025-11-28,Friday,3,37
22,20.497501965209736,15.143737385208873,3,Friday,0,2025-11-28,Friday,3,37
18,16.3007612782893,17.251075206385377,3,Friday,0,2025-11-28,Friday,3,37
15,18.335795062000027,6.245274895031425,3,Friday,0,2025-11-28,Friday,3,37
22,34.06386380651488,11.671605757981073,3,Friday,0,2025-11-28,Friday,3,37
17,29.060306245691507,15.033615588178087,3,Friday,0,2025-12-05,Friday,3,34
15,8.36722828939439,6.582281286847169,3,Friday,0,2025-12-05,Friday,3,34
20,15.095329382624058,3.560827909722816,3,Friday,0,2025-12-05,Friday,3,34
17,11.502316595845269,3.75202277115978,3,Friday,0,2025-12-05,Friday,3,34
17,12.209511630968915,9.10532271624753,3,Friday,0,2025-12-05,Friday,3,34
16,33.03262350009617,17.79811655687441,3,Friday,0,2025-12-05,Friday,3,34
21,9.199518447204582,9.772197173369557,3,Friday,0,2025-12-05,Friday,3,34
17,22.90308361948683,18.23278300833649,3,Friday,0,2025-12-05,Friday,3,34
15,16.431462120276024,9.517432469321221,3,Friday,0,2025-12-05,Friday,3,34
18,22.374669555661914,6.322236063652377,3,Friday,0,2025-12-05,Friday,3,34
7,8.805410067014359,12.990362704258082,3,Friday,0,2025-12-05,Friday,3,34
14,38.46245868510526,5.530519067968956,3,Friday,0,2025-12-05,Friday,3,34
13,5.99453631608465,4.532888726420915,3,Friday,0,2025-12-05,Friday,3,34
21,12.631234197938188,14.49572960063318,3,Friday,0,2025-12-05,Friday,3,34
8,6.223064729030807,7.08514193545616,3,Friday,0,2025-12-05,Friday,3,34
20,16.303221529659705,15.843784211502618,3,Friday,0,2025-12-05,Friday,3,34
21,11.136305046329916,5.1179855565977705,3,Friday,0,2025-12-05,Friday,3,34
15,2.083754793553254,8.904194102425096,3,Friday,0,2025-12-05,Friday,3,34
15,32.2366760599924,7.785305715532033,3,Friday,0,2025-12-05,Friday,3,34
14,4.000448695726831,16.738294496307343,3,Friday,0,2025-12-05,Friday,3,34
19,17.936211272631176,4.526227399506439,3,Friday,0,2025-12-05,Friday,3,34
3,5.413254206740071,18.247426308138188,3,Friday,0,2025-12-05,Friday,3,34
22,10.870282654982933,20.579699571357892,3,Friday,0,2025-12-05,Friday,3,34
13,6.144203270788832,36.10176538459422,3,Friday,0,2025-12-05,Friday,3,34
22,12.427507346198755,14.026982247324398,3,Friday,0,2025-12-05,Friday,3,34
16,13.436808333393603,6.2027798243029295,3,Friday,0,2025-12-05,Friday,3,34
19,19.68863824682711,34.55421685796678,3,Friday,0,2025-12-05,Friday,3,34
10,32.14225115865399,49.42085752339583,3,Friday,0,2025-12-05,Friday,3,34
22,12.259513539403315,20.990808950324748,3,Friday,0,2025-12-05,Friday,3,34
14,33.75402630853597,51.52926873672728,3,Friday,0,2025-12-05,Friday,3,34
21,9.876627037463113,7.05287572383189,3,Friday,0,2025-12-05,Friday,3,34
17,9.873711587098146,72.10151002751715,3,Friday,0,2025-12-05,Friday,3,34
20,15.029770186714138,16.485315973854078,3,Friday,0,2025-12-05,Friday,3,34
14,20.026503493171738,7.015686053239684,3,Friday,0,2025-12-05,Friday,3,34
20,10.253190336230059,7.208131274661382,3,Friday,0,2025-12-12,Friday,3,42
0,5.029284381124596,7.2871631091052596,3,Friday,0,2025-12-12,Friday,3,42
20,15.135596551668705,21.16379976719715,3,Friday,0,2025-12-12,Friday,3,42
19,31.157352291359686,7.144891022186618,3,Friday,0,2025-12-12,Friday,3,42
20,19.321897148263318,8.573684975065213,3,Friday,0,2025-12-12,Friday,3,42
15,78.7692990140571,7.8306870256451475,3,Friday,0,2025-12-12,Friday,3,42
14,66.42416822408218,4.713680222777039,3,Friday,0,2025-12-12,Friday,3,42
17,15.630722176688444,8.864495774727736,3,Friday,0,2025-12-12,Friday,3,42
23,7.917977632362058,10.838980291122846,3,Friday,0,2025-12-12,Friday,3,42
21,11.895316938426326,14.350760055774177,3,Friday,0,2025-12-12,Friday,3,42
19,32.49686618217602,9.981759994821171,3,Friday,0,2025-12-12,Friday,3,42
20,17.132194326077936,42.03883049205272,3,Friday,0,2025-12-12,Friday,3,42
18,31.954146340303087,5.393662818946826,3,Friday,0,2025-12-12,Friday,3,42
19,7.418243119663191,6.103618035141885,3,Friday,0,2025-12-12,Friday,3,42
22,8.86336935104335,2.653089225230798,3,Friday,0,2025-12-12,Friday,3,42
15,7.4650077441822,12.290908547352858,3,Friday,0,2025-12-12,Friday,3,42
11,2.599254817859908,5.928110741447507,3,Friday,0,2025-12-12,Friday,3,42
20,19.02888192298754,6.1830880201388085,3,Friday,0,2025-12-12,Friday,3,42
16,30.612539997905632,15.058894151195597,3,Friday,0,2025-12-12,Friday,3,42
17,4.108165505781475,12.092147112582976,3,Friday,0,2025-12-12,Friday,3,42
14,2.269695147702092,11.380716370673648,3,Friday,0,2025-12-12,Friday,3,42
17,11.645299208169014,15.44861388978676,3,Friday,0,2025-12-12,Friday,3,42
16,19.815312458661214,9.70437673420491,3,Friday,0,2025-12-12,Friday,3,42
16,6.539692740931076,46.52865136821355,3,Friday,0,2025-12-12,Friday,3,42
17,14.94319049314139,24.896629099503485,3,Friday,0,2025-12-12,Friday,3,42
19,22.615781699135596,23.348234688780636,3,Friday,0,2025-12-12,Friday,3,42
22,12.225356134627035,5.613325174910958,3,Friday,0,2025-12-12,Friday,3,42
16,3.637904679489344,3.3807582187806817,3,Friday,0,2025-12-12,Friday,3,42
19,14.39288414114015,2.6530492673300365,3,Friday,0,2025-12-12,Friday,3,42
19,3.352617147918295,5.0552586790850365,3,Friday,0,2025-12-12,Friday,3,42
10,14.534855493072413,9.968924418681913,3,Friday,0,2025-12-12,Friday,3,42
20,19.71929003351726,17.48837914850428,3,Friday,0,2025-12-12,Friday,3,42
15,8.627481110487304,5.462493216787666,3,Friday,0,2025-12-12,Friday,3,42
13,2.4070470819886833,8.823499714268042,3,Friday,0,2025-12-12,Friday,3,42
17,19.53788962922948,23.539888349428807,3,Friday,0,2025-12-12,Friday,3,42
21,15.86189863486641,9.668021400215638,3,Friday,0,2025-12-12,Friday,3,42
14,21.573738874612083,8.37440533155707,3,Friday,0,2025-12-12,Friday,3,42
19,14.55825957531593,15.909578673789962,3,Friday,0,2025-12-12,Friday,3,42
20,5.746587425760079,13.931081054843322,3,Friday,0,2025-12-12,Friday,3,42
15,17.439975659667624,0.822241045555478,3,Friday,0,2025-12-12,Friday,3,42
15,5.256242044826232,4.942478987752177,3,Friday,0,2025-12-12,Friday,3,42
19,11.298587450925893,6.954889581725704,3,Friday,0,2025-12-12,Friday,3,42
14,2.6626797507291537,6.588289520216124,3,Friday,0,2025-12-19,Friday,3,34
20,13.942500386196222,7.002786124941674,3,Friday,0,2025-12-19,Friday,3,34
17,2.8064299761901994,4.62780080153273,3,Friday,0,2025-12-19,Friday,3,34
22,16.26660867532238,6.811690993969428,3,Friday,0,2025-12-19,Friday,3,34
16,18.92791418184194,10.902774863768778,3,Friday,0,2025-12-19,Friday,3,34
11,26.7739072401745,5.483292744884515,3,Friday,0,2025-12-19,Friday,3,34
20,14.414298258467767,1.7984317108656513,3,Friday,0,2025-12-19,Friday,3,34
18,31.74478259180386,47.21038281472066,3,Friday,0,2025-12-19,Friday,3,34
15,34.54061416489499,4.753965015865491,3,Friday,0,2025-12-19,Friday,3,34
10,3.686884900073651,7.236745008551089,3,Friday,0,2025-12-19,Friday,3,34
23,10.24153695528441,10.276214787154538,3,Friday,0,2025-12-19,Friday,3,34
16,6.809629201852785,11.405077968615931,3,Friday,0,2025-12-19,Friday,3,34
16,34.22247529511563,10.580930388827753,3,Friday,0,2025-12-19,Friday,3,34
20,17.247910842108492,11.953791841957443,3,Friday,0,2025-12-19,Friday,3,34
11,42.821095807054725,8.60924001300088,3,Friday,0,2025-12-19,Friday,3,34
16,24.54131915142056,9.649367542282205,3,Friday,0,2025-12-19,Friday,3,34
15,2.791863262535329,12.964173005206012,3,Friday,0,2025-12-19,Friday,3,34
11,4.228466156169833,6.072617912774715,3,Friday,0,2025-12-19,Friday,3,34
20,21.312231137958882,9.803547318648947,3,Friday,0,2025-12-19,Friday,3,34
19,15.330471416645004,20.085857785560265,3,Friday,0,2025-12-19,Friday,3,34
3,8.390724182495378,12.203067872464855,3,Friday,0,2025-12-19,Friday,3,34
20,10.155945583406616,9.678014065941573,3,Friday,0,2025-12-19,Friday,3,34
13,27.04983219059864,8.789865255979713,3,Friday,0,2025-12-19,Friday,3,34
15,44.80223999997029,5.965121984603511,3,Friday,0,2025-12-19,Friday,3,34
15,11.303041923813542,23.73995494547988,3,Friday,0,2025-12-19,Friday,3,34
19,26.819299701851225,12.425124621921501,3,Friday,0,2025-12-19,Friday,3,34
16,21.15618284618723,34.61507845672361,3,Friday,0,2025-12-19,Friday,3,34
19,12.829273371823202,7.1598718494568105,3,Friday,0,2025-12-19,Friday,3,34
13,29.99626081476003,10.516092772851358,3,Friday,0,2025-12-19,Friday,3,34
20,15.611476665873305,3.2766254962610653,3,Friday,0,2025-12-19,Friday,3,34
15,44.167840988953,2.4306672613748717,3,Friday,0,2025-12-19,Friday,3,34
11,3.553659522232606,9.244133561281194,3,Friday,0,2025-12-19,Friday,3,34
16,24.301766861305307,4.533362055048701,3,Friday,0,2025-12-19,Friday,3,34
17,12.374087572123791,15.491613998313268,3,Friday,0,2025-12-19,Friday,3,34
22,15.012528183786216,5.738148913617241,3,Saturday,0,2025-09-27,Saturday,3,33
15,20.042061884237363,6.020230962524703,3,Saturday,0,2025-09-27,Saturday,3,33
16,13.002888200427705,8.162212100291237,3,Saturday,0,2025-09-27,Saturday,3,33
22,12.524386334655492,6.685699963407785,3,Saturday,0,2025-09-27,Saturday,3,33
16,16.479613836861983,1.4477260559824559,3,Saturday,0,2025-09-27,Saturday,3,33
20,11.095991795752667,8.188066237611476,3,Saturday,0,2025-09-27,Saturday,3,33
19,18.677359321116764,9.892846272189704,3,Saturday,0,2025-09-27,Saturday,3,33
15,6.635463257209751,23.35325802835948,3,Saturday,0,2025-09-27,Saturday,3,33
14,2.4885881996513612,17.527581155204974,3,Saturday,0,2025-09-27,Saturday,3,33
13,21.528882754210994,31.20976464125799,3,Saturday,0,2025-09-27,Saturday,3,33
17,15.692472711109723,7.2391893954308175,3,Saturday,0,2025-09-27,Saturday,3,33
17,5.94110357938394,10.91472762176773,3,Saturday,0,2025-09-27,Saturday,3,33
21,12.97198780095933,25.112437699588288,3,Saturday,0,2025-09-27,Saturday,3,33
21,16.31599165706429,5.933100930893753,3,Saturday,0,2025-09-27,Saturday,3,33
0,6.919229762833241,14.495637287439616,3,Saturday,0,2025-09-27,Saturday,3,33
19,4.557053247903921,18.350368346223412,3,Saturday,0,2025-09-27,Saturday,3,33
20,7.574990503531131,10.023825879279748,3,Saturday,0,2025-09-27,Saturday,3,33
22,19.489579927754313,28.955788915117903,3,Saturday,0,2025-09-27,Saturday,3,33
15,48.20823701588995,28.50728900775962,3,Saturday,0,2025-09-27,Saturday,3,33
22,13.829973898911,7.9420786843760185,3,Saturday,0,2025-09-27,Saturday,3,33
22,8.284156860568757,4.194382466820067,3,Saturday,0,2025-09-27,Saturday,3,33
13,25.4766174763839,7.623224788544777,3,Saturday,0,2025-09-27,Saturday,3,33
13,6.584556893153183,3.774306554804596,3,Saturday,0,2025-09-27,Saturday,3,33
5,8.648931256183467,17.763882089934445,3,Saturday,0,2025-09-27,Saturday,3,33
19,2.436020180104922,7.417884836746879,3,Saturday,0,2025-09-27,Saturday,3,33
21,13.40042298496222,16.818467120771924,3,Saturday,0,2025-09-27,Saturday,3,33
17,2.9385166843891675,22.319979434719922,3,Saturday,0,2025-09-27,Saturday,3,33
14,11.749975570619501,7.269257763983152,3,Saturday,0,2025-09-27,Saturday,3,33
18,25.030861171707198,4.704307077536932,3,Saturday,0,2025-09-27,Saturday,3,33
21,16.89256028459268,17.902622800015067,3,Saturday,0,2025-09-27,Saturday,3,33
19,22.466916703494014,11.787479856138335,3,Saturday,0,2025-09-27,Saturday,3,33
19,11.362721943515105,10.287145454587142,3,Saturday,0,2025-09-27,Saturday,3,33
16,23.630208889791305,22.845435358674095,3,Saturday,0,2025-09-27,Saturday,3,33
10,24.438849402268062,27.542603239781535,3,Saturday,0,2025-10-04,Saturday,3,47
20,14.324471853803363,5.02934283956047,3,Saturday,0,2025-10-04,Saturday,3,47
18,12.090065131500683,19.588038006858284,3,Saturday,0,2025-10-04,Saturday,3,47
12,15.696166879174143,4.127500922459687,3,Saturday,0,2025-10-04,Saturday,3,47
15,20.92423667802734,14.766077658186127,3,Saturday,0,2025-10-04,Saturday,3,47
14,20.075140117796106,8.18164201518671,3,Saturday,0,2025-10-04,Saturday,3,47
6,6.683720326721168,10.650330959249313,3,Saturday,0,2025-10-04,Saturday,3,47
12,9.264269286455932,12.229288595751594,3,Saturday,0,2025-10-04,Saturday,3,47
12,4.253903455333242,8.237913841068865,3,Saturday,0,2025-10-04,Saturday,3,47
14,6.207199618820031,3.4495711368365667,3,Saturday,0,2025-10-04,Saturday,3,47
14,18.58606285239392,16.230008822515924,3,Saturday,0,2025-10-04,Saturday,3,47
16,8.753099713859621,7.067573378593586,3,Saturday,0,2025-10-04,Saturday,3,47
22,16.944480611465437,32.77012736443568,3,Saturday,0,2025-10-04,Saturday,3,47
13,3.424740976324477,10.983362029380817,3,Saturday,0,2025-10-04,Saturday,3,47
18,14.001380876775585,21.011654399996257,3,Saturday,0,2025-10-04,Saturday,3,47
13,20.59523433234938,24.995083074524036,3,Saturday,0,2025-10-04,Saturday,3,47
19,21.38495460352286,7.14704880844572,3,Saturday,0,2025-10-04,Saturday,3,47
22,18.727588820651608,10.753864601458773,3,Saturday,0,2025-10-04,Saturday,3,47
19,12.857144275736456,14.173814984604821,3,Saturday,0,2025-10-04,Saturday,3,47
20,11.97851258868419,3.635556448440683,3,Saturday,0,2025-10-04,Saturday,3,47
0,7.742905750394214,21.27867745218995,3,Saturday,0,2025-10-04,Saturday,3,47
19,14.903408881555269,31.363268811372187,3,Saturday,0,2025-10-04,Saturday,3,47
17,16.390791519066312,35.004753057613456,3,Saturday,0,2025-10-04,Saturday,3,47
18,14.627263196482843,16.879450757090154,3,Saturday,0,2025-10-04,Saturday,3,47
19,22.80418197007602,4.294157518297298,3,Saturday,0,2025-10-04,Saturday,3,47
18,28.84520318228424,11.980169900551452,3,Saturday,0,2025-10-04,Saturday,3,47
15,2.358981093162834,3.637892577522985,3,Saturday,0,2025-10-04,Saturday,3,47
17,16.60163250270657,2.9656525441580994,3,Saturday,0,2025-10-04,Saturday,3,47
15,64.89368824791431,14.313893110794105,3,Saturday,0,2025-10-04,Saturday,3,47
14,13.653384359751769,9.318308244197901,3,Saturday,0,2025-10-04,Saturday,3,47
16,95.88489302419853,13.919144318021276,3,Saturday,0,2025-10-04,Saturday,3,47
14,2.228448525097424,5.68775833137259,3,Saturday,0,2025-10-04,Saturday,3,47
15,21.274313556106488,85.64688070085954,3,Saturday,0,2025-10-04,Saturday,3,47
9,18.67181894911121,10.483408158956248,3,Saturday,0,2025-10-04,Saturday,3,47
15,74.66938526899017,3.2887446653741934,3,Saturday,0,2025-10-04,Saturday,3,47
18,11.68292385114152,15.835119543105897,3,Saturday,0,2025-10-04,Saturday,3,47
18,4.629228148692284,15.97200962711993,3,Saturday,0,2025-10-04,Saturday,3,47
21,24.5699207268869,8.89306504745286,3,Saturday,0,2025-10-04,Saturday,3,47
13,3.379445780405941,9.399296694383398,3,Saturday,0,2025-10-04,Saturday,3,47
16,18.053080722207238,13.418700038109732,3,Saturday,0,2025-10-04,Saturday,3,47
13,6.309043052956278,1.1810864630101667,3,Saturday,0,2025-10-04,Saturday,3,47
10,4.647601457711018,6.289835969478675,3,Saturday,0,2025-10-04,Saturday,3,47
18,20.975879362028984,1.8639937725904627,3,Saturday,0,2025-10-04,Saturday,3,47
20,16.389091659228423,36.46183485322429,3,Saturday,0,2025-10-04,Saturday,3,47
17,4.446364191236488,7.7319948485232946,3,Saturday,0,2025-10-04,Saturday,3,47
21,11.303307510591427,5.849578217413479,3,Saturday,0,2025-10-04,Saturday,3,47
17,17.20484049630934,29.69982027174235,3,Saturday,0,2025-10-04,Saturday,3,47
22,26.5941882680456,52.63116461779588,3,Saturday,0,2025-10-11,Saturday,3,36
12,3.435822013569438,9.36390847041715,3,Saturday,0,2025-10-11,Saturday,3,36
15,23.451154052099042,5.12854472877238,3,Saturday,0,2025-10-11,Saturday,3,36
22,18.508328249873188,2.2546767904351874,3,Saturday,0,2025-10-11,Saturday,3,36
16,25.377750715517166,16.515728756214596,3,Saturday,0,2025-10-11,Saturday,3,36
19,28.371210769496308,8.033900922604397,3,Saturday,0,2025-10-11,Saturday,3,36
16,26.729417818130507,11.118604416420759,3,Saturday,0,2025-10-11,Saturday,3,36
20,12.068007869592396,9.119602072996853,3,Saturday,0,2025-10-11,Saturday,3,36
16,22.78622447318969,20.764954674030587,3,Saturday,0,2025-10-11,Saturday,3,36
16,51.83429602797753,4.940944123509453,3,Saturday,0,2025-10-11,Saturday,3,36
14,2.889021229299824,6.943522339672183,3,Saturday,0,2025-10-11,Saturday,3,36
15,12.271785819026615,12.707247471742683,3,Saturday,0,2025-10-11,Saturday,3,36
11,19.137324994193637,14.729850883555196,3,Saturday,0,2025-10-11,Saturday,3,36
20,15.99751289083039,4.710569882706308,3,Saturday,0,2025-10-11,Saturday,3,36
9,12.17686771973992,3.257666247948924,3,Saturday,0,2025-10-11,Saturday,3,36
18,15.694227123395539,5.222317945200316,3,Saturday,0,2025-10-11,Saturday,3,36
14,12.971443049458824,7.090228706258328,3,Saturday,0,2025-10-11,Saturday,3,36
5,46.333921217462084,5.20229780635849,3,Saturday,0,2025-10-11,Saturday,3,36
18,15.02035776346553,17.199775670497036,3,Saturday,0,2025-10-11,Saturday,3,36
21,22.4017984383749,6.406116853764608,3,Saturday,0,2025-10-11,Saturday,3,36
15,10.348686817327362,14.109781084381657,3,Saturday,0,2025-10-11,Saturday,3,36
15,21.593538007408114,33.093087669793015,3,Saturday,0,2025-10-11,Saturday,3,36
14,33.171441367396596,37.997810609276584,3,Saturday,0,2025-10-11,Saturday,3,36
18,18.70916290610275,30.471970156884133,3,Saturday,0,2025-10-11,Saturday,3,36
16,20.774778106400802,3.90559542761253,3,Saturday,0,2025-10-11,Saturday,3,36
17,33.18590580619783,7.839070630653846,3,Saturday,0,2025-10-11,Saturday,3,36
13,5.966424127702238,20.029231352891685,3,Saturday,0,2025-10-11,Saturday,3,36
15,13.078343816852229,15.279736943398833,3,Saturday,0,2025-10-11,Saturday,3,36
15,3.263069952515413,21.09075602606068,3,Saturday,0,2025-10-11,Saturday,3,36
20,19.362858234526914,15.690677685313284,3,Saturday,0,2025-10-11,Saturday,3,36
21,15.581215736432906,17.950072428190076,3,Saturday,0,2025-10-11,Saturday,3,36
15,3.53967697876078,6.8815940219341565,3,Saturday,0,2025-10-11,Saturday,3,36
17,16.023474123227896,4.48000881417622,3,Saturday,0,2025-10-11,Saturday,3,36
16,21.791725401585392,25.929042755085632,3,Saturday,0,2025-10-11,Saturday,3,36
19,7.432974033104653,6.8324144630173125,3,Saturday,0,2025-10-11,Saturday,3,36
18,37.1067814964696,6.837092997278347,3,Saturday,0,2025-10-11,Saturday,3,36
20,2.75604519232887,4.58790699508572,3,Saturday,0,2025-10-18,Saturday,3,39
13,27.466955233083528,10.574938982462614,3,Saturday,0,2025-10-18,Saturday,3,39
20,16.795316050555364,10.42550437539447,3,Saturday,0,2025-10-18,Saturday,3,39
14,3.9070762461798467,15.887413026356136,3,Saturday,0,2025-10-18,Saturday,3,39
20,21.49482731347194,17.626529553986884,3,Saturday,0,2025-10-18,Saturday,3,39
18,7.529209129008961,4.7770812863912395,3,Saturday,0,2025-10-18,Saturday,3,39
17,15.79684305745161,9.165775367526814,3,Saturday,0,2025-10-18,Saturday,3,39
16,11.105947182480957,3.4287796262723846,3,Saturday,0,2025-10-18,Saturday,3,39
22,17.372994982793394,27.64465097435168,3,Saturday,0,2025-10-18,Saturday,3,39
22,11.712147175058028,10.799333874956192,3,Saturday,0,2025-10-18,Saturday,3,39
23,13.256946238194345,7.439593509874016,3,Saturday,0,2025-10-18,Saturday,3,39
17,3.4286480779871478,14.82711721359471,3,Saturday,0,2025-10-18,Saturday,3,39
23,10.774479228737835,20.400287115117127,3,Saturday,0,2025-10-18,Saturday,3,39
17,12.980819713888849,7.416249553880104,3,Saturday,0,2025-10-18,Saturday,3,39
17,7.894412512586549,10.097648715218112,3,Saturday,0,2025-10-18,Saturday,3,39
17,3.657444566808947,12.13056805408716,3,Saturday,0,2025-10-18,Saturday,3,39
17,18.520567476209184,15.580485358610071,3,Saturday,0,2025-10-18,Saturday,3,39
19,13.950021752108206,18.947790234624346,3,Saturday,0,2025-10-18,Saturday,3,39
17,15.391144891337575,30.055710964393253,3,Saturday,0,2025-10-18,Saturday,3,39
12,22.24659184831354,12.51141589173794,3,Saturday,0,2025-10-18,Saturday,3,39
19,12.531885250843033,15.832134947143947,3,Saturday,0,2025-10-18,Saturday,3,39
19,12.835711004377412,8.990446925194934,3,Saturday,0,2025-10-18,Saturday,3,39
14,10.01823230960293,9.173356169968242,3,Saturday,0,2025-10-18,Saturday,3,39
19,31.43694892157849,14.336175778273292,3,Saturday,0,2025-10-18,Saturday,3,39
23,17.798051465549953,16.19529910811268,3,Saturday,0,2025-10-18,Saturday,3,39
15,21.834721998005726,2.8197964204661456,3,Saturday,0,2025-10-18,Saturday,3,39
19,6.27332294246191,36.03303300116681,3,Saturday,0,2025-10-18,Saturday,3,39
17,6.555905072821434,16.68471866992134,3,Saturday,0,2025-10-18,Saturday,3,39
17,8.137690157617381,16.887896077985552,3,Saturday,0,2025-10-18,Saturday,3,39
16,18.205795441771897,54.04899830492389,3,Saturday,0,2025-10-18,Saturday,3,39
0,34.3855841352974,28.694349815431757,3,Saturday,0,2025-10-18,Saturday,3,39
5,4.461558709190457,16.728902427540362,3,Saturday,0,2025-10-18,Saturday,3,39
18,3.7731186382799313,14.041927276375429,3,Saturday,0,2025-10-18,Saturday,3,39
22,7.138303582081473,9.349596015957504,3,Saturday,0,2025-10-18,Saturday,3,39
21,16.264933548330433,4.863467977032657,3,Saturday,0,2025-10-18,Saturday,3,39
19,8.196108075201986,22.186317475532032,3,Saturday,0,2025-10-18,Saturday,3,39
21,18.19149868655907,3.8823522698043753,3,Saturday,0,2025-10-18,Saturday,3,39
19,17.977858828536064,18.642575893311598,3,Saturday,0,2025-10-18,Saturday,3,39
18,11.874180437047418,17.091634535397823,3,Saturday,0,2025-10-18,Saturday,3,39
18,6.795432121132133,5.2249377644083,3,Saturday,0,2025-10-25,Saturday,3,24
21,8.140071624771188,8.901464120829873,3,Saturday,0,2025-10-25,Saturday,3,24
0,20.59538127159886,18.71297987761039,3,Saturday,0,2025-10-25,Saturday,3,24
16,2.2078939519387393,5.026574423540776,3,Saturday,0,2025-10-25,Saturday,3,24
16,10.935917597384062,8.873403814666485,3,Saturday,0,2025-10-25,Saturday,3,24
19,18.943930118387183,21.48205666056568,3,Saturday,0,2025-10-25,Saturday,3,24
20,14.054511676759574,6.274213749462077,3,Saturday,0,2025-10-25,Saturday,3,24
21,16.290104301150325,17.79529151902509,3,Saturday,0,2025-10-25,Saturday,3,24
1,16.546398435447337,39.189508028134554,3,Saturday,0,2025-10-25,Saturday,3,24
15,15.200823696516231,12.569134068253923,3,Saturday,0,2025-10-25,Saturday,3,24
17,46.43288468400396,16.109089320253567,3,Saturday,0,2025-10-25,Saturday,3,24
13,48.22598035420989,3.143938254957148,3,Saturday,0,2025-10-25,Saturday,3,24
20,2.6480659173605385,11.516722791589997,3,Saturday,0,2025-10-25,Saturday,3,24
13,20.19897669133525,0.7306931894478215,3,Saturday,0,2025-10-25,Saturday,3,24
14,3.528794237710806,0.9666362357099685,3,Saturday,0,2025-10-25,Saturday,3,24
22,12.379990157833106,6.54381866519885,3,Saturday,0,2025-10-25,Saturday,3,24
14,45.11741553148027,22.676283122558612,3,Saturday,0,2025-10-25,Saturday,3,24
20,22.88571072326394,7.335123334176118,3,Saturday,0,2025-10-25,Saturday,3,24
16,24.150035750578464,16.81467205978564,3,Saturday,0,2025-10-25,Saturday,3,24
16,14.899499602569907,11.156655368425284,3,Saturday,0,2025-10-25,Saturday,3,24
16,6.771721554312234,8.537688244226805,3,Saturday,0,2025-10-25,Saturday,3,24
18,4.838479696211753,11.531875704837944,3,Saturday,0,2025-10-25,Saturday,3,24
17,12.523367629663994,31.816886686494215,3,Saturday,0,2025-10-25,Saturday,3,24
18,14.94216854007524,4.576537106497019,3,Saturday,0,2025-10-25,Saturday,3,24
0,14.876742908819242,5.790600147758079,3,Saturday,0,2025-11-01,Saturday,3,48
13,18.871376683349474,2.1722393115280174,3,Saturday,0,2025-11-01,Saturday,3,48
15,26.266993644140964,2.6495872995351,3,Saturday,0,2025-11-01,Saturday,3,48
14,22.847004793929134,1.6586860443517535,3,Saturday,0,2025-11-01,Saturday,3,48
23,8.707983570635744,24.539452242879236,3,Saturday,0,2025-11-01,Saturday,3,48
17,68.67026517937367,5.622448594017494,3,Saturday,0,2025-11-01,Saturday,3,48
15,3.7010124558742152,5.0761963546565685,3,Saturday,0,2025-11-01,Saturday,3,48
15,5.686574454198535,3.248938378354655,3,Saturday,0,2025-11-01,Saturday,3,48
17,4.002101090549164,5.428312644214235,3,Saturday,0,2025-11-01,Saturday,3,48
13,24.162997974610235,3.8092781229863935,3,Saturday,0,2025-11-01,Saturday,3,48
13,8.179555631892073,20.922175633502587,3,Saturday,0,2025-11-01,Saturday,3,48
22,9.443518489835185,4.859170502926207,3,Saturday,0,2025-11-01,Saturday,3,48
14,29.50212716359977,8.128252855484181,3,Saturday,0,2025-11-01,Saturday,3,48
20,2.3142505161697535,5.351257755739549,3,Saturday,0,2025-11-01,Saturday,3,48
20,2.2351189159392137,4.2034097830105015,3,Saturday,0,2025-11-01,Saturday,3,48
21,15.343985981396518,26.214898465975793,3,Saturday,0,2025-11-01,Saturday,3,48
17,4.691112661657607,6.859186536872214,3,Saturday,0,2025-11-01,Saturday,3,48
22,17.678498011896604,10.110982038558392,3,Saturday,0,2025-11-01,Saturday,3,48
23,4.315659418953709,16.99042084411572,3,Saturday,0,2025-11-01,Saturday,3,48
23,17.090793779093158,15.558572681190071,3,Saturday,0,2025-11-01,Saturday,3,48
0,11.361717700582169,10.04026444924517,3,Saturday,0,2025-11-01,Saturday,3,48
16,31.534605644030645,14.251854123972862,3,Saturday,0,2025-11-01,Saturday,3,48
22,17.04761640809421,13.900102258418103,3,Saturday,0,2025-11-01,Saturday,3,48
21,9.018176052622671,27.020944634087517,3,Saturday,0,2025-11-01,Saturday,3,48
14,14.461589548396354,1.9301910926775259,3,Saturday,0,2025-11-01,Saturday,3,48
20,7.172841844480137,6.866579956235665,3,Saturday,0,2025-11-01,Saturday,3,48
12,21.974988649816865,2.7888552752805715,3,Saturday,0,2025-11-01,Saturday,3,48
4,24.15290160541611,12.770700560467713,3,Saturday,0,2025-11-01,Saturday,3,48
20,12.829071295640905,11.103056943216844,3,Saturday,0,2025-11-01,Saturday,3,48
11,18.636651673813873,16.427294527457338,3,Saturday,0,2025-11-01,Saturday,3,48
16,13.809102914043159,4.0927822117693635,3,Saturday,0,2025-11-01,Saturday,3,48
17,13.21805608801468,12.110528322757615,3,Saturday,0,2025-11-01,Saturday,3,48
14,12.69193635036762,17.287032932953554,3,Saturday,0,2025-11-01,Saturday,3,48
8,14.809539669841385,25.2294718355181,3,Saturday,0,2025-11-01,Saturday,3,48
20,28.10242677860207,14.90279199839367,3,Saturday,0,2025-11-01,Saturday,3,48
16,18.31580267707192,11.414771565790357,3,Saturday,0,2025-11-01,Saturday,3,48
19,14.123266290560764,7.363837168846383,3,Saturday,0,2025-11-01,Saturday,3,48
14,15.017975117241072,13.761280190507849,3,Saturday,0,2025-11-01,Saturday,3,48
16,8.47720160020796,3.153832144068657,3,Saturday,0,2025-11-01,Saturday,3,48
23,16.121260283960993,52.12451124058937,3,Saturday,0,2025-11-01,Saturday,3,48
23,12.208565054949254,32.71433476074282,3,Saturday,0,2025-11-01,Saturday,3,48
0,13.670842401520773,44.8522651757789,3,Saturday,0,2025-11-01,Saturday,3,48
18,41.89267015502766,26.21787233931726,3,Saturday,0,2025-11-01,Saturday,3,48
15,22.55343507490134,6.596098072649829,3,Saturday,0,2025-11-01,Saturday,3,48
19,13.203060726638494,11.05495741925855,3,Saturday,0,2025-11-01,Saturday,3,48
0,5.469785723076851,17.574561961199326,3,Saturday,0,2025-11-01,Saturday,3,48
20,22.542023923173755,22.70422301216016,3,Saturday,0,2025-11-01,Saturday,3,48
16,7.428227901944812,20.519169955659176,3,Saturday,0,2025-11-01,Saturday,3,48
20,13.70369003126762,18.81952719392535,3,Saturday,0,2025-11-08,Saturday,3,33
14,3.179698359595937,13.89687609008762,3,Saturday,0,2025-11-08,Saturday,3,33
13,35.132777541191665,2.539096884523092,3,Saturday,0,2025-11-08,Saturday,3,33
18,18.301756296819526,2.7228075478755622,3,Saturday,0,2025-11-08,Saturday,3,33
18,17.044862031124023,20.23823750460918,3,Saturday,0,2025-11-08,Saturday,3,33
19,11.167810388603353,14.769785851505203,3,Saturday,0,2025-11-08,Saturday,3,33
19,17.48735234313807,15.25852166705834,3,Saturday,0,2025-11-08,Saturday,3,33
13,59.81942040712619,5.451204544656847,3,Saturday,0,2025-11-08,Saturday,3,33
11,11.877934301823,24.336938046379526,3,Saturday,0,2025-11-08,Saturday,3,33
13,4.334075775471682,4.9699460205697745,3,Saturday,0,2025-11-08,Saturday,3,33
14,16.25752879707704,7.491214399876442,3,Saturday,0,2025-11-08,Saturday,3,33
21,7.55273580166799,10.056234456361498,3,Saturday,0,2025-11-08,Saturday,3,33
14,46.260874768814205,12.81416553909754,3,Saturday,0,2025-11-08,Saturday,3,33
14,5.711261929063894,19.60048291527822,3,Saturday,0,2025-11-08,Saturday,3,33
15,2.88796843772147,7.333666195606411,3,Saturday,0,2025-11-08,Saturday,3,33
11,8.954873993372269,10.78066425862483,3,Saturday,0,2025-11-08,Saturday,3,33
22,13.401669563879889,23.69740113540418,3,Saturday,0,2025-11-08,Saturday,3,33
18,6.500538855672223,2.008768948160138,3,Saturday,0,2025-11-08,Saturday,3,33
19,19.171880758453938,4.225594856573051,3,Saturday,0,2025-11-08,Saturday,3,33
12,13.253195500927173,33.391721786391784,3,Saturday,0,2025-11-08,Saturday,3,33
14,38.27137400735106,3.729840469493076,3,Saturday,0,2025-11-08,Saturday,3,33
18,28.49934007022705,10.75321799505748,3,Saturday,0,2025-11-08,Saturday,3,33
15,16.341939506251073,18.873164683115046,3,Saturday,0,2025-11-08,Saturday,3,33
23,18.212787131673686,15.389679158674404,3,Saturday,0,2025-11-08,Saturday,3,33
0,11.252689303754963,15.818375047730418,3,Saturday,0,2025-11-08,Saturday,3,33
4,9.922856417331493,23.769343191626035,3,Saturday,0,2025-11-08,Saturday,3,33
16,10.135845239233234,15.988554521209263,3,Saturday,0,2025-11-08,Saturday,3,33
13,24.973529247469518,8.38771664141486,3,Saturday,0,2025-11-08,Saturday,3,33
14,19.257322171373726,20.898477484712465,3,Saturday,0,2025-11-08,Saturday,3,33
16,37.29222122820657,5.323746337840203,3,Saturday,0,2025-11-08,Saturday,3,33
17,20.0086253927739,15.406497919000998,3,Saturday,0,2025-11-08,Saturday,3,33
14,29.356341042031303,19.931048004609952,3,Saturday,0,2025-11-08,Saturday,3,33
1,32.56381773083007,21.720150099198506,3,Saturday,0,2025-11-08,Saturday,3,33
21,5.991099956759374,21.093294131966324,3,Saturday,0,2025-11-15,Saturday,3,36
17,20.45418077483455,7.400325401382191,3,Saturday,0,2025-11-15,Saturday,3,36
16,26.3625172179916,2.5798356899680055,3,Saturday,0,2025-11-15,Saturday,3,36
17,15.540559839179831,13.914138844661876,3,Saturday,0,2025-11-15,Saturday,3,36
14,18.866965396715596,9.069668314488704,3,Saturday,0,2025-11-15,Saturday,3,36
19,20.934400298046125,10.560891597653495,3,Saturday,0,2025-11-15,Saturday,3,36
14,3.2117938195978213,14.278292378175085,3,Saturday,0,2025-11-15,Saturday,3,36
1,19.713601934473612,7.1668672689324,3,Saturday,0,2025-11-15,Saturday,3,36
12,10.568537880594985,27.276844383785917,3,Saturday,0,2025-11-15,Saturday,3,36
20,37.98529189943574,9.977519407639365,3,Saturday,0,2025-11-15,Saturday,3,36
9,17.51139089330795,3.826423910022868,3,Saturday,0,2025-11-15,Saturday,3,36
20,13.133796115142928,29.29290683943735,3,Saturday,0,2025-11-15,Saturday,3,36
16,3.5297363583610326,18.97782876241428,3,Saturday,0,2025-11-15,Saturday,3,36
17,5.516438956192795,6.947368949635235,3,Saturday,0,2025-11-15,Saturday,3,36
18,11.270696463880004,1.5114083174800106,3,Saturday,0,2025-11-15,Saturday,3,36
17,6.962955386079587,8.747286132725812,3,Saturday,0,2025-11-15,Saturday,3,36
15,7.017527188758009,11.506749547717387,3,Saturday,0,2025-11-15,Saturday,3,36
20,29.5111381029826,6.169085594740449,3,Saturday,0,2025-11-15,Saturday,3,36
20,23.68265272377711,1.4889062961372095,3,Saturday,0,2025-11-15,Saturday,3,36
12,2.8482483940573573,6.8852683844544345,3,Saturday,0,2025-11-15,Saturday,3,36
22,12.987137592048118,4.664044874269681,3,Saturday,0,2025-11-15,Saturday,3,36
18,25.206917237329833,5.513611399610153,3,Saturday,0,2025-11-15,Saturday,3,36
20,10.333006319714087,5.389988660589842,3,Saturday,0,2025-11-15,Saturday,3,36
17,45.513359109974054,25.795972367785378,3,Saturday,0,2025-11-15,Saturday,3,36
11,66.18103016457995,24.797941938553404,3,Saturday,0,2025-11-15,Saturday,3,36
20,15.859227081109708,25.992749399505726,3,Saturday,0,2025-11-15,Saturday,3,36
16,22.95359732576663,1.9553886292780651,3,Saturday,0,2025-11-15,Saturday,3,36
15,10.51531530261311,11.030559397257806,3,Saturday,0,2025-11-15,Saturday,3,36
21,16.267601213245005,8.064948126232684,3,Saturday,0,2025-11-15,Saturday,3,36
20,30.534686064702317,11.848734246115514,3,Saturday,0,2025-11-15,Saturday,3,36
23,2.9047070009804985,7.941033620826534,3,Saturday,0,2025-11-15,Saturday,3,36
15,15.706563845975953,7.580223206016938,3,Saturday,0,2025-11-15,Saturday,3,36
14,22.562024435842964,2.4688303908369984,3,Saturday,0,2025-11-15,Saturday,3,36
23,39.08320878813729,9.650143043439881,3,Saturday,0,2025-11-15,Saturday,3,36
22,13.474930043829406,24.168486360658832,3,Saturday,0,2025-11-15,Saturday,3,36
16,28.833969035054622,10.741260991018397,3,Saturday,0,2025-11-15,Saturday,3,36
13,21.679029760091886,9.99313800894088,3,Saturday,0,2025-11-22,Saturday,3,33
3,13.919880402322,28.579886355999058,3,Saturday,0,2025-11-22,Saturday,3,33
16,3.060296296736214,9.301993807510593,3,Saturday,0,2025-11-22,Saturday,3,33
12,4.578078991943439,6.633384647358546,3,Saturday,0,2025-11-22,Saturday,3,33
11,2.2365958346580936,7.7995848818403415,3,Saturday,0,2025-11-22,Saturday,3,33
23,8.68635423646896,58.6487776162937,3,Saturday,0,2025-11-22,Saturday,3,33
11,6.130037833651503,3.2496296562892297,3,Saturday,0,2025-11-22,Saturday,3,33
17,20.731933552175867,0.9314162047452843,3,Saturday,0,2025-11-22,Saturday,3,33
15,20.390306570161684,16.71877641588183,3,Saturday,0,2025-11-22,Saturday,3,33
12,3.043214470245095,4.302930757194083,3,Saturday,0,2025-11-22,Saturday,3,33
10,12.77657993982946,41.69472640963195,3,Saturday,0,2025-11-22,Saturday,3,33
20,29.606521569536067,5.921393430440103,3,Saturday,0,2025-11-22,Saturday,3,33
18,21.393389489153286,18.83494802769522,3,Saturday,0,2025-11-22,Saturday,3,33
14,3.9008200710831207,5.962783358577795,3,Saturday,0,2025-11-22,Saturday,3,33
19,23.515950802151167,8.95063386782528,3,Saturday,0,2025-11-22,Saturday,3,33
7,25.56607858941084,13.345072415192424,3,Saturday,0,2025-11-22,Saturday,3,33
20,12.980599184013098,1.2415437440315447,3,Saturday,0,2025-11-22,Saturday,3,33
18,2.7206361973969524,4.270032373392607,3,Saturday,0,2025-11-22,Saturday,3,33
19,12.597937408545803,10.862593020933256,3,Saturday,0,2025-11-22,Saturday,3,33
8,6.584583957247282,2.3576711613008436,3,Saturday,0,2025-11-22,Saturday,3,33
23,26.04797374491752,6.723365790625872,3,Saturday,0,2025-11-22,Saturday,3,33
14,16.108050639138174,4.697839819564043,3,Saturday,0,2025-11-22,Saturday,3,33
20,15.69225559955423,43.25377807522283,3,Saturday,0,2025-11-22,Saturday,3,33
23,6.72929145983928,7.145968650060788,3,Saturday,0,2025-11-22,Saturday,3,33
23,14.353213702380419,9.147012440064325,3,Saturday,0,2025-11-22,Saturday,3,33
7,2.914157997661248,5.2388615252602335,3,Saturday,0,2025-11-22,Saturday,3,33
18,7.215709235873044,5.600521268164142,3,Saturday,0,2025-11-22,Saturday,3,33
17,14.32641220168603,16.839305708324716,3,Saturday,0,2025-11-22,Saturday,3,33
23,10.665886369616782,11.156068259280776,3,Saturday,0,2025-11-22,Saturday,3,33
17,14.861806361540697,16.948709933991548,3,Saturday,0,2025-11-22,Saturday,3,33
19,19.023701429819784,22.390512473400307,3,Saturday,0,2025-11-22,Saturday,3,33
23,14.620133699788433,11.11488471469798,3,Saturday,0,2025-11-22,Saturday,3,33
13,22.430859343293108,6.555161933955462,3,Saturday,0,2025-11-22,Saturday,3,33
19,8.732315907823452,23.567484377978353,3,Saturday,0,2025-11-29,Saturday,3,30
22,13.790763551840246,6.653355099036337,3,Saturday,0,2025-11-29,Saturday,3,30
15,14.38011656816656,15.922174982759985,3,Saturday,0,2025-11-29,Saturday,3,30
22,59.030639274214685,19.42265334190613,3,Saturday,0,2025-11-29,Saturday,3,30
15,32.28903343281512,15.823997124249658,3,Saturday,0,2025-11-29,Saturday,3,30
10,40.1132239869486,10.584978259747938,3,Saturday,0,2025-11-29,Saturday,3,30
16,21.73540009520478,7.547575413478532,3,Saturday,0,2025-11-29,Saturday,3,30
18,10.31336238140726,14.442368263796746,3,Saturday,0,2025-11-29,Saturday,3,30
21,17.789000716545864,4.873957802196098,3,Saturday,0,2025-11-29,Saturday,3,30
12,3.38666660103986,12.765966807143542,3,Saturday,0,2025-11-29,Saturday,3,30
17,26.089230416777962,15.802357079944423,3,Saturday,0,2025-11-29,Saturday,3,30
23,10.895105084456624,11.980766330287366,3,Saturday,0,2025-11-29,Saturday,3,30
17,20.972072727656236,7.196477021660331,3,Saturday,0,2025-11-29,Saturday,3,30
3,7.503306966337527,8.860772704175194,3,Saturday,0,2025-11-29,Saturday,3,30
18,10.755796006260553,13.703378073530217,3,Saturday,0,2025-11-29,Saturday,3,30
16,16.30864755378834,23.67064473212046,3,Saturday,0,2025-11-29,Saturday,3,30
15,32.44257917949935,14.169009086476763,3,Saturday,0,2025-11-29,Saturday,3,30
13,2.506565498031936,10.242380012638419,3,Saturday,0,2025-11-29,Saturday,3,30
21,66.84040317823045,4.975095045804733,3,Saturday,0,2025-11-29,Saturday,3,30
21,11.735731762047124,10.16489520061355,3,Saturday,0,2025-11-29,Saturday,3,30
11,86.99767501764462,3.269430238151827,3,Saturday,0,2025-11-29,Saturday,3,30
23,8.348654842264082,28.158645988368896,3,Saturday,0,2025-11-29,Saturday,3,30
20,13.316351726879486,31.24280582759532,3,Saturday,0,2025-11-29,Saturday,3,30
23,10.665216289526217,20.346932053016964,3,Saturday,0,2025-11-29,Saturday,3,30
21,15.038915814446657,8.842640982305449,3,Saturday,0,2025-11-29,Saturday,3,30
19,2.675791139488315,9.320486953969192,3,Saturday,0,2025-11-29,Saturday,3,30
22,16.046692811068528,25.433069589057478,3,Saturday,0,2025-11-29,Saturday,3,30
19,14.345119578305983,40.1235575051855,3,Saturday,0,2025-11-29,Saturday,3,30
18,14.705847967391872,3.6239304994351924,3,Saturday,0,2025-11-29,Saturday,3,30
16,4.87760191726707,7.570133972789712,3,Saturday,0,2025-11-29,Saturday,3,30
13,58.13763977599044,7.891223698910087,3,Saturday,0,2025-12-06,Saturday,3,30
18,8.56128746284924,4.990998519843103,3,Saturday,0,2025-12-06,Saturday,3,30
18,47.614242605895264,10.781456344075313,3,Saturday,0,2025-12-06,Saturday,3,30
18,30.61080027234962,2.4233989338381092,3,Saturday,0,2025-12-06,Saturday,3,30
18,17.61330700599343,6.299827459798899,3,Saturday,0,2025-12-06,Saturday,3,30
18,10.580122395466983,2.609222105452404,3,Saturday,0,2025-12-06,Saturday,3,30
18,15.846194968813418,7.594107362779693,3,Saturday,0,2025-12-06,Saturday,3,30
18,6.479752233920585,10.341609533788345,3,Saturday,0,2025-12-06,Saturday,3,30
7,103.17214759129878,25.280041934683567,3,Saturday,0,2025-12-06,Saturday,3,30
19,3.123603274653588,17.173583019165445,3,Saturday,0,2025-12-06,Saturday,3,30
15,27.76670793806465,5.47253699677317,3,Saturday,0,2025-12-06,Saturday,3,30
23,15.904528688637907,23.724188153295326,3,Saturday,0,2025-12-06,Saturday,3,30
5,16.188493888655,10.816824261335835,3,Saturday,0,2025-12-06,Saturday,3,30
15,8.28334542016173,14.87371650453302,3,Saturday,0,2025-12-06,Saturday,3,30
14,65.62582487304098,36.90233903994524,3,Saturday,0,2025-12-06,Saturday,3,30
11,21.592884530967556,36.91497067003671,3,Saturday,0,2025-12-06,Saturday,3,30
23,18.564955885563098,11.13198388979273,3,Saturday,0,2025-12-06,Saturday,3,30
14,14.229359012596813,4.486027686085585,3,Saturday,0,2025-12-06,Saturday,3,30
12,42.2765054654354,6.883814521078779,3,Saturday,0,2025-12-06,Saturday,3,30
13,3.6487142156573293,4.152634300676411,3,Saturday,0,2025-12-06,Saturday,3,30
15,35.99756595668415,3.881250395411744,3,Saturday,0,2025-12-06,Saturday,3,30
12,25.851755832545496,19.466789024660276,3,Saturday,0,2025-12-06,Saturday,3,30
19,24.504483524212425,15.696705412207821,3,Saturday,0,2025-12-06,Saturday,3,30
18,18.518123142747225,6.991692141571971,3,Saturday,0,2025-12-06,Saturday,3,30
14,5.678734157002201,5.020287922881895,3,Saturday,0,2025-12-06,Saturday,3,30
20,16.572075911056675,9.651618268881348,3,Saturday,0,2025-12-06,Saturday,3,30
19,20.661919422963827,11.01218608997443,3,Saturday,0,2025-12-06,Saturday,3,30
8,9.217657189299313,14.25097820219098,3,Saturday,0,2025-12-06,Saturday,3,30
14,9.758368262658188,6.617539671574487,3,Saturday,0,2025-12-06,Saturday,3,30
21,17.519384271805137,9.568160126309536,3,Saturday,0,2025-12-06,Saturday,3,30
0,55.99476449239415,3.70744056199458,3,Saturday,0,2025-12-13,Saturday,3,35
14,2.5770629587740577,1.3378467411363018,3,Saturday,0,2025-12-13,Saturday,3,35
19,25.34314543379788,10.896184497990221,3,Saturday,0,2025-12-13,Saturday,3,35
15,3.0874695313957687,5.250215508433374,3,Saturday,0,2025-12-13,Saturday,3,35
22,12.077807669149447,10.453581140447612,3,Saturday,0,2025-12-13,Saturday,3,35
15,20.265857826959873,7.952295313100364,3,Saturday,0,2025-12-13,Saturday,3,35
14,31.988519130521976,8.64479137890396,3,Saturday,0,2025-12-13,Saturday,3,35
8,19.73555095227761,5.443420755933033,3,Saturday,0,2025-12-13,Saturday,3,35
17,3.264091556416444,30.564601336749657,3,Saturday,0,2025-12-13,Saturday,3,35
16,14.856334464658957,21.369293516769968,3,Saturday,0,2025-12-13,Saturday,3,35
10,6.946985752057347,3.914631834671189,3,Saturday,0,2025-12-13,Saturday,3,35
13,18.415536851823344,14.554489097344108,3,Saturday,0,2025-12-13,Saturday,3,35
15,42.75353341727898,4.562608157203638,3,Saturday,0,2025-12-13,Saturday,3,35
17,11.725415226728163,2.8986223410843834,3,Saturday,0,2025-12-13,Saturday,3,35
16,21.28793025118342,10.534680964288057,3,Saturday,0,2025-12-13,Saturday,3,35
16,2.7504749181690222,9.261656772204308,3,Saturday,0,2025-12-13,Saturday,3,35
15,19.748742165872603,13.513777170869357,3,Saturday,0,2025-12-13,Saturday,3,35
8,2.6434844471463235,13.797198627001706,3,Saturday,0,2025-12-13,Saturday,3,35
18,17.627008229825858,17.242720100091763,3,Saturday,0,2025-12-13,Saturday,3,35
18,16.438575035938204,15.339086385656065,3,Saturday,0,2025-12-13,Saturday,3,35
16,8.294855392590001,42.5804964389174,3,Saturday,0,2025-12-13,Saturday,3,35
11,97.2946618868885,16.996791511778753,3,Saturday,0,2025-12-13,Saturday,3,35
17,26.512682895024042,4.694025202740516,3,Saturday,0,2025-12-13,Saturday,3,35
20,14.789877637164796,3.88923533959807,3,Saturday,0,2025-12-13,Saturday,3,35
18,13.002801134905969,2.5838713587761646,3,Saturday,0,2025-12-13,Saturday,3,35
12,3.4580337283757703,3.1588055910006334,3,Saturday,0,2025-12-13,Saturday,3,35
18,7.460086619766158,5.103505481106897,3,Saturday,0,2025-12-13,Saturday,3,35
18,20.026485127193364,3.799972037689904,3,Saturday,0,2025-12-13,Saturday,3,35
5,25.626403954994057,4.830031254955475,3,Saturday,0,2025-12-13,Saturday,3,35
16,20.7627572055521,5.935577517338652,3,Saturday,0,2025-12-13,Saturday,3,35
16,6.788656478120962,23.870424650677833,3,Saturday,0,2025-12-13,Saturday,3,35
17,5.758994125207824,6.668368313663123,3,Saturday,0,2025-12-13,Saturday,3,35
10,27.835064860051272,14.092479261912032,3,Saturday,0,2025-12-13,Saturday,3,35
15,5.443367620002513,25.86775782004798,3,Saturday,0,2025-12-13,Saturday,3,35
16,42.921085352602226,33.05316616722695,3,Saturday,0,2025-12-13,Saturday,3,35
16,22.95443760398799,1.7024282788337637,3,Saturday,0,2025-12-20,Saturday,3,25
18,10.041022459041777,12.168115837286814,3,Saturday,0,2025-12-20,Saturday,3,25
20,28.49063940950231,11.893470911223142,3,Saturday,0,2025-12-20,Saturday,3,25
18,23.024160929016446,4.56678695818205,3,Saturday,0,2025-12-20,Saturday,3,25
19,23.052911760307627,22.377477167440535,3,Saturday,0,2025-12-20,Saturday,3,25
18,5.700299100653972,15.124138833366155,3,Saturday,0,2025-12-20,Saturday,3,25
18,25.0130735985673,8.859464592868335,3,Saturday,0,2025-12-20,Saturday,3,25
12,5.0028634098732585,11.8326238021249,3,Saturday,0,2025-12-20,Saturday,3,25
20,5.517636417172257,3.9933956033385494,3,Saturday,0,2025-12-20,Saturday,3,25
21,12.62847165666868,10.769588787275111,3,Saturday,0,2025-12-20,Saturday,3,25
21,13.470180032329054,9.17056624367583,3,Saturday,0,2025-12-20,Saturday,3,25
15,55.775229898747675,38.17889325807276,3,Saturday,0,2025-12-20,Saturday,3,25
16,3.358514721329681,15.210244419294535,3,Saturday,0,2025-12-20,Saturday,3,25
18,18.802791559976818,12.044946884366329,3,Saturday,0,2025-12-20,Saturday,3,25
12,3.1705304595019026,6.505443314784426,3,Saturday,0,2025-12-20,Saturday,3,25
20,10.628056697085057,10.688084413035096,3,Saturday,0,2025-12-20,Saturday,3,25
15,13.942442451815893,0.510000031781317,3,Saturday,0,2025-12-20,Saturday,3,25
13,19.571735674788876,13.52411585387411,3,Saturday,0,2025-12-20,Saturday,3,25
15,71.97398289828041,5.725660271474237,3,Saturday,0,2025-12-20,Saturday,3,25
19,15.878494692458016,25.155736848878913,3,Saturday,0,2025-12-20,Saturday,3,25
10,4.217427073650349,19.134656348501892,3,Saturday,0,2025-12-20,Saturday,3,25
21,12.365211150667996,4.793478328680989,3,Saturday,0,2025-12-20,Saturday,3,25
12,2.583623029590237,15.181313508280725,3,Saturday,0,2025-12-20,Saturday,3,25
18,13.050326748033644,18.04929664352307,3,Saturday,0,2025-12-20,Saturday,3,25
21,14.664954885698702,13.998059206079581,3,Saturday,0,2025-12-20,Saturday,3,25
9,18.153488424678244,4.822801371342555,3,Sunday,0,2025-09-28,Sunday,3,45
17,12.421445494112263,13.583448325687407,3,Sunday,0,2025-09-28,Sunday,3,45
17,12.934324661393514,11.801982546070276,3,Sunday,0,2025-09-28,Sunday,3,45
20,13.992874120990521,11.67783881091828,3,Sunday,0,2025-09-28,Sunday,3,45
18,22.890420778019227,3.5769897511882345,3,Sunday,0,2025-09-28,Sunday,3,45
16,14.687088866409223,8.11819460136739,3,Sunday,0,2025-09-28,Sunday,3,45
23,11.795576276134167,5.715695240022239,3,Sunday,0,2025-09-28,Sunday,3,45
0,18.51522437208219,12.99173696291023,3,Sunday,0,2025-09-28,Sunday,3,45
18,15.716616587161827,48.27655245905659,3,Sunday,0,2025-09-28,Sunday,3,45
21,12.557929469206133,8.217356393272171,3,Sunday,0,2025-09-28,Sunday,3,45
4,24.083784157150117,15.395263333138674,3,Sunday,0,2025-09-28,Sunday,3,45
6,13.533437432834852,7.506974510986668,3,Sunday,0,2025-09-28,Sunday,3,45
18,12.125647256181963,13.12468472242682,3,Sunday,0,2025-09-28,Sunday,3,45
16,7.876243188519688,16.676019675144833,3,Sunday,0,2025-09-28,Sunday,3,45
16,20.269117618718077,15.189244139127476,3,Sunday,0,2025-09-28,Sunday,3,45
20,12.007276446881772,3.974431850491455,3,Sunday,0,2025-09-28,Sunday,3,45
18,14.076305295164413,22.26386880456592,3,Sunday,0,2025-09-28,Sunday,3,45
20,7.597561250238574,9.060547940447364,3,Sunday,0,2025-09-28,Sunday,3,45
16,16.977584931085097,36.85527005177184,3,Sunday,0,2025-09-28,Sunday,3,45
21,10.064110884496774,9.634515923760578,3,Sunday,0,2025-09-28,Sunday,3,45
19,3.130268178125779,8.134957900864398,3,Sunday,0,2025-09-28,Sunday,3,45
18,11.896961264675394,18.68918008214978,3,Sunday,0,2025-09-28,Sunday,3,45
17,14.349984841779108,13.854062877938528,3,Sunday,0,2025-09-28,Sunday,3,45
20,12.851031406262326,7.7710712455,3,Sunday,0,2025-09-28,Sunday,3,45
19,17.890568785182403,38.13258362784897,3,Sunday,0,2025-09-28,Sunday,3,45
22,10.931018378672608,4.81032138230682,3,Sunday,0,2025-09-28,Sunday,3,45
18,12.091799673190248,17.857967710670312,3,Sunday,0,2025-09-28,Sunday,3,45
17,14.766325695662115,22.612358227906245,3,Sunday,0,2025-09-28,Sunday,3,45
14,19.454655772477995,17.883086548236697,3,Sunday,0,2025-09-28,Sunday,3,45
19,16.164356468133967,14.502711007913026,3,Sunday,0,2025-09-28,Sunday,3,45
0,5.952143795064343,5.426965717105309,3,Sunday,0,2025-09-28,Sunday,3,45
10,6.153850255860668,46.92009308031097,3,Sunday,0,2025-09-28,Sunday,3,45
7,5.446617731937606,3.4117366062911616,3,Sunday,0,2025-09-28,Sunday,3,45
13,18.199822456675857,0.9313442164855554,3,Sunday,0,2025-09-28,Sunday,3,45
13,5.41304406901583,6.2064486694332395,3,Sunday,0,2025-09-28,Sunday,3,45
17,26.60375739757028,5.194914830365281,3,Sunday,0,2025-09-28,Sunday,3,45
7,12.649985791542072,27.311855179740036,3,Sunday,0,2025-09-28,Sunday,3,45
9,51.12433656656698,1.570839635476429,3,Sunday,0,2025-09-28,Sunday,3,45
19,15.714507982253352,5.578255070106824,3,Sunday,0,2025-09-28,Sunday,3,45
22,22.226233400868654,4.875231760339115,3,Sunday,0,2025-09-28,Sunday,3,45
20,11.414965046053293,22.057535112112717,3,Sunday,0,2025-09-28,Sunday,3,45
16,19.63478726546679,5.593293517871972,3,Sunday,0,2025-09-28,Sunday,3,45
18,15.773079952623501,7.588626339198764,3,Sunday,0,2025-09-28,Sunday,3,45
16,49.33879584199382,2.0223806343931225,3,Sunday,0,2025-09-28,Sunday,3,45
18,20.41150240052888,14.653410223738453,3,Sunday,0,2025-09-28,Sunday,3,45
20,9.14292825278974,12.349412816146106,3,Sunday,0,2025-10-05,Sunday,3,42
15,17.32238689320001,4.306101974717773,3,Sunday,0,2025-10-05,Sunday,3,42
19,32.29165471932208,9.109162342809336,3,Sunday,0,2025-10-05,Sunday,3,42
13,20.25071730576487,7.440894296349607,3,Sunday,0,2025-10-05,Sunday,3,42
20,17.771267948590914,17.864341153677085,3,Sunday,0,2025-10-05,Sunday,3,42
20,9.564017500438244,11.532602207190383,3,Sunday,0,2025-10-05,Sunday,3,42
13,4.750265155965849,2.524690670803013,3,Sunday,0,2025-10-05,Sunday,3,42
17,12.423579765580712,12.868506436852567,3,Sunday,0,2025-10-05,Sunday,3,42
16,10.503762178655705,10.988455900409603,3,Sunday,0,2025-10-05,Sunday,3,42
15,14.458195348659412,69.42440819217438,3,Sunday,0,2025-10-05,Sunday,3,42
18,13.102694083725051,4.266558004221136,3,Sunday,0,2025-10-05,Sunday,3,42
15,14.074563167438235,8.692507032495449,3,Sunday,0,2025-10-05,Sunday,3,42
13,16.78320293743951,9.343797665905164,3,Sunday,0,2025-10-05,Sunday,3,42
16,12.169243579901607,6.876280338688951,3,Sunday,0,2025-10-05,Sunday,3,42
19,14.126116347411688,9.639113733542525,3,Sunday,0,2025-10-05,Sunday,3,42
22,12.730176981913818,10.085163800774518,3,Sunday,0,2025-10-05,Sunday,3,42
10,14.449204944907095,13.993348611610992,3,Sunday,0,2025-10-05,Sunday,3,42
16,13.170220850866475,1.162194142978153,3,Sunday,0,2025-10-05,Sunday,3,42
16,2.0789173397417957,15.625193809832544,3,Sunday,0,2025-10-05,Sunday,3,42
21,21.348728587839602,10.282548858418675,3,Sunday,0,2025-10-05,Sunday,3,42
17,17.17329253429089,72.17385572428681,3,Sunday,0,2025-10-05,Sunday,3,42
23,10.576664228366987,10.77326440919686,3,Sunday,0,2025-10-05,Sunday,3,42
3,48.19780867893074,27.35648760148528,3,Sunday,0,2025-10-05,Sunday,3,42
14,16.609441646354654,4.245551585122539,3,Sunday,0,2025-10-05,Sunday,3,42
20,12.54287281717765,2.531294944073357,3,Sunday,0,2025-10-05,Sunday,3,42
4,9.661853025463696,17.9382729394822,3,Sunday,0,2025-10-05,Sunday,3,42
17,15.387075443702724,4.9997896923443435,3,Sunday,0,2025-10-05,Sunday,3,42
19,21.376988556316967,7.870012865442279,3,Sunday,0,2025-10-05,Sunday,3,42
15,17.31831572836705,12.407263780161307,3,Sunday,0,2025-10-05,Sunday,3,42
21,14.14792260551334,36.55180699593031,3,Sunday,0,2025-10-05,Sunday,3,42
18,5.605499706597178,7.05105853573673,3,Sunday,0,2025-10-05,Sunday,3,42
17,15.011446477817252,8.29907903337674,3,Sunday,0,2025-10-05,Sunday,3,42
19,14.361416032582891,6.467506347685015,3,Sunday,0,2025-10-05,Sunday,3,42
19,12.813433011692585,14.790860800574025,3,Sunday,0,2025-10-05,Sunday,3,42
8,13.905343307744673,15.221993735646539,3,Sunday,0,2025-10-05,Sunday,3,42
15,5.127755365822242,3.5328281821552645,3,Sunday,0,2025-10-05,Sunday,3,42
15,2.9484648657766503,9.349962018751269,3,Sunday,0,2025-10-05,Sunday,3,42
17,8.281256143316359,11.803041224975567,3,Sunday,0,2025-10-05,Sunday,3,42
17,13.252790361596691,4.149484100733922,3,Sunday,0,2025-10-05,Sunday,3,42
13,9.145894520177993,15.513584014161813,3,Sunday,0,2025-10-05,Sunday,3,42
9,8.130221232084402,19.261796130377025,3,Sunday,0,2025-10-05,Sunday,3,42
20,9.071979084207435,31.926622772968518,3,Sunday,0,2025-10-05,Sunday,3,42
20,14.953300695473303,3.0074575412105506,3,Sunday,0,2025-10-12,Sunday,3,35
18,11.639484525094272,12.331194771047931,3,Sunday,0,2025-10-12,Sunday,3,35
6,2.672182285445116,10.169247253177181,3,Sunday,0,2025-10-12,Sunday,3,35
20,9.71687622864859,8.008542277058586,3,Sunday,0,2025-10-12,Sunday,3,35
18,13.458741345731472,9.1152383227298,3,Sunday,0,2025-10-12,Sunday,3,35
8,10.082681565993319,8.175417129873946,3,Sunday,0,2025-10-12,Sunday,3,35
21,5.533038881355323,6.965918801459413,3,Sunday,0,2025-10-12,Sunday,3,35
13,10.46899148348248,13.099860364131805,3,Sunday,0,2025-10-12,Sunday,3,35
17,18.03936759535008,9.862323054326186,3,Sunday,0,2025-10-12,Sunday,3,35
11,10.970725710833971,5.111431124492259,3,Sunday,0,2025-10-12,Sunday,3,35
20,8.55515891838073,10.219520239554434,3,Sunday,0,2025-10-12,Sunday,3,35
7,2.8006788320103,4.854094037878638,3,Sunday,0,2025-10-12,Sunday,3,35
16,15.956081675769138,7.19036007887637,3,Sunday,0,2025-10-12,Sunday,3,35
22,21.78915053853901,15.371784281729736,3,Sunday,0,2025-10-12,Sunday,3,35
11,4.587641556772331,5.312074467627205,3,Sunday,0,2025-10-12,Sunday,3,35
9,24.24445534110259,13.087136705723223,3,Sunday,0,2025-10-12,Sunday,3,35
1,19.456860967513204,3.3332616459745177,3,Sunday,0,2025-10-12,Sunday,3,35
17,10.088814805093175,12.65126425964914,3,Sunday,0,2025-10-12,Sunday,3,35
16,3.9379758540680245,5.7758651886978205,3,Sunday,0,2025-10-12,Sunday,3,35
17,13.797568887425566,16.646954558637386,3,Sunday,0,2025-10-12,Sunday,3,35
18,8.454866612546624,31.64180736077154,3,Sunday,0,2025-10-12,Sunday,3,35
20,27.46498600418821,8.040824564521625,3,Sunday,0,2025-10-12,Sunday,3,35
22,7.2521749437332,1.4794467059553722,3,Sunday,0,2025-10-12,Sunday,3,35
11,8.30590601970037,23.721791649656037,3,Sunday,0,2025-10-12,Sunday,3,35
20,13.020020222188315,12.191984923442316,3,Sunday,0,2025-10-12,Sunday,3,35
20,16.64997945350224,24.097898208566534,3,Sunday,0,2025-10-12,Sunday,3,35
18,8.03675651736564,14.724187169513208,3,Sunday,0,2025-10-12,Sunday,3,35
21,31.156567826537067,10.972594598274952,3,Sunday,0,2025-10-12,Sunday,3,35
18,13.893958170331292,29.37746018617476,3,Sunday,0,2025-10-12,Sunday,3,35
12,2.742400782327871,4.628421732465996,3,Sunday,0,2025-10-12,Sunday,3,35
16,5.173604455234675,19.196266298646176,3,Sunday,0,2025-10-12,Sunday,3,35
16,3.9662865874822884,3.8513094646564063,3,Sunday,0,2025-10-12,Sunday,3,35
12,15.563103888916686,5.138541363192406,3,Sunday,0,2025-10-12,Sunday,3,35
17,16.50149667351647,55.6044684059964,3,Sunday,0,2025-10-12,Sunday,3,35
19,25.54217907119065,8.43414350281586,3,Sunday,0,2025-10-12,Sunday,3,35
6,6.943017348534523,7.0835605188818125,3,Sunday,0,2025-10-19,Sunday,3,42
8,12.366019116110646,40.1201940082586,3,Sunday,0,2025-10-19,Sunday,3,42
18,8.428841997012576,0.7567024169343216,3,Sunday,0,2025-10-19,Sunday,3,42
14,16.35297991898827,3.6424872138163034,3,Sunday,0,2025-10-19,Sunday,3,42
17,28.44927375004321,10.365029575914681,3,Sunday,0,2025-10-19,Sunday,3,42
23,12.160365358808129,10.918481661203922,3,Sunday,0,2025-10-19,Sunday,3,42
23,49.59759714659269,48.54098800271549,3,Sunday,0,2025-10-19,Sunday,3,42
20,7.879271854531117,17.910389497848673,3,Sunday,0,2025-10-19,Sunday,3,42
10,12.448350402925477,27.94666711171232,3,Sunday,0,2025-10-19,Sunday,3,42
15,4.853374495174014,3.27438202988721,3,Sunday,0,2025-10-19,Sunday,3,42
19,15.865013443552723,12.20354583668343,3,Sunday,0,2025-10-19,Sunday,3,42
20,14.565573488121867,6.559464649642365,3,Sunday,0,2025-10-19,Sunday,3,42
10,26.535622837977105,40.540039988758735,3,Sunday,0,2025-10-19,Sunday,3,42
12,2.388979377858165,11.213762083301479,3,Sunday,0,2025-10-19,Sunday,3,42
18,25.68191366296681,2.0895379495279176,3,Sunday,0,2025-10-19,Sunday,3,42
14,15.57392728939509,17.629727551187543,3,Sunday,0,2025-10-19,Sunday,3,42
22,15.782667704093026,14.362259720862232,3,Sunday,0,2025-10-19,Sunday,3,42
20,7.95371919032238,3.62531359704158,3,Sunday,0,2025-10-19,Sunday,3,42
11,20.887872382515294,4.979727232481755,3,Sunday,0,2025-10-19,Sunday,3,42
21,11.088605204661434,25.511758755020598,3,Sunday,0,2025-10-19,Sunday,3,42
16,4.529870471795667,26.368441201456044,3,Sunday,0,2025-10-19,Sunday,3,42
10,2.3554395539924378,7.7594238444991825,3,Sunday,0,2025-10-19,Sunday,3,42
2,12.577586393267524,17.0765795103923,3,Sunday,0,2025-10-19,Sunday,3,42
23,8.052913637311931,23.314977822870436,3,Sunday,0,2025-10-19,Sunday,3,42
15,8.88689018793274,6.837409411707991,3,Sunday,0,2025-10-19,Sunday,3,42
4,14.946095609754607,5.8005415143854,3,Sunday,0,2025-10-19,Sunday,3,42
7,3.6755864211219773,5.364637449829364,3,Sunday,0,2025-10-19,Sunday,3,42
11,27.33303190238266,60.27453777495019,3,Sunday,0,2025-10-19,Sunday,3,42
22,13.114912980841947,7.9063754258713805,3,Sunday,0,2025-10-19,Sunday,3,42
19,19.105005309993373,9.177769546451524,3,Sunday,0,2025-10-19,Sunday,3,42
16,12.878636327412668,25.103366918322404,3,Sunday,0,2025-10-19,Sunday,3,42
20,8.991235715753675,6.235516107884845,3,Sunday,0,2025-10-19,Sunday,3,42
5,9.628141776635115,2.6968608106002483,3,Sunday,0,2025-10-19,Sunday,3,42
21,12.256651498832994,8.07931861512115,3,Sunday,0,2025-10-19,Sunday,3,42
1,17.446810265104613,1.8391292439817037,3,Sunday,0,2025-10-19,Sunday,3,42
12,27.144628652574184,3.005584485674566,3,Sunday,0,2025-10-19,Sunday,3,42
21,13.093214438267342,2.627133619166303,3,Sunday,0,2025-10-19,Sunday,3,42
16,40.74471596177349,6.776879873724571,3,Sunday,0,2025-10-19,Sunday,3,42
23,9.423169874206874,13.480065851522804,3,Sunday,0,2025-10-19,Sunday,3,42
14,29.67394436905587,1.0471477675783953,3,Sunday,0,2025-10-19,Sunday,3,42
18,91.14079551159847,23.41060665095131,3,Sunday,0,2025-10-19,Sunday,3,42
19,7.789421277644614,7.927062710704147,3,Sunday,0,2025-10-19,Sunday,3,42
22,11.937961933107271,18.14419595687325,3,Sunday,0,2025-10-26,Sunday,3,36
14,15.057228547727377,5.782484284012086,3,Sunday,0,2025-10-26,Sunday,3,36
18,2.9479053630464414,12.36548473425261,3,Sunday,0,2025-10-26,Sunday,3,36
17,15.092848638875129,4.003984693018236,3,Sunday,0,2025-10-26,Sunday,3,36
18,12.85521401200418,20.187726498365382,3,Sunday,0,2025-10-26,Sunday,3,36
18,3.3320540352797714,8.047337617554613,3,Sunday,0,2025-10-26,Sunday,3,36
23,16.941364929958993,13.16830734901904,3,Sunday,0,2025-10-26,Sunday,3,36
10,43.69055438507693,13.507692080519554,3,Sunday,0,2025-10-26,Sunday,3,36
20,12.409792688823096,9.452352223813755,3,Sunday,0,2025-10-26,Sunday,3,36
14,28.73761349907849,4.384807406810856,3,Sunday,0,2025-10-26,Sunday,3,36
15,17.170576554910046,6.685393664459709,3,Sunday,0,2025-10-26,Sunday,3,36
21,15.734705829677491,2.6808110560418132,3,Sunday,0,2025-10-26,Sunday,3,36
17,11.586436844390331,15.150476386393583,3,Sunday,0,2025-10-26,Sunday,3,36
19,11.229276631219527,17.011956770788235,3,Sunday,0,2025-10-26,Sunday,3,36
16,18.660257836294804,5.859720418807395,3,Sunday,0,2025-10-26,Sunday,3,36
12,9.653279207377462,5.199788111734008,3,Sunday,0,2025-10-26,Sunday,3,36
13,25.171492585284966,40.22522519249533,3,Sunday,0,2025-10-26,Sunday,3,36
23,11.411305933497257,9.145245196998983,3,Sunday,0,2025-10-26,Sunday,3,36
21,12.60785325852466,10.15153696941208,3,Sunday,0,2025-10-26,Sunday,3,36
16,13.039638874276669,14.080520087884326,3,Sunday,0,2025-10-26,Sunday,3,36
12,7.871383986479863,5.153594488049364,3,Sunday,0,2025-10-26,Sunday,3,36
12,3.6704800300994247,13.514645310579223,3,Sunday,0,2025-10-26,Sunday,3,36
17,14.381671883327659,10.567714023794425,3,Sunday,0,2025-10-26,Sunday,3,36
21,6.338483670612062,49.635488338488024,3,Sunday,0,2025-10-26,Sunday,3,36
14,9.679602535845337,29.345408321146778,3,Sunday,0,2025-10-26,Sunday,3,36
22,16.209289158194608,35.60376108741602,3,Sunday,0,2025-10-26,Sunday,3,36
16,6.481514881996743,12.64414287488684,3,Sunday,0,2025-10-26,Sunday,3,36
16,15.907997777025663,12.234038746821417,3,Sunday,0,2025-10-26,Sunday,3,36
15,21.85931217202258,8.121611206624753,3,Sunday,0,2025-10-26,Sunday,3,36
16,12.459688893212999,21.22487383968514,3,Sunday,0,2025-10-26,Sunday,3,36
17,2.9343340004965883,12.714722685441814,3,Sunday,0,2025-10-26,Sunday,3,36
18,13.15109850434808,70.59169804761592,3,Sunday,0,2025-10-26,Sunday,3,36
16,13.279866970957912,10.094542848924519,3,Sunday,0,2025-10-26,Sunday,3,36
17,13.044928992169453,12.52574025646387,3,Sunday,0,2025-10-26,Sunday,3,36
14,19.08333939801906,12.948990555540577,3,Sunday,0,2025-10-26,Sunday,3,36
19,14.963958162502294,16.449640337621066,3,Sunday,0,2025-10-26,Sunday,3,36
21,18.00282484738142,4.086486112912358,3,Sunday,0,2025-11-02,Sunday,3,28
20,14.289122161823467,23.696525669906475,3,Sunday,0,2025-11-02,Sunday,3,28
16,4.037803792464942,10.284978188237874,3,Sunday,0,2025-11-02,Sunday,3,28
18,12.520849553818799,3.500335127230046,3,Sunday,0,2025-11-02,Sunday,3,28
20,12.876775474290707,14.888072477625775,3,Sunday,0,2025-11-02,Sunday,3,28
0,9.320766309779824,9.91119162674334,3,Sunday,0,2025-11-02,Sunday,3,28
15,6.215408273828716,4.765978339026439,3,Sunday,0,2025-11-02,Sunday,3,28
19,33.974853674981276,5.000039551321856,3,Sunday,0,2025-11-02,Sunday,3,28
18,12.539084349175216,6.94277692936517,3,Sunday,0,2025-11-02,Sunday,3,28
17,12.98645354777889,10.489394350343522,3,Sunday,0,2025-11-02,Sunday,3,28
13,10.837086466456654,25.567476875359983,3,Sunday,0,2025-11-02,Sunday,3,28
20,2.9664899248591095,14.795840938937328,3,Sunday,0,2025-11-02,Sunday,3,28
16,5.200679279968108,5.122824886353483,3,Sunday,0,2025-11-02,Sunday,3,28
19,8.34152322363095,9.616693614391487,3,Sunday,0,2025-11-02,Sunday,3,28
13,5.78715140049845,16.699584300477436,3,Sunday,0,2025-11-02,Sunday,3,28
15,16.943614199171314,15.627381187570121,3,Sunday,0,2025-11-02,Sunday,3,28
9,3.930117313537595,5.281244334869568,3,Sunday,0,2025-11-02,Sunday,3,28
19,11.071523891286784,2.9335388309983292,3,Sunday,0,2025-11-02,Sunday,3,28
16,12.251895627850331,11.019535536595958,3,Sunday,0,2025-11-02,Sunday,3,28
17,3.9580067684302236,10.375015943512848,3,Sunday,0,2025-11-02,Sunday,3,28
14,15.78889174889867,11.303812342925639,3,Sunday,0,2025-11-02,Sunday,3,28
1,6.8967942896854275,8.545341638091887,3,Sunday,0,2025-11-02,Sunday,3,28
19,11.664922577446102,8.701290614454017,3,Sunday,0,2025-11-02,Sunday,3,28
7,55.3194504207613,8.917254676038075,3,Sunday,0,2025-11-02,Sunday,3,28
18,15.176259016788329,5.173346424170161,3,Sunday,0,2025-11-02,Sunday,3,28
17,5.610091444038454,6.643678644689614,3,Sunday,0,2025-11-02,Sunday,3,28
19,3.217018633518382,19.093309420210037,3,Sunday,0,2025-11-02,Sunday,3,28
11,2.1762707042125458,4.542509488184302,3,Sunday,0,2025-11-02,Sunday,3,28
22,9.67816685376653,19.652286368532298,3,Sunday,0,2025-11-09,Sunday,3,44
14,2.123180044454055,6.323676868153444,3,Sunday,0,2025-11-09,Sunday,3,44
18,5.612414221256205,7.587961984257526,3,Sunday,0,2025-11-09,Sunday,3,44
18,20.20229634015736,17.501337120268825,3,Sunday,0,2025-11-09,Sunday,3,44
20,12.914939357988544,4.911535127044784,3,Sunday,0,2025-11-09,Sunday,3,44
12,18.855368598055108,25.740404052332376,3,Sunday,0,2025-11-09,Sunday,3,44
16,16.54721801925979,31.16047957656547,3,Sunday,0,2025-11-09,Sunday,3,44
22,12.079623450390198,10.579823591493312,3,Sunday,0,2025-11-09,Sunday,3,44
14,43.19883213600097,28.674971738803393,3,Sunday,0,2025-11-09,Sunday,3,44
12,5.061019091783736,26.1495803546317,3,Sunday,0,2025-11-09,Sunday,3,44
17,12.897921307120058,10.362624320493966,3,Sunday,0,2025-11-09,Sunday,3,44
12,3.427371421399297,8.18411196997767,3,Sunday,0,2025-11-09,Sunday,3,44
10,11.168532754384017,11.676924394480546,3,Sunday,0,2025-11-09,Sunday,3,44
20,15.010997749693711,18.563928153289737,3,Sunday,0,2025-11-09,Sunday,3,44
11,7.000287043002143,2.5735232739397427,3,Sunday,0,2025-11-09,Sunday,3,44
19,13.502662144012703,16.005215134648104,3,Sunday,0,2025-11-09,Sunday,3,44
1,12.306743952316577,24.656112271211335,3,Sunday,0,2025-11-09,Sunday,3,44
18,2.1922589367296936,15.436130756204436,3,Sunday,0,2025-11-09,Sunday,3,44
18,13.258060584368923,18.73563121037535,3,Sunday,0,2025-11-09,Sunday,3,44
21,13.332216695173365,7.205218436530747,3,Sunday,0,2025-11-09,Sunday,3,44
17,26.168195244357968,18.065512588404474,3,Sunday,0,2025-11-09,Sunday,3,44
17,7.777735389740929,8.878845080467464,3,Sunday,0,2025-11-09,Sunday,3,44
12,2.794392910093134,3.7935746692818553,3,Sunday,0,2025-11-09,Sunday,3,44
10,36.77444707589077,34.55368065106232,3,Sunday,0,2025-11-09,Sunday,3,44
18,14.904738363036465,15.86051314625276,3,Sunday,0,2025-11-09,Sunday,3,44
14,26.471155749305147,5.293529402602705,3,Sunday,0,2025-11-09,Sunday,3,44
17,12.403864983509976,19.675333643790246,3,Sunday,0,2025-11-09,Sunday,3,44
16,15.956067950258813,7.289633827439756,3,Sunday,0,2025-11-09,Sunday,3,44
10,35.275285913309474,2.4883948801981886,3,Sunday,0,2025-11-09,Sunday,3,44
14,6.884606422054449,14.709820385618563,3,Sunday,0,2025-11-09,Sunday,3,44
18,14.418454259875805,24.133677453901967,3,Sunday,0,2025-11-09,Sunday,3,44
20,16.295848603881847,17.608458456664597,3,Sunday,0,2025-11-09,Sunday,3,44
19,26.75582131188624,24.687819695885707,3,Sunday,0,2025-11-09,Sunday,3,44
11,12.185916749615675,11.962509378615952,3,Sunday,0,2025-11-09,Sunday,3,44
14,13.560924239789117,5.412686174652201,3,Sunday,0,2025-11-09,Sunday,3,44
19,19.68282010327116,39.79058329078899,3,Sunday,0,2025-11-09,Sunday,3,44
19,13.985656848840282,5.222089665746742,3,Sunday,0,2025-11-09,Sunday,3,44
20,16.955670741342068,8.477299691600583,3,Sunday,0,2025-11-09,Sunday,3,44
17,8.755903816002563,37.21038844164659,3,Sunday,0,2025-11-09,Sunday,3,44
19,9.276537756635364,21.14455165786247,3,Sunday,0,2025-11-09,Sunday,3,44
18,18.117821414694454,4.5751699675911555,3,Sunday,0,2025-11-09,Sunday,3,44
1,10.27039909885767,3.738139657460578,3,Sunday,0,2025-11-09,Sunday,3,44
12,3.121487390024634,7.068601692715058,3,Sunday,0,2025-11-09,Sunday,3,44
19,15.198568855055218,17.988975991220627,3,Sunday,0,2025-11-09,Sunday,3,44
20,15.05567035340195,35.76344459482384,3,Sunday,0,2025-11-16,Sunday,3,29
18,10.572027962449258,13.930805555623163,3,Sunday,0,2025-11-16,Sunday,3,29
17,6.745989834654593,11.530172229693862,3,Sunday,0,2025-11-16,Sunday,3,29
21,10.138832858156267,27.87003614538139,3,Sunday,0,2025-11-16,Sunday,3,29
16,5.733786545838413,25.576747480962837,3,Sunday,0,2025-11-16,Sunday,3,29
20,18.589829032062166,11.450702027576575,3,Sunday,0,2025-11-16,Sunday,3,29
18,15.930252826969916,11.046127600939943,3,Sunday,0,2025-11-16,Sunday,3,29
18,2.410376907097194,6.13783835402864,3,Sunday,0,2025-11-16,Sunday,3,29
21,13.871761892100363,1.175239084302362,3,Sunday,0,2025-11-16,Sunday,3,29
16,12.802628992991053,21.262709545267402,3,Sunday,0,2025-11-16,Sunday,3,29
12,18.461750836449347,31.032790883942,3,Sunday,0,2025-11-16,Sunday,3,29
23,10.382291924492957,6.057310466069556,3,Sunday,0,2025-11-16,Sunday,3,29
20,27.150163297119036,10.716408106024671,3,Sunday,0,2025-11-16,Sunday,3,29
22,15.429129037362742,17.07504727802078,3,Sunday,0,2025-11-16,Sunday,3,29
16,13.044566772147181,8.803896693590758,3,Sunday,0,2025-11-16,Sunday,3,29
20,17.135993392500733,16.50283864601062,3,Sunday,0,2025-11-16,Sunday,3,29
6,9.274334001935168,7.318978981865185,3,Sunday,0,2025-11-16,Sunday,3,29
15,14.03475928154149,20.36919727576107,3,Sunday,0,2025-11-16,Sunday,3,29
18,11.820241763408049,5.553625460912636,3,Sunday,0,2025-11-16,Sunday,3,29
2,16.10247763986979,26.62783038951618,3,Sunday,0,2025-11-16,Sunday,3,29
18,34.83747584720505,5.632802128287916,3,Sunday,0,2025-11-16,Sunday,3,29
19,13.64456790507322,24.16051308981314,3,Sunday,0,2025-11-16,Sunday,3,29
19,41.1957152550166,6.621456746904862,3,Sunday,0,2025-11-16,Sunday,3,29
21,13.77328135140026,6.973463168652109,3,Sunday,0,2025-11-16,Sunday,3,29
5,16.042300837548545,40.54303007370547,3,Sunday,0,2025-11-16,Sunday,3,29
22,8.556421727072157,12.330292178769515,3,Sunday,0,2025-11-16,Sunday,3,29
0,65.43014556515601,9.89128224324772,3,Sunday,0,2025-11-16,Sunday,3,29
15,19.318393028816843,20.178160569335606,3,Sunday,0,2025-11-16,Sunday,3,29
21,10.43280406335943,1.1778877705417354,3,Sunday,0,2025-11-16,Sunday,3,29
4,19.172584461956358,6.697671796874545,3,Sunday,0,2025-11-23,Sunday,3,27
4,36.82158150539089,15.473625942319778,3,Sunday,0,2025-11-23,Sunday,3,27
16,8.611864328263895,17.588256635277286,3,Sunday,0,2025-11-23,Sunday,3,27
5,20.00246338159476,20.106174403647657,3,Sunday,0,2025-11-23,Sunday,3,27
17,17.925838219493276,5.678805514353455,3,Sunday,0,2025-11-23,Sunday,3,27
22,13.289586966884741,15.09412807336573,3,Sunday,0,2025-11-23,Sunday,3,27
9,11.704882704293297,38.03546104481476,3,Sunday,0,2025-11-23,Sunday,3,27
22,21.735542643978178,13.361814468994163,3,Sunday,0,2025-11-23,Sunday,3,27
18,24.70548428260519,19.475634217745064,3,Sunday,0,2025-11-23,Sunday,3,27
19,4.483871711582103,8.731346788526576,3,Sunday,0,2025-11-23,Sunday,3,27
23,13.522653098498143,16.994712661018664,3,Sunday,0,2025-11-23,Sunday,3,27
10,42.55317918375785,9.623373751534345,3,Sunday,0,2025-11-23,Sunday,3,27
21,13.907250269903379,12.686156114377187,3,Sunday,0,2025-11-23,Sunday,3,27
22,12.986736916536564,16.205299392575984,3,Sunday,0,2025-11-23,Sunday,3,27
21,8.682853870452783,14.498433977077191,3,Sunday,0,2025-11-23,Sunday,3,27
12,48.23501470329558,2.2050608383279995,3,Sunday,0,2025-11-23,Sunday,3,27
13,20.07664800383127,6.935547229476655,3,Sunday,0,2025-11-23,Sunday,3,27
9,13.426661258298232,14.863645834469063,3,Sunday,0,2025-11-23,Sunday,3,27
20,14.64183782802412,6.57942132172653,3,Sunday,0,2025-11-23,Sunday,3,27
20,5.73404226290741,12.312664215132688,3,Sunday,0,2025-11-23,Sunday,3,27
13,22.049377228187257,8.072638452483,3,Sunday,0,2025-11-23,Sunday,3,27
2,11.567153781118002,17.186212909579396,3,Sunday,0,2025-11-23,Sunday,3,27
15,15.660606993720851,3.891951182827139,3,Sunday,0,2025-11-23,Sunday,3,27
23,10.604110055095635,29.92798609144018,3,Sunday,0,2025-11-23,Sunday,3,27
21,11.746859468328655,25.41330065981111,3,Sunday,0,2025-11-23,Sunday,3,27
14,4.737204216331407,3.294146825008471,3,Sunday,0,2025-11-23,Sunday,3,27
19,10.971919774982478,5.12381760724525,3,Sunday,0,2025-11-23,Sunday,3,27
18,15.556224168753797,7.628999692004725,3,Sunday,0,2025-11-30,Sunday,3,42
16,12.21701874882639,6.125206987233782,3,Sunday,0,2025-11-30,Sunday,3,42
17,20.57064187178006,9.622319250949863,3,Sunday,0,2025-11-30,Sunday,3,42
18,16.177703897220002,16.14063377558226,3,Sunday,0,2025-11-30,Sunday,3,42
23,8.752946002143677,7.168914854124545,3,Sunday,0,2025-11-30,Sunday,3,42
17,24.141314910719633,6.63648218514579,3,Sunday,0,2025-11-30,Sunday,3,42
21,13.982982362532287,15.06021599177546,3,Sunday,0,2025-11-30,Sunday,3,42
17,17.336516961571135,3.929090201559422,3,Sunday,0,2025-11-30,Sunday,3,42
22,20.35514080062621,19.428511917474648,3,Sunday,0,2025-11-30,Sunday,3,42
14,13.680248681019478,11.784220359565772,3,Sunday,0,2025-11-30,Sunday,3,42
12,64.11544418394867,17.27353282618024,3,Sunday,0,2025-11-30,Sunday,3,42
21,17.241102973798807,19.326846964189723,3,Sunday,0,2025-11-30,Sunday,3,42
17,3.6831087957631987,7.620287295324696,3,Sunday,0,2025-11-30,Sunday,3,42
0,9.107216181338746,3.0457590460931794,3,Sunday,0,2025-11-30,Sunday,3,42
22,9.839181266106138,18.76556014499708,3,Sunday,0,2025-11-30,Sunday,3,42
19,14.980372829885408,8.745544638014145,3,Sunday,0,2025-11-30,Sunday,3,42
23,31.75804075045037,6.8887266619119965,3,Sunday,0,2025-11-30,Sunday,3,42
16,4.390248161642132,4.647457070656707,3,Sunday,0,2025-11-30,Sunday,3,42
19,12.327030477515596,22.566114886753223,3,Sunday,0,2025-11-30,Sunday,3,42
16,13.088474813245668,10.495044361363593,3,Sunday,0,2025-11-30,Sunday,3,42
20,18.01808824635415,6.260312876141216,3,Sunday,0,2025-11-30,Sunday,3,42
22,10.645726956042484,8.392311815156468,3,Sunday,0,2025-11-30,Sunday,3,42
16,5.961034004823906,3.7463149372632296,3,Sunday,0,2025-11-30,Sunday,3,42
14,21.38374574350512,4.660170629411318,3,Sunday,0,2025-11-30,Sunday,3,42
17,13.054441832058554,5.6055646908354,3,Sunday,0,2025-11-30,Sunday,3,42
18,15.395757865723716,31.297938847190043,3,Sunday,0,2025-11-30,Sunday,3,42
17,4.085900474938196,7.027965158449328,3,Sunday,0,2025-11-30,Sunday,3,42
15,14.995729959513394,5.215399911111393,3,Sunday,0,2025-11-30,Sunday,3,42
16,18.208676331408558,6.861923090267597,3,Sunday,0,2025-11-30,Sunday,3,42
17,5.4317364654955345,19.56852850514538,3,Sunday,0,2025-11-30,Sunday,3,42
15,3.2442482809016173,12.962092978107451,3,Sunday,0,2025-11-30,Sunday,3,42
15,4.635870008705886,12.305102130220458,3,Sunday,0,2025-11-30,Sunday,3,42
13,19.38432913768399,23.329374633916917,3,Sunday,0,2025-11-30,Sunday,3,42
18,21.1656344751602,4.768559669205044,3,Sunday,0,2025-11-30,Sunday,3,42
20,17.82133069135284,9.1316093325095,3,Sunday,0,2025-11-30,Sunday,3,42
20,10.386366353478525,3.847528312304844,3,Sunday,0,2025-11-30,Sunday,3,42
8,13.063720780363173,3.462892537371422,3,Sunday,0,2025-11-30,Sunday,3,42
20,10.22111604086016,7.099939953386363,3,Sunday,0,2025-11-30,Sunday,3,42
18,13.100406135260545,8.590010965730222,3,Sunday,0,2025-11-30,Sunday,3,42
16,3.0871413557675815,3.6291978648507124,3,Sunday,0,2025-11-30,Sunday,3,42
18,15.714887207175583,8.422315325235491,3,Sunday,0,2025-11-30,Sunday,3,42
21,14.681413263807325,2.7457287898843603,3,Sunday,0,2025-11-30,Sunday,3,42
21,12.225012520554596,21.002472591505523,3,Sunday,0,2025-12-07,Sunday,3,27
18,5.491997913159626,7.538948600743332,3,Sunday,0,2025-12-07,Sunday,3,27
13,19.886262168045537,4.765351489824443,3,Sunday,0,2025-12-07,Sunday,3,27
15,55.884635686423685,9.448353311453209,3,Sunday,0,2025-12-07,Sunday,3,27
18,35.79118148962853,10.099436506271518,3,Sunday,0,2025-12-07,Sunday,3,27
19,4.765420663656828,6.2103105618029675,3,Sunday,0,2025-12-07,Sunday,3,27
16,2.1129411564017286,19.096331734669032,3,Sunday,0,2025-12-07,Sunday,3,27
21,21.82359796653576,9.850324788334701,3,Sunday,0,2025-12-07,Sunday,3,27
17,14.306795883702684,9.987441718858129,3,Sunday,0,2025-12-07,Sunday,3,27
15,15.705070575190263,15.681478992704227,3,Sunday,0,2025-12-07,Sunday,3,27
18,7.744114883085935,7.0540929668170405,3,Sunday,0,2025-12-07,Sunday,3,27
17,25.901077339221395,4.772548078188418,3,Sunday,0,2025-12-07,Sunday,3,27
21,14.418204412739698,7.674910880265132,3,Sunday,0,2025-12-07,Sunday,3,27
23,6.273698533874876,3.597146019978015,3,Sunday,0,2025-12-07,Sunday,3,27
17,14.742980000929041,15.325480424864555,3,Sunday,0,2025-12-07,Sunday,3,27
16,20.67701218469683,1.235402620618387,3,Sunday,0,2025-12-07,Sunday,3,27
0,16.766253441511562,1.6885533246712792,3,Sunday,0,2025-12-07,Sunday,3,27
15,18.265386763425695,15.527965631904138,3,Sunday,0,2025-12-07,Sunday,3,27
22,10.701925495401515,26.27020995678339,3,Sunday,0,2025-12-07,Sunday,3,27
18,16.126614943967216,4.220136881352203,3,Sunday,0,2025-12-07,Sunday,3,27
13,12.282004347197223,7.224043772780308,3,Sunday,0,2025-12-07,Sunday,3,27
17,8.085471702483618,10.910396808022524,3,Sunday,0,2025-12-07,Sunday,3,27
18,49.84327513796301,9.60390529858807,3,Sunday,0,2025-12-07,Sunday,3,27
13,12.531132653880114,15.774166064665378,3,Sunday,0,2025-12-07,Sunday,3,27
15,17.256147061436177,11.92070221032753,3,Sunday,0,2025-12-07,Sunday,3,27
3,2.1745406284934954,31.17117055363887,3,Sunday,0,2025-12-07,Sunday,3,27
15,14.077720990123499,8.537925603950866,3,Sunday,0,2025-12-07,Sunday,3,27
16,23.75552531898383,7.672415698267583,3,Sunday,0,2025-12-14,Sunday,3,26
12,47.64224906305816,2.5118043142478346,3,Sunday,0,2025-12-14,Sunday,3,26
20,12.661627341378832,5.727477348544869,3,Sunday,0,2025-12-14,Sunday,3,26
20,31.341588069632426,12.242671897079639,3,Sunday,0,2025-12-14,Sunday,3,26
20,6.3051482277984165,7.952972293225356,3,Sunday,0,2025-12-14,Sunday,3,26
20,18.470829300314115,10.957669165251003,3,Sunday,0,2025-12-14,Sunday,3,26
14,30.530987248041637,6.804657472542231,3,Sunday,0,2025-12-14,Sunday,3,26
19,2.32626678687214,3.7916975365234284,3,Sunday,0,2025-12-14,Sunday,3,26
23,9.30102724050197,2.988860003918231,3,Sunday,0,2025-12-14,Sunday,3,26
5,3.213108016790595,8.919923366806502,3,Sunday,0,2025-12-14,Sunday,3,26
16,6.698026434870548,68.85872393177789,3,Sunday,0,2025-12-14,Sunday,3,26
23,20.607590759804204,19.673051765191435,3,Sunday,0,2025-12-14,Sunday,3,26
21,10.322483862065525,11.324996275849607,3,Sunday,0,2025-12-14,Sunday,3,26
8,9.381921881646338,7.474389372967366,3,Sunday,0,2025-12-14,Sunday,3,26
20,11.271448943975603,16.119127822616505,3,Sunday,0,2025-12-14,Sunday,3,26
21,20.755542387709042,7.913411836623441,3,Sunday,0,2025-12-14,Sunday,3,26
15,34.135767389224576,9.199042457939699,3,Sunday,0,2025-12-14,Sunday,3,26
17,14.264702751335982,9.888518883017674,3,Sunday,0,2025-12-14,Sunday,3,26
16,10.94233892454723,30.20029274412268,3,Sunday,0,2025-12-14,Sunday,3,26
9,3.2015337793714504,6.4951439059414104,3,Sunday,0,2025-12-14,Sunday,3,26
12,9.675172663204101,11.130467223437156,3,Sunday,0,2025-12-14,Sunday,3,26
2,4.339721498142689,21.798719866221926,3,Sunday,0,2025-12-14,Sunday,3,26
12,11.412607426635422,22.311563026848592,3,Sunday,0,2025-12-14,Sunday,3,26
14,5.74179329793189,6.814981400723698,3,Sunday,0,2025-12-14,Sunday,3,26
16,37.738606193715036,18.624566477197167,3,Sunday,0,2025-12-14,Sunday,3,26
19,13.507858276665399,17.221835250431003,3,Sunday,0,2025-12-14,Sunday,3,26
22,14.570111238988567,1.1951412927070995,3,Sunday,0,2025-12-21,Sunday,3,26
17,6.967390167160825,6.494311570045295,3,Sunday,0,2025-12-21,Sunday,3,26
15,10.295258875357408,5.679217524506282,3,Sunday,0,2025-12-21,Sunday,3,26
23,18.71288296469638,0.6734412378402999,3,Sunday,0,2025-12-21,Sunday,3,26
21,15.66508318862703,5.531137531439985,3,Sunday,0,2025-12-21,Sunday,3,26
19,8.182961149766989,10.628989117252411,3,Sunday,0,2025-12-21,Sunday,3,26
17,24.29649646695383,14.803832325188205,3,Sunday,0,2025-12-21,Sunday,3,26
14,19.568121720828586,11.499828666178624,3,Sunday,0,2025-12-21,Sunday,3,26
10,24.504080621862787,20.972564412735323,3,Sunday,0,2025-12-21,Sunday,3,26
20,13.721188679327106,9.894933220732565,3,Sunday,0,2025-12-21,Sunday,3,26
20,18.238452355274376,6.339259024059433,3,Sunday,0,2025-12-21,Sunday,3,26
20,13.614326433772604,11.820328170826935,3,Sunday,0,2025-12-21,Sunday,3,26
14,16.841855377052863,11.617834346867348,3,Sunday,0,2025-12-21,Sunday,3,26
15,17.472706452863296,18.34439362134804,3,Sunday,0,2025-12-21,Sunday,3,26
18,15.551653416900393,20.371268962124073,3,Sunday,0,2025-12-21,Sunday,3,26
22,15.136874657274834,16.114487379830617,3,Sunday,0,2025-12-21,Sunday,3,26
15,15.962817799594582,42.66034593016905,3,Sunday,0,2025-12-21,Sunday,3,26
19,11.099245783125784,1.4521768942751403,3,Sunday,0,2025-12-21,Sunday,3,26
16,8.722548582695342,14.432749336169035,3,Sunday,0,2025-12-21,Sunday,3,26
22,12.188138342768323,10.410595329897427,3,Sunday,0,2025-12-21,Sunday,3,26
17,23.68524418270238,6.683770617470754,3,Sunday,0,2025-12-21,Sunday,3,26
14,2.014671747214631,4.132747372066344,3,Sunday,0,2025-12-21,Sunday,3,26
14,13.979033195856356,5.219417751088568,3,Sunday,0,2025-12-21,Sunday,3,26
19,3.2043405086492003,6.8832667049187135,3,Sunday,0,2025-12-21,Sunday,3,26
16,23.10210113150518,17.39571208677787,3,Sunday,0,2025-12-21,Sunday,3,26
22,12.56218774298867,26.645375392682496,3,Sunday,0,2025-12-21,Sunday,3,26
