plugin_hour,connection_time,energy_session,season,weekday_group,location_group,__date__,__weekday_group__,__season__,__count__
21,20.861385437420036,11.446826885557359,0,Mon-Th,3,2025-01-01,Mon-Th,0,4
16,11.81302178665581,29.560149530253625,0,Mon-Th,3,2025-01-01,Mon-Th,0,4
19,10.952743918720415,85.56371403887294,0,Mon-Th,3,2025-01-01,Mon-Th,0,4
14,13.753232925864506,10.030870171129068,0,Mon-Th,3,2025-01-01,Mon-Th,0,4
3,27.32302512540963,15.113985835621142,0,Mon-Th,3,2025-01-02,Mon-Th,0,7
17,42.40684266385182,3.280962914161363,0,Mon-Th,3,2025-01-02,Mon-Th,0,7
4,11.956928671911992,16.916041451305144,0,Mon-Th,3,2025-01-02,Mon-Th,0,7
21,10.755906286917401,8.918738088518978,0,Mon-Th,3,2025-01-02,Mon-Th,0,7
17,3.601778534896576,4.660720892769202,0,Mon-Th,3,2025-01-02,Mon-Th,0,7
0,4.23747915080856,10.535940366149346,0,Mon-Th,3,2025-01-02,Mon-Th,0,7
23,23.889164427026817,9.291528590933122,0,Mon-Th,3,2025-01-02,Mon-Th,0,7
4,3.611291037740616,3.010353492610668,0,Mon-Th,3,2025-01-06,Mon-Th,0,7
16,15.458195468690239,1.5145151494387232,0,Mon-Th,3,2025-01-06,Mon-Th,0,7
4,12.869594233077432,26.28578992854615,0,Mon-Th,3,2025-01-06,Mon-Th,0,7
12,26.237941580763465,10.662080601211441,0,Mon-Th,3,2025-01-06,Mon-Th,0,7
21,15.241055062059214,39.890624114284726,0,Mon-Th,3,2025-01-06,Mon-Th,0,7
19,48.10123158640741,2.607168354188511,0,Mon-Th,3,2025-01-06,Mon-Th,0,7
21,41.6296511373553,6.602738310491161,0,Mon-Th,3,2025-01-06,Mon-Th,0,7
18,12.690836966811808,21.246378184635486,0,Mon-Th,3,2025-01-07,Mon-Th,0,5
19,3.5189578042563734,27.137600530901093,0,Mon-Th,3,2025-01-07,Mon-Th,0,5
19,16.703211525202065,9.213041594668484,0,Mon-Th,3,2025-01-07,Mon-Th,0,5
17,16.80114056041145,9.240171774088479,0,Mon-Th,3,2025-01-07,Mon-Th,0,5
18,18.63080870103559,7.0674706488287224,0,Mon-Th,3,2025-01-07,Mon-Th,0,5
19,13.87085002778064,20.580022778429917,0,Mon-Th,3,2025-01-08,Mon-Th,0,5
19,11.467378973277523,7.824835711207338,0,Mon-Th,3,2025-01-08,Mon-Th,0,5
6,8.454787409503655,5.240745011958454,0,Mon-Th,3,2025-01-08,Mon-Th,0,5
12,4.202561538419136,3.4588360630646298,0,Mon-Th,3,2025-01-08,Mon-Th,0,5
18,23.56115015092076,13.870327642739886,0,Mon-Th,3,2025-01-08,Mon-Th,0,5
17,15.855068566089184,53.5693161840202,0,Mon-Th,3,2025-01-09,Mon-Th,0,6
21,14.829936890226502,5.414415008019218,0,Mon-Th,3,2025-01-09,Mon-Th,0,6
18,17.413277284687453,20.29897235152765,0,Mon-Th,3,2025-01-09,Mon-Th,0,6
23,16.441373635096436,40.354794775989895,0,Mon-Th,3,2025-01-09,Mon-Th,0,6
0,9.956951366942217,12.004462936271013,0,Mon-Th,3,2025-01-09,Mon-Th,0,6
13,10.569099198689063,2.9116823840706365,0,Mon-Th,3,2025-01-09,Mon-Th,0,6
20,19.87199682093666,17.378891465780917,0,Mon-Th,3,2025-01-13,Mon-Th,0,7
23,14.393267086189073,11.222883733620234,0,Mon-Th,3,2025-01-13,Mon-Th,0,7
17,11.13270254282667,12.927347625229606,0,Mon-Th,3,2025-01-13,Mon-Th,0,7
19,21.769179770443287,30.31054069490833,0,Mon-Th,3,2025-01-13,Mon-Th,0,7
0,7.943966644915565,22.883769472548195,0,Mon-Th,3,2025-01-13,Mon-Th,0,7
14,9.521049527654682,27.437843816478566,0,Mon-Th,3,2025-01-13,Mon-Th,0,7
9,9.481987600253007,5.920773611675511,0,Mon-Th,3,2025-01-13,Mon-Th,0,7
18,10.817171099172661,39.909700388698234,0,Mon-Th,3,2025-01-14,Mon-Th,0,9
15,8.194937028292665,7.638980091270709,0,Mon-Th,3,2025-01-14,Mon-Th,0,9
18,21.336105453583745,36.388278471136275,0,Mon-Th,3,2025-01-14,Mon-Th,0,9
12,2.357160786724279,5.030181472029156,0,Mon-Th,3,2025-01-14,Mon-Th,0,9
17,2.7554858093321926,4.981514710139472,0,Mon-Th,3,2025-01-14,Mon-Th,0,9
20,13.184221303238257,6.221204215686884,0,Mon-Th,3,2025-01-14,Mon-Th,0,9
21,14.140383471183686,9.55452317214997,0,Mon-Th,3,2025-01-14,Mon-Th,0,9
20,10.81072961610774,1.5710043574840795,0,Mon-Th,3,2025-01-14,Mon-Th,0,9
14,9.988449245004325,13.158407768314637,0,Mon-Th,3,2025-01-14,Mon-Th,0,9
22,11.134709779231937,18.388640159405703,0,Mon-Th,3,2025-01-15,Mon-Th,0,5
10,18.60656258592408,5.453755284490135,0,Mon-Th,3,2025-01-15,Mon-Th,0,5
16,33.5381436465244,7.491028613697155,0,Mon-Th,3,2025-01-15,Mon-Th,0,5
14,2.1528029369715234,4.198504707491697,0,Mon-Th,3,2025-01-15,Mon-Th,0,5
20,12.204012663955442,3.91802548241992,0,Mon-Th,3,2025-01-15,Mon-Th,0,5
20,13.773438520208632,4.569513142836104,0,Mon-Th,3,2025-01-16,Mon-Th,0,8
22,10.867487547263334,4.210667546247683,0,Mon-Th,3,2025-01-16,Mon-Th,0,8
22,8.399366537065664,2.9804004164451605,0,Mon-Th,3,2025-01-16,Mon-Th,0,8
14,12.7989991510338,11.9688229938726,0,Mon-Th,3,2025-01-16,Mon-Th,0,8
15,12.575492599877826,12.537521872881,0,Mon-Th,3,2025-01-16,Mon-Th,0,8
6,12.931751749905704,15.104824198874741,0,Mon-Th,3,2025-01-16,Mon-Th,0,8
19,11.939814764243078,78.19479137498168,0,Mon-Th,3,2025-01-16,Mon-Th,0,8
17,2.245418034209837,8.434313957989806,0,Mon-Th,3,2025-01-16,Mon-Th,0,8
10,37.70992123798529,8.27906338667319,0,Mon-Th,3,2025-01-20,Mon-Th,0,8
5,13.349222299041276,10.219628046198794,0,Mon-Th,3,2025-01-20,Mon-Th,0,8
19,7.212241918901613,1.6237409528574835,0,Mon-Th,3,2025-01-20,Mon-Th,0,8
17,2.7012822644597883,7.463934227714138,0,Mon-Th,3,2025-01-20,Mon-Th,0,8
19,19.02375616816213,74.41323203238751,0,Mon-Th,3,2025-01-20,Mon-Th,0,8
17,10.83718365623514,13.944325017572275,0,Mon-Th,3,2025-01-20,Mon-Th,0,8
18,14.12739872298333,8.271804982828087,0,Mon-Th,3,2025-01-20,Mon-Th,0,8
16,2.875570984895122,2.779083618824158,0,Mon-Th,3,2025-01-20,Mon-Th,0,8
20,18.92980066280743,3.421232830037268,0,Mon-Th,3,2025-01-21,Mon-Th,0,10
17,8.752778318978633,4.641943365244489,0,Mon-Th,3,2025-01-21,Mon-Th,0,10
2,8.578640784637026,6.244313338748256,0,Mon-Th,3,2025-01-21,Mon-Th,0,10
18,18.068437698793936,6.259098771071836,0,Mon-Th,3,2025-01-21,Mon-Th,0,10
23,11.59215285615348,33.44163354925834,0,Mon-Th,3,2025-01-21,Mon-Th,0,10
21,2.0734243685035203,8.681883209627564,0,Mon-Th,3,2025-01-21,Mon-Th,0,10
2,8.992409637761888,7.6539016233576795,0,Mon-Th,3,2025-01-21,Mon-Th,0,10
19,10.57362042931646,12.208854124410903,0,Mon-Th,3,2025-01-21,Mon-Th,0,10
8,3.8153090555212565,10.75208506370876,0,Mon-Th,3,2025-01-21,Mon-Th,0,10
16,20.20334724660892,8.984204118018576,0,Mon-Th,3,2025-01-21,Mon-Th,0,10
6,5.411308046413342,3.1749054062009145,0,Mon-Th,3,2025-01-22,Mon-Th,0,10
21,18.640699769609526,1.7927635994119757,0,Mon-Th,3,2025-01-22,Mon-Th,0,10
13,16.21972025630821,5.1141001741164525,0,Mon-Th,3,2025-01-22,Mon-Th,0,10
22,8.877380980453932,24.669758896131537,0,Mon-Th,3,2025-01-22,Mon-Th,0,10
21,14.176750214980153,3.764778854249692,0,Mon-Th,3,2025-01-22,Mon-Th,0,10
21,20.457913819830733,38.663115759251184,0,Mon-Th,3,2025-01-22,Mon-Th,0,10
18,10.433902641721097,2.507142886443388,0,Mon-Th,3,2025-01-22,Mon-Th,0,10
20,12.755348212391247,16.233475124081618,0,Mon-Th,3,2025-01-22,Mon-Th,0,10
15,16.768637803264998,17.962970732841345,0,Mon-Th,3,2025-01-22,Mon-Th,0,10
13,18.976382859026508,13.995410812727993,0,Mon-Th,3,2025-01-22,Mon-Th,0,10
16,5.49812390297174,38.15315574737667,0,Mon-Th,3,2025-01-23,Mon-Th,0,7
15,27.63517176198331,3.763926665875096,0,Mon-Th,3,2025-01-23,Mon-Th,0,7
22,17.98140179044575,9.13440386202139,0,Mon-Th,3,2025-01-23,Mon-Th,0,7
15,12.546586674577263,41.830096651182615,0,Mon-Th,3,2025-01-23,Mon-Th,0,7
23,16.67731944467608,30.809593965152626,0,Mon-Th,3,2025-01-23,Mon-Th,0,7
13,2.925782726013578,9.832007994439197,0,Mon-Th,3,2025-01-23,Mon-Th,0,7
15,11.342110304591195,4.452403641902631,0,Mon-Th,3,2025-01-23,Mon-Th,0,7
14,4.140804069113015,2.93909087842038,0,Mon-Th,3,2025-01-27,Mon-Th,0,11
18,7.300917861768776,4.25150051996412,0,Mon-Th,3,2025-01-27,Mon-Th,0,11
16,35.40401578219988,14.833682428315402,0,Mon-Th,3,2025-01-27,Mon-Th,0,11
19,7.678936820664793,2.832135482966592,0,Mon-Th,3,2025-01-27,Mon-Th,0,11
21,12.200231548217591,33.740235153258965,0,Mon-Th,3,2025-01-27,Mon-Th,0,11
20,6.306825648288322,5.465742695288404,0,Mon-Th,3,2025-01-27,Mon-Th,0,11
6,8.831973803531028,2.018173842437156,0,Mon-Th,3,2025-01-27,Mon-Th,0,11
17,17.719974047100134,1.5613639340805125,0,Mon-Th,3,2025-01-27,Mon-Th,0,11
17,20.30476814763595,33.5210424067238,0,Mon-Th,3,2025-01-27,Mon-Th,0,11
17,13.160638411689753,4.613099743655268,0,Mon-Th,3,2025-01-27,Mon-Th,0,11
9,13.156852371288036,19.48617113341803,0,Mon-Th,3,2025-01-27,Mon-Th,0,11
18,29.186384071727755,1.4308812317879886,0,Mon-Th,3,2025-01-28,Mon-Th,0,7
18,15.759127043118227,9.820299459201902,0,Mon-Th,3,2025-01-28,Mon-Th,0,7
22,11.909593099645363,12.692507185285159,0,Mon-Th,3,2025-01-28,Mon-Th,0,7
19,26.246097821340594,6.895472751269058,0,Mon-Th,3,2025-01-28,Mon-Th,0,7
23,13.233218809848562,16.809375276772847,0,Mon-Th,3,2025-01-28,Mon-Th,0,7
18,15.392760542627475,22.75148700624987,0,Mon-Th,3,2025-01-28,Mon-Th,0,7
14,6.709275177867709,34.58420461506774,0,Mon-Th,3,2025-01-28,Mon-Th,0,7
15,14.991526649632494,12.935486930491736,0,Mon-Th,3,2025-01-29,Mon-Th,0,3
17,3.1143730641170024,4.636284062860008,0,Mon-Th,3,2025-01-29,Mon-Th,0,3
13,14.324217017634282,8.897446852351592,0,Mon-Th,3,2025-01-29,Mon-Th,0,3
16,2.8067396049381657,13.550561231923018,0,Mon-Th,3,2025-01-30,Mon-Th,0,12
23,7.88334158007534,15.913472551808692,0,Mon-Th,3,2025-01-30,Mon-Th,0,12
7,25.42640656336144,18.83530386751428,0,Mon-Th,3,2025-01-30,Mon-Th,0,12
1,3.2254944617865764,11.829931784037052,0,Mon-Th,3,2025-01-30,Mon-Th,0,12
23,12.36836965287566,19.596350963325786,0,Mon-Th,3,2025-01-30,Mon-Th,0,12
17,42.223525770658284,3.0810865208029927,0,Mon-Th,3,2025-01-30,Mon-Th,0,12
9,23.44649576535962,48.67287147747369,0,Mon-Th,3,2025-01-30,Mon-Th,0,12
15,3.1298350884898976,9.315671953960402,0,Mon-Th,3,2025-01-30,Mon-Th,0,12
9,4.0832725940670285,3.36301798917831,0,Mon-Th,3,2025-01-30,Mon-Th,0,12
18,20.36298725348217,7.021748017208924,0,Mon-Th,3,2025-01-30,Mon-Th,0,12
19,13.917488594389994,36.709634538118095,0,Mon-Th,3,2025-01-30,Mon-Th,0,12
13,16.404980706086885,13.562999378850044,0,Mon-Th,3,2025-01-30,Mon-Th,0,12
16,3.3727590296844645,15.811206668393426,0,Mon-Th,3,2025-02-03,Mon-Th,0,9
12,3.1746345833676015,14.52554332622835,0,Mon-Th,3,2025-02-03,Mon-Th,0,9
9,35.132838150735374,28.073998866874042,0,Mon-Th,3,2025-02-03,Mon-Th,0,9
6,6.007026890321572,36.30701031782751,0,Mon-Th,3,2025-02-03,Mon-Th,0,9
20,3.5060388309108754,14.073602949971251,0,Mon-Th,3,2025-02-03,Mon-Th,0,9
12,4.2177132372973745,16.266700177206864,0,Mon-Th,3,2025-02-03,Mon-Th,0,9
19,15.144663581945618,9.300605521438246,0,Mon-Th,3,2025-02-03,Mon-Th,0,9
12,2.176048912734545,1.0226828665159156,0,Mon-Th,3,2025-02-03,Mon-Th,0,9
10,13.972927516616338,5.005803314818174,0,Mon-Th,3,2025-02-03,Mon-Th,0,9
21,7.513938991328569,7.219845709504902,0,Mon-Th,3,2025-02-04,Mon-Th,0,10
0,7.248034197774099,5.629658044740022,0,Mon-Th,3,2025-02-04,Mon-Th,0,10
20,13.471450475918594,6.837080246445392,0,Mon-Th,3,2025-02-04,Mon-Th,0,10
20,14.069895949873057,16.83559700087994,0,Mon-Th,3,2025-02-04,Mon-Th,0,10
22,14.978316299255333,13.233408411630792,0,Mon-Th,3,2025-02-04,Mon-Th,0,10
21,15.496185976236884,34.96618921930684,0,Mon-Th,3,2025-02-04,Mon-Th,0,10
17,18.980293920417505,3.798611222412368,0,Mon-Th,3,2025-02-04,Mon-Th,0,10
17,19.687741668924065,12.535739280072521,0,Mon-Th,3,2025-02-04,Mon-Th,0,10
18,19.89087086911454,10.434714293591062,0,Mon-Th,3,2025-02-04,Mon-Th,0,10
8,11.89562093141901,14.46845116924882,0,Mon-Th,3,2025-02-04,Mon-Th,0,10
20,15.256098788567215,7.51738471704271,0,Mon-Th,3,2025-02-05,Mon-Th,0,6
15,45.41561098503875,9.088578376888,0,Mon-Th,3,2025-02-05,Mon-Th,0,6
18,9.104868828528359,13.104937773198577,0,Mon-Th,3,2025-02-05,Mon-Th,0,6
23,7.8520771477159546,9.626513338347483,0,Mon-Th,3,2025-02-05,Mon-Th,0,6
15,17.941199175233475,5.097609605183966,0,Mon-Th,3,2025-02-05,Mon-Th,0,6
15,24.670617554281378,2.0563857963731227,0,Mon-Th,3,2025-02-05,Mon-Th,0,6
18,7.698150780502716,11.209497849020986,0,Mon-Th,3,2025-02-06,Mon-Th,0,8
7,3.3065103482863467,20.18208125629115,0,Mon-Th,3,2025-02-06,Mon-Th,0,8
17,12.90754829069996,11.978316257950597,0,Mon-Th,3,2025-02-06,Mon-Th,0,8
13,11.619085358909384,7.451794135399199,0,Mon-Th,3,2025-02-06,Mon-Th,0,8
16,7.8460128033799625,4.986379280453638,0,Mon-Th,3,2025-02-06,Mon-Th,0,8
15,3.7926815506548874,11.75154375336552,0,Mon-Th,3,2025-02-06,Mon-Th,0,8
8,14.724669066451916,8.894848675123177,0,Mon-Th,3,2025-02-06,Mon-Th,0,8
20,18.03725972836016,4.218244318114397,0,Mon-Th,3,2025-02-06,Mon-Th,0,8
16,13.151322877932273,28.75905504125279,0,Mon-Th,3,2025-02-10,Mon-Th,0,12
14,8.435177000581923,5.975294320112923,0,Mon-Th,3,2025-02-10,Mon-Th,0,12
17,26.629677509501068,3.926271849756403,0,Mon-Th,3,2025-02-10,Mon-Th,0,12
13,2.790547277965689,7.332345448764924,0,Mon-Th,3,2025-02-10,Mon-Th,0,12
18,34.7316857138126,21.932716719031134,0,Mon-Th,3,2025-02-10,Mon-Th,0,12
16,3.9823195570186396,10.971486315506452,0,Mon-Th,3,2025-02-10,Mon-Th,0,12
16,2.419914102444975,10.541039611641583,0,Mon-Th,3,2025-02-10,Mon-Th,0,12
17,3.489528759549506,6.870222200867874,0,Mon-Th,3,2025-02-10,Mon-Th,0,12
20,15.602582632872586,2.064913326775601,0,Mon-Th,3,2025-02-10,Mon-Th,0,12
7,24.10448624119605,14.450551011034056,0,Mon-Th,3,2025-02-10,Mon-Th,0,12
5,14.717362107037324,2.4492061143729407,0,Mon-Th,3,2025-02-10,Mon-Th,0,12
14,48.258435388875235,17.45613097418664,0,Mon-Th,3,2025-02-10,Mon-Th,0,12
12,56.82608137242649,3.168506277443817,0,Mon-Th,3,2025-02-11,Mon-Th,0,9
19,19.88827282302435,4.0686042297020775,0,Mon-Th,3,2025-02-11,Mon-Th,0,9
18,16.854139919816262,5.247638404042638,0,Mon-Th,3,2025-02-11,Mon-Th,0,9
15,16.815756393785257,53.803097967511455,0,Mon-Th,3,2025-02-11,Mon-Th,0,9
22,2.284709919016067,4.1457329571388,0,Mon-Th,3,2025-02-11,Mon-Th,0,9
16,15.856975266371325,4.514721440731963,0,Mon-Th,3,2025-02-11,Mon-Th,0,9
0,12.995961369483936,13.775068246966292,0,Mon-Th,3,2025-02-11,Mon-Th,0,9
18,8.61218520448125,14.388046169122383,0,Mon-Th,3,2025-02-11,Mon-Th,0,9
19,9.679032704606424,17.883725950042255,0,Mon-Th,3,2025-02-11,Mon-Th,0,9
20,9.653339004763895,16.87365572627083,0,Mon-Th,3,2025-02-12,Mon-Th,0,11
17,2.97243399740901,9.369468671670724,0,Mon-Th,3,2025-02-12,Mon-Th,0,11
1,6.455981105857936,11.700882442179237,0,Mon-Th,3,2025-02-12,Mon-Th,0,11
22,3.2477398218893536,12.093185516124878,0,Mon-Th,3,2025-02-12,Mon-Th,0,11
19,15.75864892543499,5.3666760730299305,0,Mon-Th,3,2025-02-12,Mon-Th,0,11
13,22.160354544227403,2.9893443355898954,0,Mon-Th,3,2025-02-12,Mon-Th,0,11
18,10.144955364807096,7.685827163491849,0,Mon-Th,3,2025-02-12,Mon-Th,0,11
15,19.898313381049803,21.824223698409874,0,Mon-Th,3,2025-02-12,Mon-Th,0,11
18,2.994009640957687,14.131624415291066,0,Mon-Th,3,2025-02-12,Mon-Th,0,11
7,10.783744949015578,8.957682342572857,0,Mon-Th,3,2025-02-12,Mon-Th,0,11
17,27.48338338303433,11.087856237272716,0,Mon-Th,3,2025-02-12,Mon-Th,0,11
19,26.683222955762634,9.491762603539973,0,Mon-Th,3,2025-02-13,Mon-Th,0,10
15,8.644967875049677,8.375941444680247,0,Mon-Th,3,2025-02-13,Mon-Th,0,10
23,111.58953563235605,48.346435750046155,0,Mon-Th,3,2025-02-13,Mon-Th,0,10
19,11.52016990235261,8.428321582468868,0,Mon-Th,3,2025-02-13,Mon-Th,0,10
20,12.55240315810973,16.386943808364848,0,Mon-Th,3,2025-02-13,Mon-Th,0,10
21,3.364961631583121,19.530550324887187,0,Mon-Th,3,2025-02-13,Mon-Th,0,10
17,2.7039975108165404,13.3460953043668,0,Mon-Th,3,2025-02-13,Mon-Th,0,10
19,12.513762051067513,5.336246037093931,0,Mon-Th,3,2025-02-13,Mon-Th,0,10
21,10.459011970865724,8.62468830149527,0,Mon-Th,3,2025-02-13,Mon-Th,0,10
21,8.85176194579017,6.882910520755511,0,Mon-Th,3,2025-02-13,Mon-Th,0,10
20,9.870776580859891,9.598197185721858,0,Mon-Th,3,2025-02-17,Mon-Th,0,4
19,12.795983572066103,14.084778049025003,0,Mon-Th,3,2025-02-17,Mon-Th,0,4
18,13.38504198649909,3.7379449076940023,0,Mon-Th,3,2025-02-17,Mon-Th,0,4
16,3.3191165407252425,13.829791514851996,0,Mon-Th,3,2025-02-17,Mon-Th,0,4
15,8.172877612904593,5.976588407405635,0,Mon-Th,3,2025-02-18,Mon-Th,0,3
23,15.139087917530304,13.907924594331197,0,Mon-Th,3,2025-02-18,Mon-Th,0,3
3,3.031698029869805,5.5940597903208,0,Mon-Th,3,2025-02-18,Mon-Th,0,3
17,69.09312357744767,2.2024666986052166,0,Mon-Th,3,2025-02-19,Mon-Th,0,14
7,3.315259098775375,8.02307496755065,0,Mon-Th,3,2025-02-19,Mon-Th,0,14
16,15.892290640905,3.4769827147389707,0,Mon-Th,3,2025-02-19,Mon-Th,0,14
20,10.47156478344468,2.053194900139852,0,Mon-Th,3,2025-02-19,Mon-Th,0,14
16,3.004870426166425,3.4024912764594255,0,Mon-Th,3,2025-02-19,Mon-Th,0,14
14,17.364697654500805,14.942904190096025,0,Mon-Th,3,2025-02-19,Mon-Th,0,14
16,13.646096140708188,7.25353808100753,0,Mon-Th,3,2025-02-19,Mon-Th,0,14
0,8.04967600083759,6.151725070683675,0,Mon-Th,3,2025-02-19,Mon-Th,0,14
16,18.679118450608847,20.178678668432557,0,Mon-Th,3,2025-02-19,Mon-Th,0,14
0,11.67426499644656,14.248032059182256,0,Mon-Th,3,2025-02-19,Mon-Th,0,14
21,20.933096331189056,3.4605778334437822,0,Mon-Th,3,2025-02-19,Mon-Th,0,14
11,2.424078435517595,14.19620254850665,0,Mon-Th,3,2025-02-19,Mon-Th,0,14
11,18.305544983916153,3.2751342664024596,0,Mon-Th,3,2025-02-19,Mon-Th,0,14
10,36.716104270977304,1.0425228910177142,0,Mon-Th,3,2025-02-19,Mon-Th,0,14
22,10.952993104994071,5.064463086320884,0,Mon-Th,3,2025-02-20,Mon-Th,0,11
21,5.9004294255590235,10.994811744077198,0,Mon-Th,3,2025-02-20,Mon-Th,0,11
13,14.74960241445497,10.95871867971384,0,Mon-Th,3,2025-02-20,Mon-Th,0,11
9,5.6360638461822745,43.6180827464727,0,Mon-Th,3,2025-02-20,Mon-Th,0,11
18,4.5280489336008,3.636742568808688,0,Mon-Th,3,2025-02-20,Mon-Th,0,11
16,15.375182161238339,21.42351683684877,0,Mon-Th,3,2025-02-20,Mon-Th,0,11
15,8.61877431992167,15.46305208030064,0,Mon-Th,3,2025-02-20,Mon-Th,0,11
18,13.215821251383119,81.49632570828192,0,Mon-Th,3,2025-02-20,Mon-Th,0,11
18,14.087530097950712,17.192322117062208,0,Mon-Th,3,2025-02-20,Mon-Th,0,11
20,9.962144549212413,19.085310444280164,0,Mon-Th,3,2025-02-20,Mon-Th,0,11
4,10.093465587666902,13.148731690510509,0,Mon-Th,3,2025-02-20,Mon-Th,0,11
19,11.749053664374049,5.619961630919651,0,Mon-Th,3,2025-02-24,Mon-Th,0,8
18,12.965232640559783,5.859905949222089,0,Mon-Th,3,2025-02-24,Mon-Th,0,8
18,5.658298533870078,13.885959825953808,0,Mon-Th,3,2025-02-24,Mon-Th,0,8
19,50.105536511508724,8.737778720689926,0,Mon-Th,3,2025-02-24,Mon-Th,0,8
0,9.086776974638463,2.4072310651391193,0,Mon-Th,3,2025-02-24,Mon-Th,0,8
21,11.638294451679897,24.19054519291964,0,Mon-Th,3,2025-02-24,Mon-Th,0,8
12,7.191333138274603,8.739280680298274,0,Mon-Th,3,2025-02-24,Mon-Th,0,8
16,25.596270993753233,7.744654831277602,0,Mon-Th,3,2025-02-24,Mon-Th,0,8
17,15.070607535887785,7.169801541080373,0,Mon-Th,3,2025-02-25,Mon-Th,0,7
18,13.015432430382095,19.451626449799132,0,Mon-Th,3,2025-02-25,Mon-Th,0,7
19,14.881912764435274,9.845655675528425,0,Mon-Th,3,2025-02-25,Mon-Th,0,7
20,4.340860968332773,3.5446952594630092,0,Mon-Th,3,2025-02-25,Mon-Th,0,7
17,21.251420442466706,4.70131435679642,0,Mon-Th,3,2025-02-25,Mon-Th,0,7
9,21.87558819509164,0.8010616182278224,0,Mon-Th,3,2025-02-25,Mon-Th,0,7
16,6.951819971474678,3.937494428101071,0,Mon-Th,3,2025-02-25,Mon-Th,0,7
16,5.625006898084534,17.274776648858438,0,Mon-Th,3,2025-02-26,Mon-Th,0,6
13,17.51066173174654,6.58103113343521,0,Mon-Th,3,2025-02-26,Mon-Th,0,6
21,4.749326410073955,17.62901746035564,0,Mon-Th,3,2025-02-26,Mon-Th,0,6
15,16.487460491996345,4.834961934835201,0,Mon-Th,3,2025-02-26,Mon-Th,0,6
16,20.069307224609204,10.167351950406848,0,Mon-Th,3,2025-02-26,Mon-Th,0,6
22,15.732101540993366,15.686536653033711,0,Mon-Th,3,2025-02-26,Mon-Th,0,6
12,15.342563585564314,12.635687599595867,0,Mon-Th,3,2025-02-27,Mon-Th,0,7
18,12.012258878985172,14.843101434232514,0,Mon-Th,3,2025-02-27,Mon-Th,0,7
13,17.217983219080992,1.1306999683011392,0,Mon-Th,3,2025-02-27,Mon-Th,0,7
6,13.496169901317813,2.656523135716504,0,Mon-Th,3,2025-02-27,Mon-Th,0,7
15,17.55387057180223,5.446855285441643,0,Mon-Th,3,2025-02-27,Mon-Th,0,7
21,11.862193977095092,3.1637193950816744,0,Mon-Th,3,2025-02-27,Mon-Th,0,7
13,9.03970470991743,7.5225423751394125,0,Mon-Th,3,2025-02-27,Mon-Th,0,7
22,9.902789922028713,5.934432702674592,0,Mon-Th,3,2025-03-03,Mon-Th,0,5
16,37.892416071067274,33.19307123640129,0,Mon-Th,3,2025-03-03,Mon-Th,0,5
18,11.045878422378657,9.948543959226624,0,Mon-Th,3,2025-03-03,Mon-Th,0,5
11,2.3360719371667114,4.289127421719948,0,Mon-Th,3,2025-03-03,Mon-Th,0,5
18,11.220038142973696,6.320033533443128,0,Mon-Th,3,2025-03-03,Mon-Th,0,5
10,12.179761061218123,43.09539579494695,0,Mon-Th,3,2025-03-04,Mon-Th,0,4
16,7.982278828491073,3.9161930659787796,0,Mon-Th,3,2025-03-04,Mon-Th,0,4
17,12.765392964968079,12.604078546675296,0,Mon-Th,3,2025-03-04,Mon-Th,0,4
17,11.982811869890568,3.214921831534687,0,Mon-Th,3,2025-03-04,Mon-Th,0,4
18,10.168374917383876,21.626410725293805,0,Mon-Th,3,2025-03-05,Mon-Th,0,9
17,12.769171816770108,5.81777441458616,0,Mon-Th,3,2025-03-05,Mon-Th,0,9
20,11.437156816950608,27.53370926071718,0,Mon-Th,3,2025-03-05,Mon-Th,0,9
13,37.69191702387848,32.7229471126776,0,Mon-Th,3,2025-03-05,Mon-Th,0,9
18,15.291038027149892,19.720912251071294,0,Mon-Th,3,2025-03-05,Mon-Th,0,9
18,2.8469650621405416,13.521995118781703,0,Mon-Th,3,2025-03-05,Mon-Th,0,9
19,10.90784039386806,8.80878796349744,0,Mon-Th,3,2025-03-05,Mon-Th,0,9
20,23.832460293227463,4.4866744111626575,0,Mon-Th,3,2025-03-05,Mon-Th,0,9
0,13.71070930878701,27.377914491648742,0,Mon-Th,3,2025-03-05,Mon-Th,0,9
3,20.559153293076108,1.4408463931858169,0,Mon-Th,3,2025-03-06,Mon-Th,0,5
2,7.894727592916024,27.000994294394822,0,Mon-Th,3,2025-03-06,Mon-Th,0,5
18,2.4416852084746945,8.109695244324325,0,Mon-Th,3,2025-03-06,Mon-Th,0,5
16,19.355563376714112,11.920336454652187,0,Mon-Th,3,2025-03-06,Mon-Th,0,5
0,4.84489465319252,23.626259662933336,0,Mon-Th,3,2025-03-06,Mon-Th,0,5
13,13.618072762255693,3.2260770921635933,0,Mon-Th,3,2025-03-10,Mon-Th,0,7
16,19.728976721042475,7.453342015714858,0,Mon-Th,3,2025-03-10,Mon-Th,0,7
14,19.772668018014848,33.44058815228441,0,Mon-Th,3,2025-03-10,Mon-Th,0,7
20,12.373607737275812,23.75294068675777,0,Mon-Th,3,2025-03-10,Mon-Th,0,7
17,15.471758469305716,8.087954121314938,0,Mon-Th,3,2025-03-10,Mon-Th,0,7
12,23.333237152757057,3.201196829054293,0,Mon-Th,3,2025-03-10,Mon-Th,0,7
19,5.597412538045559,26.144536230043865,0,Mon-Th,3,2025-03-10,Mon-Th,0,7
18,11.71058514252233,17.264223984542582,0,Mon-Th,3,2025-03-11,Mon-Th,0,15
6,5.401354838839648,4.431235556698036,0,Mon-Th,3,2025-03-11,Mon-Th,0,15
2,11.80368190285786,13.180319372723346,0,Mon-Th,3,2025-03-11,Mon-Th,0,15
3,2.3132743282387525,17.16460415910126,0,Mon-Th,3,2025-03-11,Mon-Th,0,15
9,7.619563416216391,4.653123281897228,0,Mon-Th,3,2025-03-11,Mon-Th,0,15
19,19.382350721211434,7.237145435608993,0,Mon-Th,3,2025-03-11,Mon-Th,0,15
20,7.5402804828458825,7.38130786276324,0,Mon-Th,3,2025-03-11,Mon-Th,0,15
19,2.7715277970228946,6.933225588192633,0,Mon-Th,3,2025-03-11,Mon-Th,0,15
11,3.94130115604998,13.78215648947002,0,Mon-Th,3,2025-03-11,Mon-Th,0,15
12,9.891691219272914,2.957591482222906,0,Mon-Th,3,2025-03-11,Mon-Th,0,15
3,3.7610365248657494,1.7648071034340163,0,Mon-Th,3,2025-03-11,Mon-Th,0,15
17,18.352256673708535,3.3062503193221664,0,Mon-Th,3,2025-03-11,Mon-Th,0,15
22,11.393383316450276,11.819208893615983,0,Mon-Th,3,2025-03-11,Mon-Th,0,15
17,6.228082589926144,8.152726309458824,0,Mon-Th,3,2025-03-11,Mon-Th,0,15
17,9.03471685093957,32.956064911872666,0,Mon-Th,3,2025-03-11,Mon-Th,0,15
13,12.428722200380577,6.361062511949522,0,Mon-Th,3,2025-03-12,Mon-Th,0,2
9,10.683338324887622,4.126844119290832,0,Mon-Th,3,2025-03-12,Mon-Th,0,2
12,20.330486751825287,22.821332160985307,0,Mon-Th,3,2025-03-13,Mon-Th,0,6
11,3.4699959433526604,2.9238604875246788,0,Mon-Th,3,2025-03-13,Mon-Th,0,6
4,14.984853996653527,3.975678448508151,0,Mon-Th,3,2025-03-13,Mon-Th,0,6
20,11.230239901265207,14.599011713114274,0,Mon-Th,3,2025-03-13,Mon-Th,0,6
20,14.28286067805827,5.0073642476628075,0,Mon-Th,3,2025-03-13,Mon-Th,0,6
12,4.7930509516278175,5.501966296930166,0,Mon-Th,3,2025-03-13,Mon-Th,0,6
7,47.437788922802405,32.36127203842619,0,Mon-Th,3,2025-03-17,Mon-Th,0,12
20,8.890979524816373,4.279840862701433,0,Mon-Th,3,2025-03-17,Mon-Th,0,12
15,21.288433091736728,6.4382901143448965,0,Mon-Th,3,2025-03-17,Mon-Th,0,12
16,11.607714978636071,72.53193668377374,0,Mon-Th,3,2025-03-17,Mon-Th,0,12
16,9.644782339530728,20.460233847931978,0,Mon-Th,3,2025-03-17,Mon-Th,0,12
14,15.153315616762924,10.944052719525367,0,Mon-Th,3,2025-03-17,Mon-Th,0,12
6,9.151374594842382,11.733589218769694,0,Mon-Th,3,2025-03-17,Mon-Th,0,12
6,14.38065706074228,3.9913982963010888,0,Mon-Th,3,2025-03-17,Mon-Th,0,12
16,24.47856474338109,5.052965808125962,0,Mon-Th,3,2025-03-17,Mon-Th,0,12
17,13.822442187914014,8.117846557084581,0,Mon-Th,3,2025-03-17,Mon-Th,0,12
14,24.079497200801214,12.176233753186326,0,Mon-Th,3,2025-03-17,Mon-Th,0,12
0,15.701321800763601,8.813331676095117,0,Mon-Th,3,2025-03-17,Mon-Th,0,12
19,22.293727919252216,25.033757415080935,0,Mon-Th,3,2025-03-18,Mon-Th,0,5
18,12.534810981190596,5.069688212408317,0,Mon-Th,3,2025-03-18,Mon-Th,0,5
13,9.938434913241124,12.25995068494224,0,Mon-Th,3,2025-03-18,Mon-Th,0,5
19,14.15192743796694,5.446899483697244,0,Mon-Th,3,2025-03-18,Mon-Th,0,5
3,53.003300219409844,8.200435902969597,0,Mon-Th,3,2025-03-18,Mon-Th,0,5
18,16.934448538067315,14.33025519693657,0,Mon-Th,3,2025-03-19,Mon-Th,0,8
20,12.071326762170212,9.08845147085612,0,Mon-Th,3,2025-03-19,Mon-Th,0,8
10,11.430690427501236,6.432866381289182,0,Mon-Th,3,2025-03-19,Mon-Th,0,8
16,11.872632687793544,19.325926049619444,0,Mon-Th,3,2025-03-19,Mon-Th,0,8
20,10.295514593391317,27.754066173825727,0,Mon-Th,3,2025-03-19,Mon-Th,0,8
10,23.7947249955636,21.44283882876433,0,Mon-Th,3,2025-03-19,Mon-Th,0,8
23,10.118225633900597,38.24239225186314,0,Mon-Th,3,2025-03-19,Mon-Th,0,8
19,12.270608138992657,24.322876713152905,0,Mon-Th,3,2025-03-19,Mon-Th,0,8
19,8.453972575010038,9.322626449463831,0,Mon-Th,3,2025-03-20,Mon-Th,0,6
8,15.801359526991497,3.264018882378907,0,Mon-Th,3,2025-03-20,Mon-Th,0,6
14,11.218930656386053,4.560540506389738,0,Mon-Th,3,2025-03-20,Mon-Th,0,6
21,10.741150867565807,32.46950988951058,0,Mon-Th,3,2025-03-20,Mon-Th,0,6
19,2.2178627996330387,4.4563828173722015,0,Mon-Th,3,2025-03-20,Mon-Th,0,6
15,37.07895432513067,4.545131276756999,0,Mon-Th,3,2025-03-20,Mon-Th,0,6
17,22.478534494400456,13.958170081867772,0,Mon-Th,3,2025-12-22,Mon-Th,0,1
15,2.9870163828282066,4.367658304632536,0,Mon-Th,3,2025-12-23,Mon-Th,0,8
16,9.855111828324466,1.6042323049619387,0,Mon-Th,3,2025-12-23,Mon-Th,0,8
18,11.608969492472578,6.586273318006072,0,Mon-Th,3,2025-12-23,Mon-Th,0,8
13,15.215762027435925,21.33802369617069,0,Mon-Th,3,2025-12-23,Mon-Th,0,8
20,8.31737649433125,12.283362193791406,0,Mon-Th,3,2025-12-23,Mon-Th,0,8
18,13.23795316253041,4.72015889369559,0,Mon-Th,3,2025-12-23,Mon-Th,0,8
11,13.245310056002303,2.1126834263516514,0,Mon-Th,3,2025-12-23,Mon-Th,0,8
21,9.329944933734179,14.054908547534787,0,Mon-Th,3,2025-12-23,Mon-Th,0,8
15,7.830215688678889,32.57846546898743,0,Mon-Th,3,2025-12-24,Mon-Th,0,12
23,8.660620367129791,19.27124764610202,0,Mon-Th,3,2025-12-24,Mon-Th,0,12
18,16.254942826237016,10.424191520093677,0,Mon-Th,3,2025-12-24,Mon-Th,0,12
19,11.744640337948443,16.514334185729798,0,Mon-Th,3,2025-12-24,Mon-Th,0,12
10,101.91511648778081,5.020990010543068,0,Mon-Th,3,2025-12-24,Mon-Th,0,12
17,15.67829674497003,3.5505849204970117,0,Mon-Th,3,2025-12-24,Mon-Th,0,12
17,32.52342325348082,2.9846636718162713,0,Mon-Th,3,2025-12-24,Mon-Th,0,12
16,23.283614479897633,20.85416220079656,0,Mon-Th,3,2025-12-24,Mon-Th,0,12
20,9.900608794015142,6.1209408088711275,0,Mon-Th,3,2025-12-24,Mon-Th,0,12
18,11.42119572012167,6.522438449933937,0,Mon-Th,3,2025-12-24,Mon-Th,0,12
18,19.750347394335122,12.783977532506265,0,Mon-Th,3,2025-12-24,Mon-Th,0,12
20,4.964584110053577,4.92843950811357,0,Mon-Th,3,2025-12-24,Mon-Th,0,12
21,7.726805466472802,26.571975278619313,0,Mon-Th,3,2025-12-25,Mon-Th,0,7
16,15.667979153910753,3.1369585581399324,0,Mon-Th,3,2025-12-25,Mon-Th,0,7
15,16.115954931792558,5.657109654378121,0,Mon-Th,3,2025-12-25,Mon-Th,0,7
1,3.617914951803461,5.697195283039715,0,Mon-Th,3,2025-12-25,Mon-Th,0,7
12,15.775400023868603,9.91087844003055,0,Mon-Th,3,2025-12-25,Mon-Th,0,7
19,11.59294447927261,28.98287633060493,0,Mon-Th,3,2025-12-25,Mon-Th,0,7
17,19.763694306469002,20.631636317138963,0,Mon-Th,3,2025-12-25,Mon-Th,0,7
18,12.463131507822933,3.265439771419649,0,Mon-Th,3,2025-12-29,Mon-Th,0,6
10,6.861095663237931,14.85013221198547,0,Mon-Th,3,2025-12-29,Mon-Th,0,6
21,16.788208655543002,19.854378949852418,0,Mon-Th,3,2025-12-29,Mon-Th,0,6
18,18.041930050465663,6.524718201306544,0,Mon-Th,3,2025-12-29,Mon-Th,0,6
18,51.116236257828255,34.40166732514566,0,Mon-Th,3,2025-12-29,Mon-Th,0,6
2,19.491975909920573,33.9433139992772,0,Mon-Th,3,2025-12-29,Mon-Th,0,6
22,8.493514595679377,16.28555290413528,0,Mon-Th,3,2025-12-30,Mon-Th,0,6
4,6.438949723070312,13.411629350784036,0,Mon-Th,3,2025-12-30,Mon-Th,0,6
21,15.326121150943628,3.8046296064122096,0,Mon-Th,3,2025-12-30,Mon-Th,0,6
17,3.1776137133540976,7.9551268802869215,0,Mon-Th,3,2025-12-30,Mon-Th,0,6
13,4.449350444558469,7.0233106234811675,0,Mon-Th,3,2025-12-30,Mon-Th,0,6
22,8.78726054368698,8.091553101084216,0,Mon-Th,3,2025-12-30,Mon-Th,0,6
20,10.00049260134859,4.454601940044945,0,Mon-Th,3,2025-12-31,Mon-Th,0,10
7,12.265389881367472,26.309380110022715,0,Mon-Th,3,2025-12-31,Mon-Th,0,10
0,28.414357850413953,17.164395905774573,0,Mon-Th,3,2025-12-31,Mon-Th,0,10
19,8.495331692178212,8.988286372542994,0,Mon-Th,3,2025-12-31,Mon-Th,0,10
17,16.4146862070454,3.187525284548074,0,Mon-Th,3,2025-12-31,Mon-Th,0,10
13,14.411434775202398,37.18370068811187,0,Mon-Th,3,2025-12-31,Mon-Th,0,10
17,16.028557897950883,5.140195077418847,0,Mon-Th,3,2025-12-31,Mon-Th,0,10
23,6.210017451976353,13.745800974945013,0,Mon-Th,3,2025-12-31,Mon-Th,0,10
1,7.828983551145177,10.45175031313032,0,Mon-Th,3,2025-12-31,Mon-Th,0,10
22,15.651080511327276,53.78467260295476,0,Mon-Th,3,2025-12-31,Mon-Th,0,10
12,2.162525562776597,11.579182918632085,0,Friday,3,2025-01-03,Friday,0,7
15,20.610152758719003,4.760640653146658,0,Friday,3,2025-01-03,Friday,0,7
17,47.00054227697429,24.320713307960137,0,Friday,3,2025-01-03,Friday,0,7
14,11.839903454968727,12.404944418360524,0,Friday,3,2025-01-03,Friday,0,7
10,14.642315413140722,41.52056076369366,0,Friday,3,2025-01-03,Friday,0,7
16,11.426761934356634,13.318060481494332,0,Friday,3,2025-01-03,Friday,0,7
11,10.382871704180666,17.831429149622814,0,Friday,3,2025-01-03,Friday,0,7
12,8.475360747349022,25.539108335727658,0,Friday,3,2025-01-10,Friday,0,7
6,19.192383544344832,32.43364302166176,0,Friday,3,2025-01-10,Friday,0,7
21,21.369144801950785,6.007716794254698,0,Friday,3,2025-01-10,Friday,0,7
20,9.863605623708647,26.507317368789877,0,Friday,3,2025-01-10,Friday,0,7
23,24.20460896070649,10.258617652401856,0,Friday,3,2025-01-10,Friday,0,7
16,5.39470245100698,4.442915837836814,0,Friday,3,2025-01-10,Friday,0,7
18,19.613338992604614,13.921374276094891,0,Friday,3,2025-01-10,Friday,0,7
16,2.4866673018416954,5.021559385044075,0,Friday,3,2025-01-17,Friday,0,8
18,30.331101292597673,7.805835541970076,0,Friday,3,2025-01-17,Friday,0,8
20,17.271129818189348,2.3324378254959894,0,Friday,3,2025-01-17,Friday,0,8
18,3.6428515541319433,12.706625649030661,0,Friday,3,2025-01-17,Friday,0,8
4,7.346065899918866,29.65791869073888,0,Friday,3,2025-01-17,Friday,0,8
12,5.638553275001065,16.639804145329954,0,Friday,3,2025-01-17,Friday,0,8
12,3.6227857305027387,11.422720465986773,0,Friday,3,2025-01-17,Friday,0,8
13,34.50386208027211,0.8328435459439658,0,Friday,3,2025-01-17,Friday,0,8
17,3.3170420083452843,13.309506557270266,0,Friday,3,2025-01-24,Friday,0,6
6,11.523567521156778,30.078842109066308,0,Friday,3,2025-01-24,Friday,0,6
18,19.517063331313963,25.486406582750046,0,Friday,3,2025-01-24,Friday,0,6
17,15.181033350695355,8.363831310851468,0,Friday,3,2025-01-24,Friday,0,6
11,2.3340199135774338,7.692870265760018,0,Friday,3,2025-01-24,Friday,0,6
3,20.61180590913103,19.48062943406937,0,Friday,3,2025-01-24,Friday,0,6
14,18.312674402656192,7.880774133803157,0,Friday,3,2025-01-31,Friday,0,12
15,12.63535785846937,12.319487940087509,0,Friday,3,2025-01-31,Friday,0,12
12,15.632954334708135,25.922986403566302,0,Friday,3,2025-01-31,Friday,0,12
4,47.91442330066189,3.455124632960695,0,Friday,3,2025-01-31,Friday,0,12
13,10.913038295358291,27.08593774365949,0,Friday,3,2025-01-31,Friday,0,12
16,16.526885859337654,27.642552573238934,0,Friday,3,2025-01-31,Friday,0,12
20,12.483785173252496,12.601273738089843,0,Friday,3,2025-01-31,Friday,0,12
23,19.633888908546957,20.96596425518109,0,Friday,3,2025-01-31,Friday,0,12
19,12.71041493243768,1.5814660072330786,0,Friday,3,2025-01-31,Friday,0,12
8,20.89213590762609,37.32093523824693,0,Friday,3,2025-01-31,Friday,0,12
3,16.53911269764174,40.06550851551168,0,Friday,3,2025-01-31,Friday,0,12
12,40.83964393133526,1.1937457923864068,0,Friday,3,2025-01-31,Friday,0,12
22,3.1054000656308567,8.491500087956936,0,Friday,3,2025-02-07,Friday,0,8
20,61.60986199697678,4.2942620550881445,0,Friday,3,2025-02-07,Friday,0,8
12,5.7092567317353025,5.028113615566763,0,Friday,3,2025-02-07,Friday,0,8
11,35.7922140783752,2.570009189872123,0,Friday,3,2025-02-07,Friday,0,8
15,15.482055537660383,38.864806893933185,0,Friday,3,2025-02-07,Friday,0,8
16,3.0008842749837883,14.005052583587196,0,Friday,3,2025-02-07,Friday,0,8
21,13.113277915221627,7.810153939484554,0,Friday,3,2025-02-07,Friday,0,8
22,38.845703296958966,2.805833784106941,0,Friday,3,2025-02-07,Friday,0,8
19,18.818935371110438,50.70801025829236,0,Friday,3,2025-02-14,Friday,0,10
19,21.51876884726422,11.509005396708572,0,Friday,3,2025-02-14,Friday,0,10
13,38.51983768225105,6.163830713535396,0,Friday,3,2025-02-14,Friday,0,10
22,18.73925150081875,30.30635402846367,0,Friday,3,2025-02-14,Friday,0,10
17,46.46855309748541,6.678615047816451,0,Friday,3,2025-02-14,Friday,0,10
16,26.805698023332415,2.1056852727979756,0,Friday,3,2025-02-14,Friday,0,10
1,12.659009884036028,7.9562018409022075,0,Friday,3,2025-02-14,Friday,0,10
15,14.874986070728845,30.178709698154755,0,Friday,3,2025-02-14,Friday,0,10
13,2.5368789000698353,3.973039411973489,0,Friday,3,2025-02-14,Friday,0,10
23,11.939061399316504,22.28262238195845,0,Friday,3,2025-02-14,Friday,0,10
8,6.6727881634910755,5.8714286121946735,0,Friday,3,2025-02-21,Friday,0,6
13,3.624395747564064,6.710633588205976,0,Friday,3,2025-02-21,Friday,0,6
12,5.385657778115439,4.034832194563164,0,Friday,3,2025-02-21,Friday,0,6
19,23.58462349407071,29.208497371032962,0,Friday,3,2025-02-21,Friday,0,6
18,17.332972034036395,23.67143745128045,0,Friday,3,2025-02-21,Friday,0,6
19,16.300610928235063,52.516824771251045,0,Friday,3,2025-02-21,Friday,0,6
0,7.923197176559486,13.641283504617562,0,Friday,3,2025-02-28,Friday,0,7
10,3.021120820308001,2.3456306517378778,0,Friday,3,2025-02-28,Friday,0,7
17,6.916320960141771,6.440769573301998,0,Friday,3,2025-02-28,Friday,0,7
14,36.52902669244451,27.165333971929464,0,Friday,3,2025-02-28,Friday,0,7
17,20.953507577939416,7.993244800152739,0,Friday,3,2025-02-28,Friday,0,7
12,2.2908031615188174,9.971322227263956,0,Friday,3,2025-02-28,Friday,0,7
11,8.377771083810975,1.8130280806564538,0,Friday,3,2025-02-28,Friday,0,7
12,21.882048964324635,6.9205206011211535,0,Friday,3,2025-03-07,Friday,0,8
20,11.409791640704725,6.421735882222425,0,Friday,3,2025-03-07,Friday,0,8
22,39.71520714635825,74.20512193190802,0,Friday,3,2025-03-07,Friday,0,8
20,16.35199129901257,25.04222711684322,0,Friday,3,2025-03-07,Friday,0,8
14,2.976689096892062,8.273745181825493,0,Friday,3,2025-03-07,Friday,0,8
23,12.824287967090882,18.910107778170683,0,Friday,3,2025-03-07,Friday,0,8
19,16.29317690598342,9.766746936150879,0,Friday,3,2025-03-07,Friday,0,8
23,15.604629788572701,2.3050927939971433,0,Friday,3,2025-03-07,Friday,0,8
12,23.695180272639305,25.03922027012823,0,Friday,3,2025-03-14,Friday,0,8
20,12.373386096991926,5.952633636758092,0,Friday,3,2025-03-14,Friday,0,8
14,2.258048497721953,14.467184893428348,0,Friday,3,2025-03-14,Friday,0,8
3,12.80103558153937,7.165191227412922,0,Friday,3,2025-03-14,Friday,0,8
20,30.117853617786544,8.380263012509904,0,Friday,3,2025-03-14,Friday,0,8
20,7.275853340562626,9.645756899062548,0,Friday,3,2025-03-14,Friday,0,8
13,42.61842724793191,4.71200652741917,0,Friday,3,2025-03-14,Friday,0,8
18,26.758524255230807,5.241437533495145,0,Friday,3,2025-03-14,Friday,0,8
18,51.34542834684781,17.023039474738674,0,Friday,3,2025-12-26,Friday,0,8
19,5.940665582918951,11.504502722250178,0,Friday,3,2025-12-26,Friday,0,8
19,8.252981165140087,14.103983593220446,0,Friday,3,2025-12-26,Friday,0,8
20,21.282149949708543,15.194755138330134,0,Friday,3,2025-12-26,Friday,0,8
20,10.56785017165884,17.185814355417083,0,Friday,3,2025-12-26,Friday,0,8
8,11.40142033196938,6.436659591364538,0,Friday,3,2025-12-26,Friday,0,8
15,7.549648256772194,46.29033162990532,0,Friday,3,2025-12-26,Friday,0,8
12,11.65828203490554,8.6854809909318,0,Friday,3,2025-12-26,Friday,0,8
12,16.720758052643053,8.580745323036165,0,Saturday,3,2025-01-04,Saturday,0,5
20,17.912981446184254,51.11894145473724,0,Saturday,3,2025-01-04,Saturday,0,5
17,13.895600669602544,15.69158256899137,0,Saturday,3,2025-01-04,Saturday,0,5
16,18.624116692302966,45.54128967008844,0,Saturday,3,2025-01-04,Saturday,0,5
19,13.356404566269568,10.250067992927981,0,Saturday,3,2025-01-04,Saturday,0,5
23,11.427011041920732,1.6146646094609944,0,Saturday,3,2025-01-11,Saturday,0,4
18,29.243024853699872,4.7285333560700655,0,Saturday,3,2025-01-11,Saturday,0,4
19,46.954859662018755,22.701611260903906,0,Saturday,3,2025-01-11,Saturday,0,4
9,45.52569416133079,4.827918865894469,0,Saturday,3,2025-01-11,Saturday,0,4
15,42.720331272049634,42.436796372191274,0,Saturday,3,2025-01-18,Saturday,0,9
16,3.6013027511376077,3.7606286660588415,0,Saturday,3,2025-01-18,Saturday,0,9
15,20.639175958229462,7.991314697494699,0,Saturday,3,2025-01-18,Saturday,0,9
17,16.004758293934294,59.6624285681075,0,Saturday,3,2025-01-18,Saturday,0,9
16,23.42888974499869,42.128054617912404,0,Saturday,3,2025-01-18,Saturday,0,9
13,28.160065972500753,4.187292722745553,0,Saturday,3,2025-01-18,Saturday,0,9
12,31.75081575463106,65.86504118878753,0,Saturday,3,2025-01-18,Saturday,0,9
16,23.99412720230318,5.702750435461598,0,Saturday,3,2025-01-18,Saturday,0,9
11,6.8483501354225345,4.7246852632600795,0,Saturday,3,2025-01-18,Saturday,0,9
13,6.654409296632735,9.16777876212099,0,Saturday,3,2025-01-25,Saturday,0,9
16,13.495593253666524,12.316266210951461,0,Saturday,3,2025-01-25,Saturday,0,9
16,20.723147146717007,22.833284138693596,0,Saturday,3,2025-01-25,Saturday,0,9
11,2.4685650284593907,9.26195631017166,0,Saturday,3,2025-01-25,Saturday,0,9
14,22.95865428243579,8.349860043039945,0,Saturday,3,2025-01-25,Saturday,0,9
18,13.486567178739875,2.289496937018885,0,Saturday,3,2025-01-25,Saturday,0,9
1,3.6981605334068544,16.743987322622587,0,Saturday,3,2025-01-25,Saturday,0,9
18,41.67908782459231,24.42183454205673,0,Saturday,3,2025-01-25,Saturday,0,9
15,19.849175632780486,3.273607516499707,0,Saturday,3,2025-01-25,Saturday,0,9
16,13.56279655867095,8.648944653442292,0,Saturday,3,2025-02-01,Saturday,0,9
17,24.158443832441503,5.765571928173113,0,Saturday,3,2025-02-01,Saturday,0,9
15,2.770946508778387,10.717405166897931,0,Saturday,3,2025-02-01,Saturday,0,9
21,12.139114535132563,28.091590920132756,0,Saturday,3,2025-02-01,Saturday,0,9
16,64.92039469865117,1.564007884250868,0,Saturday,3,2025-02-01,Saturday,0,9
6,7.892966035282741,20.208964332908018,0,Saturday,3,2025-02-01,Saturday,0,9
19,15.7566492911929,7.477596509311516,0,Saturday,3,2025-02-01,Saturday,0,9
19,36.044502867545305,7.396873265957716,0,Saturday,3,2025-02-01,Saturday,0,9
1,25.45758895036086,16.345798345776217,0,Saturday,3,2025-02-01,Saturday,0,9
1,18.535200018728272,2.4101183084698783,0,Saturday,3,2025-02-08,Saturday,0,12
21,9.415696955305634,11.460081549026166,0,Saturday,3,2025-02-08,Saturday,0,12
13,119.9167001192093,3.600211471145135,0,Saturday,3,2025-02-08,Saturday,0,12
14,51.355688002245074,40.861802978301625,0,Saturday,3,2025-02-08,Saturday,0,12
23,26.762232214989275,10.19152745966106,0,Saturday,3,2025-02-08,Saturday,0,12
16,4.065710600414004,7.377323200989274,0,Saturday,3,2025-02-08,Saturday,0,12
17,15.378675238083598,9.886211583271177,0,Saturday,3,2025-02-08,Saturday,0,12
15,20.379764352606966,17.759447397895748,0,Saturday,3,2025-02-08,Saturday,0,12
5,29.736726582029178,13.376577733834726,0,Saturday,3,2025-02-08,Saturday,0,12
16,10.483019595049974,27.895782152189724,0,Saturday,3,2025-02-08,Saturday,0,12
16,18.183282426155973,3.186115251164794,0,Saturday,3,2025-02-08,Saturday,0,12
17,8.018528625530134,7.282138219259457,0,Saturday,3,2025-02-08,Saturday,0,12
15,13.48633598013675,16.954535157537496,0,Saturday,3,2025-02-15,Saturday,0,11
11,43.36510993814082,7.003683792328191,0,Saturday,3,2025-02-15,Saturday,0,11
6,8.736289955944637,5.916727617011868,0,Saturday,3,2025-02-15,Saturday,0,11
16,6.0248123035532055,28.73244585598906,0,Saturday,3,2025-02-15,Saturday,0,11
16,12.010921968376707,36.84958997100923,0,Saturday,3,2025-02-15,Saturday,0,11
18,23.068068773217032,6.792291119066967,0,Saturday,3,2025-02-15,Saturday,0,11
18,17.057941129866034,5.269227481904896,0,Saturday,3,2025-02-15,Saturday,0,11
21,21.987617042555936,12.984773724511914,0,Saturday,3,2025-02-15,Saturday,0,11
13,50.744833395973984,8.46657861258338,0,Saturday,3,2025-02-15,Saturday,0,11
0,15.871999795353169,4.097344671084943,0,Saturday,3,2025-02-15,Saturday,0,11
13,12.435690485956673,11.862477067827621,0,Saturday,3,2025-02-15,Saturday,0,11
12,20.052261982674832,24.441455521703457,0,Saturday,3,2025-02-22,Saturday,0,7
21,4.295241578302855,6.5948817429688456,0,Saturday,3,2025-02-22,Saturday,0,7
20,23.39684457837648,6.190899362356977,0,Saturday,3,2025-02-22,Saturday,0,7
15,3.457914895181575,12.6816283248696,0,Saturday,3,2025-02-22,Saturday,0,7
15,29.96866258868022,2.6291470168518183,0,Saturday,3,2025-02-22,Saturday,0,7
7,29.451584810819462,28.229406203730772,0,Saturday,3,2025-02-22,Saturday,0,7
10,15.016213798505756,19.185816083982754,0,Saturday,3,2025-02-22,Saturday,0,7
15,3.700735718720482,6.712414385585042,0,Saturday,3,2025-03-01,Saturday,0,17
21,14.169623546294677,16.854543785176528,0,Saturday,3,2025-03-01,Saturday,0,17
22,2.1958099558728286,6.013521333553143,0,Saturday,3,2025-03-01,Saturday,0,17
20,3.8345381200390465,22.73497231407519,0,Saturday,3,2025-03-01,Saturday,0,17
9,28.147286639502997,25.699792248028032,0,Saturday,3,2025-03-01,Saturday,0,17
5,14.503217078387113,9.682603142405894,0,Saturday,3,2025-03-01,Saturday,0,17
23,3.3132906360007803,5.586404472463501,0,Saturday,3,2025-03-01,Saturday,0,17
11,50.06864171090655,4.423112662521253,0,Saturday,3,2025-03-01,Saturday,0,17
17,3.2752824891113237,17.295154315193965,0,Saturday,3,2025-03-01,Saturday,0,17
21,14.277591525405555,38.99563385132105,0,Saturday,3,2025-03-01,Saturday,0,17
23,47.742327571496105,5.626897599130304,0,Saturday,3,2025-03-01,Saturday,0,17
18,31.46827439501311,7.377310816028818,0,Saturday,3,2025-03-01,Saturday,0,17
19,6.311778393246743,2.740102254530651,0,Saturday,3,2025-03-01,Saturday,0,17
12,4.371315142462128,4.525707853153357,0,Saturday,3,2025-03-01,Saturday,0,17
14,3.774626053648796,11.319669714887127,0,Saturday,3,2025-03-01,Saturday,0,17
0,14.431484930487677,25.315485546016273,0,Saturday,3,2025-03-01,Saturday,0,17
15,21.597800990953704,7.48200076995376,0,Saturday,3,2025-03-01,Saturday,0,17
16,75.46935818564569,3.4316644027766783,0,Saturday,3,2025-03-08,Saturday,0,12
13,7.688131309037545,2.537096044910366,0,Saturday,3,2025-03-08,Saturday,0,12
21,13.422315526648365,14.40634115010493,0,Saturday,3,2025-03-08,Saturday,0,12
22,15.517861230683952,31.887753251777443,0,Saturday,3,2025-03-08,Saturday,0,12
16,9.959566224345181,9.85868544004393,0,Saturday,3,2025-03-08,Saturday,0,12
16,21.226995401627267,49.07972381601761,0,Saturday,3,2025-03-08,Saturday,0,12
5,22.537160654978468,15.299797594613688,0,Saturday,3,2025-03-08,Saturday,0,12
16,3.2196260434364294,13.8367373925897,0,Saturday,3,2025-03-08,Saturday,0,12
17,23.804868019393435,11.65114295666803,0,Saturday,3,2025-03-08,Saturday,0,12
16,5.61182607909325,6.576234244473446,0,Saturday,3,2025-03-08,Saturday,0,12
14,6.065239024269545,2.7986865924881634,0,Saturday,3,2025-03-08,Saturday,0,12
19,15.206854538385908,18.75570195140061,0,Saturday,3,2025-03-08,Saturday,0,12
16,2.4818278455266443,18.232895484195524,0,Saturday,3,2025-03-15,Saturday,0,15
21,18.047763439728737,15.874605253608756,0,Saturday,3,2025-03-15,Saturday,0,15
21,4.069027715440995,7.9407437429685785,0,Saturday,3,2025-03-15,Saturday,0,15
13,30.30391835443366,3.1863332956126076,0,Saturday,3,2025-03-15,Saturday,0,15
18,14.949793563866049,12.04110117832278,0,Saturday,3,2025-03-15,Saturday,0,15
23,4.169479915065996,22.19253999388885,0,Saturday,3,2025-03-15,Saturday,0,15
16,40.81245712399165,4.4564206471626315,0,Saturday,3,2025-03-15,Saturday,0,15
14,32.9164162349877,11.286500142642264,0,Saturday,3,2025-03-15,Saturday,0,15
16,60.77380855339133,2.418238508292621,0,Saturday,3,2025-03-15,Saturday,0,15
21,7.502062115872405,15.777560931700268,0,Saturday,3,2025-03-15,Saturday,0,15
22,3.7730693617438424,3.7905638361451057,0,Saturday,3,2025-03-15,Saturday,0,15
17,28.397183776570216,44.083773988380635,0,Saturday,3,2025-03-15,Saturday,0,15
17,8.722524691234568,7.908857098625949,0,Saturday,3,2025-03-15,Saturday,0,15
23,14.563953472854074,22.73529829827956,0,Saturday,3,2025-03-15,Saturday,0,15
13,21.54678079334657,20.584259282285775,0,Saturday,3,2025-03-15,Saturday,0,15
20,21.64208918646636,7.629955523202696,0,Saturday,3,2025-12-27,Saturday,0,10
0,6.824192789422203,19.88526473704726,0,Saturday,3,2025-12-27,Saturday,0,10
13,91.05470254371899,13.685713809837765,0,Saturday,3,2025-12-27,Saturday,0,10
16,3.3731665308188727,6.9802609252265455,0,Saturday,3,2025-12-27,Saturday,0,10
21,25.470960984882783,3.0124897744527024,0,Saturday,3,2025-12-27,Saturday,0,10
19,4.818004914583213,5.08027631067452,0,Saturday,3,2025-12-27,Saturday,0,10
22,12.613906184801369,5.543797719069269,0,Saturday,3,2025-12-27,Saturday,0,10
19,32.78863854237304,3.4180524912653727,0,Saturday,3,2025-12-27,Saturday,0,10
17,14.561626925964035,6.943692126736169,0,Saturday,3,2025-12-27,Saturday,0,10
18,12.451603490962157,7.835914677476672,0,Saturday,3,2025-12-27,Saturday,0,10
12,48.87452860297198,4.22647606547039,0,Sunday,3,2025-01-05,Sunday,0,8
17,2.2807849996149923,8.945179649343292,0,Sunday,3,2025-01-05,Sunday,0,8
14,13.887186742471698,1.431946639114959,0,Sunday,3,2025-01-05,Sunday,0,8
16,22.62186732253614,3.8999612363812606,0,Sunday,3,2025-01-05,Sunday,0,8
19,28.345991453513662,8.103787561718683,0,Sunday,3,2025-01-05,Sunday,0,8
10,8.164410018733864,7.636831060013198,0,Sunday,3,2025-01-05,Sunday,0,8
20,18.501920888333313,2.4232721612261976,0,Sunday,3,2025-01-05,Sunday,0,8
0,8.80745066336788,14.573574332753301,0,Sunday,3,2025-01-05,Sunday,0,8
23,15.926969397401674,51.092906946339674,0,Sunday,3,2025-01-12,Sunday,0,10
23,9.398769245778286,13.784820177338053,0,Sunday,3,2025-01-12,Sunday,0,10
19,2.284440753240551,6.162167114640325,0,Sunday,3,2025-01-12,Sunday,0,10
17,2.802166895259639,6.500494081058967,0,Sunday,3,2025-01-12,Sunday,0,10
19,7.4507522327197435,22.547586069565714,0,Sunday,3,2025-01-12,Sunday,0,10
15,24.395101971697642,7.827477118643342,0,Sunday,3,2025-01-12,Sunday,0,10
22,9.540563991033814,5.314096159300397,0,Sunday,3,2025-01-12,Sunday,0,10
20,13.571297453350006,12.044587667191387,0,Sunday,3,2025-01-12,Sunday,0,10
20,19.699444478455813,13.585282308242796,0,Sunday,3,2025-01-12,Sunday,0,10
10,2.471987809361793,25.502867368348955,0,Sunday,3,2025-01-12,Sunday,0,10
18,12.920801163834014,17.469688754106198,0,Sunday,3,2025-01-19,Sunday,0,11
14,2.169394763755605,3.8531476682440173,0,Sunday,3,2025-01-19,Sunday,0,11
13,13.41947775361401,21.762242400460288,0,Sunday,3,2025-01-19,Sunday,0,11
17,13.543103315407059,50.94783848865042,0,Sunday,3,2025-01-19,Sunday,0,11
19,14.34598322825143,10.43218541780909,0,Sunday,3,2025-01-19,Sunday,0,11
7,3.366805290913953,8.27409211013685,0,Sunday,3,2025-01-19,Sunday,0,11
17,15.303468862896914,18.91610242768809,0,Sunday,3,2025-01-19,Sunday,0,11
14,16.30850811940345,9.902606183792695,0,Sunday,3,2025-01-19,Sunday,0,11
1,14.135815534960233,5.124575926332798,0,Sunday,3,2025-01-19,Sunday,0,11
5,4.849703797259741,21.81465908351051,0,Sunday,3,2025-01-19,Sunday,0,11
19,8.714544255363794,10.887850833587061,0,Sunday,3,2025-01-19,Sunday,0,11
21,17.00166876567502,21.86281484834274,0,Sunday,3,2025-01-26,Sunday,0,10
18,12.970680953594094,9.283768236587532,0,Sunday,3,2025-01-26,Sunday,0,10
1,26.34218014015386,16.130484801020916,0,Sunday,3,2025-01-26,Sunday,0,10
17,11.918315760759729,5.190883427859765,0,Sunday,3,2025-01-26,Sunday,0,10
13,5.24064834477212,11.999447787057163,0,Sunday,3,2025-01-26,Sunday,0,10
13,7.849463151315458,33.058499671896655,0,Sunday,3,2025-01-26,Sunday,0,10
20,15.502781595172792,5.722892594383037,0,Sunday,3,2025-01-26,Sunday,0,10
23,14.538636638694605,5.840253495845356,0,Sunday,3,2025-01-26,Sunday,0,10
15,9.786911646349367,20.058584389941384,0,Sunday,3,2025-01-26,Sunday,0,10
17,16.032818987318866,34.39033041929391,0,Sunday,3,2025-01-26,Sunday,0,10
16,62.008914965190755,4.877496427472769,0,Sunday,3,2025-02-02,Sunday,0,12
21,6.572851486448181,41.89171422423746,0,Sunday,3,2025-02-02,Sunday,0,12
18,12.783086441291996,9.17118118063534,0,Sunday,3,2025-02-02,Sunday,0,12
13,2.6663117380339845,4.526796613019143,0,Sunday,3,2025-02-02,Sunday,0,12
7,16.927315598201563,15.042375499921198,0,Sunday,3,2025-02-02,Sunday,0,12
6,33.57321484016205,41.61295484130149,0,Sunday,3,2025-02-02,Sunday,0,12
15,11.74899854684455,7.314367197552852,0,Sunday,3,2025-02-02,Sunday,0,12
19,19.269199707094025,13.550137095626617,0,Sunday,3,2025-02-02,Sunday,0,12
17,15.217283646919721,22.707775038920094,0,Sunday,3,2025-02-02,Sunday,0,12
15,2.2138548249311056,9.205863201562538,0,Sunday,3,2025-02-02,Sunday,0,12
18,10.08068037863351,24.463205346113885,0,Sunday,3,2025-02-02,Sunday,0,12
18,28.422117501627707,41.59266700673799,0,Sunday,3,2025-02-02,Sunday,0,12
16,17.819741955556225,10.67948154767395,0,Sunday,3,2025-02-09,Sunday,0,5
11,13.179378193241881,8.871947897989585,0,Sunday,3,2025-02-09,Sunday,0,5
0,3.675528970562919,12.28870711220617,0,Sunday,3,2025-02-09,Sunday,0,5
12,4.216347148180009,8.739609476276028,0,Sunday,3,2025-02-09,Sunday,0,5
13,4.041486069873281,3.803920617531409,0,Sunday,3,2025-02-09,Sunday,0,5
18,14.347369893797904,11.624982561133134,0,Sunday,3,2025-02-16,Sunday,0,4
16,46.79500833284167,9.05732376880513,0,Sunday,3,2025-02-16,Sunday,0,4
17,18.09216199531889,51.185264025769804,0,Sunday,3,2025-02-16,Sunday,0,4
12,21.54992984345265,2.84288152508707,0,Sunday,3,2025-02-16,Sunday,0,4
11,13.094246523353203,28.305824534968885,0,Sunday,3,2025-02-23,Sunday,0,11
20,9.753306823227792,8.66894739062417,0,Sunday,3,2025-02-23,Sunday,0,11
13,3.2197636640168814,10.622409351887912,0,Sunday,3,2025-02-23,Sunday,0,11
5,18.92407942543576,9.378792090027215,0,Sunday,3,2025-02-23,Sunday,0,11
16,18.61528548750314,9.749769068571442,0,Sunday,3,2025-02-23,Sunday,0,11
23,7.432220144462645,4.540337848305432,0,Sunday,3,2025-02-23,Sunday,0,11
18,12.24705912848939,37.251168110617854,0,Sunday,3,2025-02-23,Sunday,0,11
2,23.004278580633017,17.153104796016827,0,Sunday,3,2025-02-23,Sunday,0,11
17,32.19931093399528,4.424076459497287,0,Sunday,3,2025-02-23,Sunday,0,11
7,3.387383090133232,7.258097033512427,0,Sunday,3,2025-02-23,Sunday,0,11
12,9.222233722640858,11.830996347877678,0,Sunday,3,2025-02-23,Sunday,0,11
8,26.847544275688666,4.188107289793928,0,Sunday,3,2025-03-02,Sunday,0,9
9,3.344464716474246,5.408310917824328,0,Sunday,3,2025-03-02,Sunday,0,9
1,6.549817886050107,8.268087766873634,0,Sunday,3,2025-03-02,Sunday,0,9
19,15.735512297159389,85.6618106802777,0,Sunday,3,2025-03-02,Sunday,0,9
16,5.682221458081365,17.23973866791553,0,Sunday,3,2025-03-02,Sunday,0,9
13,4.949065452834408,11.080400535653123,0,Sunday,3,2025-03-02,Sunday,0,9
1,32.23405028101609,11.704919589735196,0,Sunday,3,2025-03-02,Sunday,0,9
23,10.346599733174056,3.5384073618109797,0,Sunday,3,2025-03-02,Sunday,0,9
20,4.886172733737535,16.16073035536426,0,Sunday,3,2025-03-02,Sunday,0,9
18,22.48954543376566,10.003575727879554,0,Sunday,3,2025-03-09,Sunday,0,6
14,25.61496686715965,5.7596299627902185,0,Sunday,3,2025-03-09,Sunday,0,6
9,20.812134399925373,12.91520402599981,0,Sunday,3,2025-03-09,Sunday,0,6
19,11.223480309955196,7.91942907420025,0,Sunday,3,2025-03-09,Sunday,0,6
19,19.516355645209263,10.250870952835655,0,Sunday,3,2025-03-09,Sunday,0,6
1,21.190954360222776,12.173691195069226,0,Sunday,3,2025-03-09,Sunday,0,6
11,4.357924024178965,28.99635926648764,0,Sunday,3,2025-03-16,Sunday,0,14
22,14.17562006040939,10.562100366557996,0,Sunday,3,2025-03-16,Sunday,0,14
23,21.202829135155383,11.450441111036994,0,Sunday,3,2025-03-16,Sunday,0,14
15,2.744079339443404,18.686630602657278,0,Sunday,3,2025-03-16,Sunday,0,14
15,2.9724784987143225,7.0307659296127145,0,Sunday,3,2025-03-16,Sunday,0,14
23,6.3248971153203195,5.849971423174863,0,Sunday,3,2025-03-16,Sunday,0,14
20,21.01491864521039,22.503423859608255,0,Sunday,3,2025-03-16,Sunday,0,14
11,42.388984315817396,21.57112156592381,0,Sunday,3,2025-03-16,Sunday,0,14
20,15.048869451745805,4.505199789103771,0,Sunday,3,2025-03-16,Sunday,0,14
19,16.45979145615658,0.5637001409080281,0,Sunday,3,2025-03-16,Sunday,0,14
20,10.284818208811068,23.18779248752143,0,Sunday,3,2025-03-16,Sunday,0,14
19,21.15680197446124,14.929811237958056,0,Sunday,3,2025-03-16,Sunday,0,14
14,2.1025404261264384,5.990097717017032,0,Sunday,3,2025-03-16,Sunday,0,14
1,15.010340065463733,27.52112323969279,0,Sunday,3,2025-03-16,Sunday,0,14
15,5.285848032055748,5.898643699963749,0,Sunday,3,2025-12-28,Sunday,0,6
19,17.96933491450899,11.315418477282767,0,Sunday,3,2025-12-28,Sunday,0,6
6,11.025552422294172,7.779901174963644,0,Sunday,3,2025-12-28,Sunday,0,6
13,38.58575198641866,5.887369228097985,0,Sunday,3,2025-12-28,Sunday,0,6
19,17.072958126349352,48.75656156682742,0,Sunday,3,2025-12-28,Sunday,0,6
18,20.678923742532003,3.1138309240031115,0,Sunday,3,2025-12-28,Sunday,0,6
16,5.023076073568088,5.3511876748108715,1,Friday,3,2025-03-21,Friday,1,7
18,20.940147058700852,12.497912977460077,1,Friday,3,2025-03-21,Friday,1,7
18,26.16207849557544,4.603023893384502,1,Friday,3,2025-03-21,Friday,1,7
1,3.1083993434055426,5.413460912076058,1,Friday,3,2025-03-21,Friday,1,7
18,23.60183582900849,5.579457820179275,1,Friday,3,2025-03-21,Friday,1,7
18,21.826190829472754,9.009710772861395,1,Friday,3,2025-03-21,Friday,1,7
16,35.45787111976178,19.22673867267485,1,Friday,3,2025-03-21,Friday,1,7
22,19.810321210849136,5.333207159263483,1,Friday,3,2025-03-28,Friday,1,7
3,2.433799469234229,5.516990943474398,1,Friday,3,2025-03-28,Friday,1,7
16,37.23256519990551,5.17806517885654,1,Friday,3,2025-03-28,Friday,1,7
7,40.12922241919903,2.0861331320202376,1,Friday,3,2025-03-28,Friday,1,7
22,4.0703770526378,9.789376221324144,1,Friday,3,2025-03-28,Friday,1,7
20,3.5254607537773968,4.726676376188379,1,Friday,3,2025-03-28,Friday,1,7
14,24.305151009774352,13.2992943466039,1,Friday,3,2025-03-28,Friday,1,7
15,8.48430989161546,3.075551007923261,1,Friday,3,2025-04-04,Friday,1,7
15,6.168427153862085,11.044176197380787,1,Friday,3,2025-04-04,Friday,1,7
1,33.25046586410996,19.597406323254344,1,Friday,3,2025-04-04,Friday,1,7
16,19.470115599088896,45.69862563846242,1,Friday,3,2025-04-04,Friday,1,7
16,34.88261543002809,5.14044647541004,1,Friday,3,2025-04-04,Friday,1,7
23,32.491567298438106,32.76031644189754,1,Friday,3,2025-04-04,Friday,1,7
14,16.71191882008497,6.950709118011527,1,Friday,3,2025-04-04,Friday,1,7
12,2.3897867801785178,2.8618167255282687,1,Friday,3,2025-04-11,Friday,1,6
17,19.6877293762856,8.664897113431804,1,Friday,3,2025-04-11,Friday,1,6
16,9.014796102456236,10.292476918837297,1,Friday,3,2025-04-11,Friday,1,6
1,5.1070465839023775,8.09781664730445,1,Friday,3,2025-04-11,Friday,1,6
2,7.223844431009673,7.108279942264959,1,Friday,3,2025-04-11,Friday,1,6
19,5.744960027411013,5.406166776690268,1,Friday,3,2025-04-11,Friday,1,6
17,16.877662781505684,48.294122122714015,1,Friday,3,2025-04-18,Friday,1,8
6,5.5612740105918395,15.507923457136572,1,Friday,3,2025-04-18,Friday,1,8
21,19.179758611655455,6.118162053840681,1,Friday,3,2025-04-18,Friday,1,8
19,15.955683818891327,16.512052328249624,1,Friday,3,2025-04-18,Friday,1,8
15,42.1693721902493,7.302760715922597,1,Friday,3,2025-04-18,Friday,1,8
21,15.731878151859007,32.03852745549983,1,Friday,3,2025-04-18,Friday,1,8
23,13.923819399209808,21.53787096855981,1,Friday,3,2025-04-18,Friday,1,8
23,23.560007215905898,7.342380108294226,1,Friday,3,2025-04-18,Friday,1,8
21,49.82784195426769,3.903258806980502,1,Friday,3,2025-04-25,Friday,1,2
18,9.7266731512943,19.98326531409956,1,Friday,3,2025-04-25,Friday,1,2
15,53.743856312886045,17.24971577866079,1,Friday,3,2025-05-02,Friday,1,5
21,13.954420316111637,29.742465621721156,1,Friday,3,2025-05-02,Friday,1,5
14,12.046649863107447,3.676985425247042,1,Friday,3,2025-05-02,Friday,1,5
15,10.77939244614436,3.4713569079914874,1,Friday,3,2025-05-02,Friday,1,5
12,10.10359923930151,24.947886528251924,1,Friday,3,2025-05-02,Friday,1,5
14,4.191318431555287,12.579137631956128,1,Friday,3,2025-05-09,Friday,1,8
11,5.679418101237684,7.464613358824856,1,Friday,3,2025-05-09,Friday,1,8
8,3.9349475295601852,13.397816450899542,1,Friday,3,2025-05-09,Friday,1,8
23,24.556162312794743,37.728849738119074,1,Friday,3,2025-05-09,Friday,1,8
16,43.505229556460264,5.866324352674698,1,Friday,3,2025-05-09,Friday,1,8
17,23.61959553235561,4.879899779109511,1,Friday,3,2025-05-09,Friday,1,8
20,68.18937503871452,6.221995095739591,1,Friday,3,2025-05-09,Friday,1,8
15,18.908627437395438,13.629847036756438,1,Friday,3,2025-05-09,Friday,1,8
15,28.727241665283128,3.134768818789583,1,Friday,3,2025-05-16,Friday,1,6
18,28.608601740865986,1.7232752370676627,1,Friday,3,2025-05-16,Friday,1,6
20,21.85653539366996,43.51814130787614,1,Friday,3,2025-05-16,Friday,1,6
19,57.69284190044259,5.193574309397838,1,Friday,3,2025-05-16,Friday,1,6
16,4.345990232961186,2.4798822361381636,1,Friday,3,2025-05-16,Friday,1,6
17,20.287255230952432,42.02166661446783,1,Friday,3,2025-05-16,Friday,1,6
18,17.63588113465456,5.7996241425765716,1,Friday,3,2025-05-23,Friday,1,9
20,20.740944022308987,6.925327990745171,1,Friday,3,2025-05-23,Friday,1,9
20,7.415448241441146,7.889023248899987,1,Friday,3,2025-05-23,Friday,1,9
20,33.56827834230782,26.04396833552943,1,Friday,3,2025-05-23,Friday,1,9
14,16.962621616532328,21.910018521254056,1,Friday,3,2025-05-23,Friday,1,9
20,26.02849917565936,7.1311152211383755,1,Friday,3,2025-05-23,Friday,1,9
16,8.375778321170792,12.05975045538032,1,Friday,3,2025-05-23,Friday,1,9
19,31.574727356530065,20.461570875122373,1,Friday,3,2025-05-23,Friday,1,9
15,12.683422049674377,49.34703841931336,1,Friday,3,2025-05-23,Friday,1,9
22,14.142287833348906,9.10362139843943,1,Friday,3,2025-05-30,Friday,1,9
21,10.053610813126102,9.670171573237573,1,Friday,3,2025-05-30,Friday,1,9
16,4.354671979138691,7.412688489281371,1,Friday,3,2025-05-30,Friday,1,9
12,9.15744713247287,17.172175253206042,1,Friday,3,2025-05-30,Friday,1,9
19,8.770783265815407,31.38680643103983,1,Friday,3,2025-05-30,Friday,1,9
19,24.49896678538013,5.965255380099288,1,Friday,3,2025-05-30,Friday,1,9
23,14.729963391925171,12.029277644827943,1,Friday,3,2025-05-30,Friday,1,9
15,45.84951376815236,14.805217384917444,1,Friday,3,2025-05-30,Friday,1,9
10,5.132777896834298,19.68044318722963,1,Friday,3,2025-05-30,Friday,1,9
18,15.361460643051132,9.02961499567412,1,Friday,3,2025-06-06,Friday,1,9
15,18.593360483594946,50.881800676990814,1,Friday,3,2025-06-06,Friday,1,9
18,19.42763425872301,35.27453076689807,1,Friday,3,2025-06-06,Friday,1,9
18,2.362721446994896,32.83129100819384,1,Friday,3,2025-06-06,Friday,1,9
15,41.41024361110319,7.158071399712794,1,Friday,3,2025-06-06,Friday,1,9
0,9.88813312107936,4.4084135843948475,1,Friday,3,2025-06-06,Friday,1,9
6,7.084361268905283,3.5947242959629033,1,Friday,3,2025-06-06,Friday,1,9
19,19.66383241220331,30.205388053531106,1,Friday,3,2025-06-06,Friday,1,9
20,32.03927470501343,14.693560277155903,1,Friday,3,2025-06-06,Friday,1,9
12,48.77603897918898,8.173107105012058,1,Friday,3,2025-06-13,Friday,1,5
15,61.193568163728465,1.453249074825386,1,Friday,3,2025-06-13,Friday,1,5
19,18.06492357701742,11.680356664087938,1,Friday,3,2025-06-13,Friday,1,5
19,2.173591239654394,12.119215154639898,1,Friday,3,2025-06-13,Friday,1,5
19,31.127621605797025,1.4938488229409352,1,Friday,3,2025-06-13,Friday,1,5
22,17.665867725406613,29.71454195419049,1,Friday,3,2025-06-20,Friday,1,7
23,12.825100774118006,40.55253490916168,1,Friday,3,2025-06-20,Friday,1,7
21,14.914561345835981,29.50927188813378,1,Friday,3,2025-06-20,Friday,1,7
2,24.633406331835488,16.217870940173974,1,Friday,3,2025-06-20,Friday,1,7
20,28.369393015867928,39.07492636999721,1,Friday,3,2025-06-20,Friday,1,7
5,11.94590411089239,12.547443720311046,1,Friday,3,2025-06-20,Friday,1,7
21,54.839864892787205,23.824672351916202,1,Friday,3,2025-06-20,Friday,1,7
18,16.982720993653963,9.015130557205152,1,Saturday,3,2025-03-22,Saturday,1,6
18,12.333581346781102,3.9005189948187606,1,Saturday,3,2025-03-22,Saturday,1,6
20,40.31981112134355,6.602319503491594,1,Saturday,3,2025-03-22,Saturday,1,6
18,26.358984235322357,24.696142862986544,1,Saturday,3,2025-03-22,Saturday,1,6
23,23.66291033869286,10.859526088776768,1,Saturday,3,2025-03-22,Saturday,1,6
16,17.851589809060897,10.647727769368617,1,Saturday,3,2025-03-22,Saturday,1,6
16,10.127076201243948,12.872174712461904,1,Saturday,3,2025-03-29,Saturday,1,6
17,19.22164919324706,4.265825515982593,1,Saturday,3,2025-03-29,Saturday,1,6
1,41.55569345889311,32.272635958559654,1,Saturday,3,2025-03-29,Saturday,1,6
20,18.900712752758693,11.038836611288303,1,Saturday,3,2025-03-29,Saturday,1,6
9,6.535984438592169,6.341746154398945,1,Saturday,3,2025-03-29,Saturday,1,6
10,8.537563285201365,11.412404015443034,1,Saturday,3,2025-03-29,Saturday,1,6
15,55.71657171580613,24.386245811917867,1,Saturday,3,2025-04-05,Saturday,1,7
0,19.672604645869114,13.653322195694251,1,Saturday,3,2025-04-05,Saturday,1,7
23,23.3205294002244,12.324501799781318,1,Saturday,3,2025-04-05,Saturday,1,7
15,119.91669187397645,5.983052602236784,1,Saturday,3,2025-04-05,Saturday,1,7
15,13.299092384838112,7.376153622090009,1,Saturday,3,2025-04-05,Saturday,1,7
7,57.460192075589525,10.338701297654287,1,Saturday,3,2025-04-05,Saturday,1,7
11,2.506192359139788,8.84915984317934,1,Saturday,3,2025-04-05,Saturday,1,7
15,49.86635565965933,22.153701356743234,1,Saturday,3,2025-04-12,Saturday,1,4
17,11.585595850152274,24.545386713734704,1,Saturday,3,2025-04-12,Saturday,1,4
21,18.285647196617074,12.60696472098827,1,Saturday,3,2025-04-12,Saturday,1,4
6,5.455702811622151,6.139463228986339,1,Saturday,3,2025-04-12,Saturday,1,4
1,36.57514286308839,6.9421631843843725,1,Saturday,3,2025-04-19,Saturday,1,9
21,6.804910000353776,44.787030179162485,1,Saturday,3,2025-04-19,Saturday,1,9
22,11.92662996562396,14.517121627357929,1,Saturday,3,2025-04-19,Saturday,1,9
17,3.324743063679106,5.014434859699308,1,Saturday,3,2025-04-19,Saturday,1,9
21,9.525546157831714,12.04239047688156,1,Saturday,3,2025-04-19,Saturday,1,9
13,20.37689918456014,46.08771209416852,1,Saturday,3,2025-04-19,Saturday,1,9
18,25.31120613259581,7.662165587085854,1,Saturday,3,2025-04-19,Saturday,1,9
16,19.089056016252666,5.5261838010616415,1,Saturday,3,2025-04-19,Saturday,1,9
17,2.7062291499485798,2.688506396036024,1,Saturday,3,2025-04-19,Saturday,1,9
17,7.360750954244498,18.205436037472975,1,Saturday,3,2025-04-26,Saturday,1,8
0,14.370735380788489,13.177124511370822,1,Saturday,3,2025-04-26,Saturday,1,8
2,14.712764283652444,10.75703935002497,1,Saturday,3,2025-04-26,Saturday,1,8
19,30.732277074518578,6.238026918582087,1,Saturday,3,2025-04-26,Saturday,1,8
0,5.889037771693241,23.400683922891716,1,Saturday,3,2025-04-26,Saturday,1,8
18,19.723170033618207,6.025112636921487,1,Saturday,3,2025-04-26,Saturday,1,8
17,47.68121000595797,9.719610647725869,1,Saturday,3,2025-04-26,Saturday,1,8
14,16.641601788732782,9.279179163598737,1,Saturday,3,2025-04-26,Saturday,1,8
23,7.994484051399377,2.3051631176207152,1,Saturday,3,2025-05-03,Saturday,1,7
11,34.97503338110511,35.4072201575762,1,Saturday,3,2025-05-03,Saturday,1,7
21,43.50562803779967,57.11694810648598,1,Saturday,3,2025-05-03,Saturday,1,7
18,17.458999939692877,23.59469715570009,1,Saturday,3,2025-05-03,Saturday,1,7
16,15.877333687759403,16.607445763538472,1,Saturday,3,2025-05-03,Saturday,1,7
15,15.908858884906554,12.143565519179257,1,Saturday,3,2025-05-03,Saturday,1,7
13,6.331154877119764,40.362084757877014,1,Saturday,3,2025-05-03,Saturday,1,7
21,21.57960205535137,18.17024601994951,1,Saturday,3,2025-05-10,Saturday,1,5
20,17.438347582128717,23.760212314480153,1,Saturday,3,2025-05-10,Saturday,1,5
0,42.599087335883574,6.937234446261655,1,Saturday,3,2025-05-10,Saturday,1,5
0,31.889745089750626,20.06220717816043,1,Saturday,3,2025-05-10,Saturday,1,5
0,9.589550770671192,9.687657715930078,1,Saturday,3,2025-05-10,Saturday,1,5
6,4.0402641298585795,29.944596717615546,1,Saturday,3,2025-05-17,Saturday,1,8
20,78.6053987324979,20.461978746546237,1,Saturday,3,2025-05-17,Saturday,1,8
16,22.009257677344838,5.038326712205285,1,Saturday,3,2025-05-17,Saturday,1,8
18,19.229092098615677,48.34835457947834,1,Saturday,3,2025-05-17,Saturday,1,8
10,30.288244185140837,2.6839801076832357,1,Saturday,3,2025-05-17,Saturday,1,8
22,5.415498165190545,30.434190796726263,1,Saturday,3,2025-05-17,Saturday,1,8
13,4.2602394805170345,13.54519304764898,1,Saturday,3,2025-05-17,Saturday,1,8
20,16.39437993943443,6.635017836775194,1,Saturday,3,2025-05-17,Saturday,1,8
12,6.81226437429622,1.4476812765487381,1,Saturday,3,2025-05-24,Saturday,1,8
17,4.566322382014673,7.73751006649245,1,Saturday,3,2025-05-24,Saturday,1,8
13,3.3265805085354465,15.976728479459709,1,Saturday,3,2025-05-24,Saturday,1,8
16,6.43732250571748,33.85592902769104,1,Saturday,3,2025-05-24,Saturday,1,8
18,7.013799807978535,7.571921912541708,1,Saturday,3,2025-05-24,Saturday,1,8
12,2.086091654315003,37.73491852169206,1,Saturday,3,2025-05-24,Saturday,1,8
23,12.028887015297158,9.610823589640754,1,Saturday,3,2025-05-24,Saturday,1,8
15,14.414581571706098,23.71225011456107,1,Saturday,3,2025-05-24,Saturday,1,8
5,2.8245508138105047,1.5612090346165386,1,Saturday,3,2025-05-31,Saturday,1,3
23,20.969628067470836,25.172181538932012,1,Saturday,3,2025-05-31,Saturday,1,3
20,13.576185091940879,10.891183908840937,1,Saturday,3,2025-05-31,Saturday,1,3
16,20.421071720322235,7.855094789211052,1,Saturday,3,2025-06-07,Saturday,1,6
20,18.838654024441663,7.91757223214772,1,Saturday,3,2025-06-07,Saturday,1,6
16,43.50020321962139,11.665217200691554,1,Saturday,3,2025-06-07,Saturday,1,6
15,21.602820630782833,12.951084555157507,1,Saturday,3,2025-06-07,Saturday,1,6
20,30.893817914809176,10.684007333558913,1,Saturday,3,2025-06-07,Saturday,1,6
21,30.68081078385541,43.622385622065714,1,Saturday,3,2025-06-07,Saturday,1,6
23,16.63432973746194,33.96859912842441,1,Saturday,3,2025-06-14,Saturday,1,3
10,3.805114463388144,3.517477007671144,1,Saturday,3,2025-06-14,Saturday,1,3
17,90.65663961526539,13.793930862980458,1,Saturday,3,2025-06-14,Saturday,1,3
22,15.730235020604404,31.4800240244273,1,Saturday,3,2025-06-21,Saturday,1,3
17,9.93084131048007,4.999013089274625,1,Saturday,3,2025-06-21,Saturday,1,3
15,20.594957005808045,3.6218593399728114,1,Saturday,3,2025-06-21,Saturday,1,3
9,5.7583388875866275,4.670105993422579,1,Sunday,3,2025-03-23,Sunday,1,2
17,12.783967424580045,4.213750348425985,1,Sunday,3,2025-03-23,Sunday,1,2
14,4.57089842509064,17.562111376343612,1,Sunday,3,2025-03-30,Sunday,1,6
0,31.510456330301665,4.205760272117454,1,Sunday,3,2025-03-30,Sunday,1,6
9,9.708396566968215,3.9373130425639875,1,Sunday,3,2025-03-30,Sunday,1,6
19,3.7055039804825673,5.736803239193354,1,Sunday,3,2025-03-30,Sunday,1,6
5,22.60037379327882,15.419508113355322,1,Sunday,3,2025-03-30,Sunday,1,6
18,17.41639367310506,4.236270724970815,1,Sunday,3,2025-03-30,Sunday,1,6
17,2.604963501968225,28.099146040164857,1,Sunday,3,2025-04-06,Sunday,1,4
17,15.541696823788836,27.424736405705477,1,Sunday,3,2025-04-06,Sunday,1,4
18,23.94455913936934,14.669724723011203,1,Sunday,3,2025-04-06,Sunday,1,4
23,60.19502999602584,38.16444251421652,1,Sunday,3,2025-04-06,Sunday,1,4
20,73.21512307281344,8.04163757839103,1,Sunday,3,2025-04-13,Sunday,1,6
19,14.742196928184196,18.444767811587894,1,Sunday,3,2025-04-13,Sunday,1,6
19,14.029606301213185,8.233090234043702,1,Sunday,3,2025-04-13,Sunday,1,6
22,10.136430895972985,19.901912495932006,1,Sunday,3,2025-04-13,Sunday,1,6
10,25.792593790995838,3.568971261597447,1,Sunday,3,2025-04-13,Sunday,1,6
6,9.3623943989979,15.473129993986861,1,Sunday,3,2025-04-13,Sunday,1,6
16,5.9628524705352,16.720816021352807,1,Sunday,3,2025-04-20,Sunday,1,12
17,7.199353620187204,3.1092645927805274,1,Sunday,3,2025-04-20,Sunday,1,12
19,22.86978753075378,5.274324331024362,1,Sunday,3,2025-04-20,Sunday,1,12
23,6.921192166983164,17.30353379422518,1,Sunday,3,2025-04-20,Sunday,1,12
22,51.35526758561135,4.030634280457842,1,Sunday,3,2025-04-20,Sunday,1,12
13,20.541160502342176,6.992252612189194,1,Sunday,3,2025-04-20,Sunday,1,12
19,42.572894917510816,8.328684130043177,1,Sunday,3,2025-04-20,Sunday,1,12
11,2.917363163651053,15.585126947862268,1,Sunday,3,2025-04-20,Sunday,1,12
19,18.30441949695762,8.421770864021282,1,Sunday,3,2025-04-20,Sunday,1,12
15,16.389013729648067,51.31291956031623,1,Sunday,3,2025-04-20,Sunday,1,12
15,2.327947310845834,3.9254502122473482,1,Sunday,3,2025-04-20,Sunday,1,12
20,12.259880604947103,4.793271195851995,1,Sunday,3,2025-04-20,Sunday,1,12
20,10.248635856426837,14.324919041798225,1,Sunday,3,2025-04-27,Sunday,1,9
19,15.267694174782488,18.320704236733704,1,Sunday,3,2025-04-27,Sunday,1,9
13,36.86164106317978,20.989365844587326,1,Sunday,3,2025-04-27,Sunday,1,9
12,14.033696469409254,0.5764892751473516,1,Sunday,3,2025-04-27,Sunday,1,9
12,23.65779030663704,16.13233212770259,1,Sunday,3,2025-04-27,Sunday,1,9
4,15.859451442851832,49.40561831203392,1,Sunday,3,2025-04-27,Sunday,1,9
1,15.648600925609895,35.240819564727715,1,Sunday,3,2025-04-27,Sunday,1,9
17,14.282345099896283,25.62437518815877,1,Sunday,3,2025-04-27,Sunday,1,9
2,29.69063095072352,70.81869837721382,1,Sunday,3,2025-04-27,Sunday,1,9
12,20.600621697853832,2.374536742006349,1,Sunday,3,2025-05-04,Sunday,1,6
20,12.80817918724416,9.728523420789502,1,Sunday,3,2025-05-04,Sunday,1,6
20,18.91237780469393,43.88105589915906,1,Sunday,3,2025-05-04,Sunday,1,6
14,3.6076785202380712,8.635618810109662,1,Sunday,3,2025-05-04,Sunday,1,6
6,15.470245949392371,10.580956390695906,1,Sunday,3,2025-05-04,Sunday,1,6
16,17.87941810438327,16.62048786602004,1,Sunday,3,2025-05-04,Sunday,1,6
19,8.574806379331031,9.34212059332897,1,Sunday,3,2025-05-11,Sunday,1,17
19,13.305330594035201,10.626059149218607,1,Sunday,3,2025-05-11,Sunday,1,17
5,5.147420714757597,11.260221587737114,1,Sunday,3,2025-05-11,Sunday,1,17
17,17.163379260120802,11.175421129564047,1,Sunday,3,2025-05-11,Sunday,1,17
19,63.12268785868798,9.81294787762771,1,Sunday,3,2025-05-11,Sunday,1,17
15,21.2918795093763,42.97891932266478,1,Sunday,3,2025-05-11,Sunday,1,17
13,52.6497460012303,11.112879779659169,1,Sunday,3,2025-05-11,Sunday,1,17
19,12.881464584512113,13.570871374051444,1,Sunday,3,2025-05-11,Sunday,1,17
1,13.253182471459333,21.245124096319888,1,Sunday,3,2025-05-11,Sunday,1,17
17,19.536308022953015,4.6455761025986995,1,Sunday,3,2025-05-11,Sunday,1,17
15,18.944458590322615,5.894139944355792,1,Sunday,3,2025-05-11,Sunday,1,17
18,10.514929654304535,48.57478357931276,1,Sunday,3,2025-05-11,Sunday,1,17
19,7.150232656932891,9.27592080841143,1,Sunday,3,2025-05-11,Sunday,1,17
23,11.55841750624938,36.57060323821513,1,Sunday,3,2025-05-11,Sunday,1,17
15,3.4519556676031935,43.308114223507665,1,Sunday,3,2025-05-11,Sunday,1,17
14,7.993117873627963,13.163454515659057,1,Sunday,3,2025-05-11,Sunday,1,17
14,2.89443235640639,6.888941150476045,1,Sunday,3,2025-05-11,Sunday,1,17
10,2.7448638444842772,5.743882124864967,1,Sunday,3,2025-05-18,Sunday,1,5
17,9.596307960447293,18.135277091399498,1,Sunday,3,2025-05-18,Sunday,1,5
23,11.264553146028877,34.647294194876466,1,Sunday,3,2025-05-18,Sunday,1,5
18,21.958754261624644,16.74001233548592,1,Sunday,3,2025-05-18,Sunday,1,5
17,28.17999280948861,10.985227369278428,1,Sunday,3,2025-05-18,Sunday,1,5
17,12.714086400086977,9.004447495076166,1,Sunday,3,2025-05-25,Sunday,1,9
16,15.390102463299538,16.341745558720522,1,Sunday,3,2025-05-25,Sunday,1,9
23,8.6748665068965,15.944777623920908,1,Sunday,3,2025-05-25,Sunday,1,9
18,15.264497344634513,6.989336081149491,1,Sunday,3,2025-05-25,Sunday,1,9
11,17.51574615369403,20.34794061229588,1,Sunday,3,2025-05-25,Sunday,1,9
19,15.086143321258323,20.938921073762167,1,Sunday,3,2025-05-25,Sunday,1,9
22,11.28621399049965,36.25563879729882,1,Sunday,3,2025-05-25,Sunday,1,9
18,3.130295250644197,13.01985005124643,1,Sunday,3,2025-05-25,Sunday,1,9
14,15.518824671002623,39.45671157235918,1,Sunday,3,2025-05-25,Sunday,1,9
14,2.063322542766909,2.089728113070019,1,Sunday,3,2025-06-01,Sunday,1,7
15,3.1572269696255466,4.878182422166554,1,Sunday,3,2025-06-01,Sunday,1,7
8,10.515290559407408,3.1396387523844256,1,Sunday,3,2025-06-01,Sunday,1,7
20,15.658308381140571,35.90405519728996,1,Sunday,3,2025-06-01,Sunday,1,7
17,16.999320859847373,3.8793367097147753,1,Sunday,3,2025-06-01,Sunday,1,7
4,3.4895367461088274,12.841404149477064,1,Sunday,3,2025-06-01,Sunday,1,7
0,15.315888042577416,7.828208055985746,1,Sunday,3,2025-06-01,Sunday,1,7
18,29.09070034587346,43.69921152228991,1,Sunday,3,2025-06-08,Sunday,1,7
21,16.309156749624435,1.6793181429053476,1,Sunday,3,2025-06-08,Sunday,1,7
19,24.489477949565718,17.30225355484714,1,Sunday,3,2025-06-08,Sunday,1,7
7,11.735229343149268,51.525128522366586,1,Sunday,3,2025-06-08,Sunday,1,7
21,12.319489601650893,16.090377221613537,1,Sunday,3,2025-06-08,Sunday,1,7
19,14.21471313667212,14.457883280341,1,Sunday,3,2025-06-08,Sunday,1,7
15,8.802144855821556,8.529439798882475,1,Sunday,3,2025-06-08,Sunday,1,7
15,20.205834170692356,6.629879681598777,1,Sunday,3,2025-06-15,Sunday,1,11
23,13.15322483691821,17.449572051385488,1,Sunday,3,2025-06-15,Sunday,1,11
20,5.30716087033357,39.683386334589535,1,Sunday,3,2025-06-15,Sunday,1,11
22,31.733606908051144,5.7338078854271854,1,Sunday,3,2025-06-15,Sunday,1,11
0,6.625268612486639,22.708390197411628,1,Sunday,3,2025-06-15,Sunday,1,11
15,50.14418387435223,19.61264261805318,1,Sunday,3,2025-06-15,Sunday,1,11
13,23.596073025777514,8.030634854267351,1,Sunday,3,2025-06-15,Sunday,1,11
18,18.017608051693376,17.707165883602617,1,Sunday,3,2025-06-15,Sunday,1,11
23,7.965963916202724,31.464678571011547,1,Sunday,3,2025-06-15,Sunday,1,11
15,12.159985266682398,8.895469463891748,1,Sunday,3,2025-06-15,Sunday,1,11
13,14.248379678294693,12.103360666176764,1,Sunday,3,2025-06-15,Sunday,1,11
20,21.78991011975028,22.61521430571936,1,Mon-Th,3,2025-03-24,Mon-Th,1,10
20,19.0249885802305,42.95818950367683,1,Mon-Th,3,2025-03-24,Mon-Th,1,10
12,24.292887424049493,3.5795165752284452,1,Mon-Th,3,2025-03-24,Mon-Th,1,10
19,3.427298880443583,9.735227638601152,1,Mon-Th,3,2025-03-24,Mon-Th,1,10
23,15.041474039056293,25.408684386057413,1,Mon-Th,3,2025-03-24,Mon-Th,1,10
20,15.792056332238296,15.405731603555926,1,Mon-Th,3,2025-03-24,Mon-Th,1,10
21,2.4318539676234248,14.657132460971267,1,Mon-Th,3,2025-03-24,Mon-Th,1,10
16,17.965039475849398,22.14292333671482,1,Mon-Th,3,2025-03-24,Mon-Th,1,10
19,6.108631350376161,21.309873160955185,1,Mon-Th,3,2025-03-24,Mon-Th,1,10
23,8.742906293696667,21.92666726612569,1,Mon-Th,3,2025-03-24,Mon-Th,1,10
20,18.995844628053018,12.579347724704725,1,Mon-Th,3,2025-03-25,Mon-Th,1,9
0,7.806647401484955,15.076112183416186,1,Mon-Th,3,2025-03-25,Mon-Th,1,9
4,6.749139356801886,5.72729134022784,1,Mon-Th,3,2025-03-25,Mon-Th,1,9
17,2.5086811633235744,17.76581550490557,1,Mon-Th,3,2025-03-25,Mon-Th,1,9
20,11.98761086385431,4.515521639665894,1,Mon-Th,3,2025-03-25,Mon-Th,1,9
22,7.160609405394679,19.47770567970328,1,Mon-Th,3,2025-03-25,Mon-Th,1,9
18,13.822522916875652,4.136597208942119,1,Mon-Th,3,2025-03-25,Mon-Th,1,9
5,7.135183000859751,21.739703439189345,1,Mon-Th,3,2025-03-25,Mon-Th,1,9
23,27.9902799343488,4.067559047875986,1,Mon-Th,3,2025-03-25,Mon-Th,1,9
16,5.876953860996203,20.67698237981787,1,Mon-Th,3,2025-03-26,Mon-Th,1,11
8,23.928185851992744,13.0793748151101,1,Mon-Th,3,2025-03-26,Mon-Th,1,11
20,8.857194595211482,9.536607249930803,1,Mon-Th,3,2025-03-26,Mon-Th,1,11
21,12.3289361662573,13.57116204138553,1,Mon-Th,3,2025-03-26,Mon-Th,1,11
7,15.16688777483278,2.5995582449953343,1,Mon-Th,3,2025-03-26,Mon-Th,1,11
5,4.123894741255517,2.4451575516165462,1,Mon-Th,3,2025-03-26,Mon-Th,1,11
18,2.3484200171491416,20.879338965559814,1,Mon-Th,3,2025-03-26,Mon-Th,1,11
10,5.4840557474952405,9.787776382735839,1,Mon-Th,3,2025-03-26,Mon-Th,1,11
18,11.398264070344332,18.396872554840623,1,Mon-Th,3,2025-03-26,Mon-Th,1,11
15,14.214706622957564,10.58979651247383,1,Mon-Th,3,2025-03-26,Mon-Th,1,11
18,7.154961406864613,13.42598598504964,1,Mon-Th,3,2025-03-26,Mon-Th,1,11
16,5.802296215191748,16.870298923898254,1,Mon-Th,3,2025-03-27,Mon-Th,1,7
15,12.278598810720954,30.95409111654035,1,Mon-Th,3,2025-03-27,Mon-Th,1,7
22,8.606671456124692,18.01937609421141,1,Mon-Th,3,2025-03-27,Mon-Th,1,7
17,16.09128238289135,37.752946107235395,1,Mon-Th,3,2025-03-27,Mon-Th,1,7
18,12.191058894324176,18.328247593755854,1,Mon-Th,3,2025-03-27,Mon-Th,1,7
18,15.993833288402666,33.36751815834791,1,Mon-Th,3,2025-03-27,Mon-Th,1,7
9,2.5954562053381163,0.6395438905438782,1,Mon-Th,3,2025-03-27,Mon-Th,1,7
17,15.240752099215964,3.849899545772349,1,Mon-Th,3,2025-03-31,Mon-Th,1,6
20,11.538761269080943,13.309669577611373,1,Mon-Th,3,2025-03-31,Mon-Th,1,6
15,3.9845152254921343,7.726400982339278,1,Mon-Th,3,2025-03-31,Mon-Th,1,6
18,5.2686196000236,10.817720601429318,1,Mon-Th,3,2025-03-31,Mon-Th,1,6
13,18.326361102063906,2.4268037339088515,1,Mon-Th,3,2025-03-31,Mon-Th,1,6
14,17.665786682742745,9.91755787216009,1,Mon-Th,3,2025-03-31,Mon-Th,1,6
12,24.347641715917927,56.51113639303843,1,Mon-Th,3,2025-04-01,Mon-Th,1,4
20,16.589578790911876,11.160622668546026,1,Mon-Th,3,2025-04-01,Mon-Th,1,4
11,4.440326963810495,13.160073796632242,1,Mon-Th,3,2025-04-01,Mon-Th,1,4
19,12.698460240927542,3.8932793940126658,1,Mon-Th,3,2025-04-01,Mon-Th,1,4
16,17.10441581752161,14.555417201600157,1,Mon-Th,3,2025-04-02,Mon-Th,1,6
17,34.783764922595154,5.4889187274768565,1,Mon-Th,3,2025-04-02,Mon-Th,1,6
19,15.25309340209175,11.87878690056083,1,Mon-Th,3,2025-04-02,Mon-Th,1,6
16,25.07531751499917,8.611630681662923,1,Mon-Th,3,2025-04-02,Mon-Th,1,6
23,12.642851341023224,5.992643211159084,1,Mon-Th,3,2025-04-02,Mon-Th,1,6
21,14.505247368014526,8.769212514219609,1,Mon-Th,3,2025-04-02,Mon-Th,1,6
21,12.389402383117893,24.471649215965886,1,Mon-Th,3,2025-04-03,Mon-Th,1,8
11,2.71124987961914,11.429952121958053,1,Mon-Th,3,2025-04-03,Mon-Th,1,8
21,41.86873996700541,25.063179466031713,1,Mon-Th,3,2025-04-03,Mon-Th,1,8
20,16.264974012886643,8.773251103499238,1,Mon-Th,3,2025-04-03,Mon-Th,1,8
23,8.91037755960723,1.6954530946824102,1,Mon-Th,3,2025-04-03,Mon-Th,1,8
21,11.04097943687239,6.496915706972127,1,Mon-Th,3,2025-04-03,Mon-Th,1,8
13,38.650869100856816,4.334529850923345,1,Mon-Th,3,2025-04-03,Mon-Th,1,8
9,4.015011786329586,8.618285273464696,1,Mon-Th,3,2025-04-03,Mon-Th,1,8
19,3.3653043914774594,8.315721337965226,1,Mon-Th,3,2025-04-07,Mon-Th,1,6
21,18.63922166549288,3.853287798270001,1,Mon-Th,3,2025-04-07,Mon-Th,1,6
17,19.997331610311093,6.135088781104309,1,Mon-Th,3,2025-04-07,Mon-Th,1,6
22,15.055413827932668,13.064524585387197,1,Mon-Th,3,2025-04-07,Mon-Th,1,6
23,8.962061013261415,12.019805782868792,1,Mon-Th,3,2025-04-07,Mon-Th,1,6
14,9.159762146172547,12.843449453397012,1,Mon-Th,3,2025-04-07,Mon-Th,1,6
22,46.26579471833885,9.400272633317403,1,Mon-Th,3,2025-04-08,Mon-Th,1,9
9,20.10968330106268,1.4321385985371973,1,Mon-Th,3,2025-04-08,Mon-Th,1,9
19,6.433710476066521,2.2964407782279097,1,Mon-Th,3,2025-04-08,Mon-Th,1,9
20,84.82143915117632,25.675402387827383,1,Mon-Th,3,2025-04-08,Mon-Th,1,9
15,6.806359098526446,3.3790456044855333,1,Mon-Th,3,2025-04-08,Mon-Th,1,9
21,30.451152877032502,13.435446739566322,1,Mon-Th,3,2025-04-08,Mon-Th,1,9
21,4.6125562382151415,29.630996141474036,1,Mon-Th,3,2025-04-08,Mon-Th,1,9
21,9.840449709502217,7.418602145009802,1,Mon-Th,3,2025-04-08,Mon-Th,1,9
5,11.34459199119635,62.109879147863346,1,Mon-Th,3,2025-04-08,Mon-Th,1,9
4,4.47736958875163,5.56020952860049,1,Mon-Th,3,2025-04-09,Mon-Th,1,8
23,8.92267317800992,14.027076213973992,1,Mon-Th,3,2025-04-09,Mon-Th,1,8
18,22.283360905567186,13.553946395363779,1,Mon-Th,3,2025-04-09,Mon-Th,1,8
18,51.18575891735232,9.854926701369193,1,Mon-Th,3,2025-04-09,Mon-Th,1,8
13,3.7847984613837253,7.823343448256568,1,Mon-Th,3,2025-04-09,Mon-Th,1,8
18,16.429394334203355,10.717125666661243,1,Mon-Th,3,2025-04-09,Mon-Th,1,8
12,2.7190667540475584,6.598431470732439,1,Mon-Th,3,2025-04-09,Mon-Th,1,8
13,5.151965362734439,4.43075426691783,1,Mon-Th,3,2025-04-09,Mon-Th,1,8
20,15.291446450086465,31.14641257683426,1,Mon-Th,3,2025-04-10,Mon-Th,1,9
17,23.532066299010673,4.112144380334015,1,Mon-Th,3,2025-04-10,Mon-Th,1,9
13,38.99453293618672,31.279194726321673,1,Mon-Th,3,2025-04-10,Mon-Th,1,9
20,24.36940131178039,11.470483759612796,1,Mon-Th,3,2025-04-10,Mon-Th,1,9
12,5.836622303351334,6.269713093861828,1,Mon-Th,3,2025-04-10,Mon-Th,1,9
20,10.858801461220835,8.288978515024377,1,Mon-Th,3,2025-04-10,Mon-Th,1,9
18,23.035509334112966,6.487402038269028,1,Mon-Th,3,2025-04-10,Mon-Th,1,9
8,81.72090488830395,5.051775841318959,1,Mon-Th,3,2025-04-10,Mon-Th,1,9
13,23.6567111571184,5.789740113508104,1,Mon-Th,3,2025-04-10,Mon-Th,1,9
16,2.9784665661566105,14.615991042813837,1,Mon-Th,3,2025-04-14,Mon-Th,1,4
15,17.66192409352135,19.450743824943338,1,Mon-Th,3,2025-04-14,Mon-Th,1,4
2,12.364473285549487,20.2294682586472,1,Mon-Th,3,2025-04-14,Mon-Th,1,4
20,16.381106986486888,32.48811345755123,1,Mon-Th,3,2025-04-14,Mon-Th,1,4
17,14.062044058334603,2.990515004605369,1,Mon-Th,3,2025-04-15,Mon-Th,1,8
23,35.1584268806901,25.73152069808398,1,Mon-Th,3,2025-04-15,Mon-Th,1,8
0,10.560462174105872,10.497597832330289,1,Mon-Th,3,2025-04-15,Mon-Th,1,8
16,18.22828828443085,31.96926074547054,1,Mon-Th,3,2025-04-15,Mon-Th,1,8
23,11.644517820543975,40.219142747834084,1,Mon-Th,3,2025-04-15,Mon-Th,1,8
16,37.16372497730237,12.571681958555578,1,Mon-Th,3,2025-04-15,Mon-Th,1,8
18,25.97696228516412,40.29581798974227,1,Mon-Th,3,2025-04-15,Mon-Th,1,8
13,17.09635748580621,3.1197211011270536,1,Mon-Th,3,2025-04-15,Mon-Th,1,8
18,2.22693941833434,5.189044872896595,1,Mon-Th,3,2025-04-16,Mon-Th,1,5
23,12.127625971187403,21.915067417525986,1,Mon-Th,3,2025-04-16,Mon-Th,1,5
8,2.2174584972645204,6.058027149845057,1,Mon-Th,3,2025-04-16,Mon-Th,1,5
22,11.542573662223056,24.476160309576528,1,Mon-Th,3,2025-04-16,Mon-Th,1,5
22,16.43285011521917,28.666579552516172,1,Mon-Th,3,2025-04-16,Mon-Th,1,5
21,11.905752019973814,5.712263612927971,1,Mon-Th,3,2025-04-17,Mon-Th,1,15
21,10.12080284067363,18.83790821796975,1,Mon-Th,3,2025-04-17,Mon-Th,1,15
3,4.415125713983189,3.982942299363354,1,Mon-Th,3,2025-04-17,Mon-Th,1,15
0,9.275757878714195,27.95976005922242,1,Mon-Th,3,2025-04-17,Mon-Th,1,15
16,10.92766823801459,58.36708600939301,1,Mon-Th,3,2025-04-17,Mon-Th,1,15
17,14.212752016261103,4.591616631842583,1,Mon-Th,3,2025-04-17,Mon-Th,1,15
9,11.313428980152448,6.741089889735095,1,Mon-Th,3,2025-04-17,Mon-Th,1,15
14,4.247244091376492,2.681055871002389,1,Mon-Th,3,2025-04-17,Mon-Th,1,15
23,7.908022328974324,5.607636321834992,1,Mon-Th,3,2025-04-17,Mon-Th,1,15
10,56.94202033201673,0.527916915970661,1,Mon-Th,3,2025-04-17,Mon-Th,1,15
20,22.555849331963373,23.527726053854096,1,Mon-Th,3,2025-04-17,Mon-Th,1,15
10,17.058293574688996,7.446575176209757,1,Mon-Th,3,2025-04-17,Mon-Th,1,15
11,8.143612561800321,20.537171672266265,1,Mon-Th,3,2025-04-17,Mon-Th,1,15
16,16.163611919024664,25.199474242744046,1,Mon-Th,3,2025-04-17,Mon-Th,1,15
17,52.45979027401973,13.342618391655916,1,Mon-Th,3,2025-04-17,Mon-Th,1,15
13,7.83836497855731,11.08052968218594,1,Mon-Th,3,2025-04-21,Mon-Th,1,6
16,14.071050910394845,10.776501042666217,1,Mon-Th,3,2025-04-21,Mon-Th,1,6
12,2.786987925337023,0.9354326783122313,1,Mon-Th,3,2025-04-21,Mon-Th,1,6
3,7.639134324468313,11.262204603086806,1,Mon-Th,3,2025-04-21,Mon-Th,1,6
22,31.34431751062664,10.229234207277285,1,Mon-Th,3,2025-04-21,Mon-Th,1,6
18,12.092805757380024,9.951718808382072,1,Mon-Th,3,2025-04-21,Mon-Th,1,6
17,7.5160070690737095,13.738922770109241,1,Mon-Th,3,2025-04-22,Mon-Th,1,8
20,18.270030018800902,7.510544608846996,1,Mon-Th,3,2025-04-22,Mon-Th,1,8
19,6.097398810128675,22.400456250134795,1,Mon-Th,3,2025-04-22,Mon-Th,1,8
12,20.689918951474386,1.196150743601255,1,Mon-Th,3,2025-04-22,Mon-Th,1,8
12,21.019036632179354,16.996636752467477,1,Mon-Th,3,2025-04-22,Mon-Th,1,8
0,18.262757528301297,20.11025198924127,1,Mon-Th,3,2025-04-22,Mon-Th,1,8
22,13.593057039781609,5.710284344544959,1,Mon-Th,3,2025-04-22,Mon-Th,1,8
8,31.642389631013558,11.721013920321615,1,Mon-Th,3,2025-04-22,Mon-Th,1,8
13,9.148280631904633,10.492484098360546,1,Mon-Th,3,2025-04-23,Mon-Th,1,9
19,17.294964457358304,17.220668177002036,1,Mon-Th,3,2025-04-23,Mon-Th,1,9
11,3.483808579147226,1.1502024385557,1,Mon-Th,3,2025-04-23,Mon-Th,1,9
13,5.194325391045224,4.864862572747423,1,Mon-Th,3,2025-04-23,Mon-Th,1,9
23,10.250848204075453,9.707514110196,1,Mon-Th,3,2025-04-23,Mon-Th,1,9
16,6.886996966945358,15.220517005471942,1,Mon-Th,3,2025-04-23,Mon-Th,1,9
13,4.721527678776858,11.215453076792953,1,Mon-Th,3,2025-04-23,Mon-Th,1,9
17,2.031484141470507,11.031329259618616,1,Mon-Th,3,2025-04-23,Mon-Th,1,9
8,29.800630797835563,2.995129795969616,1,Mon-Th,3,2025-04-23,Mon-Th,1,9
14,22.15298113912726,5.228807204102239,1,Mon-Th,3,2025-04-24,Mon-Th,1,10
16,2.72462029629788,1.3525858595157942,1,Mon-Th,3,2025-04-24,Mon-Th,1,10
12,2.928290874393149,12.550545600933635,1,Mon-Th,3,2025-04-24,Mon-Th,1,10
16,3.166519947293157,11.788211571497946,1,Mon-Th,3,2025-04-24,Mon-Th,1,10
18,13.417320701758229,12.588097039872359,1,Mon-Th,3,2025-04-24,Mon-Th,1,10
21,10.000559669786472,6.483315025784224,1,Mon-Th,3,2025-04-24,Mon-Th,1,10
23,13.510945541803487,8.214328366405683,1,Mon-Th,3,2025-04-24,Mon-Th,1,10
17,23.529802597338723,2.9056339200648322,1,Mon-Th,3,2025-04-24,Mon-Th,1,10
14,15.973164077029637,4.37557854593028,1,Mon-Th,3,2025-04-24,Mon-Th,1,10
23,5.856506548378485,27.313807356892706,1,Mon-Th,3,2025-04-24,Mon-Th,1,10
19,25.26069158913662,8.83940519055439,1,Mon-Th,3,2025-04-28,Mon-Th,1,9
23,10.61018841977074,19.353036635261038,1,Mon-Th,3,2025-04-28,Mon-Th,1,9
10,73.12838479293225,17.150934798545258,1,Mon-Th,3,2025-04-28,Mon-Th,1,9
22,68.32012426882038,6.064915977897422,1,Mon-Th,3,2025-04-28,Mon-Th,1,9
23,13.493935074546542,16.460389462019627,1,Mon-Th,3,2025-04-28,Mon-Th,1,9
18,52.875982457883865,3.988167212276257,1,Mon-Th,3,2025-04-28,Mon-Th,1,9
22,15.927841830815197,44.38553286831103,1,Mon-Th,3,2025-04-28,Mon-Th,1,9
18,3.163807522276274,13.520249281817732,1,Mon-Th,3,2025-04-28,Mon-Th,1,9
14,19.86625322707824,5.3443124863522105,1,Mon-Th,3,2025-04-28,Mon-Th,1,9
21,9.308032547920039,11.498526972787579,1,Mon-Th,3,2025-04-29,Mon-Th,1,4
19,7.89133538714,1.4811007656105946,1,Mon-Th,3,2025-04-29,Mon-Th,1,4
18,4.604872700625521,14.50845922914753,1,Mon-Th,3,2025-04-29,Mon-Th,1,4
23,18.507323800426384,2.017854895790804,1,Mon-Th,3,2025-04-29,Mon-Th,1,4
19,16.588494944067925,30.018996488400763,1,Mon-Th,3,2025-04-30,Mon-Th,1,11
20,14.395081999254963,12.365457235048867,1,Mon-Th,3,2025-04-30,Mon-Th,1,11
0,3.543695416172361,3.9706420138619167,1,Mon-Th,3,2025-04-30,Mon-Th,1,11
4,20.61594870207405,29.83334202196745,1,Mon-Th,3,2025-04-30,Mon-Th,1,11
21,9.6964857841625,4.657712604667054,1,Mon-Th,3,2025-04-30,Mon-Th,1,11
22,12.448646505549544,22.853852076023056,1,Mon-Th,3,2025-04-30,Mon-Th,1,11
16,8.829318522067304,4.557065943393817,1,Mon-Th,3,2025-04-30,Mon-Th,1,11
21,25.635138171433017,12.97405428780065,1,Mon-Th,3,2025-04-30,Mon-Th,1,11
21,9.119852580405194,29.9317121250034,1,Mon-Th,3,2025-04-30,Mon-Th,1,11
19,10.17701456162786,21.951590550534622,1,Mon-Th,3,2025-04-30,Mon-Th,1,11
20,6.628930965570085,4.59924028161165,1,Mon-Th,3,2025-04-30,Mon-Th,1,11
18,17.85335519871525,4.272262321747318,1,Mon-Th,3,2025-05-01,Mon-Th,1,3
19,15.78367657749892,8.899588381660333,1,Mon-Th,3,2025-05-01,Mon-Th,1,3
22,20.100322871202096,17.324562959634314,1,Mon-Th,3,2025-05-01,Mon-Th,1,3
20,34.65609092921482,3.871020116860909,1,Mon-Th,3,2025-05-05,Mon-Th,1,5
5,8.167978820646875,7.036062741486259,1,Mon-Th,3,2025-05-05,Mon-Th,1,5
16,17.026287482252258,1.9499024216056082,1,Mon-Th,3,2025-05-05,Mon-Th,1,5
15,86.67863914647367,1.456118335173048,1,Mon-Th,3,2025-05-05,Mon-Th,1,5
11,6.560625041061304,12.404475886530525,1,Mon-Th,3,2025-05-05,Mon-Th,1,5
19,13.276827624423849,18.443152444512204,1,Mon-Th,3,2025-05-06,Mon-Th,1,7
6,4.412278455914772,23.351610090019776,1,Mon-Th,3,2025-05-06,Mon-Th,1,7
17,8.077737211002741,10.82027710223501,1,Mon-Th,3,2025-05-06,Mon-Th,1,7
20,15.665263423652174,8.713903408858444,1,Mon-Th,3,2025-05-06,Mon-Th,1,7
15,16.715553254698914,1.4496315006756104,1,Mon-Th,3,2025-05-06,Mon-Th,1,7
14,2.1589908358359926,8.674573442413703,1,Mon-Th,3,2025-05-06,Mon-Th,1,7
15,12.192540407621596,8.160266555290338,1,Mon-Th,3,2025-05-06,Mon-Th,1,7
19,12.753487868213305,30.306425747568177,1,Mon-Th,3,2025-05-07,Mon-Th,1,11
15,19.657324518495056,10.260897957079166,1,Mon-Th,3,2025-05-07,Mon-Th,1,11
23,36.108263172487604,13.452455731170645,1,Mon-Th,3,2025-05-07,Mon-Th,1,11
19,13.280441332350186,5.6343422429859364,1,Mon-Th,3,2025-05-07,Mon-Th,1,11
17,25.744336562476963,1.8912019621086646,1,Mon-Th,3,2025-05-07,Mon-Th,1,11
13,14.621424465552217,3.5943180459131376,1,Mon-Th,3,2025-05-07,Mon-Th,1,11
22,2.2760570917422926,6.998813670604862,1,Mon-Th,3,2025-05-07,Mon-Th,1,11
2,5.691010345099774,13.445250581790898,1,Mon-Th,3,2025-05-07,Mon-Th,1,11
15,27.20123315117899,6.412074799356964,1,Mon-Th,3,2025-05-07,Mon-Th,1,11
13,2.0558179440135045,6.383879249313526,1,Mon-Th,3,2025-05-07,Mon-Th,1,11
8,8.01427024941207,3.1075084089742013,1,Mon-Th,3,2025-05-07,Mon-Th,1,11
15,3.541292504643061,14.152511874474465,1,Mon-Th,3,2025-05-08,Mon-Th,1,5
0,5.641475331916884,8.39002541827856,1,Mon-Th,3,2025-05-08,Mon-Th,1,5
7,37.25630449076201,9.731213243778662,1,Mon-Th,3,2025-05-08,Mon-Th,1,5
16,23.86763958749525,9.932313128361569,1,Mon-Th,3,2025-05-08,Mon-Th,1,5
21,15.186146101067298,24.914728800499798,1,Mon-Th,3,2025-05-08,Mon-Th,1,5
13,3.68917697327533,4.057993394475621,1,Mon-Th,3,2025-05-12,Mon-Th,1,6
21,9.679812097862094,12.225047296846295,1,Mon-Th,3,2025-05-12,Mon-Th,1,6
20,17.992089778779622,13.781273651408483,1,Mon-Th,3,2025-05-12,Mon-Th,1,6
20,7.996933423231541,10.608089042650743,1,Mon-Th,3,2025-05-12,Mon-Th,1,6
21,16.601349252314225,7.66885914699531,1,Mon-Th,3,2025-05-12,Mon-Th,1,6
15,3.566465418948291,10.294915877387826,1,Mon-Th,3,2025-05-12,Mon-Th,1,6
17,26.339751822664027,15.102869630256176,1,Mon-Th,3,2025-05-13,Mon-Th,1,7
19,15.88468957812399,7.978902849422599,1,Mon-Th,3,2025-05-13,Mon-Th,1,7
23,7.383114096527234,13.85337806475079,1,Mon-Th,3,2025-05-13,Mon-Th,1,7
17,5.130348469287277,0.6405565163745354,1,Mon-Th,3,2025-05-13,Mon-Th,1,7
21,13.610932226857894,9.566267045802109,1,Mon-Th,3,2025-05-13,Mon-Th,1,7
19,14.293615461271887,11.270724524707829,1,Mon-Th,3,2025-05-13,Mon-Th,1,7
16,16.008271069983714,4.242220760280181,1,Mon-Th,3,2025-05-13,Mon-Th,1,7
11,20.477594403912395,28.919749643659564,1,Mon-Th,3,2025-05-14,Mon-Th,1,8
22,13.59670987430815,33.772490337453,1,Mon-Th,3,2025-05-14,Mon-Th,1,8
19,11.80798815644772,2.34628338125676,1,Mon-Th,3,2025-05-14,Mon-Th,1,8
18,10.818410490103712,5.488420152598726,1,Mon-Th,3,2025-05-14,Mon-Th,1,8
2,30.52941359135983,0.6203192476255944,1,Mon-Th,3,2025-05-14,Mon-Th,1,8
16,9.831168013649862,16.937351337869206,1,Mon-Th,3,2025-05-14,Mon-Th,1,8
23,9.667764816598602,19.009800740453308,1,Mon-Th,3,2025-05-14,Mon-Th,1,8
18,2.157660685598153,16.885814080116692,1,Mon-Th,3,2025-05-14,Mon-Th,1,8
15,11.139201584194005,3.6381117457923198,1,Mon-Th,3,2025-05-15,Mon-Th,1,9
19,13.9408555217191,11.552080303646143,1,Mon-Th,3,2025-05-15,Mon-Th,1,9
18,16.279169099342695,12.11940818229822,1,Mon-Th,3,2025-05-15,Mon-Th,1,9
19,17.95664639509614,2.1248727777218686,1,Mon-Th,3,2025-05-15,Mon-Th,1,9
21,9.178366548563865,7.425172253590062,1,Mon-Th,3,2025-05-15,Mon-Th,1,9
23,49.90958116859984,21.84618610603169,1,Mon-Th,3,2025-05-15,Mon-Th,1,9
14,24.873556420971184,5.144515211966947,1,Mon-Th,3,2025-05-15,Mon-Th,1,9
21,15.96011343107961,22.07249511165566,1,Mon-Th,3,2025-05-15,Mon-Th,1,9
17,13.914854449107892,15.691716478978112,1,Mon-Th,3,2025-05-15,Mon-Th,1,9
16,31.879764380879703,20.068439877643375,1,Mon-Th,3,2025-05-19,Mon-Th,1,8
19,16.659756627913072,9.736044418001708,1,Mon-Th,3,2025-05-19,Mon-Th,1,8
14,41.43046554380156,9.762756833553967,1,Mon-Th,3,2025-05-19,Mon-Th,1,8
18,10.228919670835168,9.858554780058766,1,Mon-Th,3,2025-05-19,Mon-Th,1,8
11,2.8189852307385523,8.32063722519699,1,Mon-Th,3,2025-05-19,Mon-Th,1,8
21,13.10735861109685,14.882265525074486,1,Mon-Th,3,2025-05-19,Mon-Th,1,8
0,20.741034693228794,9.243992719239285,1,Mon-Th,3,2025-05-19,Mon-Th,1,8
11,6.109778978545457,13.641689920377653,1,Mon-Th,3,2025-05-19,Mon-Th,1,8
20,14.736773508569684,14.352159905057567,1,Mon-Th,3,2025-05-20,Mon-Th,1,6
13,11.754158145210067,14.465963811189333,1,Mon-Th,3,2025-05-20,Mon-Th,1,6
23,12.123695190960643,14.78956923516754,1,Mon-Th,3,2025-05-20,Mon-Th,1,6
18,12.544004724288236,8.96493939027452,1,Mon-Th,3,2025-05-20,Mon-Th,1,6
16,31.754270010744737,23.641982403340435,1,Mon-Th,3,2025-05-20,Mon-Th,1,6
4,16.63968262291652,6.426200717859864,1,Mon-Th,3,2025-05-20,Mon-Th,1,6
17,14.852976799691035,7.772244468600348,1,Mon-Th,3,2025-05-21,Mon-Th,1,5
17,15.097314565847878,4.4491400963347605,1,Mon-Th,3,2025-05-21,Mon-Th,1,5
23,8.258875974366664,2.6171010443020615,1,Mon-Th,3,2025-05-21,Mon-Th,1,5
12,27.10720291099475,3.5698096647712436,1,Mon-Th,3,2025-05-21,Mon-Th,1,5
17,15.684991543922042,7.028194884532484,1,Mon-Th,3,2025-05-21,Mon-Th,1,5
18,2.3273103153361427,7.6758235097496845,1,Mon-Th,3,2025-05-22,Mon-Th,1,10
22,16.21031441682315,4.957023687583315,1,Mon-Th,3,2025-05-22,Mon-Th,1,10
19,4.676150616994792,6.410433238607848,1,Mon-Th,3,2025-05-22,Mon-Th,1,10
19,12.817878882484045,11.789422342164965,1,Mon-Th,3,2025-05-22,Mon-Th,1,10
13,52.915329471179675,2.4527623913571226,1,Mon-Th,3,2025-05-22,Mon-Th,1,10
17,37.61684907275037,19.98792122689415,1,Mon-Th,3,2025-05-22,Mon-Th,1,10
17,13.282418928864946,22.060985177220157,1,Mon-Th,3,2025-05-22,Mon-Th,1,10
17,41.15016679225077,1.8930352142944713,1,Mon-Th,3,2025-05-22,Mon-Th,1,10
23,13.211947078817335,23.909558201519136,1,Mon-Th,3,2025-05-22,Mon-Th,1,10
0,16.190288372767466,22.52931313611733,1,Mon-Th,3,2025-05-22,Mon-Th,1,10
18,11.27128737676134,12.023559418424751,1,Mon-Th,3,2025-05-26,Mon-Th,1,10
14,39.88060453797774,3.3603807158842534,1,Mon-Th,3,2025-05-26,Mon-Th,1,10
20,10.133151128469407,12.354840722113273,1,Mon-Th,3,2025-05-26,Mon-Th,1,10
23,13.020593233576967,10.32680059307547,1,Mon-Th,3,2025-05-26,Mon-Th,1,10
5,2.904802355464591,8.541243903282368,1,Mon-Th,3,2025-05-26,Mon-Th,1,10
19,8.165521323948715,27.16105244612032,1,Mon-Th,3,2025-05-26,Mon-Th,1,10
23,9.411008609106283,18.970965574835663,1,Mon-Th,3,2025-05-26,Mon-Th,1,10
17,2.3175076091808133,7.4507229486931,1,Mon-Th,3,2025-05-26,Mon-Th,1,10
6,2.449776613743994,3.378704067801742,1,Mon-Th,3,2025-05-26,Mon-Th,1,10
15,31.928563960303475,6.14090746140961,1,Mon-Th,3,2025-05-26,Mon-Th,1,10
9,3.6955234635051752,12.261751236818693,1,Mon-Th,3,2025-05-27,Mon-Th,1,6
13,4.022456151596684,1.557297710750924,1,Mon-Th,3,2025-05-27,Mon-Th,1,6
8,17.914139060323677,11.73690607188016,1,Mon-Th,3,2025-05-27,Mon-Th,1,6
19,6.7471441141682575,11.871992720462654,1,Mon-Th,3,2025-05-27,Mon-Th,1,6
16,3.4824844853550907,6.130649580914165,1,Mon-Th,3,2025-05-27,Mon-Th,1,6
21,13.969113542093915,12.672238359039666,1,Mon-Th,3,2025-05-27,Mon-Th,1,6
17,10.592577270078067,18.744345007000078,1,Mon-Th,3,2025-05-28,Mon-Th,1,6
9,6.109901560567434,6.3880176710788055,1,Mon-Th,3,2025-05-28,Mon-Th,1,6
17,13.556963100262038,18.479509312405646,1,Mon-Th,3,2025-05-28,Mon-Th,1,6
17,37.27173925892108,0.6948082352533946,1,Mon-Th,3,2025-05-28,Mon-Th,1,6
12,26.674997688262547,6.209073642064577,1,Mon-Th,3,2025-05-28,Mon-Th,1,6
23,29.344906203478132,4.793336294030408,1,Mon-Th,3,2025-05-28,Mon-Th,1,6
9,3.9091117137026057,0.6395516971686869,1,Mon-Th,3,2025-05-29,Mon-Th,1,11
12,27.30662048331031,2.004207986194064,1,Mon-Th,3,2025-05-29,Mon-Th,1,11
13,2.9234400973703987,5.765957888042436,1,Mon-Th,3,2025-05-29,Mon-Th,1,11
15,43.68244114683103,22.65922657641127,1,Mon-Th,3,2025-05-29,Mon-Th,1,11
17,19.021863432621437,5.418381647877546,1,Mon-Th,3,2025-05-29,Mon-Th,1,11
15,24.77723136236529,1.6350652426036838,1,Mon-Th,3,2025-05-29,Mon-Th,1,11
18,13.419363711612121,19.255518342798673,1,Mon-Th,3,2025-05-29,Mon-Th,1,11
18,21.996403787227024,1.665644081092609,1,Mon-Th,3,2025-05-29,Mon-Th,1,11
16,19.77849328889218,41.09624917346607,1,Mon-Th,3,2025-05-29,Mon-Th,1,11
17,2.1244392783494046,1.990885461758912,1,Mon-Th,3,2025-05-29,Mon-Th,1,11
15,19.61400336614425,17.730243183356755,1,Mon-Th,3,2025-05-29,Mon-Th,1,11
19,9.730059348486673,43.322835704716645,1,Mon-Th,3,2025-06-02,Mon-Th,1,9
19,9.607328765527102,22.885840038562844,1,Mon-Th,3,2025-06-02,Mon-Th,1,9
18,13.743831440316367,42.67744903437934,1,Mon-Th,3,2025-06-02,Mon-Th,1,9
18,11.599286549778537,7.5726219069331995,1,Mon-Th,3,2025-06-02,Mon-Th,1,9
16,4.228952281898478,9.599569031365585,1,Mon-Th,3,2025-06-02,Mon-Th,1,9
18,29.29401789584558,35.48756598510611,1,Mon-Th,3,2025-06-02,Mon-Th,1,9
21,36.23203401401086,7.815735626855567,1,Mon-Th,3,2025-06-02,Mon-Th,1,9
22,13.074605113672245,27.905165605915606,1,Mon-Th,3,2025-06-02,Mon-Th,1,9
22,21.36509110342333,7.270482085635507,1,Mon-Th,3,2025-06-02,Mon-Th,1,9
16,10.501493034685055,1.9432883494212727,1,Mon-Th,3,2025-06-03,Mon-Th,1,9
13,2.9727799149072496,3.724413153337781,1,Mon-Th,3,2025-06-03,Mon-Th,1,9
17,2.135708112600442,2.3313139689762377,1,Mon-Th,3,2025-06-03,Mon-Th,1,9
16,5.137449939159531,8.897482283757313,1,Mon-Th,3,2025-06-03,Mon-Th,1,9
18,17.602419322721516,2.0644131493881117,1,Mon-Th,3,2025-06-03,Mon-Th,1,9
13,5.58256749923418,24.738285024601225,1,Mon-Th,3,2025-06-03,Mon-Th,1,9
18,12.384117789331569,21.336004630661137,1,Mon-Th,3,2025-06-03,Mon-Th,1,9
19,33.644971320119,3.375407034308491,1,Mon-Th,3,2025-06-03,Mon-Th,1,9
15,6.846322728055781,13.970497583246399,1,Mon-Th,3,2025-06-03,Mon-Th,1,9
0,16.98692169553433,10.386615347792741,1,Mon-Th,3,2025-06-04,Mon-Th,1,7
16,14.920738231651082,0.8711284558270669,1,Mon-Th,3,2025-06-04,Mon-Th,1,7
23,9.997071699154784,12.52899161712025,1,Mon-Th,3,2025-06-04,Mon-Th,1,7
17,15.542151361745479,6.205246838319551,1,Mon-Th,3,2025-06-04,Mon-Th,1,7
6,16.826747653856085,68.87446131838063,1,Mon-Th,3,2025-06-04,Mon-Th,1,7
11,76.75180309015467,3.3362272004868823,1,Mon-Th,3,2025-06-04,Mon-Th,1,7
8,13.121451545918372,5.158303456725731,1,Mon-Th,3,2025-06-04,Mon-Th,1,7
1,2.796595994814575,8.688122201371003,1,Mon-Th,3,2025-06-05,Mon-Th,1,9
19,16.00862578685763,9.855970189135933,1,Mon-Th,3,2025-06-05,Mon-Th,1,9
16,3.511066091137474,17.557110717457043,1,Mon-Th,3,2025-06-05,Mon-Th,1,9
10,17.008632038412273,3.0018165820478577,1,Mon-Th,3,2025-06-05,Mon-Th,1,9
22,14.046913310614396,28.411676558637136,1,Mon-Th,3,2025-06-05,Mon-Th,1,9
21,8.763587900573594,16.143582453409707,1,Mon-Th,3,2025-06-05,Mon-Th,1,9
0,26.14924211227921,27.336557345904566,1,Mon-Th,3,2025-06-05,Mon-Th,1,9
20,14.737233931944349,12.619656946245904,1,Mon-Th,3,2025-06-05,Mon-Th,1,9
12,40.20171920526795,6.570167340834742,1,Mon-Th,3,2025-06-05,Mon-Th,1,9
17,18.50657985038898,3.493661820467401,1,Mon-Th,3,2025-06-09,Mon-Th,1,6
17,3.4969553842371672,5.714593409844373,1,Mon-Th,3,2025-06-09,Mon-Th,1,6
16,14.83973479315685,5.480984020916134,1,Mon-Th,3,2025-06-09,Mon-Th,1,6
18,17.110363233172535,6.867292678213837,1,Mon-Th,3,2025-06-09,Mon-Th,1,6
18,2.0983544310725337,10.53627233572493,1,Mon-Th,3,2025-06-09,Mon-Th,1,6
20,15.969794874919678,19.980027223164754,1,Mon-Th,3,2025-06-09,Mon-Th,1,6
18,10.716478724001792,25.12944803800308,1,Mon-Th,3,2025-06-10,Mon-Th,1,8
18,2.7970983705186154,11.9933196826303,1,Mon-Th,3,2025-06-10,Mon-Th,1,8
23,10.16610132611272,11.140110494787507,1,Mon-Th,3,2025-06-10,Mon-Th,1,8
17,18.413266983971564,6.477316035199628,1,Mon-Th,3,2025-06-10,Mon-Th,1,8
23,17.367624835609867,37.82227449447208,1,Mon-Th,3,2025-06-10,Mon-Th,1,8
20,10.91899696641769,29.47168324553206,1,Mon-Th,3,2025-06-10,Mon-Th,1,8
17,23.555194886626243,2.372153398815591,1,Mon-Th,3,2025-06-10,Mon-Th,1,8
15,13.259931305980366,18.273725338866782,1,Mon-Th,3,2025-06-10,Mon-Th,1,8
18,15.925055177596409,23.363620869737176,1,Mon-Th,3,2025-06-11,Mon-Th,1,3
14,10.834840815726128,2.716511025932662,1,Mon-Th,3,2025-06-11,Mon-Th,1,3
15,6.741773067802978,12.055245365922456,1,Mon-Th,3,2025-06-11,Mon-Th,1,3
16,31.280383068752343,15.173426882815756,1,Mon-Th,3,2025-06-12,Mon-Th,1,6
12,4.30380852911207,16.293424147906812,1,Mon-Th,3,2025-06-12,Mon-Th,1,6
23,15.133518394199672,18.468976449889954,1,Mon-Th,3,2025-06-12,Mon-Th,1,6
17,14.977250769971842,8.395831376464933,1,Mon-Th,3,2025-06-12,Mon-Th,1,6
11,21.26700133129933,13.99637233803762,1,Mon-Th,3,2025-06-12,Mon-Th,1,6
17,14.240017651054476,12.26960624534508,1,Mon-Th,3,2025-06-12,Mon-Th,1,6
19,26.20195748410018,16.506375029637454,1,Mon-Th,3,2025-06-16,Mon-Th,1,9
16,2.310604100800311,17.03083092547228,1,Mon-Th,3,2025-06-16,Mon-Th,1,9
19,7.7443167977442435,5.793695810417903,1,Mon-Th,3,2025-06-16,Mon-Th,1,9
10,3.7194358090671598,17.644208087461926,1,Mon-Th,3,2025-06-16,Mon-Th,1,9
20,13.02127797790012,9.181003301329847,1,Mon-Th,3,2025-06-16,Mon-Th,1,9
11,4.709391281949934,12.63292252207053,1,Mon-Th,3,2025-06-16,Mon-Th,1,9
20,14.02622487727188,12.29018895630703,1,Mon-Th,3,2025-06-16,Mon-Th,1,9
5,4.3715481447358115,5.4617578424377715,1,Mon-Th,3,2025-06-16,Mon-Th,1,9
15,43.58884486044545,9.669167914202022,1,Mon-Th,3,2025-06-16,Mon-Th,1,9
13,3.356256884423399,22.55278485753251,1,Mon-Th,3,2025-06-17,Mon-Th,1,6
1,2.6012478649465094,18.299728052362124,1,Mon-Th,3,2025-06-17,Mon-Th,1,6
16,13.994861398469645,54.05015855437442,1,Mon-Th,3,2025-06-17,Mon-Th,1,6
15,8.12001097847528,18.709954088476618,1,Mon-Th,3,2025-06-17,Mon-Th,1,6
19,8.040763571347018,20.296907114582325,1,Mon-Th,3,2025-06-17,Mon-Th,1,6
20,13.84699379454106,5.646156008324454,1,Mon-Th,3,2025-06-17,Mon-Th,1,6
15,24.060540782608573,7.169700313189437,1,Mon-Th,3,2025-06-18,Mon-Th,1,7
12,4.748552656352365,18.770489538883623,1,Mon-Th,3,2025-06-18,Mon-Th,1,7
19,13.182258481307432,15.116172403628116,1,Mon-Th,3,2025-06-18,Mon-Th,1,7
15,19.320968462286835,8.882190557711205,1,Mon-Th,3,2025-06-18,Mon-Th,1,7
14,17.80400130594182,20.567905666735015,1,Mon-Th,3,2025-06-18,Mon-Th,1,7
18,32.07620706752441,3.335136386579297,1,Mon-Th,3,2025-06-18,Mon-Th,1,7
23,14.486241925129029,8.845912762402246,1,Mon-Th,3,2025-06-18,Mon-Th,1,7
18,6.323733533712614,7.965597241976907,1,Mon-Th,3,2025-06-19,Mon-Th,1,7
21,16.579357989628686,8.884060067203723,1,Mon-Th,3,2025-06-19,Mon-Th,1,7
18,14.68157657849261,8.205368415973394,1,Mon-Th,3,2025-06-19,Mon-Th,1,7
18,29.5008526554229,27.542804826216084,1,Mon-Th,3,2025-06-19,Mon-Th,1,7
17,12.346260889335095,21.94213449669638,1,Mon-Th,3,2025-06-19,Mon-Th,1,7
18,4.926870674400451,19.75789661184109,1,Mon-Th,3,2025-06-19,Mon-Th,1,7
23,11.101489903108309,45.91306117031623,1,Mon-Th,3,2025-06-19,Mon-Th,1,7
19,17.11852296587807,13.431397590818262,2,Sunday,3,2025-06-22,Sunday,2,14
9,9.193074378289847,2.244833005700235,2,Sunday,3,2025-06-22,Sunday,2,14
19,13.23852863426908,27.251598066494477,2,Sunday,3,2025-06-22,Sunday,2,14
6,15.179620510711679,4.142810712079527,2,Sunday,3,2025-06-22,Sunday,2,14
23,6.018185330973721,20.67501757618498,2,Sunday,3,2025-06-22,Sunday,2,14
17,15.877385215024184,32.807522329137925,2,Sunday,3,2025-06-22,Sunday,2,14
18,14.779280640027551,4.918191231744943,2,Sunday,3,2025-06-22,Sunday,2,14
20,11.786898842045485,12.062469995328977,2,Sunday,3,2025-06-22,Sunday,2,14
1,3.610258459457508,6.883293265060923,2,Sunday,3,2025-06-22,Sunday,2,14
1,6.225111013259796,12.97209684800396,2,Sunday,3,2025-06-22,Sunday,2,14
9,38.75329861777596,17.740252096275388,2,Sunday,3,2025-06-22,Sunday,2,14
17,13.107848048522854,3.480586398603669,2,Sunday,3,2025-06-22,Sunday,2,14
20,2.5467170079994905,6.350338021559741,2,Sunday,3,2025-06-22,Sunday,2,14
12,8.875018997785485,8.857445064703128,2,Sunday,3,2025-06-22,Sunday,2,14
22,24.27605584403266,11.19551673153348,2,Sunday,3,2025-06-29,Sunday,2,11
23,13.046747731757545,15.114326450817506,2,Sunday,3,2025-06-29,Sunday,2,11
1,21.338368965674334,76.29539605255391,2,Sunday,3,2025-06-29,Sunday,2,11
23,7.696211679195982,19.594750912957565,2,Sunday,3,2025-06-29,Sunday,2,11
21,23.00130851736006,1.7439074719688843,2,Sunday,3,2025-06-29,Sunday,2,11
18,8.711902422328231,7.613464535260777,2,Sunday,3,2025-06-29,Sunday,2,11
20,15.909196481447214,15.001004120457294,2,Sunday,3,2025-06-29,Sunday,2,11
12,3.750165855561069,11.827264065536234,2,Sunday,3,2025-06-29,Sunday,2,11
19,2.0831261305937003,1.838939133504219,2,Sunday,3,2025-06-29,Sunday,2,11
0,7.457426024471134,27.008086467635245,2,Sunday,3,2025-06-29,Sunday,2,11
0,13.619590338512435,24.961879084517864,2,Sunday,3,2025-06-29,Sunday,2,11
11,7.825039685709856,6.9572993954660225,2,Sunday,3,2025-07-06,Sunday,2,17
9,3.4753956188399897,4.16398170594623,2,Sunday,3,2025-07-06,Sunday,2,17
23,6.671843022752502,9.600046358265736,2,Sunday,3,2025-07-06,Sunday,2,17
21,38.91554213342579,6.416313603751603,2,Sunday,3,2025-07-06,Sunday,2,17
18,8.837322372715528,5.679278889485508,2,Sunday,3,2025-07-06,Sunday,2,17
1,2.738135122953934,7.100678090969397,2,Sunday,3,2025-07-06,Sunday,2,17
19,15.085527961954625,29.279443335825412,2,Sunday,3,2025-07-06,Sunday,2,17
18,3.2957777804833404,12.762464633554261,2,Sunday,3,2025-07-06,Sunday,2,17
20,17.082764497445293,80.92567051248415,2,Sunday,3,2025-07-06,Sunday,2,17
18,15.987744491843902,3.8484356679452008,2,Sunday,3,2025-07-06,Sunday,2,17
14,7.15270812922877,31.366952410624215,2,Sunday,3,2025-07-06,Sunday,2,17
19,13.313469958723125,9.668515653181549,2,Sunday,3,2025-07-06,Sunday,2,17
15,24.910850066708107,13.533292813851245,2,Sunday,3,2025-07-06,Sunday,2,17
15,10.27817281937853,43.565173446917946,2,Sunday,3,2025-07-06,Sunday,2,17
22,17.40236701476437,24.600219559104847,2,Sunday,3,2025-07-06,Sunday,2,17
19,25.459741372609273,24.715030216143177,2,Sunday,3,2025-07-06,Sunday,2,17
23,15.767798478466798,30.48005760394391,2,Sunday,3,2025-07-06,Sunday,2,17
5,17.596090858432866,26.77382360389448,2,Sunday,3,2025-07-13,Sunday,2,7
16,20.572693262493047,27.728113617636524,2,Sunday,3,2025-07-13,Sunday,2,7
3,3.6735807371056977,0.5771016203819428,2,Sunday,3,2025-07-13,Sunday,2,7
14,43.947813907258556,21.662788198137736,2,Sunday,3,2025-07-13,Sunday,2,7
22,10.258922082330763,24.535908755553812,2,Sunday,3,2025-07-13,Sunday,2,7
16,20.1662376635973,15.493362854676235,2,Sunday,3,2025-07-13,Sunday,2,7
15,14.266585853554929,7.296195928038101,2,Sunday,3,2025-07-13,Sunday,2,7
21,9.515568363630074,5.526668384276445,2,Sunday,3,2025-07-20,Sunday,2,12
3,14.828778938060129,42.63158458947012,2,Sunday,3,2025-07-20,Sunday,2,12
5,12.409151873257073,8.62473860785933,2,Sunday,3,2025-07-20,Sunday,2,12
4,29.619130468803018,45.014849618003424,2,Sunday,3,2025-07-20,Sunday,2,12
16,21.910579022641677,8.177316040225435,2,Sunday,3,2025-07-20,Sunday,2,12
11,2.4706703960239484,7.976241289855748,2,Sunday,3,2025-07-20,Sunday,2,12
18,7.7304840143591935,5.648414349743523,2,Sunday,3,2025-07-20,Sunday,2,12
17,26.074240009656954,12.475675658733813,2,Sunday,3,2025-07-20,Sunday,2,12
12,19.352298916400187,2.5017867323869347,2,Sunday,3,2025-07-20,Sunday,2,12
20,13.658963672620565,14.658095094454156,2,Sunday,3,2025-07-20,Sunday,2,12
22,18.64946901674089,25.726000235012588,2,Sunday,3,2025-07-20,Sunday,2,12
21,11.042791319912588,16.743191771872283,2,Sunday,3,2025-07-20,Sunday,2,12
20,25.90546756227019,31.20681590308804,2,Sunday,3,2025-07-27,Sunday,2,11
18,19.380152534047628,10.842866519057377,2,Sunday,3,2025-07-27,Sunday,2,11
14,24.114680986912255,41.03762949219866,2,Sunday,3,2025-07-27,Sunday,2,11
15,7.3512783519583556,7.530088523819136,2,Sunday,3,2025-07-27,Sunday,2,11
13,4.50336468134371,2.9249266332085204,2,Sunday,3,2025-07-27,Sunday,2,11
15,15.888472856855635,25.827163360976332,2,Sunday,3,2025-07-27,Sunday,2,11
17,23.58956849626677,13.022078825599216,2,Sunday,3,2025-07-27,Sunday,2,11
12,27.218086965316036,27.225488936137697,2,Sunday,3,2025-07-27,Sunday,2,11
10,3.865459195509911,21.30323511347409,2,Sunday,3,2025-07-27,Sunday,2,11
15,24.768370498790716,5.625468377121478,2,Sunday,3,2025-07-27,Sunday,2,11
0,3.2198713370117495,13.419280316257556,2,Sunday,3,2025-07-27,Sunday,2,11
8,6.847738805311617,23.679083124655723,2,Sunday,3,2025-08-03,Sunday,2,11
10,3.8748140054153075,9.65605453111484,2,Sunday,3,2025-08-03,Sunday,2,11
10,4.4001479372173975,4.416621728002284,2,Sunday,3,2025-08-03,Sunday,2,11
17,11.696442951040062,20.984074730423288,2,Sunday,3,2025-08-03,Sunday,2,11
16,2.6297463165985437,6.30585176717647,2,Sunday,3,2025-08-03,Sunday,2,11
0,13.234819803240875,5.580235147397962,2,Sunday,3,2025-08-03,Sunday,2,11
20,71.48188073253105,3.9835537671142207,2,Sunday,3,2025-08-03,Sunday,2,11
22,14.249654806676542,28.275112187161586,2,Sunday,3,2025-08-03,Sunday,2,11
10,17.92494212306523,17.372825648249535,2,Sunday,3,2025-08-03,Sunday,2,11
20,31.308955567069564,7.6609875133103555,2,Sunday,3,2025-08-03,Sunday,2,11
14,3.3743319035307957,2.6591670082463272,2,Sunday,3,2025-08-03,Sunday,2,11
19,13.390166435859133,35.80543640431888,2,Sunday,3,2025-08-10,Sunday,2,16
15,2.360065723508264,12.932509255587695,2,Sunday,3,2025-08-10,Sunday,2,16
22,25.435806182180738,31.530271373144032,2,Sunday,3,2025-08-10,Sunday,2,16
0,37.77848052220537,10.254321111700149,2,Sunday,3,2025-08-10,Sunday,2,16
20,4.660367935690248,10.230628525743171,2,Sunday,3,2025-08-10,Sunday,2,16
18,9.21702695047507,20.208918665950936,2,Sunday,3,2025-08-10,Sunday,2,16
15,2.582501176149084,19.84193123646315,2,Sunday,3,2025-08-10,Sunday,2,16
18,13.946315914791882,21.368494808343797,2,Sunday,3,2025-08-10,Sunday,2,16
9,9.15051654516972,7.57910345327813,2,Sunday,3,2025-08-10,Sunday,2,16
10,2.1315619394565766,19.310440070410134,2,Sunday,3,2025-08-10,Sunday,2,16
10,54.60359820771783,0.7994521739428,2,Sunday,3,2025-08-10,Sunday,2,16
20,11.05558184090421,68.92930634264734,2,Sunday,3,2025-08-10,Sunday,2,16
23,13.322324979480964,11.838503457491932,2,Sunday,3,2025-08-10,Sunday,2,16
15,22.052494269239197,10.89808829269364,2,Sunday,3,2025-08-10,Sunday,2,16
23,18.70774617455247,24.340156215645262,2,Sunday,3,2025-08-10,Sunday,2,16
6,22.748273887232266,22.595222385144602,2,Sunday,3,2025-08-10,Sunday,2,16
4,5.031897351708922,3.8125601669536993,2,Sunday,3,2025-08-17,Sunday,2,9
2,4.06156894687694,15.924919729025094,2,Sunday,3,2025-08-17,Sunday,2,9
23,18.74178668102083,47.45408018686871,2,Sunday,3,2025-08-17,Sunday,2,9
14,13.79029633231763,4.369487921287929,2,Sunday,3,2025-08-17,Sunday,2,9
12,6.365962234134902,22.253604811204887,2,Sunday,3,2025-08-17,Sunday,2,9
8,3.1349818617478853,6.302422595700306,2,Sunday,3,2025-08-17,Sunday,2,9
17,11.806063308557782,5.317699419900989,2,Sunday,3,2025-08-17,Sunday,2,9
20,13.457686209423763,3.9501957649453088,2,Sunday,3,2025-08-17,Sunday,2,9
0,20.704738072162257,7.382826368115811,2,Sunday,3,2025-08-17,Sunday,2,9
0,13.332512770936383,6.486455782713404,2,Sunday,3,2025-08-24,Sunday,2,6
19,13.149963941460026,16.63721491738089,2,Sunday,3,2025-08-24,Sunday,2,6
19,8.474386161096204,34.018577938104194,2,Sunday,3,2025-08-24,Sunday,2,6
19,2.662092637077028,26.021743366646376,2,Sunday,3,2025-08-24,Sunday,2,6
9,15.150509334573709,4.428596623487103,2,Sunday,3,2025-08-24,Sunday,2,6
19,7.099006335347945,6.073897327484521,2,Sunday,3,2025-08-24,Sunday,2,6
13,19.479080017135047,26.4147376767078,2,Sunday,3,2025-08-31,Sunday,2,9
17,28.448312041062298,33.58130674418593,2,Sunday,3,2025-08-31,Sunday,2,9
15,15.688371755653122,10.365975211770333,2,Sunday,3,2025-08-31,Sunday,2,9
7,20.61278918246939,22.46537620757484,2,Sunday,3,2025-08-31,Sunday,2,9
21,13.3439868316594,14.222742544668085,2,Sunday,3,2025-08-31,Sunday,2,9
13,11.606846355155398,12.870534905771963,2,Sunday,3,2025-08-31,Sunday,2,9
13,6.22133220258439,14.379381045034336,2,Sunday,3,2025-08-31,Sunday,2,9
21,12.41851451962605,11.98821908824714,2,Sunday,3,2025-08-31,Sunday,2,9
20,6.290132533145225,9.582900469269166,2,Sunday,3,2025-08-31,Sunday,2,9
18,15.312842412725992,30.531975845512953,2,Sunday,3,2025-09-07,Sunday,2,4
17,9.050985929802028,5.858029504303926,2,Sunday,3,2025-09-07,Sunday,2,4
16,32.23817652833362,4.984813960428558,2,Sunday,3,2025-09-07,Sunday,2,4
16,2.7145243948357014,6.277376784093287,2,Sunday,3,2025-09-07,Sunday,2,4
22,19.83232863819245,16.606808354593902,2,Sunday,3,2025-09-14,Sunday,2,14
10,2.8790200956403744,4.399005735069645,2,Sunday,3,2025-09-14,Sunday,2,14
15,8.165275984992736,8.777812095075484,2,Sunday,3,2025-09-14,Sunday,2,14
23,11.078047982093587,4.1890358923805815,2,Sunday,3,2025-09-14,Sunday,2,14
15,5.430628382493716,32.6561274976745,2,Sunday,3,2025-09-14,Sunday,2,14
17,2.0433500181660205,16.32559063723671,2,Sunday,3,2025-09-14,Sunday,2,14
9,4.488171045606918,4.147708310027252,2,Sunday,3,2025-09-14,Sunday,2,14
22,16.716373245949967,21.08114558507071,2,Sunday,3,2025-09-14,Sunday,2,14
11,3.1652727775499736,28.09624653484468,2,Sunday,3,2025-09-14,Sunday,2,14
14,36.133230495034056,15.747738694727955,2,Sunday,3,2025-09-14,Sunday,2,14
14,8.758540335207405,5.829912862542691,2,Sunday,3,2025-09-14,Sunday,2,14
21,6.502639061317912,11.10930158490048,2,Sunday,3,2025-09-14,Sunday,2,14
18,17.774665701699437,5.3477689135819615,2,Sunday,3,2025-09-14,Sunday,2,14
15,14.32842211307186,42.0019203124721,2,Sunday,3,2025-09-14,Sunday,2,14
19,12.482248248544227,6.536900485141271,2,Sunday,3,2025-09-21,Sunday,2,4
21,13.922665365024791,25.495244879038577,2,Sunday,3,2025-09-21,Sunday,2,4
1,3.5746716132599072,10.943960044368943,2,Sunday,3,2025-09-21,Sunday,2,4
2,3.45730070311758,10.810763583464722,2,Sunday,3,2025-09-21,Sunday,2,4
17,14.232022670024847,20.582671365887855,2,Mon-Th,3,2025-06-23,Mon-Th,2,16
22,12.228437032427266,7.399845437418397,2,Mon-Th,3,2025-06-23,Mon-Th,2,16
13,6.483480915492896,36.142075662408274,2,Mon-Th,3,2025-06-23,Mon-Th,2,16
13,2.183495890559725,4.256932265731472,2,Mon-Th,3,2025-06-23,Mon-Th,2,16
23,27.57081451307435,39.27427400481453,2,Mon-Th,3,2025-06-23,Mon-Th,2,16
20,10.705331260445504,38.07850971646856,2,Mon-Th,3,2025-06-23,Mon-Th,2,16
3,11.088168823049383,3.5333318997587,2,Mon-Th,3,2025-06-23,Mon-Th,2,16
14,88.54773665984428,2.61920558043803,2,Mon-Th,3,2025-06-23,Mon-Th,2,16
16,7.959993377004798,2.6642350173753044,2,Mon-Th,3,2025-06-23,Mon-Th,2,16
14,23.435931779032874,1.001885826135613,2,Mon-Th,3,2025-06-23,Mon-Th,2,16
17,3.290496050428999,14.319602532081438,2,Mon-Th,3,2025-06-23,Mon-Th,2,16
14,6.494048530888091,12.681751684595477,2,Mon-Th,3,2025-06-23,Mon-Th,2,16
13,17.454761387252294,6.229933797711078,2,Mon-Th,3,2025-06-23,Mon-Th,2,16
19,9.8030422900498,13.33035422838337,2,Mon-Th,3,2025-06-23,Mon-Th,2,16
16,8.085647108061433,2.981192716436558,2,Mon-Th,3,2025-06-23,Mon-Th,2,16
19,2.0259768040603574,9.416525844983168,2,Mon-Th,3,2025-06-23,Mon-Th,2,16
8,6.867593561451132,46.534832322027,2,Mon-Th,3,2025-06-24,Mon-Th,2,15
22,9.439619450715256,10.36012776748244,2,Mon-Th,3,2025-06-24,Mon-Th,2,15
23,8.141331656863525,12.703836045859314,2,Mon-Th,3,2025-06-24,Mon-Th,2,15
18,17.589484465372287,36.329070315820104,2,Mon-Th,3,2025-06-24,Mon-Th,2,15
0,22.54408622860171,4.948618509653376,2,Mon-Th,3,2025-06-24,Mon-Th,2,15
6,6.767386970059929,13.376825206556695,2,Mon-Th,3,2025-06-24,Mon-Th,2,15
23,7.569389988126186,22.435713158644276,2,Mon-Th,3,2025-06-24,Mon-Th,2,15
16,12.409585340795722,7.717532239759998,2,Mon-Th,3,2025-06-24,Mon-Th,2,15
21,15.733972743937294,40.659435379253544,2,Mon-Th,3,2025-06-24,Mon-Th,2,15
6,5.405210505521578,7.8091806356679285,2,Mon-Th,3,2025-06-24,Mon-Th,2,15
15,15.373851147443478,0.5990639184309341,2,Mon-Th,3,2025-06-24,Mon-Th,2,15
15,3.0046807901165744,13.794842216321737,2,Mon-Th,3,2025-06-24,Mon-Th,2,15
19,13.670712677647728,17.76592615219473,2,Mon-Th,3,2025-06-24,Mon-Th,2,15
15,4.4083151662584505,13.50919451995532,2,Mon-Th,3,2025-06-24,Mon-Th,2,15
17,13.172943535701275,21.130602744089988,2,Mon-Th,3,2025-06-24,Mon-Th,2,15
18,16.066213452131212,2.1706355204921417,2,Mon-Th,3,2025-06-25,Mon-Th,2,18
19,11.143069208887596,4.4138847381841675,2,Mon-Th,3,2025-06-25,Mon-Th,2,18
16,12.407455329126147,15.027825221112094,2,Mon-Th,3,2025-06-25,Mon-Th,2,18
17,11.921770944410468,5.134527345137027,2,Mon-Th,3,2025-06-25,Mon-Th,2,18
10,10.113702477755766,17.603383439676758,2,Mon-Th,3,2025-06-25,Mon-Th,2,18
19,7.402571115794451,23.541393956373668,2,Mon-Th,3,2025-06-25,Mon-Th,2,18
20,2.0106330753863766,5.752734008546291,2,Mon-Th,3,2025-06-25,Mon-Th,2,18
7,9.19153324408264,15.439355906275798,2,Mon-Th,3,2025-06-25,Mon-Th,2,18
11,23.89459521480802,4.693772093583227,2,Mon-Th,3,2025-06-25,Mon-Th,2,18
8,75.52736036227039,3.7032737243345366,2,Mon-Th,3,2025-06-25,Mon-Th,2,18
20,12.440793681765943,25.488806792835135,2,Mon-Th,3,2025-06-25,Mon-Th,2,18
22,10.766994721339117,10.727847326348925,2,Mon-Th,3,2025-06-25,Mon-Th,2,18
19,8.428448879132873,7.879144219244331,2,Mon-Th,3,2025-06-25,Mon-Th,2,18
14,3.072964684060566,10.323605570455696,2,Mon-Th,3,2025-06-25,Mon-Th,2,18
17,17.986993751182414,13.313776832700679,2,Mon-Th,3,2025-06-25,Mon-Th,2,18
18,39.33275172939728,5.5400152703576495,2,Mon-Th,3,2025-06-25,Mon-Th,2,18
18,11.199023798764564,10.566056521872568,2,Mon-Th,3,2025-06-25,Mon-Th,2,18
5,6.891346681619897,32.87805802884004,2,Mon-Th,3,2025-06-25,Mon-Th,2,18
19,17.317491113140267,44.9899740675269,2,Mon-Th,3,2025-06-26,Mon-Th,2,14
16,15.640496506459254,5.158635470658194,2,Mon-Th,3,2025-06-26,Mon-Th,2,14
10,3.8097880258444894,12.184815528974578,2,Mon-Th,3,2025-06-26,Mon-Th,2,14
3,5.677329654579006,3.4134953896129385,2,Mon-Th,3,2025-06-26,Mon-Th,2,14
14,18.071406652814836,22.84502812163805,2,Mon-Th,3,2025-06-26,Mon-Th,2,14
10,6.531911027282966,7.152266968633155,2,Mon-Th,3,2025-06-26,Mon-Th,2,14
0,3.6699536206175756,10.371098016531674,2,Mon-Th,3,2025-06-26,Mon-Th,2,14
10,8.725034065101156,20.423628839432006,2,Mon-Th,3,2025-06-26,Mon-Th,2,14
12,19.31962347421767,16.879203273510214,2,Mon-Th,3,2025-06-26,Mon-Th,2,14
16,5.107927988998224,4.698282232283424,2,Mon-Th,3,2025-06-26,Mon-Th,2,14
0,7.973548036336561,33.50268435655943,2,Mon-Th,3,2025-06-26,Mon-Th,2,14
23,19.043952840850164,35.15545058309711,2,Mon-Th,3,2025-06-26,Mon-Th,2,14
21,16.58397556372827,8.822050663834201,2,Mon-Th,3,2025-06-26,Mon-Th,2,14
12,4.766954696436006,25.65488429679822,2,Mon-Th,3,2025-06-26,Mon-Th,2,14
19,10.295005965481018,5.747965313062977,2,Mon-Th,3,2025-06-30,Mon-Th,2,16
6,6.288525869059876,10.840096661833536,2,Mon-Th,3,2025-06-30,Mon-Th,2,16
16,16.251207902157557,16.146064453846282,2,Mon-Th,3,2025-06-30,Mon-Th,2,16
17,3.537446928079061,6.539439580165529,2,Mon-Th,3,2025-06-30,Mon-Th,2,16
10,24.54609291762378,8.17688557311744,2,Mon-Th,3,2025-06-30,Mon-Th,2,16
21,7.8291822721836,10.931386695484704,2,Mon-Th,3,2025-06-30,Mon-Th,2,16
20,14.030081401238903,8.05091069973522,2,Mon-Th,3,2025-06-30,Mon-Th,2,16
17,16.449692535486466,10.98894256272849,2,Mon-Th,3,2025-06-30,Mon-Th,2,16
17,8.15852131910761,38.57274962142755,2,Mon-Th,3,2025-06-30,Mon-Th,2,16
18,24.94710319342514,10.980123100367322,2,Mon-Th,3,2025-06-30,Mon-Th,2,16
16,13.47756653736733,10.53590213234261,2,Mon-Th,3,2025-06-30,Mon-Th,2,16
20,2.187468044885158,14.18395680186153,2,Mon-Th,3,2025-06-30,Mon-Th,2,16
15,8.663713265256096,9.676010849550108,2,Mon-Th,3,2025-06-30,Mon-Th,2,16
14,7.393073891921602,9.710256278967412,2,Mon-Th,3,2025-06-30,Mon-Th,2,16
21,16.632040522199844,12.142890545502446,2,Mon-Th,3,2025-06-30,Mon-Th,2,16
21,4.258179273912449,6.504499455809333,2,Mon-Th,3,2025-06-30,Mon-Th,2,16
17,17.531954476265412,7.729932672313359,2,Mon-Th,3,2025-07-01,Mon-Th,2,7
14,13.735051609042216,6.546280989242342,2,Mon-Th,3,2025-07-01,Mon-Th,2,7
11,17.201516988056397,8.39670470785848,2,Mon-Th,3,2025-07-01,Mon-Th,2,7
1,8.993295884608596,30.021855550887913,2,Mon-Th,3,2025-07-01,Mon-Th,2,7
17,16.088641134183664,39.78210843178169,2,Mon-Th,3,2025-07-01,Mon-Th,2,7
14,16.748048928612274,12.030069540916264,2,Mon-Th,3,2025-07-01,Mon-Th,2,7
10,16.194220493963254,17.09808117287687,2,Mon-Th,3,2025-07-01,Mon-Th,2,7
0,119.88168722536729,13.870343919337838,2,Mon-Th,3,2025-07-02,Mon-Th,2,13
16,14.203420327990408,19.926197999947753,2,Mon-Th,3,2025-07-02,Mon-Th,2,13
16,42.49861570013315,4.582897646634958,2,Mon-Th,3,2025-07-02,Mon-Th,2,13
9,15.477065856006057,13.24221036748804,2,Mon-Th,3,2025-07-02,Mon-Th,2,13
20,9.948635282628526,4.564290959840431,2,Mon-Th,3,2025-07-02,Mon-Th,2,13
17,47.51326315327235,1.9070883293144334,2,Mon-Th,3,2025-07-02,Mon-Th,2,13
14,24.30213696819573,3.729655819835415,2,Mon-Th,3,2025-07-02,Mon-Th,2,13
14,32.48550955846507,10.793679953956937,2,Mon-Th,3,2025-07-02,Mon-Th,2,13
14,3.716926461424688,4.280987248366091,2,Mon-Th,3,2025-07-02,Mon-Th,2,13
17,19.82086325614434,6.849908179387995,2,Mon-Th,3,2025-07-02,Mon-Th,2,13
23,10.791866354457067,4.604219560882747,2,Mon-Th,3,2025-07-02,Mon-Th,2,13
16,2.9181049504946746,9.094336418183893,2,Mon-Th,3,2025-07-02,Mon-Th,2,13
15,14.846989368773738,1.639183695352294,2,Mon-Th,3,2025-07-02,Mon-Th,2,13
20,10.456591190455015,11.933084004434809,2,Mon-Th,3,2025-07-03,Mon-Th,2,17
18,19.80598434434093,3.9718453762511174,2,Mon-Th,3,2025-07-03,Mon-Th,2,17
12,9.696211677204598,14.696186230725411,2,Mon-Th,3,2025-07-03,Mon-Th,2,17
18,10.794778678203286,28.643241696469897,2,Mon-Th,3,2025-07-03,Mon-Th,2,17
20,18.889954349729017,3.1333225443760506,2,Mon-Th,3,2025-07-03,Mon-Th,2,17
18,73.87542192938122,12.348054932436828,2,Mon-Th,3,2025-07-03,Mon-Th,2,17
19,93.47278044188924,11.609799932574997,2,Mon-Th,3,2025-07-03,Mon-Th,2,17
16,24.346958483067937,1.50459846671254,2,Mon-Th,3,2025-07-03,Mon-Th,2,17
15,12.844337549045846,13.224196650320117,2,Mon-Th,3,2025-07-03,Mon-Th,2,17
11,2.7690221666203922,11.146482912575948,2,Mon-Th,3,2025-07-03,Mon-Th,2,17
14,2.5323316407079544,7.06986261557814,2,Mon-Th,3,2025-07-03,Mon-Th,2,17
13,119.77568803899591,11.613783047834609,2,Mon-Th,3,2025-07-03,Mon-Th,2,17
23,8.302104946588074,20.80559669466126,2,Mon-Th,3,2025-07-03,Mon-Th,2,17
16,52.196965981066484,2.728864833353179,2,Mon-Th,3,2025-07-03,Mon-Th,2,17
17,2.6013163912740853,10.43546050370969,2,Mon-Th,3,2025-07-03,Mon-Th,2,17
13,12.40665570349065,26.618534168539384,2,Mon-Th,3,2025-07-03,Mon-Th,2,17
0,10.640708598095653,10.296289874019505,2,Mon-Th,3,2025-07-03,Mon-Th,2,17
14,17.9578899319119,38.053728896303674,2,Mon-Th,3,2025-07-07,Mon-Th,2,11
11,54.93430077915818,31.422730856652727,2,Mon-Th,3,2025-07-07,Mon-Th,2,11
21,10.533475331035056,26.504010375970953,2,Mon-Th,3,2025-07-07,Mon-Th,2,11
21,14.789540375722606,22.061816612578728,2,Mon-Th,3,2025-07-07,Mon-Th,2,11
23,7.991809494890294,18.901650303448644,2,Mon-Th,3,2025-07-07,Mon-Th,2,11
12,6.931278207159671,4.169487522985706,2,Mon-Th,3,2025-07-07,Mon-Th,2,11
12,2.527514453249509,11.048886273107005,2,Mon-Th,3,2025-07-07,Mon-Th,2,11
14,20.380732442806348,5.022996804384681,2,Mon-Th,3,2025-07-07,Mon-Th,2,11
17,16.860686674743512,5.762228528322629,2,Mon-Th,3,2025-07-07,Mon-Th,2,11
10,12.33530099341877,1.8953476708390946,2,Mon-Th,3,2025-07-07,Mon-Th,2,11
16,3.4230505496411854,34.63162618542173,2,Mon-Th,3,2025-07-07,Mon-Th,2,11
10,6.883184634249391,17.676312087973965,2,Mon-Th,3,2025-07-08,Mon-Th,2,17
12,14.933691077811357,2.0775499665896167,2,Mon-Th,3,2025-07-08,Mon-Th,2,17
14,4.8833477956842675,6.272546904488251,2,Mon-Th,3,2025-07-08,Mon-Th,2,17
12,13.785603505968549,15.764590064314548,2,Mon-Th,3,2025-07-08,Mon-Th,2,17
13,6.491630129844046,9.925086918448713,2,Mon-Th,3,2025-07-08,Mon-Th,2,17
0,37.42080501741898,13.010930523709295,2,Mon-Th,3,2025-07-08,Mon-Th,2,17
17,11.799897402962689,10.64593061146127,2,Mon-Th,3,2025-07-08,Mon-Th,2,17
20,14.126808054033027,12.097496163631831,2,Mon-Th,3,2025-07-08,Mon-Th,2,17
17,24.98422563183974,80.87603418490215,2,Mon-Th,3,2025-07-08,Mon-Th,2,17
18,11.26807359536597,25.649762342860864,2,Mon-Th,3,2025-07-08,Mon-Th,2,17
17,16.745329052630687,40.324169667381774,2,Mon-Th,3,2025-07-08,Mon-Th,2,17
18,15.921269288636402,47.749633700214154,2,Mon-Th,3,2025-07-08,Mon-Th,2,17
17,14.541353178351482,6.303610458949586,2,Mon-Th,3,2025-07-08,Mon-Th,2,17
5,16.368416488593372,8.146542580080284,2,Mon-Th,3,2025-07-08,Mon-Th,2,17
22,9.905971037837858,6.422280951046485,2,Mon-Th,3,2025-07-08,Mon-Th,2,17
14,5.0294013719947905,7.109418966937368,2,Mon-Th,3,2025-07-08,Mon-Th,2,17
2,12.788641701958792,8.709860509249646,2,Mon-Th,3,2025-07-08,Mon-Th,2,17
0,5.745078896771439,17.379565874395293,2,Mon-Th,3,2025-07-09,Mon-Th,2,9
17,12.533180058951583,13.009535186317876,2,Mon-Th,3,2025-07-09,Mon-Th,2,9
14,2.4840994197298043,30.056569987851223,2,Mon-Th,3,2025-07-09,Mon-Th,2,9
17,18.99659174601443,9.67567937044856,2,Mon-Th,3,2025-07-09,Mon-Th,2,9
19,9.298680636511797,3.512928846083976,2,Mon-Th,3,2025-07-09,Mon-Th,2,9
20,14.44780603967719,6.9289938674926566,2,Mon-Th,3,2025-07-09,Mon-Th,2,9
17,16.274900034398524,10.19828928104941,2,Mon-Th,3,2025-07-09,Mon-Th,2,9
20,26.43970983484574,3.3133291250737056,2,Mon-Th,3,2025-07-09,Mon-Th,2,9
17,12.731607029296836,42.735484115350566,2,Mon-Th,3,2025-07-09,Mon-Th,2,9
12,2.2638002757339657,2.0873307554052523,2,Mon-Th,3,2025-07-10,Mon-Th,2,18
23,13.006780141684718,19.274524914383793,2,Mon-Th,3,2025-07-10,Mon-Th,2,18
18,3.0826161814567152,5.950496575728617,2,Mon-Th,3,2025-07-10,Mon-Th,2,18
15,9.071848867091589,21.65839491760803,2,Mon-Th,3,2025-07-10,Mon-Th,2,18
23,8.441555521030065,33.14443880869667,2,Mon-Th,3,2025-07-10,Mon-Th,2,18
21,12.933788331132067,4.811693272837014,2,Mon-Th,3,2025-07-10,Mon-Th,2,18
14,9.896497500147632,45.174622686108954,2,Mon-Th,3,2025-07-10,Mon-Th,2,18
18,89.02575218649194,20.75608270483335,2,Mon-Th,3,2025-07-10,Mon-Th,2,18
10,5.905338827222252,42.2428080232604,2,Mon-Th,3,2025-07-10,Mon-Th,2,18
0,20.547847490999317,62.21777736519282,2,Mon-Th,3,2025-07-10,Mon-Th,2,18
14,26.522829738102054,15.177649103999004,2,Mon-Th,3,2025-07-10,Mon-Th,2,18
21,11.125277575328976,0.8902222008514408,2,Mon-Th,3,2025-07-10,Mon-Th,2,18
19,14.581566089464516,5.483288263639183,2,Mon-Th,3,2025-07-10,Mon-Th,2,18
13,5.332608391820788,10.47658672072538,2,Mon-Th,3,2025-07-10,Mon-Th,2,18
8,2.7835619575662403,6.382549094582464,2,Mon-Th,3,2025-07-10,Mon-Th,2,18
22,11.040221556845324,14.866638384306578,2,Mon-Th,3,2025-07-10,Mon-Th,2,18
11,66.6400159174875,13.33491718628549,2,Mon-Th,3,2025-07-10,Mon-Th,2,18
20,11.461128295576152,8.57693973994567,2,Mon-Th,3,2025-07-10,Mon-Th,2,18
19,14.155464969692204,11.032655534104695,2,Mon-Th,3,2025-07-14,Mon-Th,2,14
14,17.796720490600084,3.4795080189483514,2,Mon-Th,3,2025-07-14,Mon-Th,2,14
20,9.728517270548256,10.150258016165047,2,Mon-Th,3,2025-07-14,Mon-Th,2,14
18,16.810147421686768,9.908702879232234,2,Mon-Th,3,2025-07-14,Mon-Th,2,14
13,22.83186686166622,8.780370984458177,2,Mon-Th,3,2025-07-14,Mon-Th,2,14
16,15.992658975750082,19.026972247966878,2,Mon-Th,3,2025-07-14,Mon-Th,2,14
17,12.06963931030932,12.97795512362983,2,Mon-Th,3,2025-07-14,Mon-Th,2,14
15,9.713235522406643,17.788978498925808,2,Mon-Th,3,2025-07-14,Mon-Th,2,14
20,14.549260104015175,6.092421457977954,2,Mon-Th,3,2025-07-14,Mon-Th,2,14
15,14.338367930628866,9.5926695971692,2,Mon-Th,3,2025-07-14,Mon-Th,2,14
19,10.650407560003046,33.583221560237746,2,Mon-Th,3,2025-07-14,Mon-Th,2,14
19,11.822094767617163,5.582483840493221,2,Mon-Th,3,2025-07-14,Mon-Th,2,14
19,19.087090885125427,19.194974379669333,2,Mon-Th,3,2025-07-14,Mon-Th,2,14
0,14.220574271443944,13.303714822585919,2,Mon-Th,3,2025-07-14,Mon-Th,2,14
21,13.372924251769252,36.688544815863075,2,Mon-Th,3,2025-07-15,Mon-Th,2,16
4,5.755388538597066,18.332656955044985,2,Mon-Th,3,2025-07-15,Mon-Th,2,16
22,27.55332203912802,4.178607981146258,2,Mon-Th,3,2025-07-15,Mon-Th,2,16
14,41.230459089549186,6.646194054086196,2,Mon-Th,3,2025-07-15,Mon-Th,2,16
20,10.45207196935171,16.61913688931525,2,Mon-Th,3,2025-07-15,Mon-Th,2,16
21,12.908611643736137,8.51704689834967,2,Mon-Th,3,2025-07-15,Mon-Th,2,16
12,11.729022747523068,4.81392993414995,2,Mon-Th,3,2025-07-15,Mon-Th,2,16
14,9.972755746056693,18.036762992618208,2,Mon-Th,3,2025-07-15,Mon-Th,2,16
10,10.002428090615584,3.1633406863430436,2,Mon-Th,3,2025-07-15,Mon-Th,2,16
21,2.9833870272654597,26.59034126619902,2,Mon-Th,3,2025-07-15,Mon-Th,2,16
23,7.383789782187842,3.14095029348358,2,Mon-Th,3,2025-07-15,Mon-Th,2,16
2,22.323475658920678,1.6017050455663313,2,Mon-Th,3,2025-07-15,Mon-Th,2,16
22,13.084760907548194,12.631725585911122,2,Mon-Th,3,2025-07-15,Mon-Th,2,16
23,10.686697932885856,5.8728380996761915,2,Mon-Th,3,2025-07-15,Mon-Th,2,16
4,6.450732078278593,7.566412192145288,2,Mon-Th,3,2025-07-15,Mon-Th,2,16
18,14.534791201479742,27.001695467063655,2,Mon-Th,3,2025-07-15,Mon-Th,2,16
14,3.22951860374991,3.8301168525476745,2,Mon-Th,3,2025-07-16,Mon-Th,2,16
20,19.783924713090123,71.44306006631844,2,Mon-Th,3,2025-07-16,Mon-Th,2,16
17,23.732449984136462,4.151840687763264,2,Mon-Th,3,2025-07-16,Mon-Th,2,16
20,29.330998185334263,10.20704963583898,2,Mon-Th,3,2025-07-16,Mon-Th,2,16
18,16.319407248842477,35.69129948561389,2,Mon-Th,3,2025-07-16,Mon-Th,2,16
14,18.93703947186617,11.280835050345475,2,Mon-Th,3,2025-07-16,Mon-Th,2,16
16,12.639130275370757,30.280924834259253,2,Mon-Th,3,2025-07-16,Mon-Th,2,16
16,13.999855889428051,3.8256202302327944,2,Mon-Th,3,2025-07-16,Mon-Th,2,16
18,10.108780281220373,2.885387125426739,2,Mon-Th,3,2025-07-16,Mon-Th,2,16
22,30.98825717868243,3.4483481949449653,2,Mon-Th,3,2025-07-16,Mon-Th,2,16
23,11.12225265638213,24.594677827717256,2,Mon-Th,3,2025-07-16,Mon-Th,2,16
15,13.80932959152933,35.61862727087766,2,Mon-Th,3,2025-07-16,Mon-Th,2,16
0,3.9568180797869084,8.36194126229741,2,Mon-Th,3,2025-07-16,Mon-Th,2,16
13,6.889193187688822,48.35309731339836,2,Mon-Th,3,2025-07-16,Mon-Th,2,16
17,15.420752807445407,13.515739849264433,2,Mon-Th,3,2025-07-16,Mon-Th,2,16
14,8.94728129911288,18.6847269574826,2,Mon-Th,3,2025-07-16,Mon-Th,2,16
21,24.112711309380373,3.953785611982859,2,Mon-Th,3,2025-07-17,Mon-Th,2,8
19,86.3363286382584,10.540173081940575,2,Mon-Th,3,2025-07-17,Mon-Th,2,8
19,21.855140860648465,2.706897616609095,2,Mon-Th,3,2025-07-17,Mon-Th,2,8
23,18.66454780822359,22.777627432991498,2,Mon-Th,3,2025-07-17,Mon-Th,2,8
20,9.538235846274432,13.890549841463216,2,Mon-Th,3,2025-07-17,Mon-Th,2,8
12,58.33703087470952,8.917339209054504,2,Mon-Th,3,2025-07-17,Mon-Th,2,8
8,58.00307572833302,12.744747881975574,2,Mon-Th,3,2025-07-17,Mon-Th,2,8
19,15.049272750739437,44.58664942208255,2,Mon-Th,3,2025-07-17,Mon-Th,2,8
7,8.76268330129135,11.460379626586244,2,Mon-Th,3,2025-07-21,Mon-Th,2,11
17,44.42908276441924,21.519340437803976,2,Mon-Th,3,2025-07-21,Mon-Th,2,11
22,12.863374350615697,3.9002650584166982,2,Mon-Th,3,2025-07-21,Mon-Th,2,11
0,5.275215011023057,10.69083042870094,2,Mon-Th,3,2025-07-21,Mon-Th,2,11
13,2.4454577336743384,9.109027982627927,2,Mon-Th,3,2025-07-21,Mon-Th,2,11
18,13.76189639480885,6.835291030374122,2,Mon-Th,3,2025-07-21,Mon-Th,2,11
16,14.478740303216544,9.278384211402374,2,Mon-Th,3,2025-07-21,Mon-Th,2,11
17,14.886275383656383,5.067677969978422,2,Mon-Th,3,2025-07-21,Mon-Th,2,11
5,8.015009732897742,32.37994819453613,2,Mon-Th,3,2025-07-21,Mon-Th,2,11
19,12.164095566106909,5.2455734994852845,2,Mon-Th,3,2025-07-21,Mon-Th,2,11
17,19.68743276775636,13.688728562231075,2,Mon-Th,3,2025-07-21,Mon-Th,2,11
21,14.006650114000813,0.8566965236382437,2,Mon-Th,3,2025-07-22,Mon-Th,2,12
16,9.972452601404802,33.98113563788851,2,Mon-Th,3,2025-07-22,Mon-Th,2,12
11,4.8658684646012595,18.876887745975917,2,Mon-Th,3,2025-07-22,Mon-Th,2,12
20,10.83424790555016,9.548916350297297,2,Mon-Th,3,2025-07-22,Mon-Th,2,12
19,45.7239719770956,9.651555133436453,2,Mon-Th,3,2025-07-22,Mon-Th,2,12
22,9.320953007968267,24.73016155375288,2,Mon-Th,3,2025-07-22,Mon-Th,2,12
0,26.398456478750184,10.686605316776271,2,Mon-Th,3,2025-07-22,Mon-Th,2,12
19,12.331328898798876,11.19019730123927,2,Mon-Th,3,2025-07-22,Mon-Th,2,12
20,10.772802416628693,6.406758847106984,2,Mon-Th,3,2025-07-22,Mon-Th,2,12
19,2.032329530449395,8.365530858148189,2,Mon-Th,3,2025-07-22,Mon-Th,2,12
16,2.1711743191444124,15.935025686367563,2,Mon-Th,3,2025-07-22,Mon-Th,2,12
22,11.394520543419944,25.045163953310833,2,Mon-Th,3,2025-07-22,Mon-Th,2,12
22,17.74915503373888,16.822439538160307,2,Mon-Th,3,2025-07-23,Mon-Th,2,15
19,12.314979837709334,20.536141505337053,2,Mon-Th,3,2025-07-23,Mon-Th,2,15
21,8.88392164837814,9.319934082122373,2,Mon-Th,3,2025-07-23,Mon-Th,2,15
18,14.666812957773239,20.006186809817276,2,Mon-Th,3,2025-07-23,Mon-Th,2,15
22,7.0140051294544525,10.524303324604372,2,Mon-Th,3,2025-07-23,Mon-Th,2,15
12,19.545180871712706,16.844050010737725,2,Mon-Th,3,2025-07-23,Mon-Th,2,15
19,22.610900245230493,7.811485906978345,2,Mon-Th,3,2025-07-23,Mon-Th,2,15
15,38.15606449568892,10.414343412035063,2,Mon-Th,3,2025-07-23,Mon-Th,2,15
10,6.232020567597939,34.00239799095718,2,Mon-Th,3,2025-07-23,Mon-Th,2,15
23,17.904793732857033,12.130167320986711,2,Mon-Th,3,2025-07-23,Mon-Th,2,15
0,8.858634862922138,2.1932216956518653,2,Mon-Th,3,2025-07-23,Mon-Th,2,15
14,30.693392777245464,3.7249232714635605,2,Mon-Th,3,2025-07-23,Mon-Th,2,15
22,8.58826456030327,12.101572805336009,2,Mon-Th,3,2025-07-23,Mon-Th,2,15
20,13.199730643899198,28.064002816826495,2,Mon-Th,3,2025-07-23,Mon-Th,2,15
15,2.102619308837121,18.1988013128169,2,Mon-Th,3,2025-07-23,Mon-Th,2,15
21,26.159108863792476,37.5671503091414,2,Mon-Th,3,2025-07-24,Mon-Th,2,9
12,29.841331927092046,39.96177305943306,2,Mon-Th,3,2025-07-24,Mon-Th,2,9
13,8.31298051817921,3.0320004116610146,2,Mon-Th,3,2025-07-24,Mon-Th,2,9
18,14.241634566082762,3.3821162417828825,2,Mon-Th,3,2025-07-24,Mon-Th,2,9
0,7.263264324032107,57.23019871292572,2,Mon-Th,3,2025-07-24,Mon-Th,2,9
9,4.646293113562162,0.5131133741680024,2,Mon-Th,3,2025-07-24,Mon-Th,2,9
13,8.888072057193515,60.00524575107684,2,Mon-Th,3,2025-07-24,Mon-Th,2,9
15,31.424050718102873,10.334935817451885,2,Mon-Th,3,2025-07-24,Mon-Th,2,9
13,4.208188188214326,36.2270207082962,2,Mon-Th,3,2025-07-24,Mon-Th,2,9
18,16.112533839894315,41.65910651988246,2,Mon-Th,3,2025-07-28,Mon-Th,2,15
19,33.37068820576838,48.26483590368044,2,Mon-Th,3,2025-07-28,Mon-Th,2,15
8,2.8931466148063136,32.25859243567277,2,Mon-Th,3,2025-07-28,Mon-Th,2,15
20,17.55223433153763,31.09761632617191,2,Mon-Th,3,2025-07-28,Mon-Th,2,15
13,18.492419412753392,20.83761758070746,2,Mon-Th,3,2025-07-28,Mon-Th,2,15
17,33.177809577702895,16.353637279349634,2,Mon-Th,3,2025-07-28,Mon-Th,2,15
13,18.797091156488932,1.1212006590477304,2,Mon-Th,3,2025-07-28,Mon-Th,2,15
19,16.099199401194582,12.920424251067388,2,Mon-Th,3,2025-07-28,Mon-Th,2,15
16,64.62100759375679,37.232567915663275,2,Mon-Th,3,2025-07-28,Mon-Th,2,15
19,18.063951012018293,28.32625801520167,2,Mon-Th,3,2025-07-28,Mon-Th,2,15
20,13.707871353859371,14.1631333777985,2,Mon-Th,3,2025-07-28,Mon-Th,2,15
20,13.480520328902532,7.134701097347257,2,Mon-Th,3,2025-07-28,Mon-Th,2,15
17,19.27332322013105,7.617545769532572,2,Mon-Th,3,2025-07-28,Mon-Th,2,15
0,10.971714470680748,17.71424987187794,2,Mon-Th,3,2025-07-28,Mon-Th,2,15
17,40.96921062099743,3.2832968385188703,2,Mon-Th,3,2025-07-28,Mon-Th,2,15
18,11.968073673659461,6.365770063651968,2,Mon-Th,3,2025-07-29,Mon-Th,2,12
14,13.9451403937625,8.828827930153391,2,Mon-Th,3,2025-07-29,Mon-Th,2,12
22,16.13672378579451,1.9884192180953117,2,Mon-Th,3,2025-07-29,Mon-Th,2,12
9,13.394902879857806,13.184991048063061,2,Mon-Th,3,2025-07-29,Mon-Th,2,12
15,10.703302967309991,2.865655861747177,2,Mon-Th,3,2025-07-29,Mon-Th,2,12
14,25.55483365053996,2.072272755676373,2,Mon-Th,3,2025-07-29,Mon-Th,2,12
14,18.786109080301465,1.464838896506412,2,Mon-Th,3,2025-07-29,Mon-Th,2,12
16,71.3113965157625,3.442168158230971,2,Mon-Th,3,2025-07-29,Mon-Th,2,12
19,23.42713971607428,41.86408192925318,2,Mon-Th,3,2025-07-29,Mon-Th,2,12
21,5.873000611197034,20.14520673683965,2,Mon-Th,3,2025-07-29,Mon-Th,2,12
19,14.837641853947108,19.13019761604417,2,Mon-Th,3,2025-07-29,Mon-Th,2,12
10,17.832140621566175,17.139089501749805,2,Mon-Th,3,2025-07-29,Mon-Th,2,12
17,13.130634135899665,25.083265861443135,2,Mon-Th,3,2025-07-30,Mon-Th,2,21
16,12.340243430269716,19.397428339624476,2,Mon-Th,3,2025-07-30,Mon-Th,2,21
1,19.595588794671915,18.17193031099033,2,Mon-Th,3,2025-07-30,Mon-Th,2,21
13,6.32554976299968,6.2967258684221115,2,Mon-Th,3,2025-07-30,Mon-Th,2,21
16,15.505145995204458,45.011967128957366,2,Mon-Th,3,2025-07-30,Mon-Th,2,21
20,12.742968222063482,5.998499450103722,2,Mon-Th,3,2025-07-30,Mon-Th,2,21
16,14.535491740168219,7.57848216762045,2,Mon-Th,3,2025-07-30,Mon-Th,2,21
15,13.800374899086208,30.447437870471397,2,Mon-Th,3,2025-07-30,Mon-Th,2,21
16,11.303345366716375,14.332993330202179,2,Mon-Th,3,2025-07-30,Mon-Th,2,21
19,15.908018154814226,7.925862023091464,2,Mon-Th,3,2025-07-30,Mon-Th,2,21
21,14.256535574463499,7.252584153212381,2,Mon-Th,3,2025-07-30,Mon-Th,2,21
15,14.923911207414768,29.57628529197871,2,Mon-Th,3,2025-07-30,Mon-Th,2,21
11,16.99765488067261,28.784428037518975,2,Mon-Th,3,2025-07-30,Mon-Th,2,21
18,10.964381005413863,56.44183309028163,2,Mon-Th,3,2025-07-30,Mon-Th,2,21
21,11.319626458968873,22.889131395260943,2,Mon-Th,3,2025-07-30,Mon-Th,2,21
21,16.040326503771855,14.329881617071624,2,Mon-Th,3,2025-07-30,Mon-Th,2,21
7,4.907017119930994,18.681286377457134,2,Mon-Th,3,2025-07-30,Mon-Th,2,21
10,21.359640229831996,2.0360727163034005,2,Mon-Th,3,2025-07-30,Mon-Th,2,21
16,6.863458406314349,8.071882957388594,2,Mon-Th,3,2025-07-30,Mon-Th,2,21
9,20.92054327755995,29.885457071280793,2,Mon-Th,3,2025-07-30,Mon-Th,2,21
4,14.887239593674412,16.2004244149165,2,Mon-Th,3,2025-07-30,Mon-Th,2,21
16,11.800323139278753,3.766301883675805,2,Mon-Th,3,2025-07-31,Mon-Th,2,18
7,2.3570393303513995,3.9074479391228873,2,Mon-Th,3,2025-07-31,Mon-Th,2,18
21,15.739466541350264,9.250138841562128,2,Mon-Th,3,2025-07-31,Mon-Th,2,18
12,2.6523954803473453,3.2934936829444084,2,Mon-Th,3,2025-07-31,Mon-Th,2,18
20,13.219750234961403,12.329263303558838,2,Mon-Th,3,2025-07-31,Mon-Th,2,18
19,11.405842479748639,47.717926178500036,2,Mon-Th,3,2025-07-31,Mon-Th,2,18
22,9.374748341900712,12.511035370859222,2,Mon-Th,3,2025-07-31,Mon-Th,2,18
19,10.036399074638343,24.091601958112523,2,Mon-Th,3,2025-07-31,Mon-Th,2,18
16,3.5390015013229146,6.558105142266373,2,Mon-Th,3,2025-07-31,Mon-Th,2,18
15,18.31632516868566,24.240827462371882,2,Mon-Th,3,2025-07-31,Mon-Th,2,18
20,2.9197348205925704,31.08813170403329,2,Mon-Th,3,2025-07-31,Mon-Th,2,18
11,10.56392937232308,0.5159032929434123,2,Mon-Th,3,2025-07-31,Mon-Th,2,18
16,19.902497844588073,16.803247245217673,2,Mon-Th,3,2025-07-31,Mon-Th,2,18
16,2.4682965585424923,2.910538556672134,2,Mon-Th,3,2025-07-31,Mon-Th,2,18
9,13.026160133844321,4.284340804321137,2,Mon-Th,3,2025-07-31,Mon-Th,2,18
0,11.059638357344244,10.83092064344076,2,Mon-Th,3,2025-07-31,Mon-Th,2,18
16,17.30970731397693,19.85319944552412,2,Mon-Th,3,2025-07-31,Mon-Th,2,18
13,5.511730589262493,26.358012278228394,2,Mon-Th,3,2025-07-31,Mon-Th,2,18
19,13.693162448533926,18.874831694198665,2,Mon-Th,3,2025-08-04,Mon-Th,2,15
17,6.881988642802141,11.324758589781512,2,Mon-Th,3,2025-08-04,Mon-Th,2,15
14,6.937400076813791,7.536689813925653,2,Mon-Th,3,2025-08-04,Mon-Th,2,15
7,17.038664079346404,22.051301191479595,2,Mon-Th,3,2025-08-04,Mon-Th,2,15
14,27.12672779888444,11.741670827867933,2,Mon-Th,3,2025-08-04,Mon-Th,2,15
18,11.702528796246167,16.447713691601088,2,Mon-Th,3,2025-08-04,Mon-Th,2,15
17,14.955532304218892,9.198956997903826,2,Mon-Th,3,2025-08-04,Mon-Th,2,15
6,25.10211597561655,3.2835315147713855,2,Mon-Th,3,2025-08-04,Mon-Th,2,15
15,9.648328734739323,7.957110373536228,2,Mon-Th,3,2025-08-04,Mon-Th,2,15
23,3.69497639067751,22.80143966090054,2,Mon-Th,3,2025-08-04,Mon-Th,2,15
12,25.84074100646591,16.269125615121844,2,Mon-Th,3,2025-08-04,Mon-Th,2,15
15,12.67793373958224,4.884970116451698,2,Mon-Th,3,2025-08-04,Mon-Th,2,15
21,10.280871019602504,29.122419646833826,2,Mon-Th,3,2025-08-04,Mon-Th,2,15
15,26.765282411586178,27.66319090248379,2,Mon-Th,3,2025-08-04,Mon-Th,2,15
15,23.290020755104468,15.022729085950884,2,Mon-Th,3,2025-08-04,Mon-Th,2,15
16,8.528032413512808,10.43349427067168,2,Mon-Th,3,2025-08-05,Mon-Th,2,12
22,18.394415067001027,6.511747145826565,2,Mon-Th,3,2025-08-05,Mon-Th,2,12
14,5.122433056874941,11.387830852538155,2,Mon-Th,3,2025-08-05,Mon-Th,2,12
16,17.07889903916015,9.239108954332156,2,Mon-Th,3,2025-08-05,Mon-Th,2,12
3,8.343260956860846,8.53434993286847,2,Mon-Th,3,2025-08-05,Mon-Th,2,12
3,28.348284675274975,7.663671866884439,2,Mon-Th,3,2025-08-05,Mon-Th,2,12
15,45.09047897191226,31.55419765980703,2,Mon-Th,3,2025-08-05,Mon-Th,2,12
16,7.8850908059805995,14.030676214242023,2,Mon-Th,3,2025-08-05,Mon-Th,2,12
15,22.534736256996812,7.151113919324057,2,Mon-Th,3,2025-08-05,Mon-Th,2,12
18,13.732865717934018,17.71906822613908,2,Mon-Th,3,2025-08-05,Mon-Th,2,12
22,23.15250765947955,14.809108026671007,2,Mon-Th,3,2025-08-05,Mon-Th,2,12
21,10.121484351557363,12.635079987251764,2,Mon-Th,3,2025-08-05,Mon-Th,2,12
14,85.15154477128459,0.5333114280916572,2,Mon-Th,3,2025-08-06,Mon-Th,2,15
9,8.645064273081523,9.210502624167784,2,Mon-Th,3,2025-08-06,Mon-Th,2,15
14,17.292410220516235,61.63527147536812,2,Mon-Th,3,2025-08-06,Mon-Th,2,15
15,12.542573017910957,3.870447516565262,2,Mon-Th,3,2025-08-06,Mon-Th,2,15
16,47.92105862162411,15.329848218493453,2,Mon-Th,3,2025-08-06,Mon-Th,2,15
11,29.563188276836208,10.934424220847756,2,Mon-Th,3,2025-08-06,Mon-Th,2,15
12,7.951642880488504,7.5167038919273175,2,Mon-Th,3,2025-08-06,Mon-Th,2,15
1,12.897638241894128,6.873793175762622,2,Mon-Th,3,2025-08-06,Mon-Th,2,15
14,22.19607575324693,9.118357573453,2,Mon-Th,3,2025-08-06,Mon-Th,2,15
14,32.406315031423304,6.941258605260585,2,Mon-Th,3,2025-08-06,Mon-Th,2,15
19,12.211683905134255,6.879839572191206,2,Mon-Th,3,2025-08-06,Mon-Th,2,15
1,14.18929504362503,10.925670639660018,2,Mon-Th,3,2025-08-06,Mon-Th,2,15
12,9.198790708215594,5.897978804507501,2,Mon-Th,3,2025-08-06,Mon-Th,2,15
15,8.162524716571644,22.838270302085565,2,Mon-Th,3,2025-08-06,Mon-Th,2,15
21,10.687622177180742,4.803440686184462,2,Mon-Th,3,2025-08-06,Mon-Th,2,15
13,9.802685285237061,4.494462815864139,2,Mon-Th,3,2025-08-07,Mon-Th,2,14
12,3.2148534710939547,30.99736193194112,2,Mon-Th,3,2025-08-07,Mon-Th,2,14
13,3.6880520652335482,9.473990188381245,2,Mon-Th,3,2025-08-07,Mon-Th,2,14
23,11.98739988270319,12.09760614936078,2,Mon-Th,3,2025-08-07,Mon-Th,2,14
19,10.836706996589133,17.09633913473064,2,Mon-Th,3,2025-08-07,Mon-Th,2,14
11,4.029083192061451,9.631420042387253,2,Mon-Th,3,2025-08-07,Mon-Th,2,14
18,12.21021147218936,13.971509080456395,2,Mon-Th,3,2025-08-07,Mon-Th,2,14
11,8.909948113843889,6.664820734094628,2,Mon-Th,3,2025-08-07,Mon-Th,2,14
16,12.017796278475455,26.428506354413162,2,Mon-Th,3,2025-08-07,Mon-Th,2,14
10,14.693412245113368,10.957381366633092,2,Mon-Th,3,2025-08-07,Mon-Th,2,14
21,6.0350570000882,29.449883523851128,2,Mon-Th,3,2025-08-07,Mon-Th,2,14
20,10.10979521811544,27.810248407615816,2,Mon-Th,3,2025-08-07,Mon-Th,2,14
0,12.243010980470306,21.467090365250943,2,Mon-Th,3,2025-08-07,Mon-Th,2,14
14,13.05128290390346,3.7126037595580144,2,Mon-Th,3,2025-08-07,Mon-Th,2,14
19,14.85277484338837,5.861537083139656,2,Mon-Th,3,2025-08-11,Mon-Th,2,17
14,27.76585278816272,12.966958344176163,2,Mon-Th,3,2025-08-11,Mon-Th,2,17
16,31.793498117919487,10.15157967209393,2,Mon-Th,3,2025-08-11,Mon-Th,2,17
21,4.5352681050708625,45.94378178592418,2,Mon-Th,3,2025-08-11,Mon-Th,2,17
14,5.583676118439788,52.75926206098647,2,Mon-Th,3,2025-08-11,Mon-Th,2,17
5,4.7563966715297745,14.332732136023761,2,Mon-Th,3,2025-08-11,Mon-Th,2,17
8,2.7288056822382174,4.99346155416945,2,Mon-Th,3,2025-08-11,Mon-Th,2,17
12,25.746570719905666,10.957088463111957,2,Mon-Th,3,2025-08-11,Mon-Th,2,17
17,12.876435116599428,19.020916635575116,2,Mon-Th,3,2025-08-11,Mon-Th,2,17
17,9.750916284049243,9.317929008795469,2,Mon-Th,3,2025-08-11,Mon-Th,2,17
9,12.920232361379117,6.260941614795538,2,Mon-Th,3,2025-08-11,Mon-Th,2,17
0,15.538675771288375,6.060061045062834,2,Mon-Th,3,2025-08-11,Mon-Th,2,17
22,4.432008283566617,19.005621294505588,2,Mon-Th,3,2025-08-11,Mon-Th,2,17
21,11.867848382926365,38.08933320271969,2,Mon-Th,3,2025-08-11,Mon-Th,2,17
10,4.183162333900983,6.798845876032595,2,Mon-Th,3,2025-08-11,Mon-Th,2,17
21,7.297140663381386,3.868296474828208,2,Mon-Th,3,2025-08-11,Mon-Th,2,17
21,11.502081529545823,16.430960212172206,2,Mon-Th,3,2025-08-11,Mon-Th,2,17
15,16.424447349301328,14.743146252313766,2,Mon-Th,3,2025-08-12,Mon-Th,2,14
16,13.281143859024585,5.045501502132609,2,Mon-Th,3,2025-08-12,Mon-Th,2,14
17,34.05099007035895,11.13635173425413,2,Mon-Th,3,2025-08-12,Mon-Th,2,14
19,2.0441807779951433,13.761722185254241,2,Mon-Th,3,2025-08-12,Mon-Th,2,14
15,2.73385479913516,10.754968340505204,2,Mon-Th,3,2025-08-12,Mon-Th,2,14
9,7.378144618422662,2.1672479994079,2,Mon-Th,3,2025-08-12,Mon-Th,2,14
19,13.815832887019852,8.92627482879624,2,Mon-Th,3,2025-08-12,Mon-Th,2,14
6,8.474402711782256,16.05700253890261,2,Mon-Th,3,2025-08-12,Mon-Th,2,14
13,27.35036635978338,14.062242541274658,2,Mon-Th,3,2025-08-12,Mon-Th,2,14
15,43.178191299741414,13.63929146655659,2,Mon-Th,3,2025-08-12,Mon-Th,2,14
9,39.0348786670689,13.063858205418978,2,Mon-Th,3,2025-08-12,Mon-Th,2,14
13,26.269400601913357,14.037324756672382,2,Mon-Th,3,2025-08-12,Mon-Th,2,14
16,19.501073601010436,13.620346009797247,2,Mon-Th,3,2025-08-12,Mon-Th,2,14
15,6.4456593297631954,27.3387811651766,2,Mon-Th,3,2025-08-12,Mon-Th,2,14
4,2.7462595216654613,3.881252283047238,2,Mon-Th,3,2025-08-13,Mon-Th,2,20
18,8.619279362779434,3.11576895668719,2,Mon-Th,3,2025-08-13,Mon-Th,2,20
20,7.015077127946261,13.52271454087922,2,Mon-Th,3,2025-08-13,Mon-Th,2,20
19,11.226387136365233,5.0122501684227405,2,Mon-Th,3,2025-08-13,Mon-Th,2,20
18,28.040402476501164,5.360615571435348,2,Mon-Th,3,2025-08-13,Mon-Th,2,20
20,14.719959923859395,47.49399743632093,2,Mon-Th,3,2025-08-13,Mon-Th,2,20
16,9.995045429458507,4.405979796495308,2,Mon-Th,3,2025-08-13,Mon-Th,2,20
23,15.036958648137237,14.861699939032677,2,Mon-Th,3,2025-08-13,Mon-Th,2,20
12,2.7653339207403898,5.060654346559527,2,Mon-Th,3,2025-08-13,Mon-Th,2,20
17,14.01325339245706,10.417934276840162,2,Mon-Th,3,2025-08-13,Mon-Th,2,20
19,8.040684198807554,5.706371619784016,2,Mon-Th,3,2025-08-13,Mon-Th,2,20
12,3.7830716945681173,23.309822014891548,2,Mon-Th,3,2025-08-13,Mon-Th,2,20
16,16.837689075198632,6.008932323198253,2,Mon-Th,3,2025-08-13,Mon-Th,2,20
17,31.640616855854596,10.914800084956138,2,Mon-Th,3,2025-08-13,Mon-Th,2,20
5,11.58940090981515,15.329370070782804,2,Mon-Th,3,2025-08-13,Mon-Th,2,20
21,9.995024272459474,37.00403312274928,2,Mon-Th,3,2025-08-13,Mon-Th,2,20
12,19.049412606491234,8.00044157721198,2,Mon-Th,3,2025-08-13,Mon-Th,2,20
0,2.9561510083406812,5.408101923480814,2,Mon-Th,3,2025-08-13,Mon-Th,2,20
5,18.756367654253687,5.2078775659010415,2,Mon-Th,3,2025-08-13,Mon-Th,2,20
23,11.980085097762114,4.309322784870241,2,Mon-Th,3,2025-08-13,Mon-Th,2,20
14,4.165545070686093,6.223672995329694,2,Mon-Th,3,2025-08-14,Mon-Th,2,17
2,4.680012873337464,6.352737519693192,2,Mon-Th,3,2025-08-14,Mon-Th,2,17
19,14.47042352280344,23.04032937946498,2,Mon-Th,3,2025-08-14,Mon-Th,2,17
21,24.409763381260365,41.78743816506013,2,Mon-Th,3,2025-08-14,Mon-Th,2,17
19,12.578255845786767,21.195822956001027,2,Mon-Th,3,2025-08-14,Mon-Th,2,17
23,13.507368643849837,5.5173096654389155,2,Mon-Th,3,2025-08-14,Mon-Th,2,17
16,7.388540651304372,2.6251553729919888,2,Mon-Th,3,2025-08-14,Mon-Th,2,17
2,6.534210081540454,62.26400302902299,2,Mon-Th,3,2025-08-14,Mon-Th,2,17
6,14.859184638493126,25.710975150708475,2,Mon-Th,3,2025-08-14,Mon-Th,2,17
17,4.155659896269934,8.872310206258195,2,Mon-Th,3,2025-08-14,Mon-Th,2,17
21,10.499722278369038,8.465894212491765,2,Mon-Th,3,2025-08-14,Mon-Th,2,17
0,22.327442879298747,85.5968849186067,2,Mon-Th,3,2025-08-14,Mon-Th,2,17
22,16.657430934658233,39.506982223595024,2,Mon-Th,3,2025-08-14,Mon-Th,2,17
19,23.934222254982608,17.766012296454367,2,Mon-Th,3,2025-08-14,Mon-Th,2,17
9,15.376662640400621,7.15755703764683,2,Mon-Th,3,2025-08-14,Mon-Th,2,17
18,25.138601765625616,43.46660507943566,2,Mon-Th,3,2025-08-14,Mon-Th,2,17
20,11.840903978038373,9.21759973585457,2,Mon-Th,3,2025-08-14,Mon-Th,2,17
19,32.98365948670429,12.639182237633145,2,Mon-Th,3,2025-08-18,Mon-Th,2,11
17,14.604148614804554,5.52298089056187,2,Mon-Th,3,2025-08-18,Mon-Th,2,11
1,14.173056384657798,7.156046658443535,2,Mon-Th,3,2025-08-18,Mon-Th,2,11
18,16.95551926205555,1.6756520433823408,2,Mon-Th,3,2025-08-18,Mon-Th,2,11
11,22.592427662702526,15.266065067861328,2,Mon-Th,3,2025-08-18,Mon-Th,2,11
16,15.774936570963717,5.394617680131583,2,Mon-Th,3,2025-08-18,Mon-Th,2,11
18,18.491043685872555,38.4860132722232,2,Mon-Th,3,2025-08-18,Mon-Th,2,11
20,4.0864481137809445,26.860948645904674,2,Mon-Th,3,2025-08-18,Mon-Th,2,11
8,3.620516504850658,26.695457725362907,2,Mon-Th,3,2025-08-18,Mon-Th,2,11
9,2.812053895745949,21.177582411337845,2,Mon-Th,3,2025-08-18,Mon-Th,2,11
5,14.403197814857943,6.657271498488052,2,Mon-Th,3,2025-08-18,Mon-Th,2,11
19,15.34015233308213,16.508128998144773,2,Mon-Th,3,2025-08-19,Mon-Th,2,17
18,17.34592863470823,7.0831900725578025,2,Mon-Th,3,2025-08-19,Mon-Th,2,17
16,17.18076622752656,20.259468140250362,2,Mon-Th,3,2025-08-19,Mon-Th,2,17
17,25.122288799546695,12.816243080303558,2,Mon-Th,3,2025-08-19,Mon-Th,2,17
18,9.61067236898591,25.629958649807012,2,Mon-Th,3,2025-08-19,Mon-Th,2,17
23,8.509370965545429,10.368735505628761,2,Mon-Th,3,2025-08-19,Mon-Th,2,17
14,3.2221256032561696,14.664961819996442,2,Mon-Th,3,2025-08-19,Mon-Th,2,17
16,71.3721460772765,8.737788309529389,2,Mon-Th,3,2025-08-19,Mon-Th,2,17
15,7.387521360957805,24.088541120728472,2,Mon-Th,3,2025-08-19,Mon-Th,2,17
11,17.67786500054603,28.784213650494305,2,Mon-Th,3,2025-08-19,Mon-Th,2,17
17,29.165520682081258,36.13652147924671,2,Mon-Th,3,2025-08-19,Mon-Th,2,17
19,13.13086996917118,11.182360136222758,2,Mon-Th,3,2025-08-19,Mon-Th,2,17
18,58.2463096746072,1.2904910507995924,2,Mon-Th,3,2025-08-19,Mon-Th,2,17
22,12.794910947410173,46.381677510264694,2,Mon-Th,3,2025-08-19,Mon-Th,2,17
17,18.699355815444765,4.753431969720018,2,Mon-Th,3,2025-08-19,Mon-Th,2,17
15,12.033815841552503,1.631334491198069,2,Mon-Th,3,2025-08-19,Mon-Th,2,17
19,9.83005467650445,5.044867966183577,2,Mon-Th,3,2025-08-19,Mon-Th,2,17
17,2.1440615593647028,10.510493688017013,2,Friday,3,2025-06-27,Friday,2,6
13,49.97819101371374,12.744141326773189,2,Friday,3,2025-06-27,Friday,2,6
15,30.32536245010717,1.2712923551896411,2,Friday,3,2025-06-27,Friday,2,6
20,12.41584534364278,22.243053957178134,2,Friday,3,2025-06-27,Friday,2,6
23,11.90446895473385,21.06592286075922,2,Friday,3,2025-06-27,Friday,2,6
8,16.139284023176124,36.396866851623564,2,Friday,3,2025-06-27,Friday,2,6
6,9.283846909861229,1.7561321248927475,2,Friday,3,2025-07-04,Friday,2,16
10,5.873904971245848,31.730981143279024,2,Friday,3,2025-07-04,Friday,2,16
12,7.122711891531631,7.389995290073455,2,Friday,3,2025-07-04,Friday,2,16
13,20.38646657552091,14.54429257863559,2,Friday,3,2025-07-04,Friday,2,16
12,24.964475553611415,41.44214211363886,2,Friday,3,2025-07-04,Friday,2,16
18,16.72957656137708,47.73168542972232,2,Friday,3,2025-07-04,Friday,2,16
14,53.64567964033707,15.514242839178175,2,Friday,3,2025-07-04,Friday,2,16
19,13.08994301477652,8.276234389229456,2,Friday,3,2025-07-04,Friday,2,16
8,47.330552264287014,7.588308775118987,2,Friday,3,2025-07-04,Friday,2,16
15,25.33207819499349,5.579141962293735,2,Friday,3,2025-07-04,Friday,2,16
0,22.435470196275258,18.517220305076492,2,Friday,3,2025-07-04,Friday,2,16
14,25.27536797005745,5.804425985493034,2,Friday,3,2025-07-04,Friday,2,16
14,43.9617248951261,9.794769056573429,2,Friday,3,2025-07-04,Friday,2,16
16,24.369643988058282,23.997607237829452,2,Friday,3,2025-07-04,Friday,2,16
16,2.281480516095534,17.520874315281304,2,Friday,3,2025-07-04,Friday,2,16
16,16.614853192214024,26.437089736709414,2,Friday,3,2025-07-04,Friday,2,16
20,7.705299474990637,11.642460093530993,2,Friday,3,2025-07-11,Friday,2,11
0,7.558732664191674,10.807022526457052,2,Friday,3,2025-07-11,Friday,2,11
11,52.874793623532774,32.3652675178751,2,Friday,3,2025-07-11,Friday,2,11
13,39.7506880781371,11.922848021929845,2,Friday,3,2025-07-11,Friday,2,11
18,20.893110915127988,8.35314684698676,2,Friday,3,2025-07-11,Friday,2,11
22,13.688828570163501,9.287804487276087,2,Friday,3,2025-07-11,Friday,2,11
6,23.224345181547395,8.50116587391722,2,Friday,3,2025-07-11,Friday,2,11
17,29.320463211506112,5.456837090057707,2,Friday,3,2025-07-11,Friday,2,11
17,14.536931793004229,7.257118703859554,2,Friday,3,2025-07-11,Friday,2,11
16,15.67246292044248,26.14187934517729,2,Friday,3,2025-07-11,Friday,2,11
17,5.466024182182133,3.294710990616733,2,Friday,3,2025-07-11,Friday,2,11
16,37.66394632885204,13.903099086298885,2,Friday,3,2025-07-18,Friday,2,17
17,20.81783017913917,44.009307872075354,2,Friday,3,2025-07-18,Friday,2,17
22,32.814994797562804,17.33501874601216,2,Friday,3,2025-07-18,Friday,2,17
21,10.344800702221903,2.1887062284719354,2,Friday,3,2025-07-18,Friday,2,17
16,14.024186279421535,2.6655882313789006,2,Friday,3,2025-07-18,Friday,2,17
17,34.53987447145886,2.145926968697317,2,Friday,3,2025-07-18,Friday,2,17
11,16.38055063594007,48.370169297657434,2,Friday,3,2025-07-18,Friday,2,17
15,22.111129892842794,12.536627905496406,2,Friday,3,2025-07-18,Friday,2,17
9,14.363236101032765,10.834334844129868,2,Friday,3,2025-07-18,Friday,2,17
14,31.243999882412815,25.186718720921085,2,Friday,3,2025-07-18,Friday,2,17
16,17.350900928467347,11.468372784367082,2,Friday,3,2025-07-18,Friday,2,17
21,12.47726406407683,5.089221043739328,2,Friday,3,2025-07-18,Friday,2,17
14,7.688360805434681,13.168941987202155,2,Friday,3,2025-07-18,Friday,2,17
18,30.567403354606206,11.43660370672195,2,Friday,3,2025-07-18,Friday,2,17
15,9.559590435652737,42.1731100496825,2,Friday,3,2025-07-18,Friday,2,17
23,17.67559783437774,34.40537342427536,2,Friday,3,2025-07-18,Friday,2,17
14,4.861748239845291,18.824862715408027,2,Friday,3,2025-07-18,Friday,2,17
18,8.861889209180774,11.937350996716345,2,Friday,3,2025-07-25,Friday,2,12
15,8.41456178813953,16.282611758434662,2,Friday,3,2025-07-25,Friday,2,12
22,15.272815865187084,14.651628870268505,2,Friday,3,2025-07-25,Friday,2,12
16,17.176716203701627,14.041265032716797,2,Friday,3,2025-07-25,Friday,2,12
12,18.38108991152958,2.7957035267871193,2,Friday,3,2025-07-25,Friday,2,12
15,37.219702663101664,5.493157688982148,2,Friday,3,2025-07-25,Friday,2,12
7,37.125988071070616,33.42513681385486,2,Friday,3,2025-07-25,Friday,2,12
11,8.20197669877708,30.272867160052794,2,Friday,3,2025-07-25,Friday,2,12
23,28.85582855122266,34.514145802738064,2,Friday,3,2025-07-25,Friday,2,12
16,10.769705301500728,0.8561399806806413,2,Friday,3,2025-07-25,Friday,2,12
13,5.577663305189407,7.057448176033365,2,Friday,3,2025-07-25,Friday,2,12
21,16.907947596521144,2.439430289322141,2,Friday,3,2025-07-25,Friday,2,12
18,20.795604953542444,9.465092936198763,2,Friday,3,2025-08-01,Friday,2,18
19,26.42317518862744,17.31129522833079,2,Friday,3,2025-08-01,Friday,2,18
15,13.760533972359664,51.444597326154685,2,Friday,3,2025-08-01,Friday,2,18
14,28.652695516888468,5.875011724560091,2,Friday,3,2025-08-01,Friday,2,18
15,7.722413368705981,3.0463655683351716,2,Friday,3,2025-08-01,Friday,2,18
11,9.55872314542075,5.459988352996926,2,Friday,3,2025-08-01,Friday,2,18
11,34.54202751750394,2.7967134445647313,2,Friday,3,2025-08-01,Friday,2,18
16,22.309700521482338,18.380553680286916,2,Friday,3,2025-08-01,Friday,2,18
17,23.93342868006451,34.91332230204716,2,Friday,3,2025-08-01,Friday,2,18
12,5.686480243082849,7.9520282641644355,2,Friday,3,2025-08-01,Friday,2,18
12,83.35991142212283,2.3478902914753674,2,Friday,3,2025-08-01,Friday,2,18
1,3.779741160015319,6.043137705834494,2,Friday,3,2025-08-01,Friday,2,18
19,12.48310869731933,20.299674419585426,2,Friday,3,2025-08-01,Friday,2,18
17,22.3846520347671,6.912254614392646,2,Friday,3,2025-08-01,Friday,2,18
20,29.148926626490788,48.47333941437339,2,Friday,3,2025-08-01,Friday,2,18
12,6.21020765101776,3.114356468919228,2,Friday,3,2025-08-01,Friday,2,18
15,31.211921605286058,29.697448323920717,2,Friday,3,2025-08-01,Friday,2,18
13,13.799324263297315,15.961807935994202,2,Friday,3,2025-08-01,Friday,2,18
18,74.50379836733624,25.464884725002367,2,Friday,3,2025-08-08,Friday,2,20
3,8.133273358944678,17.39856993630627,2,Friday,3,2025-08-08,Friday,2,20
14,8.41110152682826,28.734705717824696,2,Friday,3,2025-08-08,Friday,2,20
15,18.679617413666023,18.107586623893187,2,Friday,3,2025-08-08,Friday,2,20
20,9.653118318853274,18.9954874557327,2,Friday,3,2025-08-08,Friday,2,20
23,12.95073964140926,25.48832227881652,2,Friday,3,2025-08-08,Friday,2,20
2,18.798882666706557,29.318677950961497,2,Friday,3,2025-08-08,Friday,2,20
17,19.41076140469429,28.733751115862923,2,Friday,3,2025-08-08,Friday,2,20
19,33.70776995859333,9.504876529754752,2,Friday,3,2025-08-08,Friday,2,20
11,22.212557145653697,4.914774955653579,2,Friday,3,2025-08-08,Friday,2,20
19,23.619583652005854,3.7642858185193058,2,Friday,3,2025-08-08,Friday,2,20
6,7.695626650739314,4.291210521499967,2,Friday,3,2025-08-08,Friday,2,20
14,5.08958267269842,6.962921329262719,2,Friday,3,2025-08-08,Friday,2,20
10,18.79474343394726,46.837964724104495,2,Friday,3,2025-08-08,Friday,2,20
13,2.6652610697786256,4.047521028345592,2,Friday,3,2025-08-08,Friday,2,20
17,23.21807169011302,7.491423944079686,2,Friday,3,2025-08-08,Friday,2,20
14,17.196675289237348,16.98980754612782,2,Friday,3,2025-08-08,Friday,2,20
19,18.56588194839517,53.216210947518306,2,Friday,3,2025-08-08,Friday,2,20
18,25.340030474584953,14.330672691022182,2,Friday,3,2025-08-08,Friday,2,20
17,23.747830998398236,17.681584473936862,2,Friday,3,2025-08-08,Friday,2,20
17,15.036217357685395,5.270421438461785,2,Friday,3,2025-08-15,Friday,2,13
22,17.593158158994495,15.871672281847598,2,Friday,3,2025-08-15,Friday,2,13
13,10.933998883251661,12.664412051499564,2,Friday,3,2025-08-15,Friday,2,13
14,17.46646900929561,7.72749876473718,2,Friday,3,2025-08-15,Friday,2,13
12,19.447336504536203,13.815068988092838,2,Friday,3,2025-08-15,Friday,2,13
22,10.05734363188557,4.822226608717412,2,Friday,3,2025-08-15,Friday,2,13
18,13.023418585202872,12.727806138365509,2,Friday,3,2025-08-15,Friday,2,13
15,21.724131593117274,10.872009417490938,2,Friday,3,2025-08-15,Friday,2,13
0,36.804174578924524,20.610328608774942,2,Friday,3,2025-08-15,Friday,2,13
19,13.498156153827306,22.16193776047642,2,Friday,3,2025-08-15,Friday,2,13
14,55.14210211911842,18.39788075765055,2,Friday,3,2025-08-15,Friday,2,13
0,4.543394932892609,10.894057364105157,2,Friday,3,2025-08-15,Friday,2,13
12,2.79494363020697,24.654196003170426,2,Friday,3,2025-08-15,Friday,2,13
14,52.60081360162736,4.004763188883987,2,Friday,3,2025-08-22,Friday,2,19
7,42.573500309957204,11.272268351560063,2,Friday,3,2025-08-22,Friday,2,19
21,67.35218659970651,8.493756170335343,2,Friday,3,2025-08-22,Friday,2,19
3,11.863296865618569,7.45075833771106,2,Friday,3,2025-08-22,Friday,2,19
10,22.795245768367423,6.929419680607239,2,Friday,3,2025-08-22,Friday,2,19
16,20.125665764975576,8.990336106216052,2,Friday,3,2025-08-22,Friday,2,19
21,10.35639612791795,7.247300731847536,2,Friday,3,2025-08-22,Friday,2,19
18,12.666415544993274,48.69616578578369,2,Friday,3,2025-08-22,Friday,2,19
5,5.4512530675724555,12.02547232587795,2,Friday,3,2025-08-22,Friday,2,19
16,44.210033011771394,40.4239084005966,2,Friday,3,2025-08-22,Friday,2,19
17,38.869846484677,13.244623775154295,2,Friday,3,2025-08-22,Friday,2,19
14,19.409405969360932,45.15505976242515,2,Friday,3,2025-08-22,Friday,2,19
19,10.047661908976984,40.340130237387534,2,Friday,3,2025-08-22,Friday,2,19
20,5.292922153636108,19.616092023529152,2,Friday,3,2025-08-22,Friday,2,19
12,5.779172528189602,12.462674939889261,2,Friday,3,2025-08-22,Friday,2,19
16,6.288592304951979,8.626116796017813,2,Friday,3,2025-08-22,Friday,2,19
9,6.119724838815385,9.835581930141492,2,Friday,3,2025-08-22,Friday,2,19
2,16.000472781839914,27.503684651211394,2,Friday,3,2025-08-22,Friday,2,19
13,8.826284151903774,1.4540717013712952,2,Friday,3,2025-08-22,Friday,2,19
18,8.432361307257567,4.461401941031775,2,Friday,3,2025-08-29,Friday,2,12
20,6.3475373763210365,5.902081662078944,2,Friday,3,2025-08-29,Friday,2,12
22,13.390551172176838,20.1098800520683,2,Friday,3,2025-08-29,Friday,2,12
15,2.7263414584062025,11.108964305281217,2,Friday,3,2025-08-29,Friday,2,12
12,76.5238435574871,22.094846987656176,2,Friday,3,2025-08-29,Friday,2,12
18,17.346901105626067,12.924896839032467,2,Friday,3,2025-08-29,Friday,2,12
23,22.201297801259393,9.56767732520298,2,Friday,3,2025-08-29,Friday,2,12
16,43.353509124749095,25.786384180122155,2,Friday,3,2025-08-29,Friday,2,12
0,67.89148543292956,15.26230219364878,2,Friday,3,2025-08-29,Friday,2,12
18,25.48344963190313,9.53132172191659,2,Friday,3,2025-08-29,Friday,2,12
17,24.674412780491053,5.811570868555164,2,Friday,3,2025-08-29,Friday,2,12
16,43.43543160594711,4.079192290168469,2,Friday,3,2025-08-29,Friday,2,12
21,27.367581348821155,5.811445758092291,2,Friday,3,2025-09-05,Friday,2,10
22,18.801769075265327,63.187977639231214,2,Friday,3,2025-09-05,Friday,2,10
11,8.890435140711062,4.113277882777015,2,Friday,3,2025-09-05,Friday,2,10
18,26.80293888456092,12.314274698099243,2,Friday,3,2025-09-05,Friday,2,10
0,10.88117949527108,11.721647389875713,2,Friday,3,2025-09-05,Friday,2,10
23,9.323126123962371,26.403407406321993,2,Friday,3,2025-09-05,Friday,2,10
5,21.097414871218426,8.643547607816618,2,Friday,3,2025-09-05,Friday,2,10
16,5.347891883843218,9.46921869721811,2,Friday,3,2025-09-05,Friday,2,10
22,14.185536998887944,26.278736640123157,2,Friday,3,2025-09-05,Friday,2,10
13,18.52044260813566,57.48014346754144,2,Friday,3,2025-09-05,Friday,2,10
12,20.974372774890544,0.5130184816606618,2,Friday,3,2025-09-12,Friday,2,13
12,27.334103549201096,4.698098193580914,2,Friday,3,2025-09-12,Friday,2,13
15,13.823958089964272,29.406334459468827,2,Friday,3,2025-09-12,Friday,2,13
12,48.781350206176974,1.7384243962570782,2,Friday,3,2025-09-12,Friday,2,13
18,32.35701210204007,15.432484038182924,2,Friday,3,2025-09-12,Friday,2,13
17,16.4178455706487,18.095448727413196,2,Friday,3,2025-09-12,Friday,2,13
0,13.406568029125182,9.94573375736178,2,Friday,3,2025-09-12,Friday,2,13
20,12.965073446550353,13.003398007447778,2,Friday,3,2025-09-12,Friday,2,13
10,33.32825386818144,4.387407782471002,2,Friday,3,2025-09-12,Friday,2,13
6,24.605884329000475,9.741602821099656,2,Friday,3,2025-09-12,Friday,2,13
16,19.775977818464707,4.601204096336511,2,Friday,3,2025-09-12,Friday,2,13
16,15.874639429745375,4.503273552025473,2,Friday,3,2025-09-12,Friday,2,13
8,32.71582412779491,18.529150878891823,2,Friday,3,2025-09-12,Friday,2,13
23,15.06041844970198,8.899186130555806,2,Friday,3,2025-09-19,Friday,2,16
16,35.7344121832443,6.190330190049615,2,Friday,3,2025-09-19,Friday,2,16
15,14.876046648110517,31.538728693597623,2,Friday,3,2025-09-19,Friday,2,16
22,21.003327929473276,13.636734233954032,2,Friday,3,2025-09-19,Friday,2,16
21,25.45439564392899,10.019102635781545,2,Friday,3,2025-09-19,Friday,2,16
11,50.625010827673535,54.812488004188296,2,Friday,3,2025-09-19,Friday,2,16
18,20.903128278520626,9.340774788441191,2,Friday,3,2025-09-19,Friday,2,16
13,17.046703973643194,5.0923780547666935,2,Friday,3,2025-09-19,Friday,2,16
12,22.980704235589315,18.488880483115008,2,Friday,3,2025-09-19,Friday,2,16
12,8.442768870580458,17.110790735838574,2,Friday,3,2025-09-19,Friday,2,16
18,7.460182690066856,25.992828847051086,2,Friday,3,2025-09-19,Friday,2,16
19,28.778099484840624,42.59602927449872,2,Friday,3,2025-09-19,Friday,2,16
19,12.932732195378183,26.264974449445898,2,Friday,3,2025-09-19,Friday,2,16
17,9.513604699933783,4.45877322710032,2,Friday,3,2025-09-19,Friday,2,16
11,6.309994623343599,40.67092750886827,2,Friday,3,2025-09-19,Friday,2,16
15,2.2001069943393574,1.5242197797418904,2,Friday,3,2025-09-19,Friday,2,16
2,11.779232133523,18.328195315726436,2,Saturday,3,2025-06-28,Saturday,2,7
12,9.7174912788114,8.497022998483104,2,Saturday,3,2025-06-28,Saturday,2,7
11,11.728647246779879,4.557933774222506,2,Saturday,3,2025-06-28,Saturday,2,7
20,7.132970242364601,7.464373338267149,2,Saturday,3,2025-06-28,Saturday,2,7
20,57.379106579744025,7.223803199751399,2,Saturday,3,2025-06-28,Saturday,2,7
10,7.521306822359644,3.432177742271853,2,Saturday,3,2025-06-28,Saturday,2,7
9,6.52262954721409,13.387971799607252,2,Saturday,3,2025-06-28,Saturday,2,7
2,51.154820276670705,2.843693957733918,2,Saturday,3,2025-07-05,Saturday,2,10
0,69.9909527764317,10.913624172131398,2,Saturday,3,2025-07-05,Saturday,2,10
17,19.786468404083106,2.8793516518463838,2,Saturday,3,2025-07-05,Saturday,2,10
15,6.0626102860059445,1.3544562465325238,2,Saturday,3,2025-07-05,Saturday,2,10
15,31.164007551974937,12.672237548838472,2,Saturday,3,2025-07-05,Saturday,2,10
20,16.512866666583385,7.411275984395406,2,Saturday,3,2025-07-05,Saturday,2,10
16,2.7533947257939784,5.141126773027866,2,Saturday,3,2025-07-05,Saturday,2,10
13,2.3814735841264496,3.7413477983545507,2,Saturday,3,2025-07-05,Saturday,2,10
19,2.1555455051527126,9.169856166563944,2,Saturday,3,2025-07-05,Saturday,2,10
18,38.916652261188275,9.288789031100924,2,Saturday,3,2025-07-05,Saturday,2,10
12,12.327760101130444,23.842714060736657,2,Saturday,3,2025-07-12,Saturday,2,8
19,15.117260186970327,7.266756992787478,2,Saturday,3,2025-07-12,Saturday,2,8
21,5.250208768564602,14.915104265598492,2,Saturday,3,2025-07-12,Saturday,2,8
19,4.056133707602402,30.64998433855541,2,Saturday,3,2025-07-12,Saturday,2,8
23,30.96756712103882,4.576871612622719,2,Saturday,3,2025-07-12,Saturday,2,8
20,24.35154235063209,4.094375552210836,2,Saturday,3,2025-07-12,Saturday,2,8
18,19.80998052841511,5.33201631709658,2,Saturday,3,2025-07-12,Saturday,2,8
19,14.701837826292689,8.186062980951233,2,Saturday,3,2025-07-12,Saturday,2,8
11,18.181232064511182,31.26636179506618,2,Saturday,3,2025-07-19,Saturday,2,8
19,15.556953695727149,3.8055313211307595,2,Saturday,3,2025-07-19,Saturday,2,8
2,61.717763536006736,3.975401400025313,2,Saturday,3,2025-07-19,Saturday,2,8
9,15.482403597921998,8.205851540790297,2,Saturday,3,2025-07-19,Saturday,2,8
15,2.128747014009219,15.19849688277463,2,Saturday,3,2025-07-19,Saturday,2,8
23,11.56810372894569,9.164584199863462,2,Saturday,3,2025-07-19,Saturday,2,8
16,50.471788587527406,36.094571900202254,2,Saturday,3,2025-07-19,Saturday,2,8
18,20.120455851957416,8.627025958355825,2,Saturday,3,2025-07-19,Saturday,2,8
10,2.683729303190069,4.432156046702804,2,Saturday,3,2025-07-26,Saturday,2,12
17,9.130182730566982,10.209480880040953,2,Saturday,3,2025-07-26,Saturday,2,12
14,19.852897598822405,16.04084976335232,2,Saturday,3,2025-07-26,Saturday,2,12
15,50.65840903501926,10.828367009745369,2,Saturday,3,2025-07-26,Saturday,2,12
17,17.813719850394364,21.827609853686035,2,Saturday,3,2025-07-26,Saturday,2,12
3,9.488932042800235,27.581479385330166,2,Saturday,3,2025-07-26,Saturday,2,12
2,18.41303599328131,3.5348988172152964,2,Saturday,3,2025-07-26,Saturday,2,12
18,11.536932058155866,17.187359812221192,2,Saturday,3,2025-07-26,Saturday,2,12
13,5.444450107099415,3.943996220122881,2,Saturday,3,2025-07-26,Saturday,2,12
14,19.691075467714757,7.599518153053488,2,Saturday,3,2025-07-26,Saturday,2,12
16,21.969917518348907,7.493650636226133,2,Saturday,3,2025-07-26,Saturday,2,12
14,30.167905275863,5.996759372573012,2,Saturday,3,2025-07-26,Saturday,2,12
0,7.250290701735815,12.907354687797186,2,Saturday,3,2025-08-02,Saturday,2,4
16,31.80711295448224,7.565082375677754,2,Saturday,3,2025-08-02,Saturday,2,4
21,24.687324685428866,29.722206886510754,2,Saturday,3,2025-08-02,Saturday,2,4
13,23.797029636227947,3.1680473045460245,2,Saturday,3,2025-08-02,Saturday,2,4
0,23.956840714983226,47.24884871198537,2,Saturday,3,2025-08-09,Saturday,2,13
13,55.66713872773612,4.740050107886068,2,Saturday,3,2025-08-09,Saturday,2,13
1,32.84238756272481,6.217296980060393,2,Saturday,3,2025-08-09,Saturday,2,13
14,42.68683064464296,28.78594470364955,2,Saturday,3,2025-08-09,Saturday,2,13
12,12.434291494297032,8.314926680150922,2,Saturday,3,2025-08-09,Saturday,2,13
13,10.061789549673442,5.461639213959096,2,Saturday,3,2025-08-09,Saturday,2,13
23,11.151739409550984,23.18758922321058,2,Saturday,3,2025-08-09,Saturday,2,13
17,29.307185379021885,17.167930295011047,2,Saturday,3,2025-08-09,Saturday,2,13
18,13.11982351485156,18.603549052983055,2,Saturday,3,2025-08-09,Saturday,2,13
2,6.058192166135982,15.169270100953122,2,Saturday,3,2025-08-09,Saturday,2,13
19,32.764680969155656,13.071119527613451,2,Saturday,3,2025-08-09,Saturday,2,13
12,21.23096653770415,7.314175510220763,2,Saturday,3,2025-08-09,Saturday,2,13
18,48.03953145621284,35.3128717871139,2,Saturday,3,2025-08-09,Saturday,2,13
16,15.454732239347866,5.572874796094388,2,Saturday,3,2025-08-16,Saturday,2,11
15,63.64262952757805,52.39807749040733,2,Saturday,3,2025-08-16,Saturday,2,11
1,7.154672045398663,12.481670713945325,2,Saturday,3,2025-08-16,Saturday,2,11
13,4.892265275154269,7.481010109477266,2,Saturday,3,2025-08-16,Saturday,2,11
9,8.006147028518363,10.97685831477028,2,Saturday,3,2025-08-16,Saturday,2,11
20,65.05769140724352,44.72581094044823,2,Saturday,3,2025-08-16,Saturday,2,11
20,14.493896172221216,37.58510596754533,2,Saturday,3,2025-08-16,Saturday,2,11
17,3.2289366470139163,8.816103263936569,2,Saturday,3,2025-08-16,Saturday,2,11
17,27.97906473669876,16.007228130491725,2,Saturday,3,2025-08-16,Saturday,2,11
8,5.610388750190298,14.167300668301868,2,Saturday,3,2025-08-16,Saturday,2,11
12,50.07652642328343,9.412660694912107,2,Saturday,3,2025-08-16,Saturday,2,11
10,13.457388009086564,24.559581755181775,2,Saturday,3,2025-08-23,Saturday,2,13
13,18.01611784123439,3.6789201462983314,2,Saturday,3,2025-08-23,Saturday,2,13
0,8.356340601237978,4.205816902771599,2,Saturday,3,2025-08-23,Saturday,2,13
17,16.497947462194944,11.638320569554862,2,Saturday,3,2025-08-23,Saturday,2,13
17,20.274320635450117,4.755886554287693,2,Saturday,3,2025-08-23,Saturday,2,13
18,15.949379612674523,44.43844319501077,2,Saturday,3,2025-08-23,Saturday,2,13
19,19.89709080522466,51.643342546029764,2,Saturday,3,2025-08-23,Saturday,2,13
16,14.8726753610913,16.826745023712906,2,Saturday,3,2025-08-23,Saturday,2,13
14,19.330752067708556,3.9666751398564513,2,Saturday,3,2025-08-23,Saturday,2,13
16,5.4029052051727176,6.846422651447786,2,Saturday,3,2025-08-23,Saturday,2,13
7,14.904300083464793,9.997239875972106,2,Saturday,3,2025-08-23,Saturday,2,13
20,12.7921686570822,1.2595387620657261,2,Saturday,3,2025-08-23,Saturday,2,13
0,17.601931580090106,18.70885866765567,2,Saturday,3,2025-08-23,Saturday,2,13
14,7.5272590821929235,37.329029752304976,2,Saturday,3,2025-08-30,Saturday,2,7
17,16.048239393280785,36.01641726713828,2,Saturday,3,2025-08-30,Saturday,2,7
13,15.799679594024035,22.886349148057224,2,Saturday,3,2025-08-30,Saturday,2,7
11,4.2558096425456515,10.301171295282817,2,Saturday,3,2025-08-30,Saturday,2,7
16,10.111110447728393,5.8131749902669,2,Saturday,3,2025-08-30,Saturday,2,7
18,12.118474270989076,9.469270572840633,2,Saturday,3,2025-08-30,Saturday,2,7
14,7.378701710152173,9.798810757685509,2,Saturday,3,2025-08-30,Saturday,2,7
4,9.644802438165234,18.535855938413487,2,Saturday,3,2025-09-06,Saturday,2,12
9,12.662900899145765,3.867411730441976,2,Saturday,3,2025-09-06,Saturday,2,12
21,4.967641605901432,2.5478255711045765,2,Saturday,3,2025-09-06,Saturday,2,12
10,25.537613109319402,32.72502872881783,2,Saturday,3,2025-09-06,Saturday,2,12
13,3.270811556942511,4.434182752137214,2,Saturday,3,2025-09-06,Saturday,2,12
18,38.62386684464343,14.735030457013037,2,Saturday,3,2025-09-06,Saturday,2,12
16,7.4143358670708315,4.212152199707157,2,Saturday,3,2025-09-06,Saturday,2,12
4,15.25176107702491,14.004754880465702,2,Saturday,3,2025-09-06,Saturday,2,12
17,19.61587142124792,6.805512041303444,2,Saturday,3,2025-09-06,Saturday,2,12
15,56.036304585321126,9.893353311414971,2,Saturday,3,2025-09-06,Saturday,2,12
12,8.360848568220346,21.98168406495879,2,Saturday,3,2025-09-06,Saturday,2,12
18,36.16527758614631,14.595817994367493,2,Saturday,3,2025-09-06,Saturday,2,12
21,16.743088146272985,31.113698347831424,2,Saturday,3,2025-09-13,Saturday,2,8
1,9.721481824977133,5.936314993219557,2,Saturday,3,2025-09-13,Saturday,2,8
15,27.166231695089156,6.452102274100029,2,Saturday,3,2025-09-13,Saturday,2,8
15,12.502586421419174,22.39849089842673,2,Saturday,3,2025-09-13,Saturday,2,8
13,8.65835482583537,5.8849743354711235,2,Saturday,3,2025-09-13,Saturday,2,8
20,44.673088062270345,14.745948245437164,2,Saturday,3,2025-09-13,Saturday,2,8
10,21.1823708553228,46.25963074642016,2,Saturday,3,2025-09-13,Saturday,2,8
7,2.5069362755520896,15.06677837605975,2,Saturday,3,2025-09-13,Saturday,2,8
14,12.288647199281105,9.894082562507549,2,Saturday,3,2025-09-20,Saturday,2,12
17,14.493607245331127,14.86655881280927,2,Saturday,3,2025-09-20,Saturday,2,12
9,10.403190992968128,8.556978180822217,2,Saturday,3,2025-09-20,Saturday,2,12
17,2.4588982328434152,3.8029381158793845,2,Saturday,3,2025-09-20,Saturday,2,12
20,10.94347668152864,5.347248967950956,2,Saturday,3,2025-09-20,Saturday,2,12
15,36.20830289372166,2.3699797125033815,2,Saturday,3,2025-09-20,Saturday,2,12
13,52.77287459216221,2.1151987366822365,2,Saturday,3,2025-09-20,Saturday,2,12
17,19.08569510190576,9.559700210119356,2,Saturday,3,2025-09-20,Saturday,2,12
15,40.743444203854104,24.012549622766596,2,Saturday,3,2025-09-20,Saturday,2,12
11,5.198762967907879,5.753603748203481,2,Saturday,3,2025-09-20,Saturday,2,12
11,5.370332342599749,5.096622859101212,2,Saturday,3,2025-09-20,Saturday,2,12
7,27.413341537159578,23.771563298169625,2,Saturday,3,2025-09-20,Saturday,2,12
21,14.68406058047102,6.601217850992784,3,Mon-Th,3,2025-09-23,Mon-Th,3,20
20,12.298570985875138,5.060698599975083,3,Mon-Th,3,2025-09-23,Mon-Th,3,20
0,9.308772605807409,11.401935599747492,3,Mon-Th,3,2025-09-23,Mon-Th,3,20
16,7.553152077093498,4.075824041471953,3,Mon-Th,3,2025-09-23,Mon-Th,3,20
14,9.456962475914207,24.373443375947645,3,Mon-Th,3,2025-09-23,Mon-Th,3,20
20,10.993356435172952,2.67290369045109,3,Mon-Th,3,2025-09-23,Mon-Th,3,20
15,16.60490339001465,21.392580149053895,3,Mon-Th,3,2025-09-23,Mon-Th,3,20
15,2.00831290259535,5.555753627732117,3,Mon-Th,3,2025-09-23,Mon-Th,3,20
21,11.92129493667829,20.072852234289865,3,Mon-Th,3,2025-09-23,Mon-Th,3,20
16,7.9882727261460404,11.113787029916644,3,Mon-Th,3,2025-09-23,Mon-Th,3,20
13,3.1524626892644854,7.410177098033011,3,Mon-Th,3,2025-09-23,Mon-Th,3,20
16,2.1268389666312184,3.4312302199668814,3,Mon-Th,3,2025-09-23,Mon-Th,3,20
18,17.759444887028483,36.10581183468523,3,Mon-Th,3,2025-09-23,Mon-Th,3,20
23,11.0794155471913,12.01404855023354,3,Mon-Th,3,2025-09-23,Mon-Th,3,20
17,9.464973504215598,18.98094504520267,3,Mon-Th,3,2025-09-23,Mon-Th,3,20
16,15.830201147532154,14.254429283359116,3,Mon-Th,3,2025-09-23,Mon-Th,3,20
13,7.996896701391367,3.717438495930991,3,Mon-Th,3,2025-09-23,Mon-Th,3,20
12,46.335060838157254,2.9149921507384677,3,Mon-Th,3,2025-09-23,Mon-Th,3,20
13,33.08568349961048,16.62214463462355,3,Mon-Th,3,2025-09-23,Mon-Th,3,20
19,9.96212892326821,5.684221315612249,3,Mon-Th,3,2025-09-23,Mon-Th,3,20
20,6.010703970380447,9.231366194557427,3,Mon-Th,3,2025-09-24,Mon-Th,3,19
16,16.07737710195906,2.5453057614754657,3,Mon-Th,3,2025-09-24,Mon-Th,3,19
17,25.380037412791378,5.087307582238594,3,Mon-Th,3,2025-09-24,Mon-Th,3,19
11,7.411625136798625,6.563379602131543,3,Mon-Th,3,2025-09-24,Mon-Th,3,19
23,10.62199130827928,9.010483282387861,3,Mon-Th,3,2025-09-24,Mon-Th,3,19
13,26.456455295182906,3.9189245091846665,3,Mon-Th,3,2025-09-24,Mon-Th,3,19
7,4.029398481562282,9.81036608851748,3,Mon-Th,3,2025-09-24,Mon-Th,3,19
19,13.993922096231142,13.30385061769354,3,Mon-Th,3,2025-09-24,Mon-Th,3,19
18,18.42473671508664,59.72226228330614,3,Mon-Th,3,2025-09-24,Mon-Th,3,19
20,11.088526878945036,11.800621994785848,3,Mon-Th,3,2025-09-24,Mon-Th,3,19
14,3.0149483088642834,18.741247939543243,3,Mon-Th,3,2025-09-24,Mon-Th,3,19
23,36.257987934433466,11.117701724405737,3,Mon-Th,3,2025-09-24,Mon-Th,3,19
15,3.8543171211802836,3.794670780904413,3,Mon-Th,3,2025-09-24,Mon-Th,3,19
19,14.322471788232725,12.413497013080352,3,Mon-Th,3,2025-09-24,Mon-Th,3,19
15,18.378154503417935,50.97030401901592,3,Mon-Th,3,2025-09-24,Mon-Th,3,19
20,5.803013793156864,8.320475571905483,3,Mon-Th,3,2025-09-24,Mon-Th,3,19
5,115.91867199809995,1.2513205550237587,3,Mon-Th,3,2025-09-24,Mon-Th,3,19
18,14.492202967505296,8.780461370622549,3,Mon-Th,3,2025-09-24,Mon-Th,3,19
17,8.215519458748496,9.672908585937025,3,Mon-Th,3,2025-09-24,Mon-Th,3,19
15,23.509916404992108,12.959920656440348,3,Mon-Th,3,2025-09-25,Mon-Th,3,25
19,12.241523770778784,18.81363247043919,3,Mon-Th,3,2025-09-25,Mon-Th,3,25
15,15.134308296926108,25.415650943332373,3,Mon-Th,3,2025-09-25,Mon-Th,3,25
10,2.7432917475883754,5.12571608050171,3,Mon-Th,3,2025-09-25,Mon-Th,3,25
9,19.52973983527726,21.260893123119963,3,Mon-Th,3,2025-09-25,Mon-Th,3,25
16,3.4504239534198966,6.785005396141191,3,Mon-Th,3,2025-09-25,Mon-Th,3,25
19,13.684647636577349,2.1094113817915603,3,Mon-Th,3,2025-09-25,Mon-Th,3,25
6,6.306216653471834,10.716511728333835,3,Mon-Th,3,2025-09-25,Mon-Th,3,25
22,12.13137443471009,12.059545750476962,3,Mon-Th,3,2025-09-25,Mon-Th,3,25
20,21.576265680964028,9.605968830268592,3,Mon-Th,3,2025-09-25,Mon-Th,3,25
23,12.639239695297931,16.185202630724664,3,Mon-Th,3,2025-09-25,Mon-Th,3,25
14,44.30851942198824,9.412042820570505,3,Mon-Th,3,2025-09-25,Mon-Th,3,25
21,7.519845661741952,13.536811706657446,3,Mon-Th,3,2025-09-25,Mon-Th,3,25
15,2.5627523046314638,6.212623407482265,3,Mon-Th,3,2025-09-25,Mon-Th,3,25
13,6.872199405545942,16.132258705285224,3,Mon-Th,3,2025-09-25,Mon-Th,3,25
18,11.964390805150693,34.68432101162154,3,Mon-Th,3,2025-09-25,Mon-Th,3,25
21,10.16654000375403,8.48119461268542,3,Mon-Th,3,2025-09-25,Mon-Th,3,25
17,17.910427419197244,18.57506323180668,3,Mon-Th,3,2025-09-25,Mon-Th,3,25
14,3.034274113808929,5.2852906618456466,3,Mon-Th,3,2025-09-25,Mon-Th,3,25
18,9.561733738395196,19.295063279972638,3,Mon-Th,3,2025-09-25,Mon-Th,3,25
4,2.3642357529668514,11.062100801288182,3,Mon-Th,3,2025-09-25,Mon-Th,3,25
19,14.682300950997547,5.218052263903716,3,Mon-Th,3,2025-09-25,Mon-Th,3,25
17,6.860191594463774,4.246288141302935,3,Mon-Th,3,2025-09-25,Mon-Th,3,25
0,12.151701091321819,9.026940934348103,3,Mon-Th,3,2025-09-25,Mon-Th,3,25
17,3.248803850765105,20.484034335911645,3,Mon-Th,3,2025-09-25,Mon-Th,3,25
23,30.720256146322804,7.8047977001658015,3,Mon-Th,3,2025-09-29,Mon-Th,3,26
19,42.459120849009,3.382532846384401,3,Mon-Th,3,2025-09-29,Mon-Th,3,26
13,4.580543666085065,4.517581706047703,3,Mon-Th,3,2025-09-29,Mon-Th,3,26
2,30.545578000363722,20.26480863019676,3,Mon-Th,3,2025-09-29,Mon-Th,3,26
14,17.08786347951643,21.34663720872336,3,Mon-Th,3,2025-09-29,Mon-Th,3,26
14,2.7977444246576226,18.42832930235417,3,Mon-Th,3,2025-09-29,Mon-Th,3,26
19,17.389439328873408,13.562304455548006,3,Mon-Th,3,2025-09-29,Mon-Th,3,26
15,12.101343574098351,19.814823936477644,3,Mon-Th,3,2025-09-29,Mon-Th,3,26
14,59.69651273165912,5.876514528717316,3,Mon-Th,3,2025-09-29,Mon-Th,3,26
12,39.980905075384776,21.19850832534714,3,Mon-Th,3,2025-09-29,Mon-Th,3,26
18,10.55084270388273,2.6678707047632937,3,Mon-Th,3,2025-09-29,Mon-Th,3,26
14,4.403665587473355,28.67053040977321,3,Mon-Th,3,2025-09-29,Mon-Th,3,26
17,5.06493998303954,12.096379364206976,3,Mon-Th,3,2025-09-29,Mon-Th,3,26
16,8.319134727061071,2.6373562396618606,3,Mon-Th,3,2025-09-29,Mon-Th,3,26
14,33.05131981708955,6.489786107627825,3,Mon-Th,3,2025-09-29,Mon-Th,3,26
16,14.317083060851168,25.16471176493648,3,Mon-Th,3,2025-09-29,Mon-Th,3,26
14,30.58764729275899,4.335528292580251,3,Mon-Th,3,2025-09-29,Mon-Th,3,26
15,2.4398253799246823,7.14115775043668,3,Mon-Th,3,2025-09-29,Mon-Th,3,26
15,4.160928546542058,17.792365515247532,3,Mon-Th,3,2025-09-29,Mon-Th,3,26
11,3.089689578320246,11.217609864665086,3,Mon-Th,3,2025-09-29,Mon-Th,3,26
18,59.795001366447224,5.839535222549581,3,Mon-Th,3,2025-09-29,Mon-Th,3,26
11,22.04611788411031,18.13515364740695,3,Mon-Th,3,2025-09-29,Mon-Th,3,26
23,25.97210015436018,8.077601749388062,3,Mon-Th,3,2025-09-29,Mon-Th,3,26
6,2.5332452546897986,1.699441067137992,3,Mon-Th,3,2025-09-29,Mon-Th,3,26
9,18.05275993778383,53.07417071469354,3,Mon-Th,3,2025-09-29,Mon-Th,3,26
10,6.878159226726073,23.5257578440625,3,Mon-Th,3,2025-09-29,Mon-Th,3,26
19,14.706379965245915,9.968430777530463,3,Mon-Th,3,2025-09-30,Mon-Th,3,21
16,10.016612807092038,6.703265372378029,3,Mon-Th,3,2025-09-30,Mon-Th,3,21
18,11.223922164188433,3.2845383716451133,3,Mon-Th,3,2025-09-30,Mon-Th,3,21
23,4.562831015099596,6.1849672558016575,3,Mon-Th,3,2025-09-30,Mon-Th,3,21
21,15.403817588584467,15.308714760051492,3,Mon-Th,3,2025-09-30,Mon-Th,3,21
16,13.670136515059198,8.76534981748037,3,Mon-Th,3,2025-09-30,Mon-Th,3,21
23,15.071532090885444,3.541429239878033,3,Mon-Th,3,2025-09-30,Mon-Th,3,21
16,9.91979889886556,22.204385554642386,3,Mon-Th,3,2025-09-30,Mon-Th,3,21
16,12.213216779778083,5.577343541077863,3,Mon-Th,3,2025-09-30,Mon-Th,3,21
14,19.853772530263107,19.067587219705402,3,Mon-Th,3,2025-09-30,Mon-Th,3,21
18,17.268025963175155,38.004284281878824,3,Mon-Th,3,2025-09-30,Mon-Th,3,21
13,99.64186948933009,8.955175624221262,3,Mon-Th,3,2025-09-30,Mon-Th,3,21
19,14.410905498464984,12.200000408636809,3,Mon-Th,3,2025-09-30,Mon-Th,3,21
12,6.237717250576336,25.374190529158234,3,Mon-Th,3,2025-09-30,Mon-Th,3,21
12,31.770223323635516,40.50497256485604,3,Mon-Th,3,2025-09-30,Mon-Th,3,21
23,20.50088227767311,51.115524316325335,3,Mon-Th,3,2025-09-30,Mon-Th,3,21
17,29.40359249174148,10.491606022778043,3,Mon-Th,3,2025-09-30,Mon-Th,3,21
17,2.5352247077368077,9.071747506559829,3,Mon-Th,3,2025-09-30,Mon-Th,3,21
20,13.067975493313632,5.880559341145387,3,Mon-Th,3,2025-09-30,Mon-Th,3,21
15,10.767226123048161,17.66883024576881,3,Mon-Th,3,2025-09-30,Mon-Th,3,21
6,2.205239730118339,8.688034818074456,3,Mon-Th,3,2025-09-30,Mon-Th,3,21
20,20.92472243518349,13.127625364096206,3,Mon-Th,3,2025-10-01,Mon-Th,3,26
20,13.310531531071586,7.637946647942306,3,Mon-Th,3,2025-10-01,Mon-Th,3,26
15,25.886180624654266,4.577460259258291,3,Mon-Th,3,2025-10-01,Mon-Th,3,26
21,9.626809197575643,23.0071565125101,3,Mon-Th,3,2025-10-01,Mon-Th,3,26
17,15.807293778232111,5.628590096594389,3,Mon-Th,3,2025-10-01,Mon-Th,3,26
22,14.814083786042161,10.634773772862019,3,Mon-Th,3,2025-10-01,Mon-Th,3,26
12,4.0107436735723265,11.184791306529823,3,Mon-Th,3,2025-10-01,Mon-Th,3,26
19,9.04532124846856,15.417589516288992,3,Mon-Th,3,2025-10-01,Mon-Th,3,26
16,5.658072678282701,3.1328790304151823,3,Mon-Th,3,2025-10-01,Mon-Th,3,26
19,14.567877657497466,19.629590238358134,3,Mon-Th,3,2025-10-01,Mon-Th,3,26
17,13.925232182631117,10.730719294110875,3,Mon-Th,3,2025-10-01,Mon-Th,3,26
16,15.965378773307112,22.403886220764733,3,Mon-Th,3,2025-10-01,Mon-Th,3,26
16,15.077737616028376,7.145479601248013,3,Mon-Th,3,2025-10-01,Mon-Th,3,26
18,10.536021326897643,5.25908977679277,3,Mon-Th,3,2025-10-01,Mon-Th,3,26
17,11.359018065856098,4.7298806636027635,3,Mon-Th,3,2025-10-01,Mon-Th,3,26
18,44.37279408502754,2.7365563751302213,3,Mon-Th,3,2025-10-01,Mon-Th,3,26
3,10.29433417653453,3.597408148014126,3,Mon-Th,3,2025-10-01,Mon-Th,3,26
14,4.907441129411319,9.268949701833453,3,Mon-Th,3,2025-10-01,Mon-Th,3,26
17,14.990548966380466,27.81533187035566,3,Mon-Th,3,2025-10-01,Mon-Th,3,26
22,8.766721829654498,43.54635665436835,3,Mon-Th,3,2025-10-01,Mon-Th,3,26
16,14.73401429150265,15.745793692783502,3,Mon-Th,3,2025-10-01,Mon-Th,3,26
18,14.354042702468643,13.512760493317549,3,Mon-Th,3,2025-10-01,Mon-Th,3,26
12,11.16749210749838,14.76325305596892,3,Mon-Th,3,2025-10-01,Mon-Th,3,26
13,7.181375981761615,30.874029040557712,3,Mon-Th,3,2025-10-01,Mon-Th,3,26
15,41.52997869981737,9.473488784311536,3,Mon-Th,3,2025-10-01,Mon-Th,3,26
22,2.361807240815323,4.189101034162547,3,Mon-Th,3,2025-10-01,Mon-Th,3,26
16,5.947927452383611,20.474943534111148,3,Mon-Th,3,2025-10-02,Mon-Th,3,25
17,63.61333076754394,4.224798527298942,3,Mon-Th,3,2025-10-02,Mon-Th,3,25
19,38.188876215940475,3.092519976419304,3,Mon-Th,3,2025-10-02,Mon-Th,3,25
20,15.23701571855231,12.351514843461688,3,Mon-Th,3,2025-10-02,Mon-Th,3,25
20,12.270665352026668,5.338155501993168,3,Mon-Th,3,2025-10-02,Mon-Th,3,25
16,12.666365877047252,6.699833070718757,3,Mon-Th,3,2025-10-02,Mon-Th,3,25
18,25.635908625882738,8.81150835996715,3,Mon-Th,3,2025-10-02,Mon-Th,3,25
15,12.405591371370946,4.898349006958088,3,Mon-Th,3,2025-10-02,Mon-Th,3,25
13,2.1854973064393097,10.843150161540901,3,Mon-Th,3,2025-10-02,Mon-Th,3,25
17,24.349157366668987,10.42754708512006,3,Mon-Th,3,2025-10-02,Mon-Th,3,25
17,10.698689888541654,43.39059978633305,3,Mon-Th,3,2025-10-02,Mon-Th,3,25
16,11.551376510272629,15.339157240466628,3,Mon-Th,3,2025-10-02,Mon-Th,3,25
15,16.386478918948754,7.5533511745757,3,Mon-Th,3,2025-10-02,Mon-Th,3,25
14,2.7931823050401237,4.049495505521447,3,Mon-Th,3,2025-10-02,Mon-Th,3,25
18,4.697076710761253,5.627382911615158,3,Mon-Th,3,2025-10-02,Mon-Th,3,25
12,17.310500051473245,25.545023768488736,3,Mon-Th,3,2025-10-02,Mon-Th,3,25
8,9.463470205291465,44.304528804964406,3,Mon-Th,3,2025-10-02,Mon-Th,3,25
12,11.771435805311054,4.255408390046709,3,Mon-Th,3,2025-10-02,Mon-Th,3,25
17,15.64680180196845,6.340324215831534,3,Mon-Th,3,2025-10-02,Mon-Th,3,25
10,2.520494011012542,12.38223175253826,3,Mon-Th,3,2025-10-02,Mon-Th,3,25
20,11.291651940919945,6.376571298230655,3,Mon-Th,3,2025-10-02,Mon-Th,3,25
20,4.293554870564375,14.89463315426822,3,Mon-Th,3,2025-10-02,Mon-Th,3,25
18,19.358705977918678,32.34997177097041,3,Mon-Th,3,2025-10-02,Mon-Th,3,25
19,19.84431700875149,2.0472720130931084,3,Mon-Th,3,2025-10-02,Mon-Th,3,25
12,3.2124788199206855,5.994466076102266,3,Mon-Th,3,2025-10-02,Mon-Th,3,25
17,15.338806985414358,10.409763506992906,3,Mon-Th,3,2025-10-06,Mon-Th,3,33
9,5.9416214152720865,11.040148967997263,3,Mon-Th,3,2025-10-06,Mon-Th,3,33
14,13.457026173361239,8.65317045478474,3,Mon-Th,3,2025-10-06,Mon-Th,3,33
14,8.669759411627673,9.992691973910357,3,Mon-Th,3,2025-10-06,Mon-Th,3,33
17,19.369238369392814,4.83281968071062,3,Mon-Th,3,2025-10-06,Mon-Th,3,33
1,10.15172998196384,4.600609576156901,3,Mon-Th,3,2025-10-06,Mon-Th,3,33
16,30.56892803598807,3.2262348173129265,3,Mon-Th,3,2025-10-06,Mon-Th,3,33
14,2.148448915042204,6.445951745997428,3,Mon-Th,3,2025-10-06,Mon-Th,3,33
18,27.425727443500005,28.97907148850074,3,Mon-Th,3,2025-10-06,Mon-Th,3,33
14,17.76893889959088,3.9737157094010804,3,Mon-Th,3,2025-10-06,Mon-Th,3,33
15,23.499314702373265,47.23159433519794,3,Mon-Th,3,2025-10-06,Mon-Th,3,33
16,13.560823394105583,14.945165134490882,3,Mon-Th,3,2025-10-06,Mon-Th,3,33
9,2.815459444921895,23.602134695745292,3,Mon-Th,3,2025-10-06,Mon-Th,3,33
11,44.94858781434486,7.995473267810972,3,Mon-Th,3,2025-10-06,Mon-Th,3,33
18,9.23357716681874,50.08405716802001,3,Mon-Th,3,2025-10-06,Mon-Th,3,33
13,4.708622406462406,7.243023219345572,3,Mon-Th,3,2025-10-06,Mon-Th,3,33
18,3.2003385167733938,20.315374763801486,3,Mon-Th,3,2025-10-06,Mon-Th,3,33
17,11.379184782671796,53.75166815663771,3,Mon-Th,3,2025-10-06,Mon-Th,3,33
19,5.430602586087845,27.84294259323465,3,Mon-Th,3,2025-10-06,Mon-Th,3,33
1,9.328024700367912,23.836808778721085,3,Mon-Th,3,2025-10-06,Mon-Th,3,33
16,14.733583897001406,7.573023144144211,3,Mon-Th,3,2025-10-06,Mon-Th,3,33
16,5.527958730802661,12.998675264127371,3,Mon-Th,3,2025-10-06,Mon-Th,3,33
19,15.228269878288739,4.643127791331466,3,Mon-Th,3,2025-10-06,Mon-Th,3,33
20,12.413808606183611,22.494653250907888,3,Mon-Th,3,2025-10-06,Mon-Th,3,33
14,18.100230560366274,2.0429130334243526,3,Mon-Th,3,2025-10-06,Mon-Th,3,33
18,14.714599309250694,13.373992811047353,3,Mon-Th,3,2025-10-06,Mon-Th,3,33
18,10.662760141102787,2.1000956516802,3,Mon-Th,3,2025-10-06,Mon-Th,3,33
10,8.207073555886737,6.795448506163131,3,Mon-Th,3,2025-10-06,Mon-Th,3,33
18,17.134850382472326,5.850340362847891,3,Mon-Th,3,2025-10-06,Mon-Th,3,33
22,4.140325050009409,34.00310335222399,3,Mon-Th,3,2025-10-06,Mon-Th,3,33
19,41.402188187043635,15.180634447249833,3,Mon-Th,3,2025-10-06,Mon-Th,3,33
18,6.584837344996284,22.959065586042215,3,Mon-Th,3,2025-10-06,Mon-Th,3,33
17,15.21421905254891,14.236589547629332,3,Mon-Th,3,2025-10-06,Mon-Th,3,33
20,6.87597028373754,28.274725819770374,3,Mon-Th,3,2025-10-07,Mon-Th,3,18
1,5.113052666800645,17.094927363530747,3,Mon-Th,3,2025-10-07,Mon-Th,3,18
0,14.673368838909767,16.012688334796362,3,Mon-Th,3,2025-10-07,Mon-Th,3,18
15,14.503319376199098,1.6524026033161308,3,Mon-Th,3,2025-10-07,Mon-Th,3,18
12,3.971059896713566,7.154216193211496,3,Mon-Th,3,2025-10-07,Mon-Th,3,18
16,8.411312043820523,7.834856695909712,3,Mon-Th,3,2025-10-07,Mon-Th,3,18
15,2.069979029176858,11.001238950514185,3,Mon-Th,3,2025-10-07,Mon-Th,3,18
16,2.9315549321041936,20.10698222034137,3,Mon-Th,3,2025-10-07,Mon-Th,3,18
19,15.804519399969884,9.182886547405468,3,Mon-Th,3,2025-10-07,Mon-Th,3,18
15,16.43384746176289,37.12602013040249,3,Mon-Th,3,2025-10-07,Mon-Th,3,18
13,23.56776987956275,45.07209667919125,3,Mon-Th,3,2025-10-07,Mon-Th,3,18
19,14.696278607086725,12.078862659100915,3,Mon-Th,3,2025-10-07,Mon-Th,3,18
0,13.921036037692907,20.87417019018144,3,Mon-Th,3,2025-10-07,Mon-Th,3,18
11,9.792975653083424,5.017015257973805,3,Mon-Th,3,2025-10-07,Mon-Th,3,18
14,7.799664731635983,9.943825305866076,3,Mon-Th,3,2025-10-07,Mon-Th,3,18
21,29.733520865004024,38.25864988852585,3,Mon-Th,3,2025-10-07,Mon-Th,3,18
20,8.61737570683806,10.555844468634517,3,Mon-Th,3,2025-10-07,Mon-Th,3,18
1,8.959063992468518,22.622783437692824,3,Mon-Th,3,2025-10-07,Mon-Th,3,18
16,11.354658178995592,9.9133730637804,3,Mon-Th,3,2025-10-08,Mon-Th,3,25
16,14.248387042090453,19.82292034296849,3,Mon-Th,3,2025-10-08,Mon-Th,3,25
20,12.288829029737549,9.870522676861622,3,Mon-Th,3,2025-10-08,Mon-Th,3,25
11,14.00394347924087,7.079539390163077,3,Mon-Th,3,2025-10-08,Mon-Th,3,25
19,11.542226636744587,20.596253780681128,3,Mon-Th,3,2025-10-08,Mon-Th,3,25
20,2.2322571030892933,11.304395948474948,3,Mon-Th,3,2025-10-08,Mon-Th,3,25
14,15.240502457287043,19.383910845682724,3,Mon-Th,3,2025-10-08,Mon-Th,3,25
21,17.931759964063378,33.52772455443632,3,Mon-Th,3,2025-10-08,Mon-Th,3,25
11,44.13680727600295,4.7764566797935935,3,Mon-Th,3,2025-10-08,Mon-Th,3,25
10,3.656409538757674,22.25901921370256,3,Mon-Th,3,2025-10-08,Mon-Th,3,25
19,13.545523554826616,7.781656371891207,3,Mon-Th,3,2025-10-08,Mon-Th,3,25
13,18.345439792737004,8.254623208468233,3,Mon-Th,3,2025-10-08,Mon-Th,3,25
9,4.277513643437122,2.362337938097785,3,Mon-Th,3,2025-10-08,Mon-Th,3,25
21,14.54170060900882,15.846444391583344,3,Mon-Th,3,2025-10-08,Mon-Th,3,25
23,18.002978362208125,23.548155249190113,3,Mon-Th,3,2025-10-08,Mon-Th,3,25
18,11.928769746669541,14.404465680619461,3,Mon-Th,3,2025-10-08,Mon-Th,3,25
20,15.34400582224372,56.20654296040948,3,Mon-Th,3,2025-10-08,Mon-Th,3,25
0,17.361833073621952,31.38079338866364,3,Mon-Th,3,2025-10-08,Mon-Th,3,25
21,18.052102318384055,25.32431124542198,3,Mon-Th,3,2025-10-08,Mon-Th,3,25
22,14.967730406265222,19.99536202504701,3,Mon-Th,3,2025-10-08,Mon-Th,3,25
17,2.2140053970798856,7.225381684802132,3,Mon-Th,3,2025-10-08,Mon-Th,3,25
17,36.30912539981726,15.908917501064085,3,Mon-Th,3,2025-10-08,Mon-Th,3,25
23,17.876435995356157,42.260717661770805,3,Mon-Th,3,2025-10-08,Mon-Th,3,25
18,13.84441986228342,21.939912581231173,3,Mon-Th,3,2025-10-08,Mon-Th,3,25
13,36.38512513238386,17.743641420574672,3,Mon-Th,3,2025-10-08,Mon-Th,3,25
16,19.395073372799754,5.3108654584325805,3,Mon-Th,3,2025-10-09,Mon-Th,3,28
15,17.903797146459784,20.557046178431975,3,Mon-Th,3,2025-10-09,Mon-Th,3,28
16,33.90087177758218,35.647375163474436,3,Mon-Th,3,2025-10-09,Mon-Th,3,28
19,23.59175187361054,13.381901877648398,3,Mon-Th,3,2025-10-09,Mon-Th,3,28
20,6.274003741467598,11.685224509083373,3,Mon-Th,3,2025-10-09,Mon-Th,3,28
23,14.589010238025686,21.172363963426395,3,Mon-Th,3,2025-10-09,Mon-Th,3,28
16,8.327664277912465,13.533258388294888,3,Mon-Th,3,2025-10-09,Mon-Th,3,28
19,12.57365614587954,6.439596544907684,3,Mon-Th,3,2025-10-09,Mon-Th,3,28
16,3.4093985167720384,11.107597857365318,3,Mon-Th,3,2025-10-09,Mon-Th,3,28
21,3.769257987374088,14.26594233799988,3,Mon-Th,3,2025-10-09,Mon-Th,3,28
8,3.2346501795383333,4.576078619874306,3,Mon-Th,3,2025-10-09,Mon-Th,3,28
15,33.17747302391808,3.380732366824116,3,Mon-Th,3,2025-10-09,Mon-Th,3,28
21,2.047079192889262,10.60656102089382,3,Mon-Th,3,2025-10-09,Mon-Th,3,28
16,13.139208904173675,37.8208189628251,3,Mon-Th,3,2025-10-09,Mon-Th,3,28
18,16.00508150222591,8.572421909731649,3,Mon-Th,3,2025-10-09,Mon-Th,3,28
4,4.165578363027706,5.379949893483243,3,Mon-Th,3,2025-10-09,Mon-Th,3,28
19,7.87986980309665,9.286207845980922,3,Mon-Th,3,2025-10-09,Mon-Th,3,28
12,16.871824127335568,24.424042074446636,3,Mon-Th,3,2025-10-09,Mon-Th,3,28
19,7.356814314524441,44.367638150853686,3,Mon-Th,3,2025-10-09,Mon-Th,3,28
11,6.537507960419174,26.060790269388082,3,Mon-Th,3,2025-10-09,Mon-Th,3,28
17,12.933889356805505,19.711478566962437,3,Mon-Th,3,2025-10-09,Mon-Th,3,28
12,2.995903079448571,8.291537916891894,3,Mon-Th,3,2025-10-09,Mon-Th,3,28
23,19.574686849807616,8.136107440590287,3,Mon-Th,3,2025-10-09,Mon-Th,3,28
18,66.33952643629104,35.16317281013677,3,Mon-Th,3,2025-10-09,Mon-Th,3,28
13,5.240523162730502,10.871883285065017,3,Mon-Th,3,2025-10-09,Mon-Th,3,28
13,12.415962149508914,11.062369613164819,3,Mon-Th,3,2025-10-09,Mon-Th,3,28
3,8.84263717869456,23.52902813954723,3,Mon-Th,3,2025-10-09,Mon-Th,3,28
13,18.739210706000758,13.051348544638689,3,Mon-Th,3,2025-10-09,Mon-Th,3,28
14,14.257634980075398,7.014252679377953,3,Mon-Th,3,2025-10-13,Mon-Th,3,22
20,40.32106684685299,23.224879012587557,3,Mon-Th,3,2025-10-13,Mon-Th,3,22
18,21.879753502327002,5.728853435280986,3,Mon-Th,3,2025-10-13,Mon-Th,3,22
18,23.115837387260537,7.7061492586491225,3,Mon-Th,3,2025-10-13,Mon-Th,3,22
15,19.787699372106257,7.129252875113923,3,Mon-Th,3,2025-10-13,Mon-Th,3,22
16,14.327970743854294,18.03584054669829,3,Mon-Th,3,2025-10-13,Mon-Th,3,22
15,23.173136691143743,34.24886982027569,3,Mon-Th,3,2025-10-13,Mon-Th,3,22
19,8.508009050061652,3.049813439620917,3,Mon-Th,3,2025-10-13,Mon-Th,3,22
12,14.517801985688944,19.89635315678197,3,Mon-Th,3,2025-10-13,Mon-Th,3,22
17,15.548847355735983,10.174856670457487,3,Mon-Th,3,2025-10-13,Mon-Th,3,22
20,27.13960599025446,30.053855134763566,3,Mon-Th,3,2025-10-13,Mon-Th,3,22
4,14.23948041622273,2.143427825924618,3,Mon-Th,3,2025-10-13,Mon-Th,3,22
23,13.344065637345093,7.791801737844823,3,Mon-Th,3,2025-10-13,Mon-Th,3,22
17,4.559955331130872,41.95814962197437,3,Mon-Th,3,2025-10-13,Mon-Th,3,22
18,3.468905088274568,9.075241319896532,3,Mon-Th,3,2025-10-13,Mon-Th,3,22
20,2.5490111707087064,3.3571149254705572,3,Mon-Th,3,2025-10-13,Mon-Th,3,22
14,19.501766050690104,25.550600874588806,3,Mon-Th,3,2025-10-13,Mon-Th,3,22
11,119.91655618014836,23.97396592295779,3,Mon-Th,3,2025-10-13,Mon-Th,3,22
12,2.724637392117277,4.6905837867293325,3,Mon-Th,3,2025-10-13,Mon-Th,3,22
2,8.650709198666387,13.447082916418793,3,Mon-Th,3,2025-10-13,Mon-Th,3,22
9,16.105771257336375,15.851449109109625,3,Mon-Th,3,2025-10-13,Mon-Th,3,22
16,21.18091414858243,1.0134705543660394,3,Mon-Th,3,2025-10-13,Mon-Th,3,22
18,17.160164811113482,28.459070268515234,3,Mon-Th,3,2025-10-14,Mon-Th,3,26
19,5.663263032733118,10.816747056059002,3,Mon-Th,3,2025-10-14,Mon-Th,3,26
9,11.429873322355586,5.170937394400084,3,Mon-Th,3,2025-10-14,Mon-Th,3,26
20,13.751574509973118,10.601699545985005,3,Mon-Th,3,2025-10-14,Mon-Th,3,26
23,9.317272627043629,12.941999740331937,3,Mon-Th,3,2025-10-14,Mon-Th,3,26
16,34.691024104876476,6.579102062074819,3,Mon-Th,3,2025-10-14,Mon-Th,3,26
0,6.369288421369372,8.19762222015845,3,Mon-Th,3,2025-10-14,Mon-Th,3,26
15,17.87460564556582,42.354387920786984,3,Mon-Th,3,2025-10-14,Mon-Th,3,26
11,6.171726910454608,0.5329336867782248,3,Mon-Th,3,2025-10-14,Mon-Th,3,26
20,14.195669869564934,29.179887072514937,3,Mon-Th,3,2025-10-14,Mon-Th,3,26
18,18.084440897447994,16.74157001675011,3,Mon-Th,3,2025-10-14,Mon-Th,3,26
16,16.75528667099833,12.60081693100282,3,Mon-Th,3,2025-10-14,Mon-Th,3,26
18,3.5590134151158077,5.858103701392016,3,Mon-Th,3,2025-10-14,Mon-Th,3,26
18,16.76468145776009,7.0953255117768315,3,Mon-Th,3,2025-10-14,Mon-Th,3,26
15,27.896743445667763,4.215465448849358,3,Mon-Th,3,2025-10-14,Mon-Th,3,26
18,7.922816119655375,8.166689290097734,3,Mon-Th,3,2025-10-14,Mon-Th,3,26
18,14.040413710065572,7.471127663219096,3,Mon-Th,3,2025-10-14,Mon-Th,3,26
18,11.804547180243361,7.366798647408782,3,Mon-Th,3,2025-10-14,Mon-Th,3,26
8,5.7192195686591845,12.98982940214765,3,Mon-Th,3,2025-10-14,Mon-Th,3,26
18,25.85123502904137,7.268824324026647,3,Mon-Th,3,2025-10-14,Mon-Th,3,26
19,20.530732651350167,2.836721080830449,3,Mon-Th,3,2025-10-14,Mon-Th,3,26
13,2.103646548308476,11.58077640068844,3,Mon-Th,3,2025-10-14,Mon-Th,3,26
13,13.153598229874053,32.98011295198765,3,Mon-Th,3,2025-10-14,Mon-Th,3,26
18,18.223642713326523,7.26907270327829,3,Mon-Th,3,2025-10-14,Mon-Th,3,26
21,14.808194160110112,7.4659073560594384,3,Mon-Th,3,2025-10-14,Mon-Th,3,26
17,12.346854785951987,14.370060314707958,3,Mon-Th,3,2025-10-14,Mon-Th,3,26
15,15.396380806797655,11.696059941846332,3,Mon-Th,3,2025-10-15,Mon-Th,3,31
22,16.540258045204926,7.252107708805072,3,Mon-Th,3,2025-10-15,Mon-Th,3,31
22,14.480972581176928,6.756784400687851,3,Mon-Th,3,2025-10-15,Mon-Th,3,31
13,21.025793204353697,4.259372491768568,3,Mon-Th,3,2025-10-15,Mon-Th,3,31
13,17.52337440501911,11.231321329310887,3,Mon-Th,3,2025-10-15,Mon-Th,3,31
23,3.3324347981955142,6.162669692876848,3,Mon-Th,3,2025-10-15,Mon-Th,3,31
14,18.903146752448052,3.279059217266119,3,Mon-Th,3,2025-10-15,Mon-Th,3,31
17,24.578520260593187,46.79475282984371,3,Mon-Th,3,2025-10-15,Mon-Th,3,31
23,15.18909169297439,18.688741771896293,3,Mon-Th,3,2025-10-15,Mon-Th,3,31
14,19.54930000586352,4.622134934978448,3,Mon-Th,3,2025-10-15,Mon-Th,3,31
15,10.26368644209542,23.21647139473656,3,Mon-Th,3,2025-10-15,Mon-Th,3,31
19,17.139238460795365,14.214116755161038,3,Mon-Th,3,2025-10-15,Mon-Th,3,31
14,23.675793593229038,12.905596154194992,3,Mon-Th,3,2025-10-15,Mon-Th,3,31
20,17.48067267812162,5.945445213946544,3,Mon-Th,3,2025-10-15,Mon-Th,3,31
19,11.068939240856107,37.81989357192308,3,Mon-Th,3,2025-10-15,Mon-Th,3,31
18,18.345713925505972,5.144158151369703,3,Mon-Th,3,2025-10-15,Mon-Th,3,31
22,15.645036586459753,40.03328275137226,3,Mon-Th,3,2025-10-15,Mon-Th,3,31
16,19.832390680662197,55.98626012012379,3,Mon-Th,3,2025-10-15,Mon-Th,3,31
20,23.189666927636306,6.89887919724764,3,Mon-Th,3,2025-10-15,Mon-Th,3,31
23,12.713430352788052,45.14105725137619,3,Mon-Th,3,2025-10-15,Mon-Th,3,31
20,23.979654827817214,7.1522834902038674,3,Mon-Th,3,2025-10-15,Mon-Th,3,31
23,9.985551250617913,13.193921662454894,3,Mon-Th,3,2025-10-15,Mon-Th,3,31
11,59.21760587404384,6.318072416138011,3,Mon-Th,3,2025-10-15,Mon-Th,3,31
9,13.042475347652047,22.042983552313526,3,Mon-Th,3,2025-10-15,Mon-Th,3,31
19,15.70390450152949,6.673047314962103,3,Mon-Th,3,2025-10-15,Mon-Th,3,31
13,27.156199372879755,15.81798885011909,3,Mon-Th,3,2025-10-15,Mon-Th,3,31
21,12.40933491633987,46.98849202360844,3,Mon-Th,3,2025-10-15,Mon-Th,3,31
19,16.24571121448227,4.302445817228791,3,Mon-Th,3,2025-10-15,Mon-Th,3,31
19,14.581969835147067,9.30630923906747,3,Mon-Th,3,2025-10-15,Mon-Th,3,31
12,36.3093867136753,5.135691645299644,3,Mon-Th,3,2025-10-15,Mon-Th,3,31
15,15.79780205123231,20.95258840226826,3,Mon-Th,3,2025-10-15,Mon-Th,3,31
16,20.901960655277676,6.037907568204321,3,Mon-Th,3,2025-10-16,Mon-Th,3,18
21,12.696620222308074,11.654121026144145,3,Mon-Th,3,2025-10-16,Mon-Th,3,18
14,27.205222699324818,13.48339343247927,3,Mon-Th,3,2025-10-16,Mon-Th,3,18
19,19.259067788351736,14.250238794479843,3,Mon-Th,3,2025-10-16,Mon-Th,3,18
17,21.408734047816388,5.189214132154624,3,Mon-Th,3,2025-10-16,Mon-Th,3,18
19,16.552140334273638,9.429793252958078,3,Mon-Th,3,2025-10-16,Mon-Th,3,18
16,19.077317771159024,18.56605616188345,3,Mon-Th,3,2025-10-16,Mon-Th,3,18
14,20.039632490648106,3.4140614202777533,3,Mon-Th,3,2025-10-16,Mon-Th,3,18
21,16.50814369617499,21.028172897631332,3,Mon-Th,3,2025-10-16,Mon-Th,3,18
18,2.36674101688097,19.198573090784834,3,Mon-Th,3,2025-10-16,Mon-Th,3,18
20,18.287135140529408,3.9845841808691507,3,Mon-Th,3,2025-10-16,Mon-Th,3,18
11,17.634138558504763,2.618604380651104,3,Mon-Th,3,2025-10-16,Mon-Th,3,18
18,15.070947141699751,20.875792928873032,3,Mon-Th,3,2025-10-16,Mon-Th,3,18
15,3.153497743716374,3.676870970654803,3,Mon-Th,3,2025-10-16,Mon-Th,3,18
10,7.236681403983624,6.097455451179359,3,Mon-Th,3,2025-10-16,Mon-Th,3,18
5,8.008617917464324,41.08974367473827,3,Mon-Th,3,2025-10-16,Mon-Th,3,18
12,45.41890422007568,5.333476033590405,3,Mon-Th,3,2025-10-16,Mon-Th,3,18
20,50.10003650868209,22.930951393776073,3,Mon-Th,3,2025-10-16,Mon-Th,3,18
17,20.120792656029092,23.916208847340812,3,Mon-Th,3,2025-10-20,Mon-Th,3,23
17,2.2842078067711538,4.559551491280575,3,Mon-Th,3,2025-10-20,Mon-Th,3,23
16,13.57723049298107,17.853683159231696,3,Mon-Th,3,2025-10-20,Mon-Th,3,23
14,73.17504462045126,2.467474105965691,3,Mon-Th,3,2025-10-20,Mon-Th,3,23
14,16.995740390654042,19.137084032831055,3,Mon-Th,3,2025-10-20,Mon-Th,3,23
8,41.63597359006369,1.1273219427027275,3,Mon-Th,3,2025-10-20,Mon-Th,3,23
14,55.31291100465688,5.927466803904285,3,Mon-Th,3,2025-10-20,Mon-Th,3,23
17,51.814480925001874,19.208702071275088,3,Mon-Th,3,2025-10-20,Mon-Th,3,23
11,14.315676465061731,2.6776660491330126,3,Mon-Th,3,2025-10-20,Mon-Th,3,23
23,15.492908003225043,23.934834314013532,3,Mon-Th,3,2025-10-20,Mon-Th,3,23
13,2.008130811499657,5.3597411308541325,3,Mon-Th,3,2025-10-20,Mon-Th,3,23
13,4.055048311779643,17.717275533581294,3,Mon-Th,3,2025-10-20,Mon-Th,3,23
18,14.175364985713387,23.214383645961004,3,Mon-Th,3,2025-10-20,Mon-Th,3,23
14,18.004022049099433,9.097555368162977,3,Mon-Th,3,2025-10-20,Mon-Th,3,23
7,15.954872769228793,16.444234650231806,3,Mon-Th,3,2025-10-20,Mon-Th,3,23
19,6.298029010615138,12.464853283063565,3,Mon-Th,3,2025-10-20,Mon-Th,3,23
15,6.9531617903716345,2.5035337800253368,3,Mon-Th,3,2025-10-20,Mon-Th,3,23
23,8.290098980578023,3.7776056000076483,3,Mon-Th,3,2025-10-20,Mon-Th,3,23
19,5.407574021678837,15.2763999719539,3,Mon-Th,3,2025-10-20,Mon-Th,3,23
9,6.622665353783503,14.926438226528925,3,Mon-Th,3,2025-10-20,Mon-Th,3,23
10,3.122762977601503,23.845151176506874,3,Mon-Th,3,2025-10-20,Mon-Th,3,23
10,6.544825224849562,11.838543800124032,3,Mon-Th,3,2025-10-20,Mon-Th,3,23
9,2.959922726266309,9.66065648608156,3,Mon-Th,3,2025-10-20,Mon-Th,3,23
14,22.087360864628835,18.836093762184504,3,Mon-Th,3,2025-10-21,Mon-Th,3,26
21,11.375663377488081,12.569154163166642,3,Mon-Th,3,2025-10-21,Mon-Th,3,26
19,4.548647780143138,9.275985697261564,3,Mon-Th,3,2025-10-21,Mon-Th,3,26
19,21.57335513834679,16.104661663837163,3,Mon-Th,3,2025-10-21,Mon-Th,3,26
21,11.42712239110324,20.370137117086607,3,Mon-Th,3,2025-10-21,Mon-Th,3,26
16,57.59261120766832,7.5157733000400295,3,Mon-Th,3,2025-10-21,Mon-Th,3,26
19,19.222330483940944,11.620703879631204,3,Mon-Th,3,2025-10-21,Mon-Th,3,26
20,10.619174746451108,13.734404207862989,3,Mon-Th,3,2025-10-21,Mon-Th,3,26
20,87.72797915195021,2.566436189112081,3,Mon-Th,3,2025-10-21,Mon-Th,3,26
18,14.758502381724089,21.28916567164693,3,Mon-Th,3,2025-10-21,Mon-Th,3,26
17,19.731408019910027,23.19866078202113,3,Mon-Th,3,2025-10-21,Mon-Th,3,26
17,4.349942384723646,22.429774688343883,3,Mon-Th,3,2025-10-21,Mon-Th,3,26
15,10.119280294430801,3.835065160846894,3,Mon-Th,3,2025-10-21,Mon-Th,3,26
12,6.782248261101418,9.571536359205082,3,Mon-Th,3,2025-10-21,Mon-Th,3,26
17,11.589771526818978,26.463493194001963,3,Mon-Th,3,2025-10-21,Mon-Th,3,26
16,19.53632423010109,13.104101321923286,3,Mon-Th,3,2025-10-21,Mon-Th,3,26
19,11.181149380884118,15.421510862267171,3,Mon-Th,3,2025-10-21,Mon-Th,3,26
19,16.016630085482742,16.54664938017837,3,Mon-Th,3,2025-10-21,Mon-Th,3,26
14,13.449382933517569,19.029717743978892,3,Mon-Th,3,2025-10-21,Mon-Th,3,26
15,21.927328618047945,20.05620128544727,3,Mon-Th,3,2025-10-21,Mon-Th,3,26
9,2.3661579412947553,11.271447665088663,3,Mon-Th,3,2025-10-21,Mon-Th,3,26
20,11.529245793468604,19.937362697103907,3,Mon-Th,3,2025-10-21,Mon-Th,3,26
13,22.605850339982926,7.170652766798639,3,Mon-Th,3,2025-10-21,Mon-Th,3,26
19,5.203923497264523,13.155614471775674,3,Mon-Th,3,2025-10-21,Mon-Th,3,26
21,13.675527128007325,5.9413602362347335,3,Mon-Th,3,2025-10-21,Mon-Th,3,26
21,10.401356823164573,22.81401952222642,3,Mon-Th,3,2025-10-21,Mon-Th,3,26
19,17.4171564401145,10.95053756824069,3,Mon-Th,3,2025-10-22,Mon-Th,3,19
19,12.01371737333379,11.633100224450212,3,Mon-Th,3,2025-10-22,Mon-Th,3,19
17,13.807172423217093,17.597807654331607,3,Mon-Th,3,2025-10-22,Mon-Th,3,19
12,19.877090633358428,12.751460420516427,3,Mon-Th,3,2025-10-22,Mon-Th,3,19
22,7.362981945815999,23.9108579054155,3,Mon-Th,3,2025-10-22,Mon-Th,3,19
21,11.07961596771161,12.599764296519476,3,Mon-Th,3,2025-10-22,Mon-Th,3,19
5,21.21869057241281,43.6183624507027,3,Mon-Th,3,2025-10-22,Mon-Th,3,19
17,12.160424914495525,5.3230532939801485,3,Mon-Th,3,2025-10-22,Mon-Th,3,19
16,22.88275441621506,8.736039678756635,3,Mon-Th,3,2025-10-22,Mon-Th,3,19
13,44.24234492303359,4.551251546215612,3,Mon-Th,3,2025-10-22,Mon-Th,3,19
16,15.405699097118617,7.0037883331153985,3,Mon-Th,3,2025-10-22,Mon-Th,3,19
15,15.344327883506775,9.177394349256382,3,Mon-Th,3,2025-10-22,Mon-Th,3,19
15,50.36880112881072,5.772580596923731,3,Mon-Th,3,2025-10-22,Mon-Th,3,19
18,11.36242646658576,1.845288531595561,3,Mon-Th,3,2025-10-22,Mon-Th,3,19
21,15.116047270527641,69.12287075334682,3,Mon-Th,3,2025-10-22,Mon-Th,3,19
16,12.65853046076586,16.59262511087429,3,Mon-Th,3,2025-10-22,Mon-Th,3,19
17,5.4336513654192125,3.244967590714377,3,Mon-Th,3,2025-10-22,Mon-Th,3,19
15,15.949685847345798,10.874405767193903,3,Mon-Th,3,2025-10-22,Mon-Th,3,19
14,46.669844631249376,3.4012964163095516,3,Mon-Th,3,2025-10-22,Mon-Th,3,19
17,19.66564491736901,2.0262402677131237,3,Mon-Th,3,2025-10-23,Mon-Th,3,20
15,16.165839254811146,35.84774345590293,3,Mon-Th,3,2025-10-23,Mon-Th,3,20
22,12.071019123755313,9.157404125724097,3,Mon-Th,3,2025-10-23,Mon-Th,3,20
19,10.425821998074515,4.089571411581605,3,Mon-Th,3,2025-10-23,Mon-Th,3,20
16,18.134083471049944,54.738421294248774,3,Mon-Th,3,2025-10-23,Mon-Th,3,20
17,5.921023056016384,20.752754417993064,3,Mon-Th,3,2025-10-23,Mon-Th,3,20
15,18.63633227661724,8.436006539004765,3,Mon-Th,3,2025-10-23,Mon-Th,3,20
13,44.30509259802275,2.341773251366269,3,Mon-Th,3,2025-10-23,Mon-Th,3,20
14,19.1786958353,10.36566004493748,3,Mon-Th,3,2025-10-23,Mon-Th,3,20
0,6.424487906153515,11.231829145653,3,Mon-Th,3,2025-10-23,Mon-Th,3,20
14,11.675720917988567,6.450038331058523,3,Mon-Th,3,2025-10-23,Mon-Th,3,20
18,28.45309550940938,31.502027160818045,3,Mon-Th,3,2025-10-23,Mon-Th,3,20
8,5.231191198215109,7.480872447784865,3,Mon-Th,3,2025-10-23,Mon-Th,3,20
20,11.861328880826921,13.409307367599064,3,Mon-Th,3,2025-10-23,Mon-Th,3,20
14,23.347112859669778,11.072911338796947,3,Mon-Th,3,2025-10-23,Mon-Th,3,20
21,30.446524860805596,7.4534417249395,3,Mon-Th,3,2025-10-23,Mon-Th,3,20
14,13.178364617625245,13.722761747625205,3,Mon-Th,3,2025-10-23,Mon-Th,3,20
1,15.565132959386531,6.124673056799449,3,Mon-Th,3,2025-10-23,Mon-Th,3,20
18,13.142756933233311,5.736141621927641,3,Mon-Th,3,2025-10-23,Mon-Th,3,20
16,39.22633604722292,5.585402470496689,3,Mon-Th,3,2025-10-23,Mon-Th,3,20
12,12.354921027598959,16.42368527123072,3,Mon-Th,3,2025-10-27,Mon-Th,3,23
1,9.631693730740636,32.36173395933952,3,Mon-Th,3,2025-10-27,Mon-Th,3,23
10,2.4864078809795678,7.647723735859847,3,Mon-Th,3,2025-10-27,Mon-Th,3,23
9,10.707717879398736,16.678329391355938,3,Mon-Th,3,2025-10-27,Mon-Th,3,23
15,8.059348565233854,7.146231394987317,3,Mon-Th,3,2025-10-27,Mon-Th,3,23
17,37.657700861526365,8.53279564585988,3,Mon-Th,3,2025-10-27,Mon-Th,3,23
14,12.183557889489407,11.933094785262995,3,Mon-Th,3,2025-10-27,Mon-Th,3,23
22,13.772208527758792,38.00690905094791,3,Mon-Th,3,2025-10-27,Mon-Th,3,23
23,3.409855790302455,14.632988526444755,3,Mon-Th,3,2025-10-27,Mon-Th,3,23
19,25.26383208649557,17.866373742204914,3,Mon-Th,3,2025-10-27,Mon-Th,3,23
19,55.31508128128809,3.204094927938897,3,Mon-Th,3,2025-10-27,Mon-Th,3,23
16,5.583273984002578,9.329760634847696,3,Mon-Th,3,2025-10-27,Mon-Th,3,23
18,11.384419520399678,37.868646751639446,3,Mon-Th,3,2025-10-27,Mon-Th,3,23
15,13.631247394569836,5.022524520346255,3,Mon-Th,3,2025-10-27,Mon-Th,3,23
19,15.224019791638284,20.85833119994384,3,Mon-Th,3,2025-10-27,Mon-Th,3,23
17,22.332647743842678,20.634826761934068,3,Mon-Th,3,2025-10-27,Mon-Th,3,23
17,26.23139941387123,10.580047409383385,3,Mon-Th,3,2025-10-27,Mon-Th,3,23
19,16.901258916336186,5.932620493223783,3,Mon-Th,3,2025-10-27,Mon-Th,3,23
21,57.134664490411524,12.620786207206528,3,Mon-Th,3,2025-10-27,Mon-Th,3,23
19,12.182434748590254,6.548862876302588,3,Mon-Th,3,2025-10-27,Mon-Th,3,23
20,5.218001961491851,12.711385136080422,3,Mon-Th,3,2025-10-27,Mon-Th,3,23
18,14.519747377762993,19.40597661041513,3,Mon-Th,3,2025-10-27,Mon-Th,3,23
18,23.936704471065546,5.243718777392559,3,Mon-Th,3,2025-10-27,Mon-Th,3,23
18,12.780079127764871,16.782890151646715,3,Mon-Th,3,2025-10-28,Mon-Th,3,18
17,24.689500852379016,15.366770866284034,3,Mon-Th,3,2025-10-28,Mon-Th,3,18
22,9.061359157006201,1.62956664039173,3,Mon-Th,3,2025-10-28,Mon-Th,3,18
21,16.221824046027887,15.070882535452636,3,Mon-Th,3,2025-10-28,Mon-Th,3,18
22,22.27956944176289,8.267979247830707,3,Mon-Th,3,2025-10-28,Mon-Th,3,18
20,18.463254579513524,17.011217745694104,3,Mon-Th,3,2025-10-28,Mon-Th,3,18
22,13.161658890278357,17.47192447922668,3,Mon-Th,3,2025-10-28,Mon-Th,3,18
20,17.154339544570195,39.90206441058255,3,Mon-Th,3,2025-10-28,Mon-Th,3,18
16,12.821847633224461,6.534810137116711,3,Mon-Th,3,2025-10-28,Mon-Th,3,18
14,10.208547671701208,18.719744447032753,3,Mon-Th,3,2025-10-28,Mon-Th,3,18
7,5.483963182458816,17.533712122523358,3,Mon-Th,3,2025-10-28,Mon-Th,3,18
18,13.511319114621553,8.172172135549314,3,Mon-Th,3,2025-10-28,Mon-Th,3,18
0,7.856606748885078,17.254268316821882,3,Mon-Th,3,2025-10-28,Mon-Th,3,18
19,2.7310505671395395,15.66783966976704,3,Mon-Th,3,2025-10-28,Mon-Th,3,18
14,30.80581417758248,3.2348597556226855,3,Mon-Th,3,2025-10-28,Mon-Th,3,18
7,4.800643962054389,4.730063793392479,3,Mon-Th,3,2025-10-28,Mon-Th,3,18
22,17.851538826969325,20.646051471838536,3,Mon-Th,3,2025-10-28,Mon-Th,3,18
15,22.91620072146121,18.99379552925993,3,Mon-Th,3,2025-10-28,Mon-Th,3,18
18,16.590140689632694,16.25990623211989,3,Friday,3,2025-09-26,Friday,3,31
17,19.451864697712093,13.715554320589149,3,Friday,3,2025-09-26,Friday,3,31
22,20.7353575311341,11.47761805175757,3,Friday,3,2025-09-26,Friday,3,31
23,9.297194946865684,5.031374657546306,3,Friday,3,2025-09-26,Friday,3,31
11,4.997762716961779,16.60879972934377,3,Friday,3,2025-09-26,Friday,3,31
6,9.49607068952293,4.991208818788019,3,Friday,3,2025-09-26,Friday,3,31
19,10.119625029039476,3.4802380395411285,3,Friday,3,2025-09-26,Friday,3,31
16,27.22670851143711,25.372489935351666,3,Friday,3,2025-09-26,Friday,3,31
18,35.50408211097052,70.50772310994249,3,Friday,3,2025-09-26,Friday,3,31
10,12.527763433017284,7.778426114294697,3,Friday,3,2025-09-26,Friday,3,31
12,4.978085915596454,12.063837050367566,3,Friday,3,2025-09-26,Friday,3,31
19,15.984596128243794,26.75447676141701,3,Friday,3,2025-09-26,Friday,3,31
9,4.857958716613378,5.064188957372997,3,Friday,3,2025-09-26,Friday,3,31
20,4.276249313038038,6.74798656999789,3,Friday,3,2025-09-26,Friday,3,31
21,10.918377739980972,10.261615021488618,3,Friday,3,2025-09-26,Friday,3,31
9,114.89351674602611,3.346252523182838,3,Friday,3,2025-09-26,Friday,3,31
15,54.4401820445867,0.5237543310206888,3,Friday,3,2025-09-26,Friday,3,31
13,19.040928089894425,45.575616009448574,3,Friday,3,2025-09-26,Friday,3,31
8,119.90230113015252,5.334564812935091,3,Friday,3,2025-09-26,Friday,3,31
6,24.381650167699544,4.291964398978032,3,Friday,3,2025-09-26,Friday,3,31
21,60.05887568568669,23.190224171633467,3,Friday,3,2025-09-26,Friday,3,31
19,53.83096559647446,3.124894542589863,3,Friday,3,2025-09-26,Friday,3,31
8,5.138862752307096,34.256130365457764,3,Friday,3,2025-09-26,Friday,3,31
17,33.178940778211526,28.306687476609202,3,Friday,3,2025-09-26,Friday,3,31
11,7.69091085076541,6.7694649278575385,3,Friday,3,2025-09-26,Friday,3,31
16,17.61111652204216,7.424349115184381,3,Friday,3,2025-09-26,Friday,3,31
12,15.417237292748084,14.597554851794557,3,Friday,3,2025-09-26,Friday,3,31
1,3.2499916885607485,14.022585438417385,3,Friday,3,2025-09-26,Friday,3,31
16,40.670913166105734,26.209056567659598,3,Friday,3,2025-09-26,Friday,3,31
7,14.403904610406155,26.400511305161842,3,Friday,3,2025-09-26,Friday,3,31
22,3.4826183754798476,7.082288398287345,3,Friday,3,2025-09-26,Friday,3,31
12,53.185642177963096,26.882526021472078,3,Friday,3,2025-10-03,Friday,3,19
8,8.021734679222828,9.02041799618163,3,Friday,3,2025-10-03,Friday,3,19
22,13.373786330202783,24.86831556616426,3,Friday,3,2025-10-03,Friday,3,19
15,16.8657016204077,5.247916059155625,3,Friday,3,2025-10-03,Friday,3,19
20,18.694798522878482,48.913506942385936,3,Friday,3,2025-10-03,Friday,3,19
0,18.818320799331236,6.121225451688075,3,Friday,3,2025-10-03,Friday,3,19
8,33.40840439193831,6.137066067166146,3,Friday,3,2025-10-03,Friday,3,19
14,41.10247439008226,6.7553615564072915,3,Friday,3,2025-10-03,Friday,3,19
20,2.9634122860143863,19.52712586991413,3,Friday,3,2025-10-03,Friday,3,19
23,15.360399280510116,30.980759739898538,3,Friday,3,2025-10-03,Friday,3,19
14,5.688066802310975,21.12887041305419,3,Friday,3,2025-10-03,Friday,3,19
18,11.051299743946029,29.786019736067395,3,Friday,3,2025-10-03,Friday,3,19
16,17.683533292468493,4.068996757818145,3,Friday,3,2025-10-03,Friday,3,19
9,24.09169592030178,35.90614319201015,3,Friday,3,2025-10-03,Friday,3,19
17,50.90812608368884,11.885633343030204,3,Friday,3,2025-10-03,Friday,3,19
11,6.472695011131331,22.36165730286858,3,Friday,3,2025-10-03,Friday,3,19
16,25.026669492223316,7.4377073197689425,3,Friday,3,2025-10-03,Friday,3,19
11,119.91669187397645,8.841015831175662,3,Friday,3,2025-10-03,Friday,3,19
17,4.3963598820226455,33.60288587296408,3,Friday,3,2025-10-03,Friday,3,19
23,23.567368794340474,12.559251331551026,3,Friday,3,2025-10-10,Friday,3,29
18,19.78432004536468,22.68892784574787,3,Friday,3,2025-10-10,Friday,3,29
16,16.548640942986825,6.936335994684919,3,Friday,3,2025-10-10,Friday,3,29
12,13.473475814417665,28.85126611920336,3,Friday,3,2025-10-10,Friday,3,29
2,8.851722183100183,3.6430796629469953,3,Friday,3,2025-10-10,Friday,3,29
19,3.4500920562177733,7.136658477491724,3,Friday,3,2025-10-10,Friday,3,29
12,2.410726999841566,7.293155193862574,3,Friday,3,2025-10-10,Friday,3,29
14,8.87171261441998,4.345928223402098,3,Friday,3,2025-10-10,Friday,3,29
18,19.28227945364808,71.726913634314,3,Friday,3,2025-10-10,Friday,3,29
23,13.26341158844459,15.198277383919999,3,Friday,3,2025-10-10,Friday,3,29
1,11.383779355019396,7.0177284269221225,3,Friday,3,2025-10-10,Friday,3,29
13,21.42881189125114,7.416328082133778,3,Friday,3,2025-10-10,Friday,3,29
14,7.1769203008310765,9.844173971281535,3,Friday,3,2025-10-10,Friday,3,29
14,14.800279311448332,7.4730720001767414,3,Friday,3,2025-10-10,Friday,3,29
13,68.69143450893127,20.93520075166153,3,Friday,3,2025-10-10,Friday,3,29
17,6.402940802304413,14.733719983834735,3,Friday,3,2025-10-10,Friday,3,29
23,7.290146100146261,8.770296945074161,3,Friday,3,2025-10-10,Friday,3,29
23,119.9167001192093,10.63883763266429,3,Friday,3,2025-10-10,Friday,3,29
18,11.794896433753422,24.501012872718416,3,Friday,3,2025-10-10,Friday,3,29
20,17.465717327966498,17.486939637816057,3,Friday,3,2025-10-10,Friday,3,29
7,32.63517149589006,9.114790198822101,3,Friday,3,2025-10-10,Friday,3,29
21,21.672325252797084,14.828629371375936,3,Friday,3,2025-10-10,Friday,3,29
20,14.391784774879056,54.59330938975723,3,Friday,3,2025-10-10,Friday,3,29
9,18.478896616457476,5.967423663687801,3,Friday,3,2025-10-10,Friday,3,29
20,23.896969557666623,2.549175821967407,3,Friday,3,2025-10-10,Friday,3,29
13,6.711879761331547,7.868756568472938,3,Friday,3,2025-10-10,Friday,3,29
17,20.98976824922345,6.347112022021108,3,Friday,3,2025-10-10,Friday,3,29
7,2.679798497150471,3.357672541945914,3,Friday,3,2025-10-10,Friday,3,29
13,25.358051497821325,41.38453775769529,3,Friday,3,2025-10-10,Friday,3,29
14,66.81001521461528,2.337661404685032,3,Friday,3,2025-10-17,Friday,3,25
9,2.2306122450995725,4.913594772406501,3,Friday,3,2025-10-17,Friday,3,25
12,21.0085335656727,8.941826853714087,3,Friday,3,2025-10-17,Friday,3,25
11,29.654195019330654,43.99239355320293,3,Friday,3,2025-10-17,Friday,3,25
15,13.026925791047788,12.428629169593965,3,Friday,3,2025-10-17,Friday,3,25
0,21.230132592232994,1.352017919252639,3,Friday,3,2025-10-17,Friday,3,25
14,13.364774543687755,8.48850581109529,3,Friday,3,2025-10-17,Friday,3,25
15,2.779715389827837,7.242503088778069,3,Friday,3,2025-10-17,Friday,3,25
20,17.012902516467573,39.40793962404953,3,Friday,3,2025-10-17,Friday,3,25
19,10.931683876876697,3.84149924937568,3,Friday,3,2025-10-17,Friday,3,25
22,28.34766691895699,10.885719129886372,3,Friday,3,2025-10-17,Friday,3,25
0,84.5109884707469,27.986312979484573,3,Friday,3,2025-10-17,Friday,3,25
18,3.042510220707501,26.249316314063023,3,Friday,3,2025-10-17,Friday,3,25
22,15.622173417619994,56.54381393224084,3,Friday,3,2025-10-17,Friday,3,25
13,48.07184439193089,2.521463038077415,3,Friday,3,2025-10-17,Friday,3,25
17,48.48067325115309,9.044685258903746,3,Friday,3,2025-10-17,Friday,3,25
15,3.250800015505627,27.884286014478,3,Friday,3,2025-10-17,Friday,3,25
14,42.041696506234565,35.32927326790759,3,Friday,3,2025-10-17,Friday,3,25
14,18.201152356532752,2.485040236446221,3,Friday,3,2025-10-17,Friday,3,25
19,7.412509859057053,5.192546443556367,3,Friday,3,2025-10-17,Friday,3,25
15,21.474627139740424,53.878811040075476,3,Friday,3,2025-10-17,Friday,3,25
14,3.782068163480666,14.570367422562267,3,Friday,3,2025-10-17,Friday,3,25
14,24.131083941467416,15.258210368054446,3,Friday,3,2025-10-17,Friday,3,25
22,13.237578257672421,26.54791439633795,3,Friday,3,2025-10-17,Friday,3,25
19,14.327552368857816,12.099060985473109,3,Friday,3,2025-10-17,Friday,3,25
0,31.211239962564505,27.883232816789697,3,Friday,3,2025-10-24,Friday,3,21
13,4.77529381778622,14.300449309916814,3,Friday,3,2025-10-24,Friday,3,21
8,2.118387693678518,7.062479984803923,3,Friday,3,2025-10-24,Friday,3,21
22,7.981948829373369,11.97102641464687,3,Friday,3,2025-10-24,Friday,3,21
14,119.91661045690054,23.231270472167786,3,Friday,3,2025-10-24,Friday,3,21
23,12.688039192420586,3.893453488329796,3,Friday,3,2025-10-24,Friday,3,21
16,18.380000958717517,34.82838862447189,3,Friday,3,2025-10-24,Friday,3,21
21,18.72686986109238,6.1022787502212275,3,Friday,3,2025-10-24,Friday,3,21
15,16.975828623232186,7.670017915963384,3,Friday,3,2025-10-24,Friday,3,21
23,11.65197117474142,13.162631920432576,3,Friday,3,2025-10-24,Friday,3,21
0,11.759173707451257,8.033831534558209,3,Friday,3,2025-10-24,Friday,3,21
1,14.694424101082898,33.700594507391465,3,Friday,3,2025-10-24,Friday,3,21
18,22.099700999025533,7.86151022360603,3,Friday,3,2025-10-24,Friday,3,21
18,43.09046242141294,13.490650691851515,3,Friday,3,2025-10-24,Friday,3,21
11,2.7048615524428454,10.755305852773095,3,Friday,3,2025-10-24,Friday,3,21
17,22.004541231753898,11.80862833007795,3,Friday,3,2025-10-24,Friday,3,21
21,11.267866543290303,20.052390273604658,3,Friday,3,2025-10-24,Friday,3,21
22,2.666229655857885,8.184902153055944,3,Friday,3,2025-10-24,Friday,3,21
12,7.383433236139708,4.997885339723459,3,Friday,3,2025-10-24,Friday,3,21
21,19.765685674959492,12.038243922759714,3,Friday,3,2025-10-24,Friday,3,21
19,8.850065356478911,9.265156719676465,3,Friday,3,2025-10-24,Friday,3,21
15,2.0221539411258744,3.472263654384454,3,Friday,3,2025-10-31,Friday,3,13
17,26.20723642024297,7.547989152108149,3,Friday,3,2025-10-31,Friday,3,13
14,11.300675663368988,11.172458709300907,3,Friday,3,2025-10-31,Friday,3,13
13,5.144840675076484,3.3041666050707805,3,Friday,3,2025-10-31,Friday,3,13
17,38.49011649191975,3.7092596678805574,3,Friday,3,2025-10-31,Friday,3,13
4,119.90267918430573,7.186120168343547,3,Friday,3,2025-10-31,Friday,3,13
21,18.91643624372624,40.50573419025751,3,Friday,3,2025-10-31,Friday,3,13
3,9.58011208662058,23.1503605642811,3,Friday,3,2025-10-31,Friday,3,13
22,14.231022249822221,7.1464499489897735,3,Friday,3,2025-10-31,Friday,3,13
15,2.9474289073619504,17.23854690680178,3,Friday,3,2025-10-31,Friday,3,13
19,14.969362595171273,21.975688867765044,3,Friday,3,2025-10-31,Friday,3,13
21,16.498165102533598,3.910126429356871,3,Friday,3,2025-10-31,Friday,3,13
14,8.177018682486112,37.05346150142684,3,Friday,3,2025-10-31,Friday,3,13
18,27.961065477666306,12.166126015882432,3,Friday,3,2025-11-07,Friday,3,22
18,12.37008083235379,16.908823320228354,3,Friday,3,2025-11-07,Friday,3,22
19,17.483924159692624,19.49559635065881,3,Friday,3,2025-11-07,Friday,3,22
17,23.788106697079822,9.973544797370238,3,Friday,3,2025-11-07,Friday,3,22
11,18.693458711707635,29.424516676528604,3,Friday,3,2025-11-07,Friday,3,22
5,4.956300679005601,6.55445786106567,3,Friday,3,2025-11-07,Friday,3,22
6,21.146203509463398,29.23646868879417,3,Friday,3,2025-11-07,Friday,3,22
17,23.943937656509117,16.0956651467878,3,Friday,3,2025-11-07,Friday,3,22
20,18.451096804838112,9.866152185255391,3,Friday,3,2025-11-07,Friday,3,22
20,21.573048644178023,8.268384407549165,3,Friday,3,2025-11-07,Friday,3,22
8,2.9381698881462626,4.6178437843626385,3,Friday,3,2025-11-07,Friday,3,22
19,17.783127159058395,60.71218541363811,3,Friday,3,2025-11-07,Friday,3,22
20,10.12077263209483,16.810472002253512,3,Friday,3,2025-11-07,Friday,3,22
11,46.53657681610862,7.7228898857427435,3,Friday,3,2025-11-07,Friday,3,22
1,22.088719342238473,36.57070565959305,3,Friday,3,2025-11-07,Friday,3,22
17,9.027794908435876,6.477838196671277,3,Friday,3,2025-11-07,Friday,3,22
19,13.933391455597587,14.065946839363574,3,Friday,3,2025-11-07,Friday,3,22
23,23.27360177489786,5.4504053281587,3,Friday,3,2025-11-07,Friday,3,22
15,2.250517823118961,4.480175512303573,3,Friday,3,2025-11-07,Friday,3,22
20,8.873518731644637,9.46546199923001,3,Friday,3,2025-11-07,Friday,3,22
21,15.496999381309703,12.029545843307183,3,Friday,3,2025-11-07,Friday,3,22
20,16.263202366520854,30.18039530066075,3,Friday,3,2025-11-07,Friday,3,22
4,6.30029680294859,14.551870420155758,3,Friday,3,2025-11-14,Friday,3,18
11,48.446476498354485,26.8583758918218,3,Friday,3,2025-11-14,Friday,3,18
20,11.77504285472315,22.710176679289063,3,Friday,3,2025-11-14,Friday,3,18
11,2.7168258066495166,8.144419626835862,3,Friday,3,2025-11-14,Friday,3,18
13,53.70346266146037,2.6030140514933198,3,Friday,3,2025-11-14,Friday,3,18
16,6.4020593275151985,12.524065429843766,3,Friday,3,2025-11-14,Friday,3,18
18,2.8513323603278447,9.25693282536793,3,Friday,3,2025-11-14,Friday,3,18
23,21.96800830249951,22.614364943312452,3,Friday,3,2025-11-14,Friday,3,18
0,6.45298358122596,7.07037879552141,3,Friday,3,2025-11-14,Friday,3,18
13,86.66670914163186,29.300943287725584,3,Friday,3,2025-11-14,Friday,3,18
9,4.714678441239879,3.057839403539578,3,Friday,3,2025-11-14,Friday,3,18
21,17.195457478958556,14.015864980952909,3,Friday,3,2025-11-14,Friday,3,18
23,119.89809732439555,8.766486950201198,3,Friday,3,2025-11-14,Friday,3,18
12,2.1143443937049167,5.347531151100914,3,Friday,3,2025-11-14,Friday,3,18
15,6.528746942557575,12.505532676055639,3,Friday,3,2025-11-14,Friday,3,18
17,11.947207938288358,5.4475653263950985,3,Friday,3,2025-11-14,Friday,3,18
18,53.63327038557299,9.205106738071049,3,Friday,3,2025-11-14,Friday,3,18
13,3.152649227724415,38.48118281704418,3,Friday,3,2025-11-14,Friday,3,18
15,37.58322278981728,19.826625068855925,3,Friday,3,2025-11-21,Friday,3,31
18,13.64106434086979,14.188104545349029,3,Friday,3,2025-11-21,Friday,3,31
14,26.31070780683069,8.874972089287526,3,Friday,3,2025-11-21,Friday,3,31
13,4.42223484571634,46.40352458039415,3,Friday,3,2025-11-21,Friday,3,31
18,11.69025647035528,9.990642975903873,3,Friday,3,2025-11-21,Friday,3,31
19,12.996609796709755,13.877965409267782,3,Friday,3,2025-11-21,Friday,3,31
17,26.138960013270093,8.00198262925772,3,Friday,3,2025-11-21,Friday,3,31
19,28.13073150550304,26.30126662753395,3,Friday,3,2025-11-21,Friday,3,31
19,18.542150696192298,3.512309757829642,3,Friday,3,2025-11-21,Friday,3,31
23,8.443617810921957,14.152460166203836,3,Friday,3,2025-11-21,Friday,3,31
19,16.23482412637609,29.54640096658404,3,Friday,3,2025-11-21,Friday,3,31
0,10.677121668725267,3.301756200627872,3,Friday,3,2025-11-21,Friday,3,31
8,2.8214996702436492,9.275879155002977,3,Friday,3,2025-11-21,Friday,3,31
15,119.91374064161913,4.205558216071985,3,Friday,3,2025-11-21,Friday,3,31
15,26.602459827894663,2.471121471430079,3,Friday,3,2025-11-21,Friday,3,31
23,8.369113884649199,14.676453582991957,3,Friday,3,2025-11-21,Friday,3,31
16,20.378871860159794,8.284328611469121,3,Friday,3,2025-11-21,Friday,3,31
16,5.930499505505574,9.665859893480285,3,Friday,3,2025-11-21,Friday,3,31
13,10.400700121264897,20.66340759026145,3,Friday,3,2025-11-21,Friday,3,31
18,56.599166110964326,5.201136449989958,3,Friday,3,2025-11-21,Friday,3,31
16,30.0195319487386,26.689059598250587,3,Friday,3,2025-11-21,Friday,3,31
18,32.00816424263769,16.408116977412018,3,Friday,3,2025-11-21,Friday,3,31
8,16.594709622231154,20.01799907076852,3,Friday,3,2025-11-21,Friday,3,31
20,12.190682599610852,8.33493123148311,3,Friday,3,2025-11-21,Friday,3,31
18,14.311878653668607,18.549162096181085,3,Friday,3,2025-11-21,Friday,3,31
1,4.322946634373901,19.142255900794108,3,Friday,3,2025-11-21,Friday,3,31
19,12.661037691486811,18.776227927289764,3,Friday,3,2025-11-21,Friday,3,31
12,6.769584128243537,9.824273010665197,3,Friday,3,2025-11-21,Friday,3,31
17,86.61435026533586,4.1674092865769605,3,Friday,3,2025-11-21,Friday,3,31
19,20.370250046131265,31.892229526490784,3,Friday,3,2025-11-21,Friday,3,31
12,24.771733505932907,16.19269549596411,3,Friday,3,2025-11-21,Friday,3,31
12,3.0123312412045475,6.667380351624741,3,Friday,3,2025-11-28,Friday,3,24
19,16.96681798276672,17.688687218924052,3,Friday,3,2025-11-28,Friday,3,24
2,27.66949874363885,6.728031321373205,3,Friday,3,2025-11-28,Friday,3,24
11,10.60153283241392,44.506720217217584,3,Friday,3,2025-11-28,Friday,3,24
12,3.108392199752298,6.323667441624553,3,Friday,3,2025-11-28,Friday,3,24
18,24.622267437922037,3.1438796128288997,3,Friday,3,2025-11-28,Friday,3,24
3,119.9167001192093,2.314756275899426,3,Friday,3,2025-11-28,Friday,3,24
19,10.544544751683365,4.881441392810265,3,Friday,3,2025-11-28,Friday,3,24
11,7.147853043100693,15.716026073768349,3,Friday,3,2025-11-28,Friday,3,24
17,15.822163667262501,4.7605387138845545,3,Friday,3,2025-11-28,Friday,3,24
14,23.254124404420953,9.648657226900333,3,Friday,3,2025-11-28,Friday,3,24
19,19.758491870493565,6.383228376612687,3,Friday,3,2025-11-28,Friday,3,24
8,2.99647637021961,23.30522781308365,3,Friday,3,2025-11-28,Friday,3,24
23,17.019187578815313,15.607409463256301,3,Friday,3,2025-11-28,Friday,3,24
19,10.378939161291033,9.554085101323741,3,Friday,3,2025-11-28,Friday,3,24
19,19.60840715587156,40.380464012694205,3,Friday,3,2025-11-28,Friday,3,24
23,11.792049223609627,24.265016037759008,3,Friday,3,2025-11-28,Friday,3,24
17,3.4504273543139163,3.2374620711005635,3,Friday,3,2025-11-28,Friday,3,24
0,16.815473295387772,2.0939616661998377,3,Friday,3,2025-11-28,Friday,3,24
17,19.949694285290406,9.48790458902341,3,Friday,3,2025-11-28,Friday,3,24
20,24.42714634769422,21.269204269671164,3,Friday,3,2025-11-28,Friday,3,24
9,16.791443186921583,0.761431132534153,3,Friday,3,2025-11-28,Friday,3,24
17,33.7477828717159,5.057428063357495,3,Friday,3,2025-11-28,Friday,3,24
19,17.806154910425963,16.567630860001177,3,Friday,3,2025-11-28,Friday,3,24
19,23.258447908380084,17.200992894166355,3,Friday,3,2025-12-05,Friday,3,26
22,2.1230040511990187,11.930508127406261,3,Friday,3,2025-12-05,Friday,3,26
12,19.38680848113339,9.160536227711354,3,Friday,3,2025-12-05,Friday,3,26
19,10.171280660157517,11.979471744434234,3,Friday,3,2025-12-05,Friday,3,26
17,31.919582503532727,6.334681708469618,3,Friday,3,2025-12-05,Friday,3,26
21,11.529105452695365,8.752491239306583,3,Friday,3,2025-12-05,Friday,3,26
16,66.27089744220507,4.539748172586428,3,Friday,3,2025-12-05,Friday,3,26
13,2.2084029762395105,12.845055132318922,3,Friday,3,2025-12-05,Friday,3,26
16,22.822759965997818,16.315285344426044,3,Friday,3,2025-12-05,Friday,3,26
15,24.142286025886808,6.606345751211096,3,Friday,3,2025-12-05,Friday,3,26
17,42.240422131033355,18.723406837229525,3,Friday,3,2025-12-05,Friday,3,26
16,16.091480222023424,4.7820297233438005,3,Friday,3,2025-12-05,Friday,3,26
13,6.643922456118769,25.818294467484122,3,Friday,3,2025-12-05,Friday,3,26
18,21.100766459826723,13.70513641080035,3,Friday,3,2025-12-05,Friday,3,26
21,37.1682902674465,13.110963627740391,3,Friday,3,2025-12-05,Friday,3,26
2,10.260990743428106,26.359452778751283,3,Friday,3,2025-12-05,Friday,3,26
14,45.492608458442454,5.094602218838999,3,Friday,3,2025-12-05,Friday,3,26
20,8.05312119603273,9.85326705599096,3,Friday,3,2025-12-05,Friday,3,26
8,13.396760224268146,28.28740074715367,3,Friday,3,2025-12-05,Friday,3,26
8,19.686676582797123,6.408450960189137,3,Friday,3,2025-12-05,Friday,3,26
13,23.640525069752762,60.68075088055586,3,Friday,3,2025-12-05,Friday,3,26
0,2.6080043166734335,20.621252153742002,3,Friday,3,2025-12-05,Friday,3,26
15,26.24554210849105,14.50788890100115,3,Friday,3,2025-12-05,Friday,3,26
3,39.49272710761898,11.859500473191234,3,Friday,3,2025-12-05,Friday,3,26
15,51.76806735786804,4.062230947356209,3,Friday,3,2025-12-05,Friday,3,26
19,12.958145421522467,9.308383334529736,3,Friday,3,2025-12-05,Friday,3,26
16,119.9167001192093,5.524288353717873,3,Friday,3,2025-12-12,Friday,3,19
21,4.689311373036672,13.700494748440612,3,Friday,3,2025-12-12,Friday,3,19
9,5.0159460997065555,26.191756161019338,3,Friday,3,2025-12-12,Friday,3,19
21,33.86270732010737,50.51534230980564,3,Friday,3,2025-12-12,Friday,3,19
7,39.195937978206416,3.512722279889794,3,Friday,3,2025-12-12,Friday,3,19
17,18.4790480137304,8.315232292028163,3,Friday,3,2025-12-12,Friday,3,19
18,5.379377805856512,38.054846543006036,3,Friday,3,2025-12-12,Friday,3,19
1,6.30159384690564,7.729346198283569,3,Friday,3,2025-12-12,Friday,3,19
14,27.631245104916413,7.619444889845867,3,Friday,3,2025-12-12,Friday,3,19
18,17.505210992182,15.875067158787907,3,Friday,3,2025-12-12,Friday,3,19
22,23.98725318532695,11.422154769814716,3,Friday,3,2025-12-12,Friday,3,19
15,7.17820995347919,8.111107633405855,3,Friday,3,2025-12-12,Friday,3,19
14,10.5686680064621,7.138010013742743,3,Friday,3,2025-12-12,Friday,3,19
0,11.021704879646723,12.991311484914817,3,Friday,3,2025-12-12,Friday,3,19
19,14.776854291196681,8.211116284157436,3,Friday,3,2025-12-12,Friday,3,19
14,15.040138473503045,4.028061453646593,3,Friday,3,2025-12-12,Friday,3,19
20,4.1976191888083925,17.858093529540163,3,Friday,3,2025-12-12,Friday,3,19
0,53.7704377973255,5.786449270673653,3,Friday,3,2025-12-12,Friday,3,19
13,39.9677689689628,4.457860811962879,3,Friday,3,2025-12-12,Friday,3,19
22,13.998799841932613,14.036794897401691,3,Friday,3,2025-12-19,Friday,3,28
10,88.0068588859957,4.894203631814559,3,Friday,3,2025-12-19,Friday,3,28
18,22.469875575554966,14.052273386544014,3,Friday,3,2025-12-19,Friday,3,28
17,5.302340560574336,10.730066052095173,3,Friday,3,2025-12-19,Friday,3,28
16,2.3782606912200595,13.204405649967683,3,Friday,3,2025-12-19,Friday,3,28
23,14.543541221527576,1.849925879888843,3,Friday,3,2025-12-19,Friday,3,28
3,13.421746657899671,23.385496896049514,3,Friday,3,2025-12-19,Friday,3,28
8,10.484845239626896,10.900163023139285,3,Friday,3,2025-12-19,Friday,3,28
17,27.92017910978394,26.107792401684296,3,Friday,3,2025-12-19,Friday,3,28
12,49.73871824728168,11.347984480082689,3,Friday,3,2025-12-19,Friday,3,28
20,14.38448589979944,19.543637058558495,3,Friday,3,2025-12-19,Friday,3,28
15,21.241897183693535,10.103864049831168,3,Friday,3,2025-12-19,Friday,3,28
16,6.901297076825805,5.668426916988265,3,Friday,3,2025-12-19,Friday,3,28
12,23.530634844431347,26.951175779862037,3,Friday,3,2025-12-19,Friday,3,28
22,30.564137816802084,25.468179341055137,3,Friday,3,2025-12-19,Friday,3,28
16,5.863886860758454,13.931046183587895,3,Friday,3,2025-12-19,Friday,3,28
22,17.48267683421939,8.109767644082398,3,Friday,3,2025-12-19,Friday,3,28
16,12.188211874449635,2.506636842234518,3,Friday,3,2025-12-19,Friday,3,28
8,23.390067069668316,43.18158753026087,3,Friday,3,2025-12-19,Friday,3,28
9,20.266198398547864,2.484327462506511,3,Friday,3,2025-12-19,Friday,3,28
23,12.47210584868084,35.19877092157758,3,Friday,3,2025-12-19,Friday,3,28
18,26.981466842992724,30.21396308608585,3,Friday,3,2025-12-19,Friday,3,28
17,46.10246682630497,28.586671625409018,3,Friday,3,2025-12-19,Friday,3,28
7,3.5295268409705067,17.869311899977912,3,Friday,3,2025-12-19,Friday,3,28
23,38.88182343706092,28.35167864131352,3,Friday,3,2025-12-19,Friday,3,28
20,61.04690140026902,7.001249422257428,3,Friday,3,2025-12-19,Friday,3,28
18,34.59249960517282,22.733609349386665,3,Friday,3,2025-12-19,Friday,3,28
7,12.584730362338068,1.4337787408555445,3,Friday,3,2025-12-19,Friday,3,28
11,16.527037011002168,2.477638813962055,3,Saturday,3,2025-09-27,Saturday,3,18
13,45.0777099856012,8.490980518670737,3,Saturday,3,2025-09-27,Saturday,3,18
20,2.2688687735613833,12.14471804272373,3,Saturday,3,2025-09-27,Saturday,3,18
16,68.53697741660837,6.055633047046463,3,Saturday,3,2025-09-27,Saturday,3,18
22,12.63370542978604,9.39082901224708,3,Saturday,3,2025-09-27,Saturday,3,18
16,17.416675522604667,13.944955746091914,3,Saturday,3,2025-09-27,Saturday,3,18
16,37.35037707531807,5.695716519046963,3,Saturday,3,2025-09-27,Saturday,3,18
7,30.474105249554444,17.225029339900782,3,Saturday,3,2025-09-27,Saturday,3,18
7,38.61908905467337,6.788899611130215,3,Saturday,3,2025-09-27,Saturday,3,18
19,18.361929782791755,13.793422858975665,3,Saturday,3,2025-09-27,Saturday,3,18
15,8.811995912532657,16.09373213197437,3,Saturday,3,2025-09-27,Saturday,3,18
9,6.098911410908933,12.005614618643524,3,Saturday,3,2025-09-27,Saturday,3,18
20,13.29652549565423,12.477312497417126,3,Saturday,3,2025-09-27,Saturday,3,18
15,19.218616294568175,5.352388350821174,3,Saturday,3,2025-09-27,Saturday,3,18
0,4.656817662436714,17.431635485223744,3,Saturday,3,2025-09-27,Saturday,3,18
16,46.38520832351405,2.129584530537408,3,Saturday,3,2025-09-27,Saturday,3,18
16,5.345694217354962,20.918338780163204,3,Saturday,3,2025-09-27,Saturday,3,18
19,12.44442605193068,1.160778502547533,3,Saturday,3,2025-09-27,Saturday,3,18
19,17.313655028208977,4.2858984865108285,3,Saturday,3,2025-10-04,Saturday,3,25
19,17.338063757471318,6.06421009579723,3,Saturday,3,2025-10-04,Saturday,3,25
2,17.204630745349714,6.777022158694881,3,Saturday,3,2025-10-04,Saturday,3,25
16,47.43381834121775,7.080618053054607,3,Saturday,3,2025-10-04,Saturday,3,25
17,7.467797539522832,10.71448116183268,3,Saturday,3,2025-10-04,Saturday,3,25
14,27.048026783391737,4.096547488701493,3,Saturday,3,2025-10-04,Saturday,3,25
3,3.0503880726818244,7.56760250671178,3,Saturday,3,2025-10-04,Saturday,3,25
13,35.23123359800573,10.936151238598809,3,Saturday,3,2025-10-04,Saturday,3,25
14,7.34220701350699,5.402649099851579,3,Saturday,3,2025-10-04,Saturday,3,25
9,18.856353743882156,46.277947434098955,3,Saturday,3,2025-10-04,Saturday,3,25
4,24.731455252058225,2.901759828170378,3,Saturday,3,2025-10-04,Saturday,3,25
23,11.16420255610728,23.168092510350753,3,Saturday,3,2025-10-04,Saturday,3,25
22,12.159356992201815,10.26249208463847,3,Saturday,3,2025-10-04,Saturday,3,25
19,2.058533532257172,6.152349170448153,3,Saturday,3,2025-10-04,Saturday,3,25
18,2.110469368380412,8.594940400500764,3,Saturday,3,2025-10-04,Saturday,3,25
18,26.40034116238519,3.0727572352488073,3,Saturday,3,2025-10-04,Saturday,3,25
18,16.696888162889614,3.156484480231163,3,Saturday,3,2025-10-04,Saturday,3,25
15,12.690293690934695,27.085129537203823,3,Saturday,3,2025-10-04,Saturday,3,25
14,3.0998054501441277,4.420640679719344,3,Saturday,3,2025-10-04,Saturday,3,25
13,30.937680109464477,5.994134736383284,3,Saturday,3,2025-10-04,Saturday,3,25
14,12.026928092415357,24.088810916543867,3,Saturday,3,2025-10-04,Saturday,3,25
8,2.004891368600247,4.526939456500326,3,Saturday,3,2025-10-04,Saturday,3,25
20,14.373203981216985,10.529709511256884,3,Saturday,3,2025-10-04,Saturday,3,25
8,3.417219419393693,7.263031126567925,3,Saturday,3,2025-10-04,Saturday,3,25
17,2.6647673594793577,18.05447529268011,3,Saturday,3,2025-10-04,Saturday,3,25
13,25.540469308304242,11.665257932490132,3,Saturday,3,2025-10-11,Saturday,3,25
21,33.503708690213415,8.943716236090959,3,Saturday,3,2025-10-11,Saturday,3,25
20,22.15529861270222,11.211331509342818,3,Saturday,3,2025-10-11,Saturday,3,25
13,6.180952046542042,24.587613772872373,3,Saturday,3,2025-10-11,Saturday,3,25
21,69.9340897852183,7.461490967752373,3,Saturday,3,2025-10-11,Saturday,3,25
23,15.015711553913636,22.89651787985339,3,Saturday,3,2025-10-11,Saturday,3,25
18,15.994113176931258,18.97437863352272,3,Saturday,3,2025-10-11,Saturday,3,25
13,18.37396559601101,4.113998880275574,3,Saturday,3,2025-10-11,Saturday,3,25
12,18.359429745675673,12.086914500290913,3,Saturday,3,2025-10-11,Saturday,3,25
9,7.68589064530263,5.781947532696006,3,Saturday,3,2025-10-11,Saturday,3,25
23,14.158356370604949,10.813207143687338,3,Saturday,3,2025-10-11,Saturday,3,25
16,27.270773055714933,7.318068015100068,3,Saturday,3,2025-10-11,Saturday,3,25
21,34.888345537730274,10.160781865496844,3,Saturday,3,2025-10-11,Saturday,3,25
16,10.990956299628856,12.396100687503216,3,Saturday,3,2025-10-11,Saturday,3,25
15,3.28831843854377,6.714923698678155,3,Saturday,3,2025-10-11,Saturday,3,25
20,16.709634401622665,11.948438621709204,3,Saturday,3,2025-10-11,Saturday,3,25
20,30.43927198277248,14.94317166958652,3,Saturday,3,2025-10-11,Saturday,3,25
16,20.71921898098619,7.485908731303694,3,Saturday,3,2025-10-11,Saturday,3,25
18,33.41080154395036,14.417314592251394,3,Saturday,3,2025-10-11,Saturday,3,25
11,2.8218095175101574,14.398797486559817,3,Saturday,3,2025-10-11,Saturday,3,25
15,51.108168436110105,5.203469162335627,3,Saturday,3,2025-10-11,Saturday,3,25
11,31.74688796891641,18.057426675926738,3,Saturday,3,2025-10-11,Saturday,3,25
17,17.409753682934053,12.14049170761566,3,Saturday,3,2025-10-11,Saturday,3,25
10,22.304531681933348,9.738265652185378,3,Saturday,3,2025-10-11,Saturday,3,25
15,11.15336874785158,11.84298708764124,3,Saturday,3,2025-10-11,Saturday,3,25
8,31.67139157422382,8.639411611459874,3,Saturday,3,2025-10-18,Saturday,3,22
14,16.008462084819218,2.6462844217244887,3,Saturday,3,2025-10-18,Saturday,3,22
11,12.493739872701656,4.101321886176143,3,Saturday,3,2025-10-18,Saturday,3,22
15,2.2958153196967963,12.71404314178862,3,Saturday,3,2025-10-18,Saturday,3,22
11,113.12932963566966,2.138087005918437,3,Saturday,3,2025-10-18,Saturday,3,22
15,4.258578129983221,11.250640015754064,3,Saturday,3,2025-10-18,Saturday,3,22
17,14.49612140505894,5.767168609387293,3,Saturday,3,2025-10-18,Saturday,3,22
19,31.480495851533796,11.67102789756678,3,Saturday,3,2025-10-18,Saturday,3,22
8,3.7385594725216524,9.26032731897578,3,Saturday,3,2025-10-18,Saturday,3,22
15,40.49393416658594,11.363160120936067,3,Saturday,3,2025-10-18,Saturday,3,22
14,18.66465098058754,2.626664796680407,3,Saturday,3,2025-10-18,Saturday,3,22
10,27.80175861398437,26.798022197757376,3,Saturday,3,2025-10-18,Saturday,3,22
12,4.793030325054223,14.95370348261825,3,Saturday,3,2025-10-18,Saturday,3,22
10,6.607317735822284,2.3926098249424004,3,Saturday,3,2025-10-18,Saturday,3,22
9,89.6543991294545,6.044246121882708,3,Saturday,3,2025-10-18,Saturday,3,22
18,25.566772632459337,1.4737291254913272,3,Saturday,3,2025-10-18,Saturday,3,22
13,20.240195487621754,10.255804597519655,3,Saturday,3,2025-10-18,Saturday,3,22
21,9.993427970100177,13.251605286767242,3,Saturday,3,2025-10-18,Saturday,3,22
16,9.7537168566078,10.057926247910416,3,Saturday,3,2025-10-18,Saturday,3,22
17,14.617841405400274,4.31423776940887,3,Saturday,3,2025-10-18,Saturday,3,22
16,26.875510326500944,27.20632538724794,3,Saturday,3,2025-10-18,Saturday,3,22
18,22.904919066139943,24.052792742163007,3,Saturday,3,2025-10-18,Saturday,3,22
6,77.80519938586544,2.184517996970932,3,Saturday,3,2025-10-25,Saturday,3,21
16,41.584196684172035,7.10658202595335,3,Saturday,3,2025-10-25,Saturday,3,21
22,8.884650968676876,4.513081048776858,3,Saturday,3,2025-10-25,Saturday,3,21
12,8.399886218787849,32.89591941138897,3,Saturday,3,2025-10-25,Saturday,3,21
19,14.460830775262433,26.681853263904546,3,Saturday,3,2025-10-25,Saturday,3,21
0,119.9167001192093,2.131238185281936,3,Saturday,3,2025-10-25,Saturday,3,21
17,21.249252730301794,17.841497081155257,3,Saturday,3,2025-10-25,Saturday,3,21
13,4.331980471022636,15.140195405118861,3,Saturday,3,2025-10-25,Saturday,3,21
17,17.301026742155702,19.762410680961448,3,Saturday,3,2025-10-25,Saturday,3,21
22,14.817009885936827,20.046728144792123,3,Saturday,3,2025-10-25,Saturday,3,21
20,16.094099751586256,7.79006743809572,3,Saturday,3,2025-10-25,Saturday,3,21
16,17.845587679933956,15.315503933266621,3,Saturday,3,2025-10-25,Saturday,3,21
16,9.864276733847438,6.932518996217302,3,Saturday,3,2025-10-25,Saturday,3,21
20,6.694295877905398,7.885398355081876,3,Saturday,3,2025-10-25,Saturday,3,21
17,23.567482420784852,13.435676094827494,3,Saturday,3,2025-10-25,Saturday,3,21
11,58.217827262284985,9.532122229663786,3,Saturday,3,2025-10-25,Saturday,3,21
18,22.885223871894397,23.64734709692124,3,Saturday,3,2025-10-25,Saturday,3,21
21,12.358310154689512,2.7451126782323003,3,Saturday,3,2025-10-25,Saturday,3,21
3,9.278033807457412,35.857499651188355,3,Saturday,3,2025-10-25,Saturday,3,21
20,15.739476677384395,12.763481925843926,3,Saturday,3,2025-10-25,Saturday,3,21
16,25.54306965945315,4.051817702745811,3,Saturday,3,2025-10-25,Saturday,3,21
18,9.866548671574801,1.2234780238921297,3,Saturday,3,2025-11-01,Saturday,3,27
20,14.387464088888589,16.635265537086365,3,Saturday,3,2025-11-01,Saturday,3,27
22,13.658754680477792,29.13382998706443,3,Saturday,3,2025-11-01,Saturday,3,27
17,5.122398043060868,38.90177281028049,3,Saturday,3,2025-11-01,Saturday,3,27
8,14.062447259709987,13.364966901277924,3,Saturday,3,2025-11-01,Saturday,3,27
21,32.84300310873891,8.057401695491476,3,Saturday,3,2025-11-01,Saturday,3,27
16,2.0120310709536366,9.13580327303046,3,Saturday,3,2025-11-01,Saturday,3,27
18,13.912337485025073,8.274513638203286,3,Saturday,3,2025-11-01,Saturday,3,27
18,11.341647285564765,8.029718452350577,3,Saturday,3,2025-11-01,Saturday,3,27
20,18.13168386492785,9.695584558938254,3,Saturday,3,2025-11-01,Saturday,3,27
14,30.52014244819696,10.655116358652057,3,Saturday,3,2025-11-01,Saturday,3,27
13,14.015467392557966,8.119007264068093,3,Saturday,3,2025-11-01,Saturday,3,27
19,6.952771261528774,11.267665685881095,3,Saturday,3,2025-11-01,Saturday,3,27
11,2.002645427571741,2.7824470991126455,3,Saturday,3,2025-11-01,Saturday,3,27
20,22.23959113424444,5.3320898154933305,3,Saturday,3,2025-11-01,Saturday,3,27
10,16.549726505460736,6.384868966665786,3,Saturday,3,2025-11-01,Saturday,3,27
3,7.356273818946335,60.261849159502354,3,Saturday,3,2025-11-01,Saturday,3,27
19,30.2916958683299,12.429070387767915,3,Saturday,3,2025-11-01,Saturday,3,27
13,66.54912025996691,9.947679644008346,3,Saturday,3,2025-11-01,Saturday,3,27
8,15.438597764258656,35.39315346843636,3,Saturday,3,2025-11-01,Saturday,3,27
9,9.962259139989332,18.40992100962247,3,Saturday,3,2025-11-01,Saturday,3,27
9,2.636405334561633,11.984027913421937,3,Saturday,3,2025-11-01,Saturday,3,27
20,17.293868397044264,13.220610887463534,3,Saturday,3,2025-11-01,Saturday,3,27
22,32.57941253605962,12.61891030355294,3,Saturday,3,2025-11-01,Saturday,3,27
19,19.704983759671634,33.4701162692362,3,Saturday,3,2025-11-01,Saturday,3,27
13,2.020820225187298,8.691236652793872,3,Saturday,3,2025-11-01,Saturday,3,27
17,10.009529851186198,5.044274798276781,3,Saturday,3,2025-11-01,Saturday,3,27
17,37.01934089608326,3.3579826730159663,3,Saturday,3,2025-11-08,Saturday,3,16
16,8.833191365301783,26.355770962519138,3,Saturday,3,2025-11-08,Saturday,3,16
11,92.1430831305981,6.490224451560764,3,Saturday,3,2025-11-08,Saturday,3,16
6,8.45716666874046,12.39328543158408,3,Saturday,3,2025-11-08,Saturday,3,16
16,11.770586997631273,14.608297318320046,3,Saturday,3,2025-11-08,Saturday,3,16
17,73.86305085793319,5.9733673717086635,3,Saturday,3,2025-11-08,Saturday,3,16
14,14.86215087606331,22.416065023544434,3,Saturday,3,2025-11-08,Saturday,3,16
23,57.99486933873796,40.15235527104625,3,Saturday,3,2025-11-08,Saturday,3,16
9,6.652554481792474,4.102505975540528,3,Saturday,3,2025-11-08,Saturday,3,16
15,18.266649561536735,1.2076771470430177,3,Saturday,3,2025-11-08,Saturday,3,16
0,12.169569098025239,19.31991167468683,3,Saturday,3,2025-11-08,Saturday,3,16
18,16.563255198675797,2.024332327046008,3,Saturday,3,2025-11-08,Saturday,3,16
19,20.336036586011357,6.74949599913355,3,Saturday,3,2025-11-08,Saturday,3,16
18,44.069068957438915,11.064285304600697,3,Saturday,3,2025-11-08,Saturday,3,16
10,16.956262538792494,2.535554596987624,3,Saturday,3,2025-11-08,Saturday,3,16
9,6.215165599087702,7.383602545662408,3,Saturday,3,2025-11-08,Saturday,3,16
15,45.4283948231694,18.035033613149256,3,Saturday,3,2025-11-15,Saturday,3,23
0,19.50681772116959,8.561625883851333,3,Saturday,3,2025-11-15,Saturday,3,23
4,38.53475495851896,6.480047540812118,3,Saturday,3,2025-11-15,Saturday,3,23
16,17.338941955249904,5.078905002854918,3,Saturday,3,2025-11-15,Saturday,3,23
0,6.5668202866511045,9.569651273181375,3,Saturday,3,2025-11-15,Saturday,3,23
14,30.97175376182513,5.659353116986854,3,Saturday,3,2025-11-15,Saturday,3,23
9,5.668019727424916,36.508755747129115,3,Saturday,3,2025-11-15,Saturday,3,23
18,6.53642342465353,7.694294809969062,3,Saturday,3,2025-11-15,Saturday,3,23
13,57.433074786718834,5.777777673549856,3,Saturday,3,2025-11-15,Saturday,3,23
8,7.707443405302016,3.5644991858084154,3,Saturday,3,2025-11-15,Saturday,3,23
21,14.986863064403263,14.17628261976782,3,Saturday,3,2025-11-15,Saturday,3,23
9,20.71240242594113,2.7073310331963727,3,Saturday,3,2025-11-15,Saturday,3,23
19,11.222550938782227,6.880482995355829,3,Saturday,3,2025-11-15,Saturday,3,23
20,11.76756458161206,17.322454565510476,3,Saturday,3,2025-11-15,Saturday,3,23
13,3.088390363107692,7.315765278958979,3,Saturday,3,2025-11-15,Saturday,3,23
19,17.527139275759417,25.137690355151555,3,Saturday,3,2025-11-15,Saturday,3,23
0,10.353359167643006,29.923925836169815,3,Saturday,3,2025-11-15,Saturday,3,23
7,9.285983731639735,7.931005044234862,3,Saturday,3,2025-11-15,Saturday,3,23
18,61.44593417297807,5.7072352765841945,3,Saturday,3,2025-11-15,Saturday,3,23
14,72.3684256909026,1.4737568879989509,3,Saturday,3,2025-11-15,Saturday,3,23
13,9.486962790989187,37.08704937260137,3,Saturday,3,2025-11-15,Saturday,3,23
3,59.09247244509425,23.93567515346249,3,Saturday,3,2025-11-15,Saturday,3,23
16,86.76841763563479,15.235283011930248,3,Saturday,3,2025-11-15,Saturday,3,23
10,28.159936916353345,11.424420246594638,3,Saturday,3,2025-11-22,Saturday,3,17
21,16.546495277651363,17.82909708393558,3,Saturday,3,2025-11-22,Saturday,3,17
12,2.983548201830665,18.755430980459867,3,Saturday,3,2025-11-22,Saturday,3,17
4,42.80726671906605,10.40669886312671,3,Saturday,3,2025-11-22,Saturday,3,17
18,105.94808475707217,3.462736004906934,3,Saturday,3,2025-11-22,Saturday,3,17
20,21.06598349822932,7.750486459708084,3,Saturday,3,2025-11-22,Saturday,3,17
20,16.586589875449576,14.524814070767347,3,Saturday,3,2025-11-22,Saturday,3,17
23,16.2317762649957,8.30011931952694,3,Saturday,3,2025-11-22,Saturday,3,17
3,5.211940400697284,5.41005813912488,3,Saturday,3,2025-11-22,Saturday,3,17
22,9.438085543374743,16.752572338501,3,Saturday,3,2025-11-22,Saturday,3,17
0,4.69959152687632,19.352005550500056,3,Saturday,3,2025-11-22,Saturday,3,17
15,22.37921214779773,36.1270821410198,3,Saturday,3,2025-11-22,Saturday,3,17
18,16.50683786909791,20.762635524397982,3,Saturday,3,2025-11-22,Saturday,3,17
18,15.837271251221438,24.28938859606487,3,Saturday,3,2025-11-22,Saturday,3,17
11,42.01332730461981,4.846842940130124,3,Saturday,3,2025-11-22,Saturday,3,17
17,13.844821927621961,20.722771304254167,3,Saturday,3,2025-11-22,Saturday,3,17
17,18.317984256839384,9.071830064126525,3,Saturday,3,2025-11-22,Saturday,3,17
11,8.041220676135211,5.606930823660694,3,Saturday,3,2025-11-29,Saturday,3,16
18,62.65788625208042,5.543582199225488,3,Saturday,3,2025-11-29,Saturday,3,16
17,48.120507932769726,25.278349907883463,3,Saturday,3,2025-11-29,Saturday,3,16
0,35.14849322142683,2.575300549935381,3,Saturday,3,2025-11-29,Saturday,3,16
17,11.589249213312634,8.036704132781116,3,Saturday,3,2025-11-29,Saturday,3,16
9,2.0031611493966177,10.341619600754212,3,Saturday,3,2025-11-29,Saturday,3,16
6,79.19518977694285,10.55114462208502,3,Saturday,3,2025-11-29,Saturday,3,16
15,53.04333275068007,15.080198557466018,3,Saturday,3,2025-11-29,Saturday,3,16
13,6.671741367973243,9.459161219512167,3,Saturday,3,2025-11-29,Saturday,3,16
17,20.01565476015428,10.091926660364031,3,Saturday,3,2025-11-29,Saturday,3,16
9,3.2442603343603067,13.310563400729068,3,Saturday,3,2025-11-29,Saturday,3,16
14,7.173130581419955,9.383008291829748,3,Saturday,3,2025-11-29,Saturday,3,16
23,19.226280203170724,5.581241867042594,3,Saturday,3,2025-11-29,Saturday,3,16
14,22.21998173353166,16.047245663486258,3,Saturday,3,2025-11-29,Saturday,3,16
17,17.73987893568531,34.946663804239805,3,Saturday,3,2025-11-29,Saturday,3,16
23,10.024567580808409,4.626484547208357,3,Saturday,3,2025-11-29,Saturday,3,16
15,3.858699124341133,7.618329686953635,3,Saturday,3,2025-12-06,Saturday,3,27
20,17.652178786736485,15.334554127067326,3,Saturday,3,2025-12-06,Saturday,3,27
14,29.593309024330637,3.935871740496599,3,Saturday,3,2025-12-06,Saturday,3,27
19,3.2304370488358067,7.526578681544609,3,Saturday,3,2025-12-06,Saturday,3,27
22,18.910255704354068,19.912599056226824,3,Saturday,3,2025-12-06,Saturday,3,27
16,36.037376477237935,45.47119841338143,3,Saturday,3,2025-12-06,Saturday,3,27
17,2.669740041838408,16.85815049841878,3,Saturday,3,2025-12-06,Saturday,3,27
9,7.41726002956003,6.509935644273448,3,Saturday,3,2025-12-06,Saturday,3,27
17,44.27039543280444,13.863877924977729,3,Saturday,3,2025-12-06,Saturday,3,27
21,3.7668015418712635,3.7693266918150163,3,Saturday,3,2025-12-06,Saturday,3,27
6,4.025299082522126,7.424729592101699,3,Saturday,3,2025-12-06,Saturday,3,27
6,15.02657942634535,9.516947335507714,3,Saturday,3,2025-12-06,Saturday,3,27
14,5.494604321779471,7.061765561535338,3,Saturday,3,2025-12-06,Saturday,3,27
12,14.880248270974302,11.284922657499274,3,Saturday,3,2025-12-06,Saturday,3,27
16,2.9913454430639357,7.438702661593551,3,Saturday,3,2025-12-06,Saturday,3,27
9,10.893874237597391,40.142721595127504,3,Saturday,3,2025-12-06,Saturday,3,27
18,11.140655497686609,14.780934685269068,3,Saturday,3,2025-12-06,Saturday,3,27
19,3.005983439285721,9.8970962946275,3,Saturday,3,2025-12-06,Saturday,3,27
19,4.6265430395467995,8.058657879181608,3,Saturday,3,2025-12-06,Saturday,3,27
17,2.088525392347856,28.51018278974872,3,Saturday,3,2025-12-06,Saturday,3,27
14,5.305512916400185,13.56910530834401,3,Saturday,3,2025-12-06,Saturday,3,27
14,11.902983745686868,8.40971965410655,3,Saturday,3,2025-12-06,Saturday,3,27
15,3.377051849560451,3.0888656737963123,3,Saturday,3,2025-12-06,Saturday,3,27
19,31.48678796163955,5.743033166360486,3,Saturday,3,2025-12-06,Saturday,3,27
13,21.60755540410335,2.4333076165194694,3,Saturday,3,2025-12-06,Saturday,3,27
11,2.6727249552662378,10.964651820448907,3,Saturday,3,2025-12-06,Saturday,3,27
21,13.311910622059134,15.199014033755736,3,Saturday,3,2025-12-06,Saturday,3,27
10,4.26449124927594,27.12120277303278,3,Saturday,3,2025-12-13,Saturday,3,24
19,19.928220492145126,5.925932377710148,3,Saturday,3,2025-12-13,Saturday,3,24
20,11.07790054933557,27.469600519101842,3,Saturday,3,2025-12-13,Saturday,3,24
0,30.665728441952158,45.384908946249034,3,Saturday,3,2025-12-13,Saturday,3,24
8,2.9700030307931957,6.093382663803793,3,Saturday,3,2025-12-13,Saturday,3,24
19,17.348798978597134,5.926338952912678,3,Saturday,3,2025-12-13,Saturday,3,24
19,10.705144478832512,41.87659324768606,3,Saturday,3,2025-12-13,Saturday,3,24
6,18.109045731352897,4.423162119850015,3,Saturday,3,2025-12-13,Saturday,3,24
20,48.56049494978495,52.2170205086107,3,Saturday,3,2025-12-13,Saturday,3,24
10,31.075251731206265,8.59071634984603,3,Saturday,3,2025-12-13,Saturday,3,24
17,65.26637792255451,7.445914992908861,3,Saturday,3,2025-12-13,Saturday,3,24
2,30.835149001448855,3.995310643731499,3,Saturday,3,2025-12-13,Saturday,3,24
19,20.003685746340732,12.55605759167505,3,Saturday,3,2025-12-13,Saturday,3,24
14,22.25110762633401,5.653490515284676,3,Saturday,3,2025-12-13,Saturday,3,24
6,6.3738954209028975,43.48221898876104,3,Saturday,3,2025-12-13,Saturday,3,24
18,23.752038539653913,15.62526593120985,3,Saturday,3,2025-12-13,Saturday,3,24
2,107.30417367453082,2.374299162293639,3,Saturday,3,2025-12-13,Saturday,3,24
20,8.334919171364401,2.618953868535095,3,Saturday,3,2025-12-13,Saturday,3,24
20,12.661512220283058,8.808430436105203,3,Saturday,3,2025-12-13,Saturday,3,24
18,45.13310719681075,40.01383961481092,3,Saturday,3,2025-12-13,Saturday,3,24
13,23.133248239467715,18.305242716744225,3,Saturday,3,2025-12-13,Saturday,3,24
17,12.345908807099,18.605455201957145,3,Saturday,3,2025-12-13,Saturday,3,24
16,6.704329686631219,10.530559970538858,3,Saturday,3,2025-12-13,Saturday,3,24
13,34.04703825738574,6.779498130223667,3,Saturday,3,2025-12-13,Saturday,3,24
17,26.50895980256955,17.535038007127607,3,Saturday,3,2025-12-20,Saturday,3,24
15,17.540441298964897,20.45568318348881,3,Saturday,3,2025-12-20,Saturday,3,24
20,24.102869705575007,11.306273385893599,3,Saturday,3,2025-12-20,Saturday,3,24
14,32.712861065708736,15.043701396728652,3,Saturday,3,2025-12-20,Saturday,3,24
17,8.421144150920963,8.560238486429425,3,Saturday,3,2025-12-20,Saturday,3,24
16,11.75113129897974,5.194683485610526,3,Saturday,3,2025-12-20,Saturday,3,24
19,9.255854519377348,24.884170905447792,3,Saturday,3,2025-12-20,Saturday,3,24
17,16.89318965785248,10.904133795644366,3,Saturday,3,2025-12-20,Saturday,3,24
18,23.898261976361614,23.281057337760284,3,Saturday,3,2025-12-20,Saturday,3,24
19,28.860618258867216,25.771833938038977,3,Saturday,3,2025-12-20,Saturday,3,24
23,12.974823488450667,13.18238863107315,3,Saturday,3,2025-12-20,Saturday,3,24
17,10.88970406244895,6.782997509808207,3,Saturday,3,2025-12-20,Saturday,3,24
15,25.720625920602643,14.383612172141982,3,Saturday,3,2025-12-20,Saturday,3,24
5,17.05066429166904,85.31423043666983,3,Saturday,3,2025-12-20,Saturday,3,24
17,5.132287790430661,11.166542869370554,3,Saturday,3,2025-12-20,Saturday,3,24
23,7.806361651626969,17.505826176268396,3,Saturday,3,2025-12-20,Saturday,3,24
11,24.92977618558837,14.4666674623675,3,Saturday,3,2025-12-20,Saturday,3,24
14,18.130681771479093,12.04227515654286,3,Saturday,3,2025-12-20,Saturday,3,24
17,4.9585084017078,2.301575321607239,3,Saturday,3,2025-12-20,Saturday,3,24
16,16.007943489342917,5.880516587794018,3,Saturday,3,2025-12-20,Saturday,3,24
15,14.262379409253398,5.82391410493472,3,Saturday,3,2025-12-20,Saturday,3,24
1,3.2491233208583092,8.735976125840342,3,Saturday,3,2025-12-20,Saturday,3,24
0,22.748474917808853,33.041149983570136,3,Saturday,3,2025-12-20,Saturday,3,24
18,21.35702959503017,6.563915019770158,3,Saturday,3,2025-12-20,Saturday,3,24
17,5.581760775298461,9.257847334379099,3,Sunday,3,2025-09-28,Sunday,3,19
18,11.242781748818906,43.28552814318413,3,Sunday,3,2025-09-28,Sunday,3,19
18,8.830092686517776,7.640899171440171,3,Sunday,3,2025-09-28,Sunday,3,19
0,10.483567095808525,5.443457233740308,3,Sunday,3,2025-09-28,Sunday,3,19
23,18.702322325760026,17.020807944864885,3,Sunday,3,2025-09-28,Sunday,3,19
4,11.999912247687018,18.41846794782009,3,Sunday,3,2025-09-28,Sunday,3,19
22,12.933380676923608,29.38400470603262,3,Sunday,3,2025-09-28,Sunday,3,19
7,7.652811519804178,13.261138320859873,3,Sunday,3,2025-09-28,Sunday,3,19
0,20.71752285318493,29.16410035008213,3,Sunday,3,2025-09-28,Sunday,3,19
13,16.663438487345438,14.371658637524511,3,Sunday,3,2025-09-28,Sunday,3,19
12,2.890599680077221,32.965875014484766,3,Sunday,3,2025-09-28,Sunday,3,19
19,17.66328921076601,43.21195242348313,3,Sunday,3,2025-09-28,Sunday,3,19
20,14.65331793853835,54.0868001266332,3,Sunday,3,2025-09-28,Sunday,3,19
23,12.877475714820193,7.005591577351985,3,Sunday,3,2025-09-28,Sunday,3,19
15,29.39303961732561,11.005845010324121,3,Sunday,3,2025-09-28,Sunday,3,19
18,9.795318710947457,9.18017134943013,3,Sunday,3,2025-09-28,Sunday,3,19
16,17.964382494311494,6.781235226027338,3,Sunday,3,2025-09-28,Sunday,3,19
14,2.835596595976786,8.633793240216407,3,Sunday,3,2025-09-28,Sunday,3,19
21,17.61675597876996,46.139398536044574,3,Sunday,3,2025-09-28,Sunday,3,19
15,27.76490213455566,6.135357146064905,3,Sunday,3,2025-10-05,Sunday,3,17
19,7.725417407345203,20.680635268349107,3,Sunday,3,2025-10-05,Sunday,3,17
18,19.002200993099066,7.719793861247854,3,Sunday,3,2025-10-05,Sunday,3,17
13,14.178311390552935,15.055818893259362,3,Sunday,3,2025-10-05,Sunday,3,17
19,16.450313037628376,21.587360459943103,3,Sunday,3,2025-10-05,Sunday,3,17
21,10.588143800259576,10.103721123564442,3,Sunday,3,2025-10-05,Sunday,3,17
19,25.43784760544853,2.0064156257041916,3,Sunday,3,2025-10-05,Sunday,3,17
11,4.879785647608388,3.9764801793744207,3,Sunday,3,2025-10-05,Sunday,3,17
8,96.23595539519654,10.437040423520653,3,Sunday,3,2025-10-05,Sunday,3,17
21,6.218549785853536,7.1142929453283426,3,Sunday,3,2025-10-05,Sunday,3,17
12,27.739537860001825,7.415268490993042,3,Sunday,3,2025-10-05,Sunday,3,17
9,16.74132593521662,10.826508224809634,3,Sunday,3,2025-10-05,Sunday,3,17
16,3.996208265861557,11.072974917155722,3,Sunday,3,2025-10-05,Sunday,3,17
22,14.684522380345125,18.871657374094376,3,Sunday,3,2025-10-05,Sunday,3,17
18,7.047966896115721,11.331246109169905,3,Sunday,3,2025-10-05,Sunday,3,17
11,2.91605979355916,4.1560240761139555,3,Sunday,3,2025-10-05,Sunday,3,17
16,16.311520137959615,38.96949387226926,3,Sunday,3,2025-10-05,Sunday,3,17
23,9.000398909198452,11.737949679601858,3,Sunday,3,2025-10-12,Sunday,3,16
20,17.055197355849504,51.021332429080374,3,Sunday,3,2025-10-12,Sunday,3,16
14,13.95197830512683,11.774143402725148,3,Sunday,3,2025-10-12,Sunday,3,16
18,7.558203014846452,16.5590633876789,3,Sunday,3,2025-10-12,Sunday,3,16
15,2.267535248559388,3.5524374882247844,3,Sunday,3,2025-10-12,Sunday,3,16
19,19.20456992639937,19.95098089487542,3,Sunday,3,2025-10-12,Sunday,3,16
14,6.799628828135932,11.742200762064924,3,Sunday,3,2025-10-12,Sunday,3,16
18,19.625507819791864,7.944854175782509,3,Sunday,3,2025-10-12,Sunday,3,16
22,12.626992557618845,11.224200730255047,3,Sunday,3,2025-10-12,Sunday,3,16
14,14.31769938676116,1.7297351947347106,3,Sunday,3,2025-10-12,Sunday,3,16
0,4.050624937214977,11.584567800863065,3,Sunday,3,2025-10-12,Sunday,3,16
21,13.14302461711943,3.858338950548297,3,Sunday,3,2025-10-12,Sunday,3,16
17,9.581181602684804,32.67016665066908,3,Sunday,3,2025-10-12,Sunday,3,16
13,10.503091773815854,4.227541105022729,3,Sunday,3,2025-10-12,Sunday,3,16
23,9.875804928632682,6.291635148146721,3,Sunday,3,2025-10-12,Sunday,3,16
14,23.412147832014654,11.074130410115337,3,Sunday,3,2025-10-12,Sunday,3,16
0,27.309959814218065,25.009221339077094,3,Sunday,3,2025-10-19,Sunday,3,14
16,10.240558819982418,18.44927185663683,3,Sunday,3,2025-10-19,Sunday,3,14
13,23.85536997580986,8.562550616850796,3,Sunday,3,2025-10-19,Sunday,3,14
15,20.944336650542965,8.503510831492893,3,Sunday,3,2025-10-19,Sunday,3,14
12,32.74036781250181,4.981092429296784,3,Sunday,3,2025-10-19,Sunday,3,14
12,43.7980355511142,10.389169917291701,3,Sunday,3,2025-10-19,Sunday,3,14
21,7.498318045405877,13.374230466304867,3,Sunday,3,2025-10-19,Sunday,3,14
10,4.6740092464030205,17.970927347610708,3,Sunday,3,2025-10-19,Sunday,3,14
17,9.409059710150764,10.850818261720013,3,Sunday,3,2025-10-19,Sunday,3,14
7,10.183153936715492,7.934765227256389,3,Sunday,3,2025-10-19,Sunday,3,14
19,14.137329199542897,2.157452118183076,3,Sunday,3,2025-10-19,Sunday,3,14
16,16.864107701241043,35.607124502163074,3,Sunday,3,2025-10-19,Sunday,3,14
16,16.389624914477483,7.215645261571801,3,Sunday,3,2025-10-19,Sunday,3,14
12,2.6551090261616124,11.772995974767843,3,Sunday,3,2025-10-19,Sunday,3,14
10,3.6051330690964365,5.150257098683947,3,Sunday,3,2025-10-26,Sunday,3,18
0,20.726389273198162,11.513333494546147,3,Sunday,3,2025-10-26,Sunday,3,18
20,10.915035651919382,48.18872372443226,3,Sunday,3,2025-10-26,Sunday,3,18
5,9.667888028540963,12.700999645309647,3,Sunday,3,2025-10-26,Sunday,3,18
12,22.148629371608042,5.8838207626327135,3,Sunday,3,2025-10-26,Sunday,3,18
16,13.581963466825389,45.9084538919611,3,Sunday,3,2025-10-26,Sunday,3,18
19,21.889534815051167,1.9831691098980282,3,Sunday,3,2025-10-26,Sunday,3,18
3,12.534950349463237,10.103533376778735,3,Sunday,3,2025-10-26,Sunday,3,18
19,19.034893267753514,13.870843995942428,3,Sunday,3,2025-10-26,Sunday,3,18
16,3.5742213043241566,8.132949459469598,3,Sunday,3,2025-10-26,Sunday,3,18
19,19.265479816463603,9.631332968619612,3,Sunday,3,2025-10-26,Sunday,3,18
0,14.692414482287415,13.993061968731034,3,Sunday,3,2025-10-26,Sunday,3,18
20,7.281806549241706,16.691181438280886,3,Sunday,3,2025-10-26,Sunday,3,18
20,11.32524440469631,23.472047490934237,3,Sunday,3,2025-10-26,Sunday,3,18
21,13.586664613751811,14.05654067582231,3,Sunday,3,2025-10-26,Sunday,3,18
12,17.715818016371042,22.890796292205852,3,Sunday,3,2025-10-26,Sunday,3,18
20,15.242060634418344,6.39216735159128,3,Sunday,3,2025-10-26,Sunday,3,18
16,2.9341392033940226,16.034558675017166,3,Sunday,3,2025-10-26,Sunday,3,18
8,38.26667218454013,1.4568949715567898,3,Sunday,3,2025-11-02,Sunday,3,20
16,19.506910163651824,26.5539772850553,3,Sunday,3,2025-11-02,Sunday,3,20
16,4.330288432131698,1.6425941970175129,3,Sunday,3,2025-11-02,Sunday,3,20
15,12.890079427519549,4.916647173915565,3,Sunday,3,2025-11-02,Sunday,3,20
22,11.768677050361184,8.0240253257967,3,Sunday,3,2025-11-02,Sunday,3,20
14,3.9931820609038438,2.8305369866647077,3,Sunday,3,2025-11-02,Sunday,3,20
11,11.013429555183066,23.808988856342243,3,Sunday,3,2025-11-02,Sunday,3,20
10,8.42888320008672,2.873112179869514,3,Sunday,3,2025-11-02,Sunday,3,20
10,7.944197810220923,18.729838680961546,3,Sunday,3,2025-11-02,Sunday,3,20
12,3.7245434920432423,4.99156390333839,3,Sunday,3,2025-11-02,Sunday,3,20
0,22.36438228554702,11.65360988724016,3,Sunday,3,2025-11-02,Sunday,3,20
17,11.26414418259137,8.474535776050063,3,Sunday,3,2025-11-02,Sunday,3,20
21,16.274149953623603,16.792270682504167,3,Sunday,3,2025-11-02,Sunday,3,20
13,19.142508533796835,3.7411119825799144,3,Sunday,3,2025-11-02,Sunday,3,20
18,42.57270818961555,16.533756181848712,3,Sunday,3,2025-11-02,Sunday,3,20
21,67.5941047687737,17.567988725224964,3,Sunday,3,2025-11-02,Sunday,3,20
21,6.117381510065082,5.104349145123867,3,Sunday,3,2025-11-02,Sunday,3,20
22,6.974956260900672,36.85448684029584,3,Sunday,3,2025-11-02,Sunday,3,20
6,20.675737042170937,14.639670689245959,3,Sunday,3,2025-11-02,Sunday,3,20
18,9.720063849558343,3.7164072166234643,3,Sunday,3,2025-11-02,Sunday,3,20
17,20.4003783512781,5.374517483217626,3,Sunday,3,2025-11-09,Sunday,3,5
11,27.30916561298298,10.39584645402959,3,Sunday,3,2025-11-09,Sunday,3,5
14,29.51957415758338,18.94405755616924,3,Sunday,3,2025-11-09,Sunday,3,5
14,69.19652261060104,7.4174215668483585,3,Sunday,3,2025-11-09,Sunday,3,5
21,10.415515436912724,13.902943258102143,3,Sunday,3,2025-11-09,Sunday,3,5
0,18.31643328446895,37.74125712596899,3,Sunday,3,2025-11-16,Sunday,3,11
13,24.77165160577207,7.289198156481263,3,Sunday,3,2025-11-16,Sunday,3,11
19,11.334731799558242,8.187980762233202,3,Sunday,3,2025-11-16,Sunday,3,11
13,15.142749860194222,1.0572068502947607,3,Sunday,3,2025-11-16,Sunday,3,11
11,22.818417888218377,36.13369706313063,3,Sunday,3,2025-11-16,Sunday,3,11
18,21.61656231856873,18.603844937556893,3,Sunday,3,2025-11-16,Sunday,3,11
16,5.477978110424693,14.237372959820991,3,Sunday,3,2025-11-16,Sunday,3,11
23,20.31020120059152,13.318584716190145,3,Sunday,3,2025-11-16,Sunday,3,11
9,48.782213338382796,12.385205548813964,3,Sunday,3,2025-11-16,Sunday,3,11
22,10.662264134027133,4.266723352609567,3,Sunday,3,2025-11-16,Sunday,3,11
19,15.69188362927028,16.509111565080694,3,Sunday,3,2025-11-16,Sunday,3,11
14,3.2463044350445123,32.39349703975083,3,Sunday,3,2025-11-23,Sunday,3,20
16,24.26795277586225,5.448901239024453,3,Sunday,3,2025-11-23,Sunday,3,20
15,21.09707915306881,8.129692114944376,3,Sunday,3,2025-11-23,Sunday,3,20
17,20.265140187022173,12.560464924473582,3,Sunday,3,2025-11-23,Sunday,3,20
23,11.4822663014406,20.263580115730214,3,Sunday,3,2025-11-23,Sunday,3,20
18,18.633934933790815,31.145360944602345,3,Sunday,3,2025-11-23,Sunday,3,20
19,11.200934342434394,1.58159862915212,3,Sunday,3,2025-11-23,Sunday,3,20
21,8.675388942085888,8.344656883495011,3,Sunday,3,2025-11-23,Sunday,3,20
17,24.793027070826867,6.365499556176959,3,Sunday,3,2025-11-23,Sunday,3,20
15,3.390463825067415,7.774871311481236,3,Sunday,3,2025-11-23,Sunday,3,20
13,10.031440270785989,17.097684906096102,3,Sunday,3,2025-11-23,Sunday,3,20
15,81.60514576689881,5.354504614899068,3,Sunday,3,2025-11-23,Sunday,3,20
21,43.86358471138091,7.601133725290214,3,Sunday,3,2025-11-23,Sunday,3,20
22,13.502151335495483,8.476689092322129,3,Sunday,3,2025-11-23,Sunday,3,20
19,11.440383213267658,14.664250164022958,3,Sunday,3,2025-11-23,Sunday,3,20
11,32.593649913236185,18.498559519779345,3,Sunday,3,2025-11-23,Sunday,3,20
19,16.16670362288276,11.043561776118533,3,Sunday,3,2025-11-23,Sunday,3,20
18,33.90889745957933,7.732692087315275,3,Sunday,3,2025-11-23,Sunday,3,20
17,15.560177373207619,42.31994651276626,3,Sunday,3,2025-11-23,Sunday,3,20
17,11.912337827866718,31.64233406621285,3,Sunday,3,2025-11-23,Sunday,3,20
22,11.302874406463001,5.842327805828491,3,Sunday,3,2025-11-30,Sunday,3,19
13,12.406759836123275,3.1485110180225737,3,Sunday,3,2025-11-30,Sunday,3,19
15,83.97483472961638,7.5475723990404004,3,Sunday,3,2025-11-30,Sunday,3,19
16,15.765192224170544,30.229179472527143,3,Sunday,3,2025-11-30,Sunday,3,19
17,21.592557384511487,10.861026518464712,3,Sunday,3,2025-11-30,Sunday,3,19
16,16.357006326101068,44.55475067843004,3,Sunday,3,2025-11-30,Sunday,3,19
16,15.18362248162525,29.305103156220287,3,Sunday,3,2025-11-30,Sunday,3,19
12,58.39477300805461,2.8019121038590082,3,Sunday,3,2025-11-30,Sunday,3,19
20,12.739076886757914,27.42750660594654,3,Sunday,3,2025-11-30,Sunday,3,19
16,10.358701342206988,7.007962139393865,3,Sunday,3,2025-11-30,Sunday,3,19
10,15.851481607878206,0.514186927860308,3,Sunday,3,2025-11-30,Sunday,3,19
23,27.973164209198682,21.974161342109518,3,Sunday,3,2025-11-30,Sunday,3,19
23,4.79935276638513,22.167662210364004,3,Sunday,3,2025-11-30,Sunday,3,19
4,11.876287737616146,14.45777326335131,3,Sunday,3,2025-11-30,Sunday,3,19
13,16.79952800644832,16.314884719266203,3,Sunday,3,2025-11-30,Sunday,3,19
14,6.034408040485293,3.963814329026661,3,Sunday,3,2025-11-30,Sunday,3,19
20,2.0424633895993387,6.0479525784069645,3,Sunday,3,2025-11-30,Sunday,3,19
15,4.85298672452123,7.296277602370898,3,Sunday,3,2025-11-30,Sunday,3,19
15,10.836962006347129,4.1409136521011325,3,Sunday,3,2025-11-30,Sunday,3,19
19,17.71648158712716,23.33159111264699,3,Sunday,3,2025-12-07,Sunday,3,15
17,23.277864043653754,3.7032822069026423,3,Sunday,3,2025-12-07,Sunday,3,15
18,17.810728139086844,16.078673339065922,3,Sunday,3,2025-12-07,Sunday,3,15
0,23.867167803896567,52.68607124901204,3,Sunday,3,2025-12-07,Sunday,3,15
22,14.179293955920347,31.120308046205288,3,Sunday,3,2025-12-07,Sunday,3,15
21,2.871685276550564,5.995994730194246,3,Sunday,3,2025-12-07,Sunday,3,15
6,28.788245528590245,33.33379818298656,3,Sunday,3,2025-12-07,Sunday,3,15
4,8.810586961101894,7.6751555275259244,3,Sunday,3,2025-12-07,Sunday,3,15
18,39.69271279608977,28.982530269675024,3,Sunday,3,2025-12-07,Sunday,3,15
16,17.228345024414473,9.130759101733737,3,Sunday,3,2025-12-07,Sunday,3,15
0,26.378942768920492,24.66647922382231,3,Sunday,3,2025-12-07,Sunday,3,15
13,33.924940722654746,21.238428152826792,3,Sunday,3,2025-12-07,Sunday,3,15
18,15.419142349667958,14.876273748120417,3,Sunday,3,2025-12-07,Sunday,3,15
18,40.98245854744974,25.806047620779324,3,Sunday,3,2025-12-07,Sunday,3,15
19,19.214861962523646,19.591895829913078,3,Sunday,3,2025-12-07,Sunday,3,15
16,2.455600683636195,7.1721334371466305,3,Sunday,3,2025-12-14,Sunday,3,21
19,23.71590814760356,8.250240616847533,3,Sunday,3,2025-12-14,Sunday,3,21
19,22.819458518093015,5.845305238002402,3,Sunday,3,2025-12-14,Sunday,3,21
6,9.107499991510569,9.07399518201591,3,Sunday,3,2025-12-14,Sunday,3,21
18,13.615941191092741,15.581963605622446,3,Sunday,3,2025-12-14,Sunday,3,21
15,2.494874915449853,7.693703877898585,3,Sunday,3,2025-12-14,Sunday,3,21
17,24.087345283093157,9.46598953241023,3,Sunday,3,2025-12-14,Sunday,3,21
21,17.785855485554205,26.802578118533063,3,Sunday,3,2025-12-14,Sunday,3,21
17,9.731801977314017,30.265607598910098,3,Sunday,3,2025-12-14,Sunday,3,21
22,16.062713020263022,24.39894063788425,3,Sunday,3,2025-12-14,Sunday,3,21
16,7.4766473634393185,34.99069079310789,3,Sunday,3,2025-12-14,Sunday,3,21
20,15.873773098811093,12.89828228471881,3,Sunday,3,2025-12-14,Sunday,3,21
19,16.2088134807626,3.9227544989061487,3,Sunday,3,2025-12-14,Sunday,3,21
12,8.16387922532054,3.3547657470220544,3,Sunday,3,2025-12-14,Sunday,3,21
15,18.092747919119404,36.43539069241508,3,Sunday,3,2025-12-14,Sunday,3,21
15,39.320157487828396,11.807462151354558,3,Sunday,3,2025-12-14,Sunday,3,21
0,18.289478662113535,2.24390691700804,3,Sunday,3,2025-12-14,Sunday,3,21
12,4.285542336287966,5.55645423408266,3,Sunday,3,2025-12-14,Sunday,3,21
20,11.835033201894397,10.271393494774603,3,Sunday,3,2025-12-14,Sunday,3,21
23,4.555412867880217,13.181532663000231,3,Sunday,3,2025-12-14,Sunday,3,21
14,15.114453859708124,4.391664216756523,3,Sunday,3,2025-12-14,Sunday,3,21
12,2.6462075382707178,11.750979948680909,3,Sunday,3,2025-12-21,Sunday,3,15
4,16.698028655190967,7.2161280276944595,3,Sunday,3,2025-12-21,Sunday,3,15
18,30.710412395742495,34.929311877592234,3,Sunday,3,2025-12-21,Sunday,3,15
16,21.03423214554244,16.875081506271005,3,Sunday,3,2025-12-21,Sunday,3,15
18,16.341561719200595,13.66406184919829,3,Sunday,3,2025-12-21,Sunday,3,15
20,7.77139662134415,7.296609717712357,3,Sunday,3,2025-12-21,Sunday,3,15
18,23.573400581247203,8.823033303586142,3,Sunday,3,2025-12-21,Sunday,3,15
19,2.4505518998966016,7.48254323134132,3,Sunday,3,2025-12-21,Sunday,3,15
4,6.367972562917861,4.332009663116023,3,Sunday,3,2025-12-21,Sunday,3,15
15,6.198575661101401,18.741318201226164,3,Sunday,3,2025-12-21,Sunday,3,15
12,3.22731369913416,13.866673067245204,3,Sunday,3,2025-12-21,Sunday,3,15
18,3.1445917795520266,5.33307132743916,3,Sunday,3,2025-12-21,Sunday,3,15
20,4.0826730422500574,11.474829792465702,3,Sunday,3,2025-12-21,Sunday,3,15
9,3.879061710512235,3.411297170508117,3,Sunday,3,2025-12-21,Sunday,3,15
23,12.09453447531811,24.309762271608705,3,Sunday,3,2025-12-21,Sunday,3,15
