plugin_hour,connection_time,energy_session,season,weekday_group,location_group,__date__,__weekday_group__,__season__,__count__
20,9.195194589259751,21.75167222667208,0,Mon-Th,0,2025-01-01,Mon-Th,0,28
19,2.806228844131738,10.503655953759152,0,Mon-Th,0,2025-01-01,Mon-Th,0,28
18,8.208916277431356,10.973118705399045,0,Mon-Th,0,2025-01-01,Mon-Th,0,28
22,15.020435795056095,9.661766882043048,0,Mon-Th,0,2025-01-01,Mon-Th,0,28
15,14.860641465710184,25.2231813108676,0,Mon-Th,0,2025-01-01,Mon-Th,0,28
16,101.39593621851351,6.529659292634627,0,Mon-Th,0,2025-01-01,Mon-Th,0,28
21,12.534381611982877,2.760591849651071,0,Mon-Th,0,2025-01-01,Mon-Th,0,28
16,2.1383873320574995,4.9667104864142715,0,Mon-Th,0,2025-01-01,Mon-Th,0,28
18,9.296922467402208,10.957919656903321,0,Mon-Th,0,2025-01-01,Mon-Th,0,28
11,20.04806937534315,5.278215792420183,0,Mon-Th,0,2025-01-01,Mon-Th,0,28
15,2.830172168295312,7.242550595028696,0,Mon-Th,0,2025-01-01,Mon-Th,0,28
7,5.965261586986722,3.408690410613855,0,Mon-Th,0,2025-01-01,Mon-Th,0,28
17,12.868660858496856,8.246987157692255,0,Mon-Th,0,2025-01-01,Mon-Th,0,28
16,13.89390295255727,14.920091620553055,0,Mon-Th,0,2025-01-01,Mon-Th,0,28
19,9.387290451549902,9.119402508815217,0,Mon-Th,0,2025-01-01,Mon-Th,0,28
0,18.000164778512513,12.386487160374577,0,Mon-Th,0,2025-01-01,Mon-Th,0,28
21,2.644017976752116,19.787101515825878,0,Mon-Th,0,2025-01-01,Mon-Th,0,28
22,9.080744753925693,14.649169597724045,0,Mon-Th,0,2025-01-01,Mon-Th,0,28
15,19.318801468582908,6.892318482857223,0,Mon-Th,0,2025-01-01,Mon-Th,0,28
17,11.654868447647978,6.6880035472519355,0,Mon-Th,0,2025-01-01,Mon-Th,0,28
8,21.710225458660275,11.452743007914494,0,Mon-Th,0,2025-01-01,Mon-Th,0,28
17,13.552379805115258,1.6605415967771862,0,Mon-Th,0,2025-01-01,Mon-Th,0,28
16,35.56143389718893,4.747408680565924,0,Mon-Th,0,2025-01-01,Mon-Th,0,28
14,16.00156074581858,7.375857406426481,0,Mon-Th,0,2025-01-01,Mon-Th,0,28
19,4.4561949360804505,7.016801774494742,0,Mon-Th,0,2025-01-01,Mon-Th,0,28
15,2.057482268212071,2.5577478258204174,0,Mon-Th,0,2025-01-01,Mon-Th,0,28
18,14.184702329078629,43.30743673120449,0,Mon-Th,0,2025-01-01,Mon-Th,0,28
18,12.988481923695858,21.64923891442564,0,Mon-Th,0,2025-01-01,Mon-Th,0,28
12,13.308155275930766,6.4302023855431445,0,Mon-Th,0,2025-01-02,Mon-Th,0,19
10,17.647506326821365,14.793287755063048,0,Mon-Th,0,2025-01-02,Mon-Th,0,19
19,22.805826834912438,47.16215116775259,0,Mon-Th,0,2025-01-02,Mon-Th,0,19
22,13.83831368996358,21.63983921690285,0,Mon-Th,0,2025-01-02,Mon-Th,0,19
17,3.1885396416304057,7.599147589927472,0,Mon-Th,0,2025-01-02,Mon-Th,0,19
17,6.154139805527728,9.65824961096286,0,Mon-Th,0,2025-01-02,Mon-Th,0,19
13,8.708709863559115,14.410457024238315,0,Mon-Th,0,2025-01-02,Mon-Th,0,19
19,25.92711425688156,24.92924566300522,0,Mon-Th,0,2025-01-02,Mon-Th,0,19
15,12.241799728393765,18.07415656091894,0,Mon-Th,0,2025-01-02,Mon-Th,0,19
17,19.768364657776697,2.2535582226389934,0,Mon-Th,0,2025-01-02,Mon-Th,0,19
12,12.260805582765226,4.016328228799003,0,Mon-Th,0,2025-01-02,Mon-Th,0,19
4,4.161397162546345,6.494960712969159,0,Mon-Th,0,2025-01-02,Mon-Th,0,19
20,11.531204639350886,25.512597413513074,0,Mon-Th,0,2025-01-02,Mon-Th,0,19
21,11.909006082347705,14.546518060948454,0,Mon-Th,0,2025-01-02,Mon-Th,0,19
17,16.640090363278482,2.5997547516357944,0,Mon-Th,0,2025-01-02,Mon-Th,0,19
23,11.540091470771266,26.52809744440097,0,Mon-Th,0,2025-01-02,Mon-Th,0,19
20,12.84901600131716,5.091470496758292,0,Mon-Th,0,2025-01-02,Mon-Th,0,19
13,23.50317429899557,12.920092712709105,0,Mon-Th,0,2025-01-02,Mon-Th,0,19
19,10.928314934811286,2.5213608434123724,0,Mon-Th,0,2025-01-02,Mon-Th,0,19
21,10.027068867991598,14.493978693490133,0,Mon-Th,0,2025-01-06,Mon-Th,0,22
14,27.625060834735834,2.0770598889208918,0,Mon-Th,0,2025-01-06,Mon-Th,0,22
21,10.395072996265132,14.39393426799136,0,Mon-Th,0,2025-01-06,Mon-Th,0,22
16,12.979022494161349,12.613005068491505,0,Mon-Th,0,2025-01-06,Mon-Th,0,22
18,13.032534412557645,25.420236654260837,0,Mon-Th,0,2025-01-06,Mon-Th,0,22
20,6.586783166110326,18.377568918718815,0,Mon-Th,0,2025-01-06,Mon-Th,0,22
17,21.179651700024543,4.291782642235371,0,Mon-Th,0,2025-01-06,Mon-Th,0,22
19,15.972896653112642,26.75741762661454,0,Mon-Th,0,2025-01-06,Mon-Th,0,22
13,2.7052596144434253,8.330204141558143,0,Mon-Th,0,2025-01-06,Mon-Th,0,22
18,5.414322385446015,3.082841160993822,0,Mon-Th,0,2025-01-06,Mon-Th,0,22
16,7.881376780399111,28.444638325841527,0,Mon-Th,0,2025-01-06,Mon-Th,0,22
11,5.2919101061361005,9.835307335998676,0,Mon-Th,0,2025-01-06,Mon-Th,0,22
21,10.763848444000075,26.318052190784964,0,Mon-Th,0,2025-01-06,Mon-Th,0,22
16,3.48801712468018,5.46355861693564,0,Mon-Th,0,2025-01-06,Mon-Th,0,22
22,10.407058539593429,3.8568762638907756,0,Mon-Th,0,2025-01-06,Mon-Th,0,22
18,14.818524629453137,2.1465201981403124,0,Mon-Th,0,2025-01-06,Mon-Th,0,22
22,11.513616274446363,23.042292265319404,0,Mon-Th,0,2025-01-06,Mon-Th,0,22
16,10.615591631532684,3.100336200107038,0,Mon-Th,0,2025-01-06,Mon-Th,0,22
20,2.0060175439770065,5.948082554945412,0,Mon-Th,0,2025-01-06,Mon-Th,0,22
18,12.17347307040355,2.9850201532077927,0,Mon-Th,0,2025-01-06,Mon-Th,0,22
14,3.0459427353280537,3.438764069422895,0,Mon-Th,0,2025-01-06,Mon-Th,0,22
22,4.397835371791128,10.78465354686912,0,Mon-Th,0,2025-01-06,Mon-Th,0,22
20,2.492872053677014,9.863741906549738,0,Mon-Th,0,2025-01-07,Mon-Th,0,26
17,8.68668468393546,10.48416465880961,0,Mon-Th,0,2025-01-07,Mon-Th,0,26
16,23.603836336876128,8.00896876511242,0,Mon-Th,0,2025-01-07,Mon-Th,0,26
17,14.155173398077327,7.358030675092861,0,Mon-Th,0,2025-01-07,Mon-Th,0,26
21,7.3281621904601,6.090280458635573,0,Mon-Th,0,2025-01-07,Mon-Th,0,26
15,31.4227792396054,6.58612533450819,0,Mon-Th,0,2025-01-07,Mon-Th,0,26
21,8.466638339546462,5.771334484731261,0,Mon-Th,0,2025-01-07,Mon-Th,0,26
14,29.124640118487264,14.382105806216689,0,Mon-Th,0,2025-01-07,Mon-Th,0,26
14,7.113476652347251,9.350325752554276,0,Mon-Th,0,2025-01-07,Mon-Th,0,26
17,9.142460068209608,8.06241719528615,0,Mon-Th,0,2025-01-07,Mon-Th,0,26
14,2.0944255862019294,6.444940819196786,0,Mon-Th,0,2025-01-07,Mon-Th,0,26
19,6.517788564037155,3.5561708037389996,0,Mon-Th,0,2025-01-07,Mon-Th,0,26
16,6.661191411299142,9.715236432378246,0,Mon-Th,0,2025-01-07,Mon-Th,0,26
22,7.697399865207863,11.05148638687144,0,Mon-Th,0,2025-01-07,Mon-Th,0,26
20,24.774516439267384,4.488656215271412,0,Mon-Th,0,2025-01-07,Mon-Th,0,26
5,6.20747830653579,35.470443378076645,0,Mon-Th,0,2025-01-07,Mon-Th,0,26
15,15.55036885710389,1.5498298818035565,0,Mon-Th,0,2025-01-07,Mon-Th,0,26
19,11.197375095698348,8.483199158224128,0,Mon-Th,0,2025-01-07,Mon-Th,0,26
21,11.825955521569572,17.547140338813648,0,Mon-Th,0,2025-01-07,Mon-Th,0,26
22,8.293186406538865,18.0604660567581,0,Mon-Th,0,2025-01-07,Mon-Th,0,26
18,15.379114272676883,9.677008224171608,0,Mon-Th,0,2025-01-07,Mon-Th,0,26
15,5.234970239098409,4.063620529116035,0,Mon-Th,0,2025-01-07,Mon-Th,0,26
16,2.0276316709271787,9.259595825235614,0,Mon-Th,0,2025-01-07,Mon-Th,0,26
20,14.140864314473617,45.64188085214362,0,Mon-Th,0,2025-01-07,Mon-Th,0,26
17,10.025908210553432,14.01873322413925,0,Mon-Th,0,2025-01-07,Mon-Th,0,26
21,12.075217973393631,10.48565700968336,0,Mon-Th,0,2025-01-07,Mon-Th,0,26
16,2.216695541678634,10.80817671949411,0,Mon-Th,0,2025-01-08,Mon-Th,0,28
20,5.064148848070961,1.8033291766723156,0,Mon-Th,0,2025-01-08,Mon-Th,0,28
17,8.018900849038856,9.575447572742418,0,Mon-Th,0,2025-01-08,Mon-Th,0,28
15,4.52871633908989,2.5766277407120644,0,Mon-Th,0,2025-01-08,Mon-Th,0,28
0,35.612538620287246,22.134459793822586,0,Mon-Th,0,2025-01-08,Mon-Th,0,28
23,7.737517943885968,14.09091941389628,0,Mon-Th,0,2025-01-08,Mon-Th,0,28
22,9.143553729609538,7.786367848711504,0,Mon-Th,0,2025-01-08,Mon-Th,0,28
16,10.967385526804609,5.163101394300708,0,Mon-Th,0,2025-01-08,Mon-Th,0,28
17,6.913792358992376,7.369244006491285,0,Mon-Th,0,2025-01-08,Mon-Th,0,28
15,16.976960617659262,10.398959755175778,0,Mon-Th,0,2025-01-08,Mon-Th,0,28
21,3.487634806926862,11.643002908699378,0,Mon-Th,0,2025-01-08,Mon-Th,0,28
19,18.581905989954585,7.532297675549423,0,Mon-Th,0,2025-01-08,Mon-Th,0,28
13,17.686973985975882,1.1689392906739808,0,Mon-Th,0,2025-01-08,Mon-Th,0,28
14,22.95185210226011,3.3795029045784357,0,Mon-Th,0,2025-01-08,Mon-Th,0,28
12,2.2649602662012382,4.758992894100599,0,Mon-Th,0,2025-01-08,Mon-Th,0,28
16,18.665681941782818,3.948614856120039,0,Mon-Th,0,2025-01-08,Mon-Th,0,28
11,2.9200732255935424,6.530379050280303,0,Mon-Th,0,2025-01-08,Mon-Th,0,28
23,5.731863923724635,8.344890039213425,0,Mon-Th,0,2025-01-08,Mon-Th,0,28
0,5.806630433525158,22.534086011104552,0,Mon-Th,0,2025-01-08,Mon-Th,0,28
17,20.164286328431135,1.9428372387028725,0,Mon-Th,0,2025-01-08,Mon-Th,0,28
14,16.84300009599822,14.050742302449123,0,Mon-Th,0,2025-01-08,Mon-Th,0,28
16,16.15209522186516,24.127397166256827,0,Mon-Th,0,2025-01-08,Mon-Th,0,28
13,2.8428904696805986,23.74605210149608,0,Mon-Th,0,2025-01-08,Mon-Th,0,28
13,3.347045879249567,3.4282598879236863,0,Mon-Th,0,2025-01-08,Mon-Th,0,28
18,17.134186257354003,6.765904828305137,0,Mon-Th,0,2025-01-08,Mon-Th,0,28
18,16.262104064948865,9.188996184062468,0,Mon-Th,0,2025-01-08,Mon-Th,0,28
16,2.276947755641727,10.918850224519565,0,Mon-Th,0,2025-01-08,Mon-Th,0,28
18,14.641303973167187,3.6017358190234843,0,Mon-Th,0,2025-01-08,Mon-Th,0,28
12,2.364686855180971,5.158776317856431,0,Mon-Th,0,2025-01-09,Mon-Th,0,25
21,14.216881812968971,5.744908310199845,0,Mon-Th,0,2025-01-09,Mon-Th,0,25
16,16.90736697275479,21.89514282214769,0,Mon-Th,0,2025-01-09,Mon-Th,0,25
14,8.142539491621186,2.963118556329862,0,Mon-Th,0,2025-01-09,Mon-Th,0,25
15,2.1479443941221574,1.5343425557480401,0,Mon-Th,0,2025-01-09,Mon-Th,0,25
18,8.72931784907338,11.693528954972598,0,Mon-Th,0,2025-01-09,Mon-Th,0,25
17,2.025423543406641,0.9169350981352936,0,Mon-Th,0,2025-01-09,Mon-Th,0,25
20,10.041978130592586,8.103772878305064,0,Mon-Th,0,2025-01-09,Mon-Th,0,25
16,15.357490027207334,8.35620800448728,0,Mon-Th,0,2025-01-09,Mon-Th,0,25
19,12.876455592733205,7.63405706965114,0,Mon-Th,0,2025-01-09,Mon-Th,0,25
16,4.1113894478815745,17.882441398033933,0,Mon-Th,0,2025-01-09,Mon-Th,0,25
19,6.715641370752384,9.362073608567869,0,Mon-Th,0,2025-01-09,Mon-Th,0,25
11,2.4699287960638032,15.416424132351707,0,Mon-Th,0,2025-01-09,Mon-Th,0,25
17,7.855687279819094,13.139157133490988,0,Mon-Th,0,2025-01-09,Mon-Th,0,25
20,5.883440311946837,5.620082645474347,0,Mon-Th,0,2025-01-09,Mon-Th,0,25
23,8.791247586879429,2.959006719796281,0,Mon-Th,0,2025-01-09,Mon-Th,0,25
18,6.172836922767755,6.8004218987711065,0,Mon-Th,0,2025-01-09,Mon-Th,0,25
8,7.4847270197902995,2.0648122851677635,0,Mon-Th,0,2025-01-09,Mon-Th,0,25
16,24.640076685516078,6.6603957539613505,0,Mon-Th,0,2025-01-09,Mon-Th,0,25
13,38.57897672968867,5.416641018526344,0,Mon-Th,0,2025-01-09,Mon-Th,0,25
18,2.44374373362213,8.244384192109562,0,Mon-Th,0,2025-01-09,Mon-Th,0,25
20,12.17782998862063,1.1419069680371425,0,Mon-Th,0,2025-01-09,Mon-Th,0,25
16,2.0493837566272535,6.246126577691108,0,Mon-Th,0,2025-01-09,Mon-Th,0,25
6,6.403015664285967,26.79716395895484,0,Mon-Th,0,2025-01-09,Mon-Th,0,25
11,5.650756101489266,13.951286462458285,0,Mon-Th,0,2025-01-09,Mon-Th,0,25
12,6.1286679414713126,11.294505862557166,0,Mon-Th,0,2025-01-13,Mon-Th,0,21
16,19.578885267259757,2.252454961602663,0,Mon-Th,0,2025-01-13,Mon-Th,0,21
18,5.765362715035321,12.42383857547027,0,Mon-Th,0,2025-01-13,Mon-Th,0,21
19,16.99100752889228,23.981143692043045,0,Mon-Th,0,2025-01-13,Mon-Th,0,21
14,4.005529434070673,12.337368534213846,0,Mon-Th,0,2025-01-13,Mon-Th,0,21
17,19.342924203071817,13.56070757242312,0,Mon-Th,0,2025-01-13,Mon-Th,0,21
20,2.307126458102851,2.671595042300936,0,Mon-Th,0,2025-01-13,Mon-Th,0,21
20,6.216045432138931,12.602496776940772,0,Mon-Th,0,2025-01-13,Mon-Th,0,21
17,11.503088116587204,8.18147008938516,0,Mon-Th,0,2025-01-13,Mon-Th,0,21
21,10.754590762113104,19.715483702680874,0,Mon-Th,0,2025-01-13,Mon-Th,0,21
22,9.127452997167962,5.483973923972668,0,Mon-Th,0,2025-01-13,Mon-Th,0,21
17,4.23309487536369,6.82692785903617,0,Mon-Th,0,2025-01-13,Mon-Th,0,21
17,8.606849308304392,6.992049498181936,0,Mon-Th,0,2025-01-13,Mon-Th,0,21
20,12.454377453860499,4.69574588526623,0,Mon-Th,0,2025-01-13,Mon-Th,0,21
21,5.550500613623427,7.405331673329403,0,Mon-Th,0,2025-01-13,Mon-Th,0,21
23,11.838687617513877,17.621477410167635,0,Mon-Th,0,2025-01-13,Mon-Th,0,21
22,11.076069957336312,7.354838980389897,0,Mon-Th,0,2025-01-13,Mon-Th,0,21
21,15.45671605701492,13.61080449765699,0,Mon-Th,0,2025-01-13,Mon-Th,0,21
16,2.66121890005999,1.5553777727733609,0,Mon-Th,0,2025-01-13,Mon-Th,0,21
20,13.380736636686617,12.295500142933948,0,Mon-Th,0,2025-01-13,Mon-Th,0,21
14,45.945494438586145,0.8350086696412002,0,Mon-Th,0,2025-01-13,Mon-Th,0,21
9,2.8739560778816196,3.5527350037725896,0,Mon-Th,0,2025-01-14,Mon-Th,0,14
12,2.894249444364667,3.436465661122277,0,Mon-Th,0,2025-01-14,Mon-Th,0,14
16,2.4619048201294027,19.917888845735522,0,Mon-Th,0,2025-01-14,Mon-Th,0,14
18,15.403233811754994,16.5270292660701,0,Mon-Th,0,2025-01-14,Mon-Th,0,14
18,13.48633341495341,6.007274351680019,0,Mon-Th,0,2025-01-14,Mon-Th,0,14
21,13.519035127163374,24.646788411725957,0,Mon-Th,0,2025-01-14,Mon-Th,0,14
20,11.78243640699674,14.746344916362705,0,Mon-Th,0,2025-01-14,Mon-Th,0,14
18,15.308686376581111,8.890936306489406,0,Mon-Th,0,2025-01-14,Mon-Th,0,14
14,27.391625213965774,8.711339480811942,0,Mon-Th,0,2025-01-14,Mon-Th,0,14
21,10.616924543730644,6.568359990909809,0,Mon-Th,0,2025-01-14,Mon-Th,0,14
15,2.3077599038827907,3.699896492153343,0,Mon-Th,0,2025-01-14,Mon-Th,0,14
20,7.063256830462979,29.92933953769418,0,Mon-Th,0,2025-01-14,Mon-Th,0,14
22,10.919640414645738,9.434607861899668,0,Mon-Th,0,2025-01-14,Mon-Th,0,14
18,14.621319465066506,4.120479433398211,0,Mon-Th,0,2025-01-14,Mon-Th,0,14
19,9.179184115313308,24.658694318414582,0,Mon-Th,0,2025-01-15,Mon-Th,0,23
10,12.127194817981461,25.682624351709382,0,Mon-Th,0,2025-01-15,Mon-Th,0,23
19,11.602155394788415,11.233992529978273,0,Mon-Th,0,2025-01-15,Mon-Th,0,23
12,21.39823982538687,23.147135864225337,0,Mon-Th,0,2025-01-15,Mon-Th,0,23
22,9.911523244187954,6.995479943580826,0,Mon-Th,0,2025-01-15,Mon-Th,0,23
1,5.259900384327727,38.46863275434322,0,Mon-Th,0,2025-01-15,Mon-Th,0,23
15,2.0353761399462025,4.706535577233772,0,Mon-Th,0,2025-01-15,Mon-Th,0,23
21,12.763795494341025,11.582030078470742,0,Mon-Th,0,2025-01-15,Mon-Th,0,23
15,9.03699914167392,6.853207072519967,0,Mon-Th,0,2025-01-15,Mon-Th,0,23
19,13.198929162768554,4.110451825591978,0,Mon-Th,0,2025-01-15,Mon-Th,0,23
20,21.60483485614392,6.207397476271822,0,Mon-Th,0,2025-01-15,Mon-Th,0,23
19,10.692681012135601,18.14207276887194,0,Mon-Th,0,2025-01-15,Mon-Th,0,23
21,14.085123772523751,31.66770683335064,0,Mon-Th,0,2025-01-15,Mon-Th,0,23
15,6.9801787887314655,5.243544699101525,0,Mon-Th,0,2025-01-15,Mon-Th,0,23
17,8.492543748298683,5.69355260434923,0,Mon-Th,0,2025-01-15,Mon-Th,0,23
20,13.193538457764628,8.391918099706443,0,Mon-Th,0,2025-01-15,Mon-Th,0,23
19,8.505609385291699,7.0133133583602545,0,Mon-Th,0,2025-01-15,Mon-Th,0,23
18,2.931589312556162,48.78791776275104,0,Mon-Th,0,2025-01-15,Mon-Th,0,23
11,7.974125395140943,13.061177251720325,0,Mon-Th,0,2025-01-15,Mon-Th,0,23
9,9.792440129043761,4.112632724679079,0,Mon-Th,0,2025-01-15,Mon-Th,0,23
8,3.4572798808126217,2.2415154667174315,0,Mon-Th,0,2025-01-15,Mon-Th,0,23
18,8.107646779319698,1.5413336770723718,0,Mon-Th,0,2025-01-15,Mon-Th,0,23
15,2.355856774474262,8.196461217262074,0,Mon-Th,0,2025-01-15,Mon-Th,0,23
23,10.10085648686912,9.037759380352076,0,Mon-Th,0,2025-01-16,Mon-Th,0,19
11,2.0728030989603026,5.896961852945765,0,Mon-Th,0,2025-01-16,Mon-Th,0,19
11,25.995782492595648,6.373569795393816,0,Mon-Th,0,2025-01-16,Mon-Th,0,19
20,8.443578493172897,7.220240175538828,0,Mon-Th,0,2025-01-16,Mon-Th,0,19
0,6.956158426901013,13.362566229973515,0,Mon-Th,0,2025-01-16,Mon-Th,0,19
3,24.41256645075732,26.06783165144665,0,Mon-Th,0,2025-01-16,Mon-Th,0,19
19,11.100234621566827,9.676559558185618,0,Mon-Th,0,2025-01-16,Mon-Th,0,19
19,10.054719881250819,4.6750679638110455,0,Mon-Th,0,2025-01-16,Mon-Th,0,19
21,12.658638062671617,5.295134678824939,0,Mon-Th,0,2025-01-16,Mon-Th,0,19
22,9.827828267104575,13.849244408809703,0,Mon-Th,0,2025-01-16,Mon-Th,0,19
21,11.178547484263742,7.332779758793685,0,Mon-Th,0,2025-01-16,Mon-Th,0,19
15,2.436587340120871,2.199295627895098,0,Mon-Th,0,2025-01-16,Mon-Th,0,19
15,16.622466177186134,6.360777265904199,0,Mon-Th,0,2025-01-16,Mon-Th,0,19
16,15.391042962302034,2.42056933043909,0,Mon-Th,0,2025-01-16,Mon-Th,0,19
16,2.3151630703042136,3.8201771860820912,0,Mon-Th,0,2025-01-16,Mon-Th,0,19
17,18.698135031284753,6.020391687253252,0,Mon-Th,0,2025-01-16,Mon-Th,0,19
23,11.424201126242064,57.28599490364519,0,Mon-Th,0,2025-01-16,Mon-Th,0,19
19,16.286933481730973,7.863594289104826,0,Mon-Th,0,2025-01-16,Mon-Th,0,19
16,32.31909120502723,5.830286038852541,0,Mon-Th,0,2025-01-16,Mon-Th,0,19
14,18.409421671641237,6.257865653559511,0,Mon-Th,0,2025-01-20,Mon-Th,0,19
16,12.144898343691153,14.92469760403019,0,Mon-Th,0,2025-01-20,Mon-Th,0,19
21,10.711125145870422,21.892739884804957,0,Mon-Th,0,2025-01-20,Mon-Th,0,19
17,14.724884043711654,6.270828124696278,0,Mon-Th,0,2025-01-20,Mon-Th,0,19
18,5.772759412815602,11.847681097719509,0,Mon-Th,0,2025-01-20,Mon-Th,0,19
14,19.653277786466703,11.309594020313742,0,Mon-Th,0,2025-01-20,Mon-Th,0,19
22,12.018961811680324,7.691517541833102,0,Mon-Th,0,2025-01-20,Mon-Th,0,19
21,6.76309313961502,27.159340582151714,0,Mon-Th,0,2025-01-20,Mon-Th,0,19
19,13.860160128840317,17.532443423173483,0,Mon-Th,0,2025-01-20,Mon-Th,0,19
19,14.551312824896915,8.385453714926726,0,Mon-Th,0,2025-01-20,Mon-Th,0,19
15,13.575311895932554,25.263315018854524,0,Mon-Th,0,2025-01-20,Mon-Th,0,19
14,17.913818598343276,1.4488668483846867,0,Mon-Th,0,2025-01-20,Mon-Th,0,19
21,19.435156794946153,43.48610631465192,0,Mon-Th,0,2025-01-20,Mon-Th,0,19
23,28.379987457600784,16.138981650032072,0,Mon-Th,0,2025-01-20,Mon-Th,0,19
18,15.342906268951047,9.446020184009432,0,Mon-Th,0,2025-01-20,Mon-Th,0,19
17,7.073398128280361,13.416335619693601,0,Mon-Th,0,2025-01-20,Mon-Th,0,19
22,13.57296652889682,23.51540096003749,0,Mon-Th,0,2025-01-20,Mon-Th,0,19
20,12.82711417971791,4.864082609918274,0,Mon-Th,0,2025-01-20,Mon-Th,0,19
23,11.4153645610515,13.588769239103627,0,Mon-Th,0,2025-01-20,Mon-Th,0,19
17,2.1658448074015513,7.482169677493684,0,Mon-Th,0,2025-01-21,Mon-Th,0,14
18,14.732572901131846,10.100762212506002,0,Mon-Th,0,2025-01-21,Mon-Th,0,14
14,3.895071999164021,5.890855798426788,0,Mon-Th,0,2025-01-21,Mon-Th,0,14
18,2.2531484210932184,3.7691939352184107,0,Mon-Th,0,2025-01-21,Mon-Th,0,14
17,8.183117888615456,2.7454303231313038,0,Mon-Th,0,2025-01-21,Mon-Th,0,14
19,5.964688593308311,11.49315847653977,0,Mon-Th,0,2025-01-21,Mon-Th,0,14
10,13.975144831977197,2.072783105190191,0,Mon-Th,0,2025-01-21,Mon-Th,0,14
19,11.617148474351268,6.070894397529881,0,Mon-Th,0,2025-01-21,Mon-Th,0,14
18,11.798855223065143,14.05739674465267,0,Mon-Th,0,2025-01-21,Mon-Th,0,14
20,9.45713529003173,4.651992305019199,0,Mon-Th,0,2025-01-21,Mon-Th,0,14
18,2.139968906612139,10.98156163454029,0,Mon-Th,0,2025-01-21,Mon-Th,0,14
23,5.317351088947227,6.640540000320673,0,Mon-Th,0,2025-01-21,Mon-Th,0,14
21,9.627827287933389,13.466553977243075,0,Mon-Th,0,2025-01-21,Mon-Th,0,14
21,13.474221403161767,21.54525759489499,0,Mon-Th,0,2025-01-21,Mon-Th,0,14
17,22.043932109574786,8.500931263949827,0,Mon-Th,0,2025-01-22,Mon-Th,0,24
17,18.054495032686162,5.189930785102246,0,Mon-Th,0,2025-01-22,Mon-Th,0,24
15,4.542943926811392,5.016607239480543,0,Mon-Th,0,2025-01-22,Mon-Th,0,24
13,4.139060733845799,12.166413017569104,0,Mon-Th,0,2025-01-22,Mon-Th,0,24
16,9.8931499019243,9.882478000733682,0,Mon-Th,0,2025-01-22,Mon-Th,0,24
9,18.705050278126606,29.3912955853096,0,Mon-Th,0,2025-01-22,Mon-Th,0,24
2,18.400056239669798,2.6049826154578266,0,Mon-Th,0,2025-01-22,Mon-Th,0,24
18,15.754917213034794,8.978583371613887,0,Mon-Th,0,2025-01-22,Mon-Th,0,24
14,12.616970091266435,33.982542516547966,0,Mon-Th,0,2025-01-22,Mon-Th,0,24
17,12.409277320715162,27.74755069226903,0,Mon-Th,0,2025-01-22,Mon-Th,0,24
16,20.779478333484228,1.6323710567927157,0,Mon-Th,0,2025-01-22,Mon-Th,0,24
20,5.14163030893048,13.51712140915678,0,Mon-Th,0,2025-01-22,Mon-Th,0,24
16,6.6422582046187,20.519773069718777,0,Mon-Th,0,2025-01-22,Mon-Th,0,24
16,13.728164728279175,6.98075860363832,0,Mon-Th,0,2025-01-22,Mon-Th,0,24
12,17.01957335554646,17.116013825480433,0,Mon-Th,0,2025-01-22,Mon-Th,0,24
18,14.731854879436323,9.602219182352913,0,Mon-Th,0,2025-01-22,Mon-Th,0,24
13,4.082829317410271,5.361951683362954,0,Mon-Th,0,2025-01-22,Mon-Th,0,24
18,11.74903854902465,4.257517104599362,0,Mon-Th,0,2025-01-22,Mon-Th,0,24
17,4.145998669323187,6.258891902793511,0,Mon-Th,0,2025-01-22,Mon-Th,0,24
22,14.589474127994858,6.925636052146235,0,Mon-Th,0,2025-01-22,Mon-Th,0,24
20,13.335769764807115,17.302991668953585,0,Mon-Th,0,2025-01-22,Mon-Th,0,24
22,5.145920213339208,8.295168805322122,0,Mon-Th,0,2025-01-22,Mon-Th,0,24
19,18.83256087314969,17.917097415505282,0,Mon-Th,0,2025-01-22,Mon-Th,0,24
12,16.59543408901713,36.05265723467195,0,Mon-Th,0,2025-01-22,Mon-Th,0,24
14,17.18728064834266,13.036165109702273,0,Mon-Th,0,2025-01-23,Mon-Th,0,26
11,6.5583668406794775,15.31539663487694,0,Mon-Th,0,2025-01-23,Mon-Th,0,26
20,15.55786161481398,29.210529530757103,0,Mon-Th,0,2025-01-23,Mon-Th,0,26
20,8.278875737240538,4.406242681090156,0,Mon-Th,0,2025-01-23,Mon-Th,0,26
10,16.708922927532548,17.24126513682464,0,Mon-Th,0,2025-01-23,Mon-Th,0,26
17,13.623098316557797,1.8338672634663722,0,Mon-Th,0,2025-01-23,Mon-Th,0,26
22,12.455046213150624,11.927337162294027,0,Mon-Th,0,2025-01-23,Mon-Th,0,26
19,11.221848601673518,2.621664652286781,0,Mon-Th,0,2025-01-23,Mon-Th,0,26
13,7.126263099883028,13.55967825743319,0,Mon-Th,0,2025-01-23,Mon-Th,0,26
17,15.343886068754031,8.668608394210136,0,Mon-Th,0,2025-01-23,Mon-Th,0,26
20,10.364412375818656,21.11038746235879,0,Mon-Th,0,2025-01-23,Mon-Th,0,26
22,9.33783793993133,7.104637576660014,0,Mon-Th,0,2025-01-23,Mon-Th,0,26
19,4.533025683881148,6.392013192770661,0,Mon-Th,0,2025-01-23,Mon-Th,0,26
17,3.8051982632741117,13.057466654339734,0,Mon-Th,0,2025-01-23,Mon-Th,0,26
16,8.96085754307557,3.465826459520949,0,Mon-Th,0,2025-01-23,Mon-Th,0,26
0,8.925641823576848,24.10775035887869,0,Mon-Th,0,2025-01-23,Mon-Th,0,26
18,2.8637722827399736,2.7835214769976817,0,Mon-Th,0,2025-01-23,Mon-Th,0,26
19,13.105403977843938,16.091132807754896,0,Mon-Th,0,2025-01-23,Mon-Th,0,26
16,33.40702979305012,11.585559803656043,0,Mon-Th,0,2025-01-23,Mon-Th,0,26
12,3.823172001224842,7.691256314781723,0,Mon-Th,0,2025-01-23,Mon-Th,0,26
22,8.816351749814885,2.19549484945374,0,Mon-Th,0,2025-01-23,Mon-Th,0,26
18,11.647268157392379,24.60775428503951,0,Mon-Th,0,2025-01-23,Mon-Th,0,26
21,8.920855489152324,15.735484942063506,0,Mon-Th,0,2025-01-23,Mon-Th,0,26
6,9.035852064459908,5.49925732312384,0,Mon-Th,0,2025-01-23,Mon-Th,0,26
17,13.850869328857843,20.004505238304336,0,Mon-Th,0,2025-01-23,Mon-Th,0,26
20,3.3655745612923367,12.780062018597189,0,Mon-Th,0,2025-01-23,Mon-Th,0,26
22,3.301669585373422,17.826464971283954,0,Mon-Th,0,2025-01-27,Mon-Th,0,19
22,11.01222993656756,16.933935905689243,0,Mon-Th,0,2025-01-27,Mon-Th,0,19
23,12.333506822017998,3.3612318363273186,0,Mon-Th,0,2025-01-27,Mon-Th,0,19
16,14.05104278785899,18.661079466074092,0,Mon-Th,0,2025-01-27,Mon-Th,0,19
12,26.755725946539723,5.972968983596669,0,Mon-Th,0,2025-01-27,Mon-Th,0,19
22,11.111619759033601,3.9315007619246023,0,Mon-Th,0,2025-01-27,Mon-Th,0,19
21,10.658413134690875,7.018182178743767,0,Mon-Th,0,2025-01-27,Mon-Th,0,19
18,8.51209872380418,4.300674540020646,0,Mon-Th,0,2025-01-27,Mon-Th,0,19
23,10.137565654526405,4.896283888231146,0,Mon-Th,0,2025-01-27,Mon-Th,0,19
20,12.439184657653058,9.097902666171805,0,Mon-Th,0,2025-01-27,Mon-Th,0,19
22,14.707990365100109,20.472362268613942,0,Mon-Th,0,2025-01-27,Mon-Th,0,19
22,7.668878105476751,21.909849956838237,0,Mon-Th,0,2025-01-27,Mon-Th,0,19
19,17.428031739942146,12.199552984909802,0,Mon-Th,0,2025-01-27,Mon-Th,0,19
18,23.42001820345143,35.696496176496645,0,Mon-Th,0,2025-01-27,Mon-Th,0,19
23,13.229760011016133,16.371528372924217,0,Mon-Th,0,2025-01-27,Mon-Th,0,19
17,14.354091489049601,21.532350536451297,0,Mon-Th,0,2025-01-27,Mon-Th,0,19
19,11.773281820480019,16.278220427993734,0,Mon-Th,0,2025-01-27,Mon-Th,0,19
21,9.108263020859596,11.643277712123716,0,Mon-Th,0,2025-01-27,Mon-Th,0,19
21,6.635233328431277,6.759920399450311,0,Mon-Th,0,2025-01-27,Mon-Th,0,19
18,13.944289969528281,11.940442148285749,0,Mon-Th,0,2025-01-28,Mon-Th,0,26
18,15.907893904601583,10.523881481971541,0,Mon-Th,0,2025-01-28,Mon-Th,0,26
17,11.67446939357766,3.029710296962584,0,Mon-Th,0,2025-01-28,Mon-Th,0,26
14,26.117032044088933,1.6143436580313697,0,Mon-Th,0,2025-01-28,Mon-Th,0,26
19,19.179118745967376,7.022477654444843,0,Mon-Th,0,2025-01-28,Mon-Th,0,26
12,3.6177920130634327,11.540397328904126,0,Mon-Th,0,2025-01-28,Mon-Th,0,26
15,16.97079876328251,27.88362490761023,0,Mon-Th,0,2025-01-28,Mon-Th,0,26
23,12.137818965746867,14.20429905954048,0,Mon-Th,0,2025-01-28,Mon-Th,0,26
16,13.315977467550088,1.2421367071129898,0,Mon-Th,0,2025-01-28,Mon-Th,0,26
18,4.601470205425683,10.321502411637782,0,Mon-Th,0,2025-01-28,Mon-Th,0,26
12,3.874628641287868,3.0578280573625616,0,Mon-Th,0,2025-01-28,Mon-Th,0,26
11,11.414458466470503,3.5072391894866675,0,Mon-Th,0,2025-01-28,Mon-Th,0,26
18,5.310930322131919,9.18075509183565,0,Mon-Th,0,2025-01-28,Mon-Th,0,26
22,5.88378795173513,11.21240834696963,0,Mon-Th,0,2025-01-28,Mon-Th,0,26
16,16.727769761393212,25.87608264227644,0,Mon-Th,0,2025-01-28,Mon-Th,0,26
20,12.051600451480887,12.40848307256504,0,Mon-Th,0,2025-01-28,Mon-Th,0,26
0,15.069317174588665,30.65620917590763,0,Mon-Th,0,2025-01-28,Mon-Th,0,26
16,32.37890349053047,0.8924128496553598,0,Mon-Th,0,2025-01-28,Mon-Th,0,26
14,3.7877730966342735,6.823522921000495,0,Mon-Th,0,2025-01-28,Mon-Th,0,26
18,4.516697956984719,9.257684015405047,0,Mon-Th,0,2025-01-28,Mon-Th,0,26
14,9.886049409250987,20.93165327082302,0,Mon-Th,0,2025-01-28,Mon-Th,0,26
13,26.832243260244418,19.57136181729308,0,Mon-Th,0,2025-01-28,Mon-Th,0,26
23,9.64726970437286,8.906524335297696,0,Mon-Th,0,2025-01-28,Mon-Th,0,26
16,8.425102868161087,29.02011106543619,0,Mon-Th,0,2025-01-28,Mon-Th,0,26
18,4.069901424000759,1.9275766133015568,0,Mon-Th,0,2025-01-28,Mon-Th,0,26
15,29.036831660915283,10.399542329082593,0,Mon-Th,0,2025-01-28,Mon-Th,0,26
15,2.152179822193214,3.1078849979361154,0,Mon-Th,0,2025-01-29,Mon-Th,0,19
19,7.268387552728481,11.264731205587013,0,Mon-Th,0,2025-01-29,Mon-Th,0,19
18,29.648837371231295,5.566130034505751,0,Mon-Th,0,2025-01-29,Mon-Th,0,19
7,9.071572032161406,5.779095293534309,0,Mon-Th,0,2025-01-29,Mon-Th,0,19
19,15.050287469358526,11.197670027790329,0,Mon-Th,0,2025-01-29,Mon-Th,0,19
15,18.816893188330674,5.919709327104299,0,Mon-Th,0,2025-01-29,Mon-Th,0,19
20,32.745488076213505,4.680818454328969,0,Mon-Th,0,2025-01-29,Mon-Th,0,19
18,13.994900113725418,17.506390860696836,0,Mon-Th,0,2025-01-29,Mon-Th,0,19
19,14.706222900239275,7.978845435601661,0,Mon-Th,0,2025-01-29,Mon-Th,0,19
23,12.435764269346766,5.4899934413924925,0,Mon-Th,0,2025-01-29,Mon-Th,0,19
23,7.153927537031276,15.110657280761433,0,Mon-Th,0,2025-01-29,Mon-Th,0,19
18,11.213835571950451,5.721892192793509,0,Mon-Th,0,2025-01-29,Mon-Th,0,19
18,12.188990764549061,5.084082566273893,0,Mon-Th,0,2025-01-29,Mon-Th,0,19
19,11.242729168169578,5.941959987793055,0,Mon-Th,0,2025-01-29,Mon-Th,0,19
16,36.43214836449532,6.620622698823736,0,Mon-Th,0,2025-01-29,Mon-Th,0,19
1,2.926726646410316,10.180767693959709,0,Mon-Th,0,2025-01-29,Mon-Th,0,19
15,6.898744788129013,18.27115222166476,0,Mon-Th,0,2025-01-29,Mon-Th,0,19
19,13.487961616045983,10.622712562676027,0,Mon-Th,0,2025-01-29,Mon-Th,0,19
15,18.082352158387287,13.358805402646615,0,Mon-Th,0,2025-01-29,Mon-Th,0,19
23,10.385815211829634,41.07393062318714,0,Mon-Th,0,2025-01-30,Mon-Th,0,20
16,21.492410730567535,12.015552806406161,0,Mon-Th,0,2025-01-30,Mon-Th,0,20
19,6.563991423993443,6.260880522748179,0,Mon-Th,0,2025-01-30,Mon-Th,0,20
18,14.325851283172877,22.184714467163527,0,Mon-Th,0,2025-01-30,Mon-Th,0,20
16,18.90511136137557,4.4875550139953,0,Mon-Th,0,2025-01-30,Mon-Th,0,20
18,28.564276658635823,11.714167226667131,0,Mon-Th,0,2025-01-30,Mon-Th,0,20
13,27.59818823148107,1.6012223861394643,0,Mon-Th,0,2025-01-30,Mon-Th,0,20
13,6.834056914604726,8.87777846083325,0,Mon-Th,0,2025-01-30,Mon-Th,0,20
13,4.198795654603952,7.9309571556458245,0,Mon-Th,0,2025-01-30,Mon-Th,0,20
15,9.68086237436102,9.82679272746999,0,Mon-Th,0,2025-01-30,Mon-Th,0,20
20,3.3667968516182336,5.570956262758542,0,Mon-Th,0,2025-01-30,Mon-Th,0,20
21,12.207568361106809,7.188571891717264,0,Mon-Th,0,2025-01-30,Mon-Th,0,20
21,18.78326296541046,13.921945405124715,0,Mon-Th,0,2025-01-30,Mon-Th,0,20
15,5.5792138392090305,21.05769161793584,0,Mon-Th,0,2025-01-30,Mon-Th,0,20
17,9.726346142447113,15.157225267013404,0,Mon-Th,0,2025-01-30,Mon-Th,0,20
15,14.354183937861457,3.8448709704190698,0,Mon-Th,0,2025-01-30,Mon-Th,0,20
19,12.487097080973655,11.448741150170303,0,Mon-Th,0,2025-01-30,Mon-Th,0,20
18,20.0063748141036,6.951704208109716,0,Mon-Th,0,2025-01-30,Mon-Th,0,20
11,2.548743078772516,3.523816197985443,0,Mon-Th,0,2025-01-30,Mon-Th,0,20
19,33.2812347025197,9.086858086385934,0,Mon-Th,0,2025-01-30,Mon-Th,0,20
14,4.429289384943686,9.071578194904419,0,Mon-Th,0,2025-02-03,Mon-Th,0,19
15,17.469767913074186,7.408891051891844,0,Mon-Th,0,2025-02-03,Mon-Th,0,19
19,15.288870267561578,27.154240087547606,0,Mon-Th,0,2025-02-03,Mon-Th,0,19
0,4.6691556549443325,7.898177393946842,0,Mon-Th,0,2025-02-03,Mon-Th,0,19
18,19.44054660113354,39.638709282670646,0,Mon-Th,0,2025-02-03,Mon-Th,0,19
17,15.788831108794419,16.05727874257563,0,Mon-Th,0,2025-02-03,Mon-Th,0,19
18,16.77160095548794,18.644454633126486,0,Mon-Th,0,2025-02-03,Mon-Th,0,19
11,23.37286200820832,13.81443947396457,0,Mon-Th,0,2025-02-03,Mon-Th,0,19
15,12.050891975371488,25.599710335585815,0,Mon-Th,0,2025-02-03,Mon-Th,0,19
17,6.877520974817831,6.186273524576203,0,Mon-Th,0,2025-02-03,Mon-Th,0,19
18,17.277995560013018,10.421356222631832,0,Mon-Th,0,2025-02-03,Mon-Th,0,19
15,22.776591859240167,21.500548453786585,0,Mon-Th,0,2025-02-03,Mon-Th,0,19
2,2.011012917261894,7.829025079949049,0,Mon-Th,0,2025-02-03,Mon-Th,0,19
19,12.291339049727437,10.053046270209247,0,Mon-Th,0,2025-02-03,Mon-Th,0,19
19,8.82034628371587,13.136762386584007,0,Mon-Th,0,2025-02-03,Mon-Th,0,19
22,10.254838182644203,15.31076431359283,0,Mon-Th,0,2025-02-03,Mon-Th,0,19
15,4.250977886735912,7.9227329843779675,0,Mon-Th,0,2025-02-03,Mon-Th,0,19
18,22.05858302553764,16.138250632675884,0,Mon-Th,0,2025-02-03,Mon-Th,0,19
22,12.745240876256265,48.166596853838094,0,Mon-Th,0,2025-02-03,Mon-Th,0,19
23,8.242438368232392,4.729489515958587,0,Mon-Th,0,2025-02-04,Mon-Th,0,18
22,13.331460695018258,6.8230541078017,0,Mon-Th,0,2025-02-04,Mon-Th,0,18
4,12.805878357767781,27.317550876861425,0,Mon-Th,0,2025-02-04,Mon-Th,0,18
19,12.897647924796235,15.589386993999444,0,Mon-Th,0,2025-02-04,Mon-Th,0,18
21,11.10462202112312,6.334452518013461,0,Mon-Th,0,2025-02-04,Mon-Th,0,18
22,9.02191791034197,11.55184773469089,0,Mon-Th,0,2025-02-04,Mon-Th,0,18
17,14.821841036155906,1.187511754699432,0,Mon-Th,0,2025-02-04,Mon-Th,0,18
12,5.589306608241721,29.714797206639318,0,Mon-Th,0,2025-02-04,Mon-Th,0,18
18,12.520296736891211,9.09395472701847,0,Mon-Th,0,2025-02-04,Mon-Th,0,18
21,7.654096757424955,4.99568719725273,0,Mon-Th,0,2025-02-04,Mon-Th,0,18
19,7.351895639606228,9.392422177355932,0,Mon-Th,0,2025-02-04,Mon-Th,0,18
19,5.679324692525521,7.784642982629366,0,Mon-Th,0,2025-02-04,Mon-Th,0,18
21,12.291317710605135,12.599523919164287,0,Mon-Th,0,2025-02-04,Mon-Th,0,18
22,10.14686757072933,15.692897971909433,0,Mon-Th,0,2025-02-04,Mon-Th,0,18
23,11.053415974982752,4.215146218050311,0,Mon-Th,0,2025-02-04,Mon-Th,0,18
15,3.17421038950857,14.460069766215044,0,Mon-Th,0,2025-02-04,Mon-Th,0,18
19,4.864070344830491,8.528355574280084,0,Mon-Th,0,2025-02-04,Mon-Th,0,18
22,4.37342910710592,23.849443709872418,0,Mon-Th,0,2025-02-04,Mon-Th,0,18
15,12.601441536257791,13.787469068526326,0,Mon-Th,0,2025-02-05,Mon-Th,0,24
20,15.262805327231913,7.578752134700727,0,Mon-Th,0,2025-02-05,Mon-Th,0,24
22,20.84596196003432,17.834311896136153,0,Mon-Th,0,2025-02-05,Mon-Th,0,24
17,13.494809511564696,3.964843904845697,0,Mon-Th,0,2025-02-05,Mon-Th,0,24
9,7.309403587717269,9.040960080831324,0,Mon-Th,0,2025-02-05,Mon-Th,0,24
19,10.20706796173176,5.0154636156500905,0,Mon-Th,0,2025-02-05,Mon-Th,0,24
18,8.612029940645765,9.187210601977265,0,Mon-Th,0,2025-02-05,Mon-Th,0,24
22,6.911550064587422,4.446717581382035,0,Mon-Th,0,2025-02-05,Mon-Th,0,24
15,23.63206422951264,9.802053411865218,0,Mon-Th,0,2025-02-05,Mon-Th,0,24
17,13.340012006406067,9.733200545065001,0,Mon-Th,0,2025-02-05,Mon-Th,0,24
22,6.001155960378687,30.908391615619607,0,Mon-Th,0,2025-02-05,Mon-Th,0,24
16,20.050531131771958,20.221326118702446,0,Mon-Th,0,2025-02-05,Mon-Th,0,24
14,21.48312280443008,5.3742913339218275,0,Mon-Th,0,2025-02-05,Mon-Th,0,24
17,23.227627270911576,5.206854748478923,0,Mon-Th,0,2025-02-05,Mon-Th,0,24
17,12.956046376567269,50.038589397113235,0,Mon-Th,0,2025-02-05,Mon-Th,0,24
14,23.29979939120973,22.830763701916805,0,Mon-Th,0,2025-02-05,Mon-Th,0,24
18,18.139688453324883,25.812894907403688,0,Mon-Th,0,2025-02-05,Mon-Th,0,24
20,7.795187283107921,5.57793513677386,0,Mon-Th,0,2025-02-05,Mon-Th,0,24
17,8.997062142035041,2.9394261103273998,0,Mon-Th,0,2025-02-05,Mon-Th,0,24
23,9.418335517030581,12.307531433948414,0,Mon-Th,0,2025-02-05,Mon-Th,0,24
1,16.40246503798293,7.455576696544067,0,Mon-Th,0,2025-02-05,Mon-Th,0,24
23,9.01094779381419,1.377820311071659,0,Mon-Th,0,2025-02-05,Mon-Th,0,24
16,15.278219392194217,4.750790918594586,0,Mon-Th,0,2025-02-05,Mon-Th,0,24
21,11.557486189767467,2.2312879932817307,0,Mon-Th,0,2025-02-05,Mon-Th,0,24
23,24.315486047844477,19.360107892740004,0,Mon-Th,0,2025-02-06,Mon-Th,0,24
21,9.988384704535502,8.730139151982854,0,Mon-Th,0,2025-02-06,Mon-Th,0,24
15,3.497847291112582,7.176376944363116,0,Mon-Th,0,2025-02-06,Mon-Th,0,24
19,10.453028285104011,5.54840877834431,0,Mon-Th,0,2025-02-06,Mon-Th,0,24
8,13.050065741460863,25.786609956141152,0,Mon-Th,0,2025-02-06,Mon-Th,0,24
15,34.673820001532896,3.4239049760453195,0,Mon-Th,0,2025-02-06,Mon-Th,0,24
15,3.027970708310333,2.7156030666057953,0,Mon-Th,0,2025-02-06,Mon-Th,0,24
14,5.95716545924043,9.263193022995008,0,Mon-Th,0,2025-02-06,Mon-Th,0,24
8,9.76185466608936,2.529880175563232,0,Mon-Th,0,2025-02-06,Mon-Th,0,24
20,14.299721606034428,31.346069680174274,0,Mon-Th,0,2025-02-06,Mon-Th,0,24
17,17.382700583630893,13.837280869052826,0,Mon-Th,0,2025-02-06,Mon-Th,0,24
17,13.841960639851244,29.017263661383897,0,Mon-Th,0,2025-02-06,Mon-Th,0,24
19,2.3455985031528845,19.024350106941252,0,Mon-Th,0,2025-02-06,Mon-Th,0,24
14,6.8073258603881275,21.82667357319793,0,Mon-Th,0,2025-02-06,Mon-Th,0,24
23,11.805974949961353,13.750196576233474,0,Mon-Th,0,2025-02-06,Mon-Th,0,24
5,2.912187833548611,3.7101904272901,0,Mon-Th,0,2025-02-06,Mon-Th,0,24
16,2.518245036222866,4.087879893029471,0,Mon-Th,0,2025-02-06,Mon-Th,0,24
19,2.531172142908615,10.050585590522664,0,Mon-Th,0,2025-02-06,Mon-Th,0,24
21,12.23531672289251,61.84574126876484,0,Mon-Th,0,2025-02-06,Mon-Th,0,24
21,7.057865443443912,6.133133913405275,0,Mon-Th,0,2025-02-06,Mon-Th,0,24
22,10.538953388936378,22.238521302677366,0,Mon-Th,0,2025-02-06,Mon-Th,0,24
17,17.556583187880022,7.843847009911311,0,Mon-Th,0,2025-02-06,Mon-Th,0,24
13,24.709988464537687,3.037459797840368,0,Mon-Th,0,2025-02-06,Mon-Th,0,24
18,9.692307256958031,5.280594492549765,0,Mon-Th,0,2025-02-06,Mon-Th,0,24
16,9.130301719448752,23.071940282401865,0,Friday,0,2025-01-03,Friday,0,25
15,3.1283122392935736,0.5483615224219491,0,Friday,0,2025-01-03,Friday,0,25
7,52.26543985155175,5.803053147629808,0,Friday,0,2025-01-03,Friday,0,25
15,14.300084543595297,9.62353943558249,0,Friday,0,2025-01-03,Friday,0,25
15,36.35787390200621,2.5101816087015356,0,Friday,0,2025-01-03,Friday,0,25
17,19.694727561799667,4.555530799619949,0,Friday,0,2025-01-03,Friday,0,25
15,13.481504812819946,2.9053726118035286,0,Friday,0,2025-01-03,Friday,0,25
21,12.867249668716337,43.595672756488945,0,Friday,0,2025-01-03,Friday,0,25
16,12.0995331327507,12.733814579712217,0,Friday,0,2025-01-03,Friday,0,25
21,3.7288547283578763,23.69149444965683,0,Friday,0,2025-01-03,Friday,0,25
20,4.087054779173351,5.197582100349819,0,Friday,0,2025-01-03,Friday,0,25
21,12.309486999199024,5.618642606513322,0,Friday,0,2025-01-03,Friday,0,25
20,12.486582991145134,13.603889931579422,0,Friday,0,2025-01-03,Friday,0,25
19,9.729278176422351,4.539672868751053,0,Friday,0,2025-01-03,Friday,0,25
19,14.745013703759664,11.651904840057897,0,Friday,0,2025-01-03,Friday,0,25
21,10.068639776814962,10.957486484671268,0,Friday,0,2025-01-03,Friday,0,25
9,5.586235220227497,15.761300136281077,0,Friday,0,2025-01-03,Friday,0,25
5,10.681833798191732,10.785619006719985,0,Friday,0,2025-01-03,Friday,0,25
11,72.40028607972832,5.412668815613585,0,Friday,0,2025-01-03,Friday,0,25
14,10.035873607642198,12.653661224382162,0,Friday,0,2025-01-03,Friday,0,25
18,23.512364161187417,7.269055522725103,0,Friday,0,2025-01-03,Friday,0,25
20,16.23129881517822,10.665494971616134,0,Friday,0,2025-01-03,Friday,0,25
19,14.796766001487267,6.770617009920759,0,Friday,0,2025-01-03,Friday,0,25
18,15.755813843502704,6.645422441780313,0,Friday,0,2025-01-03,Friday,0,25
17,22.429431647872047,8.655686395613822,0,Friday,0,2025-01-03,Friday,0,25
18,115.22652699748336,17.223965501546285,0,Friday,0,2025-01-10,Friday,0,28
22,15.421237017830027,2.2651415374842845,0,Friday,0,2025-01-10,Friday,0,28
18,4.960414459907167,7.067087711428597,0,Friday,0,2025-01-10,Friday,0,28
17,20.17104866038295,11.343907926390017,0,Friday,0,2025-01-10,Friday,0,28
12,6.995661780290761,14.571642154515548,0,Friday,0,2025-01-10,Friday,0,28
15,11.498878899639884,9.917589613383813,0,Friday,0,2025-01-10,Friday,0,28
7,21.165362798084765,40.899229757606726,0,Friday,0,2025-01-10,Friday,0,28
20,13.410785784601504,13.050102758078536,0,Friday,0,2025-01-10,Friday,0,28
19,47.96310006552887,9.432544292291121,0,Friday,0,2025-01-10,Friday,0,28
22,6.122454368503598,20.38202292856896,0,Friday,0,2025-01-10,Friday,0,28
19,10.33465890910335,7.207331464710612,0,Friday,0,2025-01-10,Friday,0,28
19,15.434864525171239,8.129611203492493,0,Friday,0,2025-01-10,Friday,0,28
20,16.513814347982954,23.509745972172365,0,Friday,0,2025-01-10,Friday,0,28
17,3.2134346757068504,10.976536170958605,0,Friday,0,2025-01-10,Friday,0,28
21,8.387042249816265,19.6487268604204,0,Friday,0,2025-01-10,Friday,0,28
7,23.963355367422082,13.235311052864091,0,Friday,0,2025-01-10,Friday,0,28
20,19.058753653985363,6.06064398770157,0,Friday,0,2025-01-10,Friday,0,28
13,40.94001125994681,10.106792864950204,0,Friday,0,2025-01-10,Friday,0,28
20,4.838991832777782,25.357446770170892,0,Friday,0,2025-01-10,Friday,0,28
10,2.7168993589785133,18.457167696280354,0,Friday,0,2025-01-10,Friday,0,28
14,23.112492551293087,10.949120136594125,0,Friday,0,2025-01-10,Friday,0,28
18,25.59844363941612,14.000239592914955,0,Friday,0,2025-01-10,Friday,0,28
15,17.733865382077795,14.441407128284593,0,Friday,0,2025-01-10,Friday,0,28
16,7.871225680466948,3.0966358148405595,0,Friday,0,2025-01-10,Friday,0,28
14,18.31776032232601,4.8092174772573015,0,Friday,0,2025-01-10,Friday,0,28
16,20.396627295152935,8.661969363699917,0,Friday,0,2025-01-10,Friday,0,28
6,5.433379698607347,2.906525483687841,0,Friday,0,2025-01-10,Friday,0,28
4,7.4358100109913865,17.080539717458308,0,Friday,0,2025-01-10,Friday,0,28
15,36.16197865368088,12.507153788972744,0,Friday,0,2025-01-17,Friday,0,16
12,2.2640751529051233,17.39919220580324,0,Friday,0,2025-01-17,Friday,0,16
12,17.470885195247067,2.923729598529463,0,Friday,0,2025-01-17,Friday,0,16
21,11.153277124936903,20.178335937776154,0,Friday,0,2025-01-17,Friday,0,16
16,2.330780572116635,9.030263413171912,0,Friday,0,2025-01-17,Friday,0,16
16,24.457827432891126,3.5952287607513096,0,Friday,0,2025-01-17,Friday,0,16
20,9.12507141105008,8.497470528993784,0,Friday,0,2025-01-17,Friday,0,16
23,11.752577393946346,29.06685585966131,0,Friday,0,2025-01-17,Friday,0,16
7,6.673014936367225,13.03717276425129,0,Friday,0,2025-01-17,Friday,0,16
21,9.299824516159557,4.689595618268706,0,Friday,0,2025-01-17,Friday,0,16
17,6.570427655574939,10.052474327805129,0,Friday,0,2025-01-17,Friday,0,16
13,27.230744422431112,4.39179169508275,0,Friday,0,2025-01-17,Friday,0,16
14,19.68054267961775,6.329768346283111,0,Friday,0,2025-01-17,Friday,0,16
21,9.469982214905372,6.461662631953579,0,Friday,0,2025-01-17,Friday,0,16
20,13.652089893793459,7.946815921407186,0,Friday,0,2025-01-17,Friday,0,16
21,12.659582555647102,42.45843553286451,0,Friday,0,2025-01-17,Friday,0,16
21,12.144945702606254,5.771786136874704,0,Friday,0,2025-01-24,Friday,0,23
23,11.313096138200873,17.72832229593023,0,Friday,0,2025-01-24,Friday,0,23
14,15.543720767300915,3.320448978602328,0,Friday,0,2025-01-24,Friday,0,23
21,11.750565870490277,13.246480672169696,0,Friday,0,2025-01-24,Friday,0,23
20,13.53302082498152,7.165715663341423,0,Friday,0,2025-01-24,Friday,0,23
15,3.0362633916924957,19.9447620639763,0,Friday,0,2025-01-24,Friday,0,23
18,30.049674744305594,1.752071596788105,0,Friday,0,2025-01-24,Friday,0,23
18,13.921723524540411,9.298027337683248,0,Friday,0,2025-01-24,Friday,0,23
17,109.10747349650276,22.168128471404696,0,Friday,0,2025-01-24,Friday,0,23
20,11.930013410988938,21.304491923167333,0,Friday,0,2025-01-24,Friday,0,23
18,15.497749872671232,10.8516813814944,0,Friday,0,2025-01-24,Friday,0,23
23,71.21666460183727,22.326899839830908,0,Friday,0,2025-01-24,Friday,0,23
20,11.269946693341204,8.839752953445869,0,Friday,0,2025-01-24,Friday,0,23
16,20.46453104576826,29.918151228289773,0,Friday,0,2025-01-24,Friday,0,23
14,7.728673257961525,8.920904698378866,0,Friday,0,2025-01-24,Friday,0,23
20,4.5196533610369505,16.02852654577251,0,Friday,0,2025-01-24,Friday,0,23
19,2.487108195962053,4.068068388554584,0,Friday,0,2025-01-24,Friday,0,23
18,42.96366228296786,2.7382231560995356,0,Friday,0,2025-01-24,Friday,0,23
18,33.43147301343368,4.438151323994694,0,Friday,0,2025-01-24,Friday,0,23
19,11.562085793811889,5.906173166085725,0,Friday,0,2025-01-24,Friday,0,23
17,20.09314416783681,8.689800877762414,0,Friday,0,2025-01-24,Friday,0,23
14,53.68025911749663,27.395902105907208,0,Friday,0,2025-01-24,Friday,0,23
9,5.923965145208491,3.2234680216866476,0,Friday,0,2025-01-24,Friday,0,23
12,3.6992837061103714,3.7329123449486525,0,Friday,0,2025-01-31,Friday,0,21
19,6.2160951606497505,6.097597843404819,0,Friday,0,2025-01-31,Friday,0,21
23,12.6660961389582,5.57470147540064,0,Friday,0,2025-01-31,Friday,0,21
17,17.254810425486216,35.08746741027571,0,Friday,0,2025-01-31,Friday,0,21
15,10.596244707231861,13.606079241318383,0,Friday,0,2025-01-31,Friday,0,21
23,3.5654458211369393,25.705672839726255,0,Friday,0,2025-01-31,Friday,0,21
21,10.21534205164453,7.74746030716566,0,Friday,0,2025-01-31,Friday,0,21
23,8.163298361957978,17.644469300030508,0,Friday,0,2025-01-31,Friday,0,21
19,22.479071650136778,21.952188692071815,0,Friday,0,2025-01-31,Friday,0,21
16,28.90872414158114,5.023868356156431,0,Friday,0,2025-01-31,Friday,0,21
23,4.790539777103704,12.809563278143864,0,Friday,0,2025-01-31,Friday,0,21
17,15.54531904753427,24.11939389858989,0,Friday,0,2025-01-31,Friday,0,21
17,5.729347595035451,3.110575620938829,0,Friday,0,2025-01-31,Friday,0,21
21,14.967419233968258,6.102842058819431,0,Friday,0,2025-01-31,Friday,0,21
10,33.234287100589476,12.905689010181208,0,Friday,0,2025-01-31,Friday,0,21
18,5.993780818553413,9.930096663244889,0,Friday,0,2025-01-31,Friday,0,21
17,9.39357210781184,1.2786248674226952,0,Friday,0,2025-01-31,Friday,0,21
20,21.1930798313823,5.843386008159206,0,Friday,0,2025-01-31,Friday,0,21
22,10.693703666998537,10.4800261248269,0,Friday,0,2025-01-31,Friday,0,21
23,9.747742320589385,25.740702073136106,0,Friday,0,2025-01-31,Friday,0,21
14,4.377873361111755,6.250940724271456,0,Friday,0,2025-01-31,Friday,0,21
20,20.92299387415459,8.857072057712443,0,Friday,0,2025-02-07,Friday,0,21
16,2.051135339664359,3.763202919140425,0,Friday,0,2025-02-07,Friday,0,21
18,8.31913856527068,7.261319972676797,0,Friday,0,2025-02-07,Friday,0,21
19,18.963835209276244,24.905825330594,0,Friday,0,2025-02-07,Friday,0,21
12,4.657024129415482,9.477448524863814,0,Friday,0,2025-02-07,Friday,0,21
21,15.82931836993404,11.515025660982568,0,Friday,0,2025-02-07,Friday,0,21
6,18.642250029849766,19.229973926667114,0,Friday,0,2025-02-07,Friday,0,21
23,3.456269084536862,12.537582313756317,0,Friday,0,2025-02-07,Friday,0,21
20,12.622573079692668,6.949849642979863,0,Friday,0,2025-02-07,Friday,0,21
20,16.70769274207635,20.50237367822239,0,Friday,0,2025-02-07,Friday,0,21
21,2.1956248851579994,5.763430700162577,0,Friday,0,2025-02-07,Friday,0,21
13,2.188316406330559,11.922931649734343,0,Friday,0,2025-02-07,Friday,0,21
14,43.42634997944927,29.977348489192583,0,Friday,0,2025-02-07,Friday,0,21
17,17.1382877354139,7.194418658016353,0,Friday,0,2025-02-07,Friday,0,21
16,10.596694655814588,16.157859071159933,0,Friday,0,2025-02-07,Friday,0,21
8,7.231858689304661,14.064364233271055,0,Friday,0,2025-02-07,Friday,0,21
0,21.390926386951374,7.1273151956835,0,Friday,0,2025-02-07,Friday,0,21
14,18.705302623203973,28.507504668986954,0,Friday,0,2025-02-07,Friday,0,21
16,14.458645082875478,3.851763477619759,0,Friday,0,2025-02-07,Friday,0,21
19,11.586712643058256,11.926408468917813,0,Friday,0,2025-02-07,Friday,0,21
23,12.282620402225636,48.81620809127523,0,Friday,0,2025-02-07,Friday,0,21
18,4.900658855128226,9.92166984323143,0,Friday,0,2025-02-14,Friday,0,18
16,7.043555432245981,13.065761647708545,0,Friday,0,2025-02-14,Friday,0,18
21,5.404068623711321,3.7086372447771945,0,Friday,0,2025-02-14,Friday,0,18
9,7.3038890673889485,4.722881354006858,0,Friday,0,2025-02-14,Friday,0,18
18,41.78357958932188,14.217515827188025,0,Friday,0,2025-02-14,Friday,0,18
2,8.737698841717549,19.238305949255217,0,Friday,0,2025-02-14,Friday,0,18
11,4.455669538871472,23.90959702355043,0,Friday,0,2025-02-14,Friday,0,18
19,18.801191700797244,5.970411863631938,0,Friday,0,2025-02-14,Friday,0,18
12,11.621995156023207,3.4231586892853914,0,Friday,0,2025-02-14,Friday,0,18
21,12.092986469424101,40.20478505046828,0,Friday,0,2025-02-14,Friday,0,18
13,2.7339362734405546,10.298751197145135,0,Friday,0,2025-02-14,Friday,0,18
20,14.365696063815946,12.917351969959427,0,Friday,0,2025-02-14,Friday,0,18
18,12.920342049801672,7.5373446411881915,0,Friday,0,2025-02-14,Friday,0,18
17,10.039326275854307,7.031932204274001,0,Friday,0,2025-02-14,Friday,0,18
16,10.021416253118684,9.352467330010121,0,Friday,0,2025-02-14,Friday,0,18
18,15.468449805251531,1.3515170296255987,0,Friday,0,2025-02-14,Friday,0,18
11,8.256578408799509,15.563462170663946,0,Friday,0,2025-02-14,Friday,0,18
13,49.96263135158588,14.64106056211431,0,Friday,0,2025-02-14,Friday,0,18
8,6.385288503027209,6.290362446713091,0,Friday,0,2025-02-21,Friday,0,16
18,2.1131972464728217,3.430426277766072,0,Friday,0,2025-02-21,Friday,0,16
12,2.953785016544272,12.49323162716513,0,Friday,0,2025-02-21,Friday,0,16
15,3.6520711849655507,5.294866380111855,0,Friday,0,2025-02-21,Friday,0,16
19,12.077090501065506,11.898312849978838,0,Friday,0,2025-02-21,Friday,0,16
8,36.232043546766974,1.1067460693044544,0,Friday,0,2025-02-21,Friday,0,16
22,11.434152574300466,12.600827705154162,0,Friday,0,2025-02-21,Friday,0,16
22,10.197776842001339,2.265429772427334,0,Friday,0,2025-02-21,Friday,0,16
14,8.555461979314238,16.963856131952955,0,Friday,0,2025-02-21,Friday,0,16
18,14.96243978982707,17.970058808188924,0,Friday,0,2025-02-21,Friday,0,16
21,11.427370002913097,3.9122598879145443,0,Friday,0,2025-02-21,Friday,0,16
9,3.6950508613641064,16.37489744888344,0,Friday,0,2025-02-21,Friday,0,16
5,13.689952945861126,8.07734868704791,0,Friday,0,2025-02-21,Friday,0,16
19,16.15531722518967,30.56752407048129,0,Friday,0,2025-02-21,Friday,0,16
23,9.366566086906673,24.063321965893532,0,Friday,0,2025-02-21,Friday,0,16
21,6.134244935215505,9.361546428749165,0,Friday,0,2025-02-21,Friday,0,16
20,16.581615656437037,2.8306304267512337,0,Friday,0,2025-02-28,Friday,0,26
3,7.913909844167403,39.59879178316539,0,Friday,0,2025-02-28,Friday,0,26
19,16.10790604145947,13.449131158767287,0,Friday,0,2025-02-28,Friday,0,26
14,2.9469669216059176,4.67288357501365,0,Friday,0,2025-02-28,Friday,0,26
14,5.32410861021391,17.819360975962873,0,Friday,0,2025-02-28,Friday,0,26
11,6.647281806227964,5.412376947409335,0,Friday,0,2025-02-28,Friday,0,26
21,11.458202182073034,15.978331325639038,0,Friday,0,2025-02-28,Friday,0,26
23,12.497837052828249,4.035894134794236,0,Friday,0,2025-02-28,Friday,0,26
19,11.465441648450817,8.158873061652384,0,Friday,0,2025-02-28,Friday,0,26
23,11.155610112361156,16.67678894376604,0,Friday,0,2025-02-28,Friday,0,26
21,9.589950843187594,4.297203847083003,0,Friday,0,2025-02-28,Friday,0,26
15,20.065300198290565,47.77100751546201,0,Friday,0,2025-02-28,Friday,0,26
13,20.162879523773196,3.671532779238369,0,Friday,0,2025-02-28,Friday,0,26
20,12.142193616982606,7.4047248915496615,0,Friday,0,2025-02-28,Friday,0,26
8,30.90348917575661,6.239783328516649,0,Friday,0,2025-02-28,Friday,0,26
18,17.340764322082766,6.719464028873578,0,Friday,0,2025-02-28,Friday,0,26
18,14.321596922297473,1.9657601638426436,0,Friday,0,2025-02-28,Friday,0,26
8,7.154802764431756,11.666254046359025,0,Friday,0,2025-02-28,Friday,0,26
12,13.935615364360803,30.249571628579755,0,Friday,0,2025-02-28,Friday,0,26
12,3.657464563157265,2.1353721260622858,0,Friday,0,2025-02-28,Friday,0,26
13,4.911146066712735,14.344309910625714,0,Friday,0,2025-02-28,Friday,0,26
20,10.757831121422111,3.3359682230211245,0,Friday,0,2025-02-28,Friday,0,26
8,27.866629317991304,1.9461592209605518,0,Friday,0,2025-02-28,Friday,0,26
15,26.168381191945564,4.714434662140745,0,Friday,0,2025-02-28,Friday,0,26
18,10.258544187148551,6.188242343432229,0,Friday,0,2025-02-28,Friday,0,26
18,8.708699423702644,3.393763065118069,0,Friday,0,2025-02-28,Friday,0,26
17,20.80806600536575,36.46689740021184,0,Friday,0,2025-03-07,Friday,0,21
18,14.127371501850234,4.497698209169548,0,Friday,0,2025-03-07,Friday,0,21
15,23.537449139059998,2.341369011690751,0,Friday,0,2025-03-07,Friday,0,21
18,3.2258452135289626,17.422638249455858,0,Friday,0,2025-03-07,Friday,0,21
17,13.675524584734877,5.814811234743569,0,Friday,0,2025-03-07,Friday,0,21
19,5.794205025022399,12.870503685848226,0,Friday,0,2025-03-07,Friday,0,21
18,3.3667789993971775,5.460217437798816,0,Friday,0,2025-03-07,Friday,0,21
19,61.933526883545774,8.16271953001301,0,Friday,0,2025-03-07,Friday,0,21
17,2.0296149262235335,15.938812273723622,0,Friday,0,2025-03-07,Friday,0,21
20,3.4688264337705133,8.8976915521294,0,Friday,0,2025-03-07,Friday,0,21
8,5.429749446007326,22.065324568600534,0,Friday,0,2025-03-07,Friday,0,21
9,2.6787458163656344,9.53397679929011,0,Friday,0,2025-03-07,Friday,0,21
17,18.36714678557895,10.374669177044154,0,Friday,0,2025-03-07,Friday,0,21
17,14.575060814799432,9.346533401350301,0,Friday,0,2025-03-07,Friday,0,21
21,16.206828591372577,11.335275746620425,0,Friday,0,2025-03-07,Friday,0,21
14,19.8871134017363,2.0443302160105388,0,Friday,0,2025-03-07,Friday,0,21
6,10.068340421292785,46.59399551880483,0,Friday,0,2025-03-07,Friday,0,21
21,8.027826292879263,3.177920635511539,0,Friday,0,2025-03-07,Friday,0,21
21,13.847120189201565,4.051144626635403,0,Friday,0,2025-03-07,Friday,0,21
12,4.126016878410022,3.4486321824130144,0,Friday,0,2025-03-07,Friday,0,21
22,12.990533490842946,36.221371199335664,0,Friday,0,2025-03-07,Friday,0,21
16,5.41241049726572,5.171313764574014,0,Friday,0,2025-03-14,Friday,0,14
17,14.312084942931296,4.505307507228653,0,Friday,0,2025-03-14,Friday,0,14
14,2.1644237748847868,10.511288634739744,0,Friday,0,2025-03-14,Friday,0,14
8,16.125176725363847,36.779237796834565,0,Friday,0,2025-03-14,Friday,0,14
19,3.940101012279069,20.903431097704143,0,Friday,0,2025-03-14,Friday,0,14
19,15.553701723481652,7.943817444215956,0,Friday,0,2025-03-14,Friday,0,14
14,3.147287823688604,23.338114370339348,0,Friday,0,2025-03-14,Friday,0,14
20,11.278484641377837,33.22967340812674,0,Friday,0,2025-03-14,Friday,0,14
19,15.471922035051143,13.870881051796792,0,Friday,0,2025-03-14,Friday,0,14
14,10.6014636317618,28.332601624262853,0,Friday,0,2025-03-14,Friday,0,14
23,9.445324428720365,48.56316699788258,0,Friday,0,2025-03-14,Friday,0,14
15,54.969336973235976,26.31294414982479,0,Friday,0,2025-03-14,Friday,0,14
17,16.236698832686066,17.991272637055943,0,Friday,0,2025-03-14,Friday,0,14
21,14.511712666004513,3.4428596984882898,0,Friday,0,2025-03-14,Friday,0,14
19,18.33409101336123,4.1180516723987655,0,Friday,0,2025-12-26,Friday,0,37
21,14.975021661784748,27.165513901055537,0,Friday,0,2025-12-26,Friday,0,37
17,18.314117127558248,12.361764306050363,0,Friday,0,2025-12-26,Friday,0,37
18,29.562861297592757,1.866940746687627,0,Friday,0,2025-12-26,Friday,0,37
20,19.79906721656884,2.8793995817843054,0,Friday,0,2025-12-26,Friday,0,37
20,14.729382241847265,32.10876801447207,0,Friday,0,2025-12-26,Friday,0,37
16,4.284548488846751,21.3598401576413,0,Friday,0,2025-12-26,Friday,0,37
14,18.73476701531182,44.7178517487984,0,Friday,0,2025-12-26,Friday,0,37
20,17.530273862817324,28.935732282147445,0,Friday,0,2025-12-26,Friday,0,37
23,14.77043553667681,20.34818151266075,0,Friday,0,2025-12-26,Friday,0,37
17,2.438781423187589,8.901589547251955,0,Friday,0,2025-12-26,Friday,0,37
21,10.261045855649346,9.49246342274015,0,Friday,0,2025-12-26,Friday,0,37
19,12.432852312331686,10.978903784389475,0,Friday,0,2025-12-26,Friday,0,37
16,33.85219892413892,6.268745025220879,0,Friday,0,2025-12-26,Friday,0,37
18,14.729810013651111,50.45412743303616,0,Friday,0,2025-12-26,Friday,0,37
16,3.845405487586748,6.843072451449843,0,Friday,0,2025-12-26,Friday,0,37
14,8.554256650223289,8.525473972718755,0,Friday,0,2025-12-26,Friday,0,37
15,16.511193324318036,7.041712853532921,0,Friday,0,2025-12-26,Friday,0,37
10,8.258553511885808,5.1539294039445185,0,Friday,0,2025-12-26,Friday,0,37
18,17.931270486994734,11.202105224647942,0,Friday,0,2025-12-26,Friday,0,37
16,17.67165626587522,17.698653790759828,0,Friday,0,2025-12-26,Friday,0,37
21,11.18892184926765,7.7277008505823686,0,Friday,0,2025-12-26,Friday,0,37
16,17.689802238412597,15.43966618477926,0,Friday,0,2025-12-26,Friday,0,37
21,15.151881901482767,6.381219573883515,0,Friday,0,2025-12-26,Friday,0,37
20,21.611052263454066,10.436739829055734,0,Friday,0,2025-12-26,Friday,0,37
5,46.24436264105025,11.848586449304154,0,Friday,0,2025-12-26,Friday,0,37
16,14.41014999009752,7.812268017579508,0,Friday,0,2025-12-26,Friday,0,37
13,7.023753694738284,4.174663812073727,0,Friday,0,2025-12-26,Friday,0,37
14,22.989017645462493,0.662374975231931,0,Friday,0,2025-12-26,Friday,0,37
20,3.387770680349563,26.030309314328264,0,Friday,0,2025-12-26,Friday,0,37
15,30.156960782678095,10.56734810967524,0,Friday,0,2025-12-26,Friday,0,37
15,21.72416289839261,25.22263905898191,0,Friday,0,2025-12-26,Friday,0,37
21,12.172074218003136,47.27064730618529,0,Friday,0,2025-12-26,Friday,0,37
22,19.630982830136123,11.488808530344166,0,Friday,0,2025-12-26,Friday,0,37
21,24.99747583315846,23.153895596427667,0,Friday,0,2025-12-26,Friday,0,37
16,4.342218482881866,10.969830194128452,0,Friday,0,2025-12-26,Friday,0,37
14,9.014743545383707,17.428107314981848,0,Friday,0,2025-12-26,Friday,0,37
21,8.402343808759127,9.846783537481524,0,Saturday,0,2025-01-04,Saturday,0,17
19,8.149797069552115,4.582810000762923,0,Saturday,0,2025-01-04,Saturday,0,17
4,6.461200305367922,11.515802191015167,0,Saturday,0,2025-01-04,Saturday,0,17
17,42.07881777852551,13.510078529126751,0,Saturday,0,2025-01-04,Saturday,0,17
18,16.27800719268565,59.13434839800497,0,Saturday,0,2025-01-04,Saturday,0,17
2,22.59337522992119,9.137115417650872,0,Saturday,0,2025-01-04,Saturday,0,17
13,4.179270267392916,3.5341196603914824,0,Saturday,0,2025-01-04,Saturday,0,17
22,16.141848632761384,11.879928620221031,0,Saturday,0,2025-01-04,Saturday,0,17
14,5.673746813709057,12.09958975493336,0,Saturday,0,2025-01-04,Saturday,0,17
21,28.15878617308669,14.073945207847261,0,Saturday,0,2025-01-04,Saturday,0,17
8,9.80897744170094,6.023039283173324,0,Saturday,0,2025-01-04,Saturday,0,17
17,4.403139995706928,20.104910712169833,0,Saturday,0,2025-01-04,Saturday,0,17
22,9.067385924347004,11.027446128555399,0,Saturday,0,2025-01-04,Saturday,0,17
0,19.316045552767775,9.53163668553494,0,Saturday,0,2025-01-04,Saturday,0,17
18,5.636917251784851,7.889380632454571,0,Saturday,0,2025-01-04,Saturday,0,17
23,30.601377964074405,16.529942219447953,0,Saturday,0,2025-01-04,Saturday,0,17
20,15.855491487410546,3.0075759755139213,0,Saturday,0,2025-01-04,Saturday,0,17
18,14.69299680415764,5.773261139852432,0,Saturday,0,2025-01-11,Saturday,0,16
21,19.227896236844693,9.800873852708184,0,Saturday,0,2025-01-11,Saturday,0,16
16,22.940641597126426,2.512779621118968,0,Saturday,0,2025-01-11,Saturday,0,16
19,38.93677292451953,5.748993262332132,0,Saturday,0,2025-01-11,Saturday,0,16
17,2.545974328642902,15.674269395764668,0,Saturday,0,2025-01-11,Saturday,0,16
11,3.8981591254964867,13.459180219200126,0,Saturday,0,2025-01-11,Saturday,0,16
15,14.544989577084497,12.955596329584372,0,Saturday,0,2025-01-11,Saturday,0,16
14,10.988911312807232,9.873184085254584,0,Saturday,0,2025-01-11,Saturday,0,16
22,25.158566463807684,16.41925151055418,0,Saturday,0,2025-01-11,Saturday,0,16
18,2.3605619791108046,7.910420916344445,0,Saturday,0,2025-01-11,Saturday,0,16
22,13.75624043457573,10.821052834777102,0,Saturday,0,2025-01-11,Saturday,0,16
13,3.191133825541306,10.912353622334958,0,Saturday,0,2025-01-11,Saturday,0,16
19,14.755359485199357,8.621278739672066,0,Saturday,0,2025-01-11,Saturday,0,16
19,40.69474047105908,2.994671985057205,0,Saturday,0,2025-01-11,Saturday,0,16
19,32.73906307964445,11.381016892236476,0,Saturday,0,2025-01-11,Saturday,0,16
23,9.687020567834509,26.459783319875985,0,Saturday,0,2025-01-11,Saturday,0,16
17,20.560144465963027,2.590945612523157,0,Saturday,0,2025-01-18,Saturday,0,14
20,21.162191698032103,7.856959550984008,0,Saturday,0,2025-01-18,Saturday,0,14
16,43.13601430197441,8.641375883986578,0,Saturday,0,2025-01-18,Saturday,0,14
17,3.639967063415162,8.90560399879462,0,Saturday,0,2025-01-18,Saturday,0,14
16,14.350651481459476,12.37465152401081,0,Saturday,0,2025-01-18,Saturday,0,14
0,23.755688566729624,11.766015748004385,0,Saturday,0,2025-01-18,Saturday,0,14
20,12.120582206630942,14.754958109704639,0,Saturday,0,2025-01-18,Saturday,0,14
17,10.310238244788923,9.222177209872912,0,Saturday,0,2025-01-18,Saturday,0,14
20,2.868706392435954,5.67420467546587,0,Saturday,0,2025-01-18,Saturday,0,14
8,13.564013140243976,13.085942827206367,0,Saturday,0,2025-01-18,Saturday,0,14
18,3.009998749123712,11.44758538758026,0,Saturday,0,2025-01-18,Saturday,0,14
23,18.706831476969864,1.9595154111736537,0,Saturday,0,2025-01-18,Saturday,0,14
20,28.185045062906248,3.7531845351726405,0,Saturday,0,2025-01-18,Saturday,0,14
20,15.647834396137505,14.44834081924279,0,Saturday,0,2025-01-18,Saturday,0,14
16,22.295250645116717,31.51958104687948,0,Saturday,0,2025-01-25,Saturday,0,23
0,75.14518887260704,8.536564486979296,0,Saturday,0,2025-01-25,Saturday,0,23
17,38.348354177849686,13.999966275757842,0,Saturday,0,2025-01-25,Saturday,0,23
12,54.115420981282085,10.823777276842273,0,Saturday,0,2025-01-25,Saturday,0,23
12,29.32464118891796,25.736951901434534,0,Saturday,0,2025-01-25,Saturday,0,23
18,2.6480390038842514,8.157948531381495,0,Saturday,0,2025-01-25,Saturday,0,23
18,15.520693291800278,3.5819393192186135,0,Saturday,0,2025-01-25,Saturday,0,23
20,12.514320566176021,14.189070603351581,0,Saturday,0,2025-01-25,Saturday,0,23
16,14.64782380510131,5.161829204175501,0,Saturday,0,2025-01-25,Saturday,0,23
23,15.125398648490371,20.186403435145966,0,Saturday,0,2025-01-25,Saturday,0,23
15,16.91768759693259,12.499402884736345,0,Saturday,0,2025-01-25,Saturday,0,23
20,16.87905048725162,22.27042192548004,0,Saturday,0,2025-01-25,Saturday,0,23
13,46.86654366611227,7.078662630369257,0,Saturday,0,2025-01-25,Saturday,0,23
21,16.55469640922879,13.783566872225398,0,Saturday,0,2025-01-25,Saturday,0,23
16,2.5975220588514567,5.310293487762456,0,Saturday,0,2025-01-25,Saturday,0,23
15,14.536257862166643,5.999458891600126,0,Saturday,0,2025-01-25,Saturday,0,23
18,19.201611932647765,18.999481772627192,0,Saturday,0,2025-01-25,Saturday,0,23
1,3.3942942811965224,3.8353331533719546,0,Saturday,0,2025-01-25,Saturday,0,23
20,20.982364743465162,12.683962113183988,0,Saturday,0,2025-01-25,Saturday,0,23
12,7.586516195857817,12.238903657107423,0,Saturday,0,2025-01-25,Saturday,0,23
20,6.293933058455021,18.555066148389177,0,Saturday,0,2025-01-25,Saturday,0,23
19,9.913498132926605,4.694432383776702,0,Saturday,0,2025-01-25,Saturday,0,23
14,21.672372169337663,11.533358911864442,0,Saturday,0,2025-01-25,Saturday,0,23
15,19.352703712947754,27.59855138787316,0,Saturday,0,2025-02-01,Saturday,0,12
13,4.884061973533077,10.616824827477242,0,Saturday,0,2025-02-01,Saturday,0,12
5,12.499062922024148,9.939119475139643,0,Saturday,0,2025-02-01,Saturday,0,12
21,13.70917330967007,19.93529786687143,0,Saturday,0,2025-02-01,Saturday,0,12
15,23.233227442091874,6.302386765023109,0,Saturday,0,2025-02-01,Saturday,0,12
16,50.61611400819605,9.242369162580673,0,Saturday,0,2025-02-01,Saturday,0,12
20,12.816082096951956,5.138553813261164,0,Saturday,0,2025-02-01,Saturday,0,12
15,11.37470958845131,14.547111135001838,0,Saturday,0,2025-02-01,Saturday,0,12
13,5.539433418431511,22.78442897796995,0,Saturday,0,2025-02-01,Saturday,0,12
17,13.026284049281902,3.2015971364025946,0,Saturday,0,2025-02-01,Saturday,0,12
17,10.124864933225727,5.692394344143868,0,Saturday,0,2025-02-01,Saturday,0,12
10,27.392252952718778,9.743163347859753,0,Saturday,0,2025-02-01,Saturday,0,12
11,3.5432338054123873,17.343477593675257,0,Saturday,0,2025-02-08,Saturday,0,18
2,22.088875995968984,31.87898601296021,0,Saturday,0,2025-02-08,Saturday,0,18
19,19.640156364833494,6.143678153472894,0,Saturday,0,2025-02-08,Saturday,0,18
15,4.162044577897463,1.5417437510425145,0,Saturday,0,2025-02-08,Saturday,0,18
15,5.036928621313426,17.385333685046696,0,Saturday,0,2025-02-08,Saturday,0,18
14,2.6403740947518406,6.311041546551138,0,Saturday,0,2025-02-08,Saturday,0,18
16,13.5783244451086,22.648255564751235,0,Saturday,0,2025-02-08,Saturday,0,18
22,13.266947155808651,5.435869493455766,0,Saturday,0,2025-02-08,Saturday,0,18
14,16.997989261397546,15.462809071181809,0,Saturday,0,2025-02-08,Saturday,0,18
17,16.488312454625877,8.882890491398223,0,Saturday,0,2025-02-08,Saturday,0,18
23,4.602748078564948,11.569468709965037,0,Saturday,0,2025-02-08,Saturday,0,18
13,2.0646653966210944,5.684705027601151,0,Saturday,0,2025-02-08,Saturday,0,18
11,119.9167001192093,3.2719501654623135,0,Saturday,0,2025-02-08,Saturday,0,18
7,8.40879820826651,4.467780215830782,0,Saturday,0,2025-02-08,Saturday,0,18
13,3.3708540619198084,4.152604438523284,0,Saturday,0,2025-02-08,Saturday,0,18
14,10.172524602683058,5.078453231962033,0,Saturday,0,2025-02-08,Saturday,0,18
15,13.872423814534454,9.593364672266148,0,Saturday,0,2025-02-08,Saturday,0,18
17,13.969696990656175,13.740756504034445,0,Saturday,0,2025-02-08,Saturday,0,18
21,21.352313727981766,12.82481932074818,0,Saturday,0,2025-02-15,Saturday,0,21
18,39.07146583793353,1.1902924230155607,0,Saturday,0,2025-02-15,Saturday,0,21
19,14.71722453524794,9.505009502713477,0,Saturday,0,2025-02-15,Saturday,0,21
20,15.787154163089191,2.620254397072995,0,Saturday,0,2025-02-15,Saturday,0,21
19,9.605227610349077,11.758666753000428,0,Saturday,0,2025-02-15,Saturday,0,21
14,7.5012577292137985,6.594775159562765,0,Saturday,0,2025-02-15,Saturday,0,21
1,15.759224695961432,25.581258435211215,0,Saturday,0,2025-02-15,Saturday,0,21
1,9.395328539364565,3.981879472523242,0,Saturday,0,2025-02-15,Saturday,0,21
12,28.423231719694478,11.265485944798632,0,Saturday,0,2025-02-15,Saturday,0,21
0,14.2481447092655,36.289627763332305,0,Saturday,0,2025-02-15,Saturday,0,21
17,13.329615892204512,14.37390053346398,0,Saturday,0,2025-02-15,Saturday,0,21
18,5.032028603979532,28.218513281684327,0,Saturday,0,2025-02-15,Saturday,0,21
18,19.95219228279649,20.601551629270418,0,Saturday,0,2025-02-15,Saturday,0,21
17,23.21562943893341,5.401779506640806,0,Saturday,0,2025-02-15,Saturday,0,21
18,15.20533776531962,10.807699999980516,0,Saturday,0,2025-02-15,Saturday,0,21
9,5.783663305623283,11.942650552915273,0,Saturday,0,2025-02-15,Saturday,0,21
9,18.106737918257455,34.70483265667809,0,Saturday,0,2025-02-15,Saturday,0,21
14,3.0701209972023866,3.014928428734704,0,Saturday,0,2025-02-15,Saturday,0,21
16,19.500916389074522,32.32368100968677,0,Saturday,0,2025-02-15,Saturday,0,21
17,18.40106628615745,7.776682357738412,0,Saturday,0,2025-02-15,Saturday,0,21
13,8.060322981047502,23.042730602614974,0,Saturday,0,2025-02-15,Saturday,0,21
18,8.52844382005825,6.830167285503667,0,Saturday,0,2025-02-22,Saturday,0,18
16,25.315052656068982,3.7290513420204245,0,Saturday,0,2025-02-22,Saturday,0,18
10,17.705747126129694,17.647292320527047,0,Saturday,0,2025-02-22,Saturday,0,18
14,4.561202584629246,6.775478257959768,0,Saturday,0,2025-02-22,Saturday,0,18
14,2.428256419045876,3.99181069105141,0,Saturday,0,2025-02-22,Saturday,0,18
21,18.708730776811965,29.20475138532509,0,Saturday,0,2025-02-22,Saturday,0,18
17,14.838329919040532,5.165190709025292,0,Saturday,0,2025-02-22,Saturday,0,18
14,24.966347572277172,2.2802823258339693,0,Saturday,0,2025-02-22,Saturday,0,18
19,7.845470510264914,11.8150440395964,0,Saturday,0,2025-02-22,Saturday,0,18
19,33.032735569730804,13.331527074918696,0,Saturday,0,2025-02-22,Saturday,0,18
16,95.49015442720444,2.2586140123422265,0,Saturday,0,2025-02-22,Saturday,0,18
16,2.0139933800159793,7.689618940345269,0,Saturday,0,2025-02-22,Saturday,0,18
9,9.813668779901366,1.8871083842853587,0,Saturday,0,2025-02-22,Saturday,0,18
18,11.631774976823781,10.63803983120166,0,Saturday,0,2025-02-22,Saturday,0,18
13,4.321438650278763,16.798058681775238,0,Saturday,0,2025-02-22,Saturday,0,18
16,82.60376497381681,8.227039915386294,0,Saturday,0,2025-02-22,Saturday,0,18
22,14.926293644404549,27.379682314290797,0,Saturday,0,2025-02-22,Saturday,0,18
4,17.321005891718276,9.08711943775013,0,Saturday,0,2025-02-22,Saturday,0,18
10,5.341342431816912,11.020431005547172,0,Saturday,0,2025-03-01,Saturday,0,14
16,12.790732591791379,20.203952389124197,0,Saturday,0,2025-03-01,Saturday,0,14
13,2.887952365448332,13.828534673022677,0,Saturday,0,2025-03-01,Saturday,0,14
2,3.6289078434914206,26.888237291385977,0,Saturday,0,2025-03-01,Saturday,0,14
19,10.372778306175597,22.069512586176266,0,Saturday,0,2025-03-01,Saturday,0,14
20,27.28596263483536,5.3068980122494995,0,Saturday,0,2025-03-01,Saturday,0,14
0,10.676545641130062,10.795206138664051,0,Saturday,0,2025-03-01,Saturday,0,14
19,6.791594627436599,5.793511714598835,0,Saturday,0,2025-03-01,Saturday,0,14
23,10.309211882533521,5.7211650468674815,0,Saturday,0,2025-03-01,Saturday,0,14
19,12.508887479221418,11.351503722204376,0,Saturday,0,2025-03-01,Saturday,0,14
17,10.799268975602608,24.339335969782084,0,Saturday,0,2025-03-01,Saturday,0,14
18,22.356935377387778,1.4727996986197216,0,Saturday,0,2025-03-01,Saturday,0,14
19,2.9287387694807414,13.463672794115588,0,Saturday,0,2025-03-01,Saturday,0,14
22,20.389509597200618,11.227039717586699,0,Saturday,0,2025-03-01,Saturday,0,14
19,16.064132246215497,4.546652406857227,0,Saturday,0,2025-03-08,Saturday,0,22
0,8.361332658737034,23.798746111030407,0,Saturday,0,2025-03-08,Saturday,0,22
20,5.88193411697303,4.9964123351602865,0,Saturday,0,2025-03-08,Saturday,0,22
23,14.358336001336593,28.93620061727987,0,Saturday,0,2025-03-08,Saturday,0,22
23,3.689543391613543,23.17942395275918,0,Saturday,0,2025-03-08,Saturday,0,22
13,36.86659101552522,3.936081069206331,0,Saturday,0,2025-03-08,Saturday,0,22
21,14.252426884323466,11.992464923666203,0,Saturday,0,2025-03-08,Saturday,0,22
17,10.124846082313685,12.666108986287732,0,Saturday,0,2025-03-08,Saturday,0,22
19,12.229417849057242,9.516867439177902,0,Saturday,0,2025-03-08,Saturday,0,22
16,6.255983197204998,6.734189327984237,0,Saturday,0,2025-03-08,Saturday,0,22
14,13.09790399676076,29.187996273250953,0,Saturday,0,2025-03-08,Saturday,0,22
17,8.75743493058463,18.548078592708592,0,Saturday,0,2025-03-08,Saturday,0,22
23,11.423882138358856,33.764470451410254,0,Saturday,0,2025-03-08,Saturday,0,22
7,2.774398408388524,4.872695693178231,0,Saturday,0,2025-03-08,Saturday,0,22
16,10.568850355685928,2.5074935131973732,0,Saturday,0,2025-03-08,Saturday,0,22
10,5.632940791614512,7.0697241676153935,0,Saturday,0,2025-03-08,Saturday,0,22
13,10.837949589618717,4.407516294881068,0,Saturday,0,2025-03-08,Saturday,0,22
19,5.123708231931598,6.9176849566648775,0,Saturday,0,2025-03-08,Saturday,0,22
15,2.9480574437336755,4.019399383317165,0,Saturday,0,2025-03-08,Saturday,0,22
14,28.368652991121067,10.6227381605757,0,Saturday,0,2025-03-08,Saturday,0,22
21,59.78953756631253,18.751346281043194,0,Saturday,0,2025-03-08,Saturday,0,22
21,7.711941189083135,12.964369939311444,0,Saturday,0,2025-03-08,Saturday,0,22
22,5.561397114207857,16.61230128104528,0,Saturday,0,2025-03-15,Saturday,0,12
19,19.290951897445293,28.49404426899266,0,Saturday,0,2025-03-15,Saturday,0,12
14,14.427475762149147,2.7400082483429395,0,Saturday,0,2025-03-15,Saturday,0,12
20,14.327192473907932,8.36973758415166,0,Saturday,0,2025-03-15,Saturday,0,12
15,7.133946161173287,15.390915026730854,0,Saturday,0,2025-03-15,Saturday,0,12
20,26.35657039144444,4.584993293582273,0,Saturday,0,2025-03-15,Saturday,0,12
11,22.487508264977873,1.9077126671571258,0,Saturday,0,2025-03-15,Saturday,0,12
19,12.443239216118542,20.826627689722393,0,Saturday,0,2025-03-15,Saturday,0,12
4,3.0458451889513816,3.9468533524137284,0,Saturday,0,2025-03-15,Saturday,0,12
17,17.559340180487013,5.803123055299815,0,Saturday,0,2025-03-15,Saturday,0,12
12,3.5562491614668392,5.865568470670369,0,Saturday,0,2025-03-15,Saturday,0,12
14,4.576327298759648,14.514779036673577,0,Saturday,0,2025-03-15,Saturday,0,12
19,3.7560238561458643,4.416080418942557,0,Saturday,0,2025-12-27,Saturday,0,16
21,11.609209553998,42.7958157384936,0,Saturday,0,2025-12-27,Saturday,0,16
2,14.527536446980871,21.3323833489703,0,Saturday,0,2025-12-27,Saturday,0,16
23,68.18046675541272,15.568206803440662,0,Saturday,0,2025-12-27,Saturday,0,16
16,14.329513799372737,3.8829073917885975,0,Saturday,0,2025-12-27,Saturday,0,16
10,19.75453560879474,23.897858400993517,0,Saturday,0,2025-12-27,Saturday,0,16
11,3.42322478217475,3.726366883499936,0,Saturday,0,2025-12-27,Saturday,0,16
22,7.487900677316691,13.432065341163332,0,Saturday,0,2025-12-27,Saturday,0,16
17,4.71739422909347,13.133434980984822,0,Saturday,0,2025-12-27,Saturday,0,16
16,17.979334293955368,5.095793263303603,0,Saturday,0,2025-12-27,Saturday,0,16
19,5.80101082881114,8.867114608821229,0,Saturday,0,2025-12-27,Saturday,0,16
15,20.906957738183152,10.263307080972517,0,Saturday,0,2025-12-27,Saturday,0,16
0,4.161860312965707,8.723770930804893,0,Saturday,0,2025-12-27,Saturday,0,16
19,11.047549818883084,6.407860022998756,0,Saturday,0,2025-12-27,Saturday,0,16
12,6.414412114314048,11.004915776228408,0,Saturday,0,2025-12-27,Saturday,0,16
14,40.29758109361676,13.528453496719518,0,Saturday,0,2025-12-27,Saturday,0,16
9,3.5999480110714277,5.593357130169216,0,Sunday,0,2025-01-05,Sunday,0,28
18,13.618243475579906,22.648816246264474,0,Sunday,0,2025-01-05,Sunday,0,28
22,12.690406725738725,8.401719758260505,0,Sunday,0,2025-01-05,Sunday,0,28
8,5.259015549420996,1.5565018602491485,0,Sunday,0,2025-01-05,Sunday,0,28
16,10.466320792469794,63.869150103749135,0,Sunday,0,2025-01-05,Sunday,0,28
10,2.0721594589160213,4.405015178230513,0,Sunday,0,2025-01-05,Sunday,0,28
20,22.5315856801618,24.28646817029093,0,Sunday,0,2025-01-05,Sunday,0,28
21,11.24626400498255,10.053347346237777,0,Sunday,0,2025-01-05,Sunday,0,28
23,7.656133245749292,17.80583051165503,0,Sunday,0,2025-01-05,Sunday,0,28
18,11.258367056648588,9.717602178172562,0,Sunday,0,2025-01-05,Sunday,0,28
18,17.02380822682187,6.426733332198801,0,Sunday,0,2025-01-05,Sunday,0,28
19,8.761008656402925,7.408952643851617,0,Sunday,0,2025-01-05,Sunday,0,28
18,2.362626752250437,12.14425690078122,0,Sunday,0,2025-01-05,Sunday,0,28
16,19.47031100045869,9.881582892692858,0,Sunday,0,2025-01-05,Sunday,0,28
17,2.3039935905224276,11.458083618173198,0,Sunday,0,2025-01-05,Sunday,0,28
18,16.40544392666133,32.870677946583235,0,Sunday,0,2025-01-05,Sunday,0,28
14,5.5519254135597365,8.690431214585606,0,Sunday,0,2025-01-05,Sunday,0,28
18,11.522919747155605,5.382144206587653,0,Sunday,0,2025-01-05,Sunday,0,28
23,12.240136525625772,22.974439952160107,0,Sunday,0,2025-01-05,Sunday,0,28
21,12.899579747166783,19.67828894546666,0,Sunday,0,2025-01-05,Sunday,0,28
15,4.871693638216389,7.213903953102819,0,Sunday,0,2025-01-05,Sunday,0,28
19,15.54337104292134,62.0592645185475,0,Sunday,0,2025-01-05,Sunday,0,28
18,13.978193006374699,1.8724944604491052,0,Sunday,0,2025-01-05,Sunday,0,28
19,5.536207817485986,12.693968047466795,0,Sunday,0,2025-01-05,Sunday,0,28
12,9.709702136209973,22.638894046892137,0,Sunday,0,2025-01-05,Sunday,0,28
18,10.555964929727097,13.75558710524123,0,Sunday,0,2025-01-05,Sunday,0,28
17,26.481605897484304,62.57533091527557,0,Sunday,0,2025-01-05,Sunday,0,28
19,12.717267043279797,2.286131662978807,0,Sunday,0,2025-01-05,Sunday,0,28
18,2.8154183316146306,27.71138346293964,0,Sunday,0,2025-01-12,Sunday,0,18
9,3.9062227071314313,3.719245160687734,0,Sunday,0,2025-01-12,Sunday,0,18
12,10.250044464312268,9.992886292196589,0,Sunday,0,2025-01-12,Sunday,0,18
3,10.745988039172182,34.21365482215771,0,Sunday,0,2025-01-12,Sunday,0,18
23,6.6647036921915275,9.054673049074292,0,Sunday,0,2025-01-12,Sunday,0,18
15,2.2212704778637518,1.9935068664130018,0,Sunday,0,2025-01-12,Sunday,0,18
20,19.949717008292186,19.678853503090384,0,Sunday,0,2025-01-12,Sunday,0,18
18,19.517843339170813,24.632968293810517,0,Sunday,0,2025-01-12,Sunday,0,18
14,32.428028464186454,3.203160140825732,0,Sunday,0,2025-01-12,Sunday,0,18
21,14.615857237388756,5.9709475057589385,0,Sunday,0,2025-01-12,Sunday,0,18
20,3.914774127225021,12.83987907023704,0,Sunday,0,2025-01-12,Sunday,0,18
12,2.470685010792771,6.201537256963506,0,Sunday,0,2025-01-12,Sunday,0,18
19,10.53067808433861,13.744136121618244,0,Sunday,0,2025-01-12,Sunday,0,18
21,6.0794706692247775,13.727804319040995,0,Sunday,0,2025-01-12,Sunday,0,18
18,11.900969736334623,8.734722927338861,0,Sunday,0,2025-01-12,Sunday,0,18
21,15.262289957808566,13.491980729725302,0,Sunday,0,2025-01-12,Sunday,0,18
0,57.61696221009834,37.439499813833365,0,Sunday,0,2025-01-12,Sunday,0,18
13,19.320546624551536,8.905528945140944,0,Sunday,0,2025-01-12,Sunday,0,18
20,9.986499426332331,22.216243787880693,0,Sunday,0,2025-01-19,Sunday,0,18
21,13.830919961229569,16.18933314278995,0,Sunday,0,2025-01-19,Sunday,0,18
15,6.716318971307714,15.539162003242572,0,Sunday,0,2025-01-19,Sunday,0,18
20,11.836094669024884,4.195025534560485,0,Sunday,0,2025-01-19,Sunday,0,18
18,14.69261574315546,5.731254257687058,0,Sunday,0,2025-01-19,Sunday,0,18
14,12.645591622076278,9.803529648065194,0,Sunday,0,2025-01-19,Sunday,0,18
15,16.436692758563197,8.307395481305603,0,Sunday,0,2025-01-19,Sunday,0,18
10,15.018951740568632,6.154458023853886,0,Sunday,0,2025-01-19,Sunday,0,18
18,6.913288954580233,40.387372198262625,0,Sunday,0,2025-01-19,Sunday,0,18
11,4.401648616195251,5.519064298327765,0,Sunday,0,2025-01-19,Sunday,0,18
21,11.704748962078291,5.537447054873656,0,Sunday,0,2025-01-19,Sunday,0,18
0,12.077142669170726,23.533189073700473,0,Sunday,0,2025-01-19,Sunday,0,18
23,7.322321549393445,10.01270983475606,0,Sunday,0,2025-01-19,Sunday,0,18
20,17.97249249032066,23.20708825554254,0,Sunday,0,2025-01-19,Sunday,0,18
16,17.024344881986185,6.393556247482748,0,Sunday,0,2025-01-19,Sunday,0,18
21,13.914890856071388,19.78407464839394,0,Sunday,0,2025-01-19,Sunday,0,18
20,11.17369341973059,19.085170590473968,0,Sunday,0,2025-01-19,Sunday,0,18
23,8.865660462385039,25.578068241532723,0,Sunday,0,2025-01-19,Sunday,0,18
10,11.470028576491913,4.966657719008603,0,Sunday,0,2025-01-26,Sunday,0,19
19,3.1891975747147425,6.591089261847007,0,Sunday,0,2025-01-26,Sunday,0,19
18,25.039022876320352,16.696541579505087,0,Sunday,0,2025-01-26,Sunday,0,19
19,10.691208686399872,4.048540375716971,0,Sunday,0,2025-01-26,Sunday,0,19
15,2.332227597467673,14.037119356835971,0,Sunday,0,2025-01-26,Sunday,0,19
17,10.517726102748156,22.014183304438156,0,Sunday,0,2025-01-26,Sunday,0,19
16,11.614664509154569,6.198424033705569,0,Sunday,0,2025-01-26,Sunday,0,19
23,8.135698094503955,24.344363596892233,0,Sunday,0,2025-01-26,Sunday,0,19
0,17.681153284258848,31.021683129950794,0,Sunday,0,2025-01-26,Sunday,0,19
23,15.320185783833654,22.919980342488866,0,Sunday,0,2025-01-26,Sunday,0,19
22,10.009385179953558,10.874171671722905,0,Sunday,0,2025-01-26,Sunday,0,19
21,4.847024924082014,29.964101230180255,0,Sunday,0,2025-01-26,Sunday,0,19
17,14.146629807372083,4.446332925142104,0,Sunday,0,2025-01-26,Sunday,0,19
18,15.38624292133279,5.489438534686469,0,Sunday,0,2025-01-26,Sunday,0,19
17,38.819769054663304,7.120896936458036,0,Sunday,0,2025-01-26,Sunday,0,19
12,2.377639295890003,1.7665307147777571,0,Sunday,0,2025-01-26,Sunday,0,19
14,3.8795739715359026,3.153927499472543,0,Sunday,0,2025-01-26,Sunday,0,19
22,8.57895382568083,31.45615140304149,0,Sunday,0,2025-01-26,Sunday,0,19
16,2.139421414956097,2.1752021304987172,0,Sunday,0,2025-01-26,Sunday,0,19
17,14.094600261533607,14.616890527785541,0,Sunday,0,2025-02-02,Sunday,0,24
16,2.3675229769336528,2.9750337052388556,0,Sunday,0,2025-02-02,Sunday,0,24
20,48.686470894191956,7.293030747663835,0,Sunday,0,2025-02-02,Sunday,0,24
19,10.807303910598915,9.449181474781469,0,Sunday,0,2025-02-02,Sunday,0,24
17,14.247132673687531,12.291035368355814,0,Sunday,0,2025-02-02,Sunday,0,24
22,9.163672420978529,2.421120081682065,0,Sunday,0,2025-02-02,Sunday,0,24
20,15.990198569022983,14.87660033197961,0,Sunday,0,2025-02-02,Sunday,0,24
23,8.148576573386864,25.563011279118644,0,Sunday,0,2025-02-02,Sunday,0,24
16,8.875669592768421,14.164543269442575,0,Sunday,0,2025-02-02,Sunday,0,24
20,11.291307589454323,29.848404006996894,0,Sunday,0,2025-02-02,Sunday,0,24
8,6.235370216591725,9.8872881012948,0,Sunday,0,2025-02-02,Sunday,0,24
14,19.22391692860524,7.980637850400266,0,Sunday,0,2025-02-02,Sunday,0,24
13,3.587549715891467,10.430301762217528,0,Sunday,0,2025-02-02,Sunday,0,24
19,33.54551224561179,58.71437498880533,0,Sunday,0,2025-02-02,Sunday,0,24
22,5.845395111995618,11.799240156497925,0,Sunday,0,2025-02-02,Sunday,0,24
19,11.987793097736795,6.9123007437444235,0,Sunday,0,2025-02-02,Sunday,0,24
17,18.42828057499158,7.099042257419265,0,Sunday,0,2025-02-02,Sunday,0,24
21,9.744928379520754,10.91409446771049,0,Sunday,0,2025-02-02,Sunday,0,24
11,11.494412180098042,7.223493200421438,0,Sunday,0,2025-02-02,Sunday,0,24
17,16.27605600060842,2.4884030059546935,0,Sunday,0,2025-02-02,Sunday,0,24
18,19.58590454702139,12.715651935735956,0,Sunday,0,2025-02-02,Sunday,0,24
11,3.47997829979759,3.6379445319684924,0,Sunday,0,2025-02-02,Sunday,0,24
13,7.58647125258576,25.64108180585528,0,Sunday,0,2025-02-02,Sunday,0,24
21,13.396033757159604,4.434711785963602,0,Sunday,0,2025-02-02,Sunday,0,24
23,9.349296459359078,6.716795341423181,0,Sunday,0,2025-02-09,Sunday,0,24
19,12.934432478567572,15.027751740738251,0,Sunday,0,2025-02-09,Sunday,0,24
16,20.869638452349385,6.970965653906678,0,Sunday,0,2025-02-09,Sunday,0,24
1,20.72543830469539,1.5040757226659096,0,Sunday,0,2025-02-09,Sunday,0,24
17,16.672394824084904,20.652994799840588,0,Sunday,0,2025-02-09,Sunday,0,24
19,6.125857011513029,20.098201595157946,0,Sunday,0,2025-02-09,Sunday,0,24
6,22.208726843799734,19.50834333900689,0,Sunday,0,2025-02-09,Sunday,0,24
0,10.591779068877173,4.457629226782164,0,Sunday,0,2025-02-09,Sunday,0,24
17,24.783814308147306,10.688979075246316,0,Sunday,0,2025-02-09,Sunday,0,24
18,12.689247787005062,8.682154808301803,0,Sunday,0,2025-02-09,Sunday,0,24
15,2.2545863298565245,4.9998900163115625,0,Sunday,0,2025-02-09,Sunday,0,24
19,10.459460577615939,6.836798787487291,0,Sunday,0,2025-02-09,Sunday,0,24
17,4.282416530671233,4.02627883014517,0,Sunday,0,2025-02-09,Sunday,0,24
19,4.3015466275120104,8.94900498646089,0,Sunday,0,2025-02-09,Sunday,0,24
20,22.0653285895087,6.172678414814197,0,Sunday,0,2025-02-09,Sunday,0,24
17,15.39894838670201,8.35341377453935,0,Sunday,0,2025-02-09,Sunday,0,24
11,3.6443340799069714,11.232234137245152,0,Sunday,0,2025-02-09,Sunday,0,24
3,2.198638175542282,8.55441467654089,0,Sunday,0,2025-02-09,Sunday,0,24
19,10.506136818094493,15.276111619209793,0,Sunday,0,2025-02-09,Sunday,0,24
14,3.84786184254014,3.5142833801933104,0,Sunday,0,2025-02-09,Sunday,0,24
22,4.9414523247818,17.768168250411563,0,Sunday,0,2025-02-09,Sunday,0,24
23,5.466909569005912,6.100692467689967,0,Sunday,0,2025-02-09,Sunday,0,24
18,20.09635616695829,19.904770080492007,0,Sunday,0,2025-02-09,Sunday,0,24
10,3.9269255474235356,10.305128569979399,0,Sunday,0,2025-02-09,Sunday,0,24
18,21.7782848925839,59.68305506031146,0,Sunday,0,2025-02-16,Sunday,0,13
21,13.00219144236749,21.133829342080187,0,Sunday,0,2025-02-16,Sunday,0,13
18,16.566070592248987,12.972332941584229,0,Sunday,0,2025-02-16,Sunday,0,13
23,6.85156867522923,8.37137662852147,0,Sunday,0,2025-02-16,Sunday,0,13
22,22.72348994583421,22.9526338163122,0,Sunday,0,2025-02-16,Sunday,0,13
17,10.473512764188442,5.934287729313039,0,Sunday,0,2025-02-16,Sunday,0,13
21,4.628129114122027,7.353305254531269,0,Sunday,0,2025-02-16,Sunday,0,13
11,3.34189641551118,9.221503316270956,0,Sunday,0,2025-02-16,Sunday,0,13
15,5.108620001009785,12.37421720188256,0,Sunday,0,2025-02-16,Sunday,0,13
17,8.837209264496497,9.591265675553446,0,Sunday,0,2025-02-16,Sunday,0,13
17,18.868313557765124,12.42579803974032,0,Sunday,0,2025-02-16,Sunday,0,13
20,13.284214694136033,39.85271029448803,0,Sunday,0,2025-02-16,Sunday,0,13
18,10.598130917019073,7.63594478365868,0,Sunday,0,2025-02-16,Sunday,0,13
21,14.905498418230039,10.51248308358773,0,Sunday,0,2025-02-23,Sunday,0,26
20,15.392342161367676,3.840212614234474,0,Sunday,0,2025-02-23,Sunday,0,26
5,7.267102161657044,10.100452961811024,0,Sunday,0,2025-02-23,Sunday,0,26
1,29.51601517505347,18.344376577165853,0,Sunday,0,2025-02-23,Sunday,0,26
8,47.83700763151059,17.36784107276146,0,Sunday,0,2025-02-23,Sunday,0,26
15,3.411422044647547,14.761677369551325,0,Sunday,0,2025-02-23,Sunday,0,26
22,3.5432002508929177,10.998908134983502,0,Sunday,0,2025-02-23,Sunday,0,26
20,8.96706262806229,10.066879261907884,0,Sunday,0,2025-02-23,Sunday,0,26
18,23.96428827326619,44.30166800176335,0,Sunday,0,2025-02-23,Sunday,0,26
23,5.402723085349305,14.763303753767014,0,Sunday,0,2025-02-23,Sunday,0,26
20,12.34408572044963,11.570854946518665,0,Sunday,0,2025-02-23,Sunday,0,26
20,13.20115764743936,28.104409726739544,0,Sunday,0,2025-02-23,Sunday,0,26
13,3.212454318686075,11.220003989458192,0,Sunday,0,2025-02-23,Sunday,0,26
22,11.953922328777686,41.22371763970705,0,Sunday,0,2025-02-23,Sunday,0,26
17,13.028221258606248,12.529058072547164,0,Sunday,0,2025-02-23,Sunday,0,26
23,6.807537836703253,2.773756809580452,0,Sunday,0,2025-02-23,Sunday,0,26
21,9.176691764120303,5.247407756821728,0,Sunday,0,2025-02-23,Sunday,0,26
16,12.566961128476844,14.355973980246013,0,Sunday,0,2025-02-23,Sunday,0,26
16,21.378989176926982,4.800701768673695,0,Sunday,0,2025-02-23,Sunday,0,26
17,4.977872278306252,20.935222635284994,0,Sunday,0,2025-02-23,Sunday,0,26
16,20.5711300987944,31.649747960722397,0,Sunday,0,2025-02-23,Sunday,0,26
18,15.421629861608121,7.257220701308572,0,Sunday,0,2025-02-23,Sunday,0,26
0,4.8868206207993286,26.400698595437643,0,Sunday,0,2025-02-23,Sunday,0,26
14,2.236917372686241,9.138478530107662,0,Sunday,0,2025-02-23,Sunday,0,26
17,15.035732613763809,26.05261224748887,0,Sunday,0,2025-02-23,Sunday,0,26
19,9.033925688783402,16.575997937680143,0,Sunday,0,2025-02-23,Sunday,0,26
4,9.980224722289606,11.12130631907205,0,Sunday,0,2025-03-02,Sunday,0,18
17,14.255646122045732,3.265149439499843,0,Sunday,0,2025-03-02,Sunday,0,18
2,15.103399379481015,42.83741823885052,0,Sunday,0,2025-03-02,Sunday,0,18
21,14.295444020253733,13.81425988673011,0,Sunday,0,2025-03-02,Sunday,0,18
12,2.2219761011120793,8.250674415421713,0,Sunday,0,2025-03-02,Sunday,0,18
17,8.532101661081672,25.997048294551593,0,Sunday,0,2025-03-02,Sunday,0,18
0,9.04184934663802,24.095310802442256,0,Sunday,0,2025-03-02,Sunday,0,18
15,4.737681129517555,8.529376845209944,0,Sunday,0,2025-03-02,Sunday,0,18
21,12.041261428556169,26.042808843782637,0,Sunday,0,2025-03-02,Sunday,0,18
22,10.09369021224856,20.81451274851327,0,Sunday,0,2025-03-02,Sunday,0,18
16,21.14733307933491,33.45469515543056,0,Sunday,0,2025-03-02,Sunday,0,18
0,16.16796422969369,12.852704957525413,0,Sunday,0,2025-03-02,Sunday,0,18
19,13.377030253289725,13.947642644272062,0,Sunday,0,2025-03-02,Sunday,0,18
17,14.24772172970572,7.181210010359555,0,Sunday,0,2025-03-02,Sunday,0,18
22,12.272786578611928,5.100167429862838,0,Sunday,0,2025-03-02,Sunday,0,18
20,14.506509880751153,6.462673910596625,0,Sunday,0,2025-03-02,Sunday,0,18
5,18.30887815447286,4.257292497504928,0,Sunday,0,2025-03-02,Sunday,0,18
16,10.016044854493124,10.916165188923593,0,Sunday,0,2025-03-02,Sunday,0,18
15,4.548754190716352,6.0512883019122,0,Sunday,0,2025-03-09,Sunday,0,22
16,2.9095278530296667,17.12301904049746,0,Sunday,0,2025-03-09,Sunday,0,22
17,5.691284741883173,7.602766665305119,0,Sunday,0,2025-03-09,Sunday,0,22
21,11.106531393905634,28.28511760625562,0,Sunday,0,2025-03-09,Sunday,0,22
15,6.255478692243995,8.615001087313509,0,Sunday,0,2025-03-09,Sunday,0,22
20,12.773182409693856,6.267181774694844,0,Sunday,0,2025-03-09,Sunday,0,22
3,11.982487517729943,18.36529989353481,0,Sunday,0,2025-03-09,Sunday,0,22
21,8.014402029884568,25.30256407070591,0,Sunday,0,2025-03-09,Sunday,0,22
19,11.543469495212005,5.934444748047114,0,Sunday,0,2025-03-09,Sunday,0,22
0,16.737035607482188,36.18227891288993,0,Sunday,0,2025-03-09,Sunday,0,22
22,9.181447829074502,6.985849613628491,0,Sunday,0,2025-03-09,Sunday,0,22
17,15.833780897768563,12.441141814463691,0,Sunday,0,2025-03-09,Sunday,0,22
18,11.24080696255636,4.8624429677940775,0,Sunday,0,2025-03-09,Sunday,0,22
19,15.774307988255412,9.54448026137146,0,Sunday,0,2025-03-09,Sunday,0,22
19,12.369761422545512,4.887740858262635,0,Sunday,0,2025-03-09,Sunday,0,22
20,17.611039373235837,26.242436995183112,0,Sunday,0,2025-03-09,Sunday,0,22
17,2.9564302616243023,4.991297969194334,0,Sunday,0,2025-03-09,Sunday,0,22
17,9.302895381991018,14.70005868163775,0,Sunday,0,2025-03-09,Sunday,0,22
17,13.411181904719403,5.264318990222376,0,Sunday,0,2025-03-09,Sunday,0,22
20,15.176000394928412,7.594481558131351,0,Sunday,0,2025-03-09,Sunday,0,22
11,8.865424125206225,9.182989957498274,0,Sunday,0,2025-03-09,Sunday,0,22
17,14.7267844318011,5.6994605847496835,0,Sunday,0,2025-03-09,Sunday,0,22
17,13.788025236397477,34.360069695068226,0,Sunday,0,2025-03-16,Sunday,0,11
14,4.512239677235188,11.298084340811378,0,Sunday,0,2025-03-16,Sunday,0,11
9,3.7714271465828766,15.712719806138217,0,Sunday,0,2025-03-16,Sunday,0,11
22,7.241012708962837,4.354306012511206,0,Sunday,0,2025-03-16,Sunday,0,11
21,14.167407908443732,26.313261228975232,0,Sunday,0,2025-03-16,Sunday,0,11
19,12.50611874712439,4.075585661057014,0,Sunday,0,2025-03-16,Sunday,0,11
0,3.0396508658543553,9.947908377464262,0,Sunday,0,2025-03-16,Sunday,0,11
16,6.638132476823554,17.934531098701274,0,Sunday,0,2025-03-16,Sunday,0,11
21,9.859016793251634,11.805016531907416,0,Sunday,0,2025-03-16,Sunday,0,11
16,2.8756338612831787,5.396396028586674,0,Sunday,0,2025-03-16,Sunday,0,11
17,4.991261441039593,3.491065070429647,0,Sunday,0,2025-03-16,Sunday,0,11
15,20.65163715173519,4.614090976015383,0,Sunday,0,2025-12-28,Sunday,0,18
0,39.30243885767453,9.875808785535217,0,Sunday,0,2025-12-28,Sunday,0,18
22,8.676109684456895,9.654234532956387,0,Sunday,0,2025-12-28,Sunday,0,18
21,13.198456446475667,16.501226728175904,0,Sunday,0,2025-12-28,Sunday,0,18
17,10.340850608162075,19.150827990871612,0,Sunday,0,2025-12-28,Sunday,0,18
13,29.54510959276342,3.265646619020189,0,Sunday,0,2025-12-28,Sunday,0,18
15,7.466639809011981,3.362413192233464,0,Sunday,0,2025-12-28,Sunday,0,18
17,14.909946466042939,3.866273722477027,0,Sunday,0,2025-12-28,Sunday,0,18
16,8.016271825611096,17.500952581633452,0,Sunday,0,2025-12-28,Sunday,0,18
14,7.134317910532057,7.829325344669607,0,Sunday,0,2025-12-28,Sunday,0,18
16,12.827276341111219,16.750180389361816,0,Sunday,0,2025-12-28,Sunday,0,18
17,15.978691745387913,29.0945005345589,0,Sunday,0,2025-12-28,Sunday,0,18
20,18.972606092693646,31.71562045821051,0,Sunday,0,2025-12-28,Sunday,0,18
15,17.551715114244853,9.128666436443533,0,Sunday,0,2025-12-28,Sunday,0,18
13,26.305050923255923,22.643721258472755,0,Sunday,0,2025-12-28,Sunday,0,18
0,10.560500108090697,15.484148691446405,0,Sunday,0,2025-12-28,Sunday,0,18
19,9.208848126016527,6.307340738770236,0,Sunday,0,2025-12-28,Sunday,0,18
17,2.842978264381693,4.993933380717139,0,Sunday,0,2025-12-28,Sunday,0,18
15,30.495311232011247,15.454986464548764,1,Friday,0,2025-03-21,Friday,1,19
22,10.271049392634641,13.414546201325141,1,Friday,0,2025-03-21,Friday,1,19
23,11.272418080542064,16.995646832783738,1,Friday,0,2025-03-21,Friday,1,19
13,5.2279943105557685,3.302048742291074,1,Friday,0,2025-03-21,Friday,1,19
23,13.830697831429067,3.5571474357198127,1,Friday,0,2025-03-21,Friday,1,19
23,13.895349419909031,10.860449358308559,1,Friday,0,2025-03-21,Friday,1,19
19,2.4583004474770562,7.282325944131378,1,Friday,0,2025-03-21,Friday,1,19
12,4.109872691511072,6.584045495999315,1,Friday,0,2025-03-21,Friday,1,19
20,16.65679939580887,30.169112378427467,1,Friday,0,2025-03-21,Friday,1,19
17,20.063855381277293,21.077677072997588,1,Friday,0,2025-03-21,Friday,1,19
20,13.145765251062368,10.587909809890464,1,Friday,0,2025-03-21,Friday,1,19
16,5.7051091384526815,4.716812553745085,1,Friday,0,2025-03-21,Friday,1,19
16,25.5704310422115,4.123070649185785,1,Friday,0,2025-03-21,Friday,1,19
19,5.964600637145965,9.261046671358006,1,Friday,0,2025-03-21,Friday,1,19
22,11.393892003985389,4.246739170259055,1,Friday,0,2025-03-21,Friday,1,19
23,13.29946178029573,9.443117885371008,1,Friday,0,2025-03-21,Friday,1,19
22,14.210087149768949,25.672143643400087,1,Friday,0,2025-03-21,Friday,1,19
19,15.473961742776925,11.589470833989731,1,Friday,0,2025-03-21,Friday,1,19
14,8.7371421441922,23.490082158422876,1,Friday,0,2025-03-21,Friday,1,19
20,17.587403777501724,50.020149345942,1,Friday,0,2025-03-28,Friday,1,11
11,16.892341899059048,38.02914396544781,1,Friday,0,2025-03-28,Friday,1,11
15,10.815122554961793,13.759801628809093,1,Friday,0,2025-03-28,Friday,1,11
9,14.127918518341275,11.5868302141823,1,Friday,0,2025-03-28,Friday,1,11
18,25.260415717108284,10.996133541132687,1,Friday,0,2025-03-28,Friday,1,11
10,15.988605341464847,22.698695383000274,1,Friday,0,2025-03-28,Friday,1,11
23,12.43412624404283,34.64883913177583,1,Friday,0,2025-03-28,Friday,1,11
21,16.831727724466145,34.24712784908651,1,Friday,0,2025-03-28,Friday,1,11
16,4.915482730674146,10.404166757417132,1,Friday,0,2025-03-28,Friday,1,11
19,11.499786174507747,16.89848149898593,1,Friday,0,2025-03-28,Friday,1,11
23,11.290759202624908,39.015347611126444,1,Friday,0,2025-03-28,Friday,1,11
23,9.568736218076253,16.322796764766295,1,Friday,0,2025-04-04,Friday,1,14
17,6.187977004027834,19.382363374912806,1,Friday,0,2025-04-04,Friday,1,14
19,16.421707792742797,7.60567504993636,1,Friday,0,2025-04-04,Friday,1,14
13,3.78594262531895,6.756614736545537,1,Friday,0,2025-04-04,Friday,1,14
18,25.936935946292923,12.230887074362279,1,Friday,0,2025-04-04,Friday,1,14
0,13.971562148739853,9.12401556469822,1,Friday,0,2025-04-04,Friday,1,14
21,7.9272744084768405,10.713553261824908,1,Friday,0,2025-04-04,Friday,1,14
23,55.984576102373836,9.592420496801198,1,Friday,0,2025-04-04,Friday,1,14
23,17.671458553830345,5.7219412868756745,1,Friday,0,2025-04-04,Friday,1,14
20,4.890659848564912,2.0224927637066727,1,Friday,0,2025-04-04,Friday,1,14
21,11.067771907254201,5.04385788323591,1,Friday,0,2025-04-04,Friday,1,14
17,9.044023516855102,24.75949013216965,1,Friday,0,2025-04-04,Friday,1,14
19,4.017967400633724,15.020671267209778,1,Friday,0,2025-04-04,Friday,1,14
15,21.008930577621896,1.1781923686832891,1,Friday,0,2025-04-04,Friday,1,14
19,16.210911133820467,12.500285435835787,1,Friday,0,2025-04-11,Friday,1,16
5,3.869657225997346,4.581569141582784,1,Friday,0,2025-04-11,Friday,1,16
17,2.1829973769685953,7.6302883111944295,1,Friday,0,2025-04-11,Friday,1,16
20,10.00512215323063,29.16176859192982,1,Friday,0,2025-04-11,Friday,1,16
14,7.779987874155328,1.2530321909287685,1,Friday,0,2025-04-11,Friday,1,16
18,28.04424630253458,6.181179983951433,1,Friday,0,2025-04-11,Friday,1,16
16,4.150633161861736,5.720363707535208,1,Friday,0,2025-04-11,Friday,1,16
19,4.905776902698825,6.672053791126797,1,Friday,0,2025-04-11,Friday,1,16
20,8.23509595508586,28.59614617499774,1,Friday,0,2025-04-11,Friday,1,16
20,16.759626133291405,13.10931749350377,1,Friday,0,2025-04-11,Friday,1,16
16,6.841653437309456,66.71792400471959,1,Friday,0,2025-04-11,Friday,1,16
16,13.464526236185797,2.0053484215345563,1,Friday,0,2025-04-11,Friday,1,16
0,6.6924526277228695,15.318231656387438,1,Friday,0,2025-04-11,Friday,1,16
14,21.669774531077373,5.637271340549204,1,Friday,0,2025-04-11,Friday,1,16
22,4.02499790294184,5.400795537834981,1,Friday,0,2025-04-11,Friday,1,16
19,11.794891842373751,30.99952789202463,1,Friday,0,2025-04-11,Friday,1,16
8,4.099494233122938,17.950805330775243,1,Friday,0,2025-04-18,Friday,1,10
18,23.373965471055204,6.486609149409749,1,Friday,0,2025-04-18,Friday,1,10
16,17.168741585048465,49.628345977538565,1,Friday,0,2025-04-18,Friday,1,10
18,3.452385945671634,38.79067064030601,1,Friday,0,2025-04-18,Friday,1,10
18,13.110483614962845,23.180722041965595,1,Friday,0,2025-04-18,Friday,1,10
12,2.247298146964804,3.8768824814818474,1,Friday,0,2025-04-18,Friday,1,10
18,15.868109638288324,4.879148779155531,1,Friday,0,2025-04-18,Friday,1,10
16,5.556973848537643,14.889315890186893,1,Friday,0,2025-04-18,Friday,1,10
19,7.6015786053690215,2.621754472684275,1,Friday,0,2025-04-18,Friday,1,10
18,2.2041775893133857,5.083221626966822,1,Friday,0,2025-04-18,Friday,1,10
23,8.730395645237541,25.25833592170324,1,Friday,0,2025-04-25,Friday,1,21
19,14.221259658516605,3.278605207754694,1,Friday,0,2025-04-25,Friday,1,21
19,99.49281087654306,36.95329740783778,1,Friday,0,2025-04-25,Friday,1,21
13,11.418648895245855,4.474864579898256,1,Friday,0,2025-04-25,Friday,1,21
15,18.7851674853987,19.64501996756624,1,Friday,0,2025-04-25,Friday,1,21
17,13.622549301537997,45.21848847555922,1,Friday,0,2025-04-25,Friday,1,21
22,12.67929150557821,17.866676450949043,1,Friday,0,2025-04-25,Friday,1,21
19,5.41662663876111,24.131311502915455,1,Friday,0,2025-04-25,Friday,1,21
22,15.548715485057539,3.9826102623266566,1,Friday,0,2025-04-25,Friday,1,21
15,36.552314387128355,22.32010182625752,1,Friday,0,2025-04-25,Friday,1,21
13,119.9167001192093,0.880124571153708,1,Friday,0,2025-04-25,Friday,1,21
20,9.915600902268391,5.77402660528322,1,Friday,0,2025-04-25,Friday,1,21
21,5.578761579895891,11.895553184888245,1,Friday,0,2025-04-25,Friday,1,21
19,3.3809962120330486,4.730075880143315,1,Friday,0,2025-04-25,Friday,1,21
16,22.782766489726992,1.0715457208034587,1,Friday,0,2025-04-25,Friday,1,21
23,6.417534505205879,14.424204914635913,1,Friday,0,2025-04-25,Friday,1,21
22,22.28369350118802,12.47844688155679,1,Friday,0,2025-04-25,Friday,1,21
16,2.5720912955031765,7.266424251471887,1,Friday,0,2025-04-25,Friday,1,21
23,10.86167007436477,49.02029922839873,1,Friday,0,2025-04-25,Friday,1,21
19,23.44583890722726,5.535872894841193,1,Friday,0,2025-04-25,Friday,1,21
19,2.9181629932066566,6.872551231036568,1,Friday,0,2025-04-25,Friday,1,21
19,14.688144047229454,4.870128783283211,1,Friday,0,2025-05-02,Friday,1,24
12,33.34368700045765,49.38900108041659,1,Friday,0,2025-05-02,Friday,1,24
8,8.251294074798329,1.2110355802248272,1,Friday,0,2025-05-02,Friday,1,24
12,14.194368279358507,12.470000839282074,1,Friday,0,2025-05-02,Friday,1,24
21,12.513498497911208,9.966207344268124,1,Friday,0,2025-05-02,Friday,1,24
18,16.56796848529652,5.410246200922706,1,Friday,0,2025-05-02,Friday,1,24
20,10.462831349771271,10.160049629837927,1,Friday,0,2025-05-02,Friday,1,24
13,11.612752638329887,7.484480897956845,1,Friday,0,2025-05-02,Friday,1,24
17,35.80107976953177,6.621116735719639,1,Friday,0,2025-05-02,Friday,1,24
6,12.226903016783037,17.405665747946472,1,Friday,0,2025-05-02,Friday,1,24
18,16.861443043750132,41.37037619233307,1,Friday,0,2025-05-02,Friday,1,24
22,17.926634469718547,40.47676938768685,1,Friday,0,2025-05-02,Friday,1,24
18,16.97537449625447,12.025415707773034,1,Friday,0,2025-05-02,Friday,1,24
15,12.850543924087717,20.489069169082963,1,Friday,0,2025-05-02,Friday,1,24
18,6.0630769303024685,3.94262114863331,1,Friday,0,2025-05-02,Friday,1,24
5,5.496404320587682,2.6820513882327965,1,Friday,0,2025-05-02,Friday,1,24
17,23.559498497195097,7.089645408319611,1,Friday,0,2025-05-02,Friday,1,24
16,8.839870865250386,12.767080957806725,1,Friday,0,2025-05-02,Friday,1,24
19,16.24477870033928,24.03967151608046,1,Friday,0,2025-05-02,Friday,1,24
19,13.019711047012468,10.946528021168222,1,Friday,0,2025-05-02,Friday,1,24
23,12.786020458807275,15.303762199944407,1,Friday,0,2025-05-02,Friday,1,24
22,11.261958246904513,46.92248067434658,1,Friday,0,2025-05-02,Friday,1,24
22,15.217567939210458,19.565132678116857,1,Friday,0,2025-05-02,Friday,1,24
4,3.381364722846177,3.473326947413182,1,Friday,0,2025-05-02,Friday,1,24
14,10.327461513403705,5.3385264986679415,1,Friday,0,2025-05-09,Friday,1,10
16,10.357562205530787,10.37812236301686,1,Friday,0,2025-05-09,Friday,1,10
21,11.456056001694602,8.195500915726587,1,Friday,0,2025-05-09,Friday,1,10
22,10.92320183679217,20.937142749376267,1,Friday,0,2025-05-09,Friday,1,10
17,3.01928576869852,7.343135866549666,1,Friday,0,2025-05-09,Friday,1,10
15,10.866829241945485,6.759363445278772,1,Friday,0,2025-05-09,Friday,1,10
21,8.439362130882323,9.111194150026494,1,Friday,0,2025-05-09,Friday,1,10
17,14.929715271755956,32.92381479143822,1,Friday,0,2025-05-09,Friday,1,10
15,17.707078871795858,15.624112733897126,1,Friday,0,2025-05-09,Friday,1,10
19,17.648065039676474,9.045280920484444,1,Friday,0,2025-05-09,Friday,1,10
13,2.9156594948366816,10.049120436060674,1,Friday,0,2025-05-16,Friday,1,12
9,2.1568398472351014,2.6827105147255894,1,Friday,0,2025-05-16,Friday,1,12
21,14.624871119091853,8.113140953161189,1,Friday,0,2025-05-16,Friday,1,12
19,8.397717741785003,29.394799629627073,1,Friday,0,2025-05-16,Friday,1,12
20,3.8467485489906297,18.76031647914915,1,Friday,0,2025-05-16,Friday,1,12
21,10.563610147374977,23.180264529988197,1,Friday,0,2025-05-16,Friday,1,12
0,14.99343194955512,17.853770610928315,1,Friday,0,2025-05-16,Friday,1,12
23,8.238774128883707,5.384500438128206,1,Friday,0,2025-05-16,Friday,1,12
23,47.185883230979975,36.52054026460317,1,Friday,0,2025-05-16,Friday,1,12
22,11.970913995765155,6.559089927744221,1,Friday,0,2025-05-16,Friday,1,12
19,14.46661683285798,1.6626424580478487,1,Friday,0,2025-05-16,Friday,1,12
17,12.262276013351975,15.02759241429716,1,Friday,0,2025-05-16,Friday,1,12
12,23.182244047416617,9.086248282943735,1,Friday,0,2025-05-23,Friday,1,11
20,83.01758595425696,3.9717325888322454,1,Friday,0,2025-05-23,Friday,1,11
23,24.37242324553671,5.764884836925636,1,Friday,0,2025-05-23,Friday,1,11
18,8.318379106778885,14.518916474944207,1,Friday,0,2025-05-23,Friday,1,11
19,15.174275454651358,8.017092327047617,1,Friday,0,2025-05-23,Friday,1,11
20,2.1197090449488902,3.9762101421508937,1,Friday,0,2025-05-23,Friday,1,11
15,16.639344900258767,23.678308005198186,1,Friday,0,2025-05-23,Friday,1,11
18,18.900179333673936,18.27131777607347,1,Friday,0,2025-05-23,Friday,1,11
19,17.2085394895521,18.756934222906406,1,Friday,0,2025-05-23,Friday,1,11
20,15.13190179757331,11.645096011250505,1,Friday,0,2025-05-23,Friday,1,11
14,33.051108724823926,10.521676883199289,1,Friday,0,2025-05-23,Friday,1,11
21,18.332412051399082,23.703450520295732,1,Friday,0,2025-05-30,Friday,1,16
19,6.36250105715865,15.572870909142178,1,Friday,0,2025-05-30,Friday,1,16
17,14.405733933976812,6.475983622180532,1,Friday,0,2025-05-30,Friday,1,16
19,14.289088723710059,38.08023888830079,1,Friday,0,2025-05-30,Friday,1,16
23,10.553664612789113,28.740157188421872,1,Friday,0,2025-05-30,Friday,1,16
19,12.997130999373056,12.29209669509578,1,Friday,0,2025-05-30,Friday,1,16
7,7.921220087805945,7.48167120711121,1,Friday,0,2025-05-30,Friday,1,16
19,19.08904387830469,5.908491568040389,1,Friday,0,2025-05-30,Friday,1,16
13,18.05867171778583,11.513330241108818,1,Friday,0,2025-05-30,Friday,1,16
22,12.724423295458262,25.154293615846374,1,Friday,0,2025-05-30,Friday,1,16
23,10.556480465433822,5.5445884190009505,1,Friday,0,2025-05-30,Friday,1,16
16,2.469535679933604,9.095763495901663,1,Friday,0,2025-05-30,Friday,1,16
17,19.33406974682872,17.843221929670054,1,Friday,0,2025-05-30,Friday,1,16
18,12.39912575880265,17.470570323187914,1,Friday,0,2025-05-30,Friday,1,16
22,6.400698006517568,12.59807697661189,1,Friday,0,2025-05-30,Friday,1,16
17,12.706449203013406,27.4834438478534,1,Friday,0,2025-05-30,Friday,1,16
12,8.301142200906344,7.382021992158876,1,Friday,0,2025-06-06,Friday,1,18
18,16.041442212457277,24.04171116574813,1,Friday,0,2025-06-06,Friday,1,18
0,13.80918108569151,40.56955959867692,1,Friday,0,2025-06-06,Friday,1,18
22,11.893890265346883,8.15593857622158,1,Friday,0,2025-06-06,Friday,1,18
21,13.789385247647765,14.486337009623108,1,Friday,0,2025-06-06,Friday,1,18
15,16.495227806225564,10.640653996737024,1,Friday,0,2025-06-06,Friday,1,18
19,13.506494667078186,21.896172912384475,1,Friday,0,2025-06-06,Friday,1,18
19,17.04759199920267,3.789385965868237,1,Friday,0,2025-06-06,Friday,1,18
17,16.966199243380583,18.105107223575274,1,Friday,0,2025-06-06,Friday,1,18
23,12.801421068634287,11.009629851127073,1,Friday,0,2025-06-06,Friday,1,18
22,8.32889645148214,3.5424019489529694,1,Friday,0,2025-06-06,Friday,1,18
17,7.183802361230211,10.132498841160368,1,Friday,0,2025-06-06,Friday,1,18
22,10.936807429549653,9.59562674323889,1,Friday,0,2025-06-06,Friday,1,18
23,13.300787923694472,78.16415566387568,1,Friday,0,2025-06-06,Friday,1,18
21,15.18326908078998,22.086760041580998,1,Friday,0,2025-06-06,Friday,1,18
16,19.163809330727855,29.79471944733546,1,Friday,0,2025-06-06,Friday,1,18
18,13.74608263155747,43.16074789066526,1,Friday,0,2025-06-06,Friday,1,18
16,11.720631722049163,3.9835203657012777,1,Friday,0,2025-06-06,Friday,1,18
16,12.55573415427699,43.08497689920983,1,Friday,0,2025-06-13,Friday,1,17
18,11.646418200845236,20.685576892021977,1,Friday,0,2025-06-13,Friday,1,17
16,14.664883608588191,13.705597756274827,1,Friday,0,2025-06-13,Friday,1,17
20,32.794428134690214,3.3051484974712375,1,Friday,0,2025-06-13,Friday,1,17
22,10.582363138000105,14.088706009795393,1,Friday,0,2025-06-13,Friday,1,17
10,3.559792898728487,37.757983685523705,1,Friday,0,2025-06-13,Friday,1,17
17,3.784428246533668,6.854207439150131,1,Friday,0,2025-06-13,Friday,1,17
15,10.936763943712073,35.83720850215699,1,Friday,0,2025-06-13,Friday,1,17
21,7.1622817905808285,9.045986970084288,1,Friday,0,2025-06-13,Friday,1,17
15,23.955018594415957,27.482588881749926,1,Friday,0,2025-06-13,Friday,1,17
14,2.819817225664721,6.933611064612181,1,Friday,0,2025-06-13,Friday,1,17
5,6.411676293641808,6.541508862552221,1,Friday,0,2025-06-13,Friday,1,17
13,4.437246842163965,6.6473385954683835,1,Friday,0,2025-06-13,Friday,1,17
23,103.11490464568392,34.46108652638631,1,Friday,0,2025-06-13,Friday,1,17
22,7.228910060821983,20.114725813716756,1,Friday,0,2025-06-13,Friday,1,17
17,11.326999646528176,15.273825447718547,1,Friday,0,2025-06-13,Friday,1,17
15,2.2941478787609486,0.941855555046969,1,Friday,0,2025-06-13,Friday,1,17
20,20.288219988508953,23.137154932513244,1,Friday,0,2025-06-20,Friday,1,19
16,6.30763308740046,13.072015541926183,1,Friday,0,2025-06-20,Friday,1,19
22,5.598698977616623,7.623335994210637,1,Friday,0,2025-06-20,Friday,1,19
17,14.011345441373344,15.632868939190939,1,Friday,0,2025-06-20,Friday,1,19
22,3.866376086532462,27.534722374053814,1,Friday,0,2025-06-20,Friday,1,19
0,10.701560644608776,11.477448579012176,1,Friday,0,2025-06-20,Friday,1,19
23,19.58479658824352,13.53465899205467,1,Friday,0,2025-06-20,Friday,1,19
18,3.3135966882177046,20.118203996090298,1,Friday,0,2025-06-20,Friday,1,19
20,10.758536787080818,13.358116056086766,1,Friday,0,2025-06-20,Friday,1,19
21,18.331382459411877,1.3732949493801936,1,Friday,0,2025-06-20,Friday,1,19
17,17.102395426944316,4.588659628327608,1,Friday,0,2025-06-20,Friday,1,19
12,2.094762206305917,3.0452204605524065,1,Friday,0,2025-06-20,Friday,1,19
22,5.563848546914438,7.932521778387077,1,Friday,0,2025-06-20,Friday,1,19
20,11.340118810059916,19.35988285573928,1,Friday,0,2025-06-20,Friday,1,19
18,6.552548456063287,18.009625039789366,1,Friday,0,2025-06-20,Friday,1,19
9,18.386167818883564,15.147826345498531,1,Friday,0,2025-06-20,Friday,1,19
21,20.57543476110092,12.57094937645708,1,Friday,0,2025-06-20,Friday,1,19
15,4.4733293994137195,6.137096869386007,1,Friday,0,2025-06-20,Friday,1,19
10,14.928003053950302,3.6139110483369494,1,Friday,0,2025-06-20,Friday,1,19
19,16.436274183249264,3.073424907568108,1,Saturday,0,2025-03-22,Saturday,1,12
15,5.018875631443258,30.515899451291126,1,Saturday,0,2025-03-22,Saturday,1,12
17,20.11441975799049,8.999740918761107,1,Saturday,0,2025-03-22,Saturday,1,12
19,13.104399730467005,15.908917501064085,1,Saturday,0,2025-03-22,Saturday,1,12
17,18.278127536229192,16.707477452707817,1,Saturday,0,2025-03-22,Saturday,1,12
22,11.588530109953918,6.741763815376183,1,Saturday,0,2025-03-22,Saturday,1,12
21,13.470802965605568,6.910803304356671,1,Saturday,0,2025-03-22,Saturday,1,12
20,12.607313487002585,55.675143833657756,1,Saturday,0,2025-03-22,Saturday,1,12
14,3.013115583599217,8.114774386821626,1,Saturday,0,2025-03-22,Saturday,1,12
17,61.92715617719058,25.997604452962808,1,Saturday,0,2025-03-22,Saturday,1,12
23,16.984135187087073,6.895864013023869,1,Saturday,0,2025-03-22,Saturday,1,12
17,7.90126841246407,23.09465720809963,1,Saturday,0,2025-03-22,Saturday,1,12
16,26.799195673365553,1.5975669509701964,1,Saturday,0,2025-03-29,Saturday,1,6
23,3.8429274760282266,12.799523604903246,1,Saturday,0,2025-03-29,Saturday,1,6
20,23.00341580214904,2.1186172439821753,1,Saturday,0,2025-03-29,Saturday,1,6
8,10.757382733451418,16.060473636094088,1,Saturday,0,2025-03-29,Saturday,1,6
23,8.297507075648697,9.40283477473859,1,Saturday,0,2025-03-29,Saturday,1,6
18,18.527961621516564,12.05917197759943,1,Saturday,0,2025-03-29,Saturday,1,6
16,3.873768767579339,2.4730659070477534,1,Saturday,0,2025-04-05,Saturday,1,14
17,20.14683973343497,2.909439555061919,1,Saturday,0,2025-04-05,Saturday,1,14
8,9.156740426733958,5.154690918043111,1,Saturday,0,2025-04-05,Saturday,1,14
15,18.717965596413777,1.1535430627088388,1,Saturday,0,2025-04-05,Saturday,1,14
12,3.186950642192709,2.7252056260520305,1,Saturday,0,2025-04-05,Saturday,1,14
17,11.790740765533169,4.3523257458378595,1,Saturday,0,2025-04-05,Saturday,1,14
10,19.317710729848326,21.039558272184717,1,Saturday,0,2025-04-05,Saturday,1,14
16,10.89167361096349,10.558229126183964,1,Saturday,0,2025-04-05,Saturday,1,14
12,22.05664284122443,14.406107546855447,1,Saturday,0,2025-04-05,Saturday,1,14
15,2.647848688447739,4.737913271352419,1,Saturday,0,2025-04-05,Saturday,1,14
21,9.779390215939557,15.86562044034482,1,Saturday,0,2025-04-05,Saturday,1,14
20,20.474880943284056,3.674293498383113,1,Saturday,0,2025-04-05,Saturday,1,14
19,14.831211070067845,4.359884736057546,1,Saturday,0,2025-04-05,Saturday,1,14
19,5.410943187258078,27.862267599081193,1,Saturday,0,2025-04-05,Saturday,1,14
0,8.13239362262902,6.161504406260945,1,Saturday,0,2025-04-12,Saturday,1,17
14,19.060496483931015,12.364727970597846,1,Saturday,0,2025-04-12,Saturday,1,17
20,18.215405956881504,32.93284906737942,1,Saturday,0,2025-04-12,Saturday,1,17
20,19.41616184710122,5.813968255892211,1,Saturday,0,2025-04-12,Saturday,1,17
1,16.8227503116484,7.297602675634605,1,Saturday,0,2025-04-12,Saturday,1,17
17,3.3293450549100814,11.322471342869203,1,Saturday,0,2025-04-12,Saturday,1,17
21,11.218586824582008,5.456741678664843,1,Saturday,0,2025-04-12,Saturday,1,17
12,9.750334309251084,36.808122279646135,1,Saturday,0,2025-04-12,Saturday,1,17
15,2.4058557404416825,3.048426475732671,1,Saturday,0,2025-04-12,Saturday,1,17
18,15.841866969933807,5.265358546071347,1,Saturday,0,2025-04-12,Saturday,1,17
4,17.45671260079232,8.020419220460386,1,Saturday,0,2025-04-12,Saturday,1,17
14,2.3461198428129157,26.745329285745225,1,Saturday,0,2025-04-12,Saturday,1,17
21,14.345122551514716,11.323534152478716,1,Saturday,0,2025-04-12,Saturday,1,17
12,2.172365434677411,11.65924004715298,1,Saturday,0,2025-04-12,Saturday,1,17
22,4.349916341775723,3.7928383043891616,1,Saturday,0,2025-04-12,Saturday,1,17
20,21.010119189899847,15.281292928218297,1,Saturday,0,2025-04-12,Saturday,1,17
17,16.0074804322349,5.655404151534644,1,Saturday,0,2025-04-12,Saturday,1,17
16,36.475900334235575,3.6269729308887397,1,Saturday,0,2025-04-19,Saturday,1,14
12,16.309809772428228,11.032872483792973,1,Saturday,0,2025-04-19,Saturday,1,14
22,13.78991431189985,29.762679303582967,1,Saturday,0,2025-04-19,Saturday,1,14
3,9.735599739650757,11.151429269523048,1,Saturday,0,2025-04-19,Saturday,1,14
14,17.29964782538627,7.202834909777741,1,Saturday,0,2025-04-19,Saturday,1,14
22,17.2989806133758,1.342701495511133,1,Saturday,0,2025-04-19,Saturday,1,14
20,7.086578276083517,22.823143779035547,1,Saturday,0,2025-04-19,Saturday,1,14
17,6.134160691805751,23.459516859814087,1,Saturday,0,2025-04-19,Saturday,1,14
23,14.428114667443865,11.757740544364273,1,Saturday,0,2025-04-19,Saturday,1,14
14,6.818246046452579,1.8784756246862893,1,Saturday,0,2025-04-19,Saturday,1,14
17,3.973737659287534,3.4801061888717575,1,Saturday,0,2025-04-19,Saturday,1,14
20,12.598311055290196,52.81519120515875,1,Saturday,0,2025-04-19,Saturday,1,14
23,13.2531345329132,29.642104513479058,1,Saturday,0,2025-04-19,Saturday,1,14
9,3.915576616795873,10.346102165416696,1,Saturday,0,2025-04-19,Saturday,1,14
19,18.116905814458477,12.317800468424359,1,Saturday,0,2025-04-26,Saturday,1,16
13,51.56483168790303,27.591434666083785,1,Saturday,0,2025-04-26,Saturday,1,16
18,38.075849485066875,10.667288642963577,1,Saturday,0,2025-04-26,Saturday,1,16
22,4.456530015134291,20.29629493846751,1,Saturday,0,2025-04-26,Saturday,1,16
1,4.575727474008612,6.785710807820136,1,Saturday,0,2025-04-26,Saturday,1,16
23,9.80098848505398,19.559882817295236,1,Saturday,0,2025-04-26,Saturday,1,16
17,13.815698514079909,8.027133616641516,1,Saturday,0,2025-04-26,Saturday,1,16
22,15.090328752403451,81.51376862812221,1,Saturday,0,2025-04-26,Saturday,1,16
18,24.76161906814255,15.66187805966576,1,Saturday,0,2025-04-26,Saturday,1,16
19,16.214286722710664,1.6542232213153487,1,Saturday,0,2025-04-26,Saturday,1,16
18,7.8601791790166375,5.44969867828331,1,Saturday,0,2025-04-26,Saturday,1,16
9,8.708999200528346,8.67462691700858,1,Saturday,0,2025-04-26,Saturday,1,16
22,17.195794945029853,31.278591690243058,1,Saturday,0,2025-04-26,Saturday,1,16
16,63.312886349706694,20.531895366999493,1,Saturday,0,2025-04-26,Saturday,1,16
2,3.7459265281240937,9.124184863133857,1,Saturday,0,2025-04-26,Saturday,1,16
19,13.975167233479219,19.690666011442012,1,Saturday,0,2025-04-26,Saturday,1,16
22,2.1212729132208126,21.48421411817704,1,Saturday,0,2025-05-03,Saturday,1,10
22,43.864920035364555,33.155609080887736,1,Saturday,0,2025-05-03,Saturday,1,10
22,7.928936986397378,27.716411552616414,1,Saturday,0,2025-05-03,Saturday,1,10
17,11.73967986525869,7.282086620018665,1,Saturday,0,2025-05-03,Saturday,1,10
0,23.255403194064673,49.63229705586895,1,Saturday,0,2025-05-03,Saturday,1,10
19,14.981869641140456,5.222158542418438,1,Saturday,0,2025-05-03,Saturday,1,10
11,2.8591990089622104,11.443829440376616,1,Saturday,0,2025-05-03,Saturday,1,10
16,20.621932677679027,25.9318889724967,1,Saturday,0,2025-05-03,Saturday,1,10
17,2.428833476851569,11.474242774912069,1,Saturday,0,2025-05-03,Saturday,1,10
16,22.641929746930703,4.647108231820293,1,Saturday,0,2025-05-03,Saturday,1,10
18,45.31685895672926,18.535068206418135,1,Saturday,0,2025-05-10,Saturday,1,23
22,6.293256536607821,47.273381903792846,1,Saturday,0,2025-05-10,Saturday,1,23
17,16.800661209991205,22.76698449363276,1,Saturday,0,2025-05-10,Saturday,1,23
19,9.601577087159917,11.988960873306953,1,Saturday,0,2025-05-10,Saturday,1,23
18,16.63778935393547,4.828879398078917,1,Saturday,0,2025-05-10,Saturday,1,23
3,4.506756389584822,6.88038816270642,1,Saturday,0,2025-05-10,Saturday,1,23
20,10.526691617982454,8.712649015818991,1,Saturday,0,2025-05-10,Saturday,1,23
16,23.667071172117776,7.441749445602135,1,Saturday,0,2025-05-10,Saturday,1,23
18,20.417653502435233,18.20946728501308,1,Saturday,0,2025-05-10,Saturday,1,23
19,22.058392483768163,33.927912253042535,1,Saturday,0,2025-05-10,Saturday,1,23
23,9.630998739031135,9.845173372946654,1,Saturday,0,2025-05-10,Saturday,1,23
15,14.313500560266377,13.36652408258295,1,Saturday,0,2025-05-10,Saturday,1,23
21,15.558393357212069,17.3895502472243,1,Saturday,0,2025-05-10,Saturday,1,23
17,7.769950605794356,3.933378290608834,1,Saturday,0,2025-05-10,Saturday,1,23
18,2.1078418603618663,4.522844775078644,1,Saturday,0,2025-05-10,Saturday,1,23
15,11.978567743349412,12.034450230840598,1,Saturday,0,2025-05-10,Saturday,1,23
18,13.012461029673414,8.271048085734062,1,Saturday,0,2025-05-10,Saturday,1,23
12,59.04727620093478,7.624951115267642,1,Saturday,0,2025-05-10,Saturday,1,23
15,22.750985339891997,6.817629826297216,1,Saturday,0,2025-05-10,Saturday,1,23
18,12.529691176158522,36.566741058820504,1,Saturday,0,2025-05-10,Saturday,1,23
22,12.663743857807933,16.576943667536213,1,Saturday,0,2025-05-10,Saturday,1,23
23,11.622788043359122,51.154009654315594,1,Saturday,0,2025-05-10,Saturday,1,23
22,43.88878710287773,15.474877270299913,1,Saturday,0,2025-05-10,Saturday,1,23
12,19.84451113768612,8.0773630803329,1,Saturday,0,2025-05-17,Saturday,1,21
17,24.31149906360799,50.10223859664938,1,Saturday,0,2025-05-17,Saturday,1,21
23,12.381517122726116,36.2778549028936,1,Saturday,0,2025-05-17,Saturday,1,21
16,82.20049301933919,13.153516781474016,1,Saturday,0,2025-05-17,Saturday,1,21
0,14.527188439710233,16.885500831172195,1,Saturday,0,2025-05-17,Saturday,1,21
14,10.927961684183511,9.728532728446806,1,Saturday,0,2025-05-17,Saturday,1,21
15,14.218244176274307,12.48042356195205,1,Saturday,0,2025-05-17,Saturday,1,21
8,2.451838897745056,25.667191183067093,1,Saturday,0,2025-05-17,Saturday,1,21
18,12.782191846433484,4.94684038016097,1,Saturday,0,2025-05-17,Saturday,1,21
17,3.08119339176927,14.828296637617383,1,Saturday,0,2025-05-17,Saturday,1,21
13,10.87986881161643,6.058129662532719,1,Saturday,0,2025-05-17,Saturday,1,21
21,17.668704322903274,26.373397742774976,1,Saturday,0,2025-05-17,Saturday,1,21
17,15.95136982788399,4.651633807134815,1,Saturday,0,2025-05-17,Saturday,1,21
14,18.5464097537919,5.8327180347476215,1,Saturday,0,2025-05-17,Saturday,1,21
20,14.4006894731783,33.16594664753395,1,Saturday,0,2025-05-17,Saturday,1,21
14,60.24079367610765,4.1061141144151625,1,Saturday,0,2025-05-17,Saturday,1,21
23,5.075782027761141,15.076493719107201,1,Saturday,0,2025-05-17,Saturday,1,21
21,19.836163088829295,25.601390928939736,1,Saturday,0,2025-05-17,Saturday,1,21
13,2.954198088555329,15.52823049564795,1,Saturday,0,2025-05-17,Saturday,1,21
18,18.53756680604044,7.857521991714049,1,Saturday,0,2025-05-17,Saturday,1,21
15,8.814166603467557,10.055456937510774,1,Saturday,0,2025-05-17,Saturday,1,21
16,19.669243176305482,9.571997355468019,1,Saturday,0,2025-05-24,Saturday,1,14
23,14.801317794659603,6.657536111106915,1,Saturday,0,2025-05-24,Saturday,1,14
17,13.593527026512994,12.655924528448361,1,Saturday,0,2025-05-24,Saturday,1,14
20,3.4473171287741957,40.88200131570412,1,Saturday,0,2025-05-24,Saturday,1,14
22,10.678891250293905,12.03632137967795,1,Saturday,0,2025-05-24,Saturday,1,14
21,14.663685794881747,9.593104015881464,1,Saturday,0,2025-05-24,Saturday,1,14
19,12.742902193587259,18.241716925109714,1,Saturday,0,2025-05-24,Saturday,1,14
16,4.700967918242419,3.134368335358114,1,Saturday,0,2025-05-24,Saturday,1,14
21,17.21996247146738,41.29938950028869,1,Saturday,0,2025-05-24,Saturday,1,14
16,13.446453088982693,7.481381379085124,1,Saturday,0,2025-05-24,Saturday,1,14
17,6.955204244173974,13.894687197544828,1,Saturday,0,2025-05-24,Saturday,1,14
10,15.289154701501644,5.907551867447111,1,Saturday,0,2025-05-24,Saturday,1,14
13,6.664445844205198,8.088410096671973,1,Saturday,0,2025-05-24,Saturday,1,14
20,25.667925479119003,3.8613289431527145,1,Saturday,0,2025-05-24,Saturday,1,14
15,16.625147057453177,5.551808931686631,1,Saturday,0,2025-05-31,Saturday,1,19
22,2.2956181175280843,9.57491064820958,1,Saturday,0,2025-05-31,Saturday,1,19
18,14.297534816190982,30.50887290597817,1,Saturday,0,2025-05-31,Saturday,1,19
14,2.013981901429392,4.3348951140431495,1,Saturday,0,2025-05-31,Saturday,1,19
2,20.985689041627438,29.669901931299183,1,Saturday,0,2025-05-31,Saturday,1,19
9,2.9067097651054623,6.542211111198321,1,Saturday,0,2025-05-31,Saturday,1,19
19,17.630268459871434,37.75785634010622,1,Saturday,0,2025-05-31,Saturday,1,19
22,14.439732039981283,6.495475123752026,1,Saturday,0,2025-05-31,Saturday,1,19
11,3.0310863787261795,10.206046157878115,1,Saturday,0,2025-05-31,Saturday,1,19
21,2.5424199298037844,26.943316881610127,1,Saturday,0,2025-05-31,Saturday,1,19
22,2.0011563774437593,8.274351449274503,1,Saturday,0,2025-05-31,Saturday,1,19
14,6.595999013754272,21.030037313827872,1,Saturday,0,2025-05-31,Saturday,1,19
22,16.56550264160947,19.86531099914682,1,Saturday,0,2025-05-31,Saturday,1,19
23,10.422030341756216,5.387057363092828,1,Saturday,0,2025-05-31,Saturday,1,19
21,15.897914313142575,11.395517388957161,1,Saturday,0,2025-05-31,Saturday,1,19
18,11.159959469998956,13.06243742781654,1,Saturday,0,2025-05-31,Saturday,1,19
12,5.218325725662343,11.447806470372626,1,Saturday,0,2025-05-31,Saturday,1,19
0,9.45713185486657,3.072197399498876,1,Saturday,0,2025-05-31,Saturday,1,19
3,8.294196286048827,7.983152676634034,1,Saturday,0,2025-05-31,Saturday,1,19
16,20.264113686473824,7.592381519898302,1,Saturday,0,2025-06-07,Saturday,1,10
23,20.46920435563451,18.085970925739318,1,Saturday,0,2025-06-07,Saturday,1,10
19,4.22288256734314,31.619126414830678,1,Saturday,0,2025-06-07,Saturday,1,10
20,18.2994282492146,14.722567409043013,1,Saturday,0,2025-06-07,Saturday,1,10
11,7.117609931532344,44.62013881564771,1,Saturday,0,2025-06-07,Saturday,1,10
15,2.695441346287039,5.122341581853782,1,Saturday,0,2025-06-07,Saturday,1,10
19,3.1725030536610563,12.906874459611705,1,Saturday,0,2025-06-07,Saturday,1,10
20,3.523956437646389,4.601412209922722,1,Saturday,0,2025-06-07,Saturday,1,10
16,2.6019077854201105,9.05438231003893,1,Saturday,0,2025-06-07,Saturday,1,10
0,11.477645611910365,11.034545236141318,1,Saturday,0,2025-06-07,Saturday,1,10
22,21.732437960247925,5.576952740805902,1,Saturday,0,2025-06-14,Saturday,1,15
23,12.168977179876759,10.495128093968566,1,Saturday,0,2025-06-14,Saturday,1,15
22,10.844875927060091,17.342294513558905,1,Saturday,0,2025-06-14,Saturday,1,15
18,59.887914382109095,5.392553460838887,1,Saturday,0,2025-06-14,Saturday,1,15
18,15.962717546863246,11.363859175714632,1,Saturday,0,2025-06-14,Saturday,1,15
17,25.060949940309957,28.9147264522661,1,Saturday,0,2025-06-14,Saturday,1,15
8,4.204235195271151,5.702191152273513,1,Saturday,0,2025-06-14,Saturday,1,15
21,15.88929055539483,13.559293676820964,1,Saturday,0,2025-06-14,Saturday,1,15
14,11.01419445866025,21.69183494942002,1,Saturday,0,2025-06-14,Saturday,1,15
10,28.40131621377382,6.86609883640406,1,Saturday,0,2025-06-14,Saturday,1,15
18,3.281567055660883,3.6457577247860034,1,Saturday,0,2025-06-14,Saturday,1,15
21,13.388815044813121,34.039284522767474,1,Saturday,0,2025-06-14,Saturday,1,15
18,19.04663941626561,16.687440878304475,1,Saturday,0,2025-06-14,Saturday,1,15
20,10.036299876478829,4.9351739042234755,1,Saturday,0,2025-06-14,Saturday,1,15
13,8.737161082428386,22.344273202735494,1,Saturday,0,2025-06-14,Saturday,1,15
21,11.135978186246206,17.386764736023725,1,Saturday,0,2025-06-21,Saturday,1,20
18,11.342728378906404,2.992672316225047,1,Saturday,0,2025-06-21,Saturday,1,20
19,12.991729986107664,4.627137414760853,1,Saturday,0,2025-06-21,Saturday,1,20
20,19.94483817857024,10.867122409909799,1,Saturday,0,2025-06-21,Saturday,1,20
18,11.411212073658447,20.10400534954205,1,Saturday,0,2025-06-21,Saturday,1,20
17,18.6260403270227,2.685932143923381,1,Saturday,0,2025-06-21,Saturday,1,20
16,19.739799032883692,43.33535680382125,1,Saturday,0,2025-06-21,Saturday,1,20
15,3.110501180408133,4.298338810515348,1,Saturday,0,2025-06-21,Saturday,1,20
17,14.161411081420049,8.00077491034265,1,Saturday,0,2025-06-21,Saturday,1,20
17,28.14134023772239,4.502892968624045,1,Saturday,0,2025-06-21,Saturday,1,20
10,16.064630339468337,2.630202223819407,1,Saturday,0,2025-06-21,Saturday,1,20
14,26.88677999319731,32.51981849889418,1,Saturday,0,2025-06-21,Saturday,1,20
21,22.86855895766122,13.68819818125603,1,Saturday,0,2025-06-21,Saturday,1,20
15,7.726384779474366,14.26039518926486,1,Saturday,0,2025-06-21,Saturday,1,20
18,28.471483661065093,2.141697754487124,1,Saturday,0,2025-06-21,Saturday,1,20
19,50.05818273871108,10.193308390719489,1,Saturday,0,2025-06-21,Saturday,1,20
16,26.704487945459142,8.324691942143085,1,Saturday,0,2025-06-21,Saturday,1,20
19,11.377299630578303,22.4356932801232,1,Saturday,0,2025-06-21,Saturday,1,20
16,7.243653035364839,3.007599357877485,1,Saturday,0,2025-06-21,Saturday,1,20
15,18.19428191679523,2.34313533611323,1,Saturday,0,2025-06-21,Saturday,1,20
22,10.533874530667031,14.59885857068719,1,Sunday,0,2025-03-23,Sunday,1,17
20,11.391450553963068,3.6668968656744907,1,Sunday,0,2025-03-23,Sunday,1,17
19,18.59946026708765,35.85736419666832,1,Sunday,0,2025-03-23,Sunday,1,17
18,10.676102358043956,7.899338637281692,1,Sunday,0,2025-03-23,Sunday,1,17
5,6.121913702578932,1.1986468411823488,1,Sunday,0,2025-03-23,Sunday,1,17
10,6.12713847254777,8.950322798245613,1,Sunday,0,2025-03-23,Sunday,1,17
23,12.103665038705852,15.180730915263064,1,Sunday,0,2025-03-23,Sunday,1,17
0,16.04980506413224,9.290354155346725,1,Sunday,0,2025-03-23,Sunday,1,17
21,13.605299893102828,5.592725986231661,1,Sunday,0,2025-03-23,Sunday,1,17
15,16.071872104825065,16.638978772242282,1,Sunday,0,2025-03-23,Sunday,1,17
17,16.07392642655455,49.879971576887534,1,Sunday,0,2025-03-23,Sunday,1,17
0,11.777622552010854,22.232628531160724,1,Sunday,0,2025-03-23,Sunday,1,17
18,59.02756998134049,10.833017919064398,1,Sunday,0,2025-03-23,Sunday,1,17
22,10.033570814685145,14.997396420129975,1,Sunday,0,2025-03-23,Sunday,1,17
20,13.756332162395385,40.146458100785786,1,Sunday,0,2025-03-23,Sunday,1,17
23,20.959989507473804,5.065170018798799,1,Sunday,0,2025-03-23,Sunday,1,17
17,10.237595186917574,13.164840811234816,1,Sunday,0,2025-03-23,Sunday,1,17
15,16.288863772379404,33.40549883827968,1,Sunday,0,2025-03-30,Sunday,1,22
19,10.478611051813136,26.081151843183818,1,Sunday,0,2025-03-30,Sunday,1,22
17,2.5814948171278975,5.980688033112812,1,Sunday,0,2025-03-30,Sunday,1,22
21,13.87443968880164,6.873756687744636,1,Sunday,0,2025-03-30,Sunday,1,22
18,4.503196342563922,18.377690243936424,1,Sunday,0,2025-03-30,Sunday,1,22
21,16.68585255058227,6.003627640899168,1,Sunday,0,2025-03-30,Sunday,1,22
23,10.124365946606392,24.46858078582597,1,Sunday,0,2025-03-30,Sunday,1,22
18,44.58925101863424,8.09909832441242,1,Sunday,0,2025-03-30,Sunday,1,22
2,14.151004984097437,20.19747657100594,1,Sunday,0,2025-03-30,Sunday,1,22
19,14.423290848928758,5.164715083888798,1,Sunday,0,2025-03-30,Sunday,1,22
19,14.856642578013972,7.387292805225237,1,Sunday,0,2025-03-30,Sunday,1,22
20,12.306496643697212,3.9840098469939296,1,Sunday,0,2025-03-30,Sunday,1,22
4,20.13955761108013,8.23430008261422,1,Sunday,0,2025-03-30,Sunday,1,22
17,12.902921207099062,15.861763155436257,1,Sunday,0,2025-03-30,Sunday,1,22
19,12.007282790373896,24.208900847692703,1,Sunday,0,2025-03-30,Sunday,1,22
15,67.46200791127445,3.8225243428109037,1,Sunday,0,2025-03-30,Sunday,1,22
10,4.857261084615724,15.121929324801545,1,Sunday,0,2025-03-30,Sunday,1,22
19,25.2689647238094,8.736961225772973,1,Sunday,0,2025-03-30,Sunday,1,22
19,18.157579246121873,7.284237272666297,1,Sunday,0,2025-03-30,Sunday,1,22
23,16.639952545407077,8.67240078785333,1,Sunday,0,2025-03-30,Sunday,1,22
21,17.50592873686381,3.4605039079644975,1,Sunday,0,2025-03-30,Sunday,1,22
7,2.924723293681056,12.258538416175922,1,Sunday,0,2025-03-30,Sunday,1,22
16,20.23863423989973,11.61204963073075,1,Sunday,0,2025-04-06,Sunday,1,13
20,13.322912615073676,9.838057121298514,1,Sunday,0,2025-04-06,Sunday,1,13
22,10.228969920132084,12.88502405938355,1,Sunday,0,2025-04-06,Sunday,1,13
4,2.4691012803042596,9.12960586978565,1,Sunday,0,2025-04-06,Sunday,1,13
21,16.574059459490417,6.794811591120517,1,Sunday,0,2025-04-06,Sunday,1,13
16,2.9531110742828384,11.905348423155449,1,Sunday,0,2025-04-06,Sunday,1,13
0,11.214505558016562,19.999095147922493,1,Sunday,0,2025-04-06,Sunday,1,13
22,13.783274419415559,4.358418768436063,1,Sunday,0,2025-04-06,Sunday,1,13
11,3.1766285507670915,6.4475178877450565,1,Sunday,0,2025-04-06,Sunday,1,13
16,5.130315206997638,15.403056865276195,1,Sunday,0,2025-04-06,Sunday,1,13
18,15.402300306511929,4.879700028847827,1,Sunday,0,2025-04-06,Sunday,1,13
20,10.8974450489991,7.436301333997342,1,Sunday,0,2025-04-06,Sunday,1,13
17,13.546582832080347,16.448771811602363,1,Sunday,0,2025-04-06,Sunday,1,13
5,13.498877745084968,26.338336155291387,1,Sunday,0,2025-04-13,Sunday,1,14
15,5.144366222276487,5.460654504794403,1,Sunday,0,2025-04-13,Sunday,1,14
17,26.164806157198143,3.8869210048749228,1,Sunday,0,2025-04-13,Sunday,1,14
12,4.117396912844891,0.560316618982555,1,Sunday,0,2025-04-13,Sunday,1,14
22,17.995975690978746,7.214829784478838,1,Sunday,0,2025-04-13,Sunday,1,14
18,12.42027479199347,7.297603167705938,1,Sunday,0,2025-04-13,Sunday,1,14
17,16.902136762545364,6.724473104751925,1,Sunday,0,2025-04-13,Sunday,1,14
19,10.719136586135342,15.962464478271444,1,Sunday,0,2025-04-13,Sunday,1,14
20,4.714963531144323,19.282946415784156,1,Sunday,0,2025-04-13,Sunday,1,14
19,14.027190392058952,37.226087375781745,1,Sunday,0,2025-04-13,Sunday,1,14
19,11.480627510605373,52.384967885459,1,Sunday,0,2025-04-13,Sunday,1,14
20,13.478614100840634,8.701255904009347,1,Sunday,0,2025-04-13,Sunday,1,14
19,8.781666280261925,21.630119761140303,1,Sunday,0,2025-04-13,Sunday,1,14
19,54.20336351099656,54.30674896322468,1,Sunday,0,2025-04-13,Sunday,1,14
14,23.201601923826185,5.570720237031573,1,Sunday,0,2025-04-20,Sunday,1,19
20,8.181584697433083,8.907816165461604,1,Sunday,0,2025-04-20,Sunday,1,19
19,14.152176776572734,18.918908880107168,1,Sunday,0,2025-04-20,Sunday,1,19
20,14.732094854223476,8.353213311481097,1,Sunday,0,2025-04-20,Sunday,1,19
23,12.249130790239462,15.18400863916605,1,Sunday,0,2025-04-20,Sunday,1,19
15,14.97405270833282,10.189950793182163,1,Sunday,0,2025-04-20,Sunday,1,19
17,19.955953866473063,5.134851261327545,1,Sunday,0,2025-04-20,Sunday,1,19
16,119.9167001192093,7.924211514266618,1,Sunday,0,2025-04-20,Sunday,1,19
21,15.05662054345255,24.307623784681198,1,Sunday,0,2025-04-20,Sunday,1,19
13,9.686249902861821,18.796060060847946,1,Sunday,0,2025-04-20,Sunday,1,19
22,10.528899492236757,7.894532163622607,1,Sunday,0,2025-04-20,Sunday,1,19
16,2.4448384780121684,21.50926197332614,1,Sunday,0,2025-04-20,Sunday,1,19
22,10.487044129123944,20.30478331041938,1,Sunday,0,2025-04-20,Sunday,1,19
16,6.695314089200036,38.073856773032404,1,Sunday,0,2025-04-20,Sunday,1,19
19,11.683011337628752,9.770993318129358,1,Sunday,0,2025-04-20,Sunday,1,19
21,12.192812581822778,44.05795363289763,1,Sunday,0,2025-04-20,Sunday,1,19
20,15.916336598229211,3.330790015440104,1,Sunday,0,2025-04-20,Sunday,1,19
20,12.7806472622947,6.841066803007888,1,Sunday,0,2025-04-20,Sunday,1,19
18,3.6479955247297213,16.716530379540774,1,Sunday,0,2025-04-20,Sunday,1,19
19,14.998386841560375,3.04484894670077,1,Sunday,0,2025-04-27,Sunday,1,19
20,13.839315204148132,20.694172569640287,1,Sunday,0,2025-04-27,Sunday,1,19
17,28.596548830486956,8.58822215293087,1,Sunday,0,2025-04-27,Sunday,1,19
14,2.3315471350791426,4.651603059031856,1,Sunday,0,2025-04-27,Sunday,1,19
23,12.767914213447192,21.2053508120616,1,Sunday,0,2025-04-27,Sunday,1,19
19,15.266664780642532,21.151474769313094,1,Sunday,0,2025-04-27,Sunday,1,19
14,18.288796162949275,8.27060224673834,1,Sunday,0,2025-04-27,Sunday,1,19
18,13.321942818663313,5.669362492879477,1,Sunday,0,2025-04-27,Sunday,1,19
22,10.270913620855861,21.085794653306873,1,Sunday,0,2025-04-27,Sunday,1,19
14,2.2823889450197914,10.684893108514332,1,Sunday,0,2025-04-27,Sunday,1,19
15,4.269253585315471,1.2174708251277813,1,Sunday,0,2025-04-27,Sunday,1,19
22,9.037074288212956,9.810073613100792,1,Sunday,0,2025-04-27,Sunday,1,19
10,10.966178333394147,8.946631535756742,1,Sunday,0,2025-04-27,Sunday,1,19
21,10.52100755611098,10.21960072118915,1,Sunday,0,2025-04-27,Sunday,1,19
9,7.059908679877832,10.225979544811384,1,Sunday,0,2025-04-27,Sunday,1,19
21,15.74494297768885,5.805519753906027,1,Sunday,0,2025-04-27,Sunday,1,19
17,3.0022977063557086,8.315242940644278,1,Sunday,0,2025-04-27,Sunday,1,19
15,23.293530698795553,10.189277674192363,1,Sunday,0,2025-04-27,Sunday,1,19
17,12.80918429779813,8.509749515107572,1,Sunday,0,2025-04-27,Sunday,1,19
8,15.73368898488307,13.980377689623872,1,Sunday,0,2025-05-04,Sunday,1,20
17,13.799198944106152,17.55839761778101,1,Sunday,0,2025-05-04,Sunday,1,20
17,28.33835434043777,51.05450104180988,1,Sunday,0,2025-05-04,Sunday,1,20
22,6.645558215408495,14.895029901097686,1,Sunday,0,2025-05-04,Sunday,1,20
20,18.56660795208101,6.476637950447083,1,Sunday,0,2025-05-04,Sunday,1,20
8,3.754174619348703,8.266335379550219,1,Sunday,0,2025-05-04,Sunday,1,20
16,11.414485459697644,4.733336841631136,1,Sunday,0,2025-05-04,Sunday,1,20
3,14.667046020650357,6.449906449895046,1,Sunday,0,2025-05-04,Sunday,1,20
23,13.756213414041376,54.80573349679379,1,Sunday,0,2025-05-04,Sunday,1,20
23,7.123584165257464,23.64334352325579,1,Sunday,0,2025-05-04,Sunday,1,20
22,15.249011481725748,4.31716338440989,1,Sunday,0,2025-05-04,Sunday,1,20
23,16.724508627309525,8.08528745560356,1,Sunday,0,2025-05-04,Sunday,1,20
17,47.89853030109199,3.6414561453941205,1,Sunday,0,2025-05-04,Sunday,1,20
0,7.8571799156720035,23.593505833525512,1,Sunday,0,2025-05-04,Sunday,1,20
20,7.860286885898287,6.561667284464912,1,Sunday,0,2025-05-04,Sunday,1,20
14,4.158715767923795,19.751623455872632,1,Sunday,0,2025-05-04,Sunday,1,20
17,12.481460669214243,8.95717552115266,1,Sunday,0,2025-05-04,Sunday,1,20
21,11.805627032357293,6.316308158228337,1,Sunday,0,2025-05-04,Sunday,1,20
17,21.45887377245448,3.1807792980406138,1,Sunday,0,2025-05-04,Sunday,1,20
9,112.43042372337416,2.9046696484745365,1,Sunday,0,2025-05-04,Sunday,1,20
8,2.658824211473993,6.664564296275154,1,Sunday,0,2025-05-11,Sunday,1,21
17,4.3428116594443695,2.999080462584006,1,Sunday,0,2025-05-11,Sunday,1,21
15,32.6181587304818,9.515168723339807,1,Sunday,0,2025-05-11,Sunday,1,21
15,5.878704684204512,24.51594360354825,1,Sunday,0,2025-05-11,Sunday,1,21
20,12.072594307131478,6.243519683745382,1,Sunday,0,2025-05-11,Sunday,1,21
19,9.251155509767857,9.975273367874008,1,Sunday,0,2025-05-11,Sunday,1,21
19,11.380741722973852,6.584886691329012,1,Sunday,0,2025-05-11,Sunday,1,21
23,16.075677276165976,10.184122497427936,1,Sunday,0,2025-05-11,Sunday,1,21
19,11.26956943981197,10.554366367424327,1,Sunday,0,2025-05-11,Sunday,1,21
19,14.371717631939312,22.713229341598815,1,Sunday,0,2025-05-11,Sunday,1,21
16,2.4027345331340255,6.893221846539255,1,Sunday,0,2025-05-11,Sunday,1,21
20,14.985577847365995,13.305172740809246,1,Sunday,0,2025-05-11,Sunday,1,21
0,3.622064297575736,8.345465475296004,1,Sunday,0,2025-05-11,Sunday,1,21
14,7.678993462507653,4.786499369325085,1,Sunday,0,2025-05-11,Sunday,1,21
19,14.800038111464858,7.697761149616496,1,Sunday,0,2025-05-11,Sunday,1,21
23,9.308609334852324,22.062709036105726,1,Sunday,0,2025-05-11,Sunday,1,21
21,22.267151529829857,4.615463576108136,1,Sunday,0,2025-05-11,Sunday,1,21
16,16.482590357860094,19.82457685345965,1,Sunday,0,2025-05-11,Sunday,1,21
20,13.8345065247414,9.986495947635227,1,Sunday,0,2025-05-11,Sunday,1,21
10,11.650757831108152,5.284410251652165,1,Sunday,0,2025-05-11,Sunday,1,21
20,12.750864379514471,16.707018852559752,1,Sunday,0,2025-05-11,Sunday,1,21
17,2.455481698400363,3.752600248546817,1,Sunday,0,2025-05-18,Sunday,1,10
22,28.442450306467027,2.500271522910868,1,Sunday,0,2025-05-18,Sunday,1,10
16,13.408692939893182,14.033811382211473,1,Sunday,0,2025-05-18,Sunday,1,10
23,9.917761646165992,63.81861645155536,1,Sunday,0,2025-05-18,Sunday,1,10
13,2.5858599642446425,9.849313392503396,1,Sunday,0,2025-05-18,Sunday,1,10
19,13.992787957848133,9.158131669859072,1,Sunday,0,2025-05-18,Sunday,1,10
18,17.529626998734045,48.72936017998499,1,Sunday,0,2025-05-18,Sunday,1,10
21,17.514007009222176,6.239289471851576,1,Sunday,0,2025-05-18,Sunday,1,10
18,15.274890040654395,36.26303521398967,1,Sunday,0,2025-05-18,Sunday,1,10
15,17.830367412025563,6.599928431997421,1,Sunday,0,2025-05-18,Sunday,1,10
20,3.278508229250267,17.487188561136428,1,Sunday,0,2025-05-25,Sunday,1,17
22,8.540696693557159,24.718913121906997,1,Sunday,0,2025-05-25,Sunday,1,17
19,11.497879171307197,19.76554616505893,1,Sunday,0,2025-05-25,Sunday,1,17
21,7.706629960716083,13.230219733967704,1,Sunday,0,2025-05-25,Sunday,1,17
21,12.307788647916244,5.872629224717829,1,Sunday,0,2025-05-25,Sunday,1,17
14,11.93767809549605,9.270399379610463,1,Sunday,0,2025-05-25,Sunday,1,17
23,7.62601353276203,11.938377231571366,1,Sunday,0,2025-05-25,Sunday,1,17
18,2.431871577041763,10.919202413167671,1,Sunday,0,2025-05-25,Sunday,1,17
22,13.894333595470254,3.8574979767897757,1,Sunday,0,2025-05-25,Sunday,1,17
14,16.26256098763675,1.8631539809112454,1,Sunday,0,2025-05-25,Sunday,1,17
15,3.565853381728056,7.748659451003321,1,Sunday,0,2025-05-25,Sunday,1,17
15,4.762119402343892,6.667407303237687,1,Sunday,0,2025-05-25,Sunday,1,17
23,14.554118538853327,28.59388891402729,1,Sunday,0,2025-05-25,Sunday,1,17
20,8.449184899663624,20.980542423053716,1,Sunday,0,2025-05-25,Sunday,1,17
20,12.774466473151648,38.091403809987284,1,Sunday,0,2025-05-25,Sunday,1,17
19,15.845679653468778,14.340980329420928,1,Sunday,0,2025-05-25,Sunday,1,17
22,8.418885171112532,6.540350489130786,1,Sunday,0,2025-05-25,Sunday,1,17
20,11.399940428752934,22.36671478735074,1,Sunday,0,2025-06-01,Sunday,1,13
19,7.498773189311759,11.29341871483895,1,Sunday,0,2025-06-01,Sunday,1,13
0,5.224477278958594,11.138416717750939,1,Sunday,0,2025-06-01,Sunday,1,13
19,63.90509507174904,21.875301929965687,1,Sunday,0,2025-06-01,Sunday,1,13
8,5.755088923374908,15.036068162913505,1,Sunday,0,2025-06-01,Sunday,1,13
19,13.502446773449478,33.016210881757125,1,Sunday,0,2025-06-01,Sunday,1,13
15,8.989286901410207,13.508646551694872,1,Sunday,0,2025-06-01,Sunday,1,13
3,6.964795984616256,17.568844311206657,1,Sunday,0,2025-06-01,Sunday,1,13
10,2.437937338472551,9.026621394177534,1,Sunday,0,2025-06-01,Sunday,1,13
18,23.15852383799215,7.923207182517866,1,Sunday,0,2025-06-01,Sunday,1,13
21,17.65292950553539,21.34926176850014,1,Sunday,0,2025-06-01,Sunday,1,13
23,12.079319721805067,13.329748217850591,1,Sunday,0,2025-06-01,Sunday,1,13
17,13.586502759622405,6.314535705434743,1,Sunday,0,2025-06-01,Sunday,1,13
22,15.106707172612662,6.7279369059619345,1,Sunday,0,2025-06-08,Sunday,1,18
19,2.434496150692061,5.426805962051323,1,Sunday,0,2025-06-08,Sunday,1,18
19,2.813616160364,10.78318018123179,1,Sunday,0,2025-06-08,Sunday,1,18
23,9.419946946065629,16.65324577235876,1,Sunday,0,2025-06-08,Sunday,1,18
17,22.82711659119031,2.778061937792865,1,Sunday,0,2025-06-08,Sunday,1,18
19,12.0322316309921,12.15443581811145,1,Sunday,0,2025-06-08,Sunday,1,18
14,43.9170423362637,4.125237622984955,1,Sunday,0,2025-06-08,Sunday,1,18
10,5.854333871091608,13.92969525560279,1,Sunday,0,2025-06-08,Sunday,1,18
20,6.251572087758179,32.40096950748528,1,Sunday,0,2025-06-08,Sunday,1,18
16,11.905822671046398,11.5283388954276,1,Sunday,0,2025-06-08,Sunday,1,18
16,8.805732928666854,12.42071196425802,1,Sunday,0,2025-06-08,Sunday,1,18
20,10.880262064098691,29.352431765788573,1,Sunday,0,2025-06-08,Sunday,1,18
11,23.235468653736454,5.658267534091451,1,Sunday,0,2025-06-08,Sunday,1,18
23,10.413212739574718,8.982441264046802,1,Sunday,0,2025-06-08,Sunday,1,18
17,11.455600883900196,21.585744827640823,1,Sunday,0,2025-06-08,Sunday,1,18
16,18.422956216215372,3.012200143344364,1,Sunday,0,2025-06-08,Sunday,1,18
23,12.120771103857841,10.710808217991527,1,Sunday,0,2025-06-08,Sunday,1,18
11,62.17151389880069,6.794404719349059,1,Sunday,0,2025-06-08,Sunday,1,18
22,6.791769015827123,5.391878663167746,1,Sunday,0,2025-06-15,Sunday,1,24
15,6.79159947150308,14.743461109711374,1,Sunday,0,2025-06-15,Sunday,1,24
20,3.8393936183029016,13.448201123546738,1,Sunday,0,2025-06-15,Sunday,1,24
19,11.407879014576242,5.564301604838524,1,Sunday,0,2025-06-15,Sunday,1,24
20,16.523574827891636,13.444183458120493,1,Sunday,0,2025-06-15,Sunday,1,24
16,57.89469668903589,8.979008239331892,1,Sunday,0,2025-06-15,Sunday,1,24
18,7.1143811779280455,10.484540725034137,1,Sunday,0,2025-06-15,Sunday,1,24
13,4.86011812708303,5.540226179874748,1,Sunday,0,2025-06-15,Sunday,1,24
15,15.16793332173501,6.986911095391518,1,Sunday,0,2025-06-15,Sunday,1,24
19,9.867182886257922,11.54472076837065,1,Sunday,0,2025-06-15,Sunday,1,24
17,36.233256117628365,43.24977128428241,1,Sunday,0,2025-06-15,Sunday,1,24
18,10.404253589493813,23.328742802126158,1,Sunday,0,2025-06-15,Sunday,1,24
17,4.459910098866047,6.202076096046304,1,Sunday,0,2025-06-15,Sunday,1,24
20,7.534533600519373,2.8194647591005157,1,Sunday,0,2025-06-15,Sunday,1,24
14,18.037048374292112,15.672296346869402,1,Sunday,0,2025-06-15,Sunday,1,24
17,11.432656793308745,28.541967755446585,1,Sunday,0,2025-06-15,Sunday,1,24
22,10.264675591677634,7.700309650995987,1,Sunday,0,2025-06-15,Sunday,1,24
14,14.901005844766129,8.965988019303564,1,Sunday,0,2025-06-15,Sunday,1,24
20,3.9672722927218866,7.40567380851243,1,Sunday,0,2025-06-15,Sunday,1,24
13,22.039761217801576,16.447653462101236,1,Sunday,0,2025-06-15,Sunday,1,24
17,25.357406145037842,0.7545277212702228,1,Sunday,0,2025-06-15,Sunday,1,24
13,3.465864693502425,5.470869186041512,1,Sunday,0,2025-06-15,Sunday,1,24
21,12.812179806604139,4.190624573533272,1,Sunday,0,2025-06-15,Sunday,1,24
20,10.815254963802964,4.197819401405222,1,Sunday,0,2025-06-15,Sunday,1,24
17,48.595015997258855,8.558003869268678,1,Mon-Th,0,2025-03-24,Mon-Th,1,15
0,10.400219329254568,13.353535464220604,1,Mon-Th,0,2025-03-24,Mon-Th,1,15
22,19.03869202295067,2.596709783298838,1,Mon-Th,0,2025-03-24,Mon-Th,1,15
16,11.978503782491394,8.016816686222786,1,Mon-Th,0,2025-03-24,Mon-Th,1,15
21,10.798064882950555,10.298356896882524,1,Mon-Th,0,2025-03-24,Mon-Th,1,15
15,14.463223367055502,19.230113361143474,1,Mon-Th,0,2025-03-24,Mon-Th,1,15
21,11.94960018429154,43.175982453692946,1,Mon-Th,0,2025-03-24,Mon-Th,1,15
19,11.936492836437385,14.747557359898954,1,Mon-Th,0,2025-03-24,Mon-Th,1,15
20,5.319124802322268,8.899060723338412,1,Mon-Th,0,2025-03-24,Mon-Th,1,15
18,2.2916361050958733,15.554823624437045,1,Mon-Th,0,2025-03-24,Mon-Th,1,15
14,13.422028738535655,16.82203147862433,1,Mon-Th,0,2025-03-24,Mon-Th,1,15
16,4.694257245161708,8.033563376590989,1,Mon-Th,0,2025-03-24,Mon-Th,1,15
16,15.12411171277597,18.697528171459506,1,Mon-Th,0,2025-03-24,Mon-Th,1,15
21,25.793605851941177,7.081640802202138,1,Mon-Th,0,2025-03-24,Mon-Th,1,15
19,13.219299437886082,7.375200111338904,1,Mon-Th,0,2025-03-24,Mon-Th,1,15
20,10.922721843543151,7.053079953209889,1,Mon-Th,0,2025-03-25,Mon-Th,1,21
22,6.926365650305667,8.923524931452272,1,Mon-Th,0,2025-03-25,Mon-Th,1,21
16,12.151128861981967,6.440859532464753,1,Mon-Th,0,2025-03-25,Mon-Th,1,21
14,20.065039680663062,5.226589263218954,1,Mon-Th,0,2025-03-25,Mon-Th,1,21
18,8.635937313396727,5.162613805482088,1,Mon-Th,0,2025-03-25,Mon-Th,1,21
16,4.473605466909538,3.3286471905180024,1,Mon-Th,0,2025-03-25,Mon-Th,1,21
16,10.605365929605021,2.404206014734216,1,Mon-Th,0,2025-03-25,Mon-Th,1,21
12,6.422645448462298,12.439128244368318,1,Mon-Th,0,2025-03-25,Mon-Th,1,21
21,13.001271057198583,13.024722808674351,1,Mon-Th,0,2025-03-25,Mon-Th,1,21
19,17.697656770693612,2.8419784219087916,1,Mon-Th,0,2025-03-25,Mon-Th,1,21
16,10.63900854848183,7.139296184849897,1,Mon-Th,0,2025-03-25,Mon-Th,1,21
16,8.31453851529501,7.357209179269816,1,Mon-Th,0,2025-03-25,Mon-Th,1,21
16,6.192873095911763,3.6721098206906886,1,Mon-Th,0,2025-03-25,Mon-Th,1,21
14,3.3725580829804223,19.545255485045363,1,Mon-Th,0,2025-03-25,Mon-Th,1,21
12,16.97948918023219,15.858382981543937,1,Mon-Th,0,2025-03-25,Mon-Th,1,21
20,23.570108600354263,1.4672669350914802,1,Mon-Th,0,2025-03-25,Mon-Th,1,21
21,11.44283755476858,14.609466674451134,1,Mon-Th,0,2025-03-25,Mon-Th,1,21
14,15.174855033398636,9.098206803304398,1,Mon-Th,0,2025-03-25,Mon-Th,1,21
20,7.051570173987849,5.149146148881197,1,Mon-Th,0,2025-03-25,Mon-Th,1,21
17,7.319687780652251,5.911703871734645,1,Mon-Th,0,2025-03-25,Mon-Th,1,21
16,8.373111274691292,1.6520137486078998,1,Mon-Th,0,2025-03-25,Mon-Th,1,21
16,15.784336422207481,14.554022314132629,1,Mon-Th,0,2025-03-26,Mon-Th,1,12
18,15.520092171114928,16.95311658514873,1,Mon-Th,0,2025-03-26,Mon-Th,1,12
19,10.908982815201245,20.546751667756478,1,Mon-Th,0,2025-03-26,Mon-Th,1,12
16,15.682693587824023,6.566063875866907,1,Mon-Th,0,2025-03-26,Mon-Th,1,12
22,10.009661046690557,19.018293217296858,1,Mon-Th,0,2025-03-26,Mon-Th,1,12
18,20.246343111386608,8.99096984524822,1,Mon-Th,0,2025-03-26,Mon-Th,1,12
13,2.894215498139607,5.0250106872073275,1,Mon-Th,0,2025-03-26,Mon-Th,1,12
16,11.98437776678717,10.299192433054978,1,Mon-Th,0,2025-03-26,Mon-Th,1,12
18,18.669125247960995,7.9307844993059,1,Mon-Th,0,2025-03-26,Mon-Th,1,12
18,18.09813107451419,2.5352986451156836,1,Mon-Th,0,2025-03-26,Mon-Th,1,12
18,16.6574985870325,6.7169246741274895,1,Mon-Th,0,2025-03-26,Mon-Th,1,12
20,10.711843192502034,21.976411491024148,1,Mon-Th,0,2025-03-26,Mon-Th,1,12
22,9.790147928532939,8.15344891213985,1,Mon-Th,0,2025-03-27,Mon-Th,1,11
16,21.463919924956787,6.7933774964453715,1,Mon-Th,0,2025-03-27,Mon-Th,1,11
16,16.242228489518748,3.3912306413525375,1,Mon-Th,0,2025-03-27,Mon-Th,1,11
18,15.046263446553787,4.368941355658001,1,Mon-Th,0,2025-03-27,Mon-Th,1,11
10,20.44696344995999,13.909525112449893,1,Mon-Th,0,2025-03-27,Mon-Th,1,11
15,38.36827512977868,6.732999616405359,1,Mon-Th,0,2025-03-27,Mon-Th,1,11
14,14.74280186029618,25.36983013795573,1,Mon-Th,0,2025-03-27,Mon-Th,1,11
17,18.435770433765747,4.7120664251029165,1,Mon-Th,0,2025-03-27,Mon-Th,1,11
15,10.269215036871149,16.156820555724618,1,Mon-Th,0,2025-03-27,Mon-Th,1,11
20,10.7935685473966,4.584757466146133,1,Mon-Th,0,2025-03-27,Mon-Th,1,11
8,43.300012831745555,6.008800003827335,1,Mon-Th,0,2025-03-27,Mon-Th,1,11
13,51.68124796492125,2.6593649527372305,1,Mon-Th,0,2025-03-31,Mon-Th,1,15
18,2.398010557402073,10.693442874699679,1,Mon-Th,0,2025-03-31,Mon-Th,1,15
20,11.113813287361204,6.456311547892995,1,Mon-Th,0,2025-03-31,Mon-Th,1,15
22,16.30748993709742,5.870060348424862,1,Mon-Th,0,2025-03-31,Mon-Th,1,15
8,7.6702671036237,31.3947766244355,1,Mon-Th,0,2025-03-31,Mon-Th,1,15
21,13.037329499891413,16.94386744988408,1,Mon-Th,0,2025-03-31,Mon-Th,1,15
19,8.255974648706616,10.067622587602251,1,Mon-Th,0,2025-03-31,Mon-Th,1,15
12,2.1390143173816196,2.276073998386655,1,Mon-Th,0,2025-03-31,Mon-Th,1,15
19,6.787146287651625,3.4217635999912757,1,Mon-Th,0,2025-03-31,Mon-Th,1,15
21,12.715603274531855,19.871467294433362,1,Mon-Th,0,2025-03-31,Mon-Th,1,15
15,22.703289810185538,9.166096817481511,1,Mon-Th,0,2025-03-31,Mon-Th,1,15
16,15.36996031063562,3.2084411834469835,1,Mon-Th,0,2025-03-31,Mon-Th,1,15
17,25.409138530095504,2.931123541915797,1,Mon-Th,0,2025-03-31,Mon-Th,1,15
0,5.3983785927554075,46.27381045245454,1,Mon-Th,0,2025-03-31,Mon-Th,1,15
0,13.452279832048191,13.085135775026728,1,Mon-Th,0,2025-03-31,Mon-Th,1,15
22,10.709861299536168,4.489797425808771,1,Mon-Th,0,2025-04-01,Mon-Th,1,25
13,51.372593971547516,6.888637925631616,1,Mon-Th,0,2025-04-01,Mon-Th,1,25
14,6.242243990526788,16.647636644307276,1,Mon-Th,0,2025-04-01,Mon-Th,1,25
19,14.58381116543853,7.04162142832938,1,Mon-Th,0,2025-04-01,Mon-Th,1,25
20,14.168355274387675,18.147287723995657,1,Mon-Th,0,2025-04-01,Mon-Th,1,25
21,9.607235498616237,4.607908173898379,1,Mon-Th,0,2025-04-01,Mon-Th,1,25
22,15.705439921362665,20.0545111129035,1,Mon-Th,0,2025-04-01,Mon-Th,1,25
22,11.439829072205281,10.705878669266312,1,Mon-Th,0,2025-04-01,Mon-Th,1,25
22,9.64185817116035,3.619427559957777,1,Mon-Th,0,2025-04-01,Mon-Th,1,25
21,4.568577921391382,2.4152209669308435,1,Mon-Th,0,2025-04-01,Mon-Th,1,25
15,17.74768868584986,5.162390517210782,1,Mon-Th,0,2025-04-01,Mon-Th,1,25
18,24.921168983359898,17.847007761868007,1,Mon-Th,0,2025-04-01,Mon-Th,1,25
17,6.175403752826799,18.542993506738625,1,Mon-Th,0,2025-04-01,Mon-Th,1,25
21,37.575182111583,27.835627582841134,1,Mon-Th,0,2025-04-01,Mon-Th,1,25
16,12.674280159656107,4.819319015103692,1,Mon-Th,0,2025-04-01,Mon-Th,1,25
22,85.41266117464008,8.732968896168419,1,Mon-Th,0,2025-04-01,Mon-Th,1,25
23,10.286639882200543,18.61389043504172,1,Mon-Th,0,2025-04-01,Mon-Th,1,25
23,11.74754860071501,11.835908517026002,1,Mon-Th,0,2025-04-01,Mon-Th,1,25
20,13.467755185462448,5.704387895645118,1,Mon-Th,0,2025-04-01,Mon-Th,1,25
20,14.659275784870086,12.821381929787178,1,Mon-Th,0,2025-04-01,Mon-Th,1,25
15,6.0527446281365584,12.470486492435343,1,Mon-Th,0,2025-04-01,Mon-Th,1,25
20,13.318196241754443,10.293506304511034,1,Mon-Th,0,2025-04-01,Mon-Th,1,25
17,13.994250004837465,5.947330302100805,1,Mon-Th,0,2025-04-01,Mon-Th,1,25
13,7.649543878190474,34.1038304685473,1,Mon-Th,0,2025-04-01,Mon-Th,1,25
23,8.315598411210086,12.729548604834722,1,Mon-Th,0,2025-04-01,Mon-Th,1,25
16,10.239201661200315,2.2866590268019564,1,Mon-Th,0,2025-04-02,Mon-Th,1,18
19,16.885579644612523,7.230177629302913,1,Mon-Th,0,2025-04-02,Mon-Th,1,18
17,16.33343317941768,5.285976644193447,1,Mon-Th,0,2025-04-02,Mon-Th,1,18
2,7.1900023240226,10.35212570459682,1,Mon-Th,0,2025-04-02,Mon-Th,1,18
15,24.47490389019455,7.740948402197145,1,Mon-Th,0,2025-04-02,Mon-Th,1,18
13,4.198077374755657,7.820783995452588,1,Mon-Th,0,2025-04-02,Mon-Th,1,18
16,12.263538615007207,21.908133911754742,1,Mon-Th,0,2025-04-02,Mon-Th,1,18
1,14.54077084802691,23.877704902006947,1,Mon-Th,0,2025-04-02,Mon-Th,1,18
4,26.484189578678233,8.455439587914492,1,Mon-Th,0,2025-04-02,Mon-Th,1,18
20,12.66848141663522,6.323797618320978,1,Mon-Th,0,2025-04-02,Mon-Th,1,18
16,19.027751853558485,6.373832406656763,1,Mon-Th,0,2025-04-02,Mon-Th,1,18
19,15.987342275596419,10.758870382042042,1,Mon-Th,0,2025-04-02,Mon-Th,1,18
23,18.093604814088064,16.25285178438666,1,Mon-Th,0,2025-04-02,Mon-Th,1,18
16,16.907684569843358,22.243147306232224,1,Mon-Th,0,2025-04-02,Mon-Th,1,18
19,14.976359438849325,11.968640546856076,1,Mon-Th,0,2025-04-02,Mon-Th,1,18
20,14.273626640154731,1.539211828813735,1,Mon-Th,0,2025-04-02,Mon-Th,1,18
16,22.28372343488151,58.152491497464545,1,Mon-Th,0,2025-04-02,Mon-Th,1,18
17,6.2270616736261335,6.802748477845298,1,Mon-Th,0,2025-04-02,Mon-Th,1,18
17,13.512272869476181,21.280148082977057,1,Mon-Th,0,2025-04-03,Mon-Th,1,26
16,2.25359809041404,6.4350606702720246,1,Mon-Th,0,2025-04-03,Mon-Th,1,26
13,18.996501090879576,24.036162047710192,1,Mon-Th,0,2025-04-03,Mon-Th,1,26
22,4.708156250450484,26.533527103650567,1,Mon-Th,0,2025-04-03,Mon-Th,1,26
19,11.60216963558669,5.788107008437868,1,Mon-Th,0,2025-04-03,Mon-Th,1,26
20,16.669231673873355,4.762404052732229,1,Mon-Th,0,2025-04-03,Mon-Th,1,26
22,14.0309735160136,43.13630611736626,1,Mon-Th,0,2025-04-03,Mon-Th,1,26
17,7.276687530634976,42.74150869287073,1,Mon-Th,0,2025-04-03,Mon-Th,1,26
23,48.813235325261225,27.11576534710168,1,Mon-Th,0,2025-04-03,Mon-Th,1,26
0,10.787141180403129,16.340185445033583,1,Mon-Th,0,2025-04-03,Mon-Th,1,26
15,17.67323534624923,11.006716872600535,1,Mon-Th,0,2025-04-03,Mon-Th,1,26
15,12.822015063875025,23.458302345056673,1,Mon-Th,0,2025-04-03,Mon-Th,1,26
21,11.378964169604266,9.23490669055665,1,Mon-Th,0,2025-04-03,Mon-Th,1,26
23,8.024366553514268,8.191723441279152,1,Mon-Th,0,2025-04-03,Mon-Th,1,26
18,13.20419860863985,22.002253804105706,1,Mon-Th,0,2025-04-03,Mon-Th,1,26
16,5.2151901864643655,11.058840553741017,1,Mon-Th,0,2025-04-03,Mon-Th,1,26
18,18.194398927764453,3.445491691350923,1,Mon-Th,0,2025-04-03,Mon-Th,1,26
17,4.468051733857916,10.357071239550738,1,Mon-Th,0,2025-04-03,Mon-Th,1,26
19,12.75058702592688,20.760667263782008,1,Mon-Th,0,2025-04-03,Mon-Th,1,26
22,12.867752825999034,2.519502534054033,1,Mon-Th,0,2025-04-03,Mon-Th,1,26
17,17.24525992508999,27.045575029619524,1,Mon-Th,0,2025-04-03,Mon-Th,1,26
16,4.526250122414735,22.444353367029972,1,Mon-Th,0,2025-04-03,Mon-Th,1,26
21,12.729196280770168,17.59405026502383,1,Mon-Th,0,2025-04-03,Mon-Th,1,26
16,5.368080464344789,9.825487864551457,1,Mon-Th,0,2025-04-03,Mon-Th,1,26
17,3.759135443137252,10.865284117563197,1,Mon-Th,0,2025-04-03,Mon-Th,1,26
15,17.30396388271991,3.1424761816230475,1,Mon-Th,0,2025-04-03,Mon-Th,1,26
20,14.953885061587116,16.739461676189972,1,Mon-Th,0,2025-04-07,Mon-Th,1,34
19,11.443112115523878,9.289576821311119,1,Mon-Th,0,2025-04-07,Mon-Th,1,34
16,12.158940751591594,3.3651822442159283,1,Mon-Th,0,2025-04-07,Mon-Th,1,34
17,2.044656050167299,17.43987323349322,1,Mon-Th,0,2025-04-07,Mon-Th,1,34
20,32.26994101853245,56.03891583093499,1,Mon-Th,0,2025-04-07,Mon-Th,1,34
20,20.197081791690472,4.249542049083096,1,Mon-Th,0,2025-04-07,Mon-Th,1,34
19,29.251255450574376,6.416824831370487,1,Mon-Th,0,2025-04-07,Mon-Th,1,34
13,3.2396013703109583,7.420393862829189,1,Mon-Th,0,2025-04-07,Mon-Th,1,34
18,14.231892109318053,6.736380640639875,1,Mon-Th,0,2025-04-07,Mon-Th,1,34
18,5.927233881656953,2.30192008720705,1,Mon-Th,0,2025-04-07,Mon-Th,1,34
11,18.379965893819094,14.480381537783364,1,Mon-Th,0,2025-04-07,Mon-Th,1,34
21,11.256284101011985,2.709742117082677,1,Mon-Th,0,2025-04-07,Mon-Th,1,34
19,16.513203914852003,33.64403973183655,1,Mon-Th,0,2025-04-07,Mon-Th,1,34
23,15.33882629154575,7.631907870832079,1,Mon-Th,0,2025-04-07,Mon-Th,1,34
18,19.88320453601093,37.58660483473773,1,Mon-Th,0,2025-04-07,Mon-Th,1,34
22,22.81480893533261,4.547175894943266,1,Mon-Th,0,2025-04-07,Mon-Th,1,34
22,8.411404479022186,15.19925028342876,1,Mon-Th,0,2025-04-07,Mon-Th,1,34
19,14.732128907208725,11.81717496281337,1,Mon-Th,0,2025-04-07,Mon-Th,1,34
17,13.901305170751513,10.803303958123827,1,Mon-Th,0,2025-04-07,Mon-Th,1,34
23,8.803794389545633,7.81100291506582,1,Mon-Th,0,2025-04-07,Mon-Th,1,34
18,11.95503009475378,12.389720923580107,1,Mon-Th,0,2025-04-07,Mon-Th,1,34
12,6.768631543384359,2.5899951795749834,1,Mon-Th,0,2025-04-07,Mon-Th,1,34
18,17.03176146255344,16.321450865333183,1,Mon-Th,0,2025-04-07,Mon-Th,1,34
22,9.71952924983104,14.381556438471875,1,Mon-Th,0,2025-04-07,Mon-Th,1,34
21,17.284564593870098,8.049142582511292,1,Mon-Th,0,2025-04-07,Mon-Th,1,34
21,13.359869043744947,17.612003278335646,1,Mon-Th,0,2025-04-07,Mon-Th,1,34
21,8.889373714360534,16.14679745724006,1,Mon-Th,0,2025-04-07,Mon-Th,1,34
17,15.897062867685747,6.222501809237365,1,Mon-Th,0,2025-04-07,Mon-Th,1,34
15,4.658850041312114,6.995789502660288,1,Mon-Th,0,2025-04-07,Mon-Th,1,34
15,12.07296499304704,0.5463995136527348,1,Mon-Th,0,2025-04-07,Mon-Th,1,34
14,11.959072063419804,11.83991231170391,1,Mon-Th,0,2025-04-07,Mon-Th,1,34
16,34.74359433090914,12.127837037237336,1,Mon-Th,0,2025-04-07,Mon-Th,1,34
23,5.458452524728354,12.023689261783304,1,Mon-Th,0,2025-04-07,Mon-Th,1,34
17,23.99352746970758,4.969206204667479,1,Mon-Th,0,2025-04-07,Mon-Th,1,34
20,9.903594212130912,4.010837871985838,1,Mon-Th,0,2025-04-08,Mon-Th,1,17
15,26.377652033712423,5.09052054591982,1,Mon-Th,0,2025-04-08,Mon-Th,1,17
17,7.041241974802205,14.56815294107606,1,Mon-Th,0,2025-04-08,Mon-Th,1,17
10,2.127402378871954,4.900360629466945,1,Mon-Th,0,2025-04-08,Mon-Th,1,17
17,10.756962074109282,6.366469811461256,1,Mon-Th,0,2025-04-08,Mon-Th,1,17
14,2.1510511525217755,3.3338292512955556,1,Mon-Th,0,2025-04-08,Mon-Th,1,17
10,16.005515405731355,9.947977704570297,1,Mon-Th,0,2025-04-08,Mon-Th,1,17
16,28.491788544881302,18.070319232240866,1,Mon-Th,0,2025-04-08,Mon-Th,1,17
14,19.337461271587465,2.4731492420925827,1,Mon-Th,0,2025-04-08,Mon-Th,1,17
13,2.0118595147902045,3.8775551802130614,1,Mon-Th,0,2025-04-08,Mon-Th,1,17
19,22.3083463004602,29.65905344670316,1,Mon-Th,0,2025-04-08,Mon-Th,1,17
19,16.34245120606865,5.469294042060365,1,Mon-Th,0,2025-04-08,Mon-Th,1,17
20,11.440090672744063,4.722352352889898,1,Mon-Th,0,2025-04-08,Mon-Th,1,17
15,20.130300892706067,6.702890011157312,1,Mon-Th,0,2025-04-08,Mon-Th,1,17
21,18.536828911451625,9.637158599568398,1,Mon-Th,0,2025-04-08,Mon-Th,1,17
16,5.963719723897692,5.804597182089898,1,Mon-Th,0,2025-04-08,Mon-Th,1,17
12,14.778209715559669,27.64107704891221,1,Mon-Th,0,2025-04-08,Mon-Th,1,17
14,50.0609868102519,1.6282367939336164,1,Mon-Th,0,2025-04-09,Mon-Th,1,22
20,10.712543131317776,21.13196848059165,1,Mon-Th,0,2025-04-09,Mon-Th,1,22
22,31.695697097444665,6.286719303334789,1,Mon-Th,0,2025-04-09,Mon-Th,1,22
14,4.3840342222444,4.644571513716213,1,Mon-Th,0,2025-04-09,Mon-Th,1,22
8,6.8549717931173175,3.7387209030339763,1,Mon-Th,0,2025-04-09,Mon-Th,1,22
21,15.02931044211621,2.3766960483355053,1,Mon-Th,0,2025-04-09,Mon-Th,1,22
14,13.202684088829507,16.64354653416656,1,Mon-Th,0,2025-04-09,Mon-Th,1,22
13,2.4457868900182542,7.061528876699665,1,Mon-Th,0,2025-04-09,Mon-Th,1,22
17,10.784109902566701,12.679378126507954,1,Mon-Th,0,2025-04-09,Mon-Th,1,22
18,4.355805017526522,15.6363585715358,1,Mon-Th,0,2025-04-09,Mon-Th,1,22
21,14.416424192524897,6.640810207654961,1,Mon-Th,0,2025-04-09,Mon-Th,1,22
16,49.79971117863093,1.8564643599437445,1,Mon-Th,0,2025-04-09,Mon-Th,1,22
20,20.95241771359194,8.007504233612343,1,Mon-Th,0,2025-04-09,Mon-Th,1,22
13,4.748071619626389,31.54243299393761,1,Mon-Th,0,2025-04-09,Mon-Th,1,22
16,10.477482085305144,5.848408504914967,1,Mon-Th,0,2025-04-09,Mon-Th,1,22
13,42.27899876902564,4.540344242695184,1,Mon-Th,0,2025-04-09,Mon-Th,1,22
2,14.954783009559787,48.07997287291386,1,Mon-Th,0,2025-04-09,Mon-Th,1,22
11,2.146427545055407,8.311874117179984,1,Mon-Th,0,2025-04-09,Mon-Th,1,22
16,7.476190288531876,11.55132768198947,1,Mon-Th,0,2025-04-09,Mon-Th,1,22
14,13.238134884617818,48.94648191786543,1,Mon-Th,0,2025-04-09,Mon-Th,1,22
11,25.927768475686072,32.84200375109283,1,Mon-Th,0,2025-04-09,Mon-Th,1,22
18,3.028781903053111,11.274149164947787,1,Mon-Th,0,2025-04-09,Mon-Th,1,22
22,6.391338589274532,35.025919589870156,1,Mon-Th,0,2025-04-10,Mon-Th,1,12
20,12.987267290586093,39.029624123079074,1,Mon-Th,0,2025-04-10,Mon-Th,1,12
20,7.283393699056719,6.629259294802589,1,Mon-Th,0,2025-04-10,Mon-Th,1,12
19,13.278730759295481,23.422325942141576,1,Mon-Th,0,2025-04-10,Mon-Th,1,12
21,13.074289265743861,2.1572393286553764,1,Mon-Th,0,2025-04-10,Mon-Th,1,12
22,17.05449383277265,4.366397613711209,1,Mon-Th,0,2025-04-10,Mon-Th,1,12
17,17.7275151624354,37.144392457328195,1,Mon-Th,0,2025-04-10,Mon-Th,1,12
17,12.771361481724611,6.328682319170795,1,Mon-Th,0,2025-04-10,Mon-Th,1,12
21,4.979124488658989,12.654785181563057,1,Mon-Th,0,2025-04-10,Mon-Th,1,12
0,22.73439256664245,22.090374736102554,1,Mon-Th,0,2025-04-10,Mon-Th,1,12
23,7.6478627831963815,9.495047687933813,1,Mon-Th,0,2025-04-10,Mon-Th,1,12
19,14.998645629947813,3.690925321001929,1,Mon-Th,0,2025-04-10,Mon-Th,1,12
12,12.66768570943858,28.8923604978212,1,Mon-Th,0,2025-04-14,Mon-Th,1,18
14,2.8949297450764546,14.390884953890447,1,Mon-Th,0,2025-04-14,Mon-Th,1,18
18,10.344853305759404,8.854675196989328,1,Mon-Th,0,2025-04-14,Mon-Th,1,18
14,2.4305766538506175,5.754964345263887,1,Mon-Th,0,2025-04-14,Mon-Th,1,18
20,6.799580739198893,12.422556749320965,1,Mon-Th,0,2025-04-14,Mon-Th,1,18
10,24.34680074890343,5.909165418599959,1,Mon-Th,0,2025-04-14,Mon-Th,1,18
20,12.998368609663789,10.855649750223707,1,Mon-Th,0,2025-04-14,Mon-Th,1,18
23,27.99602580233589,10.135522301300831,1,Mon-Th,0,2025-04-14,Mon-Th,1,18
12,2.881867779457783,8.015169472271502,1,Mon-Th,0,2025-04-14,Mon-Th,1,18
17,35.35219608077584,10.164617963072791,1,Mon-Th,0,2025-04-14,Mon-Th,1,18
17,2.169595510774183,1.3663585921291226,1,Mon-Th,0,2025-04-14,Mon-Th,1,18
19,11.101546776000326,3.3702159883024976,1,Mon-Th,0,2025-04-14,Mon-Th,1,18
19,2.0048575529747517,5.969093199421648,1,Mon-Th,0,2025-04-14,Mon-Th,1,18
17,12.601565096240478,0.8176779801040207,1,Mon-Th,0,2025-04-14,Mon-Th,1,18
19,17.473660263650757,16.178216440536414,1,Mon-Th,0,2025-04-14,Mon-Th,1,18
21,9.284493263858103,21.789806391431537,1,Mon-Th,0,2025-04-14,Mon-Th,1,18
17,17.410313148473406,4.792630975184743,1,Mon-Th,0,2025-04-14,Mon-Th,1,18
20,17.308769559589134,18.7865689039944,1,Mon-Th,0,2025-04-14,Mon-Th,1,18
19,13.961163831738997,23.234023218942017,1,Mon-Th,0,2025-04-15,Mon-Th,1,16
16,2.9884875941732894,9.131850618495047,1,Mon-Th,0,2025-04-15,Mon-Th,1,16
21,10.359144800608803,19.705007850183517,1,Mon-Th,0,2025-04-15,Mon-Th,1,16
20,2.7246498256501286,6.409092201514675,1,Mon-Th,0,2025-04-15,Mon-Th,1,16
15,19.02598251041151,5.302837966991794,1,Mon-Th,0,2025-04-15,Mon-Th,1,16
18,10.815676245369886,3.7577787028984,1,Mon-Th,0,2025-04-15,Mon-Th,1,16
23,9.174041731175581,10.448881039299977,1,Mon-Th,0,2025-04-15,Mon-Th,1,16
19,13.757268993179807,7.321822262141823,1,Mon-Th,0,2025-04-15,Mon-Th,1,16
15,25.421147357779102,4.1772424930002465,1,Mon-Th,0,2025-04-15,Mon-Th,1,16
20,9.698772463948714,22.992328844035608,1,Mon-Th,0,2025-04-15,Mon-Th,1,16
18,16.15019631927519,9.21925701417777,1,Mon-Th,0,2025-04-15,Mon-Th,1,16
16,34.968272736225465,27.495897670437596,1,Mon-Th,0,2025-04-15,Mon-Th,1,16
20,12.357880423433752,27.952391792897295,1,Mon-Th,0,2025-04-15,Mon-Th,1,16
23,7.382884097282608,21.555734050673955,1,Mon-Th,0,2025-04-15,Mon-Th,1,16
14,3.117505520817074,15.351222237422855,1,Mon-Th,0,2025-04-15,Mon-Th,1,16
9,2.0106838102294717,5.135184136462589,1,Mon-Th,0,2025-04-15,Mon-Th,1,16
10,8.578654544497553,10.497265285854388,1,Mon-Th,0,2025-04-16,Mon-Th,1,14
8,4.65536304597925,28.210248601753303,1,Mon-Th,0,2025-04-16,Mon-Th,1,14
9,18.327321298908185,11.061998753200513,1,Mon-Th,0,2025-04-16,Mon-Th,1,14
21,14.187718390945061,12.788565676385968,1,Mon-Th,0,2025-04-16,Mon-Th,1,14
21,6.575724684123347,5.689935775119473,1,Mon-Th,0,2025-04-16,Mon-Th,1,14
22,7.979637754305621,6.605430261109234,1,Mon-Th,0,2025-04-16,Mon-Th,1,14
23,19.545998502411962,9.780217875758979,1,Mon-Th,0,2025-04-16,Mon-Th,1,14
22,11.65609162801875,20.59278957896507,1,Mon-Th,0,2025-04-16,Mon-Th,1,14
14,13.535692710190922,12.19694803379222,1,Mon-Th,0,2025-04-16,Mon-Th,1,14
17,5.4124991666783,11.399768201441411,1,Mon-Th,0,2025-04-16,Mon-Th,1,14
19,87.69734278333034,34.52448835763003,1,Mon-Th,0,2025-04-16,Mon-Th,1,14
18,9.327305766104782,8.009235392117843,1,Mon-Th,0,2025-04-16,Mon-Th,1,14
21,9.884642715632026,17.25850581934341,1,Mon-Th,0,2025-04-16,Mon-Th,1,14
16,14.726815615913008,7.797152850063698,1,Mon-Th,0,2025-04-16,Mon-Th,1,14
3,4.2665356449256535,14.457703092446183,1,Mon-Th,0,2025-04-17,Mon-Th,1,21
20,17.67077755321099,7.6183198339962095,1,Mon-Th,0,2025-04-17,Mon-Th,1,21
12,19.37954853315195,4.683448429660561,1,Mon-Th,0,2025-04-17,Mon-Th,1,21
21,11.594112290674552,18.547560572477888,1,Mon-Th,0,2025-04-17,Mon-Th,1,21
20,13.572569594200171,6.206262909680618,1,Mon-Th,0,2025-04-17,Mon-Th,1,21
16,25.08500902237467,5.021302242384774,1,Mon-Th,0,2025-04-17,Mon-Th,1,21
15,10.102361352914311,32.85059744561445,1,Mon-Th,0,2025-04-17,Mon-Th,1,21
19,14.797652441006402,7.165823667048566,1,Mon-Th,0,2025-04-17,Mon-Th,1,21
17,5.772504640336264,9.966901457181084,1,Mon-Th,0,2025-04-17,Mon-Th,1,21
16,11.751083810283049,23.763217355138764,1,Mon-Th,0,2025-04-17,Mon-Th,1,21
23,8.707022210931862,13.101537347139885,1,Mon-Th,0,2025-04-17,Mon-Th,1,21
17,14.494250138390111,7.262987952165055,1,Mon-Th,0,2025-04-17,Mon-Th,1,21
20,28.293511195508344,4.5631972099453915,1,Mon-Th,0,2025-04-17,Mon-Th,1,21
9,2.9025461229832867,17.121666846772424,1,Mon-Th,0,2025-04-17,Mon-Th,1,21
13,12.941569680560203,9.51794980704854,1,Mon-Th,0,2025-04-17,Mon-Th,1,21
19,3.210676228555992,3.2798485213042756,1,Mon-Th,0,2025-04-17,Mon-Th,1,21
19,16.873564146148215,4.2351753509348065,1,Mon-Th,0,2025-04-17,Mon-Th,1,21
15,11.328751478211743,21.69930287453874,1,Mon-Th,0,2025-04-17,Mon-Th,1,21
15,14.805200285564602,6.729463548863676,1,Mon-Th,0,2025-04-17,Mon-Th,1,21
19,5.999288389563208,16.51928707438438,1,Mon-Th,0,2025-04-17,Mon-Th,1,21
3,10.168485297435357,31.49400772100122,1,Mon-Th,0,2025-04-17,Mon-Th,1,21
16,5.715426505147465,3.1370017969107495,1,Mon-Th,0,2025-04-21,Mon-Th,1,18
18,7.2088395144580755,4.239473867197219,1,Mon-Th,0,2025-04-21,Mon-Th,1,18
16,2.3848641404626814,8.954264946267536,1,Mon-Th,0,2025-04-21,Mon-Th,1,18
19,4.884140130087675,16.00512208247289,1,Mon-Th,0,2025-04-21,Mon-Th,1,18
15,7.184818802231362,1.8171538466843347,1,Mon-Th,0,2025-04-21,Mon-Th,1,18
20,11.629867277138143,5.96981016894809,1,Mon-Th,0,2025-04-21,Mon-Th,1,18
18,9.380471724501096,9.952420625316362,1,Mon-Th,0,2025-04-21,Mon-Th,1,18
15,6.1427455057801,4.046497330257732,1,Mon-Th,0,2025-04-21,Mon-Th,1,18
21,15.955860081716981,7.948155102317802,1,Mon-Th,0,2025-04-21,Mon-Th,1,18
19,13.135966118332568,10.142197341046874,1,Mon-Th,0,2025-04-21,Mon-Th,1,18
22,7.347710224730962,5.374015786301461,1,Mon-Th,0,2025-04-21,Mon-Th,1,18
17,2.080722893039567,3.1498781443088157,1,Mon-Th,0,2025-04-21,Mon-Th,1,18
23,13.297415111137909,25.581727944411618,1,Mon-Th,0,2025-04-21,Mon-Th,1,18
19,15.57779945450963,3.057436121065585,1,Mon-Th,0,2025-04-21,Mon-Th,1,18
9,7.0881686431740984,19.054940719424735,1,Mon-Th,0,2025-04-21,Mon-Th,1,18
15,16.134147583937896,4.398851737750882,1,Mon-Th,0,2025-04-21,Mon-Th,1,18
18,14.226025554522678,7.801232035503032,1,Mon-Th,0,2025-04-21,Mon-Th,1,18
22,24.93061847118713,31.18772094889862,1,Mon-Th,0,2025-04-21,Mon-Th,1,18
23,10.671652675671233,8.606487142992933,1,Mon-Th,0,2025-04-22,Mon-Th,1,11
21,12.402503598905447,7.450763820525922,1,Mon-Th,0,2025-04-22,Mon-Th,1,11
16,5.140504530886185,8.352806521589537,1,Mon-Th,0,2025-04-22,Mon-Th,1,11
16,4.72816250144758,5.54553604867545,1,Mon-Th,0,2025-04-22,Mon-Th,1,11
16,14.647038837129752,11.07327304531259,1,Mon-Th,0,2025-04-22,Mon-Th,1,11
20,17.418341073087007,21.001374041743663,1,Mon-Th,0,2025-04-22,Mon-Th,1,11
17,2.653721117099887,10.556599278711575,1,Mon-Th,0,2025-04-22,Mon-Th,1,11
22,14.380874052171727,11.269027552282092,1,Mon-Th,0,2025-04-22,Mon-Th,1,11
20,11.67659835766953,19.208038244975768,1,Mon-Th,0,2025-04-22,Mon-Th,1,11
19,36.80816080720007,0.5911349043774154,1,Mon-Th,0,2025-04-22,Mon-Th,1,11
22,10.388415396573649,30.814065916681503,1,Mon-Th,0,2025-04-22,Mon-Th,1,11
22,21.795367679496643,9.288609245444935,1,Mon-Th,0,2025-04-23,Mon-Th,1,22
12,2.2674850929402406,6.620694860025901,1,Mon-Th,0,2025-04-23,Mon-Th,1,22
18,14.752754271092147,7.925220320947156,1,Mon-Th,0,2025-04-23,Mon-Th,1,22
8,2.2051732212956865,12.701095308857177,1,Mon-Th,0,2025-04-23,Mon-Th,1,22
20,8.095813203227092,8.54015421405691,1,Mon-Th,0,2025-04-23,Mon-Th,1,22
18,10.783952294850543,12.004061682249347,1,Mon-Th,0,2025-04-23,Mon-Th,1,22
22,11.805015741648372,10.60231921137073,1,Mon-Th,0,2025-04-23,Mon-Th,1,22
17,3.700584086089986,11.396832310499438,1,Mon-Th,0,2025-04-23,Mon-Th,1,22
23,14.298373915254661,24.325723738551225,1,Mon-Th,0,2025-04-23,Mon-Th,1,22
8,2.7608027402943547,1.2839071877380497,1,Mon-Th,0,2025-04-23,Mon-Th,1,22
22,27.56851976805217,19.97403358884473,1,Mon-Th,0,2025-04-23,Mon-Th,1,22
12,9.586290316458077,5.020116907389887,1,Mon-Th,0,2025-04-23,Mon-Th,1,22
17,11.665180227892616,6.734002725122561,1,Mon-Th,0,2025-04-23,Mon-Th,1,22
18,13.489198562312716,6.3867262578998965,1,Mon-Th,0,2025-04-23,Mon-Th,1,22
14,8.283783886623983,31.93585523441339,1,Mon-Th,0,2025-04-23,Mon-Th,1,22
19,2.08851039852109,13.3772380348446,1,Mon-Th,0,2025-04-23,Mon-Th,1,22
22,11.578868354369654,3.4443572914615155,1,Mon-Th,0,2025-04-23,Mon-Th,1,22
16,22.258265071372584,4.302013430748753,1,Mon-Th,0,2025-04-23,Mon-Th,1,22
18,14.077662415138345,19.306720508506626,1,Mon-Th,0,2025-04-23,Mon-Th,1,22
21,9.536581983172365,12.85026590892044,1,Mon-Th,0,2025-04-23,Mon-Th,1,22
23,5.034525531340474,11.721641705947004,1,Mon-Th,0,2025-04-23,Mon-Th,1,22
22,7.863987698430215,17.159487301139396,1,Mon-Th,0,2025-04-23,Mon-Th,1,22
21,11.655805386665914,5.196500328175995,1,Mon-Th,0,2025-04-24,Mon-Th,1,15
23,7.341464089294892,2.5342476688530073,1,Mon-Th,0,2025-04-24,Mon-Th,1,15
16,42.768510322472316,10.175590514133066,1,Mon-Th,0,2025-04-24,Mon-Th,1,15
18,7.49514679081124,7.49328724551191,1,Mon-Th,0,2025-04-24,Mon-Th,1,15
23,10.82007745349011,10.839004770279928,1,Mon-Th,0,2025-04-24,Mon-Th,1,15
17,20.45522472838337,9.832420178369842,1,Mon-Th,0,2025-04-24,Mon-Th,1,15
17,10.849971244669145,3.7319922136448396,1,Mon-Th,0,2025-04-24,Mon-Th,1,15
14,6.1118150335194805,14.181551705356085,1,Mon-Th,0,2025-04-24,Mon-Th,1,15
20,11.414189736085557,13.367763005483502,1,Mon-Th,0,2025-04-24,Mon-Th,1,15
17,53.32055746101542,22.27177146229357,1,Mon-Th,0,2025-04-24,Mon-Th,1,15
23,9.841228716023727,8.256986813735667,1,Mon-Th,0,2025-04-24,Mon-Th,1,15
19,17.297935644375116,22.94427798644235,1,Mon-Th,0,2025-04-24,Mon-Th,1,15
23,10.713571931892787,8.846624865791785,1,Mon-Th,0,2025-04-24,Mon-Th,1,15
17,13.464161069686309,9.948136966546162,1,Mon-Th,0,2025-04-24,Mon-Th,1,15
14,60.173242538917314,4.234601975624858,1,Mon-Th,0,2025-04-24,Mon-Th,1,15
20,11.981657886517834,24.894215169015848,1,Mon-Th,0,2025-04-28,Mon-Th,1,19
19,20.848054727483067,19.820807782939365,1,Mon-Th,0,2025-04-28,Mon-Th,1,19
18,14.972319564508012,4.757034750637334,1,Mon-Th,0,2025-04-28,Mon-Th,1,19
18,14.082142232747668,13.936782761090598,1,Mon-Th,0,2025-04-28,Mon-Th,1,19
20,19.286935752645917,10.950650391082815,1,Mon-Th,0,2025-04-28,Mon-Th,1,19
9,19.66104858671845,5.562695796412761,1,Mon-Th,0,2025-04-28,Mon-Th,1,19
16,8.830120820650814,8.35300938124256,1,Mon-Th,0,2025-04-28,Mon-Th,1,19
8,2.558046584493928,3.2070619137602625,1,Mon-Th,0,2025-04-28,Mon-Th,1,19
11,20.083782397251845,15.808692335959456,1,Mon-Th,0,2025-04-28,Mon-Th,1,19
14,26.055903401276847,5.22598595442316,1,Mon-Th,0,2025-04-28,Mon-Th,1,19
22,7.039009668720218,4.411884202255966,1,Mon-Th,0,2025-04-28,Mon-Th,1,19
23,14.48152595762997,5.201629385666287,1,Mon-Th,0,2025-04-28,Mon-Th,1,19
17,12.975781832485524,7.1802722664506655,1,Mon-Th,0,2025-04-28,Mon-Th,1,19
15,3.5887728891647273,11.85149852957003,1,Mon-Th,0,2025-04-28,Mon-Th,1,19
20,8.56607925360205,26.82602761449636,1,Mon-Th,0,2025-04-28,Mon-Th,1,19
22,12.834393782985853,15.681557785570305,1,Mon-Th,0,2025-04-28,Mon-Th,1,19
14,15.849253370694619,52.69166894412388,1,Mon-Th,0,2025-04-28,Mon-Th,1,19
23,8.62621614119854,8.314958092914985,1,Mon-Th,0,2025-04-28,Mon-Th,1,19
19,10.383992410162254,3.236455594541802,1,Mon-Th,0,2025-04-28,Mon-Th,1,19
16,2.1004928606740085,7.477562790269875,1,Mon-Th,0,2025-04-29,Mon-Th,1,19
20,9.207997000623134,5.40362443539426,1,Mon-Th,0,2025-04-29,Mon-Th,1,19
23,11.792480448229902,7.517520285191732,1,Mon-Th,0,2025-04-29,Mon-Th,1,19
19,12.224972951348121,30.14374315931213,1,Mon-Th,0,2025-04-29,Mon-Th,1,19
20,13.205746347686777,5.122236773152378,1,Mon-Th,0,2025-04-29,Mon-Th,1,19
22,10.11350857215196,23.942780415018944,1,Mon-Th,0,2025-04-29,Mon-Th,1,19
15,2.1812595736362157,12.072448490773693,1,Mon-Th,0,2025-04-29,Mon-Th,1,19
23,9.477032545237103,20.785109519639494,1,Mon-Th,0,2025-04-29,Mon-Th,1,19
19,11.263072891764544,22.332329607040396,1,Mon-Th,0,2025-04-29,Mon-Th,1,19
20,16.587166996445127,9.7600780246376,1,Mon-Th,0,2025-04-29,Mon-Th,1,19
10,4.395621640777371,13.829243153464784,1,Mon-Th,0,2025-04-29,Mon-Th,1,19
19,9.899652369863546,17.957332375589413,1,Mon-Th,0,2025-04-29,Mon-Th,1,19
16,21.070739747942916,1.8781564835812614,1,Mon-Th,0,2025-04-29,Mon-Th,1,19
13,15.219682088761221,5.616543301554976,1,Mon-Th,0,2025-04-29,Mon-Th,1,19
20,16.061108152057027,9.88506207596916,1,Mon-Th,0,2025-04-29,Mon-Th,1,19
19,19.46935294928596,14.88852681354733,1,Mon-Th,0,2025-04-29,Mon-Th,1,19
23,14.687272331864861,12.942568136970799,1,Mon-Th,0,2025-04-29,Mon-Th,1,19
17,17.882669625765303,12.317890931200532,1,Mon-Th,0,2025-04-29,Mon-Th,1,19
23,13.884641549259523,22.44219632654983,1,Mon-Th,0,2025-04-29,Mon-Th,1,19
17,14.800168603578594,1.7073542266466644,1,Mon-Th,0,2025-04-30,Mon-Th,1,20
13,2.0288896354604122,10.743784906025164,1,Mon-Th,0,2025-04-30,Mon-Th,1,20
18,10.151837461173582,32.092873202530974,1,Mon-Th,0,2025-04-30,Mon-Th,1,20
17,117.04468660913759,23.1624888630557,1,Mon-Th,0,2025-04-30,Mon-Th,1,20
8,6.102592885017346,4.6277791799860895,1,Mon-Th,0,2025-04-30,Mon-Th,1,20
21,11.007863122271992,7.8162975715882865,1,Mon-Th,0,2025-04-30,Mon-Th,1,20
19,13.472702047354716,6.235394698639541,1,Mon-Th,0,2025-04-30,Mon-Th,1,20
19,12.442387498257663,5.9017207899419635,1,Mon-Th,0,2025-04-30,Mon-Th,1,20
23,10.201343686637777,9.249262665254637,1,Mon-Th,0,2025-04-30,Mon-Th,1,20
21,13.283277410095643,16.350495074349205,1,Mon-Th,0,2025-04-30,Mon-Th,1,20
13,4.011135099261313,4.2190228970891805,1,Mon-Th,0,2025-04-30,Mon-Th,1,20
22,12.540751128970768,17.777472007489905,1,Mon-Th,0,2025-04-30,Mon-Th,1,20
23,5.536072802988214,17.492190906790594,1,Mon-Th,0,2025-04-30,Mon-Th,1,20
4,2.3044799452987825,7.19443963000624,1,Mon-Th,0,2025-04-30,Mon-Th,1,20
11,12.669434961932787,5.776047210859085,1,Mon-Th,0,2025-04-30,Mon-Th,1,20
17,3.9988430440462253,4.2935160388969775,1,Mon-Th,0,2025-04-30,Mon-Th,1,20
15,20.04345735085555,11.755867590364979,1,Mon-Th,0,2025-04-30,Mon-Th,1,20
17,10.85209523831302,8.328398479807213,1,Mon-Th,0,2025-04-30,Mon-Th,1,20
20,20.36128765741506,3.7711813758815618,1,Mon-Th,0,2025-04-30,Mon-Th,1,20
22,11.034310890100922,15.062439318805644,1,Mon-Th,0,2025-04-30,Mon-Th,1,20
22,9.134022888857228,3.9519590886011766,1,Mon-Th,0,2025-05-01,Mon-Th,1,23
15,29.075711086688,4.0277795874397055,1,Mon-Th,0,2025-05-01,Mon-Th,1,23
19,10.958991918770902,9.671912890831306,1,Mon-Th,0,2025-05-01,Mon-Th,1,23
16,2.7208479788930435,2.713619697704795,1,Mon-Th,0,2025-05-01,Mon-Th,1,23
22,10.493572211549605,14.153767572184801,1,Mon-Th,0,2025-05-01,Mon-Th,1,23
19,39.98789331070558,11.617771458431791,1,Mon-Th,0,2025-05-01,Mon-Th,1,23
14,4.257099858257611,5.781507591134122,1,Mon-Th,0,2025-05-01,Mon-Th,1,23
16,5.282313094668845,9.604128855422028,1,Mon-Th,0,2025-05-01,Mon-Th,1,23
19,14.550617706359873,6.260036422760936,1,Mon-Th,0,2025-05-01,Mon-Th,1,23
16,27.12541472156596,2.4522064515812674,1,Mon-Th,0,2025-05-01,Mon-Th,1,23
19,8.774412131396785,4.912618913766242,1,Mon-Th,0,2025-05-01,Mon-Th,1,23
18,14.309609434145063,31.07439274251115,1,Mon-Th,0,2025-05-01,Mon-Th,1,23
20,12.994139048216937,8.285156087708632,1,Mon-Th,0,2025-05-01,Mon-Th,1,23
16,17.404411515086657,1.222877773544175,1,Mon-Th,0,2025-05-01,Mon-Th,1,23
18,2.1659168609554156,6.333216332161475,1,Mon-Th,0,2025-05-01,Mon-Th,1,23
11,5.01688330602124,8.237707065821098,1,Mon-Th,0,2025-05-01,Mon-Th,1,23
17,42.75474310298557,25.476388896309285,1,Mon-Th,0,2025-05-01,Mon-Th,1,23
23,13.337442672553841,17.59886179132575,1,Mon-Th,0,2025-05-01,Mon-Th,1,23
18,12.528569230075938,19.794926754840294,1,Mon-Th,0,2025-05-01,Mon-Th,1,23
19,15.990281730634099,3.5277459379937035,1,Mon-Th,0,2025-05-01,Mon-Th,1,23
20,22.964300753002696,6.93689555212523,1,Mon-Th,0,2025-05-01,Mon-Th,1,23
22,9.755335499519658,12.038404355935908,1,Mon-Th,0,2025-05-01,Mon-Th,1,23
12,4.28907176301729,4.335204148464532,1,Mon-Th,0,2025-05-01,Mon-Th,1,23
16,6.525831275658737,5.139384126074951,1,Mon-Th,0,2025-05-05,Mon-Th,1,14
12,19.578453223242658,20.05293685800564,1,Mon-Th,0,2025-05-05,Mon-Th,1,14
17,13.662548602801177,17.344767709263493,1,Mon-Th,0,2025-05-05,Mon-Th,1,14
4,10.591970827857413,23.204768163280395,1,Mon-Th,0,2025-05-05,Mon-Th,1,14
0,6.044129244766797,8.87680701004617,1,Mon-Th,0,2025-05-05,Mon-Th,1,14
19,3.3652499085512995,13.989776623814983,1,Mon-Th,0,2025-05-05,Mon-Th,1,14
18,48.49752420509386,9.888196544928336,1,Mon-Th,0,2025-05-05,Mon-Th,1,14
20,14.24305733383504,11.977761429991656,1,Mon-Th,0,2025-05-05,Mon-Th,1,14
22,20.596882174366076,22.135673995406233,1,Mon-Th,0,2025-05-05,Mon-Th,1,14
17,22.39256286860381,6.293531319735408,1,Mon-Th,0,2025-05-05,Mon-Th,1,14
18,4.0163371132944246,1.313188884797993,1,Mon-Th,0,2025-05-05,Mon-Th,1,14
17,13.850582286463812,0.8170665182339762,1,Mon-Th,0,2025-05-05,Mon-Th,1,14
23,20.56449342111165,5.903006626120464,1,Mon-Th,0,2025-05-05,Mon-Th,1,14
16,10.385682647430286,29.068280124630306,1,Mon-Th,0,2025-05-05,Mon-Th,1,14
21,10.41514326349132,21.75798230369376,1,Mon-Th,0,2025-05-06,Mon-Th,1,23
19,11.944155887014439,30.62726956281157,1,Mon-Th,0,2025-05-06,Mon-Th,1,23
16,11.478320687941402,14.851689764554399,1,Mon-Th,0,2025-05-06,Mon-Th,1,23
20,14.969917277561425,18.076761952828743,1,Mon-Th,0,2025-05-06,Mon-Th,1,23
12,16.326236531835015,12.414237226090808,1,Mon-Th,0,2025-05-06,Mon-Th,1,23
17,3.542914703497666,8.515492277345466,1,Mon-Th,0,2025-05-06,Mon-Th,1,23
15,5.908914112157904,16.02228706137915,1,Mon-Th,0,2025-05-06,Mon-Th,1,23
23,11.50840947618596,15.42444271981639,1,Mon-Th,0,2025-05-06,Mon-Th,1,23
19,14.996673624441865,4.819532546381862,1,Mon-Th,0,2025-05-06,Mon-Th,1,23
19,13.581262517317313,19.234035788812086,1,Mon-Th,0,2025-05-06,Mon-Th,1,23
18,35.75719517393532,28.641792300632797,1,Mon-Th,0,2025-05-06,Mon-Th,1,23
13,24.7589736560108,9.952901179834504,1,Mon-Th,0,2025-05-06,Mon-Th,1,23
22,11.060223355336667,5.243134585335809,1,Mon-Th,0,2025-05-06,Mon-Th,1,23
23,8.531932833464031,2.716524018676494,1,Mon-Th,0,2025-05-06,Mon-Th,1,23
19,14.178671209637894,13.386624061067137,1,Mon-Th,0,2025-05-06,Mon-Th,1,23
14,10.989917234086285,21.391857879920924,1,Mon-Th,0,2025-05-06,Mon-Th,1,23
21,16.24397499896582,3.802689272591058,1,Mon-Th,0,2025-05-06,Mon-Th,1,23
17,17.597963318640662,4.579063510071367,1,Mon-Th,0,2025-05-06,Mon-Th,1,23
19,16.23320410217595,20.1561754762298,1,Mon-Th,0,2025-05-06,Mon-Th,1,23
23,10.486744339831557,4.695002408447625,1,Mon-Th,0,2025-05-06,Mon-Th,1,23
20,13.046104297465106,6.606502806222188,1,Mon-Th,0,2025-05-06,Mon-Th,1,23
13,22.775760575080415,16.607053166271044,1,Mon-Th,0,2025-05-06,Mon-Th,1,23
20,19.77558811481669,2.8488025414481415,1,Mon-Th,0,2025-05-06,Mon-Th,1,23
23,14.034639596471475,1.520156776873747,1,Mon-Th,0,2025-05-07,Mon-Th,1,14
19,6.6174589488417475,12.003230930043356,1,Mon-Th,0,2025-05-07,Mon-Th,1,14
20,8.347107679367388,2.6405159068506663,1,Mon-Th,0,2025-05-07,Mon-Th,1,14
19,8.66198525714276,16.52021291928445,1,Mon-Th,0,2025-05-07,Mon-Th,1,14
19,14.581165585722196,4.4604649328494625,1,Mon-Th,0,2025-05-07,Mon-Th,1,14
8,2.986236680063752,9.539109179284408,1,Mon-Th,0,2025-05-07,Mon-Th,1,14
18,10.92484488204822,35.74065423373206,1,Mon-Th,0,2025-05-07,Mon-Th,1,14
18,15.814233552297889,3.4065818824897915,1,Mon-Th,0,2025-05-07,Mon-Th,1,14
16,8.117116692807823,10.25413936741371,1,Mon-Th,0,2025-05-07,Mon-Th,1,14
20,12.373064431335546,38.6903778802686,1,Mon-Th,0,2025-05-07,Mon-Th,1,14
18,12.407775471916175,58.51509654361835,1,Mon-Th,0,2025-05-07,Mon-Th,1,14
22,12.480520014144684,30.969313757410873,1,Mon-Th,0,2025-05-07,Mon-Th,1,14
18,13.9117017174366,13.434749807434756,1,Mon-Th,0,2025-05-07,Mon-Th,1,14
19,3.208738836780631,9.908839918331811,1,Mon-Th,0,2025-05-07,Mon-Th,1,14
19,8.031839537205062,6.044733084255269,2,Sunday,0,2025-06-22,Sunday,2,36
7,23.44375494798825,12.398662280471253,2,Sunday,0,2025-06-22,Sunday,2,36
0,4.586366461082546,2.7272772918678143,2,Sunday,0,2025-06-22,Sunday,2,36
20,11.20553537568508,16.915475413299276,2,Sunday,0,2025-06-22,Sunday,2,36
19,11.589174122486487,11.282191664435793,2,Sunday,0,2025-06-22,Sunday,2,36
11,8.732614810337752,3.731598363299799,2,Sunday,0,2025-06-22,Sunday,2,36
4,14.70854216780495,28.307661602411592,2,Sunday,0,2025-06-22,Sunday,2,36
16,12.484825265371228,10.706819689937376,2,Sunday,0,2025-06-22,Sunday,2,36
22,11.77771475600722,6.147246986156387,2,Sunday,0,2025-06-22,Sunday,2,36
12,10.603214328746432,12.302044203983927,2,Sunday,0,2025-06-22,Sunday,2,36
19,13.173489482824397,13.26636506178905,2,Sunday,0,2025-06-22,Sunday,2,36
13,3.7698249870117246,3.8148495771637885,2,Sunday,0,2025-06-22,Sunday,2,36
20,11.290351125601138,9.33526666993411,2,Sunday,0,2025-06-22,Sunday,2,36
16,5.772308404680485,15.135081797183252,2,Sunday,0,2025-06-22,Sunday,2,36
19,13.760192813492203,5.465643923053366,2,Sunday,0,2025-06-22,Sunday,2,36
14,2.2025718373622776,3.8210756432495714,2,Sunday,0,2025-06-22,Sunday,2,36
18,12.518388557786306,9.44872487789115,2,Sunday,0,2025-06-22,Sunday,2,36
20,7.5751727146016234,7.9541492472757,2,Sunday,0,2025-06-22,Sunday,2,36
16,21.415538419204047,2.9400797355664627,2,Sunday,0,2025-06-22,Sunday,2,36
15,5.91022807524112,9.044388274531096,2,Sunday,0,2025-06-22,Sunday,2,36
18,25.951224883611083,1.4665497391723297,2,Sunday,0,2025-06-22,Sunday,2,36
22,11.804585614099327,11.066845085199501,2,Sunday,0,2025-06-22,Sunday,2,36
23,8.10574145687298,5.988778279097079,2,Sunday,0,2025-06-22,Sunday,2,36
17,3.419519921997968,12.20389121889841,2,Sunday,0,2025-06-22,Sunday,2,36
17,8.922199235679894,11.027959992616813,2,Sunday,0,2025-06-22,Sunday,2,36
18,10.114573976432954,4.136374581782456,2,Sunday,0,2025-06-22,Sunday,2,36
0,5.823100389790239,19.098822165507368,2,Sunday,0,2025-06-22,Sunday,2,36
20,8.621105894390269,8.774733476400266,2,Sunday,0,2025-06-22,Sunday,2,36
23,12.871903740781324,12.977950586483756,2,Sunday,0,2025-06-22,Sunday,2,36
19,11.254647282450598,11.645298221563715,2,Sunday,0,2025-06-22,Sunday,2,36
20,9.295259268316432,25.24363756966471,2,Sunday,0,2025-06-22,Sunday,2,36
16,7.992435320526608,21.250808399805187,2,Sunday,0,2025-06-22,Sunday,2,36
16,2.6782103297141813,3.7469492022230373,2,Sunday,0,2025-06-22,Sunday,2,36
10,15.438916017914032,6.192103325389675,2,Sunday,0,2025-06-22,Sunday,2,36
20,5.0923691659688926,27.00267746540568,2,Sunday,0,2025-06-22,Sunday,2,36
19,2.5171060428193233,12.005488271137828,2,Sunday,0,2025-06-22,Sunday,2,36
15,25.184251815714177,14.075458923505014,2,Sunday,0,2025-06-29,Sunday,2,46
14,28.031333286459652,34.19659797117566,2,Sunday,0,2025-06-29,Sunday,2,46
17,3.680014299136262,14.30545104521601,2,Sunday,0,2025-06-29,Sunday,2,46
13,5.203136658702832,11.449479615132297,2,Sunday,0,2025-06-29,Sunday,2,46
6,11.92795639895579,25.574871275690402,2,Sunday,0,2025-06-29,Sunday,2,46
11,4.311912211238712,11.378863307420335,2,Sunday,0,2025-06-29,Sunday,2,46
16,7.216548054237874,19.209099740905337,2,Sunday,0,2025-06-29,Sunday,2,46
20,9.031170312006264,5.3672206275634435,2,Sunday,0,2025-06-29,Sunday,2,46
22,9.171125071502964,11.864814804236644,2,Sunday,0,2025-06-29,Sunday,2,46
16,51.05026841840183,9.583757582445925,2,Sunday,0,2025-06-29,Sunday,2,46
23,9.618115192086549,1.9025784485976285,2,Sunday,0,2025-06-29,Sunday,2,46
20,8.415665588917868,9.3166391043273,2,Sunday,0,2025-06-29,Sunday,2,46
14,17.849763244497506,43.19433995006714,2,Sunday,0,2025-06-29,Sunday,2,46
21,9.898721937943186,33.987154440593144,2,Sunday,0,2025-06-29,Sunday,2,46
12,17.93603284496354,20.97741987697367,2,Sunday,0,2025-06-29,Sunday,2,46
23,25.21606741594232,19.05082297415855,2,Sunday,0,2025-06-29,Sunday,2,46
15,12.572691227541029,27.510892127513454,2,Sunday,0,2025-06-29,Sunday,2,46
16,9.516588394416463,15.264801233298092,2,Sunday,0,2025-06-29,Sunday,2,46
22,8.550867427979354,19.349444500118643,2,Sunday,0,2025-06-29,Sunday,2,46
10,20.67232333526473,16.082118665158745,2,Sunday,0,2025-06-29,Sunday,2,46
11,2.259469026016585,2.574896422586469,2,Sunday,0,2025-06-29,Sunday,2,46
13,22.62078139744816,2.9922689811475767,2,Sunday,0,2025-06-29,Sunday,2,46
19,3.375007171996364,12.70388334181,2,Sunday,0,2025-06-29,Sunday,2,46
20,12.776541578480842,8.924744399167203,2,Sunday,0,2025-06-29,Sunday,2,46
5,19.63231246710436,19.203452312774985,2,Sunday,0,2025-06-29,Sunday,2,46
12,8.124884341581403,10.277082324056423,2,Sunday,0,2025-06-29,Sunday,2,46
18,13.597930875594457,9.67571127105594,2,Sunday,0,2025-06-29,Sunday,2,46
16,13.952193100439626,10.35103175905675,2,Sunday,0,2025-06-29,Sunday,2,46
17,11.422050842039713,7.079718516356658,2,Sunday,0,2025-06-29,Sunday,2,46
16,17.63091849494589,1.3316026027012635,2,Sunday,0,2025-06-29,Sunday,2,46
14,13.194945138503943,37.998747995863575,2,Sunday,0,2025-06-29,Sunday,2,46
18,3.3340962728692105,8.517992600808068,2,Sunday,0,2025-06-29,Sunday,2,46
19,8.847260558867841,14.977968794408946,2,Sunday,0,2025-06-29,Sunday,2,46
14,15.495598678559091,18.340797812729132,2,Sunday,0,2025-06-29,Sunday,2,46
18,10.254935778376147,6.5997447042549595,2,Sunday,0,2025-06-29,Sunday,2,46
14,16.638027388825407,14.92495583268094,2,Sunday,0,2025-06-29,Sunday,2,46
8,5.925403147970004,4.500779724875213,2,Sunday,0,2025-06-29,Sunday,2,46
18,18.181057945643836,4.782219512643024,2,Sunday,0,2025-06-29,Sunday,2,46
17,7.562414018439874,4.707826407383803,2,Sunday,0,2025-06-29,Sunday,2,46
16,9.85147179680471,15.271408791618029,2,Sunday,0,2025-06-29,Sunday,2,46
19,3.1141931601640103,12.682129892880589,2,Sunday,0,2025-06-29,Sunday,2,46
12,2.3591892843018396,4.8000263829137495,2,Sunday,0,2025-06-29,Sunday,2,46
16,6.946005510777732,15.137548269212244,2,Sunday,0,2025-06-29,Sunday,2,46
22,18.327852014206172,23.68016375945039,2,Sunday,0,2025-06-29,Sunday,2,46
13,43.764875989167635,22.59767273162377,2,Sunday,0,2025-06-29,Sunday,2,46
17,11.4930229159121,10.936052411144727,2,Sunday,0,2025-06-29,Sunday,2,46
17,9.934703411895661,26.205581016065754,2,Sunday,0,2025-07-06,Sunday,2,38
21,4.150502063243423,9.792026246606182,2,Sunday,0,2025-07-06,Sunday,2,38
23,11.867907067610112,7.4009215364583,2,Sunday,0,2025-07-06,Sunday,2,38
18,11.002142053921819,2.8224870064866083,2,Sunday,0,2025-07-06,Sunday,2,38
19,9.551911400987887,35.41064119234455,2,Sunday,0,2025-07-06,Sunday,2,38
15,15.884512976960636,10.803238022169957,2,Sunday,0,2025-07-06,Sunday,2,38
16,2.276172528407295,6.737606759793366,2,Sunday,0,2025-07-06,Sunday,2,38
23,14.352447437147696,9.116100932872131,2,Sunday,0,2025-07-06,Sunday,2,38
17,13.948542160153938,5.810116732183688,2,Sunday,0,2025-07-06,Sunday,2,38
23,10.316826065294645,2.8810193476004464,2,Sunday,0,2025-07-06,Sunday,2,38
8,3.948074469320562,15.484508330929739,2,Sunday,0,2025-07-06,Sunday,2,38
13,3.521101281495368,14.603770092122511,2,Sunday,0,2025-07-06,Sunday,2,38
10,6.712995499249223,16.75366875506065,2,Sunday,0,2025-07-06,Sunday,2,38
20,11.80352817510903,54.96325074918854,2,Sunday,0,2025-07-06,Sunday,2,38
18,15.293120077532993,29.84731405428388,2,Sunday,0,2025-07-06,Sunday,2,38
21,10.226131377353394,8.496677654463072,2,Sunday,0,2025-07-06,Sunday,2,38
17,14.626799696680013,41.436111141854816,2,Sunday,0,2025-07-06,Sunday,2,38
17,14.565904574889828,20.05818799844512,2,Sunday,0,2025-07-06,Sunday,2,38
17,16.23716215277827,9.497894155878193,2,Sunday,0,2025-07-06,Sunday,2,38
18,8.66690458570563,26.629236452658155,2,Sunday,0,2025-07-06,Sunday,2,38
14,109.36835159555109,1.2431202768225569,2,Sunday,0,2025-07-06,Sunday,2,38
0,22.853288485685823,28.251242725484534,2,Sunday,0,2025-07-06,Sunday,2,38
20,9.703781355319558,21.889823257999158,2,Sunday,0,2025-07-06,Sunday,2,38
22,8.005722246882238,6.2953576037492915,2,Sunday,0,2025-07-06,Sunday,2,38
17,13.004719652869962,3.0241211099327527,2,Sunday,0,2025-07-06,Sunday,2,38
12,4.093594389617298,6.624243877369136,2,Sunday,0,2025-07-06,Sunday,2,38
15,12.58195419475976,9.540889091364312,2,Sunday,0,2025-07-06,Sunday,2,38
14,8.190106331535507,6.949422555285339,2,Sunday,0,2025-07-06,Sunday,2,38
22,16.136385135064582,12.303869336386326,2,Sunday,0,2025-07-06,Sunday,2,38
16,12.642039182804805,12.301166390835917,2,Sunday,0,2025-07-06,Sunday,2,38
0,18.920029661358814,39.07300132318021,2,Sunday,0,2025-07-06,Sunday,2,38
20,16.734826254471834,43.709544327468386,2,Sunday,0,2025-07-06,Sunday,2,38
17,8.574857961081255,10.614803883685527,2,Sunday,0,2025-07-06,Sunday,2,38
16,14.278961190292982,35.979105237365445,2,Sunday,0,2025-07-06,Sunday,2,38
11,6.350083900368753,17.503017705404115,2,Sunday,0,2025-07-06,Sunday,2,38
0,8.929453228713136,20.826533829377173,2,Sunday,0,2025-07-06,Sunday,2,38
18,16.16610168886206,5.286260900766282,2,Sunday,0,2025-07-06,Sunday,2,38
19,17.397481718374497,33.75455801223863,2,Sunday,0,2025-07-06,Sunday,2,38
22,11.871864698285755,25.82222192205293,2,Sunday,0,2025-07-13,Sunday,2,50
17,14.588118195086846,39.00138078121152,2,Sunday,0,2025-07-13,Sunday,2,50
12,31.41510635119039,0.5928410213157865,2,Sunday,0,2025-07-13,Sunday,2,50
14,15.798984567857978,5.422642980598325,2,Sunday,0,2025-07-13,Sunday,2,50
16,5.817527738067058,6.702095968678839,2,Sunday,0,2025-07-13,Sunday,2,50
20,10.593000250015123,10.892101606763166,2,Sunday,0,2025-07-13,Sunday,2,50
19,5.389038046941083,16.948221712332966,2,Sunday,0,2025-07-13,Sunday,2,50
13,4.890405005159035,5.037657390542002,2,Sunday,0,2025-07-13,Sunday,2,50
16,15.709369125595924,8.174561598246177,2,Sunday,0,2025-07-13,Sunday,2,50
18,63.12683660279596,17.464342624751612,2,Sunday,0,2025-07-13,Sunday,2,50
1,7.627359356508803,7.013105057786207,2,Sunday,0,2025-07-13,Sunday,2,50
17,15.462886383505737,12.140769340016638,2,Sunday,0,2025-07-13,Sunday,2,50
14,17.99677216129489,5.072623320292897,2,Sunday,0,2025-07-13,Sunday,2,50
16,16.4443448743265,15.147445497752386,2,Sunday,0,2025-07-13,Sunday,2,50
17,2.075014467876561,14.071241574298336,2,Sunday,0,2025-07-13,Sunday,2,50
2,13.484485063813754,45.78294658419217,2,Sunday,0,2025-07-13,Sunday,2,50
19,11.560851059341626,28.346304918300206,2,Sunday,0,2025-07-13,Sunday,2,50
8,9.455456129885903,1.22509313505266,2,Sunday,0,2025-07-13,Sunday,2,50
15,32.42054356463349,9.748705316185182,2,Sunday,0,2025-07-13,Sunday,2,50
14,15.342253322676843,4.242016002799701,2,Sunday,0,2025-07-13,Sunday,2,50
13,17.403668937035743,80.46060573990653,2,Sunday,0,2025-07-13,Sunday,2,50
21,11.59827715075253,15.017401828464251,2,Sunday,0,2025-07-13,Sunday,2,50
16,9.475878750586439,36.391128820185756,2,Sunday,0,2025-07-13,Sunday,2,50
13,16.963894493491484,9.013198931475978,2,Sunday,0,2025-07-13,Sunday,2,50
17,25.035911207062885,13.509449939549736,2,Sunday,0,2025-07-13,Sunday,2,50
20,10.221171007369854,6.205940609777966,2,Sunday,0,2025-07-13,Sunday,2,50
14,13.756224038210867,22.45583379050071,2,Sunday,0,2025-07-13,Sunday,2,50
14,17.43749365947006,0.6118111937756693,2,Sunday,0,2025-07-13,Sunday,2,50
18,43.6373056443352,21.846864686126125,2,Sunday,0,2025-07-13,Sunday,2,50
19,6.28945077823716,5.649507360090439,2,Sunday,0,2025-07-13,Sunday,2,50
15,16.94574802941811,14.755623966165535,2,Sunday,0,2025-07-13,Sunday,2,50
15,18.115222479910887,4.516700553554217,2,Sunday,0,2025-07-13,Sunday,2,50
20,3.4396098986867156,14.06574143067672,2,Sunday,0,2025-07-13,Sunday,2,50
15,7.90397760711401,12.485497332917237,2,Sunday,0,2025-07-13,Sunday,2,50
15,18.024967448915874,23.083921103769367,2,Sunday,0,2025-07-13,Sunday,2,50
16,2.2457241479483177,4.0503886598090055,2,Sunday,0,2025-07-13,Sunday,2,50
16,14.537630985513374,9.018743465470807,2,Sunday,0,2025-07-13,Sunday,2,50
16,22.339968575839094,65.36586282856963,2,Sunday,0,2025-07-13,Sunday,2,50
2,7.436033552063386,35.85780952695173,2,Sunday,0,2025-07-13,Sunday,2,50
23,9.303449741271708,2.817708163724662,2,Sunday,0,2025-07-13,Sunday,2,50
16,24.56037562966481,8.133714119935314,2,Sunday,0,2025-07-13,Sunday,2,50
18,11.149841317401087,7.059123748450399,2,Sunday,0,2025-07-13,Sunday,2,50
19,22.970193129877046,17.17776385826669,2,Sunday,0,2025-07-13,Sunday,2,50
20,11.402155533342317,12.09547659240193,2,Sunday,0,2025-07-13,Sunday,2,50
16,11.0633888628921,12.554948839415479,2,Sunday,0,2025-07-13,Sunday,2,50
14,2.398059601078893,5.49975740259206,2,Sunday,0,2025-07-13,Sunday,2,50
14,5.3189710332225495,7.775059054997308,2,Sunday,0,2025-07-13,Sunday,2,50
16,12.194165699156947,37.33171179378396,2,Sunday,0,2025-07-13,Sunday,2,50
18,9.913608782879248,2.276480554618101,2,Sunday,0,2025-07-13,Sunday,2,50
23,6.6681911054994565,8.36886188267755,2,Sunday,0,2025-07-13,Sunday,2,50
17,7.85167508866814,5.164096193384374,2,Sunday,0,2025-07-20,Sunday,2,43
21,2.0022683973328035,10.050049093982976,2,Sunday,0,2025-07-20,Sunday,2,43
13,18.19847533335249,14.01413873146268,2,Sunday,0,2025-07-20,Sunday,2,43
18,12.276995191590697,5.556909003275773,2,Sunday,0,2025-07-20,Sunday,2,43
22,23.442513236377724,11.529996814790264,2,Sunday,0,2025-07-20,Sunday,2,43
14,20.045992773760968,3.0049657793206563,2,Sunday,0,2025-07-20,Sunday,2,43
17,9.071318784955034,11.08290264186969,2,Sunday,0,2025-07-20,Sunday,2,43
20,16.21140467531127,10.504372616340087,2,Sunday,0,2025-07-20,Sunday,2,43
2,16.93872603243657,38.86936497333493,2,Sunday,0,2025-07-20,Sunday,2,43
18,16.832946405757532,6.367212898125567,2,Sunday,0,2025-07-20,Sunday,2,43
14,13.317894181147654,5.559941734214776,2,Sunday,0,2025-07-20,Sunday,2,43
20,7.809288376417154,5.752336022201813,2,Sunday,0,2025-07-20,Sunday,2,43
23,11.10692019133668,6.469479171691075,2,Sunday,0,2025-07-20,Sunday,2,43
17,12.872106688384239,44.455692611960195,2,Sunday,0,2025-07-20,Sunday,2,43
7,5.620971789225026,12.581001817496121,2,Sunday,0,2025-07-20,Sunday,2,43
23,2.0518300980381645,1.6784895859645084,2,Sunday,0,2025-07-20,Sunday,2,43
18,19.58420858903621,50.968447482829674,2,Sunday,0,2025-07-20,Sunday,2,43
12,12.580719273197577,16.107865471717574,2,Sunday,0,2025-07-20,Sunday,2,43
18,12.376461703664688,6.905703384524587,2,Sunday,0,2025-07-20,Sunday,2,43
20,15.937147366210656,16.082319498049518,2,Sunday,0,2025-07-20,Sunday,2,43
16,2.337797064605429,8.317827329783727,2,Sunday,0,2025-07-20,Sunday,2,43
15,19.415502973582,25.069872161929275,2,Sunday,0,2025-07-20,Sunday,2,43
15,17.990641341620528,1.3176668112367973,2,Sunday,0,2025-07-20,Sunday,2,43
16,9.944197446538247,8.29057187490629,2,Sunday,0,2025-07-20,Sunday,2,43
14,8.68020698954069,3.635486019428927,2,Sunday,0,2025-07-20,Sunday,2,43
14,32.08244662630845,11.91903288642227,2,Sunday,0,2025-07-20,Sunday,2,43
22,13.418533416277882,30.503760795353564,2,Sunday,0,2025-07-20,Sunday,2,43
15,14.188379074256869,37.67458835615176,2,Sunday,0,2025-07-20,Sunday,2,43
17,9.676363599318968,1.4228356824641748,2,Sunday,0,2025-07-20,Sunday,2,43
21,7.7155515537796004,13.043941512005386,2,Sunday,0,2025-07-20,Sunday,2,43
15,50.80183608525076,9.118802708275902,2,Sunday,0,2025-07-20,Sunday,2,43
20,12.182559608328525,14.77949203383145,2,Sunday,0,2025-07-20,Sunday,2,43
13,16.7691122906631,17.202727626692567,2,Sunday,0,2025-07-20,Sunday,2,43
16,9.129422980074718,7.405832713514548,2,Sunday,0,2025-07-20,Sunday,2,43
1,8.264379411062084,4.931949954374307,2,Sunday,0,2025-07-20,Sunday,2,43
19,13.092012391177015,24.160794964692922,2,Sunday,0,2025-07-20,Sunday,2,43
19,11.845765580750058,18.814325105718435,2,Sunday,0,2025-07-20,Sunday,2,43
22,13.479187533579605,9.175061671250605,2,Sunday,0,2025-07-20,Sunday,2,43
19,13.282481777529316,16.575585492678275,2,Sunday,0,2025-07-20,Sunday,2,43
17,3.962965814725649,8.069839564117165,2,Sunday,0,2025-07-20,Sunday,2,43
20,13.769288336213016,8.247790185078362,2,Sunday,0,2025-07-20,Sunday,2,43
17,13.25456855217103,4.959316397097869,2,Sunday,0,2025-07-20,Sunday,2,43
20,2.7979619051236178,4.397564771968407,2,Sunday,0,2025-07-20,Sunday,2,43
16,2.2987338576372838,8.004647229715575,2,Sunday,0,2025-07-27,Sunday,2,49
18,10.4399774856677,12.32059672512656,2,Sunday,0,2025-07-27,Sunday,2,49
17,5.738001593984216,16.023427729734447,2,Sunday,0,2025-07-27,Sunday,2,49
19,4.983446182705148,4.493556515703624,2,Sunday,0,2025-07-27,Sunday,2,49
21,11.554744201094625,2.099092430923255,2,Sunday,0,2025-07-27,Sunday,2,49
16,13.850617636544719,6.133210886134702,2,Sunday,0,2025-07-27,Sunday,2,49
21,14.130699647089536,25.80506159608234,2,Sunday,0,2025-07-27,Sunday,2,49
17,15.579337172841981,8.586445760427639,2,Sunday,0,2025-07-27,Sunday,2,49
18,7.480407709498262,13.453983250573074,2,Sunday,0,2025-07-27,Sunday,2,49
17,4.31851291467485,8.497260241870707,2,Sunday,0,2025-07-27,Sunday,2,49
23,11.247279012082853,7.206645469245275,2,Sunday,0,2025-07-27,Sunday,2,49
20,10.558821402082593,3.9117102914229855,2,Sunday,0,2025-07-27,Sunday,2,49
17,16.388449385702966,4.173365608456141,2,Sunday,0,2025-07-27,Sunday,2,49
17,16.543364671502935,27.038197702217367,2,Sunday,0,2025-07-27,Sunday,2,49
18,10.436962830571293,7.955977505398565,2,Sunday,0,2025-07-27,Sunday,2,49
14,16.581256597927162,8.119367150448108,2,Sunday,0,2025-07-27,Sunday,2,49
19,4.679102916134231,31.570317718722613,2,Sunday,0,2025-07-27,Sunday,2,49
20,10.697575442288585,7.846885541952303,2,Sunday,0,2025-07-27,Sunday,2,49
19,17.318821879017822,3.7288484453688877,2,Sunday,0,2025-07-27,Sunday,2,49
20,16.866522060807974,19.566322185251355,2,Sunday,0,2025-07-27,Sunday,2,49
0,12.440486943190937,9.144966324042297,2,Sunday,0,2025-07-27,Sunday,2,49
16,17.648279669270895,4.167308473473452,2,Sunday,0,2025-07-27,Sunday,2,49
17,14.171753264976644,12.903157328472572,2,Sunday,0,2025-07-27,Sunday,2,49
17,14.186396935299907,7.235947622256068,2,Sunday,0,2025-07-27,Sunday,2,49
22,9.799011132695938,5.159838417853907,2,Sunday,0,2025-07-27,Sunday,2,49
17,17.381482456213973,6.584677423061515,2,Sunday,0,2025-07-27,Sunday,2,49
14,74.64343312626022,5.636794158824084,2,Sunday,0,2025-07-27,Sunday,2,49
0,12.86161417740363,18.575035994255696,2,Sunday,0,2025-07-27,Sunday,2,49
17,16.72698589487873,10.984057676633775,2,Sunday,0,2025-07-27,Sunday,2,49
16,26.725849803079235,9.611757772992297,2,Sunday,0,2025-07-27,Sunday,2,49
19,8.1896481211854,5.720701435376137,2,Sunday,0,2025-07-27,Sunday,2,49
4,6.069695281264858,13.91669272491897,2,Sunday,0,2025-07-27,Sunday,2,49
17,15.16507301453115,1.0839154207433737,2,Sunday,0,2025-07-27,Sunday,2,49
20,12.777028082354533,5.570739184738977,2,Sunday,0,2025-07-27,Sunday,2,49
19,10.79004746202392,13.182177661997375,2,Sunday,0,2025-07-27,Sunday,2,49
18,3.656756881331223,7.296869020224221,2,Sunday,0,2025-07-27,Sunday,2,49
17,14.755814477817495,56.57511454509038,2,Sunday,0,2025-07-27,Sunday,2,49
16,14.559333792782521,20.52523598624147,2,Sunday,0,2025-07-27,Sunday,2,49
2,12.640339507863096,6.907714923413966,2,Sunday,0,2025-07-27,Sunday,2,49
15,23.04656349287087,3.644212769073623,2,Sunday,0,2025-07-27,Sunday,2,49
19,12.245522153473868,81.16738953264297,2,Sunday,0,2025-07-27,Sunday,2,49
17,8.690004080993207,6.662216700212544,2,Sunday,0,2025-07-27,Sunday,2,49
19,13.240877592584216,23.167124951603196,2,Sunday,0,2025-07-27,Sunday,2,49
17,5.755678902959121,36.3199380261971,2,Sunday,0,2025-07-27,Sunday,2,49
18,14.78370958361322,23.71424892903885,2,Sunday,0,2025-07-27,Sunday,2,49
14,8.150536706762677,9.24178578427672,2,Sunday,0,2025-07-27,Sunday,2,49
12,3.2509144006618302,11.131478582853152,2,Sunday,0,2025-07-27,Sunday,2,49
17,5.572199960696617,6.642708811860116,2,Sunday,0,2025-07-27,Sunday,2,49
15,25.706213334805717,5.381152707423048,2,Sunday,0,2025-07-27,Sunday,2,49
18,17.013472707816877,5.89769820992297,2,Sunday,0,2025-08-03,Sunday,2,48
19,33.983140904546794,4.203816087615488,2,Sunday,0,2025-08-03,Sunday,2,48
23,7.739876591852109,14.017975257881304,2,Sunday,0,2025-08-03,Sunday,2,48
19,14.311743274524918,9.343950161175592,2,Sunday,0,2025-08-03,Sunday,2,48
0,17.19492939924897,17.65355114897344,2,Sunday,0,2025-08-03,Sunday,2,48
18,13.693716528938413,14.689372585445073,2,Sunday,0,2025-08-03,Sunday,2,48
18,8.379397986764047,16.630111310362327,2,Sunday,0,2025-08-03,Sunday,2,48
15,2.3671976254660634,12.519617804994578,2,Sunday,0,2025-08-03,Sunday,2,48
19,14.147914282075483,8.897292671306898,2,Sunday,0,2025-08-03,Sunday,2,48
12,22.441106699042148,10.016762955215786,2,Sunday,0,2025-08-03,Sunday,2,48
13,2.780187305450151,22.150540550260015,2,Sunday,0,2025-08-03,Sunday,2,48
14,23.02729689832663,23.21223403370065,2,Sunday,0,2025-08-03,Sunday,2,48
16,27.12826078045331,5.7652429271963355,2,Sunday,0,2025-08-03,Sunday,2,48
0,8.526770406236654,31.941457370264718,2,Sunday,0,2025-08-03,Sunday,2,48
20,9.988715374497682,11.916333192095118,2,Sunday,0,2025-08-03,Sunday,2,48
15,17.09194197309074,7.343440653297323,2,Sunday,0,2025-08-03,Sunday,2,48
18,16.162831586706655,3.454265671132303,2,Sunday,0,2025-08-03,Sunday,2,48
3,17.061108780030736,14.758966423370252,2,Sunday,0,2025-08-03,Sunday,2,48
17,3.4859773660354105,15.214766503554587,2,Sunday,0,2025-08-03,Sunday,2,48
19,13.521983259822193,3.9228496838845928,2,Sunday,0,2025-08-03,Sunday,2,48
9,4.624854268693401,15.508892305044144,2,Sunday,0,2025-08-03,Sunday,2,48
6,12.942259892022346,21.961752237138942,2,Sunday,0,2025-08-03,Sunday,2,48
23,10.764469736882518,29.570768594527788,2,Sunday,0,2025-08-03,Sunday,2,48
18,4.842406457374057,12.241434575517308,2,Sunday,0,2025-08-03,Sunday,2,48
22,5.098333526728739,6.035909575361264,2,Sunday,0,2025-08-03,Sunday,2,48
19,11.091154517766153,20.608373941672397,2,Sunday,0,2025-08-03,Sunday,2,48
13,2.654429313856886,8.74055151593537,2,Sunday,0,2025-08-03,Sunday,2,48
17,7.618714435735976,6.486313829342629,2,Sunday,0,2025-08-03,Sunday,2,48
21,17.438985400839254,15.876185284968532,2,Sunday,0,2025-08-03,Sunday,2,48
14,3.1739197981498197,3.987350764448075,2,Sunday,0,2025-08-03,Sunday,2,48
19,13.035828040179162,37.651284942563535,2,Sunday,0,2025-08-03,Sunday,2,48
11,34.25091053436018,12.899567293522393,2,Sunday,0,2025-08-03,Sunday,2,48
15,18.10599100752912,61.261107787686335,2,Sunday,0,2025-08-03,Sunday,2,48
22,12.702333342037026,14.767898347366026,2,Sunday,0,2025-08-03,Sunday,2,48
20,16.279737667581518,9.900755766013992,2,Sunday,0,2025-08-03,Sunday,2,48
17,22.0713249992151,17.90647431615035,2,Sunday,0,2025-08-03,Sunday,2,48
10,6.547721209532056,15.713955607517361,2,Sunday,0,2025-08-03,Sunday,2,48
18,6.634052986539363,17.46597128028558,2,Sunday,0,2025-08-03,Sunday,2,48
21,7.652443061639329,9.82362767534293,2,Sunday,0,2025-08-03,Sunday,2,48
19,11.638422563105642,6.288832299348391,2,Sunday,0,2025-08-03,Sunday,2,48
22,12.376162519890304,21.28395557825702,2,Sunday,0,2025-08-03,Sunday,2,48
8,4.623317577660273,6.9862134840022,2,Sunday,0,2025-08-03,Sunday,2,48
15,2.3039548749425416,9.165889929091065,2,Sunday,0,2025-08-03,Sunday,2,48
19,19.366265618646143,43.83806650537615,2,Sunday,0,2025-08-03,Sunday,2,48
17,2.421802124975784,7.1026973325621245,2,Sunday,0,2025-08-03,Sunday,2,48
12,2.004027290655546,14.747390933122064,2,Sunday,0,2025-08-03,Sunday,2,48
21,12.843149897331312,31.669497228217068,2,Sunday,0,2025-08-03,Sunday,2,48
14,15.208290349644088,25.34375953412439,2,Sunday,0,2025-08-03,Sunday,2,48
13,38.6311785904147,3.6927892295827593,2,Sunday,0,2025-08-10,Sunday,2,50
18,10.979310629039976,27.370377936386944,2,Sunday,0,2025-08-10,Sunday,2,50
22,13.14012218137539,15.23255563530978,2,Sunday,0,2025-08-10,Sunday,2,50
13,6.214071081137604,3.9572023208112785,2,Sunday,0,2025-08-10,Sunday,2,50
19,18.587811353919648,17.615594927844597,2,Sunday,0,2025-08-10,Sunday,2,50
16,15.61610935728006,1.0377454860929265,2,Sunday,0,2025-08-10,Sunday,2,50
17,28.590167389615793,4.129180119905258,2,Sunday,0,2025-08-10,Sunday,2,50
2,10.804533860143039,36.05764068241416,2,Sunday,0,2025-08-10,Sunday,2,50
12,4.604754515143318,27.498708209562555,2,Sunday,0,2025-08-10,Sunday,2,50
8,6.5746326044928844,27.92218300177332,2,Sunday,0,2025-08-10,Sunday,2,50
19,5.907837767407193,2.9338053713918946,2,Sunday,0,2025-08-10,Sunday,2,50
21,6.037244738662291,11.153877204736624,2,Sunday,0,2025-08-10,Sunday,2,50
16,13.698558996727158,3.2707716986242694,2,Sunday,0,2025-08-10,Sunday,2,50
18,4.575552960454091,20.15143603839556,2,Sunday,0,2025-08-10,Sunday,2,50
23,21.481075067297784,12.805882197091814,2,Sunday,0,2025-08-10,Sunday,2,50
23,9.548727140487937,16.273304944195658,2,Sunday,0,2025-08-10,Sunday,2,50
19,36.68730320854849,20.2067395107416,2,Sunday,0,2025-08-10,Sunday,2,50
13,2.5432811885040043,12.463010882419626,2,Sunday,0,2025-08-10,Sunday,2,50
16,21.405809006658245,3.4825567555720136,2,Sunday,0,2025-08-10,Sunday,2,50
17,5.14613991535911,8.577354191623987,2,Sunday,0,2025-08-10,Sunday,2,50
16,16.82261049413717,4.393117220931032,2,Sunday,0,2025-08-10,Sunday,2,50
18,7.307059970553221,3.797292224162333,2,Sunday,0,2025-08-10,Sunday,2,50
18,17.268284420663544,20.72961154718838,2,Sunday,0,2025-08-10,Sunday,2,50
16,13.009711149603895,6.6661034835020265,2,Sunday,0,2025-08-10,Sunday,2,50
12,2.3202982529156886,7.479578603948472,2,Sunday,0,2025-08-10,Sunday,2,50
19,5.3154533523497065,8.703193797568995,2,Sunday,0,2025-08-10,Sunday,2,50
19,8.635878039555024,19.666432921670854,2,Sunday,0,2025-08-10,Sunday,2,50
14,4.370070276920819,5.622294794685256,2,Sunday,0,2025-08-10,Sunday,2,50
13,14.68017623384884,14.781666178208695,2,Sunday,0,2025-08-10,Sunday,2,50
15,6.173391634365601,11.537611146059168,2,Sunday,0,2025-08-10,Sunday,2,50
15,18.36061061076163,3.9576342865721132,2,Sunday,0,2025-08-10,Sunday,2,50
21,13.421283600556208,6.39165651209046,2,Sunday,0,2025-08-10,Sunday,2,50
19,11.064364475230612,7.027596549317103,2,Sunday,0,2025-08-10,Sunday,2,50
21,9.61610113972825,26.61536610166261,2,Sunday,0,2025-08-10,Sunday,2,50
23,7.983107820384093,11.908877212062752,2,Sunday,0,2025-08-10,Sunday,2,50
15,9.544148469351324,6.068607370136452,2,Sunday,0,2025-08-10,Sunday,2,50
20,10.319552476181428,8.521728760609308,2,Sunday,0,2025-08-10,Sunday,2,50
8,20.633289824744868,34.498596250693545,2,Sunday,0,2025-08-10,Sunday,2,50
13,18.125064978362342,27.29743884003126,2,Sunday,0,2025-08-10,Sunday,2,50
19,15.454347153747403,5.565551658909088,2,Sunday,0,2025-08-10,Sunday,2,50
17,22.118086938708508,21.18145156814185,2,Sunday,0,2025-08-10,Sunday,2,50
17,31.49343489623511,10.134862834293722,2,Sunday,0,2025-08-10,Sunday,2,50
19,7.882067193750353,7.017359677203564,2,Sunday,0,2025-08-10,Sunday,2,50
22,10.279916945207255,20.074028917581717,2,Sunday,0,2025-08-10,Sunday,2,50
20,8.09618691465474,15.529871674693348,2,Sunday,0,2025-08-10,Sunday,2,50
20,10.790466075918594,19.03213763142192,2,Sunday,0,2025-08-10,Sunday,2,50
19,16.95218353037134,21.534021340189447,2,Sunday,0,2025-08-10,Sunday,2,50
13,5.427267603044078,0.7055278057208142,2,Sunday,0,2025-08-10,Sunday,2,50
17,12.191984983656678,15.313899547604969,2,Sunday,0,2025-08-10,Sunday,2,50
16,2.800400428855784,8.244851980338535,2,Sunday,0,2025-08-10,Sunday,2,50
18,15.081561145574401,15.589410284185966,2,Sunday,0,2025-08-17,Sunday,2,38
20,16.290182918739266,8.342449562520338,2,Sunday,0,2025-08-17,Sunday,2,38
10,38.11604819776506,16.943875347872936,2,Sunday,0,2025-08-17,Sunday,2,38
18,15.807539714000228,28.509597663828494,2,Sunday,0,2025-08-17,Sunday,2,38
18,5.839166550854309,22.148664428378282,2,Sunday,0,2025-08-17,Sunday,2,38
18,16.321461331647903,4.716233621361571,2,Sunday,0,2025-08-17,Sunday,2,38
14,11.959688825559773,7.709566925344539,2,Sunday,0,2025-08-17,Sunday,2,38
15,16.886016336097608,42.451535249061465,2,Sunday,0,2025-08-17,Sunday,2,38
13,4.3754964171026565,6.412296322491983,2,Sunday,0,2025-08-17,Sunday,2,38
14,13.144667490498346,16.686364835787373,2,Sunday,0,2025-08-17,Sunday,2,38
17,10.50204032737157,15.90394878518091,2,Sunday,0,2025-08-17,Sunday,2,38
8,18.12127223303899,12.812338265659463,2,Sunday,0,2025-08-17,Sunday,2,38
12,7.787796913378851,10.652006432224763,2,Sunday,0,2025-08-17,Sunday,2,38
14,9.832229283498116,85.24066791661535,2,Sunday,0,2025-08-17,Sunday,2,38
15,6.49738878614731,20.088982479820142,2,Sunday,0,2025-08-17,Sunday,2,38
17,16.497051591017343,49.032006807012614,2,Sunday,0,2025-08-17,Sunday,2,38
7,14.111944669599616,8.620742633606875,2,Sunday,0,2025-08-17,Sunday,2,38
15,7.226886423328639,8.090852613813786,2,Sunday,0,2025-08-17,Sunday,2,38
13,10.163786945905262,1.9325301153806282,2,Sunday,0,2025-08-17,Sunday,2,38
13,16.81092902656972,5.120079996983768,2,Sunday,0,2025-08-17,Sunday,2,38
22,17.442978972000954,4.0352409814836285,2,Sunday,0,2025-08-17,Sunday,2,38
9,3.4921508409928848,7.040078380239255,2,Sunday,0,2025-08-17,Sunday,2,38
6,23.92360817485716,21.41795587526821,2,Sunday,0,2025-08-17,Sunday,2,38
21,15.76024252909123,5.133957319370349,2,Sunday,0,2025-08-17,Sunday,2,38
16,34.741699245552894,3.398936541614849,2,Sunday,0,2025-08-17,Sunday,2,38
18,21.313130098426736,4.870748149567643,2,Sunday,0,2025-08-17,Sunday,2,38
17,27.586269845994636,7.434171756979971,2,Sunday,0,2025-08-17,Sunday,2,38
23,20.169748173079835,16.016327780735654,2,Sunday,0,2025-08-17,Sunday,2,38
19,4.858242678229962,10.579183929851846,2,Sunday,0,2025-08-17,Sunday,2,38
22,11.266524035735326,13.597470895337676,2,Sunday,0,2025-08-17,Sunday,2,38
18,4.338492839608696,7.363029620847664,2,Sunday,0,2025-08-17,Sunday,2,38
18,15.062789953252263,15.700659576519685,2,Sunday,0,2025-08-17,Sunday,2,38
1,6.668738437109965,26.56982653984931,2,Sunday,0,2025-08-17,Sunday,2,38
16,10.146124923711294,5.452742354760844,2,Sunday,0,2025-08-17,Sunday,2,38
13,12.748643083687288,9.433747796501061,2,Sunday,0,2025-08-17,Sunday,2,38
14,30.19786046606497,18.88461958234223,2,Sunday,0,2025-08-17,Sunday,2,38
18,13.096271598412176,3.0856626601690014,2,Sunday,0,2025-08-17,Sunday,2,38
16,26.059338969036055,56.563659067386595,2,Sunday,0,2025-08-17,Sunday,2,38
14,12.623163120110686,8.315472686482627,2,Sunday,0,2025-08-24,Sunday,2,37
19,10.445620070255156,11.341504230257168,2,Sunday,0,2025-08-24,Sunday,2,37
15,4.367774206769024,13.519412993674274,2,Sunday,0,2025-08-24,Sunday,2,37
20,5.898965590216899,12.718972193806483,2,Sunday,0,2025-08-24,Sunday,2,37
20,7.980961683096436,15.26004032442378,2,Sunday,0,2025-08-24,Sunday,2,37
16,2.529443388245976,7.598105077713991,2,Sunday,0,2025-08-24,Sunday,2,37
19,5.628202352557922,29.43887374051129,2,Sunday,0,2025-08-24,Sunday,2,37
20,16.66189405481193,41.37695314900421,2,Sunday,0,2025-08-24,Sunday,2,37
16,4.265445129851867,27.00125069282015,2,Sunday,0,2025-08-24,Sunday,2,37
21,11.320161112935104,11.543435157579784,2,Sunday,0,2025-08-24,Sunday,2,37
15,3.3109510290853876,15.587816394755059,2,Sunday,0,2025-08-24,Sunday,2,37
16,9.746450152997506,6.330000569046351,2,Sunday,0,2025-08-24,Sunday,2,37
21,13.693515631649298,11.8891606658819,2,Sunday,0,2025-08-24,Sunday,2,37
15,6.4594001667144045,28.545845542713902,2,Sunday,0,2025-08-24,Sunday,2,37
19,12.665322556953022,14.959659147471145,2,Sunday,0,2025-08-24,Sunday,2,37
22,9.109085232765791,21.098754154080503,2,Sunday,0,2025-08-24,Sunday,2,37
16,27.742549737158264,15.477668145794201,2,Sunday,0,2025-08-24,Sunday,2,37
15,34.41002998703089,8.638291307212759,2,Sunday,0,2025-08-24,Sunday,2,37
17,28.660397559672973,1.862742217465433,2,Sunday,0,2025-08-24,Sunday,2,37
14,22.013779950409113,25.8216839996759,2,Sunday,0,2025-08-24,Sunday,2,37
23,7.1930522145030915,35.3508856585459,2,Sunday,0,2025-08-24,Sunday,2,37
23,11.120273112666684,15.067887712666627,2,Sunday,0,2025-08-24,Sunday,2,37
20,14.551857897892983,0.9670999038486534,2,Sunday,0,2025-08-24,Sunday,2,37
22,10.470830240959035,4.7358061087183065,2,Sunday,0,2025-08-24,Sunday,2,37
20,11.160969508425097,6.913207201484949,2,Sunday,0,2025-08-24,Sunday,2,37
18,6.596196238542088,18.899351353447763,2,Sunday,0,2025-08-24,Sunday,2,37
21,3.9894729431092757,2.0266617936003204,2,Sunday,0,2025-08-24,Sunday,2,37
11,2.796765315276495,7.145711738979485,2,Sunday,0,2025-08-24,Sunday,2,37
16,9.127617279166481,17.669451522525083,2,Sunday,0,2025-08-24,Sunday,2,37
21,9.874670077290718,14.03989271377486,2,Sunday,0,2025-08-24,Sunday,2,37
18,17.144272290028013,32.92584061538666,2,Sunday,0,2025-08-24,Sunday,2,37
23,16.796676554875212,12.400380508949466,2,Sunday,0,2025-08-24,Sunday,2,37
23,8.434973776614026,25.841832256729003,2,Sunday,0,2025-08-24,Sunday,2,37
19,11.094014365756454,20.82089760540112,2,Sunday,0,2025-08-24,Sunday,2,37
22,14.077754174202369,15.424401414253339,2,Sunday,0,2025-08-24,Sunday,2,37
19,8.361084589697878,9.349063533049186,2,Sunday,0,2025-08-24,Sunday,2,37
16,13.601795519544268,29.822519189665954,2,Sunday,0,2025-08-24,Sunday,2,37
15,16.535332984959997,7.559081616589938,2,Sunday,0,2025-08-31,Sunday,2,39
20,5.9929967921264335,11.056177978529918,2,Sunday,0,2025-08-31,Sunday,2,39
17,3.4032458330351436,2.933204691276644,2,Sunday,0,2025-08-31,Sunday,2,39
13,3.1835133359460226,8.620270974016154,2,Sunday,0,2025-08-31,Sunday,2,39
19,3.672217292418213,2.935064766589898,2,Sunday,0,2025-08-31,Sunday,2,39
18,20.03692726734257,18.319687492927063,2,Sunday,0,2025-08-31,Sunday,2,39
21,9.72474652589629,6.402519214036103,2,Sunday,0,2025-08-31,Sunday,2,39
19,10.852631578683969,21.347916852324957,2,Sunday,0,2025-08-31,Sunday,2,39
17,15.126224567719078,5.670315689195686,2,Sunday,0,2025-08-31,Sunday,2,39
0,12.550974861696439,11.457658356781877,2,Sunday,0,2025-08-31,Sunday,2,39
21,12.436081999057045,25.228389831508743,2,Sunday,0,2025-08-31,Sunday,2,39
21,9.895464678214514,2.4482024284775266,2,Sunday,0,2025-08-31,Sunday,2,39
16,3.776120524407995,11.367332140780396,2,Sunday,0,2025-08-31,Sunday,2,39
18,16.18840459432724,5.4541769716138795,2,Sunday,0,2025-08-31,Sunday,2,39
16,14.667774262561906,11.003394084290177,2,Sunday,0,2025-08-31,Sunday,2,39
15,17.54419724098967,7.786477676585078,2,Sunday,0,2025-08-31,Sunday,2,39
16,29.605618392617234,28.91357355957,2,Sunday,0,2025-08-31,Sunday,2,39
17,9.339384914493959,6.297536088468926,2,Sunday,0,2025-08-31,Sunday,2,39
17,18.296991493786177,18.52060266152979,2,Sunday,0,2025-08-31,Sunday,2,39
15,13.847591057855158,1.90604508915017,2,Sunday,0,2025-08-31,Sunday,2,39
11,56.519009524154505,5.6110438548044375,2,Sunday,0,2025-08-31,Sunday,2,39
17,9.142426037861362,4.932807736250419,2,Sunday,0,2025-08-31,Sunday,2,39
21,2.3164286467064232,16.252191255162533,2,Sunday,0,2025-08-31,Sunday,2,39
19,16.124883933903476,30.424146420480277,2,Sunday,0,2025-08-31,Sunday,2,39
18,23.237708252296407,2.337310208019824,2,Sunday,0,2025-08-31,Sunday,2,39
11,15.56936226063019,8.049467982309224,2,Sunday,0,2025-08-31,Sunday,2,39
16,14.564684823657906,2.9156295791200737,2,Sunday,0,2025-08-31,Sunday,2,39
20,28.42757728674019,1.0990216013622405,2,Sunday,0,2025-08-31,Sunday,2,39
21,10.934062496434258,12.105746710878584,2,Sunday,0,2025-08-31,Sunday,2,39
18,8.148632733761172,33.07463093376364,2,Sunday,0,2025-08-31,Sunday,2,39
14,35.389779761614946,10.853447628383373,2,Sunday,0,2025-08-31,Sunday,2,39
16,2.173185281003175,5.610960232419857,2,Sunday,0,2025-08-31,Sunday,2,39
15,11.356982244317184,2.9746782747376512,2,Sunday,0,2025-08-31,Sunday,2,39
15,6.430597420561559,21.370785715491667,2,Sunday,0,2025-08-31,Sunday,2,39
14,19.899360758204907,10.503195158165445,2,Sunday,0,2025-08-31,Sunday,2,39
17,11.077097489634703,5.7145208820136695,2,Sunday,0,2025-08-31,Sunday,2,39
17,9.959481530691287,34.726683812834736,2,Sunday,0,2025-08-31,Sunday,2,39
21,14.032458722339747,14.932824574811985,2,Sunday,0,2025-08-31,Sunday,2,39
9,29.056747843025402,12.867646792657212,2,Sunday,0,2025-08-31,Sunday,2,39
19,9.61686516596122,32.888450926444314,2,Mon-Th,0,2025-06-23,Mon-Th,2,43
20,9.930437569542132,3.0215503822668364,2,Mon-Th,0,2025-06-23,Mon-Th,2,43
21,15.457936582117231,9.493728814866737,2,Mon-Th,0,2025-06-23,Mon-Th,2,43
13,8.18763214410901,12.214824609839813,2,Mon-Th,0,2025-06-23,Mon-Th,2,43
20,14.050544945827884,7.047130412628774,2,Mon-Th,0,2025-06-23,Mon-Th,2,43
17,19.56626105176753,4.208732335268816,2,Mon-Th,0,2025-06-23,Mon-Th,2,43
17,5.499747946243451,12.462950889423984,2,Mon-Th,0,2025-06-23,Mon-Th,2,43
23,9.33659353038106,20.750889101513994,2,Mon-Th,0,2025-06-23,Mon-Th,2,43
18,7.93222236190169,6.338852582698324,2,Mon-Th,0,2025-06-23,Mon-Th,2,43
23,11.310352515808553,10.655334895160676,2,Mon-Th,0,2025-06-23,Mon-Th,2,43
21,9.24240044118137,6.126376469662074,2,Mon-Th,0,2025-06-23,Mon-Th,2,43
19,23.909743126084386,21.426942146258558,2,Mon-Th,0,2025-06-23,Mon-Th,2,43
12,9.603105944072023,21.745139589563497,2,Mon-Th,0,2025-06-23,Mon-Th,2,43
15,15.331323942562438,6.7642452985272135,2,Mon-Th,0,2025-06-23,Mon-Th,2,43
22,33.852647873302374,4.183991294219179,2,Mon-Th,0,2025-06-23,Mon-Th,2,43
16,2.533851853098941,4.803826708608074,2,Mon-Th,0,2025-06-23,Mon-Th,2,43
17,21.125573508859798,1.8606093279432592,2,Mon-Th,0,2025-06-23,Mon-Th,2,43
17,11.128530865556726,2.223274629345714,2,Mon-Th,0,2025-06-23,Mon-Th,2,43
20,3.9650322039229087,3.883804406254619,2,Mon-Th,0,2025-06-23,Mon-Th,2,43
21,7.776716337561823,8.466101358498776,2,Mon-Th,0,2025-06-23,Mon-Th,2,43
18,28.534959701545148,19.251225579971315,2,Mon-Th,0,2025-06-23,Mon-Th,2,43
12,4.2891185088105,16.80659327984329,2,Mon-Th,0,2025-06-23,Mon-Th,2,43
23,9.744454631112383,12.563905412807822,2,Mon-Th,0,2025-06-23,Mon-Th,2,43
20,12.81519630006595,12.563812882729735,2,Mon-Th,0,2025-06-23,Mon-Th,2,43
17,10.817691533536642,19.768759754079355,2,Mon-Th,0,2025-06-23,Mon-Th,2,43
9,4.674394417603031,7.356950526182854,2,Mon-Th,0,2025-06-23,Mon-Th,2,43
20,13.90827548414179,30.225393133394547,2,Mon-Th,0,2025-06-23,Mon-Th,2,43
18,15.358061062397162,3.94136174343115,2,Mon-Th,0,2025-06-23,Mon-Th,2,43
14,6.70295804527305,8.617733238439977,2,Mon-Th,0,2025-06-23,Mon-Th,2,43
18,9.250971392819164,56.22097257717837,2,Mon-Th,0,2025-06-23,Mon-Th,2,43
5,3.453880098579793,16.8795055867215,2,Mon-Th,0,2025-06-23,Mon-Th,2,43
20,9.381847793596435,28.054189004877824,2,Mon-Th,0,2025-06-23,Mon-Th,2,43
14,10.491762022333557,6.301032912094906,2,Mon-Th,0,2025-06-23,Mon-Th,2,43
14,119.91661045690054,2.351679689491551,2,Mon-Th,0,2025-06-23,Mon-Th,2,43
17,10.184359069143301,7.000724930497873,2,Mon-Th,0,2025-06-23,Mon-Th,2,43
19,4.323951385631915,10.974538180896154,2,Mon-Th,0,2025-06-23,Mon-Th,2,43
19,2.043389982234239,2.49550938465984,2,Mon-Th,0,2025-06-23,Mon-Th,2,43
21,8.733642098113751,15.67605361473919,2,Mon-Th,0,2025-06-23,Mon-Th,2,43
23,17.26945378000438,19.77301061602055,2,Mon-Th,0,2025-06-23,Mon-Th,2,43
20,11.828391804845985,6.135334708693565,2,Mon-Th,0,2025-06-23,Mon-Th,2,43
0,12.770130550733477,41.349722550360305,2,Mon-Th,0,2025-06-23,Mon-Th,2,43
19,12.473384680400791,9.954602949253823,2,Mon-Th,0,2025-06-23,Mon-Th,2,43
17,16.630939901931303,4.515641218800231,2,Mon-Th,0,2025-06-23,Mon-Th,2,43
19,12.786265017963391,3.837294317778481,2,Mon-Th,0,2025-06-24,Mon-Th,2,45
15,13.811346640898446,2.024891856726942,2,Mon-Th,0,2025-06-24,Mon-Th,2,45
18,14.542112481642256,60.09998210304832,2,Mon-Th,0,2025-06-24,Mon-Th,2,45
19,11.667127540638301,11.757162123024857,2,Mon-Th,0,2025-06-24,Mon-Th,2,45
12,17.82119762900237,4.583968100838261,2,Mon-Th,0,2025-06-24,Mon-Th,2,45
17,19.99934275517809,4.720883379557355,2,Mon-Th,0,2025-06-24,Mon-Th,2,45
22,8.930409310915653,5.252542153836622,2,Mon-Th,0,2025-06-24,Mon-Th,2,45
15,2.5942153502290766,8.967325316447853,2,Mon-Th,0,2025-06-24,Mon-Th,2,45
23,14.640525456579013,10.49687792761494,2,Mon-Th,0,2025-06-24,Mon-Th,2,45
16,6.156718421897298,14.939371181980666,2,Mon-Th,0,2025-06-24,Mon-Th,2,45
18,13.060742055610355,37.348617842927645,2,Mon-Th,0,2025-06-24,Mon-Th,2,45
22,11.14670015241553,23.819010305011542,2,Mon-Th,0,2025-06-24,Mon-Th,2,45
18,13.082471400363932,7.402277221339852,2,Mon-Th,0,2025-06-24,Mon-Th,2,45
4,8.458544117544628,3.1030577211850687,2,Mon-Th,0,2025-06-24,Mon-Th,2,45
18,12.341611460952794,36.13370263759642,2,Mon-Th,0,2025-06-24,Mon-Th,2,45
20,10.886684848344622,7.175251161422181,2,Mon-Th,0,2025-06-24,Mon-Th,2,45
16,25.85692209957251,6.785961308431232,2,Mon-Th,0,2025-06-24,Mon-Th,2,45
22,12.72685449932371,23.048029252237637,2,Mon-Th,0,2025-06-24,Mon-Th,2,45
20,27.40722389446172,15.091186981351129,2,Mon-Th,0,2025-06-24,Mon-Th,2,45
17,15.254427552024012,7.552789485109643,2,Mon-Th,0,2025-06-24,Mon-Th,2,45
21,7.311902210618813,5.632991824787907,2,Mon-Th,0,2025-06-24,Mon-Th,2,45
14,3.9522779103263725,10.878173084329791,2,Mon-Th,0,2025-06-24,Mon-Th,2,45
22,12.510694760442178,6.542673795969817,2,Mon-Th,0,2025-06-24,Mon-Th,2,45
21,11.571089379191555,7.311558230922563,2,Mon-Th,0,2025-06-24,Mon-Th,2,45
14,2.0527959921899424,3.34286302320377,2,Mon-Th,0,2025-06-24,Mon-Th,2,45
20,12.88707232494004,33.4676918630947,2,Mon-Th,0,2025-06-24,Mon-Th,2,45
18,13.202885163276385,9.280715611570887,2,Mon-Th,0,2025-06-24,Mon-Th,2,45
13,32.66080730638086,11.750677091472257,2,Mon-Th,0,2025-06-24,Mon-Th,2,45
18,10.857768486312192,9.248264893323075,2,Mon-Th,0,2025-06-24,Mon-Th,2,45
14,4.749061861177513,7.20832708518496,2,Mon-Th,0,2025-06-24,Mon-Th,2,45
12,2.6939866907503767,11.283303410440762,2,Mon-Th,0,2025-06-24,Mon-Th,2,45
21,10.368958218808555,12.547156831412847,2,Mon-Th,0,2025-06-24,Mon-Th,2,45
19,11.214945704386025,18.724383933758308,2,Mon-Th,0,2025-06-24,Mon-Th,2,45
14,8.345795942996936,2.3724377579621274,2,Mon-Th,0,2025-06-24,Mon-Th,2,45
0,4.938543642810722,20.134001535662993,2,Mon-Th,0,2025-06-24,Mon-Th,2,45
19,13.020075794658808,7.470539030913858,2,Mon-Th,0,2025-06-24,Mon-Th,2,45
16,3.70796649015659,3.128827237222148,2,Mon-Th,0,2025-06-24,Mon-Th,2,45
20,18.271328699737474,8.334290110379072,2,Mon-Th,0,2025-06-24,Mon-Th,2,45
21,12.324704403610795,10.588557046522313,2,Mon-Th,0,2025-06-24,Mon-Th,2,45
22,14.863112061026495,12.737724954299855,2,Mon-Th,0,2025-06-24,Mon-Th,2,45
12,3.7073148031608785,14.266151993564641,2,Mon-Th,0,2025-06-24,Mon-Th,2,45
18,9.970218855460654,10.763220319306525,2,Mon-Th,0,2025-06-24,Mon-Th,2,45
17,13.29175599833233,4.8115586301274,2,Mon-Th,0,2025-06-24,Mon-Th,2,45
19,10.923320816579462,6.500135728644494,2,Mon-Th,0,2025-06-24,Mon-Th,2,45
17,9.461996420056352,8.044536116352742,2,Mon-Th,0,2025-06-24,Mon-Th,2,45
18,18.512190128584425,12.98687845535836,2,Mon-Th,0,2025-06-25,Mon-Th,2,43
15,6.434584232055698,13.586452666571768,2,Mon-Th,0,2025-06-25,Mon-Th,2,43
23,9.491397265837819,12.369727297997004,2,Mon-Th,0,2025-06-25,Mon-Th,2,43
21,17.063910776971902,25.61628705865069,2,Mon-Th,0,2025-06-25,Mon-Th,2,43
18,3.389767790226582,9.539818532307295,2,Mon-Th,0,2025-06-25,Mon-Th,2,43
13,5.247523697769372,2.344142764706934,2,Mon-Th,0,2025-06-25,Mon-Th,2,43
14,4.4901612181340536,7.897129858049837,2,Mon-Th,0,2025-06-25,Mon-Th,2,43
11,15.282723890137351,7.68846955072597,2,Mon-Th,0,2025-06-25,Mon-Th,2,43
14,2.476925736494003,2.5930194825327906,2,Mon-Th,0,2025-06-25,Mon-Th,2,43
21,12.830876531591347,6.032121531803363,2,Mon-Th,0,2025-06-25,Mon-Th,2,43
5,17.555720251239713,3.161799165779155,2,Mon-Th,0,2025-06-25,Mon-Th,2,43
0,17.317633739900497,34.70705306232932,2,Mon-Th,0,2025-06-25,Mon-Th,2,43
20,12.151438194190007,33.39760256460636,2,Mon-Th,0,2025-06-25,Mon-Th,2,43
17,16.309185403521987,17.09950700741516,2,Mon-Th,0,2025-06-25,Mon-Th,2,43
21,8.821551587968294,13.39193961098305,2,Mon-Th,0,2025-06-25,Mon-Th,2,43
20,10.629884208685255,56.14396458599949,2,Mon-Th,0,2025-06-25,Mon-Th,2,43
18,15.44716314331573,12.65499949835549,2,Mon-Th,0,2025-06-25,Mon-Th,2,43
17,12.87884626958768,11.6328645404127,2,Mon-Th,0,2025-06-25,Mon-Th,2,43
13,16.588427423220985,11.419256951232146,2,Mon-Th,0,2025-06-25,Mon-Th,2,43
12,11.318363283054218,6.849590922502727,2,Mon-Th,0,2025-06-25,Mon-Th,2,43
17,6.3173531926067295,6.719954413179311,2,Mon-Th,0,2025-06-25,Mon-Th,2,43
17,14.188113457115929,13.270516332621773,2,Mon-Th,0,2025-06-25,Mon-Th,2,43
15,17.691892864528363,23.48898137492468,2,Mon-Th,0,2025-06-25,Mon-Th,2,43
21,13.327228770359955,13.241048383709293,2,Mon-Th,0,2025-06-25,Mon-Th,2,43
16,9.9020514676223,11.129387175203252,2,Mon-Th,0,2025-06-25,Mon-Th,2,43
16,47.60076834883061,16.41694025584451,2,Mon-Th,0,2025-06-25,Mon-Th,2,43
18,15.463164962194256,22.180239934093436,2,Mon-Th,0,2025-06-25,Mon-Th,2,43
16,12.437502124510427,10.110889391106092,2,Mon-Th,0,2025-06-25,Mon-Th,2,43
18,3.655127008623298,4.482250839180081,2,Mon-Th,0,2025-06-25,Mon-Th,2,43
17,14.046095399743457,49.01172010941175,2,Mon-Th,0,2025-06-25,Mon-Th,2,43
22,11.25057551222411,17.637593091007094,2,Mon-Th,0,2025-06-25,Mon-Th,2,43
17,3.70967576126728,6.726382913505541,2,Mon-Th,0,2025-06-25,Mon-Th,2,43
14,20.40437784470906,28.85524427727529,2,Mon-Th,0,2025-06-25,Mon-Th,2,43
17,5.5926121877046615,7.316791892749318,2,Mon-Th,0,2025-06-25,Mon-Th,2,43
18,16.35676855177408,4.740796298046861,2,Mon-Th,0,2025-06-25,Mon-Th,2,43
17,16.008352649101496,2.0848449442113663,2,Mon-Th,0,2025-06-25,Mon-Th,2,43
19,25.89660079005558,14.908926698726983,2,Mon-Th,0,2025-06-25,Mon-Th,2,43
18,6.879036859935371,5.522309840037117,2,Mon-Th,0,2025-06-25,Mon-Th,2,43
20,17.38572463869984,2.6174449650008613,2,Mon-Th,0,2025-06-25,Mon-Th,2,43
18,10.407789796657891,9.764201888769202,2,Mon-Th,0,2025-06-25,Mon-Th,2,43
1,10.900820332343528,32.70730669786332,2,Mon-Th,0,2025-06-25,Mon-Th,2,43
8,9.460244747113922,6.407308966718986,2,Mon-Th,0,2025-06-25,Mon-Th,2,43
21,9.759699105407652,6.907559957014611,2,Mon-Th,0,2025-06-25,Mon-Th,2,43
23,9.987254057283792,5.691838687807839,2,Mon-Th,0,2025-06-26,Mon-Th,2,47
18,11.879208705643997,8.362384370275276,2,Mon-Th,0,2025-06-26,Mon-Th,2,47
9,49.59285314363219,11.082308385250212,2,Mon-Th,0,2025-06-26,Mon-Th,2,47
19,12.922882641078619,14.735369947470563,2,Mon-Th,0,2025-06-26,Mon-Th,2,47
13,41.73483826067868,18.786388411839425,2,Mon-Th,0,2025-06-26,Mon-Th,2,47
19,9.406580959473315,8.426467851356898,2,Mon-Th,0,2025-06-26,Mon-Th,2,47
17,16.407600152692392,18.866177888495375,2,Mon-Th,0,2025-06-26,Mon-Th,2,47
18,11.443392388040095,12.806712786863262,2,Mon-Th,0,2025-06-26,Mon-Th,2,47
19,11.16996337514307,22.60300948507211,2,Mon-Th,0,2025-06-26,Mon-Th,2,47
18,20.447036713209364,7.924427033826695,2,Mon-Th,0,2025-06-26,Mon-Th,2,47
16,9.316093727503857,7.62764041336872,2,Mon-Th,0,2025-06-26,Mon-Th,2,47
19,14.088870849347256,12.349522877571511,2,Mon-Th,0,2025-06-26,Mon-Th,2,47
21,12.57195580057374,3.224763692106273,2,Mon-Th,0,2025-06-26,Mon-Th,2,47
16,11.200880108224293,12.27534469450308,2,Mon-Th,0,2025-06-26,Mon-Th,2,47
16,6.621768240189588,5.2004041724473735,2,Mon-Th,0,2025-06-26,Mon-Th,2,47
12,2.400809814732556,7.652842884105177,2,Mon-Th,0,2025-06-26,Mon-Th,2,47
17,7.95273303840038,10.628169903351193,2,Mon-Th,0,2025-06-26,Mon-Th,2,47
20,7.498852500434593,0.8385341951230445,2,Mon-Th,0,2025-06-26,Mon-Th,2,47
15,18.658622784909838,3.6385268215207827,2,Mon-Th,0,2025-06-26,Mon-Th,2,47
23,3.740959859370709,13.282400915941105,2,Mon-Th,0,2025-06-26,Mon-Th,2,47
20,10.86884492983648,6.254375369947599,2,Mon-Th,0,2025-06-26,Mon-Th,2,47
14,20.839131825189433,32.487456416593574,2,Mon-Th,0,2025-06-26,Mon-Th,2,47
16,7.016671472147372,7.104404342658789,2,Mon-Th,0,2025-06-26,Mon-Th,2,47
15,3.2375192070498215,12.151524532158842,2,Mon-Th,0,2025-06-26,Mon-Th,2,47
19,13.409977973823043,11.595502519106129,2,Mon-Th,0,2025-06-26,Mon-Th,2,47
15,3.4911750448090784,26.66790110681995,2,Mon-Th,0,2025-06-26,Mon-Th,2,47
17,11.074105693161979,37.720860023536744,2,Mon-Th,0,2025-06-26,Mon-Th,2,47
17,27.24398596100917,24.578119362437324,2,Mon-Th,0,2025-06-26,Mon-Th,2,47
14,4.993388162380623,15.741863426576094,2,Mon-Th,0,2025-06-26,Mon-Th,2,47
20,8.470863872065674,9.794740155071004,2,Mon-Th,0,2025-06-26,Mon-Th,2,47
19,9.660876919459511,12.147872088486942,2,Mon-Th,0,2025-06-26,Mon-Th,2,47
14,2.625928247584751,9.255303476536257,2,Mon-Th,0,2025-06-26,Mon-Th,2,47
20,11.550679416638893,9.780130511792139,2,Mon-Th,0,2025-06-26,Mon-Th,2,47
10,2.7529189707287243,3.6249378614448604,2,Mon-Th,0,2025-06-26,Mon-Th,2,47
20,15.050991394102951,18.570841581544112,2,Mon-Th,0,2025-06-26,Mon-Th,2,47
17,17.472517653106962,4.577304067581526,2,Mon-Th,0,2025-06-26,Mon-Th,2,47
23,13.131349224327277,24.972155785582125,2,Mon-Th,0,2025-06-26,Mon-Th,2,47
20,14.21641605921323,8.089152104118847,2,Mon-Th,0,2025-06-26,Mon-Th,2,47
21,11.337118394003003,35.58270726831146,2,Mon-Th,0,2025-06-26,Mon-Th,2,47
18,14.791443288108145,3.659611976492987,2,Mon-Th,0,2025-06-26,Mon-Th,2,47
19,4.484042167353983,7.851490080859621,2,Mon-Th,0,2025-06-26,Mon-Th,2,47
14,6.3828285057350955,17.923193599214667,2,Mon-Th,0,2025-06-26,Mon-Th,2,47
22,9.588768808715216,3.064984977039652,2,Mon-Th,0,2025-06-26,Mon-Th,2,47
13,3.2012542139040843,30.31274076388478,2,Mon-Th,0,2025-06-26,Mon-Th,2,47
21,17.029687463980256,21.695115490993704,2,Mon-Th,0,2025-06-26,Mon-Th,2,47
17,19.32532006552328,14.027024184258027,2,Mon-Th,0,2025-06-26,Mon-Th,2,47
23,14.530999940507197,17.301190949185944,2,Mon-Th,0,2025-06-26,Mon-Th,2,47
11,3.1539769561251125,1.1213261145045643,2,Mon-Th,0,2025-06-30,Mon-Th,2,46
4,2.404240845183526,1.5443479728859921,2,Mon-Th,0,2025-06-30,Mon-Th,2,46
20,10.220135048072688,10.36855781336621,2,Mon-Th,0,2025-06-30,Mon-Th,2,46
21,16.425239903580227,10.445600430896484,2,Mon-Th,0,2025-06-30,Mon-Th,2,46
19,12.24883140333138,21.592103632498585,2,Mon-Th,0,2025-06-30,Mon-Th,2,46
14,19.86696561783582,18.750053235981902,2,Mon-Th,0,2025-06-30,Mon-Th,2,46
18,19.977029152360615,3.6457475549212877,2,Mon-Th,0,2025-06-30,Mon-Th,2,46
18,12.955759669155192,13.023566090972357,2,Mon-Th,0,2025-06-30,Mon-Th,2,46
16,13.265623971943768,8.457918910461286,2,Mon-Th,0,2025-06-30,Mon-Th,2,46
20,13.071331125962402,19.955461952577338,2,Mon-Th,0,2025-06-30,Mon-Th,2,46
15,11.186266090586447,6.6530228445942035,2,Mon-Th,0,2025-06-30,Mon-Th,2,46
17,11.244789436466231,6.682295341021664,2,Mon-Th,0,2025-06-30,Mon-Th,2,46
11,119.9167001192093,3.810032550380856,2,Mon-Th,0,2025-06-30,Mon-Th,2,46
14,5.471877920432075,13.004326032649494,2,Mon-Th,0,2025-06-30,Mon-Th,2,46
18,3.561832648282241,17.18060473546467,2,Mon-Th,0,2025-06-30,Mon-Th,2,46
17,16.62795062376149,5.277445267923142,2,Mon-Th,0,2025-06-30,Mon-Th,2,46
13,9.694333156401301,18.525068239101383,2,Mon-Th,0,2025-06-30,Mon-Th,2,46
7,3.577351604511139,0.6622096914135236,2,Mon-Th,0,2025-06-30,Mon-Th,2,46
13,2.9155069478946216,4.530720902562192,2,Mon-Th,0,2025-06-30,Mon-Th,2,46
14,2.393537999723729,16.01757828425951,2,Mon-Th,0,2025-06-30,Mon-Th,2,46
17,22.23862314549883,21.74707314692499,2,Mon-Th,0,2025-06-30,Mon-Th,2,46
17,8.374614963131373,3.642049653062987,2,Mon-Th,0,2025-06-30,Mon-Th,2,46
19,8.347278933795703,13.049289138706227,2,Mon-Th,0,2025-06-30,Mon-Th,2,46
20,9.758751153968309,20.982338968752174,2,Mon-Th,0,2025-06-30,Mon-Th,2,46
20,14.97546826605367,16.103419883159518,2,Mon-Th,0,2025-06-30,Mon-Th,2,46
16,8.5909252884091,9.062520232201871,2,Mon-Th,0,2025-06-30,Mon-Th,2,46
20,6.729631289272863,2.185814671405031,2,Mon-Th,0,2025-06-30,Mon-Th,2,46
18,10.23281169694496,6.846346552609672,2,Mon-Th,0,2025-06-30,Mon-Th,2,46
23,9.537052785542915,21.149328803649727,2,Mon-Th,0,2025-06-30,Mon-Th,2,46
17,2.6522683627277557,6.77311635792863,2,Mon-Th,0,2025-06-30,Mon-Th,2,46
17,6.587889308019059,17.490964060711665,2,Mon-Th,0,2025-06-30,Mon-Th,2,46
20,11.675126399335841,13.569182386160353,2,Mon-Th,0,2025-06-30,Mon-Th,2,46
19,15.418930493296521,6.297219154399218,2,Mon-Th,0,2025-06-30,Mon-Th,2,46
16,14.144098622294031,19.687812523736703,2,Mon-Th,0,2025-06-30,Mon-Th,2,46
14,9.987838731184931,6.219459276221582,2,Mon-Th,0,2025-06-30,Mon-Th,2,46
19,14.92679007910338,10.810333852420726,2,Mon-Th,0,2025-06-30,Mon-Th,2,46
22,8.410558557223712,16.74702664826259,2,Mon-Th,0,2025-06-30,Mon-Th,2,46
23,6.121753595626836,41.8074205403326,2,Mon-Th,0,2025-06-30,Mon-Th,2,46
16,14.923125867778243,15.860343109954314,2,Mon-Th,0,2025-06-30,Mon-Th,2,46
10,4.606548386960165,6.800091992280939,2,Mon-Th,0,2025-06-30,Mon-Th,2,46
16,16.907611806269244,3.0092873759608043,2,Mon-Th,0,2025-06-30,Mon-Th,2,46
16,10.186157485873018,12.841626934037633,2,Mon-Th,0,2025-06-30,Mon-Th,2,46
20,12.905520212393714,23.09255932863007,2,Mon-Th,0,2025-06-30,Mon-Th,2,46
21,9.725845534699094,3.4573841908448832,2,Mon-Th,0,2025-06-30,Mon-Th,2,46
8,4.88930067946748,25.327707286263838,2,Mon-Th,0,2025-06-30,Mon-Th,2,46
21,13.45902162661768,22.883025415586978,2,Mon-Th,0,2025-06-30,Mon-Th,2,46
20,12.693016601334772,17.58818034781814,2,Mon-Th,0,2025-07-01,Mon-Th,2,35
13,2.674335201288355,10.269767200814679,2,Mon-Th,0,2025-07-01,Mon-Th,2,35
15,10.865138402789345,23.548837543426046,2,Mon-Th,0,2025-07-01,Mon-Th,2,35
12,12.229152695431303,2.8868618480438517,2,Mon-Th,0,2025-07-01,Mon-Th,2,35
21,8.751410993964242,11.990285053190703,2,Mon-Th,0,2025-07-01,Mon-Th,2,35
17,4.559979926467698,19.521007663629756,2,Mon-Th,0,2025-07-01,Mon-Th,2,35
14,4.186903081210551,4.414299603644829,2,Mon-Th,0,2025-07-01,Mon-Th,2,35
17,2.968077425402108,6.490426735547966,2,Mon-Th,0,2025-07-01,Mon-Th,2,35
19,18.340718209770145,7.639787876118368,2,Mon-Th,0,2025-07-01,Mon-Th,2,35
21,10.787349725989323,8.802913893186116,2,Mon-Th,0,2025-07-01,Mon-Th,2,35
15,5.475889870275827,3.7001114315059844,2,Mon-Th,0,2025-07-01,Mon-Th,2,35
18,3.7577893197952106,18.114627622741484,2,Mon-Th,0,2025-07-01,Mon-Th,2,35
16,21.502140042105147,28.89117234878732,2,Mon-Th,0,2025-07-01,Mon-Th,2,35
20,12.355742760062935,25.445225914048546,2,Mon-Th,0,2025-07-01,Mon-Th,2,35
21,7.706609219717978,19.793333140584856,2,Mon-Th,0,2025-07-01,Mon-Th,2,35
18,8.009200132230802,7.576389618535581,2,Mon-Th,0,2025-07-01,Mon-Th,2,35
18,13.734464685330497,5.162192218042553,2,Mon-Th,0,2025-07-01,Mon-Th,2,35
16,14.426799627367291,14.689430630951026,2,Mon-Th,0,2025-07-01,Mon-Th,2,35
20,15.187018900976607,3.623518571026671,2,Mon-Th,0,2025-07-01,Mon-Th,2,35
15,13.71551109285793,9.844878728195956,2,Mon-Th,0,2025-07-01,Mon-Th,2,35
19,14.263850289799727,17.47860109241456,2,Mon-Th,0,2025-07-01,Mon-Th,2,35
16,32.47141370920208,12.37971936077519,2,Mon-Th,0,2025-07-01,Mon-Th,2,35
0,6.219813288839623,10.373730951351224,2,Mon-Th,0,2025-07-01,Mon-Th,2,35
17,4.712185647995355,4.403854585289871,2,Mon-Th,0,2025-07-01,Mon-Th,2,35
15,11.98836036747306,21.142315665778458,2,Mon-Th,0,2025-07-01,Mon-Th,2,35
13,21.988364255006687,4.392348753000588,2,Mon-Th,0,2025-07-01,Mon-Th,2,35
23,15.869196284935992,13.72573557168754,2,Mon-Th,0,2025-07-01,Mon-Th,2,35
17,13.571595055340484,18.99479875606016,2,Mon-Th,0,2025-07-01,Mon-Th,2,35
13,22.123636559984806,30.213018838161354,2,Mon-Th,0,2025-07-01,Mon-Th,2,35
19,8.905102373326624,18.707973921299228,2,Mon-Th,0,2025-07-01,Mon-Th,2,35
18,12.160121837110221,14.737630220759558,2,Mon-Th,0,2025-07-01,Mon-Th,2,35
18,11.939510392699436,9.394478904779604,2,Mon-Th,0,2025-07-01,Mon-Th,2,35
18,2.2293917686712303,0.7460847626143385,2,Mon-Th,0,2025-07-01,Mon-Th,2,35
14,2.5066392319496926,15.01850642003903,2,Mon-Th,0,2025-07-01,Mon-Th,2,35
23,4.99912472248857,4.759605143030176,2,Mon-Th,0,2025-07-01,Mon-Th,2,35
15,6.085822040109827,16.42485834756596,2,Mon-Th,0,2025-07-02,Mon-Th,2,47
12,2.1420167044685274,4.644290763704753,2,Mon-Th,0,2025-07-02,Mon-Th,2,47
19,42.543517447488846,19.430091489070044,2,Mon-Th,0,2025-07-02,Mon-Th,2,47
0,9.562140440071438,24.908425678240743,2,Mon-Th,0,2025-07-02,Mon-Th,2,47
19,13.278005581235298,9.405394160488106,2,Mon-Th,0,2025-07-02,Mon-Th,2,47
16,14.419600174667561,8.826556663368827,2,Mon-Th,0,2025-07-02,Mon-Th,2,47
15,7.062171150515048,9.82229058527443,2,Mon-Th,0,2025-07-02,Mon-Th,2,47
20,15.232929434294537,9.661218919615314,2,Mon-Th,0,2025-07-02,Mon-Th,2,47
11,22.247227560794002,0.6748922089459531,2,Mon-Th,0,2025-07-02,Mon-Th,2,47
3,13.25147460817897,7.388334553133518,2,Mon-Th,0,2025-07-02,Mon-Th,2,47
18,18.304559892709207,1.7761060271401747,2,Mon-Th,0,2025-07-02,Mon-Th,2,47
22,13.804646103454967,6.226126432436563,2,Mon-Th,0,2025-07-02,Mon-Th,2,47
17,6.306454899889289,20.512979717160114,2,Mon-Th,0,2025-07-02,Mon-Th,2,47
16,16.006210856941973,9.305910403944226,2,Mon-Th,0,2025-07-02,Mon-Th,2,47
15,3.642312403677967,6.499258185401915,2,Mon-Th,0,2025-07-02,Mon-Th,2,47
16,24.910470054180063,21.44222464746798,2,Mon-Th,0,2025-07-02,Mon-Th,2,47
23,6.901173783904864,15.675180460488436,2,Mon-Th,0,2025-07-02,Mon-Th,2,47
16,14.846316340635301,59.51654630969843,2,Mon-Th,0,2025-07-02,Mon-Th,2,47
20,12.568514972714404,31.689272661528978,2,Mon-Th,0,2025-07-02,Mon-Th,2,47
18,12.313063964066245,7.999215003446347,2,Mon-Th,0,2025-07-02,Mon-Th,2,47
16,54.55928692679005,2.446121336520709,2,Mon-Th,0,2025-07-02,Mon-Th,2,47
23,6.778020705349547,13.691450932526923,2,Mon-Th,0,2025-07-02,Mon-Th,2,47
23,10.35205691265648,12.703502189531985,2,Mon-Th,0,2025-07-02,Mon-Th,2,47
20,20.57299589373175,3.420060838607199,2,Mon-Th,0,2025-07-02,Mon-Th,2,47
23,9.979979335426032,14.787165501611131,2,Mon-Th,0,2025-07-02,Mon-Th,2,47
15,24.310447728464716,16.38367287354167,2,Mon-Th,0,2025-07-02,Mon-Th,2,47
17,5.782985817896754,9.70360148048147,2,Mon-Th,0,2025-07-02,Mon-Th,2,47
17,10.623925511679651,7.647128904083864,2,Mon-Th,0,2025-07-02,Mon-Th,2,47
15,19.69461017021867,11.379159781133009,2,Mon-Th,0,2025-07-02,Mon-Th,2,47
14,30.731965113389926,26.661186517108423,2,Mon-Th,0,2025-07-02,Mon-Th,2,47
17,7.2203242208631195,4.854014521493888,2,Mon-Th,0,2025-07-02,Mon-Th,2,47
17,15.85185839631896,4.064034866194014,2,Mon-Th,0,2025-07-02,Mon-Th,2,47
17,16.5263855758487,7.4254617331668715,2,Mon-Th,0,2025-07-02,Mon-Th,2,47
19,12.297171889184995,13.590430059942214,2,Mon-Th,0,2025-07-02,Mon-Th,2,47
21,20.601612031391205,11.768642791778884,2,Mon-Th,0,2025-07-02,Mon-Th,2,47
18,6.836529751962264,7.802019678248801,2,Mon-Th,0,2025-07-02,Mon-Th,2,47
17,18.91668120492428,1.3050216364457423,2,Mon-Th,0,2025-07-02,Mon-Th,2,47
15,3.7909201113102267,17.491898942672996,2,Mon-Th,0,2025-07-02,Mon-Th,2,47
19,7.5498463487643,9.377436524302246,2,Mon-Th,0,2025-07-02,Mon-Th,2,47
22,25.932614926296,30.13271760173617,2,Mon-Th,0,2025-07-02,Mon-Th,2,47
12,3.465078199537733,6.0734437437653215,2,Mon-Th,0,2025-07-02,Mon-Th,2,47
18,13.15355384018794,20.07776296155013,2,Mon-Th,0,2025-07-02,Mon-Th,2,47
1,23.244155741857593,16.537556329676494,2,Mon-Th,0,2025-07-02,Mon-Th,2,47
17,18.49474677407034,10.67699796604077,2,Mon-Th,0,2025-07-02,Mon-Th,2,47
18,24.493374866291184,0.6582769420928082,2,Mon-Th,0,2025-07-02,Mon-Th,2,47
18,38.69961408325474,8.36818049194813,2,Mon-Th,0,2025-07-02,Mon-Th,2,47
13,8.159246000327343,7.57301508906603,2,Mon-Th,0,2025-07-02,Mon-Th,2,47
21,9.648853589779652,68.20605349631604,2,Mon-Th,0,2025-07-03,Mon-Th,2,38
20,13.923974972532847,8.438279552612942,2,Mon-Th,0,2025-07-03,Mon-Th,2,38
11,15.305242936808558,14.44725190500425,2,Mon-Th,0,2025-07-03,Mon-Th,2,38
17,8.69086919912299,6.586355839337202,2,Mon-Th,0,2025-07-03,Mon-Th,2,38
17,10.409220776534745,15.39127486241529,2,Mon-Th,0,2025-07-03,Mon-Th,2,38
22,14.96737353149884,19.748573785512225,2,Mon-Th,0,2025-07-03,Mon-Th,2,38
18,11.690023135354764,3.8793920588877997,2,Mon-Th,0,2025-07-03,Mon-Th,2,38
15,16.445228031948584,7.880104712334095,2,Mon-Th,0,2025-07-03,Mon-Th,2,38
17,14.710959849751397,23.37834592714503,2,Mon-Th,0,2025-07-03,Mon-Th,2,38
21,14.31755040162804,10.285105236000787,2,Mon-Th,0,2025-07-03,Mon-Th,2,38
18,16.47819994992874,4.150714835728824,2,Mon-Th,0,2025-07-03,Mon-Th,2,38
20,4.321038883468457,8.078140863764508,2,Mon-Th,0,2025-07-03,Mon-Th,2,38
18,16.063645212798782,1.7583647826483768,2,Mon-Th,0,2025-07-03,Mon-Th,2,38
23,11.06522193064939,55.29600819360922,2,Mon-Th,0,2025-07-03,Mon-Th,2,38
22,11.642094449934731,8.774083993826808,2,Mon-Th,0,2025-07-03,Mon-Th,2,38
18,24.673612047735567,10.666230774878859,2,Mon-Th,0,2025-07-03,Mon-Th,2,38
21,6.531390196314225,10.944873971921089,2,Mon-Th,0,2025-07-03,Mon-Th,2,38
19,12.057605908342012,14.507867359383132,2,Mon-Th,0,2025-07-03,Mon-Th,2,38
21,19.969979673487018,5.1815974587780405,2,Mon-Th,0,2025-07-03,Mon-Th,2,38
17,6.204898322017554,1.363715226584314,2,Mon-Th,0,2025-07-03,Mon-Th,2,38
16,3.1386162304426186,4.034540872638868,2,Mon-Th,0,2025-07-03,Mon-Th,2,38
17,8.042389447216461,24.616423077091998,2,Mon-Th,0,2025-07-03,Mon-Th,2,38
14,3.1800995795651144,24.256468545150675,2,Mon-Th,0,2025-07-03,Mon-Th,2,38
21,15.177054627697007,7.056399203647963,2,Mon-Th,0,2025-07-03,Mon-Th,2,38
19,14.799250257818105,2.243072097487345,2,Mon-Th,0,2025-07-03,Mon-Th,2,38
20,11.194973137550615,4.530069040789091,2,Mon-Th,0,2025-07-03,Mon-Th,2,38
18,17.94994758624332,20.039396780099498,2,Mon-Th,0,2025-07-03,Mon-Th,2,38
18,13.293137364497515,2.591719966866475,2,Mon-Th,0,2025-07-03,Mon-Th,2,38
17,9.90246150300345,19.144775947130313,2,Mon-Th,0,2025-07-03,Mon-Th,2,38
16,9.64845713203172,7.9660413097571485,2,Mon-Th,0,2025-07-03,Mon-Th,2,38
16,16.73313723216083,6.158482671374206,2,Mon-Th,0,2025-07-03,Mon-Th,2,38
20,15.623667091977037,12.0620296149138,2,Mon-Th,0,2025-07-03,Mon-Th,2,38
15,3.095143517943963,10.29857203691561,2,Mon-Th,0,2025-07-03,Mon-Th,2,38
21,11.36251140075355,32.662947400806395,2,Mon-Th,0,2025-07-03,Mon-Th,2,38
16,17.021814738270347,7.0178758342093674,2,Mon-Th,0,2025-07-03,Mon-Th,2,38
15,10.410581262140305,8.240213991390313,2,Mon-Th,0,2025-07-03,Mon-Th,2,38
14,10.789824128483634,10.190719057186165,2,Mon-Th,0,2025-07-03,Mon-Th,2,38
15,2.4635234911904584,8.36925763860146,2,Mon-Th,0,2025-07-03,Mon-Th,2,38
22,12.38881736469412,14.051867795402243,2,Mon-Th,0,2025-07-07,Mon-Th,2,41
22,9.704200146350425,17.34647451182278,2,Mon-Th,0,2025-07-07,Mon-Th,2,41
19,40.306479455280915,10.029763131111395,2,Mon-Th,0,2025-07-07,Mon-Th,2,41
19,15.100371973656287,7.2494538000790705,2,Mon-Th,0,2025-07-07,Mon-Th,2,41
19,9.932159018659991,12.362232479723321,2,Mon-Th,0,2025-07-07,Mon-Th,2,41
18,13.485037866440656,3.8681038252332574,2,Mon-Th,0,2025-07-07,Mon-Th,2,41
18,7.5385957734843165,5.10497760256351,2,Mon-Th,0,2025-07-07,Mon-Th,2,41
15,9.420890551771876,11.980969418230831,2,Mon-Th,0,2025-07-07,Mon-Th,2,41
13,18.3829141430508,11.592805327549714,2,Mon-Th,0,2025-07-07,Mon-Th,2,41
19,7.244539176324113,14.874932287498186,2,Mon-Th,0,2025-07-07,Mon-Th,2,41
17,10.053171347510599,11.578714857796168,2,Mon-Th,0,2025-07-07,Mon-Th,2,41
16,18.73347377447055,43.33119580598737,2,Mon-Th,0,2025-07-07,Mon-Th,2,41
15,4.030779409229408,19.24394590115369,2,Mon-Th,0,2025-07-07,Mon-Th,2,41
20,20.689557422609592,24.52490428170415,2,Mon-Th,0,2025-07-07,Mon-Th,2,41
16,14.594636048510964,9.567615066448047,2,Mon-Th,0,2025-07-07,Mon-Th,2,41
15,10.675437599818924,3.0592321677162584,2,Mon-Th,0,2025-07-07,Mon-Th,2,41
22,11.60716367385022,17.751714081838603,2,Mon-Th,0,2025-07-07,Mon-Th,2,41
16,3.6064142422486425,6.996837084261086,2,Mon-Th,0,2025-07-07,Mon-Th,2,41
16,10.422926005224468,3.0901515394647996,2,Mon-Th,0,2025-07-07,Mon-Th,2,41
20,17.879353381191876,7.548995295808335,2,Mon-Th,0,2025-07-07,Mon-Th,2,41
7,11.706670340223639,11.061760435436227,2,Mon-Th,0,2025-07-07,Mon-Th,2,41
16,19.95046966373837,12.079563215660208,2,Mon-Th,0,2025-07-07,Mon-Th,2,41
8,12.678303173956657,8.40607721021977,2,Mon-Th,0,2025-07-07,Mon-Th,2,41
20,5.259988752632919,6.670319421565289,2,Mon-Th,0,2025-07-07,Mon-Th,2,41
18,22.871275444331406,6.279779913723071,2,Mon-Th,0,2025-07-07,Mon-Th,2,41
16,22.39841709698148,44.869913672933194,2,Mon-Th,0,2025-07-07,Mon-Th,2,41
19,17.036768889021864,8.03414873996782,2,Mon-Th,0,2025-07-07,Mon-Th,2,41
14,16.49360998561843,5.088738090163798,2,Mon-Th,0,2025-07-07,Mon-Th,2,41
20,28.47130386255096,14.509061174125753,2,Mon-Th,0,2025-07-07,Mon-Th,2,41
21,14.16921005448063,21.946047080027924,2,Mon-Th,0,2025-07-07,Mon-Th,2,41
16,20.308102664852886,1.9539894344807953,2,Mon-Th,0,2025-07-07,Mon-Th,2,41
18,17.247274133088876,7.375647880394063,2,Mon-Th,0,2025-07-07,Mon-Th,2,41
23,4.876423094530283,13.820844101678428,2,Mon-Th,0,2025-07-07,Mon-Th,2,41
18,13.249965068841572,12.698957641482822,2,Mon-Th,0,2025-07-07,Mon-Th,2,41
14,20.472314622718724,13.730532467749967,2,Mon-Th,0,2025-07-07,Mon-Th,2,41
11,3.7743898588318934,23.562091322667047,2,Mon-Th,0,2025-07-07,Mon-Th,2,41
17,16.48240546427212,6.330649654776893,2,Mon-Th,0,2025-07-07,Mon-Th,2,41
20,9.457925137624972,14.084053735850249,2,Mon-Th,0,2025-07-07,Mon-Th,2,41
14,15.856744619912615,6.324903293855984,2,Mon-Th,0,2025-07-07,Mon-Th,2,41
18,12.95547555410161,8.515430463030892,2,Mon-Th,0,2025-07-07,Mon-Th,2,41
10,2.681607620301545,9.416909579361613,2,Mon-Th,0,2025-07-07,Mon-Th,2,41
19,13.688780889709754,13.363236691894281,2,Mon-Th,0,2025-07-08,Mon-Th,2,34
20,11.246838653495665,5.662575734571988,2,Mon-Th,0,2025-07-08,Mon-Th,2,34
22,6.152493447350415,14.610582408077992,2,Mon-Th,0,2025-07-08,Mon-Th,2,34
13,19.473739141846124,3.8632117144178766,2,Mon-Th,0,2025-07-08,Mon-Th,2,34
15,14.014275930284239,2.68868152552335,2,Mon-Th,0,2025-07-08,Mon-Th,2,34
20,13.450889756734238,11.288082295502766,2,Mon-Th,0,2025-07-08,Mon-Th,2,34
15,2.378285852803525,14.373472120618837,2,Mon-Th,0,2025-07-08,Mon-Th,2,34
20,11.673980608284417,15.039023054490182,2,Mon-Th,0,2025-07-08,Mon-Th,2,34
21,11.650958024382422,12.578953688287216,2,Mon-Th,0,2025-07-08,Mon-Th,2,34
21,12.226971370086282,10.984450925635345,2,Mon-Th,0,2025-07-08,Mon-Th,2,34
17,13.035664212149364,11.11625917831112,2,Mon-Th,0,2025-07-08,Mon-Th,2,34
18,7.720926616968559,7.5962071881947715,2,Mon-Th,0,2025-07-08,Mon-Th,2,34
16,17.988009546788,19.440787568345325,2,Mon-Th,0,2025-07-08,Mon-Th,2,34
21,22.63268076722985,17.88770301845563,2,Mon-Th,0,2025-07-08,Mon-Th,2,34
16,15.458830870124796,5.74801498174645,2,Mon-Th,0,2025-07-08,Mon-Th,2,34
22,10.46229506124595,10.271791443207059,2,Mon-Th,0,2025-07-08,Mon-Th,2,34
22,22.743668783360693,3.759468722445731,2,Mon-Th,0,2025-07-08,Mon-Th,2,34
20,6.600467394213828,6.796289160908711,2,Mon-Th,0,2025-07-08,Mon-Th,2,34
19,8.551299786447533,5.2436785140206865,2,Mon-Th,0,2025-07-08,Mon-Th,2,34
14,19.793160028567783,9.138889930868734,2,Mon-Th,0,2025-07-08,Mon-Th,2,34
13,4.977688418901372,5.127980618811377,2,Mon-Th,0,2025-07-08,Mon-Th,2,34
15,18.525190940763125,14.749081908853594,2,Mon-Th,0,2025-07-08,Mon-Th,2,34
5,24.006899369056345,11.444287359275773,2,Mon-Th,0,2025-07-08,Mon-Th,2,34
17,14.950633383811606,4.258880841494607,2,Mon-Th,0,2025-07-08,Mon-Th,2,34
20,14.630598723105752,11.019767415653025,2,Mon-Th,0,2025-07-08,Mon-Th,2,34
22,8.468095804468632,15.623097978035506,2,Mon-Th,0,2025-07-08,Mon-Th,2,34
18,22.663563586374913,8.908935523563368,2,Mon-Th,0,2025-07-08,Mon-Th,2,34
15,12.339330621011964,6.392155597460173,2,Mon-Th,0,2025-07-08,Mon-Th,2,34
20,11.511992779934303,9.405404725460386,2,Mon-Th,0,2025-07-08,Mon-Th,2,34
19,7.85821408540927,24.726244931367876,2,Mon-Th,0,2025-07-08,Mon-Th,2,34
19,14.364429376808936,14.597806598099048,2,Mon-Th,0,2025-07-08,Mon-Th,2,34
22,10.395565199743075,35.1158036478219,2,Mon-Th,0,2025-07-08,Mon-Th,2,34
14,19.370668680974568,30.232985630312296,2,Mon-Th,0,2025-07-08,Mon-Th,2,34
22,9.877720895015596,2.9353811828407856,2,Mon-Th,0,2025-07-08,Mon-Th,2,34
13,16.400253502097094,35.264393647318535,2,Mon-Th,0,2025-07-09,Mon-Th,2,43
2,14.087949791735667,26.468150682199937,2,Mon-Th,0,2025-07-09,Mon-Th,2,43
14,37.18720619247732,16.867914023070227,2,Mon-Th,0,2025-07-09,Mon-Th,2,43
16,9.57210089428792,9.639965193048603,2,Mon-Th,0,2025-07-09,Mon-Th,2,43
10,22.948079485865136,18.887384465868237,2,Mon-Th,0,2025-07-09,Mon-Th,2,43
17,8.497661295019483,10.226335487539359,2,Mon-Th,0,2025-07-09,Mon-Th,2,43
16,45.60450520713092,15.441013533598367,2,Mon-Th,0,2025-07-09,Mon-Th,2,43
14,5.3220675419731,2.1751582434016417,2,Mon-Th,0,2025-07-09,Mon-Th,2,43
14,2.640556616167033,8.035672003691833,2,Mon-Th,0,2025-07-09,Mon-Th,2,43
20,8.688762853330438,12.441597680214091,2,Mon-Th,0,2025-07-09,Mon-Th,2,43
18,60.89488227910406,5.41711804677547,2,Mon-Th,0,2025-07-09,Mon-Th,2,43
22,20.199679785067243,11.66878924542419,2,Mon-Th,0,2025-07-09,Mon-Th,2,43
23,32.52117895042323,8.881981772807967,2,Mon-Th,0,2025-07-09,Mon-Th,2,43
11,3.680930248840304,35.748357664895615,2,Mon-Th,0,2025-07-09,Mon-Th,2,43
10,2.9096276022473253,15.85679267043912,2,Mon-Th,0,2025-07-09,Mon-Th,2,43
16,14.370031975460872,15.684664395248284,2,Mon-Th,0,2025-07-09,Mon-Th,2,43
13,8.320160058500566,10.241005477339293,2,Mon-Th,0,2025-07-09,Mon-Th,2,43
17,14.28638429615161,7.462654410977147,2,Mon-Th,0,2025-07-09,Mon-Th,2,43
19,5.96245342044115,9.280185590496414,2,Mon-Th,0,2025-07-09,Mon-Th,2,43
23,9.918504742310608,12.939217544653708,2,Mon-Th,0,2025-07-09,Mon-Th,2,43
14,9.620928307191438,10.535517370746653,2,Mon-Th,0,2025-07-09,Mon-Th,2,43
18,96.0855809476845,29.82809842826099,2,Mon-Th,0,2025-07-09,Mon-Th,2,43
11,2.023831347397335,8.15951700514376,2,Mon-Th,0,2025-07-09,Mon-Th,2,43
16,6.607442871457565,3.1011949368975626,2,Mon-Th,0,2025-07-09,Mon-Th,2,43
20,13.893017886322369,22.229093428115164,2,Mon-Th,0,2025-07-09,Mon-Th,2,43
19,12.018675878956142,16.694826590817613,2,Mon-Th,0,2025-07-09,Mon-Th,2,43
7,16.443951674852723,38.53669693727976,2,Mon-Th,0,2025-07-09,Mon-Th,2,43
17,16.064852662869914,12.183997671892737,2,Mon-Th,0,2025-07-09,Mon-Th,2,43
17,11.542989255686507,3.180476737563855,2,Mon-Th,0,2025-07-09,Mon-Th,2,43
0,13.863915469467553,7.859868544585392,2,Mon-Th,0,2025-07-09,Mon-Th,2,43
17,36.660112218133314,5.354035484762953,2,Mon-Th,0,2025-07-09,Mon-Th,2,43
19,2.301940309753482,6.639673345588905,2,Mon-Th,0,2025-07-09,Mon-Th,2,43
16,3.84807717937785,11.205710729324371,2,Mon-Th,0,2025-07-09,Mon-Th,2,43
14,13.710164287608169,3.480761452765547,2,Mon-Th,0,2025-07-09,Mon-Th,2,43
18,4.929797628662077,10.772368732565193,2,Mon-Th,0,2025-07-09,Mon-Th,2,43
23,15.514802753775871,5.2569259679749125,2,Mon-Th,0,2025-07-09,Mon-Th,2,43
14,19.226703154800724,8.24745211845581,2,Mon-Th,0,2025-07-09,Mon-Th,2,43
16,14.885690933068737,8.136393394987625,2,Mon-Th,0,2025-07-09,Mon-Th,2,43
19,9.204493584631235,12.997303400529846,2,Mon-Th,0,2025-07-09,Mon-Th,2,43
19,15.03330848749037,2.570174074135287,2,Mon-Th,0,2025-07-09,Mon-Th,2,43
22,20.00325035280731,12.009986718556737,2,Mon-Th,0,2025-07-09,Mon-Th,2,43
21,11.126373249933359,17.30753662091875,2,Mon-Th,0,2025-07-09,Mon-Th,2,43
15,4.605144065040975,6.624182333910297,2,Mon-Th,0,2025-07-09,Mon-Th,2,43
15,4.075888978867647,9.388602711285415,2,Friday,0,2025-06-27,Friday,2,42
22,12.490760053904754,35.596926958842246,2,Friday,0,2025-06-27,Friday,2,42
19,2.3619398218962844,7.467312295315331,2,Friday,0,2025-06-27,Friday,2,42
17,18.2963719433681,10.14525476178355,2,Friday,0,2025-06-27,Friday,2,42
14,15.469709389822825,56.80410946996699,2,Friday,0,2025-06-27,Friday,2,42
18,14.806170577115005,3.660062660296842,2,Friday,0,2025-06-27,Friday,2,42
13,62.37676630773225,19.090310060002043,2,Friday,0,2025-06-27,Friday,2,42
14,2.0586178513479223,13.860561818561106,2,Friday,0,2025-06-27,Friday,2,42
19,15.792072504537476,10.137478388211498,2,Friday,0,2025-06-27,Friday,2,42
18,15.91264694664076,3.4876600229707755,2,Friday,0,2025-06-27,Friday,2,42
18,22.432306241154134,2.6719620259485444,2,Friday,0,2025-06-27,Friday,2,42
22,10.987448500279534,6.307769146831876,2,Friday,0,2025-06-27,Friday,2,42
16,13.532906497419653,7.725063028610321,2,Friday,0,2025-06-27,Friday,2,42
20,8.275463334027187,26.30827297887292,2,Friday,0,2025-06-27,Friday,2,42
9,6.037074953106035,6.845853577580728,2,Friday,0,2025-06-27,Friday,2,42
8,42.01447063822752,15.448183167990328,2,Friday,0,2025-06-27,Friday,2,42
14,3.7360920290303237,4.887494348469512,2,Friday,0,2025-06-27,Friday,2,42
19,16.961292457988865,8.496761765605696,2,Friday,0,2025-06-27,Friday,2,42
20,22.81026113562292,36.09081734726571,2,Friday,0,2025-06-27,Friday,2,42
15,41.164232160803785,23.869640142448546,2,Friday,0,2025-06-27,Friday,2,42
23,12.9071713016445,50.84462788909156,2,Friday,0,2025-06-27,Friday,2,42
20,15.274508175299289,4.681152820099648,2,Friday,0,2025-06-27,Friday,2,42
22,16.054073227233353,15.502469973402622,2,Friday,0,2025-06-27,Friday,2,42
14,47.75212936364394,5.07818087170588,2,Friday,0,2025-06-27,Friday,2,42
10,5.916645923348118,13.18527871536541,2,Friday,0,2025-06-27,Friday,2,42
9,2.5187290804322715,16.83412411038691,2,Friday,0,2025-06-27,Friday,2,42
17,21.1909078358328,1.763628710309811,2,Friday,0,2025-06-27,Friday,2,42
19,13.158071985641651,10.297065806524733,2,Friday,0,2025-06-27,Friday,2,42
18,2.8522620249515995,2.764679464112092,2,Friday,0,2025-06-27,Friday,2,42
22,15.871953500527482,20.573621815065895,2,Friday,0,2025-06-27,Friday,2,42
17,16.951896955550488,31.41099661879506,2,Friday,0,2025-06-27,Friday,2,42
14,2.036885934101241,4.34508806461552,2,Friday,0,2025-06-27,Friday,2,42
6,2.510264183441368,4.064331447474956,2,Friday,0,2025-06-27,Friday,2,42
20,8.251126286498533,16.772921597977437,2,Friday,0,2025-06-27,Friday,2,42
21,9.528265269401222,14.963141034558854,2,Friday,0,2025-06-27,Friday,2,42
22,12.174435490601535,15.205323070788555,2,Friday,0,2025-06-27,Friday,2,42
20,12.572633187525412,9.22672543798908,2,Friday,0,2025-06-27,Friday,2,42
19,14.561568070042163,38.018990888507886,2,Friday,0,2025-06-27,Friday,2,42
18,16.195305140758276,40.61742197948373,2,Friday,0,2025-06-27,Friday,2,42
16,18.178220753878712,40.40928723157405,2,Friday,0,2025-06-27,Friday,2,42
14,24.26152371062161,25.178547375609092,2,Friday,0,2025-06-27,Friday,2,42
14,2.5089711210330607,6.461995919002244,2,Friday,0,2025-06-27,Friday,2,42
13,2.4649693531510612,14.125310372578237,2,Friday,0,2025-07-04,Friday,2,49
19,21.994477181047152,20.631885577432804,2,Friday,0,2025-07-04,Friday,2,49
10,12.473026029959204,7.12370790107121,2,Friday,0,2025-07-04,Friday,2,49
22,13.911753396375381,9.718957993972825,2,Friday,0,2025-07-04,Friday,2,49
19,12.001608496657532,54.46868690606231,2,Friday,0,2025-07-04,Friday,2,49
17,14.755784998591402,58.0957221601541,2,Friday,0,2025-07-04,Friday,2,49
20,12.097228619427593,5.504351455313666,2,Friday,0,2025-07-04,Friday,2,49
12,18.205292735849753,40.41681740785369,2,Friday,0,2025-07-04,Friday,2,49
17,13.03662300432029,18.422890541286154,2,Friday,0,2025-07-04,Friday,2,49
17,26.887353903913986,17.691611489098047,2,Friday,0,2025-07-04,Friday,2,49
6,23.659603077671427,5.1129231102411685,2,Friday,0,2025-07-04,Friday,2,49
17,2.4286619648608183,4.510415221343972,2,Friday,0,2025-07-04,Friday,2,49
12,7.857671097964775,17.05644362696604,2,Friday,0,2025-07-04,Friday,2,49
11,65.1088359459064,21.67451262646542,2,Friday,0,2025-07-04,Friday,2,49
17,15.482964310542467,17.540621992292245,2,Friday,0,2025-07-04,Friday,2,49
12,2.108879365001271,0.9446466906857988,2,Friday,0,2025-07-04,Friday,2,49
23,12.425747732358843,15.4676390801997,2,Friday,0,2025-07-04,Friday,2,49
14,2.649782332483406,5.753979048738396,2,Friday,0,2025-07-04,Friday,2,49
23,9.070969168888036,15.23676177723677,2,Friday,0,2025-07-04,Friday,2,49
18,17.485372449324913,5.864725597518977,2,Friday,0,2025-07-04,Friday,2,49
8,2.171585839883659,2.6317490374914057,2,Friday,0,2025-07-04,Friday,2,49
15,55.81512607197618,5.214673277744929,2,Friday,0,2025-07-04,Friday,2,49
16,17.727378997104807,7.038448475987679,2,Friday,0,2025-07-04,Friday,2,49
20,7.442982381168037,8.04275943514574,2,Friday,0,2025-07-04,Friday,2,49
23,7.959479365126857,29.1215330883902,2,Friday,0,2025-07-04,Friday,2,49
0,4.402754848726643,4.910764381506363,2,Friday,0,2025-07-04,Friday,2,49
18,17.07943686345447,26.967814228619748,2,Friday,0,2025-07-04,Friday,2,49
21,13.277243101800277,10.209802790648006,2,Friday,0,2025-07-04,Friday,2,49
16,18.0202375394494,3.1051341947229583,2,Friday,0,2025-07-04,Friday,2,49
22,5.322532318745003,14.017374568891746,2,Friday,0,2025-07-04,Friday,2,49
22,12.614143092296484,2.4220364610807588,2,Friday,0,2025-07-04,Friday,2,49
15,17.466777221683426,15.126808535913415,2,Friday,0,2025-07-04,Friday,2,49
18,14.871469444834634,21.13260827283255,2,Friday,0,2025-07-04,Friday,2,49
18,16.289393285325733,5.806460651615457,2,Friday,0,2025-07-04,Friday,2,49
19,18.400133727125443,1.2495338980285107,2,Friday,0,2025-07-04,Friday,2,49
20,15.988967259325484,11.450578889163648,2,Friday,0,2025-07-04,Friday,2,49
9,23.504594169937146,9.40031259691062,2,Friday,0,2025-07-04,Friday,2,49
10,8.19044230228699,24.48967799195105,2,Friday,0,2025-07-04,Friday,2,49
12,16.865147995815832,17.55824094645876,2,Friday,0,2025-07-04,Friday,2,49
21,12.769638743093196,15.231065684856555,2,Friday,0,2025-07-04,Friday,2,49
16,15.451950521078462,18.06612201281044,2,Friday,0,2025-07-04,Friday,2,49
18,18.037959153701323,7.225592948212583,2,Friday,0,2025-07-04,Friday,2,49
19,24.317102153174478,15.123063172614808,2,Friday,0,2025-07-04,Friday,2,49
19,17.94231488335306,18.098781091550602,2,Friday,0,2025-07-04,Friday,2,49
22,12.084873122803188,18.899417908859405,2,Friday,0,2025-07-04,Friday,2,49
18,2.1762608698738948,7.748444525943436,2,Friday,0,2025-07-04,Friday,2,49
20,12.158901934082628,12.040380345385547,2,Friday,0,2025-07-04,Friday,2,49
18,15.603984634394099,7.416617348863196,2,Friday,0,2025-07-04,Friday,2,49
18,30.48505387344212,12.335334081229197,2,Friday,0,2025-07-04,Friday,2,49
14,10.754825453006003,4.007744763272825,2,Friday,0,2025-07-11,Friday,2,42
16,2.5707788132014553,9.045235937765476,2,Friday,0,2025-07-11,Friday,2,42
19,5.525243104320451,15.836400974762256,2,Friday,0,2025-07-11,Friday,2,42
20,15.335766333100608,19.181642061567167,2,Friday,0,2025-07-11,Friday,2,42
19,3.8515042245241755,7.800292975857914,2,Friday,0,2025-07-11,Friday,2,42
14,10.25736133284396,4.363986690970221,2,Friday,0,2025-07-11,Friday,2,42
23,13.340387054751265,2.080409384075888,2,Friday,0,2025-07-11,Friday,2,42
16,15.815314261436608,9.234070887847523,2,Friday,0,2025-07-11,Friday,2,42
18,2.6198205816954867,3.2336217782716394,2,Friday,0,2025-07-11,Friday,2,42
8,5.247299650229488,1.310125206008403,2,Friday,0,2025-07-11,Friday,2,42
16,19.293105413323012,4.947497896935747,2,Friday,0,2025-07-11,Friday,2,42
18,44.89056546902896,31.023948587069555,2,Friday,0,2025-07-11,Friday,2,42
15,19.565512690708367,22.59295057386021,2,Friday,0,2025-07-11,Friday,2,42
22,24.720819747972023,2.8443000327013985,2,Friday,0,2025-07-11,Friday,2,42
14,22.054020128752107,22.00235260457138,2,Friday,0,2025-07-11,Friday,2,42
18,14.602154339234836,7.946743873310653,2,Friday,0,2025-07-11,Friday,2,42
3,13.907829627685256,10.693675424028477,2,Friday,0,2025-07-11,Friday,2,42
19,8.349077272374046,1.8133392409900408,2,Friday,0,2025-07-11,Friday,2,42
12,4.244169201019849,9.258668199238974,2,Friday,0,2025-07-11,Friday,2,42
19,13.857237991693431,4.876321296497451,2,Friday,0,2025-07-11,Friday,2,42
18,14.200910630622577,3.113964529834754,2,Friday,0,2025-07-11,Friday,2,42
0,8.182832351058737,4.332928458795285,2,Friday,0,2025-07-11,Friday,2,42
0,7.8982880271732965,9.627149594185312,2,Friday,0,2025-07-11,Friday,2,42
11,4.029461896205304,8.974660767946121,2,Friday,0,2025-07-11,Friday,2,42
19,23.743427335321915,14.76100072497515,2,Friday,0,2025-07-11,Friday,2,42
19,7.38718901931163,2.450402794576126,2,Friday,0,2025-07-11,Friday,2,42
17,11.074619687347024,7.159198896316066,2,Friday,0,2025-07-11,Friday,2,42
15,11.168485719831875,9.838742181503646,2,Friday,0,2025-07-11,Friday,2,42
22,14.96973532728407,12.049832551448715,2,Friday,0,2025-07-11,Friday,2,42
17,20.11325469974452,48.92987156244288,2,Friday,0,2025-07-11,Friday,2,42
14,4.543083492880966,13.371793270131544,2,Friday,0,2025-07-11,Friday,2,42
19,19.825467063179186,19.677664841768237,2,Friday,0,2025-07-11,Friday,2,42
20,10.332676329202535,10.939001500493658,2,Friday,0,2025-07-11,Friday,2,42
20,8.742192783884795,27.18545645095269,2,Friday,0,2025-07-11,Friday,2,42
17,6.9621770731093,14.011096278308354,2,Friday,0,2025-07-11,Friday,2,42
20,20.231506989579955,6.347670463783881,2,Friday,0,2025-07-11,Friday,2,42
15,19.483772332087746,10.48931336626495,2,Friday,0,2025-07-11,Friday,2,42
13,8.145628353518857,6.156080988363098,2,Friday,0,2025-07-11,Friday,2,42
22,13.783011546472665,5.9576598033199515,2,Friday,0,2025-07-11,Friday,2,42
20,15.759794911911992,18.99247465537333,2,Friday,0,2025-07-11,Friday,2,42
17,7.695978383947748,2.8542531953040564,2,Friday,0,2025-07-11,Friday,2,42
19,20.482081970744268,3.5380075239512303,2,Friday,0,2025-07-11,Friday,2,42
22,16.235866001573584,4.562049822140223,2,Friday,0,2025-07-18,Friday,2,45
22,19.198090532984736,6.6089065120352934,2,Friday,0,2025-07-18,Friday,2,45
14,3.5575006570019148,5.402439453162101,2,Friday,0,2025-07-18,Friday,2,45
19,6.5038977879218205,4.280308219880796,2,Friday,0,2025-07-18,Friday,2,45
15,57.67498784317814,1.4289685010768847,2,Friday,0,2025-07-18,Friday,2,45
23,13.923246206993252,8.831696286187691,2,Friday,0,2025-07-18,Friday,2,45
16,12.00505170818542,19.181161160170074,2,Friday,0,2025-07-18,Friday,2,45
18,20.22514189080646,6.955987229849055,2,Friday,0,2025-07-18,Friday,2,45
23,9.556972492883865,28.87078054589451,2,Friday,0,2025-07-18,Friday,2,45
10,3.6710885778209246,9.612039222413813,2,Friday,0,2025-07-18,Friday,2,45
15,11.446992755650879,4.389016907371731,2,Friday,0,2025-07-18,Friday,2,45
17,22.341965164557454,6.2863960228947935,2,Friday,0,2025-07-18,Friday,2,45
10,11.47022893673596,7.16041743739639,2,Friday,0,2025-07-18,Friday,2,45
15,27.430367907586113,4.444532020467515,2,Friday,0,2025-07-18,Friday,2,45
13,79.91711563096337,3.4259616594708,2,Friday,0,2025-07-18,Friday,2,45
20,68.68535868980881,13.778806050758227,2,Friday,0,2025-07-18,Friday,2,45
16,30.906139121534185,2.7499657934678208,2,Friday,0,2025-07-18,Friday,2,45
13,7.984302230271118,5.136493621529012,2,Friday,0,2025-07-18,Friday,2,45
15,2.0874123615661526,7.914210925913769,2,Friday,0,2025-07-18,Friday,2,45
20,3.170541653405902,14.391418638565963,2,Friday,0,2025-07-18,Friday,2,45
21,41.526183767934,13.286985561655111,2,Friday,0,2025-07-18,Friday,2,45
15,2.87899709674836,6.60330398127318,2,Friday,0,2025-07-18,Friday,2,45
17,47.03069215946071,11.33156912460666,2,Friday,0,2025-07-18,Friday,2,45
15,4.5119227774008515,11.851128816207673,2,Friday,0,2025-07-18,Friday,2,45
12,59.06884453595803,10.667149687801214,2,Friday,0,2025-07-18,Friday,2,45
7,4.135723230448624,7.954088050357998,2,Friday,0,2025-07-18,Friday,2,45
21,12.635630404885628,8.633056435754655,2,Friday,0,2025-07-18,Friday,2,45
18,20.917979893874463,3.9722061848289654,2,Friday,0,2025-07-18,Friday,2,45
19,14.6705114834575,7.092358701027737,2,Friday,0,2025-07-18,Friday,2,45
20,17.460724950572146,8.722853738550928,2,Friday,0,2025-07-18,Friday,2,45
18,12.852968717557602,2.304592643030267,2,Friday,0,2025-07-18,Friday,2,45
14,12.728815095667699,10.603805206125774,2,Friday,0,2025-07-18,Friday,2,45
15,15.287237896253043,46.955618376108774,2,Friday,0,2025-07-18,Friday,2,45
18,12.866876417768037,20.10577769764037,2,Friday,0,2025-07-18,Friday,2,45
19,14.131696512980536,15.138703277678262,2,Friday,0,2025-07-18,Friday,2,45
19,11.789105126956184,8.57780118353426,2,Friday,0,2025-07-18,Friday,2,45
13,3.4180799269200506,6.189619880080101,2,Friday,0,2025-07-18,Friday,2,45
19,22.586834462598173,9.689680817436622,2,Friday,0,2025-07-18,Friday,2,45
15,15.897083959757047,4.742037572805854,2,Friday,0,2025-07-18,Friday,2,45
18,18.77745851284804,19.44547841544618,2,Friday,0,2025-07-18,Friday,2,45
14,35.667294138108645,8.306169225836578,2,Friday,0,2025-07-18,Friday,2,45
18,32.193702614162156,19.699941413905496,2,Friday,0,2025-07-18,Friday,2,45
21,6.047375313374687,17.192732074166905,2,Friday,0,2025-07-18,Friday,2,45
12,3.6633182833104656,12.046339571472753,2,Friday,0,2025-07-18,Friday,2,45
13,2.7589483552728806,5.9401466506167315,2,Friday,0,2025-07-18,Friday,2,45
23,11.814675085487249,19.929334269606862,2,Friday,0,2025-07-25,Friday,2,45
19,18.43114187562427,35.45389262130891,2,Friday,0,2025-07-25,Friday,2,45
15,21.24690453753578,24.435419394538968,2,Friday,0,2025-07-25,Friday,2,45
23,10.366545264422065,3.797851810421882,2,Friday,0,2025-07-25,Friday,2,45
14,12.721411166768693,16.136263188099356,2,Friday,0,2025-07-25,Friday,2,45
15,17.076554074200544,10.770523937238652,2,Friday,0,2025-07-25,Friday,2,45
21,9.599619719538545,7.11777758216111,2,Friday,0,2025-07-25,Friday,2,45
21,12.915977540880107,9.161224515056759,2,Friday,0,2025-07-25,Friday,2,45
22,6.6482672417418955,18.463910009866435,2,Friday,0,2025-07-25,Friday,2,45
17,13.62388150363844,10.022645658946537,2,Friday,0,2025-07-25,Friday,2,45
19,16.661981995513163,5.4787321636810935,2,Friday,0,2025-07-25,Friday,2,45
23,11.459887977608314,26.681402884598562,2,Friday,0,2025-07-25,Friday,2,45
22,17.067914688212923,9.891368526986943,2,Friday,0,2025-07-25,Friday,2,45
14,6.911258442415177,6.520626381777189,2,Friday,0,2025-07-25,Friday,2,45
16,20.54170814138836,4.876259867235774,2,Friday,0,2025-07-25,Friday,2,45
17,23.71237235185527,22.54857735350667,2,Friday,0,2025-07-25,Friday,2,45
16,25.600462143388654,20.43354518552588,2,Friday,0,2025-07-25,Friday,2,45
13,3.8978861965690235,19.229680879080643,2,Friday,0,2025-07-25,Friday,2,45
19,12.757473320922816,16.830737700986404,2,Friday,0,2025-07-25,Friday,2,45
17,18.262385559700007,14.306553771486554,2,Friday,0,2025-07-25,Friday,2,45
16,26.944556264498562,16.979108007738184,2,Friday,0,2025-07-25,Friday,2,45
15,20.83985121586872,2.304648254251651,2,Friday,0,2025-07-25,Friday,2,45
16,2.141979615024581,5.8370634276357904,2,Friday,0,2025-07-25,Friday,2,45
18,3.8438862727378424,7.252321420138109,2,Friday,0,2025-07-25,Friday,2,45
12,40.38962663790177,21.965197667337144,2,Friday,0,2025-07-25,Friday,2,45
16,5.5218648907975645,48.70430667262463,2,Friday,0,2025-07-25,Friday,2,45
16,18.391093313775546,8.613834782293468,2,Friday,0,2025-07-25,Friday,2,45
15,19.193857121884793,4.462093662932618,2,Friday,0,2025-07-25,Friday,2,45
19,8.839678288614952,14.839278692479128,2,Friday,0,2025-07-25,Friday,2,45
22,16.653006158788603,5.221650444610544,2,Friday,0,2025-07-25,Friday,2,45
21,14.975260514823322,3.321494207326687,2,Friday,0,2025-07-25,Friday,2,45
19,17.278292892262375,22.869917698446642,2,Friday,0,2025-07-25,Friday,2,45
21,12.648324429938135,8.228670451990828,2,Friday,0,2025-07-25,Friday,2,45
14,16.552096592031308,17.38082889807767,2,Friday,0,2025-07-25,Friday,2,45
19,20.629953156573517,6.061138820392805,2,Friday,0,2025-07-25,Friday,2,45
17,6.299465086589272,4.2171001631393965,2,Friday,0,2025-07-25,Friday,2,45
11,3.1026373927491084,7.565941482147578,2,Friday,0,2025-07-25,Friday,2,45
16,16.722651666146042,1.015067964771145,2,Friday,0,2025-07-25,Friday,2,45
16,9.002881190185157,21.748138800341437,2,Friday,0,2025-07-25,Friday,2,45
18,22.985242896058544,4.8737597277244555,2,Friday,0,2025-07-25,Friday,2,45
16,39.098061183258274,14.779292530466137,2,Friday,0,2025-07-25,Friday,2,45
18,19.486913961319242,11.849602374319701,2,Friday,0,2025-07-25,Friday,2,45
20,11.626003766713293,7.03371742771877,2,Friday,0,2025-07-25,Friday,2,45
21,7.639307092857999,9.140768624135244,2,Friday,0,2025-07-25,Friday,2,45
18,10.579242577509913,21.783353902536195,2,Friday,0,2025-07-25,Friday,2,45
15,17.083928297636586,17.451018015750847,2,Friday,0,2025-08-01,Friday,2,50
16,19.26784991541935,8.25099639432425,2,Friday,0,2025-08-01,Friday,2,50
12,23.61593902627338,47.56460707459993,2,Friday,0,2025-08-01,Friday,2,50
17,10.125464293884857,2.40556548944624,2,Friday,0,2025-08-01,Friday,2,50
19,2.2298990537854504,2.2424467647077693,2,Friday,0,2025-08-01,Friday,2,50
23,11.680322720447645,11.011654129729214,2,Friday,0,2025-08-01,Friday,2,50
17,15.479214614556852,15.604736478843753,2,Friday,0,2025-08-01,Friday,2,50
16,25.002317049892497,6.0535587309157854,2,Friday,0,2025-08-01,Friday,2,50
19,14.163939055026262,9.087384715099848,2,Friday,0,2025-08-01,Friday,2,50
18,18.001461951085204,5.340069848561217,2,Friday,0,2025-08-01,Friday,2,50
18,20.994017745069588,7.029738690008487,2,Friday,0,2025-08-01,Friday,2,50
19,8.864932317226998,16.130166037757995,2,Friday,0,2025-08-01,Friday,2,50
13,19.963594719933027,10.191593212811599,2,Friday,0,2025-08-01,Friday,2,50
18,7.140554964799665,15.699611054118778,2,Friday,0,2025-08-01,Friday,2,50
21,15.618529927188423,43.33115752660575,2,Friday,0,2025-08-01,Friday,2,50
16,4.515577677526909,12.695412853416373,2,Friday,0,2025-08-01,Friday,2,50
21,15.07590605754654,32.0275503029493,2,Friday,0,2025-08-01,Friday,2,50
21,13.481723142007766,8.768892690378538,2,Friday,0,2025-08-01,Friday,2,50
22,97.87284245493404,3.321478150333606,2,Friday,0,2025-08-01,Friday,2,50
20,2.334611717446719,6.839044998565305,2,Friday,0,2025-08-01,Friday,2,50
17,3.6445388284166356,5.29992752130857,2,Friday,0,2025-08-01,Friday,2,50
20,34.62508876544776,2.831017221135345,2,Friday,0,2025-08-01,Friday,2,50
12,42.53819736221666,5.845583280998479,2,Friday,0,2025-08-01,Friday,2,50
14,26.4090175645147,14.511489368733223,2,Friday,0,2025-08-01,Friday,2,50
13,6.0591743745634155,27.666342610000317,2,Friday,0,2025-08-01,Friday,2,50
18,24.559017301361365,6.759237806495387,2,Friday,0,2025-08-01,Friday,2,50
14,9.962297794022202,11.953149185743166,2,Friday,0,2025-08-01,Friday,2,50
21,14.325870428984643,9.938992804129114,2,Friday,0,2025-08-01,Friday,2,50
22,14.742874418295365,18.59295904741408,2,Friday,0,2025-08-01,Friday,2,50
22,16.43191983377392,2.1453586896416788,2,Friday,0,2025-08-01,Friday,2,50
18,14.151503752475811,4.257140284031341,2,Friday,0,2025-08-01,Friday,2,50
15,25.59431531353367,9.757797868445786,2,Friday,0,2025-08-01,Friday,2,50
18,2.158651098749174,7.030970235179709,2,Friday,0,2025-08-01,Friday,2,50
0,2.0263454837594317,10.368820064234765,2,Friday,0,2025-08-01,Friday,2,50
17,26.170804687288065,7.148519620425603,2,Friday,0,2025-08-01,Friday,2,50
20,3.789921603585583,16.736446089178845,2,Friday,0,2025-08-01,Friday,2,50
15,20.095105166227505,9.65306204672026,2,Friday,0,2025-08-01,Friday,2,50
14,23.320515881708104,1.107686069718551,2,Friday,0,2025-08-01,Friday,2,50
21,21.51100009856518,12.602532541086667,2,Friday,0,2025-08-01,Friday,2,50
19,15.883708913134999,16.055363769418097,2,Friday,0,2025-08-01,Friday,2,50
13,3.8542903907362227,1.488590658714521,2,Friday,0,2025-08-01,Friday,2,50
20,8.68387916345069,10.43569389823442,2,Friday,0,2025-08-01,Friday,2,50
0,22.72127950129676,19.655389708745158,2,Friday,0,2025-08-01,Friday,2,50
15,19.003387487861318,37.049377487861285,2,Friday,0,2025-08-01,Friday,2,50
22,9.810386088335285,21.656637519737316,2,Friday,0,2025-08-01,Friday,2,50
22,4.4262678261250015,6.359943206180293,2,Friday,0,2025-08-01,Friday,2,50
19,11.774065161861664,27.490508083514086,2,Friday,0,2025-08-01,Friday,2,50
14,16.03438574179695,11.037860592376775,2,Friday,0,2025-08-01,Friday,2,50
14,2.1640536092886986,16.21861706625006,2,Friday,0,2025-08-01,Friday,2,50
20,11.9992419546179,16.767666604107006,2,Friday,0,2025-08-01,Friday,2,50
18,45.249571183701995,43.328719140034664,2,Friday,0,2025-08-08,Friday,2,47
16,10.817670959261722,9.884251185521947,2,Friday,0,2025-08-08,Friday,2,47
20,12.35295425803388,19.671900538446533,2,Friday,0,2025-08-08,Friday,2,47
18,15.701174242086655,8.752974715311131,2,Friday,0,2025-08-08,Friday,2,47
16,2.2460474823605243,7.322824747227738,2,Friday,0,2025-08-08,Friday,2,47
21,20.99619589122869,31.878266309870817,2,Friday,0,2025-08-08,Friday,2,47
18,16.12170713847424,14.041234044783588,2,Friday,0,2025-08-08,Friday,2,47
15,17.176142765987766,8.331610243475529,2,Friday,0,2025-08-08,Friday,2,47
13,6.862066262469459,10.706696992255921,2,Friday,0,2025-08-08,Friday,2,47
14,23.222539678860823,5.929047501673929,2,Friday,0,2025-08-08,Friday,2,47
17,14.48636438147011,9.83301375130154,2,Friday,0,2025-08-08,Friday,2,47
16,13.514810764525095,24.6048801911732,2,Friday,0,2025-08-08,Friday,2,47
16,42.93673937728293,5.439785994982201,2,Friday,0,2025-08-08,Friday,2,47
19,17.631099356430454,39.36853727452044,2,Friday,0,2025-08-08,Friday,2,47
11,8.479030102678392,14.180053833361319,2,Friday,0,2025-08-08,Friday,2,47
18,15.893480838298526,26.27860846606909,2,Friday,0,2025-08-08,Friday,2,47
16,46.03826128134626,4.441048555609828,2,Friday,0,2025-08-08,Friday,2,47
20,20.90791595708167,23.997932503244034,2,Friday,0,2025-08-08,Friday,2,47
15,19.673171916780888,8.818562754812046,2,Friday,0,2025-08-08,Friday,2,47
18,12.264539600725033,16.193733077967913,2,Friday,0,2025-08-08,Friday,2,47
17,9.237225332436953,10.024922666926896,2,Friday,0,2025-08-08,Friday,2,47
0,16.388798601014745,33.27867308642209,2,Friday,0,2025-08-08,Friday,2,47
22,28.87601213181419,10.959054956262928,2,Friday,0,2025-08-08,Friday,2,47
18,15.713858084902906,3.58595189059304,2,Friday,0,2025-08-08,Friday,2,47
21,14.375179829390284,21.240469517764062,2,Friday,0,2025-08-08,Friday,2,47
19,13.008888496306309,24.662779946464386,2,Friday,0,2025-08-08,Friday,2,47
10,17.279899388939146,4.842057636310136,2,Friday,0,2025-08-08,Friday,2,47
13,21.561440854559525,3.2307105814532173,2,Friday,0,2025-08-08,Friday,2,47
22,9.197841344332279,12.723688295499484,2,Friday,0,2025-08-08,Friday,2,47
18,8.22077225655226,7.232775263092653,2,Friday,0,2025-08-08,Friday,2,47
13,3.808501057436785,5.449784673570684,2,Friday,0,2025-08-08,Friday,2,47
8,9.43817551990259,6.502394844423009,2,Friday,0,2025-08-08,Friday,2,47
9,5.739578327691744,6.661617113123583,2,Friday,0,2025-08-08,Friday,2,47
21,6.617718251982353,16.14771982016945,2,Friday,0,2025-08-08,Friday,2,47
23,7.449317229012714,4.483857077852828,2,Friday,0,2025-08-08,Friday,2,47
17,21.77833271816825,16.05515754697277,2,Friday,0,2025-08-08,Friday,2,47
13,18.53174327149819,16.107107360541033,2,Friday,0,2025-08-08,Friday,2,47
13,35.89204372641187,2.870119868467616,2,Friday,0,2025-08-08,Friday,2,47
19,18.037755822270427,26.832272178154195,2,Friday,0,2025-08-08,Friday,2,47
0,39.835445552545465,41.25552587023632,2,Friday,0,2025-08-08,Friday,2,47
20,14.036486097307638,4.073826757704397,2,Friday,0,2025-08-08,Friday,2,47
16,15.608475352249805,4.7369331179305885,2,Friday,0,2025-08-08,Friday,2,47
18,20.866694454916587,7.933905603568867,2,Friday,0,2025-08-08,Friday,2,47
22,15.402769229847639,29.316423391090648,2,Friday,0,2025-08-08,Friday,2,47
16,24.128246297480413,10.734593983569077,2,Friday,0,2025-08-08,Friday,2,47
19,21.263834301995576,41.857748408575475,2,Friday,0,2025-08-08,Friday,2,47
13,19.802811240234824,28.002935883470734,2,Friday,0,2025-08-08,Friday,2,47
19,31.298297495776957,8.303555306668576,2,Friday,0,2025-08-15,Friday,2,49
19,21.128912116310346,10.721626291041058,2,Friday,0,2025-08-15,Friday,2,49
23,12.242192931361828,9.42796328458402,2,Friday,0,2025-08-15,Friday,2,49
12,2.604274389867384,5.451095408218896,2,Friday,0,2025-08-15,Friday,2,49
19,9.011247737270782,12.411335963217198,2,Friday,0,2025-08-15,Friday,2,49
17,9.731363737492295,8.23715691556787,2,Friday,0,2025-08-15,Friday,2,49
18,8.190904339276656,3.7631341721083347,2,Friday,0,2025-08-15,Friday,2,49
10,20.942513212428146,4.874237512858856,2,Friday,0,2025-08-15,Friday,2,49
19,19.07197601065617,32.587254381316534,2,Friday,0,2025-08-15,Friday,2,49
20,21.309235796507263,4.817253505651956,2,Friday,0,2025-08-15,Friday,2,49
18,20.155463815119752,11.17062168191805,2,Friday,0,2025-08-15,Friday,2,49
21,12.764861798772237,12.250970169736942,2,Friday,0,2025-08-15,Friday,2,49
20,15.280199977380427,4.767517361009075,2,Friday,0,2025-08-15,Friday,2,49
20,14.399583368322428,9.108665299835973,2,Friday,0,2025-08-15,Friday,2,49
12,2.9583113958112355,3.102409527211983,2,Friday,0,2025-08-15,Friday,2,49
17,8.386386067880295,6.830454233312035,2,Friday,0,2025-08-15,Friday,2,49
18,5.254380081421814,6.540628596703968,2,Friday,0,2025-08-15,Friday,2,49
16,17.77960791810635,15.469434349950088,2,Friday,0,2025-08-15,Friday,2,49
19,18.26438031807619,11.756852974566767,2,Friday,0,2025-08-15,Friday,2,49
19,14.779459008219725,17.65578950952753,2,Friday,0,2025-08-15,Friday,2,49
18,16.047198249400804,7.592162182305833,2,Friday,0,2025-08-15,Friday,2,49
16,3.3819173067606227,4.864235529252621,2,Friday,0,2025-08-15,Friday,2,49
20,16.724388766843155,10.341836116892306,2,Friday,0,2025-08-15,Friday,2,49
16,18.89162326596383,8.590014763862904,2,Friday,0,2025-08-15,Friday,2,49
19,13.078148697346528,6.951099984341341,2,Friday,0,2025-08-15,Friday,2,49
22,13.968103831340336,6.793477204193938,2,Friday,0,2025-08-15,Friday,2,49
12,7.783945230896578,3.92558608414366,2,Friday,0,2025-08-15,Friday,2,49
15,25.429389250253564,18.689083372811986,2,Friday,0,2025-08-15,Friday,2,49
21,10.478499825564,22.328300044393647,2,Friday,0,2025-08-15,Friday,2,49
22,13.385589799251544,2.0011771352784535,2,Friday,0,2025-08-15,Friday,2,49
17,3.503485502729102,5.521213517494476,2,Friday,0,2025-08-15,Friday,2,49
18,8.91409197852423,8.166450382214903,2,Friday,0,2025-08-15,Friday,2,49
2,13.451571522392399,43.913519508430284,2,Friday,0,2025-08-15,Friday,2,49
15,11.116257485970205,13.87916170574601,2,Friday,0,2025-08-15,Friday,2,49
16,15.112721915383982,5.555901638034521,2,Friday,0,2025-08-15,Friday,2,49
0,119.85199137776027,21.548661224189,2,Friday,0,2025-08-15,Friday,2,49
7,3.062020224077353,14.008040723628458,2,Friday,0,2025-08-15,Friday,2,49
18,14.631629813583881,12.97117878577705,2,Friday,0,2025-08-15,Friday,2,49
19,3.406809057580298,6.263843719619527,2,Friday,0,2025-08-15,Friday,2,49
20,9.606843463951488,23.754152861003682,2,Friday,0,2025-08-15,Friday,2,49
15,32.130551573171765,5.385421975012652,2,Friday,0,2025-08-15,Friday,2,49
18,19.756174779954158,21.527026808750183,2,Friday,0,2025-08-15,Friday,2,49
22,16.414599249438865,22.468731300993895,2,Friday,0,2025-08-15,Friday,2,49
16,15.099418844762123,23.519323484429115,2,Friday,0,2025-08-15,Friday,2,49
19,17.5533924940813,20.20789717720553,2,Friday,0,2025-08-15,Friday,2,49
22,13.344643443971762,17.25998670884016,2,Friday,0,2025-08-15,Friday,2,49
17,21.137191420156146,10.256211951385682,2,Friday,0,2025-08-15,Friday,2,49
18,37.47924879839989,17.38695425485254,2,Friday,0,2025-08-15,Friday,2,49
15,4.2467602250239995,8.75564192341393,2,Friday,0,2025-08-15,Friday,2,49
8,13.096663366750796,12.209445638647802,2,Friday,0,2025-08-22,Friday,2,53
1,3.2727325011427233,13.502610319956027,2,Friday,0,2025-08-22,Friday,2,53
15,15.781335701813543,34.06815404118512,2,Friday,0,2025-08-22,Friday,2,53
16,3.3839913737624263,11.81851293331299,2,Friday,0,2025-08-22,Friday,2,53
17,15.196853902761895,3.054663908129486,2,Friday,0,2025-08-22,Friday,2,53
16,67.22849511598798,16.206137326331636,2,Friday,0,2025-08-22,Friday,2,53
21,33.03227234915225,4.123691013985015,2,Friday,0,2025-08-22,Friday,2,53
12,28.770807061069384,6.437979885345522,2,Friday,0,2025-08-22,Friday,2,53
22,26.63663402817843,16.19647865888323,2,Friday,0,2025-08-22,Friday,2,53
15,10.153742777421165,19.3595922829824,2,Friday,0,2025-08-22,Friday,2,53
21,15.977770794531672,3.6823861546297083,2,Friday,0,2025-08-22,Friday,2,53
20,14.673775420361832,8.371401751481834,2,Friday,0,2025-08-22,Friday,2,53
19,20.374502084405147,26.7999597890862,2,Friday,0,2025-08-22,Friday,2,53
13,10.841551690886028,1.679948830472582,2,Friday,0,2025-08-22,Friday,2,53
23,8.666962537003506,1.9436153153961908,2,Friday,0,2025-08-22,Friday,2,53
16,21.52100427977201,28.506159444275156,2,Friday,0,2025-08-22,Friday,2,53
20,13.580223091943566,3.331949579266486,2,Friday,0,2025-08-22,Friday,2,53
16,17.75451122704562,7.9259784643171045,2,Friday,0,2025-08-22,Friday,2,53
18,12.83310158156078,8.074992057514878,2,Friday,0,2025-08-22,Friday,2,53
15,2.841936433284275,4.038826398350968,2,Friday,0,2025-08-22,Friday,2,53
19,3.3847674435086734,10.098263866091813,2,Friday,0,2025-08-22,Friday,2,53
22,15.932595060823825,69.65599914618043,2,Friday,0,2025-08-22,Friday,2,53
21,14.588823074325703,7.74708996850495,2,Friday,0,2025-08-22,Friday,2,53
2,17.958213410259397,8.290433418728687,2,Friday,0,2025-08-22,Friday,2,53
23,12.675750976715591,3.187552549758651,2,Friday,0,2025-08-22,Friday,2,53
21,25.03427799790285,6.839130020026548,2,Friday,0,2025-08-22,Friday,2,53
15,2.053535106483683,2.2715760461532533,2,Friday,0,2025-08-22,Friday,2,53
19,12.618624430659242,10.400677990440622,2,Friday,0,2025-08-22,Friday,2,53
13,5.192077571988603,1.8225208513476217,2,Friday,0,2025-08-22,Friday,2,53
20,28.773995179725784,33.668631625816005,2,Friday,0,2025-08-22,Friday,2,53
5,14.709323057824857,20.68027925381688,2,Friday,0,2025-08-22,Friday,2,53
17,23.372662456683578,4.411127488247522,2,Friday,0,2025-08-22,Friday,2,53
14,5.357266884563146,12.46686973551492,2,Friday,0,2025-08-22,Friday,2,53
11,17.781278246782946,15.746328987967017,2,Friday,0,2025-08-22,Friday,2,53
20,12.685665841540633,29.91294178404789,2,Friday,0,2025-08-22,Friday,2,53
16,3.600735995112972,10.16221158450312,2,Friday,0,2025-08-22,Friday,2,53
12,66.34655255262092,5.369134301502248,2,Friday,0,2025-08-22,Friday,2,53
18,18.83613240503447,5.023306064509313,2,Friday,0,2025-08-22,Friday,2,53
0,9.869075624005582,38.340428829148415,2,Friday,0,2025-08-22,Friday,2,53
6,13.717561329112534,5.279123630675219,2,Friday,0,2025-08-22,Friday,2,53
12,3.321327333344267,8.170325045089486,2,Friday,0,2025-08-22,Friday,2,53
20,15.26608599921357,7.617874437910341,2,Friday,0,2025-08-22,Friday,2,53
19,13.01114066637826,13.478066522531709,2,Friday,0,2025-08-22,Friday,2,53
12,12.749148690951777,0.9980239857691788,2,Friday,0,2025-08-22,Friday,2,53
23,17.5061075150497,28.688171011186522,2,Friday,0,2025-08-22,Friday,2,53
11,2.826976150478329,8.556682317153697,2,Friday,0,2025-08-22,Friday,2,53
15,4.064183788685624,6.106922593334166,2,Friday,0,2025-08-22,Friday,2,53
18,11.572388926468768,21.560308135324856,2,Friday,0,2025-08-22,Friday,2,53
17,3.4318483518332297,19.054243413445942,2,Friday,0,2025-08-22,Friday,2,53
20,2.118498034257186,16.244256483128236,2,Friday,0,2025-08-22,Friday,2,53
23,8.491291185286775,13.661386795251078,2,Friday,0,2025-08-22,Friday,2,53
15,22.99480377257529,73.51257340907091,2,Friday,0,2025-08-22,Friday,2,53
18,10.672144662851863,6.034646861224447,2,Friday,0,2025-08-22,Friday,2,53
23,11.572714432508455,15.200844828474649,2,Friday,0,2025-08-29,Friday,2,47
20,30.338618176113123,33.402652549032815,2,Friday,0,2025-08-29,Friday,2,47
19,12.348447613763959,27.954103623291886,2,Friday,0,2025-08-29,Friday,2,47
14,22.298714549167226,10.80177580324876,2,Friday,0,2025-08-29,Friday,2,47
19,13.962787008600984,21.747241320552916,2,Friday,0,2025-08-29,Friday,2,47
17,14.284670700261977,24.04714906341788,2,Friday,0,2025-08-29,Friday,2,47
19,8.204889964005956,9.061136078778024,2,Friday,0,2025-08-29,Friday,2,47
18,12.851529850471959,13.69721710650823,2,Friday,0,2025-08-29,Friday,2,47
22,20.65758431633766,15.834837919398344,2,Friday,0,2025-08-29,Friday,2,47
21,11.575035491937335,19.49520614143462,2,Friday,0,2025-08-29,Friday,2,47
16,32.865181371186615,18.133589792791913,2,Friday,0,2025-08-29,Friday,2,47
16,19.60631017914264,9.32330983836364,2,Friday,0,2025-08-29,Friday,2,47
15,21.695167344754886,10.481565983664375,2,Friday,0,2025-08-29,Friday,2,47
22,9.921879361627429,5.122116050965017,2,Friday,0,2025-08-29,Friday,2,47
20,11.96017456248848,4.878524134565942,2,Friday,0,2025-08-29,Friday,2,47
13,2.9793753054538508,3.42505363720001,2,Friday,0,2025-08-29,Friday,2,47
18,17.85831658415218,21.549304996230834,2,Friday,0,2025-08-29,Friday,2,47
18,11.89073238770828,16.93346589551326,2,Friday,0,2025-08-29,Friday,2,47
16,18.98553120012209,7.451639607496855,2,Friday,0,2025-08-29,Friday,2,47
12,3.8591012508076843,9.39085269179649,2,Friday,0,2025-08-29,Friday,2,47
16,32.724859065211135,8.28352641757372,2,Friday,0,2025-08-29,Friday,2,47
15,20.597912404369733,24.97452736537659,2,Friday,0,2025-08-29,Friday,2,47
19,11.828078130709354,4.871344367494012,2,Friday,0,2025-08-29,Friday,2,47
4,3.977342950801451,14.964252361853456,2,Friday,0,2025-08-29,Friday,2,47
19,13.2036632288883,40.889996841775975,2,Friday,0,2025-08-29,Friday,2,47
14,4.910406416696867,3.706558868505363,2,Friday,0,2025-08-29,Friday,2,47
18,35.29488877109774,29.91867862004117,2,Friday,0,2025-08-29,Friday,2,47
17,17.088906937495462,12.857265412906491,2,Friday,0,2025-08-29,Friday,2,47
16,7.531617770163885,11.409931404726695,2,Friday,0,2025-08-29,Friday,2,47
20,8.779071488730203,16.39833449888952,2,Friday,0,2025-08-29,Friday,2,47
18,6.949103647390635,20.6617870108073,2,Friday,0,2025-08-29,Friday,2,47
17,14.72126160980029,42.119641358841534,2,Friday,0,2025-08-29,Friday,2,47
19,12.633374385098826,9.955338448114102,2,Friday,0,2025-08-29,Friday,2,47
18,27.965255051778986,12.98852310880357,2,Friday,0,2025-08-29,Friday,2,47
19,12.802305673548958,15.493518941673447,2,Friday,0,2025-08-29,Friday,2,47
8,21.037508289474747,11.458218987831176,2,Friday,0,2025-08-29,Friday,2,47
19,14.013084226777707,7.57171778642803,2,Friday,0,2025-08-29,Friday,2,47
19,16.930337033039166,7.544135163543125,2,Friday,0,2025-08-29,Friday,2,47
21,9.441565262130002,26.936692708365754,2,Friday,0,2025-08-29,Friday,2,47
20,28.1718107805903,18.201783662897665,2,Friday,0,2025-08-29,Friday,2,47
13,27.015562987393725,10.589614269146319,2,Friday,0,2025-08-29,Friday,2,47
6,6.012150095732089,2.6317161369760695,2,Friday,0,2025-08-29,Friday,2,47
22,13.507548279646315,42.710684188146146,2,Friday,0,2025-08-29,Friday,2,47
19,4.146254030944922,16.368596704466462,2,Friday,0,2025-08-29,Friday,2,47
22,10.757734109205376,8.985590825863213,2,Friday,0,2025-08-29,Friday,2,47
18,16.056826043703364,9.313709988483078,2,Friday,0,2025-08-29,Friday,2,47
15,19.85193236726295,20.06362822133314,2,Friday,0,2025-08-29,Friday,2,47
18,29.121938941890853,30.29391133999944,2,Saturday,0,2025-06-28,Saturday,2,40
19,20.772745680588148,30.326288024398778,2,Saturday,0,2025-06-28,Saturday,2,40
15,4.529385429737754,30.45608748019032,2,Saturday,0,2025-06-28,Saturday,2,40
16,22.892392705428453,14.340998601674144,2,Saturday,0,2025-06-28,Saturday,2,40
17,15.643328525132766,9.512861885825318,2,Saturday,0,2025-06-28,Saturday,2,40
20,57.808907886194085,4.971109455618233,2,Saturday,0,2025-06-28,Saturday,2,40
19,18.642671815553992,14.724481954141988,2,Saturday,0,2025-06-28,Saturday,2,40
16,3.123998882976341,9.148401403386766,2,Saturday,0,2025-06-28,Saturday,2,40
13,29.01046870061807,8.181939462407971,2,Saturday,0,2025-06-28,Saturday,2,40
17,2.1555460232352432,1.9147973082329313,2,Saturday,0,2025-06-28,Saturday,2,40
15,2.0212533364810215,3.1825722226105775,2,Saturday,0,2025-06-28,Saturday,2,40
10,3.477250127860633,1.8657615450275995,2,Saturday,0,2025-06-28,Saturday,2,40
14,13.514985650088285,8.873847968115738,2,Saturday,0,2025-06-28,Saturday,2,40
10,2.249696633267233,23.3170967105078,2,Saturday,0,2025-06-28,Saturday,2,40
5,8.152788045933333,76.04661186655191,2,Saturday,0,2025-06-28,Saturday,2,40
14,66.47359056090089,6.256438363142471,2,Saturday,0,2025-06-28,Saturday,2,40
16,7.833677676985611,29.356903051952504,2,Saturday,0,2025-06-28,Saturday,2,40
17,21.591339232220008,6.4257420757511285,2,Saturday,0,2025-06-28,Saturday,2,40
16,25.727052680261913,7.953487246421952,2,Saturday,0,2025-06-28,Saturday,2,40
20,14.758176995910276,21.06508393483434,2,Saturday,0,2025-06-28,Saturday,2,40
18,19.919463523564783,33.107190586186405,2,Saturday,0,2025-06-28,Saturday,2,40
9,6.9145969723422995,27.03791853238304,2,Saturday,0,2025-06-28,Saturday,2,40
21,13.286056139027565,18.902142053486173,2,Saturday,0,2025-06-28,Saturday,2,40
22,12.27276416131592,11.162124292077724,2,Saturday,0,2025-06-28,Saturday,2,40
17,3.0475821915652235,2.9075347037306774,2,Saturday,0,2025-06-28,Saturday,2,40
18,29.277969355841716,14.399644231195927,2,Saturday,0,2025-06-28,Saturday,2,40
20,12.81704382708346,35.02265522646785,2,Saturday,0,2025-06-28,Saturday,2,40
15,12.211711257349986,5.392641639868549,2,Saturday,0,2025-06-28,Saturday,2,40
20,29.818284841255313,3.683451389413931,2,Saturday,0,2025-06-28,Saturday,2,40
15,2.278720675018944,4.144865160274371,2,Saturday,0,2025-06-28,Saturday,2,40
9,118.60321301383698,3.100502189064736,2,Saturday,0,2025-06-28,Saturday,2,40
4,20.999945627519722,13.599548774009563,2,Saturday,0,2025-06-28,Saturday,2,40
12,3.855161954616494,6.930942551123238,2,Saturday,0,2025-06-28,Saturday,2,40
15,20.76845669512225,17.80501740963449,2,Saturday,0,2025-06-28,Saturday,2,40
16,45.61294438858891,2.4020776277386053,2,Saturday,0,2025-06-28,Saturday,2,40
20,18.957115658036148,4.72489020207071,2,Saturday,0,2025-06-28,Saturday,2,40
1,28.263190231814292,29.631317230816247,2,Saturday,0,2025-06-28,Saturday,2,40
21,7.9371271011718365,34.78416263377941,2,Saturday,0,2025-06-28,Saturday,2,40
5,3.167274660518027,4.698222100237431,2,Saturday,0,2025-06-28,Saturday,2,40
18,17.53223527746641,10.147873076989411,2,Saturday,0,2025-06-28,Saturday,2,40
19,13.608613325213128,8.340011903515576,2,Saturday,0,2025-07-05,Saturday,2,35
16,21.2218763001451,7.95159581182905,2,Saturday,0,2025-07-05,Saturday,2,35
20,25.770063564866593,8.307320982393865,2,Saturday,0,2025-07-05,Saturday,2,35
19,4.70478639163032,2.6720182429808927,2,Saturday,0,2025-07-05,Saturday,2,35
16,24.733624063713865,7.383718530549783,2,Saturday,0,2025-07-05,Saturday,2,35
17,14.24572217274951,17.98237435731785,2,Saturday,0,2025-07-05,Saturday,2,35
14,23.711360336451378,2.6725146454506143,2,Saturday,0,2025-07-05,Saturday,2,35
11,26.47817636526517,20.655065439046105,2,Saturday,0,2025-07-05,Saturday,2,35
23,13.100668527075236,28.263497023817923,2,Saturday,0,2025-07-05,Saturday,2,35
17,22.56224409153159,17.54881075105805,2,Saturday,0,2025-07-05,Saturday,2,35
19,17.640840990805142,14.179925152807826,2,Saturday,0,2025-07-05,Saturday,2,35
20,11.644691678760026,16.06038598030242,2,Saturday,0,2025-07-05,Saturday,2,35
15,5.441429563372676,4.257413594774131,2,Saturday,0,2025-07-05,Saturday,2,35
14,31.09194207623369,22.329475310594454,2,Saturday,0,2025-07-05,Saturday,2,35
10,13.549392585509171,48.401572802817604,2,Saturday,0,2025-07-05,Saturday,2,35
11,3.689632995388588,18.25275276201595,2,Saturday,0,2025-07-05,Saturday,2,35
20,14.949094854154545,9.685641808000245,2,Saturday,0,2025-07-05,Saturday,2,35
14,27.828897896463793,6.492741194168006,2,Saturday,0,2025-07-05,Saturday,2,35
18,27.175531478816136,14.96530790435863,2,Saturday,0,2025-07-05,Saturday,2,35
15,23.74234346443807,1.6210714720943167,2,Saturday,0,2025-07-05,Saturday,2,35
13,22.984008793300767,6.879965219240858,2,Saturday,0,2025-07-05,Saturday,2,35
19,17.214392976515306,16.621932961870705,2,Saturday,0,2025-07-05,Saturday,2,35
16,41.62946512781449,3.1098747762443812,2,Saturday,0,2025-07-05,Saturday,2,35
20,18.500872150004483,14.676318904223844,2,Saturday,0,2025-07-05,Saturday,2,35
22,36.013028633120015,19.627607668059134,2,Saturday,0,2025-07-05,Saturday,2,35
15,13.629425432011363,19.606935571925437,2,Saturday,0,2025-07-05,Saturday,2,35
19,13.623041400825024,9.934463523669615,2,Saturday,0,2025-07-05,Saturday,2,35
14,31.1095697844107,6.786102775750409,2,Saturday,0,2025-07-05,Saturday,2,35
19,14.63081339722891,11.762320661747575,2,Saturday,0,2025-07-05,Saturday,2,35
22,75.2139282002633,22.800280250589996,2,Saturday,0,2025-07-05,Saturday,2,35
19,22.46887231219905,19.960233769720816,2,Saturday,0,2025-07-05,Saturday,2,35
2,24.880222727996234,5.864352625817679,2,Saturday,0,2025-07-05,Saturday,2,35
16,11.872027574679308,7.023669482333529,2,Saturday,0,2025-07-05,Saturday,2,35
20,9.663462223648287,3.7544201083510256,2,Saturday,0,2025-07-05,Saturday,2,35
16,12.285022690607388,16.012786554662313,2,Saturday,0,2025-07-05,Saturday,2,35
3,3.590258397212469,1.246572627863444,2,Saturday,0,2025-07-12,Saturday,2,32
19,13.766425976630323,14.806505965249151,2,Saturday,0,2025-07-12,Saturday,2,32
15,7.903203210750431,2.268773672538334,2,Saturday,0,2025-07-12,Saturday,2,32
12,3.45547605210965,7.8669586452242015,2,Saturday,0,2025-07-12,Saturday,2,32
20,25.56201720612628,36.74070287753953,2,Saturday,0,2025-07-12,Saturday,2,32
16,11.934084150466113,19.647780869814746,2,Saturday,0,2025-07-12,Saturday,2,32
18,7.696041436134799,4.815458827273298,2,Saturday,0,2025-07-12,Saturday,2,32
17,2.671906160330747,19.061897777267742,2,Saturday,0,2025-07-12,Saturday,2,32
18,3.094537380672465,5.838218828395155,2,Saturday,0,2025-07-12,Saturday,2,32
21,7.82229159662987,5.3333649669558,2,Saturday,0,2025-07-12,Saturday,2,32
17,43.472812546884505,3.8918919073625906,2,Saturday,0,2025-07-12,Saturday,2,32
21,8.671248784318855,3.7354974990908163,2,Saturday,0,2025-07-12,Saturday,2,32
13,2.9476128814078457,6.741854611449322,2,Saturday,0,2025-07-12,Saturday,2,32
22,10.290861310712721,5.500117479488491,2,Saturday,0,2025-07-12,Saturday,2,32
0,8.638598042950019,17.1011653801115,2,Saturday,0,2025-07-12,Saturday,2,32
7,10.28542512876761,18.052437966565716,2,Saturday,0,2025-07-12,Saturday,2,32
11,10.94063812521648,6.319470865636653,2,Saturday,0,2025-07-12,Saturday,2,32
11,13.920934873848395,4.3414161907492765,2,Saturday,0,2025-07-12,Saturday,2,32
20,16.23789830564066,3.858021454782148,2,Saturday,0,2025-07-12,Saturday,2,32
23,6.587135511638496,16.196970517962786,2,Saturday,0,2025-07-12,Saturday,2,32
19,21.158877205372807,22.809798257569234,2,Saturday,0,2025-07-12,Saturday,2,32
15,19.109882018303345,8.404644224738362,2,Saturday,0,2025-07-12,Saturday,2,32
17,2.48558391153623,14.133433616617252,2,Saturday,0,2025-07-12,Saturday,2,32
15,18.23939097268202,8.323349919300245,2,Saturday,0,2025-07-12,Saturday,2,32
14,27.66127719651394,4.189583775935476,2,Saturday,0,2025-07-12,Saturday,2,32
20,51.85766177195905,15.514326373486725,2,Saturday,0,2025-07-12,Saturday,2,32
16,18.149932614094112,8.214440699611027,2,Saturday,0,2025-07-12,Saturday,2,32
16,3.716762088809663,8.38404792623063,2,Saturday,0,2025-07-12,Saturday,2,32
15,16.075990843825107,32.043338489004555,2,Saturday,0,2025-07-12,Saturday,2,32
21,5.141455088329016,43.43617616245419,2,Saturday,0,2025-07-12,Saturday,2,32
20,18.467159151421445,15.115966873923146,2,Saturday,0,2025-07-12,Saturday,2,32
16,2.2081198123925336,8.445418529349276,2,Saturday,0,2025-07-12,Saturday,2,32
14,16.181421636241584,5.314092572845343,2,Saturday,0,2025-07-19,Saturday,2,41
13,35.90228473080728,6.983407205287148,2,Saturday,0,2025-07-19,Saturday,2,41
14,13.837946514333058,19.14603129421979,2,Saturday,0,2025-07-19,Saturday,2,41
6,69.16550033085046,0.9796685267089522,2,Saturday,0,2025-07-19,Saturday,2,41
19,14.66441661164253,68.40305061070589,2,Saturday,0,2025-07-19,Saturday,2,41
9,17.428268128000106,8.17251813013123,2,Saturday,0,2025-07-19,Saturday,2,41
17,16.753265279507,9.575682590538905,2,Saturday,0,2025-07-19,Saturday,2,41
18,11.144622112006516,16.33964366505423,2,Saturday,0,2025-07-19,Saturday,2,41
0,13.737578036656256,31.165879087887546,2,Saturday,0,2025-07-19,Saturday,2,41
23,16.089851302813983,38.02299018914728,2,Saturday,0,2025-07-19,Saturday,2,41
0,10.983828163328408,11.83640444582525,2,Saturday,0,2025-07-19,Saturday,2,41
18,15.628077117903182,5.695804777308089,2,Saturday,0,2025-07-19,Saturday,2,41
1,7.265559696710968,2.1289982401487224,2,Saturday,0,2025-07-19,Saturday,2,41
17,22.04760548168202,12.318990389850258,2,Saturday,0,2025-07-19,Saturday,2,41
16,16.192287206007194,12.321707905022835,2,Saturday,0,2025-07-19,Saturday,2,41
11,32.951943496957654,4.779650074732994,2,Saturday,0,2025-07-19,Saturday,2,41
20,11.285431107589368,28.772685147473872,2,Saturday,0,2025-07-19,Saturday,2,41
19,16.736199625076996,4.052484030363536,2,Saturday,0,2025-07-19,Saturday,2,41
21,12.087006277271382,9.611430962108983,2,Saturday,0,2025-07-19,Saturday,2,41
15,10.860627043654556,5.478800157842386,2,Saturday,0,2025-07-19,Saturday,2,41
18,24.774557821939137,19.23359854924698,2,Saturday,0,2025-07-19,Saturday,2,41
18,15.650290844102887,3.577432089870582,2,Saturday,0,2025-07-19,Saturday,2,41
12,2.8775812216141725,17.676113754312222,2,Saturday,0,2025-07-19,Saturday,2,41
18,13.30586040162833,53.43345228599206,2,Saturday,0,2025-07-19,Saturday,2,41
17,8.901473664654421,5.536009462807063,2,Saturday,0,2025-07-19,Saturday,2,41
17,20.008751913491253,7.638465130286414,2,Saturday,0,2025-07-19,Saturday,2,41
19,26.63380955768407,7.934493870140979,2,Saturday,0,2025-07-19,Saturday,2,41
20,13.887453552556781,9.549260425375035,2,Saturday,0,2025-07-19,Saturday,2,41
21,13.587188819046652,12.343524310840372,2,Saturday,0,2025-07-19,Saturday,2,41
19,17.851032433711378,9.715811925993867,2,Saturday,0,2025-07-19,Saturday,2,41
16,15.779041158285569,36.172619948230405,2,Saturday,0,2025-07-19,Saturday,2,41
19,8.347696017252705,18.440677095860732,2,Saturday,0,2025-07-19,Saturday,2,41
23,2.329965986230973,19.071898679052115,2,Saturday,0,2025-07-19,Saturday,2,41
15,3.4188429011915114,10.7025461986099,2,Saturday,0,2025-07-19,Saturday,2,41
18,12.186273755508822,4.501340524523615,2,Saturday,0,2025-07-19,Saturday,2,41
2,13.439266257074198,35.69847811230292,2,Saturday,0,2025-07-19,Saturday,2,41
21,10.768808177638537,3.9198959973237733,2,Saturday,0,2025-07-19,Saturday,2,41
17,13.424575701345809,15.076292362516366,2,Saturday,0,2025-07-19,Saturday,2,41
2,11.495994659399237,3.1732338862316567,2,Saturday,0,2025-07-19,Saturday,2,41
11,5.335495618049633,5.179954951451303,2,Saturday,0,2025-07-19,Saturday,2,41
17,53.79219042480278,18.61086723787802,2,Saturday,0,2025-07-19,Saturday,2,41
17,4.462516831609514,48.04132168823305,2,Saturday,0,2025-07-26,Saturday,2,33
12,19.707742330317416,10.792719039800136,2,Saturday,0,2025-07-26,Saturday,2,33
21,10.12070279231449,15.011155836754968,2,Saturday,0,2025-07-26,Saturday,2,33
14,3.5087828279105446,8.220445102766346,2,Saturday,0,2025-07-26,Saturday,2,33
18,13.236229615897777,8.29897665760989,2,Saturday,0,2025-07-26,Saturday,2,33
0,8.53813368624295,12.47210236961831,2,Saturday,0,2025-07-26,Saturday,2,33
17,2.2204786613596843,4.726531413904743,2,Saturday,0,2025-07-26,Saturday,2,33
19,15.222436694767413,4.701836504084933,2,Saturday,0,2025-07-26,Saturday,2,33
13,2.6019698817287127,6.027969881263566,2,Saturday,0,2025-07-26,Saturday,2,33
22,16.023839499194775,15.33757713792224,2,Saturday,0,2025-07-26,Saturday,2,33
16,14.901760827858016,24.274395019610505,2,Saturday,0,2025-07-26,Saturday,2,33
22,16.21871783014341,10.31282406743643,2,Saturday,0,2025-07-26,Saturday,2,33
7,3.3292580482445353,8.056941794655474,2,Saturday,0,2025-07-26,Saturday,2,33
16,7.018558081228118,9.994450797689671,2,Saturday,0,2025-07-26,Saturday,2,33
18,26.411479480359315,71.971257037381,2,Saturday,0,2025-07-26,Saturday,2,33
14,16.45473695586201,24.83794738640371,2,Saturday,0,2025-07-26,Saturday,2,33
22,11.075664198988417,4.490068671649108,2,Saturday,0,2025-07-26,Saturday,2,33
22,9.183726438488595,22.052200899046188,2,Saturday,0,2025-07-26,Saturday,2,33
18,11.199542976682395,7.472654545661335,2,Saturday,0,2025-07-26,Saturday,2,33
20,16.79925336308441,5.066041461095367,2,Saturday,0,2025-07-26,Saturday,2,33
16,10.724673750843998,4.366355882865137,2,Saturday,0,2025-07-26,Saturday,2,33
22,12.693965302700146,14.773168811673672,2,Saturday,0,2025-07-26,Saturday,2,33
15,22.345468296349825,6.258878082014201,2,Saturday,0,2025-07-26,Saturday,2,33
15,26.941093872079218,12.047487875186455,2,Saturday,0,2025-07-26,Saturday,2,33
14,4.065199635137919,14.960135149902454,2,Saturday,0,2025-07-26,Saturday,2,33
11,27.75099687980468,5.930033809329596,2,Saturday,0,2025-07-26,Saturday,2,33
16,14.564686462319212,3.8799594242235864,2,Saturday,0,2025-07-26,Saturday,2,33
14,4.610653183506736,6.264797902837926,2,Saturday,0,2025-07-26,Saturday,2,33
17,7.306674314554546,6.033261648361727,2,Saturday,0,2025-07-26,Saturday,2,33
12,2.695665002649844,10.206917576650792,2,Saturday,0,2025-07-26,Saturday,2,33
22,19.281788371260593,17.917271395070394,2,Saturday,0,2025-07-26,Saturday,2,33
19,6.037639121118954,6.3982443318666,2,Saturday,0,2025-07-26,Saturday,2,33
15,30.113706141333456,47.59542177684478,2,Saturday,0,2025-07-26,Saturday,2,33
19,21.08785910400222,10.598083302863602,2,Saturday,0,2025-08-02,Saturday,2,38
21,11.681149864638463,1.5748041758731082,2,Saturday,0,2025-08-02,Saturday,2,38
20,20.431701570109,8.46554879634826,2,Saturday,0,2025-08-02,Saturday,2,38
21,22.472576042977632,57.05386471337729,2,Saturday,0,2025-08-02,Saturday,2,38
18,11.766737340450216,4.72409939416868,2,Saturday,0,2025-08-02,Saturday,2,38
20,13.917471294067365,10.780322499635982,2,Saturday,0,2025-08-02,Saturday,2,38
17,29.68382581187594,4.777009341036659,2,Saturday,0,2025-08-02,Saturday,2,38
16,28.06653699176075,14.861888672633329,2,Saturday,0,2025-08-02,Saturday,2,38
20,9.598457667005608,13.785961112221845,2,Saturday,0,2025-08-02,Saturday,2,38
20,18.939193661791183,2.6911657214369313,2,Saturday,0,2025-08-02,Saturday,2,38
2,6.015290140260946,9.2291208147958,2,Saturday,0,2025-08-02,Saturday,2,38
14,7.450261018562368,22.718383898485346,2,Saturday,0,2025-08-02,Saturday,2,38
21,12.117928029856092,36.590501886868424,2,Saturday,0,2025-08-02,Saturday,2,38
22,14.356058127494776,18.10132339820923,2,Saturday,0,2025-08-02,Saturday,2,38
12,2.947041204499324,3.687873039991108,2,Saturday,0,2025-08-02,Saturday,2,38
11,10.400400012696458,17.273723015577513,2,Saturday,0,2025-08-02,Saturday,2,38
0,6.641454298572319,5.367657663783948,2,Saturday,0,2025-08-02,Saturday,2,38
23,12.736551885244655,9.702764685708297,2,Saturday,0,2025-08-02,Saturday,2,38
15,26.047496395024183,6.0857103054505,2,Saturday,0,2025-08-02,Saturday,2,38
15,2.323336899428731,19.31862082261784,2,Saturday,0,2025-08-02,Saturday,2,38
18,5.440352259644598,5.267495517111101,2,Saturday,0,2025-08-02,Saturday,2,38
10,8.783263864873025,3.3633671458159107,2,Saturday,0,2025-08-02,Saturday,2,38
19,16.412759094596986,4.24720644280449,2,Saturday,0,2025-08-02,Saturday,2,38
18,17.43039380332014,7.822883377002012,2,Saturday,0,2025-08-02,Saturday,2,38
14,25.13879492582412,10.450822649073409,2,Saturday,0,2025-08-02,Saturday,2,38
18,15.460623435461375,8.498283667597436,2,Saturday,0,2025-08-02,Saturday,2,38
17,16.870572433325695,15.538235993717006,2,Saturday,0,2025-08-02,Saturday,2,38
18,21.00103643383903,16.898891773838063,2,Saturday,0,2025-08-02,Saturday,2,38
15,16.676549224714265,72.55979808440149,2,Saturday,0,2025-08-02,Saturday,2,38
17,22.77918550098105,10.00188085001409,2,Saturday,0,2025-08-02,Saturday,2,38
15,17.00458557227316,6.058339053774941,2,Saturday,0,2025-08-02,Saturday,2,38
14,5.85445579570843,8.976640309922749,2,Saturday,0,2025-08-02,Saturday,2,38
5,3.1601599462761376,5.892503067357832,2,Saturday,0,2025-08-02,Saturday,2,38
21,16.362117865997675,27.25900227505898,2,Saturday,0,2025-08-02,Saturday,2,38
14,7.54347239071172,4.7967578239070185,2,Saturday,0,2025-08-02,Saturday,2,38
10,6.8616925954908545,6.739807210777313,2,Saturday,0,2025-08-02,Saturday,2,38
15,20.26084137632777,32.43362664680691,2,Saturday,0,2025-08-02,Saturday,2,38
18,30.230136725635347,10.579837123891114,2,Saturday,0,2025-08-02,Saturday,2,38
16,21.42219362067193,4.676164256217858,2,Saturday,0,2025-08-09,Saturday,2,28
12,7.268626467736893,8.169331249121926,2,Saturday,0,2025-08-09,Saturday,2,28
16,27.92367849198099,2.009168711024061,2,Saturday,0,2025-08-09,Saturday,2,28
14,21.79035878032781,5.310102707810664,2,Saturday,0,2025-08-09,Saturday,2,28
18,87.61650143013543,1.4905657302206112,2,Saturday,0,2025-08-09,Saturday,2,28
4,11.086238216978963,4.2707121821181735,2,Saturday,0,2025-08-09,Saturday,2,28
19,5.7657739556888865,10.132155333598337,2,Saturday,0,2025-08-09,Saturday,2,28
20,10.121265122785005,20.00270075566779,2,Saturday,0,2025-08-09,Saturday,2,28
12,3.040283845029525,3.0715579178512016,2,Saturday,0,2025-08-09,Saturday,2,28
14,8.527441502149413,7.900966667858407,2,Saturday,0,2025-08-09,Saturday,2,28
16,15.587974332813552,20.030503035044095,2,Saturday,0,2025-08-09,Saturday,2,28
20,31.263641540916375,13.797285866503582,2,Saturday,0,2025-08-09,Saturday,2,28
22,13.67008249268386,22.940321374751548,2,Saturday,0,2025-08-09,Saturday,2,28
17,18.23709132037578,19.504791975046835,2,Saturday,0,2025-08-09,Saturday,2,28
15,19.621726685533375,16.742784829916438,2,Saturday,0,2025-08-09,Saturday,2,28
22,12.783094147937454,8.941125957503974,2,Saturday,0,2025-08-09,Saturday,2,28
20,2.2857328567209683,2.3882590594906086,2,Saturday,0,2025-08-09,Saturday,2,28
19,15.786860771678686,20.896191579101263,2,Saturday,0,2025-08-09,Saturday,2,28
17,59.49583539083465,38.26162864308494,2,Saturday,0,2025-08-09,Saturday,2,28
22,6.335983238606306,13.954650478376701,2,Saturday,0,2025-08-09,Saturday,2,28
7,4.05108390917839,5.594663358630656,2,Saturday,0,2025-08-09,Saturday,2,28
19,12.889721444888885,6.802124774703573,2,Saturday,0,2025-08-09,Saturday,2,28
18,7.308299360203602,12.326302596511905,2,Saturday,0,2025-08-09,Saturday,2,28
13,16.57249611388449,4.54819704043996,2,Saturday,0,2025-08-09,Saturday,2,28
18,9.87214076267667,3.47268721491161,2,Saturday,0,2025-08-09,Saturday,2,28
15,12.89170276239965,9.44643119902625,2,Saturday,0,2025-08-09,Saturday,2,28
7,6.327019497409755,6.192905906540348,2,Saturday,0,2025-08-09,Saturday,2,28
18,14.190326163582245,4.4121035530585635,2,Saturday,0,2025-08-09,Saturday,2,28
21,11.036937601436325,50.0050289377649,2,Saturday,0,2025-08-16,Saturday,2,43
21,16.82149604748298,4.381129297693563,2,Saturday,0,2025-08-16,Saturday,2,43
11,8.897681846812684,20.381613976813643,2,Saturday,0,2025-08-16,Saturday,2,43
20,18.043326777803014,3.5108636364743626,2,Saturday,0,2025-08-16,Saturday,2,43
15,24.180504916061402,7.960994965733074,2,Saturday,0,2025-08-16,Saturday,2,43
2,7.798727997613853,16.887028034771873,2,Saturday,0,2025-08-16,Saturday,2,43
12,3.1305738207508917,5.972765043492053,2,Saturday,0,2025-08-16,Saturday,2,43
20,16.188436238318626,9.253814079386695,2,Saturday,0,2025-08-16,Saturday,2,43
8,5.678326742342102,8.465761855805653,2,Saturday,0,2025-08-16,Saturday,2,43
5,13.43487160319383,32.5144246585221,2,Saturday,0,2025-08-16,Saturday,2,43
16,18.691400558446794,18.842140362907827,2,Saturday,0,2025-08-16,Saturday,2,43
22,13.070783514578302,4.4578047541998504,2,Saturday,0,2025-08-16,Saturday,2,43
13,45.44646714674204,5.784568216951734,2,Saturday,0,2025-08-16,Saturday,2,43
18,14.410483352699227,11.791306735714954,2,Saturday,0,2025-08-16,Saturday,2,43
15,26.720305626698405,9.95734277503957,2,Saturday,0,2025-08-16,Saturday,2,43
14,3.0236433479469906,24.317474661891133,2,Saturday,0,2025-08-16,Saturday,2,43
4,20.971895492235973,14.838346157666244,2,Saturday,0,2025-08-16,Saturday,2,43
15,21.28387253225833,7.272464639707175,2,Saturday,0,2025-08-16,Saturday,2,43
20,6.193573800398796,9.4771113194402,2,Saturday,0,2025-08-16,Saturday,2,43
15,6.219590495966874,8.83909990472585,2,Saturday,0,2025-08-16,Saturday,2,43
11,4.469479062785918,3.548508462460391,2,Saturday,0,2025-08-16,Saturday,2,43
15,5.188804437568955,10.78907195966241,2,Saturday,0,2025-08-16,Saturday,2,43
17,19.708213214952657,5.9872478386396235,2,Saturday,0,2025-08-16,Saturday,2,43
16,31.915030874951405,10.206598549254624,2,Saturday,0,2025-08-16,Saturday,2,43
11,3.1315905936046655,2.398274628936948,2,Saturday,0,2025-08-16,Saturday,2,43
23,2.8367087557538286,5.029304147676135,2,Saturday,0,2025-08-16,Saturday,2,43
16,15.09332931073848,4.8896205598998455,2,Saturday,0,2025-08-16,Saturday,2,43
15,12.790738534381816,0.9221774588159583,2,Saturday,0,2025-08-16,Saturday,2,43
17,2.8287448495794094,7.376196222272506,2,Saturday,0,2025-08-16,Saturday,2,43
17,15.005920699848236,4.25094334748224,2,Saturday,0,2025-08-16,Saturday,2,43
19,11.69328064855479,16.46948078509483,2,Saturday,0,2025-08-16,Saturday,2,43
18,9.353803396680405,41.44239689283274,2,Saturday,0,2025-08-16,Saturday,2,43
18,17.250771013061943,17.070565553957124,2,Saturday,0,2025-08-16,Saturday,2,43
18,14.5260410284944,26.131717759804644,2,Saturday,0,2025-08-16,Saturday,2,43
16,21.69230192246805,6.676994924359508,2,Saturday,0,2025-08-16,Saturday,2,43
14,5.970699085215713,47.938630298765354,2,Saturday,0,2025-08-16,Saturday,2,43
18,15.143739042573465,3.646001210224793,2,Saturday,0,2025-08-16,Saturday,2,43
19,2.169817962957809,6.820754203371811,2,Saturday,0,2025-08-16,Saturday,2,43
15,18.593830203653756,5.106241268623226,2,Saturday,0,2025-08-16,Saturday,2,43
19,16.059656988773643,24.33951918845246,2,Saturday,0,2025-08-16,Saturday,2,43
23,3.3773663011244985,19.06757936528977,2,Saturday,0,2025-08-16,Saturday,2,43
18,16.280514495176554,35.74135335287206,2,Saturday,0,2025-08-16,Saturday,2,43
14,21.93170502955018,42.55983692529585,2,Saturday,0,2025-08-16,Saturday,2,43
18,5.601320829365404,4.907919374746737,2,Saturday,0,2025-08-23,Saturday,2,30
18,2.0375371467485204,9.292078542129671,2,Saturday,0,2025-08-23,Saturday,2,30
22,15.844054744747769,57.50695958207061,2,Saturday,0,2025-08-23,Saturday,2,30
21,8.601672554625889,12.231965203839211,2,Saturday,0,2025-08-23,Saturday,2,30
8,6.058208444530778,14.446687720986766,2,Saturday,0,2025-08-23,Saturday,2,30
14,20.42225141147511,21.798029437685617,2,Saturday,0,2025-08-23,Saturday,2,30
15,21.203339381449638,9.744899269141563,2,Saturday,0,2025-08-23,Saturday,2,30
16,16.287252301390993,3.4211715262835263,2,Saturday,0,2025-08-23,Saturday,2,30
21,13.010089442219247,4.235856943717185,2,Saturday,0,2025-08-23,Saturday,2,30
16,22.932522465765498,3.4093004863472007,2,Saturday,0,2025-08-23,Saturday,2,30
21,8.983442351019626,10.095605032145512,2,Saturday,0,2025-08-23,Saturday,2,30
20,14.296366695989335,3.377715572393681,2,Saturday,0,2025-08-23,Saturday,2,30
15,17.574757603410017,14.078455370072845,2,Saturday,0,2025-08-23,Saturday,2,30
17,21.349754176796125,8.418829518799633,2,Saturday,0,2025-08-23,Saturday,2,30
14,11.42563769131391,14.419048487048661,2,Saturday,0,2025-08-23,Saturday,2,30
20,12.481945025459346,8.912102345376384,2,Saturday,0,2025-08-23,Saturday,2,30
14,28.848070554487144,4.911055048005097,2,Saturday,0,2025-08-23,Saturday,2,30
6,4.553984827193368,1.9805483144160698,2,Saturday,0,2025-08-23,Saturday,2,30
23,11.665640511313349,8.244410945149058,2,Saturday,0,2025-08-23,Saturday,2,30
19,12.706410963717335,2.9136227662753393,2,Saturday,0,2025-08-23,Saturday,2,30
20,13.889196925910035,18.574640662263416,2,Saturday,0,2025-08-23,Saturday,2,30
16,9.271392436789867,6.871643910604447,2,Saturday,0,2025-08-23,Saturday,2,30
16,24.267900539578953,8.018262169953157,2,Saturday,0,2025-08-23,Saturday,2,30
21,31.36308771363497,9.633142802644631,2,Saturday,0,2025-08-23,Saturday,2,30
4,19.229891713313553,3.2591975696126436,2,Saturday,0,2025-08-23,Saturday,2,30
23,10.366172579118896,26.31900174653141,2,Saturday,0,2025-08-23,Saturday,2,30
16,15.59988589534354,6.58593263649374,2,Saturday,0,2025-08-23,Saturday,2,30
4,15.909948692248445,13.923055606783054,2,Saturday,0,2025-08-23,Saturday,2,30
15,6.269693980903279,12.65908197278426,2,Saturday,0,2025-08-23,Saturday,2,30
17,21.501549146445438,2.9160757042831538,2,Saturday,0,2025-08-23,Saturday,2,30
23,9.712005291460462,7.1580363951321475,2,Saturday,0,2025-08-30,Saturday,2,35
19,19.31877667878487,6.879108477641787,2,Saturday,0,2025-08-30,Saturday,2,35
13,28.08446772457603,5.340432541567418,2,Saturday,0,2025-08-30,Saturday,2,35
13,3.1697978753441665,4.729437145012121,2,Saturday,0,2025-08-30,Saturday,2,35
18,16.359821910990988,4.419866812169697,2,Saturday,0,2025-08-30,Saturday,2,35
16,21.113480373705894,32.77530017488521,2,Saturday,0,2025-08-30,Saturday,2,35
20,2.037348069886542,11.072925034976137,2,Saturday,0,2025-08-30,Saturday,2,35
8,5.791897389410741,21.578941419417035,2,Saturday,0,2025-08-30,Saturday,2,35
16,10.741469013039612,11.617280153276312,2,Saturday,0,2025-08-30,Saturday,2,35
21,15.946174250817403,10.578135761342551,2,Saturday,0,2025-08-30,Saturday,2,35
16,2.213408043376855,5.611507519348465,2,Saturday,0,2025-08-30,Saturday,2,35
22,11.080726121773104,5.504012833189775,2,Saturday,0,2025-08-30,Saturday,2,35
14,7.335683878637472,7.444604698190725,2,Saturday,0,2025-08-30,Saturday,2,35
21,14.691608565095201,8.993841477786848,2,Saturday,0,2025-08-30,Saturday,2,35
19,2.7979932482040972,7.5979481913496905,2,Saturday,0,2025-08-30,Saturday,2,35
19,17.707415890492918,21.988489769872405,2,Saturday,0,2025-08-30,Saturday,2,35
18,6.883549148844482,24.995108710109516,2,Saturday,0,2025-08-30,Saturday,2,35
21,20.781198287843658,9.712964575878754,2,Saturday,0,2025-08-30,Saturday,2,35
16,2.9403179043722742,4.090539691592191,2,Saturday,0,2025-08-30,Saturday,2,35
15,6.280753466323335,10.95768062154237,2,Saturday,0,2025-08-30,Saturday,2,35
21,50.15151809750714,5.010724427771699,2,Saturday,0,2025-08-30,Saturday,2,35
14,83.95804930338988,6.4775093913460395,2,Saturday,0,2025-08-30,Saturday,2,35
19,11.296725640222935,6.155745878543542,2,Saturday,0,2025-08-30,Saturday,2,35
16,14.15695162486766,5.039489451831667,2,Saturday,0,2025-08-30,Saturday,2,35
15,16.01724688299794,58.95780674591433,2,Saturday,0,2025-08-30,Saturday,2,35
12,5.284958885838485,6.580093043744363,2,Saturday,0,2025-08-30,Saturday,2,35
18,15.015495370150102,5.330637156736651,2,Saturday,0,2025-08-30,Saturday,2,35
19,2.483658616282211,8.521589147200155,2,Saturday,0,2025-08-30,Saturday,2,35
12,17.90726435140205,34.929742101351735,2,Saturday,0,2025-08-30,Saturday,2,35
10,7.845643491549773,5.093960762036717,2,Saturday,0,2025-08-30,Saturday,2,35
20,11.092790552090865,36.552414019975416,2,Saturday,0,2025-08-30,Saturday,2,35
9,8.572848415109538,11.419065225188868,2,Saturday,0,2025-08-30,Saturday,2,35
14,17.058429819458095,6.733948007621276,2,Saturday,0,2025-08-30,Saturday,2,35
11,72.31669560820961,8.122554828015723,2,Saturday,0,2025-08-30,Saturday,2,35
15,15.311785919682308,6.884061640324384,2,Saturday,0,2025-08-30,Saturday,2,35
23,9.773897479640805,7.7142425158674675,2,Saturday,0,2025-09-06,Saturday,2,39
15,16.55468740281432,32.17706822563702,2,Saturday,0,2025-09-06,Saturday,2,39
22,8.719750634944116,15.897505755407135,2,Saturday,0,2025-09-06,Saturday,2,39
15,17.616785859333152,7.75531983137066,2,Saturday,0,2025-09-06,Saturday,2,39
17,19.996247461099088,21.155539202936048,2,Saturday,0,2025-09-06,Saturday,2,39
18,16.924872890358333,12.593038996710762,2,Saturday,0,2025-09-06,Saturday,2,39
10,6.661160087734936,10.456826786481635,2,Saturday,0,2025-09-06,Saturday,2,39
22,16.368469873220217,10.332754550967167,2,Saturday,0,2025-09-06,Saturday,2,39
17,3.206631879006067,4.678160151640879,2,Saturday,0,2025-09-06,Saturday,2,39
17,2.8915633283564572,12.242384180105534,2,Saturday,0,2025-09-06,Saturday,2,39
18,14.429999040921242,29.036877287111345,2,Saturday,0,2025-09-06,Saturday,2,39
15,6.11333485288666,21.456911801017945,2,Saturday,0,2025-09-06,Saturday,2,39
19,12.343458240540052,24.99951557435451,2,Saturday,0,2025-09-06,Saturday,2,39
16,22.519138512320822,1.336487784352391,2,Saturday,0,2025-09-06,Saturday,2,39
13,16.942359674851854,12.457647103315505,2,Saturday,0,2025-09-06,Saturday,2,39
18,4.37518685492187,4.041024258175739,2,Saturday,0,2025-09-06,Saturday,2,39
18,32.5605377803018,24.495558112902337,2,Saturday,0,2025-09-06,Saturday,2,39
22,3.499737425242065,4.062115491835266,2,Saturday,0,2025-09-06,Saturday,2,39
20,14.702551623315301,12.6977273225558,2,Saturday,0,2025-09-06,Saturday,2,39
14,24.404908238126254,3.7132000048563505,2,Saturday,0,2025-09-06,Saturday,2,39
17,34.67120055016678,15.607907528346292,2,Saturday,0,2025-09-06,Saturday,2,39
17,13.931611051623626,16.922323232078682,2,Saturday,0,2025-09-06,Saturday,2,39
19,14.529975010314526,1.8391292439817037,2,Saturday,0,2025-09-06,Saturday,2,39
21,15.30574939170073,53.19373441512192,2,Saturday,0,2025-09-06,Saturday,2,39
16,16.643870245211215,11.156220659321155,2,Saturday,0,2025-09-06,Saturday,2,39
17,13.171106682798182,6.029356884493619,2,Saturday,0,2025-09-06,Saturday,2,39
19,27.140397857260655,3.8966349547728596,2,Saturday,0,2025-09-06,Saturday,2,39
8,9.796512469952035,4.263814551091721,2,Saturday,0,2025-09-06,Saturday,2,39
15,61.21408095205068,6.290948897087832,2,Saturday,0,2025-09-06,Saturday,2,39
14,3.7686316326600795,3.5269378107878326,2,Saturday,0,2025-09-06,Saturday,2,39
17,18.241969205763112,5.106310983994572,2,Saturday,0,2025-09-06,Saturday,2,39
19,15.788420286318608,7.3647130641531,2,Saturday,0,2025-09-06,Saturday,2,39
17,9.465640605189602,8.731930650728128,2,Saturday,0,2025-09-06,Saturday,2,39
13,16.348736546147222,24.943007321024517,2,Saturday,0,2025-09-06,Saturday,2,39
21,13.829794271862017,9.824612646935343,2,Saturday,0,2025-09-06,Saturday,2,39
16,22.5454831238106,29.507990538221595,2,Saturday,0,2025-09-06,Saturday,2,39
21,2.891474411447731,12.426272304157871,2,Saturday,0,2025-09-06,Saturday,2,39
15,9.535284770783692,12.492245328666804,2,Saturday,0,2025-09-06,Saturday,2,39
7,6.578345509336714,6.969887063672109,2,Saturday,0,2025-09-06,Saturday,2,39
18,5.560880892919521,14.7538120980792,2,Saturday,0,2025-09-13,Saturday,2,42
16,10.179150145168897,11.255786316083734,2,Saturday,0,2025-09-13,Saturday,2,42
17,12.306507792149176,64.43738436046236,2,Saturday,0,2025-09-13,Saturday,2,42
13,18.36906056549205,4.696901890305461,2,Saturday,0,2025-09-13,Saturday,2,42
19,14.068130919394857,6.954702911321215,2,Saturday,0,2025-09-13,Saturday,2,42
14,19.475056933818852,4.303617315649559,2,Saturday,0,2025-09-13,Saturday,2,42
23,11.781701970599116,6.731868019490103,2,Saturday,0,2025-09-13,Saturday,2,42
14,16.8927784858862,7.549250550318428,2,Saturday,0,2025-09-13,Saturday,2,42
11,5.046179003049972,29.532386508621553,2,Saturday,0,2025-09-13,Saturday,2,42
13,28.047717869519346,7.2173589771742055,2,Saturday,0,2025-09-13,Saturday,2,42
17,9.315892201442352,8.526576894698477,2,Saturday,0,2025-09-13,Saturday,2,42
5,26.94261755626151,13.156773457873971,2,Saturday,0,2025-09-13,Saturday,2,42
16,11.582584566442772,12.825360430083052,2,Saturday,0,2025-09-13,Saturday,2,42
12,3.936078958559496,7.414784449971686,2,Saturday,0,2025-09-13,Saturday,2,42
18,16.306128697110747,8.495758663856817,2,Saturday,0,2025-09-13,Saturday,2,42
14,19.57816005272355,39.30406384205152,2,Saturday,0,2025-09-13,Saturday,2,42
13,11.368988211464611,1.1113908616434152,2,Saturday,0,2025-09-13,Saturday,2,42
20,10.433663850640219,10.002704871280171,2,Saturday,0,2025-09-13,Saturday,2,42
19,4.122359861486753,11.108626251371838,2,Saturday,0,2025-09-13,Saturday,2,42
17,16.399985785004578,10.330931232028506,2,Saturday,0,2025-09-13,Saturday,2,42
19,19.140126792801706,2.621860913548028,2,Saturday,0,2025-09-13,Saturday,2,42
12,27.797027787922435,10.08049573150845,2,Saturday,0,2025-09-13,Saturday,2,42
19,15.252750314178513,5.234343361003292,2,Saturday,0,2025-09-13,Saturday,2,42
15,22.15027711600409,15.628492226442855,2,Saturday,0,2025-09-13,Saturday,2,42
14,21.59422930304898,6.736311877431957,2,Saturday,0,2025-09-13,Saturday,2,42
16,6.179668282284488,17.720357231586746,2,Saturday,0,2025-09-13,Saturday,2,42
15,19.87588609471597,41.048359831444635,2,Saturday,0,2025-09-13,Saturday,2,42
21,11.554637818164458,5.170226917243895,2,Saturday,0,2025-09-13,Saturday,2,42
11,7.777194728563511,26.15634950002535,2,Saturday,0,2025-09-13,Saturday,2,42
16,18.660953216943863,41.451371357695756,2,Saturday,0,2025-09-13,Saturday,2,42
10,6.741249450545396,25.30330141273569,2,Saturday,0,2025-09-13,Saturday,2,42
19,13.08576788107592,11.751224217000367,2,Saturday,0,2025-09-13,Saturday,2,42
9,3.344932883376033,3.1699702672387753,2,Saturday,0,2025-09-13,Saturday,2,42
15,23.683750960618525,32.038335089914604,2,Saturday,0,2025-09-13,Saturday,2,42
13,2.526547522432673,3.3455616901998217,2,Saturday,0,2025-09-13,Saturday,2,42
20,2.704131433799836,6.808753435770758,2,Saturday,0,2025-09-13,Saturday,2,42
23,11.877125526752675,6.154499465192787,2,Saturday,0,2025-09-13,Saturday,2,42
18,8.794384517856875,9.59479301090923,2,Saturday,0,2025-09-13,Saturday,2,42
21,18.462529147233926,18.05689361912645,2,Saturday,0,2025-09-13,Saturday,2,42
8,21.50934863528958,17.473693806663576,2,Saturday,0,2025-09-13,Saturday,2,42
7,3.2363123173592196,2.5064267007296177,2,Saturday,0,2025-09-13,Saturday,2,42
18,18.292615223641924,17.50524398347268,2,Saturday,0,2025-09-13,Saturday,2,42
21,11.44533278497612,18.622183708998577,2,Saturday,0,2025-09-20,Saturday,2,29
14,3.9207107460996364,4.822911722612186,2,Saturday,0,2025-09-20,Saturday,2,29
19,16.641373863942103,15.417935841893536,2,Saturday,0,2025-09-20,Saturday,2,29
6,28.25180249142672,13.546069544956369,2,Saturday,0,2025-09-20,Saturday,2,29
22,17.561545914050395,3.8439867649597304,2,Saturday,0,2025-09-20,Saturday,2,29
13,19.19388184542259,5.649613840757695,2,Saturday,0,2025-09-20,Saturday,2,29
18,6.068145725768626,10.682262638857278,2,Saturday,0,2025-09-20,Saturday,2,29
17,13.23190406741979,22.254733432600855,2,Saturday,0,2025-09-20,Saturday,2,29
18,8.634523223585685,8.230699430035092,2,Saturday,0,2025-09-20,Saturday,2,29
17,19.356859772776737,7.234911444652531,2,Saturday,0,2025-09-20,Saturday,2,29
18,10.082134529225993,7.113038176937805,2,Saturday,0,2025-09-20,Saturday,2,29
15,24.87373770375688,19.575950891746004,2,Saturday,0,2025-09-20,Saturday,2,29
23,10.666960450569256,16.800529367031906,2,Saturday,0,2025-09-20,Saturday,2,29
17,16.58557271575571,13.73682931314658,2,Saturday,0,2025-09-20,Saturday,2,29
15,2.257820389388555,2.7600033086001163,2,Saturday,0,2025-09-20,Saturday,2,29
13,49.643032459035375,11.298506642562472,2,Saturday,0,2025-09-20,Saturday,2,29
22,9.664955939943855,10.75902329480017,2,Saturday,0,2025-09-20,Saturday,2,29
2,12.265901853127055,39.963277917108314,2,Saturday,0,2025-09-20,Saturday,2,29
15,36.99606126525179,10.860143292555586,2,Saturday,0,2025-09-20,Saturday,2,29
19,51.54604094504693,3.769646306488532,2,Saturday,0,2025-09-20,Saturday,2,29
19,8.600344028229323,10.756464875457787,2,Saturday,0,2025-09-20,Saturday,2,29
16,2.9108102859506366,4.702895515936395,2,Saturday,0,2025-09-20,Saturday,2,29
19,13.890342897736286,3.256716493649332,2,Saturday,0,2025-09-20,Saturday,2,29
21,47.95243502289997,8.94500500991072,2,Saturday,0,2025-09-20,Saturday,2,29
17,17.754601179864213,8.436657852807262,2,Saturday,0,2025-09-20,Saturday,2,29
19,5.99700568678345,26.545420570469858,2,Saturday,0,2025-09-20,Saturday,2,29
15,22.42255616185466,24.888137095452453,2,Saturday,0,2025-09-20,Saturday,2,29
17,2.5581258012977584,8.443266609932028,2,Saturday,0,2025-09-20,Saturday,2,29
16,24.386818569378413,7.793238371414693,2,Saturday,0,2025-09-20,Saturday,2,29
15,4.3362052534865025,35.93582482720259,3,Mon-Th,0,2025-09-23,Mon-Th,3,35
23,5.965201400433359,12.938094113200776,3,Mon-Th,0,2025-09-23,Mon-Th,3,35
15,19.06307015545782,9.449605448033209,3,Mon-Th,0,2025-09-23,Mon-Th,3,35
14,8.268728772279927,22.93602561653248,3,Mon-Th,0,2025-09-23,Mon-Th,3,35
13,5.5487110911598325,3.3686204817729895,3,Mon-Th,0,2025-09-23,Mon-Th,3,35
16,4.8603823937243575,6.25930831899668,3,Mon-Th,0,2025-09-23,Mon-Th,3,35
14,2.3163301908412888,12.633879843680166,3,Mon-Th,0,2025-09-23,Mon-Th,3,35
21,13.1709622265309,15.41052966244663,3,Mon-Th,0,2025-09-23,Mon-Th,3,35
17,15.802160565737921,9.264629174679571,3,Mon-Th,0,2025-09-23,Mon-Th,3,35
15,19.27466648685489,61.204427877812016,3,Mon-Th,0,2025-09-23,Mon-Th,3,35
17,10.258434260865279,13.911657817898698,3,Mon-Th,0,2025-09-23,Mon-Th,3,35
18,10.159252628173,4.0621099474258395,3,Mon-Th,0,2025-09-23,Mon-Th,3,35
16,12.634032971267114,12.219056097992645,3,Mon-Th,0,2025-09-23,Mon-Th,3,35
19,16.969225550538635,5.5169205727060655,3,Mon-Th,0,2025-09-23,Mon-Th,3,35
13,17.57803656441652,7.394796806709312,3,Mon-Th,0,2025-09-23,Mon-Th,3,35
11,3.7270972272814618,4.684433453544136,3,Mon-Th,0,2025-09-23,Mon-Th,3,35
20,18.441550947681353,14.917793855499157,3,Mon-Th,0,2025-09-23,Mon-Th,3,35
21,12.528411813216675,5.678944935945991,3,Mon-Th,0,2025-09-23,Mon-Th,3,35
19,10.779396782749593,8.05479928062606,3,Mon-Th,0,2025-09-23,Mon-Th,3,35
18,8.400362414405636,5.625022989049192,3,Mon-Th,0,2025-09-23,Mon-Th,3,35
15,4.202717013144495,10.493385225378988,3,Mon-Th,0,2025-09-23,Mon-Th,3,35
23,9.59988253731536,13.784121856716924,3,Mon-Th,0,2025-09-23,Mon-Th,3,35
17,10.33645703017443,20.148342517152642,3,Mon-Th,0,2025-09-23,Mon-Th,3,35
16,28.27392247829189,5.179280758579973,3,Mon-Th,0,2025-09-23,Mon-Th,3,35
19,17.199040310456258,10.287853145714449,3,Mon-Th,0,2025-09-23,Mon-Th,3,35
15,10.075166918049913,17.876214469248275,3,Mon-Th,0,2025-09-23,Mon-Th,3,35
9,19.29875748690643,8.302333373148219,3,Mon-Th,0,2025-09-23,Mon-Th,3,35
20,15.439219703539717,12.024660089256356,3,Mon-Th,0,2025-09-23,Mon-Th,3,35
22,12.755399044546508,10.190857565640199,3,Mon-Th,0,2025-09-23,Mon-Th,3,35
11,3.5501857356270783,24.88619708019165,3,Mon-Th,0,2025-09-23,Mon-Th,3,35
8,8.711309685392422,8.311133168530725,3,Mon-Th,0,2025-09-23,Mon-Th,3,35
15,16.41484895565758,46.01141068922619,3,Mon-Th,0,2025-09-23,Mon-Th,3,35
14,13.209807133765839,3.2610636571484166,3,Mon-Th,0,2025-09-23,Mon-Th,3,35
20,13.42788261480478,10.593749067305582,3,Mon-Th,0,2025-09-23,Mon-Th,3,35
18,18.076920169634704,6.095082867785111,3,Mon-Th,0,2025-09-23,Mon-Th,3,35
20,8.834029612002045,19.927880544486342,3,Mon-Th,0,2025-09-24,Mon-Th,3,37
16,20.042078658363312,27.105991245005946,3,Mon-Th,0,2025-09-24,Mon-Th,3,37
21,8.193805933283036,19.57867518473259,3,Mon-Th,0,2025-09-24,Mon-Th,3,37
11,7.854419318330503,20.53439130754441,3,Mon-Th,0,2025-09-24,Mon-Th,3,37
11,4.634631078914725,11.112159744102453,3,Mon-Th,0,2025-09-24,Mon-Th,3,37
5,18.65907265067026,13.114121353499664,3,Mon-Th,0,2025-09-24,Mon-Th,3,37
16,17.323476076441686,4.87962432768578,3,Mon-Th,0,2025-09-24,Mon-Th,3,37
12,5.0587113400109445,1.764531896265245,3,Mon-Th,0,2025-09-24,Mon-Th,3,37
18,19.662684619721663,17.32785412896844,3,Mon-Th,0,2025-09-24,Mon-Th,3,37
16,20.52391318261401,1.185262566607514,3,Mon-Th,0,2025-09-24,Mon-Th,3,37
20,5.769033331666719,6.96123874578987,3,Mon-Th,0,2025-09-24,Mon-Th,3,37
20,12.807844214078486,5.811761294455718,3,Mon-Th,0,2025-09-24,Mon-Th,3,37
16,14.522759770374982,2.4277652003809784,3,Mon-Th,0,2025-09-24,Mon-Th,3,37
15,4.378905056044784,4.839510394170757,3,Mon-Th,0,2025-09-24,Mon-Th,3,37
15,16.426380422431066,1.1560510604866392,3,Mon-Th,0,2025-09-24,Mon-Th,3,37
17,15.128575906860654,9.52385487218668,3,Mon-Th,0,2025-09-24,Mon-Th,3,37
20,41.90575445586074,18.545548431825832,3,Mon-Th,0,2025-09-24,Mon-Th,3,37
20,12.451094846727585,23.36165751017873,3,Mon-Th,0,2025-09-24,Mon-Th,3,37
20,16.421886504625522,5.606523690270321,3,Mon-Th,0,2025-09-24,Mon-Th,3,37
21,5.9550622058691225,9.173793230036077,3,Mon-Th,0,2025-09-24,Mon-Th,3,37
16,13.8749815348896,1.4010648139114341,3,Mon-Th,0,2025-09-24,Mon-Th,3,37
18,11.871978557960787,12.723697162136688,3,Mon-Th,0,2025-09-24,Mon-Th,3,37
15,17.6686115337968,6.767596054021526,3,Mon-Th,0,2025-09-24,Mon-Th,3,37
16,2.7602881571579063,12.973748242474999,3,Mon-Th,0,2025-09-24,Mon-Th,3,37
15,6.798925305951116,14.57603190584507,3,Mon-Th,0,2025-09-24,Mon-Th,3,37
17,10.133219085486282,9.936509285645213,3,Mon-Th,0,2025-09-24,Mon-Th,3,37
22,10.044501437946089,6.570040765182653,3,Mon-Th,0,2025-09-24,Mon-Th,3,37
22,15.505826608064961,26.50993526340891,3,Mon-Th,0,2025-09-24,Mon-Th,3,37
13,3.5531622303522887,11.120079324422083,3,Mon-Th,0,2025-09-24,Mon-Th,3,37
14,3.2849213042196226,10.021326607418521,3,Mon-Th,0,2025-09-24,Mon-Th,3,37
23,79.94986146514874,17.567760724095983,3,Mon-Th,0,2025-09-24,Mon-Th,3,37
15,7.050312806680085,23.03168108211551,3,Mon-Th,0,2025-09-24,Mon-Th,3,37
21,14.188218774351416,4.828110737987855,3,Mon-Th,0,2025-09-24,Mon-Th,3,37
10,2.4500042608211507,12.81969695924426,3,Mon-Th,0,2025-09-24,Mon-Th,3,37
22,14.918237796607887,14.223662706880638,3,Mon-Th,0,2025-09-24,Mon-Th,3,37
19,10.90659637640324,15.065716078702932,3,Mon-Th,0,2025-09-24,Mon-Th,3,37
15,8.927303211039458,14.9534725880491,3,Mon-Th,0,2025-09-24,Mon-Th,3,37
19,2.2315626921072815,6.624105983517809,3,Mon-Th,0,2025-09-25,Mon-Th,3,36
16,67.43289411374201,11.682845810521137,3,Mon-Th,0,2025-09-25,Mon-Th,3,36
10,5.130208164598773,8.740456158493284,3,Mon-Th,0,2025-09-25,Mon-Th,3,36
20,15.106862988297909,25.003136420876164,3,Mon-Th,0,2025-09-25,Mon-Th,3,36
23,11.280063226859738,13.955779709290553,3,Mon-Th,0,2025-09-25,Mon-Th,3,36
14,6.643315718603514,8.233970546655572,3,Mon-Th,0,2025-09-25,Mon-Th,3,36
1,5.178587783715511,10.999704176628782,3,Mon-Th,0,2025-09-25,Mon-Th,3,36
20,7.588059087868946,9.99212570329072,3,Mon-Th,0,2025-09-25,Mon-Th,3,36
13,2.5788270707244347,5.236876377393105,3,Mon-Th,0,2025-09-25,Mon-Th,3,36
13,18.72753638398436,12.518756548176693,3,Mon-Th,0,2025-09-25,Mon-Th,3,36
11,2.4661508066218665,12.347633295357074,3,Mon-Th,0,2025-09-25,Mon-Th,3,36
6,2.3175445247366397,1.017422008300254,3,Mon-Th,0,2025-09-25,Mon-Th,3,36
16,43.41699849931823,5.824237749154003,3,Mon-Th,0,2025-09-25,Mon-Th,3,36
18,14.526641912160141,6.935160254949157,3,Mon-Th,0,2025-09-25,Mon-Th,3,36
14,10.092261193753668,12.723516999294278,3,Mon-Th,0,2025-09-25,Mon-Th,3,36
18,15.142908591758712,4.626957977419105,3,Mon-Th,0,2025-09-25,Mon-Th,3,36
20,11.617220038778385,4.822105866668136,3,Mon-Th,0,2025-09-25,Mon-Th,3,36
20,12.990700398442495,14.508077125885467,3,Mon-Th,0,2025-09-25,Mon-Th,3,36
19,14.492460578692064,14.349872899924138,3,Mon-Th,0,2025-09-25,Mon-Th,3,36
19,12.993577316102204,10.889446008863517,3,Mon-Th,0,2025-09-25,Mon-Th,3,36
23,27.263518382226465,27.468579243888193,3,Mon-Th,0,2025-09-25,Mon-Th,3,36
21,7.983842181890134,17.08909847524331,3,Mon-Th,0,2025-09-25,Mon-Th,3,36
11,3.319907668230187,2.671605553018204,3,Mon-Th,0,2025-09-25,Mon-Th,3,36
23,4.0568195836697285,19.03139038254876,3,Mon-Th,0,2025-09-25,Mon-Th,3,36
19,12.442921220572345,7.219783632433169,3,Mon-Th,0,2025-09-25,Mon-Th,3,36
18,14.54012224407386,5.717676218724768,3,Mon-Th,0,2025-09-25,Mon-Th,3,36
9,15.144336157816252,35.779456387727194,3,Mon-Th,0,2025-09-25,Mon-Th,3,36
19,12.965181976763013,16.51483317228611,3,Mon-Th,0,2025-09-25,Mon-Th,3,36
19,8.414880813645556,7.536520151836956,3,Mon-Th,0,2025-09-25,Mon-Th,3,36
17,14.283964169486694,19.511585359458408,3,Mon-Th,0,2025-09-25,Mon-Th,3,36
17,15.256351120346064,21.759074379957955,3,Mon-Th,0,2025-09-25,Mon-Th,3,36
19,12.891382990675286,7.27255695106919,3,Mon-Th,0,2025-09-25,Mon-Th,3,36
18,15.0524167065868,44.272758058234906,3,Mon-Th,0,2025-09-25,Mon-Th,3,36
15,5.078991226037596,15.035661778977753,3,Mon-Th,0,2025-09-25,Mon-Th,3,36
15,4.580626307699086,10.282241318667023,3,Mon-Th,0,2025-09-25,Mon-Th,3,36
13,7.8822270570159265,9.790113151830957,3,Mon-Th,0,2025-09-25,Mon-Th,3,36
19,19.32460775706705,4.188886236286179,3,Mon-Th,0,2025-09-29,Mon-Th,3,37
20,28.695260245666944,19.19689770453123,3,Mon-Th,0,2025-09-29,Mon-Th,3,37
20,10.532174727690247,5.217969658334566,3,Mon-Th,0,2025-09-29,Mon-Th,3,37
14,8.449668137287693,2.528140978229823,3,Mon-Th,0,2025-09-29,Mon-Th,3,37
19,41.68852163092842,5.835172412639939,3,Mon-Th,0,2025-09-29,Mon-Th,3,37
21,11.361979372548483,22.340842704208438,3,Mon-Th,0,2025-09-29,Mon-Th,3,37
19,30.505688533585896,49.0033318120315,3,Mon-Th,0,2025-09-29,Mon-Th,3,37
19,5.622357776498722,8.467207083740337,3,Mon-Th,0,2025-09-29,Mon-Th,3,37
17,17.591522172016862,11.470894603617431,3,Mon-Th,0,2025-09-29,Mon-Th,3,37
8,21.07170489289038,7.6380445734189575,3,Mon-Th,0,2025-09-29,Mon-Th,3,37
19,18.084469212274374,15.901753547273003,3,Mon-Th,0,2025-09-29,Mon-Th,3,37
12,2.60739801833998,5.910698612365066,3,Mon-Th,0,2025-09-29,Mon-Th,3,37
14,2.874679309399358,6.434996646197533,3,Mon-Th,0,2025-09-29,Mon-Th,3,37
16,17.7938542755602,12.385990447547478,3,Mon-Th,0,2025-09-29,Mon-Th,3,37
21,6.0395227090927595,3.396930683008085,3,Mon-Th,0,2025-09-29,Mon-Th,3,37
23,8.052984692963749,9.8882333707055,3,Mon-Th,0,2025-09-29,Mon-Th,3,37
19,23.057913216591512,17.210788231327488,3,Mon-Th,0,2025-09-29,Mon-Th,3,37
0,23.192925395798866,10.537229889028156,3,Mon-Th,0,2025-09-29,Mon-Th,3,37
16,16.83957216146381,8.130798390443733,3,Mon-Th,0,2025-09-29,Mon-Th,3,37
13,12.330996562724323,27.873237595082877,3,Mon-Th,0,2025-09-29,Mon-Th,3,37
19,12.930590334288475,2.367748819588904,3,Mon-Th,0,2025-09-29,Mon-Th,3,37
17,13.567090141823979,11.61063881310398,3,Mon-Th,0,2025-09-29,Mon-Th,3,37
19,16.116897322253028,3.418730907341166,3,Mon-Th,0,2025-09-29,Mon-Th,3,37
17,8.982944109877007,29.85199555474012,3,Mon-Th,0,2025-09-29,Mon-Th,3,37
18,10.441641569477728,17.746924973238432,3,Mon-Th,0,2025-09-29,Mon-Th,3,37
18,100.88932814093431,4.757877455527821,3,Mon-Th,0,2025-09-29,Mon-Th,3,37
21,18.335617609884206,10.544745923401878,3,Mon-Th,0,2025-09-29,Mon-Th,3,37
19,4.640896345039462,8.36935731416647,3,Mon-Th,0,2025-09-29,Mon-Th,3,37
12,16.683741542643098,5.830032294188002,3,Mon-Th,0,2025-09-29,Mon-Th,3,37
1,14.473138472643857,8.725003520517133,3,Mon-Th,0,2025-09-29,Mon-Th,3,37
20,11.387002868837389,13.935117705442998,3,Mon-Th,0,2025-09-29,Mon-Th,3,37
23,13.306524587288521,8.578036747446973,3,Mon-Th,0,2025-09-29,Mon-Th,3,37
19,14.732845330727624,2.5426211237631238,3,Mon-Th,0,2025-09-29,Mon-Th,3,37
13,20.32860346999376,6.238367230708153,3,Mon-Th,0,2025-09-29,Mon-Th,3,37
15,2.9571356403702342,9.566078844213868,3,Mon-Th,0,2025-09-29,Mon-Th,3,37
13,2.632567120631065,5.05377537797198,3,Mon-Th,0,2025-09-29,Mon-Th,3,37
16,12.337912889352122,28.296186138042593,3,Mon-Th,0,2025-09-29,Mon-Th,3,37
12,13.921667910255376,22.896118704871167,3,Mon-Th,0,2025-09-30,Mon-Th,3,28
23,14.418246417483346,3.4602116573108432,3,Mon-Th,0,2025-09-30,Mon-Th,3,28
20,10.347565304872383,21.11465254858637,3,Mon-Th,0,2025-09-30,Mon-Th,3,28
12,9.786892422084033,29.826118959323146,3,Mon-Th,0,2025-09-30,Mon-Th,3,28
19,5.496535670515171,7.832467880875053,3,Mon-Th,0,2025-09-30,Mon-Th,3,28
14,11.293293659455546,4.489542395554261,3,Mon-Th,0,2025-09-30,Mon-Th,3,28
17,10.354864483552344,24.613707819290408,3,Mon-Th,0,2025-09-30,Mon-Th,3,28
15,5.961618030655439,12.861036584651965,3,Mon-Th,0,2025-09-30,Mon-Th,3,28
17,29.02558254471903,4.376616333574898,3,Mon-Th,0,2025-09-30,Mon-Th,3,28
19,7.843559688051237,6.593267885458977,3,Mon-Th,0,2025-09-30,Mon-Th,3,28
16,7.976677311283791,1.7719653691932489,3,Mon-Th,0,2025-09-30,Mon-Th,3,28
18,13.699532026544293,12.26277013682464,3,Mon-Th,0,2025-09-30,Mon-Th,3,28
21,13.199451516377298,37.259364596679866,3,Mon-Th,0,2025-09-30,Mon-Th,3,28
18,13.338047046833168,17.234567528823383,3,Mon-Th,0,2025-09-30,Mon-Th,3,28
22,25.41352429155994,5.8827571482993,3,Mon-Th,0,2025-09-30,Mon-Th,3,28
22,22.20928576067148,19.977703121696898,3,Mon-Th,0,2025-09-30,Mon-Th,3,28
16,8.287916989266174,13.836531385994387,3,Mon-Th,0,2025-09-30,Mon-Th,3,28
21,10.855547923311892,5.545579983983469,3,Mon-Th,0,2025-09-30,Mon-Th,3,28
22,10.46219642244284,7.067965496632663,3,Mon-Th,0,2025-09-30,Mon-Th,3,28
18,7.834706097755181,19.639212902186316,3,Mon-Th,0,2025-09-30,Mon-Th,3,28
19,4.67588470167081,6.845525097708941,3,Mon-Th,0,2025-09-30,Mon-Th,3,28
23,9.86600624863057,18.055440452268403,3,Mon-Th,0,2025-09-30,Mon-Th,3,28
17,21.489318965000628,19.842843761464387,3,Mon-Th,0,2025-09-30,Mon-Th,3,28
16,4.894231635576243,21.510499728390165,3,Mon-Th,0,2025-09-30,Mon-Th,3,28
19,12.619596983757567,4.546955398515207,3,Mon-Th,0,2025-09-30,Mon-Th,3,28
17,4.370516335297205,9.149102115483696,3,Mon-Th,0,2025-09-30,Mon-Th,3,28
19,15.434422298388363,3.8715701781737355,3,Mon-Th,0,2025-09-30,Mon-Th,3,28
17,2.1286931277316934,9.249139602535793,3,Mon-Th,0,2025-09-30,Mon-Th,3,28
11,13.753943039786602,11.374428179138919,3,Mon-Th,0,2025-10-01,Mon-Th,3,44
20,10.927824294734439,18.412208690587363,3,Mon-Th,0,2025-10-01,Mon-Th,3,44
15,5.476681320226868,17.023435834462493,3,Mon-Th,0,2025-10-01,Mon-Th,3,44
14,27.582665041007957,17.052355857927008,3,Mon-Th,0,2025-10-01,Mon-Th,3,44
17,31.428267541855817,8.976992235759962,3,Mon-Th,0,2025-10-01,Mon-Th,3,44
16,29.31975632448932,9.022495572607353,3,Mon-Th,0,2025-10-01,Mon-Th,3,44
19,5.453500118015789,6.023767140252134,3,Mon-Th,0,2025-10-01,Mon-Th,3,44
14,2.700157096839396,6.459456482822863,3,Mon-Th,0,2025-10-01,Mon-Th,3,44
13,2.233666189995497,12.266554209342937,3,Mon-Th,0,2025-10-01,Mon-Th,3,44
12,18.261325390311633,4.798555143327255,3,Mon-Th,0,2025-10-01,Mon-Th,3,44
20,18.794440787080337,2.7612798808341052,3,Mon-Th,0,2025-10-01,Mon-Th,3,44
15,4.802284265031898,11.507313191961883,3,Mon-Th,0,2025-10-01,Mon-Th,3,44
20,3.150336498628592,11.453204823645383,3,Mon-Th,0,2025-10-01,Mon-Th,3,44
20,26.62190773406996,13.394884960511613,3,Mon-Th,0,2025-10-01,Mon-Th,3,44
17,8.272877894603317,3.756020041489508,3,Mon-Th,0,2025-10-01,Mon-Th,3,44
16,2.6779442806390104,4.5138658201727955,3,Mon-Th,0,2025-10-01,Mon-Th,3,44
17,18.617345116111228,7.222240085923207,3,Mon-Th,0,2025-10-01,Mon-Th,3,44
12,24.21249794813164,3.9583206521302294,3,Mon-Th,0,2025-10-01,Mon-Th,3,44
16,5.097150926983222,15.24423636306654,3,Mon-Th,0,2025-10-01,Mon-Th,3,44
17,7.82662114546675,15.536378954609974,3,Mon-Th,0,2025-10-01,Mon-Th,3,44
17,8.47442559071327,6.770173525544992,3,Mon-Th,0,2025-10-01,Mon-Th,3,44
12,3.4273677271140572,3.717508390660388,3,Mon-Th,0,2025-10-01,Mon-Th,3,44
3,20.72187899919103,59.745171710678356,3,Mon-Th,0,2025-10-01,Mon-Th,3,44
16,30.35650518061992,3.863972802708263,3,Mon-Th,0,2025-10-01,Mon-Th,3,44
1,13.140202101974488,57.26488195933174,3,Mon-Th,0,2025-10-01,Mon-Th,3,44
13,23.8022721445476,7.099222661487977,3,Mon-Th,0,2025-10-01,Mon-Th,3,44
22,13.739581964529432,7.962454412625189,3,Mon-Th,0,2025-10-01,Mon-Th,3,44
18,16.512147018642,9.042407029074473,3,Mon-Th,0,2025-10-01,Mon-Th,3,44
21,4.170944815028321,20.088271653554912,3,Mon-Th,0,2025-10-01,Mon-Th,3,44
13,16.174790245630454,12.202798191210002,3,Mon-Th,0,2025-10-01,Mon-Th,3,44
8,5.574241819196342,1.478426514234862,3,Mon-Th,0,2025-10-01,Mon-Th,3,44
17,22.31252385122769,6.139299056019663,3,Mon-Th,0,2025-10-01,Mon-Th,3,44
1,18.57362441812587,25.34329978199102,3,Mon-Th,0,2025-10-01,Mon-Th,3,44
10,4.63105296421136,1.7394158709922731,3,Mon-Th,0,2025-10-01,Mon-Th,3,44
13,46.27816067276589,5.405695266915432,3,Mon-Th,0,2025-10-01,Mon-Th,3,44
16,9.325447921036258,10.409926340713257,3,Mon-Th,0,2025-10-01,Mon-Th,3,44
18,11.643922007724012,16.902547972609895,3,Mon-Th,0,2025-10-01,Mon-Th,3,44
15,18.211108758965683,5.74101418631529,3,Mon-Th,0,2025-10-01,Mon-Th,3,44
11,7.765509080165675,17.203579129996054,3,Mon-Th,0,2025-10-01,Mon-Th,3,44
18,2.9312603530530374,8.251237022064803,3,Mon-Th,0,2025-10-01,Mon-Th,3,44
20,14.420094630976816,9.956627665999646,3,Mon-Th,0,2025-10-01,Mon-Th,3,44
14,3.6269811900523456,21.533007240048224,3,Mon-Th,0,2025-10-01,Mon-Th,3,44
21,10.944043690917546,9.153609378931137,3,Mon-Th,0,2025-10-01,Mon-Th,3,44
17,4.918475175491662,17.685183682449335,3,Mon-Th,0,2025-10-01,Mon-Th,3,44
13,9.783263572668623,21.297215468786842,3,Mon-Th,0,2025-10-02,Mon-Th,3,39
0,15.69936318731336,22.59492107774794,3,Mon-Th,0,2025-10-02,Mon-Th,3,39
11,3.052113501292555,13.035253553285472,3,Mon-Th,0,2025-10-02,Mon-Th,3,39
18,30.214224023709946,11.689242339208532,3,Mon-Th,0,2025-10-02,Mon-Th,3,39
19,11.109631699070494,14.627128568434722,3,Mon-Th,0,2025-10-02,Mon-Th,3,39
10,8.500600346631064,7.211068293218081,3,Mon-Th,0,2025-10-02,Mon-Th,3,39
13,13.028409948686143,5.671035037890023,3,Mon-Th,0,2025-10-02,Mon-Th,3,39
16,19.55256931096283,6.9270874385581065,3,Mon-Th,0,2025-10-02,Mon-Th,3,39
18,15.083571578149936,7.6128357225355145,3,Mon-Th,0,2025-10-02,Mon-Th,3,39
20,12.08759067037898,22.956390898887125,3,Mon-Th,0,2025-10-02,Mon-Th,3,39
18,23.15611241308332,4.470835697969896,3,Mon-Th,0,2025-10-02,Mon-Th,3,39
23,87.29343849172471,2.854382277801485,3,Mon-Th,0,2025-10-02,Mon-Th,3,39
17,3.1708970325505135,10.441611043105851,3,Mon-Th,0,2025-10-02,Mon-Th,3,39
16,14.709803279441932,14.896747819724535,3,Mon-Th,0,2025-10-02,Mon-Th,3,39
14,12.349109387405296,3.8637878484934385,3,Mon-Th,0,2025-10-02,Mon-Th,3,39
12,2.3268461484251612,6.949718890339837,3,Mon-Th,0,2025-10-02,Mon-Th,3,39
19,11.144896550400428,38.52801116188216,3,Mon-Th,0,2025-10-02,Mon-Th,3,39
15,26.23784238681132,21.132937520304615,3,Mon-Th,0,2025-10-02,Mon-Th,3,39
23,9.787570973476972,20.414464084296707,3,Mon-Th,0,2025-10-02,Mon-Th,3,39
18,6.340472369809726,14.60913444078679,3,Mon-Th,0,2025-10-02,Mon-Th,3,39
21,13.435237401603437,7.89605400645348,3,Mon-Th,0,2025-10-02,Mon-Th,3,39
21,8.75561628671944,10.30786099415243,3,Mon-Th,0,2025-10-02,Mon-Th,3,39
0,14.739625589218193,9.918211664205046,3,Mon-Th,0,2025-10-02,Mon-Th,3,39
19,5.3196056780372825,43.539021025344596,3,Mon-Th,0,2025-10-02,Mon-Th,3,39
0,9.760398220585117,14.855793515727058,3,Mon-Th,0,2025-10-02,Mon-Th,3,39
18,19.365617286861298,26.98191963567665,3,Mon-Th,0,2025-10-02,Mon-Th,3,39
17,2.4955417077403967,4.863661632591031,3,Mon-Th,0,2025-10-02,Mon-Th,3,39
17,2.608103372763459,6.826845293647461,3,Mon-Th,0,2025-10-02,Mon-Th,3,39
22,8.553226977634235,29.500826621060426,3,Mon-Th,0,2025-10-02,Mon-Th,3,39
20,12.179481570997673,5.345203954967371,3,Mon-Th,0,2025-10-02,Mon-Th,3,39
19,10.66852217278543,12.819523559526592,3,Mon-Th,0,2025-10-02,Mon-Th,3,39
15,50.37565183964591,2.1283053289955784,3,Mon-Th,0,2025-10-02,Mon-Th,3,39
19,6.224818911920986,8.423537621442565,3,Mon-Th,0,2025-10-02,Mon-Th,3,39
21,13.10993425934642,8.78263904098756,3,Mon-Th,0,2025-10-02,Mon-Th,3,39
20,2.751324636128486,18.362752743177676,3,Mon-Th,0,2025-10-02,Mon-Th,3,39
17,6.09071784992903,19.13320073307335,3,Mon-Th,0,2025-10-02,Mon-Th,3,39
19,15.801691695479303,19.54908507238133,3,Mon-Th,0,2025-10-02,Mon-Th,3,39
20,13.52591479477622,6.504191714928701,3,Mon-Th,0,2025-10-02,Mon-Th,3,39
23,10.139734422901213,6.653870207451188,3,Mon-Th,0,2025-10-02,Mon-Th,3,39
19,12.573267819877639,36.83499888318926,3,Mon-Th,0,2025-10-06,Mon-Th,3,41
18,12.159174125892626,13.771676800331727,3,Mon-Th,0,2025-10-06,Mon-Th,3,41
20,9.336984669901849,18.98268283895441,3,Mon-Th,0,2025-10-06,Mon-Th,3,41
15,2.057371271561746,8.012205360174644,3,Mon-Th,0,2025-10-06,Mon-Th,3,41
15,6.130912337612472,13.69662002722331,3,Mon-Th,0,2025-10-06,Mon-Th,3,41
17,14.443721788842453,18.768532098341534,3,Mon-Th,0,2025-10-06,Mon-Th,3,41
19,12.028804615224633,16.20206905432386,3,Mon-Th,0,2025-10-06,Mon-Th,3,41
18,13.770280096239127,56.40288173861864,3,Mon-Th,0,2025-10-06,Mon-Th,3,41
16,13.205551791124673,7.386931363233234,3,Mon-Th,0,2025-10-06,Mon-Th,3,41
22,4.910977795992325,11.965599112182083,3,Mon-Th,0,2025-10-06,Mon-Th,3,41
16,7.990379584043562,11.158067587422943,3,Mon-Th,0,2025-10-06,Mon-Th,3,41
19,11.476257013798943,11.433749380510594,3,Mon-Th,0,2025-10-06,Mon-Th,3,41
18,13.665944585181421,11.743181780126191,3,Mon-Th,0,2025-10-06,Mon-Th,3,41
20,12.878373338106378,7.391489605063064,3,Mon-Th,0,2025-10-06,Mon-Th,3,41
22,11.358695739520563,6.249566147780519,3,Mon-Th,0,2025-10-06,Mon-Th,3,41
19,12.681877518873836,6.814664237152249,3,Mon-Th,0,2025-10-06,Mon-Th,3,41
9,2.580964064659148,5.024902724286284,3,Mon-Th,0,2025-10-06,Mon-Th,3,41
15,3.4956081994430295,20.92558320919108,3,Mon-Th,0,2025-10-06,Mon-Th,3,41
18,19.71344839355351,6.290363788663467,3,Mon-Th,0,2025-10-06,Mon-Th,3,41
16,13.889181116280579,7.487081014415827,3,Mon-Th,0,2025-10-06,Mon-Th,3,41
19,2.902800002072384,6.49700754951739,3,Mon-Th,0,2025-10-06,Mon-Th,3,41
10,13.894199313168865,5.001472123709749,3,Mon-Th,0,2025-10-06,Mon-Th,3,41
14,3.103215924911587,16.18588941946163,3,Mon-Th,0,2025-10-06,Mon-Th,3,41
20,7.793843189130741,6.446021296492013,3,Mon-Th,0,2025-10-06,Mon-Th,3,41
21,18.9227276431605,14.434435929464373,3,Mon-Th,0,2025-10-06,Mon-Th,3,41
23,12.444806820822109,39.17343921900874,3,Mon-Th,0,2025-10-06,Mon-Th,3,41
0,8.208898237857884,10.853853893664095,3,Mon-Th,0,2025-10-06,Mon-Th,3,41
17,19.78908454599525,4.788420256897032,3,Mon-Th,0,2025-10-06,Mon-Th,3,41
13,8.435473840558561,17.142569778759263,3,Mon-Th,0,2025-10-06,Mon-Th,3,41
19,19.35488565772836,3.9614788915107377,3,Mon-Th,0,2025-10-06,Mon-Th,3,41
19,8.446416048542385,11.162635143850125,3,Mon-Th,0,2025-10-06,Mon-Th,3,41
14,4.604879590482703,9.339868542776582,3,Mon-Th,0,2025-10-06,Mon-Th,3,41
13,6.587731949766149,3.9732163302847896,3,Mon-Th,0,2025-10-06,Mon-Th,3,41
21,10.14075398700373,11.344258219145116,3,Mon-Th,0,2025-10-06,Mon-Th,3,41
17,15.823422168851593,28.301582272124463,3,Mon-Th,0,2025-10-06,Mon-Th,3,41
21,12.64388895683523,18.879735981535227,3,Mon-Th,0,2025-10-06,Mon-Th,3,41
18,14.662924835126073,7.403799881546194,3,Mon-Th,0,2025-10-06,Mon-Th,3,41
16,13.47297727932905,4.412232525467218,3,Mon-Th,0,2025-10-06,Mon-Th,3,41
11,12.633594762069016,2.8274348098768094,3,Mon-Th,0,2025-10-06,Mon-Th,3,41
19,10.471514583883806,13.994488603140054,3,Mon-Th,0,2025-10-06,Mon-Th,3,41
18,12.066252419079504,9.259991858298951,3,Mon-Th,0,2025-10-06,Mon-Th,3,41
19,20.219919404181457,9.381942095802529,3,Mon-Th,0,2025-10-07,Mon-Th,3,37
12,16.45339921978083,5.122543828184422,3,Mon-Th,0,2025-10-07,Mon-Th,3,37
11,2.3187791675154426,3.5238900800146036,3,Mon-Th,0,2025-10-07,Mon-Th,3,37
18,9.20087199877619,13.520437342848263,3,Mon-Th,0,2025-10-07,Mon-Th,3,37
17,16.640897566654314,3.137375675555215,3,Mon-Th,0,2025-10-07,Mon-Th,3,37
20,12.070583905737056,5.057925412750674,3,Mon-Th,0,2025-10-07,Mon-Th,3,37
16,8.627415958369866,0.7980717606600298,3,Mon-Th,0,2025-10-07,Mon-Th,3,37
14,2.154221938736531,9.209635314317053,3,Mon-Th,0,2025-10-07,Mon-Th,3,37
23,7.84495936435488,24.94424140346052,3,Mon-Th,0,2025-10-07,Mon-Th,3,37
19,4.566790047553418,7.720410968386295,3,Mon-Th,0,2025-10-07,Mon-Th,3,37
14,2.133525549531702,2.9614097344042696,3,Mon-Th,0,2025-10-07,Mon-Th,3,37
17,11.47579868514186,6.245868348976919,3,Mon-Th,0,2025-10-07,Mon-Th,3,37
6,3.703607927719254,9.81906024997759,3,Mon-Th,0,2025-10-07,Mon-Th,3,37
18,13.52906725860154,3.2953907374913687,3,Mon-Th,0,2025-10-07,Mon-Th,3,37
18,44.42054768544177,9.010034714931084,3,Mon-Th,0,2025-10-07,Mon-Th,3,37
23,8.197585112233636,14.448997040160116,3,Mon-Th,0,2025-10-07,Mon-Th,3,37
20,11.333989487666258,8.847120405248035,3,Mon-Th,0,2025-10-07,Mon-Th,3,37
18,3.728574121692362,10.83912331754153,3,Mon-Th,0,2025-10-07,Mon-Th,3,37
18,21.747494894783458,9.050877919944384,3,Mon-Th,0,2025-10-07,Mon-Th,3,37
19,20.364127448765473,24.939277846494114,3,Mon-Th,0,2025-10-07,Mon-Th,3,37
15,2.471959867987861,6.233751158867173,3,Mon-Th,0,2025-10-07,Mon-Th,3,37
19,9.558514386379404,29.251048041316572,3,Mon-Th,0,2025-10-07,Mon-Th,3,37
17,4.764332100132136,14.03200880590151,3,Mon-Th,0,2025-10-07,Mon-Th,3,37
17,13.597145018972345,21.848730404410453,3,Mon-Th,0,2025-10-07,Mon-Th,3,37
19,15.409649661975873,4.1796219867136,3,Mon-Th,0,2025-10-07,Mon-Th,3,37
18,5.95310079931429,18.668378411496462,3,Mon-Th,0,2025-10-07,Mon-Th,3,37
21,13.2147309927804,5.909231905730155,3,Mon-Th,0,2025-10-07,Mon-Th,3,37
15,15.407979248674568,3.655589033619849,3,Mon-Th,0,2025-10-07,Mon-Th,3,37
18,3.1975289962240003,3.7520484897285957,3,Mon-Th,0,2025-10-07,Mon-Th,3,37
19,10.66720536595318,4.6354263751550135,3,Mon-Th,0,2025-10-07,Mon-Th,3,37
10,6.5216830008586255,16.91924161960302,3,Mon-Th,0,2025-10-07,Mon-Th,3,37
18,16.80230694461576,11.41815371855321,3,Mon-Th,0,2025-10-07,Mon-Th,3,37
17,2.9238462464193447,10.15900975143524,3,Mon-Th,0,2025-10-07,Mon-Th,3,37
2,6.849825179229626,18.345944278442303,3,Mon-Th,0,2025-10-07,Mon-Th,3,37
18,14.083325458612908,8.836027524529117,3,Mon-Th,0,2025-10-07,Mon-Th,3,37
18,16.90776420157374,12.170292749066677,3,Mon-Th,0,2025-10-07,Mon-Th,3,37
18,3.0516946387875277,7.737732714072402,3,Mon-Th,0,2025-10-07,Mon-Th,3,37
19,11.841288890979829,2.082347450040211,3,Mon-Th,0,2025-10-08,Mon-Th,3,37
23,11.046636258621806,6.747585247316994,3,Mon-Th,0,2025-10-08,Mon-Th,3,37
17,17.245629866001448,9.862823390848122,3,Mon-Th,0,2025-10-08,Mon-Th,3,37
9,9.893386164242443,8.88365738475083,3,Mon-Th,0,2025-10-08,Mon-Th,3,37
22,10.941010324635908,12.86736404444529,3,Mon-Th,0,2025-10-08,Mon-Th,3,37
13,5.161790238043999,5.306477219068285,3,Mon-Th,0,2025-10-08,Mon-Th,3,37
19,16.006755290587567,6.94186323920034,3,Mon-Th,0,2025-10-08,Mon-Th,3,37
17,16.927686485052988,24.794891175316643,3,Mon-Th,0,2025-10-08,Mon-Th,3,37
18,15.305646065373555,9.557769155681232,3,Mon-Th,0,2025-10-08,Mon-Th,3,37
23,15.860807009627496,27.305612296045517,3,Mon-Th,0,2025-10-08,Mon-Th,3,37
21,13.798649700573556,5.427288068374438,3,Mon-Th,0,2025-10-08,Mon-Th,3,37
18,12.466930375493238,11.036921209637732,3,Mon-Th,0,2025-10-08,Mon-Th,3,37
18,12.465414448915187,12.852884922227311,3,Mon-Th,0,2025-10-08,Mon-Th,3,37
22,10.972704165580069,21.08524792595752,3,Mon-Th,0,2025-10-08,Mon-Th,3,37
11,10.538073570860462,4.122179167221629,3,Mon-Th,0,2025-10-08,Mon-Th,3,37
15,16.56493010367897,21.4531467969002,3,Mon-Th,0,2025-10-08,Mon-Th,3,37
20,15.763598644625407,11.717650159978428,3,Mon-Th,0,2025-10-08,Mon-Th,3,37
19,34.59479495194223,12.4234373838461,3,Mon-Th,0,2025-10-08,Mon-Th,3,37
22,5.8944700704799065,7.279337938022237,3,Mon-Th,0,2025-10-08,Mon-Th,3,37
19,30.058618414833866,7.997407872011077,3,Mon-Th,0,2025-10-08,Mon-Th,3,37
19,23.293870216969747,11.560269220967276,3,Mon-Th,0,2025-10-08,Mon-Th,3,37
19,13.503335675769854,9.959199006042255,3,Mon-Th,0,2025-10-08,Mon-Th,3,37
19,8.284515980100558,7.457855678138442,3,Mon-Th,0,2025-10-08,Mon-Th,3,37
21,13.586522451264113,15.805988236155287,3,Mon-Th,0,2025-10-08,Mon-Th,3,37
13,11.504713840733466,5.242924997995461,3,Mon-Th,0,2025-10-08,Mon-Th,3,37
6,14.552079533502926,11.146843643858698,3,Mon-Th,0,2025-10-08,Mon-Th,3,37
16,7.009636767196705,7.7099214158552245,3,Mon-Th,0,2025-10-08,Mon-Th,3,37
15,5.3352022006079105,16.79253566475132,3,Mon-Th,0,2025-10-08,Mon-Th,3,37
12,3.474730191705108,4.706884444074793,3,Mon-Th,0,2025-10-08,Mon-Th,3,37
15,6.082967151820457,9.889744318154957,3,Mon-Th,0,2025-10-08,Mon-Th,3,37
18,15.261644742469404,61.50879977549458,3,Mon-Th,0,2025-10-08,Mon-Th,3,37
19,14.484971930826777,1.8916558779746697,3,Mon-Th,0,2025-10-08,Mon-Th,3,37
17,11.690091628696681,4.309512281730883,3,Mon-Th,0,2025-10-08,Mon-Th,3,37
18,3.475534523195586,10.618175839227094,3,Mon-Th,0,2025-10-08,Mon-Th,3,37
16,20.106468457515913,25.268424654850286,3,Mon-Th,0,2025-10-08,Mon-Th,3,37
18,2.526572815702382,19.424947370987034,3,Mon-Th,0,2025-10-08,Mon-Th,3,37
10,7.182797083672802,23.800741121823922,3,Mon-Th,0,2025-10-08,Mon-Th,3,37
23,4.190176198246689,1.6147496836106296,3,Mon-Th,0,2025-10-09,Mon-Th,3,42
16,14.42599863893842,3.95368919365589,3,Mon-Th,0,2025-10-09,Mon-Th,3,42
23,3.0017120835952555,6.5372174927943965,3,Mon-Th,0,2025-10-09,Mon-Th,3,42
19,14.965053689095988,2.643356851094711,3,Mon-Th,0,2025-10-09,Mon-Th,3,42
23,21.751619906128447,10.387633852951135,3,Mon-Th,0,2025-10-09,Mon-Th,3,42
14,9.10900809985959,0.9912103463184133,3,Mon-Th,0,2025-10-09,Mon-Th,3,42
16,22.54756140684094,16.58811501337396,3,Mon-Th,0,2025-10-09,Mon-Th,3,42
18,9.897778194512934,8.434022172165438,3,Mon-Th,0,2025-10-09,Mon-Th,3,42
17,16.191669355663624,27.309093153722184,3,Mon-Th,0,2025-10-09,Mon-Th,3,42
16,27.19916923074117,4.425521931341245,3,Mon-Th,0,2025-10-09,Mon-Th,3,42
20,17.134837309029734,6.312934860533755,3,Mon-Th,0,2025-10-09,Mon-Th,3,42
17,17.825739485267242,4.559212233833197,3,Mon-Th,0,2025-10-09,Mon-Th,3,42
20,15.145778223540294,6.8363279742196905,3,Mon-Th,0,2025-10-09,Mon-Th,3,42
13,2.682165475565304,6.569835025597846,3,Mon-Th,0,2025-10-09,Mon-Th,3,42
7,14.130763072086985,19.3308977478916,3,Mon-Th,0,2025-10-09,Mon-Th,3,42
19,8.648450097738944,15.279187257149632,3,Mon-Th,0,2025-10-09,Mon-Th,3,42
11,18.30479875887786,34.94348024830923,3,Mon-Th,0,2025-10-09,Mon-Th,3,42
19,2.748657307653738,11.497731035980264,3,Mon-Th,0,2025-10-09,Mon-Th,3,42
15,118.25634217511777,8.24533249933866,3,Mon-Th,0,2025-10-09,Mon-Th,3,42
10,4.8903381542870665,12.123975435527122,3,Mon-Th,0,2025-10-09,Mon-Th,3,42
16,13.250486100130441,26.278329601460644,3,Mon-Th,0,2025-10-09,Mon-Th,3,42
23,8.367722792029447,1.7532136143082713,3,Mon-Th,0,2025-10-09,Mon-Th,3,42
19,50.43964081372689,21.66797659430689,3,Mon-Th,0,2025-10-09,Mon-Th,3,42
18,12.60197781718588,24.852052634514607,3,Mon-Th,0,2025-10-09,Mon-Th,3,42
19,7.879074383544779,6.027355146730015,3,Mon-Th,0,2025-10-09,Mon-Th,3,42
15,5.539836761573865,9.457308926223655,3,Mon-Th,0,2025-10-09,Mon-Th,3,42
16,3.673670447475468,9.759105586953002,3,Mon-Th,0,2025-10-09,Mon-Th,3,42
17,12.22495027337889,11.090999697910211,3,Mon-Th,0,2025-10-09,Mon-Th,3,42
15,13.554392701793091,5.762317494106042,3,Mon-Th,0,2025-10-09,Mon-Th,3,42
17,14.307847294819592,12.605548338349383,3,Mon-Th,0,2025-10-09,Mon-Th,3,42
16,18.990339309839122,15.264770927776299,3,Mon-Th,0,2025-10-09,Mon-Th,3,42
14,12.609899065628682,4.16046427078522,3,Mon-Th,0,2025-10-09,Mon-Th,3,42
9,20.182457372866942,12.343901393180335,3,Mon-Th,0,2025-10-09,Mon-Th,3,42
21,12.02726757567019,14.41830691290518,3,Mon-Th,0,2025-10-09,Mon-Th,3,42
18,15.790515508669127,18.14072320442635,3,Mon-Th,0,2025-10-09,Mon-Th,3,42
22,12.894410194804419,21.28068094001261,3,Mon-Th,0,2025-10-09,Mon-Th,3,42
18,32.328365549902664,14.152449160737937,3,Mon-Th,0,2025-10-09,Mon-Th,3,42
16,18.55080811063266,29.79065796194874,3,Mon-Th,0,2025-10-09,Mon-Th,3,42
14,16.76693295466543,4.448124938753216,3,Mon-Th,0,2025-10-09,Mon-Th,3,42
16,3.2222084870444867,21.914594582122405,3,Mon-Th,0,2025-10-09,Mon-Th,3,42
18,6.124461352885344,6.415759804022212,3,Mon-Th,0,2025-10-09,Mon-Th,3,42
19,17.01730716097788,3.327337212164882,3,Mon-Th,0,2025-10-09,Mon-Th,3,42
17,20.240732352906097,1.6605272774657254,3,Mon-Th,0,2025-10-13,Mon-Th,3,43
23,12.663871925230477,23.436069137106934,3,Mon-Th,0,2025-10-13,Mon-Th,3,43
18,11.433734631961137,19.945373069503045,3,Mon-Th,0,2025-10-13,Mon-Th,3,43
17,5.322216366488792,7.295402830949747,3,Mon-Th,0,2025-10-13,Mon-Th,3,43
22,6.201748046231795,21.3939447283254,3,Mon-Th,0,2025-10-13,Mon-Th,3,43
22,9.324490589781192,4.021438139129302,3,Mon-Th,0,2025-10-13,Mon-Th,3,43
15,4.697450699081406,6.555371970454774,3,Mon-Th,0,2025-10-13,Mon-Th,3,43
22,14.999072672980368,19.99244977694632,3,Mon-Th,0,2025-10-13,Mon-Th,3,43
17,27.82445692428289,5.617399613106125,3,Mon-Th,0,2025-10-13,Mon-Th,3,43
12,26.1095410750547,7.972783561521098,3,Mon-Th,0,2025-10-13,Mon-Th,3,43
14,19.26229118150118,4.011258307983956,3,Mon-Th,0,2025-10-13,Mon-Th,3,43
21,6.615758345197003,17.039204540748813,3,Mon-Th,0,2025-10-13,Mon-Th,3,43
10,2.96004456380196,4.669687321718209,3,Mon-Th,0,2025-10-13,Mon-Th,3,43
17,15.736201559516015,5.982946622108295,3,Mon-Th,0,2025-10-13,Mon-Th,3,43
15,29.191874824128217,6.797605081737836,3,Mon-Th,0,2025-10-13,Mon-Th,3,43
19,11.381450038997055,15.930723300961393,3,Mon-Th,0,2025-10-13,Mon-Th,3,43
23,19.016491791488257,13.521691740786524,3,Mon-Th,0,2025-10-13,Mon-Th,3,43
14,15.631365552016963,12.927695688222007,3,Mon-Th,0,2025-10-13,Mon-Th,3,43
15,17.129573937909242,7.0615332150732275,3,Mon-Th,0,2025-10-13,Mon-Th,3,43
14,9.941208994176435,10.3119765476798,3,Mon-Th,0,2025-10-13,Mon-Th,3,43
19,13.978200769764566,19.60013639396359,3,Mon-Th,0,2025-10-13,Mon-Th,3,43
14,5.299979954679063,6.898214730286407,3,Mon-Th,0,2025-10-13,Mon-Th,3,43
17,9.645462761839184,5.93944673050547,3,Mon-Th,0,2025-10-13,Mon-Th,3,43
10,26.569775632756468,0.996882338638169,3,Mon-Th,0,2025-10-13,Mon-Th,3,43
19,12.903198366221758,12.960613690284589,3,Mon-Th,0,2025-10-13,Mon-Th,3,43
5,2.1821929886034455,6.991850220146726,3,Mon-Th,0,2025-10-13,Mon-Th,3,43
19,2.571694176079946,9.404792253420247,3,Mon-Th,0,2025-10-13,Mon-Th,3,43
18,3.5254660601828545,22.76115613571408,3,Mon-Th,0,2025-10-13,Mon-Th,3,43
19,7.66307021921448,11.445642498052417,3,Mon-Th,0,2025-10-13,Mon-Th,3,43
16,14.540663069458883,20.535466549810465,3,Mon-Th,0,2025-10-13,Mon-Th,3,43
22,10.177860022475787,5.555249179905724,3,Mon-Th,0,2025-10-13,Mon-Th,3,43
19,11.894179468195464,12.509824490851377,3,Mon-Th,0,2025-10-13,Mon-Th,3,43
19,5.742316450747741,11.597420991409338,3,Mon-Th,0,2025-10-13,Mon-Th,3,43
19,11.914559820125973,2.688704049497857,3,Mon-Th,0,2025-10-13,Mon-Th,3,43
19,10.87269096213343,9.546784387870865,3,Mon-Th,0,2025-10-13,Mon-Th,3,43
21,13.131873815862441,14.145587716165094,3,Mon-Th,0,2025-10-13,Mon-Th,3,43
17,2.0700474285132198,4.158891114311355,3,Mon-Th,0,2025-10-13,Mon-Th,3,43
5,11.75727986767519,17.063031520055848,3,Mon-Th,0,2025-10-13,Mon-Th,3,43
20,14.198240968787875,6.009536678958528,3,Mon-Th,0,2025-10-13,Mon-Th,3,43
4,13.63990482553,22.36857502303509,3,Mon-Th,0,2025-10-13,Mon-Th,3,43
22,8.301483702080892,33.2470028604965,3,Mon-Th,0,2025-10-13,Mon-Th,3,43
20,9.615748156544303,13.172303103851899,3,Mon-Th,0,2025-10-13,Mon-Th,3,43
15,3.3073023858299333,7.215070659376419,3,Mon-Th,0,2025-10-13,Mon-Th,3,43
16,15.470394298674229,45.119390521428535,3,Mon-Th,0,2025-10-14,Mon-Th,3,42
15,16.67136395260269,22.06728092412511,3,Mon-Th,0,2025-10-14,Mon-Th,3,42
20,8.105394176186437,5.362488680504457,3,Mon-Th,0,2025-10-14,Mon-Th,3,42
19,11.518896635192583,16.42423074578034,3,Mon-Th,0,2025-10-14,Mon-Th,3,42
13,2.4464378010798726,4.262267448611227,3,Mon-Th,0,2025-10-14,Mon-Th,3,42
23,11.751125038405252,25.712390756891253,3,Mon-Th,0,2025-10-14,Mon-Th,3,42
20,7.251197241857579,3.995375027420149,3,Mon-Th,0,2025-10-14,Mon-Th,3,42
19,4.777808416201709,10.308281885531498,3,Mon-Th,0,2025-10-14,Mon-Th,3,42
16,20.441243597385707,19.54348258559522,3,Mon-Th,0,2025-10-14,Mon-Th,3,42
14,11.7432032387064,5.227530161720324,3,Mon-Th,0,2025-10-14,Mon-Th,3,42
10,5.1338042705983415,28.549214174318887,3,Mon-Th,0,2025-10-14,Mon-Th,3,42
17,22.026510023723276,8.008040559059506,3,Mon-Th,0,2025-10-14,Mon-Th,3,42
17,12.321234322924397,8.252228992538395,3,Mon-Th,0,2025-10-14,Mon-Th,3,42
23,9.347347392781792,9.465612721346112,3,Mon-Th,0,2025-10-14,Mon-Th,3,42
14,21.175263137591934,8.340985050220851,3,Mon-Th,0,2025-10-14,Mon-Th,3,42
7,5.990754069917106,3.212076156777135,3,Mon-Th,0,2025-10-14,Mon-Th,3,42
17,3.632124720242614,6.729871657445224,3,Mon-Th,0,2025-10-14,Mon-Th,3,42
20,7.038433033302441,1.619649315197931,3,Mon-Th,0,2025-10-14,Mon-Th,3,42
10,2.4063983664404938,5.087073505636156,3,Mon-Th,0,2025-10-14,Mon-Th,3,42
21,12.011810859205958,25.897974478418128,3,Mon-Th,0,2025-10-14,Mon-Th,3,42
15,12.503035597381754,4.565283600272921,3,Mon-Th,0,2025-10-14,Mon-Th,3,42
18,9.31624742266396,8.929442644000996,3,Mon-Th,0,2025-10-14,Mon-Th,3,42
21,9.798542582423597,39.374368664285996,3,Mon-Th,0,2025-10-14,Mon-Th,3,42
14,3.8244726306795496,11.466449131570844,3,Mon-Th,0,2025-10-14,Mon-Th,3,42
14,18.660577407519874,21.159054920006227,3,Mon-Th,0,2025-10-14,Mon-Th,3,42
15,14.050272409200353,41.63392533928292,3,Mon-Th,0,2025-10-14,Mon-Th,3,42
14,4.228392937082452,2.6120909298884163,3,Mon-Th,0,2025-10-14,Mon-Th,3,42
23,19.144053438436725,30.397792651044732,3,Mon-Th,0,2025-10-14,Mon-Th,3,42
20,16.085124931077306,46.451369487754015,3,Mon-Th,0,2025-10-14,Mon-Th,3,42
17,9.122756691933077,7.932231827725011,3,Mon-Th,0,2025-10-14,Mon-Th,3,42
21,13.115841758007196,6.835667359474165,3,Mon-Th,0,2025-10-14,Mon-Th,3,42
11,5.061651886313628,9.923547054391879,3,Mon-Th,0,2025-10-14,Mon-Th,3,42
19,25.065961243823057,5.292634906039919,3,Mon-Th,0,2025-10-14,Mon-Th,3,42
18,2.490647812781688,5.564415612210839,3,Mon-Th,0,2025-10-14,Mon-Th,3,42
22,7.959257098101617,13.950012094027628,3,Mon-Th,0,2025-10-14,Mon-Th,3,42
16,9.0555539774919,26.66862961898355,3,Mon-Th,0,2025-10-14,Mon-Th,3,42
15,6.081994877590979,13.539285171238593,3,Mon-Th,0,2025-10-14,Mon-Th,3,42
22,13.856352051348303,14.947867727961201,3,Mon-Th,0,2025-10-14,Mon-Th,3,42
15,19.25213797165449,15.893770056213588,3,Mon-Th,0,2025-10-14,Mon-Th,3,42
15,28.262960562414282,10.16200643917757,3,Mon-Th,0,2025-10-14,Mon-Th,3,42
20,12.022396886543536,4.310632663102203,3,Mon-Th,0,2025-10-14,Mon-Th,3,42
16,18.062596419670466,26.754990101746028,3,Mon-Th,0,2025-10-14,Mon-Th,3,42
23,10.179630387570896,23.590138782190195,3,Friday,0,2025-09-26,Friday,3,26
17,22.06242712637161,6.430088470366493,3,Friday,0,2025-09-26,Friday,3,26
14,2.1644959368167083,4.7826493284001454,3,Friday,0,2025-09-26,Friday,3,26
15,8.812067643710456,23.140340767420994,3,Friday,0,2025-09-26,Friday,3,26
19,12.292960259830476,8.625660195959673,3,Friday,0,2025-09-26,Friday,3,26
19,20.454647390915138,20.37447503207418,3,Friday,0,2025-09-26,Friday,3,26
14,6.957267044072387,12.508964201669235,3,Friday,0,2025-09-26,Friday,3,26
23,6.16232369241127,3.3509204643067934,3,Friday,0,2025-09-26,Friday,3,26
10,3.8758866544960124,22.678965461667776,3,Friday,0,2025-09-26,Friday,3,26
21,27.80423752312965,7.8435839523932716,3,Friday,0,2025-09-26,Friday,3,26
13,3.835747403049916,9.698365259629394,3,Friday,0,2025-09-26,Friday,3,26
21,11.232103361965144,8.40965721518266,3,Friday,0,2025-09-26,Friday,3,26
13,15.692273960829102,16.247540097796904,3,Friday,0,2025-09-26,Friday,3,26
16,2.951248677598908,6.565685688178279,3,Friday,0,2025-09-26,Friday,3,26
20,15.205875972070395,3.650917427188727,3,Friday,0,2025-09-26,Friday,3,26
15,23.651019365494477,10.86700802263817,3,Friday,0,2025-09-26,Friday,3,26
19,3.7982321085897794,14.154658014929915,3,Friday,0,2025-09-26,Friday,3,26
15,6.095000682473959,7.039205187604052,3,Friday,0,2025-09-26,Friday,3,26
14,2.5913127496132677,13.735363727541541,3,Friday,0,2025-09-26,Friday,3,26
12,17.153391426413695,23.51792076114504,3,Friday,0,2025-09-26,Friday,3,26
22,11.192353786575946,35.76365787885286,3,Friday,0,2025-09-26,Friday,3,26
17,28.03211378410206,13.480935155411943,3,Friday,0,2025-09-26,Friday,3,26
13,30.770603064936342,10.618158930085057,3,Friday,0,2025-09-26,Friday,3,26
7,22.828752812158864,5.166655269084556,3,Friday,0,2025-09-26,Friday,3,26
19,5.082638885237426,8.918618623183209,3,Friday,0,2025-09-26,Friday,3,26
13,13.032852121896731,7.952628224334576,3,Friday,0,2025-09-26,Friday,3,26
17,27.694096244081194,15.180504143844864,3,Friday,0,2025-10-03,Friday,3,37
15,14.656466363602757,9.30097641981154,3,Friday,0,2025-10-03,Friday,3,37
15,6.235619250014965,6.076770552820428,3,Friday,0,2025-10-03,Friday,3,37
19,20.24522676499325,10.598206421169532,3,Friday,0,2025-10-03,Friday,3,37
19,20.28458378143977,27.516727846376433,3,Friday,0,2025-10-03,Friday,3,37
17,3.030577368137647,6.2318518418289885,3,Friday,0,2025-10-03,Friday,3,37
22,13.770071303618757,17.446432310773982,3,Friday,0,2025-10-03,Friday,3,37
14,25.726561450885388,16.708310875573417,3,Friday,0,2025-10-03,Friday,3,37
18,16.85657919814092,25.19979882710766,3,Friday,0,2025-10-03,Friday,3,37
23,17.423745763018427,33.90491869470267,3,Friday,0,2025-10-03,Friday,3,37
15,2.5976026399982968,4.421882981903256,3,Friday,0,2025-10-03,Friday,3,37
14,2.588890002291846,19.957421374929897,3,Friday,0,2025-10-03,Friday,3,37
14,9.200890130004108,5.69402557246641,3,Friday,0,2025-10-03,Friday,3,37
15,2.038162875156411,7.806169627832739,3,Friday,0,2025-10-03,Friday,3,37
17,23.041019354875154,1.8696501670843169,3,Friday,0,2025-10-03,Friday,3,37
19,6.643282891386085,15.365496002407303,3,Friday,0,2025-10-03,Friday,3,37
13,24.106642817407177,9.385329117783446,3,Friday,0,2025-10-03,Friday,3,37
19,24.19435369552508,3.3556843645221495,3,Friday,0,2025-10-03,Friday,3,37
21,9.212931427778454,13.068008606402453,3,Friday,0,2025-10-03,Friday,3,37
14,12.736186754183873,5.535368474965642,3,Friday,0,2025-10-03,Friday,3,37
23,11.87965955500172,8.981226528069566,3,Friday,0,2025-10-03,Friday,3,37
18,15.846856989135649,27.362495387974135,3,Friday,0,2025-10-03,Friday,3,37
11,4.910598781661039,3.6436919230939306,3,Friday,0,2025-10-03,Friday,3,37
18,15.661190933997307,6.3662209262779745,3,Friday,0,2025-10-03,Friday,3,37
15,11.304536534274973,3.4100165080757536,3,Friday,0,2025-10-03,Friday,3,37
23,35.252326649581846,2.089345643038051,3,Friday,0,2025-10-03,Friday,3,37
20,20.547151369131974,16.755540366262533,3,Friday,0,2025-10-03,Friday,3,37
21,6.573862219128177,8.86284182626042,3,Friday,0,2025-10-03,Friday,3,37
20,20.493004620749765,32.10457765111228,3,Friday,0,2025-10-03,Friday,3,37
19,26.20039650448814,6.6787048295238405,3,Friday,0,2025-10-03,Friday,3,37
20,14.566153318402897,33.569054269281146,3,Friday,0,2025-10-03,Friday,3,37
21,24.48784949879118,6.977519311938348,3,Friday,0,2025-10-03,Friday,3,37
21,16.309963083108446,3.6867403583875413,3,Friday,0,2025-10-03,Friday,3,37
15,19.392030028510103,8.847438541069952,3,Friday,0,2025-10-03,Friday,3,37
16,17.49821150527632,4.172301162126738,3,Friday,0,2025-10-03,Friday,3,37
17,4.48704728338401,11.995369961216552,3,Friday,0,2025-10-03,Friday,3,37
16,25.126725488047487,33.67949425924482,3,Friday,0,2025-10-03,Friday,3,37
14,18.984742463977724,8.43094039218783,3,Friday,0,2025-10-10,Friday,3,29
15,6.813053367244364,5.829798957761619,3,Friday,0,2025-10-10,Friday,3,29
13,3.449429460008749,5.688403981707063,3,Friday,0,2025-10-10,Friday,3,29
18,20.695283129458698,33.788679842910156,3,Friday,0,2025-10-10,Friday,3,29
17,21.131590484292996,12.045002796406761,3,Friday,0,2025-10-10,Friday,3,29
21,18.640464075923738,8.55663711252103,3,Friday,0,2025-10-10,Friday,3,29
23,6.799581143306313,13.383485171301347,3,Friday,0,2025-10-10,Friday,3,29
11,15.351403278801317,7.158657742394651,3,Friday,0,2025-10-10,Friday,3,29
17,23.45687089589988,1.0728088626531502,3,Friday,0,2025-10-10,Friday,3,29
18,21.84232160313397,3.6710773356663093,3,Friday,0,2025-10-10,Friday,3,29
19,16.35225407545057,11.881073173330337,3,Friday,0,2025-10-10,Friday,3,29
20,17.318401681546376,7.814803981297994,3,Friday,0,2025-10-10,Friday,3,29
12,19.851635162491895,4.0238253774789925,3,Friday,0,2025-10-10,Friday,3,29
12,3.4955082263335577,2.5423470456103345,3,Friday,0,2025-10-10,Friday,3,29
21,8.75087508684057,11.621008637011865,3,Friday,0,2025-10-10,Friday,3,29
13,18.41061394379173,13.660640436203689,3,Friday,0,2025-10-10,Friday,3,29
21,17.15652251219626,24.084865555429673,3,Friday,0,2025-10-10,Friday,3,29
23,27.592346468706992,2.9587421626855344,3,Friday,0,2025-10-10,Friday,3,29
16,17.942034618878147,15.185844804027552,3,Friday,0,2025-10-10,Friday,3,29
18,23.060380841764967,1.1937296137030278,3,Friday,0,2025-10-10,Friday,3,29
15,15.918028428788318,1.2107405817048538,3,Friday,0,2025-10-10,Friday,3,29
22,13.330472463441353,6.746131342129096,3,Friday,0,2025-10-10,Friday,3,29
18,15.982832727545613,24.670096917008088,3,Friday,0,2025-10-10,Friday,3,29
21,64.11896932019974,24.74583402199008,3,Friday,0,2025-10-10,Friday,3,29
15,20.99955193389486,8.28104043740758,3,Friday,0,2025-10-10,Friday,3,29
13,2.389203077849136,35.09619958161835,3,Friday,0,2025-10-10,Friday,3,29
17,20.759351730092405,4.860766361195705,3,Friday,0,2025-10-10,Friday,3,29
23,10.559889752719197,10.572515280092714,3,Friday,0,2025-10-10,Friday,3,29
16,119.91545458657919,6.075290120270209,3,Friday,0,2025-10-10,Friday,3,29
18,2.3651273209107546,11.791684491143203,3,Friday,0,2025-10-17,Friday,3,36
23,13.148749728381954,32.85435356906949,3,Friday,0,2025-10-17,Friday,3,36
14,15.998788823079376,13.895769927398277,3,Friday,0,2025-10-17,Friday,3,36
2,7.241584316369209,6.674005595792627,3,Friday,0,2025-10-17,Friday,3,36
20,38.20623711942748,4.012397082385236,3,Friday,0,2025-10-17,Friday,3,36
15,4.506754328299698,26.111179820609333,3,Friday,0,2025-10-17,Friday,3,36
15,7.204841317491712,6.377590062119626,3,Friday,0,2025-10-17,Friday,3,36
23,11.784807840378821,7.437908970684041,3,Friday,0,2025-10-17,Friday,3,36
18,34.546111027712875,2.50823282396302,3,Friday,0,2025-10-17,Friday,3,36
18,19.384082077367424,10.902305589067968,3,Friday,0,2025-10-17,Friday,3,36
19,13.321040039464926,8.031058913338764,3,Friday,0,2025-10-17,Friday,3,36
21,14.556163901209555,15.253377454358201,3,Friday,0,2025-10-17,Friday,3,36
11,51.582612118571284,8.64965200360008,3,Friday,0,2025-10-17,Friday,3,36
19,38.96998419335754,9.728460885092169,3,Friday,0,2025-10-17,Friday,3,36
16,11.922132810453565,2.422452045876616,3,Friday,0,2025-10-17,Friday,3,36
15,15.390654676976137,3.078749043430154,3,Friday,0,2025-10-17,Friday,3,36
21,16.093264091188765,8.031633474667911,3,Friday,0,2025-10-17,Friday,3,36
17,16.4232041669778,8.548812566292302,3,Friday,0,2025-10-17,Friday,3,36
16,15.120526260446354,2.0325443622004196,3,Friday,0,2025-10-17,Friday,3,36
16,8.621451207940737,10.851654268863136,3,Friday,0,2025-10-17,Friday,3,36
19,16.147891730005387,5.521787860212006,3,Friday,0,2025-10-17,Friday,3,36
8,2.680971537183904,10.134133819723822,3,Friday,0,2025-10-17,Friday,3,36
2,5.353756412996318,14.262223802902,3,Friday,0,2025-10-17,Friday,3,36
23,16.11304989375454,3.3725321994042217,3,Friday,0,2025-10-17,Friday,3,36
20,13.910487923514804,39.10230818543877,3,Friday,0,2025-10-17,Friday,3,36
17,7.447819819416852,9.285015072084216,3,Friday,0,2025-10-17,Friday,3,36
17,20.090119461772975,3.6568926310445544,3,Friday,0,2025-10-17,Friday,3,36
15,14.504130747847888,13.785213205429057,3,Friday,0,2025-10-17,Friday,3,36
23,18.17892869154063,14.272500140184652,3,Friday,0,2025-10-17,Friday,3,36
19,15.176757328196555,3.144844422221065,3,Friday,0,2025-10-17,Friday,3,36
19,21.586395373845754,6.320416292109651,3,Friday,0,2025-10-17,Friday,3,36
17,4.138904967044605,8.900332836400395,3,Friday,0,2025-10-17,Friday,3,36
22,13.874129857507775,19.533080783976892,3,Friday,0,2025-10-17,Friday,3,36
11,3.1766648664063033,14.659917042340739,3,Friday,0,2025-10-17,Friday,3,36
6,15.260381117726485,19.813195557388052,3,Friday,0,2025-10-17,Friday,3,36
15,34.67220904320112,15.746926773403468,3,Friday,0,2025-10-17,Friday,3,36
18,52.062635989840985,11.035627303624265,3,Friday,0,2025-10-24,Friday,3,31
21,7.673376384829378,3.088292361964152,3,Friday,0,2025-10-24,Friday,3,31
17,41.803002472320806,3.629047673515643,3,Friday,0,2025-10-24,Friday,3,31
20,14.25922757875631,9.111437097450374,3,Friday,0,2025-10-24,Friday,3,31
22,7.5362746203438515,31.343947252386055,3,Friday,0,2025-10-24,Friday,3,31
16,15.780435665881917,9.768620538374455,3,Friday,0,2025-10-24,Friday,3,31
17,54.94774833534342,5.869160675363423,3,Friday,0,2025-10-24,Friday,3,31
20,17.49505611303856,14.427973140784902,3,Friday,0,2025-10-24,Friday,3,31
18,23.859946670100328,11.625096496629528,3,Friday,0,2025-10-24,Friday,3,31
13,14.220210139098011,12.510326092998936,3,Friday,0,2025-10-24,Friday,3,31
11,3.1873448299456966,8.342311399589368,3,Friday,0,2025-10-24,Friday,3,31
17,45.40652597956474,2.8931313949018893,3,Friday,0,2025-10-24,Friday,3,31
17,14.730660284501976,8.057713443968058,3,Friday,0,2025-10-24,Friday,3,31
18,27.35394900041057,7.565565631445083,3,Friday,0,2025-10-24,Friday,3,31
20,6.816628160127152,8.346663374492492,3,Friday,0,2025-10-24,Friday,3,31
22,11.95836719399992,14.682673865291937,3,Friday,0,2025-10-24,Friday,3,31
9,3.395155379471275,4.417711456708193,3,Friday,0,2025-10-24,Friday,3,31
16,10.2634116742619,10.902224057692715,3,Friday,0,2025-10-24,Friday,3,31
18,15.931384672236977,6.95978807110746,3,Friday,0,2025-10-24,Friday,3,31
14,2.873380789383012,6.879503888384712,3,Friday,0,2025-10-24,Friday,3,31
16,4.431945285778769,5.474932351486336,3,Friday,0,2025-10-24,Friday,3,31
7,4.592189330785288,15.164736541641375,3,Friday,0,2025-10-24,Friday,3,31
22,22.32584531043736,6.940161957176387,3,Friday,0,2025-10-24,Friday,3,31
18,5.867069744552403,8.511096011476424,3,Friday,0,2025-10-24,Friday,3,31
15,3.6762439768090243,5.4006967851309255,3,Friday,0,2025-10-24,Friday,3,31
12,30.638543578027182,6.266226458284608,3,Friday,0,2025-10-24,Friday,3,31
15,16.18650764576247,12.236788596758597,3,Friday,0,2025-10-24,Friday,3,31
9,2.6790736095246213,15.017629015002454,3,Friday,0,2025-10-24,Friday,3,31
15,15.08889077012373,6.094835832301993,3,Friday,0,2025-10-24,Friday,3,31
19,14.191104128919765,24.722331888605066,3,Friday,0,2025-10-24,Friday,3,31
14,27.368593832045153,10.761606876337897,3,Friday,0,2025-10-24,Friday,3,31
23,16.064006501042673,15.591105775054944,3,Friday,0,2025-10-31,Friday,3,32
16,11.818546614234059,5.434098200521334,3,Friday,0,2025-10-31,Friday,3,32
19,17.338752681930167,14.96642001476499,3,Friday,0,2025-10-31,Friday,3,32
18,2.8943046380907704,8.85766649868718,3,Friday,0,2025-10-31,Friday,3,32
20,19.356412015913918,7.56553267587072,3,Friday,0,2025-10-31,Friday,3,32
10,5.679181875105116,27.812587158666577,3,Friday,0,2025-10-31,Friday,3,32
20,13.827931250899674,36.93469933633599,3,Friday,0,2025-10-31,Friday,3,32
20,19.50234316558652,4.990831275815766,3,Friday,0,2025-10-31,Friday,3,32
17,2.403276916813276,10.939689530068339,3,Friday,0,2025-10-31,Friday,3,32
18,17.259284799541096,8.573666547250818,3,Friday,0,2025-10-31,Friday,3,32
19,23.129920222235306,7.861120898387661,3,Friday,0,2025-10-31,Friday,3,32
19,21.53193886641604,37.43269695872887,3,Friday,0,2025-10-31,Friday,3,32
18,12.673171121202564,6.245123532428098,3,Friday,0,2025-10-31,Friday,3,32
14,6.364196673970391,5.832090096033443,3,Friday,0,2025-10-31,Friday,3,32
20,15.651855617245914,33.05323374821323,3,Friday,0,2025-10-31,Friday,3,32
23,8.279621348296143,7.069964402452808,3,Friday,0,2025-10-31,Friday,3,32
22,12.935887010005459,8.2069095079895,3,Friday,0,2025-10-31,Friday,3,32
19,11.496505010146716,4.061486076191369,3,Friday,0,2025-10-31,Friday,3,32
21,6.575344317080513,4.240630801175448,3,Friday,0,2025-10-31,Friday,3,32
17,23.72656079954664,7.567510920631104,3,Friday,0,2025-10-31,Friday,3,32
14,18.384994339799942,10.041556723505105,3,Friday,0,2025-10-31,Friday,3,32
21,10.429394805754583,3.138608851327475,3,Friday,0,2025-10-31,Friday,3,32
15,19.908917998987743,15.92112712556096,3,Friday,0,2025-10-31,Friday,3,32
23,10.113849847720584,25.16196115669973,3,Friday,0,2025-10-31,Friday,3,32
9,21.413686475038837,7.058017273869769,3,Friday,0,2025-10-31,Friday,3,32
23,7.622399436294324,14.138426683729662,3,Friday,0,2025-10-31,Friday,3,32
20,21.384017652877702,12.4516537048156,3,Friday,0,2025-10-31,Friday,3,32
19,17.373949344825753,7.215223102070214,3,Friday,0,2025-10-31,Friday,3,32
15,93.81685512815385,11.426809668874018,3,Friday,0,2025-10-31,Friday,3,32
16,12.921215699169672,13.754139263227882,3,Friday,0,2025-10-31,Friday,3,32
17,13.22339219727413,3.2574532951423496,3,Friday,0,2025-10-31,Friday,3,32
23,14.479739403620677,20.10499709023538,3,Friday,0,2025-10-31,Friday,3,32
17,14.14001450226916,11.225575554070735,3,Friday,0,2025-11-07,Friday,3,39
22,20.82047479361368,20.44109627744617,3,Friday,0,2025-11-07,Friday,3,39
21,12.808117464361768,16.154866904238048,3,Friday,0,2025-11-07,Friday,3,39
15,3.219661633780799,32.058620109436205,3,Friday,0,2025-11-07,Friday,3,39
22,12.514143749049435,10.141817521486043,3,Friday,0,2025-11-07,Friday,3,39
12,3.7006094857536698,10.027540377486842,3,Friday,0,2025-11-07,Friday,3,39
14,13.423723024845938,13.804580470569423,3,Friday,0,2025-11-07,Friday,3,39
21,17.611253423726698,24.53607368437622,3,Friday,0,2025-11-07,Friday,3,39
21,16.406963392230207,28.648798760724972,3,Friday,0,2025-11-07,Friday,3,39
11,3.109273620761919,7.2426671575806445,3,Friday,0,2025-11-07,Friday,3,39
15,18.46819432960237,7.342113875535081,3,Friday,0,2025-11-07,Friday,3,39
8,5.8605609660098965,5.48673469046344,3,Friday,0,2025-11-07,Friday,3,39
15,18.714407032754323,6.49723784500333,3,Friday,0,2025-11-07,Friday,3,39
21,17.174317433700832,33.94769533874857,3,Friday,0,2025-11-07,Friday,3,39
17,17.77051385956281,10.29758331184554,3,Friday,0,2025-11-07,Friday,3,39
13,4.145962387773945,11.567574470268736,3,Friday,0,2025-11-07,Friday,3,39
23,14.044807023627452,7.482323845150045,3,Friday,0,2025-11-07,Friday,3,39
17,5.511952794118017,9.173026974543934,3,Friday,0,2025-11-07,Friday,3,39
8,19.280201137018043,14.339742934725551,3,Friday,0,2025-11-07,Friday,3,39
19,16.576877371412035,12.18266208817475,3,Friday,0,2025-11-07,Friday,3,39
19,8.550034621888095,14.860837450028797,3,Friday,0,2025-11-07,Friday,3,39
18,9.119447541517452,8.059634265449873,3,Friday,0,2025-11-07,Friday,3,39
13,26.40750649801298,8.101176259864975,3,Friday,0,2025-11-07,Friday,3,39
21,2.423296329550994,10.068244467624579,3,Friday,0,2025-11-07,Friday,3,39
14,19.472713121126404,9.006201356731095,3,Friday,0,2025-11-07,Friday,3,39
18,14.562142384105567,16.960917979142938,3,Friday,0,2025-11-07,Friday,3,39
18,15.596303283712135,8.174256402902245,3,Friday,0,2025-11-07,Friday,3,39
21,6.03703998725094,17.643838420668967,3,Friday,0,2025-11-07,Friday,3,39
19,9.55130594453486,34.13670159104674,3,Friday,0,2025-11-07,Friday,3,39
19,44.953426516286484,8.714816232195401,3,Friday,0,2025-11-07,Friday,3,39
15,70.21737692646727,1.4724829148223944,3,Friday,0,2025-11-07,Friday,3,39
20,8.873473852678,2.068251622650907,3,Friday,0,2025-11-07,Friday,3,39
11,8.57229635718135,3.0555569829886595,3,Friday,0,2025-11-07,Friday,3,39
18,27.231396823874874,12.375710053804541,3,Friday,0,2025-11-07,Friday,3,39
16,2.2618433379944913,8.768136669781585,3,Friday,0,2025-11-07,Friday,3,39
9,3.8942321628333842,21.33350697729344,3,Friday,0,2025-11-07,Friday,3,39
9,8.811573560301206,11.712711159159813,3,Friday,0,2025-11-07,Friday,3,39
16,30.99729224820751,6.870306996016832,3,Friday,0,2025-11-07,Friday,3,39
19,17.472451328460064,17.479891928201067,3,Friday,0,2025-11-07,Friday,3,39
16,19.44401678737885,9.348732838589576,3,Friday,0,2025-11-14,Friday,3,32
11,35.573738086528415,10.044738232144931,3,Friday,0,2025-11-14,Friday,3,32
10,13.888802655163207,20.275829478739045,3,Friday,0,2025-11-14,Friday,3,32
20,22.718591066732305,10.100095192935788,3,Friday,0,2025-11-14,Friday,3,32
21,14.59094481102947,5.224518451633726,3,Friday,0,2025-11-14,Friday,3,32
18,22.354631137073433,8.188721830165166,3,Friday,0,2025-11-14,Friday,3,32
0,6.524781237261233,23.038717195092055,3,Friday,0,2025-11-14,Friday,3,32
20,12.043564157866246,23.718737598070625,3,Friday,0,2025-11-14,Friday,3,32
16,12.752923638669401,5.779828332547482,3,Friday,0,2025-11-14,Friday,3,32
18,119.9167001192093,10.268530092654267,3,Friday,0,2025-11-14,Friday,3,32
15,27.079401451770448,24.53223874424588,3,Friday,0,2025-11-14,Friday,3,32
13,18.651274724377842,12.77099729155556,3,Friday,0,2025-11-14,Friday,3,32
17,23.719830786758738,22.860332229650417,3,Friday,0,2025-11-14,Friday,3,32
18,9.926947436889161,17.0993356633389,3,Friday,0,2025-11-14,Friday,3,32
16,11.359340696971607,39.364869153902546,3,Friday,0,2025-11-14,Friday,3,32
23,10.765130915389985,47.49960556798539,3,Friday,0,2025-11-14,Friday,3,32
17,19.344012377280517,16.94189374910288,3,Friday,0,2025-11-14,Friday,3,32
17,17.908521243278113,5.942456008593935,3,Friday,0,2025-11-14,Friday,3,32
15,9.43000812021782,7.678666382447197,3,Friday,0,2025-11-14,Friday,3,32
20,6.743864302586146,12.438772599194134,3,Friday,0,2025-11-14,Friday,3,32
22,4.347198730954281,22.103858287389656,3,Friday,0,2025-11-14,Friday,3,32
20,15.778485419766373,7.600033781370611,3,Friday,0,2025-11-14,Friday,3,32
19,10.652473411856587,50.20575193818301,3,Friday,0,2025-11-14,Friday,3,32
16,29.12289782464643,14.51468207979535,3,Friday,0,2025-11-14,Friday,3,32
23,14.000833454617652,33.83382043522672,3,Friday,0,2025-11-14,Friday,3,32
20,14.944480188023896,3.784668179732101,3,Friday,0,2025-11-14,Friday,3,32
22,54.12822206461487,15.621471000808024,3,Friday,0,2025-11-14,Friday,3,32
17,20.8828007476828,6.706565870553825,3,Friday,0,2025-11-14,Friday,3,32
23,8.684020043073186,8.7648997085727,3,Friday,0,2025-11-14,Friday,3,32
20,15.809865229802927,27.58570899938508,3,Friday,0,2025-11-14,Friday,3,32
15,18.055481905188305,6.65292910994729,3,Friday,0,2025-11-14,Friday,3,32
15,8.141178388615963,23.472426932185357,3,Friday,0,2025-11-14,Friday,3,32
22,11.303443137237085,12.341702370306823,3,Friday,0,2025-11-21,Friday,3,42
16,7.939907814998037,7.603304381389168,3,Friday,0,2025-11-21,Friday,3,42
20,18.784255079095438,5.420324717509913,3,Friday,0,2025-11-21,Friday,3,42
15,4.476240217257459,7.270530197127636,3,Friday,0,2025-11-21,Friday,3,42
17,2.496838187945355,33.50838771989251,3,Friday,0,2025-11-21,Friday,3,42
9,22.856006852735735,16.066132994546585,3,Friday,0,2025-11-21,Friday,3,42
18,12.478470065703647,19.545519285782124,3,Friday,0,2025-11-21,Friday,3,42
20,6.554740324733822,9.174070904395082,3,Friday,0,2025-11-21,Friday,3,42
17,7.657659789013219,5.040050367546702,3,Friday,0,2025-11-21,Friday,3,42
11,11.762870122092469,2.630074299066771,3,Friday,0,2025-11-21,Friday,3,42
18,8.757861302628246,24.574565813496775,3,Friday,0,2025-11-21,Friday,3,42
18,24.90777201887622,6.940855693495471,3,Friday,0,2025-11-21,Friday,3,42
14,32.923958070246144,13.214157137886847,3,Friday,0,2025-11-21,Friday,3,42
11,8.289533944244246,6.350476662960128,3,Friday,0,2025-11-21,Friday,3,42
19,14.491248317376549,51.32654330048363,3,Friday,0,2025-11-21,Friday,3,42
11,8.617966002829489,5.298568561015811,3,Friday,0,2025-11-21,Friday,3,42
21,17.823500049748727,5.545966789402608,3,Friday,0,2025-11-21,Friday,3,42
16,16.0607124727995,20.436345174275917,3,Friday,0,2025-11-21,Friday,3,42
17,13.21091507757696,20.14501305692496,3,Friday,0,2025-11-21,Friday,3,42
18,10.41484880914906,11.992068355936059,3,Friday,0,2025-11-21,Friday,3,42
19,19.34740973709979,5.27689210995056,3,Friday,0,2025-11-21,Friday,3,42
15,17.182308754112317,15.976328972443406,3,Friday,0,2025-11-21,Friday,3,42
2,6.569259302499606,17.80097739244486,3,Friday,0,2025-11-21,Friday,3,42
18,14.007798332054598,9.732307672343401,3,Friday,0,2025-11-21,Friday,3,42
19,28.442950005745185,8.081170508145266,3,Friday,0,2025-11-21,Friday,3,42
11,3.2538867842807204,7.224261857532576,3,Friday,0,2025-11-21,Friday,3,42
16,2.3799634454953313,4.269434346201256,3,Friday,0,2025-11-21,Friday,3,42
13,4.075915408237005,7.139401997099786,3,Friday,0,2025-11-21,Friday,3,42
17,16.905054963900174,26.00072210709495,3,Friday,0,2025-11-21,Friday,3,42
19,22.718766887422213,17.66535873416215,3,Friday,0,2025-11-21,Friday,3,42
20,19.177152911036753,18.837047125875067,3,Friday,0,2025-11-21,Friday,3,42
18,12.135158628971272,3.3744120547046235,3,Friday,0,2025-11-21,Friday,3,42
19,19.74960293976807,8.414799281869042,3,Friday,0,2025-11-21,Friday,3,42
21,12.356192908793126,13.798568228976979,3,Friday,0,2025-11-21,Friday,3,42
22,13.124720583266956,17.188464390468003,3,Friday,0,2025-11-21,Friday,3,42
14,27.625125902091256,11.288514546762855,3,Friday,0,2025-11-21,Friday,3,42
12,7.937992927748232,5.219566471217746,3,Friday,0,2025-11-21,Friday,3,42
23,10.67660166286393,12.464148559276783,3,Friday,0,2025-11-21,Friday,3,42
19,13.460163447243634,11.196738049742255,3,Friday,0,2025-11-21,Friday,3,42
17,27.84461084648244,19.75784413396863,3,Friday,0,2025-11-21,Friday,3,42
16,14.817244571545398,13.97136524890775,3,Friday,0,2025-11-21,Friday,3,42
21,16.64991937171507,2.645036238749725,3,Friday,0,2025-11-21,Friday,3,42
17,34.38161231038814,5.3852711265804425,3,Friday,0,2025-11-28,Friday,3,30
12,3.4181982119448713,6.481492729401341,3,Friday,0,2025-11-28,Friday,3,30
13,29.722505323741107,8.780366588791995,3,Friday,0,2025-11-28,Friday,3,30
15,85.47940462725511,2.3006963783430017,3,Friday,0,2025-11-28,Friday,3,30
11,6.312357018418579,16.604617054076037,3,Friday,0,2025-11-28,Friday,3,30
16,6.695882214745823,3.9382238557960285,3,Friday,0,2025-11-28,Friday,3,30
13,4.013397310497483,9.347800838691727,3,Friday,0,2025-11-28,Friday,3,30
21,13.234307961510734,7.020713445929418,3,Friday,0,2025-11-28,Friday,3,30
20,14.456376371832906,9.714944332847292,3,Friday,0,2025-11-28,Friday,3,30
23,14.072294358862976,18.317851520472658,3,Friday,0,2025-11-28,Friday,3,30
15,16.716296249800997,4.493064471203708,3,Friday,0,2025-11-28,Friday,3,30
16,4.925488956893034,5.898055059260515,3,Friday,0,2025-11-28,Friday,3,30
16,23.627309702248084,68.67060563575328,3,Friday,0,2025-11-28,Friday,3,30
15,18.419773797030302,9.289977253014275,3,Friday,0,2025-11-28,Friday,3,30
22,15.935222625771114,18.680236780219722,3,Friday,0,2025-11-28,Friday,3,30
23,10.00557804078046,16.144106152111203,3,Friday,0,2025-11-28,Friday,3,30
19,6.520457931523651,10.054692477632361,3,Friday,0,2025-11-28,Friday,3,30
23,12.595832880960671,6.880883672501562,3,Friday,0,2025-11-28,Friday,3,30
19,5.873637854633191,7.70174851036276,3,Friday,0,2025-11-28,Friday,3,30
18,21.724967779210854,10.756920957286694,3,Friday,0,2025-11-28,Friday,3,30
15,21.07444322670684,11.401467704857842,3,Friday,0,2025-11-28,Friday,3,30
14,119.91670272976313,41.85630120227828,3,Friday,0,2025-11-28,Friday,3,30
17,35.3979486277672,13.831484734228109,3,Friday,0,2025-11-28,Friday,3,30
16,22.315357292367494,4.964480185299528,3,Friday,0,2025-11-28,Friday,3,30
13,4.521380935398845,30.331248220947852,3,Friday,0,2025-11-28,Friday,3,30
13,26.853897186305808,23.486946938145,3,Friday,0,2025-11-28,Friday,3,30
15,20.130508535202367,19.499961652713868,3,Friday,0,2025-11-28,Friday,3,30
20,17.157586198928783,18.46991306588567,3,Friday,0,2025-11-28,Friday,3,30
21,11.785102454531476,26.19949216798268,3,Friday,0,2025-11-28,Friday,3,30
20,20.63320095193943,11.68038427544298,3,Friday,0,2025-11-28,Friday,3,30
15,5.8194418445816956,6.92346838016653,3,Friday,0,2025-12-05,Friday,3,32
17,4.30455672785242,25.374844347886324,3,Friday,0,2025-12-05,Friday,3,32
4,20.44309795261326,5.667688204244992,3,Friday,0,2025-12-05,Friday,3,32
19,20.281775638091364,9.178985334353296,3,Friday,0,2025-12-05,Friday,3,32
14,29.173155279050654,9.478169983100173,3,Friday,0,2025-12-05,Friday,3,32
20,17.299880798984525,3.510085382927013,3,Friday,0,2025-12-05,Friday,3,32
19,19.985327870253037,6.081394365945977,3,Friday,0,2025-12-05,Friday,3,32
11,20.720609263087816,3.2095746501912945,3,Friday,0,2025-12-05,Friday,3,32
22,12.04302243380674,4.231943065953209,3,Friday,0,2025-12-05,Friday,3,32
11,3.4296085119327255,21.72683129192067,3,Friday,0,2025-12-05,Friday,3,32
14,37.59627761894333,36.7798156705077,3,Friday,0,2025-12-05,Friday,3,32
15,21.192029329238487,7.258731152720067,3,Friday,0,2025-12-05,Friday,3,32
17,7.254294691806893,14.39437913317838,3,Friday,0,2025-12-05,Friday,3,32
17,6.514128901284764,10.909412675447749,3,Friday,0,2025-12-05,Friday,3,32
16,9.915962961833724,35.471061883635336,3,Friday,0,2025-12-05,Friday,3,32
0,13.478225312537823,32.059264439475314,3,Friday,0,2025-12-05,Friday,3,32
20,7.584525558015061,14.92916370503716,3,Friday,0,2025-12-05,Friday,3,32
18,22.211350392129045,28.014824189843733,3,Friday,0,2025-12-05,Friday,3,32
6,3.0125340501069235,3.761176534614071,3,Friday,0,2025-12-05,Friday,3,32
20,15.357862031855703,6.040934781439811,3,Friday,0,2025-12-05,Friday,3,32
17,25.609683253718572,9.807515895613692,3,Friday,0,2025-12-05,Friday,3,32
18,4.615269199248635,9.213092688573647,3,Friday,0,2025-12-05,Friday,3,32
9,18.115963429740635,11.507108041328607,3,Friday,0,2025-12-05,Friday,3,32
22,8.034189939788405,8.633985065631101,3,Friday,0,2025-12-05,Friday,3,32
18,18.820826623803928,12.31042426317265,3,Friday,0,2025-12-05,Friday,3,32
15,17.95729943793854,19.763101697578794,3,Friday,0,2025-12-05,Friday,3,32
19,19.851072586997898,8.220661406791663,3,Friday,0,2025-12-05,Friday,3,32
0,9.576809126699754,5.0509361448551005,3,Friday,0,2025-12-05,Friday,3,32
21,11.52365471743608,5.039197501935927,3,Friday,0,2025-12-05,Friday,3,32
22,13.3276440620633,13.666980121365155,3,Friday,0,2025-12-05,Friday,3,32
19,15.439193848386626,6.982926159652252,3,Friday,0,2025-12-05,Friday,3,32
16,26.060188684702396,10.095133421392841,3,Friday,0,2025-12-05,Friday,3,32
19,19.656926646219244,7.817762078090423,3,Friday,0,2025-12-12,Friday,3,43
20,21.457084393220867,29.100122579549968,3,Friday,0,2025-12-12,Friday,3,43
23,15.15804061185873,8.262484608757687,3,Friday,0,2025-12-12,Friday,3,43
17,21.555643580172454,49.37685109911278,3,Friday,0,2025-12-12,Friday,3,43
17,20.73708579240661,28.203077655483582,3,Friday,0,2025-12-12,Friday,3,43
20,10.701950528839841,16.505388431093852,3,Friday,0,2025-12-12,Friday,3,43
15,2.665394635616218,2.694328501924189,3,Friday,0,2025-12-12,Friday,3,43
20,12.68214601389704,26.515205975416357,3,Friday,0,2025-12-12,Friday,3,43
17,18.109797674246185,8.788312431679072,3,Friday,0,2025-12-12,Friday,3,43
15,13.871813994812992,53.38395998398967,3,Friday,0,2025-12-12,Friday,3,43
16,18.123909462344894,18.59346195008148,3,Friday,0,2025-12-12,Friday,3,43
18,4.482841481583822,9.056008000003455,3,Friday,0,2025-12-12,Friday,3,43
21,15.20773799114206,9.315961667173815,3,Friday,0,2025-12-12,Friday,3,43
19,4.2960645081328295,20.718183817512,3,Friday,0,2025-12-12,Friday,3,43
17,10.244326149087147,43.2192647938712,3,Friday,0,2025-12-12,Friday,3,43
18,11.955272827119238,32.35972988720804,3,Friday,0,2025-12-12,Friday,3,43
18,35.236223736645925,4.397656317057277,3,Friday,0,2025-12-12,Friday,3,43
18,25.018922483344355,4.914074655987578,3,Friday,0,2025-12-12,Friday,3,43
13,10.712483530254431,7.671361490668056,3,Friday,0,2025-12-12,Friday,3,43
19,24.447705157900778,41.60451915019433,3,Friday,0,2025-12-12,Friday,3,43
22,10.76838058028775,19.010600261912447,3,Friday,0,2025-12-12,Friday,3,43
16,3.8494241866993133,6.6961940745616175,3,Friday,0,2025-12-12,Friday,3,43
21,35.18069458823363,11.366129063737127,3,Friday,0,2025-12-12,Friday,3,43
22,12.919717042941127,6.3085054621381715,3,Friday,0,2025-12-12,Friday,3,43
16,21.981961532052672,7.732732367721991,3,Friday,0,2025-12-12,Friday,3,43
23,11.306890188169547,7.082154143386506,3,Friday,0,2025-12-12,Friday,3,43
15,17.29802042628978,19.654678544934306,3,Friday,0,2025-12-12,Friday,3,43
18,9.6733859166205,11.883889073580601,3,Friday,0,2025-12-12,Friday,3,43
18,13.546618169761153,28.782992891926877,3,Friday,0,2025-12-12,Friday,3,43
20,28.57323373658227,19.443707835898298,3,Friday,0,2025-12-12,Friday,3,43
12,60.47401461555749,5.429249159835972,3,Friday,0,2025-12-12,Friday,3,43
21,15.623387352231216,5.751561582334526,3,Friday,0,2025-12-12,Friday,3,43
15,18.36025511532131,7.580364756410566,3,Friday,0,2025-12-12,Friday,3,43
12,27.12260421376006,13.887084701657539,3,Friday,0,2025-12-12,Friday,3,43
18,23.501486757778604,1.4905284395952056,3,Friday,0,2025-12-12,Friday,3,43
14,25.188724056255094,28.17342175191524,3,Friday,0,2025-12-12,Friday,3,43
21,31.58340028791122,17.312948840085944,3,Friday,0,2025-12-12,Friday,3,43
16,15.79918209252207,3.3618465229216543,3,Friday,0,2025-12-12,Friday,3,43
17,18.921215957671315,9.9567301593459,3,Friday,0,2025-12-12,Friday,3,43
15,26.91049021903679,7.129581188413799,3,Friday,0,2025-12-12,Friday,3,43
18,26.252338204770258,6.856471970443257,3,Friday,0,2025-12-12,Friday,3,43
10,7.59963276078962,11.548355027336715,3,Friday,0,2025-12-12,Friday,3,43
16,23.26218498302827,8.42421493120405,3,Friday,0,2025-12-12,Friday,3,43
7,2.3794322220208612,6.831680927755207,3,Friday,0,2025-12-19,Friday,3,42
20,7.787395300631351,11.551805529157658,3,Friday,0,2025-12-19,Friday,3,42
18,21.329209089435032,13.406558594229226,3,Friday,0,2025-12-19,Friday,3,42
22,8.692103707229212,11.38974620665577,3,Friday,0,2025-12-19,Friday,3,42
21,12.727349836869468,4.927308639269097,3,Friday,0,2025-12-19,Friday,3,42
17,24.823628384442706,9.405635728788107,3,Friday,0,2025-12-19,Friday,3,42
18,17.011191064410113,14.500839166704932,3,Friday,0,2025-12-19,Friday,3,42
15,2.2152504023901587,8.571455646527683,3,Friday,0,2025-12-19,Friday,3,42
12,15.790284975444653,12.093747282952584,3,Friday,0,2025-12-19,Friday,3,42
17,23.613903380203993,3.136475584423887,3,Friday,0,2025-12-19,Friday,3,42
17,17.607761066566585,31.6762589243611,3,Friday,0,2025-12-19,Friday,3,42
18,5.53558217057019,10.099593793644608,3,Friday,0,2025-12-19,Friday,3,42
20,18.828022600571188,40.862728812059586,3,Friday,0,2025-12-19,Friday,3,42
18,10.761641903480786,7.419432844455561,3,Friday,0,2025-12-19,Friday,3,42
13,14.44040604642425,36.74307918123325,3,Friday,0,2025-12-19,Friday,3,42
16,10.823500586860657,6.699771540205067,3,Friday,0,2025-12-19,Friday,3,42
2,9.182419743505992,41.68572109420088,3,Friday,0,2025-12-19,Friday,3,42
13,5.797347339575996,6.605324028941476,3,Friday,0,2025-12-19,Friday,3,42
21,15.590747905558953,8.373922556574371,3,Friday,0,2025-12-19,Friday,3,42
17,27.058281224455428,15.491535958660522,3,Friday,0,2025-12-19,Friday,3,42
23,21.499212705768066,16.07459754807524,3,Friday,0,2025-12-19,Friday,3,42
19,27.61503118574678,46.73991943855101,3,Friday,0,2025-12-19,Friday,3,42
19,13.510828501207918,3.016305614477626,3,Friday,0,2025-12-19,Friday,3,42
21,10.540883235691727,7.236398929311406,3,Friday,0,2025-12-19,Friday,3,42
16,21.661882729991802,23.090233430164968,3,Friday,0,2025-12-19,Friday,3,42
19,25.592654982076386,20.22204412184516,3,Friday,0,2025-12-19,Friday,3,42
17,13.909305368076613,22.662969230833408,3,Friday,0,2025-12-19,Friday,3,42
8,4.26566607111579,9.53286524196844,3,Friday,0,2025-12-19,Friday,3,42
20,3.1628521560709046,25.729903281683317,3,Friday,0,2025-12-19,Friday,3,42
17,2.216679316346251,10.769084093700611,3,Friday,0,2025-12-19,Friday,3,42
22,2.326653985792629,3.897997269973218,3,Friday,0,2025-12-19,Friday,3,42
15,71.98736328647352,6.5508808102278895,3,Friday,0,2025-12-19,Friday,3,42
14,3.347673001688692,27.18552109771365,3,Friday,0,2025-12-19,Friday,3,42
20,10.779211755275846,19.475991060840077,3,Friday,0,2025-12-19,Friday,3,42
14,3.8033811183414574,11.128108631191017,3,Friday,0,2025-12-19,Friday,3,42
19,14.671613575456316,9.57439305931412,3,Friday,0,2025-12-19,Friday,3,42
20,7.259191316761981,23.630581180312006,3,Friday,0,2025-12-19,Friday,3,42
20,15.254038084037635,29.938477898834833,3,Friday,0,2025-12-19,Friday,3,42
22,25.531361334263746,3.765554431759707,3,Friday,0,2025-12-19,Friday,3,42
21,19.787756192872234,8.211296504808788,3,Friday,0,2025-12-19,Friday,3,42
18,5.251459022354846,11.721046902273338,3,Friday,0,2025-12-19,Friday,3,42
18,18.166312629245752,21.4486550420098,3,Friday,0,2025-12-19,Friday,3,42
0,6.924690756654223,3.713022701811842,3,Saturday,0,2025-09-27,Saturday,3,40
18,27.505875697666635,4.872245345565379,3,Saturday,0,2025-09-27,Saturday,3,40
12,8.024037472691946,23.244460088250246,3,Saturday,0,2025-09-27,Saturday,3,40
19,18.892688738193847,4.362617551925985,3,Saturday,0,2025-09-27,Saturday,3,40
19,14.16276812361006,4.678688379907378,3,Saturday,0,2025-09-27,Saturday,3,40
22,16.68850795260059,7.973263964406143,3,Saturday,0,2025-09-27,Saturday,3,40
3,27.885417385728605,8.618367360175856,3,Saturday,0,2025-09-27,Saturday,3,40
20,107.0892717939286,5.359549096181011,3,Saturday,0,2025-09-27,Saturday,3,40
2,6.646993720704541,6.599280783401498,3,Saturday,0,2025-09-27,Saturday,3,40
20,18.262820932366996,6.332953927167913,3,Saturday,0,2025-09-27,Saturday,3,40
19,30.69571524322016,12.003828480873205,3,Saturday,0,2025-09-27,Saturday,3,40
23,20.271184078968094,15.35107686583138,3,Saturday,0,2025-09-27,Saturday,3,40
20,14.263904526513628,6.463535468796915,3,Saturday,0,2025-09-27,Saturday,3,40
17,23.55283547543733,13.743187453076734,3,Saturday,0,2025-09-27,Saturday,3,40
21,20.375861620184722,24.796544440789884,3,Saturday,0,2025-09-27,Saturday,3,40
15,21.538720037513464,3.4684328722432483,3,Saturday,0,2025-09-27,Saturday,3,40
17,23.215825996796223,10.686807526558356,3,Saturday,0,2025-09-27,Saturday,3,40
13,3.2109360121461625,10.558842763964032,3,Saturday,0,2025-09-27,Saturday,3,40
16,26.065829435518552,9.441659337311227,3,Saturday,0,2025-09-27,Saturday,3,40
19,16.854778268341608,3.5883545911726458,3,Saturday,0,2025-09-27,Saturday,3,40
20,19.06438072130123,16.47034899524779,3,Saturday,0,2025-09-27,Saturday,3,40
0,7.802782535871595,16.259174529510872,3,Saturday,0,2025-09-27,Saturday,3,40
13,4.731996152815018,5.994812155237513,3,Saturday,0,2025-09-27,Saturday,3,40
20,9.059118386764073,41.60184809255223,3,Saturday,0,2025-09-27,Saturday,3,40
5,32.864506028288126,2.9431877094760646,3,Saturday,0,2025-09-27,Saturday,3,40
19,16.149756896555207,23.287099895053448,3,Saturday,0,2025-09-27,Saturday,3,40
23,16.881063143896515,13.700337690576909,3,Saturday,0,2025-09-27,Saturday,3,40
9,18.580374899390733,5.690102137063819,3,Saturday,0,2025-09-27,Saturday,3,40
11,2.157253350424931,8.073629972728149,3,Saturday,0,2025-09-27,Saturday,3,40
16,10.415830816371063,8.067771896113545,3,Saturday,0,2025-09-27,Saturday,3,40
17,17.959680538731202,5.828016630951445,3,Saturday,0,2025-09-27,Saturday,3,40
10,16.756420518759644,31.52771582432599,3,Saturday,0,2025-09-27,Saturday,3,40
16,18.109013954025116,5.051544482390983,3,Saturday,0,2025-09-27,Saturday,3,40
13,12.977332466266585,34.728076341632146,3,Saturday,0,2025-09-27,Saturday,3,40
7,13.261921697517966,5.541960035310715,3,Saturday,0,2025-09-27,Saturday,3,40
14,21.267150901202164,28.166485739320226,3,Saturday,0,2025-09-27,Saturday,3,40
16,13.458666874711003,5.169166802692279,3,Saturday,0,2025-09-27,Saturday,3,40
16,17.451424210803182,18.33609920255261,3,Saturday,0,2025-09-27,Saturday,3,40
21,2.05052099610303,19.949993304774626,3,Saturday,0,2025-09-27,Saturday,3,40
21,8.276801688946222,18.975019243091957,3,Saturday,0,2025-09-27,Saturday,3,40
19,14.249961097168491,4.634561590804041,3,Saturday,0,2025-10-04,Saturday,3,30
18,17.304339084605765,48.87298138594231,3,Saturday,0,2025-10-04,Saturday,3,30
13,3.5729760432793753,10.70217481842219,3,Saturday,0,2025-10-04,Saturday,3,30
7,4.04454576928987,11.594042766045769,3,Saturday,0,2025-10-04,Saturday,3,30
17,16.865324872952,6.169937410669075,3,Saturday,0,2025-10-04,Saturday,3,30
14,27.93649155251552,19.774776266234156,3,Saturday,0,2025-10-04,Saturday,3,30
16,15.184777164771344,8.724065998721903,3,Saturday,0,2025-10-04,Saturday,3,30
19,21.92860910284639,15.522040287801095,3,Saturday,0,2025-10-04,Saturday,3,30
19,17.179307720034146,2.4074842500373457,3,Saturday,0,2025-10-04,Saturday,3,30
14,10.359205618759276,10.490923723926413,3,Saturday,0,2025-10-04,Saturday,3,30
16,5.555779041043481,6.0683981770981905,3,Saturday,0,2025-10-04,Saturday,3,30
16,12.785865824306683,15.735324945419839,3,Saturday,0,2025-10-04,Saturday,3,30
22,29.69239322561413,39.34767971024049,3,Saturday,0,2025-10-04,Saturday,3,30
19,17.64621442815885,18.021459781370012,3,Saturday,0,2025-10-04,Saturday,3,30
17,8.939715233845936,11.02971523626481,3,Saturday,0,2025-10-04,Saturday,3,30
18,4.840021947341674,11.105882883052288,3,Saturday,0,2025-10-04,Saturday,3,30
14,26.141635204120593,13.71770225132268,3,Saturday,0,2025-10-04,Saturday,3,30
14,2.2191087781922207,4.446607077552775,3,Saturday,0,2025-10-04,Saturday,3,30
20,25.627359949930153,3.353476130959618,3,Saturday,0,2025-10-04,Saturday,3,30
8,7.611203916382493,2.3184968078084385,3,Saturday,0,2025-10-04,Saturday,3,30
12,23.738667779002554,10.645594872578174,3,Saturday,0,2025-10-04,Saturday,3,30
8,5.000961957734097,5.329344098689955,3,Saturday,0,2025-10-04,Saturday,3,30
10,5.7819504289442385,9.341313268194027,3,Saturday,0,2025-10-04,Saturday,3,30
16,21.79357867942935,14.335785794736768,3,Saturday,0,2025-10-04,Saturday,3,30
15,24.35901757052972,4.852580404052076,3,Saturday,0,2025-10-04,Saturday,3,30
20,12.956086098450228,13.89672497173129,3,Saturday,0,2025-10-04,Saturday,3,30
17,29.88604652976967,2.3777379222521033,3,Saturday,0,2025-10-04,Saturday,3,30
14,39.72765023682982,10.407295080879573,3,Saturday,0,2025-10-04,Saturday,3,30
1,3.677366238552933,7.693101028507571,3,Saturday,0,2025-10-04,Saturday,3,30
14,89.4025758074452,3.9030338016121338,3,Saturday,0,2025-10-04,Saturday,3,30
14,19.508057018361217,3.8492738116488256,3,Saturday,0,2025-10-11,Saturday,3,28
17,12.215144329254397,48.490859560524605,3,Saturday,0,2025-10-11,Saturday,3,28
15,10.90668639705596,16.28611471570207,3,Saturday,0,2025-10-11,Saturday,3,28
21,21.071194219168955,15.6379956526647,3,Saturday,0,2025-10-11,Saturday,3,28
17,5.045645159901875,8.915987566674122,3,Saturday,0,2025-10-11,Saturday,3,28
22,15.439169059445675,9.90488793139224,3,Saturday,0,2025-10-11,Saturday,3,28
9,34.04106277161687,18.89382441017606,3,Saturday,0,2025-10-11,Saturday,3,28
15,19.857913047772886,12.628170271938123,3,Saturday,0,2025-10-11,Saturday,3,28
5,8.807064577115042,16.74334863460437,3,Saturday,0,2025-10-11,Saturday,3,28
23,6.730831025976134,3.7643275679701382,3,Saturday,0,2025-10-11,Saturday,3,28
23,13.297706895204726,24.69504589436172,3,Saturday,0,2025-10-11,Saturday,3,28
16,8.048787669409887,29.331682939291323,3,Saturday,0,2025-10-11,Saturday,3,28
16,21.826270878282333,5.209900841420486,3,Saturday,0,2025-10-11,Saturday,3,28
18,21.24097811418445,5.329148841455502,3,Saturday,0,2025-10-11,Saturday,3,28
11,18.13935243964707,33.7657746661071,3,Saturday,0,2025-10-11,Saturday,3,28
17,28.61612404684708,15.415977115596366,3,Saturday,0,2025-10-11,Saturday,3,28
13,7.359882395963047,10.295540204937597,3,Saturday,0,2025-10-11,Saturday,3,28
18,20.84785761455378,2.0478215291404287,3,Saturday,0,2025-10-11,Saturday,3,28
20,14.691848893185632,27.85595505795632,3,Saturday,0,2025-10-11,Saturday,3,28
21,10.238650507513839,7.547817324542544,3,Saturday,0,2025-10-11,Saturday,3,28
15,19.076802630330217,10.151700787535557,3,Saturday,0,2025-10-11,Saturday,3,28
23,10.686330549635578,12.51865981616042,3,Saturday,0,2025-10-11,Saturday,3,28
13,2.8823923502200977,7.8819704616174135,3,Saturday,0,2025-10-11,Saturday,3,28
23,12.130076559421706,6.498935067884725,3,Saturday,0,2025-10-11,Saturday,3,28
11,4.582976875071986,15.822493138969996,3,Saturday,0,2025-10-11,Saturday,3,28
19,20.118141884408786,22.3515375876907,3,Saturday,0,2025-10-11,Saturday,3,28
20,9.157276259833914,3.8931229667263967,3,Saturday,0,2025-10-11,Saturday,3,28
14,41.264836660950316,2.509141734244441,3,Saturday,0,2025-10-11,Saturday,3,28
20,20.50169102212084,3.227608168750006,3,Saturday,0,2025-10-18,Saturday,3,36
17,17.23978316118457,6.967210647521735,3,Saturday,0,2025-10-18,Saturday,3,36
20,14.530739408169687,6.530693100876139,3,Saturday,0,2025-10-18,Saturday,3,36
23,19.78777010006272,36.258887013891815,3,Saturday,0,2025-10-18,Saturday,3,36
18,4.182326952495613,4.775304285703144,3,Saturday,0,2025-10-18,Saturday,3,36
3,5.838557206346454,17.31673709058448,3,Saturday,0,2025-10-18,Saturday,3,36
14,37.55125611851553,18.79257081267118,3,Saturday,0,2025-10-18,Saturday,3,36
21,19.016284601124728,30.920446792016893,3,Saturday,0,2025-10-18,Saturday,3,36
16,8.947688752859362,6.487141386753191,3,Saturday,0,2025-10-18,Saturday,3,36
9,2.7774690734117318,11.218229932711195,3,Saturday,0,2025-10-18,Saturday,3,36
18,13.835105467340512,7.34201953475077,3,Saturday,0,2025-10-18,Saturday,3,36
18,8.57765061085014,17.920849443509972,3,Saturday,0,2025-10-18,Saturday,3,36
21,17.412201169335848,32.208179325040646,3,Saturday,0,2025-10-18,Saturday,3,36
22,11.672207461035388,16.168412599129237,3,Saturday,0,2025-10-18,Saturday,3,36
19,15.006246819438378,8.228481540228797,3,Saturday,0,2025-10-18,Saturday,3,36
20,52.66007496371772,8.99397877884111,3,Saturday,0,2025-10-18,Saturday,3,36
19,13.205592599618182,10.83980212885887,3,Saturday,0,2025-10-18,Saturday,3,36
9,4.90555666324228,13.497142976844438,3,Saturday,0,2025-10-18,Saturday,3,36
19,3.8962438118944185,22.03588680783618,3,Saturday,0,2025-10-18,Saturday,3,36
16,11.709724868080396,6.261130244561863,3,Saturday,0,2025-10-18,Saturday,3,36
13,4.430596413542801,6.557037250743105,3,Saturday,0,2025-10-18,Saturday,3,36
19,16.059693946454267,18.31515420944846,3,Saturday,0,2025-10-18,Saturday,3,36
12,6.0774595333637675,23.747893381341687,3,Saturday,0,2025-10-18,Saturday,3,36
13,5.488891055349415,9.77941951022584,3,Saturday,0,2025-10-18,Saturday,3,36
14,24.985707370704805,36.218699868413196,3,Saturday,0,2025-10-18,Saturday,3,36
21,18.620889252383247,30.487721821281117,3,Saturday,0,2025-10-18,Saturday,3,36
17,6.899816464943094,6.869199500820097,3,Saturday,0,2025-10-18,Saturday,3,36
16,5.677561062553718,3.2281658638821398,3,Saturday,0,2025-10-18,Saturday,3,36
18,13.055847248717836,7.208053146702221,3,Saturday,0,2025-10-18,Saturday,3,36
19,31.541059289207258,18.75291421862825,3,Saturday,0,2025-10-18,Saturday,3,36
12,10.013104459675475,7.086671397033421,3,Saturday,0,2025-10-18,Saturday,3,36
17,14.779148287636339,10.531779525031531,3,Saturday,0,2025-10-18,Saturday,3,36
16,22.56888172670071,18.657731629769167,3,Saturday,0,2025-10-18,Saturday,3,36
18,15.809880871642626,13.772688999745155,3,Saturday,0,2025-10-18,Saturday,3,36
13,2.839436790500666,15.648346619716952,3,Saturday,0,2025-10-18,Saturday,3,36
13,17.429088721955555,5.502350569009767,3,Saturday,0,2025-10-18,Saturday,3,36
23,43.873947472924854,6.811532695608826,3,Saturday,0,2025-10-25,Saturday,3,32
17,4.621685161873627,4.244581587703259,3,Saturday,0,2025-10-25,Saturday,3,32
14,25.82890819835305,21.423238410493887,3,Saturday,0,2025-10-25,Saturday,3,32
10,16.888575742634195,20.44062661934436,3,Saturday,0,2025-10-25,Saturday,3,32
21,12.790163877200602,4.588957914377086,3,Saturday,0,2025-10-25,Saturday,3,32
19,17.984752294926157,4.262985583587571,3,Saturday,0,2025-10-25,Saturday,3,32
16,31.243082192488984,6.525953589132662,3,Saturday,0,2025-10-25,Saturday,3,32
18,13.784269785489407,15.450513402633666,3,Saturday,0,2025-10-25,Saturday,3,32
12,3.8012741476544947,11.277245012305817,3,Saturday,0,2025-10-25,Saturday,3,32
21,18.42087610385786,3.643434811434994,3,Saturday,0,2025-10-25,Saturday,3,32
14,6.455949922916181,12.51851624732802,3,Saturday,0,2025-10-25,Saturday,3,32
17,18.741097019944824,2.2032230395017685,3,Saturday,0,2025-10-25,Saturday,3,32
16,22.10737142817066,15.514563902481733,3,Saturday,0,2025-10-25,Saturday,3,32
9,5.986815892944778,10.142443320622453,3,Saturday,0,2025-10-25,Saturday,3,32
20,12.763497926472933,5.038837664618753,3,Saturday,0,2025-10-25,Saturday,3,32
18,55.223958566578915,9.004709739912599,3,Saturday,0,2025-10-25,Saturday,3,32
18,14.882772040110385,11.508761514883652,3,Saturday,0,2025-10-25,Saturday,3,32
14,3.2982997592594647,2.2776790552749135,3,Saturday,0,2025-10-25,Saturday,3,32
18,2.342955445668211,7.919032081160346,3,Saturday,0,2025-10-25,Saturday,3,32
16,12.081162971672232,7.051964443881986,3,Saturday,0,2025-10-25,Saturday,3,32
16,20.401183132166793,9.254110363427547,3,Saturday,0,2025-10-25,Saturday,3,32
18,20.51019386634685,27.60894142618055,3,Saturday,0,2025-10-25,Saturday,3,32
16,6.6202002404512985,12.712655227527579,3,Saturday,0,2025-10-25,Saturday,3,32
14,3.161194536043004,9.708383958004294,3,Saturday,0,2025-10-25,Saturday,3,32
1,11.409864803630693,13.166479131075421,3,Saturday,0,2025-10-25,Saturday,3,32
17,4.624587805131359,12.8334130163934,3,Saturday,0,2025-10-25,Saturday,3,32
19,9.964350993525002,4.885950210957049,3,Saturday,0,2025-10-25,Saturday,3,32
0,7.688950772463481,5.699207412547609,3,Saturday,0,2025-10-25,Saturday,3,32
7,52.05299407815698,83.59807709992553,3,Saturday,0,2025-10-25,Saturday,3,32
19,14.745296494632544,3.079060860058708,3,Saturday,0,2025-10-25,Saturday,3,32
19,7.525762907809389,4.7516603683477365,3,Saturday,0,2025-10-25,Saturday,3,32
7,2.8198793843842367,10.530804330612742,3,Saturday,0,2025-10-25,Saturday,3,32
21,53.10606586983181,7.981507514112955,3,Saturday,0,2025-11-01,Saturday,3,36
19,14.606051843829725,9.603876126652587,3,Saturday,0,2025-11-01,Saturday,3,36
21,17.76861730856727,11.43465399248742,3,Saturday,0,2025-11-01,Saturday,3,36
21,5.964053700493247,11.597070827295632,3,Saturday,0,2025-11-01,Saturday,3,36
22,14.297742877635294,10.045168342928736,3,Saturday,0,2025-11-01,Saturday,3,36
15,30.32078876894251,32.8979193381327,3,Saturday,0,2025-11-01,Saturday,3,36
11,20.3380543071745,15.820816050993043,3,Saturday,0,2025-11-01,Saturday,3,36
17,24.336178470840512,21.70850075811152,3,Saturday,0,2025-11-01,Saturday,3,36
14,17.4483140400179,18.918939428399234,3,Saturday,0,2025-11-01,Saturday,3,36
19,13.008350321127939,7.739040623790429,3,Saturday,0,2025-11-01,Saturday,3,36
17,7.475906386705231,21.14427032524049,3,Saturday,0,2025-11-01,Saturday,3,36
23,13.524564680187076,20.758131651592326,3,Saturday,0,2025-11-01,Saturday,3,36
18,11.77482881293022,15.330948017700724,3,Saturday,0,2025-11-01,Saturday,3,36
17,23.77145906420277,37.11951858952559,3,Saturday,0,2025-11-01,Saturday,3,36
17,17.78258478238155,22.134153772061172,3,Saturday,0,2025-11-01,Saturday,3,36
19,12.433440769484687,13.164770446165436,3,Saturday,0,2025-11-01,Saturday,3,36
18,2.027068549719374,9.269413369746651,3,Saturday,0,2025-11-01,Saturday,3,36
23,17.16727849623029,6.17633405638177,3,Saturday,0,2025-11-01,Saturday,3,36
0,17.8125278524078,17.479670824373567,3,Saturday,0,2025-11-01,Saturday,3,36
18,16.334914223681043,19.452443443677566,3,Saturday,0,2025-11-01,Saturday,3,36
15,2.746139699566103,6.783167599131423,3,Saturday,0,2025-11-01,Saturday,3,36
4,25.246781195926804,5.663396065403695,3,Saturday,0,2025-11-01,Saturday,3,36
15,5.864811474195175,4.753665034116047,3,Saturday,0,2025-11-01,Saturday,3,36
15,4.3220834487162225,8.133856283153266,3,Saturday,0,2025-11-01,Saturday,3,36
5,4.380924783076001,5.456362886673981,3,Saturday,0,2025-11-01,Saturday,3,36
18,112.92395286639977,5.834631895716718,3,Saturday,0,2025-11-01,Saturday,3,36
21,13.982106492652537,14.882353342532479,3,Saturday,0,2025-11-01,Saturday,3,36
19,10.37052536279452,6.971743107725461,3,Saturday,0,2025-11-01,Saturday,3,36
20,8.184492179057909,11.15507639575651,3,Saturday,0,2025-11-01,Saturday,3,36
19,19.224949717446364,6.597780225235127,3,Saturday,0,2025-11-01,Saturday,3,36
11,119.63851495637877,8.828151916560241,3,Saturday,0,2025-11-01,Saturday,3,36
18,16.62408256331981,8.705757991781068,3,Saturday,0,2025-11-01,Saturday,3,36
20,12.552444780453271,6.992733585731754,3,Saturday,0,2025-11-01,Saturday,3,36
18,21.663647161821125,1.7545441298171764,3,Saturday,0,2025-11-01,Saturday,3,36
22,3.3473279595700207,11.435513244654924,3,Saturday,0,2025-11-01,Saturday,3,36
18,18.67953166611336,16.91332821835323,3,Saturday,0,2025-11-01,Saturday,3,36
2,11.492960564148618,3.0247044491274098,3,Saturday,0,2025-11-08,Saturday,3,46
18,26.606221245551158,3.623406666457301,3,Saturday,0,2025-11-08,Saturday,3,46
23,12.541794480419401,6.824079958252299,3,Saturday,0,2025-11-08,Saturday,3,46
19,15.194604735077956,40.782470439728066,3,Saturday,0,2025-11-08,Saturday,3,46
14,5.562257597890974,12.551547888258945,3,Saturday,0,2025-11-08,Saturday,3,46
16,8.56163534261686,10.107577095701757,3,Saturday,0,2025-11-08,Saturday,3,46
17,16.45418913581433,25.551763099347127,3,Saturday,0,2025-11-08,Saturday,3,46
16,22.560486032139842,7.552550994723314,3,Saturday,0,2025-11-08,Saturday,3,46
13,5.044779882113096,11.310213011566166,3,Saturday,0,2025-11-08,Saturday,3,46
23,9.39947664861622,21.84730502732164,3,Saturday,0,2025-11-08,Saturday,3,46
8,9.139231726194817,3.8186708177530315,3,Saturday,0,2025-11-08,Saturday,3,46
19,18.547635601138396,4.046939238516456,3,Saturday,0,2025-11-08,Saturday,3,46
12,21.61659685569981,3.848820033399293,3,Saturday,0,2025-11-08,Saturday,3,46
16,13.989385734343625,12.043519253225616,3,Saturday,0,2025-11-08,Saturday,3,46
11,14.892830968494597,21.293401514247808,3,Saturday,0,2025-11-08,Saturday,3,46
12,4.004157564769509,11.630777064561538,3,Saturday,0,2025-11-08,Saturday,3,46
18,14.208068941326083,11.440976117495024,3,Saturday,0,2025-11-08,Saturday,3,46
16,26.436639154892298,3.584040710196372,3,Saturday,0,2025-11-08,Saturday,3,46
16,15.15123085949961,14.163282437575822,3,Saturday,0,2025-11-08,Saturday,3,46
15,15.099781799816427,4.899492686160204,3,Saturday,0,2025-11-08,Saturday,3,46
9,9.6036098129319,12.20100914300844,3,Saturday,0,2025-11-08,Saturday,3,46
17,16.44234869096881,19.025329568943157,3,Saturday,0,2025-11-08,Saturday,3,46
21,21.607097448639863,34.52235494947874,3,Saturday,0,2025-11-08,Saturday,3,46
18,10.82281068596421,8.345306207631856,3,Saturday,0,2025-11-08,Saturday,3,46
11,9.384626122636874,14.877160706943743,3,Saturday,0,2025-11-08,Saturday,3,46
11,5.900096270782923,6.985259786115184,3,Saturday,0,2025-11-08,Saturday,3,46
15,95.62737005980401,3.015947381025155,3,Saturday,0,2025-11-08,Saturday,3,46
13,24.860392976247795,14.865111748997412,3,Saturday,0,2025-11-08,Saturday,3,46
21,20.62458503351433,13.26212731677193,3,Saturday,0,2025-11-08,Saturday,3,46
20,2.06898048723298,8.187137380638013,3,Saturday,0,2025-11-08,Saturday,3,46
22,2.4544390755584953,4.1194795737649805,3,Saturday,0,2025-11-08,Saturday,3,46
18,21.05623771827231,23.849385518842002,3,Saturday,0,2025-11-08,Saturday,3,46
16,14.555250641674231,9.736789648851271,3,Saturday,0,2025-11-08,Saturday,3,46
15,7.673705252350497,6.207491032083292,3,Saturday,0,2025-11-08,Saturday,3,46
16,86.32186168293528,19.984596677973087,3,Saturday,0,2025-11-08,Saturday,3,46
18,10.110137792410328,7.833884621100814,3,Saturday,0,2025-11-08,Saturday,3,46
18,20.984348076261572,16.74686902339583,3,Saturday,0,2025-11-08,Saturday,3,46
17,26.532369118885715,9.225304988889006,3,Saturday,0,2025-11-08,Saturday,3,46
16,24.479406344187513,6.834720187564828,3,Saturday,0,2025-11-08,Saturday,3,46
15,12.039484461955336,16.202994886056224,3,Saturday,0,2025-11-08,Saturday,3,46
7,7.405284666801329,6.265081187570803,3,Saturday,0,2025-11-08,Saturday,3,46
18,4.79657803701309,8.307287191945134,3,Saturday,0,2025-11-08,Saturday,3,46
21,12.23765230308316,14.344326251872937,3,Saturday,0,2025-11-08,Saturday,3,46
14,2.957489586718319,9.543309603134128,3,Saturday,0,2025-11-08,Saturday,3,46
18,18.509646166171997,15.996338636941957,3,Saturday,0,2025-11-08,Saturday,3,46
17,24.437929294964004,20.087393726769495,3,Saturday,0,2025-11-08,Saturday,3,46
18,28.414054161421976,13.815522204636327,3,Saturday,0,2025-11-15,Saturday,3,31
15,18.54146455158163,17.69712374792857,3,Saturday,0,2025-11-15,Saturday,3,31
22,22.973054203333223,27.827806914566807,3,Saturday,0,2025-11-15,Saturday,3,31
15,27.466639335043922,7.362209263666414,3,Saturday,0,2025-11-15,Saturday,3,31
17,9.862974564248223,12.30652703640033,3,Saturday,0,2025-11-15,Saturday,3,31
18,30.97748511391994,4.6911156054865,3,Saturday,0,2025-11-15,Saturday,3,31
6,6.2001409240523415,5.324699626840554,3,Saturday,0,2025-11-15,Saturday,3,31
15,14.271622231404582,14.379638559752914,3,Saturday,0,2025-11-15,Saturday,3,31
17,16.65125704485499,22.88493514851594,3,Saturday,0,2025-11-15,Saturday,3,31
15,9.20160814772162,4.5077353885044555,3,Saturday,0,2025-11-15,Saturday,3,31
13,43.088108816842784,5.2515091402193965,3,Saturday,0,2025-11-15,Saturday,3,31
17,20.40525629425145,11.895550040239842,3,Saturday,0,2025-11-15,Saturday,3,31
14,9.894985539838526,13.345454930745769,3,Saturday,0,2025-11-15,Saturday,3,31
19,20.338289304693625,7.073144863352471,3,Saturday,0,2025-11-15,Saturday,3,31
15,2.3426936464005657,6.901205390251816,3,Saturday,0,2025-11-15,Saturday,3,31
12,19.123351076882685,14.778914883145548,3,Saturday,0,2025-11-15,Saturday,3,31
20,20.62326671496294,10.367793198155683,3,Saturday,0,2025-11-15,Saturday,3,31
11,10.34852446586589,5.464808270573046,3,Saturday,0,2025-11-15,Saturday,3,31
16,4.059304768748896,6.351851031320718,3,Saturday,0,2025-11-15,Saturday,3,31
13,79.99649583422057,15.093548669582628,3,Saturday,0,2025-11-15,Saturday,3,31
16,4.504654524407135,17.706941036561542,3,Saturday,0,2025-11-15,Saturday,3,31
13,19.398926112805952,13.871310314152343,3,Saturday,0,2025-11-15,Saturday,3,31
16,11.551533337288515,9.805787240916253,3,Saturday,0,2025-11-15,Saturday,3,31
20,12.797686673116914,8.379840477875996,3,Saturday,0,2025-11-15,Saturday,3,31
23,10.446423084532785,10.093920994938905,3,Saturday,0,2025-11-15,Saturday,3,31
16,3.454678585693639,12.18169607313693,3,Saturday,0,2025-11-15,Saturday,3,31
17,10.735566591192,8.622652259237721,3,Saturday,0,2025-11-15,Saturday,3,31
19,13.889114682305955,6.455107999690307,3,Saturday,0,2025-11-15,Saturday,3,31
15,47.515474895564424,4.444607178210219,3,Saturday,0,2025-11-15,Saturday,3,31
21,15.966561870599506,10.522137039238366,3,Saturday,0,2025-11-15,Saturday,3,31
15,20.959804995577862,13.549248485101039,3,Saturday,0,2025-11-15,Saturday,3,31
14,18.447874479490086,7.0638149504282675,3,Saturday,0,2025-11-22,Saturday,3,44
1,2.0467283395919167,3.586677284250853,3,Saturday,0,2025-11-22,Saturday,3,44
19,15.850922464042227,12.218855645005906,3,Saturday,0,2025-11-22,Saturday,3,44
16,16.396294318500804,4.85402273440958,3,Saturday,0,2025-11-22,Saturday,3,44
18,14.096338314314814,32.352204845245524,3,Saturday,0,2025-11-22,Saturday,3,44
22,10.811477237172426,6.9805958986060475,3,Saturday,0,2025-11-22,Saturday,3,44
21,16.121309470335817,7.364047971652322,3,Saturday,0,2025-11-22,Saturday,3,44
15,13.80857328127394,8.555739815593078,3,Saturday,0,2025-11-22,Saturday,3,44
21,4.252207004821428,12.944539341928596,3,Saturday,0,2025-11-22,Saturday,3,44
19,19.647114816612635,5.663204828074314,3,Saturday,0,2025-11-22,Saturday,3,44
15,11.557108054153591,34.164570519922925,3,Saturday,0,2025-11-22,Saturday,3,44
14,14.448935938963608,37.567866935117195,3,Saturday,0,2025-11-22,Saturday,3,44
14,26.397562961220206,21.006147269448718,3,Saturday,0,2025-11-22,Saturday,3,44
12,33.71348247450951,21.616470445683508,3,Saturday,0,2025-11-22,Saturday,3,44
15,3.133111393456947,8.6432336862438,3,Saturday,0,2025-11-22,Saturday,3,44
19,23.034174176002335,28.24648035392725,3,Saturday,0,2025-11-22,Saturday,3,44
15,19.043088773498084,18.035548724741524,3,Saturday,0,2025-11-22,Saturday,3,44
13,17.44375393665451,19.307895121750377,3,Saturday,0,2025-11-22,Saturday,3,44
20,10.87752519541409,3.668168876626316,3,Saturday,0,2025-11-22,Saturday,3,44
20,4.977211589553489,18.740545327847837,3,Saturday,0,2025-11-22,Saturday,3,44
15,24.37906695962715,12.311969023643263,3,Saturday,0,2025-11-22,Saturday,3,44
10,6.1757872274648085,40.57137128594532,3,Saturday,0,2025-11-22,Saturday,3,44
11,2.1693526513697465,2.350379591002257,3,Saturday,0,2025-11-22,Saturday,3,44
16,6.875350586153205,4.977412838913628,3,Saturday,0,2025-11-22,Saturday,3,44
17,11.00262195915423,3.6186800919360564,3,Saturday,0,2025-11-22,Saturday,3,44
15,15.188779910271037,2.735996783339937,3,Saturday,0,2025-11-22,Saturday,3,44
15,2.922789329256019,17.80408017520176,3,Saturday,0,2025-11-22,Saturday,3,44
8,52.67914791388904,73.54327561513831,3,Saturday,0,2025-11-22,Saturday,3,44
15,17.72722614354019,8.850832762614475,3,Saturday,0,2025-11-22,Saturday,3,44
18,10.292198724210934,7.233575367454863,3,Saturday,0,2025-11-22,Saturday,3,44
20,14.859155793758877,25.488313688164787,3,Saturday,0,2025-11-22,Saturday,3,44
14,22.863530776904916,8.694185102098698,3,Saturday,0,2025-11-22,Saturday,3,44
17,21.341130965245693,14.951282651557486,3,Saturday,0,2025-11-22,Saturday,3,44
15,26.503601749614525,13.701406199270664,3,Saturday,0,2025-11-22,Saturday,3,44
15,23.93239730157043,15.571471581248897,3,Saturday,0,2025-11-22,Saturday,3,44
19,21.217992366005973,11.359395432643183,3,Saturday,0,2025-11-22,Saturday,3,44
6,3.551371069221358,10.566235971700541,3,Saturday,0,2025-11-22,Saturday,3,44
16,11.284394562812256,15.810112346684507,3,Saturday,0,2025-11-22,Saturday,3,44
18,10.484008175641499,7.766473744458724,3,Saturday,0,2025-11-22,Saturday,3,44
18,17.06175501752137,22.730411177061303,3,Saturday,0,2025-11-22,Saturday,3,44
20,14.640752616281016,28.023657608194057,3,Saturday,0,2025-11-22,Saturday,3,44
17,3.567163259773307,8.586035937259986,3,Saturday,0,2025-11-22,Saturday,3,44
13,6.667428324363011,3.2722858430971824,3,Saturday,0,2025-11-22,Saturday,3,44
19,2.11928100877679,7.54996885884666,3,Saturday,0,2025-11-22,Saturday,3,44
18,22.07757061102343,9.540887652396693,3,Saturday,0,2025-11-29,Saturday,3,24
15,7.763560394346439,19.847127085398693,3,Saturday,0,2025-11-29,Saturday,3,24
15,18.815734163661386,3.5915226247981122,3,Saturday,0,2025-11-29,Saturday,3,24
19,13.116215201936512,20.86010735654383,3,Saturday,0,2025-11-29,Saturday,3,24
14,17.090318282288074,2.286220336881668,3,Saturday,0,2025-11-29,Saturday,3,24
12,6.338113764291159,6.968227790485626,3,Saturday,0,2025-11-29,Saturday,3,24
18,17.726950781026424,50.96736483261161,3,Saturday,0,2025-11-29,Saturday,3,24
9,2.9875269494264822,22.97155869390294,3,Saturday,0,2025-11-29,Saturday,3,24
12,3.4918855502890045,14.165141460807925,3,Saturday,0,2025-11-29,Saturday,3,24
22,13.330695510797984,14.069557995309747,3,Saturday,0,2025-11-29,Saturday,3,24
19,16.507383212098524,17.991563042891475,3,Saturday,0,2025-11-29,Saturday,3,24
20,4.29457624706139,13.717130362658542,3,Saturday,0,2025-11-29,Saturday,3,24
16,28.62173462531903,3.829444517003818,3,Saturday,0,2025-11-29,Saturday,3,24
14,2.563164669914597,30.547754164018464,3,Saturday,0,2025-11-29,Saturday,3,24
8,3.5553363725463223,41.920956795878766,3,Saturday,0,2025-11-29,Saturday,3,24
16,19.209291880909625,6.884653611157346,3,Saturday,0,2025-11-29,Saturday,3,24
16,24.53802307474808,6.665537121367921,3,Saturday,0,2025-11-29,Saturday,3,24
20,5.446622907944635,13.426086077269748,3,Saturday,0,2025-11-29,Saturday,3,24
14,22.045180285684463,3.926807194009001,3,Saturday,0,2025-11-29,Saturday,3,24
17,13.608507793459502,6.629315776223061,3,Saturday,0,2025-11-29,Saturday,3,24
18,27.185346761858646,8.835816048449946,3,Saturday,0,2025-11-29,Saturday,3,24
18,10.76082492337812,8.760027850518174,3,Saturday,0,2025-11-29,Saturday,3,24
13,10.799556986743966,11.992912618117138,3,Saturday,0,2025-11-29,Saturday,3,24
17,17.38334049192737,4.257309072114077,3,Saturday,0,2025-11-29,Saturday,3,24
16,9.010666221015416,7.939710440819031,3,Saturday,0,2025-12-06,Saturday,3,32
23,40.42535972865814,9.486987056451225,3,Saturday,0,2025-12-06,Saturday,3,32
20,7.175275441213967,6.8761348276398895,3,Saturday,0,2025-12-06,Saturday,3,32
17,29.303491943557237,10.87824696600432,3,Saturday,0,2025-12-06,Saturday,3,32
17,25.99919636386763,17.77418751482358,3,Saturday,0,2025-12-06,Saturday,3,32
15,8.839474150787211,10.269313755029263,3,Saturday,0,2025-12-06,Saturday,3,32
14,17.346979234911803,11.587411234953725,3,Saturday,0,2025-12-06,Saturday,3,32
21,17.463614581406485,8.08245716592803,3,Saturday,0,2025-12-06,Saturday,3,32
11,15.275058925474035,5.868773849093767,3,Saturday,0,2025-12-06,Saturday,3,32
17,19.58923569930452,6.004105023892188,3,Saturday,0,2025-12-06,Saturday,3,32
15,3.155368964517626,7.724574102844454,3,Saturday,0,2025-12-06,Saturday,3,32
16,11.085677654393592,4.096101671019962,3,Saturday,0,2025-12-06,Saturday,3,32
12,19.354582045933984,16.603422185910247,3,Saturday,0,2025-12-06,Saturday,3,32
17,2.292535388045166,5.124012518227701,3,Saturday,0,2025-12-06,Saturday,3,32
21,10.81096395010789,16.00415736851518,3,Saturday,0,2025-12-06,Saturday,3,32
15,18.688346689011272,11.004600196346962,3,Saturday,0,2025-12-06,Saturday,3,32
14,2.202280481205478,12.104808902665969,3,Saturday,0,2025-12-06,Saturday,3,32
18,11.862108279703946,26.10572784459312,3,Saturday,0,2025-12-06,Saturday,3,32
23,11.623316147985793,13.764353318774988,3,Saturday,0,2025-12-06,Saturday,3,32
11,11.559219183169702,19.983016285317525,3,Saturday,0,2025-12-06,Saturday,3,32
14,37.94378859924671,3.1977718245975986,3,Saturday,0,2025-12-06,Saturday,3,32
19,8.296804235341519,11.001752582661224,3,Saturday,0,2025-12-06,Saturday,3,32
15,6.050308100397619,5.641711840965891,3,Saturday,0,2025-12-06,Saturday,3,32
5,2.6891164947045274,7.490094974752467,3,Saturday,0,2025-12-06,Saturday,3,32
15,57.00242291702544,8.706014161621184,3,Saturday,0,2025-12-06,Saturday,3,32
7,3.838747940377624,3.6425995997344565,3,Saturday,0,2025-12-06,Saturday,3,32
17,19.438654201819038,15.404595920996188,3,Saturday,0,2025-12-06,Saturday,3,32
15,21.13636620694413,4.4919522340157885,3,Saturday,0,2025-12-06,Saturday,3,32
15,15.108298147959395,3.9627990379041034,3,Saturday,0,2025-12-06,Saturday,3,32
22,21.40611952914501,10.056741222849846,3,Saturday,0,2025-12-06,Saturday,3,32
8,27.878539446905936,26.051112210248387,3,Saturday,0,2025-12-06,Saturday,3,32
10,3.9688458093361567,15.069624719115364,3,Saturday,0,2025-12-06,Saturday,3,32
17,15.938992255711398,3.192336680810228,3,Saturday,0,2025-12-13,Saturday,3,29
23,13.594540582751652,4.594254998450982,3,Saturday,0,2025-12-13,Saturday,3,29
12,22.52247710450782,1.8218462240229765,3,Saturday,0,2025-12-13,Saturday,3,29
16,12.644255261098817,9.268839805647183,3,Saturday,0,2025-12-13,Saturday,3,29
16,4.818223734227537,7.98662686675988,3,Saturday,0,2025-12-13,Saturday,3,29
17,2.024978525205958,5.932911677453298,3,Saturday,0,2025-12-13,Saturday,3,29
7,2.6577794351438517,16.096063999257392,3,Saturday,0,2025-12-13,Saturday,3,29
3,13.261418120227578,27.82344163490609,3,Saturday,0,2025-12-13,Saturday,3,29
15,21.51947402945874,7.7927780882670765,3,Saturday,0,2025-12-13,Saturday,3,29
11,8.413573304910493,1.7760805804794726,3,Saturday,0,2025-12-13,Saturday,3,29
18,15.802052806761392,7.246588356947223,3,Saturday,0,2025-12-13,Saturday,3,29
20,14.96303168474968,26.7217465213445,3,Saturday,0,2025-12-13,Saturday,3,29
16,14.003604024111606,4.393122071820179,3,Saturday,0,2025-12-13,Saturday,3,29
13,12.852972583006995,16.233300174613575,3,Saturday,0,2025-12-13,Saturday,3,29
17,28.482432189024237,8.803241302946114,3,Saturday,0,2025-12-13,Saturday,3,29
0,4.127993649779219,5.057339213471141,3,Saturday,0,2025-12-13,Saturday,3,29
17,15.31756389681685,4.454176150341964,3,Saturday,0,2025-12-13,Saturday,3,29
21,8.545729932597954,8.965466198157577,3,Saturday,0,2025-12-13,Saturday,3,29
20,3.493313269319926,12.620936203859019,3,Saturday,0,2025-12-13,Saturday,3,29
22,25.104344542716216,9.213953686975199,3,Saturday,0,2025-12-13,Saturday,3,29
20,54.30562308172673,11.442494660259541,3,Saturday,0,2025-12-13,Saturday,3,29
0,3.7475635409149923,23.475101539984358,3,Saturday,0,2025-12-13,Saturday,3,29
15,20.995661513570333,13.526678946649062,3,Saturday,0,2025-12-13,Saturday,3,29
15,3.3649431497692572,2.5975872594058913,3,Saturday,0,2025-12-13,Saturday,3,29
15,12.079339597563571,7.393249991990996,3,Saturday,0,2025-12-13,Saturday,3,29
18,11.167412538127131,4.210199357247306,3,Saturday,0,2025-12-13,Saturday,3,29
13,38.91254829986673,12.653591761004325,3,Saturday,0,2025-12-13,Saturday,3,29
17,10.770541216554946,6.238827227750414,3,Saturday,0,2025-12-13,Saturday,3,29
19,16.57836145428639,6.894484688382837,3,Saturday,0,2025-12-13,Saturday,3,29
16,19.199765244693257,14.703749542673831,3,Saturday,0,2025-12-20,Saturday,3,37
18,14.349216450734016,5.057830017400284,3,Saturday,0,2025-12-20,Saturday,3,37
18,15.810777862895055,66.59141390417349,3,Saturday,0,2025-12-20,Saturday,3,37
21,2.7574438356893163,7.53418628086728,3,Saturday,0,2025-12-20,Saturday,3,37
14,35.39712337549394,13.972419854978524,3,Saturday,0,2025-12-20,Saturday,3,37
14,2.822255279652118,9.658141835097114,3,Saturday,0,2025-12-20,Saturday,3,37
17,4.474761522028526,18.296487189785285,3,Saturday,0,2025-12-20,Saturday,3,37
3,44.68587063139859,11.974870789592478,3,Saturday,0,2025-12-20,Saturday,3,37
21,9.891875626454356,12.545650312078042,3,Saturday,0,2025-12-20,Saturday,3,37
23,11.35753445572967,3.790647187178603,3,Saturday,0,2025-12-20,Saturday,3,37
12,6.05244068587205,10.495713777686557,3,Saturday,0,2025-12-20,Saturday,3,37
17,9.081079770907955,16.44694632962292,3,Saturday,0,2025-12-20,Saturday,3,37
19,16.745890271228628,8.165555633821521,3,Saturday,0,2025-12-20,Saturday,3,37
19,36.7392234248393,6.104323485703947,3,Saturday,0,2025-12-20,Saturday,3,37
16,6.984827574244909,8.197333940264775,3,Saturday,0,2025-12-20,Saturday,3,37
14,20.42752815969805,6.850672282199671,3,Saturday,0,2025-12-20,Saturday,3,37
21,119.9167001192093,4.366469005203233,3,Saturday,0,2025-12-20,Saturday,3,37
13,3.451723209218831,8.382589850038167,3,Saturday,0,2025-12-20,Saturday,3,37
17,16.934194423109666,3.4979487742725155,3,Saturday,0,2025-12-20,Saturday,3,37
10,4.431059916006864,17.44605468909038,3,Saturday,0,2025-12-20,Saturday,3,37
12,15.595315676748996,9.056946585672204,3,Saturday,0,2025-12-20,Saturday,3,37
13,3.5302763852533428,13.22526176997018,3,Saturday,0,2025-12-20,Saturday,3,37
20,10.63967725335636,10.881021647463534,3,Saturday,0,2025-12-20,Saturday,3,37
23,5.30475072808602,22.451518274439064,3,Saturday,0,2025-12-20,Saturday,3,37
15,13.669568535665686,6.132667692402796,3,Saturday,0,2025-12-20,Saturday,3,37
16,23.012230801339832,5.859899125043959,3,Saturday,0,2025-12-20,Saturday,3,37
14,24.7947095284663,3.4996987888087494,3,Saturday,0,2025-12-20,Saturday,3,37
1,4.629758579175462,8.195601218994899,3,Saturday,0,2025-12-20,Saturday,3,37
22,17.509449007424564,6.227095013027815,3,Saturday,0,2025-12-20,Saturday,3,37
15,5.823017009248018,3.972321546501278,3,Saturday,0,2025-12-20,Saturday,3,37
15,13.23740259984902,6.744475399998021,3,Saturday,0,2025-12-20,Saturday,3,37
7,7.006888520831062,5.463313992735973,3,Saturday,0,2025-12-20,Saturday,3,37
18,39.84876399119946,19.99849396839671,3,Saturday,0,2025-12-20,Saturday,3,37
14,20.534426377452952,21.141919699798542,3,Saturday,0,2025-12-20,Saturday,3,37
18,18.678780509166167,35.95151108349966,3,Saturday,0,2025-12-20,Saturday,3,37
18,2.6188987041523957,5.222247099091116,3,Saturday,0,2025-12-20,Saturday,3,37
18,29.142992915118178,12.267196329849211,3,Saturday,0,2025-12-20,Saturday,3,37
15,3.1917294287992934,4.37733640037546,3,Sunday,0,2025-09-28,Sunday,3,35
17,19.296772831736956,18.29415632738217,3,Sunday,0,2025-09-28,Sunday,3,35
23,14.475972328080246,6.230347599743924,3,Sunday,0,2025-09-28,Sunday,3,35
17,13.100549013462224,9.504783190814651,3,Sunday,0,2025-09-28,Sunday,3,35
14,2.260935479899269,14.893707369433434,3,Sunday,0,2025-09-28,Sunday,3,35
15,11.581848770832345,26.2287386319078,3,Sunday,0,2025-09-28,Sunday,3,35
19,15.361453996127462,3.0856288720466534,3,Sunday,0,2025-09-28,Sunday,3,35
6,12.013468660278988,36.74772563326177,3,Sunday,0,2025-09-28,Sunday,3,35
19,10.249604452404423,7.559929744847367,3,Sunday,0,2025-09-28,Sunday,3,35
20,20.996666017714677,23.20682302697039,3,Sunday,0,2025-09-28,Sunday,3,35
22,13.662017799723525,8.177487650868098,3,Sunday,0,2025-09-28,Sunday,3,35
23,14.640122164522051,6.226889736663775,3,Sunday,0,2025-09-28,Sunday,3,35
23,16.385328373468756,18.636093160964826,3,Sunday,0,2025-09-28,Sunday,3,35
15,18.491111679208338,13.228303779388742,3,Sunday,0,2025-09-28,Sunday,3,35
22,10.915079081686425,14.307399576722904,3,Sunday,0,2025-09-28,Sunday,3,35
10,19.367146355803662,10.902220506143667,3,Sunday,0,2025-09-28,Sunday,3,35
18,16.468541603458508,3.6716964373022662,3,Sunday,0,2025-09-28,Sunday,3,35
13,19.652282006084043,19.913023975855303,3,Sunday,0,2025-09-28,Sunday,3,35
21,5.374510267974499,22.972773247120113,3,Sunday,0,2025-09-28,Sunday,3,35
19,16.63829029763606,4.261191605562799,3,Sunday,0,2025-09-28,Sunday,3,35
15,7.553651278579707,34.1266225135833,3,Sunday,0,2025-09-28,Sunday,3,35
17,11.650224853476583,10.137563879591076,3,Sunday,0,2025-09-28,Sunday,3,35
10,8.398624040229738,7.1840933832828,3,Sunday,0,2025-09-28,Sunday,3,35
5,16.509720702403047,13.009925567671454,3,Sunday,0,2025-09-28,Sunday,3,35
16,4.936211937645979,18.447198332204913,3,Sunday,0,2025-09-28,Sunday,3,35
17,9.271779240262818,58.44778578844584,3,Sunday,0,2025-09-28,Sunday,3,35
19,16.950292400843217,46.81169267202711,3,Sunday,0,2025-09-28,Sunday,3,35
17,4.73211960066408,14.993699199665572,3,Sunday,0,2025-09-28,Sunday,3,35
20,20.304168792391238,5.119659740314533,3,Sunday,0,2025-09-28,Sunday,3,35
20,14.018305928025118,9.99028271304803,3,Sunday,0,2025-09-28,Sunday,3,35
18,14.012979238141327,29.557088421901447,3,Sunday,0,2025-09-28,Sunday,3,35
19,21.652431909510724,14.335343467600678,3,Sunday,0,2025-09-28,Sunday,3,35
19,7.119912405256602,10.833146591159835,3,Sunday,0,2025-09-28,Sunday,3,35
13,2.2751713036556267,7.329094059587633,3,Sunday,0,2025-09-28,Sunday,3,35
22,10.400320116476692,11.485500814958,3,Sunday,0,2025-09-28,Sunday,3,35
11,9.387102001537105,8.653739324695954,3,Sunday,0,2025-10-05,Sunday,3,35
15,22.77574046349928,8.64635522402248,3,Sunday,0,2025-10-05,Sunday,3,35
20,17.483156686039866,20.51869246094248,3,Sunday,0,2025-10-05,Sunday,3,35
12,4.564011707206492,10.321676077702243,3,Sunday,0,2025-10-05,Sunday,3,35
16,7.799034919167783,4.511918404017422,3,Sunday,0,2025-10-05,Sunday,3,35
20,9.447944419571268,13.391332081105077,3,Sunday,0,2025-10-05,Sunday,3,35
18,14.543119805005489,6.170942998930251,3,Sunday,0,2025-10-05,Sunday,3,35
15,46.237331812180855,15.152904336059285,3,Sunday,0,2025-10-05,Sunday,3,35
18,2.0469781644191656,3.6314394185314525,3,Sunday,0,2025-10-05,Sunday,3,35
16,17.259166188104054,20.387709968965193,3,Sunday,0,2025-10-05,Sunday,3,35
17,3.608920709007834,5.401056734786865,3,Sunday,0,2025-10-05,Sunday,3,35
16,26.6942752822994,11.964841935103813,3,Sunday,0,2025-10-05,Sunday,3,35
13,26.396718701102163,23.5136682223511,3,Sunday,0,2025-10-05,Sunday,3,35
18,16.75351591405378,27.62110412355978,3,Sunday,0,2025-10-05,Sunday,3,35
18,19.245952894077504,10.049688428891073,3,Sunday,0,2025-10-05,Sunday,3,35
20,17.89185220092449,6.519342650623066,3,Sunday,0,2025-10-05,Sunday,3,35
6,5.028538787567423,60.01970082735769,3,Sunday,0,2025-10-05,Sunday,3,35
18,7.691086400544312,7.511821953802329,3,Sunday,0,2025-10-05,Sunday,3,35
16,18.866602257364494,4.71914709202022,3,Sunday,0,2025-10-05,Sunday,3,35
13,23.531089957321253,13.29635656801311,3,Sunday,0,2025-10-05,Sunday,3,35
23,13.138747427009413,5.9759352888975075,3,Sunday,0,2025-10-05,Sunday,3,35
14,34.05863254279002,11.64133269268235,3,Sunday,0,2025-10-05,Sunday,3,35
18,16.32886168701095,11.377025934659374,3,Sunday,0,2025-10-05,Sunday,3,35
19,7.71837007052409,4.01831854526752,3,Sunday,0,2025-10-05,Sunday,3,35
16,11.86212640205979,3.1613033404673256,3,Sunday,0,2025-10-05,Sunday,3,35
21,21.507145663342044,15.5714272051697,3,Sunday,0,2025-10-05,Sunday,3,35
21,13.57800666158263,4.44989720612818,3,Sunday,0,2025-10-05,Sunday,3,35
21,5.668579359022992,11.146705597080034,3,Sunday,0,2025-10-05,Sunday,3,35
23,7.758842128654825,31.151021450666207,3,Sunday,0,2025-10-05,Sunday,3,35
23,10.861471341474996,7.054495211187095,3,Sunday,0,2025-10-05,Sunday,3,35
14,4.046037257365945,11.00997879234488,3,Sunday,0,2025-10-05,Sunday,3,35
22,8.958105104268515,10.586494326941207,3,Sunday,0,2025-10-05,Sunday,3,35
19,19.693118607902818,14.3584582854893,3,Sunday,0,2025-10-05,Sunday,3,35
17,15.230163723540677,4.440256957331092,3,Sunday,0,2025-10-05,Sunday,3,35
20,27.06262608664119,19.386532716994616,3,Sunday,0,2025-10-05,Sunday,3,35
5,2.221111351423377,1.8483341729756317,3,Sunday,0,2025-10-12,Sunday,3,22
18,31.692921256908196,17.683051719605192,3,Sunday,0,2025-10-12,Sunday,3,22
18,11.25444841304882,7.278338666749356,3,Sunday,0,2025-10-12,Sunday,3,22
15,38.488663261142854,11.014764128345586,3,Sunday,0,2025-10-12,Sunday,3,22
23,9.775448407891313,7.644451370495014,3,Sunday,0,2025-10-12,Sunday,3,22
0,4.798722403320956,13.535178486553042,3,Sunday,0,2025-10-12,Sunday,3,22
17,25.29568996761665,16.465116942746924,3,Sunday,0,2025-10-12,Sunday,3,22
19,9.047824517123132,6.147698088684565,3,Sunday,0,2025-10-12,Sunday,3,22
17,15.394666396131601,11.211581547804194,3,Sunday,0,2025-10-12,Sunday,3,22
14,27.88091128015813,9.723533466722907,3,Sunday,0,2025-10-12,Sunday,3,22
18,13.94281188578875,6.611774330323565,3,Sunday,0,2025-10-12,Sunday,3,22
20,16.139909448788234,37.16281681102066,3,Sunday,0,2025-10-12,Sunday,3,22
16,2.107707205393753,11.27333280731192,3,Sunday,0,2025-10-12,Sunday,3,22
20,8.20589888628135,16.97750760899933,3,Sunday,0,2025-10-12,Sunday,3,22
15,4.302946750124791,10.339660245451912,3,Sunday,0,2025-10-12,Sunday,3,22
23,20.659001290853677,23.328266836659726,3,Sunday,0,2025-10-12,Sunday,3,22
19,13.332337065437038,14.080587891513968,3,Sunday,0,2025-10-12,Sunday,3,22
19,13.963663174285905,8.377206067793,3,Sunday,0,2025-10-12,Sunday,3,22
14,3.549714019954055,10.15442117673253,3,Sunday,0,2025-10-12,Sunday,3,22
4,21.902371653376782,4.453677217268128,3,Sunday,0,2025-10-12,Sunday,3,22
8,6.099407439100128,16.47641766691244,3,Sunday,0,2025-10-12,Sunday,3,22
14,7.302191230058321,2.932734367235404,3,Sunday,0,2025-10-12,Sunday,3,22
16,16.058813314057765,9.137354256177353,3,Sunday,0,2025-10-19,Sunday,3,30
19,14.229509964841025,3.1483882979784354,3,Sunday,0,2025-10-19,Sunday,3,30
17,2.337974870093065,3.6841994955968627,3,Sunday,0,2025-10-19,Sunday,3,30
22,12.864178913825402,11.552841295595188,3,Sunday,0,2025-10-19,Sunday,3,30
13,9.168783141204571,9.307115454315861,3,Sunday,0,2025-10-19,Sunday,3,30
13,3.2149726260535676,5.833624099444549,3,Sunday,0,2025-10-19,Sunday,3,30
23,16.329043936040392,6.281878403715338,3,Sunday,0,2025-10-19,Sunday,3,30
20,12.184934742532207,35.793132282483604,3,Sunday,0,2025-10-19,Sunday,3,30
23,12.855793089732543,25.671100455364442,3,Sunday,0,2025-10-19,Sunday,3,30
21,11.18531114630023,16.259312578627778,3,Sunday,0,2025-10-19,Sunday,3,30
4,3.668504474204014,6.200054281162417,3,Sunday,0,2025-10-19,Sunday,3,30
14,26.295335194749608,20.327080617052633,3,Sunday,0,2025-10-19,Sunday,3,30
15,9.460826761932525,2.524488206649524,3,Sunday,0,2025-10-19,Sunday,3,30
18,13.997859067237094,24.941345392910616,3,Sunday,0,2025-10-19,Sunday,3,30
16,18.88477412547053,2.85002645253027,3,Sunday,0,2025-10-19,Sunday,3,30
12,8.395392168459416,41.574229671036896,3,Sunday,0,2025-10-19,Sunday,3,30
20,14.389718046064374,14.285225708641178,3,Sunday,0,2025-10-19,Sunday,3,30
8,10.193879974046155,12.498518876889346,3,Sunday,0,2025-10-19,Sunday,3,30
18,15.254999487323104,5.04407516734128,3,Sunday,0,2025-10-19,Sunday,3,30
17,25.67395313405905,15.999657393584672,3,Sunday,0,2025-10-19,Sunday,3,30
18,9.359617956480584,25.19976542655338,3,Sunday,0,2025-10-19,Sunday,3,30
15,11.06954396782944,14.219065655053006,3,Sunday,0,2025-10-19,Sunday,3,30
19,16.424294993437584,10.462942626348195,3,Sunday,0,2025-10-19,Sunday,3,30
16,39.652395085652664,9.988896016692383,3,Sunday,0,2025-10-19,Sunday,3,30
20,13.619384756015798,3.6678412213072153,3,Sunday,0,2025-10-19,Sunday,3,30
22,22.51287662352271,2.447920304598115,3,Sunday,0,2025-10-19,Sunday,3,30
23,9.79065438492556,13.210565583352738,3,Sunday,0,2025-10-19,Sunday,3,30
20,18.723750232340446,5.550615672559752,3,Sunday,0,2025-10-19,Sunday,3,30
18,13.468001752175386,20.109447328057957,3,Sunday,0,2025-10-19,Sunday,3,30
16,11.414099760282564,16.360872561520136,3,Sunday,0,2025-10-19,Sunday,3,30
17,10.310630060044488,12.345927294348535,3,Sunday,0,2025-10-26,Sunday,3,39
1,17.199505213002077,21.020604579644743,3,Sunday,0,2025-10-26,Sunday,3,39
15,29.314242763583326,18.802861822437972,3,Sunday,0,2025-10-26,Sunday,3,39
12,8.557859297628145,7.54495865637839,3,Sunday,0,2025-10-26,Sunday,3,39
16,15.96085217920854,15.968442927341663,3,Sunday,0,2025-10-26,Sunday,3,39
20,12.809360956343493,6.351020894771354,3,Sunday,0,2025-10-26,Sunday,3,39
14,8.30053490228147,1.6727486371219846,3,Sunday,0,2025-10-26,Sunday,3,39
18,17.257253091106477,23.560692061076246,3,Sunday,0,2025-10-26,Sunday,3,39
15,3.9257888701200576,15.835910224351274,3,Sunday,0,2025-10-26,Sunday,3,39
13,21.66578035185947,2.3034505202091666,3,Sunday,0,2025-10-26,Sunday,3,39
19,17.0878687023296,9.641330450037838,3,Sunday,0,2025-10-26,Sunday,3,39
0,4.081050636939516,17.743778804810187,3,Sunday,0,2025-10-26,Sunday,3,39
18,5.823921406841636,7.826823008253701,3,Sunday,0,2025-10-26,Sunday,3,39
23,7.201776826190859,16.948074645077636,3,Sunday,0,2025-10-26,Sunday,3,39
20,14.958636179749458,26.859161472218823,3,Sunday,0,2025-10-26,Sunday,3,39
19,45.08417376778893,10.763215256969401,3,Sunday,0,2025-10-26,Sunday,3,39
20,26.22466289743202,23.302117411041266,3,Sunday,0,2025-10-26,Sunday,3,39
19,12.023160712843293,6.7002428172989745,3,Sunday,0,2025-10-26,Sunday,3,39
17,16.95027251625206,6.690309040558466,3,Sunday,0,2025-10-26,Sunday,3,39
19,12.349989424717926,5.697076888512468,3,Sunday,0,2025-10-26,Sunday,3,39
10,6.493865030641781,12.778526559773052,3,Sunday,0,2025-10-26,Sunday,3,39
17,23.19081968540283,2.920602205288154,3,Sunday,0,2025-10-26,Sunday,3,39
13,29.206592435218298,78.85081456976111,3,Sunday,0,2025-10-26,Sunday,3,39
22,49.41015772486405,25.24096772828046,3,Sunday,0,2025-10-26,Sunday,3,39
18,15.57772823756908,20.113841901055437,3,Sunday,0,2025-10-26,Sunday,3,39
23,8.830999041605917,15.290209250276032,3,Sunday,0,2025-10-26,Sunday,3,39
23,28.750620308363242,5.825220649566972,3,Sunday,0,2025-10-26,Sunday,3,39
19,16.14654287289293,2.4484033027308922,3,Sunday,0,2025-10-26,Sunday,3,39
16,20.29204227525955,9.867034084464592,3,Sunday,0,2025-10-26,Sunday,3,39
22,10.235416622481509,24.43559687177644,3,Sunday,0,2025-10-26,Sunday,3,39
23,11.532860010820158,22.38536644238249,3,Sunday,0,2025-10-26,Sunday,3,39
21,12.677967774580875,8.375957485713016,3,Sunday,0,2025-10-26,Sunday,3,39
19,8.19877827698907,10.571739513022237,3,Sunday,0,2025-10-26,Sunday,3,39
16,18.295440904187807,5.977603408709868,3,Sunday,0,2025-10-26,Sunday,3,39
18,17.57751133793223,1.5258406842737,3,Sunday,0,2025-10-26,Sunday,3,39
2,5.04043478747442,5.234423785835112,3,Sunday,0,2025-10-26,Sunday,3,39
17,15.251034756249663,9.412052532707973,3,Sunday,0,2025-10-26,Sunday,3,39
9,9.229327240107597,16.830349070368438,3,Sunday,0,2025-10-26,Sunday,3,39
23,8.987011053045729,6.129782927714352,3,Sunday,0,2025-10-26,Sunday,3,39
18,15.221787917221913,8.017017554356347,3,Sunday,0,2025-11-02,Sunday,3,38
13,40.90726109481023,25.84151323173298,3,Sunday,0,2025-11-02,Sunday,3,38
17,29.87657537173496,5.523529564746224,3,Sunday,0,2025-11-02,Sunday,3,38
21,9.691224641002139,13.49811635892164,3,Sunday,0,2025-11-02,Sunday,3,38
11,3.8996791989696584,5.185456878798897,3,Sunday,0,2025-11-02,Sunday,3,38
20,3.338092721202548,3.3296158117903873,3,Sunday,0,2025-11-02,Sunday,3,38
14,7.3303155005624605,7.185086507102805,3,Sunday,0,2025-11-02,Sunday,3,38
17,5.269357228465144,21.52541341681547,3,Sunday,0,2025-11-02,Sunday,3,38
15,10.713463952288077,8.751180747845089,3,Sunday,0,2025-11-02,Sunday,3,38
18,14.98920782889794,24.302655950013925,3,Sunday,0,2025-11-02,Sunday,3,38
17,3.9319961977483193,24.52758110255364,3,Sunday,0,2025-11-02,Sunday,3,38
13,7.226304308587808,6.466007173780124,3,Sunday,0,2025-11-02,Sunday,3,38
23,11.601300966751964,10.24963070854748,3,Sunday,0,2025-11-02,Sunday,3,38
19,16.644021898468665,9.335005628580308,3,Sunday,0,2025-11-02,Sunday,3,38
23,8.011467885960808,20.230728143842022,3,Sunday,0,2025-11-02,Sunday,3,38
18,16.56825036477959,10.228339075753512,3,Sunday,0,2025-11-02,Sunday,3,38
17,18.143852259074468,11.440520004631189,3,Sunday,0,2025-11-02,Sunday,3,38
18,7.343248601507942,10.983857257249038,3,Sunday,0,2025-11-02,Sunday,3,38
4,26.80038214048892,7.861570219859225,3,Sunday,0,2025-11-02,Sunday,3,38
12,6.632177799954604,13.477365775970238,3,Sunday,0,2025-11-02,Sunday,3,38
16,29.595309612535914,2.3966599848598467,3,Sunday,0,2025-11-02,Sunday,3,38
19,8.921137997472062,19.909431787276674,3,Sunday,0,2025-11-02,Sunday,3,38
17,4.857108653293675,28.444177197012554,3,Sunday,0,2025-11-02,Sunday,3,38
14,7.445099469315667,12.131119258158868,3,Sunday,0,2025-11-02,Sunday,3,38
17,17.401195660808824,20.3663432985,3,Sunday,0,2025-11-02,Sunday,3,38
11,2.1731935970315974,4.314831041492136,3,Sunday,0,2025-11-02,Sunday,3,38
17,17.212300416478183,3.74928088649422,3,Sunday,0,2025-11-02,Sunday,3,38
23,10.223794845955712,11.950163031830337,3,Sunday,0,2025-11-02,Sunday,3,38
22,7.389513070578043,11.935947065499322,3,Sunday,0,2025-11-02,Sunday,3,38
20,7.9954576850237595,20.623910543182475,3,Sunday,0,2025-11-02,Sunday,3,38
11,3.0569464373807422,3.8080676943920366,3,Sunday,0,2025-11-02,Sunday,3,38
21,12.334135416898935,7.218086173711716,3,Sunday,0,2025-11-02,Sunday,3,38
23,10.262966795995649,9.39832623437135,3,Sunday,0,2025-11-02,Sunday,3,38
22,18.233064542992615,15.296179693527257,3,Sunday,0,2025-11-02,Sunday,3,38
20,7.892966495177375,5.873741574166145,3,Sunday,0,2025-11-02,Sunday,3,38
20,8.135389845210561,7.017300140637623,3,Sunday,0,2025-11-02,Sunday,3,38
13,9.269217961108158,23.71622505834043,3,Sunday,0,2025-11-02,Sunday,3,38
13,6.621749313303435,11.087468047537428,3,Sunday,0,2025-11-02,Sunday,3,38
15,27.477814757626128,22.421404492374286,3,Sunday,0,2025-11-09,Sunday,3,53
17,28.47983385276237,14.598295933061115,3,Sunday,0,2025-11-09,Sunday,3,53
11,14.498432189885978,7.036485017758125,3,Sunday,0,2025-11-09,Sunday,3,53
17,17.83281372385084,12.873967134821026,3,Sunday,0,2025-11-09,Sunday,3,53
21,9.927466759238435,6.30020761753998,3,Sunday,0,2025-11-09,Sunday,3,53
13,4.352915631811188,1.8030990637873294,3,Sunday,0,2025-11-09,Sunday,3,53
19,14.631725450935196,18.620491923815433,3,Sunday,0,2025-11-09,Sunday,3,53
6,6.007045540856239,4.527045439340691,3,Sunday,0,2025-11-09,Sunday,3,53
17,10.164714767302716,41.80644575678022,3,Sunday,0,2025-11-09,Sunday,3,53
19,14.107653910882895,8.14547343548236,3,Sunday,0,2025-11-09,Sunday,3,53
18,12.742948990448014,0.9146508698626501,3,Sunday,0,2025-11-09,Sunday,3,53
19,13.227814245816678,15.881782623948892,3,Sunday,0,2025-11-09,Sunday,3,53
20,3.8152103312187706,12.081999445198779,3,Sunday,0,2025-11-09,Sunday,3,53
17,20.72980561457708,3.7354590588745396,3,Sunday,0,2025-11-09,Sunday,3,53
19,3.0306830929477666,6.737077653753315,3,Sunday,0,2025-11-09,Sunday,3,53
13,2.3262022921816037,9.20635897059169,3,Sunday,0,2025-11-09,Sunday,3,53
3,27.786550784395363,17.060578527951964,3,Sunday,0,2025-11-09,Sunday,3,53
0,6.934209974074793,8.257352948336713,3,Sunday,0,2025-11-09,Sunday,3,53
22,12.894536700219188,41.271406700793605,3,Sunday,0,2025-11-09,Sunday,3,53
13,10.32148616711762,8.546052204448076,3,Sunday,0,2025-11-09,Sunday,3,53
12,39.553895294513,16.509722190378866,3,Sunday,0,2025-11-09,Sunday,3,53
14,2.1984040287505593,13.16212536837004,3,Sunday,0,2025-11-09,Sunday,3,53
16,16.20898053121871,6.830111123923978,3,Sunday,0,2025-11-09,Sunday,3,53
17,19.20026880821442,7.103590480826912,3,Sunday,0,2025-11-09,Sunday,3,53
23,16.046173255275974,11.971047726378037,3,Sunday,0,2025-11-09,Sunday,3,53
22,11.577380443139162,4.639535474469732,3,Sunday,0,2025-11-09,Sunday,3,53
21,6.083801535767862,9.736306307397086,3,Sunday,0,2025-11-09,Sunday,3,53
19,2.064736861848256,2.3050212806007035,3,Sunday,0,2025-11-09,Sunday,3,53
16,3.202351087661497,5.067396782226095,3,Sunday,0,2025-11-09,Sunday,3,53
21,14.617908653510543,10.847931694676083,3,Sunday,0,2025-11-09,Sunday,3,53
17,17.797342467990156,14.799601615646369,3,Sunday,0,2025-11-09,Sunday,3,53
22,32.67150412508693,6.815219868713408,3,Sunday,0,2025-11-09,Sunday,3,53
21,18.19482669195516,19.854909376127754,3,Sunday,0,2025-11-09,Sunday,3,53
23,9.475974543453521,11.59227210485793,3,Sunday,0,2025-11-09,Sunday,3,53
13,13.868516186464554,15.869794429257851,3,Sunday,0,2025-11-09,Sunday,3,53
14,16.557788502675955,32.92706889760744,3,Sunday,0,2025-11-09,Sunday,3,53
17,17.738702406903645,17.265656952175533,3,Sunday,0,2025-11-09,Sunday,3,53
16,7.811364206842733,10.901264234431899,3,Sunday,0,2025-11-09,Sunday,3,53
19,12.329968303927672,14.985952354158478,3,Sunday,0,2025-11-09,Sunday,3,53
22,16.25097687436411,0.9127341434283084,3,Sunday,0,2025-11-09,Sunday,3,53
12,2.7134065737950896,15.249042834636496,3,Sunday,0,2025-11-09,Sunday,3,53
20,12.73967986005928,15.132208921267546,3,Sunday,0,2025-11-09,Sunday,3,53
18,12.873921208686731,20.447132183166108,3,Sunday,0,2025-11-09,Sunday,3,53
17,34.531160695089234,11.678676707230121,3,Sunday,0,2025-11-09,Sunday,3,53
17,8.60618718046981,19.336915672099586,3,Sunday,0,2025-11-09,Sunday,3,53
8,12.698062476723425,20.888380257129594,3,Sunday,0,2025-11-09,Sunday,3,53
18,18.930434709772793,7.7428743253226715,3,Sunday,0,2025-11-09,Sunday,3,53
20,28.293572219911333,32.74033910401205,3,Sunday,0,2025-11-09,Sunday,3,53
18,20.626712021909352,9.688388745632093,3,Sunday,0,2025-11-09,Sunday,3,53
20,6.916181828394044,13.286587075105755,3,Sunday,0,2025-11-09,Sunday,3,53
16,23.47280658399879,9.775406485347059,3,Sunday,0,2025-11-09,Sunday,3,53
19,11.218211554210079,24.579581479317966,3,Sunday,0,2025-11-09,Sunday,3,53
18,15.545486297539277,3.9276182588514947,3,Sunday,0,2025-11-09,Sunday,3,53
19,7.284873276273686,13.63616161639616,3,Sunday,0,2025-11-16,Sunday,3,37
22,12.333334661403239,4.757816023726874,3,Sunday,0,2025-11-16,Sunday,3,37
17,43.81975183097334,3.40700666842363,3,Sunday,0,2025-11-16,Sunday,3,37
16,14.484763074658666,8.635339885444187,3,Sunday,0,2025-11-16,Sunday,3,37
20,12.95236160510067,19.50086325006844,3,Sunday,0,2025-11-16,Sunday,3,37
20,13.753406071532602,14.925046079122431,3,Sunday,0,2025-11-16,Sunday,3,37
17,15.124237370129503,9.579004320313015,3,Sunday,0,2025-11-16,Sunday,3,37
20,9.278016868080588,13.164325594048801,3,Sunday,0,2025-11-16,Sunday,3,37
23,9.630309136877468,10.776156281456526,3,Sunday,0,2025-11-16,Sunday,3,37
18,3.589512403822928,7.27225743281756,3,Sunday,0,2025-11-16,Sunday,3,37
21,7.8701469749679225,15.76316220146298,3,Sunday,0,2025-11-16,Sunday,3,37
14,7.668991714288159,1.4710807856374362,3,Sunday,0,2025-11-16,Sunday,3,37
16,18.075076255916038,6.462637027384291,3,Sunday,0,2025-11-16,Sunday,3,37
18,50.016941964456535,2.629830627357717,3,Sunday,0,2025-11-16,Sunday,3,37
18,17.16228924348564,10.237980945660244,3,Sunday,0,2025-11-16,Sunday,3,37
14,4.651905684962645,40.47797611019783,3,Sunday,0,2025-11-16,Sunday,3,37
14,16.57671570597393,21.941249341715153,3,Sunday,0,2025-11-16,Sunday,3,37
19,29.873824712718434,9.016173012549498,3,Sunday,0,2025-11-16,Sunday,3,37
17,6.179029634840077,10.403303853048213,3,Sunday,0,2025-11-16,Sunday,3,37
18,16.82095568837747,11.72999597489051,3,Sunday,0,2025-11-16,Sunday,3,37
21,6.275588807058704,9.123161238078914,3,Sunday,0,2025-11-16,Sunday,3,37
23,11.47011792605976,11.179747970456221,3,Sunday,0,2025-11-16,Sunday,3,37
22,9.954410689546295,4.696313842427412,3,Sunday,0,2025-11-16,Sunday,3,37
23,10.301817775936168,13.575080577474921,3,Sunday,0,2025-11-16,Sunday,3,37
23,10.003051867600483,14.996349062406106,3,Sunday,0,2025-11-16,Sunday,3,37
17,4.185051660358782,4.552898095916873,3,Sunday,0,2025-11-16,Sunday,3,37
19,15.360955126456634,7.567102817273474,3,Sunday,0,2025-11-16,Sunday,3,37
17,18.302045532874235,6.9622849555961555,3,Sunday,0,2025-11-16,Sunday,3,37
3,11.576677229343375,41.712163153532096,3,Sunday,0,2025-11-16,Sunday,3,37
22,8.618135157710249,10.808359662123818,3,Sunday,0,2025-11-16,Sunday,3,37
19,25.732328126742484,12.107334652687749,3,Sunday,0,2025-11-16,Sunday,3,37
15,8.07318172901299,4.15269701174151,3,Sunday,0,2025-11-16,Sunday,3,37
18,10.753750174834284,2.9563721025228284,3,Sunday,0,2025-11-16,Sunday,3,37
2,2.2710902602688496,19.224278682680556,3,Sunday,0,2025-11-16,Sunday,3,37
19,3.8614617841321266,8.140258305080634,3,Sunday,0,2025-11-16,Sunday,3,37
12,12.092323452198581,2.783435133427478,3,Sunday,0,2025-11-16,Sunday,3,37
19,9.839366076106788,5.658432839879929,3,Sunday,0,2025-11-16,Sunday,3,37
8,3.1553536260925448,8.356402635864445,3,Sunday,0,2025-11-23,Sunday,3,42
23,14.280745098094176,26.700056133177103,3,Sunday,0,2025-11-23,Sunday,3,42
18,5.179674876886388,4.156737952119996,3,Sunday,0,2025-11-23,Sunday,3,42
18,20.23945495151687,7.156669355746002,3,Sunday,0,2025-11-23,Sunday,3,42
17,4.381547026681541,7.119102645586853,3,Sunday,0,2025-11-23,Sunday,3,42
18,10.576194574054139,39.41470757140231,3,Sunday,0,2025-11-23,Sunday,3,42
20,8.43491411970814,26.76358501147471,3,Sunday,0,2025-11-23,Sunday,3,42
9,11.043718772679231,10.571855785006115,3,Sunday,0,2025-11-23,Sunday,3,42
16,8.343790892416617,4.3456708364113155,3,Sunday,0,2025-11-23,Sunday,3,42
9,15.305016826213013,8.15958650860869,3,Sunday,0,2025-11-23,Sunday,3,42
19,11.055508073545028,8.214848542833844,3,Sunday,0,2025-11-23,Sunday,3,42
12,18.507314138655662,4.194781741701829,3,Sunday,0,2025-11-23,Sunday,3,42
14,4.149251177521438,6.9521962980772685,3,Sunday,0,2025-11-23,Sunday,3,42
19,11.296855257435926,6.186703532050827,3,Sunday,0,2025-11-23,Sunday,3,42
22,18.272985642403842,17.132891926766913,3,Sunday,0,2025-11-23,Sunday,3,42
19,25.426369182674417,5.902229101091112,3,Sunday,0,2025-11-23,Sunday,3,42
0,4.0429533031035945,9.399203356561094,3,Sunday,0,2025-11-23,Sunday,3,42
19,9.041100675100514,9.91536139439694,3,Sunday,0,2025-11-23,Sunday,3,42
17,17.593173657347684,6.264141250278022,3,Sunday,0,2025-11-23,Sunday,3,42
22,13.405991861992486,23.625479156349034,3,Sunday,0,2025-11-23,Sunday,3,42
17,9.839357922673187,5.79689294483971,3,Sunday,0,2025-11-23,Sunday,3,42
22,3.999236636845289,15.19025298369897,3,Sunday,0,2025-11-23,Sunday,3,42
16,16.7181597138495,3.5671409779586805,3,Sunday,0,2025-11-23,Sunday,3,42
18,10.118385518470369,6.43062401937271,3,Sunday,0,2025-11-23,Sunday,3,42
18,2.0726112046639242,6.1608624804859975,3,Sunday,0,2025-11-23,Sunday,3,42
4,8.125923995023811,28.18353303241944,3,Sunday,0,2025-11-23,Sunday,3,42
19,3.2556969447684745,13.558245982982879,3,Sunday,0,2025-11-23,Sunday,3,42
16,20.92543320801979,10.690203356112056,3,Sunday,0,2025-11-23,Sunday,3,42
21,14.882507604630216,9.191973054499815,3,Sunday,0,2025-11-23,Sunday,3,42
22,9.843426257920964,5.8376521690478285,3,Sunday,0,2025-11-23,Sunday,3,42
9,75.56910002033482,9.748467851439807,3,Sunday,0,2025-11-23,Sunday,3,42
15,56.73714991089144,2.483170098264809,3,Sunday,0,2025-11-23,Sunday,3,42
22,9.40047481241855,36.659216979520195,3,Sunday,0,2025-11-23,Sunday,3,42
15,11.071660679426046,10.922873308328258,3,Sunday,0,2025-11-23,Sunday,3,42
20,12.406577446579245,6.301955015961601,3,Sunday,0,2025-11-23,Sunday,3,42
21,11.917857395139574,1.9154233545207469,3,Sunday,0,2025-11-23,Sunday,3,42
16,58.914091868462876,15.611918498794351,3,Sunday,0,2025-11-23,Sunday,3,42
12,2.774869313959785,5.853690515735774,3,Sunday,0,2025-11-23,Sunday,3,42
23,5.202295260941781,23.617904929471088,3,Sunday,0,2025-11-23,Sunday,3,42
17,2.5111149965895274,4.218134493005949,3,Sunday,0,2025-11-23,Sunday,3,42
15,18.64811042286514,16.26417124025495,3,Sunday,0,2025-11-23,Sunday,3,42
15,39.48604788251516,30.381850443591816,3,Sunday,0,2025-11-23,Sunday,3,42
13,4.549785602667715,9.345412877013526,3,Sunday,0,2025-11-30,Sunday,3,39
19,4.643844449941874,18.638619149466763,3,Sunday,0,2025-11-30,Sunday,3,39
20,11.869589642066487,17.679857393719704,3,Sunday,0,2025-11-30,Sunday,3,39
17,21.05992312848686,55.11474708505045,3,Sunday,0,2025-11-30,Sunday,3,39
14,19.798898305017776,33.66150758321922,3,Sunday,0,2025-11-30,Sunday,3,39
15,19.302974469803026,12.63038825649091,3,Sunday,0,2025-11-30,Sunday,3,39
15,12.931968814861357,14.756550210725177,3,Sunday,0,2025-11-30,Sunday,3,39
23,12.166619660806543,23.921564352159198,3,Sunday,0,2025-11-30,Sunday,3,39
18,13.693983685197548,19.677124116150033,3,Sunday,0,2025-11-30,Sunday,3,39
14,2.343266607325236,7.165613985108056,3,Sunday,0,2025-11-30,Sunday,3,39
23,8.792543521205042,9.59061628431906,3,Sunday,0,2025-11-30,Sunday,3,39
18,13.914315800427445,4.107597345529631,3,Sunday,0,2025-11-30,Sunday,3,39
16,19.00532166568376,13.317379313425965,3,Sunday,0,2025-11-30,Sunday,3,39
18,11.781718182344544,11.040480449634654,3,Sunday,0,2025-11-30,Sunday,3,39
18,9.811204925994051,21.539253190966676,3,Sunday,0,2025-11-30,Sunday,3,39
20,5.0948490770923875,10.058109249416896,3,Sunday,0,2025-11-30,Sunday,3,39
4,3.634993683860875,2.7860222216446155,3,Sunday,0,2025-11-30,Sunday,3,39
18,28.052602260789598,4.484672854685225,3,Sunday,0,2025-11-30,Sunday,3,39
17,19.708493685046065,5.429743556394895,3,Sunday,0,2025-11-30,Sunday,3,39
23,40.920066228357214,3.4533719902953415,3,Sunday,0,2025-11-30,Sunday,3,39
15,17.195304086287194,12.21383279561507,3,Sunday,0,2025-11-30,Sunday,3,39
20,11.08678937608379,18.274280827544192,3,Sunday,0,2025-11-30,Sunday,3,39
23,22.996117955073796,38.4453004925855,3,Sunday,0,2025-11-30,Sunday,3,39
12,26.01854949268312,8.165460552101635,3,Sunday,0,2025-11-30,Sunday,3,39
22,10.716814821105931,20.36032090074585,3,Sunday,0,2025-11-30,Sunday,3,39
16,14.766334903172403,13.758866111280437,3,Sunday,0,2025-11-30,Sunday,3,39
22,7.7154175105504885,9.259374458463208,3,Sunday,0,2025-11-30,Sunday,3,39
9,4.020368832451009,2.613338593421598,3,Sunday,0,2025-11-30,Sunday,3,39
5,18.857839878665715,19.935711784194165,3,Sunday,0,2025-11-30,Sunday,3,39
12,16.5386998745904,6.9651895466826215,3,Sunday,0,2025-11-30,Sunday,3,39
11,13.255348575933159,14.923893443781527,3,Sunday,0,2025-11-30,Sunday,3,39
23,27.727843742341193,20.967727150965775,3,Sunday,0,2025-11-30,Sunday,3,39
19,7.978576141748552,7.067688649262839,3,Sunday,0,2025-11-30,Sunday,3,39
19,12.447090155636722,9.731651356295458,3,Sunday,0,2025-11-30,Sunday,3,39
18,17.662381146962854,28.7936186868918,3,Sunday,0,2025-11-30,Sunday,3,39
18,15.809995039322335,13.87273078315612,3,Sunday,0,2025-11-30,Sunday,3,39
11,12.886004022112328,5.399006900151327,3,Sunday,0,2025-11-30,Sunday,3,39
15,7.357021939828942,8.078453612237071,3,Sunday,0,2025-11-30,Sunday,3,39
15,20.525314498370086,36.399782444575166,3,Sunday,0,2025-11-30,Sunday,3,39
21,11.680489150452086,1.8845462091005982,3,Sunday,0,2025-12-07,Sunday,3,34
15,17.21282331169386,11.700476597372617,3,Sunday,0,2025-12-07,Sunday,3,34
18,18.205520679621195,20.120115162062714,3,Sunday,0,2025-12-07,Sunday,3,34
18,2.561826352690891,6.389275811896115,3,Sunday,0,2025-12-07,Sunday,3,34
22,7.466752633795701,12.536057691131697,3,Sunday,0,2025-12-07,Sunday,3,34
13,29.233509007470577,13.834201236148992,3,Sunday,0,2025-12-07,Sunday,3,34
19,18.197538012738878,26.647327531874204,3,Sunday,0,2025-12-07,Sunday,3,34
17,18.476286255651644,11.136663912286265,3,Sunday,0,2025-12-07,Sunday,3,34
23,7.656039078408355,2.5881054941976362,3,Sunday,0,2025-12-07,Sunday,3,34
23,10.550260653216402,7.103967404787368,3,Sunday,0,2025-12-07,Sunday,3,34
19,13.818045216450397,5.294443083974249,3,Sunday,0,2025-12-07,Sunday,3,34
19,3.318704709362514,4.197887995036319,3,Sunday,0,2025-12-07,Sunday,3,34
14,2.2011046965157974,18.542189334127073,3,Sunday,0,2025-12-07,Sunday,3,34
18,14.397759878362375,12.035451317865233,3,Sunday,0,2025-12-07,Sunday,3,34
9,6.489622284361844,11.991934994359449,3,Sunday,0,2025-12-07,Sunday,3,34
18,2.426815795020684,13.50646025421225,3,Sunday,0,2025-12-07,Sunday,3,34
21,15.445968102816767,40.382353897925306,3,Sunday,0,2025-12-07,Sunday,3,34
16,26.02395105437347,15.983213033693687,3,Sunday,0,2025-12-07,Sunday,3,34
11,5.645437364080671,9.532888542519016,3,Sunday,0,2025-12-07,Sunday,3,34
17,15.868872430543206,21.299526765783735,3,Sunday,0,2025-12-07,Sunday,3,34
23,8.828908602435856,22.377958842512626,3,Sunday,0,2025-12-07,Sunday,3,34
16,13.146045368574878,3.2358008240057723,3,Sunday,0,2025-12-07,Sunday,3,34
22,12.88375967106861,32.33581395441748,3,Sunday,0,2025-12-07,Sunday,3,34
15,3.7917760284318485,12.86567991723847,3,Sunday,0,2025-12-07,Sunday,3,34
18,11.521437525396014,10.305574448949848,3,Sunday,0,2025-12-07,Sunday,3,34
18,19.696203309145886,27.847160978237657,3,Sunday,0,2025-12-07,Sunday,3,34
20,12.08724860727624,18.264364958026558,3,Sunday,0,2025-12-07,Sunday,3,34
10,2.112138696131534,11.089359456810154,3,Sunday,0,2025-12-07,Sunday,3,34
23,18.639685287861244,14.202685895469795,3,Sunday,0,2025-12-07,Sunday,3,34
20,5.5574222208574415,11.7274684007595,3,Sunday,0,2025-12-07,Sunday,3,34
1,45.66502776119534,14.208845915848267,3,Sunday,0,2025-12-07,Sunday,3,34
14,22.80158565012775,37.27960961181301,3,Sunday,0,2025-12-07,Sunday,3,34
20,12.721627791827515,16.61612487645265,3,Sunday,0,2025-12-07,Sunday,3,34
15,9.598883376297358,5.351352265904376,3,Sunday,0,2025-12-07,Sunday,3,34
15,11.97972216428797,12.867650307674536,3,Sunday,0,2025-12-14,Sunday,3,32
18,32.53909160471798,22.311973984382142,3,Sunday,0,2025-12-14,Sunday,3,32
15,3.8279849840632227,5.3683692558099105,3,Sunday,0,2025-12-14,Sunday,3,32
19,24.49801930793219,27.170878722021452,3,Sunday,0,2025-12-14,Sunday,3,32
22,7.823831962430791,14.1411570710963,3,Sunday,0,2025-12-14,Sunday,3,32
23,9.166049034916552,14.298165866687365,3,Sunday,0,2025-12-14,Sunday,3,32
14,2.0247428994382095,7.614964722500995,3,Sunday,0,2025-12-14,Sunday,3,32
16,8.74494036419756,7.4444238587880305,3,Sunday,0,2025-12-14,Sunday,3,32
23,9.79813339291002,10.531830038013826,3,Sunday,0,2025-12-14,Sunday,3,32
11,15.32861283490735,4.596530215007543,3,Sunday,0,2025-12-14,Sunday,3,32
20,12.968503851220852,3.350769853956085,3,Sunday,0,2025-12-14,Sunday,3,32
15,15.643022856333747,14.24892051733064,3,Sunday,0,2025-12-14,Sunday,3,32
19,13.532784045648778,21.999356541417157,3,Sunday,0,2025-12-14,Sunday,3,32
14,12.194663556511731,23.077249272452537,3,Sunday,0,2025-12-14,Sunday,3,32
23,10.249538200134964,8.672399423904182,3,Sunday,0,2025-12-14,Sunday,3,32
16,18.106258990356817,35.098280578759216,3,Sunday,0,2025-12-14,Sunday,3,32
19,3.881626990139888,9.345819478189222,3,Sunday,0,2025-12-14,Sunday,3,32
10,19.399182710517824,4.07820353878494,3,Sunday,0,2025-12-14,Sunday,3,32
21,15.71817511698493,3.0187153594393523,3,Sunday,0,2025-12-14,Sunday,3,32
20,11.188154220262206,22.261316304562445,3,Sunday,0,2025-12-14,Sunday,3,32
21,11.73484258268773,10.587639360799997,3,Sunday,0,2025-12-14,Sunday,3,32
21,5.374682407635932,4.76992719390059,3,Sunday,0,2025-12-14,Sunday,3,32
1,15.817576674706281,28.39657222717199,3,Sunday,0,2025-12-14,Sunday,3,32
16,16.781491665743363,3.427551466579726,3,Sunday,0,2025-12-14,Sunday,3,32
22,9.892355478266085,8.964530465976695,3,Sunday,0,2025-12-14,Sunday,3,32
14,23.426708139421574,30.55066576262384,3,Sunday,0,2025-12-14,Sunday,3,32
18,8.558876156854325,10.987886617061749,3,Sunday,0,2025-12-14,Sunday,3,32
15,7.270567208763382,5.524491474167153,3,Sunday,0,2025-12-14,Sunday,3,32
16,17.728559744226214,16.87904254137083,3,Sunday,0,2025-12-14,Sunday,3,32
23,9.085624696329589,9.212961707829455,3,Sunday,0,2025-12-14,Sunday,3,32
17,15.900081515883834,15.103992825332897,3,Sunday,0,2025-12-14,Sunday,3,32
10,4.151578629060803,16.948086681254072,3,Sunday,0,2025-12-14,Sunday,3,32
17,2.656378226178279,4.720938240500303,3,Sunday,0,2025-12-21,Sunday,3,40
20,10.977769066455359,4.537671622960507,3,Sunday,0,2025-12-21,Sunday,3,40
17,7.109145265619577,2.8579564442681926,3,Sunday,0,2025-12-21,Sunday,3,40
20,14.366885248984786,31.330122427044643,3,Sunday,0,2025-12-21,Sunday,3,40
16,14.792284092457539,15.244769302747212,3,Sunday,0,2025-12-21,Sunday,3,40
17,9.319885413437897,26.285355146248687,3,Sunday,0,2025-12-21,Sunday,3,40
12,10.64735172085971,9.280837207011825,3,Sunday,0,2025-12-21,Sunday,3,40
19,10.324951133737635,17.458071633950855,3,Sunday,0,2025-12-21,Sunday,3,40
20,11.81486291361244,34.7714898676642,3,Sunday,0,2025-12-21,Sunday,3,40
13,2.0295494681414623,7.931578426467111,3,Sunday,0,2025-12-21,Sunday,3,40
22,13.868840528418321,5.872290934903943,3,Sunday,0,2025-12-21,Sunday,3,40
23,23.93718950207394,13.85657779522556,3,Sunday,0,2025-12-21,Sunday,3,40
15,2.929601480469405,6.362447404446861,3,Sunday,0,2025-12-21,Sunday,3,40
19,14.272697487003384,9.434453979384319,3,Sunday,0,2025-12-21,Sunday,3,40
20,19.428682183221483,2.17758048915077,3,Sunday,0,2025-12-21,Sunday,3,40
18,16.4426048263043,13.648173278079161,3,Sunday,0,2025-12-21,Sunday,3,40
13,12.290085256780515,14.258220545473861,3,Sunday,0,2025-12-21,Sunday,3,40
18,15.775854323739864,7.54007425843653,3,Sunday,0,2025-12-21,Sunday,3,40
22,2.0669164680590923,12.24413768496563,3,Sunday,0,2025-12-21,Sunday,3,40
20,12.370065712252774,12.910766137780714,3,Sunday,0,2025-12-21,Sunday,3,40
5,12.404604395896065,50.114440593790455,3,Sunday,0,2025-12-21,Sunday,3,40
23,17.18734087014285,26.43373470700558,3,Sunday,0,2025-12-21,Sunday,3,40
16,2.01941981595547,6.533181096308476,3,Sunday,0,2025-12-21,Sunday,3,40
17,13.196490304181449,30.04090978926187,3,Sunday,0,2025-12-21,Sunday,3,40
20,9.808356695027008,7.612707186004066,3,Sunday,0,2025-12-21,Sunday,3,40
15,9.928560433481783,6.05359361140573,3,Sunday,0,2025-12-21,Sunday,3,40
23,10.49835542042862,31.647445559238513,3,Sunday,0,2025-12-21,Sunday,3,40
18,41.80071584751319,2.6982241649578027,3,Sunday,0,2025-12-21,Sunday,3,40
23,21.212416825116737,23.666555870494758,3,Sunday,0,2025-12-21,Sunday,3,40
3,16.43189602299897,27.949422100708627,3,Sunday,0,2025-12-21,Sunday,3,40
14,4.801308715341769,5.643319309260478,3,Sunday,0,2025-12-21,Sunday,3,40
11,3.8520469042815537,34.60441365543868,3,Sunday,0,2025-12-21,Sunday,3,40
13,4.212982369689198,16.804170612631683,3,Sunday,0,2025-12-21,Sunday,3,40
13,21.691703330348048,10.641112268558787,3,Sunday,0,2025-12-21,Sunday,3,40
23,8.743837762493193,14.798291209027205,3,Sunday,0,2025-12-21,Sunday,3,40
7,33.20606984957719,7.879021487477204,3,Sunday,0,2025-12-21,Sunday,3,40
16,14.027670985811802,4.911867625393614,3,Sunday,0,2025-12-21,Sunday,3,40
21,9.96478173932153,11.45611435642999,3,Sunday,0,2025-12-21,Sunday,3,40
18,19.673682109480694,7.3046079238316555,3,Sunday,0,2025-12-21,Sunday,3,40
18,16.757218706903245,9.367197021976166,3,Sunday,0,2025-12-21,Sunday,3,40
