location_group,weekday_group,plugin_hour,plugin_day,plugin_month,area_type,electricity_price,temperature,humidity,solar_radiation,wind_speed,season,connection_time,energy_session,__date__,__weekday_group__,__season__,__count__
3.0,Mon-Th,22,10,10,urban,0.0034944886060611214,8.5,49.0,0.0,14.1,0,3.229489,22.21,2025-01-01,Mon-Th,0,15
3.0,Mon-Th,18,2,3,urban,0.03991489257175851,-0.1,95.0,120.0,11.1,0,12.275499,13.3,2025-01-01,Mon-Th,0,15
3.0,Mon-Th,4,14,5,urban,0.005138574805644417,12.4,33.0,0.0,10.3,0,16.555226,8.07,2025-01-01,Mon-Th,0,15
3.0,Mon-Th,17,30,8,urban,0.022594768298077935,22.9,92.0,451.0,15.2,0,7.358774,2.49,2025-01-01,Mon-Th,0,15
3.0,Mon-Th,22,18,4,sub-urban,0.00545565265187075,19.7,35.0,482.0,16.3,0,13.336322,12.78,2025-01-01,Mon-Th,0,15
3.0,Mon-Th,14,13,6,sub-urban,0.032998745230539986,6.2,73.0,175.0,13.7,0,30.50862,8.16,2025-01-01,Mon-Th,0,15
3.0,Mon-Th,11,25,3,urban,0.04342676124911477,2.9,70.0,325.0,11.6,0,12.519278,14.08,2025-01-01,Mon-Th,0,15
3.0,Mon-Th,19,4,6,urban,0.035833271177540406,19.3,26.0,558.0,4.5,0,14.031799,21.32,2025-01-01,Mon-Th,0,15
3.0,Mon-Th,20,12,4,urban,0.005895791848715074,9.0,36.0,379.0,8.1,0,47.225616,18.06,2025-01-01,Mon-Th,0,15
3.0,Mon-Th,3,24,10,urban,-0.000284624987263166,9.2,38.0,62.0,12.6,0,18.363921,8.37,2025-01-01,Mon-Th,0,15
3.0,Mon-Th,22,6,4,urban,0.010377891565481419,29.4,28.0,405.0,8.6,0,5.652633,25.68,2025-01-01,Mon-Th,0,15
3.0,Mon-Th,17,12,10,urban,0.003350657779212418,8.5,68.0,0.0,4.8,0,12.994711,5.12,2025-01-01,Mon-Th,0,15
3.0,Mon-Th,20,2,4,urban,0.002172051478141279,12.5,52.0,468.0,10.3,0,9.844358,15.37,2025-01-01,Mon-Th,0,15
3.0,Mon-Th,8,26,5,urban,0.0026477689178328045,6.0,28.0,407.0,13.7,0,8.219755,41.68,2025-01-01,Mon-Th,0,15
3.0,Mon-Th,14,17,3,urban,0.022526952794255713,10.9,84.0,0.0,2.3,0,18.928086,17.9,2025-01-01,Mon-Th,0,15
3.0,Mon-Th,20,9,4,urban,0.03918051093644367,6.3,35.0,47.0,11.1,0,31.646841,6.16,2025-01-02,Mon-Th,0,9
3.0,Mon-Th,23,9,6,urban,0.0017117735445088124,8.4,100.0,1.0,7.5,0,12.251201,5.14,2025-01-02,Mon-Th,0,9
3.0,Mon-Th,21,2,6,urban,0.0022713306990309054,7.8,57.0,2.0,8.5,0,4.383778,15.17,2025-01-02,Mon-Th,0,9
3.0,Mon-Th,23,26,3,urban,0.00483594687202808,11.6,50.0,619.0,14.2,0,14.182723,15.17,2025-01-02,Mon-Th,0,9
3.0,Mon-Th,16,21,5,urban,0.008467234985866625,22.4,26.0,490.0,3.9,0,14.84574,10.74,2025-01-02,Mon-Th,0,9
3.0,Mon-Th,18,23,6,urban,0.005457976053142264,20.0,36.0,320.0,14.5,0,10.224208,6.88,2025-01-02,Mon-Th,0,9
3.0,Mon-Th,21,8,3,sub-urban,0.024575331776132768,9.5,61.0,0.0,6.4,0,14.723742,18.19,2025-01-02,Mon-Th,0,9
3.0,Mon-Th,21,9,4,urban,0.04027591366966213,6.6,94.0,1.0,9.4,0,13.047351,6.77,2025-01-02,Mon-Th,0,9
3.0,Mon-Th,19,28,4,urban,0.006236967766251725,7.7,41.0,1.0,18.3,0,16.540631,6.53,2025-01-02,Mon-Th,0,9
3.0,Mon-Th,4,7,6,urban,0.0022965211157151425,7.9,94.0,1.0,5.4,0,12.498546,7.71,2025-01-06,Mon-Th,0,6
3.0,Mon-Th,14,10,5,sub-urban,0.03982585515885764,7.8,54.0,39.0,13.2,0,7.072057,10.23,2025-01-06,Mon-Th,0,6
3.0,Mon-Th,12,8,4,urban,0.005439630671409516,25.8,97.0,1.0,4.3,0,14.798612,23.62,2025-01-06,Mon-Th,0,6
3.0,Mon-Th,20,4,8,urban,0.03359011482600536,17.1,58.0,205.0,11.9,0,6.981704,17.3,2025-01-06,Mon-Th,0,6
3.0,Mon-Th,22,23,10,urban,0.036157160662788075,4.9,62.0,15.0,9.5,0,18.636505,8.62,2025-01-06,Mon-Th,0,6
3.0,Mon-Th,16,10,3,urban,0.010337089078062894,6.5,38.0,534.0,15.9,0,14.530759,5.15,2025-01-06,Mon-Th,0,6
3.0,Mon-Th,10,28,6,urban,0.03608342417143731,5.9,79.0,0.0,12.7,0,16.092854,6.12,2025-01-07,Mon-Th,0,12
3.0,Mon-Th,20,1,4,urban,0.00022348703256369964,16.3,65.0,207.0,7.7,0,23.169304,13.93,2025-01-07,Mon-Th,0,12
3.0,Mon-Th,16,3,3,sub-urban,0.004227142357730688,6.1,54.0,450.0,5.4,0,2.775685,5.59,2025-01-07,Mon-Th,0,12
3.0,Mon-Th,19,9,2,urban,0.03550424845633473,-5.6,87.0,0.0,14.7,0,8.07284,9.88,2025-01-07,Mon-Th,0,12
3.0,Mon-Th,14,21,10,urban,0.03725164631199387,8.7,92.0,1.0,14.8,0,16.761204,20.99,2025-01-07,Mon-Th,0,12
3.0,Mon-Th,5,26,4,urban,0.0037111950690193215,7.0,61.0,1.0,9.0,0,16.831298,19.87,2025-01-07,Mon-Th,0,12
3.0,Mon-Th,22,22,5,urban,0.04180878186965645,8.0,67.0,1.0,12.7,0,15.0653,8.28,2025-01-07,Mon-Th,0,12
3.0,Mon-Th,9,7,3,urban,0.0017902513107191614,6.4,59.0,62.0,2.9,0,12.502686,31.73,2025-01-07,Mon-Th,0,12
3.0,Mon-Th,14,1,7,urban,0.04044093231685373,13.2,47.0,296.0,17.9,0,16.545145,19.56,2025-01-07,Mon-Th,0,12
3.0,Mon-Th,3,23,3,urban,0.02056775368516612,15.2,52.0,464.0,17.2,0,21.506057,26.58,2025-01-07,Mon-Th,0,12
3.0,Mon-Th,14,3,12,urban,0.006845947590155552,6.8,100.0,1.0,7.9,0,44.122384,13.52,2025-01-07,Mon-Th,0,12
3.0,Mon-Th,16,26,4,urban,0.007516409298216166,14.2,39.0,548.0,6.4,0,6.142449,1.1,2025-01-07,Mon-Th,0,12
3.0,Mon-Th,4,23,6,urban,-0.00031,8.6,94.0,355.0,7.9,0,25.841355,8.34,2025-01-08,Mon-Th,0,13
3.0,Mon-Th,16,27,3,urban,0.005496986923961824,8.6,34.0,344.0,15.3,0,42.012318,5.81,2025-01-08,Mon-Th,0,13
3.0,Mon-Th,3,6,8,urban,0.0037207081771042463,14.5,55.0,366.0,4.6,0,15.658826,11.11,2025-01-08,Mon-Th,0,13
3.0,Mon-Th,21,22,4,urban,0.0057178032809189145,13.1,39.0,540.0,4.9,0,12.657043,19.47,2025-01-08,Mon-Th,0,13
3.0,Mon-Th,23,6,5,urban,0.04780667815945193,13.2,80.0,1.0,5.7,0,12.721427,4.6,2025-01-08,Mon-Th,0,13
3.0,Mon-Th,20,22,4,urban,0.027858381922635317,9.4,93.0,447.0,13.0,0,2.092268,8.25,2025-01-08,Mon-Th,0,13
3.0,Mon-Th,13,16,3,urban,0.0024141549596059146,17.3,33.0,497.0,9.4,0,24.285417,5.51,2025-01-08,Mon-Th,0,13
3.0,Mon-Th,21,18,4,urban,0.04254674887674292,9.5,58.0,50.0,6.6,0,14.961543,9.0,2025-01-08,Mon-Th,0,13
3.0,Mon-Th,19,8,4,urban,0.02192755938278794,6.9,35.0,431.0,4.3,0,9.741317,11.62,2025-01-08,Mon-Th,0,13
3.0,Mon-Th,21,26,6,urban,0.006463413428128619,12.8,44.0,516.0,9.0,0,35.735415,6.04,2025-01-08,Mon-Th,0,13
3.0,Mon-Th,22,10,6,urban,0.000831231271433443,10.0,49.0,126.0,7.1,0,13.384883,7.05,2025-01-08,Mon-Th,0,13
3.0,Mon-Th,7,1,6,urban,-0.00031,11.7,93.0,0.0,6.0,0,58.950996,16.2,2025-01-08,Mon-Th,0,13
3.0,Mon-Th,9,26,5,urban,0.01538101250352616,14.7,44.0,0.0,16.6,0,8.481034,9.39,2025-01-08,Mon-Th,0,13
3.0,Mon-Th,19,1,4,urban,0.005292169215550706,12.0,34.0,0.0,4.9,0,13.537197,5.52,2025-01-09,Mon-Th,0,3
3.0,Mon-Th,8,26,10,urban,0.0021265158143444073,9.2,39.0,618.0,29.9,0,47.49646,7.36,2025-01-09,Mon-Th,0,3
3.0,Mon-Th,8,16,3,urban,0.002611362163249551,6.8,55.0,1.0,11.5,0,13.846305,51.92,2025-01-09,Mon-Th,0,3
3.0,Mon-Th,22,6,5,sub-urban,0.006294034154068547,12.1,57.0,424.0,8.2,0,11.18587,3.08,2025-01-13,Mon-Th,0,6
3.0,Mon-Th,16,8,12,urban,0.02557715916115562,4.9,99.0,1.0,20.9,0,9.938292,8.9,2025-01-13,Mon-Th,0,6
3.0,Mon-Th,16,2,1,sub-urban,0.015682884059351455,8.0,92.0,0.0,13.2,0,2.474699,17.73,2025-01-13,Mon-Th,0,6
3.0,Mon-Th,7,28,12,urban,0.005986686587352619,8.7,96.0,0.0,19.7,0,4.369468,7.79,2025-01-13,Mon-Th,0,6
3.0,Mon-Th,20,12,5,urban,0.00481890414314858,5.1,36.0,1.0,4.2,0,10.929936,20.82,2025-01-13,Mon-Th,0,6
3.0,Mon-Th,22,21,6,urban,0.032964346829667056,12.2,62.0,0.0,6.1,0,16.545704,20.02,2025-01-13,Mon-Th,0,6
3.0,Mon-Th,10,15,4,urban,0.04464932146697742,7.3,76.0,1.0,4.2,0,11.550416,3.22,2025-01-14,Mon-Th,0,7
3.0,Mon-Th,22,24,7,urban,0.02476716829089885,7.8,58.0,200.0,8.2,0,2.0,9.58,2025-01-14,Mon-Th,0,7
3.0,Mon-Th,20,1,4,urban,0.01895963977924607,12.7,59.0,487.0,8.6,0,16.589376,9.66,2025-01-14,Mon-Th,0,7
3.0,Mon-Th,23,4,4,urban,0.017444496544857312,8.7,99.0,1.0,14.3,0,16.932605,8.93,2025-01-14,Mon-Th,0,7
3.0,Mon-Th,16,23,4,urban,0.04880810091701791,27.3,28.0,587.0,11.3,0,24.890752,17.92,2025-01-14,Mon-Th,0,7
3.0,Mon-Th,16,26,4,sub-urban,0.0390563799614554,4.7,59.0,0.0,14.4,0,9.037361,27.01,2025-01-14,Mon-Th,0,7
3.0,Mon-Th,4,20,6,urban,0.0029077717297090115,18.4,33.0,439.0,3.8,0,21.288984,12.93,2025-01-14,Mon-Th,0,7
3.0,Mon-Th,8,10,10,urban,0.03742059975373206,12.4,67.0,0.0,6.2,0,10.55197,39.37,2025-01-15,Mon-Th,0,7
3.0,Mon-Th,3,29,4,urban,0.03968665094224765,13.9,94.0,190.0,11.9,0,16.338542,8.45,2025-01-15,Mon-Th,0,7
3.0,Mon-Th,12,16,6,urban,0.00801250089829571,10.2,35.0,247.0,16.8,0,16.470754,32.3,2025-01-15,Mon-Th,0,7
3.0,Mon-Th,22,16,7,urban,0.035093585897990505,24.7,34.0,392.0,5.8,0,10.608184,14.62,2025-01-15,Mon-Th,0,7
3.0,Mon-Th,20,26,5,urban,0.004609537614801321,8.8,35.0,316.0,4.7,0,11.243451,47.01,2025-01-15,Mon-Th,0,7
3.0,Mon-Th,3,23,3,urban,0.001064692794480624,3.2,93.0,1.0,5.7,0,19.658796,43.56,2025-01-15,Mon-Th,0,7
3.0,Mon-Th,10,25,4,urban,0.005380843486218876,7.7,70.0,0.0,11.6,0,7.612096,12.89,2025-01-15,Mon-Th,0,7
3.0,Mon-Th,22,23,9,urban,0.04033715670678424,13.5,66.0,307.0,7.0,0,13.784919,6.18,2025-01-16,Mon-Th,0,7
3.0,Mon-Th,20,19,6,urban,0.03549288807511318,18.2,92.0,1.0,10.4,0,12.463525,9.11,2025-01-16,Mon-Th,0,7
3.0,Mon-Th,19,12,4,urban,0.007491827890269108,4.7,90.0,21.0,15.6,0,2.937921,11.53,2025-01-16,Mon-Th,0,7
3.0,Mon-Th,16,21,4,sub-urban,0.002847183412157888,5.4,55.0,209.0,10.1,0,9.228626,23.87,2025-01-16,Mon-Th,0,7
3.0,Mon-Th,20,1,5,urban,0.0402922624973864,10.2,62.0,0.0,14.9,0,11.198603,13.05,2025-01-16,Mon-Th,0,7
3.0,Mon-Th,22,4,3,urban,0.0424424503518165,15.6,94.0,1.0,4.8,0,13.673954,6.6,2025-01-16,Mon-Th,0,7
3.0,Mon-Th,20,25,7,urban,0.004196606439139048,17.1,34.0,498.0,9.3,0,13.351314,8.46,2025-01-16,Mon-Th,0,7
3.0,Mon-Th,3,2,1,urban,0.021943537042783425,1.9,97.0,16.0,32.9,0,35.29634,6.66,2025-01-20,Mon-Th,0,7
3.0,Mon-Th,14,6,9,urban,0.02427342811495837,8.2,54.0,510.0,3.3,0,8.828831,0.51,2025-01-20,Mon-Th,0,7
3.0,Mon-Th,16,13,4,urban,0.005364793598957034,18.0,31.0,492.0,5.5,0,14.549793,11.6,2025-01-20,Mon-Th,0,7
3.0,Mon-Th,3,20,4,urban,0.027473388361765536,6.5,97.0,0.0,14.7,0,10.930037,21.96,2025-01-20,Mon-Th,0,7
3.0,Mon-Th,4,25,5,urban,0.036184350921489375,3.1,90.0,0.0,16.0,0,13.242055,14.35,2025-01-20,Mon-Th,0,7
3.0,Mon-Th,16,26,6,urban,0.002209251517843424,14.5,27.0,244.0,4.3,0,7.264209,4.37,2025-01-20,Mon-Th,0,7
3.0,Mon-Th,10,11,4,urban,0.008699775675991485,9.6,39.0,526.0,11.3,0,10.893649,15.85,2025-01-20,Mon-Th,0,7
3.0,Mon-Th,22,21,5,urban,0.003029039588025046,11.6,92.0,346.0,3.7,0,17.523525,17.92,2025-01-21,Mon-Th,0,4
3.0,Mon-Th,0,25,4,urban,0.03535850227558443,27.8,58.0,0.0,8.5,0,18.728629,6.56,2025-01-21,Mon-Th,0,4
3.0,Mon-Th,20,13,4,urban,0.0075978764775066114,6.5,37.0,549.0,13.9,0,7.102797,21.74,2025-01-21,Mon-Th,0,4
3.0,Mon-Th,15,13,5,urban,0.015909743025199208,7.5,89.0,0.0,5.4,0,68.037143,5.46,2025-01-21,Mon-Th,0,4
3.0,Mon-Th,17,11,12,urban,0.0027165074851244588,-1.1,94.0,8.0,3.5,0,40.740673,12.33,2025-01-22,Mon-Th,0,13
3.0,Mon-Th,20,1,6,urban,0.03601941703660301,8.4,74.0,0.0,12.7,0,16.159805,17.52,2025-01-22,Mon-Th,0,13
3.0,Mon-Th,23,12,3,urban,0.017998604556604292,9.0,83.0,0.0,10.1,0,22.819423,24.56,2025-01-22,Mon-Th,0,13
3.0,Mon-Th,15,14,4,urban,0.005431244266087456,10.4,33.0,83.0,6.5,0,21.777526,47.69,2025-01-22,Mon-Th,0,13
3.0,Mon-Th,21,26,4,urban,0.008329015621884877,7.0,31.0,681.0,8.9,0,11.027341,20.94,2025-01-22,Mon-Th,0,13
3.0,Mon-Th,23,4,4,urban,0.0041852521455724425,7.5,36.0,501.0,15.5,0,8.414433,23.24,2025-01-22,Mon-Th,0,13
3.0,Mon-Th,19,28,4,urban,0.005506739664541141,11.5,45.0,1.0,5.8,0,9.340554,5.93,2025-01-22,Mon-Th,0,13
3.0,Mon-Th,10,27,3,urban,0.012409550222328904,7.9,91.0,0.0,7.1,0,11.150138,22.88,2025-01-22,Mon-Th,0,13
3.0,Mon-Th,17,19,3,urban,0.002049266679342418,6.4,55.0,375.0,16.0,0,3.896095,16.97,2025-01-22,Mon-Th,0,13
3.0,Mon-Th,16,8,5,urban,0.0048763873945180764,6.7,97.0,1.0,16.7,0,38.361605,15.58,2025-01-22,Mon-Th,0,13
3.0,Mon-Th,14,14,4,urban,0.004091291274645693,6.6,72.0,0.0,6.6,0,15.202102,21.76,2025-01-22,Mon-Th,0,13
3.0,Mon-Th,23,17,5,urban,0.0026185571769299634,12.2,41.0,17.0,5.0,0,18.293322,6.03,2025-01-22,Mon-Th,0,13
3.0,Mon-Th,8,4,6,urban,0.005098306390341115,20.4,36.0,313.0,4.6,0,4.722423,9.5,2025-01-22,Mon-Th,0,13
3.0,Mon-Th,15,2,4,urban,0.03625642505475091,8.3,36.0,274.0,33.1,0,14.989058,14.37,2025-01-23,Mon-Th,0,10
3.0,Mon-Th,4,2,3,urban,0.0030381579750023697,7.8,58.0,0.0,9.5,0,55.594057,21.41,2025-01-23,Mon-Th,0,10
3.0,Mon-Th,16,12,5,urban,0.03454843647592832,9.5,96.0,1.0,3.0,0,24.360803,7.38,2025-01-23,Mon-Th,0,10
3.0,Mon-Th,11,19,3,urban,0.007883549154051253,14.6,49.0,242.0,12.6,0,6.496984,17.69,2025-01-23,Mon-Th,0,10
3.0,Mon-Th,21,8,4,urban,0.015902001498974402,9.1,75.0,228.0,11.4,0,5.747402,48.86,2025-01-23,Mon-Th,0,10
3.0,Mon-Th,9,3,4,urban,0.005386035523597366,7.8,100.0,1.0,17.3,0,40.905709,37.49,2025-01-23,Mon-Th,0,10
3.0,Mon-Th,0,12,8,urban,0.004923907048842686,29.4,57.0,0.0,5.6,0,14.992645,6.15,2025-01-23,Mon-Th,0,10
3.0,Mon-Th,21,14,3,urban,0.04295894768484275,6.7,62.0,109.0,8.0,0,13.147732,12.9,2025-01-23,Mon-Th,0,10
3.0,Mon-Th,17,7,3,urban,0.005845672058304408,8.5,94.0,388.0,14.3,0,89.784114,2.34,2025-01-23,Mon-Th,0,10
3.0,Mon-Th,23,15,4,urban,0.044153971579104424,8.8,62.0,0.0,8.0,0,12.815413,8.13,2025-01-23,Mon-Th,0,10
3.0,Mon-Th,17,20,4,urban,0.001921106207267302,9.7,36.0,0.0,13.8,0,14.223665,5.09,2025-01-27,Mon-Th,0,7
3.0,Mon-Th,13,14,3,urban,0.025405090165560716,-0.4,40.0,157.0,4.5,0,20.706917,12.66,2025-01-27,Mon-Th,0,7
3.0,Mon-Th,8,13,4,urban,0.01364413141834162,9.6,100.0,545.0,9.9,0,91.485436,25.58,2025-01-27,Mon-Th,0,7
3.0,Mon-Th,12,29,4,urban,0.006590054123291994,7.1,99.0,23.0,7.2,0,10.901351,22.97,2025-01-27,Mon-Th,0,7
3.0,Mon-Th,16,27,11,urban,0.039254132895475205,10.3,81.0,0.0,6.1,0,3.377406,7.38,2025-01-27,Mon-Th,0,7
3.0,Mon-Th,8,6,4,urban,0.017783157347869605,8.5,54.0,217.0,10.6,0,6.644004,15.05,2025-01-27,Mon-Th,0,7
3.0,Mon-Th,21,10,10,urban,0.0357174887613589,11.1,96.0,0.0,9.3,0,7.201592,16.81,2025-01-27,Mon-Th,0,7
3.0,Mon-Th,19,12,6,urban,0.021746329590597167,10.6,76.0,0.0,2.4,0,6.294841,20.03,2025-01-28,Mon-Th,0,8
3.0,Mon-Th,14,17,4,urban,0.04330128461247656,6.4,32.0,484.0,10.0,0,39.918414,8.93,2025-01-28,Mon-Th,0,8
3.0,Mon-Th,0,9,5,urban,0.03886995723646652,26.6,75.0,346.0,4.3,0,14.552453,2.91,2025-01-28,Mon-Th,0,8
3.0,Mon-Th,10,4,6,urban,0.012415312907670976,11.8,84.0,183.0,2.6,0,3.792169,7.16,2025-01-28,Mon-Th,0,8
3.0,Mon-Th,12,18,11,urban,0.006097584185447281,10.9,85.0,78.0,11.0,0,12.419087,5.23,2025-01-28,Mon-Th,0,8
3.0,Mon-Th,20,18,4,urban,0.047514344367493085,5.1,88.0,521.0,5.9,0,7.503383,6.5,2025-01-28,Mon-Th,0,8
3.0,Mon-Th,19,23,7,urban,0.026570271830022453,8.7,55.0,267.0,17.3,0,14.208216,11.2,2025-01-28,Mon-Th,0,8
3.0,Mon-Th,20,27,6,urban,0.03593433821735912,13.8,57.0,378.0,9.1,0,11.694856,8.92,2025-01-28,Mon-Th,0,8
3.0,Mon-Th,17,6,4,urban,0.043159813903683585,-11.2,74.0,0.0,13.4,0,7.417131,8.7,2025-01-29,Mon-Th,0,7
3.0,Mon-Th,19,2,4,urban,0.007937682125384609,5.9,57.0,0.0,6.2,0,12.490994,14.55,2025-01-29,Mon-Th,0,7
3.0,Mon-Th,3,4,7,urban,0.003507651008688362,26.9,31.0,494.0,12.1,0,7.833021,9.49,2025-01-29,Mon-Th,0,7
3.0,Mon-Th,20,23,3,urban,0.03558807261146583,9.9,49.0,0.0,5.4,0,19.403403,8.79,2025-01-29,Mon-Th,0,7
3.0,Mon-Th,14,24,4,sub-urban,0.038190179274536655,11.5,34.0,421.0,5.3,0,21.323511,2.95,2025-01-29,Mon-Th,0,7
3.0,Mon-Th,21,2,5,urban,0.0026722873753575096,6.1,83.0,1.0,7.9,0,5.147234,6.81,2025-01-29,Mon-Th,0,7
3.0,Mon-Th,22,14,7,urban,0.031771874929276744,12.8,47.0,447.0,6.8,0,18.545099,29.9,2025-01-29,Mon-Th,0,7
3.0,Mon-Th,7,6,1,urban,0.02282518161113273,0.5,68.0,365.0,5.1,0,3.758792,6.65,2025-01-30,Mon-Th,0,7
3.0,Mon-Th,10,23,8,urban,0.0038840260940724946,11.7,41.0,439.0,3.1,0,5.1841,15.61,2025-01-30,Mon-Th,0,7
3.0,Mon-Th,22,18,3,urban,0.04081435541353395,2.1,74.0,19.0,5.6,0,2.434156,8.55,2025-01-30,Mon-Th,0,7
3.0,Mon-Th,16,17,6,urban,0.03733442630022419,18.4,34.0,0.0,2.8,0,7.705277,58.92,2025-01-30,Mon-Th,0,7
3.0,Mon-Th,16,26,6,urban,0.03275218316961288,16.4,58.0,357.0,4.1,0,15.286804,8.22,2025-01-30,Mon-Th,0,7
3.0,Mon-Th,21,12,5,urban,0.04188347474667083,2.4,94.0,220.0,13.7,0,11.444543,33.45,2025-01-30,Mon-Th,0,7
3.0,Mon-Th,13,26,5,urban,0.0075022546029575084,4.8,36.0,445.0,8.0,0,21.775283,17.38,2025-01-30,Mon-Th,0,7
3.0,Mon-Th,21,16,4,urban,0.009936669127285011,20.4,23.0,574.0,11.2,0,17.111542,3.47,2025-02-03,Mon-Th,0,9
3.0,Mon-Th,3,6,6,urban,0.0050682386883901505,18.7,31.0,378.0,14.5,0,7.052269,40.93,2025-02-03,Mon-Th,0,9
3.0,Mon-Th,3,27,7,urban,0.004275979338853291,12.2,57.0,209.0,1.8,0,14.162287,20.5,2025-02-03,Mon-Th,0,9
3.0,Mon-Th,22,26,3,urban,0.0044354203364292116,9.1,47.0,380.0,8.8,0,9.41141,21.0,2025-02-03,Mon-Th,0,9
3.0,Mon-Th,16,18,5,urban,0.03848813672817931,16.5,58.0,0.0,16.4,0,38.457803,1.9,2025-02-03,Mon-Th,0,9
3.0,Mon-Th,15,5,4,urban,0.036753853175256763,15.2,84.0,616.0,5.7,0,4.998509,23.21,2025-02-03,Mon-Th,0,9
3.0,Mon-Th,14,21,10,urban,0.0068764556705698645,7.1,53.0,441.0,19.6,0,15.816294,8.23,2025-02-03,Mon-Th,0,9
3.0,Mon-Th,19,11,4,urban,0.007560461601188647,20.1,36.0,466.0,5.9,0,70.265586,4.46,2025-02-03,Mon-Th,0,9
3.0,Mon-Th,21,31,4,urban,0.0041160020146014656,6.8,92.0,1.0,11.0,0,8.399929,12.18,2025-02-03,Mon-Th,0,9
3.0,Mon-Th,21,24,7,urban,0.0032463219375505246,6.0,34.0,0.0,4.3,0,31.277716,23.72,2025-02-04,Mon-Th,0,8
3.0,Mon-Th,4,27,5,urban,0.0015354554503476709,13.6,32.0,0.0,14.0,0,11.037312,8.13,2025-02-04,Mon-Th,0,8
3.0,Mon-Th,3,16,4,urban,0.0023115644367032897,8.4,52.0,1.0,10.0,0,9.599315,29.46,2025-02-04,Mon-Th,0,8
3.0,Mon-Th,13,31,3,urban,0.006039792403810092,7.9,64.0,1.0,12.1,0,12.011993,10.55,2025-02-04,Mon-Th,0,8
3.0,Mon-Th,21,28,5,urban,0.02251111956663216,8.6,100.0,0.0,14.6,0,12.840296,19.11,2025-02-04,Mon-Th,0,8
3.0,Mon-Th,20,26,4,urban,0.0035076733341288476,7.5,29.0,381.0,11.1,0,10.486236,5.99,2025-02-04,Mon-Th,0,8
3.0,Mon-Th,22,7,6,urban,0.004182280025558952,21.0,27.0,460.0,3.0,0,16.275202,36.94,2025-02-04,Mon-Th,0,8
3.0,Mon-Th,23,8,6,urban,0.00440678394311497,19.4,89.0,0.0,13.2,0,13.324376,16.28,2025-02-04,Mon-Th,0,8
3.0,Mon-Th,20,2,5,urban,0.0018346476450696154,10.8,56.0,1.0,7.5,0,15.239252,6.77,2025-02-05,Mon-Th,0,7
3.0,Mon-Th,16,23,6,urban,0.007263172741765801,9.3,57.0,368.0,3.5,0,13.13916,11.28,2025-02-05,Mon-Th,0,7
3.0,Mon-Th,23,26,5,urban,0.005879998338027988,7.3,35.0,475.0,3.6,0,6.636296,6.87,2025-02-05,Mon-Th,0,7
3.0,Mon-Th,4,6,5,urban,0.005328022409007167,9.4,33.0,478.0,8.2,0,20.636062,29.36,2025-02-05,Mon-Th,0,7
3.0,Mon-Th,4,28,6,urban,0.002532454174821321,8.7,61.0,546.0,4.6,0,11.700142,8.76,2025-02-05,Mon-Th,0,7
3.0,Mon-Th,18,28,4,urban,0.006945999234686895,6.2,27.0,525.0,3.6,0,10.271663,6.97,2025-02-05,Mon-Th,0,7
3.0,Mon-Th,9,14,7,urban,0.0009289713178974638,19.1,54.0,376.0,8.3,0,70.395636,7.18,2025-02-05,Mon-Th,0,7
3.0,Mon-Th,9,23,5,urban,0.004194272927370922,10.2,36.0,526.0,7.0,0,21.617876,18.98,2025-02-06,Mon-Th,0,9
3.0,Mon-Th,6,17,12,urban,0.0311845581382096,7.9,63.0,15.0,5.7,0,20.578044,68.95,2025-02-06,Mon-Th,0,9
3.0,Mon-Th,13,6,10,urban,0.037931722695266235,3.9,100.0,1.0,14.1,0,11.164012,26.78,2025-02-06,Mon-Th,0,9
3.0,Mon-Th,17,4,7,urban,0.03654805055009953,18.8,61.0,0.0,5.3,0,20.263145,6.46,2025-02-06,Mon-Th,0,9
3.0,Mon-Th,19,22,4,urban,0.006446529173277484,13.1,58.0,18.0,5.5,0,12.273937,42.07,2025-02-06,Mon-Th,0,9
3.0,Mon-Th,6,5,8,urban,0.0038352117471951376,5.3,56.0,1.0,4.2,0,12.220038,4.69,2025-02-06,Mon-Th,0,9
3.0,Mon-Th,21,9,10,urban,0.015971167317706154,2.7,76.0,13.0,12.7,0,15.086714,13.97,2025-02-06,Mon-Th,0,9
3.0,Mon-Th,23,31,3,urban,0.04276787061631779,5.1,78.0,1.0,7.0,0,14.421633,9.71,2025-02-06,Mon-Th,0,9
3.0,Mon-Th,20,11,2,urban,0.024571646063195052,2.0,91.0,55.0,7.8,0,13.601679,7.6,2025-02-06,Mon-Th,0,9
3.0,Mon-Th,22,3,5,urban,0.0435931516038458,11.9,99.0,2.0,4.2,0,49.612194,29.33,2025-02-10,Mon-Th,0,8
3.0,Mon-Th,19,19,6,urban,0.034775825748958336,11.1,63.0,448.0,8.9,0,13.876031,10.06,2025-02-10,Mon-Th,0,8
3.0,Mon-Th,11,13,6,urban,0.033926422508749325,8.0,52.0,411.0,10.9,0,49.202636,1.69,2025-02-10,Mon-Th,0,8
3.0,Mon-Th,18,6,3,urban,0.04001314043424278,29.4,52.0,142.0,4.6,0,18.753262,1.94,2025-02-10,Mon-Th,0,8
3.0,Mon-Th,23,8,4,urban,0.0054462354333826655,8.6,36.0,1.0,4.6,0,7.387594,34.36,2025-02-10,Mon-Th,0,8
3.0,Mon-Th,23,19,4,urban,0.028283686869381736,8.3,55.0,71.0,7.8,0,39.578343,10.48,2025-02-10,Mon-Th,0,8
3.0,Mon-Th,17,28,4,urban,0.040878253670896585,24.6,28.0,328.0,1.9,0,2.929169,2.18,2025-02-10,Mon-Th,0,8
3.0,Mon-Th,23,4,5,urban,0.002978235852255243,8.8,100.0,0.0,4.3,0,12.635594,35.23,2025-02-10,Mon-Th,0,8
3.0,Mon-Th,22,10,6,urban,0.017679260117663933,7.8,70.0,130.0,14.1,0,5.511293,10.73,2025-02-11,Mon-Th,0,9
3.0,Mon-Th,11,23,3,urban,0.02322694954362179,14.3,92.0,24.0,8.6,0,4.366242,8.14,2025-02-11,Mon-Th,0,9
3.0,Mon-Th,17,6,6,urban,0.004544999970289718,20.2,66.0,491.0,18.1,0,21.01801,9.84,2025-02-11,Mon-Th,0,9
3.0,Mon-Th,22,23,5,urban,0.0033432919393132088,6.6,41.0,1.0,12.8,0,7.873905,33.02,2025-02-11,Mon-Th,0,9
3.0,Mon-Th,10,17,4,urban,0.004827523135641601,20.2,31.0,394.0,15.5,0,49.261701,4.51,2025-02-11,Mon-Th,0,9
3.0,Mon-Th,16,31,12,urban,0.0003672537195198609,4.0,95.0,0.0,2.2,0,34.085819,32.86,2025-02-11,Mon-Th,0,9
3.0,Mon-Th,20,1,3,urban,0.005210868973826515,6.3,63.0,0.0,12.4,0,8.622562,40.68,2025-02-11,Mon-Th,0,9
3.0,Mon-Th,13,6,4,urban,0.004138035325783271,6.0,50.0,291.0,4.7,0,18.904625,10.25,2025-02-11,Mon-Th,0,9
3.0,Mon-Th,21,8,6,urban,0.005315082803296246,16.4,26.0,381.0,3.3,0,8.873548,21.0,2025-02-11,Mon-Th,0,9
3.0,Mon-Th,16,9,5,urban,0.004092900193198389,5.1,34.0,240.0,14.4,0,20.062561,7.76,2025-02-12,Mon-Th,0,9
3.0,Mon-Th,17,26,4,urban,0.0038077331558565466,8.0,32.0,420.0,14.1,0,13.513194,20.79,2025-02-12,Mon-Th,0,9
3.0,Mon-Th,4,2,6,urban,0.0033143358430034685,10.6,62.0,0.0,5.8,0,8.862055,18.76,2025-02-12,Mon-Th,0,9
3.0,Mon-Th,21,26,4,urban,0.04416527273542411,18.1,58.0,138.0,3.1,0,19.860329,1.95,2025-02-12,Mon-Th,0,9
3.0,Mon-Th,16,25,4,urban,0.03662783305739446,7.0,63.0,373.0,5.9,0,5.343679,10.73,2025-02-12,Mon-Th,0,9
3.0,Mon-Th,3,27,7,urban,0.004347202583562098,8.7,46.0,149.0,15.7,0,44.929361,23.11,2025-02-12,Mon-Th,0,9
3.0,Mon-Th,8,14,3,urban,0.038481775936293004,7.3,89.0,53.0,6.6,0,14.605797,8.6,2025-02-12,Mon-Th,0,9
3.0,Mon-Th,23,12,11,urban,0.044421283587918296,1.6,83.0,0.0,10.4,0,13.299806,12.88,2025-02-12,Mon-Th,0,9
3.0,Mon-Th,16,24,4,urban,0.03370183642739302,24.5,34.0,428.0,9.0,0,9.993469,17.89,2025-02-12,Mon-Th,0,9
3.0,Mon-Th,22,29,6,urban,0.03624626121583401,11.4,46.0,318.0,4.7,0,2.0,6.89,2025-02-13,Mon-Th,0,9
3.0,Mon-Th,11,19,10,urban,0.0013895813882060064,9.9,90.0,424.0,17.3,0,11.7179,31.29,2025-02-13,Mon-Th,0,9
3.0,Mon-Th,3,6,12,urban,0.00432079213645395,12.9,40.0,255.0,13.8,0,41.177016,19.68,2025-02-13,Mon-Th,0,9
3.0,Mon-Th,4,2,3,urban,0.002907816929576224,12.0,37.0,371.0,13.8,0,13.666689,32.28,2025-02-13,Mon-Th,0,9
3.0,Mon-Th,8,14,6,urban,0.0034101896642395827,24.4,76.0,302.0,5.4,0,23.345922,9.49,2025-02-13,Mon-Th,0,9
3.0,Mon-Th,20,23,4,urban,0.03676953497268924,13.5,95.0,381.0,4.5,0,7.458106,39.25,2025-02-13,Mon-Th,0,9
3.0,Mon-Th,3,18,6,urban,0.0022972904284348245,17.4,96.0,60.0,3.9,0,15.661626,9.97,2025-02-13,Mon-Th,0,9
3.0,Mon-Th,21,8,3,urban,0.01854862430401194,9.3,77.0,0.0,11.5,0,13.168096,7.85,2025-02-13,Mon-Th,0,9
3.0,Mon-Th,19,14,10,urban,0.0027920609846220305,7.0,58.0,72.0,14.4,0,9.980712,14.21,2025-02-13,Mon-Th,0,9
3.0,Mon-Th,18,3,4,sub-urban,0.0030934691623075786,22.3,29.0,527.0,7.2,0,2.457716,3.45,2025-02-17,Mon-Th,0,5
3.0,Mon-Th,18,31,5,urban,0.04382811191087341,11.4,55.0,62.0,7.6,0,4.297797,4.7,2025-02-17,Mon-Th,0,5
3.0,Mon-Th,8,3,6,urban,0.005902939649578722,7.1,39.0,481.0,9.9,0,11.124039,12.61,2025-02-17,Mon-Th,0,5
3.0,Mon-Th,14,10,6,urban,0.026262639060411284,22.5,54.0,442.0,6.7,0,5.775453,23.29,2025-02-17,Mon-Th,0,5
3.0,Mon-Th,18,13,4,urban,0.02131667847903919,22.6,50.0,200.0,16.7,0,14.330952,3.12,2025-02-17,Mon-Th,0,5
3.0,Mon-Th,22,15,5,urban,0.0434934670371822,12.5,95.0,306.0,3.9,0,9.172102,6.71,2025-02-18,Mon-Th,0,11
3.0,Mon-Th,8,16,5,urban,0.005512499170697875,7.3,32.0,437.0,8.0,0,9.037806,41.81,2025-02-18,Mon-Th,0,11
3.0,Mon-Th,16,17,6,urban,0.027201460962475964,7.1,69.0,343.0,4.7,0,35.594193,10.35,2025-02-18,Mon-Th,0,11
3.0,Mon-Th,22,26,5,urban,0.00508223248493121,9.0,93.0,456.0,12.4,0,7.596704,20.9,2025-02-18,Mon-Th,0,11
3.0,Mon-Th,20,22,3,urban,-0.00031,9.3,64.0,0.0,8.5,0,12.633342,11.59,2025-02-18,Mon-Th,0,11
3.0,Mon-Th,19,26,5,urban,0.006656867944821133,5.9,33.0,472.0,3.4,0,10.935972,5.84,2025-02-18,Mon-Th,0,11
3.0,Mon-Th,17,23,3,urban,0.005571582808458897,6.9,43.0,0.0,3.3,0,8.962849,18.4,2025-02-18,Mon-Th,0,11
3.0,Mon-Th,14,11,4,urban,0.013963689908571626,4.7,50.0,201.0,16.8,0,9.982415,7.72,2025-02-18,Mon-Th,0,11
3.0,Mon-Th,22,14,6,urban,0.002611371130024828,9.2,60.0,0.0,10.5,0,17.248321,23.18,2025-02-18,Mon-Th,0,11
3.0,Mon-Th,22,23,5,urban,0.02257103929119057,6.6,31.0,0.0,4.5,0,10.270469,39.56,2025-02-18,Mon-Th,0,11
3.0,Mon-Th,17,18,4,sub-urban,0.039704113317026786,7.4,31.0,519.0,5.5,0,9.200653,18.1,2025-02-18,Mon-Th,0,11
3.0,Mon-Th,22,24,9,urban,0.002646988076402052,12.9,93.0,1.0,5.4,0,9.30686,42.77,2025-02-19,Mon-Th,0,6
3.0,Mon-Th,22,4,3,urban,0.03265939173674311,5.0,59.0,54.0,7.0,0,6.181284,11.43,2025-02-19,Mon-Th,0,6
3.0,Mon-Th,23,24,4,urban,0.04234721937057135,0.1,91.0,1.0,5.5,0,8.727501,25.73,2025-02-19,Mon-Th,0,6
3.0,Mon-Th,16,9,3,urban,0.018995739723147623,8.5,69.0,0.0,17.5,0,12.255796,18.83,2025-02-19,Mon-Th,0,6
3.0,Mon-Th,11,23,3,urban,0.03678073754633724,7.3,76.0,262.0,4.2,0,59.16294,6.13,2025-02-19,Mon-Th,0,6
3.0,Mon-Th,20,9,6,urban,0.033467401747376474,13.5,86.0,1.0,8.4,0,13.681026,6.31,2025-02-19,Mon-Th,0,6
3.0,Mon-Th,14,25,10,urban,0.041968444893693196,11.3,96.0,68.0,10.5,0,7.422586,4.44,2025-02-20,Mon-Th,0,5
3.0,Mon-Th,17,6,3,urban,0.0045780501086206266,8.7,76.0,159.0,13.2,0,4.187698,7.2,2025-02-20,Mon-Th,0,5
3.0,Mon-Th,5,31,3,urban,0.0026633070584199097,6.0,94.0,118.0,13.8,0,35.1115,17.9,2025-02-20,Mon-Th,0,5
3.0,Mon-Th,23,8,6,urban,0.0006497375179833472,12.5,49.0,411.0,6.2,0,9.09,27.05,2025-02-20,Mon-Th,0,5
3.0,Mon-Th,16,15,5,urban,0.005622366872221714,8.1,100.0,0.0,6.9,0,11.202383,21.24,2025-02-20,Mon-Th,0,5
3.0,Mon-Th,18,10,4,urban,0.04176971683813295,10.0,86.0,1.0,16.3,0,9.802921,11.29,2025-02-24,Mon-Th,0,8
3.0,Mon-Th,21,17,7,urban,0.0031841747735668106,10.3,87.0,0.0,15.7,0,8.134869,16.75,2025-02-24,Mon-Th,0,8
3.0,Mon-Th,15,15,3,urban,0.02906034217582511,-3.6,97.0,1.0,10.6,0,8.067097,6.13,2025-02-24,Mon-Th,0,8
3.0,Mon-Th,15,15,5,urban,0.004366153148284155,8.8,93.0,1.0,7.9,0,32.066739,16.18,2025-02-24,Mon-Th,0,8
3.0,Mon-Th,19,30,10,urban,0.00581601014868358,9.4,70.0,658.0,22.3,0,61.146619,12.55,2025-02-24,Mon-Th,0,8
3.0,Mon-Th,5,3,6,urban,0.005154072001007682,21.5,97.0,0.0,11.5,0,16.120435,8.1,2025-02-24,Mon-Th,0,8
3.0,Mon-Th,4,26,6,urban,0.0005957220297056619,18.0,57.0,1.0,3.8,0,7.774222,8.6,2025-02-24,Mon-Th,0,8
3.0,Mon-Th,21,22,11,urban,0.034664642101079425,14.8,85.0,0.0,3.9,0,4.399064,33.64,2025-02-24,Mon-Th,0,8
3.0,Mon-Th,22,2,4,urban,0.006707460686878807,13.0,44.0,438.0,5.9,0,6.99667,6.63,2025-02-25,Mon-Th,0,5
3.0,Mon-Th,5,4,6,urban,0.0038771769874730477,8.7,28.0,531.0,3.2,0,20.828796,24.99,2025-02-25,Mon-Th,0,5
3.0,Mon-Th,3,4,3,urban,0.042523347452445945,-3.3,70.0,0.0,4.9,0,4.954488,29.96,2025-02-25,Mon-Th,0,5
3.0,Mon-Th,8,9,5,urban,0.005377772274188804,13.4,74.0,544.0,13.2,0,10.675715,4.53,2025-02-25,Mon-Th,0,5
3.0,Mon-Th,20,1,5,urban,0.01991204502578939,3.5,79.0,114.0,6.6,0,17.236062,24.97,2025-02-25,Mon-Th,0,5
3.0,Mon-Th,18,22,4,urban,0.012857170389954532,12.8,90.0,0.0,4.5,0,14.94187,10.83,2025-02-26,Mon-Th,0,8
3.0,Mon-Th,22,13,5,urban,0.0037951045508514067,8.4,37.0,459.0,3.7,0,7.701944,21.18,2025-02-26,Mon-Th,0,8
3.0,Mon-Th,14,17,3,urban,0.0046085829391646575,-3.1,77.0,233.0,8.2,0,7.838158,9.12,2025-02-26,Mon-Th,0,8
3.0,Mon-Th,20,26,5,urban,0.04553547347049947,1.0,88.0,67.0,2.9,0,18.890464,20.78,2025-02-26,Mon-Th,0,8
3.0,Mon-Th,20,3,5,urban,0.03158485558596951,5.4,65.0,0.0,6.3,0,12.836322,5.63,2025-02-26,Mon-Th,0,8
3.0,Mon-Th,11,16,3,urban,0.05271492940336805,4.3,78.0,0.0,3.6,0,2.0,19.46,2025-02-26,Mon-Th,0,8
3.0,Mon-Th,20,21,4,urban,0.006678134939833158,7.2,51.0,0.0,28.2,0,10.268406,9.12,2025-02-26,Mon-Th,0,8
3.0,Mon-Th,10,27,5,urban,0.008578513033044743,13.7,42.0,311.0,10.7,0,2.789691,19.84,2025-02-26,Mon-Th,0,8
3.0,Mon-Th,21,20,6,urban,0.007081230649551856,19.3,58.0,443.0,7.4,0,3.362146,6.56,2025-02-27,Mon-Th,0,11
3.0,Mon-Th,20,12,4,urban,0.05090327599492738,7.3,84.0,137.0,18.0,0,9.451867,7.1,2025-02-27,Mon-Th,0,11
3.0,Mon-Th,18,16,4,urban,0.0037021520304036364,8.8,46.0,350.0,7.7,0,26.021577,12.61,2025-02-27,Mon-Th,0,11
3.0,Mon-Th,3,4,6,urban,0.00047994851719174256,7.6,40.0,404.0,14.6,0,10.091003,20.54,2025-02-27,Mon-Th,0,11
3.0,Mon-Th,20,27,3,urban,0.02098030211789188,6.0,55.0,476.0,8.3,0,3.495374,29.73,2025-02-27,Mon-Th,0,11
3.0,Mon-Th,5,2,6,urban,0.015725424976703043,15.5,46.0,0.0,11.0,0,7.330758,21.58,2025-02-27,Mon-Th,0,11
3.0,Mon-Th,8,4,6,urban,0.008529758662914264,11.6,37.0,416.0,6.1,0,82.878592,22.52,2025-02-27,Mon-Th,0,11
3.0,Mon-Th,16,2,10,urban,0.0038664314510249266,10.2,92.0,1.0,15.3,0,9.398935,10.68,2025-02-27,Mon-Th,0,11
3.0,Mon-Th,14,26,6,urban,0.004642318875683268,24.5,34.0,302.0,4.3,0,2.808778,6.99,2025-02-27,Mon-Th,0,11
3.0,Mon-Th,20,23,5,urban,0.005913170282681219,8.3,77.0,446.0,2.7,0,16.748047,10.62,2025-02-27,Mon-Th,0,11
3.0,Mon-Th,19,30,6,urban,0.013366768023930883,10.7,58.0,223.0,13.7,0,11.094299,4.58,2025-02-27,Mon-Th,0,11
3.0,Mon-Th,20,26,5,urban,0.02039880292242872,6.3,92.0,0.0,29.2,0,18.393585,12.28,2025-03-03,Mon-Th,0,4
3.0,Mon-Th,20,20,3,urban,0.02211191212154126,6.8,100.0,0.0,7.3,0,3.214786,13.05,2025-03-03,Mon-Th,0,4
3.0,Mon-Th,21,15,4,urban,0.004491140242561526,11.1,34.0,502.0,4.6,0,20.458137,16.03,2025-03-03,Mon-Th,0,4
3.0,Mon-Th,16,27,12,urban,0.04351950606958223,-0.2,96.0,0.0,5.9,0,8.357872,10.93,2025-03-03,Mon-Th,0,4
3.0,Mon-Th,14,15,3,urban,0.003577167489484148,6.2,93.0,1.0,5.7,0,23.4921,30.0,2025-03-04,Mon-Th,0,9
3.0,Mon-Th,10,26,4,urban,0.005016024561217215,13.2,46.0,629.0,14.6,0,9.467291,22.71,2025-03-04,Mon-Th,0,9
3.0,Mon-Th,21,6,2,urban,0.034998510408387584,0.8,88.0,0.0,12.6,0,6.617169,11.39,2025-03-04,Mon-Th,0,9
3.0,Mon-Th,4,26,3,urban,0.03251441299463727,7.2,99.0,0.0,9.5,0,35.501099,9.17,2025-03-04,Mon-Th,0,9
3.0,Mon-Th,19,23,4,sub-urban,0.04285054814085549,8.9,48.0,0.0,9.7,0,14.126493,9.76,2025-03-04,Mon-Th,0,9
3.0,Mon-Th,2,26,10,urban,0.02267691697327314,8.3,95.0,0.0,13.6,0,31.35052,7.87,2025-03-04,Mon-Th,0,9
3.0,Mon-Th,11,28,9,urban,0.048261679196057686,6.6,59.0,0.0,2.4,0,2.0,6.67,2025-03-04,Mon-Th,0,9
3.0,Mon-Th,21,11,4,urban,0.037054251808755885,12.2,62.0,0.0,9.5,0,6.693913,3.14,2025-03-04,Mon-Th,0,9
3.0,Mon-Th,5,4,6,urban,0.02087694887693883,6.6,50.0,0.0,12.9,0,15.64436,16.93,2025-03-04,Mon-Th,0,9
3.0,Mon-Th,8,11,5,urban,0.0048252642173790316,16.6,94.0,49.0,1.8,0,16.528746,3.9,2025-03-05,Mon-Th,0,6
3.0,Mon-Th,22,18,4,urban,0.041473311624395645,8.1,64.0,17.0,5.9,0,15.15611,14.43,2025-03-05,Mon-Th,0,6
3.0,Mon-Th,17,17,7,urban,0.0029617784342068337,7.5,86.0,0.0,7.6,0,20.443432,7.72,2025-03-05,Mon-Th,0,6
3.0,Mon-Th,22,28,6,urban,-0.00031,12.3,83.0,2.0,13.2,0,2.594005,20.09,2025-03-05,Mon-Th,0,6
3.0,Mon-Th,16,23,4,urban,0.0012069325677039051,7.4,40.0,0.0,11.8,0,22.398145,9.87,2025-03-05,Mon-Th,0,6
3.0,Mon-Th,17,31,7,urban,0.0403660030854329,12.6,44.0,0.0,12.9,0,12.884574,6.99,2025-03-05,Mon-Th,0,6
3.0,Mon-Th,23,4,6,urban,0.03842527149155616,8.1,92.0,1.0,10.2,0,2.935321,25.54,2025-03-06,Mon-Th,0,6
3.0,Mon-Th,22,2,6,urban,0.00010510583540290427,7.2,61.0,101.0,6.8,0,5.624044,22.41,2025-03-06,Mon-Th,0,6
3.0,Mon-Th,0,15,5,urban,0.008063689473420767,25.0,25.0,492.0,15.6,0,8.790694,28.56,2025-03-06,Mon-Th,0,6
3.0,Mon-Th,0,10,7,urban,0.013658368385452195,5.6,58.0,2.0,5.2,0,16.958026,61.42,2025-03-06,Mon-Th,0,6
3.0,Mon-Th,3,23,10,urban,0.004026266050291189,8.2,99.0,1.0,12.9,0,11.639984,27.65,2025-03-06,Mon-Th,0,6
3.0,Mon-Th,10,23,4,urban,0.003535109470531433,12.9,31.0,0.0,14.3,0,10.201994,6.22,2025-03-06,Mon-Th,0,6
3.0,Mon-Th,0,25,6,urban,0.0010922888688748847,7.3,68.0,31.0,7.5,0,3.73845,26.08,2025-03-10,Mon-Th,0,5
3.0,Mon-Th,14,24,4,urban,0.01442900923807779,11.5,90.0,258.0,14.7,0,38.170161,19.04,2025-03-10,Mon-Th,0,5
3.0,Mon-Th,16,2,5,urban,0.0361421880291505,8.4,57.0,387.0,6.7,0,14.187061,34.34,2025-03-10,Mon-Th,0,5
3.0,Mon-Th,10,11,4,urban,0.03569010042616449,8.9,28.0,25.0,12.7,0,8.550556,5.46,2025-03-10,Mon-Th,0,5
3.0,Mon-Th,22,7,5,urban,0.006264977593276623,14.5,43.0,628.0,12.0,0,6.927653,18.8,2025-03-10,Mon-Th,0,5
3.0,Mon-Th,16,11,4,urban,0.00406670186064928,7.8,29.0,580.0,5.8,0,19.249239,28.16,2025-03-11,Mon-Th,0,4
3.0,Mon-Th,3,14,4,urban,0.007503621198614561,7.8,100.0,1.0,10.5,0,5.281521,7.53,2025-03-11,Mon-Th,0,4
3.0,Mon-Th,21,31,5,urban,0.0040172966215807114,12.8,49.0,398.0,7.0,0,5.960047,18.32,2025-03-11,Mon-Th,0,4
3.0,Mon-Th,16,27,4,urban,0.044224446814633216,5.3,91.0,1.0,13.2,0,20.5064,11.98,2025-03-11,Mon-Th,0,4
3.0,Mon-Th,21,27,4,urban,0.03873239958971449,7.8,60.0,45.0,15.5,0,12.69421,6.17,2025-03-12,Mon-Th,0,7
3.0,Mon-Th,5,28,7,urban,0.006420362293065125,24.1,42.0,356.0,8.5,0,42.924937,1.69,2025-03-12,Mon-Th,0,7
3.0,Mon-Th,8,12,5,urban,0.018813305339515786,6.6,97.0,2.0,13.3,0,38.619012,1.61,2025-03-12,Mon-Th,0,7
3.0,Mon-Th,20,23,3,urban,0.0059842406690334225,5.9,59.0,212.0,4.9,0,72.830935,30.28,2025-03-12,Mon-Th,0,7
3.0,Mon-Th,16,6,5,urban,0.02243113968246036,7.7,43.0,2.0,6.5,0,11.981363,19.34,2025-03-12,Mon-Th,0,7
3.0,Mon-Th,22,16,8,urban,0.003019323721021613,5.9,65.0,0.0,6.5,0,15.894184,17.86,2025-03-12,Mon-Th,0,7
3.0,Mon-Th,14,17,4,urban,0.03414287520426458,3.0,51.0,0.0,8.9,0,99.81769,8.12,2025-03-12,Mon-Th,0,7
3.0,Mon-Th,8,19,10,urban,0.0032739668717202738,11.4,33.0,476.0,12.6,0,10.662437,26.75,2025-03-13,Mon-Th,0,8
3.0,Mon-Th,22,22,6,urban,0.004704818854824819,11.8,79.0,469.0,14.9,0,6.144709,7.47,2025-03-13,Mon-Th,0,8
3.0,Mon-Th,22,1,4,urban,0.007246977281652269,13.2,34.0,533.0,11.6,0,4.403309,22.67,2025-03-13,Mon-Th,0,8
3.0,Mon-Th,22,17,12,urban,0.023359356426021948,3.0,93.0,0.0,13.1,0,5.543415,6.83,2025-03-13,Mon-Th,0,8
3.0,Mon-Th,3,17,6,urban,0.004158018768088365,7.4,55.0,274.0,10.7,0,7.413407,7.11,2025-03-13,Mon-Th,0,8
3.0,Mon-Th,4,9,6,urban,0.0005984775746469013,12.1,95.0,2.0,17.7,0,8.21954,19.9,2025-03-13,Mon-Th,0,8
3.0,Mon-Th,17,13,5,urban,0.005622344089292694,7.9,57.0,406.0,3.9,0,15.374092,4.27,2025-03-13,Mon-Th,0,8
3.0,Mon-Th,13,19,6,urban,0.04143474091949791,23.0,49.0,113.0,9.8,0,2.395736,5.85,2025-03-13,Mon-Th,0,8
3.0,Mon-Th,21,17,4,urban,0.006426682771662912,7.3,30.0,318.0,12.8,0,13.757973,6.6,2025-03-17,Mon-Th,0,5
3.0,Mon-Th,4,14,6,urban,0.005596976807541005,13.1,38.0,242.0,4.9,0,94.573637,47.82,2025-03-17,Mon-Th,0,5
3.0,Mon-Th,14,9,6,urban,0.002285214744072529,13.5,78.0,0.0,13.4,0,5.950801,7.91,2025-03-17,Mon-Th,0,5
3.0,Mon-Th,2,28,4,urban,0.009596103682448853,19.8,30.0,640.0,3.6,0,20.107149,4.14,2025-03-17,Mon-Th,0,5
3.0,Mon-Th,22,14,7,urban,0.03282796416010345,16.8,45.0,137.0,19.1,0,13.712431,6.71,2025-03-17,Mon-Th,0,5
3.0,Mon-Th,3,21,4,urban,0.02920419233764704,5.9,83.0,0.0,5.7,0,17.178775,7.93,2025-03-18,Mon-Th,0,10
3.0,Mon-Th,20,2,4,urban,0.006860994388056561,11.2,51.0,254.0,7.1,0,15.486109,6.63,2025-03-18,Mon-Th,0,10
3.0,Mon-Th,11,10,11,urban,0.03749110908149115,2.6,86.0,0.0,3.7,0,8.65011,9.88,2025-03-18,Mon-Th,0,10
3.0,Mon-Th,19,11,1,urban,0.017603981348811783,9.0,94.0,0.0,14.3,0,10.550626,58.61,2025-03-18,Mon-Th,0,10
3.0,Mon-Th,22,16,5,urban,0.0074491275574139,13.6,25.0,456.0,13.3,0,19.73123,10.81,2025-03-18,Mon-Th,0,10
3.0,Mon-Th,16,23,7,urban,0.045264933137094704,6.4,56.0,0.0,17.8,0,13.837684,38.01,2025-03-18,Mon-Th,0,10
3.0,Mon-Th,11,3,3,urban,0.01881934419778787,0.1,67.0,0.0,5.3,0,25.221328,6.12,2025-03-18,Mon-Th,0,10
3.0,Mon-Th,16,13,7,urban,0.026016874891956147,6.5,61.0,365.0,28.7,0,8.246256,13.19,2025-03-18,Mon-Th,0,10
3.0,Mon-Th,15,23,4,urban,0.0223317743560506,8.1,63.0,0.0,11.1,0,14.382678,6.97,2025-03-18,Mon-Th,0,10
3.0,Mon-Th,14,27,5,urban,0.0030171685840331038,19.3,49.0,466.0,24.9,0,10.160578,21.91,2025-03-18,Mon-Th,0,10
3.0,Mon-Th,21,11,3,urban,-0.00031,20.5,57.0,0.0,8.1,0,19.924323,9.1,2025-03-19,Mon-Th,0,5
3.0,Mon-Th,19,14,3,urban,0.03923359780748699,6.1,82.0,210.0,15.4,0,3.063722,6.93,2025-03-19,Mon-Th,0,5
3.0,Mon-Th,16,28,4,urban,0.003892702730120867,10.8,36.0,378.0,10.6,0,12.514192,21.12,2025-03-19,Mon-Th,0,5
3.0,Mon-Th,8,15,6,urban,0.008168628559464304,21.6,46.0,468.0,6.9,0,22.508322,22.29,2025-03-19,Mon-Th,0,5
3.0,Mon-Th,8,6,10,urban,0.0017521412348241098,6.3,69.0,175.0,5.0,0,9.012153,2.83,2025-03-19,Mon-Th,0,5
3.0,Mon-Th,23,9,6,urban,0.024990082174982442,17.3,59.0,457.0,10.6,0,6.208879,3.49,2025-03-20,Mon-Th,0,5
3.0,Mon-Th,19,20,4,urban,0.005345018565553849,7.4,89.0,1.0,5.0,0,4.818952,11.69,2025-03-20,Mon-Th,0,5
3.0,Mon-Th,22,26,6,urban,0.012366039468216919,12.4,93.0,0.0,10.6,0,7.116608,14.66,2025-03-20,Mon-Th,0,5
3.0,Mon-Th,20,15,5,urban,0.035997677115448906,3.9,77.0,0.0,9.0,0,14.339769,32.79,2025-03-20,Mon-Th,0,5
3.0,Mon-Th,21,23,1,urban,0.01803819760476909,1.4,77.0,0.0,23.6,0,11.738028,27.49,2025-03-20,Mon-Th,0,5
3.0,Mon-Th,23,30,10,urban,0.01650242168648803,9.3,99.0,19.0,9.3,0,60.588271,6.81,2025-12-22,Mon-Th,0,9
3.0,Mon-Th,21,15,4,urban,0.044071531411239186,11.2,33.0,252.0,5.4,0,28.290866,7.32,2025-12-22,Mon-Th,0,9
3.0,Mon-Th,3,13,6,urban,-0.0001771543426648996,18.0,43.0,380.0,4.0,0,14.235558,24.4,2025-12-22,Mon-Th,0,9
3.0,Mon-Th,16,18,10,urban,0.0148621401703629,-8.5,93.0,47.0,27.4,0,6.531653,15.94,2025-12-22,Mon-Th,0,9
3.0,Mon-Th,16,9,5,urban,0.03626463385244698,10.6,71.0,0.0,4.5,0,24.457451,10.44,2025-12-22,Mon-Th,0,9
3.0,Mon-Th,8,2,4,urban,0.002561887523170293,13.9,35.0,448.0,13.5,0,20.803556,7.22,2025-12-22,Mon-Th,0,9
3.0,Mon-Th,17,27,4,urban,0.04299600027262238,6.5,91.0,231.0,6.1,0,2.975592,20.16,2025-12-22,Mon-Th,0,9
3.0,Mon-Th,21,27,1,urban,0.03638201674382263,13.8,56.0,0.0,1.3,0,6.33646,5.55,2025-12-22,Mon-Th,0,9
3.0,Mon-Th,12,25,3,urban,0.010370575299475807,9.2,91.0,0.0,9.8,0,5.354523,31.44,2025-12-22,Mon-Th,0,9
3.0,Mon-Th,10,6,4,urban,0.006060097391931687,9.9,46.0,1.0,4.6,0,11.259133,25.9,2025-12-23,Mon-Th,0,6
3.0,Mon-Th,8,17,7,urban,0.002832062135123455,22.9,53.0,275.0,18.3,0,62.553693,52.02,2025-12-23,Mon-Th,0,6
3.0,Mon-Th,13,25,6,sub-urban,0.0409960240784972,5.7,54.0,1.0,3.5,0,17.890969,13.07,2025-12-23,Mon-Th,0,6
3.0,Mon-Th,21,2,4,urban,0.0040529015360094775,5.9,59.0,287.0,14.3,0,4.280842,19.8,2025-12-23,Mon-Th,0,6
3.0,Mon-Th,22,8,7,urban,0.03249852665001665,-0.9,54.0,0.0,10.5,0,22.379907,27.68,2025-12-23,Mon-Th,0,6
3.0,Mon-Th,14,24,4,urban,0.005834326251150117,13.8,46.0,491.0,4.0,0,16.41409,16.2,2025-12-23,Mon-Th,0,6
3.0,Mon-Th,20,17,4,urban,0.03462190178023064,0.3,88.0,1.0,16.7,0,8.366906,24.91,2025-12-24,Mon-Th,0,13
3.0,Mon-Th,8,4,4,urban,0.0038180851149184035,23.0,35.0,288.0,4.3,0,66.060097,8.94,2025-12-24,Mon-Th,0,13
3.0,Mon-Th,9,23,4,urban,0.0017870677395050065,7.6,59.0,0.0,7.2,0,7.025392,29.29,2025-12-24,Mon-Th,0,13
3.0,Mon-Th,11,15,5,urban,0.025248552622067384,12.2,62.0,0.0,13.8,0,7.443733,5.27,2025-12-24,Mon-Th,0,13
3.0,Mon-Th,22,15,6,urban,0.013221887850115363,19.0,56.0,356.0,4.7,0,10.472258,14.32,2025-12-24,Mon-Th,0,13
3.0,Mon-Th,11,26,6,urban,0.003915230426287523,11.9,95.0,0.0,13.8,0,8.6463,15.17,2025-12-24,Mon-Th,0,13
3.0,Mon-Th,9,17,8,urban,0.015965836522529066,6.8,63.0,186.0,13.2,0,3.885165,8.37,2025-12-24,Mon-Th,0,13
3.0,Mon-Th,16,18,4,urban,0.0015760696354853785,7.9,56.0,42.0,11.7,0,38.420035,27.45,2025-12-24,Mon-Th,0,13
3.0,Mon-Th,13,14,4,urban,0.03912961425104837,0.8,69.0,393.0,5.5,0,10.787668,8.18,2025-12-24,Mon-Th,0,13
3.0,Mon-Th,21,30,4,urban,0.0045900806274273495,5.6,53.0,1.0,12.9,0,10.398525,5.6,2025-12-24,Mon-Th,0,13
3.0,Mon-Th,8,9,6,urban,0.0011431023034016198,12.5,67.0,0.0,8.3,0,8.37148,15.13,2025-12-24,Mon-Th,0,13
3.0,Mon-Th,6,22,4,urban,0.03804285708639875,-1.6,60.0,64.0,12.2,0,17.253978,14.12,2025-12-24,Mon-Th,0,13
3.0,Mon-Th,21,6,5,urban,0.0072780526478494105,6.6,32.0,411.0,13.1,0,5.344849,16.92,2025-12-24,Mon-Th,0,13
3.0,Mon-Th,22,13,4,urban,0.00572136501215572,7.6,61.0,1.0,5.9,0,9.089946,18.03,2025-12-25,Mon-Th,0,8
3.0,Mon-Th,22,22,4,urban,0.004840188065236384,10.2,37.0,491.0,14.5,0,10.743942,8.1,2025-12-25,Mon-Th,0,8
3.0,Mon-Th,18,8,6,urban,0.00256458926745987,17.9,72.0,0.0,24.1,0,7.234812,23.1,2025-12-25,Mon-Th,0,8
3.0,Mon-Th,10,6,5,urban,0.04003217239810032,6.4,70.0,1.0,2.8,0,5.811988,6.66,2025-12-25,Mon-Th,0,8
3.0,Mon-Th,21,8,6,urban,0.004932785940572179,19.8,37.0,507.0,9.9,0,11.710648,23.02,2025-12-25,Mon-Th,0,8
3.0,Mon-Th,23,7,4,urban,0.0004181187587532914,7.5,51.0,1.0,6.6,0,34.87225,8.51,2025-12-25,Mon-Th,0,8
3.0,Mon-Th,22,17,6,urban,0.006981313506649668,21.2,62.0,1.0,20.0,0,12.998758,18.63,2025-12-25,Mon-Th,0,8
3.0,Mon-Th,22,31,3,urban,0.0007622968990490049,9.0,54.0,1.0,7.2,0,8.0065,18.68,2025-12-25,Mon-Th,0,8
3.0,Mon-Th,21,19,4,urban,0.03744598308738782,14.1,75.0,0.0,13.1,0,7.902839,22.99,2025-12-29,Mon-Th,0,9
3.0,Mon-Th,20,22,9,urban,0.011016131027293458,7.4,93.0,0.0,10.6,0,11.869956,29.33,2025-12-29,Mon-Th,0,9
3.0,Mon-Th,22,30,3,urban,0.04022473640383281,-6.4,78.0,136.0,8.4,0,21.786428,26.49,2025-12-29,Mon-Th,0,9
3.0,Mon-Th,14,20,5,urban,0.009265499043977516,11.7,32.0,551.0,3.6,0,9.506337,6.52,2025-12-29,Mon-Th,0,9
3.0,Mon-Th,16,17,3,urban,0.013407786740185047,6.4,74.0,1.0,3.8,0,7.186323,8.31,2025-12-29,Mon-Th,0,9
3.0,Mon-Th,16,15,6,urban,0.00334432906582101,25.6,46.0,517.0,6.6,0,19.545019,8.32,2025-12-29,Mon-Th,0,9
3.0,Mon-Th,20,2,3,urban,0.030779378292690278,2.4,62.0,314.0,13.1,0,5.480692,8.69,2025-12-29,Mon-Th,0,9
3.0,Mon-Th,14,22,6,urban,0.00011224338852337812,11.6,38.0,432.0,6.7,0,5.532934,20.94,2025-12-29,Mon-Th,0,9
3.0,Mon-Th,19,18,12,urban,0.009152484909023683,6.0,55.0,0.0,8.5,0,8.496815,25.12,2025-12-29,Mon-Th,0,9
3.0,Mon-Th,14,19,4,urban,0.03598930384658267,6.1,63.0,110.0,14.0,0,3.06001,17.35,2025-12-30,Mon-Th,0,10
3.0,Mon-Th,22,15,6,urban,0.004071037982728501,13.5,92.0,0.0,4.7,0,4.003788,30.81,2025-12-30,Mon-Th,0,10
3.0,Mon-Th,20,26,6,urban,-0.00031,21.7,46.0,332.0,6.3,0,11.061119,8.31,2025-12-30,Mon-Th,0,10
3.0,Mon-Th,3,2,5,urban,-0.00031,5.4,94.0,1.0,8.8,0,17.653729,22.57,2025-12-30,Mon-Th,0,10
3.0,Mon-Th,15,17,5,urban,0.03302023292836827,10.0,74.0,0.0,8.9,0,8.870082,36.37,2025-12-30,Mon-Th,0,10
3.0,Mon-Th,16,6,8,sub-urban,0.007521190419392933,14.3,60.0,0.0,3.5,0,6.780408,10.08,2025-12-30,Mon-Th,0,10
3.0,Mon-Th,22,21,5,urban,0.0016791882831522758,14.3,74.0,1.0,2.7,0,8.329369,19.68,2025-12-30,Mon-Th,0,10
3.0,Mon-Th,17,26,5,urban,0.002577173313081746,8.7,37.0,439.0,8.1,0,68.074971,4.69,2025-12-30,Mon-Th,0,10
3.0,Mon-Th,14,26,4,urban,0.00367029248310944,7.8,37.0,0.0,13.8,0,11.150874,6.46,2025-12-30,Mon-Th,0,10
3.0,Mon-Th,8,4,6,urban,0.03641484765449547,12.9,96.0,0.0,14.3,0,6.914881,6.3,2025-12-30,Mon-Th,0,10
3.0,Mon-Th,9,10,3,urban,0.004633250720947037,6.9,44.0,462.0,19.9,0,47.562585,14.34,2025-12-31,Mon-Th,0,9
3.0,Mon-Th,22,22,5,urban,0.007052652621767059,23.8,34.0,438.0,3.4,0,3.966586,17.3,2025-12-31,Mon-Th,0,9
3.0,Mon-Th,12,10,6,urban,0.037984006697588765,23.3,35.0,329.0,7.8,0,4.402319,9.09,2025-12-31,Mon-Th,0,9
3.0,Mon-Th,20,31,6,urban,0.03160439457201831,12.6,88.0,1.0,11.9,0,9.001568,37.7,2025-12-31,Mon-Th,0,9
3.0,Mon-Th,17,23,3,sub-urban,0.045046623215241194,8.0,55.0,87.0,4.7,0,54.875877,6.62,2025-12-31,Mon-Th,0,9
3.0,Mon-Th,11,15,5,urban,0.004657786197045227,8.3,62.0,465.0,13.0,0,14.105487,2.42,2025-12-31,Mon-Th,0,9
3.0,Mon-Th,0,2,5,urban,0.016482120081037707,12.2,96.0,0.0,13.8,0,9.431305,7.93,2025-12-31,Mon-Th,0,9
3.0,Mon-Th,3,11,2,urban,0.039675371616102684,15.0,95.0,1.0,27.7,0,8.614594,19.71,2025-12-31,Mon-Th,0,9
3.0,Mon-Th,9,24,5,urban,0.0030979466940928247,7.4,33.0,432.0,5.1,0,22.459012,20.3,2025-12-31,Mon-Th,0,9
3.0,Friday,18,4,6,urban,0.0364774620909238,8.0,61.0,16.0,4.0,0,2.0,6.67,2025-01-03,Friday,0,8
3.0,Friday,8,2,6,urban,0.012372288238455618,8.7,85.0,1.0,6.7,0,4.235801,9.93,2025-01-03,Friday,0,8
3.0,Friday,22,28,8,sub-urban,0.021167659928599047,19.3,48.0,559.0,4.0,0,12.142313,24.81,2025-01-03,Friday,0,8
3.0,Friday,16,27,3,urban,0.007849198949591909,8.7,79.0,208.0,8.7,0,15.990906,7.46,2025-01-03,Friday,0,8
3.0,Friday,12,28,6,urban,0.02020208445580204,8.9,84.0,1.0,5.9,0,3.46699,8.91,2025-01-03,Friday,0,8
3.0,Friday,21,8,4,urban,0.002944657200294807,7.6,93.0,0.0,15.6,0,10.951019,22.4,2025-01-03,Friday,0,8
3.0,Friday,4,14,3,urban,0.0002592179850837307,3.1,91.0,0.0,5.4,0,24.433428,35.83,2025-01-03,Friday,0,8
3.0,Friday,4,18,3,urban,0.029292048828692366,3.1,55.0,0.0,5.5,0,30.582973,19.12,2025-01-03,Friday,0,8
3.0,Friday,10,8,3,urban,0.013635048303782111,0.6,97.0,59.0,5.9,0,10.826361,16.93,2025-01-10,Friday,0,9
3.0,Friday,12,23,3,urban,0.0019136947100123454,3.6,38.0,332.0,3.0,0,97.674879,8.66,2025-01-10,Friday,0,9
3.0,Friday,14,2,3,urban,0.002289977748703329,6.8,97.0,127.0,18.1,0,23.207837,26.31,2025-01-10,Friday,0,9
3.0,Friday,8,14,5,urban,0.0028943987908581752,12.3,30.0,564.0,9.8,0,11.270957,21.92,2025-01-10,Friday,0,9
3.0,Friday,14,2,3,urban,0.019409031161779604,7.3,70.0,1.0,8.8,0,2.482474,26.92,2025-01-10,Friday,0,9
3.0,Friday,4,27,6,urban,0.0332546431925058,10.7,29.0,290.0,7.1,0,16.746316,4.25,2025-01-10,Friday,0,9
3.0,Friday,15,3,5,urban,0.02842476552767289,6.2,98.0,318.0,7.7,0,10.248847,25.98,2025-01-10,Friday,0,9
3.0,Friday,9,4,7,urban,0.001426243055400705,27.8,35.0,392.0,7.3,0,78.593938,8.15,2025-01-10,Friday,0,9
3.0,Friday,13,9,9,urban,0.0027300853788387687,22.4,68.0,1.0,20.5,0,15.02746,9.02,2025-01-10,Friday,0,9
3.0,Friday,4,8,6,urban,0.028163174265380217,28.2,92.0,406.0,8.1,0,9.762674,14.0,2025-01-17,Friday,0,10
3.0,Friday,9,21,5,urban,0.0013792721585732756,15.9,35.0,467.0,10.1,0,87.201402,14.45,2025-01-17,Friday,0,10
3.0,Friday,21,27,4,urban,0.003467975407028116,10.2,30.0,258.0,7.1,0,36.146906,9.75,2025-01-17,Friday,0,10
3.0,Friday,17,26,7,urban,0.03802020912370572,10.9,51.0,1.0,8.0,0,6.575651,22.83,2025-01-17,Friday,0,10
3.0,Friday,3,9,6,urban,0.008633719089484715,18.0,59.0,0.0,15.1,0,13.371583,22.41,2025-01-17,Friday,0,10
3.0,Friday,9,4,6,urban,0.0031759250658188708,15.8,56.0,414.0,2.6,0,22.078717,2.97,2025-01-17,Friday,0,10
3.0,Friday,14,4,4,urban,0.006238875127449927,9.3,77.0,0.0,6.6,0,6.574767,10.19,2025-01-17,Friday,0,10
3.0,Friday,8,14,3,urban,0.006214016847441765,5.6,79.0,1.0,10.8,0,40.912714,30.94,2025-01-17,Friday,0,10
3.0,Friday,22,2,5,urban,0.03563704099781411,11.5,56.0,226.0,9.3,0,15.949619,6.96,2025-01-17,Friday,0,10
3.0,Friday,10,23,12,urban,0.04414095424607828,-8.8,97.0,1.0,9.8,0,11.273607,17.95,2025-01-17,Friday,0,10
3.0,Friday,17,21,10,urban,0.005550027595670112,11.3,100.0,268.0,14.2,0,5.152268,23.24,2025-01-24,Friday,0,6
3.0,Friday,15,16,3,urban,0.02228926849858015,18.6,48.0,230.0,13.2,0,14.717829,6.44,2025-01-24,Friday,0,6
3.0,Friday,14,21,4,urban,0.0001194384022037906,9.5,90.0,194.0,23.7,0,9.448835,39.65,2025-01-24,Friday,0,6
3.0,Friday,14,23,4,urban,0.0019438951751360335,14.8,54.0,226.0,13.2,0,3.575211,26.33,2025-01-24,Friday,0,6
3.0,Friday,10,28,3,urban,0.040504291514001735,11.2,79.0,59.0,13.9,0,21.057314,19.14,2025-01-24,Friday,0,6
3.0,Friday,3,15,5,urban,0.005729826537095152,14.6,64.0,1.0,11.6,0,9.449347,11.35,2025-01-24,Friday,0,6
3.0,Friday,16,3,6,urban,-0.00031,7.7,98.0,0.0,8.7,0,15.151854,27.84,2025-01-31,Friday,0,4
3.0,Friday,5,9,6,urban,0.016642866111441484,6.2,96.0,499.0,7.1,0,5.19352,32.7,2025-01-31,Friday,0,4
3.0,Friday,9,2,4,urban,0.004936250318248834,8.5,37.0,634.0,3.5,0,40.353399,25.75,2025-01-31,Friday,0,4
3.0,Friday,16,26,5,urban,0.002391730701596918,8.4,48.0,437.0,31.5,0,42.274176,24.14,2025-01-31,Friday,0,4
3.0,Friday,19,27,10,urban,0.004125103703247279,8.5,82.0,422.0,13.8,0,56.413228,7.86,2025-02-07,Friday,0,7
3.0,Friday,13,1,7,urban,0.0005338882453681075,11.4,41.0,0.0,9.8,0,12.041529,31.88,2025-02-07,Friday,0,7
3.0,Friday,22,14,4,urban,0.0038416337424987384,7.2,67.0,0.0,15.3,0,7.33162,12.7,2025-02-07,Friday,0,7
3.0,Friday,22,13,4,urban,0.005825302472801736,6.9,44.0,632.0,8.7,0,6.475988,13.08,2025-02-07,Friday,0,7
3.0,Friday,10,24,10,urban,0.0067589173502851044,10.9,39.0,630.0,15.0,0,2.988795,5.48,2025-02-07,Friday,0,7
3.0,Friday,12,10,6,urban,0.003351089922882144,17.6,36.0,513.0,8.4,0,19.285842,27.53,2025-02-07,Friday,0,7
3.0,Friday,13,5,3,urban,0.017859467454339892,5.7,97.0,67.0,6.4,0,22.204718,7.55,2025-02-07,Friday,0,7
3.0,Friday,8,23,10,urban,0.003058828587960769,9.7,37.0,315.0,31.4,0,14.270196,1.33,2025-02-14,Friday,0,10
3.0,Friday,14,16,5,urban,0.041051054697651045,19.2,29.0,282.0,5.4,0,3.191895,21.1,2025-02-14,Friday,0,10
3.0,Friday,21,15,7,urban,0.02024685351028164,11.9,87.0,1.0,6.8,0,9.289031,10.44,2025-02-14,Friday,0,10
3.0,Friday,3,10,3,urban,0.004882202302536343,7.5,54.0,255.0,3.7,0,39.99444,10.26,2025-02-14,Friday,0,10
3.0,Friday,8,2,12,urban,0.005881554256533958,6.3,62.0,0.0,2.5,0,30.806438,30.18,2025-02-14,Friday,0,10
3.0,Friday,6,13,6,urban,0.005435884938284119,12.4,47.0,463.0,4.4,0,15.134038,2.22,2025-02-14,Friday,0,10
3.0,Friday,16,26,4,urban,0.0019670706293187443,9.3,40.0,407.0,3.8,0,33.558049,25.01,2025-02-14,Friday,0,10
3.0,Friday,13,6,6,urban,0.005063338299952428,12.6,40.0,448.0,15.6,0,59.74315,10.74,2025-02-14,Friday,0,10
3.0,Friday,20,8,3,urban,0.011532258481387617,16.0,50.0,171.0,10.3,0,13.316942,38.57,2025-02-14,Friday,0,10
3.0,Friday,21,19,3,urban,0.020293983754838967,-1.6,31.0,366.0,13.5,0,23.214679,6.1,2025-02-14,Friday,0,10
3.0,Friday,22,13,3,urban,0.015329300637273112,4.0,90.0,0.0,8.3,0,17.459004,16.49,2025-02-21,Friday,0,12
3.0,Friday,17,2,12,urban,0.004536790864649217,4.2,97.0,23.0,7.6,0,19.995144,21.57,2025-02-21,Friday,0,12
3.0,Friday,15,3,4,urban,0.0015297847884643448,8.2,41.0,574.0,9.9,0,23.420826,25.74,2025-02-21,Friday,0,12
3.0,Friday,11,27,12,urban,0.009617321754883995,2.0,70.0,153.0,12.9,0,30.029958,6.39,2025-02-21,Friday,0,12
3.0,Friday,13,15,4,urban,0.007362130256717939,6.9,98.0,2.0,6.9,0,14.014271,10.3,2025-02-21,Friday,0,12
3.0,Friday,17,27,4,urban,0.005176848296444006,6.1,33.0,1.0,15.4,0,3.963931,5.51,2025-02-21,Friday,0,12
3.0,Friday,15,23,3,urban,0.033862739337282066,5.7,65.0,229.0,14.6,0,12.871742,14.79,2025-02-21,Friday,0,12
3.0,Friday,7,27,6,urban,0.0024850903868404287,14.5,65.0,240.0,3.3,0,40.65744,9.28,2025-02-21,Friday,0,12
3.0,Friday,20,15,7,urban,0.002297762922593297,7.2,28.0,483.0,6.2,0,19.597809,7.93,2025-02-21,Friday,0,12
3.0,Friday,8,16,5,urban,0.006933742933851164,15.0,25.0,487.0,8.8,0,22.830417,9.8,2025-02-21,Friday,0,12
3.0,Friday,22,2,6,urban,0.023095095261944167,10.6,90.0,1.0,6.9,0,21.641018,7.73,2025-02-21,Friday,0,12
3.0,Friday,16,15,3,urban,0.024621922309767418,7.1,67.0,2.0,4.0,0,18.980948,7.23,2025-02-21,Friday,0,12
3.0,Friday,14,4,5,urban,0.0056647866731075434,7.5,31.0,646.0,13.4,0,14.478268,23.56,2025-02-28,Friday,0,8
3.0,Friday,14,8,6,urban,0.03683788807049628,21.0,54.0,224.0,30.9,0,2.0,5.59,2025-02-28,Friday,0,8
3.0,Friday,4,5,3,urban,0.00528580463505819,5.0,52.0,19.0,14.0,0,38.582598,31.12,2025-02-28,Friday,0,8
3.0,Friday,19,15,4,urban,0.006109363783230022,7.4,45.0,413.0,8.8,0,10.367253,18.41,2025-02-28,Friday,0,8
3.0,Friday,11,26,3,urban,0.004732121999310414,1.6,96.0,219.0,8.3,0,16.496025,27.8,2025-02-28,Friday,0,8
3.0,Friday,10,27,3,urban,0.01776611400868504,16.6,64.0,481.0,5.1,0,30.639783,3.31,2025-02-28,Friday,0,8
3.0,Friday,17,22,6,urban,0.003790479387516064,9.2,47.0,3.0,7.1,0,3.506628,28.82,2025-02-28,Friday,0,8
3.0,Friday,13,10,12,urban,0.012362408950183139,7.6,74.0,1.0,10.7,0,20.514157,6.29,2025-02-28,Friday,0,8
3.0,Friday,23,23,3,urban,-0.00031,8.6,44.0,351.0,13.9,0,48.005825,9.92,2025-03-07,Friday,0,12
3.0,Friday,4,4,3,urban,0.0023735599889866577,10.5,44.0,351.0,11.7,0,69.322804,24.34,2025-03-07,Friday,0,12
3.0,Friday,22,23,4,urban,-4.9521629363228487e-05,9.7,66.0,114.0,20.8,0,23.723032,8.77,2025-03-07,Friday,0,12
3.0,Friday,14,22,5,urban,0.02513080217215989,8.5,59.0,1.0,17.3,0,19.335359,31.29,2025-03-07,Friday,0,12
3.0,Friday,14,13,6,urban,0.0029051618491171697,10.2,39.0,484.0,7.9,0,8.381782,18.57,2025-03-07,Friday,0,12
3.0,Friday,8,12,12,urban,0.002285374133077963,6.9,100.0,0.0,8.9,0,13.604986,16.31,2025-03-07,Friday,0,12
3.0,Friday,22,27,12,urban,-0.00010639477402306276,0.7,100.0,0.0,9.6,0,18.448735,25.98,2025-03-07,Friday,0,12
3.0,Friday,13,17,3,urban,0.008830302334741726,7.0,54.0,0.0,9.5,0,21.918625,8.05,2025-03-07,Friday,0,12
3.0,Friday,1,10,6,urban,0.018430426508586048,28.2,89.0,373.0,12.5,0,69.805053,10.92,2025-03-07,Friday,0,12
3.0,Friday,4,14,12,urban,0.024821225708051356,0.1,86.0,0.0,2.7,0,7.330134,17.16,2025-03-07,Friday,0,12
3.0,Friday,22,6,6,urban,0.003024703054206144,10.9,96.0,371.0,8.9,0,37.422873,6.48,2025-03-07,Friday,0,12
3.0,Friday,9,26,6,urban,0.008266871843316318,9.9,42.0,2.0,7.1,0,36.334799,10.36,2025-03-07,Friday,0,12
3.0,Friday,14,23,3,urban,0.008941263718272406,10.5,79.0,0.0,9.3,0,19.513413,16.64,2025-03-14,Friday,0,12
3.0,Friday,7,9,4,urban,0.03653959601405381,4.6,98.0,1.0,7.2,0,20.599994,11.21,2025-03-14,Friday,0,12
3.0,Friday,18,3,10,urban,0.0019261984206475563,5.9,98.0,0.0,13.3,0,5.205564,7.03,2025-03-14,Friday,0,12
3.0,Friday,4,28,4,urban,0.004225400973372816,1.5,36.0,0.0,9.3,0,43.462971,5.84,2025-03-14,Friday,0,12
3.0,Friday,3,8,5,urban,0.04226052469358415,21.8,89.0,190.0,5.0,0,5.720224,6.1,2025-03-14,Friday,0,12
3.0,Friday,4,12,3,urban,0.013818063834554011,8.6,61.0,0.0,4.8,0,8.991473,24.42,2025-03-14,Friday,0,12
3.0,Friday,9,12,12,urban,0.0038771404798879916,7.9,67.0,0.0,17.1,0,9.668022,10.63,2025-03-14,Friday,0,12
3.0,Friday,5,31,1,urban,0.034333046979847404,-6.2,78.0,4.0,7.5,0,15.649895,32.44,2025-03-14,Friday,0,12
3.0,Friday,16,12,12,urban,0.0026207353713406135,7.1,41.0,538.0,15.0,0,13.959748,15.67,2025-03-14,Friday,0,12
3.0,Friday,14,15,6,urban,0.0022457924080650045,21.3,33.0,555.0,6.4,0,5.577129,9.19,2025-03-14,Friday,0,12
3.0,Friday,10,8,5,urban,0.002751187128992118,6.0,35.0,402.0,11.6,0,41.269859,27.35,2025-03-14,Friday,0,12
3.0,Friday,20,6,5,urban,0.00334880028426448,9.6,36.0,430.0,9.3,0,48.558582,2.05,2025-03-14,Friday,0,12
3.0,Friday,11,22,4,urban,0.03592338538340359,-2.2,85.0,155.0,5.1,0,2.745883,10.0,2025-12-26,Friday,0,11
3.0,Friday,22,21,6,urban,0.0027199984886338243,11.5,28.0,290.0,2.7,0,14.437177,9.68,2025-12-26,Friday,0,11
3.0,Friday,16,13,5,urban,0.005064035009241679,9.6,64.0,311.0,15.0,0,37.910916,8.4,2025-12-26,Friday,0,11
3.0,Friday,15,3,5,urban,0.018544551057770354,10.6,95.0,0.0,3.9,0,22.53314,3.39,2025-12-26,Friday,0,11
3.0,Friday,22,21,3,urban,0.004209629467884242,4.5,92.0,501.0,6.2,0,14.290463,26.39,2025-12-26,Friday,0,11
3.0,Friday,4,26,4,urban,0.0018985220112666306,12.5,36.0,2.0,5.2,0,11.16361,14.04,2025-12-26,Friday,0,11
3.0,Friday,17,28,4,urban,0.008238407638678915,16.5,36.0,3.0,18.4,0,9.220448,35.6,2025-12-26,Friday,0,11
3.0,Friday,14,15,5,urban,0.005244915499311224,13.3,34.0,398.0,12.7,0,72.057229,8.97,2025-12-26,Friday,0,11
3.0,Friday,4,1,5,urban,0.0025023430114595752,8.5,39.0,217.0,15.1,0,26.454656,19.26,2025-12-26,Friday,0,11
3.0,Friday,15,24,4,urban,0.003136244980770986,8.0,38.0,191.0,6.3,0,20.60771,13.61,2025-12-26,Friday,0,11
3.0,Friday,10,27,5,urban,0.0024065361285471047,9.0,43.0,650.0,6.5,0,9.448194,18.21,2025-12-26,Friday,0,11
3.0,Saturday,9,2,6,urban,0.021082091184151358,9.2,52.0,244.0,9.8,0,7.649888,5.64,2025-01-04,Saturday,0,8
3.0,Saturday,14,4,6,urban,0.01865982187248325,23.8,38.0,460.0,12.4,0,39.749771,10.75,2025-01-04,Saturday,0,8
3.0,Saturday,19,23,3,urban,0.028572114025289103,9.4,98.0,157.0,13.1,0,76.572105,25.75,2025-01-04,Saturday,0,8
3.0,Saturday,21,20,3,urban,0.005193734838737814,1.8,53.0,223.0,17.7,0,9.004934,22.05,2025-01-04,Saturday,0,8
3.0,Saturday,3,15,5,urban,0.004732566335049586,7.2,31.0,279.0,11.1,0,39.921294,11.31,2025-01-04,Saturday,0,8
3.0,Saturday,14,24,4,urban,0.015067276586461427,13.3,51.0,112.0,3.1,0,2.836781,4.36,2025-01-04,Saturday,0,8
3.0,Saturday,3,4,6,urban,0.0021426466770768622,13.1,43.0,453.0,9.8,0,5.261303,35.11,2025-01-04,Saturday,0,8
3.0,Saturday,20,18,6,urban,0.0013128510452021852,14.0,47.0,1.0,10.3,0,20.970592,47.18,2025-01-04,Saturday,0,8
3.0,Saturday,22,26,5,urban,0.00402293777545356,6.6,27.0,1.0,4.2,0,7.64448,10.23,2025-01-11,Saturday,0,12
3.0,Saturday,22,22,10,urban,0.03290549754634713,12.6,93.0,470.0,13.1,0,19.465425,6.81,2025-01-11,Saturday,0,12
3.0,Saturday,3,25,3,urban,0.04350821829005046,4.4,56.0,27.0,6.9,0,61.486212,5.68,2025-01-11,Saturday,0,12
3.0,Saturday,8,4,5,urban,0.04010715389309286,7.5,38.0,361.0,7.9,0,9.554433,29.39,2025-01-11,Saturday,0,12
3.0,Saturday,9,10,4,urban,0.03360097120412702,8.0,74.0,50.0,8.5,0,17.237641,8.0,2025-01-11,Saturday,0,12
3.0,Saturday,9,19,4,urban,0.04000458118404248,21.7,34.0,522.0,13.6,0,3.376043,3.91,2025-01-11,Saturday,0,12
3.0,Saturday,21,12,4,urban,0.0032268737339564155,14.8,76.0,485.0,2.4,0,22.23743,10.03,2025-01-11,Saturday,0,12
3.0,Saturday,0,28,3,urban,0.04357175680036375,-1.9,99.0,1.0,10.8,0,18.538375,2.73,2025-01-11,Saturday,0,12
3.0,Saturday,9,26,6,urban,0.004871742055938361,19.6,39.0,445.0,4.6,0,15.631743,3.98,2025-01-11,Saturday,0,12
3.0,Saturday,14,7,1,urban,0.035392978476608355,3.4,66.0,34.0,8.5,0,9.028148,9.07,2025-01-11,Saturday,0,12
3.0,Saturday,13,20,3,urban,0.05051109235434913,13.4,77.0,1.0,12.7,0,13.136959,11.45,2025-01-11,Saturday,0,12
3.0,Saturday,12,15,4,urban,-0.00031,0.7,28.0,0.0,13.6,0,13.607797,28.32,2025-01-11,Saturday,0,12
3.0,Saturday,22,3,4,sub-urban,0.006883982271940111,7.4,36.0,657.0,5.8,0,57.423443,7.11,2025-01-18,Saturday,0,7
3.0,Saturday,23,15,6,urban,0.002686475924767723,5.4,98.0,157.0,22.6,0,9.909195,22.43,2025-01-18,Saturday,0,7
3.0,Saturday,18,20,4,urban,0.0152584192266332,-0.6,89.0,56.0,9.0,0,4.575218,11.11,2025-01-18,Saturday,0,7
3.0,Saturday,19,14,4,urban,0.03370391784915356,7.1,69.0,0.0,6.3,0,13.821545,11.0,2025-01-18,Saturday,0,7
3.0,Saturday,3,7,3,urban,0.023537776390687336,-2.1,93.0,426.0,10.4,0,13.521155,8.49,2025-01-18,Saturday,0,7
3.0,Saturday,15,6,5,sub-urban,0.008115228667758696,21.4,35.0,480.0,16.0,0,34.720835,22.86,2025-01-18,Saturday,0,7
3.0,Saturday,3,4,4,urban,0.021749481578174922,7.0,35.0,380.0,5.2,0,19.779743,28.56,2025-01-18,Saturday,0,7
3.0,Saturday,15,17,3,urban,0.03196112452254968,8.3,68.0,68.0,23.2,0,3.582325,11.06,2025-01-25,Saturday,0,10
3.0,Saturday,23,15,4,urban,-0.00016787098532202067,19.0,87.0,0.0,5.0,0,30.228408,38.33,2025-01-25,Saturday,0,10
3.0,Saturday,19,12,5,urban,0.006217936243214874,6.3,76.0,1.0,6.2,0,13.503528,23.06,2025-01-25,Saturday,0,10
3.0,Saturday,14,29,5,urban,0.05276270532523122,2.2,58.0,342.0,8.4,0,9.847156,14.59,2025-01-25,Saturday,0,10
3.0,Saturday,16,14,5,urban,0.018801884423663102,8.0,37.0,345.0,24.6,0,16.264218,1.93,2025-01-25,Saturday,0,10
3.0,Saturday,12,23,4,sub-urban,0.04213000002850998,12.7,30.0,442.0,7.2,0,12.269598,3.51,2025-01-25,Saturday,0,10
3.0,Saturday,15,14,4,urban,0.005043027959214979,6.7,34.0,469.0,4.4,0,17.0973,9.06,2025-01-25,Saturday,0,10
3.0,Saturday,14,26,3,urban,0.005479393378886739,7.3,40.0,1.0,16.0,0,2.0,13.14,2025-01-25,Saturday,0,10
3.0,Saturday,16,12,4,urban,0.008190362558772387,8.9,88.0,0.0,17.1,0,24.863917,7.08,2025-01-25,Saturday,0,10
3.0,Saturday,15,18,3,sub-urban,0.010987967194273009,7.4,63.0,61.0,11.9,0,19.325049,12.62,2025-01-25,Saturday,0,10
3.0,Saturday,13,6,10,urban,0.002568374344599238,25.8,78.0,271.0,7.2,0,105.279487,11.15,2025-02-01,Saturday,0,8
3.0,Saturday,22,21,3,urban,0.046164001915654077,6.3,60.0,41.0,9.4,0,5.635899,9.87,2025-02-01,Saturday,0,8
3.0,Saturday,15,1,4,urban,0.0029974203594580434,3.4,84.0,172.0,3.0,0,70.554792,16.9,2025-02-01,Saturday,0,8
3.0,Saturday,3,3,10,urban,0.0052363180087793264,8.7,91.0,18.0,16.1,0,16.63808,24.52,2025-02-01,Saturday,0,8
3.0,Saturday,3,29,3,urban,0.008164732650768697,12.4,71.0,161.0,16.6,0,14.88199,51.71,2025-02-01,Saturday,0,8
3.0,Saturday,22,14,4,urban,0.0013332590597417587,11.2,31.0,498.0,2.5,0,36.36503,14.68,2025-02-01,Saturday,0,8
3.0,Saturday,10,2,4,urban,0.005861987929400231,7.7,96.0,3.0,6.7,0,9.913387,20.69,2025-02-01,Saturday,0,8
3.0,Saturday,15,17,4,urban,0.011881334249026196,13.7,94.0,0.0,10.6,0,11.635296,32.1,2025-02-01,Saturday,0,8
3.0,Saturday,15,7,4,urban,0.01196360841347195,2.5,51.0,164.0,9.9,0,16.045729,5.57,2025-02-08,Saturday,0,7
3.0,Saturday,14,16,5,urban,0.03220309387654466,2.6,29.0,431.0,11.4,0,74.376195,6.41,2025-02-08,Saturday,0,7
3.0,Saturday,16,27,6,urban,0.002457614906423873,23.7,37.0,278.0,15.6,0,3.940899,25.58,2025-02-08,Saturday,0,7
3.0,Saturday,23,4,4,urban,0.04224013781177072,8.5,40.0,405.0,12.4,0,18.381244,50.65,2025-02-08,Saturday,0,7
3.0,Saturday,15,27,4,sub-urban,0.0406484085510396,-0.0,66.0,272.0,9.0,0,23.282262,7.74,2025-02-08,Saturday,0,7
3.0,Saturday,22,22,5,urban,0.04324196831611453,7.4,64.0,0.0,7.0,0,8.819916,8.92,2025-02-08,Saturday,0,7
3.0,Saturday,17,12,5,urban,0.013528160277946764,12.8,33.0,0.0,5.8,0,8.056475,22.43,2025-02-08,Saturday,0,7
3.0,Saturday,22,21,4,urban,0.0077078113383473226,12.8,100.0,0.0,7.4,0,8.331258,21.48,2025-02-15,Saturday,0,6
3.0,Saturday,20,16,4,urban,0.00398236965941128,10.6,100.0,0.0,14.7,0,8.205661,12.15,2025-02-15,Saturday,0,6
3.0,Saturday,9,18,10,urban,0.005348030029581311,22.6,57.0,428.0,14.2,0,16.321326,17.71,2025-02-15,Saturday,0,6
3.0,Saturday,15,15,5,urban,0.02735681943206586,12.7,86.0,1.0,3.8,0,6.60952,6.95,2025-02-15,Saturday,0,6
3.0,Saturday,14,8,4,urban,0.032262736161650894,11.3,62.0,246.0,6.5,0,6.172286,22.7,2025-02-15,Saturday,0,6
3.0,Saturday,16,8,6,urban,-0.00015487867693192176,13.9,86.0,0.0,9.5,0,17.722596,5.57,2025-02-15,Saturday,0,6
3.0,Saturday,6,13,4,urban,0.03380297482151769,7.2,91.0,134.0,19.8,0,18.827172,9.06,2025-02-22,Saturday,0,7
3.0,Saturday,20,13,6,urban,0.0035568601224221738,8.0,33.0,463.0,3.7,0,16.751689,25.02,2025-02-22,Saturday,0,7
3.0,Saturday,22,10,6,urban,0.003735732146327383,7.4,43.0,228.0,13.4,0,13.507272,18.0,2025-02-22,Saturday,0,7
3.0,Saturday,10,20,3,urban,0.012842378522337444,8.2,86.0,0.0,17.1,0,15.355072,8.0,2025-02-22,Saturday,0,7
3.0,Saturday,14,13,4,urban,0.00478073745304738,7.2,54.0,539.0,14.0,0,41.139928,25.14,2025-02-22,Saturday,0,7
3.0,Saturday,15,22,3,urban,0.0294867175073788,8.5,63.0,60.0,8.5,0,3.47163,5.86,2025-02-22,Saturday,0,7
3.0,Saturday,9,11,6,urban,0.01965145707708551,21.3,54.0,297.0,3.1,0,19.820679,19.54,2025-02-22,Saturday,0,7
3.0,Saturday,4,1,12,urban,-5.850048233751841e-05,6.8,98.0,0.0,14.1,0,64.973851,10.6,2025-03-01,Saturday,0,6
3.0,Saturday,8,27,6,urban,0.005510738297328431,19.9,76.0,0.0,2.1,0,4.103128,25.17,2025-03-01,Saturday,0,6
3.0,Saturday,17,2,6,urban,0.0025617158734721336,10.2,48.0,429.0,5.3,0,13.841696,12.35,2025-03-01,Saturday,0,6
3.0,Saturday,23,17,4,urban,0.027636719547614912,13.6,30.0,450.0,1.7,0,10.002996,7.5,2025-03-01,Saturday,0,6
3.0,Saturday,18,10,6,urban,-0.00031,8.4,31.0,0.0,9.1,0,42.218462,16.23,2025-03-01,Saturday,0,6
3.0,Saturday,14,11,12,urban,0.0059947279532037955,5.8,41.0,539.0,18.2,0,31.339123,8.17,2025-03-01,Saturday,0,6
3.0,Saturday,16,3,4,sub-urban,0.005843501000714896,8.0,33.0,476.0,8.5,0,100.272694,7.16,2025-03-08,Saturday,0,2
3.0,Saturday,13,4,6,urban,0.0017841522565720924,8.1,53.0,344.0,16.1,0,22.584224,6.84,2025-03-08,Saturday,0,2
3.0,Saturday,9,21,3,urban,0.0034323106073501793,6.8,49.0,0.0,6.2,0,5.44031,19.27,2025-03-15,Saturday,0,8
3.0,Saturday,15,13,12,urban,0.037225399808581666,-0.2,93.0,0.0,7.6,0,23.24968,11.87,2025-03-15,Saturday,0,8
3.0,Saturday,11,10,6,urban,0.036160624049370586,21.4,95.0,471.0,14.7,0,22.629235,7.03,2025-03-15,Saturday,0,8
3.0,Saturday,15,27,6,urban,0.03788081754237357,16.1,90.0,195.0,4.0,0,21.747666,16.43,2025-03-15,Saturday,0,8
3.0,Saturday,20,26,3,urban,0.0039109090810879685,5.7,91.0,255.0,16.1,0,15.841735,23.39,2025-03-15,Saturday,0,8
3.0,Saturday,15,11,7,urban,0.021751398703100486,22.1,36.0,231.0,13.1,0,39.178942,4.53,2025-03-15,Saturday,0,8
3.0,Saturday,13,11,4,urban,0.027746788653328795,8.0,68.0,23.0,7.3,0,19.063226,11.02,2025-03-15,Saturday,0,8
3.0,Saturday,19,26,12,urban,0.018300155771300262,8.9,98.0,518.0,18.2,0,8.087675,21.29,2025-03-15,Saturday,0,8
3.0,Saturday,14,18,5,urban,0.04801792941001094,6.0,54.0,0.0,4.1,0,7.059304,9.04,2025-12-27,Saturday,0,9
3.0,Saturday,15,20,2,urban,0.05288003560391288,3.0,92.0,1.0,7.6,0,15.024389,10.55,2025-12-27,Saturday,0,9
3.0,Saturday,0,9,6,urban,0.023649148285378063,12.1,98.0,2.0,13.8,0,7.090214,23.34,2025-12-27,Saturday,0,9
3.0,Saturday,8,6,6,urban,0.0019272239269465803,8.3,34.0,525.0,30.0,0,8.761347,6.16,2025-12-27,Saturday,0,9
3.0,Saturday,10,12,3,urban,0.015905599769896268,5.2,38.0,240.0,12.7,0,15.863956,13.9,2025-12-27,Saturday,0,9
3.0,Saturday,15,7,3,urban,0.03987588920444674,0.2,86.0,77.0,4.5,0,15.400692,5.64,2025-12-27,Saturday,0,9
3.0,Saturday,13,13,6,urban,0.01940970306957352,20.3,39.0,355.0,3.8,0,16.019552,9.66,2025-12-27,Saturday,0,9
3.0,Saturday,15,27,10,urban,0.035862517985651585,5.3,70.0,58.0,2.7,0,19.027268,7.91,2025-12-27,Saturday,0,9
3.0,Saturday,4,15,4,urban,0.013145929127186488,7.2,95.0,1.0,10.7,0,11.06487,7.19,2025-12-27,Saturday,0,9
3.0,Sunday,22,14,4,urban,0.008130074719690749,19.4,34.0,191.0,7.4,0,24.252912,6.54,2025-01-05,Sunday,0,3
3.0,Sunday,16,9,8,urban,0.0009934837891024551,16.4,91.0,339.0,14.3,0,15.218256,43.84,2025-01-05,Sunday,0,3
3.0,Sunday,16,21,3,urban,0.0011848611248527455,5.3,52.0,460.0,13.9,0,46.217571,25.91,2025-01-05,Sunday,0,3
3.0,Sunday,17,13,6,urban,0.0026168648353429944,11.8,86.0,232.0,17.7,0,65.761764,11.33,2025-01-12,Sunday,0,8
3.0,Sunday,4,12,4,urban,0.004203987559155312,10.2,87.0,0.0,9.5,0,9.099698,10.91,2025-01-12,Sunday,0,8
3.0,Sunday,22,4,6,urban,0.002090023783898316,16.7,24.0,510.0,7.6,0,8.610792,8.42,2025-01-12,Sunday,0,8
3.0,Sunday,10,26,5,urban,0.007138668335063312,10.5,33.0,477.0,6.0,0,15.916145,5.39,2025-01-12,Sunday,0,8
3.0,Sunday,7,19,1,sub-urban,0.04917490626935854,14.7,52.0,0.0,14.3,0,26.021939,34.58,2025-01-12,Sunday,0,8
3.0,Sunday,4,28,6,urban,0.005455423267119532,11.3,61.0,456.0,1.3,0,3.437772,5.58,2025-01-12,Sunday,0,8
3.0,Sunday,3,15,5,urban,0.03530675876170896,25.9,55.0,1.0,9.1,0,66.842005,3.17,2025-01-12,Sunday,0,8
3.0,Sunday,23,9,6,urban,0.015704369634354162,7.5,59.0,0.0,4.3,0,7.061912,49.95,2025-01-12,Sunday,0,8
3.0,Sunday,15,15,10,urban,0.01720149985717248,8.1,92.0,0.0,3.9,0,8.274509,19.7,2025-01-19,Sunday,0,4
3.0,Sunday,4,20,3,urban,-0.00031,17.0,28.0,468.0,5.2,0,85.654887,9.26,2025-01-19,Sunday,0,4
3.0,Sunday,16,11,5,urban,0.0475426270544935,18.9,62.0,462.0,8.4,0,4.569826,4.38,2025-01-19,Sunday,0,4
3.0,Sunday,16,18,8,urban,0.01737955154339349,26.9,39.0,255.0,32.5,0,2.232545,3.71,2025-01-19,Sunday,0,4
3.0,Sunday,20,26,6,urban,0.037170250288262714,9.3,81.0,25.0,4.5,0,13.154375,5.6,2025-01-26,Sunday,0,6
3.0,Sunday,22,9,4,urban,0.001994592224579582,6.6,51.0,0.0,7.2,0,13.561135,3.88,2025-01-26,Sunday,0,6
3.0,Sunday,15,20,3,urban,0.01195141920341605,9.0,94.0,285.0,38.2,0,16.371426,33.91,2025-01-26,Sunday,0,6
3.0,Sunday,16,25,4,urban,0.0037537448881466667,18.8,47.0,428.0,9.6,0,19.337425,7.17,2025-01-26,Sunday,0,6
3.0,Sunday,18,6,4,urban,0.0038905400903203914,3.7,91.0,1.0,8.5,0,35.569312,3.02,2025-01-26,Sunday,0,6
3.0,Sunday,20,22,3,urban,0.0030573917079714866,10.2,79.0,1.0,13.8,0,18.740026,21.74,2025-01-26,Sunday,0,6
3.0,Sunday,16,13,5,urban,0.03550134501982758,7.4,85.0,0.0,11.4,0,69.232902,11.98,2025-02-02,Sunday,0,8
3.0,Sunday,0,19,6,urban,0.03998749435086687,17.5,56.0,0.0,2.1,0,16.979817,11.43,2025-02-02,Sunday,0,8
3.0,Sunday,19,15,10,urban,0.004992134006706166,7.1,68.0,492.0,7.7,0,13.529954,13.25,2025-02-02,Sunday,0,8
3.0,Sunday,21,23,4,urban,0.004990987586187462,7.5,99.0,49.0,14.3,0,47.662284,12.69,2025-02-02,Sunday,0,8
3.0,Sunday,21,13,5,urban,0.034859514775781496,3.1,88.0,2.0,24.8,0,14.311465,8.49,2025-02-02,Sunday,0,8
3.0,Sunday,12,4,4,urban,0.0026936502599663745,13.7,64.0,102.0,12.7,0,14.888479,8.23,2025-02-02,Sunday,0,8
3.0,Sunday,16,2,5,urban,0.04277235615594413,7.0,29.0,324.0,3.1,0,71.057458,11.36,2025-02-02,Sunday,0,8
3.0,Sunday,20,24,3,sub-urban,0.006191369335027914,8.1,96.0,0.0,5.5,0,11.375362,3.91,2025-02-02,Sunday,0,8
3.0,Sunday,14,22,6,urban,0.03362081158164032,13.0,54.0,281.0,14.6,0,16.998007,17.34,2025-02-09,Sunday,0,10
3.0,Sunday,4,21,4,urban,0.004525074343098176,13.2,39.0,0.0,4.1,0,6.103088,13.22,2025-02-09,Sunday,0,10
3.0,Sunday,14,3,6,urban,0.003703927589155038,8.5,30.0,449.0,7.8,0,6.626866,20.47,2025-02-09,Sunday,0,10
3.0,Sunday,17,17,4,urban,0.0021118758152483103,5.1,37.0,236.0,5.7,0,7.304484,8.39,2025-02-09,Sunday,0,10
3.0,Sunday,12,25,5,urban,0.03922717118983962,9.0,54.0,477.0,4.4,0,4.195341,8.97,2025-02-09,Sunday,0,10
3.0,Sunday,21,14,3,urban,0.003989679822955837,9.3,35.0,1.0,4.5,0,11.331784,26.98,2025-02-09,Sunday,0,10
3.0,Sunday,14,27,9,urban,0.001809331144545259,5.8,98.0,0.0,3.0,0,19.918847,55.83,2025-02-09,Sunday,0,10
3.0,Sunday,19,26,6,urban,0.0021647093361481587,12.8,36.0,392.0,7.7,0,9.714836,7.49,2025-02-09,Sunday,0,10
3.0,Sunday,22,4,12,urban,0.0028706937479478817,7.5,95.0,0.0,16.1,0,5.203675,21.68,2025-02-09,Sunday,0,10
3.0,Sunday,23,20,4,urban,0.0044037643443695035,7.0,92.0,1.0,6.6,0,4.541442,7.09,2025-02-09,Sunday,0,10
3.0,Sunday,19,25,5,urban,0.020424919807030498,-1.5,90.0,266.0,6.2,0,6.366561,22.35,2025-02-16,Sunday,0,7
3.0,Sunday,22,8,6,urban,-0.00031,28.5,38.0,601.0,12.2,0,21.02814,2.34,2025-02-16,Sunday,0,7
3.0,Sunday,14,1,6,urban,-0.00031,19.5,24.0,424.0,7.5,0,81.728796,25.15,2025-02-16,Sunday,0,7
3.0,Sunday,14,11,6,sub-urban,0.03329929396907382,10.5,53.0,523.0,1.9,0,105.212363,5.5,2025-02-16,Sunday,0,7
3.0,Sunday,20,8,6,urban,0.004798649135649384,19.0,33.0,462.0,9.3,0,6.001825,6.34,2025-02-16,Sunday,0,7
3.0,Sunday,16,11,6,urban,0.003292041786231402,15.5,58.0,270.0,8.2,0,4.105566,4.94,2025-02-16,Sunday,0,7
3.0,Sunday,23,26,3,urban,0.0016130542895854624,5.9,32.0,2.0,4.0,0,19.316668,24.9,2025-02-16,Sunday,0,7
3.0,Sunday,22,27,3,urban,0.0018309692542565026,6.7,98.0,367.0,6.8,0,23.408885,7.53,2025-02-23,Sunday,0,9
3.0,Sunday,13,11,3,urban,0.010422866861794198,9.2,96.0,2.0,7.1,0,18.467852,12.25,2025-02-23,Sunday,0,9
3.0,Sunday,4,26,6,urban,0.006143346946552698,21.3,42.0,274.0,4.7,0,8.55617,20.09,2025-02-23,Sunday,0,9
3.0,Sunday,9,4,8,urban,0.0014813559671750442,9.2,69.0,537.0,25.3,0,40.144294,3.96,2025-02-23,Sunday,0,9
3.0,Sunday,22,15,6,urban,0.013461548676950126,0.3,94.0,1.0,2.2,0,9.716608,47.53,2025-02-23,Sunday,0,9
3.0,Sunday,21,2,1,urban,0.017407180569981296,6.9,66.0,17.0,5.7,0,30.686676,9.83,2025-02-23,Sunday,0,9
3.0,Sunday,19,28,6,urban,0.0010427198031620973,10.2,99.0,132.0,6.6,0,8.449613,29.92,2025-02-23,Sunday,0,9
3.0,Sunday,22,4,5,urban,0.03276317556235182,13.0,27.0,489.0,10.5,0,13.845328,28.1,2025-02-23,Sunday,0,9
3.0,Sunday,4,2,6,urban,0.0015083412028779873,12.0,67.0,436.0,9.9,0,10.021274,23.3,2025-02-23,Sunday,0,9
3.0,Sunday,10,16,6,urban,0.0016036406395079465,9.2,45.0,492.0,26.4,0,2.267927,23.64,2025-03-02,Sunday,0,4
3.0,Sunday,13,8,12,urban,0.0010250724574353502,5.0,89.0,0.0,4.5,0,9.847818,10.06,2025-03-02,Sunday,0,4
3.0,Sunday,8,26,5,urban,5.1132436070396546e-05,20.8,44.0,515.0,13.2,0,9.058932,9.04,2025-03-02,Sunday,0,4
3.0,Sunday,17,20,4,urban,0.04305092573536015,18.2,52.0,269.0,6.7,0,18.451384,15.5,2025-03-02,Sunday,0,4
3.0,Sunday,3,16,5,urban,0.03390024636427322,7.2,78.0,492.0,22.6,0,20.720352,22.18,2025-03-09,Sunday,0,12
3.0,Sunday,22,31,9,urban,0.0002455767749562406,16.3,65.0,207.0,10.9,0,5.949352,7.74,2025-03-09,Sunday,0,12
3.0,Sunday,0,25,6,urban,-4.161659347721048e-05,7.3,59.0,0.0,7.6,0,4.179376,18.92,2025-03-09,Sunday,0,12
3.0,Sunday,8,7,6,urban,0.0032984654742425805,5.9,35.0,323.0,19.0,0,98.165553,5.94,2025-03-09,Sunday,0,12
3.0,Sunday,22,4,11,urban,0.03695127487121066,2.2,80.0,1.0,6.0,0,20.189839,18.14,2025-03-09,Sunday,0,12
3.0,Sunday,5,24,5,urban,0.0015862273449154698,7.2,60.0,0.0,9.8,0,11.649076,7.2,2025-03-09,Sunday,0,12
3.0,Sunday,11,8,6,urban,0.04034108911085248,8.5,50.0,188.0,14.8,0,14.919541,8.89,2025-03-09,Sunday,0,12
3.0,Sunday,1,9,3,urban,0.03319046320717388,8.4,95.0,1.0,5.7,0,3.343718,29.86,2025-03-09,Sunday,0,12
3.0,Sunday,5,8,7,urban,0.023886396100228344,20.0,69.0,244.0,1.7,0,5.99755,47.2,2025-03-09,Sunday,0,12
3.0,Sunday,4,15,5,urban,0.01817109238425355,12.5,92.0,0.0,5.0,0,9.062689,20.28,2025-03-09,Sunday,0,12
3.0,Sunday,9,23,5,urban,0.002279137649375118,4.0,53.0,0.0,6.7,0,15.226095,4.65,2025-03-09,Sunday,0,12
3.0,Sunday,4,12,3,sub-urban,0.016553311166670852,3.7,50.0,1.0,5.9,0,8.041907,34.4,2025-03-09,Sunday,0,12
3.0,Sunday,22,20,6,urban,0.03865085741644807,4.5,95.0,0.0,5.7,0,4.053993,7.82,2025-03-16,Sunday,0,5
3.0,Sunday,19,11,6,urban,0.016532982228673696,11.1,93.0,1.0,6.9,0,8.035158,19.24,2025-03-16,Sunday,0,5
3.0,Sunday,18,11,4,urban,0.04653895996917809,11.7,91.0,479.0,5.0,0,4.201603,9.16,2025-03-16,Sunday,0,5
3.0,Sunday,14,25,6,urban,0.030372718650459422,7.1,51.0,293.0,10.6,0,14.147662,15.63,2025-03-16,Sunday,0,5
3.0,Sunday,14,23,6,urban,-0.00031,7.5,90.0,0.0,9.3,0,21.523569,22.92,2025-03-16,Sunday,0,5
3.0,Sunday,21,12,5,urban,0.007352683850461349,18.3,53.0,483.0,2.2,0,6.433925,14.94,2025-12-28,Sunday,0,9
3.0,Sunday,18,12,4,urban,0.039302745026037075,9.6,62.0,115.0,8.8,0,11.370996,8.5,2025-12-28,Sunday,0,9
3.0,Sunday,6,23,4,urban,0.039067568436915806,9.8,29.0,416.0,7.5,0,2.593855,21.42,2025-12-28,Sunday,0,9
3.0,Sunday,22,10,6,urban,-0.0002112613938827293,12.2,89.0,532.0,5.4,0,11.301817,19.78,2025-12-28,Sunday,0,9
3.0,Sunday,14,19,6,urban,0.0010249084935445713,27.3,27.0,450.0,3.2,0,7.703586,21.32,2025-12-28,Sunday,0,9
3.0,Sunday,16,26,3,urban,0.0015718980720320322,11.4,33.0,287.0,11.1,0,15.427568,5.17,2025-12-28,Sunday,0,9
3.0,Sunday,8,2,3,urban,0.01246558733999191,15.4,67.0,394.0,7.9,0,59.916009,33.59,2025-12-28,Sunday,0,9
3.0,Sunday,22,22,6,sub-urban,0.003589697642956655,13.8,31.0,545.0,2.3,0,8.323593,4.45,2025-12-28,Sunday,0,9
3.0,Sunday,23,16,4,urban,0.002629266068546468,13.9,56.0,1.0,5.3,0,87.18707,11.03,2025-12-28,Sunday,0,9
3.0,Friday,20,13,8,urban,0.002097157128124272,7.9,66.0,0.0,3.1,1,18.738374,8.3,2025-03-21,Friday,1,11
3.0,Friday,16,11,7,urban,0.0020592505431293842,21.0,51.0,470.0,21.0,1,2.047918,5.4,2025-03-21,Friday,1,11
3.0,Friday,21,22,11,urban,0.04400756820908612,15.7,66.0,1.0,7.9,1,19.570495,51.4,2025-03-21,Friday,1,11
3.0,Friday,5,5,7,urban,0.0005740758681962105,23.3,59.0,408.0,5.9,1,3.492394,7.46,2025-03-21,Friday,1,11
3.0,Friday,17,2,9,urban,0.017801331365794332,22.6,51.0,0.0,15.0,1,17.187407,9.04,2025-03-21,Friday,1,11
3.0,Friday,17,7,9,urban,-0.0001120482343374904,10.8,50.0,536.0,6.8,1,7.811078,7.72,2025-03-21,Friday,1,11
3.0,Friday,16,8,8,urban,0.011875563642302026,25.6,59.0,89.0,14.4,1,12.814406,6.11,2025-03-21,Friday,1,11
3.0,Friday,17,2,8,urban,0.006923632254242423,13.2,56.0,23.0,4.9,1,13.569051,10.03,2025-03-21,Friday,1,11
3.0,Friday,21,9,8,urban,0.0007767769601534271,13.8,59.0,371.0,12.9,1,13.096311,4.6,2025-03-21,Friday,1,11
3.0,Friday,13,15,7,urban,0.003434526315820662,24.9,39.0,170.0,17.2,1,22.922475,20.41,2025-03-21,Friday,1,11
3.0,Friday,18,27,6,urban,0.004702369850076148,12.8,46.0,0.0,13.5,1,22.736479,7.13,2025-03-21,Friday,1,11
3.0,Friday,8,21,6,urban,0.0019097919668218943,17.8,71.0,331.0,3.8,1,15.703192,23.53,2025-03-28,Friday,1,7
3.0,Friday,20,21,7,urban,0.0050084618182527395,11.3,61.0,182.0,14.9,1,11.037528,8.21,2025-03-28,Friday,1,7
3.0,Friday,10,26,7,urban,-0.00031,13.9,38.0,367.0,13.4,1,47.475437,5.75,2025-03-28,Friday,1,7
3.0,Friday,9,4,7,urban,0.005427151848150584,18.3,26.0,521.0,12.6,1,13.630658,4.67,2025-03-28,Friday,1,7
3.0,Friday,16,11,8,urban,0.03410903275628937,23.1,73.0,516.0,3.1,1,26.858193,2.57,2025-03-28,Friday,1,7
3.0,Friday,5,27,7,urban,0.000891470067744178,21.4,46.0,0.0,12.5,1,5.587598,4.89,2025-03-28,Friday,1,7
3.0,Friday,14,29,7,urban,0.015053851845108025,28.1,36.0,530.0,12.8,1,12.47895,7.8,2025-03-28,Friday,1,7
3.0,Friday,21,28,6,urban,0.009222779248500979,21.0,46.0,383.0,16.7,1,7.750461,22.04,2025-04-04,Friday,1,6
3.0,Friday,13,5,8,urban,0.00381414234148118,24.4,91.0,264.0,11.0,1,88.456316,5.12,2025-04-04,Friday,1,6
3.0,Friday,12,1,6,urban,-0.00031,8.6,54.0,224.0,13.1,1,11.383943,7.99,2025-04-04,Friday,1,6
3.0,Friday,23,17,6,urban,0.037099615171230726,17.6,58.0,119.0,11.9,1,9.340601,6.54,2025-04-04,Friday,1,6
3.0,Friday,13,26,8,urban,0.024709385723345367,14.9,73.0,137.0,14.6,1,11.311547,29.45,2025-04-04,Friday,1,6
3.0,Friday,17,12,3,urban,0.04949450647016913,11.9,59.0,218.0,9.4,1,14.641717,9.85,2025-04-04,Friday,1,6
3.0,Friday,22,11,7,urban,0.020295626125697637,6.9,43.0,206.0,13.9,1,21.934034,3.08,2025-04-11,Friday,1,8
3.0,Friday,16,4,7,urban,0.006457360488825831,27.2,41.0,387.0,11.9,1,15.253928,5.22,2025-04-11,Friday,1,8
3.0,Friday,17,8,9,urban,0.0023767076930997044,9.1,47.0,246.0,4.0,1,44.832872,21.58,2025-04-11,Friday,1,8
3.0,Friday,16,27,10,urban,0.00919489619191714,26.6,55.0,46.0,14.1,1,17.755951,17.76,2025-04-11,Friday,1,8
3.0,Friday,13,7,9,urban,0.03362512557378761,24.1,68.0,1.0,18.7,1,15.745662,2.68,2025-04-11,Friday,1,8
3.0,Friday,21,20,5,urban,0.025155453348026893,14.6,58.0,363.0,28.2,1,5.719806,7.06,2025-04-11,Friday,1,8
3.0,Friday,16,27,8,urban,0.0010259065505315232,22.6,48.0,548.0,4.1,1,13.111832,5.4,2025-04-11,Friday,1,8
3.0,Friday,16,9,8,urban,0.010982565743810211,7.9,51.0,56.0,8.8,1,14.887149,11.47,2025-04-11,Friday,1,8
3.0,Friday,18,15,7,urban,0.020944762702144293,23.5,46.0,498.0,16.0,1,2.0,6.03,2025-04-18,Friday,1,11
3.0,Friday,3,16,5,urban,0.013371400152367516,16.8,64.0,0.0,9.7,1,4.531834,31.37,2025-04-18,Friday,1,11
3.0,Friday,22,8,9,urban,0.002993676730779905,21.0,64.0,303.0,14.2,1,5.664631,5.29,2025-04-18,Friday,1,11
3.0,Friday,23,23,7,urban,0.005795284454105622,9.8,29.0,224.0,5.8,1,33.26214,6.49,2025-04-18,Friday,1,11
3.0,Friday,18,27,8,urban,0.03863809644847689,14.9,50.0,359.0,15.4,1,13.698473,1.51,2025-04-18,Friday,1,11
3.0,Friday,3,23,6,urban,0.0021149461123013127,22.0,58.0,225.0,17.7,1,17.955837,11.43,2025-04-18,Friday,1,11
3.0,Friday,4,27,7,urban,0.0014830214084361826,19.7,31.0,201.0,10.2,1,60.706442,35.62,2025-04-18,Friday,1,11
3.0,Friday,5,15,9,urban,0.002802031855734616,6.0,100.0,216.0,10.2,1,4.097888,6.98,2025-04-18,Friday,1,11
3.0,Friday,15,27,9,urban,0.026857752971719523,15.6,60.0,188.0,17.8,1,19.478466,2.82,2025-04-18,Friday,1,11
3.0,Friday,16,27,7,urban,0.0038271157555948027,21.9,50.0,238.0,4.6,1,15.068612,8.05,2025-04-18,Friday,1,11
3.0,Friday,5,17,8,sub-urban,0.0015954870958499665,17.6,60.0,457.0,9.1,1,5.767084,7.76,2025-04-18,Friday,1,11
3.0,Friday,4,27,9,urban,0.004129565520301364,13.3,55.0,364.0,4.2,1,15.003278,10.02,2025-04-25,Friday,1,7
3.0,Friday,10,25,3,urban,0.01248687246811064,12.3,26.0,377.0,15.9,1,54.2303,15.36,2025-04-25,Friday,1,7
3.0,Friday,16,8,8,urban,0.006997613592038834,15.1,56.0,191.0,15.7,1,14.460002,2.77,2025-04-25,Friday,1,7
3.0,Friday,15,22,6,urban,0.005689924693947036,15.3,61.0,340.0,15.5,1,66.798516,5.25,2025-04-25,Friday,1,7
3.0,Friday,17,1,7,urban,0.011293018083634719,8.7,57.0,193.0,13.8,1,3.439703,4.37,2025-04-25,Friday,1,7
3.0,Friday,17,17,9,urban,0.0016264651084869582,9.6,53.0,60.0,5.9,1,18.675731,20.79,2025-04-25,Friday,1,7
3.0,Friday,10,27,9,urban,0.002229289149665434,7.7,46.0,1.0,21.0,1,17.846301,30.03,2025-04-25,Friday,1,7
3.0,Friday,9,15,8,sub-urban,0.039899155709725465,16.5,51.0,431.0,17.1,1,16.809408,5.28,2025-05-02,Friday,1,12
3.0,Friday,14,2,7,urban,0.025696857892185853,24.4,56.0,229.0,15.0,1,16.241783,25.1,2025-05-02,Friday,1,12
3.0,Friday,8,13,9,urban,0.01235810373033585,19.1,60.0,314.0,4.0,1,5.284312,7.31,2025-05-02,Friday,1,12
3.0,Friday,14,29,10,urban,0.003927194895187072,14.5,92.0,456.0,6.8,1,40.912293,8.12,2025-05-02,Friday,1,12
3.0,Friday,15,26,8,urban,0.0029664218513347045,18.6,61.0,489.0,10.4,1,21.581856,7.32,2025-05-02,Friday,1,12
3.0,Friday,5,8,8,urban,0.036448226270317755,22.2,53.0,22.0,5.1,1,17.100958,7.34,2025-05-02,Friday,1,12
3.0,Friday,20,17,10,urban,7.664382671046695e-05,9.5,96.0,2.0,5.3,1,19.050344,14.92,2025-05-02,Friday,1,12
3.0,Friday,16,26,6,urban,0.004222872777358816,24.3,60.0,233.0,14.1,1,18.70746,2.57,2025-05-02,Friday,1,12
3.0,Friday,5,27,3,urban,1.9616599912199856e-05,23.9,40.0,434.0,2.1,1,42.506161,10.26,2025-05-02,Friday,1,12
3.0,Friday,16,15,8,urban,0.005890466133186791,15.3,52.0,526.0,14.4,1,16.655273,8.7,2025-05-02,Friday,1,12
3.0,Friday,19,10,8,urban,0.017884533966632067,11.5,95.0,0.0,5.8,1,10.790248,36.2,2025-05-02,Friday,1,12
3.0,Friday,5,11,9,urban,-0.00031,6.5,31.0,249.0,14.5,1,13.211637,19.95,2025-05-02,Friday,1,12
3.0,Friday,13,5,8,urban,0.0028116524736251577,17.5,58.0,217.0,7.7,1,3.178125,31.42,2025-05-09,Friday,1,5
3.0,Friday,13,8,7,sub-urban,0.005157096228965256,23.0,53.0,390.0,2.7,1,18.457293,33.51,2025-05-09,Friday,1,5
3.0,Friday,22,14,4,urban,0.002406747488250062,8.1,36.0,2.0,9.3,1,13.121615,41.87,2025-05-09,Friday,1,5
3.0,Friday,21,27,7,urban,-0.00031,12.4,48.0,403.0,10.3,1,8.394522,21.1,2025-05-09,Friday,1,5
3.0,Friday,13,8,7,urban,0.005497671601302616,14.8,55.0,328.0,13.6,1,22.590873,2.2,2025-05-09,Friday,1,5
3.0,Friday,19,18,7,urban,0.013862350020119093,7.1,49.0,200.0,12.8,1,5.05518,7.59,2025-05-16,Friday,1,6
3.0,Friday,17,4,7,urban,0.002757549513539668,9.9,100.0,437.0,14.9,1,13.79315,11.16,2025-05-16,Friday,1,6
3.0,Friday,16,11,8,urban,0.050892445804300857,13.0,62.0,1.0,5.7,1,5.692311,8.17,2025-05-16,Friday,1,6
3.0,Friday,8,2,8,urban,0.0033030019305510757,23.8,75.0,373.0,12.9,1,14.568899,1.41,2025-05-16,Friday,1,6
3.0,Friday,14,21,7,urban,0.008656597542110803,20.4,62.0,342.0,13.2,1,11.83708,1.85,2025-05-16,Friday,1,6
3.0,Friday,17,6,7,urban,0.004813750786425685,25.4,67.0,197.0,4.9,1,67.857975,10.75,2025-05-16,Friday,1,6
3.0,Friday,10,7,8,urban,0.03729816254734716,15.0,92.0,1.0,14.9,1,12.827647,26.31,2025-05-23,Friday,1,7
3.0,Friday,15,6,7,urban,0.03743694412402859,23.3,55.0,237.0,12.3,1,24.127565,7.16,2025-05-23,Friday,1,7
3.0,Friday,17,6,7,urban,0.005024961782734861,25.1,47.0,403.0,12.5,1,13.800642,6.3,2025-05-23,Friday,1,7
3.0,Friday,17,15,7,urban,0.0034421693937718026,5.8,36.0,179.0,3.2,1,40.031628,9.95,2025-05-23,Friday,1,7
3.0,Friday,5,22,3,urban,0.0012465982876118053,7.0,93.0,237.0,18.8,1,59.289046,9.43,2025-05-23,Friday,1,7
3.0,Friday,19,13,7,urban,0.0029219151707497192,16.5,62.0,288.0,12.8,1,18.498094,0.68,2025-05-23,Friday,1,7
3.0,Friday,5,14,9,urban,0.010658021905491342,15.0,89.0,16.0,5.4,1,20.582931,4.45,2025-05-23,Friday,1,7
3.0,Friday,3,10,8,urban,0.02285180712977742,23.4,60.0,0.0,8.7,1,3.350843,9.56,2025-05-30,Friday,1,5
3.0,Friday,15,1,7,urban,0.002654225911009297,6.8,33.0,293.0,6.3,1,22.5063,29.77,2025-05-30,Friday,1,5
3.0,Friday,8,15,6,urban,0.002187579004994383,13.0,39.0,561.0,11.7,1,37.507104,2.36,2025-05-30,Friday,1,5
3.0,Friday,3,29,8,urban,0.01543844740111269,25.0,91.0,2.0,13.0,1,12.589792,5.74,2025-05-30,Friday,1,5
3.0,Friday,5,5,7,urban,0.014282133800611566,25.2,52.0,689.0,9.3,1,80.810028,40.05,2025-05-30,Friday,1,5
3.0,Friday,21,4,6,urban,0.0009131667359878427,19.4,45.0,524.0,14.7,1,6.754211,33.26,2025-06-06,Friday,1,7
3.0,Friday,14,8,7,urban,0.018226799294507642,26.0,56.0,159.0,9.9,1,21.752062,12.88,2025-06-06,Friday,1,7
3.0,Friday,8,25,8,sub-urban,0.0032332074797217034,24.6,51.0,229.0,3.8,1,16.70324,8.04,2025-06-06,Friday,1,7
3.0,Friday,5,25,3,urban,0.004943473879213801,16.3,51.0,382.0,11.8,1,60.503891,20.66,2025-06-06,Friday,1,7
3.0,Friday,16,18,7,urban,0.0034023625843998505,16.7,53.0,228.0,4.3,1,3.905993,5.45,2025-06-06,Friday,1,7
3.0,Friday,22,24,9,urban,0.0021151373425087505,16.7,48.0,14.0,3.0,1,10.904083,1.73,2025-06-06,Friday,1,7
3.0,Friday,16,13,8,urban,0.0010608162196343485,15.3,57.0,14.0,12.0,1,22.367822,36.95,2025-06-06,Friday,1,7
3.0,Friday,3,23,9,urban,0.004331795867993753,23.1,51.0,175.0,5.5,1,8.340606,7.91,2025-06-13,Friday,1,10
3.0,Friday,10,9,6,urban,0.0013487595032736178,26.6,60.0,472.0,2.3,1,39.059217,10.49,2025-06-13,Friday,1,10
3.0,Friday,16,7,8,urban,0.02607972163590194,23.3,35.0,187.0,3.2,1,23.488658,1.68,2025-06-13,Friday,1,10
3.0,Friday,5,4,7,urban,0.033303722722419944,18.3,50.0,453.0,5.9,1,15.408665,3.51,2025-06-13,Friday,1,10
3.0,Friday,5,9,9,urban,-0.00031,15.0,69.0,0.0,15.3,1,13.021368,4.08,2025-06-13,Friday,1,10
3.0,Friday,16,28,4,sub-urban,0.024026032477470986,12.5,33.0,1.0,5.3,1,21.759349,3.94,2025-06-13,Friday,1,10
3.0,Friday,11,15,9,urban,0.032290429391423445,15.1,81.0,82.0,3.8,1,48.683294,5.92,2025-06-13,Friday,1,10
3.0,Friday,14,23,7,urban,0.011290309047168094,18.9,54.0,231.0,5.1,1,2.444871,6.76,2025-06-13,Friday,1,10
3.0,Friday,19,24,7,urban,0.00044250582557087744,27.0,44.0,443.0,9.2,1,9.062414,25.96,2025-06-13,Friday,1,10
3.0,Friday,16,13,8,sub-urban,0.034920376931309415,14.1,82.0,294.0,9.7,1,2.796584,6.01,2025-06-13,Friday,1,10
3.0,Friday,22,1,7,urban,0.008442596424161784,11.0,50.0,302.0,3.0,1,14.322223,11.4,2025-06-20,Friday,1,4
3.0,Friday,7,28,6,urban,0.04894798121024221,14.0,65.0,1.0,8.4,1,41.087544,9.58,2025-06-20,Friday,1,4
3.0,Friday,22,27,7,urban,-0.0002520938925491189,16.8,60.0,536.0,13.9,1,8.229416,6.73,2025-06-20,Friday,1,4
3.0,Friday,22,18,9,urban,0.002092430539580822,18.9,46.0,19.0,5.9,1,2.668351,6.0,2025-06-20,Friday,1,4
3.0,Saturday,1,11,1,urban,0.021861128344046573,21.0,83.0,0.0,5.5,1,2.0,21.95,2025-03-22,Saturday,1,4
3.0,Saturday,12,10,9,urban,0.00169933498024092,11.8,50.0,501.0,2.9,1,25.921086,13.74,2025-03-22,Saturday,1,4
3.0,Saturday,10,1,9,urban,0.016555891593756172,9.6,98.0,0.0,5.1,1,16.778738,5.68,2025-03-22,Saturday,1,4
3.0,Saturday,19,29,3,urban,0.0022067693680504256,18.2,56.0,1.0,5.9,1,5.469754,23.41,2025-03-22,Saturday,1,4
3.0,Saturday,15,15,7,urban,0.0028736637635141133,16.1,55.0,403.0,8.9,1,21.377036,1.79,2025-03-29,Saturday,1,10
3.0,Saturday,11,19,7,urban,0.030384253450180667,24.2,54.0,564.0,11.1,1,17.592864,6.63,2025-03-29,Saturday,1,10
3.0,Saturday,16,4,9,urban,0.020426114067599956,5.8,94.0,0.0,3.5,1,13.335783,8.34,2025-03-29,Saturday,1,10
3.0,Saturday,1,9,8,urban,0.03168909936568685,20.4,49.0,233.0,5.3,1,66.203166,8.73,2025-03-29,Saturday,1,10
3.0,Saturday,18,31,1,urban,0.031765697082726765,4.7,67.0,14.0,14.5,1,9.245064,36.04,2025-03-29,Saturday,1,10
3.0,Saturday,14,22,4,urban,0.0025151036476557835,23.3,91.0,465.0,6.0,1,18.127548,3.56,2025-03-29,Saturday,1,10
3.0,Saturday,12,15,8,urban,0.0015310937546593696,10.7,59.0,209.0,16.9,1,19.165071,6.61,2025-03-29,Saturday,1,10
3.0,Saturday,22,8,6,urban,-0.00031,12.9,27.0,480.0,6.1,1,8.142039,7.75,2025-03-29,Saturday,1,10
3.0,Saturday,12,30,8,urban,0.004675658201592199,22.8,83.0,405.0,10.7,1,17.46851,20.18,2025-03-29,Saturday,1,10
3.0,Saturday,5,27,8,urban,0.00225869870861061,23.1,35.0,493.0,3.7,1,21.130891,24.72,2025-03-29,Saturday,1,10
3.0,Saturday,10,13,4,urban,0.002419860024627038,6.3,33.0,419.0,5.0,1,32.74008,39.1,2025-04-05,Saturday,1,8
3.0,Saturday,17,28,8,urban,0.004021219128275855,14.5,92.0,518.0,4.2,1,68.357631,6.88,2025-04-05,Saturday,1,8
3.0,Saturday,11,22,9,urban,0.001693029324271653,7.3,39.0,0.0,7.8,1,6.566941,2.93,2025-04-05,Saturday,1,8
3.0,Saturday,2,6,9,sub-urban,0.03320181123904906,18.8,91.0,0.0,4.4,1,10.480561,20.45,2025-04-05,Saturday,1,8
3.0,Saturday,17,13,9,urban,0.009602789308162576,12.7,84.0,0.0,8.8,1,18.089472,10.87,2025-04-05,Saturday,1,8
3.0,Saturday,14,15,7,urban,0.006820707947704998,19.3,55.0,2.0,12.8,1,21.249703,23.46,2025-04-05,Saturday,1,8
3.0,Saturday,8,5,7,sub-urban,0.0031997440233742644,17.5,37.0,394.0,15.4,1,64.248555,9.99,2025-04-05,Saturday,1,8
3.0,Saturday,22,26,7,urban,0.0065257910748360345,24.8,30.0,520.0,13.7,1,13.273815,5.68,2025-04-05,Saturday,1,8
3.0,Saturday,11,8,12,urban,0.004267272657245413,7.5,95.0,112.0,13.1,1,12.519357,8.72,2025-04-12,Saturday,1,5
3.0,Saturday,14,1,1,urban,0.005715769204247274,17.4,48.0,214.0,13.2,1,81.755643,16.98,2025-04-12,Saturday,1,5
3.0,Saturday,11,15,6,urban,0.0033302428108471197,24.2,36.0,527.0,4.6,1,19.075871,6.67,2025-04-12,Saturday,1,5
3.0,Saturday,9,11,9,urban,0.002031307326435115,13.4,36.0,0.0,15.5,1,17.458344,7.26,2025-04-12,Saturday,1,5
3.0,Saturday,13,23,6,urban,0.001964282145203018,15.7,68.0,0.0,19.0,1,9.415441,37.98,2025-04-12,Saturday,1,5
3.0,Saturday,12,1,6,urban,0.013728951457162759,7.6,64.0,258.0,15.3,1,7.441651,10.51,2025-04-19,Saturday,1,4
3.0,Saturday,12,26,4,urban,0.003202982401714857,21.5,92.0,124.0,13.8,1,18.513085,12.83,2025-04-19,Saturday,1,4
3.0,Saturday,14,4,10,urban,0.0006004257438223851,25.0,38.0,267.0,12.3,1,22.471043,3.54,2025-04-19,Saturday,1,4
3.0,Saturday,14,6,9,urban,-0.00031,26.3,43.0,543.0,15.3,1,57.691365,1.21,2025-04-19,Saturday,1,4
3.0,Saturday,12,20,9,urban,0.0162756864146642,22.0,99.0,64.0,24.1,1,2.608871,9.47,2025-04-26,Saturday,1,13
3.0,Saturday,12,21,9,urban,0.0014486588956206664,5.6,47.0,0.0,12.8,1,37.092597,16.91,2025-04-26,Saturday,1,13
3.0,Saturday,16,4,8,urban,0.022183934137840207,19.7,71.0,9.0,11.9,1,19.745803,6.09,2025-04-26,Saturday,1,13
3.0,Saturday,14,19,9,urban,0.026874080836305513,14.2,52.0,0.0,7.0,1,14.804595,11.27,2025-04-26,Saturday,1,13
3.0,Saturday,17,4,7,sub-urban,0.0020788427641141665,12.6,72.0,303.0,13.6,1,10.658879,7.28,2025-04-26,Saturday,1,13
3.0,Saturday,14,2,6,urban,0.026281739176139466,6.9,89.0,0.0,6.2,1,35.74312,8.22,2025-04-26,Saturday,1,13
3.0,Saturday,13,4,7,urban,0.016368527011656225,5.5,98.0,219.0,19.1,1,17.396861,20.71,2025-04-26,Saturday,1,13
3.0,Saturday,1,26,11,urban,0.028789008576582054,11.2,61.0,0.0,9.9,1,12.783684,26.69,2025-04-26,Saturday,1,13
3.0,Saturday,4,16,7,urban,-0.00031,12.6,99.0,143.0,13.1,1,8.206905,44.75,2025-04-26,Saturday,1,13
3.0,Saturday,16,10,6,urban,0.01830793245301965,10.2,90.0,0.0,18.7,1,12.576177,6.68,2025-04-26,Saturday,1,13
3.0,Saturday,11,15,7,urban,0.019347746747344102,16.9,95.0,326.0,4.5,1,2.134172,8.56,2025-04-26,Saturday,1,13
3.0,Saturday,18,25,6,urban,-0.00031,7.4,33.0,1.0,5.5,1,89.581402,51.5,2025-04-26,Saturday,1,13
3.0,Saturday,3,28,7,urban,0.0019937923516257926,23.8,37.0,421.0,13.4,1,11.648584,33.85,2025-04-26,Saturday,1,13
3.0,Saturday,22,2,6,urban,0.0009590100150753387,13.9,30.0,182.0,13.4,1,20.248219,21.08,2025-05-03,Saturday,1,8
3.0,Saturday,19,30,9,urban,0.02717790314269021,11.3,91.0,2.0,16.4,1,4.934912,5.91,2025-05-03,Saturday,1,8
3.0,Saturday,4,12,6,urban,0.0030006364123581503,10.5,85.0,1.0,6.6,1,2.913626,32.81,2025-05-03,Saturday,1,8
3.0,Saturday,4,2,3,urban,0.0003336067187723647,27.9,28.0,0.0,6.1,1,41.738709,35.08,2025-05-03,Saturday,1,8
3.0,Saturday,13,23,4,urban,0.032915005061149576,5.5,97.0,412.0,6.0,1,18.43608,9.93,2025-05-03,Saturday,1,8
3.0,Saturday,18,28,8,urban,0.038302969098894996,15.1,65.0,197.0,20.7,1,2.0,30.52,2025-05-03,Saturday,1,8
3.0,Saturday,16,8,6,urban,0.01159824510786834,25.2,51.0,385.0,12.5,1,20.092452,7.08,2025-05-03,Saturday,1,8
3.0,Saturday,16,16,8,urban,0.034981794199373306,15.1,59.0,361.0,4.1,1,9.840471,6.48,2025-05-03,Saturday,1,8
3.0,Saturday,15,8,7,urban,0.008333153226265797,14.3,47.0,0.0,3.9,1,13.866871,5.68,2025-05-10,Saturday,1,8
3.0,Saturday,4,27,6,urban,0.0031639126978697555,13.0,65.0,185.0,3.1,1,9.471804,10.32,2025-05-10,Saturday,1,8
3.0,Saturday,3,8,6,urban,0.030502591654817383,12.0,80.0,242.0,3.6,1,5.633611,44.54,2025-05-10,Saturday,1,8
3.0,Saturday,15,11,7,urban,0.03001261180413555,0.7,64.0,1.0,2.2,1,3.069017,32.57,2025-05-10,Saturday,1,8
3.0,Saturday,8,30,4,urban,0.035390628003026704,11.5,96.0,1.0,17.1,1,30.061525,16.18,2025-05-10,Saturday,1,8
3.0,Saturday,14,12,7,urban,0.03297551979176927,2.2,96.0,2.0,6.0,1,7.803027,10.18,2025-05-10,Saturday,1,8
3.0,Saturday,12,21,9,urban,0.029229414248766312,15.8,78.0,24.0,3.9,1,15.132981,4.14,2025-05-10,Saturday,1,8
3.0,Saturday,1,15,7,urban,0.023008016219478598,17.6,85.0,319.0,11.7,1,2.789823,6.86,2025-05-10,Saturday,1,8
3.0,Saturday,15,27,7,urban,0.0012737277237008355,11.7,57.0,211.0,14.0,1,103.71158,7.17,2025-05-17,Saturday,1,3
3.0,Saturday,12,15,9,urban,0.000769869981254361,23.0,70.0,60.0,14.0,1,2.528549,3.64,2025-05-17,Saturday,1,3
3.0,Saturday,16,29,8,urban,0.0009469601330663914,17.4,51.0,424.0,15.0,1,54.174588,24.24,2025-05-17,Saturday,1,3
3.0,Saturday,11,8,7,urban,0.03703489163914601,28.5,63.0,428.0,13.5,1,18.339725,9.02,2025-05-24,Saturday,1,5
3.0,Saturday,19,26,8,urban,0.01434462425307463,11.6,54.0,0.0,14.1,1,2.502698,10.48,2025-05-24,Saturday,1,5
3.0,Saturday,22,15,6,urban,0.0028494776256608977,11.2,48.0,577.0,7.9,1,16.215776,12.82,2025-05-24,Saturday,1,5
3.0,Saturday,17,18,7,sub-urban,0.04704089132944663,11.9,92.0,1.0,4.4,1,9.32376,15.42,2025-05-24,Saturday,1,5
3.0,Saturday,13,22,8,urban,0.030915709225320623,14.9,57.0,0.0,5.3,1,84.417399,13.21,2025-05-24,Saturday,1,5
3.0,Saturday,4,25,12,sub-urban,0.006430182973619468,13.2,59.0,0.0,8.9,1,19.06517,10.4,2025-05-31,Saturday,1,12
3.0,Saturday,19,22,7,urban,0.0015291821845666493,23.3,54.0,231.0,2.9,1,2.523936,2.67,2025-05-31,Saturday,1,12
3.0,Saturday,10,6,4,urban,0.00577459380314941,18.3,58.0,62.0,5.2,1,12.360913,4.13,2025-05-31,Saturday,1,12
3.0,Saturday,12,22,6,urban,0.0014777502255412162,27.3,54.0,371.0,11.3,1,10.951434,5.65,2025-05-31,Saturday,1,12
3.0,Saturday,14,22,7,urban,0.01774548590668331,16.5,71.0,0.0,4.4,1,77.884621,11.18,2025-05-31,Saturday,1,12
3.0,Saturday,1,10,1,urban,0.01767423217607074,3.2,59.0,1.0,10.1,1,20.471811,9.28,2025-05-31,Saturday,1,12
3.0,Saturday,4,10,9,urban,0.0017228616026227434,24.1,57.0,168.0,16.9,1,3.578892,9.11,2025-05-31,Saturday,1,12
3.0,Saturday,14,2,7,sub-urban,0.01838709548494008,22.4,87.0,0.0,18.8,1,16.376248,7.9,2025-05-31,Saturday,1,12
3.0,Saturday,14,22,8,urban,0.003721028510576131,7.2,61.0,253.0,10.5,1,13.328376,5.61,2025-05-31,Saturday,1,12
3.0,Saturday,18,15,7,urban,0.0379630899066733,14.7,63.0,197.0,16.4,1,17.323365,4.4,2025-05-31,Saturday,1,12
3.0,Saturday,22,5,8,urban,0.00905890747561168,19.0,93.0,0.0,15.9,1,5.926876,8.22,2025-05-31,Saturday,1,12
3.0,Saturday,15,5,7,urban,0.0023733903522380503,21.5,27.0,234.0,13.2,1,15.522102,8.12,2025-05-31,Saturday,1,12
3.0,Saturday,14,8,1,sub-urban,0.017208893942530647,7.4,64.0,202.0,17.0,1,10.530913,10.0,2025-06-07,Saturday,1,4
3.0,Saturday,17,30,7,urban,0.008248597921292667,20.1,63.0,411.0,5.2,1,34.873396,45.82,2025-06-07,Saturday,1,4
3.0,Saturday,23,27,9,urban,0.0042344096545995575,12.8,83.0,0.0,16.9,1,20.62695,12.2,2025-06-07,Saturday,1,4
3.0,Saturday,19,16,9,urban,0.012390299128811419,22.3,91.0,0.0,14.0,1,23.702595,8.9,2025-06-07,Saturday,1,4
3.0,Saturday,21,5,6,urban,0.038118597984044426,1.3,59.0,339.0,4.9,1,17.933494,6.49,2025-06-14,Saturday,1,8
3.0,Saturday,15,25,8,urban,0.005236182043186862,18.8,32.0,203.0,12.5,1,21.336644,1.97,2025-06-14,Saturday,1,8
3.0,Saturday,1,11,1,urban,0.021861128344046573,21.0,83.0,0.0,5.5,1,2.0,21.95,2025-06-14,Saturday,1,8
3.0,Saturday,12,10,9,urban,0.00169933498024092,11.8,50.0,501.0,2.9,1,25.921086,13.74,2025-06-14,Saturday,1,8
3.0,Saturday,10,1,9,urban,0.016555891593756172,9.6,98.0,0.0,5.1,1,16.778738,5.68,2025-06-14,Saturday,1,8
3.0,Saturday,19,29,3,urban,0.0022067693680504256,18.2,56.0,1.0,5.9,1,5.469754,23.41,2025-06-14,Saturday,1,8
3.0,Saturday,15,15,7,urban,0.0028736637635141133,16.1,55.0,403.0,8.9,1,21.377036,1.79,2025-06-14,Saturday,1,8
3.0,Saturday,11,19,7,urban,0.030384253450180667,24.2,54.0,564.0,11.1,1,17.592864,6.63,2025-06-14,Saturday,1,8
3.0,Saturday,16,4,9,urban,0.020426114067599956,5.8,94.0,0.0,3.5,1,13.335783,8.34,2025-06-21,Saturday,1,3
3.0,Saturday,1,9,8,urban,0.03168909936568685,20.4,49.0,233.0,5.3,1,66.203166,8.73,2025-06-21,Saturday,1,3
3.0,Saturday,18,31,1,urban,0.031765697082726765,4.7,67.0,14.0,14.5,1,9.245064,36.04,2025-06-21,Saturday,1,3
3.0,Sunday,5,29,7,urban,0.0019542792498930153,19.8,70.0,0.0,4.8,1,12.188809,24.25,2025-03-23,Sunday,1,4
3.0,Sunday,21,10,6,urban,0.0003742437783367993,18.7,89.0,478.0,5.0,1,6.323571,34.7,2025-03-23,Sunday,1,4
3.0,Sunday,20,1,7,urban,0.0077684205626660854,23.4,46.0,246.0,15.1,1,6.523542,21.05,2025-03-23,Sunday,1,4
3.0,Sunday,3,28,9,urban,0.0011274232563458762,22.5,37.0,290.0,8.0,1,86.92777,28.98,2025-03-23,Sunday,1,4
3.0,Sunday,14,15,8,urban,0.005664550426028307,12.8,36.0,238.0,4.4,1,16.762161,7.86,2025-03-30,Sunday,1,3
3.0,Sunday,14,9,6,urban,0.004005845454816917,11.7,62.0,258.0,13.9,1,11.746137,7.98,2025-03-30,Sunday,1,3
3.0,Sunday,2,30,4,urban,0.0029265586793752966,19.8,52.0,210.0,14.7,1,61.883509,27.11,2025-03-30,Sunday,1,3
3.0,Sunday,4,18,6,urban,0.0044615430589904255,11.4,32.0,1.0,5.2,1,92.934643,5.83,2025-04-06,Sunday,1,6
3.0,Sunday,21,27,7,sub-urban,0.03202282025437849,17.3,60.0,208.0,2.3,1,3.226006,5.58,2025-04-06,Sunday,1,6
3.0,Sunday,20,3,8,urban,0.0362040941315016,24.0,46.0,256.0,7.7,1,13.826587,7.13,2025-04-06,Sunday,1,6
3.0,Sunday,12,11,9,urban,0.029007445863533404,15.0,96.0,0.0,12.1,1,7.80992,19.63,2025-04-06,Sunday,1,6
3.0,Sunday,8,23,3,urban,0.006495672042671494,9.2,31.0,370.0,7.2,1,18.327818,21.05,2025-04-06,Sunday,1,6
3.0,Sunday,14,9,6,urban,0.0031048547709643737,16.8,45.0,414.0,3.4,1,7.615194,23.16,2025-04-06,Sunday,1,6
3.0,Sunday,19,6,8,urban,0.0027229271472365337,14.5,48.0,306.0,4.8,1,12.83138,22.98,2025-04-13,Sunday,1,7
3.0,Sunday,5,24,7,urban,0.01659860125886963,12.1,66.0,597.0,9.6,1,18.292815,11.75,2025-04-13,Sunday,1,7
3.0,Sunday,7,5,8,urban,0.017616662211996984,15.3,96.0,0.0,7.8,1,2.881444,2.36,2025-04-13,Sunday,1,7
3.0,Sunday,13,23,9,urban,0.03383704958767748,20.3,96.0,588.0,15.1,1,2.0,6.49,2025-04-13,Sunday,1,7
3.0,Sunday,21,27,7,urban,0.0021232321446388955,23.9,58.0,457.0,9.8,1,13.712456,20.42,2025-04-13,Sunday,1,7
3.0,Sunday,19,18,6,urban,0.0037860957781269584,2.8,63.0,39.0,9.8,1,15.714297,56.54,2025-04-13,Sunday,1,7
3.0,Sunday,15,23,6,urban,0.0018045842435108752,13.0,38.0,0.0,19.0,1,80.196107,17.41,2025-04-13,Sunday,1,7
3.0,Sunday,0,23,12,urban,0.00121885764684063,5.5,99.0,0.0,2.2,1,54.536448,63.81,2025-04-20,Sunday,1,11
3.0,Sunday,20,2,8,urban,0.029212628609403345,18.7,59.0,207.0,18.2,1,2.639468,17.88,2025-04-20,Sunday,1,11
3.0,Sunday,17,19,4,urban,0.004390170541491405,12.0,50.0,1.0,17.9,1,81.817278,21.02,2025-04-20,Sunday,1,11
3.0,Sunday,5,4,7,urban,0.03232797698575483,10.5,51.0,449.0,0.2,1,12.456988,5.54,2025-04-20,Sunday,1,11
3.0,Sunday,22,4,8,urban,0.003846469030317995,21.1,55.0,445.0,14.0,1,13.90512,16.86,2025-04-20,Sunday,1,11
3.0,Sunday,15,15,8,urban,0.010146414444701657,20.1,52.0,277.0,5.4,1,12.645228,15.04,2025-04-20,Sunday,1,11
3.0,Sunday,0,21,8,sub-urban,0.011791556233936438,7.0,80.0,202.0,3.8,1,14.780975,7.2,2025-04-20,Sunday,1,11
3.0,Sunday,17,20,9,urban,0.03864494304152803,20.4,68.0,308.0,13.8,1,14.981046,7.29,2025-04-20,Sunday,1,11
3.0,Sunday,14,15,7,urban,0.003213029215924176,25.4,43.0,334.0,13.6,1,23.274076,6.67,2025-04-20,Sunday,1,11
3.0,Sunday,0,8,7,urban,0.006012219904643417,16.5,90.0,13.0,14.1,1,7.524804,37.56,2025-04-20,Sunday,1,11
3.0,Sunday,3,26,7,urban,0.005310087028499073,6.6,41.0,1.0,9.8,1,52.346804,13.4,2025-04-20,Sunday,1,11
3.0,Sunday,16,1,9,urban,-0.00031,21.6,57.0,407.0,16.8,1,39.267905,3.87,2025-04-27,Sunday,1,9
3.0,Sunday,22,8,6,urban,0.024702716935077022,12.0,55.0,0.0,11.2,1,8.53348,27.34,2025-04-27,Sunday,1,9
3.0,Sunday,4,1,7,urban,0.032934932016206855,29.0,54.0,233.0,16.4,1,12.585008,6.8,2025-04-27,Sunday,1,9
3.0,Sunday,22,13,6,urban,0.01831263088209798,6.5,36.0,373.0,13.6,1,14.618904,7.07,2025-04-27,Sunday,1,9
3.0,Sunday,17,18,7,urban,0.03686924288895817,16.5,57.0,182.0,15.5,1,2.905152,5.45,2025-04-27,Sunday,1,9
3.0,Sunday,23,20,9,urban,0.03262582380221415,0.0,90.0,0.0,6.7,1,17.205348,8.26,2025-04-27,Sunday,1,9
3.0,Sunday,14,25,7,sub-urban,0.037001531140797225,20.3,52.0,191.0,5.2,1,2.739678,3.64,2025-04-27,Sunday,1,9
3.0,Sunday,11,16,7,urban,0.004984200377786739,15.6,80.0,0.0,7.6,1,4.974463,23.11,2025-04-27,Sunday,1,9
3.0,Sunday,0,31,6,urban,0.011669936125456262,22.9,42.0,276.0,3.2,1,16.804433,20.68,2025-04-27,Sunday,1,9
3.0,Sunday,14,28,8,urban,0.003684092167265295,13.6,35.0,307.0,16.1,1,62.9178,14.46,2025-05-04,Sunday,1,7
3.0,Sunday,4,11,6,urban,0.0007815040976831187,13.5,99.0,396.0,12.9,1,3.267246,21.76,2025-05-04,Sunday,1,7
3.0,Sunday,21,8,7,urban,0.03470480256258359,17.6,64.0,232.0,2.7,1,2.0,7.61,2025-05-04,Sunday,1,7
3.0,Sunday,14,17,9,urban,0.0018032939428480597,11.2,100.0,0.0,9.0,1,35.213609,10.64,2025-05-04,Sunday,1,7
3.0,Sunday,0,31,8,urban,-0.00013161154204688937,14.6,58.0,411.0,13.0,1,9.860784,56.51,2025-05-04,Sunday,1,7
3.0,Sunday,16,2,8,sub-urban,0.003367057919696303,17.2,67.0,223.0,5.1,1,5.748574,5.06,2025-05-04,Sunday,1,7
3.0,Sunday,16,5,8,sub-urban,0.0013766117712472208,20.6,55.0,207.0,10.1,1,14.948849,6.13,2025-05-04,Sunday,1,7
3.0,Sunday,5,1,3,urban,0.017819386575737593,1.4,96.0,0.0,4.0,1,6.980053,5.96,2025-05-11,Sunday,1,7
3.0,Sunday,17,28,8,urban,0.02021106173049191,23.5,56.0,299.0,19.6,1,16.198724,3.54,2025-05-11,Sunday,1,7
3.0,Sunday,19,15,10,urban,0.004112429852626073,17.2,45.0,458.0,5.4,1,14.834233,3.53,2025-05-11,Sunday,1,7
3.0,Sunday,21,15,6,urban,0.031744901379610196,15.9,45.0,0.0,1.2,1,19.715384,18.81,2025-05-11,Sunday,1,7
3.0,Sunday,19,22,8,urban,0.0011808150962532766,24.1,54.0,544.0,5.7,1,6.496877,5.66,2025-05-11,Sunday,1,7
3.0,Sunday,15,17,7,urban,0.015105343565690516,18.4,99.0,0.0,8.9,1,13.297711,11.32,2025-05-11,Sunday,1,7
3.0,Sunday,17,15,8,urban,0.001925341087133829,25.6,58.0,479.0,5.0,1,14.277786,6.34,2025-05-11,Sunday,1,7
3.0,Sunday,3,15,7,urban,0.01322940674758354,19.4,73.0,204.0,2.6,1,15.055584,25.47,2025-05-18,Sunday,1,7
3.0,Sunday,10,27,4,urban,0.033273358076274455,11.8,64.0,243.0,10.6,1,21.98451,1.79,2025-05-18,Sunday,1,7
3.0,Sunday,19,22,8,sub-urban,0.006102205002641546,11.4,60.0,0.0,9.6,1,10.942929,8.22,2025-05-18,Sunday,1,7
3.0,Sunday,8,15,6,urban,0.003876994083556939,13.2,50.0,1.0,7.5,1,22.173958,19.27,2025-05-18,Sunday,1,7
3.0,Sunday,19,17,9,urban,0.017379293990824468,16.1,62.0,0.0,4.2,1,10.250914,47.57,2025-05-18,Sunday,1,7
3.0,Sunday,12,7,7,urban,0.031751392094366296,23.5,99.0,0.0,8.1,1,11.572426,10.08,2025-05-18,Sunday,1,7
3.0,Sunday,11,2,7,urban,0.008807013827420083,11.5,55.0,207.0,9.9,1,16.734381,2.19,2025-05-18,Sunday,1,7
3.0,Sunday,5,2,6,urban,0.0012241359665567352,16.9,54.0,485.0,15.1,1,87.309935,12.66,2025-05-25,Sunday,1,9
3.0,Sunday,1,28,6,urban,0.004109683548953231,22.8,26.0,232.0,9.4,1,15.940723,14.44,2025-05-25,Sunday,1,9
3.0,Sunday,23,22,9,urban,-0.00031,13.4,51.0,320.0,12.3,1,2.962577,27.06,2025-05-25,Sunday,1,9
3.0,Sunday,8,22,9,urban,0.006751747589971799,13.4,59.0,547.0,18.7,1,33.584664,23.39,2025-05-25,Sunday,1,9
3.0,Sunday,22,1,9,urban,0.011850201567838552,2.4,99.0,0.0,3.6,1,7.222448,42.08,2025-05-25,Sunday,1,9
3.0,Sunday,16,4,7,urban,0.0032984904531165662,23.3,43.0,515.0,5.6,1,6.806956,2.68,2025-05-25,Sunday,1,9
3.0,Sunday,0,19,8,sub-urban,0.03087670771385792,16.1,48.0,312.0,11.9,1,9.384121,10.1,2025-05-25,Sunday,1,9
3.0,Sunday,8,28,8,urban,0.004778849763856162,21.6,57.0,268.0,6.6,1,11.220966,6.54,2025-05-25,Sunday,1,9
3.0,Sunday,15,23,3,urban,0.025993950458934774,9.2,62.0,1.0,13.8,1,15.354067,45.0,2025-05-25,Sunday,1,9
3.0,Sunday,9,1,7,urban,-0.00031,13.5,93.0,0.0,3.9,1,18.166734,10.35,2025-06-01,Sunday,1,6
3.0,Sunday,22,1,6,urban,0.002489893467466854,12.6,24.0,519.0,11.9,1,6.951087,13.41,2025-06-01,Sunday,1,6
3.0,Sunday,1,15,6,urban,0.015004224497599816,4.7,84.0,1.0,14.1,1,8.604162,25.15,2025-06-01,Sunday,1,6
3.0,Sunday,11,2,7,urban,0.00256342486764176,15.5,92.0,218.0,2.7,1,12.515918,6.01,2025-06-01,Sunday,1,6
3.0,Sunday,12,30,6,urban,0.027397199324445686,17.7,46.0,366.0,15.1,1,6.792814,9.16,2025-06-01,Sunday,1,6
3.0,Sunday,17,22,7,sub-urban,0.02413263243879778,18.5,51.0,629.0,9.2,1,9.87562,15.22,2025-06-01,Sunday,1,6
3.0,Sunday,14,22,7,urban,0.005409244477355168,18.9,42.0,180.0,11.6,1,5.185457,7.75,2025-06-08,Sunday,1,6
3.0,Sunday,17,1,7,urban,0.03626903119104674,15.6,50.0,204.0,10.1,1,14.892347,5.67,2025-06-08,Sunday,1,6
3.0,Sunday,17,1,9,urban,0.03635863492591983,9.7,100.0,31.0,3.5,1,17.168282,12.35,2025-06-08,Sunday,1,6
3.0,Sunday,9,15,1,urban,0.018079101480188174,17.2,42.0,380.0,13.6,1,31.307124,4.9,2025-06-08,Sunday,1,6
3.0,Sunday,13,26,7,urban,0.027968451336387257,11.5,83.0,0.0,4.1,1,2.080751,17.33,2025-06-08,Sunday,1,6
3.0,Sunday,22,7,9,urban,0.0017991926496336184,9.6,90.0,0.0,4.7,1,5.664017,10.24,2025-06-08,Sunday,1,6
3.0,Sunday,22,18,7,urban,0.004728069062634074,29.3,44.0,357.0,4.3,1,53.006514,2.13,2025-06-15,Sunday,1,6
3.0,Sunday,19,23,9,urban,0.004588054262024099,6.9,91.0,2.0,4.7,1,4.806099,6.46,2025-06-15,Sunday,1,6
3.0,Sunday,8,7,7,urban,0.020963072287941708,10.2,54.0,194.0,11.3,1,49.919151,3.04,2025-06-15,Sunday,1,6
3.0,Sunday,18,25,9,sub-urban,0.03806020050994928,16.1,51.0,347.0,2.2,1,18.353042,20.61,2025-06-15,Sunday,1,6
3.0,Sunday,15,26,6,sub-urban,0.02218452131750809,13.2,54.0,369.0,6.5,1,10.259439,5.34,2025-06-15,Sunday,1,6
3.0,Sunday,18,25,8,sub-urban,0.005438131298486416,10.3,84.0,415.0,15.5,1,13.292213,13.38,2025-06-15,Sunday,1,6
3.0,Mon-Th,14,6,7,urban,0.002930121234091464,23.4,53.0,475.0,14.6,1,35.571444,4.16,2025-03-24,Mon-Th,1,7
3.0,Mon-Th,8,22,9,urban,0.003336206448387965,10.4,61.0,250.0,13.1,1,14.260399,21.24,2025-03-24,Mon-Th,1,7
3.0,Mon-Th,19,23,4,urban,0.005903694963149247,20.4,99.0,0.0,6.4,1,15.307415,5.09,2025-03-24,Mon-Th,1,7
3.0,Mon-Th,16,7,6,urban,0.032921549361656165,12.4,96.0,0.0,15.6,1,5.781625,3.54,2025-03-24,Mon-Th,1,7
3.0,Mon-Th,15,2,8,urban,0.059292925313151855,10.6,97.0,251.0,5.2,1,2.0,47.09,2025-03-24,Mon-Th,1,7
3.0,Mon-Th,23,18,9,urban,0.0036171052320746857,7.6,66.0,403.0,30.0,1,7.364123,22.46,2025-03-24,Mon-Th,1,7
3.0,Mon-Th,9,15,4,urban,0.004602880596200314,8.5,55.0,2.0,18.3,1,12.312543,4.99,2025-03-24,Mon-Th,1,7
3.0,Mon-Th,21,21,6,urban,0.00954647370911482,26.5,29.0,432.0,1.9,1,8.191267,12.41,2025-03-25,Mon-Th,1,7
3.0,Mon-Th,14,28,7,urban,0.006507559973739214,17.4,34.0,286.0,13.3,1,12.354782,6.79,2025-03-25,Mon-Th,1,7
3.0,Mon-Th,5,17,12,urban,0.015623164751476914,6.0,95.0,0.0,13.5,1,10.450114,10.08,2025-03-25,Mon-Th,1,7
3.0,Mon-Th,22,7,7,urban,0.04248324606894556,19.6,66.0,254.0,23.3,1,4.773932,8.55,2025-03-25,Mon-Th,1,7
3.0,Mon-Th,17,2,6,urban,0.004567312875589407,18.0,54.0,428.0,18.8,1,32.07559,18.5,2025-03-25,Mon-Th,1,7
3.0,Mon-Th,17,4,7,urban,0.002976957537792032,22.1,32.0,399.0,14.7,1,95.223476,9.72,2025-03-25,Mon-Th,1,7
3.0,Mon-Th,20,4,8,urban,0.03786416651639955,13.8,84.0,0.0,6.1,1,11.063355,13.43,2025-03-25,Mon-Th,1,7
3.0,Mon-Th,8,6,7,urban,0.018927486367708028,19.8,46.0,0.0,20.7,1,2.0,8.06,2025-03-26,Mon-Th,1,9
3.0,Mon-Th,4,29,7,urban,0.0024960375384857217,14.8,57.0,0.0,18.2,1,7.716578,10.73,2025-03-26,Mon-Th,1,9
3.0,Mon-Th,16,21,8,urban,0.030528462362636205,7.2,79.0,312.0,5.3,1,5.357624,3.49,2025-03-26,Mon-Th,1,9
3.0,Mon-Th,14,22,9,urban,0.004246425316466121,9.3,100.0,189.0,6.4,1,7.114014,8.03,2025-03-26,Mon-Th,1,9
3.0,Mon-Th,3,17,7,urban,-0.00014719506549662129,18.4,97.0,0.0,16.5,1,8.947082,6.98,2025-03-26,Mon-Th,1,9
3.0,Mon-Th,14,26,6,urban,0.02919427001507946,11.1,100.0,0.0,6.8,1,2.67784,20.77,2025-03-26,Mon-Th,1,9
3.0,Mon-Th,20,27,9,urban,-0.00031,11.9,59.0,416.0,11.4,1,41.826111,33.79,2025-03-26,Mon-Th,1,9
3.0,Mon-Th,5,13,8,sub-urban,0.0030078921805159493,17.2,51.0,1.0,5.5,1,78.713342,3.29,2025-03-26,Mon-Th,1,9
3.0,Mon-Th,20,2,7,urban,0.03690355002193185,18.8,53.0,231.0,11.6,1,13.780919,15.64,2025-03-26,Mon-Th,1,9
3.0,Mon-Th,15,28,7,urban,0.010248430074087916,27.7,62.0,0.0,14.5,1,26.759561,1.71,2025-03-27,Mon-Th,1,10
3.0,Mon-Th,13,26,5,urban,0.003163722565634801,22.0,55.0,410.0,9.7,1,10.251267,15.34,2025-03-27,Mon-Th,1,10
3.0,Mon-Th,17,23,7,urban,0.03517912228197414,23.4,47.0,300.0,11.2,1,8.853379,2.66,2025-03-27,Mon-Th,1,10
3.0,Mon-Th,14,15,7,urban,0.006661850543948512,21.3,31.0,496.0,12.8,1,6.253243,25.54,2025-03-27,Mon-Th,1,10
3.0,Mon-Th,14,7,9,urban,0.04005806489013028,17.6,94.0,1.0,13.6,1,10.095159,24.47,2025-03-27,Mon-Th,1,10
3.0,Mon-Th,5,1,7,urban,0.0017107954340219666,29.4,43.0,518.0,5.1,1,39.206969,26.24,2025-03-27,Mon-Th,1,10
3.0,Mon-Th,15,1,7,urban,0.0012616156232511905,29.4,57.0,538.0,11.6,1,16.248971,4.51,2025-03-27,Mon-Th,1,10
3.0,Mon-Th,12,21,8,urban,0.041274595963810265,18.1,59.0,273.0,33.0,1,17.985714,14.17,2025-03-27,Mon-Th,1,10
3.0,Mon-Th,4,15,9,urban,0.0009823218008413424,6.7,54.0,0.0,5.5,1,15.189468,35.24,2025-03-27,Mon-Th,1,10
3.0,Mon-Th,16,1,7,urban,0.0029165561500561214,8.4,69.0,359.0,14.3,1,15.393526,5.15,2025-03-27,Mon-Th,1,10
3.0,Mon-Th,14,6,5,urban,0.03758814970181443,8.4,65.0,226.0,15.0,1,16.106184,28.17,2025-03-31,Mon-Th,1,8
3.0,Mon-Th,20,2,6,urban,-0.00031,21.2,53.0,398.0,11.8,1,2.86075,19.55,2025-03-31,Mon-Th,1,8
3.0,Mon-Th,20,2,9,urban,0.00121929500587965,15.5,83.0,0.0,14.1,1,54.193135,6.5,2025-03-31,Mon-Th,1,8
3.0,Mon-Th,2,26,8,urban,0.006318741096869483,12.0,33.0,459.0,6.9,1,13.780949,7.45,2025-03-31,Mon-Th,1,8
3.0,Mon-Th,19,26,6,sub-urban,0.002853672246536385,24.3,35.0,245.0,8.2,1,3.110783,6.07,2025-03-31,Mon-Th,1,8
3.0,Mon-Th,14,25,7,urban,0.03538979740212776,24.7,61.0,173.0,9.4,1,5.866859,6.34,2025-03-31,Mon-Th,1,8
3.0,Mon-Th,12,29,9,urban,0.02685183652047779,4.4,94.0,0.0,12.5,1,12.468019,31.37,2025-03-31,Mon-Th,1,8
3.0,Mon-Th,16,9,7,urban,0.010927434123924381,20.2,53.0,374.0,16.0,1,66.10545,3.98,2025-03-31,Mon-Th,1,8
3.0,Mon-Th,22,5,7,urban,0.0013749165017336302,27.4,47.0,572.0,7.6,1,6.8897,2.02,2025-04-01,Mon-Th,1,6
3.0,Mon-Th,17,19,7,urban,0.0011367241812484815,19.9,45.0,474.0,3.5,1,88.405967,10.92,2025-04-01,Mon-Th,1,6
3.0,Mon-Th,14,27,7,urban,0.03963728214147127,23.7,36.0,445.0,13.5,1,14.436367,5.41,2025-04-01,Mon-Th,1,6
3.0,Mon-Th,14,17,7,urban,0.0001359156752545991,24.6,55.0,249.0,19.8,1,5.361475,41.46,2025-04-01,Mon-Th,1,6
3.0,Mon-Th,16,17,7,urban,-0.00031,14.0,68.0,184.0,11.2,1,27.195813,20.41,2025-04-01,Mon-Th,1,6
3.0,Mon-Th,22,15,7,urban,0.0002119294082179174,14.6,38.0,0.0,8.4,1,3.262899,22.93,2025-04-01,Mon-Th,1,6
3.0,Mon-Th,14,26,7,urban,0.003470277214840799,11.2,34.0,575.0,13.6,1,39.308147,8.22,2025-04-02,Mon-Th,1,13
3.0,Mon-Th,9,4,7,urban,0.00020383661903732378,5.2,71.0,215.0,11.0,1,14.444949,6.83,2025-04-02,Mon-Th,1,13
3.0,Mon-Th,17,25,1,urban,0.001965284960070729,16.7,57.0,66.0,7.1,1,15.074114,18.34,2025-04-02,Mon-Th,1,13
3.0,Mon-Th,17,13,8,sub-urban,0.011654186550945175,15.1,52.0,186.0,14.0,1,16.056839,28.43,2025-04-02,Mon-Th,1,13
3.0,Mon-Th,13,4,4,urban,0.030760260534839715,21.6,52.0,236.0,14.3,1,4.274854,10.07,2025-04-02,Mon-Th,1,13
3.0,Mon-Th,9,8,7,urban,0.004289124677158194,22.3,65.0,369.0,18.0,1,83.52714,6.89,2025-04-02,Mon-Th,1,13
3.0,Mon-Th,22,15,9,urban,0.03142375888700483,24.9,53.0,24.0,13.2,1,9.798005,55.4,2025-04-02,Mon-Th,1,13
3.0,Mon-Th,22,26,9,urban,0.007650376763757901,11.5,95.0,0.0,15.4,1,2.800234,3.72,2025-04-02,Mon-Th,1,13
3.0,Mon-Th,14,10,7,urban,0.022574484765746004,17.7,48.0,319.0,3.1,1,18.285694,6.08,2025-04-02,Mon-Th,1,13
3.0,Mon-Th,10,11,7,urban,0.0059366668938151766,11.5,96.0,218.0,14.8,1,17.655615,22.81,2025-04-02,Mon-Th,1,13
3.0,Mon-Th,5,22,9,urban,0.0015394260848366477,9.7,36.0,218.0,16.8,1,10.188361,7.74,2025-04-02,Mon-Th,1,13
3.0,Mon-Th,21,17,9,urban,0.03207118130192806,16.1,68.0,0.0,15.0,1,13.504495,19.93,2025-04-02,Mon-Th,1,13
3.0,Mon-Th,9,9,8,urban,0.003287947172349565,8.0,94.0,0.0,5.5,1,6.526689,7.14,2025-04-02,Mon-Th,1,13
3.0,Mon-Th,4,4,4,urban,0.005844823508570544,10.9,39.0,445.0,9.7,1,90.313985,7.88,2025-04-03,Mon-Th,1,18
3.0,Mon-Th,20,21,7,urban,0.016953059438244066,16.1,55.0,267.0,12.7,1,8.81262,7.81,2025-04-03,Mon-Th,1,18
3.0,Mon-Th,12,25,7,urban,-0.00031,21.1,49.0,196.0,12.9,1,21.304628,30.19,2025-04-03,Mon-Th,1,18
3.0,Mon-Th,8,25,9,urban,0.035757898365537895,12.3,99.0,0.0,5.6,1,11.132597,5.06,2025-04-03,Mon-Th,1,18
3.0,Mon-Th,20,31,3,sub-urban,0.017941084055736942,13.6,56.0,421.0,4.3,1,12.474247,25.5,2025-04-03,Mon-Th,1,18
3.0,Mon-Th,1,26,7,urban,0.001462608453020436,20.6,46.0,224.0,6.9,1,7.368705,13.57,2025-04-03,Mon-Th,1,18
3.0,Mon-Th,11,27,7,urban,0.030479204946277583,29.4,59.0,170.0,8.5,1,7.00112,2.76,2025-04-03,Mon-Th,1,18
3.0,Mon-Th,9,22,3,urban,0.02060950688609682,12.3,59.0,2.0,7.2,1,15.829082,17.62,2025-04-03,Mon-Th,1,18
3.0,Mon-Th,14,28,7,urban,0.037127389016121684,12.4,68.0,1.0,13.3,1,12.358712,5.25,2025-04-03,Mon-Th,1,18
3.0,Mon-Th,22,8,7,urban,0.018191860386771477,7.2,59.0,0.0,14.3,1,13.322431,10.08,2025-04-03,Mon-Th,1,18
3.0,Mon-Th,10,17,7,urban,0.0030834659925044546,11.0,56.0,563.0,3.8,1,4.096927,24.81,2025-04-03,Mon-Th,1,18
3.0,Mon-Th,19,21,2,urban,0.02400534530359249,6.2,86.0,0.0,8.1,1,16.028414,22.69,2025-04-03,Mon-Th,1,18
3.0,Mon-Th,22,10,8,urban,0.016022541513389554,15.4,66.0,0.0,5.4,1,4.180466,6.24,2025-04-03,Mon-Th,1,18
3.0,Mon-Th,15,16,7,urban,0.005936925100344071,29.4,40.0,658.0,12.5,1,31.170436,4.1,2025-04-03,Mon-Th,1,18
3.0,Mon-Th,15,20,9,urban,0.019933902685282907,6.0,62.0,241.0,5.2,1,7.710496,3.57,2025-04-03,Mon-Th,1,18
3.0,Mon-Th,1,14,7,urban,0.018855995991088004,23.1,51.0,391.0,24.0,1,8.318116,8.04,2025-04-03,Mon-Th,1,18
3.0,Mon-Th,16,1,7,urban,0.005405708262564227,15.4,54.0,186.0,16.2,1,4.165864,8.26,2025-04-03,Mon-Th,1,18
3.0,Mon-Th,16,12,8,urban,0.004375237183591141,16.5,57.0,152.0,15.2,1,87.414123,3.99,2025-04-03,Mon-Th,1,18
3.0,Mon-Th,21,4,9,urban,0.0005645806021641326,14.3,92.0,0.0,7.4,1,20.818355,22.61,2025-04-07,Mon-Th,1,12
3.0,Mon-Th,1,22,7,urban,0.005044782016005258,18.8,39.0,130.0,4.8,1,5.736077,5.97,2025-04-07,Mon-Th,1,12
3.0,Mon-Th,15,31,7,urban,0.031704967208768184,19.4,45.0,0.0,4.3,1,39.37451,22.3,2025-04-07,Mon-Th,1,12
3.0,Mon-Th,17,17,4,urban,0.0060329838764436585,20.5,28.0,608.0,9.6,1,31.183196,6.72,2025-04-07,Mon-Th,1,12
3.0,Mon-Th,14,28,7,sub-urban,0.006363284010546404,11.4,72.0,470.0,10.4,1,12.652486,1.79,2025-04-07,Mon-Th,1,12
3.0,Mon-Th,22,23,7,urban,0.0391127103817248,22.3,66.0,360.0,10.6,1,17.073226,7.97,2025-04-07,Mon-Th,1,12
3.0,Mon-Th,22,17,9,sub-urban,0.0019693362955371984,19.9,56.0,538.0,14.1,1,7.919567,6.72,2025-04-07,Mon-Th,1,12
3.0,Mon-Th,18,6,4,sub-urban,0.001911856704075979,15.3,91.0,197.0,15.4,1,4.995424,6.61,2025-04-07,Mon-Th,1,12
3.0,Mon-Th,14,4,7,urban,0.039107014099539594,26.2,34.0,373.0,1.8,1,4.535752,1.59,2025-04-07,Mon-Th,1,12
3.0,Mon-Th,14,10,8,urban,0.041063703379563984,13.3,90.0,0.0,12.0,1,20.041007,8.71,2025-04-07,Mon-Th,1,12
3.0,Mon-Th,14,29,7,urban,0.0059024658744523525,24.8,60.0,404.0,12.6,1,14.531139,4.94,2025-04-07,Mon-Th,1,12
3.0,Mon-Th,17,25,7,urban,0.005564519642974139,16.7,56.0,241.0,1.8,1,8.869035,3.93,2025-04-07,Mon-Th,1,12
3.0,Mon-Th,20,9,8,urban,0.0024459895737749785,15.6,60.0,256.0,17.8,1,14.632868,5.63,2025-04-08,Mon-Th,1,7
3.0,Mon-Th,22,26,8,urban,0.003983590055826019,17.1,98.0,1.0,18.7,1,48.931022,7.5,2025-04-08,Mon-Th,1,7
3.0,Mon-Th,22,4,7,urban,0.03242494829393726,20.1,45.0,415.0,4.9,1,7.648085,6.22,2025-04-08,Mon-Th,1,7
3.0,Mon-Th,10,8,1,urban,0.018777609756315553,-2.3,61.0,147.0,5.6,1,5.657052,5.35,2025-04-08,Mon-Th,1,7
3.0,Mon-Th,16,29,8,urban,0.03502574562723699,23.0,94.0,255.0,15.8,1,8.239713,4.46,2025-04-08,Mon-Th,1,7
3.0,Mon-Th,21,22,7,urban,0.0290347418019151,14.0,57.0,0.0,1.4,1,6.407717,2.89,2025-04-08,Mon-Th,1,7
3.0,Mon-Th,8,4,2,urban,0.0026623563972451364,0.6,99.0,0.0,10.2,1,35.885008,10.43,2025-04-08,Mon-Th,1,7
3.0,Mon-Th,14,18,7,urban,0.008980620613698476,25.7,99.0,7.0,5.6,1,15.099082,12.52,2025-04-09,Mon-Th,1,8
3.0,Mon-Th,17,2,7,urban,0.03997281601419235,11.0,48.0,135.0,18.9,1,17.462837,16.88,2025-04-09,Mon-Th,1,8
3.0,Mon-Th,14,3,9,urban,0.004408346709652441,12.4,93.0,0.0,14.5,1,6.234351,4.73,2025-04-09,Mon-Th,1,8
3.0,Mon-Th,11,17,9,urban,0.004955654557194773,13.7,59.0,354.0,12.7,1,12.087697,20.38,2025-04-09,Mon-Th,1,8
3.0,Mon-Th,14,26,7,sub-urban,0.0028108302752308826,26.1,53.0,504.0,5.2,1,12.453912,6.21,2025-04-09,Mon-Th,1,8
3.0,Mon-Th,14,28,6,urban,0.006579682126232325,21.5,57.0,147.0,13.1,1,19.765775,6.83,2025-04-09,Mon-Th,1,8
3.0,Mon-Th,16,14,7,urban,0.019647444760008063,12.1,68.0,277.0,8.6,1,13.369979,8.91,2025-04-09,Mon-Th,1,8
3.0,Mon-Th,17,16,10,urban,0.001427155653529405,8.0,95.0,23.0,14.2,1,66.120041,10.01,2025-04-09,Mon-Th,1,8
3.0,Mon-Th,19,26,7,urban,0.020840580663848828,11.7,63.0,222.0,8.9,1,8.237134,9.8,2025-04-10,Mon-Th,1,5
3.0,Mon-Th,9,1,7,urban,0.005383730787858062,23.7,67.0,154.0,14.4,1,13.883254,9.12,2025-04-10,Mon-Th,1,5
3.0,Mon-Th,8,28,7,urban,0.002909682567820077,6.3,52.0,8.0,7.3,1,13.760154,36.72,2025-04-10,Mon-Th,1,5
3.0,Mon-Th,17,11,7,urban,0.0017782113104625602,24.8,31.0,225.0,16.5,1,15.883927,2.11,2025-04-10,Mon-Th,1,5
3.0,Mon-Th,8,12,7,urban,0.0358317866206079,14.1,99.0,438.0,11.0,1,14.958277,32.19,2025-04-10,Mon-Th,1,5
3.0,Mon-Th,12,17,7,urban,0.0022807117759247623,6.8,97.0,238.0,6.0,1,68.801663,19.43,2025-04-14,Mon-Th,1,6
3.0,Mon-Th,13,5,6,urban,0.002703979070108383,13.3,29.0,71.0,9.3,1,32.483805,27.33,2025-04-14,Mon-Th,1,6
3.0,Mon-Th,4,2,9,urban,0.021423268360133595,8.1,99.0,0.0,8.2,1,7.446154,7.72,2025-04-14,Mon-Th,1,6
3.0,Mon-Th,19,6,4,urban,0.002148728529655033,5.0,95.0,1.0,5.6,1,4.753077,14.47,2025-04-14,Mon-Th,1,6
3.0,Mon-Th,12,1,9,urban,0.033395591193638864,8.8,57.0,0.0,15.3,1,13.253276,5.36,2025-04-14,Mon-Th,1,6
3.0,Mon-Th,8,28,7,urban,0.0035449748447879538,23.2,53.0,263.0,10.4,1,16.852819,16.61,2025-04-14,Mon-Th,1,6
3.0,Mon-Th,18,24,1,sub-urban,0.01788311038194134,2.7,65.0,386.0,16.8,1,6.098164,14.39,2025-04-15,Mon-Th,1,9
3.0,Mon-Th,17,13,7,urban,0.0036520914847581933,19.8,57.0,228.0,11.4,1,21.555826,4.53,2025-04-15,Mon-Th,1,9
3.0,Mon-Th,10,7,4,urban,0.04209810987881613,26.5,41.0,206.0,14.8,1,4.757837,7.04,2025-04-15,Mon-Th,1,9
3.0,Mon-Th,21,28,8,sub-urban,0.005792384617280589,16.9,56.0,395.0,15.5,1,12.262484,7.27,2025-04-15,Mon-Th,1,9
3.0,Mon-Th,14,5,7,urban,0.004553493805356901,26.8,51.0,223.0,0.9,1,20.999572,3.91,2025-04-15,Mon-Th,1,9
3.0,Mon-Th,2,15,8,urban,0.005032738767580061,21.4,34.0,0.0,17.8,1,2.588066,5.57,2025-04-15,Mon-Th,1,9
3.0,Mon-Th,4,2,7,urban,0.003667186558167541,8.6,88.0,55.0,7.1,1,75.422607,13.34,2025-04-15,Mon-Th,1,9
3.0,Mon-Th,14,29,7,urban,0.023374303216975145,15.7,57.0,230.0,8.2,1,20.80779,6.05,2025-04-15,Mon-Th,1,9
3.0,Mon-Th,21,20,9,urban,0.001730717046751617,12.7,98.0,0.0,11.1,1,3.029504,22.91,2025-04-15,Mon-Th,1,9
3.0,Mon-Th,20,1,8,sub-urban,0.04214872864631694,11.7,83.0,1.0,0.4,1,13.734521,2.8,2025-04-16,Mon-Th,1,5
3.0,Mon-Th,14,27,7,urban,0.0034703956128735378,18.1,50.0,209.0,0.6,1,5.535949,13.24,2025-04-16,Mon-Th,1,5
3.0,Mon-Th,22,15,8,urban,0.015104596962223427,27.1,48.0,201.0,13.4,1,3.762765,4.16,2025-04-16,Mon-Th,1,5
3.0,Mon-Th,22,21,7,urban,0.012935364080128808,12.5,56.0,0.0,5.1,1,6.473612,21.15,2025-04-16,Mon-Th,1,5
3.0,Mon-Th,8,9,7,urban,0.021895662993074865,24.8,49.0,370.0,7.9,1,13.831471,5.44,2025-04-16,Mon-Th,1,5
3.0,Mon-Th,22,8,8,sub-urban,0.033730981692138506,23.8,64.0,41.0,13.9,1,18.503895,10.93,2025-04-17,Mon-Th,1,6
3.0,Mon-Th,19,23,6,urban,0.047285516272995945,8.8,90.0,1.0,10.4,1,9.696767,16.64,2025-04-17,Mon-Th,1,6
3.0,Mon-Th,15,26,6,urban,0.038872078273255235,5.4,85.0,73.0,4.5,1,16.011879,9.23,2025-04-17,Mon-Th,1,6
3.0,Mon-Th,15,2,7,urban,0.0075962727056999284,23.4,70.0,458.0,5.8,1,12.544657,15.17,2025-04-17,Mon-Th,1,6
3.0,Mon-Th,22,26,7,urban,0.012687630115510785,21.7,56.0,0.0,6.9,1,3.674202,26.18,2025-04-17,Mon-Th,1,6
3.0,Mon-Th,16,7,8,urban,0.0020177111331794234,22.2,70.0,0.0,18.4,1,15.255825,8.64,2025-04-17,Mon-Th,1,6
3.0,Mon-Th,22,31,8,urban,0.01801833150785176,9.8,96.0,1.0,16.1,1,17.817837,15.47,2025-04-21,Mon-Th,1,7
3.0,Mon-Th,16,1,8,urban,0.00233232142349701,15.7,24.0,475.0,8.3,1,2.170212,4.26,2025-04-21,Mon-Th,1,7
3.0,Mon-Th,21,30,5,urban,0.023260916724865723,14.3,70.0,0.0,22.0,1,10.738786,0.51,2025-04-21,Mon-Th,1,7
3.0,Mon-Th,14,17,6,urban,0.004373312094712225,10.2,58.0,360.0,13.1,1,6.62104,4.34,2025-04-21,Mon-Th,1,7
3.0,Mon-Th,20,28,7,urban,0.03400938088844067,24.1,82.0,560.0,1.9,1,6.938081,8.48,2025-04-21,Mon-Th,1,7
3.0,Mon-Th,11,26,6,urban,0.005305947672238558,14.8,62.0,0.0,14.8,1,14.282491,3.73,2025-04-21,Mon-Th,1,7
3.0,Mon-Th,21,14,3,urban,0.017181039590648515,19.1,50.0,302.0,16.1,1,5.714795,23.1,2025-04-21,Mon-Th,1,7
3.0,Mon-Th,18,26,9,urban,0.0030959179154375553,6.5,100.0,0.0,7.3,1,5.634997,26.04,2025-04-22,Mon-Th,1,8
3.0,Mon-Th,19,27,6,urban,0.0010011988757489322,20.2,37.0,400.0,7.9,1,10.872134,18.93,2025-04-22,Mon-Th,1,8
3.0,Mon-Th,14,2,7,urban,0.0013370880557804416,24.1,64.0,240.0,8.1,1,9.536964,8.11,2025-04-22,Mon-Th,1,8
3.0,Mon-Th,8,2,7,urban,0.007709711928715213,19.3,41.0,498.0,9.4,1,74.598893,3.4,2025-04-22,Mon-Th,1,8
3.0,Mon-Th,22,21,9,urban,0.04285073318642158,16.8,93.0,0.0,11.7,1,11.037539,8.61,2025-04-22,Mon-Th,1,8
3.0,Mon-Th,22,11,7,urban,0.015608067138676946,12.5,99.0,213.0,10.9,1,20.392069,50.92,2025-04-22,Mon-Th,1,8
3.0,Mon-Th,5,20,7,urban,0.00038644408257590326,20.0,57.0,204.0,3.1,1,5.814998,8.1,2025-04-22,Mon-Th,1,8
3.0,Mon-Th,23,4,9,urban,0.0046674454498425106,24.5,46.0,0.0,7.9,1,2.0,26.7,2025-04-22,Mon-Th,1,8
3.0,Mon-Th,15,15,7,urban,0.004958565831233171,21.1,51.0,266.0,13.5,1,2.0,57.88,2025-04-23,Mon-Th,1,6
3.0,Mon-Th,3,11,8,urban,0.034369401528798,18.3,87.0,54.0,15.2,1,11.824517,14.63,2025-04-23,Mon-Th,1,6
3.0,Mon-Th,14,2,7,urban,0.03406917871926819,16.1,55.0,520.0,1.4,1,15.844615,20.32,2025-04-23,Mon-Th,1,6
3.0,Mon-Th,16,9,8,urban,0.007670336052912886,25.0,46.0,187.0,3.0,1,12.414123,4.78,2025-04-23,Mon-Th,1,6
3.0,Mon-Th,22,23,8,urban,0.0032478676083133205,19.3,28.0,528.0,4.9,1,34.60753,7.13,2025-04-23,Mon-Th,1,6
3.0,Mon-Th,19,4,7,urban,-0.00031,20.1,42.0,286.0,13.7,1,17.86899,16.68,2025-04-23,Mon-Th,1,6
3.0,Mon-Th,19,11,7,urban,0.023156426408968547,25.5,51.0,224.0,1.9,1,80.051863,3.15,2025-04-24,Mon-Th,1,16
3.0,Mon-Th,13,4,9,urban,0.003340858832291113,5.6,92.0,395.0,7.2,1,11.21077,4.25,2025-04-24,Mon-Th,1,16
3.0,Mon-Th,3,20,7,urban,0.0019558242801718624,12.4,55.0,445.0,15.0,1,6.871586,3.46,2025-04-24,Mon-Th,1,16
3.0,Mon-Th,19,1,7,urban,0.004206842013117718,29.0,52.0,496.0,8.0,1,9.504936,30.5,2025-04-24,Mon-Th,1,16
3.0,Mon-Th,23,24,9,urban,-0.00031,10.2,52.0,198.0,15.3,1,12.074943,8.49,2025-04-24,Mon-Th,1,16
3.0,Mon-Th,14,13,8,urban,0.034369243189016456,26.6,57.0,217.0,10.4,1,8.813823,55.91,2025-04-24,Mon-Th,1,16
3.0,Mon-Th,23,27,7,urban,0.02516566496687674,19.2,56.0,188.0,15.4,1,64.936518,9.22,2025-04-24,Mon-Th,1,16
3.0,Mon-Th,20,29,7,urban,0.0011787845791415758,22.8,85.0,199.0,4.5,1,2.0,8.72,2025-04-24,Mon-Th,1,16
3.0,Mon-Th,21,1,7,urban,0.0007610942531894073,18.4,59.0,235.0,4.0,1,84.559994,8.65,2025-04-24,Mon-Th,1,16
3.0,Mon-Th,16,27,9,urban,0.0507797990094241,10.9,70.0,0.0,14.7,1,13.4471,11.31,2025-04-24,Mon-Th,1,16
3.0,Mon-Th,21,23,7,urban,0.0055861238985338265,9.4,55.0,1.0,4.4,1,7.637468,5.66,2025-04-24,Mon-Th,1,16
3.0,Mon-Th,11,23,7,urban,0.021003930959640614,2.4,63.0,238.0,18.1,1,2.116843,2.45,2025-04-24,Mon-Th,1,16
3.0,Mon-Th,0,2,7,urban,0.008088868548056244,15.2,86.0,0.0,9.0,1,2.952914,8.31,2025-04-24,Mon-Th,1,16
3.0,Mon-Th,22,24,6,urban,0.04408298199109982,13.7,31.0,480.0,4.9,1,12.174222,14.81,2025-04-24,Mon-Th,1,16
3.0,Mon-Th,18,20,9,urban,0.004256515306155887,12.5,91.0,1.0,21.8,1,5.037917,29.2,2025-04-24,Mon-Th,1,16
3.0,Mon-Th,17,25,8,urban,-0.00031,11.4,60.0,201.0,14.4,1,8.922904,4.17,2025-04-24,Mon-Th,1,16
3.0,Mon-Th,16,2,8,urban,0.026008234036270787,17.6,100.0,0.0,5.2,1,11.797374,7.53,2025-04-28,Mon-Th,1,11
3.0,Mon-Th,5,21,7,urban,0.005010984730274165,21.8,59.0,466.0,12.7,1,56.389453,17.73,2025-04-28,Mon-Th,1,11
3.0,Mon-Th,16,28,3,urban,0.0016346195671220073,5.6,83.0,192.0,8.9,1,77.722531,8.4,2025-04-28,Mon-Th,1,11
3.0,Mon-Th,15,11,7,urban,0.004277572874354013,21.9,32.0,541.0,11.6,1,16.071542,4.47,2025-04-28,Mon-Th,1,11
3.0,Mon-Th,18,4,8,urban,0.03326536877536789,23.6,60.0,52.0,5.4,1,58.178869,2.34,2025-04-28,Mon-Th,1,11
3.0,Mon-Th,20,29,8,urban,0.023045821136762977,10.5,53.0,208.0,14.9,1,7.545202,4.96,2025-04-28,Mon-Th,1,11
3.0,Mon-Th,8,11,7,urban,0.0002070796637609687,29.4,46.0,465.0,12.3,1,15.488539,18.9,2025-04-28,Mon-Th,1,11
3.0,Mon-Th,14,3,9,urban,0.004000755803372456,10.7,98.0,0.0,4.1,1,3.922738,5.7,2025-04-28,Mon-Th,1,11
3.0,Mon-Th,14,1,7,urban,0.0041791233317962015,17.2,63.0,411.0,2.0,1,13.568851,5.47,2025-04-28,Mon-Th,1,11
3.0,Mon-Th,15,2,7,urban,0.035737440005995776,27.6,56.0,490.0,15.0,1,14.193839,3.22,2025-04-28,Mon-Th,1,11
3.0,Mon-Th,21,27,7,urban,0.042020463829127774,16.5,57.0,431.0,13.7,1,10.319183,6.0,2025-04-28,Mon-Th,1,11
3.0,Mon-Th,11,12,9,urban,0.005188142544640454,10.7,37.0,432.0,15.4,1,17.576867,5.38,2025-04-29,Mon-Th,1,5
3.0,Mon-Th,13,6,3,urban,0.003352942019465375,17.9,55.0,383.0,11.0,1,4.428582,10.24,2025-04-29,Mon-Th,1,5
3.0,Mon-Th,16,12,7,urban,0.03675210806180061,28.0,89.0,273.0,10.3,1,7.550756,5.21,2025-04-29,Mon-Th,1,5
3.0,Mon-Th,3,27,6,urban,0.00913180581842192,11.1,51.0,171.0,10.2,1,14.509074,24.07,2025-04-29,Mon-Th,1,5
3.0,Mon-Th,21,29,8,sub-urban,0.030362480948778622,15.6,54.0,198.0,12.9,1,13.692324,10.22,2025-04-29,Mon-Th,1,5
3.0,Mon-Th,17,10,6,urban,0.01506935652635399,23.1,88.0,50.0,15.9,1,12.835381,7.11,2025-04-30,Mon-Th,1,6
3.0,Mon-Th,14,6,9,urban,0.0029317408350014416,0.4,54.0,1.0,6.6,1,15.500819,20.0,2025-04-30,Mon-Th,1,6
3.0,Mon-Th,3,11,7,urban,0.001332454611902624,25.0,60.0,443.0,2.7,1,7.513038,7.94,2025-04-30,Mon-Th,1,6
3.0,Mon-Th,18,6,9,urban,0.002034495106543787,5.7,99.0,0.0,5.5,1,6.182752,8.18,2025-04-30,Mon-Th,1,6
3.0,Mon-Th,9,23,4,sub-urban,0.032002009681908083,16.6,93.0,0.0,4.3,1,13.16574,23.93,2025-04-30,Mon-Th,1,6
3.0,Mon-Th,4,26,7,urban,0.011210570203971364,13.7,50.0,478.0,2.5,1,12.684981,44.0,2025-04-30,Mon-Th,1,6
3.0,Mon-Th,5,27,7,urban,0.038155339337529515,20.6,48.0,262.0,4.2,1,17.770861,6.7,2025-05-01,Mon-Th,1,13
3.0,Mon-Th,8,22,7,urban,0.04070660278053427,21.9,53.0,459.0,12.7,1,9.264619,1.58,2025-05-01,Mon-Th,1,13
3.0,Mon-Th,20,24,7,urban,0.0043237154881896585,22.4,35.0,411.0,9.1,1,5.88541,39.34,2025-05-01,Mon-Th,1,13
3.0,Mon-Th,12,23,7,urban,0.03148031891890976,25.0,45.0,366.0,13.2,1,14.340019,19.4,2025-05-01,Mon-Th,1,13
3.0,Mon-Th,22,4,8,urban,-2.4862997351540392e-05,7.9,53.0,405.0,14.0,1,13.876555,12.73,2025-05-01,Mon-Th,1,13
3.0,Mon-Th,9,26,7,urban,0.0055832279046124835,16.8,43.0,519.0,5.6,1,13.683733,4.1,2025-05-01,Mon-Th,1,13
3.0,Mon-Th,20,13,7,urban,0.0035881772255609663,24.0,54.0,541.0,4.3,1,84.297226,6.41,2025-05-01,Mon-Th,1,13
3.0,Mon-Th,9,13,12,urban,0.0015566289347032358,12.2,40.0,24.0,8.2,1,71.752015,18.8,2025-05-01,Mon-Th,1,13
3.0,Mon-Th,21,11,8,urban,0.05265928325724681,26.1,74.0,1.0,9.2,1,19.130663,9.07,2025-05-01,Mon-Th,1,13
3.0,Mon-Th,17,24,8,urban,0.03598642478430991,9.5,59.0,208.0,14.8,1,22.879247,7.11,2025-05-01,Mon-Th,1,13
3.0,Mon-Th,21,10,8,urban,0.03295552305470046,18.4,60.0,198.0,8.5,1,2.31628,8.11,2025-05-01,Mon-Th,1,13
3.0,Mon-Th,8,2,8,sub-urban,0.0050635380394466085,13.9,38.0,541.0,14.4,1,37.334924,8.46,2025-05-01,Mon-Th,1,13
3.0,Mon-Th,8,17,7,urban,0.014742240145066515,21.2,93.0,190.0,29.4,1,15.779205,1.93,2025-05-01,Mon-Th,1,13
3.0,Mon-Th,8,26,7,urban,-0.00019994239555656216,24.8,53.0,214.0,8.1,1,7.536622,7.98,2025-05-05,Mon-Th,1,5
3.0,Mon-Th,8,2,7,sub-urban,0.024784550530469338,14.8,95.0,0.0,19.1,1,14.909881,7.82,2025-05-05,Mon-Th,1,5
3.0,Mon-Th,14,25,7,urban,0.007280048118589266,14.0,56.0,313.0,2.6,1,14.773341,3.63,2025-05-05,Mon-Th,1,5
3.0,Mon-Th,21,18,7,urban,0.016111270008764646,26.4,89.0,1.0,5.5,1,5.854501,7.19,2025-05-05,Mon-Th,1,5
3.0,Mon-Th,13,5,7,urban,0.040846242207021884,21.7,52.0,452.0,17.2,1,9.519018,6.27,2025-05-05,Mon-Th,1,5
3.0,Mon-Th,23,28,9,urban,0.015552990005232333,22.4,59.0,227.0,7.3,1,14.777397,7.26,2025-05-06,Mon-Th,1,7
3.0,Mon-Th,21,10,1,sub-urban,0.027013831974009472,7.9,81.0,0.0,5.7,1,3.716764,42.23,2025-05-06,Mon-Th,1,7
3.0,Mon-Th,12,14,9,urban,0.03544758755426322,20.5,79.0,272.0,15.6,1,13.645509,23.59,2025-05-06,Mon-Th,1,7
3.0,Mon-Th,22,10,8,urban,0.01097622704174419,21.0,48.0,210.0,4.5,1,12.937127,14.88,2025-05-06,Mon-Th,1,7
3.0,Mon-Th,17,15,7,urban,0.02485575823230183,22.9,57.0,176.0,17.1,1,23.532162,6.4,2025-05-06,Mon-Th,1,7
3.0,Mon-Th,14,14,7,urban,0.0016868448112663317,29.4,27.0,614.0,3.6,1,10.239538,7.99,2025-05-06,Mon-Th,1,7
3.0,Mon-Th,22,12,7,urban,0.0264397713840747,19.2,98.0,405.0,13.0,1,12.49338,10.04,2025-05-06,Mon-Th,1,7
3.0,Mon-Th,21,12,8,urban,0.018451516684060736,16.7,68.0,257.0,4.1,1,18.37266,6.93,2025-05-07,Mon-Th,1,8
3.0,Mon-Th,20,26,3,urban,0.017765452499986872,9.2,96.0,1.0,22.0,1,6.238741,8.22,2025-05-07,Mon-Th,1,8
3.0,Mon-Th,3,15,4,urban,0.016443830141999155,16.9,65.0,622.0,5.5,1,8.473993,22.07,2025-05-07,Mon-Th,1,8
3.0,Mon-Th,21,8,6,urban,0.0019362287652696314,21.4,85.0,0.0,3.6,1,27.233776,6.17,2025-05-07,Mon-Th,1,8
3.0,Mon-Th,20,14,7,urban,0.0027211700252730738,13.1,61.0,155.0,13.1,1,19.808959,8.47,2025-05-07,Mon-Th,1,8
3.0,Mon-Th,20,4,6,urban,0.0037719562257387943,10.8,90.0,2.0,3.4,1,2.124706,5.35,2025-05-07,Mon-Th,1,8
3.0,Mon-Th,21,26,7,urban,0.004845521649567461,27.7,41.0,440.0,15.4,1,16.070004,16.1,2025-05-07,Mon-Th,1,8
3.0,Mon-Th,22,21,4,urban,0.0027134759830991853,16.4,47.0,506.0,16.2,1,4.339713,8.47,2025-05-07,Mon-Th,1,8
3.0,Mon-Th,18,11,7,urban,0.006577064376837688,18.4,61.0,281.0,8.0,1,14.76954,3.99,2025-05-08,Mon-Th,1,5
3.0,Mon-Th,21,20,8,urban,0.03295054794138395,25.5,54.0,300.0,8.7,1,11.849181,5.74,2025-05-08,Mon-Th,1,5
3.0,Mon-Th,14,4,6,sub-urban,0.002212750573150997,27.1,33.0,404.0,12.9,1,108.265671,5.3,2025-05-08,Mon-Th,1,5
3.0,Mon-Th,0,10,10,urban,0.015371616616972684,6.5,48.0,411.0,18.1,1,6.613483,19.89,2025-05-08,Mon-Th,1,5
3.0,Mon-Th,14,21,7,urban,0.0031698420237705103,13.8,36.0,580.0,16.6,1,4.115487,10.5,2025-05-08,Mon-Th,1,5
3.0,Mon-Th,14,27,7,urban,0.002054916479748569,22.9,60.0,503.0,13.2,1,6.230375,22.81,2025-05-12,Mon-Th,1,15
3.0,Mon-Th,20,14,7,urban,0.03484453574594132,16.0,63.0,1.0,5.9,1,15.961664,34.74,2025-05-12,Mon-Th,1,15
3.0,Mon-Th,14,21,7,urban,0.004104103744292865,13.8,54.0,481.0,16.4,1,7.630627,11.11,2025-05-12,Mon-Th,1,15
3.0,Mon-Th,20,1,6,urban,0.032790953188997315,26.0,95.0,0.0,13.6,1,11.273712,8.14,2025-05-12,Mon-Th,1,15
3.0,Mon-Th,3,16,8,urban,0.031173300221715515,12.4,52.0,56.0,12.6,1,12.403212,16.15,2025-05-12,Mon-Th,1,15
3.0,Mon-Th,17,28,7,urban,0.007036398420125693,19.5,29.0,517.0,16.6,1,13.492642,37.76,2025-05-12,Mon-Th,1,15
3.0,Mon-Th,3,8,5,urban,0.0032380963851972085,12.2,33.0,500.0,14.6,1,14.8944,7.63,2025-05-12,Mon-Th,1,15
3.0,Mon-Th,17,5,9,sub-urban,0.038325065137269694,8.9,71.0,0.0,3.2,1,40.535036,3.75,2025-05-12,Mon-Th,1,15
3.0,Mon-Th,4,27,7,urban,0.0023455102689615473,11.5,79.0,0.0,9.1,1,13.065543,3.59,2025-05-12,Mon-Th,1,15
3.0,Mon-Th,14,16,7,urban,0.002092892054014466,25.2,24.0,403.0,13.0,1,87.183318,2.8,2025-05-12,Mon-Th,1,15
3.0,Mon-Th,17,9,9,urban,0.036909455316428155,5.8,58.0,0.0,5.8,1,6.22238,10.82,2025-05-12,Mon-Th,1,15
3.0,Mon-Th,14,6,7,urban,0.007429896752371404,25.7,52.0,516.0,12.1,1,11.780287,7.48,2025-05-12,Mon-Th,1,15
3.0,Mon-Th,5,2,12,urban,0.004286335712679506,11.6,62.0,0.0,5.6,1,5.198948,26.51,2025-05-12,Mon-Th,1,15
3.0,Mon-Th,19,2,7,urban,0.002247761438717663,21.5,45.0,592.0,12.3,1,39.032201,8.15,2025-05-12,Mon-Th,1,15
3.0,Mon-Th,17,1,7,urban,0.007462672808196928,29.4,58.0,293.0,2.8,1,2.671476,6.58,2025-05-12,Mon-Th,1,15
3.0,Mon-Th,14,17,6,urban,0.034992643881650624,8.1,65.0,460.0,17.5,1,3.164867,7.84,2025-05-13,Mon-Th,1,6
3.0,Mon-Th,22,21,7,urban,0.029526077219495548,25.1,70.0,0.0,12.7,1,5.203052,11.85,2025-05-13,Mon-Th,1,6
3.0,Mon-Th,22,14,7,urban,0.014951731023931884,11.4,52.0,345.0,11.9,1,59.130677,7.6,2025-05-13,Mon-Th,1,6
3.0,Mon-Th,3,15,6,urban,-0.00031,7.6,35.0,383.0,30.7,1,67.674621,30.94,2025-05-13,Mon-Th,1,6
3.0,Mon-Th,0,7,7,urban,0.002574241543557002,24.1,41.0,1.0,2.4,1,11.113566,10.81,2025-05-13,Mon-Th,1,6
3.0,Mon-Th,11,1,7,urban,0.0031883118423846526,14.0,52.0,2.0,4.7,1,3.874959,21.73,2025-05-13,Mon-Th,1,6
3.0,Mon-Th,21,18,6,urban,0.003985417402279531,6.8,53.0,555.0,13.7,1,14.329722,9.81,2025-05-14,Mon-Th,1,12
3.0,Mon-Th,14,17,7,urban,0.0029051409876399946,22.3,52.0,69.0,12.4,1,44.342654,4.53,2025-05-14,Mon-Th,1,12
3.0,Mon-Th,22,18,4,urban,0.01918277403507178,9.0,73.0,12.0,6.5,1,11.191334,31.73,2025-05-14,Mon-Th,1,12
3.0,Mon-Th,22,26,1,urban,0.03683187552020915,5.0,71.0,12.0,13.5,1,11.709204,12.68,2025-05-14,Mon-Th,1,12
3.0,Mon-Th,15,6,7,urban,0.004855515257860213,18.3,54.0,536.0,6.5,1,14.779068,3.28,2025-05-14,Mon-Th,1,12
3.0,Mon-Th,20,17,7,urban,0.001574192834521283,23.7,49.0,340.0,9.4,1,14.284146,7.05,2025-05-14,Mon-Th,1,12
3.0,Mon-Th,9,26,7,urban,0.017625160592537395,15.9,52.0,264.0,4.2,1,3.294344,5.71,2025-05-14,Mon-Th,1,12
3.0,Mon-Th,22,15,7,urban,0.003447978674681094,16.5,31.0,210.0,5.4,1,5.702071,18.77,2025-05-14,Mon-Th,1,12
3.0,Mon-Th,3,21,3,urban,0.0006074794850433316,6.8,98.0,0.0,17.5,1,19.384154,9.85,2025-05-14,Mon-Th,1,12
3.0,Mon-Th,7,7,7,urban,0.04932743259508227,13.3,65.0,0.0,15.5,1,6.243194,12.89,2025-05-14,Mon-Th,1,12
3.0,Mon-Th,12,7,7,urban,0.030653200166746313,25.0,81.0,241.0,2.4,1,16.015437,2.92,2025-05-14,Mon-Th,1,12
3.0,Mon-Th,0,8,10,urban,0.009451025445867331,2.3,68.0,4.0,16.1,1,11.977969,14.16,2025-05-14,Mon-Th,1,12
3.0,Mon-Th,17,21,7,sub-urban,0.007045561915472523,20.8,34.0,508.0,7.4,1,2.0,7.51,2025-05-15,Mon-Th,1,11
3.0,Mon-Th,17,30,8,urban,0.0013469412608419435,13.9,69.0,177.0,6.4,1,33.179251,6.94,2025-05-15,Mon-Th,1,11
3.0,Mon-Th,19,26,9,urban,0.03427863260244904,17.3,95.0,0.0,11.8,1,4.866673,4.93,2025-05-15,Mon-Th,1,11
3.0,Mon-Th,8,25,7,urban,0.004046340006702842,7.1,87.0,487.0,4.6,1,10.085276,18.64,2025-05-15,Mon-Th,1,11
3.0,Mon-Th,8,29,7,urban,0.050692583446642715,18.2,50.0,191.0,7.0,1,2.0,3.96,2025-05-15,Mon-Th,1,11
3.0,Mon-Th,22,22,7,urban,0.019577646757288278,10.5,93.0,202.0,12.2,1,9.813124,25.47,2025-05-15,Mon-Th,1,11
3.0,Mon-Th,8,17,9,urban,0.0017676413123651415,7.8,54.0,231.0,14.6,1,3.842674,11.0,2025-05-15,Mon-Th,1,11
3.0,Mon-Th,4,29,8,urban,0.0021828240521617917,17.8,97.0,0.0,8.6,1,12.674916,19.96,2025-05-15,Mon-Th,1,11
3.0,Mon-Th,8,26,7,urban,-0.00031,23.6,57.0,210.0,14.7,1,19.574101,12.09,2025-05-15,Mon-Th,1,11
3.0,Mon-Th,22,26,7,urban,0.00029260952423354036,8.6,99.0,22.0,10.5,1,10.018078,21.08,2025-05-15,Mon-Th,1,11
3.0,Mon-Th,11,9,7,urban,0.0055788174406464,13.8,52.0,210.0,11.9,1,78.013951,7.56,2025-05-15,Mon-Th,1,11
3.0,Mon-Th,13,19,7,urban,0.004875423328929241,13.7,96.0,339.0,10.8,1,12.289493,8.83,2025-05-19,Mon-Th,1,6
3.0,Mon-Th,20,25,7,urban,0.035856387949940914,24.0,49.0,228.0,10.2,1,8.055719,10.36,2025-05-19,Mon-Th,1,6
3.0,Mon-Th,8,16,7,urban,0.03236279596669368,21.3,52.0,292.0,4.7,1,73.460485,3.31,2025-05-19,Mon-Th,1,6
3.0,Mon-Th,16,3,9,sub-urban,0.008195155181434951,7.3,58.0,42.0,3.3,1,10.974244,7.21,2025-05-19,Mon-Th,1,6
3.0,Mon-Th,22,2,7,sub-urban,0.037968166165449416,21.1,96.0,200.0,3.6,1,15.070597,17.44,2025-05-19,Mon-Th,1,6
3.0,Mon-Th,16,29,4,urban,0.020577092342119727,24.3,96.0,9.0,15.1,1,18.038025,17.31,2025-05-19,Mon-Th,1,6
3.0,Mon-Th,8,21,7,urban,0.001998969840868885,22.8,56.0,0.0,4.2,1,10.860857,7.27,2025-05-20,Mon-Th,1,14
3.0,Mon-Th,8,23,8,urban,0.0006945296714138851,22.0,53.0,143.0,9.0,1,18.338108,1.93,2025-05-20,Mon-Th,1,14
3.0,Mon-Th,10,23,9,urban,0.011936664860166386,9.9,57.0,253.0,17.4,1,6.842716,26.92,2025-05-20,Mon-Th,1,14
3.0,Mon-Th,22,5,9,sub-urban,0.04839770745719516,10.5,100.0,10.0,11.5,1,7.945888,24.85,2025-05-20,Mon-Th,1,14
3.0,Mon-Th,21,12,9,urban,0.033432493533014376,11.3,98.0,446.0,11.7,1,38.918403,5.8,2025-05-20,Mon-Th,1,14
3.0,Mon-Th,19,28,8,urban,0.00502136368115956,19.4,44.0,214.0,3.6,1,7.738805,24.76,2025-05-20,Mon-Th,1,14
3.0,Mon-Th,9,28,7,urban,0.006321266982566384,23.8,60.0,152.0,20.3,1,11.105931,15.8,2025-05-20,Mon-Th,1,14
3.0,Mon-Th,21,5,8,urban,0.003821150242350966,7.0,97.0,227.0,3.6,1,13.800197,6.05,2025-05-20,Mon-Th,1,14
3.0,Mon-Th,12,25,7,urban,0.003913499177772343,26.4,50.0,211.0,13.9,1,93.440049,13.26,2025-05-20,Mon-Th,1,14
3.0,Mon-Th,7,2,9,urban,0.0028526685166916045,10.9,100.0,1.0,6.8,1,5.583061,23.35,2025-05-20,Mon-Th,1,14
3.0,Mon-Th,17,25,8,urban,0.002211258977532984,7.7,58.0,387.0,8.6,1,4.191105,13.48,2025-05-20,Mon-Th,1,14
3.0,Mon-Th,21,4,6,urban,0.002829975987405954,20.3,92.0,542.0,8.3,1,4.888943,22.79,2025-05-20,Mon-Th,1,14
3.0,Mon-Th,20,20,4,urban,0.002427695522255806,13.4,96.0,1.0,11.9,1,15.271109,21.63,2025-05-20,Mon-Th,1,14
3.0,Mon-Th,4,30,7,urban,0.0057794397962003755,17.1,40.0,0.0,3.6,1,8.735338,49.69,2025-05-20,Mon-Th,1,14
3.0,Mon-Th,2,24,4,urban,0.0012106111415124319,20.9,31.0,488.0,12.8,1,20.668796,6.06,2025-05-21,Mon-Th,1,10
3.0,Mon-Th,11,21,7,sub-urban,0.03572736716064427,14.0,58.0,445.0,3.8,1,35.166548,3.32,2025-05-21,Mon-Th,1,10
3.0,Mon-Th,14,28,7,urban,0.0032940755972605514,15.3,57.0,498.0,12.9,1,2.733336,7.81,2025-05-21,Mon-Th,1,10
3.0,Mon-Th,15,30,5,urban,0.04282845451773416,19.8,81.0,228.0,5.3,1,25.049239,5.93,2025-05-21,Mon-Th,1,10
3.0,Mon-Th,19,6,9,urban,0.007755678912702449,24.5,49.0,481.0,9.5,1,14.563111,26.58,2025-05-21,Mon-Th,1,10
3.0,Mon-Th,20,4,7,urban,0.03321189878147027,17.6,61.0,174.0,13.6,1,16.447519,0.77,2025-05-21,Mon-Th,1,10
3.0,Mon-Th,22,8,4,urban,0.0094703526906149,23.9,48.0,522.0,20.5,1,10.829622,9.1,2025-05-21,Mon-Th,1,10
3.0,Mon-Th,3,2,8,urban,0.004612232656883868,15.9,82.0,0.0,4.6,1,14.421444,7.01,2025-05-21,Mon-Th,1,10
3.0,Mon-Th,8,11,9,sub-urban,0.0045126501039400215,10.5,64.0,1.0,2.2,1,5.696582,7.58,2025-05-21,Mon-Th,1,10
3.0,Mon-Th,17,4,7,urban,0.0076222631783333696,23.7,54.0,373.0,4.5,1,15.466943,6.81,2025-05-21,Mon-Th,1,10
3.0,Mon-Th,5,14,8,urban,0.03409179234202293,17.9,63.0,1.0,11.5,1,14.939076,7.09,2025-05-22,Mon-Th,1,7
3.0,Mon-Th,5,28,7,urban,0.051562744183937165,18.0,78.0,241.0,16.0,1,14.0305,3.76,2025-05-22,Mon-Th,1,7
3.0,Mon-Th,18,26,9,urban,0.006227386126384325,10.7,90.0,2.0,6.1,1,10.345155,6.19,2025-05-22,Mon-Th,1,7
3.0,Mon-Th,9,15,8,urban,0.0012965717731891254,10.1,95.0,0.0,15.0,1,4.485864,5.5,2025-05-22,Mon-Th,1,7
3.0,Mon-Th,16,27,7,urban,0.040068980349065204,28.0,37.0,511.0,2.4,1,12.944106,2.05,2025-05-22,Mon-Th,1,7
3.0,Mon-Th,19,14,7,urban,0.006966021311898731,15.8,54.0,288.0,12.9,1,8.646783,22.06,2025-05-22,Mon-Th,1,7
3.0,Mon-Th,15,4,1,urban,0.007777398401579393,21.5,86.0,0.0,10.7,1,4.025038,4.34,2025-05-22,Mon-Th,1,7
3.0,Mon-Th,4,10,9,urban,0.002532784664538672,14.9,94.0,121.0,8.7,1,13.640053,37.84,2025-05-26,Mon-Th,1,8
3.0,Mon-Th,18,7,6,urban,0.03257575028259573,12.1,89.0,452.0,13.6,1,14.74263,6.79,2025-05-26,Mon-Th,1,8
3.0,Mon-Th,3,25,7,urban,0.002224727439989832,29.4,44.0,573.0,4.5,1,103.664189,42.34,2025-05-26,Mon-Th,1,8
3.0,Mon-Th,14,28,7,urban,0.006775169172986092,15.6,40.0,409.0,3.4,1,14.379772,8.47,2025-05-26,Mon-Th,1,8
3.0,Mon-Th,8,7,11,urban,0.003612830733701068,16.8,92.0,1.0,12.0,1,5.016593,21.73,2025-05-26,Mon-Th,1,8
3.0,Mon-Th,11,25,7,urban,0.020531567869557284,25.1,49.0,496.0,16.4,1,15.362787,12.54,2025-05-26,Mon-Th,1,8
3.0,Mon-Th,15,7,8,urban,0.006538016632442245,15.0,66.0,519.0,5.7,1,6.186675,4.45,2025-05-26,Mon-Th,1,8
3.0,Mon-Th,21,17,9,urban,-0.00031,23.5,94.0,0.0,14.4,1,8.304952,30.9,2025-05-26,Mon-Th,1,8
3.0,Mon-Th,21,6,8,urban,0.014911423664169664,19.2,52.0,305.0,6.5,1,15.014631,4.96,2025-05-27,Mon-Th,1,9
3.0,Mon-Th,17,17,7,urban,0.004512378527308705,16.2,58.0,459.0,8.2,1,3.116376,12.49,2025-05-27,Mon-Th,1,9
3.0,Mon-Th,19,10,6,urban,0.036455633963669465,9.5,58.0,170.0,2.3,1,16.112788,15.38,2025-05-27,Mon-Th,1,9
3.0,Mon-Th,12,6,6,sub-urban,0.006710261248691845,15.3,59.0,0.0,5.3,1,17.683107,7.46,2025-05-27,Mon-Th,1,9
3.0,Mon-Th,17,28,8,sub-urban,0.013423364576385047,12.9,79.0,350.0,11.9,1,6.083099,4.54,2025-05-27,Mon-Th,1,9
3.0,Mon-Th,20,16,7,urban,0.0331748291011283,24.9,48.0,543.0,2.4,1,14.288876,7.88,2025-05-27,Mon-Th,1,9
3.0,Mon-Th,15,6,7,urban,0.037833358575939106,9.9,77.0,210.0,9.0,1,9.884724,5.54,2025-05-27,Mon-Th,1,9
3.0,Mon-Th,19,29,7,urban,0.002454814893597076,29.4,61.0,644.0,10.8,1,6.990929,17.93,2025-05-27,Mon-Th,1,9
3.0,Mon-Th,15,7,9,sub-urban,0.004960093888687386,10.4,66.0,0.0,13.9,1,8.913857,4.2,2025-05-27,Mon-Th,1,9
3.0,Mon-Th,20,4,4,urban,0.0060685645897289465,6.8,48.0,472.0,4.4,1,13.218524,2.08,2025-05-28,Mon-Th,1,6
3.0,Mon-Th,14,21,9,urban,0.01740344690627985,5.9,51.0,222.0,3.7,1,3.861461,6.19,2025-05-28,Mon-Th,1,6
3.0,Mon-Th,17,14,8,sub-urban,0.04789108635130174,-0.3,62.0,363.0,4.6,1,13.268396,7.53,2025-05-28,Mon-Th,1,6
3.0,Mon-Th,12,17,7,urban,0.006960812530439876,24.4,39.0,539.0,3.4,1,21.464817,9.33,2025-05-28,Mon-Th,1,6
3.0,Mon-Th,5,11,7,urban,0.005834068868100586,11.2,41.0,510.0,5.5,1,20.85685,6.42,2025-05-28,Mon-Th,1,6
3.0,Mon-Th,11,26,7,urban,0.03984596067286045,11.9,56.0,428.0,11.8,1,3.207813,32.56,2025-05-28,Mon-Th,1,6
3.0,Mon-Th,16,21,9,urban,0.0032299348812387272,24.8,36.0,262.0,18.1,1,8.363043,4.64,2025-05-29,Mon-Th,1,7
3.0,Mon-Th,15,11,7,urban,0.04935427377728817,21.9,73.0,251.0,10.9,1,14.594683,6.61,2025-05-29,Mon-Th,1,7
3.0,Mon-Th,12,29,7,sub-urban,0.033644324630589924,24.3,80.0,376.0,3.2,1,2.941349,6.34,2025-05-29,Mon-Th,1,7
3.0,Mon-Th,22,27,8,sub-urban,0.019534914600324076,16.9,94.0,0.0,16.6,1,6.152554,25.16,2025-05-29,Mon-Th,1,7
3.0,Mon-Th,17,17,7,sub-urban,0.0025506210445278912,21.8,53.0,237.0,12.1,1,11.306097,21.62,2025-05-29,Mon-Th,1,7
3.0,Mon-Th,22,26,7,urban,0.00741752187050752,23.5,58.0,643.0,14.1,1,12.634302,2.18,2025-05-29,Mon-Th,1,7
3.0,Mon-Th,8,28,7,urban,0.005916381486202859,18.8,51.0,59.0,6.5,1,14.667613,26.8,2025-05-29,Mon-Th,1,7
3.0,Mon-Th,22,3,7,urban,0.004903742006463807,24.5,57.0,1.0,20.2,1,13.446596,18.15,2025-06-02,Mon-Th,1,7
3.0,Mon-Th,7,7,7,urban,0.018754495078889995,17.9,66.0,187.0,13.6,1,2.818101,5.94,2025-06-02,Mon-Th,1,7
3.0,Mon-Th,17,15,9,urban,0.041885931986802565,14.6,92.0,1.0,12.3,1,11.83611,50.54,2025-06-02,Mon-Th,1,7
3.0,Mon-Th,19,17,8,urban,0.042691021027164704,24.5,53.0,265.0,12.0,1,17.111598,11.64,2025-06-02,Mon-Th,1,7
3.0,Mon-Th,14,2,9,urban,0.0025789511135269677,8.2,70.0,22.0,7.7,1,15.129949,7.58,2025-06-02,Mon-Th,1,7
3.0,Mon-Th,12,22,9,urban,-0.00021607563722939645,5.0,74.0,201.0,13.9,1,14.302804,8.46,2025-06-02,Mon-Th,1,7
3.0,Mon-Th,8,9,6,urban,0.005126348241563431,8.4,100.0,0.0,3.7,1,15.030227,36.97,2025-06-02,Mon-Th,1,7
3.0,Mon-Th,19,19,8,urban,0.03529550380692069,12.0,87.0,1.0,5.7,1,18.961898,3.45,2025-06-03,Mon-Th,1,11
3.0,Mon-Th,11,5,9,sub-urban,0.004028187319140842,17.8,57.0,0.0,13.7,1,74.528908,1.99,2025-06-03,Mon-Th,1,11
3.0,Mon-Th,14,25,7,urban,0.004107710286531628,21.8,63.0,485.0,3.3,1,3.640488,4.87,2025-06-03,Mon-Th,1,11
3.0,Mon-Th,8,28,7,urban,0.005314126560761351,15.6,68.0,0.0,13.5,1,19.885041,16.94,2025-06-03,Mon-Th,1,11
3.0,Mon-Th,11,28,7,urban,0.006471646391796195,27.4,45.0,493.0,12.5,1,13.981864,1.01,2025-06-03,Mon-Th,1,11
3.0,Mon-Th,17,28,9,urban,0.010495655650916053,15.5,81.0,0.0,6.6,1,20.6317,10.56,2025-06-03,Mon-Th,1,11
3.0,Mon-Th,13,11,1,urban,0.005228028316533468,7.7,95.0,265.0,8.7,1,7.86283,5.88,2025-06-03,Mon-Th,1,11
3.0,Mon-Th,4,14,7,urban,-0.00031,14.7,95.0,0.0,9.1,1,9.53568,35.33,2025-06-03,Mon-Th,1,11
3.0,Mon-Th,12,26,7,urban,0.0017256508187201247,23.9,57.0,345.0,3.7,1,11.592513,11.39,2025-06-03,Mon-Th,1,11
3.0,Mon-Th,11,23,7,urban,0.002929286866502171,8.3,47.0,273.0,12.5,1,5.803881,10.15,2025-06-03,Mon-Th,1,11
3.0,Mon-Th,15,11,9,urban,0.004078380788079997,23.7,100.0,0.0,9.7,1,13.251607,5.1,2025-06-03,Mon-Th,1,11
3.0,Mon-Th,23,4,7,urban,0.006036016110450588,12.2,62.0,318.0,11.7,1,13.098364,34.54,2025-06-04,Mon-Th,1,6
3.0,Mon-Th,17,26,3,urban,0.005970042969852518,8.4,63.0,352.0,5.0,1,10.992572,6.26,2025-06-04,Mon-Th,1,6
3.0,Mon-Th,20,2,7,urban,0.02730990018659577,16.4,78.0,201.0,17.1,1,8.876331,7.14,2025-06-04,Mon-Th,1,6
3.0,Mon-Th,0,1,9,urban,0.032437153126595786,12.0,50.0,0.0,2.0,1,8.67291,18.64,2025-06-04,Mon-Th,1,6
3.0,Mon-Th,23,12,7,urban,0.03491980061469694,21.1,55.0,241.0,15.0,1,5.146515,6.32,2025-06-04,Mon-Th,1,6
3.0,Mon-Th,14,19,8,urban,0.03961520836209969,8.6,67.0,0.0,2.3,1,9.314344,22.45,2025-06-04,Mon-Th,1,6
3.0,Mon-Th,20,7,8,urban,0.02033516801872578,17.4,91.0,289.0,22.6,1,11.767918,14.26,2025-06-05,Mon-Th,1,8
3.0,Mon-Th,17,17,4,urban,0.0034766708916041116,7.5,98.0,278.0,9.3,1,46.759701,10.17,2025-06-05,Mon-Th,1,8
3.0,Mon-Th,0,25,4,urban,0.0001798711736531707,14.8,96.0,9.0,18.8,1,2.253041,23.55,2025-06-05,Mon-Th,1,8
3.0,Mon-Th,14,15,7,urban,0.01074386280593529,17.4,47.0,0.0,7.8,1,6.049362,6.49,2025-06-05,Mon-Th,1,8
3.0,Mon-Th,19,28,8,urban,0.00681202646227816,10.8,41.0,249.0,15.4,1,5.399233,12.94,2025-06-05,Mon-Th,1,8
3.0,Mon-Th,7,5,9,urban,0.00016149221226198756,21.3,97.0,222.0,9.7,1,9.427931,28.26,2025-06-05,Mon-Th,1,8
3.0,Mon-Th,13,16,7,urban,0.006600370855736691,25.1,69.0,538.0,15.9,1,15.603302,4.05,2025-06-05,Mon-Th,1,8
3.0,Mon-Th,18,24,8,urban,0.02945565734900561,6.8,64.0,193.0,14.2,1,14.130039,4.88,2025-06-05,Mon-Th,1,8
3.0,Mon-Th,22,5,8,urban,0.004484169884344606,20.3,48.0,2.0,14.2,1,10.081978,23.99,2025-06-09,Mon-Th,1,9
3.0,Mon-Th,22,27,6,sub-urban,0.015216106973762241,12.8,55.0,160.0,6.5,1,16.778461,6.84,2025-06-09,Mon-Th,1,9
3.0,Mon-Th,17,21,9,urban,0.001014147631230543,9.3,73.0,0.0,7.8,1,6.485421,5.2,2025-06-09,Mon-Th,1,9
3.0,Mon-Th,14,6,4,urban,0.04075374964110211,17.5,38.0,242.0,14.5,1,6.246262,7.68,2025-06-09,Mon-Th,1,9
3.0,Mon-Th,8,25,7,urban,0.03755428189134188,14.4,57.0,277.0,17.4,1,2.0,7.81,2025-06-09,Mon-Th,1,9
3.0,Mon-Th,17,11,7,urban,0.03857542681748813,24.6,83.0,613.0,7.6,1,11.970429,16.04,2025-06-09,Mon-Th,1,9
3.0,Mon-Th,13,21,1,urban,0.04945789840796972,5.3,94.0,0.0,7.0,1,9.734749,3.93,2025-06-09,Mon-Th,1,9
3.0,Mon-Th,17,8,7,sub-urban,0.006808215948776272,25.6,34.0,612.0,5.3,1,14.684652,4.32,2025-06-09,Mon-Th,1,9
3.0,Mon-Th,15,2,7,urban,0.013551398218450951,27.5,76.0,233.0,12.0,1,2.0,7.17,2025-06-09,Mon-Th,1,9
3.0,Mon-Th,19,9,1,urban,0.03856263851835871,15.9,84.0,1.0,4.6,1,12.777253,23.03,2025-06-10,Mon-Th,1,4
3.0,Mon-Th,14,24,3,urban,0.038853971359082744,6.9,44.0,257.0,5.6,1,9.924618,10.25,2025-06-10,Mon-Th,1,4
3.0,Mon-Th,16,4,7,urban,0.0031066245196113874,26.5,48.0,229.0,5.4,1,12.099126,9.18,2025-06-10,Mon-Th,1,4
3.0,Mon-Th,3,15,9,urban,0.004682843987803301,11.9,26.0,177.0,7.0,1,7.584798,18.55,2025-06-10,Mon-Th,1,4
3.0,Mon-Th,16,6,7,urban,0.004570154691431047,27.8,57.0,294.0,16.3,1,3.113088,15.1,2025-06-11,Mon-Th,1,10
3.0,Mon-Th,16,19,8,urban,0.008713453485201736,24.6,42.0,317.0,2.8,1,18.512932,15.62,2025-06-11,Mon-Th,1,10
3.0,Mon-Th,9,2,8,sub-urban,0.0013806250436676163,13.4,49.0,545.0,2.8,1,15.31618,25.35,2025-06-11,Mon-Th,1,10
3.0,Mon-Th,14,7,7,urban,0.035306395358970726,20.2,81.0,280.0,7.7,1,14.311386,0.74,2025-06-11,Mon-Th,1,10
3.0,Mon-Th,14,21,7,urban,0.04894735889864056,14.2,47.0,0.0,10.3,1,14.153444,5.06,2025-06-11,Mon-Th,1,10
3.0,Mon-Th,16,16,7,urban,0.01664365423334613,21.7,50.0,456.0,6.5,1,4.707573,7.75,2025-06-11,Mon-Th,1,10
3.0,Mon-Th,23,15,7,urban,-0.00031,29.3,38.0,616.0,4.4,1,8.649484,11.75,2025-06-11,Mon-Th,1,10
3.0,Mon-Th,3,29,5,urban,0.0026453945523385435,10.0,67.0,167.0,11.2,1,13.63615,7.1,2025-06-11,Mon-Th,1,10
3.0,Mon-Th,16,30,8,urban,0.01652363398331753,17.6,60.0,295.0,13.8,1,4.311321,11.01,2025-06-11,Mon-Th,1,10
3.0,Mon-Th,21,22,7,urban,0.0024896231832406478,16.2,59.0,220.0,9.7,1,4.203779,45.67,2025-06-11,Mon-Th,1,10
3.0,Mon-Th,8,17,6,urban,0.006747995817997746,20.4,40.0,440.0,13.7,1,15.701095,8.89,2025-06-12,Mon-Th,1,11
3.0,Mon-Th,17,8,7,urban,0.019921851394204586,19.3,56.0,521.0,4.5,1,13.144732,0.51,2025-06-12,Mon-Th,1,11
3.0,Mon-Th,14,6,8,urban,0.0022803305964777835,5.4,54.0,383.0,2.8,1,2.222882,19.42,2025-06-12,Mon-Th,1,11
3.0,Mon-Th,21,22,6,urban,0.00016485822990371622,6.2,83.0,1.0,6.6,1,6.252078,8.43,2025-06-12,Mon-Th,1,11
3.0,Mon-Th,8,17,7,urban,0.019953969928432774,2.3,100.0,212.0,14.9,1,4.225996,24.71,2025-06-12,Mon-Th,1,11
3.0,Mon-Th,7,6,8,urban,0.04017895779665973,12.0,74.0,0.0,2.5,1,2.594576,5.25,2025-06-12,Mon-Th,1,11
3.0,Mon-Th,17,17,12,urban,0.01659472607913061,11.8,98.0,339.0,10.8,1,12.948089,12.92,2025-06-12,Mon-Th,1,11
3.0,Mon-Th,15,17,7,urban,0.03443813878316542,24.4,54.0,459.0,13.7,1,2.723754,15.44,2025-06-12,Mon-Th,1,11
3.0,Mon-Th,21,17,7,urban,0.0052848114274497045,14.9,95.0,337.0,1.5,1,13.268655,8.88,2025-06-12,Mon-Th,1,11
3.0,Mon-Th,9,2,7,urban,0.003157364847470303,12.2,31.0,543.0,4.8,1,18.085338,9.98,2025-06-12,Mon-Th,1,11
3.0,Mon-Th,3,16,9,urban,0.0014473804896597488,13.2,53.0,376.0,7.8,1,4.404472,6.93,2025-06-12,Mon-Th,1,11
3.0,Mon-Th,8,26,7,urban,0.04177534106485136,29.4,55.0,491.0,12.0,1,13.831891,4.38,2025-06-16,Mon-Th,1,7
3.0,Mon-Th,15,15,7,urban,0.005268091959968711,10.7,35.0,417.0,7.2,1,67.874178,11.29,2025-06-16,Mon-Th,1,7
3.0,Mon-Th,16,21,8,urban,0.03694619559336783,27.0,93.0,0.0,11.6,1,9.675578,8.76,2025-06-16,Mon-Th,1,7
3.0,Mon-Th,8,1,7,urban,0.038825616401010586,25.3,51.0,310.0,16.5,1,94.187011,5.46,2025-06-16,Mon-Th,1,7
3.0,Mon-Th,15,24,9,urban,-0.00021973810744150765,12.6,90.0,244.0,8.6,1,12.433245,5.78,2025-06-16,Mon-Th,1,7
3.0,Mon-Th,9,15,8,urban,0.013278310908090223,17.0,69.0,1.0,16.9,1,19.00404,3.48,2025-06-16,Mon-Th,1,7
3.0,Mon-Th,8,2,9,urban,0.0016751601881033608,26.3,49.0,65.0,5.7,1,26.258086,9.29,2025-06-16,Mon-Th,1,7
3.0,Mon-Th,16,10,6,sub-urban,0.002448028142684887,18.3,54.0,17.0,2.3,1,14.969598,4.45,2025-06-17,Mon-Th,1,8
3.0,Mon-Th,20,4,7,urban,0.0019373241758167334,20.6,48.0,18.0,3.6,1,14.022879,13.51,2025-06-17,Mon-Th,1,8
3.0,Mon-Th,17,19,8,urban,0.021066453621516268,15.9,60.0,0.0,15.3,1,13.983239,6.44,2025-06-17,Mon-Th,1,8
3.0,Mon-Th,22,27,7,urban,0.0034538169603634756,12.6,44.0,506.0,11.3,1,20.075434,17.3,2025-06-17,Mon-Th,1,8
3.0,Mon-Th,21,22,8,urban,0.002547386417593282,13.2,59.0,203.0,16.4,1,7.311646,11.0,2025-06-17,Mon-Th,1,8
3.0,Mon-Th,20,29,3,sub-urban,0.029389099278608197,2.0,100.0,0.0,11.0,1,32.147297,3.03,2025-06-17,Mon-Th,1,8
3.0,Mon-Th,14,9,7,urban,0.005433945644386206,13.4,47.0,488.0,15.3,1,11.749863,13.56,2025-06-17,Mon-Th,1,8
3.0,Mon-Th,19,6,8,urban,0.03384328168453399,16.8,82.0,185.0,20.0,1,14.699728,7.92,2025-06-17,Mon-Th,1,8
3.0,Mon-Th,12,11,7,sub-urban,0.0324721022144765,25.6,56.0,582.0,3.4,1,17.413174,7.76,2025-06-18,Mon-Th,1,7
3.0,Mon-Th,22,29,9,urban,-0.00031,11.8,51.0,0.0,11.9,1,5.508862,21.42,2025-06-18,Mon-Th,1,7
3.0,Mon-Th,19,17,4,urban,0.038784608766162354,7.8,40.0,241.0,4.2,1,78.054151,50.72,2025-06-18,Mon-Th,1,7
3.0,Mon-Th,17,17,8,urban,0.014145533127388367,12.6,65.0,0.0,4.1,1,19.375352,4.77,2025-06-18,Mon-Th,1,7
3.0,Mon-Th,22,26,7,urban,0.01155086925503695,24.6,56.0,519.0,19.0,1,12.981483,9.46,2025-06-18,Mon-Th,1,7
3.0,Mon-Th,0,17,7,urban,0.0024773848159554703,13.8,93.0,256.0,11.7,1,14.674487,23.26,2025-06-18,Mon-Th,1,7
3.0,Mon-Th,20,20,8,urban,0.006363872157806408,26.1,50.0,529.0,6.9,1,12.524438,5.12,2025-06-18,Mon-Th,1,7
3.0,Mon-Th,19,15,9,urban,0.0016124597374859747,10.0,48.0,1.0,15.2,1,10.001969,6.84,2025-06-19,Mon-Th,1,9
3.0,Mon-Th,15,5,7,urban,0.013077571135426477,24.6,45.0,260.0,16.2,1,14.752022,8.33,2025-06-19,Mon-Th,1,9
3.0,Mon-Th,9,23,5,sub-urban,0.006101317291889125,25.3,50.0,632.0,16.6,1,14.088119,13.54,2025-06-19,Mon-Th,1,9
3.0,Mon-Th,18,17,7,urban,0.022036893469083003,27.2,53.0,599.0,16.0,1,10.001644,5.89,2025-06-19,Mon-Th,1,9
3.0,Mon-Th,19,6,3,urban,0.003386979166435126,20.5,29.0,488.0,6.0,1,20.349911,43.65,2025-06-19,Mon-Th,1,9
3.0,Mon-Th,8,12,7,urban,0.03765162830695196,14.2,97.0,0.0,8.6,1,6.429974,8.06,2025-06-19,Mon-Th,1,9
3.0,Mon-Th,11,5,9,urban,0.0037128504912815534,17.8,51.0,265.0,6.2,1,12.392706,7.25,2025-06-19,Mon-Th,1,9
3.0,Mon-Th,16,10,7,urban,0.01596163709158604,20.3,88.0,308.0,3.5,1,11.121121,16.95,2025-06-19,Mon-Th,1,9
3.0,Mon-Th,16,13,8,urban,0.01987012993806474,10.9,65.0,0.0,4.8,1,14.423518,6.59,2025-06-19,Mon-Th,1,9
3.0,Sunday,0,3,10,urban,0.013927510392963442,8.4,54.0,0.0,16.8,2,3.373927,9.08,2025-06-22,Sunday,2,10
3.0,Sunday,16,20,10,urban,0.0005871490605592164,6.1,53.0,1.0,15.2,2,10.559411,6.39,2025-06-22,Sunday,2,10
3.0,Sunday,21,24,12,urban,0.010059841753542399,0.0,99.0,1.0,4.3,2,5.981579,21.63,2025-06-22,Sunday,2,10
3.0,Sunday,13,21,11,urban,0.008213734367034122,7.2,95.0,1.0,14.7,2,9.553454,17.18,2025-06-22,Sunday,2,10
3.0,Sunday,14,10,12,urban,0.011408536071288508,2.7,93.0,0.0,13.7,2,9.050699,7.37,2025-06-22,Sunday,2,10
3.0,Sunday,15,15,11,urban,0.0010583735968507342,8.3,100.0,0.0,16.1,2,12.963171,29.24,2025-06-22,Sunday,2,10
3.0,Sunday,7,13,12,urban,0.03938202502049009,2.8,69.0,1.0,4.4,2,6.793834,5.86,2025-06-22,Sunday,2,10
3.0,Sunday,15,11,12,urban,0.029948302712628824,7.8,74.0,1.0,15.4,2,44.062674,5.65,2025-06-22,Sunday,2,10
3.0,Sunday,0,12,12,urban,0.023890892325315452,1.9,99.0,0.0,17.8,2,19.248207,6.95,2025-06-22,Sunday,2,10
3.0,Sunday,8,7,1,urban,0.010577981571785215,-1.1,94.0,0.0,12.4,2,9.024132,15.04,2025-06-22,Sunday,2,10
3.0,Sunday,14,17,9,urban,0.0015931555512825385,5.0,98.0,0.0,4.3,2,20.470392,6.86,2025-06-29,Sunday,2,12
3.0,Sunday,9,15,7,urban,0.01541937098518208,12.7,95.0,1.0,12.7,2,7.893476,15.66,2025-06-29,Sunday,2,12
3.0,Sunday,5,15,6,urban,0.007197834046267431,4.3,99.0,113.0,5.4,2,16.592683,4.2,2025-06-29,Sunday,2,12
3.0,Sunday,18,19,11,urban,0.03302094959297783,9.4,100.0,0.0,4.3,2,19.751743,12.0,2025-06-29,Sunday,2,12
3.0,Sunday,0,3,10,urban,0.004114712051518209,2.0,85.0,8.0,10.1,2,19.238049,13.06,2025-06-29,Sunday,2,12
3.0,Sunday,8,28,10,urban,0.001448035247250382,7.7,60.0,518.0,15.9,2,16.852727,10.27,2025-06-29,Sunday,2,12
3.0,Sunday,20,11,12,urban,0.02802158393796758,-2.2,99.0,1.0,8.0,2,9.245324,16.63,2025-06-29,Sunday,2,12
3.0,Sunday,17,8,12,urban,0.029268981236123086,6.2,87.0,2.0,5.5,2,2.606912,5.24,2025-06-29,Sunday,2,12
3.0,Sunday,17,24,12,urban,0.0034488489093714957,3.6,87.0,0.0,8.3,2,7.057697,28.61,2025-06-29,Sunday,2,12
3.0,Sunday,14,12,12,urban,0.002368694872914949,9.4,60.0,0.0,8.6,2,4.279041,9.96,2025-06-29,Sunday,2,12
3.0,Sunday,13,18,12,urban,0.007526723398420537,7.1,99.0,0.0,7.0,2,10.946704,31.44,2025-06-29,Sunday,2,12
3.0,Sunday,5,2,11,urban,0.010200429153055895,6.4,100.0,0.0,16.6,2,73.912014,13.55,2025-06-29,Sunday,2,12
3.0,Sunday,4,12,10,urban,0.0044479499366265225,2.8,97.0,1.0,8.7,2,9.334011,17.5,2025-07-06,Sunday,2,12
3.0,Sunday,9,2,11,urban,0.006696982735474538,12.3,91.0,0.0,4.9,2,8.254671,14.71,2025-07-06,Sunday,2,12
3.0,Sunday,23,15,10,urban,0.017821285100278552,8.9,91.0,2.0,13.9,2,12.161223,24.38,2025-07-06,Sunday,2,12
3.0,Sunday,16,12,10,urban,0.0014394648400397293,8.6,99.0,1.0,6.3,2,4.045991,27.46,2025-07-06,Sunday,2,12
3.0,Sunday,5,1,8,urban,0.0026059670924594314,7.5,97.0,1.0,3.5,2,36.155481,8.4,2025-07-06,Sunday,2,12
3.0,Sunday,12,27,4,urban,0.0029777772657482203,6.8,40.0,0.0,8.5,2,118.442766,18.02,2025-07-06,Sunday,2,12
3.0,Sunday,17,26,11,urban,0.0029331221758826308,8.2,100.0,1.0,12.1,2,17.44297,64.06,2025-07-06,Sunday,2,12
3.0,Sunday,16,4,10,urban,0.0036298579994680997,7.3,100.0,1.0,4.7,2,42.061455,46.62,2025-07-06,Sunday,2,12
3.0,Sunday,19,31,11,urban,0.038706887352490775,5.4,99.0,2.0,13.7,2,5.335552,31.48,2025-07-06,Sunday,2,12
3.0,Sunday,5,15,12,urban,0.0030860262813391525,4.4,98.0,0.0,18.6,2,10.120094,30.67,2025-07-06,Sunday,2,12
3.0,Sunday,20,12,11,urban,0.00307577835517005,3.0,99.0,1.0,17.4,2,14.616041,28.3,2025-07-06,Sunday,2,12
3.0,Sunday,16,17,10,urban,0.006412881574688032,8.7,97.0,1.0,17.1,2,8.800422,8.53,2025-07-06,Sunday,2,12
3.0,Sunday,23,20,10,urban,0.016444895833118027,5.3,94.0,0.0,8.2,2,9.918887,31.9,2025-07-13,Sunday,2,9
3.0,Sunday,17,2,11,urban,0.0099363788965587,2.3,100.0,0.0,8.0,2,21.48993,9.86,2025-07-13,Sunday,2,9
3.0,Sunday,12,25,11,urban,0.03937347316566345,7.6,91.0,2.0,15.1,2,2.248892,30.49,2025-07-13,Sunday,2,9
3.0,Sunday,12,30,11,sub-urban,-0.00025319442696780745,9.6,93.0,1.0,9.1,2,16.501407,6.31,2025-07-13,Sunday,2,9
3.0,Sunday,13,14,3,urban,0.03636853735781904,-0.2,74.0,1.0,21.0,2,22.791255,7.98,2025-07-13,Sunday,2,9
3.0,Sunday,15,14,4,urban,0.005546034544242942,-0.8,100.0,2.0,8.5,2,46.96181,7.82,2025-07-13,Sunday,2,9
3.0,Sunday,22,15,4,urban,0.033009017498161694,-4.7,99.0,1.0,7.1,2,5.472708,8.26,2025-07-13,Sunday,2,9
3.0,Sunday,22,15,9,urban,0.0075051043905368636,11.3,100.0,263.0,14.7,2,15.413669,35.99,2025-07-13,Sunday,2,9
3.0,Sunday,10,5,12,urban,0.035213044329805286,6.1,93.0,1.0,7.5,2,20.591946,24.3,2025-07-13,Sunday,2,9
3.0,Sunday,8,16,10,urban,0.00576813763345228,3.1,91.0,0.0,10.9,2,7.614204,8.67,2025-07-20,Sunday,2,8
3.0,Sunday,12,23,12,urban,0.0320592648133645,1.0,66.0,0.0,1.4,2,8.422987,17.91,2025-07-20,Sunday,2,8
3.0,Sunday,17,29,10,urban,0.005319275594217595,12.3,94.0,1.0,7.0,2,2.849334,6.69,2025-07-20,Sunday,2,8
3.0,Sunday,17,25,12,urban,0.03613876923014547,7.1,98.0,87.0,9.4,2,2.0,10.84,2025-07-20,Sunday,2,8
3.0,Sunday,16,15,9,urban,0.002579545848621869,6.0,36.0,0.0,6.9,2,13.683468,6.43,2025-07-20,Sunday,2,8
3.0,Sunday,13,24,12,urban,0.033303905815028144,4.8,56.0,238.0,15.7,2,24.724414,5.51,2025-07-20,Sunday,2,8
3.0,Sunday,17,6,10,urban,0.0012276425246762748,7.7,51.0,1.0,4.6,2,21.799231,17.97,2025-07-20,Sunday,2,8
3.0,Sunday,11,12,12,urban,0.03095291601773867,3.2,92.0,1.0,11.6,2,8.852782,32.05,2025-07-20,Sunday,2,8
3.0,Sunday,22,15,11,urban,0.03555145774191282,6.7,98.0,0.0,14.8,2,37.791884,56.62,2025-07-27,Sunday,2,10
3.0,Sunday,8,15,12,urban,0.025246384205543787,2.5,99.0,0.0,11.8,2,22.005645,16.32,2025-07-27,Sunday,2,10
3.0,Sunday,9,27,10,urban,0.005125468399613804,6.1,98.0,2.0,7.6,2,17.946679,30.1,2025-07-27,Sunday,2,10
3.0,Sunday,5,22,1,urban,0.020032635794200063,13.6,74.0,263.0,12.1,2,16.829489,8.87,2025-07-27,Sunday,2,10
3.0,Sunday,18,21,9,urban,0.015890876485390257,5.0,87.0,1.0,4.5,2,5.054292,17.46,2025-07-27,Sunday,2,10
3.0,Sunday,14,2,12,urban,0.0002871075841217527,6.8,98.0,1.0,14.4,2,46.934489,26.97,2025-07-27,Sunday,2,10
3.0,Sunday,22,12,10,urban,0.005168125088062817,10.2,100.0,0.0,14.5,2,15.28131,52.06,2025-07-27,Sunday,2,10
3.0,Sunday,13,4,12,urban,0.00609302924660199,7.5,100.0,276.0,18.7,2,26.7337,4.99,2025-07-27,Sunday,2,10
3.0,Sunday,21,24,10,urban,0.03996178248884159,3.3,87.0,0.0,6.0,2,8.777175,28.69,2025-07-27,Sunday,2,10
3.0,Sunday,15,13,11,urban,0.004699178089817225,3.2,99.0,0.0,10.1,2,50.444089,24.39,2025-07-27,Sunday,2,10
3.0,Sunday,21,15,9,sub-urban,0.04196822812576061,7.5,74.0,0.0,8.4,2,14.814998,44.22,2025-08-03,Sunday,2,14
3.0,Sunday,5,2,12,urban,0.005170928760797891,10.9,100.0,0.0,9.4,2,98.050234,12.92,2025-08-03,Sunday,2,14
3.0,Sunday,13,29,10,urban,0.017770846505917738,7.4,99.0,0.0,18.3,2,10.788639,9.37,2025-08-03,Sunday,2,14
3.0,Sunday,0,4,12,urban,0.004703429279150008,5.6,73.0,0.0,11.0,2,13.169966,7.39,2025-08-03,Sunday,2,14
3.0,Sunday,18,21,10,urban,0.005484609571659853,5.8,100.0,457.0,16.3,2,13.322368,4.47,2025-08-03,Sunday,2,14
3.0,Sunday,8,15,7,urban,0.004275532372555046,7.8,92.0,1.0,4.1,2,11.100955,6.9,2025-08-03,Sunday,2,14
3.0,Sunday,20,20,12,urban,0.005097308333354163,8.4,100.0,1.0,11.4,2,45.275117,45.85,2025-08-03,Sunday,2,14
3.0,Sunday,15,11,11,urban,0.04646707503190886,3.1,100.0,0.0,9.2,2,3.899809,7.03,2025-08-03,Sunday,2,14
3.0,Sunday,17,31,12,urban,0.033885731462784806,3.7,99.0,0.0,15.6,2,3.861887,32.04,2025-08-03,Sunday,2,14
3.0,Sunday,16,15,10,urban,0.0012638964780889916,9.0,75.0,143.0,3.2,2,119.9167,5.51,2025-08-03,Sunday,2,14
3.0,Sunday,15,11,9,urban,0.04139461549657109,8.5,91.0,1.0,10.6,2,41.685727,15.62,2025-08-03,Sunday,2,14
3.0,Sunday,13,28,12,urban,0.03143121050102583,19.6,90.0,0.0,10.2,2,5.798975,9.96,2025-08-03,Sunday,2,14
3.0,Sunday,23,15,10,urban,0.03304174677482817,3.2,93.0,1.0,10.6,2,15.90184,8.0,2025-08-03,Sunday,2,14
3.0,Sunday,15,12,12,urban,0.0006790698528638928,2.2,91.0,24.0,18.3,2,47.033423,8.41,2025-08-03,Sunday,2,14
3.0,Sunday,23,2,10,urban,0.0007248754348961428,8.0,99.0,0.0,7.0,2,8.733404,29.77,2025-08-10,Sunday,2,18
3.0,Sunday,20,2,11,urban,0.006888540504702851,8.0,95.0,2.0,21.3,2,3.845167,20.65,2025-08-10,Sunday,2,18
3.0,Sunday,5,21,11,urban,0.0012015667761799964,6.9,98.0,2.0,9.7,2,33.971852,9.28,2025-08-10,Sunday,2,18
3.0,Sunday,12,12,1,urban,0.02609165873461284,6.6,93.0,1.0,14.9,2,21.867204,20.88,2025-08-10,Sunday,2,18
3.0,Sunday,14,5,2,urban,0.05839440534938735,1.5,92.0,1.0,6.0,2,15.132799,9.49,2025-08-10,Sunday,2,18
3.0,Sunday,17,20,11,urban,0.04200136103283676,0.1,98.0,1.0,19.1,2,3.052034,23.98,2025-08-10,Sunday,2,18
3.0,Sunday,4,6,10,urban,-0.00031,6.5,100.0,0.0,5.0,2,11.652023,8.93,2025-08-10,Sunday,2,18
3.0,Sunday,12,1,11,urban,0.04012080230411339,4.0,81.0,18.0,19.9,2,4.121979,12.23,2025-08-10,Sunday,2,18
3.0,Sunday,15,25,11,urban,0.0075946444125077955,-1.1,100.0,3.0,7.6,2,4.544532,3.63,2025-08-10,Sunday,2,18
3.0,Sunday,8,5,12,urban,0.04830416461761618,3.9,93.0,2.0,6.2,2,20.047106,13.77,2025-08-10,Sunday,2,18
3.0,Sunday,20,19,11,urban,0.032975017754437674,-2.6,91.0,0.0,14.0,2,38.007436,51.42,2025-08-10,Sunday,2,18
3.0,Sunday,8,14,10,urban,0.012169078537169455,7.6,100.0,423.0,6.0,2,3.531551,27.45,2025-08-10,Sunday,2,18
3.0,Sunday,7,26,12,urban,0.01949049998179193,-1.4,79.0,1.0,5.8,2,7.620936,15.92,2025-08-10,Sunday,2,18
3.0,Sunday,0,25,10,urban,0.018655129973692657,9.7,60.0,1.0,17.2,2,47.690257,26.81,2025-08-10,Sunday,2,18
3.0,Sunday,20,27,12,urban,0.0033045723056947364,0.8,99.0,1.0,6.5,2,13.208327,8.81,2025-08-10,Sunday,2,18
3.0,Sunday,20,2,7,urban,0.012720608803669112,5.3,87.0,1.0,13.5,2,15.3642,12.57,2025-08-10,Sunday,2,18
3.0,Sunday,9,13,12,urban,0.0048914825947060404,7.3,99.0,1.0,17.6,2,19.929219,14.38,2025-08-10,Sunday,2,18
3.0,Sunday,20,14,10,urban,0.011989220423349215,0.7,68.0,0.0,2.8,2,13.361362,21.29,2025-08-10,Sunday,2,18
3.0,Sunday,17,6,3,urban,0.0028963235366206907,6.5,93.0,0.0,27.2,2,4.973145,28.19,2025-08-17,Sunday,2,14
3.0,Sunday,19,23,10,urban,0.035068177060932036,9.4,97.0,0.0,5.7,2,13.810106,11.87,2025-08-17,Sunday,2,14
3.0,Sunday,21,24,9,urban,0.001092089769864653,11.3,93.0,0.0,6.3,2,7.095893,30.68,2025-08-17,Sunday,2,14
3.0,Sunday,17,28,3,urban,0.0021075278442160453,9.5,99.0,0.0,15.2,2,11.063821,3.45,2025-08-17,Sunday,2,14
3.0,Sunday,12,2,10,urban,0.02248264432907755,-3.0,83.0,0.0,18.3,2,2.474449,7.19,2025-08-17,Sunday,2,14
3.0,Sunday,16,27,10,urban,0.0031727941972838946,8.7,30.0,1.0,16.2,2,82.208962,10.35,2025-08-17,Sunday,2,14
3.0,Sunday,13,24,10,urban,0.012949289857841004,5.0,99.0,0.0,15.0,2,22.424042,12.17,2025-08-17,Sunday,2,14
3.0,Sunday,20,24,12,urban,0.01202201774832958,2.2,95.0,0.0,16.7,2,9.403993,46.75,2025-08-17,Sunday,2,14
3.0,Sunday,17,24,7,urban,0.0008758151760830581,7.7,97.0,59.0,5.5,2,5.900897,21.62,2025-08-17,Sunday,2,14
3.0,Sunday,21,20,12,urban,0.0042594816846882695,1.4,99.0,1.0,19.6,2,13.430994,13.96,2025-08-17,Sunday,2,14
3.0,Sunday,14,8,10,urban,0.019715546510540898,8.3,66.0,0.0,10.9,2,3.696447,5.86,2025-08-17,Sunday,2,14
3.0,Sunday,9,11,10,urban,0.039520932831822224,5.8,71.0,2.0,5.5,2,2.870271,12.22,2025-08-17,Sunday,2,14
3.0,Sunday,8,15,11,urban,0.003969650288680888,7.4,51.0,0.0,8.8,2,42.775844,9.37,2025-08-17,Sunday,2,14
3.0,Sunday,3,15,3,urban,0.0033538426313944694,5.0,92.0,1.0,3.3,2,8.857028,10.38,2025-08-17,Sunday,2,14
3.0,Sunday,3,17,12,urban,0.00182756901647239,8.8,98.0,0.0,13.7,2,41.850772,28.24,2025-08-24,Sunday,2,13
3.0,Sunday,17,25,12,urban,0.03464651841134797,-10.6,93.0,1.0,5.4,2,3.881005,23.98,2025-08-24,Sunday,2,13
3.0,Sunday,15,4,10,urban,0.0016742003771578967,6.9,97.0,273.0,11.9,2,17.188138,19.79,2025-08-24,Sunday,2,13
3.0,Sunday,22,8,10,urban,0.006235810294777336,3.7,94.0,40.0,15.8,2,5.85429,15.69,2025-08-24,Sunday,2,13
3.0,Sunday,22,27,12,urban,0.003130237241335411,7.7,27.0,0.0,15.7,2,6.162474,17.3,2025-08-24,Sunday,2,13
3.0,Sunday,0,5,4,urban,0.0006321681283028855,6.6,90.0,0.0,4.8,2,19.717293,8.45,2025-08-24,Sunday,2,13
3.0,Sunday,14,8,11,urban,0.03592562749389372,1.4,99.0,0.0,4.0,2,17.349647,29.05,2025-08-24,Sunday,2,13
3.0,Sunday,5,7,11,urban,0.03188353486129162,8.1,68.0,0.0,4.2,2,10.881876,8.56,2025-08-24,Sunday,2,13
3.0,Sunday,16,9,10,urban,0.0006198452171365253,7.6,40.0,340.0,17.4,2,38.692675,22.32,2025-08-24,Sunday,2,13
3.0,Sunday,16,15,7,urban,0.003004427070857639,7.3,35.0,2.0,19.3,2,9.611789,20.06,2025-08-24,Sunday,2,13
3.0,Sunday,9,27,7,urban,0.006882216549192202,7.9,41.0,405.0,7.7,2,31.625658,33.31,2025-08-24,Sunday,2,13
3.0,Sunday,18,1,11,urban,0.03865900636276966,-1.8,99.0,0.0,4.7,2,3.411086,32.21,2025-08-24,Sunday,2,13
3.0,Sunday,20,15,12,urban,0.04131710009160059,0.6,100.0,1.0,10.6,2,12.794925,17.46,2025-08-24,Sunday,2,13
3.0,Sunday,13,2,12,urban,0.014257637606878945,2.0,87.0,2.0,10.7,2,6.990655,13.4,2025-08-31,Sunday,2,9
3.0,Sunday,14,17,12,urban,0.019402687196810965,1.2,100.0,0.0,4.6,2,14.146527,43.4,2025-08-31,Sunday,2,9
3.0,Sunday,11,5,7,urban,0.03265383851187306,25.0,93.0,22.0,14.9,2,39.811012,5.84,2025-08-31,Sunday,2,9
3.0,Sunday,10,5,4,urban,0.004741253676329667,12.6,60.0,0.0,4.1,2,8.585893,6.04,2025-08-31,Sunday,2,9
3.0,Sunday,16,7,8,urban,0.006876157388045345,7.3,96.0,1.0,14.1,2,14.781408,11.04,2025-08-31,Sunday,2,9
3.0,Sunday,16,11,11,urban,0.0542498002325816,-0.6,97.0,59.0,11.0,2,11.180815,14.41,2025-08-31,Sunday,2,9
3.0,Sunday,15,21,12,urban,0.038370664702922046,5.3,69.0,3.0,2.1,2,10.239014,8.2,2025-08-31,Sunday,2,9
3.0,Sunday,12,30,9,urban,0.0014414430204630789,0.2,100.0,0.0,3.9,2,13.498081,5.43,2025-08-31,Sunday,2,9
3.0,Sunday,14,7,12,urban,0.02895405224338557,3.3,85.0,0.0,14.9,2,20.3115,36.55,2025-08-31,Sunday,2,9
3.0,Sunday,16,22,7,urban,0.00023299876818302142,10.0,92.0,1.0,16.9,2,20.809195,56.05,2025-09-07,Sunday,2,15
3.0,Sunday,21,4,12,urban,0.0006796795935827271,5.5,99.0,0.0,3.1,2,17.641855,9.0,2025-09-07,Sunday,2,15
3.0,Sunday,23,1,10,urban,0.0025601582165097328,6.4,100.0,0.0,13.8,2,9.476653,20.69,2025-09-07,Sunday,2,15
3.0,Sunday,13,7,12,urban,0.004537568372132274,2.1,98.0,1.0,16.3,2,9.871277,32.31,2025-09-07,Sunday,2,15
3.0,Sunday,3,11,10,urban,0.036784747610090845,20.7,74.0,200.0,7.3,2,33.730549,8.34,2025-09-07,Sunday,2,15
3.0,Sunday,13,9,12,urban,0.035552783855599415,0.7,72.0,0.0,12.5,2,13.433836,6.35,2025-09-07,Sunday,2,15
3.0,Sunday,4,5,10,urban,0.0017285242127078617,7.7,94.0,2.0,4.9,2,30.198331,50.06,2025-09-07,Sunday,2,15
3.0,Sunday,18,13,4,urban,0.005268475060867534,5.2,52.0,413.0,5.4,2,19.355628,29.16,2025-09-07,Sunday,2,15
3.0,Sunday,0,5,11,urban,0.013137662012926566,1.1,95.0,0.0,8.2,2,49.268308,53.21,2025-09-07,Sunday,2,15
3.0,Sunday,12,28,12,urban,0.010886883203749684,3.3,88.0,0.0,13.9,2,13.269498,18.84,2025-09-07,Sunday,2,15
3.0,Sunday,0,9,10,urban,0.004296501508219446,9.5,100.0,1.0,4.8,2,9.318873,8.05,2025-09-07,Sunday,2,15
3.0,Sunday,20,6,2,urban,0.0023011604154462026,0.0,77.0,0.0,7.8,2,13.928022,34.18,2025-09-07,Sunday,2,15
3.0,Sunday,4,9,11,urban,0.010672067276436253,6.4,99.0,0.0,10.1,2,17.529357,8.8,2025-09-07,Sunday,2,15
3.0,Sunday,12,3,10,urban,-0.00031,9.1,95.0,529.0,13.2,2,10.607176,19.66,2025-09-07,Sunday,2,15
3.0,Sunday,17,8,12,urban,0.023769926820180493,4.7,100.0,0.0,3.6,2,12.636904,16.5,2025-09-07,Sunday,2,15
3.0,Sunday,15,20,12,urban,0.016112277581750264,-4.4,98.0,2.0,11.0,2,9.546782,11.85,2025-09-14,Sunday,2,6
3.0,Sunday,6,23,1,urban,0.037473113669588914,6.3,87.0,0.0,8.6,2,19.989671,7.93,2025-09-14,Sunday,2,6
3.0,Sunday,12,8,10,urban,0.0004077088816429623,11.5,99.0,0.0,19.5,2,3.445828,51.61,2025-09-14,Sunday,2,6
3.0,Sunday,18,9,11,urban,0.00016564071829319304,9.4,100.0,1.0,8.4,2,21.121241,35.01,2025-09-14,Sunday,2,6
3.0,Sunday,16,15,4,urban,0.002608908560741108,12.0,97.0,14.0,10.7,2,19.312491,10.72,2025-09-14,Sunday,2,6
3.0,Sunday,3,2,10,urban,0.0014846310360961067,8.4,60.0,1.0,8.7,2,18.869824,28.93,2025-09-14,Sunday,2,6
3.0,Sunday,20,13,10,urban,0.03860648192257513,1.6,95.0,24.0,14.3,2,10.60816,6.62,2025-09-21,Sunday,2,10
3.0,Sunday,14,23,3,urban,0.003959061304809286,4.4,97.0,0.0,5.7,2,20.866836,8.04,2025-09-21,Sunday,2,10
3.0,Sunday,17,20,9,urban,0.04626588428373216,8.9,84.0,0.0,5.1,2,10.612829,15.54,2025-09-21,Sunday,2,10
3.0,Sunday,12,7,10,urban,0.014263991865872442,8.3,74.0,0.0,4.4,2,2.225992,21.71,2025-09-21,Sunday,2,10
3.0,Sunday,9,27,11,urban,0.0014990706552140756,8.3,99.0,1.0,5.5,2,39.936301,8.68,2025-09-21,Sunday,2,10
3.0,Sunday,22,7,12,urban,0.05013595604921015,10.5,99.0,0.0,11.5,2,2.618672,14.58,2025-09-21,Sunday,2,10
3.0,Sunday,21,9,9,urban,0.03513328442919828,3.0,89.0,0.0,3.2,2,13.491416,4.68,2025-09-21,Sunday,2,10
3.0,Sunday,0,8,9,urban,-0.00031,0.3,92.0,0.0,17.2,2,3.180798,8.0,2025-09-21,Sunday,2,10
3.0,Sunday,0,9,6,urban,-0.00031,6.3,90.0,17.0,4.3,2,34.198897,7.68,2025-09-21,Sunday,2,10
3.0,Sunday,16,10,11,urban,0.003615173166495618,5.1,94.0,0.0,14.1,2,35.285068,9.05,2025-09-21,Sunday,2,10
3.0,Mon-Th,15,28,7,urban,0.047284336486665496,16.6,63.0,18.0,9.3,2,10.343747,3.59,2025-06-23,Mon-Th,2,14
3.0,Mon-Th,20,23,10,urban,0.006624167762344721,7.0,99.0,1.0,6.3,2,6.396594,12.54,2025-06-23,Mon-Th,2,14
3.0,Mon-Th,3,31,10,urban,0.039675355229873636,8.2,97.0,1.0,6.2,2,14.100902,25.2,2025-06-23,Mon-Th,2,14
3.0,Mon-Th,20,20,11,urban,0.05251810672171826,5.8,100.0,0.0,5.8,2,13.763407,17.37,2025-06-23,Mon-Th,2,14
3.0,Mon-Th,18,28,8,urban,0.0008336896318226453,6.7,95.0,1.0,5.0,2,8.478682,19.16,2025-06-23,Mon-Th,2,14
3.0,Mon-Th,15,20,11,urban,0.019763025180787718,4.3,90.0,0.0,7.3,2,13.128696,33.41,2025-06-23,Mon-Th,2,14
3.0,Mon-Th,22,2,12,urban,0.010303045544955326,2.8,69.0,0.0,7.6,2,19.975935,15.64,2025-06-23,Mon-Th,2,14
3.0,Mon-Th,15,23,10,urban,0.003133717631110775,0.9,100.0,0.0,11.0,2,3.226629,6.24,2025-06-23,Mon-Th,2,14
3.0,Mon-Th,20,11,10,urban,0.0013292499962158804,3.1,70.0,1.0,14.3,2,23.821852,15.94,2025-06-23,Mon-Th,2,14
3.0,Mon-Th,19,21,10,urban,0.040526331797104985,8.6,80.0,0.0,6.8,2,9.814806,10.49,2025-06-23,Mon-Th,2,14
3.0,Mon-Th,21,21,11,urban,0.018865438095245046,2.9,52.0,1.0,3.7,2,4.725835,11.6,2025-06-23,Mon-Th,2,14
3.0,Mon-Th,11,26,9,urban,0.008179860451973494,3.9,36.0,0.0,4.7,2,16.062704,19.99,2025-06-23,Mon-Th,2,14
3.0,Mon-Th,21,22,10,urban,0.03561767370545407,7.8,98.0,0.0,8.6,2,5.824383,11.34,2025-06-23,Mon-Th,2,14
3.0,Mon-Th,0,27,12,urban,0.01877000689406073,2.8,95.0,23.0,6.6,2,4.748018,12.12,2025-06-23,Mon-Th,2,14
3.0,Mon-Th,3,26,4,urban,0.0030749245900668918,7.8,62.0,1.0,26.9,2,23.275938,13.57,2025-06-24,Mon-Th,2,13
3.0,Mon-Th,3,26,4,urban,0.004477997243166757,6.9,43.0,1.0,6.7,2,9.001575,25.52,2025-06-24,Mon-Th,2,13
3.0,Mon-Th,17,17,12,urban,0.017709354514117752,1.1,76.0,0.0,11.6,2,38.269526,36.59,2025-06-24,Mon-Th,2,13
3.0,Mon-Th,18,22,9,urban,0.012744855477364545,8.6,93.0,1.0,8.5,2,4.485872,9.01,2025-06-24,Mon-Th,2,13
3.0,Mon-Th,17,21,10,urban,0.0018185217232133334,6.2,99.0,2.0,6.5,2,15.357434,6.79,2025-06-24,Mon-Th,2,13
3.0,Mon-Th,4,15,12,urban,0.04363231823886897,2.8,95.0,0.0,12.7,2,17.376733,30.34,2025-06-24,Mon-Th,2,13
3.0,Mon-Th,8,1,12,urban,0.033427867908153074,8.8,70.0,11.0,10.9,2,4.227453,10.99,2025-06-24,Mon-Th,2,13
3.0,Mon-Th,12,28,11,urban,0.02075126864652873,-1.0,69.0,2.0,9.4,2,11.898676,16.9,2025-06-24,Mon-Th,2,13
3.0,Mon-Th,14,16,11,urban,0.033955512935102704,5.8,64.0,0.0,7.3,2,18.281417,3.35,2025-06-24,Mon-Th,2,13
3.0,Mon-Th,22,18,10,sub-urban,0.036415864476165384,4.1,100.0,1.0,16.9,2,8.748772,30.73,2025-06-24,Mon-Th,2,13
3.0,Mon-Th,15,13,12,urban,0.000702236706262154,6.5,99.0,254.0,3.7,2,16.178799,7.76,2025-06-24,Mon-Th,2,13
3.0,Mon-Th,10,7,3,urban,0.0088758696007707,0.4,79.0,0.0,8.0,2,6.817986,12.01,2025-06-24,Mon-Th,2,13
3.0,Mon-Th,22,2,11,urban,0.039521844114698404,8.4,59.0,2.0,12.8,2,19.110186,5.81,2025-06-24,Mon-Th,2,13
3.0,Mon-Th,18,23,11,urban,0.031983894045037924,-1.3,99.0,0.0,11.0,2,4.237724,10.82,2025-06-25,Mon-Th,2,20
3.0,Mon-Th,20,1,9,urban,-0.00031,8.4,98.0,0.0,9.1,2,43.41302,42.54,2025-06-25,Mon-Th,2,20
3.0,Mon-Th,21,30,6,urban,0.03751069494513574,5.5,52.0,1.0,15.8,2,12.798078,5.41,2025-06-25,Mon-Th,2,20
3.0,Mon-Th,8,2,6,urban,0.0019351569611309122,7.8,32.0,433.0,4.8,2,65.705503,8.72,2025-06-25,Mon-Th,2,20
3.0,Mon-Th,15,16,12,urban,0.03772455294118229,10.6,100.0,1.0,9.5,2,4.735245,31.55,2025-06-25,Mon-Th,2,20
3.0,Mon-Th,14,2,12,urban,0.06311863702261751,7.2,76.0,61.0,4.0,2,2.0,7.84,2025-06-25,Mon-Th,2,20
3.0,Mon-Th,22,30,10,urban,0.004250804625463002,8.0,97.0,0.0,9.2,2,3.583748,22.32,2025-06-25,Mon-Th,2,20
3.0,Mon-Th,3,13,11,urban,0.002535171656716487,-1.5,100.0,2.0,8.9,2,3.564219,6.58,2025-06-25,Mon-Th,2,20
3.0,Mon-Th,18,11,10,urban,0.022454251667664963,11.5,88.0,0.0,10.1,2,7.644044,8.68,2025-06-25,Mon-Th,2,20
3.0,Mon-Th,5,14,11,urban,0.013879635169980154,-0.9,93.0,0.0,13.9,2,16.653474,25.04,2025-06-25,Mon-Th,2,20
3.0,Mon-Th,17,27,12,urban,0.012026052311458932,9.3,100.0,0.0,10.9,2,37.662662,14.28,2025-06-25,Mon-Th,2,20
3.0,Mon-Th,15,27,11,urban,0.037940903336070766,-3.2,79.0,2.0,5.2,2,3.16558,29.55,2025-06-25,Mon-Th,2,20
3.0,Mon-Th,17,23,10,sub-urban,0.004995511827552085,4.7,85.0,0.0,16.9,2,18.654708,10.25,2025-06-25,Mon-Th,2,20
3.0,Mon-Th,23,25,3,urban,0.005366771138896435,8.7,60.0,1.0,14.9,2,7.903507,20.79,2025-06-25,Mon-Th,2,20
3.0,Mon-Th,22,15,10,urban,0.0061601750218117915,6.5,98.0,0.0,11.9,2,16.392602,31.28,2025-06-25,Mon-Th,2,20
3.0,Mon-Th,15,28,12,urban,0.005296602370948102,-5.6,99.0,2.0,7.5,2,17.755121,3.34,2025-06-25,Mon-Th,2,20
3.0,Mon-Th,20,27,10,urban,0.0019221167079423933,6.8,91.0,0.0,5.4,2,7.381869,3.35,2025-06-25,Mon-Th,2,20
3.0,Mon-Th,17,30,10,urban,0.01615568180997045,9.4,100.0,0.0,5.7,2,13.17068,8.61,2025-06-25,Mon-Th,2,20
3.0,Mon-Th,13,2,12,urban,0.002095401470124123,2.4,59.0,0.0,8.9,2,4.490417,9.87,2025-06-25,Mon-Th,2,20
3.0,Mon-Th,8,1,12,urban,0.010880032805233513,7.8,100.0,0.0,14.5,2,66.420222,32.19,2025-06-25,Mon-Th,2,20
3.0,Mon-Th,22,13,12,urban,0.04058183466499783,6.7,100.0,1.0,5.7,2,15.280616,25.83,2025-06-26,Mon-Th,2,18
3.0,Mon-Th,22,15,10,urban,0.00756996528500976,10.7,70.0,2.0,4.7,2,13.455954,30.16,2025-06-26,Mon-Th,2,18
3.0,Mon-Th,23,27,12,urban,0.0010329383323028117,2.0,95.0,0.0,18.2,2,14.038511,30.01,2025-06-26,Mon-Th,2,18
3.0,Mon-Th,3,17,12,urban,0.018249366792722113,3.7,99.0,1.0,6.4,2,6.003004,31.96,2025-06-26,Mon-Th,2,18
3.0,Mon-Th,13,21,12,sub-urban,0.0023785098319349628,6.7,100.0,1.0,8.5,2,16.827479,13.71,2025-06-26,Mon-Th,2,18
3.0,Mon-Th,16,26,12,urban,0.03880908329968615,6.9,92.0,0.0,3.5,2,3.766842,20.2,2025-06-26,Mon-Th,2,18
3.0,Mon-Th,17,3,5,urban,0.008138153601219892,19.6,51.0,402.0,5.9,2,14.024286,20.23,2025-06-26,Mon-Th,2,18
3.0,Mon-Th,14,15,3,urban,0.02419527991431882,-2.5,74.0,15.0,6.6,2,21.255636,5.67,2025-06-26,Mon-Th,2,18
3.0,Mon-Th,18,4,11,sub-urban,0.0033636994963642474,7.9,100.0,0.0,10.1,2,3.62454,11.58,2025-06-26,Mon-Th,2,18
3.0,Mon-Th,14,10,10,urban,0.019176090908956493,11.1,63.0,150.0,20.6,2,21.85565,9.62,2025-06-26,Mon-Th,2,18
3.0,Mon-Th,4,15,12,urban,0.01842709854423084,4.8,99.0,1.0,2.6,2,22.302032,16.2,2025-06-26,Mon-Th,2,18
3.0,Mon-Th,20,5,10,urban,0.013762821114904804,8.6,83.0,315.0,14.1,2,4.301125,3.45,2025-06-26,Mon-Th,2,18
3.0,Mon-Th,23,30,10,urban,0.02148738698841811,7.7,50.0,2.0,23.0,2,6.68023,8.37,2025-06-26,Mon-Th,2,18
3.0,Mon-Th,14,13,12,urban,0.0036824672137394632,2.9,100.0,0.0,11.3,2,18.173589,28.55,2025-06-26,Mon-Th,2,18
3.0,Mon-Th,11,22,7,urban,0.031085414334950535,15.9,99.0,235.0,2.8,2,15.701077,6.05,2025-06-26,Mon-Th,2,18
3.0,Mon-Th,15,14,12,urban,0.016916972607391237,1.5,64.0,1.0,4.8,2,22.058839,8.04,2025-06-26,Mon-Th,2,18
3.0,Mon-Th,17,27,12,urban,0.03703692421473665,6.9,100.0,0.0,18.7,2,9.037946,5.5,2025-06-26,Mon-Th,2,18
3.0,Mon-Th,13,8,4,urban,0.018776693069691798,7.0,79.0,1.0,5.5,2,40.676817,16.21,2025-06-26,Mon-Th,2,18
3.0,Mon-Th,3,29,12,urban,0.032042102394475386,14.9,77.0,0.0,13.0,2,8.206116,11.24,2025-06-30,Mon-Th,2,12
3.0,Mon-Th,16,22,10,urban,0.0015959339706505048,2.1,91.0,0.0,7.7,2,9.763676,46.88,2025-06-30,Mon-Th,2,12
3.0,Mon-Th,16,24,10,urban,0.035870708181487534,9.3,99.0,1.0,3.3,2,14.157358,6.52,2025-06-30,Mon-Th,2,12
3.0,Mon-Th,22,22,10,urban,0.002913855686734441,6.8,92.0,2.0,6.2,2,5.187973,37.11,2025-06-30,Mon-Th,2,12
3.0,Mon-Th,20,27,11,urban,0.027020404954567354,-1.1,92.0,0.0,15.3,2,11.378237,16.1,2025-06-30,Mon-Th,2,12
3.0,Mon-Th,12,5,12,urban,0.002728010210846097,6.9,53.0,0.0,6.2,2,37.145264,21.44,2025-06-30,Mon-Th,2,12
3.0,Mon-Th,23,8,12,urban,0.004260768119572968,4.7,78.0,0.0,22.5,2,6.65699,26.57,2025-06-30,Mon-Th,2,12
3.0,Mon-Th,18,18,10,urban,0.019510164651625153,11.1,99.0,1.0,13.0,2,9.697293,5.49,2025-06-30,Mon-Th,2,12
3.0,Mon-Th,17,26,7,urban,0.003045825208348134,23.5,67.0,195.0,3.6,2,94.847125,11.05,2025-06-30,Mon-Th,2,12
3.0,Mon-Th,11,12,3,urban,0.03903890720573148,7.9,60.0,145.0,3.4,2,4.497865,23.14,2025-06-30,Mon-Th,2,12
3.0,Mon-Th,5,6,12,urban,0.050365399195391895,-5.2,100.0,0.0,8.6,2,13.177726,7.55,2025-06-30,Mon-Th,2,12
3.0,Mon-Th,4,12,10,urban,0.00429189153350345,6.1,96.0,0.0,8.4,2,7.489918,14.12,2025-06-30,Mon-Th,2,12
3.0,Mon-Th,17,8,11,urban,0.038949118590977695,2.5,99.0,0.0,7.5,2,42.956555,8.49,2025-07-01,Mon-Th,2,9
3.0,Mon-Th,17,25,2,sub-urban,0.03741128021991033,-2.0,92.0,0.0,15.1,2,36.44062,5.83,2025-07-01,Mon-Th,2,9
3.0,Mon-Th,16,4,11,urban,0.0036968689070579186,11.8,53.0,1.0,15.9,2,40.412083,2.6,2025-07-01,Mon-Th,2,9
3.0,Mon-Th,9,15,10,urban,0.020726890633836655,3.7,97.0,0.0,4.0,2,9.37671,35.71,2025-07-01,Mon-Th,2,9
3.0,Mon-Th,9,15,5,urban,0.0020063906708899463,7.5,94.0,1.0,10.2,2,11.370703,8.95,2025-07-01,Mon-Th,2,9
3.0,Mon-Th,12,8,11,urban,0.0034514996894383252,3.2,37.0,236.0,12.4,2,100.348028,7.42,2025-07-01,Mon-Th,2,9
3.0,Mon-Th,17,20,9,urban,0.001427620827871325,5.9,95.0,2.0,18.2,2,4.993645,6.08,2025-07-01,Mon-Th,2,9
3.0,Mon-Th,16,20,10,urban,0.0019147262551600258,17.2,64.0,0.0,5.3,2,17.480118,12.6,2025-07-01,Mon-Th,2,9
3.0,Mon-Th,18,12,11,urban,0.04059436131158589,-2.0,100.0,1.0,13.5,2,3.511609,24.41,2025-07-01,Mon-Th,2,9
3.0,Mon-Th,8,28,12,urban,0.02358284344105041,0.4,98.0,0.0,10.6,2,14.157642,24.4,2025-07-02,Mon-Th,2,11
3.0,Mon-Th,14,16,10,urban,0.0017804991191260862,8.3,73.0,1.0,21.9,2,15.015807,7.36,2025-07-02,Mon-Th,2,11
3.0,Mon-Th,20,13,12,urban,0.029002033658883257,7.9,100.0,2.0,20.5,2,17.25214,10.63,2025-07-02,Mon-Th,2,11
3.0,Mon-Th,16,16,11,urban,0.01678392171904715,4.6,99.0,2.0,14.4,2,11.145264,10.0,2025-07-02,Mon-Th,2,11
3.0,Mon-Th,9,13,10,urban,0.00304428896184915,10.1,58.0,259.0,3.9,2,9.667841,11.56,2025-07-02,Mon-Th,2,11
3.0,Mon-Th,16,17,12,urban,0.02146619938235749,-1.2,83.0,0.0,11.1,2,3.225048,11.57,2025-07-02,Mon-Th,2,11
3.0,Mon-Th,3,29,5,urban,0.03255486923178523,9.6,67.0,0.0,5.5,2,6.662456,61.31,2025-07-02,Mon-Th,2,11
3.0,Mon-Th,8,21,3,urban,0.017707367261201812,6.2,94.0,13.0,17.0,2,13.514675,20.98,2025-07-02,Mon-Th,2,11
3.0,Mon-Th,10,4,7,urban,0.01463777965407705,25.0,55.0,196.0,13.1,2,10.064238,22.63,2025-07-02,Mon-Th,2,11
3.0,Mon-Th,8,19,12,urban,0.002147156965041182,7.8,95.0,0.0,21.1,2,17.817741,57.35,2025-07-02,Mon-Th,2,11
3.0,Mon-Th,12,1,11,urban,0.023417144285252458,2.9,94.0,0.0,17.6,2,6.013151,62.44,2025-07-02,Mon-Th,2,11
3.0,Mon-Th,9,15,12,urban,0.025361137721046458,2.6,83.0,1.0,12.9,2,7.75948,22.8,2025-07-03,Mon-Th,2,10
3.0,Mon-Th,5,24,9,urban,0.0016731960983268753,11.7,100.0,0.0,8.8,2,7.022807,7.45,2025-07-03,Mon-Th,2,10
3.0,Mon-Th,12,12,10,sub-urban,0.022726443280859918,-2.6,98.0,22.0,13.9,2,21.582478,17.34,2025-07-03,Mon-Th,2,10
3.0,Mon-Th,14,6,10,urban,0.00036886444515226834,-0.0,93.0,0.0,14.5,2,9.112128,18.51,2025-07-03,Mon-Th,2,10
3.0,Mon-Th,6,27,1,urban,0.013599190236955688,5.1,68.0,16.0,5.0,2,14.77743,27.76,2025-07-03,Mon-Th,2,10
3.0,Mon-Th,14,23,12,urban,0.022304843873899922,3.5,49.0,13.0,16.9,2,11.382484,4.97,2025-07-03,Mon-Th,2,10
3.0,Mon-Th,14,17,12,urban,0.0016358829674589918,4.9,64.0,0.0,4.3,2,44.057829,10.09,2025-07-03,Mon-Th,2,10
3.0,Mon-Th,10,7,10,urban,0.04854833557020343,1.7,94.0,0.0,19.5,2,5.199776,16.36,2025-07-03,Mon-Th,2,10
3.0,Mon-Th,16,12,5,urban,0.006516143373624248,4.0,34.0,541.0,6.1,2,23.683144,3.47,2025-07-03,Mon-Th,2,10
3.0,Mon-Th,23,28,10,urban,0.003043876215693288,6.2,86.0,2.0,3.9,2,15.319732,21.34,2025-07-03,Mon-Th,2,10
3.0,Mon-Th,12,2,11,urban,0.030151963749037836,1.4,99.0,0.0,8.6,2,46.492571,18.77,2025-07-07,Mon-Th,2,16
3.0,Mon-Th,10,19,10,urban,0.02871487312917112,6.1,71.0,1.0,11.1,2,6.721978,6.01,2025-07-07,Mon-Th,2,16
3.0,Mon-Th,17,18,10,urban,0.006716357191916879,8.3,87.0,42.0,8.4,2,14.313581,7.63,2025-07-07,Mon-Th,2,16
3.0,Mon-Th,0,24,3,urban,0.004610739505804837,7.9,96.0,60.0,31.4,2,41.70753,12.3,2025-07-07,Mon-Th,2,16
3.0,Mon-Th,4,25,12,urban,0.00900057673059269,4.1,82.0,46.0,8.3,2,7.220528,16.69,2025-07-07,Mon-Th,2,16
3.0,Mon-Th,20,28,12,urban,0.013189122126726122,1.6,99.0,0.0,9.6,2,20.435001,13.76,2025-07-07,Mon-Th,2,16
3.0,Mon-Th,16,16,10,urban,0.04558853621552072,8.5,58.0,1.0,16.5,2,8.128492,24.33,2025-07-07,Mon-Th,2,16
3.0,Mon-Th,4,25,3,urban,0.003810497667573063,-0.3,98.0,0.0,4.3,2,4.263011,5.37,2025-07-07,Mon-Th,2,16
3.0,Mon-Th,14,22,10,urban,0.0035673245321658203,7.8,100.0,0.0,5.5,2,16.294342,8.35,2025-07-07,Mon-Th,2,16
3.0,Mon-Th,16,20,12,urban,0.005751709586167788,7.1,99.0,0.0,8.1,2,15.78257,4.44,2025-07-07,Mon-Th,2,16
3.0,Mon-Th,17,11,10,urban,0.032361863172771,9.9,92.0,42.0,8.0,2,15.195258,8.72,2025-07-07,Mon-Th,2,16
3.0,Mon-Th,20,21,11,sub-urban,0.006714263358391998,7.7,100.0,0.0,8.4,2,3.81755,10.37,2025-07-07,Mon-Th,2,16
3.0,Mon-Th,17,13,10,urban,0.0014813695088356665,9.6,100.0,0.0,3.9,2,9.553224,4.94,2025-07-07,Mon-Th,2,16
3.0,Mon-Th,9,2,3,urban,0.021210801692385296,-11.0,80.0,0.0,10.2,2,9.686807,6.6,2025-07-07,Mon-Th,2,16
3.0,Mon-Th,16,5,10,urban,0.004123199887585218,6.1,64.0,0.0,4.3,2,4.129473,1.75,2025-07-07,Mon-Th,2,16
3.0,Mon-Th,20,29,10,urban,0.017227796700571583,9.0,64.0,1.0,7.2,2,8.932883,36.16,2025-07-07,Mon-Th,2,16
3.0,Mon-Th,9,8,12,urban,0.012188920355430809,6.2,95.0,0.0,13.2,2,24.545455,17.21,2025-07-08,Mon-Th,2,10
3.0,Mon-Th,11,22,11,urban,0.03897925171171313,6.3,93.0,0.0,12.7,2,6.023244,24.99,2025-07-08,Mon-Th,2,10
3.0,Mon-Th,17,16,11,urban,0.006255778596819512,9.6,99.0,0.0,9.5,2,11.817862,25.28,2025-07-08,Mon-Th,2,10
3.0,Mon-Th,5,3,11,urban,0.002727742671551098,6.2,99.0,2.0,4.3,2,40.142175,22.04,2025-07-08,Mon-Th,2,10
3.0,Mon-Th,12,19,10,urban,0.04743620188598194,2.7,99.0,0.0,3.4,2,39.210368,9.22,2025-07-08,Mon-Th,2,10
3.0,Mon-Th,16,11,5,urban,0.006060689016104554,9.5,70.0,0.0,6.1,2,12.690739,8.05,2025-07-08,Mon-Th,2,10
3.0,Mon-Th,0,15,4,urban,0.017093685890739303,9.3,95.0,0.0,17.0,2,31.310734,15.45,2025-07-08,Mon-Th,2,10
3.0,Mon-Th,14,8,10,urban,0.017720770631691453,6.9,92.0,1.0,7.8,2,92.952002,13.48,2025-07-08,Mon-Th,2,10
3.0,Mon-Th,9,17,10,urban,0.02244150631253254,8.4,94.0,1.0,5.5,2,46.58587,39.33,2025-07-08,Mon-Th,2,10
3.0,Mon-Th,14,11,12,urban,0.005491460553962291,7.4,100.0,0.0,9.6,2,19.759091,7.94,2025-07-08,Mon-Th,2,10
3.0,Mon-Th,13,18,12,urban,0.024138302794164138,5.6,53.0,4.0,5.6,2,11.357653,8.17,2025-07-09,Mon-Th,2,14
3.0,Mon-Th,22,21,6,urban,0.010645890817520539,4.2,83.0,3.0,6.3,2,10.937472,21.26,2025-07-09,Mon-Th,2,14
3.0,Mon-Th,15,26,10,urban,0.002680709739278385,9.5,99.0,0.0,10.1,2,7.903222,14.03,2025-07-09,Mon-Th,2,14
3.0,Mon-Th,3,25,5,urban,0.03948724186434545,6.9,74.0,1.0,32.9,2,15.367018,5.43,2025-07-09,Mon-Th,2,14
3.0,Mon-Th,20,8,10,urban,0.019636907980369656,12.2,99.0,0.0,5.0,2,13.084604,40.98,2025-07-09,Mon-Th,2,14
3.0,Mon-Th,11,18,10,urban,0.0032407198074496726,6.8,100.0,0.0,14.1,2,32.342611,4.83,2025-07-09,Mon-Th,2,14
3.0,Mon-Th,9,24,12,urban,0.0006040461250893183,3.9,90.0,0.0,12.7,2,9.467314,19.05,2025-07-09,Mon-Th,2,14
3.0,Mon-Th,17,30,11,urban,0.03751494196572392,5.5,68.0,0.0,6.2,2,23.059149,8.72,2025-07-09,Mon-Th,2,14
3.0,Mon-Th,8,15,10,urban,0.0036898523139059767,4.6,100.0,2.0,11.5,2,3.442497,16.38,2025-07-09,Mon-Th,2,14
3.0,Mon-Th,20,17,1,urban,0.011431164819392796,0.4,100.0,1.0,13.9,2,8.068906,25.5,2025-07-09,Mon-Th,2,14
3.0,Mon-Th,0,28,10,urban,0.03716724766384862,9.7,76.0,0.0,5.2,2,11.143712,27.41,2025-07-09,Mon-Th,2,14
3.0,Mon-Th,17,7,10,urban,0.041593145376661055,12.9,65.0,23.0,14.7,2,11.384675,6.94,2025-07-09,Mon-Th,2,14
3.0,Mon-Th,17,30,11,urban,0.026226522011401125,4.6,99.0,0.0,4.1,2,14.727531,8.67,2025-07-09,Mon-Th,2,14
3.0,Mon-Th,15,28,10,urban,0.021483205925657837,9.4,67.0,1.0,27.5,2,13.64504,22.88,2025-07-09,Mon-Th,2,14
3.0,Mon-Th,8,2,11,sub-urban,0.023646580768163228,0.8,100.0,1.0,14.0,2,34.177348,19.94,2025-07-10,Mon-Th,2,14
3.0,Mon-Th,14,30,11,urban,0.013139889629588616,8.5,86.0,1.0,9.5,2,23.442541,8.4,2025-07-10,Mon-Th,2,14
3.0,Mon-Th,15,27,10,urban,0.005173974170474614,-3.8,96.0,2.0,5.6,2,25.131656,7.55,2025-07-10,Mon-Th,2,14
3.0,Mon-Th,21,22,10,urban,0.003529179778639851,8.7,100.0,506.0,14.9,2,13.149302,11.87,2025-07-10,Mon-Th,2,14
3.0,Mon-Th,3,6,3,urban,0.0015597233871508624,9.3,99.0,0.0,6.2,2,4.448209,9.52,2025-07-10,Mon-Th,2,14
3.0,Mon-Th,16,23,12,urban,0.043222406495358696,3.2,88.0,0.0,6.5,2,13.159997,6.66,2025-07-10,Mon-Th,2,14
3.0,Mon-Th,22,19,9,urban,0.00048203246896427743,11.6,61.0,74.0,4.2,2,5.03973,9.29,2025-07-10,Mon-Th,2,14
3.0,Mon-Th,16,1,10,urban,0.004111307152887885,5.7,59.0,328.0,16.9,2,6.897859,5.22,2025-07-10,Mon-Th,2,14
3.0,Mon-Th,10,26,12,urban,0.031435298596042244,12.8,93.0,1.0,17.0,2,75.46844,54.17,2025-07-10,Mon-Th,2,14
3.0,Mon-Th,4,7,3,urban,0.027181507069175062,0.9,82.0,1.0,4.0,2,35.030699,9.97,2025-07-10,Mon-Th,2,14
3.0,Mon-Th,13,15,10,urban,0.016826672028555603,8.4,97.0,1.0,8.7,2,41.786625,18.52,2025-07-10,Mon-Th,2,14
3.0,Mon-Th,18,27,12,urban,0.017709567787712346,-3.2,93.0,2.0,8.4,2,15.854241,36.04,2025-07-10,Mon-Th,2,14
3.0,Mon-Th,21,9,10,urban,0.004119751476258419,10.2,92.0,2.0,7.3,2,10.769107,23.16,2025-07-10,Mon-Th,2,14
3.0,Mon-Th,5,21,12,urban,0.003351880371572122,7.9,90.0,0.0,15.3,2,7.681907,7.85,2025-07-10,Mon-Th,2,14
3.0,Mon-Th,15,26,10,urban,0.005835183859156965,5.9,95.0,1.0,6.2,2,20.378441,27.43,2025-07-14,Mon-Th,2,14
3.0,Mon-Th,8,25,11,urban,0.037609965372061245,5.7,98.0,0.0,7.0,2,6.764996,8.85,2025-07-14,Mon-Th,2,14
3.0,Mon-Th,16,27,11,urban,0.0505348280418374,1.4,92.0,32.0,6.6,2,21.002536,54.53,2025-07-14,Mon-Th,2,14
3.0,Mon-Th,15,20,11,urban,0.004399560659502426,5.5,100.0,2.0,8.6,2,17.506818,19.06,2025-07-14,Mon-Th,2,14
3.0,Mon-Th,22,9,12,urban,0.030026357722200622,5.8,97.0,303.0,14.7,2,23.87979,32.62,2025-07-14,Mon-Th,2,14
3.0,Mon-Th,15,20,10,urban,0.02268258424701513,2.4,99.0,1.0,5.8,2,12.610755,23.82,2025-07-14,Mon-Th,2,14
3.0,Mon-Th,4,16,3,urban,0.006460922677551171,9.9,45.0,620.0,3.2,2,36.991718,10.91,2025-07-14,Mon-Th,2,14
3.0,Mon-Th,8,17,9,urban,0.002542697709100492,10.1,56.0,0.0,8.0,2,4.038494,14.29,2025-07-14,Mon-Th,2,14
3.0,Mon-Th,16,15,10,urban,0.001563604719877897,-7.7,55.0,0.0,12.6,2,39.481694,7.86,2025-07-14,Mon-Th,2,14
3.0,Mon-Th,11,6,11,urban,0.019662357368639267,0.5,59.0,1.0,15.2,2,13.671097,8.84,2025-07-14,Mon-Th,2,14
3.0,Mon-Th,14,25,10,urban,0.007040900839287219,8.1,99.0,1.0,17.6,2,16.724329,16.4,2025-07-14,Mon-Th,2,14
3.0,Mon-Th,22,27,12,urban,0.010290600855409622,3.3,100.0,0.0,15.6,2,3.924751,41.99,2025-07-14,Mon-Th,2,14
3.0,Mon-Th,13,23,7,urban,0.0005862128560221343,6.9,42.0,0.0,17.1,2,12.113738,7.69,2025-07-14,Mon-Th,2,14
3.0,Mon-Th,8,28,12,urban,0.02019959606232421,7.7,59.0,0.0,7.7,2,24.425401,9.4,2025-07-14,Mon-Th,2,14
3.0,Mon-Th,16,3,12,urban,0.0030243641466997572,8.8,67.0,0.0,8.8,2,22.682726,4.31,2025-07-15,Mon-Th,2,17
3.0,Mon-Th,15,15,11,urban,0.007118131308756999,9.2,72.0,0.0,9.8,2,10.774072,6.77,2025-07-15,Mon-Th,2,17
3.0,Mon-Th,15,16,10,urban,0.03599703445985822,6.9,93.0,1.0,7.4,2,19.535769,17.44,2025-07-15,Mon-Th,2,17
3.0,Mon-Th,17,24,10,urban,0.007722683195889266,6.9,92.0,0.0,9.5,2,11.120954,10.49,2025-07-15,Mon-Th,2,17
3.0,Mon-Th,4,8,1,urban,0.015486295422059735,-1.0,72.0,1.0,14.6,2,21.31112,10.95,2025-07-15,Mon-Th,2,17
3.0,Mon-Th,15,27,12,urban,0.035768993477546876,1.8,96.0,0.0,6.9,2,2.0,8.33,2025-07-15,Mon-Th,2,17
3.0,Mon-Th,4,27,12,urban,0.029661552125368452,-1.2,93.0,0.0,10.8,2,4.533407,21.69,2025-07-15,Mon-Th,2,17
3.0,Mon-Th,9,17,10,urban,0.01754663994712411,1.5,96.0,1.0,8.9,2,44.975712,15.27,2025-07-15,Mon-Th,2,17
3.0,Mon-Th,20,20,12,urban,0.0022668683558650054,0.3,96.0,0.0,13.9,2,8.641391,22.3,2025-07-15,Mon-Th,2,17
3.0,Mon-Th,23,12,1,urban,0.03563497646038663,8.8,77.0,0.0,3.5,2,12.436123,6.39,2025-07-15,Mon-Th,2,17
3.0,Mon-Th,17,31,12,urban,0.03836648033023332,-10.2,89.0,0.0,7.4,2,8.149066,32.28,2025-07-15,Mon-Th,2,17
3.0,Mon-Th,21,29,9,urban,0.0008493814885573558,6.1,63.0,0.0,4.2,2,13.974297,7.59,2025-07-15,Mon-Th,2,17
3.0,Mon-Th,9,15,10,urban,0.006349888014273427,8.6,93.0,16.0,8.5,2,19.116938,31.11,2025-07-15,Mon-Th,2,17
3.0,Mon-Th,21,24,10,urban,0.003311135161718122,11.4,100.0,1.0,9.7,2,38.943331,8.44,2025-07-15,Mon-Th,2,17
3.0,Mon-Th,18,13,2,urban,0.047636998521042154,0.2,94.0,0.0,30.7,2,3.860825,24.35,2025-07-15,Mon-Th,2,17
3.0,Mon-Th,16,30,11,urban,0.055199911228799955,2.6,74.0,81.0,5.6,2,21.721497,26.91,2025-07-15,Mon-Th,2,17
3.0,Mon-Th,22,18,9,sub-urban,0.001969840813893089,1.4,49.0,15.0,5.9,2,13.720411,12.13,2025-07-15,Mon-Th,2,17
3.0,Mon-Th,15,13,12,urban,0.03516952257876118,0.1,99.0,0.0,5.6,2,3.184627,13.29,2025-07-16,Mon-Th,2,11
3.0,Mon-Th,13,7,7,urban,0.017966299712319642,13.3,57.0,1.0,14.0,2,4.077192,9.88,2025-07-16,Mon-Th,2,11
3.0,Mon-Th,15,11,10,urban,0.05276558859399656,4.8,72.0,0.0,11.4,2,9.528703,6.55,2025-07-16,Mon-Th,2,11
3.0,Mon-Th,21,22,9,urban,0.0425310049175603,4.1,96.0,1.0,5.7,2,17.082849,7.59,2025-07-16,Mon-Th,2,11
3.0,Mon-Th,17,17,12,urban,0.018861049445848214,-3.0,86.0,1.0,8.1,2,13.368064,8.78,2025-07-16,Mon-Th,2,11
3.0,Mon-Th,11,26,10,urban,0.029000220013033512,6.8,95.0,0.0,10.3,2,16.4034,6.88,2025-07-16,Mon-Th,2,11
3.0,Mon-Th,4,26,11,urban,0.0035735396969029556,6.6,51.0,0.0,23.8,2,9.667884,3.57,2025-07-16,Mon-Th,2,11
3.0,Mon-Th,9,31,10,urban,0.0029074941256662526,10.4,93.0,70.0,5.3,2,13.971337,28.92,2025-07-16,Mon-Th,2,11
3.0,Mon-Th,15,5,10,sub-urban,0.01726622157912398,2.9,98.0,0.0,11.4,2,14.548048,9.06,2025-07-16,Mon-Th,2,11
3.0,Mon-Th,11,19,11,urban,0.041938852417663534,3.1,82.0,1.0,22.2,2,11.355167,5.18,2025-07-16,Mon-Th,2,11
3.0,Mon-Th,9,28,10,urban,0.004213749975617134,9.5,97.0,587.0,7.0,2,45.45509,6.2,2025-07-16,Mon-Th,2,11
3.0,Mon-Th,17,23,11,urban,0.03754905632765378,-0.8,95.0,0.0,12.1,2,3.545445,6.94,2025-07-17,Mon-Th,2,23
3.0,Mon-Th,10,13,12,urban,0.03967908932414856,-3.4,97.0,0.0,6.9,2,9.942349,11.75,2025-07-17,Mon-Th,2,23
3.0,Mon-Th,22,3,11,urban,0.004300788667588257,6.6,99.0,0.0,14.8,2,10.376084,9.59,2025-07-17,Mon-Th,2,23
3.0,Mon-Th,22,15,10,urban,0.03595149055653564,5.7,83.0,67.0,8.7,2,37.149226,7.58,2025-07-17,Mon-Th,2,23
3.0,Mon-Th,14,21,3,urban,0.006692315437445164,6.6,100.0,529.0,22.0,2,11.288956,29.7,2025-07-17,Mon-Th,2,23
3.0,Mon-Th,17,13,12,urban,0.05345039073571923,0.0,100.0,0.0,4.9,2,3.871318,8.63,2025-07-17,Mon-Th,2,23
3.0,Mon-Th,21,27,10,urban,0.004802378422061965,7.2,99.0,0.0,1.2,2,40.997069,29.56,2025-07-17,Mon-Th,2,23
3.0,Mon-Th,21,28,12,urban,0.03367811328211941,7.0,78.0,0.0,7.6,2,9.298487,19.0,2025-07-17,Mon-Th,2,23
3.0,Mon-Th,20,17,10,urban,0.03319791223497756,6.6,57.0,1.0,13.9,2,10.693837,4.16,2025-07-17,Mon-Th,2,23
3.0,Mon-Th,16,30,10,urban,0.0012513477505819823,9.6,98.0,1.0,16.0,2,3.429847,9.78,2025-07-17,Mon-Th,2,23
3.0,Mon-Th,12,23,10,urban,0.0025778417953284155,7.5,98.0,0.0,10.2,2,12.971803,14.66,2025-07-17,Mon-Th,2,23
3.0,Mon-Th,21,5,12,urban,0.0033934707304782274,6.8,99.0,0.0,6.0,2,38.733449,23.78,2025-07-17,Mon-Th,2,23
3.0,Mon-Th,14,15,11,urban,0.003379347159706522,10.0,65.0,28.0,15.0,2,17.859436,6.87,2025-07-17,Mon-Th,2,23
3.0,Mon-Th,21,10,12,urban,0.03733527463092288,8.5,100.0,0.0,9.5,2,13.629309,9.49,2025-07-17,Mon-Th,2,23
3.0,Mon-Th,8,19,11,urban,0.007641187100066896,2.4,99.0,1.0,11.4,2,15.380237,25.57,2025-07-17,Mon-Th,2,23
3.0,Mon-Th,15,15,10,urban,0.0047895068677705575,5.3,60.0,23.0,14.0,2,6.090241,11.7,2025-07-17,Mon-Th,2,23
3.0,Mon-Th,17,19,10,urban,0.03502575778015821,8.7,99.0,0.0,14.4,2,20.910398,18.86,2025-07-17,Mon-Th,2,23
3.0,Mon-Th,13,26,10,urban,0.024192108432199853,8.4,100.0,2.0,9.6,2,18.1456,21.71,2025-07-17,Mon-Th,2,23
3.0,Mon-Th,21,24,3,urban,0.03767672000266372,3.4,93.0,1.0,7.8,2,24.339617,7.08,2025-07-17,Mon-Th,2,23
3.0,Mon-Th,15,15,10,urban,0.006969671887408943,9.9,59.0,64.0,15.3,2,3.67624,8.05,2025-07-17,Mon-Th,2,23
3.0,Mon-Th,15,20,12,urban,0.06446566029539438,0.1,87.0,18.0,18.5,2,19.250429,22.4,2025-07-17,Mon-Th,2,23
3.0,Mon-Th,8,2,12,urban,0.0023825207254149793,8.8,96.0,0.0,8.4,2,42.019861,6.37,2025-07-17,Mon-Th,2,23
3.0,Mon-Th,23,17,10,urban,0.030249163948924504,4.2,99.0,89.0,5.1,2,25.521371,20.07,2025-07-17,Mon-Th,2,23
3.0,Mon-Th,15,6,3,urban,0.0013281571476045722,-0.6,64.0,492.0,6.5,2,2.560194,9.3,2025-07-21,Mon-Th,2,8
3.0,Mon-Th,16,27,12,urban,0.052468021698507575,-1.6,91.0,0.0,7.2,2,9.917624,13.71,2025-07-21,Mon-Th,2,8
3.0,Mon-Th,17,18,10,urban,0.003901539624402889,6.4,61.0,0.0,15.2,2,38.037888,9.86,2025-07-21,Mon-Th,2,8
3.0,Mon-Th,23,16,9,urban,0.0062591155181904445,9.3,71.0,361.0,12.9,2,38.904353,20.94,2025-07-21,Mon-Th,2,8
3.0,Mon-Th,9,23,10,urban,0.0017471095929258288,6.4,92.0,162.0,18.3,2,65.687191,32.64,2025-07-21,Mon-Th,2,8
3.0,Mon-Th,8,2,12,urban,0.034674173062465626,1.9,95.0,1.0,5.4,2,15.713291,5.65,2025-07-21,Mon-Th,2,8
3.0,Mon-Th,20,15,10,urban,0.04035697399481528,-2.4,72.0,1.0,12.2,2,15.711067,15.66,2025-07-21,Mon-Th,2,8
3.0,Mon-Th,10,9,12,urban,0.0017833930086001704,8.1,92.0,0.0,7.9,2,10.234412,15.5,2025-07-21,Mon-Th,2,8
3.0,Mon-Th,8,25,11,urban,0.02328135446087888,7.6,90.0,2.0,3.2,2,2.0,6.95,2025-07-22,Mon-Th,2,14
3.0,Mon-Th,22,26,5,urban,0.006379496123242593,13.5,42.0,556.0,12.5,2,17.314578,24.96,2025-07-22,Mon-Th,2,14
3.0,Mon-Th,21,20,1,urban,0.035024543093500456,-0.2,85.0,0.0,13.2,2,10.203958,7.11,2025-07-22,Mon-Th,2,14
3.0,Mon-Th,22,5,10,urban,0.0019979600721754492,6.7,93.0,1.0,10.1,2,5.274693,6.16,2025-07-22,Mon-Th,2,14
3.0,Mon-Th,21,17,12,urban,0.059505947715622586,1.7,98.0,0.0,15.4,2,7.253786,4.29,2025-07-22,Mon-Th,2,14
3.0,Mon-Th,20,2,10,urban,0.035451283436180724,6.1,65.0,0.0,14.1,2,6.025884,6.65,2025-07-22,Mon-Th,2,14
3.0,Mon-Th,15,5,12,urban,0.035438923655728906,2.0,99.0,0.0,11.1,2,14.370317,4.79,2025-07-22,Mon-Th,2,14
3.0,Mon-Th,22,20,11,urban,0.010606702740858913,7.5,97.0,0.0,11.6,2,6.892978,25.02,2025-07-22,Mon-Th,2,14
3.0,Mon-Th,20,26,12,urban,0.03301061713904932,7.3,66.0,151.0,2.2,2,3.201121,9.95,2025-07-22,Mon-Th,2,14
3.0,Mon-Th,16,26,10,urban,0.017853958250111185,9.1,90.0,0.0,15.5,2,9.761197,25.11,2025-07-22,Mon-Th,2,14
3.0,Mon-Th,8,17,12,urban,0.02641649268388003,2.1,74.0,1.0,12.7,2,6.709157,22.3,2025-07-22,Mon-Th,2,14
3.0,Mon-Th,9,17,10,urban,0.033816499950187935,8.0,67.0,1.0,6.0,2,6.244818,16.99,2025-07-22,Mon-Th,2,14
3.0,Mon-Th,20,18,4,urban,9.505279934951538e-05,15.8,73.0,0.0,2.2,2,4.684758,6.85,2025-07-22,Mon-Th,2,14
3.0,Mon-Th,8,4,10,urban,-0.00031,6.8,55.0,0.0,13.9,2,8.800586,25.81,2025-07-22,Mon-Th,2,14
3.0,Mon-Th,18,15,3,urban,0.019297724060525878,4.7,78.0,0.0,8.3,2,48.557588,10.14,2025-07-23,Mon-Th,2,13
3.0,Mon-Th,23,27,12,urban,0.02012041402362215,2.6,100.0,0.0,5.9,2,15.600533,16.85,2025-07-23,Mon-Th,2,13
3.0,Mon-Th,20,18,12,urban,0.03716570013276439,0.7,84.0,1.0,5.2,2,3.471693,9.2,2025-07-23,Mon-Th,2,13
3.0,Mon-Th,9,2,10,urban,0.007398957900752968,7.0,100.0,2.0,6.0,2,44.666447,8.9,2025-07-23,Mon-Th,2,13
3.0,Mon-Th,20,27,12,sub-urban,0.01873625064552217,1.6,97.0,0.0,10.3,2,38.604285,17.77,2025-07-23,Mon-Th,2,13
3.0,Mon-Th,16,28,12,urban,0.00984986159217563,2.2,98.0,2.0,6.3,2,13.81569,2.69,2025-07-23,Mon-Th,2,13
3.0,Mon-Th,1,24,12,urban,0.02395161302515103,2.0,88.0,20.0,4.6,2,13.736835,15.52,2025-07-23,Mon-Th,2,13
3.0,Mon-Th,4,26,9,urban,0.007829217815689321,6.5,56.0,1.0,5.4,2,71.593914,10.2,2025-07-23,Mon-Th,2,13
3.0,Mon-Th,21,30,10,urban,0.03470995894274563,2.2,80.0,5.0,15.6,2,3.359825,20.05,2025-07-23,Mon-Th,2,13
3.0,Mon-Th,17,26,10,urban,0.017401395933249828,10.1,98.0,0.0,8.4,2,7.116209,20.03,2025-07-23,Mon-Th,2,13
3.0,Mon-Th,4,14,7,urban,0.002437897882566868,6.3,52.0,144.0,13.9,2,11.654441,8.88,2025-07-23,Mon-Th,2,13
3.0,Mon-Th,10,28,10,urban,0.0044851047964765784,11.1,59.0,0.0,5.4,2,2.0,3.62,2025-07-23,Mon-Th,2,13
3.0,Mon-Th,14,25,10,urban,0.017668745919081408,6.8,51.0,0.0,23.3,2,8.288029,7.43,2025-07-23,Mon-Th,2,13
3.0,Mon-Th,16,28,10,sub-urban,0.004351865263686297,8.9,100.0,4.0,9.0,2,20.394653,8.5,2025-07-24,Mon-Th,2,10
3.0,Mon-Th,9,19,12,urban,0.004406907053279614,7.8,86.0,0.0,13.2,2,12.840741,6.34,2025-07-24,Mon-Th,2,10
3.0,Mon-Th,15,23,11,urban,0.022083008890508328,6.6,96.0,0.0,15.6,2,41.089278,5.8,2025-07-24,Mon-Th,2,10
3.0,Mon-Th,17,29,10,urban,0.0018316820213933153,6.7,100.0,0.0,13.3,2,9.770574,8.02,2025-07-24,Mon-Th,2,10
3.0,Mon-Th,13,19,12,urban,0.003646527234708001,13.6,100.0,0.0,11.9,2,40.732384,16.62,2025-07-24,Mon-Th,2,10
3.0,Mon-Th,22,27,10,urban,0.0029353326689838194,3.6,100.0,17.0,6.7,2,19.124545,8.65,2025-07-24,Mon-Th,2,10
3.0,Mon-Th,8,15,12,urban,0.00587218031646124,7.3,91.0,0.0,3.2,2,20.60387,6.19,2025-07-24,Mon-Th,2,10
3.0,Mon-Th,4,9,10,urban,-0.00031,8.8,100.0,0.0,14.3,2,14.446925,10.34,2025-07-24,Mon-Th,2,10
3.0,Mon-Th,22,28,12,urban,0.01822660691918053,-5.5,96.0,1.0,4.1,2,15.38874,19.75,2025-07-24,Mon-Th,2,10
3.0,Mon-Th,4,28,10,urban,0.008307434240751917,18.5,65.0,26.0,19.3,2,2.0,2.94,2025-07-24,Mon-Th,2,10
3.0,Mon-Th,18,22,11,urban,0.014384759741973525,5.0,60.0,0.0,3.9,2,3.107821,62.44,2025-07-28,Mon-Th,2,11
3.0,Mon-Th,20,28,10,urban,0.0008109440338669878,5.3,89.0,376.0,10.5,2,12.221315,4.27,2025-07-28,Mon-Th,2,11
3.0,Mon-Th,13,17,12,urban,0.03137011350855459,7.9,98.0,0.0,12.7,2,27.073059,9.73,2025-07-28,Mon-Th,2,11
3.0,Mon-Th,16,23,12,urban,0.0027499072590678898,7.7,100.0,488.0,21.0,2,40.707231,20.19,2025-07-28,Mon-Th,2,11
3.0,Mon-Th,20,26,10,sub-urban,0.001694439303935104,8.6,98.0,0.0,8.5,2,18.004539,25.19,2025-07-28,Mon-Th,2,11
3.0,Mon-Th,3,13,10,urban,0.018080202592166524,8.4,98.0,327.0,16.3,2,12.182597,9.32,2025-07-28,Mon-Th,2,11
3.0,Mon-Th,3,11,10,urban,0.03881678759906584,8.3,96.0,0.0,3.0,2,16.957195,7.9,2025-07-28,Mon-Th,2,11
3.0,Mon-Th,15,6,4,urban,0.0009998531274757303,7.5,100.0,0.0,6.4,2,12.589391,7.1,2025-07-28,Mon-Th,2,11
3.0,Mon-Th,13,14,3,urban,0.04158146426586817,9.3,67.0,86.0,11.2,2,2.487115,17.62,2025-07-28,Mon-Th,2,11
3.0,Mon-Th,9,20,9,urban,0.0030122151726742286,5.1,40.0,194.0,20.3,2,18.178551,10.57,2025-07-28,Mon-Th,2,11
3.0,Mon-Th,10,26,10,urban,0.03871002123663624,7.1,86.0,0.0,9.3,2,7.462802,6.81,2025-07-28,Mon-Th,2,11
3.0,Mon-Th,15,30,12,urban,0.03320826988572138,-1.3,99.0,0.0,6.1,2,18.383716,5.03,2025-07-29,Mon-Th,2,17
3.0,Mon-Th,16,24,9,urban,0.02950031327983935,8.2,67.0,230.0,13.2,2,24.94576,7.8,2025-07-29,Mon-Th,2,17
3.0,Mon-Th,19,27,12,urban,0.0037765819838092318,8.7,38.0,1.0,15.3,2,7.791663,31.26,2025-07-29,Mon-Th,2,17
3.0,Mon-Th,9,2,10,urban,0.0058588618187460145,8.5,88.0,0.0,16.8,2,4.201264,8.01,2025-07-29,Mon-Th,2,17
3.0,Mon-Th,13,12,12,urban,0.004354343996742082,4.8,70.0,0.0,18.1,2,74.064136,6.84,2025-07-29,Mon-Th,2,17
3.0,Mon-Th,10,5,10,urban,0.006316852950189731,8.5,67.0,1.0,12.0,2,13.996857,11.82,2025-07-29,Mon-Th,2,17
3.0,Mon-Th,20,15,11,urban,0.004690594049448243,0.7,93.0,0.0,8.6,2,6.897639,37.6,2025-07-29,Mon-Th,2,17
3.0,Mon-Th,16,2,3,urban,0.023238336561512227,7.5,80.0,0.0,15.4,2,75.515088,6.1,2025-07-29,Mon-Th,2,17
3.0,Mon-Th,17,13,12,urban,0.005629938849603024,2.8,100.0,0.0,5.0,2,21.750259,28.1,2025-07-29,Mon-Th,2,17
3.0,Mon-Th,16,3,12,urban,0.048452971056351095,7.9,93.0,0.0,6.1,2,2.0,35.8,2025-07-29,Mon-Th,2,17
3.0,Mon-Th,10,6,10,urban,-0.00031,8.5,93.0,0.0,1.6,2,8.563902,17.92,2025-07-29,Mon-Th,2,17
3.0,Mon-Th,13,5,12,urban,0.00452447403236176,8.0,100.0,2.0,4.4,2,22.419898,11.78,2025-07-29,Mon-Th,2,17
3.0,Mon-Th,15,30,10,urban,0.03652689354669044,9.1,89.0,86.0,6.6,2,2.445423,2.27,2025-07-29,Mon-Th,2,17
3.0,Mon-Th,16,18,9,sub-urban,0.01679260200451715,7.6,55.0,0.0,12.2,2,15.449922,16.27,2025-07-29,Mon-Th,2,17
3.0,Mon-Th,9,13,10,urban,0.002274035371247104,6.9,99.0,1.0,7.1,2,31.765373,28.04,2025-07-29,Mon-Th,2,17
3.0,Mon-Th,22,16,10,urban,0.0024248726350022823,5.5,99.0,0.0,11.3,2,5.801451,34.26,2025-07-29,Mon-Th,2,17
3.0,Mon-Th,22,27,12,urban,0.010245454225659666,1.4,62.0,1.0,3.2,2,6.521697,60.97,2025-07-29,Mon-Th,2,17
3.0,Mon-Th,11,23,11,urban,0.04365983303369221,3.5,92.0,1.0,3.9,2,15.524065,4.4,2025-07-30,Mon-Th,2,12
3.0,Mon-Th,14,14,12,urban,0.0012379649299788004,5.3,92.0,0.0,5.7,2,101.318889,16.73,2025-07-30,Mon-Th,2,12
3.0,Mon-Th,14,15,10,urban,0.0035241751285651074,9.6,100.0,0.0,19.2,2,24.427379,49.73,2025-07-30,Mon-Th,2,12
3.0,Mon-Th,15,26,3,urban,0.03124379465300926,3.1,89.0,0.0,18.3,2,12.711487,6.48,2025-07-30,Mon-Th,2,12
3.0,Mon-Th,8,12,12,urban,0.03941301935211043,1.8,100.0,64.0,10.3,2,7.381842,38.13,2025-07-30,Mon-Th,2,12
3.0,Mon-Th,21,25,10,urban,0.017057377625309872,3.6,51.0,0.0,8.9,2,20.566761,10.95,2025-07-30,Mon-Th,2,12
3.0,Mon-Th,15,30,10,urban,0.02965895961402419,2.3,76.0,0.0,11.6,2,13.791535,8.69,2025-07-30,Mon-Th,2,12
3.0,Mon-Th,11,5,10,sub-urban,0.006179665131355665,6.4,100.0,1.0,11.2,2,11.68156,6.05,2025-07-30,Mon-Th,2,12
3.0,Mon-Th,22,21,4,urban,0.038146167362768636,6.3,93.0,1.0,6.8,2,8.732063,14.32,2025-07-30,Mon-Th,2,12
3.0,Mon-Th,5,15,7,urban,0.028472317036075022,11.4,88.0,1.0,5.0,2,6.720114,15.21,2025-07-30,Mon-Th,2,12
3.0,Mon-Th,16,14,12,urban,0.0012214927807995784,0.2,91.0,35.0,10.0,2,7.816332,20.99,2025-07-30,Mon-Th,2,12
3.0,Mon-Th,16,15,11,urban,0.0050176741276262045,1.1,99.0,1.0,7.3,2,40.471734,41.14,2025-07-30,Mon-Th,2,12
3.0,Mon-Th,13,27,11,urban,0.0030800085686535244,5.5,99.0,1.0,10.3,2,23.023603,8.15,2025-07-31,Mon-Th,2,8
3.0,Mon-Th,22,10,11,urban,0.004773738518952872,4.1,98.0,1.0,15.1,2,3.551005,25.17,2025-07-31,Mon-Th,2,8
3.0,Mon-Th,17,6,11,urban,0.03478591754658538,6.0,91.0,0.0,11.8,2,9.29681,14.12,2025-07-31,Mon-Th,2,8
3.0,Mon-Th,5,5,7,urban,-0.00031,7.8,93.0,137.0,8.2,2,10.02065,6.92,2025-07-31,Mon-Th,2,8
3.0,Mon-Th,5,15,12,urban,0.03475458019144049,-7.9,93.0,2.0,4.6,2,2.190158,5.71,2025-07-31,Mon-Th,2,8
3.0,Mon-Th,22,10,10,urban,0.002595345489655317,8.3,98.0,137.0,18.9,2,9.243528,32.68,2025-07-31,Mon-Th,2,8
3.0,Mon-Th,14,20,11,urban,0.004222152827652011,5.5,99.0,1.0,13.8,2,15.217595,27.92,2025-07-31,Mon-Th,2,8
3.0,Mon-Th,8,12,3,urban,0.04888550718657153,17.3,67.0,280.0,10.5,2,17.22083,5.88,2025-07-31,Mon-Th,2,8
3.0,Mon-Th,3,1,12,urban,0.03537901125214263,5.9,94.0,0.0,15.0,2,25.723207,19.52,2025-08-04,Mon-Th,2,16
3.0,Mon-Th,22,3,10,urban,0.0023790469234745127,9.5,99.0,16.0,15.1,2,83.172629,12.72,2025-08-04,Mon-Th,2,16
3.0,Mon-Th,8,12,10,urban,0.013287149282632471,2.4,94.0,19.0,18.3,2,14.861941,11.56,2025-08-04,Mon-Th,2,16
3.0,Mon-Th,16,26,3,urban,0.018256723600201502,4.6,69.0,238.0,10.1,2,20.151798,12.86,2025-08-04,Mon-Th,2,16
3.0,Mon-Th,17,17,11,urban,0.03443000432327144,17.4,69.0,0.0,9.1,2,4.227828,5.21,2025-08-04,Mon-Th,2,16
3.0,Mon-Th,14,1,10,urban,0.0015876272598311612,8.1,83.0,1.0,18.5,2,3.9922,9.64,2025-08-04,Mon-Th,2,16
3.0,Mon-Th,15,21,12,urban,0.005193656882691529,9.1,42.0,125.0,6.8,2,7.284155,46.09,2025-08-04,Mon-Th,2,16
3.0,Mon-Th,15,20,11,sub-urban,0.001601613416313694,7.5,99.0,1.0,7.2,2,16.165751,6.71,2025-08-04,Mon-Th,2,16
3.0,Mon-Th,20,20,10,sub-urban,0.030092257374244057,15.5,99.0,0.0,1.9,2,17.611633,8.82,2025-08-04,Mon-Th,2,16
3.0,Mon-Th,17,16,12,urban,0.0016078316004751575,1.9,95.0,0.0,14.1,2,14.489681,8.51,2025-08-04,Mon-Th,2,16
3.0,Mon-Th,14,8,12,urban,0.03585472510433268,4.9,99.0,1.0,14.4,2,18.314722,3.98,2025-08-04,Mon-Th,2,16
3.0,Mon-Th,17,8,11,urban,0.009109401760047615,11.2,61.0,58.0,12.7,2,7.20746,6.58,2025-08-04,Mon-Th,2,16
3.0,Mon-Th,8,21,10,urban,0.012487170501547322,5.4,100.0,1.0,12.8,2,12.714126,36.9,2025-08-04,Mon-Th,2,16
3.0,Mon-Th,10,16,11,urban,0.034676900812467035,9.3,66.0,1.0,12.0,2,3.407314,7.08,2025-08-04,Mon-Th,2,16
3.0,Mon-Th,20,26,11,urban,0.003338637176469681,8.9,99.0,1.0,9.6,2,7.150038,14.09,2025-08-04,Mon-Th,2,16
3.0,Mon-Th,17,29,10,urban,0.0011231492154607928,10.1,100.0,0.0,22.9,2,12.037627,8.14,2025-08-04,Mon-Th,2,16
3.0,Mon-Th,7,30,11,urban,0.03416241431475581,4.5,69.0,47.0,17.7,2,3.095678,9.32,2025-08-05,Mon-Th,2,11
3.0,Mon-Th,3,15,11,urban,0.0017324432424901423,7.1,59.0,24.0,21.5,2,48.467663,3.58,2025-08-05,Mon-Th,2,11
3.0,Mon-Th,9,17,10,sub-urban,0.032708871732068996,2.5,95.0,0.0,5.9,2,12.06429,37.36,2025-08-05,Mon-Th,2,11
3.0,Mon-Th,21,11,11,urban,0.044542021020328205,0.5,99.0,2.0,10.2,2,84.761944,7.25,2025-08-05,Mon-Th,2,11
3.0,Mon-Th,14,20,12,urban,0.029286273389432113,1.9,100.0,1.0,6.1,2,3.974454,12.87,2025-08-05,Mon-Th,2,11
3.0,Mon-Th,15,23,11,urban,0.032367129997403446,-0.6,95.0,72.0,5.4,2,2.270885,7.91,2025-08-05,Mon-Th,2,11
3.0,Mon-Th,21,17,12,urban,0.015522544558014108,3.7,56.0,0.0,20.3,2,21.767282,7.43,2025-08-05,Mon-Th,2,11
3.0,Mon-Th,15,23,12,sub-urban,0.043164610225304365,2.2,87.0,0.0,8.7,2,12.979142,15.55,2025-08-05,Mon-Th,2,11
3.0,Mon-Th,15,28,10,urban,0.0022621853202300438,6.4,98.0,0.0,11.6,2,3.461718,15.7,2025-08-05,Mon-Th,2,11
3.0,Mon-Th,20,16,7,urban,0.004832198576966889,8.5,92.0,1.0,5.6,2,17.044768,6.75,2025-08-05,Mon-Th,2,11
3.0,Mon-Th,14,8,10,urban,-0.00011602911656964036,9.1,99.0,1.0,19.6,2,6.194904,6.77,2025-08-05,Mon-Th,2,11
3.0,Mon-Th,8,27,10,urban,0.022422574997437977,11.5,85.0,0.0,16.2,2,67.248065,7.78,2025-08-06,Mon-Th,2,15
3.0,Mon-Th,10,12,7,urban,0.03580397333216966,13.2,55.0,16.0,26.9,2,3.410553,7.24,2025-08-06,Mon-Th,2,15
3.0,Mon-Th,15,6,12,urban,0.03692834443517422,2.9,63.0,20.0,11.8,2,4.798149,6.39,2025-08-06,Mon-Th,2,15
3.0,Mon-Th,9,17,11,urban,0.032430388158574554,8.5,93.0,1.0,12.0,2,7.894258,46.86,2025-08-06,Mon-Th,2,15
3.0,Mon-Th,4,15,10,urban,0.0012833862216420368,8.7,100.0,1.0,6.1,2,13.556604,6.2,2025-08-06,Mon-Th,2,15
3.0,Mon-Th,16,17,12,urban,0.01209957487359977,7.1,98.0,0.0,13.6,2,3.197733,1.72,2025-08-06,Mon-Th,2,15
3.0,Mon-Th,15,30,10,urban,0.001869786790421366,6.5,99.0,0.0,17.2,2,3.099779,13.61,2025-08-06,Mon-Th,2,15
3.0,Mon-Th,3,23,10,urban,0.0030996335458173797,10.8,100.0,0.0,13.8,2,2.908504,22.77,2025-08-06,Mon-Th,2,15
3.0,Mon-Th,19,2,10,urban,0.039591006722899176,9.5,64.0,1.0,1.9,2,19.118683,14.19,2025-08-06,Mon-Th,2,15
3.0,Mon-Th,8,25,10,urban,0.007536021831691882,2.3,98.0,1.0,5.0,2,3.98383,26.87,2025-08-06,Mon-Th,2,15
3.0,Mon-Th,16,13,10,urban,0.004820830741739661,5.3,100.0,0.0,16.1,2,10.00149,7.38,2025-08-06,Mon-Th,2,15
3.0,Mon-Th,3,2,11,urban,0.03613089081070229,8.6,99.0,0.0,11.2,2,3.708663,6.87,2025-08-06,Mon-Th,2,15
3.0,Mon-Th,20,6,11,urban,0.004611184722209438,9.9,93.0,0.0,7.0,2,13.765664,7.78,2025-08-06,Mon-Th,2,15
3.0,Mon-Th,21,10,12,urban,0.0043150345060002085,6.6,100.0,1.0,6.1,2,3.132783,8.66,2025-08-06,Mon-Th,2,15
3.0,Mon-Th,8,2,4,urban,0.0028984437214851612,7.1,34.0,0.0,5.5,2,10.413628,24.31,2025-08-06,Mon-Th,2,15
3.0,Mon-Th,11,28,11,urban,0.045060823418763024,-4.2,95.0,1.0,4.8,2,2.0,7.22,2025-08-07,Mon-Th,2,15
3.0,Mon-Th,9,7,10,urban,0.0035099395493335436,5.6,100.0,2.0,15.3,2,11.639957,17.9,2025-08-07,Mon-Th,2,15
3.0,Mon-Th,11,8,11,urban,0.03723380148489591,-5.8,71.0,0.0,18.1,2,11.2794,6.23,2025-08-07,Mon-Th,2,15
3.0,Mon-Th,10,26,12,urban,0.007471127921481198,6.9,84.0,0.0,14.8,2,18.68508,12.31,2025-08-07,Mon-Th,2,15
3.0,Mon-Th,17,26,10,urban,0.0014300627186732838,8.5,49.0,328.0,23.5,2,8.378873,52.64,2025-08-07,Mon-Th,2,15
3.0,Mon-Th,23,22,11,urban,0.03995921637271108,3.1,84.0,2.0,10.9,2,13.915185,44.08,2025-08-07,Mon-Th,2,15
3.0,Mon-Th,19,23,10,urban,0.0033287812264769724,11.2,99.0,1.0,16.3,2,35.546236,8.41,2025-08-07,Mon-Th,2,15
3.0,Mon-Th,15,17,11,urban,0.042290453113186126,2.0,89.0,62.0,5.0,2,20.19075,3.57,2025-08-07,Mon-Th,2,15
3.0,Mon-Th,18,27,12,urban,0.00957026336581381,-5.8,80.0,0.0,4.5,2,24.642941,27.98,2025-08-07,Mon-Th,2,15
3.0,Mon-Th,11,25,7,urban,0.016899002238143883,7.9,94.0,1.0,14.5,2,6.008087,6.9,2025-08-07,Mon-Th,2,15
3.0,Mon-Th,14,2,10,urban,0.0006715176321357118,6.0,98.0,1.0,8.9,2,5.597398,11.64,2025-08-07,Mon-Th,2,15
3.0,Mon-Th,14,28,12,urban,0.030552406069841033,5.1,70.0,0.0,5.8,2,4.7185,11.05,2025-08-07,Mon-Th,2,15
3.0,Mon-Th,14,25,11,urban,0.03513433511950983,7.3,46.0,74.0,4.9,2,14.200117,7.54,2025-08-07,Mon-Th,2,15
3.0,Mon-Th,22,30,3,urban,0.03467175119834524,1.5,92.0,1.0,8.3,2,12.60657,31.29,2025-08-07,Mon-Th,2,15
3.0,Mon-Th,16,1,12,urban,0.003174567788834598,2.9,98.0,0.0,6.5,2,14.564662,7.36,2025-08-07,Mon-Th,2,15
3.0,Mon-Th,22,3,10,urban,0.0045547066875224595,7.9,85.0,1.0,7.3,2,8.348918,10.74,2025-08-11,Mon-Th,2,11
3.0,Mon-Th,20,27,10,urban,0.021790653804759884,10.1,95.0,0.0,9.3,2,13.387064,23.8,2025-08-11,Mon-Th,2,11
3.0,Mon-Th,22,7,10,urban,0.003883094876160439,5.9,71.0,0.0,14.9,2,15.968454,7.8,2025-08-11,Mon-Th,2,11
3.0,Mon-Th,19,26,10,urban,0.015609608004311378,11.2,94.0,0.0,17.1,2,10.807996,22.44,2025-08-11,Mon-Th,2,11
3.0,Mon-Th,15,15,11,urban,0.0025896140732946044,6.8,69.0,0.0,13.8,2,11.743047,27.09,2025-08-11,Mon-Th,2,11
3.0,Mon-Th,17,26,12,urban,0.04088180451703657,3.4,76.0,1.0,15.8,2,15.088377,10.53,2025-08-11,Mon-Th,2,11
3.0,Mon-Th,20,16,9,urban,0.02403251899511333,-1.5,87.0,0.0,8.5,2,11.357217,23.61,2025-08-11,Mon-Th,2,11
3.0,Mon-Th,15,2,10,urban,0.04025005904728386,7.6,67.0,1.0,9.7,2,9.104884,9.82,2025-08-11,Mon-Th,2,11
3.0,Mon-Th,17,17,10,urban,0.016981101488603424,11.6,96.0,0.0,15.1,2,18.569914,31.93,2025-08-11,Mon-Th,2,11
3.0,Mon-Th,12,24,1,urban,0.022062122235286037,1.1,84.0,0.0,4.3,2,18.951042,22.42,2025-08-11,Mon-Th,2,11
3.0,Mon-Th,20,27,10,urban,0.002729431170234377,8.1,100.0,0.0,10.5,2,85.514875,7.85,2025-08-11,Mon-Th,2,11
3.0,Mon-Th,8,1,10,urban,0.0045084762701998226,12.2,83.0,0.0,9.4,2,3.782622,13.28,2025-08-12,Mon-Th,2,14
3.0,Mon-Th,22,2,12,urban,0.017113506573490853,8.3,96.0,0.0,10.8,2,5.27764,9.39,2025-08-12,Mon-Th,2,14
3.0,Mon-Th,19,26,4,sub-urban,0.0009785806426012905,6.3,88.0,12.0,4.6,2,11.687691,6.35,2025-08-12,Mon-Th,2,14
3.0,Mon-Th,15,11,11,urban,0.021360050580764497,9.2,99.0,0.0,11.3,2,33.885015,32.08,2025-08-12,Mon-Th,2,14
3.0,Mon-Th,17,7,10,urban,0.002417063671708518,7.6,100.0,13.0,33.3,2,28.058147,4.79,2025-08-12,Mon-Th,2,14
3.0,Mon-Th,14,18,7,urban,0.019634990431018687,7.4,65.0,0.0,4.1,2,15.433261,6.71,2025-08-12,Mon-Th,2,14
3.0,Mon-Th,14,4,6,urban,0.0009482681842843473,8.1,37.0,1.0,9.2,2,38.940365,28.97,2025-08-12,Mon-Th,2,14
3.0,Mon-Th,16,18,12,urban,0.03822377818933484,10.3,93.0,0.0,6.3,2,9.762292,7.19,2025-08-12,Mon-Th,2,14
3.0,Mon-Th,21,21,10,urban,0.0019429770871449196,9.3,92.0,0.0,15.6,2,7.492125,23.15,2025-08-12,Mon-Th,2,14
3.0,Mon-Th,10,19,3,urban,-0.00031,7.9,34.0,312.0,17.4,2,92.063226,18.52,2025-08-12,Mon-Th,2,14
3.0,Mon-Th,3,9,10,urban,0.03132273420196713,3.9,70.0,9.0,8.5,2,7.896806,22.3,2025-08-12,Mon-Th,2,14
3.0,Mon-Th,18,30,11,urban,0.029206434279077997,-0.3,63.0,1.0,9.5,2,7.808023,6.73,2025-08-12,Mon-Th,2,14
3.0,Mon-Th,17,20,11,urban,0.003164612014843653,8.5,100.0,0.0,13.6,2,20.461207,12.38,2025-08-12,Mon-Th,2,14
3.0,Mon-Th,12,6,12,urban,0.022211303447319457,-5.3,84.0,1.0,4.1,2,13.33649,17.65,2025-08-12,Mon-Th,2,14
3.0,Mon-Th,13,1,12,urban,0.019470063034291343,3.3,89.0,0.0,4.4,2,16.085836,4.37,2025-08-13,Mon-Th,2,8
3.0,Mon-Th,12,29,11,urban,0.04291574660513105,17.1,96.0,0.0,8.6,2,18.361331,5.43,2025-08-13,Mon-Th,2,8
3.0,Mon-Th,15,21,10,urban,0.0019324005012126035,9.1,100.0,0.0,19.2,2,21.697354,17.53,2025-08-13,Mon-Th,2,8
3.0,Mon-Th,3,23,12,urban,0.0007243487740951808,3.2,98.0,0.0,4.5,2,15.929483,20.85,2025-08-13,Mon-Th,2,8
3.0,Mon-Th,14,30,10,urban,0.018537013290283757,3.1,69.0,1.0,7.5,2,17.170916,7.18,2025-08-13,Mon-Th,2,8
3.0,Mon-Th,8,15,9,sub-urban,0.001799973308068957,16.0,98.0,0.0,15.3,2,14.549455,33.94,2025-08-13,Mon-Th,2,8
3.0,Mon-Th,19,26,10,urban,0.0056595589516233585,8.9,57.0,264.0,14.5,2,14.127599,12.38,2025-08-13,Mon-Th,2,8
3.0,Mon-Th,16,17,7,urban,0.03662183895588953,12.4,59.0,236.0,5.1,2,13.318569,4.95,2025-08-13,Mon-Th,2,8
3.0,Mon-Th,22,10,12,urban,0.004946317078958259,4.6,93.0,19.0,4.8,2,14.538345,47.12,2025-08-14,Mon-Th,2,13
3.0,Mon-Th,9,4,10,urban,0.03682671542427269,8.4,74.0,0.0,13.7,2,22.346703,7.54,2025-08-14,Mon-Th,2,13
3.0,Mon-Th,15,17,9,urban,0.013500635162350644,13.7,88.0,0.0,18.4,2,5.723185,22.11,2025-08-14,Mon-Th,2,13
3.0,Mon-Th,3,15,10,urban,0.006777157967143442,8.4,100.0,1.0,11.8,2,17.022599,21.68,2025-08-14,Mon-Th,2,13
3.0,Mon-Th,4,27,12,urban,0.003673700132207812,6.9,61.0,1.0,21.3,2,24.117161,10.53,2025-08-14,Mon-Th,2,13
3.0,Mon-Th,20,13,10,urban,0.032648290784386365,-4.8,73.0,1.0,6.3,2,9.836803,17.43,2025-08-14,Mon-Th,2,13
3.0,Mon-Th,14,3,10,urban,0.003888801999879968,6.3,93.0,1.0,8.9,2,19.270818,9.56,2025-08-14,Mon-Th,2,13
3.0,Mon-Th,22,21,10,urban,0.013097729077479497,1.0,96.0,0.0,7.6,2,48.243778,5.85,2025-08-14,Mon-Th,2,13
3.0,Mon-Th,4,1,11,urban,0.04148723795517115,8.5,77.0,0.0,10.6,2,7.03044,25.7,2025-08-14,Mon-Th,2,13
3.0,Mon-Th,8,2,11,urban,0.035947739138520986,8.4,82.0,61.0,9.9,2,8.027118,2.12,2025-08-14,Mon-Th,2,13
3.0,Mon-Th,14,21,10,urban,0.03057795722105977,7.9,67.0,2.0,14.3,2,15.147431,19.64,2025-08-14,Mon-Th,2,13
3.0,Mon-Th,21,7,10,urban,0.0031062568818250313,7.4,99.0,149.0,16.1,2,96.947751,22.79,2025-08-14,Mon-Th,2,13
3.0,Mon-Th,15,14,12,urban,0.046275461771453294,0.6,77.0,1.0,6.2,2,22.375283,7.58,2025-08-14,Mon-Th,2,13
3.0,Mon-Th,3,6,2,urban,0.03949390675602747,-11.4,63.0,1.0,2.2,2,6.787001,14.17,2025-08-18,Mon-Th,2,14
3.0,Mon-Th,15,27,6,urban,0.009980253365014125,7.8,70.0,0.0,3.8,2,22.35481,7.12,2025-08-18,Mon-Th,2,14
3.0,Mon-Th,11,23,11,sub-urban,0.044205981144916695,4.9,84.0,0.0,3.6,2,2.130671,18.53,2025-08-18,Mon-Th,2,14
3.0,Mon-Th,11,18,11,urban,0.025237408241253173,-0.4,92.0,0.0,16.7,2,2.973345,6.06,2025-08-18,Mon-Th,2,14
3.0,Mon-Th,10,28,1,urban,0.04273371915079553,18.8,100.0,147.0,13.9,2,15.306374,5.05,2025-08-18,Mon-Th,2,14
3.0,Mon-Th,21,26,10,urban,0.004290083310070682,9.0,99.0,0.0,10.1,2,12.50868,9.08,2025-08-18,Mon-Th,2,14
3.0,Mon-Th,16,15,11,sub-urban,0.003511003118678641,2.4,98.0,0.0,5.5,2,43.956013,10.69,2025-08-18,Mon-Th,2,14
3.0,Mon-Th,12,22,11,urban,0.017925565988854166,7.4,99.0,90.0,15.3,2,44.541586,8.1,2025-08-18,Mon-Th,2,14
3.0,Mon-Th,11,2,9,urban,0.020859162671252693,6.1,97.0,1.0,9.0,2,10.690412,21.62,2025-08-18,Mon-Th,2,14
3.0,Mon-Th,10,8,11,urban,0.031051051106469302,1.1,57.0,25.0,8.3,2,9.841122,10.88,2025-08-18,Mon-Th,2,14
3.0,Mon-Th,11,25,4,urban,0.0034387960563135207,7.7,94.0,0.0,6.3,2,10.750688,52.08,2025-08-18,Mon-Th,2,14
3.0,Mon-Th,15,2,9,sub-urban,0.015348089211148289,3.7,94.0,1.0,9.7,2,46.046918,15.78,2025-08-18,Mon-Th,2,14
3.0,Mon-Th,15,6,10,urban,0.002913317771715529,-5.0,100.0,1.0,10.0,2,67.664164,17.96,2025-08-18,Mon-Th,2,14
3.0,Mon-Th,4,25,10,urban,0.004879538118055451,7.4,72.0,1.0,5.2,2,9.17321,16.54,2025-08-18,Mon-Th,2,14
3.0,Mon-Th,15,8,10,urban,0.002110841342174009,7.4,81.0,3.0,10.1,2,3.94296,40.38,2025-08-19,Mon-Th,2,10
3.0,Mon-Th,20,17,12,urban,0.01766146055561567,9.4,92.0,0.0,17.9,2,7.151771,11.56,2025-08-19,Mon-Th,2,10
3.0,Mon-Th,20,18,10,urban,0.016778906491409538,9.5,82.0,0.0,5.5,2,6.150933,23.29,2025-08-19,Mon-Th,2,10
3.0,Mon-Th,17,23,10,urban,0.0010146336670496378,8.3,88.0,2.0,10.1,2,8.813718,8.81,2025-08-19,Mon-Th,2,10
3.0,Mon-Th,16,30,10,sub-urban,0.025246691110795517,3.4,88.0,0.0,11.9,2,105.432082,6.7,2025-08-19,Mon-Th,2,10
3.0,Mon-Th,16,27,11,urban,0.03931123231848433,8.8,95.0,1.0,12.6,2,19.893394,6.09,2025-08-19,Mon-Th,2,10
3.0,Mon-Th,3,10,11,urban,0.04076157884076241,3.3,96.0,1.0,9.4,2,14.848554,12.91,2025-08-19,Mon-Th,2,10
3.0,Mon-Th,22,5,4,urban,0.04127215847758957,3.0,100.0,319.0,5.9,2,13.029778,5.84,2025-08-19,Mon-Th,2,10
3.0,Mon-Th,21,6,3,urban,0.0037945940851445673,7.7,100.0,154.0,4.9,2,10.00592,6.25,2025-08-19,Mon-Th,2,10
3.0,Mon-Th,20,12,10,urban,0.023427279104974788,4.6,75.0,0.0,15.8,2,14.027509,56.02,2025-08-19,Mon-Th,2,10
3.0,Mon-Th,21,25,9,urban,0.004345511217801395,16.1,100.0,0.0,6.5,2,13.37672,3.64,2025-08-20,Mon-Th,2,16
3.0,Mon-Th,9,15,10,urban,0.03913491722585992,-0.3,62.0,1.0,9.9,2,18.098498,6.2,2025-08-20,Mon-Th,2,16
3.0,Mon-Th,11,28,11,urban,0.002938445969959069,5.6,99.0,0.0,8.6,2,25.970418,8.63,2025-08-20,Mon-Th,2,16
3.0,Mon-Th,17,9,12,urban,0.05594297971577335,2.3,92.0,0.0,3.8,2,12.895946,10.74,2025-08-20,Mon-Th,2,16
3.0,Mon-Th,12,2,11,urban,0.03852513406445885,-4.6,84.0,0.0,7.2,2,17.330387,8.47,2025-08-20,Mon-Th,2,16
3.0,Mon-Th,22,21,10,urban,0.0006148827475046664,8.5,99.0,0.0,19.8,2,13.190475,13.89,2025-08-20,Mon-Th,2,16
3.0,Mon-Th,20,28,10,urban,0.005723982853048063,8.0,100.0,1.0,6.3,2,12.106023,9.83,2025-08-20,Mon-Th,2,16
3.0,Mon-Th,20,1,11,urban,0.004903738392304384,8.0,99.0,0.0,14.1,2,17.542931,18.74,2025-08-20,Mon-Th,2,16
3.0,Mon-Th,14,16,12,urban,0.07125830906871816,-3.2,93.0,14.0,3.0,2,2.359948,28.22,2025-08-20,Mon-Th,2,16
3.0,Mon-Th,19,26,11,sub-urban,0.003545067165974224,6.6,100.0,0.0,2.4,2,2.847778,8.88,2025-08-20,Mon-Th,2,16
3.0,Mon-Th,16,22,3,urban,-2.949790519266894e-05,12.8,99.0,536.0,12.1,2,18.685601,15.97,2025-08-20,Mon-Th,2,16
3.0,Mon-Th,22,27,12,urban,0.0496698591476816,-7.5,93.0,0.0,8.2,2,3.673119,7.82,2025-08-20,Mon-Th,2,16
3.0,Mon-Th,9,22,10,urban,0.0046965522428755275,6.4,98.0,0.0,8.7,2,2.0,11.21,2025-08-20,Mon-Th,2,16
3.0,Mon-Th,9,13,12,urban,0.004729455092772741,6.7,98.0,1.0,6.4,2,18.902315,15.09,2025-08-20,Mon-Th,2,16
3.0,Mon-Th,8,17,2,urban,0.004482693122792325,-0.2,84.0,0.0,12.3,2,9.738309,3.55,2025-08-20,Mon-Th,2,16
3.0,Mon-Th,8,27,11,urban,0.003765040874799546,3.5,100.0,1.0,3.5,2,3.740778,6.66,2025-08-20,Mon-Th,2,16
3.0,Mon-Th,15,17,10,urban,0.01748582550693286,6.3,96.0,0.0,13.9,2,22.938659,8.69,2025-08-21,Mon-Th,2,11
3.0,Mon-Th,22,8,10,urban,0.019128070139187527,10.3,100.0,0.0,1.3,2,6.817412,58.45,2025-08-21,Mon-Th,2,11
3.0,Mon-Th,13,4,10,urban,0.004611634467750531,8.8,48.0,319.0,4.9,2,16.479521,5.42,2025-08-21,Mon-Th,2,11
3.0,Mon-Th,11,3,12,urban,0.03957236239304117,0.5,100.0,0.0,8.2,2,7.226503,31.12,2025-08-21,Mon-Th,2,11
3.0,Mon-Th,4,2,7,urban,-0.00023521842147784713,7.8,66.0,294.0,6.3,2,4.075451,11.78,2025-08-21,Mon-Th,2,11
3.0,Mon-Th,19,30,12,urban,0.010734473241215382,7.1,91.0,2.0,12.2,2,23.351073,1.84,2025-08-21,Mon-Th,2,11
3.0,Mon-Th,20,4,11,urban,0.004755436369886638,4.9,99.0,1.0,9.1,2,14.401833,25.07,2025-08-21,Mon-Th,2,11
3.0,Mon-Th,12,3,11,urban,0.04352977992082219,-2.0,100.0,1.0,17.6,2,3.669633,14.12,2025-08-21,Mon-Th,2,11
3.0,Mon-Th,11,24,10,urban,0.04372964311146649,5.1,100.0,0.0,9.5,2,14.427572,19.48,2025-08-21,Mon-Th,2,11
3.0,Mon-Th,16,17,11,urban,0.006124390634630926,1.2,97.0,45.0,5.8,2,2.240664,35.18,2025-08-21,Mon-Th,2,11
3.0,Mon-Th,4,28,4,urban,0.02252860240671455,7.5,92.0,47.0,10.0,2,7.93767,30.14,2025-08-21,Mon-Th,2,11
3.0,Mon-Th,23,12,4,urban,0.008234151497117351,3.7,86.0,1.0,19.6,2,4.322339,14.78,2025-08-25,Mon-Th,2,11
3.0,Mon-Th,11,3,11,urban,0.028203697320052915,8.6,99.0,0.0,4.5,2,5.59691,21.51,2025-08-25,Mon-Th,2,11
3.0,Mon-Th,16,19,10,urban,0.0033768142286861895,6.7,85.0,1.0,5.8,2,13.469691,15.97,2025-08-25,Mon-Th,2,11
3.0,Mon-Th,21,15,5,urban,0.0064286942572515755,1.2,95.0,0.0,9.6,2,4.887833,7.89,2025-08-25,Mon-Th,2,11
3.0,Mon-Th,9,11,4,urban,0.0040830943382002115,7.0,73.0,632.0,7.2,2,29.618963,24.77,2025-08-25,Mon-Th,2,11
3.0,Mon-Th,3,15,12,urban,0.0015414567849437624,7.7,95.0,1.0,4.3,2,7.145461,28.08,2025-08-25,Mon-Th,2,11
3.0,Mon-Th,16,22,3,urban,0.017005390630876964,1.2,62.0,381.0,15.7,2,13.242021,6.44,2025-08-25,Mon-Th,2,11
3.0,Mon-Th,14,23,12,urban,0.004088583034018925,7.3,70.0,1.0,6.6,2,15.092326,13.7,2025-08-25,Mon-Th,2,11
3.0,Mon-Th,20,3,12,urban,0.04017897089476456,-2.9,92.0,224.0,14.3,2,25.918328,15.65,2025-08-25,Mon-Th,2,11
3.0,Mon-Th,15,12,10,urban,0.039458164733134724,8.2,94.0,2.0,33.1,2,19.663411,21.63,2025-08-25,Mon-Th,2,11
3.0,Mon-Th,16,12,10,urban,0.038585172354094574,6.8,80.0,378.0,16.0,2,34.298132,6.94,2025-08-25,Mon-Th,2,11
3.0,Mon-Th,16,15,6,urban,0.0020874561752470652,7.8,95.0,2.0,18.1,2,17.168385,7.77,2025-08-26,Mon-Th,2,14
3.0,Mon-Th,20,25,10,urban,0.0011212365473955892,5.8,99.0,0.0,4.4,2,19.613583,6.23,2025-08-26,Mon-Th,2,14
3.0,Mon-Th,21,24,9,sub-urban,-0.00031,6.4,100.0,1.0,16.2,2,10.256328,8.8,2025-08-26,Mon-Th,2,14
3.0,Mon-Th,13,1,9,urban,0.025017194815159058,5.7,85.0,380.0,16.5,2,10.039743,12.76,2025-08-26,Mon-Th,2,14
3.0,Mon-Th,15,17,12,urban,0.0033395217763000674,4.8,97.0,0.0,8.5,2,13.031169,9.4,2025-08-26,Mon-Th,2,14
3.0,Mon-Th,17,17,10,urban,-0.00031,6.9,53.0,0.0,5.2,2,17.713488,7.65,2025-08-26,Mon-Th,2,14
3.0,Mon-Th,21,29,12,urban,0.030594822377995316,8.7,99.0,0.0,19.8,2,9.727844,25.56,2025-08-26,Mon-Th,2,14
3.0,Mon-Th,8,29,10,urban,0.011623945897319616,9.6,78.0,0.0,13.8,2,3.807275,31.73,2025-08-26,Mon-Th,2,14
3.0,Mon-Th,15,11,11,urban,0.008143015423374152,4.5,100.0,2.0,10.3,2,46.546879,15.79,2025-08-26,Mon-Th,2,14
3.0,Mon-Th,17,15,10,urban,0.015244119980050796,4.6,95.0,0.0,3.8,2,14.195566,9.87,2025-08-26,Mon-Th,2,14
3.0,Mon-Th,17,15,10,urban,0.00012063372824683543,8.4,44.0,1.0,14.4,2,66.908575,22.66,2025-08-26,Mon-Th,2,14
3.0,Mon-Th,14,2,3,urban,0.035527978878087875,6.3,99.0,47.0,14.7,2,12.827854,7.99,2025-08-26,Mon-Th,2,14
3.0,Mon-Th,17,16,9,urban,0.004062924240573026,13.8,76.0,30.0,3.5,2,15.659281,14.97,2025-08-26,Mon-Th,2,14
3.0,Mon-Th,14,15,11,urban,0.036857990846074405,0.6,79.0,1.0,6.2,2,3.488142,16.88,2025-08-26,Mon-Th,2,14
3.0,Mon-Th,17,17,12,urban,0.024576131555876547,-3.4,99.0,0.0,11.6,2,17.665771,6.07,2025-08-27,Mon-Th,2,20
3.0,Mon-Th,22,29,11,urban,0.001110178500529524,7.4,97.0,1.0,5.2,2,12.086925,6.11,2025-08-27,Mon-Th,2,20
3.0,Mon-Th,3,25,10,urban,0.004495463243297715,-6.7,100.0,0.0,3.2,2,4.943469,23.09,2025-08-27,Mon-Th,2,20
3.0,Mon-Th,8,24,4,urban,0.003113862628711753,11.3,63.0,0.0,14.2,2,8.443215,20.4,2025-08-27,Mon-Th,2,20
3.0,Mon-Th,8,5,8,urban,0.004913854424528978,10.6,57.0,0.0,3.8,2,39.222515,5.82,2025-08-27,Mon-Th,2,20
3.0,Mon-Th,17,2,12,sub-urban,0.018982652912668763,0.9,99.0,0.0,10.8,2,35.926622,33.6,2025-08-27,Mon-Th,2,20
3.0,Mon-Th,10,22,11,sub-urban,0.00941323087556024,5.1,58.0,1.0,5.6,2,37.756713,3.6,2025-08-27,Mon-Th,2,20
3.0,Mon-Th,17,17,12,urban,0.02716730510426172,2.6,99.0,0.0,12.0,2,12.225886,25.27,2025-08-27,Mon-Th,2,20
3.0,Mon-Th,2,30,10,urban,0.03237802391395801,8.7,69.0,0.0,14.7,2,7.544185,23.21,2025-08-27,Mon-Th,2,20
3.0,Mon-Th,22,31,10,urban,0.0013206188345278413,7.0,69.0,1.0,4.7,2,7.827227,16.58,2025-08-27,Mon-Th,2,20
3.0,Mon-Th,22,13,12,urban,0.004906016822452952,9.4,95.0,22.0,11.3,2,3.824483,7.89,2025-08-27,Mon-Th,2,20
3.0,Mon-Th,22,26,4,urban,0.003113049214097342,9.2,93.0,279.0,13.9,2,19.530909,11.82,2025-08-27,Mon-Th,2,20
3.0,Mon-Th,21,9,12,urban,0.015304503030366899,2.6,93.0,1.0,13.8,2,15.251753,4.77,2025-08-27,Mon-Th,2,20
3.0,Mon-Th,20,13,9,sub-urban,-0.00031,13.0,99.0,0.0,16.4,2,11.443681,50.33,2025-08-27,Mon-Th,2,20
3.0,Mon-Th,23,8,10,urban,0.03761283599358908,3.0,71.0,1.0,6.6,2,21.245162,15.11,2025-08-27,Mon-Th,2,20
3.0,Mon-Th,13,28,10,urban,0.04016319398439712,1.0,72.0,67.0,4.8,2,18.828977,8.4,2025-08-27,Mon-Th,2,20
3.0,Mon-Th,17,20,10,urban,0.007055161437181004,9.9,95.0,11.0,7.5,2,9.72372,52.02,2025-08-27,Mon-Th,2,20
3.0,Mon-Th,12,6,10,urban,9.469778824671218e-05,5.4,95.0,0.0,28.2,2,29.13108,8.74,2025-08-27,Mon-Th,2,20
3.0,Mon-Th,22,2,10,urban,-0.00031,10.7,74.0,0.0,3.7,2,13.202844,7.8,2025-08-27,Mon-Th,2,20
3.0,Mon-Th,22,22,11,urban,0.035719912003646624,8.4,100.0,0.0,10.7,2,4.926089,53.54,2025-08-27,Mon-Th,2,20
3.0,Mon-Th,21,31,12,urban,0.042253689984233775,11.6,93.0,0.0,7.2,2,7.058355,2.69,2025-08-28,Mon-Th,2,14
3.0,Mon-Th,16,2,11,sub-urban,0.004551200037905213,7.2,67.0,1.0,5.4,2,3.757224,8.92,2025-08-28,Mon-Th,2,14
3.0,Mon-Th,6,28,10,urban,0.03879530441146054,17.3,72.0,0.0,5.4,2,7.324179,13.7,2025-08-28,Mon-Th,2,14
3.0,Mon-Th,21,27,12,urban,-0.00031,8.0,90.0,0.0,24.4,2,34.349552,8.12,2025-08-28,Mon-Th,2,14
3.0,Mon-Th,13,18,12,urban,0.0013794092221382239,7.4,45.0,0.0,9.8,2,21.601008,9.76,2025-08-28,Mon-Th,2,14
3.0,Mon-Th,14,27,11,urban,0.0027488253901814105,6.9,99.0,3.0,14.0,2,29.574525,8.91,2025-08-28,Mon-Th,2,14
3.0,Mon-Th,22,14,12,urban,0.0136484062691671,2.0,73.0,1.0,9.6,2,11.893702,10.47,2025-08-28,Mon-Th,2,14
3.0,Mon-Th,17,4,11,urban,0.03175145888085012,3.0,90.0,0.0,14.1,2,19.287962,9.23,2025-08-28,Mon-Th,2,14
3.0,Mon-Th,23,15,12,urban,0.036033373061583135,3.0,95.0,1.0,11.8,2,16.987758,12.44,2025-08-28,Mon-Th,2,14
3.0,Mon-Th,9,15,3,urban,0.0015806260382939799,8.5,98.0,1.0,7.4,2,24.917779,35.56,2025-08-28,Mon-Th,2,14
3.0,Mon-Th,19,13,10,urban,0.004004114455448779,8.0,90.0,1.0,5.8,2,16.321082,3.41,2025-08-28,Mon-Th,2,14
3.0,Mon-Th,11,1,12,urban,0.028505714189987607,1.4,76.0,1.0,18.6,2,14.377496,8.59,2025-08-28,Mon-Th,2,14
3.0,Mon-Th,10,15,10,urban,0.020912560195422217,5.8,95.0,0.0,15.0,2,5.427146,8.89,2025-08-28,Mon-Th,2,14
3.0,Mon-Th,13,27,10,urban,0.006008965545384912,6.6,67.0,211.0,16.7,2,21.120194,23.21,2025-08-28,Mon-Th,2,14
3.0,Mon-Th,6,29,10,urban,0.020606594398807854,1.0,100.0,0.0,11.0,2,20.136037,19.57,2025-09-01,Mon-Th,2,10
3.0,Mon-Th,11,15,11,urban,0.003340186873131581,4.9,95.0,0.0,3.4,2,14.962374,8.38,2025-09-01,Mon-Th,2,10
3.0,Mon-Th,11,2,11,urban,0.0760130284693017,3.5,100.0,0.0,16.5,2,14.255067,11.01,2025-09-01,Mon-Th,2,10
3.0,Mon-Th,16,20,11,urban,0.00208551367892941,3.9,76.0,0.0,5.9,2,12.630314,17.47,2025-09-01,Mon-Th,2,10
3.0,Mon-Th,17,5,12,sub-urban,0.017809657499764327,-5.1,100.0,0.0,5.3,2,23.199376,3.92,2025-09-01,Mon-Th,2,10
3.0,Mon-Th,18,12,10,urban,0.0024897981268562556,8.5,95.0,0.0,14.3,2,8.668965,15.55,2025-09-01,Mon-Th,2,10
3.0,Mon-Th,21,21,11,sub-urban,0.0035705008750611293,0.7,100.0,1.0,3.9,2,7.238728,5.36,2025-09-01,Mon-Th,2,10
3.0,Mon-Th,16,2,10,urban,0.036073216992637984,5.8,72.0,0.0,9.6,2,4.079829,5.6,2025-09-01,Mon-Th,2,10
3.0,Mon-Th,21,3,10,urban,0.002916171127705453,8.3,86.0,1.0,8.4,2,6.070073,6.96,2025-09-01,Mon-Th,2,10
3.0,Mon-Th,22,20,12,urban,0.03101621497813094,7.2,98.0,0.0,6.1,2,68.377631,6.82,2025-09-01,Mon-Th,2,10
3.0,Mon-Th,21,27,12,urban,0.04472925991812042,1.9,88.0,0.0,11.3,2,3.158306,6.3,2025-09-02,Mon-Th,2,18
3.0,Mon-Th,21,2,10,urban,0.0020479145262297326,8.0,69.0,1.0,7.0,2,3.234585,14.95,2025-09-02,Mon-Th,2,18
3.0,Mon-Th,23,13,12,urban,0.014552854864452389,2.1,97.0,0.0,13.1,2,10.912446,16.9,2025-09-02,Mon-Th,2,18
3.0,Mon-Th,0,18,9,urban,0.0019185574471436745,12.3,47.0,0.0,13.0,2,13.162985,8.33,2025-09-02,Mon-Th,2,18
3.0,Mon-Th,15,28,12,urban,0.03748610854494199,5.5,98.0,1.0,4.0,2,29.74313,9.97,2025-09-02,Mon-Th,2,18
3.0,Mon-Th,14,30,11,urban,0.043871875382368086,2.5,78.0,1.0,7.7,2,14.957871,6.67,2025-09-02,Mon-Th,2,18
3.0,Mon-Th,5,12,10,urban,0.003706567892734427,9.6,69.0,588.0,4.5,2,6.268618,47.79,2025-09-02,Mon-Th,2,18
3.0,Mon-Th,9,7,11,urban,0.0054176935471920975,8.7,100.0,22.0,14.6,2,14.659136,57.41,2025-09-02,Mon-Th,2,18
3.0,Mon-Th,16,5,11,urban,0.031051900723505964,7.8,99.0,1.0,10.9,2,21.810042,32.16,2025-09-02,Mon-Th,2,18
3.0,Mon-Th,16,19,10,urban,0.03350895339482333,9.9,98.0,2.0,3.1,2,10.4104,14.82,2025-09-02,Mon-Th,2,18
3.0,Mon-Th,15,3,4,urban,0.000579671501959872,8.3,97.0,240.0,14.9,2,23.98466,10.91,2025-09-02,Mon-Th,2,18
3.0,Mon-Th,8,23,10,urban,0.0020822947896003887,9.5,89.0,0.0,12.9,2,39.11106,8.25,2025-09-02,Mon-Th,2,18
3.0,Mon-Th,11,14,11,urban,0.04230817029719608,1.9,85.0,0.0,5.3,2,2.86594,4.79,2025-09-02,Mon-Th,2,18
3.0,Mon-Th,22,30,10,urban,0.02383793601357672,9.5,98.0,1.0,6.5,2,2.743781,3.85,2025-09-02,Mon-Th,2,18
3.0,Mon-Th,11,2,12,urban,0.0050115961637005775,7.1,100.0,0.0,19.1,2,9.605229,37.26,2025-09-02,Mon-Th,2,18
3.0,Mon-Th,20,12,10,urban,0.0023717294858622575,9.9,99.0,99.0,20.7,2,16.205908,3.11,2025-09-02,Mon-Th,2,18
3.0,Mon-Th,22,5,10,urban,0.003125393169736291,7.2,100.0,0.0,10.7,2,33.499792,61.66,2025-09-02,Mon-Th,2,18
3.0,Mon-Th,21,17,12,urban,0.03540744322178559,8.5,95.0,0.0,10.4,2,5.693299,10.08,2025-09-02,Mon-Th,2,18
3.0,Mon-Th,20,14,12,urban,0.004348411554200686,5.7,100.0,0.0,18.9,2,16.367517,15.71,2025-09-03,Mon-Th,2,16
3.0,Mon-Th,22,15,10,urban,0.006438620477483189,7.0,100.0,1.0,9.3,2,34.774119,22.39,2025-09-03,Mon-Th,2,16
3.0,Mon-Th,10,24,10,urban,0.036563831072482005,9.1,71.0,1.0,15.2,2,2.971709,7.27,2025-09-03,Mon-Th,2,16
3.0,Mon-Th,21,2,7,urban,0.003517477313424033,12.7,55.0,469.0,18.6,2,6.156417,16.31,2025-09-03,Mon-Th,2,16
3.0,Mon-Th,0,18,10,urban,0.0005870388973200991,5.2,67.0,13.0,14.6,2,2.916093,16.58,2025-09-03,Mon-Th,2,16
3.0,Mon-Th,14,26,10,urban,0.028626625702531983,8.3,100.0,0.0,10.3,2,12.944938,40.86,2025-09-03,Mon-Th,2,16
3.0,Mon-Th,13,21,1,urban,0.006152361385018103,4.7,94.0,0.0,7.2,2,4.254215,8.6,2025-09-03,Mon-Th,2,16
3.0,Mon-Th,16,3,11,urban,0.045275883667512146,7.2,73.0,1.0,6.3,2,17.550654,8.59,2025-09-03,Mon-Th,2,16
3.0,Mon-Th,22,20,11,urban,0.034084952339137435,-3.1,99.0,0.0,16.1,2,10.51053,27.84,2025-09-03,Mon-Th,2,16
3.0,Mon-Th,9,14,3,urban,0.0033405899205305105,2.1,72.0,1.0,3.8,2,7.555197,8.68,2025-09-03,Mon-Th,2,16
3.0,Mon-Th,20,4,3,urban,0.002030535817770467,8.1,93.0,14.0,17.5,2,15.99121,5.0,2025-09-03,Mon-Th,2,16
3.0,Mon-Th,14,16,10,urban,0.016109082889510525,4.3,84.0,1.0,6.5,2,13.309886,9.94,2025-09-03,Mon-Th,2,16
3.0,Mon-Th,20,26,11,urban,0.003914633129256828,5.7,59.0,1.0,7.8,2,22.571103,8.14,2025-09-03,Mon-Th,2,16
3.0,Mon-Th,22,3,10,urban,0.0022712463381451362,12.5,94.0,0.0,15.7,2,13.9313,23.83,2025-09-03,Mon-Th,2,16
3.0,Mon-Th,17,23,6,urban,0.0043734833269520965,7.6,99.0,24.0,7.7,2,16.221271,7.4,2025-09-03,Mon-Th,2,16
3.0,Mon-Th,3,16,5,urban,0.0015017826472468266,2.8,98.0,0.0,8.7,2,9.272588,39.74,2025-09-03,Mon-Th,2,16
3.0,Mon-Th,20,1,12,urban,0.007805764008081405,-0.9,67.0,1.0,6.5,2,24.029169,18.37,2025-09-04,Mon-Th,2,17
3.0,Mon-Th,16,17,11,urban,0.0018680829201233266,5.5,99.0,0.0,19.0,2,5.218365,50.28,2025-09-04,Mon-Th,2,17
3.0,Mon-Th,22,17,10,urban,0.0045368348064229605,8.7,98.0,0.0,12.0,2,12.424119,33.16,2025-09-04,Mon-Th,2,17
3.0,Mon-Th,3,3,12,urban,0.0027446968306503107,4.1,94.0,1.0,18.5,2,33.602018,13.76,2025-09-04,Mon-Th,2,17
3.0,Mon-Th,3,23,1,urban,0.008072283584716204,3.1,100.0,84.0,29.4,2,38.609198,9.36,2025-09-04,Mon-Th,2,17
3.0,Mon-Th,17,1,10,urban,0.00423242335375472,7.8,39.0,0.0,5.7,2,15.0445,7.05,2025-09-04,Mon-Th,2,17
3.0,Mon-Th,22,3,11,urban,0.004853845561955703,8.9,98.0,0.0,12.9,2,37.398017,23.37,2025-09-04,Mon-Th,2,17
3.0,Mon-Th,12,26,11,urban,0.02938427368731094,3.8,72.0,0.0,7.3,2,13.404317,17.44,2025-09-04,Mon-Th,2,17
3.0,Mon-Th,16,13,10,urban,0.004143157321667123,8.8,93.0,1.0,7.6,2,65.10688,8.06,2025-09-04,Mon-Th,2,17
3.0,Mon-Th,19,17,12,urban,0.028347809859240597,4.1,93.0,120.0,8.7,2,4.49642,27.77,2025-09-04,Mon-Th,2,17
3.0,Mon-Th,12,8,10,urban,0.0015924358303200008,8.6,44.0,1.0,14.5,2,90.094226,8.11,2025-09-04,Mon-Th,2,17
3.0,Mon-Th,13,11,10,urban,0.020488714996481985,7.8,100.0,1.0,5.9,2,10.96211,7.47,2025-09-04,Mon-Th,2,17
3.0,Mon-Th,21,12,10,urban,0.03589518285355313,6.6,91.0,0.0,3.5,2,14.075341,6.43,2025-09-04,Mon-Th,2,17
3.0,Mon-Th,15,30,12,urban,0.03886652037382024,-0.6,83.0,0.0,8.1,2,15.781582,5.61,2025-09-04,Mon-Th,2,17
3.0,Mon-Th,16,27,12,urban,0.0021968647412776415,7.8,100.0,1.0,5.9,2,43.789627,15.54,2025-09-04,Mon-Th,2,17
3.0,Mon-Th,20,21,11,urban,0.05638815159280072,-5.4,97.0,1.0,6.2,2,13.656007,8.72,2025-09-04,Mon-Th,2,17
3.0,Mon-Th,15,17,10,urban,0.00253832064179743,7.5,93.0,249.0,5.9,2,44.8696,7.33,2025-09-04,Mon-Th,2,17
3.0,Mon-Th,15,17,12,urban,0.011967426000307663,2.6,99.0,0.0,19.5,2,35.417265,17.62,2025-09-08,Mon-Th,2,14
3.0,Mon-Th,16,23,11,urban,0.0032436484660523816,5.2,100.0,70.0,9.0,2,12.680799,7.6,2025-09-08,Mon-Th,2,14
3.0,Mon-Th,11,26,12,urban,0.02490154858616016,6.6,72.0,0.0,10.3,2,34.546351,7.77,2025-09-08,Mon-Th,2,14
3.0,Mon-Th,15,24,12,urban,0.01563350016949555,6.8,94.0,0.0,13.5,2,54.303557,6.18,2025-09-08,Mon-Th,2,14
3.0,Mon-Th,10,9,6,urban,0.005604846433814449,6.4,99.0,0.0,4.7,2,14.255595,9.63,2025-09-08,Mon-Th,2,14
3.0,Mon-Th,14,18,11,sub-urban,0.01806605471273643,1.1,82.0,0.0,18.0,2,2.0,35.17,2025-09-08,Mon-Th,2,14
3.0,Mon-Th,16,25,11,urban,0.003874083587249051,0.7,63.0,1.0,16.7,2,44.861111,8.6,2025-09-08,Mon-Th,2,14
3.0,Mon-Th,14,2,11,urban,0.006585037487017646,5.2,99.0,0.0,9.4,2,7.200559,36.13,2025-09-08,Mon-Th,2,14
3.0,Mon-Th,15,12,10,urban,0.03931576369514272,1.1,71.0,49.0,14.9,2,3.297508,4.8,2025-09-08,Mon-Th,2,14
3.0,Mon-Th,16,2,10,urban,0.0066301227991011165,8.9,37.0,0.0,5.8,2,23.521482,6.79,2025-09-08,Mon-Th,2,14
3.0,Mon-Th,23,21,10,urban,-0.00031,12.7,99.0,0.0,14.1,2,6.517657,6.24,2025-09-08,Mon-Th,2,14
3.0,Mon-Th,5,15,7,urban,0.0007411034681933343,-0.3,71.0,0.0,15.6,2,66.855341,29.0,2025-09-08,Mon-Th,2,14
3.0,Mon-Th,22,3,11,urban,0.006690698123977859,5.8,95.0,0.0,17.8,2,53.165253,23.01,2025-09-08,Mon-Th,2,14
3.0,Mon-Th,8,16,4,urban,0.004050242292404758,6.1,94.0,0.0,4.6,2,12.960029,4.59,2025-09-08,Mon-Th,2,14
3.0,Mon-Th,19,26,10,urban,0.0024914998012093297,2.2,59.0,12.0,14.3,2,2.828627,6.55,2025-09-09,Mon-Th,2,15
3.0,Mon-Th,17,28,3,urban,0.011094523623133682,5.0,67.0,47.0,5.5,2,13.018074,44.99,2025-09-09,Mon-Th,2,15
3.0,Mon-Th,13,20,10,urban,0.0036915656999655347,5.2,92.0,0.0,11.4,2,11.304941,17.3,2025-09-09,Mon-Th,2,15
3.0,Mon-Th,11,2,10,urban,0.0028039966774927568,8.2,95.0,0.0,11.7,2,12.899906,21.1,2025-09-09,Mon-Th,2,15
3.0,Mon-Th,14,4,10,urban,0.0020696338859047102,8.4,36.0,0.0,5.4,2,61.698983,7.87,2025-09-09,Mon-Th,2,15
3.0,Mon-Th,17,16,10,urban,0.024732058494045424,8.4,54.0,0.0,6.5,2,6.403676,8.38,2025-09-09,Mon-Th,2,15
3.0,Mon-Th,16,10,12,urban,0.020664423030762474,1.7,89.0,1.0,5.3,2,16.985278,4.05,2025-09-09,Mon-Th,2,15
3.0,Mon-Th,15,23,3,urban,0.036894336201892364,1.2,55.0,53.0,13.5,2,3.332049,17.94,2025-09-09,Mon-Th,2,15
3.0,Mon-Th,6,7,1,urban,0.03187078406914883,-1.2,80.0,0.0,5.3,2,4.159618,18.62,2025-09-09,Mon-Th,2,15
3.0,Mon-Th,20,14,2,urban,0.03668477618564206,1.8,73.0,0.0,3.5,2,17.193984,8.95,2025-09-09,Mon-Th,2,15
3.0,Mon-Th,22,15,12,sub-urban,0.0172442659700724,4.4,71.0,1.0,5.5,2,4.852859,28.48,2025-09-09,Mon-Th,2,15
3.0,Mon-Th,15,6,10,urban,0.04108541056214568,1.6,88.0,0.0,11.5,2,8.496101,8.22,2025-09-09,Mon-Th,2,15
3.0,Mon-Th,22,2,11,urban,0.0038397578107628584,9.4,91.0,1.0,7.3,2,57.167503,6.66,2025-09-09,Mon-Th,2,15
3.0,Mon-Th,21,27,12,urban,0.029066960042372796,1.2,97.0,0.0,18.2,2,14.957455,7.4,2025-09-09,Mon-Th,2,15
3.0,Mon-Th,10,5,12,urban,0.005546334199233066,8.3,92.0,2.0,9.6,2,11.486634,10.64,2025-09-09,Mon-Th,2,15
3.0,Mon-Th,15,6,10,urban,0.004279050825376484,2.8,94.0,0.0,3.7,2,36.577158,15.58,2025-09-10,Mon-Th,2,12
3.0,Mon-Th,21,17,11,urban,0.029670800725907387,6.6,82.0,1.0,7.7,2,14.823146,10.91,2025-09-10,Mon-Th,2,12
3.0,Mon-Th,22,18,11,urban,0.06314956393331703,2.1,50.0,0.0,14.4,2,31.264425,31.33,2025-09-10,Mon-Th,2,12
3.0,Mon-Th,16,16,4,urban,0.003861961056060819,7.6,57.0,2.0,10.2,2,26.759172,32.27,2025-09-10,Mon-Th,2,12
3.0,Mon-Th,22,7,10,urban,0.03224216576522915,9.0,57.0,31.0,15.8,2,4.846614,16.72,2025-09-10,Mon-Th,2,12
3.0,Mon-Th,21,10,3,urban,0.00377957354708544,5.2,93.0,1.0,2.3,2,11.235384,4.8,2025-09-10,Mon-Th,2,12
3.0,Mon-Th,4,22,11,urban,0.03613968749554112,1.9,78.0,0.0,16.3,2,15.839824,4.75,2025-09-10,Mon-Th,2,12
3.0,Mon-Th,13,13,12,urban,0.03811340203940497,0.6,100.0,0.0,2.9,2,23.465173,6.9,2025-09-10,Mon-Th,2,12
3.0,Mon-Th,4,2,10,urban,0.0017302105154461747,6.8,57.0,1.0,8.2,2,6.247891,9.04,2025-09-10,Mon-Th,2,12
3.0,Mon-Th,9,17,10,urban,0.005560381384686107,9.9,49.0,1.0,2.8,2,5.501412,6.24,2025-09-10,Mon-Th,2,12
3.0,Mon-Th,15,2,10,urban,0.0054460179433333455,6.1,68.0,1.0,8.7,2,16.367245,6.52,2025-09-10,Mon-Th,2,12
3.0,Mon-Th,14,28,6,urban,0.006949665913793524,8.4,80.0,14.0,7.1,2,23.830685,12.8,2025-09-10,Mon-Th,2,12
3.0,Mon-Th,17,2,12,urban,0.004754627736027412,6.9,99.0,62.0,7.0,2,33.326966,11.48,2025-09-11,Mon-Th,2,15
3.0,Mon-Th,3,16,10,urban,0.0021267290040015026,6.9,89.0,0.0,17.3,2,4.593358,19.22,2025-09-11,Mon-Th,2,15
3.0,Mon-Th,17,15,1,urban,0.0035719771905620887,6.9,99.0,2.0,6.7,2,19.828871,7.17,2025-09-11,Mon-Th,2,15
3.0,Mon-Th,0,15,3,urban,0.0009614925308591648,-1.2,98.0,64.0,11.4,2,2.677514,8.92,2025-09-11,Mon-Th,2,15
3.0,Mon-Th,14,25,10,urban,0.00178922690239262,10.9,61.0,0.0,13.6,2,4.401026,23.95,2025-09-11,Mon-Th,2,15
3.0,Mon-Th,22,25,10,urban,0.03897852592107714,7.9,62.0,0.0,13.1,2,5.723604,9.32,2025-09-11,Mon-Th,2,15
3.0,Mon-Th,11,16,3,urban,0.043357248604847944,5.3,62.0,0.0,9.5,2,8.348355,7.84,2025-09-11,Mon-Th,2,15
3.0,Mon-Th,21,28,11,urban,0.003621838408453033,5.2,77.0,62.0,4.4,2,24.429635,6.99,2025-09-11,Mon-Th,2,15
3.0,Mon-Th,10,28,12,urban,0.04154731773708765,6.5,67.0,1.0,4.8,2,22.179579,9.67,2025-09-11,Mon-Th,2,15
3.0,Mon-Th,22,21,10,urban,0.04449053379239613,8.6,93.0,0.0,5.5,2,4.879798,10.71,2025-09-11,Mon-Th,2,15
3.0,Mon-Th,3,9,10,urban,0.00431993887458818,10.9,98.0,0.0,5.8,2,12.947033,39.01,2025-09-11,Mon-Th,2,15
3.0,Mon-Th,20,27,10,urban,0.03439730373631306,6.8,100.0,128.0,4.7,2,21.667421,9.72,2025-09-11,Mon-Th,2,15
3.0,Mon-Th,7,26,11,urban,0.02255677267006578,-1.6,93.0,2.0,6.1,2,4.013466,8.59,2025-09-11,Mon-Th,2,15
3.0,Mon-Th,20,26,10,urban,0.00380723888524383,8.9,64.0,1.0,9.1,2,13.029382,7.51,2025-09-11,Mon-Th,2,15
3.0,Mon-Th,10,27,10,urban,0.004279215361127931,7.4,36.0,1.0,13.3,2,9.947094,7.85,2025-09-11,Mon-Th,2,15
3.0,Mon-Th,8,26,3,urban,0.04142216060783429,4.3,100.0,11.0,3.1,2,13.984808,3.69,2025-09-15,Mon-Th,2,25
3.0,Mon-Th,13,1,10,urban,0.034431520731351195,4.3,77.0,1.0,16.9,2,7.857791,24.12,2025-09-15,Mon-Th,2,25
3.0,Mon-Th,16,17,11,urban,0.0023138328478529515,-1.6,77.0,24.0,4.9,2,3.917292,9.94,2025-09-15,Mon-Th,2,25
3.0,Mon-Th,4,25,10,urban,0.0018489997923797803,6.7,92.0,163.0,8.4,2,20.414139,25.74,2025-09-15,Mon-Th,2,25
3.0,Mon-Th,16,5,11,urban,0.006906802349029191,6.3,65.0,85.0,7.6,2,2.0,12.43,2025-09-15,Mon-Th,2,25
3.0,Mon-Th,19,26,7,urban,0.036479099153660204,5.3,64.0,0.0,5.6,2,13.116733,8.2,2025-09-15,Mon-Th,2,25
3.0,Mon-Th,17,26,11,urban,0.046369240486254425,-3.0,85.0,0.0,9.3,2,21.022206,32.54,2025-09-15,Mon-Th,2,25
3.0,Mon-Th,15,15,11,urban,0.006374726164786069,7.9,100.0,2.0,8.9,2,14.246621,9.25,2025-09-15,Mon-Th,2,25
3.0,Mon-Th,16,10,10,urban,0.026538283947419083,7.3,92.0,1.0,14.4,2,29.939821,21.78,2025-09-15,Mon-Th,2,25
3.0,Mon-Th,12,16,10,urban,0.0009371984257117976,8.8,100.0,0.0,19.1,2,20.219405,4.93,2025-09-15,Mon-Th,2,25
3.0,Mon-Th,0,13,10,urban,0.007523804325883879,6.2,70.0,0.0,8.7,2,20.01188,36.73,2025-09-15,Mon-Th,2,25
3.0,Mon-Th,13,30,12,urban,0.0241302096080386,-4.6,90.0,0.0,8.3,2,15.377947,8.64,2025-09-15,Mon-Th,2,25
3.0,Mon-Th,16,17,12,urban,0.016398248065579154,-0.0,67.0,0.0,17.9,2,3.629646,10.49,2025-09-15,Mon-Th,2,25
3.0,Mon-Th,16,26,3,urban,0.04028872056125385,3.4,91.0,2.0,5.3,2,14.065094,4.36,2025-09-15,Mon-Th,2,25
3.0,Mon-Th,17,21,10,urban,0.004937156008300662,6.1,98.0,1.0,10.1,2,11.306245,64.06,2025-09-15,Mon-Th,2,25
3.0,Mon-Th,4,14,11,urban,0.040836945255232245,-5.4,69.0,0.0,4.2,2,16.389936,9.92,2025-09-15,Mon-Th,2,25
3.0,Mon-Th,14,2,11,urban,0.005620981871432249,1.9,100.0,2.0,6.6,2,24.884358,15.9,2025-09-15,Mon-Th,2,25
3.0,Mon-Th,14,29,12,urban,0.03416627574753263,5.3,64.0,0.0,15.0,2,13.261936,20.45,2025-09-15,Mon-Th,2,25
3.0,Mon-Th,22,26,12,urban,0.003602677324663201,10.3,51.0,1.0,18.2,2,14.380918,36.69,2025-09-15,Mon-Th,2,25
3.0,Mon-Th,9,26,11,urban,0.04142931681778894,8.0,97.0,1.0,9.2,2,6.181762,13.34,2025-09-15,Mon-Th,2,25
3.0,Mon-Th,19,27,10,urban,0.00938259766503864,4.3,99.0,0.0,14.9,2,10.505062,40.85,2025-09-15,Mon-Th,2,25
3.0,Mon-Th,21,26,11,urban,0.03222180570345255,6.6,100.0,0.0,4.2,2,9.20992,9.33,2025-09-15,Mon-Th,2,25
3.0,Mon-Th,22,3,11,urban,0.00742509184179084,7.8,99.0,2.0,18.3,2,10.907303,64.33,2025-09-15,Mon-Th,2,25
3.0,Mon-Th,23,31,10,urban,0.005164559239429201,5.6,100.0,0.0,13.7,2,17.706146,27.17,2025-09-15,Mon-Th,2,25
3.0,Mon-Th,4,25,9,sub-urban,0.011860981189292987,8.7,97.0,0.0,5.4,2,4.952128,43.55,2025-09-15,Mon-Th,2,25
3.0,Mon-Th,4,24,12,urban,0.018185287884396453,4.8,69.0,0.0,21.6,2,22.598548,32.87,2025-09-16,Mon-Th,2,16
3.0,Mon-Th,17,17,7,sub-urban,0.018514570338808867,16.8,63.0,8.0,4.0,2,19.289478,6.73,2025-09-16,Mon-Th,2,16
3.0,Mon-Th,16,3,9,urban,0.004379641740236522,25.1,66.0,188.0,8.7,2,12.731353,7.17,2025-09-16,Mon-Th,2,16
3.0,Mon-Th,11,5,12,urban,0.005167242409684277,6.4,93.0,25.0,22.1,2,2.0,6.76,2025-09-16,Mon-Th,2,16
3.0,Mon-Th,11,5,1,urban,0.03224972723540798,5.5,80.0,0.0,2.9,2,12.051897,6.36,2025-09-16,Mon-Th,2,16
3.0,Mon-Th,11,27,11,urban,0.01781514083913771,-2.7,81.0,0.0,18.1,2,41.457089,29.41,2025-09-16,Mon-Th,2,16
3.0,Mon-Th,23,30,10,urban,0.022558150424178892,7.3,96.0,0.0,10.7,2,18.786206,5.44,2025-09-16,Mon-Th,2,16
3.0,Mon-Th,16,9,10,sub-urban,0.030063761326136286,11.6,99.0,0.0,14.2,2,16.914012,5.65,2025-09-16,Mon-Th,2,16
3.0,Mon-Th,1,30,11,urban,0.027337142132386888,-2.5,70.0,0.0,5.6,2,3.182258,8.06,2025-09-16,Mon-Th,2,16
3.0,Mon-Th,16,18,3,urban,0.006286084908349615,-3.5,70.0,0.0,8.4,2,2.666941,6.91,2025-09-16,Mon-Th,2,16
3.0,Mon-Th,12,17,10,urban,0.015464724646946284,4.1,92.0,0.0,2.9,2,7.114442,26.87,2025-09-16,Mon-Th,2,16
3.0,Mon-Th,14,17,10,urban,0.03188883922370416,4.0,99.0,14.0,12.8,2,7.057698,11.18,2025-09-16,Mon-Th,2,16
3.0,Mon-Th,20,28,12,urban,0.01701269631221177,6.6,55.0,109.0,20.1,2,58.306482,6.29,2025-09-16,Mon-Th,2,16
3.0,Mon-Th,10,17,11,urban,0.012971335221893511,4.0,87.0,0.0,8.5,2,2.93031,9.22,2025-09-16,Mon-Th,2,16
3.0,Mon-Th,3,15,11,urban,0.010578727321014924,10.3,100.0,0.0,8.4,2,7.750292,14.26,2025-09-16,Mon-Th,2,16
3.0,Mon-Th,21,30,1,urban,0.029183084707936846,1.8,98.0,0.0,20.5,2,10.006931,12.6,2025-09-16,Mon-Th,2,16
3.0,Mon-Th,8,2,2,urban,0.006233321765626857,-0.4,96.0,1.0,3.0,2,16.761909,7.69,2025-09-17,Mon-Th,2,19
3.0,Mon-Th,16,20,11,urban,0.03565506184999713,6.7,97.0,1.0,18.0,2,2.540913,8.52,2025-09-17,Mon-Th,2,19
3.0,Mon-Th,17,12,11,urban,0.0065463733010095605,7.2,99.0,0.0,7.3,2,13.236011,12.57,2025-09-17,Mon-Th,2,19
3.0,Mon-Th,4,2,8,sub-urban,0.023822822508659622,16.3,49.0,13.0,12.7,2,80.228345,46.61,2025-09-17,Mon-Th,2,19
3.0,Mon-Th,3,16,12,urban,0.0321648321535268,2.5,100.0,0.0,7.1,2,17.505121,7.02,2025-09-17,Mon-Th,2,19
3.0,Mon-Th,17,17,12,urban,0.001962339465889949,8.6,99.0,2.0,6.9,2,4.005366,35.36,2025-09-17,Mon-Th,2,19
3.0,Mon-Th,12,15,10,urban,0.03347823070883142,4.7,72.0,0.0,9.4,2,13.184333,4.92,2025-09-17,Mon-Th,2,19
3.0,Mon-Th,14,18,6,urban,0.04643235811685502,11.2,91.0,0.0,15.7,2,10.024662,21.9,2025-09-17,Mon-Th,2,19
3.0,Mon-Th,20,23,12,urban,0.03308692019517777,7.3,75.0,0.0,8.3,2,2.292019,36.42,2025-09-17,Mon-Th,2,19
3.0,Mon-Th,15,3,12,urban,0.016518206000834586,6.5,100.0,0.0,5.6,2,14.467925,10.93,2025-09-17,Mon-Th,2,19
3.0,Mon-Th,12,2,12,urban,0.005462777761303085,4.7,95.0,0.0,17.0,2,3.105176,21.18,2025-09-17,Mon-Th,2,19
3.0,Mon-Th,20,23,10,urban,0.016586155088413195,2.6,99.0,0.0,13.8,2,8.535289,10.34,2025-09-17,Mon-Th,2,19
3.0,Mon-Th,17,29,10,urban,0.0019062310590644517,5.7,100.0,1.0,14.0,2,13.849137,5.27,2025-09-17,Mon-Th,2,19
3.0,Mon-Th,21,19,10,urban,0.0272922714478975,0.6,100.0,0.0,8.6,2,10.07188,8.6,2025-09-17,Mon-Th,2,19
3.0,Mon-Th,11,5,11,urban,0.032423084397713686,-0.6,95.0,70.0,18.0,2,2.411912,26.42,2025-09-17,Mon-Th,2,19
3.0,Mon-Th,9,12,7,urban,-0.00031,11.8,54.0,187.0,13.5,2,67.126068,13.62,2025-09-17,Mon-Th,2,19
3.0,Mon-Th,15,12,11,sub-urban,0.002476194430788598,9.0,97.0,0.0,4.3,2,9.798073,15.09,2025-09-17,Mon-Th,2,19
3.0,Mon-Th,4,5,11,urban,0.005648826545096178,2.4,83.0,0.0,11.6,2,12.620517,17.53,2025-09-17,Mon-Th,2,19
3.0,Mon-Th,21,21,11,urban,0.0326256841738403,3.4,97.0,1.0,5.4,2,5.352265,9.37,2025-09-17,Mon-Th,2,19
3.0,Mon-Th,15,6,10,urban,0.000831719869188331,6.2,63.0,0.0,8.1,2,2.450515,12.5,2025-09-18,Mon-Th,2,15
3.0,Mon-Th,22,16,3,urban,0.029269453592354146,10.5,76.0,2.0,14.6,2,4.624259,13.35,2025-09-18,Mon-Th,2,15
3.0,Mon-Th,8,21,10,urban,0.0033417825016423485,8.1,99.0,1.0,12.9,2,3.076783,12.56,2025-09-18,Mon-Th,2,15
3.0,Mon-Th,13,25,1,sub-urban,0.022765713260251334,8.4,99.0,13.0,7.6,2,5.414524,6.83,2025-09-18,Mon-Th,2,15
3.0,Mon-Th,20,21,11,urban,0.01589815102399969,0.9,84.0,1.0,8.8,2,40.751439,4.63,2025-09-18,Mon-Th,2,15
3.0,Mon-Th,14,8,7,urban,0.01416389774206321,25.8,42.0,16.0,31.5,2,10.354882,4.79,2025-09-18,Mon-Th,2,15
3.0,Mon-Th,16,23,9,urban,0.014312665016661551,4.8,100.0,60.0,14.3,2,37.820304,13.71,2025-09-18,Mon-Th,2,15
3.0,Mon-Th,15,18,11,urban,0.0016289829423856506,3.0,94.0,2.0,5.4,2,12.615796,7.98,2025-09-18,Mon-Th,2,15
3.0,Mon-Th,16,30,11,urban,0.026538037898934927,1.9,74.0,0.0,14.6,2,4.495313,9.43,2025-09-18,Mon-Th,2,15
3.0,Mon-Th,16,21,12,urban,0.0038980285371468574,7.4,58.0,527.0,10.9,2,6.347778,26.71,2025-09-18,Mon-Th,2,15
3.0,Mon-Th,8,2,11,urban,0.0020615151113753554,3.7,55.0,1.0,12.5,2,38.848123,7.77,2025-09-18,Mon-Th,2,15
3.0,Mon-Th,14,5,9,urban,-0.00031,16.3,99.0,1.0,3.1,2,65.13653,6.79,2025-09-18,Mon-Th,2,15
3.0,Mon-Th,11,5,11,urban,0.029291855781253744,3.6,73.0,74.0,11.8,2,16.77694,3.96,2025-09-18,Mon-Th,2,15
3.0,Mon-Th,13,26,3,urban,0.0036545042792893554,7.1,97.0,0.0,10.1,2,9.015715,25.25,2025-09-18,Mon-Th,2,15
3.0,Mon-Th,17,14,11,urban,0.028905001395698973,3.0,74.0,44.0,9.4,2,29.685755,9.85,2025-09-18,Mon-Th,2,15
3.0,Mon-Th,22,26,11,urban,0.040501165416002474,3.6,100.0,0.0,17.3,2,13.826952,9.07,2025-09-22,Mon-Th,2,13
3.0,Mon-Th,15,30,11,urban,0.01966197078964694,9.8,71.0,1.0,17.5,2,8.658407,59.48,2025-09-22,Mon-Th,2,13
3.0,Mon-Th,9,11,12,urban,0.002453929561785035,6.2,55.0,2.0,5.2,2,11.687042,8.54,2025-09-22,Mon-Th,2,13
3.0,Mon-Th,3,14,10,urban,0.01969853627502176,-0.2,88.0,0.0,12.3,2,6.968008,2.77,2025-09-22,Mon-Th,2,13
3.0,Mon-Th,17,15,12,urban,0.001167070310721567,-5.9,98.0,1.0,11.3,2,23.772342,10.19,2025-09-22,Mon-Th,2,13
3.0,Mon-Th,11,7,9,urban,0.02263281819207484,11.8,100.0,1.0,7.1,2,10.405611,7.94,2025-09-22,Mon-Th,2,13
3.0,Mon-Th,15,15,10,urban,0.025088757910616922,8.3,72.0,21.0,16.8,2,16.194798,5.67,2025-09-22,Mon-Th,2,13
3.0,Mon-Th,4,2,9,urban,0.004933526706007305,2.1,87.0,0.0,11.2,2,7.712542,47.05,2025-09-22,Mon-Th,2,13
3.0,Mon-Th,15,17,10,urban,0.015365625850251079,2.1,89.0,0.0,7.4,2,12.629152,7.65,2025-09-22,Mon-Th,2,13
3.0,Mon-Th,21,21,10,urban,0.0033784946755712605,8.2,88.0,0.0,7.7,2,12.592696,19.03,2025-09-22,Mon-Th,2,13
3.0,Mon-Th,0,10,11,urban,0.0049409980090420365,8.3,94.0,0.0,17.9,2,10.414507,49.06,2025-09-22,Mon-Th,2,13
3.0,Mon-Th,20,6,11,urban,0.03825758207553944,0.3,87.0,0.0,9.1,2,9.811417,12.11,2025-09-22,Mon-Th,2,13
3.0,Mon-Th,15,5,10,urban,0.02976346022074677,-0.1,70.0,0.0,15.3,2,36.813139,7.83,2025-09-22,Mon-Th,2,13
3.0,Friday,15,26,11,urban,0.03234117921653069,0.5,96.0,21.0,12.1,2,26.412487,7.81,2025-06-27,Friday,2,19
3.0,Friday,15,28,1,urban,0.0012867661469352161,6.0,93.0,0.0,4.0,2,26.237393,9.96,2025-06-27,Friday,2,19
3.0,Friday,22,15,12,urban,0.003446157961811333,12.4,45.0,0.0,5.1,2,43.244611,6.22,2025-06-27,Friday,2,19
3.0,Friday,17,15,12,urban,0.01670271449708468,4.4,100.0,1.0,5.6,2,20.551291,9.77,2025-06-27,Friday,2,19
3.0,Friday,20,17,10,urban,0.02662282899987187,8.9,98.0,1.0,14.0,2,11.891323,9.17,2025-06-27,Friday,2,19
3.0,Friday,18,17,12,urban,0.038333664623679674,-0.9,92.0,2.0,6.6,2,3.53584,7.75,2025-06-27,Friday,2,19
3.0,Friday,9,2,10,urban,0.0021441902433923994,0.4,99.0,1.0,16.1,2,49.17258,18.65,2025-06-27,Friday,2,19
3.0,Friday,16,22,9,sub-urban,0.009164121330566778,1.6,99.0,23.0,13.7,2,34.314337,6.64,2025-06-27,Friday,2,19
3.0,Friday,17,16,10,urban,0.034072665454524295,-1.5,99.0,0.0,8.6,2,15.795384,9.66,2025-06-27,Friday,2,19
3.0,Friday,20,27,3,urban,0.0031964005141684347,6.6,57.0,42.0,8.0,2,107.209363,41.33,2025-06-27,Friday,2,19
3.0,Friday,17,14,11,urban,0.03606895234480541,-2.5,92.0,2.0,10.3,2,48.743088,6.67,2025-06-27,Friday,2,19
3.0,Friday,12,28,12,urban,0.007036461919534287,8.9,95.0,1.0,6.9,2,38.898523,46.16,2025-06-27,Friday,2,19
3.0,Friday,22,29,11,urban,0.018150608409621453,3.4,93.0,1.0,16.3,2,8.703909,42.91,2025-06-27,Friday,2,19
3.0,Friday,13,23,7,urban,0.0406154388390536,11.9,63.0,109.0,16.4,2,16.251828,7.83,2025-06-27,Friday,2,19
3.0,Friday,13,27,11,urban,0.031467710293427875,1.7,67.0,1.0,5.7,2,21.50804,10.65,2025-06-27,Friday,2,19
3.0,Friday,16,14,4,urban,0.004217249740031936,8.7,43.0,1.0,8.1,2,30.657415,8.04,2025-06-27,Friday,2,19
3.0,Friday,22,18,12,urban,0.0016894923889134196,9.1,55.0,116.0,14.4,2,37.0972,33.82,2025-06-27,Friday,2,19
3.0,Friday,22,26,9,urban,0.003705935323337719,8.4,84.0,0.0,13.9,2,13.007803,10.15,2025-06-27,Friday,2,19
3.0,Friday,5,7,10,urban,0.024392811236324495,2.0,93.0,0.0,30.3,2,2.36089,7.7,2025-06-27,Friday,2,19
3.0,Friday,14,15,11,urban,0.032645408874909104,1.4,64.0,57.0,5.0,2,23.790612,34.23,2025-07-04,Friday,2,10
3.0,Friday,17,18,10,urban,-0.00031,5.4,90.0,0.0,7.2,2,44.521445,48.38,2025-07-04,Friday,2,10
3.0,Friday,22,1,8,urban,0.0028925646278254993,28.2,56.0,1.0,29.7,2,18.947469,24.51,2025-07-04,Friday,2,10
3.0,Friday,16,27,11,urban,-0.00022486088105586922,9.6,57.0,550.0,17.4,2,82.211375,9.51,2025-07-04,Friday,2,10
3.0,Friday,5,13,8,urban,0.003297222569391943,9.5,39.0,621.0,17.7,2,18.118139,22.55,2025-07-04,Friday,2,10
3.0,Friday,15,4,3,urban,0.003447385312051796,2.4,55.0,66.0,2.3,2,4.504279,7.13,2025-07-04,Friday,2,10
3.0,Friday,17,21,11,urban,0.0066826829248527245,18.6,45.0,227.0,15.8,2,40.298767,3.52,2025-07-04,Friday,2,10
3.0,Friday,17,14,12,urban,0.0368846427804669,2.7,85.0,0.0,13.6,2,23.652425,17.23,2025-07-04,Friday,2,10
3.0,Friday,3,26,12,urban,0.0015939298048783935,7.8,31.0,1.0,16.4,2,14.935117,10.42,2025-07-04,Friday,2,10
3.0,Friday,4,27,4,urban,0.004888884242825269,8.7,36.0,538.0,5.7,2,3.511359,22.87,2025-07-04,Friday,2,10
3.0,Friday,19,27,5,urban,0.004288272753446388,11.7,100.0,1.0,5.1,2,14.722953,12.09,2025-07-11,Friday,2,15
3.0,Friday,3,13,1,urban,0.014976819708323348,-1.3,93.0,3.0,9.9,2,28.898537,10.69,2025-07-11,Friday,2,15
3.0,Friday,16,27,6,urban,0.0022714728864674403,7.5,98.0,514.0,3.7,2,43.898615,25.43,2025-07-11,Friday,2,15
3.0,Friday,11,2,10,urban,0.020455599792204748,4.0,100.0,1.0,12.2,2,2.873027,7.92,2025-07-11,Friday,2,15
3.0,Friday,15,27,12,urban,0.010102782283111228,-3.4,66.0,1.0,17.7,2,73.18412,6.93,2025-07-11,Friday,2,15
3.0,Friday,3,2,12,urban,0.0032285034911118597,5.8,99.0,1.0,6.8,2,36.086109,40.17,2025-07-11,Friday,2,15
3.0,Friday,10,7,12,urban,0.03724609884995683,-7.2,80.0,2.0,13.6,2,38.463493,11.4,2025-07-11,Friday,2,15
3.0,Friday,8,26,8,urban,0.002175192960410256,6.7,54.0,0.0,18.9,2,85.149489,6.93,2025-07-11,Friday,2,15
3.0,Friday,22,7,10,urban,0.04088479086711893,-0.5,93.0,0.0,5.3,2,8.270921,19.82,2025-07-11,Friday,2,15
3.0,Friday,16,20,10,urban,0.007151637037045029,6.7,39.0,0.0,4.0,2,23.852964,9.91,2025-07-11,Friday,2,15
3.0,Friday,13,30,12,urban,0.0057307067450356065,3.4,100.0,174.0,12.5,2,20.908788,7.68,2025-07-11,Friday,2,15
3.0,Friday,10,26,8,urban,0.0010832906183867305,18.7,96.0,198.0,10.1,2,8.873485,29.21,2025-07-11,Friday,2,15
3.0,Friday,8,16,11,urban,0.006137701721031893,7.1,99.0,122.0,5.7,2,39.861437,9.95,2025-07-11,Friday,2,15
3.0,Friday,10,27,1,urban,0.0002670048059324236,4.1,100.0,133.0,10.3,2,14.38137,20.66,2025-07-11,Friday,2,15
3.0,Friday,15,3,12,urban,0.0061634482607787165,4.6,92.0,1.0,20.8,2,44.129048,6.3,2025-07-11,Friday,2,15
3.0,Friday,15,27,12,urban,0.0012181542124699218,4.2,99.0,0.0,18.7,2,5.580886,27.7,2025-07-18,Friday,2,12
3.0,Friday,22,15,10,urban,0.0017882895998830553,10.4,99.0,0.0,10.5,2,4.819644,8.93,2025-07-18,Friday,2,12
3.0,Friday,13,5,12,urban,0.013250587068679601,-4.1,98.0,0.0,4.7,2,6.567519,25.02,2025-07-18,Friday,2,12
3.0,Friday,16,2,3,urban,0.025402854101559708,0.4,72.0,0.0,15.0,2,59.342375,8.3,2025-07-18,Friday,2,12
3.0,Friday,22,16,10,urban,0.0020958035110482764,10.1,92.0,47.0,10.3,2,10.41855,14.16,2025-07-18,Friday,2,12
3.0,Friday,10,13,10,urban,0.01146536250428743,6.7,100.0,0.0,11.8,2,10.81801,14.69,2025-07-18,Friday,2,12
3.0,Friday,22,16,3,urban,0.0063615371363261175,5.8,95.0,2.0,5.4,2,11.309657,10.43,2025-07-18,Friday,2,12
3.0,Friday,5,1,11,urban,0.03441010226390277,1.3,97.0,0.0,9.5,2,13.356459,11.47,2025-07-18,Friday,2,12
3.0,Friday,17,10,12,urban,0.022095160726799387,-10.1,93.0,0.0,7.9,2,3.620494,33.47,2025-07-18,Friday,2,12
3.0,Friday,17,23,12,urban,0.01098699128190526,0.2,97.0,0.0,13.6,2,7.140635,40.55,2025-07-18,Friday,2,12
3.0,Friday,19,23,11,urban,0.0019269712102801006,3.3,86.0,47.0,6.4,2,4.435011,20.7,2025-07-18,Friday,2,12
3.0,Friday,21,24,10,urban,0.01708337078732162,12.0,53.0,257.0,8.9,2,13.279636,24.46,2025-07-18,Friday,2,12
3.0,Friday,15,28,10,urban,0.004686829376297517,8.5,100.0,0.0,6.3,2,20.228125,8.7,2025-07-25,Friday,2,20
3.0,Friday,8,17,12,urban,0.006060116487710343,1.9,93.0,2.0,18.4,2,30.220914,24.24,2025-07-25,Friday,2,20
3.0,Friday,20,23,10,urban,-2.4912772104098736e-05,8.4,94.0,1.0,20.1,2,13.708662,8.19,2025-07-25,Friday,2,20
3.0,Friday,9,27,10,urban,0.0033360788090868285,8.3,96.0,151.0,7.1,2,24.529554,23.9,2025-07-25,Friday,2,20
3.0,Friday,16,13,12,urban,0.0024861598120387686,5.0,100.0,1.0,8.5,2,16.269027,8.92,2025-07-25,Friday,2,20
3.0,Friday,17,27,12,urban,0.003918223495720238,5.8,77.0,0.0,5.4,2,30.325582,4.49,2025-07-25,Friday,2,20
3.0,Friday,14,15,10,urban,0.005033857235549304,1.9,92.0,60.0,5.5,2,24.399738,8.71,2025-07-25,Friday,2,20
3.0,Friday,15,27,10,urban,0.02049383892490288,9.4,95.0,3.0,6.4,2,62.592359,6.94,2025-07-25,Friday,2,20
3.0,Friday,22,20,12,urban,0.016697019775982338,6.3,61.0,0.0,5.9,2,3.516106,5.17,2025-07-25,Friday,2,20
3.0,Friday,21,24,10,urban,0.00023963674382377741,7.3,89.0,1.0,4.3,2,7.181138,21.27,2025-07-25,Friday,2,20
3.0,Friday,3,19,12,urban,0.013469115558029456,7.2,71.0,0.0,13.5,2,4.210096,9.35,2025-07-25,Friday,2,20
3.0,Friday,14,12,11,urban,0.001378908180695196,5.2,99.0,0.0,16.1,2,48.186049,9.98,2025-07-25,Friday,2,20
3.0,Friday,8,12,12,urban,0.0028075127513738146,6.1,71.0,0.0,8.4,2,17.987242,4.65,2025-07-25,Friday,2,20
3.0,Friday,15,27,12,urban,0.0025058896455747402,9.6,100.0,3.0,4.2,2,22.727405,15.82,2025-07-25,Friday,2,20
3.0,Friday,22,27,12,urban,0.0033756200006156267,8.0,97.0,0.0,13.7,2,16.122665,27.01,2025-07-25,Friday,2,20
3.0,Friday,22,21,9,urban,0.013453799978674127,5.4,92.0,1.0,11.3,2,21.819034,18.4,2025-07-25,Friday,2,20
3.0,Friday,3,26,11,urban,0.0036728610982354666,-7.1,92.0,2.0,8.3,2,42.533348,12.22,2025-07-25,Friday,2,20
3.0,Friday,15,15,12,urban,0.01388128548294409,5.6,66.0,0.0,3.2,2,21.389139,9.53,2025-07-25,Friday,2,20
3.0,Friday,8,17,1,urban,0.0015056255509369601,5.3,94.0,1.0,11.4,2,17.61398,7.12,2025-07-25,Friday,2,20
3.0,Friday,16,7,11,urban,0.015112326956243649,7.7,95.0,1.0,17.2,2,11.47457,27.05,2025-07-25,Friday,2,20
3.0,Friday,15,27,9,urban,0.033759338938176925,24.8,60.0,1.0,4.9,2,23.907798,17.82,2025-08-01,Friday,2,22
3.0,Friday,22,31,12,urban,0.011533179962954773,2.1,100.0,2.0,21.2,2,7.602132,19.07,2025-08-01,Friday,2,22
3.0,Friday,23,19,11,urban,0.02623655274550632,0.0,73.0,2.0,11.4,2,9.093519,16.15,2025-08-01,Friday,2,22
3.0,Friday,10,24,11,urban,0.0076077392389249585,1.3,81.0,0.0,20.5,2,11.542106,23.8,2025-08-01,Friday,2,22
3.0,Friday,16,26,4,urban,0.004141273223760902,8.7,32.0,498.0,6.8,2,6.615095,22.78,2025-08-01,Friday,2,22
3.0,Friday,3,31,11,urban,0.0013326130859309883,8.6,62.0,0.0,13.7,2,15.454472,33.94,2025-08-01,Friday,2,22
3.0,Friday,23,26,12,urban,0.03708703719223491,12.9,67.0,1.0,8.8,2,19.754053,2.76,2025-08-01,Friday,2,22
3.0,Friday,16,19,11,urban,0.02958765466237942,1.4,83.0,59.0,31.4,2,45.614979,25.27,2025-08-01,Friday,2,22
3.0,Friday,16,7,12,urban,0.03715766440293747,0.5,89.0,1.0,11.9,2,96.389747,9.3,2025-08-01,Friday,2,22
3.0,Friday,17,2,11,urban,0.037040340126160566,0.5,99.0,0.0,27.8,2,9.463264,12.19,2025-08-01,Friday,2,22
3.0,Friday,16,23,12,urban,0.003729748333542164,5.0,83.0,2.0,21.3,2,9.128807,48.76,2025-08-01,Friday,2,22
3.0,Friday,22,24,10,urban,0.002944936542793997,8.9,96.0,1.0,6.3,2,4.292617,15.36,2025-08-01,Friday,2,22
3.0,Friday,15,2,12,urban,0.004084841898331618,3.4,88.0,81.0,8.2,2,24.446523,5.6,2025-08-01,Friday,2,22
3.0,Friday,8,26,10,urban,0.005974065209048191,10.4,41.0,558.0,12.7,2,34.687775,20.11,2025-08-01,Friday,2,22
3.0,Friday,15,15,10,urban,0.002649280825941751,7.8,91.0,2.0,4.7,2,32.829145,7.28,2025-08-01,Friday,2,22
3.0,Friday,8,30,11,urban,0.004525825281934589,1.1,98.0,0.0,7.0,2,20.172216,9.24,2025-08-01,Friday,2,22
3.0,Friday,16,25,3,urban,0.002147006725806439,5.1,35.0,1.0,4.6,2,69.941467,5.15,2025-08-01,Friday,2,22
3.0,Friday,16,28,9,urban,0.045246739901315,11.1,99.0,132.0,14.2,2,15.037189,13.68,2025-08-01,Friday,2,22
3.0,Friday,9,27,11,urban,0.014491289018604964,7.3,94.0,217.0,5.6,2,38.374426,1.83,2025-08-01,Friday,2,22
3.0,Friday,15,15,10,urban,0.043612251055939834,8.6,64.0,0.0,6.8,2,22.608814,7.08,2025-08-01,Friday,2,22
3.0,Friday,18,13,6,urban,0.01968395006616474,-3.3,95.0,0.0,10.1,2,8.294952,12.13,2025-08-01,Friday,2,22
3.0,Friday,16,11,11,sub-urban,0.0039285261868225825,7.2,100.0,1.0,3.7,2,15.526198,6.14,2025-08-01,Friday,2,22
3.0,Friday,20,15,10,urban,0.040907998683018615,1.5,98.0,2.0,5.7,2,5.65479,25.0,2025-08-08,Friday,2,23
3.0,Friday,22,27,12,urban,0.006579739037806022,10.3,94.0,1.0,6.7,2,9.680767,32.56,2025-08-08,Friday,2,23
3.0,Friday,9,12,10,urban,0.0034959877959888077,8.0,94.0,22.0,18.7,2,43.573784,14.89,2025-08-08,Friday,2,23
3.0,Friday,17,1,10,urban,0.053556613330531605,9.0,90.0,1.0,13.1,2,8.563715,10.05,2025-08-08,Friday,2,23
3.0,Friday,15,18,10,urban,0.006009999313077791,6.1,96.0,0.0,13.0,2,14.589548,10.49,2025-08-08,Friday,2,23
3.0,Friday,13,1,12,urban,0.022846034027284957,2.8,88.0,23.0,16.1,2,22.319461,8.26,2025-08-08,Friday,2,23
3.0,Friday,16,3,12,urban,0.0024028602996697852,6.6,98.0,0.0,10.5,2,43.055721,9.07,2025-08-08,Friday,2,23
3.0,Friday,15,12,11,urban,0.03063352745276981,11.5,99.0,1.0,5.6,2,17.533215,6.3,2025-08-08,Friday,2,23
3.0,Friday,14,4,11,urban,0.0006950563322148471,4.0,94.0,0.0,11.5,2,45.566113,13.9,2025-08-08,Friday,2,23
3.0,Friday,3,24,4,urban,0.0006187337029930073,8.9,96.0,0.0,14.4,2,17.54067,8.81,2025-08-08,Friday,2,23
3.0,Friday,3,17,1,urban,0.010759740221101679,2.3,91.0,0.0,8.7,2,12.303782,36.41,2025-08-08,Friday,2,23
3.0,Friday,13,9,1,urban,0.012953725206208877,4.1,96.0,0.0,26.8,2,19.732375,10.64,2025-08-08,Friday,2,23
3.0,Friday,17,15,10,urban,0.0038690872634656362,4.9,97.0,0.0,7.4,2,2.100718,7.13,2025-08-08,Friday,2,23
3.0,Friday,5,25,12,urban,0.0044522980906542015,5.3,34.0,3.0,8.1,2,4.789128,8.17,2025-08-08,Friday,2,23
3.0,Friday,16,27,12,urban,-0.00031,9.4,93.0,1.0,14.3,2,23.806172,24.49,2025-08-08,Friday,2,23
3.0,Friday,5,27,11,urban,0.020071120113328258,-0.7,62.0,1.0,12.1,2,6.626068,10.35,2025-08-08,Friday,2,23
3.0,Friday,14,27,7,urban,0.015157657220485517,10.1,58.0,2.0,9.0,2,19.695388,8.48,2025-08-08,Friday,2,23
3.0,Friday,16,27,10,urban,0.019131052311075657,6.7,100.0,0.0,8.9,2,36.529097,9.63,2025-08-08,Friday,2,23
3.0,Friday,3,14,10,urban,0.0030034617700497603,10.6,97.0,391.0,5.8,2,42.868005,7.43,2025-08-08,Friday,2,23
3.0,Friday,19,16,10,urban,0.025113792191173517,8.4,73.0,0.0,16.4,2,26.732028,12.61,2025-08-08,Friday,2,23
3.0,Friday,14,26,12,urban,0.039543009786038495,0.5,79.0,1.0,5.4,2,14.310503,15.34,2025-08-08,Friday,2,23
3.0,Friday,17,13,11,urban,0.026133774218251797,7.0,84.0,68.0,10.2,2,2.980734,10.83,2025-08-08,Friday,2,23
3.0,Friday,19,24,10,urban,0.0022476563993501326,21.1,60.0,282.0,9.3,2,27.594311,8.0,2025-08-08,Friday,2,23
3.0,Friday,15,23,10,sub-urban,0.041856425164189234,4.2,93.0,1.0,5.5,2,10.501067,8.14,2025-08-15,Friday,2,13
3.0,Friday,13,6,10,urban,0.005574557490408181,2.2,97.0,1.0,9.2,2,20.827783,18.9,2025-08-15,Friday,2,13
3.0,Friday,8,26,10,urban,0.0030823766208060085,9.1,67.0,0.0,7.4,2,9.396066,13.53,2025-08-15,Friday,2,13
3.0,Friday,16,18,12,urban,0.004503890307913283,8.4,38.0,201.0,15.1,2,23.389684,8.48,2025-08-15,Friday,2,13
3.0,Friday,15,14,12,urban,0.004709043120957344,2.3,100.0,0.0,10.4,2,24.3031,8.33,2025-08-15,Friday,2,13
3.0,Friday,0,11,10,urban,0.011156676994379222,9.0,85.0,24.0,11.4,2,18.661146,22.6,2025-08-15,Friday,2,13
3.0,Friday,16,25,12,urban,0.0021395306311704056,6.7,46.0,0.0,6.1,2,14.694328,10.57,2025-08-15,Friday,2,13
3.0,Friday,20,25,10,urban,0.00683258252010751,7.1,72.0,0.0,8.4,2,5.644157,19.6,2025-08-15,Friday,2,13
3.0,Friday,22,8,10,urban,0.011977272794546927,7.7,96.0,2.0,6.0,2,18.756424,9.44,2025-08-15,Friday,2,13
3.0,Friday,11,27,11,urban,0.006337672155424148,6.7,60.0,79.0,4.2,2,3.967946,6.76,2025-08-15,Friday,2,13
3.0,Friday,9,15,12,urban,0.013085030739683786,7.1,98.0,0.0,3.8,2,44.821868,24.57,2025-08-15,Friday,2,13
3.0,Friday,20,20,11,urban,0.0357030782531073,6.3,100.0,0.0,11.0,2,16.483714,13.7,2025-08-15,Friday,2,13
3.0,Friday,20,24,11,urban,0.040903286763920174,2.9,99.0,0.0,14.4,2,25.003845,8.8,2025-08-15,Friday,2,13
3.0,Friday,13,28,10,urban,0.023414887745280943,9.1,76.0,1.0,18.1,2,3.425912,3.32,2025-08-22,Friday,2,14
3.0,Friday,10,15,12,urban,0.0026920578338753484,9.4,92.0,1.0,22.2,2,22.977799,26.23,2025-08-22,Friday,2,14
3.0,Friday,15,11,7,urban,0.0016961062091595527,13.3,99.0,465.0,19.2,2,44.945185,9.28,2025-08-22,Friday,2,14
3.0,Friday,16,24,10,urban,0.005268282183701373,5.0,64.0,2.0,4.3,2,29.917573,28.19,2025-08-22,Friday,2,14
3.0,Friday,14,4,12,urban,0.041070017987261134,7.3,100.0,1.0,16.1,2,13.100649,25.86,2025-08-22,Friday,2,14
3.0,Friday,5,15,11,urban,0.002519816328547783,5.9,100.0,170.0,14.8,2,21.348287,13.69,2025-08-22,Friday,2,14
3.0,Friday,15,28,12,urban,0.037058078020525936,0.3,99.0,1.0,14.8,2,8.412524,7.08,2025-08-22,Friday,2,14
3.0,Friday,17,15,12,sub-urban,0.03606471821985431,-0.4,86.0,1.0,22.0,2,42.548601,5.76,2025-08-22,Friday,2,14
3.0,Friday,3,13,12,urban,0.004668009307880739,-2.1,100.0,0.0,8.7,2,11.307658,11.63,2025-08-22,Friday,2,14
3.0,Friday,15,15,12,urban,0.014234879523074416,6.2,99.0,42.0,9.7,2,13.196854,35.68,2025-08-22,Friday,2,14
3.0,Friday,10,6,12,urban,0.014603690530729702,5.0,100.0,0.0,17.6,2,29.05,6.46,2025-08-22,Friday,2,14
3.0,Friday,8,25,12,urban,0.032208918287785486,2.1,92.0,65.0,7.4,2,43.120799,15.11,2025-08-22,Friday,2,14
3.0,Friday,3,28,12,urban,0.01648939915298549,8.0,60.0,503.0,21.5,2,7.42703,10.23,2025-08-22,Friday,2,14
3.0,Friday,23,13,6,urban,0.0185255488520087,18.8,52.0,1.0,1.7,2,14.480375,2.79,2025-08-22,Friday,2,14
3.0,Friday,16,29,12,urban,0.0008015237959545746,3.9,90.0,1.0,14.7,2,8.97678,18.51,2025-08-29,Friday,2,14
3.0,Friday,16,30,11,urban,0.01435470580173997,5.2,66.0,214.0,13.4,2,21.424362,4.4,2025-08-29,Friday,2,14
3.0,Friday,10,15,10,urban,0.001730695087301959,8.6,94.0,1.0,19.0,2,39.793906,24.91,2025-08-29,Friday,2,14
3.0,Friday,13,9,10,urban,0.001087155115535694,6.5,74.0,1.0,11.2,2,11.121213,16.4,2025-08-29,Friday,2,14
3.0,Friday,17,21,12,urban,0.0013287354131122303,6.8,94.0,1.0,6.3,2,17.608999,9.63,2025-08-29,Friday,2,14
3.0,Friday,20,15,11,urban,0.004181450347227137,14.4,61.0,1.0,5.3,2,15.355585,6.78,2025-08-29,Friday,2,14
3.0,Friday,22,23,11,urban,0.003058516214789385,4.7,99.0,1.0,13.9,2,15.877791,14.82,2025-08-29,Friday,2,14
3.0,Friday,21,17,1,urban,0.014714954949022762,3.3,91.0,80.0,9.0,2,3.855068,4.5,2025-08-29,Friday,2,14
3.0,Friday,14,24,11,urban,0.004065879479259592,9.4,73.0,0.0,12.2,2,17.568292,8.61,2025-08-29,Friday,2,14
3.0,Friday,2,22,10,urban,0.015046499306861763,1.1,76.0,47.0,15.4,2,5.017893,11.33,2025-08-29,Friday,2,14
3.0,Friday,21,3,12,urban,0.01998719411244617,5.7,100.0,1.0,6.2,2,6.260892,24.32,2025-08-29,Friday,2,14
3.0,Friday,17,13,12,urban,0.04174808958588141,-1.4,83.0,0.0,15.2,2,44.305453,26.74,2025-08-29,Friday,2,14
3.0,Friday,20,13,10,urban,0.004796406503978644,8.2,100.0,16.0,5.6,2,44.565892,5.57,2025-08-29,Friday,2,14
3.0,Friday,17,16,12,urban,0.031831516824485276,2.5,78.0,1.0,4.5,2,20.498564,12.26,2025-08-29,Friday,2,14
3.0,Friday,22,9,12,urban,0.03665710678552507,10.3,99.0,1.0,7.3,2,45.994676,10.62,2025-09-05,Friday,2,11
3.0,Friday,19,4,10,urban,-0.00023781439441823878,8.3,92.0,0.0,8.8,2,14.879829,9.44,2025-09-05,Friday,2,11
3.0,Friday,16,23,12,urban,0.002743946366458252,7.6,71.0,2.0,19.0,2,14.622429,28.98,2025-09-05,Friday,2,11
3.0,Friday,21,6,12,urban,0.03611907436407916,1.0,76.0,0.0,2.4,2,3.889207,35.99,2025-09-05,Friday,2,11
3.0,Friday,23,8,12,urban,0.02341658225711657,5.0,99.0,0.0,6.1,2,6.386465,15.25,2025-09-05,Friday,2,11
3.0,Friday,22,5,12,urban,0.027517442527817883,3.0,100.0,0.0,8.8,2,15.843133,60.73,2025-09-05,Friday,2,11
3.0,Friday,22,20,11,urban,0.005863380067010835,1.0,98.0,0.0,6.4,2,15.074531,9.7,2025-09-05,Friday,2,11
3.0,Friday,4,15,3,urban,0.027374182331381097,3.3,86.0,0.0,11.5,2,13.171698,8.57,2025-09-05,Friday,2,11
3.0,Friday,11,13,11,urban,0.0398330414928442,-2.9,89.0,1.0,14.2,2,8.674492,6.21,2025-09-05,Friday,2,11
3.0,Friday,9,26,10,urban,0.002644228871552536,4.7,96.0,0.0,8.4,2,33.023994,34.85,2025-09-05,Friday,2,11
3.0,Friday,16,11,8,urban,0.014233684200739187,0.8,95.0,164.0,11.4,2,62.003466,6.29,2025-09-05,Friday,2,11
3.0,Friday,9,6,10,urban,0.003544077892767135,6.2,99.0,0.0,16.1,2,20.512124,17.72,2025-09-12,Friday,2,12
3.0,Friday,9,5,12,urban,0.04420074128856868,0.3,89.0,2.0,7.3,2,3.379607,8.97,2025-09-12,Friday,2,12
3.0,Friday,12,3,11,urban,0.034745143610724546,4.7,89.0,0.0,9.0,2,23.549018,38.36,2025-09-12,Friday,2,12
3.0,Friday,13,2,12,urban,0.005749871854724542,4.4,66.0,1.0,5.2,2,38.405669,18.29,2025-09-12,Friday,2,12
3.0,Friday,6,15,10,urban,-0.00031,10.9,94.0,0.0,8.3,2,12.076187,21.28,2025-09-12,Friday,2,12
3.0,Friday,6,17,11,urban,0.021192414638120737,7.4,94.0,393.0,7.5,2,3.93192,9.09,2025-09-12,Friday,2,12
3.0,Friday,17,20,12,urban,0.0167331166940178,23.4,94.0,0.0,1.9,2,15.747081,16.32,2025-09-12,Friday,2,12
3.0,Friday,9,18,10,urban,0.0035736688001674027,8.6,40.0,2.0,7.0,2,11.244048,3.66,2025-09-12,Friday,2,12
3.0,Friday,13,13,12,urban,0.003973336365301381,2.4,73.0,1.0,5.7,2,13.219576,19.62,2025-09-12,Friday,2,12
3.0,Friday,10,27,10,urban,0.0029086581594935353,8.9,98.0,204.0,17.8,2,18.541978,8.59,2025-09-12,Friday,2,12
3.0,Friday,22,23,4,urban,0.0029058808380980523,7.8,24.0,408.0,6.0,2,19.076822,22.36,2025-09-12,Friday,2,12
3.0,Friday,17,15,10,urban,0.003306784171261529,6.5,62.0,1.0,8.5,2,7.299426,7.95,2025-09-12,Friday,2,12
3.0,Friday,4,23,3,urban,0.0006806512992300895,9.9,34.0,209.0,16.9,2,19.618796,13.53,2025-09-19,Friday,2,14
3.0,Friday,13,15,12,urban,0.007688798076762524,3.3,98.0,24.0,14.2,2,18.431567,33.43,2025-09-19,Friday,2,14
3.0,Friday,7,13,12,urban,0.019098342008260466,2.2,99.0,0.0,7.2,2,25.363045,6.33,2025-09-19,Friday,2,14
3.0,Friday,3,26,6,urban,-0.00031,6.5,98.0,0.0,20.3,2,75.997498,19.56,2025-09-19,Friday,2,14
3.0,Friday,15,8,11,urban,0.03848472861988168,28.0,100.0,0.0,16.8,2,15.16195,8.11,2025-09-19,Friday,2,14
3.0,Friday,0,19,11,urban,0.0018364916898546378,2.1,100.0,1.0,7.4,2,16.138071,26.14,2025-09-19,Friday,2,14
3.0,Friday,0,26,3,urban,-0.00031,10.5,96.0,1.0,13.5,2,10.967116,5.42,2025-09-19,Friday,2,14
3.0,Friday,20,16,12,urban,0.0026712931612742482,7.0,67.0,1.0,7.1,2,46.956335,24.51,2025-09-19,Friday,2,14
3.0,Friday,6,11,1,urban,0.016601492920508797,8.4,96.0,0.0,17.1,2,5.398726,15.48,2025-09-19,Friday,2,14
3.0,Friday,8,27,12,urban,0.013772404891740354,8.2,68.0,59.0,14.9,2,14.165294,7.63,2025-09-19,Friday,2,14
3.0,Friday,16,18,11,urban,0.0037681962189711196,8.5,98.0,382.0,7.2,2,28.788227,33.03,2025-09-19,Friday,2,14
3.0,Friday,15,8,12,urban,0.027045529097889005,1.4,94.0,0.0,17.9,2,13.357654,8.44,2025-09-19,Friday,2,14
3.0,Friday,18,10,12,urban,0.05569049378601145,0.5,99.0,1.0,10.8,2,22.909052,7.13,2025-09-19,Friday,2,14
3.0,Friday,15,1,8,urban,0.017672566922866628,27.4,69.0,1.0,11.0,2,70.584813,5.3,2025-09-19,Friday,2,14
3.0,Saturday,22,28,12,urban,0.020240803405571304,3.6,84.0,0.0,8.6,2,11.494776,25.62,2025-06-28,Saturday,2,5
3.0,Saturday,16,31,11,urban,0.0176520295519848,8.0,81.0,0.0,6.0,2,19.450394,7.54,2025-06-28,Saturday,2,5
3.0,Saturday,11,5,11,urban,0.040497263852861926,5.6,80.0,0.0,4.4,2,2.0,9.98,2025-06-28,Saturday,2,5
3.0,Saturday,15,15,10,urban,0.0032239650218538122,5.6,100.0,1.0,23.9,2,7.480215,31.63,2025-06-28,Saturday,2,5
3.0,Saturday,20,20,10,urban,0.001924012357434112,4.8,90.0,1.0,10.9,2,3.524183,21.48,2025-06-28,Saturday,2,5
3.0,Saturday,14,29,9,urban,0.0008765336160776994,5.3,62.0,1.0,27.4,2,34.698255,8.78,2025-07-05,Saturday,2,13
3.0,Saturday,20,30,12,urban,0.011222819259826353,2.5,99.0,0.0,21.3,2,41.42541,24.54,2025-07-05,Saturday,2,13
3.0,Saturday,23,2,12,urban,0.041746943521981064,1.6,99.0,0.0,3.6,2,21.587083,32.23,2025-07-05,Saturday,2,13
3.0,Saturday,0,15,10,urban,0.018130640590140697,10.3,96.0,71.0,12.2,2,21.922635,29.98,2025-07-05,Saturday,2,13
3.0,Saturday,18,6,11,urban,0.011319579207846158,-6.1,95.0,0.0,14.4,2,8.727209,26.32,2025-07-05,Saturday,2,13
3.0,Saturday,17,23,10,urban,0.004434026644787242,2.4,89.0,0.0,9.8,2,20.46334,5.57,2025-07-05,Saturday,2,13
3.0,Saturday,17,30,12,urban,0.03649209804731219,-6.7,70.0,2.0,8.2,2,3.392168,4.83,2025-07-05,Saturday,2,13
3.0,Saturday,4,15,12,urban,0.04012167633896216,3.0,92.0,3.0,10.4,2,2.0,7.82,2025-07-05,Saturday,2,13
3.0,Saturday,4,24,3,urban,-4.541484628637314e-05,2.8,71.0,55.0,17.8,2,7.394029,32.83,2025-07-05,Saturday,2,13
3.0,Saturday,17,6,3,urban,0.04805211695034273,1.4,83.0,1.0,5.4,2,21.955489,7.81,2025-07-05,Saturday,2,13
3.0,Saturday,20,18,11,urban,0.0063109061482269566,8.6,100.0,1.0,7.3,2,67.442064,9.24,2025-07-05,Saturday,2,13
3.0,Saturday,18,10,9,urban,0.005694855839021819,5.0,56.0,246.0,2.5,2,15.966386,8.71,2025-07-05,Saturday,2,13
3.0,Saturday,4,15,12,urban,0.003176661164870945,3.8,93.0,66.0,13.6,2,4.936166,12.23,2025-07-05,Saturday,2,13
3.0,Saturday,18,22,11,urban,0.003674840193635885,7.2,99.0,2.0,6.4,2,13.337167,13.86,2025-07-12,Saturday,2,14
3.0,Saturday,19,29,9,urban,-0.00031,0.9,98.0,0.0,11.6,2,15.469379,4.97,2025-07-12,Saturday,2,14
3.0,Saturday,20,28,4,urban,0.004243037728239989,8.8,95.0,0.0,15.7,2,10.781058,28.64,2025-07-12,Saturday,2,14
3.0,Saturday,17,19,11,urban,0.020701848771923343,4.7,74.0,20.0,16.3,2,17.997409,7.03,2025-07-12,Saturday,2,14
3.0,Saturday,17,25,4,sub-urban,0.0014368426987551616,6.8,86.0,1.0,13.8,2,8.185803,19.47,2025-07-12,Saturday,2,14
3.0,Saturday,17,30,6,urban,0.0012827574494001658,13.9,99.0,1.0,8.7,2,20.760295,9.45,2025-07-12,Saturday,2,14
3.0,Saturday,16,12,10,urban,0.006600240014015813,5.9,96.0,0.0,5.1,2,14.782224,6.65,2025-07-12,Saturday,2,14
3.0,Saturday,16,21,10,urban,0.02400547470640821,4.7,92.0,0.0,9.9,2,7.338363,7.06,2025-07-12,Saturday,2,14
3.0,Saturday,14,2,12,sub-urban,0.03640213060233321,7.7,98.0,1.0,6.2,2,2.91391,6.85,2025-07-12,Saturday,2,14
3.0,Saturday,21,30,10,urban,0.04025820318876232,2.4,66.0,48.0,8.5,2,2.219872,12.74,2025-07-12,Saturday,2,14
3.0,Saturday,1,16,10,urban,0.03589558849663856,14.0,60.0,30.0,6.0,2,13.17554,26.46,2025-07-12,Saturday,2,14
3.0,Saturday,15,11,12,urban,0.002525282584553877,2.0,73.0,60.0,5.4,2,4.040027,8.4,2025-07-12,Saturday,2,14
3.0,Saturday,3,22,10,urban,0.016440521417944654,2.5,66.0,1.0,13.3,2,14.449902,47.03,2025-07-12,Saturday,2,14
3.0,Saturday,16,11,3,urban,0.023036489086193147,5.2,81.0,1.0,13.8,2,8.685736,7.79,2025-07-12,Saturday,2,14
3.0,Saturday,10,30,10,urban,0.02908625610101529,9.1,67.0,278.0,18.6,2,17.215586,6.16,2025-07-19,Saturday,2,8
3.0,Saturday,20,25,11,urban,0.019561859596332623,5.9,91.0,1.0,8.3,2,6.292485,17.91,2025-07-19,Saturday,2,8
3.0,Saturday,12,30,11,urban,0.05272780956775644,-8.8,72.0,1.0,4.7,2,35.331681,6.39,2025-07-19,Saturday,2,8
3.0,Saturday,15,30,12,urban,0.03847811444630401,2.1,66.0,0.0,10.6,2,23.645183,6.23,2025-07-19,Saturday,2,8
3.0,Saturday,13,15,11,urban,0.04039686311379334,2.2,62.0,1.0,6.0,2,4.307261,6.68,2025-07-19,Saturday,2,8
3.0,Saturday,23,18,11,urban,0.03645877591126108,2.0,99.0,0.0,5.2,2,3.099474,6.77,2025-07-19,Saturday,2,8
3.0,Saturday,8,18,1,urban,0.011358505096619887,7.3,99.0,309.0,35.1,2,20.724925,63.66,2025-07-19,Saturday,2,8
3.0,Saturday,16,3,11,urban,0.005292536121355407,6.3,97.0,0.0,12.9,2,35.485695,13.06,2025-07-19,Saturday,2,8
3.0,Saturday,12,16,3,urban,0.0019064557774326175,1.7,90.0,1.0,7.6,2,73.501293,8.24,2025-07-26,Saturday,2,15
3.0,Saturday,17,30,10,urban,0.011096909099642088,8.8,98.0,0.0,9.6,2,12.38482,47.22,2025-07-26,Saturday,2,15
3.0,Saturday,12,27,11,urban,0.014228499224109112,11.2,99.0,0.0,7.8,2,3.324614,6.12,2025-07-26,Saturday,2,15
3.0,Saturday,15,2,10,urban,0.01635270311849338,6.0,100.0,0.0,13.3,2,19.722537,8.07,2025-07-26,Saturday,2,15
3.0,Saturday,15,15,1,urban,0.022586640992280672,0.3,88.0,0.0,4.1,2,16.132141,13.96,2025-07-26,Saturday,2,15
3.0,Saturday,22,5,10,urban,0.04121547178955871,7.5,94.0,1.0,16.4,2,9.463031,22.47,2025-07-26,Saturday,2,15
3.0,Saturday,18,14,11,urban,0.004427831781103827,5.3,99.0,1.0,7.1,2,14.927875,7.7,2025-07-26,Saturday,2,15
3.0,Saturday,14,8,12,urban,0.0005132159854509839,7.7,54.0,26.0,12.1,2,2.840045,11.42,2025-07-26,Saturday,2,15
3.0,Saturday,14,26,6,urban,0.001470569302507668,8.1,99.0,2.0,10.7,2,47.174793,4.22,2025-07-26,Saturday,2,15
3.0,Saturday,17,28,10,urban,-0.00031,6.8,95.0,0.0,4.3,2,20.361365,12.76,2025-07-26,Saturday,2,15
3.0,Saturday,12,3,10,urban,0.017825035481016622,2.7,97.0,0.0,8.3,2,12.412891,11.97,2025-07-26,Saturday,2,15
3.0,Saturday,4,12,4,urban,0.016072539240654302,6.1,98.0,2.0,8.2,2,17.184297,29.44,2025-07-26,Saturday,2,15
3.0,Saturday,17,18,10,urban,0.034223259377721395,6.8,91.0,1.0,6.1,2,4.472921,8.02,2025-07-26,Saturday,2,15
3.0,Saturday,20,20,12,urban,0.036733260725000945,4.8,68.0,1.0,14.3,2,12.191227,5.9,2025-07-26,Saturday,2,15
3.0,Saturday,8,27,1,urban,0.021284466005887237,7.8,94.0,1.0,16.7,2,17.790126,25.39,2025-07-26,Saturday,2,15
3.0,Saturday,4,1,11,sub-urban,0.0006409724036523946,8.3,99.0,0.0,10.5,2,39.517241,30.92,2025-08-02,Saturday,2,9
3.0,Saturday,12,27,1,urban,0.00990260852687726,0.5,98.0,39.0,10.3,2,21.284587,3.36,2025-08-02,Saturday,2,9
3.0,Saturday,12,19,11,urban,0.03088324397357943,1.8,86.0,0.0,7.9,2,14.367199,7.06,2025-08-02,Saturday,2,9
3.0,Saturday,9,10,12,urban,0.004158900920355091,7.7,100.0,1.0,3.9,2,3.520951,6.39,2025-08-02,Saturday,2,9
3.0,Saturday,3,25,11,sub-urban,0.03913728342746124,0.6,97.0,0.0,4.6,2,36.586264,11.56,2025-08-02,Saturday,2,9
3.0,Saturday,22,7,12,urban,0.0343835441074627,3.0,98.0,0.0,8.4,2,19.776766,6.26,2025-08-02,Saturday,2,9
3.0,Saturday,3,15,12,urban,0.03296884864707853,3.1,90.0,1.0,6.9,2,28.169349,7.57,2025-08-02,Saturday,2,9
3.0,Saturday,14,30,4,urban,0.028588303277317983,9.0,95.0,0.0,28.0,2,15.896678,16.69,2025-08-02,Saturday,2,9
3.0,Saturday,12,6,11,urban,0.016484278421107043,0.1,100.0,0.0,7.9,2,9.475247,8.61,2025-08-02,Saturday,2,9
3.0,Saturday,11,20,11,urban,0.035583578010727916,-3.2,98.0,0.0,14.1,2,12.416145,8.57,2025-08-09,Saturday,2,11
3.0,Saturday,16,2,11,urban,0.04195428954413785,3.0,96.0,1.0,5.6,2,22.078386,7.88,2025-08-09,Saturday,2,11
3.0,Saturday,8,20,11,urban,0.008131694961084675,0.3,86.0,1.0,6.3,2,20.463063,20.11,2025-08-09,Saturday,2,11
3.0,Saturday,9,15,11,urban,0.017831230711941752,9.4,99.0,20.0,7.6,2,45.148234,6.1,2025-08-09,Saturday,2,11
3.0,Saturday,14,31,10,urban,-0.00031,11.5,68.0,0.0,14.7,2,6.867242,8.61,2025-08-09,Saturday,2,11
3.0,Saturday,12,8,1,urban,0.028327084506576325,2.0,97.0,1.0,16.3,2,10.345297,5.6,2025-08-09,Saturday,2,11
3.0,Saturday,13,22,11,urban,0.03916454529553627,2.9,79.0,1.0,6.8,2,4.242174,7.95,2025-08-09,Saturday,2,11
3.0,Saturday,14,2,11,urban,0.005690026498553511,1.0,98.0,1.0,19.3,2,4.101745,25.9,2025-08-09,Saturday,2,11
3.0,Saturday,10,11,12,urban,0.04427207576300055,-3.1,96.0,2.0,12.2,2,11.761525,3.46,2025-08-09,Saturday,2,11
3.0,Saturday,4,29,12,urban,0.03601170489463285,-0.4,89.0,0.0,8.7,2,7.826721,28.74,2025-08-09,Saturday,2,11
3.0,Saturday,16,2,4,urban,0.007616947893543674,5.0,89.0,274.0,1.8,2,21.361872,20.34,2025-08-09,Saturday,2,11
3.0,Saturday,13,28,12,urban,0.025093310475050118,1.6,87.0,0.0,5.4,2,19.473278,16.57,2025-08-16,Saturday,2,10
3.0,Saturday,16,27,11,urban,0.02097554446849624,6.4,75.0,0.0,12.6,2,13.90452,9.78,2025-08-16,Saturday,2,10
3.0,Saturday,14,4,9,urban,-0.00031,6.1,77.0,0.0,14.1,2,14.437314,16.48,2025-08-16,Saturday,2,10
3.0,Saturday,22,26,10,urban,0.039041206805625395,8.9,100.0,1.0,9.3,2,2.0,4.6,2025-08-16,Saturday,2,10
3.0,Saturday,16,16,12,urban,0.016181841121151938,2.6,89.0,17.0,17.4,2,28.508992,18.71,2025-08-16,Saturday,2,10
3.0,Saturday,19,14,12,urban,0.039161775417942385,2.2,98.0,1.0,8.3,2,22.49373,19.15,2025-08-16,Saturday,2,10
3.0,Saturday,3,29,4,urban,0.0026422001843949736,8.2,100.0,363.0,16.9,2,17.747796,30.35,2025-08-16,Saturday,2,10
3.0,Saturday,14,18,5,urban,0.0028651822920745754,3.8,40.0,193.0,16.7,2,11.981855,6.34,2025-08-16,Saturday,2,10
3.0,Saturday,16,27,12,urban,0.023601469937562958,3.1,100.0,2.0,14.8,2,3.33281,11.65,2025-08-16,Saturday,2,10
3.0,Saturday,4,9,12,urban,0.0018034820621334624,6.3,93.0,1.0,7.3,2,19.484631,10.85,2025-08-16,Saturday,2,10
3.0,Saturday,19,30,10,urban,0.03989418252988545,12.4,71.0,49.0,9.0,2,45.765217,3.51,2025-08-23,Saturday,2,11
3.0,Saturday,16,28,10,urban,0.03908672773620159,8.1,87.0,49.0,15.0,2,8.308633,7.13,2025-08-23,Saturday,2,11
3.0,Saturday,12,6,11,urban,0.04641695814299644,3.2,99.0,0.0,6.0,2,3.118879,31.39,2025-08-23,Saturday,2,11
3.0,Saturday,3,26,4,urban,0.005698470089942389,7.8,98.0,0.0,8.5,2,11.214822,18.44,2025-08-23,Saturday,2,11
3.0,Saturday,17,28,12,urban,0.028656913651371928,5.6,87.0,0.0,16.9,2,23.084943,9.17,2025-08-23,Saturday,2,11
3.0,Saturday,9,18,11,urban,0.0043240611550891435,1.5,98.0,1.0,7.2,2,24.774235,5.58,2025-08-23,Saturday,2,11
3.0,Saturday,16,15,12,urban,0.032949293185942786,3.1,95.0,1.0,11.2,2,2.0,29.75,2025-08-23,Saturday,2,11
3.0,Saturday,13,27,12,urban,0.005954293652557869,2.8,100.0,18.0,6.5,2,17.124251,51.07,2025-08-23,Saturday,2,11
3.0,Saturday,14,27,12,urban,-0.00031,8.4,99.0,0.0,9.8,2,9.403881,16.09,2025-08-23,Saturday,2,11
3.0,Saturday,17,5,11,urban,0.0345023913247391,2.7,99.0,61.0,10.2,2,2.588503,14.92,2025-08-23,Saturday,2,11
3.0,Saturday,17,23,11,urban,0.02208004199264109,8.8,97.0,527.0,22.5,2,27.374615,7.72,2025-08-23,Saturday,2,11
3.0,Saturday,14,26,11,urban,0.03900506012364925,0.9,75.0,1.0,5.1,2,3.584,16.36,2025-08-30,Saturday,2,16
3.0,Saturday,19,25,10,urban,0.007945036711065868,5.7,56.0,2.0,16.8,2,3.134827,7.84,2025-08-30,Saturday,2,16
3.0,Saturday,16,24,2,urban,0.009628247406360623,5.6,67.0,1.0,10.2,2,15.45941,15.06,2025-08-30,Saturday,2,16
3.0,Saturday,16,30,10,urban,0.012453942501709149,9.5,84.0,1.0,15.2,2,13.208637,8.75,2025-08-30,Saturday,2,16
3.0,Saturday,4,27,5,urban,0.0018893030683094147,2.6,93.0,0.0,12.8,2,16.481048,13.4,2025-08-30,Saturday,2,16
3.0,Saturday,3,13,10,urban,0.00281159647702853,5.8,92.0,1.0,11.9,2,35.396055,4.91,2025-08-30,Saturday,2,16
3.0,Saturday,14,8,10,urban,0.0320777224984111,3.5,68.0,1.0,13.8,2,2.442841,9.89,2025-08-30,Saturday,2,16
3.0,Saturday,16,16,12,urban,0.042645346857096096,-1.2,99.0,1.0,4.0,2,21.740906,8.71,2025-08-30,Saturday,2,16
3.0,Saturday,9,27,12,urban,0.004711796515702472,3.1,99.0,0.0,7.1,2,8.192216,15.05,2025-08-30,Saturday,2,16
3.0,Saturday,17,6,9,urban,0.002298341188100955,8.6,98.0,357.0,2.1,2,42.708713,20.68,2025-08-30,Saturday,2,16
3.0,Saturday,15,23,10,urban,0.010590491023927123,3.8,90.0,1.0,6.5,2,4.663744,3.3,2025-08-30,Saturday,2,16
3.0,Saturday,14,5,3,urban,0.0008903146347013446,7.1,91.0,1.0,4.6,2,19.672551,9.22,2025-08-30,Saturday,2,16
3.0,Saturday,13,6,11,urban,0.0034421177890651064,-5.3,96.0,1.0,4.9,2,14.579513,10.2,2025-08-30,Saturday,2,16
3.0,Saturday,12,18,3,urban,0.0018122962192353175,4.3,77.0,225.0,7.5,2,24.461119,4.03,2025-08-30,Saturday,2,16
3.0,Saturday,13,10,11,urban,0.03347666926035633,5.9,68.0,0.0,14.2,2,21.889395,9.88,2025-08-30,Saturday,2,16
3.0,Saturday,20,16,10,urban,0.03841508383671207,6.7,70.0,1.0,4.6,2,7.975538,29.41,2025-08-30,Saturday,2,16
3.0,Saturday,12,19,9,urban,0.0006911307145976691,1.8,92.0,1.0,17.5,2,13.144206,5.22,2025-09-06,Saturday,2,10
3.0,Saturday,22,3,12,urban,0.015331102700915984,4.3,75.0,79.0,19.4,2,29.576173,8.14,2025-09-06,Saturday,2,10
3.0,Saturday,0,15,3,urban,0.03511323119734677,1.5,91.0,0.0,4.3,2,16.156757,21.51,2025-09-06,Saturday,2,10
3.0,Saturday,15,24,11,urban,0.008444334573790879,5.3,99.0,0.0,14.1,2,37.668112,8.76,2025-09-06,Saturday,2,10
3.0,Saturday,13,9,12,urban,0.0007932256859196803,7.1,56.0,383.0,2.4,2,6.520253,22.24,2025-09-06,Saturday,2,10
3.0,Saturday,14,25,12,urban,0.020288862755287913,3.4,71.0,0.0,9.8,2,19.83526,2.96,2025-09-06,Saturday,2,10
3.0,Saturday,12,21,12,urban,0.018406860479400558,1.6,93.0,0.0,6.9,2,6.969335,6.07,2025-09-06,Saturday,2,10
3.0,Saturday,8,28,10,urban,0.0015406345865494877,7.6,99.0,0.0,7.4,2,21.376396,31.59,2025-09-06,Saturday,2,10
3.0,Saturday,15,4,6,urban,0.01585263716929594,22.7,99.0,1.0,12.2,2,62.788467,8.89,2025-09-06,Saturday,2,10
3.0,Saturday,15,23,12,urban,0.004902333170521692,3.8,97.0,1.0,8.7,2,15.754578,12.3,2025-09-06,Saturday,2,10
3.0,Saturday,22,28,11,urban,0.00816144635546286,4.3,100.0,0.0,8.9,2,15.022659,53.62,2025-09-13,Saturday,2,10
3.0,Saturday,13,5,12,urban,0.0026949416586016725,0.7,93.0,64.0,8.7,2,20.446102,6.55,2025-09-13,Saturday,2,10
3.0,Saturday,12,26,10,urban,0.002515286460074185,7.8,96.0,1.0,6.5,2,15.451216,7.99,2025-09-13,Saturday,2,10
3.0,Saturday,4,27,12,urban,0.0024684034010453875,7.3,58.0,1.0,16.6,2,35.712134,50.84,2025-09-13,Saturday,2,10
3.0,Saturday,10,9,12,urban,0.04287822025611292,0.8,74.0,1.0,6.1,2,3.954248,26.82,2025-09-13,Saturday,2,10
3.0,Saturday,15,13,11,urban,0.05660482435247288,-0.0,87.0,2.0,2.9,2,20.608742,9.04,2025-09-13,Saturday,2,10
3.0,Saturday,15,27,12,urban,0.0033033231790000296,3.0,98.0,0.0,12.0,2,47.741198,27.75,2025-09-13,Saturday,2,10
3.0,Saturday,11,3,10,urban,0.0037794457247888897,8.9,84.0,104.0,10.2,2,41.328195,20.16,2025-09-13,Saturday,2,10
3.0,Saturday,9,23,12,urban,0.034229076422575236,17.9,99.0,122.0,5.9,2,11.790796,11.34,2025-09-13,Saturday,2,10
3.0,Saturday,15,20,10,urban,0.03389475036232923,-3.7,69.0,0.0,33.6,2,2.687215,16.75,2025-09-13,Saturday,2,10
3.0,Saturday,16,24,12,urban,0.0003277245141906672,6.1,88.0,2.0,9.8,2,4.01289,27.16,2025-09-20,Saturday,2,11
3.0,Saturday,13,14,12,urban,0.016538888425895026,-3.5,100.0,0.0,8.8,2,20.165485,13.04,2025-09-20,Saturday,2,11
3.0,Saturday,14,27,12,urban,0.010898409428671206,4.9,100.0,0.0,18.1,2,30.078236,4.21,2025-09-20,Saturday,2,11
3.0,Saturday,15,5,12,urban,0.036805639551764885,0.7,85.0,1.0,21.8,2,13.768052,7.94,2025-09-20,Saturday,2,11
3.0,Saturday,17,22,11,urban,0.05948756514228901,7.3,96.0,0.0,11.7,2,18.168665,25.19,2025-09-20,Saturday,2,11
3.0,Saturday,22,3,10,urban,0.005243672960451414,8.4,90.0,1.0,8.6,2,4.748317,48.0,2025-09-20,Saturday,2,11
3.0,Saturday,15,3,11,urban,0.0041053538774623475,1.4,99.0,1.0,13.3,2,32.827784,12.49,2025-09-20,Saturday,2,11
3.0,Saturday,23,24,10,urban,0.009446381861469398,6.2,100.0,16.0,17.5,2,13.433552,32.41,2025-09-20,Saturday,2,11
3.0,Saturday,23,27,10,urban,6.079459391987452e-05,9.7,83.0,14.0,3.3,2,37.445055,7.55,2025-09-20,Saturday,2,11
3.0,Saturday,16,3,12,urban,0.0034066190577252075,8.3,57.0,0.0,7.2,2,27.525745,8.07,2025-09-20,Saturday,2,11
3.0,Saturday,17,2,11,urban,0.052689956645398696,3.0,92.0,1.0,14.3,2,17.231597,7.46,2025-09-20,Saturday,2,11
3.0,Mon-Th,21,23,12,urban,0.0013602768686283608,7.2,99.0,0.0,23.7,3,14.716946,5.13,2025-09-23,Mon-Th,3,26
3.0,Mon-Th,21,24,3,urban,0.00517184241115022,8.1,84.0,0.0,10.4,3,6.611242,8.23,2025-09-23,Mon-Th,3,26
3.0,Mon-Th,18,15,2,sub-urban,0.030942349283594767,0.3,72.0,0.0,12.6,3,16.158799,11.42,2025-09-23,Mon-Th,3,26
3.0,Mon-Th,15,2,12,urban,0.003995351537062792,7.4,75.0,1.0,5.4,3,4.654223,25.9,2025-09-23,Mon-Th,3,26
3.0,Mon-Th,20,2,5,urban,0.0026369615746836667,9.8,41.0,1.0,15.4,3,13.395478,24.0,2025-09-23,Mon-Th,3,26
3.0,Mon-Th,19,25,2,urban,0.03657496905453896,-7.2,81.0,0.0,8.1,3,6.625548,14.52,2025-09-23,Mon-Th,3,26
3.0,Mon-Th,11,23,1,urban,0.03273094592611067,-2.0,88.0,9.0,17.8,3,6.774539,4.88,2025-09-23,Mon-Th,3,26
3.0,Mon-Th,20,1,2,urban,0.015905690523084947,0.0,98.0,0.0,17.4,3,12.810339,7.96,2025-09-23,Mon-Th,3,26
3.0,Mon-Th,2,17,3,urban,0.03552188101583991,4.2,73.0,1.0,9.3,3,9.55065,14.99,2025-09-23,Mon-Th,3,26
3.0,Mon-Th,16,19,3,urban,0.04731243259973643,4.5,92.0,103.0,5.4,3,7.933443,5.08,2025-09-23,Mon-Th,3,26
3.0,Mon-Th,17,8,1,urban,0.015828769864277906,3.7,67.0,68.0,20.7,3,3.814431,5.33,2025-09-23,Mon-Th,3,26
3.0,Mon-Th,14,2,3,urban,0.001676877417066609,12.9,65.0,448.0,13.3,3,6.489465,11.31,2025-09-23,Mon-Th,3,26
3.0,Mon-Th,18,10,2,urban,0.029534361765251448,-9.9,87.0,0.0,4.1,3,14.156784,18.58,2025-09-23,Mon-Th,3,26
3.0,Mon-Th,23,23,2,urban,0.03676047951577918,-8.9,92.0,0.0,14.7,3,16.70776,53.27,2025-09-23,Mon-Th,3,26
3.0,Mon-Th,17,17,1,urban,0.015926906367279302,-2.9,74.0,0.0,3.7,3,20.857116,12.98,2025-09-23,Mon-Th,3,26
3.0,Mon-Th,5,17,1,urban,0.014579050053603687,-1.2,96.0,0.0,2.2,3,7.131585,9.27,2025-09-23,Mon-Th,3,26
3.0,Mon-Th,18,4,2,urban,0.058358202401364134,-6.5,83.0,0.0,7.1,3,6.18162,7.24,2025-09-23,Mon-Th,3,26
3.0,Mon-Th,21,19,3,sub-urban,0.04381748919492337,3.8,89.0,204.0,20.4,3,18.139617,6.06,2025-09-23,Mon-Th,3,26
3.0,Mon-Th,7,1,3,urban,0.011315680468459674,-11.5,93.0,0.0,8.7,3,12.003413,15.05,2025-09-23,Mon-Th,3,26
3.0,Mon-Th,12,30,2,urban,0.038577188920957156,-0.7,65.0,0.0,13.9,3,20.123856,15.73,2025-09-23,Mon-Th,3,26
3.0,Mon-Th,22,8,2,sub-urban,0.022974108241100473,1.7,88.0,0.0,3.9,3,12.160773,52.08,2025-09-23,Mon-Th,3,26
3.0,Mon-Th,17,8,1,urban,0.039416888320428896,-0.4,86.0,1.0,7.5,3,10.547398,12.26,2025-09-23,Mon-Th,3,26
3.0,Mon-Th,16,23,1,urban,0.01937002329512589,-1.6,77.0,0.0,19.7,3,2.991569,5.97,2025-09-23,Mon-Th,3,26
3.0,Mon-Th,20,11,2,urban,0.03706200624943492,-2.5,93.0,0.0,12.7,3,12.393397,8.95,2025-09-23,Mon-Th,3,26
3.0,Mon-Th,8,17,1,urban,0.009016956481674037,4.8,95.0,0.0,12.2,3,115.651284,19.23,2025-09-23,Mon-Th,3,26
3.0,Mon-Th,16,7,3,urban,0.042140971413657045,1.8,72.0,0.0,13.0,3,13.370258,15.56,2025-09-23,Mon-Th,3,26
3.0,Mon-Th,13,15,1,urban,0.01892156746566981,1.2,72.0,2.0,6.3,3,59.507838,5.41,2025-09-24,Mon-Th,3,25
3.0,Mon-Th,14,5,2,urban,0.042491390303318374,1.0,63.0,0.0,4.4,3,2.614067,8.58,2025-09-24,Mon-Th,3,25
3.0,Mon-Th,16,8,2,urban,0.013035448239637842,7.6,65.0,0.0,20.1,3,9.325452,6.94,2025-09-24,Mon-Th,3,25
3.0,Mon-Th,18,17,1,urban,0.0364898536067298,-4.5,90.0,1.0,17.0,3,2.0,4.43,2025-09-24,Mon-Th,3,25
3.0,Mon-Th,18,27,1,urban,0.0035899657312378954,1.4,88.0,1.0,11.2,3,11.805766,36.29,2025-09-24,Mon-Th,3,25
3.0,Mon-Th,21,17,1,urban,0.06465951352330633,-3.8,86.0,32.0,14.4,3,18.364357,8.54,2025-09-24,Mon-Th,3,25
3.0,Mon-Th,16,2,3,urban,0.013775827415784878,4.7,37.0,128.0,11.2,3,19.133255,41.78,2025-09-24,Mon-Th,3,25
3.0,Mon-Th,16,11,2,urban,0.01538641627952107,-0.4,86.0,0.0,8.1,3,37.730147,35.07,2025-09-24,Mon-Th,3,25
3.0,Mon-Th,4,17,6,urban,0.0033889621047392352,-7.6,96.0,1.0,16.2,3,20.933914,32.29,2025-09-24,Mon-Th,3,25
3.0,Mon-Th,18,15,1,urban,0.012497577765299469,3.9,62.0,14.0,6.8,3,2.192031,15.33,2025-09-24,Mon-Th,3,25
3.0,Mon-Th,14,4,3,urban,0.009409292815818076,7.5,95.0,399.0,4.9,3,4.812287,38.19,2025-09-24,Mon-Th,3,25
3.0,Mon-Th,22,12,1,urban,0.07538540631174138,-3.1,79.0,0.0,7.4,3,21.960067,7.75,2025-09-24,Mon-Th,3,25
3.0,Mon-Th,3,16,4,urban,0.004803964008699399,7.0,61.0,0.0,14.4,3,34.162524,24.65,2025-09-24,Mon-Th,3,25
3.0,Mon-Th,14,29,2,urban,0.038569634044008344,-2.2,80.0,0.0,8.7,3,25.868206,13.4,2025-09-24,Mon-Th,3,25
3.0,Mon-Th,15,27,2,urban,0.006203607702313091,-9.0,75.0,0.0,6.9,3,13.157453,11.55,2025-09-24,Mon-Th,3,25
3.0,Mon-Th,18,28,2,urban,0.018451069322068428,-11.8,90.0,1.0,32.9,3,11.580779,9.89,2025-09-24,Mon-Th,3,25
3.0,Mon-Th,14,7,1,urban,0.023436824061712297,-3.8,54.0,1.0,17.8,3,2.0,30.13,2025-09-24,Mon-Th,3,25
3.0,Mon-Th,20,21,12,urban,0.023430293217663097,-5.8,93.0,0.0,15.7,3,16.6482,6.13,2025-09-24,Mon-Th,3,25
3.0,Mon-Th,21,27,12,urban,0.014759090017224802,1.2,99.0,0.0,5.1,3,14.803162,30.81,2025-09-24,Mon-Th,3,25
3.0,Mon-Th,18,15,1,urban,0.040432721920216255,6.3,93.0,2.0,9.5,3,7.681646,8.7,2025-09-24,Mon-Th,3,25
3.0,Mon-Th,21,3,3,urban,0.01724797997693177,9.3,87.0,50.0,14.0,3,59.706836,9.15,2025-09-24,Mon-Th,3,25
3.0,Mon-Th,8,1,2,urban,0.032530892839974804,-0.7,65.0,1.0,29.2,3,12.579383,34.67,2025-09-24,Mon-Th,3,25
3.0,Mon-Th,5,15,2,urban,0.016537134945617076,3.8,57.0,269.0,14.6,3,16.445811,6.62,2025-09-24,Mon-Th,3,25
3.0,Mon-Th,22,10,12,urban,0.0431212035661853,-1.0,94.0,0.0,4.4,3,6.535323,34.28,2025-09-24,Mon-Th,3,25
3.0,Mon-Th,18,15,2,urban,0.03042971142249744,-1.8,72.0,1.0,5.3,3,33.296705,20.47,2025-09-24,Mon-Th,3,25
3.0,Mon-Th,22,2,6,urban,0.020413443818351012,2.3,64.0,1.0,8.2,3,8.817664,24.94,2025-09-25,Mon-Th,3,26
3.0,Mon-Th,17,23,1,urban,0.00950396087759704,-5.0,57.0,5.0,11.5,3,2.947134,8.86,2025-09-25,Mon-Th,3,26
3.0,Mon-Th,22,17,10,sub-urban,0.004611266280977933,6.7,95.0,11.0,17.2,3,6.271779,7.78,2025-09-25,Mon-Th,3,26
3.0,Mon-Th,21,2,3,urban,0.03479794885257851,-1.0,93.0,0.0,15.1,3,17.274489,24.94,2025-09-25,Mon-Th,3,26
3.0,Mon-Th,14,8,2,urban,0.05660621212989868,3.3,76.0,69.0,5.1,3,19.331831,6.42,2025-09-25,Mon-Th,3,26
3.0,Mon-Th,14,24,1,urban,0.013708766402937382,-3.9,80.0,0.0,27.8,3,4.993017,7.24,2025-09-25,Mon-Th,3,26
3.0,Mon-Th,1,27,3,urban,0.008735159576041488,4.0,62.0,0.0,8.3,3,13.630037,8.99,2025-09-25,Mon-Th,3,26
3.0,Mon-Th,15,21,12,urban,0.01897297632522677,2.2,92.0,0.0,3.0,3,13.762223,24.19,2025-09-25,Mon-Th,3,26
3.0,Mon-Th,18,18,2,urban,0.054465997600836744,-4.7,74.0,2.0,5.0,3,13.922966,11.7,2025-09-25,Mon-Th,3,26
3.0,Mon-Th,3,13,12,urban,0.0037549935116039856,1.6,52.0,2.0,6.8,3,23.006158,32.53,2025-09-25,Mon-Th,3,26
3.0,Mon-Th,15,17,1,urban,0.03717287594736195,6.7,77.0,51.0,16.1,3,3.543928,5.61,2025-09-25,Mon-Th,3,26
3.0,Mon-Th,13,14,2,urban,0.018892654733864422,-1.7,87.0,0.0,7.9,3,4.206944,7.74,2025-09-25,Mon-Th,3,26
3.0,Mon-Th,22,26,7,urban,0.02865380544633278,4.7,62.0,0.0,15.3,3,14.818272,11.09,2025-09-25,Mon-Th,3,26
3.0,Mon-Th,22,4,3,urban,0.013905715399903495,5.8,97.0,0.0,13.3,3,9.328716,21.32,2025-09-25,Mon-Th,3,26
3.0,Mon-Th,11,7,12,urban,0.010492526364299004,-2.1,74.0,0.0,17.5,3,2.0,5.77,2025-09-25,Mon-Th,3,26
3.0,Mon-Th,15,17,3,urban,0.0025518688902547017,5.0,93.0,0.0,18.1,3,24.545196,19.32,2025-09-25,Mon-Th,3,26
3.0,Mon-Th,17,28,1,urban,0.01904054949154113,3.2,54.0,195.0,15.0,3,4.116417,1.33,2025-09-25,Mon-Th,3,26
3.0,Mon-Th,7,16,1,urban,0.05568174289192401,1.9,85.0,0.0,5.5,3,11.865913,28.59,2025-09-25,Mon-Th,3,26
3.0,Mon-Th,4,29,2,urban,0.01267278090719456,1.1,63.0,0.0,11.6,3,20.441287,17.64,2025-09-25,Mon-Th,3,26
3.0,Mon-Th,19,24,10,urban,0.005846469094829283,7.6,74.0,206.0,14.7,3,20.035797,5.44,2025-09-25,Mon-Th,3,26
3.0,Mon-Th,17,17,1,urban,0.04214456542979937,9.7,71.0,11.0,16.5,3,9.222467,2.04,2025-09-25,Mon-Th,3,26
3.0,Mon-Th,21,27,12,urban,0.010788162968343725,2.9,74.0,0.0,7.4,3,3.432909,35.88,2025-09-25,Mon-Th,3,26
3.0,Mon-Th,18,1,2,urban,0.06054765094510546,0.1,95.0,0.0,4.2,3,59.810117,4.99,2025-09-25,Mon-Th,3,26
3.0,Mon-Th,14,28,3,urban,0.04201852308014843,1.4,61.0,0.0,12.6,3,12.353881,9.72,2025-09-25,Mon-Th,3,26
3.0,Mon-Th,11,23,1,urban,0.030204737558878023,2.1,100.0,0.0,23.2,3,13.584609,15.86,2025-09-25,Mon-Th,3,26
3.0,Mon-Th,13,25,2,urban,0.03588527938578137,-8.7,76.0,0.0,11.3,3,4.118747,20.65,2025-09-25,Mon-Th,3,26
3.0,Mon-Th,15,17,1,urban,0.017468613050914468,1.9,94.0,0.0,12.1,3,16.648762,6.91,2025-09-29,Mon-Th,3,29
3.0,Mon-Th,13,8,1,urban,0.004414116841749433,-1.8,61.0,0.0,22.1,3,16.704672,27.22,2025-09-29,Mon-Th,3,29
3.0,Mon-Th,17,22,10,urban,0.0012791718372618575,7.1,92.0,0.0,17.4,3,13.932587,10.44,2025-09-29,Mon-Th,3,29
3.0,Mon-Th,14,8,2,urban,0.01637652970164456,-5.1,83.0,17.0,6.4,3,13.787039,10.79,2025-09-29,Mon-Th,3,29
3.0,Mon-Th,10,27,2,urban,0.01588070229267823,3.6,96.0,122.0,6.2,3,19.874883,13.15,2025-09-29,Mon-Th,3,29
3.0,Mon-Th,18,29,1,urban,0.018302996669458057,-0.3,89.0,214.0,6.3,3,17.99914,3.66,2025-09-29,Mon-Th,3,29
3.0,Mon-Th,21,12,1,urban,0.03709036318191787,4.1,92.0,0.0,4.1,3,43.270934,12.74,2025-09-29,Mon-Th,3,29
3.0,Mon-Th,15,9,2,urban,0.045707881627909126,-1.5,62.0,1.0,14.8,3,14.966556,17.11,2025-09-29,Mon-Th,3,29
3.0,Mon-Th,10,16,2,urban,0.04050977023702134,-10.9,78.0,1.0,15.0,3,14.360805,22.09,2025-09-29,Mon-Th,3,29
3.0,Mon-Th,15,17,3,urban,0.04165792569502598,1.8,93.0,0.0,9.1,3,26.294086,12.0,2025-09-29,Mon-Th,3,29
3.0,Mon-Th,15,23,1,urban,0.03292133191025378,-2.7,92.0,21.0,6.3,3,15.293358,9.97,2025-09-29,Mon-Th,3,29
3.0,Mon-Th,14,29,2,urban,0.026484304370279273,5.4,72.0,18.0,19.1,3,10.972421,57.19,2025-09-29,Mon-Th,3,29
3.0,Mon-Th,14,14,2,urban,0.03230815035660689,-2.0,90.0,0.0,15.9,3,14.339781,8.07,2025-09-29,Mon-Th,3,29
3.0,Mon-Th,22,29,2,urban,0.013308346328893692,-3.7,79.0,0.0,16.3,3,14.939712,13.88,2025-09-29,Mon-Th,3,29
3.0,Mon-Th,14,11,3,urban,0.009940205145304092,-2.4,98.0,391.0,8.7,3,8.466169,17.35,2025-09-29,Mon-Th,3,29
3.0,Mon-Th,17,23,1,urban,0.01893000071061026,8.4,93.0,1.0,12.3,3,16.992741,16.01,2025-09-29,Mon-Th,3,29
3.0,Mon-Th,21,20,12,urban,0.029178022665760125,-2.7,73.0,1.0,14.9,3,8.440501,13.52,2025-09-29,Mon-Th,3,29
3.0,Mon-Th,15,23,3,urban,0.02734171855699451,-0.4,73.0,1.0,8.3,3,13.336948,9.01,2025-09-29,Mon-Th,3,29
3.0,Mon-Th,21,9,2,sub-urban,0.015255311343920719,-11.9,79.0,0.0,8.1,3,8.089129,24.13,2025-09-29,Mon-Th,3,29
3.0,Mon-Th,18,29,2,urban,0.06008483315461807,-3.1,75.0,0.0,15.3,3,13.372945,31.79,2025-09-29,Mon-Th,3,29
3.0,Mon-Th,9,17,12,urban,0.02314064682936961,3.6,97.0,0.0,12.9,3,24.181447,9.82,2025-09-29,Mon-Th,3,29
3.0,Mon-Th,21,24,2,urban,0.019156227327240035,-7.7,70.0,0.0,10.6,3,16.615499,8.6,2025-09-29,Mon-Th,3,29
3.0,Mon-Th,19,2,1,urban,0.016619556196954214,1.7,94.0,0.0,12.4,3,12.643744,66.11,2025-09-29,Mon-Th,3,29
3.0,Mon-Th,23,9,1,urban,0.045569845127035394,-3.1,86.0,0.0,25.1,3,12.892718,16.87,2025-09-29,Mon-Th,3,29
3.0,Mon-Th,20,1,12,urban,0.05176901329202714,1.3,80.0,1.0,10.8,3,12.686024,5.22,2025-09-29,Mon-Th,3,29
3.0,Mon-Th,22,3,12,urban,0.04306184539225062,-1.0,92.0,0.0,7.8,3,5.939621,11.01,2025-09-29,Mon-Th,3,29
3.0,Mon-Th,22,23,8,sub-urban,0.02282249562187174,7.1,97.0,0.0,9.6,3,5.031712,39.58,2025-09-29,Mon-Th,3,29
3.0,Mon-Th,22,2,2,urban,0.020896030808966033,-4.4,89.0,0.0,33.8,3,21.496001,18.6,2025-09-29,Mon-Th,3,29
3.0,Mon-Th,15,12,3,urban,0.03545133660177817,16.5,63.0,321.0,3.7,3,3.583666,7.27,2025-09-29,Mon-Th,3,29
3.0,Mon-Th,15,14,3,urban,0.035184243918201706,-0.5,92.0,0.0,3.4,3,13.427432,14.2,2025-09-30,Mon-Th,3,32
3.0,Mon-Th,15,26,2,urban,0.04176324723776192,-3.0,99.0,24.0,22.6,3,17.22386,7.24,2025-09-30,Mon-Th,3,32
3.0,Mon-Th,20,1,2,urban,0.010542844713445756,-7.3,91.0,0.0,3.9,3,2.463692,13.24,2025-09-30,Mon-Th,3,32
3.0,Mon-Th,5,10,2,urban,0.02174044890491786,-7.2,69.0,0.0,2.4,3,10.634137,9.2,2025-09-30,Mon-Th,3,32
3.0,Mon-Th,21,18,2,urban,0.03594752877666131,-5.4,85.0,0.0,19.2,3,11.469844,8.98,2025-09-30,Mon-Th,3,32
3.0,Mon-Th,18,10,2,urban,0.0537278607572827,-1.9,83.0,1.0,14.4,3,2.384848,15.11,2025-09-30,Mon-Th,3,32
3.0,Mon-Th,17,2,1,urban,0.03069010449512661,4.2,82.0,13.0,16.5,3,10.04464,12.52,2025-09-30,Mon-Th,3,32
3.0,Mon-Th,22,15,2,urban,0.023150075687972404,-3.6,77.0,12.0,15.0,3,13.412717,6.05,2025-09-30,Mon-Th,3,32
3.0,Mon-Th,11,23,3,urban,0.012420816049182564,3.2,95.0,1.0,17.8,3,17.699384,5.3,2025-09-30,Mon-Th,3,32
3.0,Mon-Th,8,22,1,urban,0.013102895405939162,5.4,71.0,112.0,16.6,3,37.443068,9.19,2025-09-30,Mon-Th,3,32
3.0,Mon-Th,12,22,1,urban,0.02203126250970005,-2.4,80.0,83.0,6.7,3,12.777458,6.28,2025-09-30,Mon-Th,3,32
3.0,Mon-Th,18,29,2,urban,0.05590885656708861,-2.0,73.0,0.0,4.2,3,12.916203,7.57,2025-09-30,Mon-Th,3,32
3.0,Mon-Th,16,27,1,urban,0.019480804049209426,-2.2,82.0,174.0,12.8,3,20.055815,7.55,2025-09-30,Mon-Th,3,32
3.0,Mon-Th,15,31,3,urban,0.01509420174758843,0.1,94.0,2.0,11.5,3,12.904078,9.52,2025-09-30,Mon-Th,3,32
3.0,Mon-Th,17,17,1,urban,0.025665577641491414,-8.7,81.0,0.0,6.3,3,12.62151,11.05,2025-09-30,Mon-Th,3,32
3.0,Mon-Th,21,10,1,urban,0.03981573732823818,0.5,87.0,122.0,20.5,3,22.394324,11.69,2025-09-30,Mon-Th,3,32
3.0,Mon-Th,20,31,1,urban,0.03679360089901199,2.8,89.0,0.0,19.7,3,2.232291,22.53,2025-09-30,Mon-Th,3,32
3.0,Mon-Th,11,13,12,urban,0.037113539484219624,-1.7,70.0,131.0,10.8,3,14.826773,6.61,2025-09-30,Mon-Th,3,32
3.0,Mon-Th,16,23,1,urban,0.018150203506356367,7.9,67.0,11.0,16.4,3,13.024666,11.32,2025-09-30,Mon-Th,3,32
3.0,Mon-Th,16,23,3,urban,0.049174357969578864,-1.8,78.0,0.0,14.9,3,3.395327,7.43,2025-09-30,Mon-Th,3,32
3.0,Mon-Th,11,16,3,urban,0.03890185914610021,-11.5,69.0,132.0,4.1,3,30.79698,8.49,2025-09-30,Mon-Th,3,32
3.0,Mon-Th,3,2,1,urban,0.009329310337490685,1.5,85.0,0.0,8.7,3,14.016743,14.51,2025-09-30,Mon-Th,3,32
3.0,Mon-Th,4,2,1,urban,0.011591294178335513,1.7,100.0,0.0,9.3,3,13.71714,41.69,2025-09-30,Mon-Th,3,32
3.0,Mon-Th,16,18,1,urban,0.035091283975737575,4.2,87.0,1.0,20.9,3,2.0,8.93,2025-09-30,Mon-Th,3,32
3.0,Mon-Th,22,3,2,urban,0.015837759205806254,0.4,57.0,0.0,16.5,3,24.517963,7.09,2025-09-30,Mon-Th,3,32
3.0,Mon-Th,9,23,2,urban,0.012259029325397396,5.2,91.0,0.0,7.7,3,12.229769,19.96,2025-09-30,Mon-Th,3,32
3.0,Mon-Th,18,21,2,urban,0.05702477554887151,-7.1,81.0,0.0,21.0,3,13.690899,9.72,2025-09-30,Mon-Th,3,32
3.0,Mon-Th,15,23,3,urban,0.022241962397878318,4.0,67.0,422.0,10.7,3,17.880482,8.56,2025-09-30,Mon-Th,3,32
3.0,Mon-Th,15,15,2,urban,0.043103814210561114,1.4,82.0,46.0,19.6,3,22.547767,17.65,2025-09-30,Mon-Th,3,32
3.0,Mon-Th,12,19,3,urban,0.010422305352286347,-1.8,82.0,0.0,6.3,3,8.424895,9.72,2025-09-30,Mon-Th,3,32
3.0,Mon-Th,15,25,2,urban,0.05542411184656727,-6.1,88.0,234.0,16.2,3,21.096562,12.05,2025-09-30,Mon-Th,3,32
3.0,Mon-Th,18,7,1,urban,0.014088641772348831,-8.6,93.0,0.0,9.4,3,2.379232,8.18,2025-09-30,Mon-Th,3,32
3.0,Mon-Th,16,13,1,urban,0.02485142471317684,3.4,100.0,0.0,9.4,3,20.829534,5.84,2025-10-01,Mon-Th,3,19
3.0,Mon-Th,12,7,10,urban,0.07531605925541794,0.8,72.0,246.0,13.5,3,18.010358,6.68,2025-10-01,Mon-Th,3,19
3.0,Mon-Th,16,26,3,urban,0.0446181198244073,2.5,79.0,0.0,6.0,3,19.632927,6.16,2025-10-01,Mon-Th,3,19
3.0,Mon-Th,21,13,12,urban,0.03144960628217139,-0.6,69.0,0.0,6.2,3,5.836069,8.24,2025-10-01,Mon-Th,3,19
3.0,Mon-Th,8,30,1,urban,0.013169240224019257,-3.0,45.0,1.0,9.3,3,2.359918,47.55,2025-10-01,Mon-Th,3,19
3.0,Mon-Th,19,26,2,urban,0.02900456901751145,15.9,53.0,0.0,18.1,3,5.873505,9.09,2025-10-01,Mon-Th,3,19
3.0,Mon-Th,15,6,12,urban,0.022500132036395615,-0.8,100.0,1.0,11.1,3,15.909755,25.2,2025-10-01,Mon-Th,3,19
3.0,Mon-Th,3,15,1,urban,0.014933872069980914,4.6,54.0,2.0,17.3,3,7.625108,34.27,2025-10-01,Mon-Th,3,19
3.0,Mon-Th,23,27,3,urban,0.014205466421725727,1.2,76.0,0.0,14.1,3,13.93202,8.27,2025-10-01,Mon-Th,3,19
3.0,Mon-Th,17,17,12,urban,0.002273334315816775,-4.3,79.0,135.0,12.9,3,50.94488,8.26,2025-10-01,Mon-Th,3,19
3.0,Mon-Th,12,27,1,urban,0.014460537431170768,1.6,67.0,0.0,4.0,3,3.957827,7.44,2025-10-01,Mon-Th,3,19
3.0,Mon-Th,22,3,1,urban,0.060566129942146114,11.2,67.0,0.0,5.6,3,20.688822,11.48,2025-10-01,Mon-Th,3,19
3.0,Mon-Th,20,25,1,urban,0.040111619046318506,2.8,87.0,9.0,17.5,3,14.183665,22.95,2025-10-01,Mon-Th,3,19
3.0,Mon-Th,20,13,12,urban,0.022936202144654794,7.5,70.0,1.0,13.1,3,3.799641,6.14,2025-10-01,Mon-Th,3,19
3.0,Mon-Th,13,1,2,urban,0.012989389355891267,0.2,71.0,0.0,21.8,3,7.540767,15.28,2025-10-01,Mon-Th,3,19
3.0,Mon-Th,21,27,2,urban,0.01515961739334738,-2.9,71.0,1.0,20.3,3,6.717306,12.63,2025-10-01,Mon-Th,3,19
3.0,Mon-Th,21,10,2,urban,0.003915159012327281,10.2,96.0,0.0,9.5,3,14.131419,10.28,2025-10-01,Mon-Th,3,19
3.0,Mon-Th,18,3,4,urban,0.025311149423059048,3.7,96.0,0.0,11.7,3,11.717352,9.11,2025-10-01,Mon-Th,3,19
3.0,Mon-Th,4,22,3,urban,0.018663255257726535,3.9,87.0,47.0,3.4,3,12.676998,6.88,2025-10-01,Mon-Th,3,19
3.0,Mon-Th,4,2,3,urban,0.027470184927520572,0.2,95.0,0.0,4.6,3,12.314208,7.71,2025-10-02,Mon-Th,3,26
3.0,Mon-Th,14,20,1,sub-urban,0.01060002570813369,5.1,91.0,0.0,7.8,3,59.079075,50.39,2025-10-02,Mon-Th,3,26
3.0,Mon-Th,17,15,3,urban,0.044827431747229314,3.1,62.0,160.0,3.0,3,7.809148,24.97,2025-10-02,Mon-Th,3,26
3.0,Mon-Th,9,11,1,urban,0.0140722822723509,3.5,94.0,0.0,5.8,3,24.405508,10.88,2025-10-02,Mon-Th,3,26
3.0,Mon-Th,16,4,3,urban,0.0013791768179626778,2.3,37.0,144.0,11.7,3,24.461472,11.8,2025-10-02,Mon-Th,3,26
3.0,Mon-Th,4,9,12,urban,0.010650326080966182,5.1,83.0,1.0,3.7,3,15.23773,8.2,2025-10-02,Mon-Th,3,26
3.0,Mon-Th,22,21,2,urban,0.017061881164758937,-5.3,73.0,0.0,11.2,3,18.316538,30.14,2025-10-02,Mon-Th,3,26
3.0,Mon-Th,10,18,12,urban,0.0018806203019146794,7.1,98.0,1.0,4.2,3,33.559034,18.99,2025-10-02,Mon-Th,3,26
3.0,Mon-Th,22,8,2,urban,0.03521733763633558,1.4,87.0,1.0,6.5,3,7.405204,12.24,2025-10-02,Mon-Th,3,26
3.0,Mon-Th,11,26,3,urban,0.025442032048867875,-0.3,78.0,0.0,13.8,3,15.584039,17.29,2025-10-02,Mon-Th,3,26
3.0,Mon-Th,3,25,2,urban,0.017106404691216034,3.5,66.0,0.0,4.1,3,2.039336,8.78,2025-10-02,Mon-Th,3,26
3.0,Mon-Th,13,10,1,urban,0.016366159065648485,3.6,59.0,300.0,20.6,3,11.912026,16.78,2025-10-02,Mon-Th,3,26
3.0,Mon-Th,5,15,1,urban,0.01837381422932848,3.5,99.0,1.0,16.6,3,16.612283,6.2,2025-10-02,Mon-Th,3,26
3.0,Mon-Th,18,14,3,urban,0.05392652298883597,1.1,51.0,0.0,5.1,3,21.508002,25.93,2025-10-02,Mon-Th,3,26
3.0,Mon-Th,13,10,2,urban,0.039179858373496766,-6.5,79.0,0.0,9.4,3,19.446502,9.73,2025-10-02,Mon-Th,3,26
3.0,Mon-Th,20,30,12,urban,0.04621417081555736,-6.2,92.0,1.0,10.0,3,9.569504,23.53,2025-10-02,Mon-Th,3,26
3.0,Mon-Th,23,16,3,urban,0.03956806692504815,5.3,97.0,47.0,23.3,3,2.593044,7.88,2025-10-02,Mon-Th,3,26
3.0,Mon-Th,16,27,3,urban,0.03653744483557639,7.1,97.0,49.0,10.9,3,15.173323,10.95,2025-10-02,Mon-Th,3,26
3.0,Mon-Th,13,9,12,urban,0.048131109377709994,1.7,95.0,0.0,12.2,3,28.27681,6.41,2025-10-02,Mon-Th,3,26
3.0,Mon-Th,21,3,2,urban,0.0567233338273664,-6.7,84.0,0.0,18.2,3,3.061379,12.82,2025-10-02,Mon-Th,3,26
3.0,Mon-Th,12,4,1,urban,0.018540475514370835,2.6,93.0,0.0,15.1,3,11.656728,5.57,2025-10-02,Mon-Th,3,26
3.0,Mon-Th,21,3,2,urban,0.0599705953493217,-9.1,87.0,0.0,9.6,3,9.448705,7.72,2025-10-02,Mon-Th,3,26
3.0,Mon-Th,3,26,2,urban,0.05892356357012629,-2.1,74.0,1.0,17.1,3,12.062598,7.46,2025-10-02,Mon-Th,3,26
3.0,Mon-Th,9,8,12,urban,0.04338438607012877,-0.1,53.0,56.0,34.0,3,3.215016,5.99,2025-10-02,Mon-Th,3,26
3.0,Mon-Th,21,9,8,urban,0.0356411223512766,13.1,93.0,116.0,9.9,3,17.127625,28.22,2025-10-02,Mon-Th,3,26
3.0,Mon-Th,21,28,3,urban,0.018318029111691548,2.1,32.0,0.0,18.3,3,19.80728,12.43,2025-10-02,Mon-Th,3,26
3.0,Mon-Th,14,23,3,urban,0.015172447755685157,2.7,25.0,0.0,12.1,3,4.189828,1.74,2025-10-06,Mon-Th,3,25
3.0,Mon-Th,0,21,1,urban,0.0065907296127282085,5.8,81.0,0.0,9.2,3,12.420343,13.72,2025-10-06,Mon-Th,3,25
3.0,Mon-Th,10,15,3,urban,0.026234939914204006,-0.1,100.0,0.0,10.1,3,16.412623,16.93,2025-10-06,Mon-Th,3,25
3.0,Mon-Th,17,15,12,urban,0.0178114137716568,-0.1,95.0,0.0,11.9,3,7.406039,10.15,2025-10-06,Mon-Th,3,25
3.0,Mon-Th,17,17,1,urban,0.020484991110500332,6.1,56.0,5.0,14.7,3,59.540739,6.98,2025-10-06,Mon-Th,3,25
3.0,Mon-Th,11,28,3,urban,0.005473968754337288,12.8,63.0,0.0,26.0,3,19.824512,6.43,2025-10-06,Mon-Th,3,25
3.0,Mon-Th,14,16,3,sub-urban,0.04568264340478054,-2.2,88.0,1.0,16.3,3,20.607831,8.65,2025-10-06,Mon-Th,3,25
3.0,Mon-Th,21,23,3,urban,0.03716710292683879,1.2,87.0,0.0,27.5,3,9.125397,6.98,2025-10-06,Mon-Th,3,25
3.0,Mon-Th,8,9,1,urban,0.036022962069761084,5.9,64.0,1.0,20.5,3,11.803632,11.54,2025-10-06,Mon-Th,3,25
3.0,Mon-Th,4,14,1,urban,0.03467442534210936,2.1,90.0,50.0,35.0,3,14.021045,38.36,2025-10-06,Mon-Th,3,25
3.0,Mon-Th,3,23,3,urban,0.011780638680586441,0.7,91.0,102.0,12.6,3,2.931206,7.67,2025-10-06,Mon-Th,3,25
3.0,Mon-Th,10,10,12,urban,0.02093456623325171,-6.9,64.0,0.0,10.3,3,22.303351,16.25,2025-10-06,Mon-Th,3,25
3.0,Mon-Th,13,7,3,urban,0.02618654171379656,4.2,99.0,0.0,3.7,3,17.417525,13.99,2025-10-06,Mon-Th,3,25
3.0,Mon-Th,17,2,12,urban,0.03704147343735853,0.2,80.0,0.0,10.9,3,4.752393,5.5,2025-10-06,Mon-Th,3,25
3.0,Mon-Th,8,18,3,urban,0.0033531319687049154,8.2,86.0,431.0,3.9,3,20.04071,7.63,2025-10-06,Mon-Th,3,25
3.0,Mon-Th,14,8,1,urban,0.021365889358454862,-6.0,81.0,1.0,4.2,3,2.881706,6.68,2025-10-06,Mon-Th,3,25
3.0,Mon-Th,4,25,2,urban,0.04046426015867857,-0.6,73.0,67.0,14.2,3,14.136704,5.48,2025-10-06,Mon-Th,3,25
3.0,Mon-Th,15,15,1,urban,0.04886020036327172,1.4,71.0,1.0,15.7,3,11.150648,21.78,2025-10-06,Mon-Th,3,25
3.0,Mon-Th,17,14,12,urban,0.05201824242562691,-9.0,92.0,0.0,8.9,3,17.150439,7.74,2025-10-06,Mon-Th,3,25
3.0,Mon-Th,3,25,12,urban,0.03940900098413136,1.6,100.0,0.0,1.9,3,9.450448,13.97,2025-10-06,Mon-Th,3,25
3.0,Mon-Th,18,14,2,urban,0.012964730134083051,-5.1,90.0,1.0,18.6,3,15.153887,5.66,2025-10-06,Mon-Th,3,25
3.0,Mon-Th,16,18,2,sub-urban,0.038320048377331474,-6.1,74.0,0.0,9.4,3,12.801904,7.56,2025-10-06,Mon-Th,3,25
3.0,Mon-Th,8,18,1,urban,0.038597272100007796,0.6,96.0,1.0,15.2,3,5.59656,2.17,2025-10-06,Mon-Th,3,25
3.0,Mon-Th,0,3,2,urban,0.05445274382607262,-5.9,73.0,233.0,13.4,3,44.383887,7.37,2025-10-06,Mon-Th,3,25
3.0,Mon-Th,16,30,1,urban,0.019968147279052356,4.0,84.0,117.0,4.4,3,3.26639,23.95,2025-10-06,Mon-Th,3,25
3.0,Mon-Th,18,17,3,urban,0.002716299785329778,4.8,88.0,0.0,8.7,3,21.492418,43.9,2025-10-07,Mon-Th,3,28
3.0,Mon-Th,20,31,1,urban,0.0364662940376442,0.5,60.0,11.0,17.8,3,5.615723,23.81,2025-10-07,Mon-Th,3,28
3.0,Mon-Th,13,8,1,urban,0.020511237312571838,1.1,57.0,0.0,4.9,3,15.441969,6.49,2025-10-07,Mon-Th,3,28
3.0,Mon-Th,3,25,2,urban,0.02295007490762222,-9.3,88.0,0.0,9.3,3,7.950029,9.44,2025-10-07,Mon-Th,3,28
3.0,Mon-Th,16,19,1,urban,0.07486581004488366,-4.4,86.0,0.0,11.6,3,16.749319,9.25,2025-10-07,Mon-Th,3,28
3.0,Mon-Th,17,19,1,urban,0.0688258878645007,0.1,96.0,114.0,31.2,3,19.030036,4.6,2025-10-07,Mon-Th,3,28
3.0,Mon-Th,21,18,1,urban,0.03385520969199825,-1.4,75.0,0.0,15.9,3,13.101106,38.62,2025-10-07,Mon-Th,3,28
3.0,Mon-Th,23,4,3,urban,0.003361582239426398,13.4,95.0,1.0,4.7,3,5.694182,7.96,2025-10-07,Mon-Th,3,28
3.0,Mon-Th,16,2,1,urban,0.04011633854430316,2.8,92.0,1.0,31.7,3,36.138282,11.05,2025-10-07,Mon-Th,3,28
3.0,Mon-Th,20,19,2,urban,0.025742718198762046,-10.7,100.0,0.0,8.3,3,2.0,7.89,2025-10-07,Mon-Th,3,28
3.0,Mon-Th,14,6,2,urban,0.03804337738771185,3.0,74.0,0.0,17.6,3,14.624838,10.0,2025-10-07,Mon-Th,3,28
3.0,Mon-Th,16,17,1,urban,0.03718884597423982,-7.1,74.0,0.0,17.5,3,13.862092,9.71,2025-10-07,Mon-Th,3,28
3.0,Mon-Th,17,24,1,urban,0.011220561136583035,1.4,93.0,0.0,21.1,3,15.314573,12.32,2025-10-07,Mon-Th,3,28
3.0,Mon-Th,17,25,1,urban,0.025573265547193396,7.4,57.0,105.0,16.1,3,28.689943,23.19,2025-10-07,Mon-Th,3,28
3.0,Mon-Th,18,22,2,urban,0.053969938191349695,-2.6,93.0,0.0,8.7,3,14.503316,24.55,2025-10-07,Mon-Th,3,28
3.0,Mon-Th,6,8,1,urban,0.035364305331722294,7.0,82.0,0.0,9.6,3,14.611043,11.41,2025-10-07,Mon-Th,3,28
3.0,Mon-Th,4,27,1,urban,0.008854207152121697,0.6,43.0,0.0,2.0,3,8.371319,28.29,2025-10-07,Mon-Th,3,28
3.0,Mon-Th,16,20,3,sub-urban,0.04311753458689667,0.6,55.0,2.0,7.7,3,13.153727,5.64,2025-10-07,Mon-Th,3,28
3.0,Mon-Th,8,23,1,urban,0.027565789070896636,7.0,75.0,0.0,5.7,3,14.421965,11.69,2025-10-07,Mon-Th,3,28
3.0,Mon-Th,15,17,1,urban,0.03280339569433617,-12.4,63.0,0.0,11.1,3,14.64431,17.91,2025-10-07,Mon-Th,3,28
3.0,Mon-Th,15,28,2,urban,0.018024941549160095,-5.0,84.0,0.0,8.5,3,22.325269,9.11,2025-10-07,Mon-Th,3,28
3.0,Mon-Th,17,29,2,sub-urban,0.03238467524446818,-7.8,93.0,47.0,8.1,3,10.993835,26.81,2025-10-07,Mon-Th,3,28
3.0,Mon-Th,17,9,1,urban,0.024262864984477352,-1.5,67.0,146.0,34.3,3,2.87954,2.05,2025-10-07,Mon-Th,3,28
3.0,Mon-Th,9,9,2,urban,0.026677437190264233,-2.0,62.0,0.0,18.4,3,6.230295,17.92,2025-10-07,Mon-Th,3,28
3.0,Mon-Th,21,27,1,urban,0.04626741975230542,-3.0,92.0,0.0,10.7,3,14.265721,12.44,2025-10-07,Mon-Th,3,28
3.0,Mon-Th,21,24,2,urban,0.012227620725537134,0.8,85.0,0.0,15.1,3,4.046951,10.22,2025-10-07,Mon-Th,3,28
3.0,Mon-Th,15,2,10,urban,0.025352409948068554,3.4,67.0,128.0,10.3,3,2.082212,12.92,2025-10-07,Mon-Th,3,28
3.0,Mon-Th,15,17,1,urban,0.0359272069997283,-3.3,50.0,356.0,19.8,3,13.053456,58.43,2025-10-07,Mon-Th,3,28
3.0,Mon-Th,16,2,12,urban,0.010462732930206812,7.8,94.0,0.0,3.4,3,7.385294,21.15,2025-10-08,Mon-Th,3,34
3.0,Mon-Th,15,1,1,urban,0.02362481368146324,-1.8,77.0,0.0,9.5,3,9.314766,10.36,2025-10-08,Mon-Th,3,34
3.0,Mon-Th,20,21,7,urban,0.0426398254587893,4.9,80.0,0.0,16.8,3,10.505373,7.16,2025-10-08,Mon-Th,3,34
3.0,Mon-Th,3,6,1,urban,0.011955419693980531,1.9,79.0,0.0,4.7,3,22.181741,7.92,2025-10-08,Mon-Th,3,34
3.0,Mon-Th,23,1,1,urban,0.0525952228381261,0.5,89.0,0.0,9.0,3,15.069241,13.91,2025-10-08,Mon-Th,3,34
3.0,Mon-Th,19,29,3,urban,0.0197573948516933,4.5,87.0,65.0,6.4,3,68.049088,8.67,2025-10-08,Mon-Th,3,34
3.0,Mon-Th,3,25,2,urban,0.0346648638629891,-6.5,90.0,1.0,9.4,3,19.678631,10.43,2025-10-08,Mon-Th,3,34
3.0,Mon-Th,14,29,3,urban,0.032090766870156766,3.3,57.0,120.0,29.5,3,7.082636,13.08,2025-10-08,Mon-Th,3,34
3.0,Mon-Th,21,30,2,urban,0.03444706567309634,-9.7,89.0,0.0,13.8,3,3.898356,26.54,2025-10-08,Mon-Th,3,34
3.0,Mon-Th,16,6,2,urban,0.04133378370009561,7.1,66.0,56.0,3.2,3,2.378963,5.04,2025-10-08,Mon-Th,3,34
3.0,Mon-Th,18,29,2,urban,0.01736371398243262,-0.3,70.0,0.0,18.7,3,19.147289,24.16,2025-10-08,Mon-Th,3,34
3.0,Mon-Th,3,6,8,urban,0.028610146256620166,2.1,84.0,0.0,8.4,3,13.511813,27.13,2025-10-08,Mon-Th,3,34
3.0,Mon-Th,21,12,2,urban,0.03368441852147605,-1.8,70.0,0.0,7.1,3,13.610963,14.28,2025-10-08,Mon-Th,3,34
3.0,Mon-Th,4,16,3,urban,0.004787310213697538,7.5,37.0,0.0,13.8,3,37.216043,21.22,2025-10-08,Mon-Th,3,34
3.0,Mon-Th,18,7,1,urban,0.0257074914390489,-4.8,82.0,0.0,8.8,3,10.505244,8.16,2025-10-08,Mon-Th,3,34
3.0,Mon-Th,20,3,1,sub-urban,0.026597224300608048,-10.4,54.0,39.0,14.0,3,6.012033,18.72,2025-10-08,Mon-Th,3,34
3.0,Mon-Th,14,25,2,sub-urban,0.018845838554112967,2.7,51.0,264.0,4.6,3,52.71282,4.95,2025-10-08,Mon-Th,3,34
3.0,Mon-Th,19,21,2,urban,0.03698085819637016,-6.6,91.0,0.0,12.0,3,6.545213,14.16,2025-10-08,Mon-Th,3,34
3.0,Mon-Th,14,31,1,urban,0.04288929772281254,6.6,75.0,35.0,5.2,3,5.612282,5.44,2025-10-08,Mon-Th,3,34
3.0,Mon-Th,18,5,1,urban,0.06823300870634884,-1.4,58.0,17.0,5.4,3,25.522485,7.55,2025-10-08,Mon-Th,3,34
3.0,Mon-Th,11,28,9,urban,-0.00031,5.6,56.0,205.0,11.0,3,2.0,14.54,2025-10-08,Mon-Th,3,34
3.0,Mon-Th,17,4,1,urban,0.018123186770709888,-3.7,94.0,0.0,9.2,3,76.923909,10.42,2025-10-08,Mon-Th,3,34
3.0,Mon-Th,17,8,2,sub-urban,0.01829511803813432,13.8,76.0,0.0,12.9,3,13.99712,7.37,2025-10-08,Mon-Th,3,34
3.0,Mon-Th,14,18,7,urban,0.03587933005935819,21.4,52.0,0.0,19.0,3,17.204604,3.61,2025-10-08,Mon-Th,3,34
3.0,Mon-Th,14,8,2,urban,0.02377131673470531,5.7,98.0,0.0,9.0,3,11.232047,33.76,2025-10-08,Mon-Th,3,34
3.0,Mon-Th,23,26,3,urban,0.010656301598630319,1.8,62.0,0.0,6.1,3,9.3109,9.98,2025-10-08,Mon-Th,3,34
3.0,Mon-Th,11,16,1,sub-urban,0.01926393299262247,-0.4,98.0,0.0,15.7,3,11.54621,5.9,2025-10-08,Mon-Th,3,34
3.0,Mon-Th,18,11,2,urban,0.021356416974142138,-4.1,83.0,0.0,8.7,3,13.528136,8.31,2025-10-08,Mon-Th,3,34
3.0,Mon-Th,16,16,3,urban,0.02012462811811514,4.6,92.0,0.0,3.5,3,19.523808,25.36,2025-10-08,Mon-Th,3,34
3.0,Mon-Th,19,19,3,urban,0.03394271711451075,1.0,65.0,0.0,9.9,3,119.9167,17.32,2025-10-08,Mon-Th,3,34
3.0,Mon-Th,19,18,2,urban,0.05147501888078921,-8.9,86.0,59.0,14.0,3,14.27883,21.8,2025-10-08,Mon-Th,3,34
3.0,Mon-Th,3,15,2,urban,0.033755374264893216,-5.8,85.0,0.0,5.2,3,8.969648,16.1,2025-10-08,Mon-Th,3,34
3.0,Mon-Th,13,28,3,urban,0.0036860388267286144,7.3,88.0,298.0,12.1,3,46.292515,12.05,2025-10-08,Mon-Th,3,34
3.0,Mon-Th,20,27,3,urban,0.02465438995041523,5.2,98.0,0.0,22.2,3,10.679684,32.74,2025-10-08,Mon-Th,3,34
3.0,Mon-Th,19,23,3,urban,0.017276797037845425,-5.1,83.0,87.0,17.8,3,19.702058,33.82,2025-10-09,Mon-Th,3,29
3.0,Mon-Th,15,13,12,urban,0.01579006869875122,-5.7,66.0,1.0,6.0,3,31.485812,8.17,2025-10-09,Mon-Th,3,29
3.0,Mon-Th,22,25,12,urban,0.020170261977932848,25.5,50.0,132.0,16.5,3,5.877234,29.59,2025-10-09,Mon-Th,3,29
3.0,Mon-Th,15,18,1,urban,0.03492420009160971,2.9,72.0,1.0,9.1,3,100.892467,14.3,2025-10-09,Mon-Th,3,29
3.0,Mon-Th,22,26,2,urban,0.0186936639810699,-3.6,80.0,0.0,10.4,3,6.571035,13.04,2025-10-09,Mon-Th,3,29
3.0,Mon-Th,9,18,7,urban,0.019543880071160747,18.0,52.0,570.0,4.6,3,42.407323,20.78,2025-10-09,Mon-Th,3,29
3.0,Mon-Th,18,21,3,urban,0.03913464552706713,2.5,61.0,172.0,15.7,3,14.957323,9.1,2025-10-09,Mon-Th,3,29
3.0,Mon-Th,17,17,3,urban,0.019536590077888508,1.6,91.0,0.0,11.7,3,15.502095,10.84,2025-10-09,Mon-Th,3,29
3.0,Mon-Th,17,12,1,urban,0.06484879419808964,1.1,63.0,1.0,5.5,3,5.70942,18.33,2025-10-09,Mon-Th,3,29
3.0,Mon-Th,17,16,12,urban,0.03577757032388251,3.2,89.0,1.0,4.2,3,37.715804,8.48,2025-10-09,Mon-Th,3,29
3.0,Mon-Th,9,3,12,urban,0.022017674916556748,2.4,62.0,0.0,5.1,3,8.104806,16.59,2025-10-09,Mon-Th,3,29
3.0,Mon-Th,23,23,1,urban,0.014695024671904944,-3.1,86.0,0.0,5.1,3,3.163437,7.68,2025-10-09,Mon-Th,3,29
3.0,Mon-Th,18,8,2,urban,0.05682190468230257,-8.6,89.0,0.0,21.5,3,8.159282,6.87,2025-10-09,Mon-Th,3,29
3.0,Mon-Th,23,11,2,urban,0.013442607671600323,3.0,91.0,0.0,14.2,3,8.488787,11.83,2025-10-09,Mon-Th,3,29
3.0,Mon-Th,14,2,2,urban,0.04012101614693124,-2.9,84.0,0.0,17.0,3,21.414238,7.38,2025-10-09,Mon-Th,3,29
3.0,Mon-Th,16,23,1,urban,0.032769480100204064,7.8,62.0,0.0,5.1,3,2.0,1.35,2025-10-09,Mon-Th,3,29
3.0,Mon-Th,8,24,3,urban,0.012178222174570099,2.7,93.0,282.0,6.1,3,2.737998,9.14,2025-10-09,Mon-Th,3,29
3.0,Mon-Th,4,8,3,urban,0.0051232524166502005,7.6,56.0,76.0,14.2,3,18.60789,10.8,2025-10-09,Mon-Th,3,29
3.0,Mon-Th,16,13,1,sub-urban,0.048600934411812936,-2.6,86.0,0.0,12.6,3,3.723408,18.93,2025-10-09,Mon-Th,3,29
3.0,Mon-Th,21,27,1,urban,0.013920268159676376,-6.8,81.0,0.0,17.5,3,39.10772,12.07,2025-10-09,Mon-Th,3,29
3.0,Mon-Th,18,24,1,urban,0.05430764485522295,-11.4,72.0,2.0,5.9,3,7.189231,8.08,2025-10-09,Mon-Th,3,29
3.0,Mon-Th,21,22,3,urban,0.048520010237874625,6.3,74.0,372.0,5.8,3,18.544318,47.12,2025-10-09,Mon-Th,3,29
3.0,Mon-Th,19,3,2,urban,0.016857649847106235,-4.6,84.0,139.0,11.0,3,60.728566,24.38,2025-10-09,Mon-Th,3,29
3.0,Mon-Th,3,15,3,urban,0.035462660394298566,-0.1,82.0,220.0,13.8,3,2.0,7.43,2025-10-09,Mon-Th,3,29
3.0,Mon-Th,19,23,1,urban,0.017753802645204424,-2.4,99.0,2.0,8.9,3,7.916164,7.52,2025-10-09,Mon-Th,3,29
3.0,Mon-Th,17,9,2,urban,0.024192690451792113,-6.0,93.0,0.0,9.6,3,5.551961,9.91,2025-10-09,Mon-Th,3,29
3.0,Mon-Th,16,23,1,urban,0.01645755178697001,-4.3,84.0,0.0,6.1,3,2.400827,6.91,2025-10-09,Mon-Th,3,29
3.0,Mon-Th,12,27,3,urban,0.0228896897737401,3.6,94.0,0.0,16.0,3,6.978579,7.31,2025-10-09,Mon-Th,3,29
3.0,Mon-Th,14,19,4,urban,0.0029895621703979625,21.9,59.0,0.0,8.3,3,9.686689,4.85,2025-10-09,Mon-Th,3,29
3.0,Mon-Th,20,24,7,urban,0.027807320346548557,11.7,54.0,0.0,10.1,3,3.204982,8.44,2025-10-13,Mon-Th,3,18
3.0,Mon-Th,8,10,2,urban,0.03887492434436906,0.2,92.0,1.0,12.1,3,23.056152,27.98,2025-10-13,Mon-Th,3,18
3.0,Mon-Th,13,7,2,urban,0.03528844039468022,-3.9,87.0,1.0,6.3,3,45.424046,10.85,2025-10-13,Mon-Th,3,18
3.0,Mon-Th,9,25,12,urban,0.030224405386172683,0.2,89.0,1.0,4.7,3,16.490487,7.9,2025-10-13,Mon-Th,3,18
3.0,Mon-Th,11,31,2,urban,0.022778173835929488,-4.6,84.0,91.0,6.1,3,14.647405,6.58,2025-10-13,Mon-Th,3,18
3.0,Mon-Th,17,13,9,sub-urban,0.017757704063879824,11.8,74.0,0.0,12.5,3,8.230539,13.57,2025-10-13,Mon-Th,3,18
3.0,Mon-Th,21,4,2,urban,0.02468636295214505,-10.2,76.0,0.0,15.0,3,3.496967,7.83,2025-10-13,Mon-Th,3,18
3.0,Mon-Th,13,14,3,urban,0.0008440877972264904,9.5,91.0,0.0,8.3,3,5.986246,11.36,2025-10-13,Mon-Th,3,18
3.0,Mon-Th,19,17,3,urban,-0.00031,6.6,98.0,349.0,12.4,3,71.433498,18.49,2025-10-13,Mon-Th,3,18
3.0,Mon-Th,17,15,12,urban,0.038354831927461794,2.1,81.0,0.0,15.4,3,9.7472,46.93,2025-10-13,Mon-Th,3,18
3.0,Mon-Th,11,23,1,urban,0.01754743823195248,2.5,94.0,102.0,10.5,3,12.942805,7.66,2025-10-13,Mon-Th,3,18
3.0,Mon-Th,21,15,2,urban,0.01923407078652331,0.2,94.0,0.0,14.3,3,13.68314,9.38,2025-10-13,Mon-Th,3,18
3.0,Mon-Th,13,10,1,sub-urban,0.05229118569752458,-4.2,67.0,0.0,6.2,3,7.948668,12.56,2025-10-13,Mon-Th,3,18
3.0,Mon-Th,16,8,1,urban,0.02001003972067543,-0.6,82.0,0.0,4.4,3,6.195406,6.11,2025-10-13,Mon-Th,3,18
3.0,Mon-Th,17,22,1,urban,0.020443305649071347,-2.5,72.0,1.0,20.4,3,6.208294,36.25,2025-10-13,Mon-Th,3,18
3.0,Mon-Th,5,3,1,urban,0.02486244952458034,-9.9,74.0,0.0,15.8,3,9.523145,30.48,2025-10-13,Mon-Th,3,18
3.0,Mon-Th,17,20,12,urban,0.03324383415416587,-3.1,96.0,0.0,5.9,3,22.850156,5.41,2025-10-13,Mon-Th,3,18
3.0,Mon-Th,14,19,12,urban,0.016228226210697527,2.2,70.0,0.0,17.4,3,15.910228,37.46,2025-10-13,Mon-Th,3,18
3.0,Mon-Th,0,2,3,urban,0.045384121330141726,0.9,64.0,349.0,3.2,3,3.373506,16.82,2025-10-14,Mon-Th,3,25
3.0,Mon-Th,8,15,12,urban,0.040919842991282075,0.9,75.0,0.0,23.1,3,3.757266,13.31,2025-10-14,Mon-Th,3,25
3.0,Mon-Th,22,11,12,urban,4.8646992359948835e-05,0.6,80.0,1.0,4.4,3,39.451319,25.41,2025-10-14,Mon-Th,3,25
3.0,Mon-Th,13,15,3,urban,0.0010295832943859116,5.2,93.0,0.0,12.2,3,30.997043,23.1,2025-10-14,Mon-Th,3,25
3.0,Mon-Th,17,23,1,urban,0.026054825683958945,0.2,61.0,1.0,6.1,3,20.342369,5.49,2025-10-14,Mon-Th,3,25
3.0,Mon-Th,15,2,11,urban,0.025104613012876687,-2.6,99.0,2.0,12.3,3,63.987024,5.7,2025-10-14,Mon-Th,3,25
3.0,Mon-Th,18,14,3,urban,0.04249188785320813,12.6,64.0,218.0,5.5,3,9.811687,6.92,2025-10-14,Mon-Th,3,25
3.0,Mon-Th,19,17,1,urban,0.01162449667668649,-0.4,76.0,0.0,8.6,3,22.773292,5.22,2025-10-14,Mon-Th,3,25
3.0,Mon-Th,21,24,1,urban,0.002197714991112815,-4.4,95.0,17.0,13.3,3,11.346604,15.44,2025-10-14,Mon-Th,3,25
3.0,Mon-Th,8,18,2,urban,0.019243541652172423,-2.7,65.0,1.0,6.5,3,11.911994,8.46,2025-10-14,Mon-Th,3,25
3.0,Mon-Th,8,27,3,urban,0.004997414430869529,8.6,97.0,196.0,25.2,3,11.028868,6.49,2025-10-14,Mon-Th,3,25
3.0,Mon-Th,19,2,3,sub-urban,0.008409897032855697,18.9,41.0,470.0,17.2,3,11.191103,6.84,2025-10-14,Mon-Th,3,25
3.0,Mon-Th,10,23,1,sub-urban,0.04466908680804669,-3.6,82.0,2.0,4.8,3,13.715938,6.83,2025-10-14,Mon-Th,3,25
3.0,Mon-Th,15,23,1,urban,0.011180271884956364,8.8,93.0,0.0,17.2,3,10.409158,43.1,2025-10-14,Mon-Th,3,25
3.0,Mon-Th,13,21,1,urban,0.020948364807601778,-1.2,85.0,0.0,35.2,3,8.401712,35.38,2025-10-14,Mon-Th,3,25
3.0,Mon-Th,4,21,2,urban,0.0039456599559204554,4.8,98.0,0.0,27.9,3,9.058206,7.11,2025-10-14,Mon-Th,3,25
3.0,Mon-Th,11,5,3,urban,0.04098580659624413,2.7,53.0,380.0,3.2,3,2.0,38.23,2025-10-14,Mon-Th,3,25
3.0,Mon-Th,19,7,12,urban,0.017897913034320544,1.0,77.0,70.0,8.0,3,33.779093,15.86,2025-10-14,Mon-Th,3,25
3.0,Mon-Th,23,26,2,urban,0.04727364128457866,-2.5,70.0,0.0,8.7,3,17.06603,10.21,2025-10-14,Mon-Th,3,25
3.0,Mon-Th,18,5,1,urban,0.023519566650856822,-1.7,78.0,0.0,3.3,3,21.813428,9.37,2025-10-14,Mon-Th,3,25
3.0,Mon-Th,22,17,1,sub-urban,0.03544701421461173,-1.5,87.0,22.0,5.8,3,8.823106,15.11,2025-10-14,Mon-Th,3,25
3.0,Mon-Th,20,25,1,sub-urban,0.051687692985182235,-3.2,63.0,142.0,6.1,3,8.983832,20.77,2025-10-14,Mon-Th,3,25
3.0,Mon-Th,15,17,1,urban,0.015109676684782964,2.0,87.0,0.0,14.8,3,3.611868,13.42,2025-10-14,Mon-Th,3,25
3.0,Mon-Th,17,15,2,urban,0.03806182936611328,-6.3,91.0,56.0,16.6,3,21.917539,5.83,2025-10-14,Mon-Th,3,25
3.0,Mon-Th,3,25,2,urban,0.05744293185617602,-0.9,95.0,101.0,26.1,3,15.729716,7.62,2025-10-14,Mon-Th,3,25
3.0,Mon-Th,15,6,1,urban,0.009670305667691394,-1.7,80.0,0.0,16.6,3,22.782657,10.44,2025-10-15,Mon-Th,3,22
3.0,Mon-Th,1,10,1,urban,0.036003371885763025,1.8,89.0,98.0,18.1,3,2.823881,12.51,2025-10-15,Mon-Th,3,22
3.0,Mon-Th,23,18,3,urban,0.020748816565832863,8.3,64.0,0.0,7.3,3,13.497576,31.9,2025-10-15,Mon-Th,3,22
3.0,Mon-Th,9,26,1,urban,0.00459461560833532,-10.8,89.0,153.0,17.8,3,18.720522,16.58,2025-10-15,Mon-Th,3,22
3.0,Mon-Th,11,23,1,urban,0.02463161256500743,1.5,99.0,0.0,5.7,3,16.207447,7.0,2025-10-15,Mon-Th,3,22
3.0,Mon-Th,17,2,2,urban,0.02922117537548133,1.2,83.0,178.0,15.5,3,12.053268,9.54,2025-10-15,Mon-Th,3,22
3.0,Mon-Th,18,24,1,urban,0.05902708999254604,-1.7,84.0,3.0,16.4,3,15.58396,5.59,2025-10-15,Mon-Th,3,22
3.0,Mon-Th,21,31,9,urban,0.02590366726612841,5.4,93.0,0.0,6.2,3,13.029145,9.86,2025-10-15,Mon-Th,3,22
3.0,Mon-Th,18,8,2,urban,0.03972757778222585,-5.4,79.0,222.0,16.6,3,2.0,12.09,2025-10-15,Mon-Th,3,22
3.0,Mon-Th,10,25,2,urban,0.08106489807988301,-1.0,69.0,1.0,4.2,3,14.52091,12.4,2025-10-15,Mon-Th,3,22
3.0,Mon-Th,16,20,3,urban,0.017498995343830287,7.0,61.0,111.0,5.1,3,19.838126,12.09,2025-10-15,Mon-Th,3,22
3.0,Mon-Th,9,14,1,urban,0.014188208264007686,1.2,92.0,0.0,23.6,3,17.975172,23.64,2025-10-15,Mon-Th,3,22
3.0,Mon-Th,23,29,1,urban,0.01581882568697772,4.4,80.0,0.0,18.9,3,60.301443,16.66,2025-10-15,Mon-Th,3,22
3.0,Mon-Th,21,15,2,urban,0.03209548238094071,-10.4,56.0,17.0,12.2,3,11.529685,7.92,2025-10-15,Mon-Th,3,22
3.0,Mon-Th,13,10,1,urban,0.021035483752734927,-1.9,88.0,0.0,5.5,3,15.605199,21.64,2025-10-15,Mon-Th,3,22
3.0,Mon-Th,20,20,1,urban,0.02183907136629558,-11.0,83.0,0.0,4.0,3,4.625983,6.3,2025-10-15,Mon-Th,3,22
3.0,Mon-Th,17,17,11,urban,0.035235695474984736,1.1,71.0,15.0,15.0,3,2.0,28.32,2025-10-15,Mon-Th,3,22
3.0,Mon-Th,14,19,2,urban,0.019051264831632983,2.1,67.0,193.0,16.9,3,12.972866,8.1,2025-10-15,Mon-Th,3,22
3.0,Mon-Th,15,8,1,urban,0.03605281649914565,-2.4,88.0,6.0,28.7,3,21.040944,2.35,2025-10-15,Mon-Th,3,22
3.0,Mon-Th,15,27,3,urban,0.0010060544760591224,5.9,98.0,1.0,5.8,3,6.182836,33.18,2025-10-15,Mon-Th,3,22
3.0,Mon-Th,9,25,2,urban,0.0634156096034431,-4.3,86.0,1.0,15.8,3,14.251204,8.61,2025-10-15,Mon-Th,3,22
3.0,Mon-Th,13,27,3,urban,0.00861684083135806,-5.2,54.0,0.0,8.4,3,43.155354,49.82,2025-10-15,Mon-Th,3,22
3.0,Mon-Th,11,23,3,urban,0.053547942023467646,-1.4,83.0,118.0,5.1,3,14.956552,5.51,2025-10-16,Mon-Th,3,23
3.0,Mon-Th,17,2,3,urban,0.001183907718746765,7.3,92.0,0.0,25.5,3,17.580799,22.01,2025-10-16,Mon-Th,3,23
3.0,Mon-Th,17,20,2,urban,0.02584863088755201,4.6,58.0,0.0,16.2,3,13.882695,19.83,2025-10-16,Mon-Th,3,23
3.0,Mon-Th,21,2,1,urban,0.017233656768974582,-1.4,69.0,6.0,12.3,3,11.249353,12.14,2025-10-16,Mon-Th,3,23
3.0,Mon-Th,13,29,7,urban,0.00853811510642457,26.6,52.0,319.0,13.1,3,5.57337,31.74,2025-10-16,Mon-Th,3,23
3.0,Mon-Th,11,8,2,urban,0.020524729001638972,5.1,67.0,47.0,11.6,3,24.663991,6.76,2025-10-16,Mon-Th,3,23
3.0,Mon-Th,18,29,2,urban,0.05028601330370829,-3.5,84.0,0.0,9.3,3,9.857799,28.86,2025-10-16,Mon-Th,3,23
3.0,Mon-Th,3,1,1,urban,0.03211456594089609,2.4,98.0,0.0,3.2,3,4.18733,9.68,2025-10-16,Mon-Th,3,23
3.0,Mon-Th,16,18,1,urban,0.04839409924145087,-5.5,52.0,0.0,11.1,3,13.506402,8.57,2025-10-16,Mon-Th,3,23
3.0,Mon-Th,13,15,3,urban,0.03541962881478775,1.7,98.0,0.0,6.4,3,14.498336,17.75,2025-10-16,Mon-Th,3,23
3.0,Mon-Th,4,4,3,urban,0.0011899246079530306,8.0,99.0,396.0,10.2,3,13.234324,7.58,2025-10-16,Mon-Th,3,23
3.0,Mon-Th,15,2,2,urban,0.03683414808784415,-4.8,83.0,0.0,4.0,3,19.254206,20.25,2025-10-16,Mon-Th,3,23
3.0,Mon-Th,12,19,1,urban,0.013576130953213632,0.3,77.0,1.0,8.3,3,8.658726,11.89,2025-10-16,Mon-Th,3,23
3.0,Mon-Th,8,3,10,urban,-0.00031,6.2,95.0,0.0,3.7,3,17.558671,8.7,2025-10-16,Mon-Th,3,23
3.0,Mon-Th,14,13,1,urban,0.002424800534809239,5.1,100.0,77.0,14.9,3,16.957626,37.44,2025-10-16,Mon-Th,3,23
3.0,Mon-Th,16,13,3,urban,0.022798287526918225,-0.5,77.0,1.0,5.5,3,20.441945,7.11,2025-10-16,Mon-Th,3,23
3.0,Mon-Th,9,26,8,urban,0.03481249997126805,23.7,61.0,226.0,11.9,3,2.0,6.04,2025-10-16,Mon-Th,3,23
3.0,Mon-Th,11,30,3,urban,0.03956169759812372,0.4,56.0,373.0,4.2,3,18.811703,17.72,2025-10-16,Mon-Th,3,23
3.0,Mon-Th,19,8,2,urban,0.04937965233766616,-9.0,67.0,115.0,10.9,3,49.272408,44.05,2025-10-16,Mon-Th,3,23
3.0,Mon-Th,8,2,1,sub-urban,0.04313775595199668,-2.4,79.0,0.0,17.7,3,13.653302,10.2,2025-10-16,Mon-Th,3,23
3.0,Mon-Th,10,27,12,urban,0.009306796958137001,0.9,81.0,0.0,8.2,3,13.581607,9.84,2025-10-16,Mon-Th,3,23
3.0,Mon-Th,22,18,1,urban,0.015333794830008119,9.1,100.0,0.0,15.4,3,9.958337,16.33,2025-10-16,Mon-Th,3,23
3.0,Mon-Th,19,15,1,urban,0.03473936558150211,-5.4,82.0,0.0,6.6,3,7.755289,10.53,2025-10-16,Mon-Th,3,23
3.0,Mon-Th,14,21,2,urban,0.03854408612353249,0.6,89.0,51.0,16.4,3,21.111396,5.53,2025-10-20,Mon-Th,3,20
3.0,Mon-Th,18,5,3,sub-urban,0.037933739040596624,1.1,69.0,1.0,16.4,3,25.470935,7.96,2025-10-20,Mon-Th,3,20
3.0,Mon-Th,22,14,3,urban,0.0016860242598307814,8.1,93.0,224.0,8.6,3,6.157594,30.74,2025-10-20,Mon-Th,3,20
3.0,Mon-Th,12,5,1,urban,0.013854394507431467,-6.2,92.0,0.0,10.8,3,38.157092,3.8,2025-10-20,Mon-Th,3,20
3.0,Mon-Th,8,29,1,urban,0.0189563799879162,3.9,91.0,21.0,9.5,3,20.154655,35.21,2025-10-20,Mon-Th,3,20
3.0,Mon-Th,20,1,1,urban,0.030256121139074697,-4.3,87.0,0.0,17.3,3,6.082598,9.17,2025-10-20,Mon-Th,3,20
3.0,Mon-Th,22,27,3,urban,0.023012726597488632,1.3,85.0,1.0,11.1,3,4.706891,15.35,2025-10-20,Mon-Th,3,20
3.0,Mon-Th,19,15,1,urban,0.029889216880900675,7.6,91.0,139.0,3.0,3,4.762748,7.47,2025-10-20,Mon-Th,3,20
3.0,Mon-Th,20,3,1,urban,0.03640725435897012,17.3,68.0,149.0,13.9,3,14.281271,9.45,2025-10-20,Mon-Th,3,20
3.0,Mon-Th,22,15,3,urban,0.0037266036031045916,9.0,97.0,1.0,15.7,3,5.740514,16.29,2025-10-20,Mon-Th,3,20
3.0,Mon-Th,7,2,12,urban,0.029752750743042802,-8.0,89.0,1.0,9.4,3,29.667747,10.06,2025-10-20,Mon-Th,3,20
3.0,Mon-Th,16,15,1,urban,0.003510157954359933,6.7,98.0,0.0,7.3,3,11.046021,10.89,2025-10-20,Mon-Th,3,20
3.0,Mon-Th,1,13,3,urban,0.025379369534879306,0.9,72.0,2.0,18.0,3,4.143909,7.6,2025-10-20,Mon-Th,3,20
3.0,Mon-Th,0,17,1,urban,0.021192050898563124,-6.1,87.0,0.0,32.3,3,13.103686,21.5,2025-10-20,Mon-Th,3,20
3.0,Mon-Th,16,2,3,urban,0.013469393993016181,3.4,80.0,52.0,9.8,3,12.797883,37.81,2025-10-20,Mon-Th,3,20
3.0,Mon-Th,8,25,3,urban,0.01689153256408079,4.3,61.0,218.0,13.9,3,11.833488,7.83,2025-10-20,Mon-Th,3,20
3.0,Mon-Th,4,26,2,urban,0.003942330583110343,11.1,79.0,0.0,15.0,3,13.263977,20.0,2025-10-20,Mon-Th,3,20
3.0,Mon-Th,4,12,12,urban,0.030554922392277965,4.3,76.0,0.0,6.8,3,20.691027,53.12,2025-10-20,Mon-Th,3,20
3.0,Mon-Th,18,6,1,urban,0.039467611660322754,-1.4,64.0,2.0,22.8,3,13.533712,6.57,2025-10-20,Mon-Th,3,20
3.0,Mon-Th,15,12,9,sub-urban,0.005703648585660257,9.4,52.0,227.0,7.1,3,12.88545,5.24,2025-10-20,Mon-Th,3,20
3.0,Mon-Th,13,16,2,urban,0.01646888745066386,1.2,100.0,1.0,3.5,3,7.91115,16.23,2025-10-21,Mon-Th,3,24
3.0,Mon-Th,18,12,1,sub-urban,0.01358064645198597,3.6,98.0,1.0,12.0,3,17.994471,27.49,2025-10-21,Mon-Th,3,24
3.0,Mon-Th,12,25,2,urban,0.03923106644475092,-2.8,79.0,275.0,1.8,3,3.409954,7.66,2025-10-21,Mon-Th,3,24
3.0,Mon-Th,8,5,3,urban,0.03538795289170588,0.9,98.0,1.0,7.2,3,16.398212,11.84,2025-10-21,Mon-Th,3,24
3.0,Mon-Th,22,21,3,urban,0.004007871854531807,6.2,100.0,0.0,14.9,3,18.920415,28.22,2025-10-21,Mon-Th,3,24
3.0,Mon-Th,21,14,3,urban,0.0431015813894749,-2.7,90.0,1.0,3.6,3,18.63083,5.57,2025-10-21,Mon-Th,3,24
3.0,Mon-Th,8,25,2,sub-urban,0.03950200537926928,-11.8,90.0,1.0,2.4,3,3.72839,8.5,2025-10-21,Mon-Th,3,24
3.0,Mon-Th,22,23,3,urban,0.007376027660424771,10.3,53.0,106.0,11.0,3,16.317039,20.71,2025-10-21,Mon-Th,3,24
3.0,Mon-Th,18,25,1,urban,0.04369159317517455,-3.7,69.0,0.0,7.1,3,22.258245,4.76,2025-10-21,Mon-Th,3,24
3.0,Mon-Th,15,5,10,urban,0.034408319063758824,6.5,86.0,0.0,8.1,3,14.758492,13.78,2025-10-21,Mon-Th,3,24
3.0,Mon-Th,19,17,1,urban,0.01943348715254045,1.8,79.0,0.0,15.6,3,4.821326,13.43,2025-10-21,Mon-Th,3,24
3.0,Mon-Th,16,6,1,urban,0.013374541183201019,2.9,70.0,0.0,15.9,3,16.024251,7.76,2025-10-21,Mon-Th,3,24
3.0,Mon-Th,18,3,1,urban,0.038524128787492416,3.1,56.0,1.0,11.3,3,5.374726,22.25,2025-10-21,Mon-Th,3,24
3.0,Mon-Th,23,8,1,urban,0.0201899329291209,-4.0,70.0,0.0,14.4,3,27.062711,6.48,2025-10-21,Mon-Th,3,24
3.0,Mon-Th,3,25,2,urban,0.015593850314545216,-4.4,79.0,1.0,8.2,3,16.330286,12.1,2025-10-21,Mon-Th,3,24
3.0,Mon-Th,10,15,1,urban,0.01433717378380131,4.9,56.0,16.0,8.9,3,9.82772,3.51,2025-10-21,Mon-Th,3,24
3.0,Mon-Th,17,16,2,urban,0.021631079807908658,3.3,85.0,0.0,9.5,3,17.333983,24.96,2025-10-21,Mon-Th,3,24
3.0,Mon-Th,15,6,3,urban,0.0391973709352736,-0.4,84.0,1.0,4.9,3,2.0,5.91,2025-10-21,Mon-Th,3,24
3.0,Mon-Th,22,31,3,urban,0.03659381227874063,-0.0,64.0,29.0,19.4,3,11.176227,8.91,2025-10-21,Mon-Th,3,24
3.0,Mon-Th,4,13,3,urban,-0.00031,5.9,92.0,0.0,3.7,3,20.61434,15.77,2025-10-21,Mon-Th,3,24
3.0,Mon-Th,21,8,2,urban,0.05976004064770002,-7.1,74.0,0.0,14.6,3,5.034972,10.11,2025-10-21,Mon-Th,3,24
3.0,Mon-Th,21,12,2,urban,0.020723926323360422,-0.2,95.0,6.0,15.3,3,65.141296,19.27,2025-10-21,Mon-Th,3,24
3.0,Mon-Th,16,26,3,urban,0.03845462877941621,-0.0,88.0,87.0,2.1,3,16.461267,9.41,2025-10-21,Mon-Th,3,24
3.0,Mon-Th,10,18,12,urban,0.02020311637455289,-1.0,100.0,1.0,7.7,3,25.640714,5.85,2025-10-21,Mon-Th,3,24
3.0,Mon-Th,22,2,7,urban,0.03966039190090999,15.0,68.0,1.0,6.1,3,12.767386,5.15,2025-10-22,Mon-Th,3,26
3.0,Mon-Th,11,17,3,urban,0.017131949131331453,6.2,86.0,0.0,10.3,3,7.854844,5.58,2025-10-22,Mon-Th,3,26
3.0,Mon-Th,22,8,2,urban,0.03629884433552472,-6.8,91.0,16.0,13.5,3,14.274558,11.84,2025-10-22,Mon-Th,3,26
3.0,Mon-Th,17,8,2,urban,0.03310275952703208,-3.8,70.0,12.0,5.1,3,2.768751,10.11,2025-10-22,Mon-Th,3,26
3.0,Mon-Th,20,2,3,sub-urban,0.013755970131145032,6.2,98.0,0.0,7.2,3,4.210586,27.67,2025-10-22,Mon-Th,3,26
3.0,Mon-Th,20,15,3,urban,0.0051432374372907385,4.1,92.0,0.0,15.4,3,15.787983,42.37,2025-10-22,Mon-Th,3,26
3.0,Mon-Th,13,18,1,urban,0.03864809084431623,-2.0,91.0,2.0,4.5,3,14.114455,8.66,2025-10-22,Mon-Th,3,26
3.0,Mon-Th,11,2,3,urban,0.04346355356679489,-12.9,88.0,46.0,6.6,3,8.425231,9.85,2025-10-22,Mon-Th,3,26
3.0,Mon-Th,3,21,3,urban,0.006380065787965802,6.0,89.0,2.0,8.0,3,9.290364,20.82,2025-10-22,Mon-Th,3,26
3.0,Mon-Th,10,25,2,urban,0.058229033531068265,-7.1,91.0,0.0,6.2,3,15.460541,6.65,2025-10-22,Mon-Th,3,26
3.0,Mon-Th,12,23,12,urban,0.018603982510772908,3.9,67.0,62.0,6.1,3,15.32325,5.69,2025-10-22,Mon-Th,3,26
3.0,Mon-Th,17,5,3,urban,0.024659347712085153,-7.4,41.0,2.0,9.9,3,22.072159,24.46,2025-10-22,Mon-Th,3,26
3.0,Mon-Th,13,15,3,urban,0.0012041645790745264,4.6,99.0,0.0,6.7,3,13.827823,11.1,2025-10-22,Mon-Th,3,26
3.0,Mon-Th,9,3,3,urban,0.013268940949361105,6.1,99.0,0.0,23.2,3,8.484641,22.27,2025-10-22,Mon-Th,3,26
3.0,Mon-Th,10,22,2,urban,0.00453927200796744,0.1,94.0,0.0,10.4,3,20.097572,28.88,2025-10-22,Mon-Th,3,26
3.0,Mon-Th,10,10,2,urban,0.03705012333372833,-2.8,67.0,0.0,5.3,3,9.994174,14.83,2025-10-22,Mon-Th,3,26
3.0,Mon-Th,19,7,1,urban,0.04743570313888464,-0.4,78.0,0.0,22.9,3,17.198131,18.62,2025-10-22,Mon-Th,3,26
3.0,Mon-Th,14,10,12,urban,0.03753752590997605,0.8,73.0,1.0,26.8,3,11.277221,6.58,2025-10-22,Mon-Th,3,26
3.0,Mon-Th,0,4,3,urban,0.03775752487148171,1.6,74.0,0.0,5.9,3,7.222584,14.31,2025-10-22,Mon-Th,3,26
3.0,Mon-Th,4,2,3,urban,0.024972422643466524,2.6,67.0,1.0,7.1,3,2.106617,7.14,2025-10-22,Mon-Th,3,26
3.0,Mon-Th,21,12,1,sub-urban,0.018116597375593593,2.7,87.0,1.0,6.7,3,13.269831,9.85,2025-10-22,Mon-Th,3,26
3.0,Mon-Th,18,25,12,urban,0.020574142633284862,-7.9,82.0,1.0,3.6,3,9.644162,7.43,2025-10-22,Mon-Th,3,26
3.0,Mon-Th,21,24,12,urban,0.012784040044305786,7.8,57.0,257.0,8.3,3,5.796994,23.87,2025-10-22,Mon-Th,3,26
3.0,Mon-Th,21,10,1,urban,0.014833361346294118,4.7,96.0,42.0,6.8,3,24.238888,16.56,2025-10-22,Mon-Th,3,26
3.0,Mon-Th,18,8,2,urban,0.06569776787977194,-5.0,93.0,0.0,15.9,3,39.552764,16.0,2025-10-22,Mon-Th,3,26
3.0,Mon-Th,3,16,2,urban,0.03870602724044056,5.9,74.0,0.0,5.9,3,5.414213,12.01,2025-10-22,Mon-Th,3,26
3.0,Mon-Th,4,2,12,urban,0.009752978760991989,2.4,100.0,0.0,2.9,3,13.638819,14.73,2025-10-23,Mon-Th,3,24
3.0,Mon-Th,12,26,3,urban,0.042302152600523585,-0.3,75.0,51.0,15.3,3,2.79704,8.15,2025-10-23,Mon-Th,3,24
3.0,Mon-Th,21,29,1,urban,0.013491583663108929,1.8,75.0,0.0,19.0,3,17.618754,11.05,2025-10-23,Mon-Th,3,24
3.0,Mon-Th,23,27,12,urban,0.020848236120969494,3.6,74.0,0.0,16.7,3,13.653863,7.83,2025-10-23,Mon-Th,3,24
3.0,Mon-Th,17,25,2,urban,0.04540501739824711,-9.2,48.0,1.0,4.2,3,7.949745,6.64,2025-10-23,Mon-Th,3,24
3.0,Mon-Th,4,17,1,urban,0.033763425976482984,-8.1,88.0,0.0,14.2,3,3.669931,12.24,2025-10-23,Mon-Th,3,24
3.0,Mon-Th,3,24,1,urban,0.03378434838750727,-0.8,88.0,0.0,9.4,3,16.877624,11.3,2025-10-23,Mon-Th,3,24
3.0,Mon-Th,22,2,10,urban,0.020142094781797827,3.1,96.0,0.0,14.1,3,29.16213,36.06,2025-10-23,Mon-Th,3,24
3.0,Mon-Th,22,12,2,urban,0.02923690679560176,-2.9,90.0,0.0,18.2,3,32.346686,6.26,2025-10-23,Mon-Th,3,24
3.0,Mon-Th,17,17,11,urban,0.023501344623843776,6.4,51.0,1.0,7.6,3,15.690975,9.76,2025-10-23,Mon-Th,3,24
3.0,Mon-Th,20,15,3,urban,0.03404614141635092,15.7,44.0,291.0,16.5,3,12.758405,2.81,2025-10-23,Mon-Th,3,24
3.0,Mon-Th,20,10,2,urban,0.03441816140704138,-6.4,94.0,1.0,21.6,3,5.76462,9.77,2025-10-23,Mon-Th,3,24
3.0,Mon-Th,5,16,3,urban,0.01184553664118911,6.3,57.0,0.0,8.3,3,6.633005,20.83,2025-10-23,Mon-Th,3,24
3.0,Mon-Th,13,28,3,urban,0.033605516723545246,-0.1,88.0,0.0,13.5,3,21.112201,70.51,2025-10-23,Mon-Th,3,24
3.0,Mon-Th,17,1,7,urban,0.005112594809498418,24.6,86.0,0.0,13.4,3,7.291695,6.24,2025-10-23,Mon-Th,3,24
3.0,Mon-Th,14,29,1,urban,0.04023619827975526,11.1,80.0,427.0,6.0,3,8.994725,2.71,2025-10-23,Mon-Th,3,24
3.0,Mon-Th,21,4,2,urban,0.022727138278106067,-2.9,79.0,0.0,16.1,3,3.566264,24.03,2025-10-23,Mon-Th,3,24
3.0,Mon-Th,15,17,1,sub-urban,0.022873801972943524,5.6,95.0,153.0,4.9,3,41.116966,6.51,2025-10-23,Mon-Th,3,24
3.0,Mon-Th,23,21,11,urban,0.030848530842534725,-5.7,65.0,0.0,15.2,3,12.316518,22.64,2025-10-23,Mon-Th,3,24
3.0,Mon-Th,16,17,1,urban,0.020822041038597867,7.5,69.0,16.0,18.9,3,6.040482,8.36,2025-10-23,Mon-Th,3,24
3.0,Mon-Th,11,25,2,urban,0.027341966733463504,0.9,58.0,0.0,5.2,3,8.470233,13.11,2025-10-23,Mon-Th,3,24
3.0,Mon-Th,16,16,3,urban,0.020345684539445047,2.5,89.0,142.0,18.8,3,22.952762,37.67,2025-10-23,Mon-Th,3,24
3.0,Mon-Th,22,21,1,urban,0.06031025742466774,2.0,57.0,2.0,5.1,3,2.0,3.71,2025-10-23,Mon-Th,3,24
3.0,Mon-Th,10,20,3,urban,0.004938469732376446,5.3,96.0,36.0,4.8,3,8.441427,16.52,2025-10-23,Mon-Th,3,24
3.0,Mon-Th,11,26,10,urban,0.04860560150703674,1.6,93.0,1.0,8.2,3,10.379031,32.02,2025-10-27,Mon-Th,3,19
3.0,Mon-Th,18,30,2,urban,0.03645522031116962,-5.2,96.0,0.0,10.4,3,27.524453,8.23,2025-10-27,Mon-Th,3,19
3.0,Mon-Th,12,7,3,urban,0.025779872466877716,-5.8,89.0,0.0,8.4,3,22.873258,8.24,2025-10-27,Mon-Th,3,19
3.0,Mon-Th,17,25,1,urban,0.014599526661175926,-9.2,88.0,120.0,4.9,3,14.88579,2.89,2025-10-27,Mon-Th,3,19
3.0,Mon-Th,12,7,1,urban,0.04777191735575258,-4.6,73.0,1.0,3.9,3,3.170408,4.51,2025-10-27,Mon-Th,3,19
3.0,Mon-Th,16,23,3,urban,0.019334220711760098,5.4,60.0,0.0,16.4,3,42.01378,6.39,2025-10-27,Mon-Th,3,19
3.0,Mon-Th,4,5,12,urban,0.045680233135229925,-1.2,86.0,0.0,11.9,3,21.079771,6.95,2025-10-27,Mon-Th,3,19
3.0,Mon-Th,21,29,2,urban,0.024674098274488507,-9.8,86.0,20.0,15.6,3,2.326779,8.45,2025-10-27,Mon-Th,3,19
3.0,Mon-Th,15,15,1,urban,0.01355139138455194,-1.4,59.0,1.0,15.8,3,31.767484,16.25,2025-10-27,Mon-Th,3,19
3.0,Mon-Th,17,23,2,urban,0.06130662274295136,-0.6,81.0,0.0,31.5,3,7.477462,7.96,2025-10-27,Mon-Th,3,19
3.0,Mon-Th,4,9,4,urban,0.007257272776765708,8.7,82.0,0.0,18.0,3,13.219227,42.15,2025-10-27,Mon-Th,3,19
3.0,Mon-Th,18,2,1,urban,0.019707867130085235,-6.9,65.0,0.0,9.1,3,15.897895,7.17,2025-10-27,Mon-Th,3,19
3.0,Mon-Th,23,3,1,urban,0.04916758415253911,-5.0,70.0,0.0,7.8,3,13.665209,10.92,2025-10-27,Mon-Th,3,19
3.0,Mon-Th,14,23,3,urban,0.01586899517198172,-3.7,79.0,92.0,16.0,3,20.296735,12.32,2025-10-27,Mon-Th,3,19
3.0,Mon-Th,22,26,2,urban,0.008228249241455014,2.1,90.0,0.0,3.9,3,7.507599,15.22,2025-10-27,Mon-Th,3,19
3.0,Mon-Th,7,13,12,urban,0.030911412002810185,-0.3,82.0,2.0,13.0,3,21.030216,20.5,2025-10-27,Mon-Th,3,19
3.0,Mon-Th,3,9,3,urban,0.004773542759608942,5.1,98.0,0.0,4.0,3,11.331034,24.78,2025-10-27,Mon-Th,3,19
3.0,Mon-Th,23,27,1,urban,0.016790069665446036,1.5,99.0,1.0,9.4,3,14.203582,6.02,2025-10-27,Mon-Th,3,19
3.0,Mon-Th,14,8,2,urban,0.0059573546705020235,-0.5,73.0,50.0,3.5,3,31.079015,5.44,2025-10-27,Mon-Th,3,19
3.0,Mon-Th,16,3,1,urban,0.013216305668522067,-4.3,84.0,0.0,17.3,3,19.584304,8.13,2025-10-28,Mon-Th,3,26
3.0,Mon-Th,23,8,1,urban,0.021474595746800773,2.7,80.0,0.0,5.0,3,8.455908,9.99,2025-10-28,Mon-Th,3,26
3.0,Mon-Th,12,1,12,urban,0.036356723505492974,0.8,84.0,1.0,16.0,3,4.729188,7.32,2025-10-28,Mon-Th,3,26
3.0,Mon-Th,11,7,12,urban,0.001561909084373479,0.4,99.0,0.0,5.1,3,13.619461,8.3,2025-10-28,Mon-Th,3,26
3.0,Mon-Th,8,3,11,sub-urban,0.03298340397201587,1.3,64.0,117.0,12.1,3,18.554382,4.77,2025-10-28,Mon-Th,3,26
3.0,Mon-Th,16,3,1,sub-urban,0.01704452434262391,0.4,100.0,73.0,11.9,3,16.044211,6.36,2025-10-28,Mon-Th,3,26
3.0,Mon-Th,16,24,1,urban,0.01694904067850618,1.0,75.0,0.0,18.5,3,23.016188,7.98,2025-10-28,Mon-Th,3,26
3.0,Mon-Th,9,27,1,urban,0.0009034511434775306,-6.4,93.0,0.0,14.9,3,36.142845,13.46,2025-10-28,Mon-Th,3,26
3.0,Mon-Th,15,12,2,urban,0.02984683109552909,0.3,77.0,18.0,3.4,3,3.57953,12.75,2025-10-28,Mon-Th,3,26
3.0,Mon-Th,16,26,1,urban,0.014666714793211872,5.8,93.0,49.0,12.0,3,40.48426,29.17,2025-10-28,Mon-Th,3,26
3.0,Mon-Th,14,20,11,urban,0.03601808302142404,6.1,89.0,134.0,3.7,3,22.999929,7.85,2025-10-28,Mon-Th,3,26
3.0,Mon-Th,22,25,2,urban,0.006321568341942977,-3.4,58.0,1.0,8.2,3,19.154522,11.65,2025-10-28,Mon-Th,3,26
3.0,Mon-Th,22,31,1,urban,0.012046929018703955,1.3,100.0,1.0,14.9,3,10.779845,7.77,2025-10-28,Mon-Th,3,26
3.0,Mon-Th,11,2,1,urban,0.03741023987131194,-0.1,85.0,131.0,16.6,3,3.492354,6.15,2025-10-28,Mon-Th,3,26
3.0,Mon-Th,5,12,6,urban,0.004266078005997956,14.1,58.0,158.0,15.8,3,15.85228,7.36,2025-10-28,Mon-Th,3,26
3.0,Mon-Th,19,17,2,urban,0.0018131175026525233,-10.8,88.0,217.0,15.1,3,13.762337,22.96,2025-10-28,Mon-Th,3,26
3.0,Mon-Th,11,18,3,urban,0.0373297776036962,10.3,92.0,0.0,10.6,3,2.261713,18.66,2025-10-28,Mon-Th,3,26
3.0,Mon-Th,9,8,3,urban,0.017434286783491914,-4.9,72.0,0.0,9.4,3,50.219198,4.04,2025-10-28,Mon-Th,3,26
3.0,Mon-Th,10,22,1,urban,0.01687924653531795,-4.7,97.0,0.0,5.6,3,35.279498,51.84,2025-10-28,Mon-Th,3,26
3.0,Mon-Th,22,19,2,urban,0.0363967627946067,-6.6,72.0,18.0,10.9,3,7.986047,8.63,2025-10-28,Mon-Th,3,26
3.0,Mon-Th,23,30,2,urban,0.017433390874956222,6.9,96.0,0.0,8.6,3,14.217343,17.76,2025-10-28,Mon-Th,3,26
3.0,Mon-Th,15,26,1,urban,0.019586797134506326,-2.4,75.0,0.0,6.9,3,25.992678,34.29,2025-10-28,Mon-Th,3,26
3.0,Mon-Th,4,4,1,urban,0.03654782432768049,19.5,82.0,9.0,21.0,3,3.741549,8.01,2025-10-28,Mon-Th,3,26
3.0,Mon-Th,12,7,3,urban,-9.378529203866656e-05,3.7,36.0,160.0,15.6,3,40.80096,8.06,2025-10-28,Mon-Th,3,26
3.0,Mon-Th,3,20,2,urban,0.036784474872248445,-2.9,76.0,0.0,10.6,3,19.72194,15.32,2025-10-28,Mon-Th,3,26
3.0,Mon-Th,3,11,12,urban,0.013870792448111341,8.4,92.0,0.0,17.9,3,18.878439,14.09,2025-10-28,Mon-Th,3,26
3.0,Mon-Th,11,24,3,urban,0.036361483745957525,1.0,93.0,1.0,4.5,3,9.363254,16.65,2025-10-29,Mon-Th,3,21
3.0,Mon-Th,3,3,1,urban,0.022597229648561708,-3.0,85.0,0.0,7.3,3,12.608605,7.8,2025-10-29,Mon-Th,3,21
3.0,Mon-Th,10,6,3,urban,0.013860614801610178,0.8,71.0,122.0,14.4,3,21.347603,4.57,2025-10-29,Mon-Th,3,21
3.0,Mon-Th,22,27,1,urban,0.014544575595799056,4.8,51.0,239.0,5.4,3,16.56921,6.81,2025-10-29,Mon-Th,3,21
3.0,Mon-Th,18,21,1,urban,0.022759386970515008,-1.4,75.0,22.0,9.5,3,19.584559,22.77,2025-10-29,Mon-Th,3,21
3.0,Mon-Th,18,23,1,urban,0.03350970026548166,-5.2,75.0,0.0,9.9,3,17.45243,6.93,2025-10-29,Mon-Th,3,21
3.0,Mon-Th,16,24,2,urban,0.016399159963978602,1.2,89.0,0.0,12.3,3,10.971001,5.02,2025-10-29,Mon-Th,3,21
3.0,Mon-Th,16,16,2,urban,0.04998283611714071,-0.4,93.0,1.0,4.9,3,2.0,21.74,2025-10-29,Mon-Th,3,21
3.0,Mon-Th,10,3,3,urban,0.002712497506621512,9.4,96.0,0.0,10.5,3,85.773344,13.94,2025-10-29,Mon-Th,3,21
3.0,Mon-Th,10,23,1,urban,0.014305980262635156,1.5,89.0,2.0,14.6,3,16.895353,4.51,2025-10-29,Mon-Th,3,21
3.0,Mon-Th,15,30,1,urban,0.024991820823554414,-4.4,89.0,15.0,3.8,3,23.535987,5.69,2025-10-29,Mon-Th,3,21
3.0,Mon-Th,18,21,2,urban,0.025085323449244582,-2.2,62.0,1.0,12.4,3,11.359324,12.21,2025-10-29,Mon-Th,3,21
3.0,Mon-Th,17,15,3,urban,9.952484127234793e-05,9.1,45.0,0.0,5.4,3,2.0,29.46,2025-10-29,Mon-Th,3,21
3.0,Mon-Th,12,1,12,urban,0.0362394272640129,3.0,78.0,0.0,2.8,3,33.010748,39.43,2025-10-29,Mon-Th,3,21
3.0,Mon-Th,8,28,1,urban,0.03289954223747998,6.5,99.0,2.0,18.7,3,14.37025,6.88,2025-10-29,Mon-Th,3,21
3.0,Mon-Th,16,21,1,urban,0.036599654110506204,-0.8,87.0,11.0,36.0,3,11.198093,29.06,2025-10-29,Mon-Th,3,21
3.0,Mon-Th,19,1,3,urban,0.0365185524808108,4.0,89.0,0.0,14.1,3,13.214214,15.44,2025-10-29,Mon-Th,3,21
3.0,Mon-Th,21,28,12,urban,0.033134656735296086,-10.3,84.0,0.0,6.4,3,13.336724,10.1,2025-10-29,Mon-Th,3,21
3.0,Mon-Th,12,13,2,urban,0.04755136153705527,-9.7,87.0,1.0,14.9,3,24.58408,18.18,2025-10-29,Mon-Th,3,21
3.0,Mon-Th,16,25,9,urban,0.014691295484591424,-9.5,55.0,0.0,5.6,3,17.291976,6.59,2025-10-29,Mon-Th,3,21
3.0,Mon-Th,23,2,3,urban,0.035717109989291236,5.2,87.0,1.0,18.3,3,13.975758,11.16,2025-10-29,Mon-Th,3,21
3.0,Mon-Th,21,17,1,urban,0.021254406346049953,1.4,98.0,0.0,6.0,3,16.246267,8.28,2025-10-30,Mon-Th,3,24
3.0,Mon-Th,18,16,1,urban,0.019811788101864722,2.2,99.0,12.0,11.6,3,6.347547,9.03,2025-10-30,Mon-Th,3,24
3.0,Mon-Th,15,27,1,urban,0.017486807452797182,10.4,89.0,1.0,15.3,3,16.495097,16.04,2025-10-30,Mon-Th,3,24
3.0,Mon-Th,21,15,1,urban,0.06122988274961679,-6.5,66.0,0.0,13.0,3,14.921184,5.12,2025-10-30,Mon-Th,3,24
3.0,Mon-Th,18,25,2,urban,0.0430337789227236,-6.0,76.0,59.0,9.8,3,13.044126,7.3,2025-10-30,Mon-Th,3,24
3.0,Mon-Th,18,6,3,urban,0.013594724321549439,1.2,80.0,71.0,6.7,3,20.332499,11.26,2025-10-30,Mon-Th,3,24
3.0,Mon-Th,22,20,1,urban,0.024446617536682223,7.8,94.0,0.0,5.1,3,13.56096,7.6,2025-10-30,Mon-Th,3,24
3.0,Mon-Th,21,3,2,urban,0.03483851470507185,6.1,69.0,0.0,6.3,3,42.159765,15.09,2025-10-30,Mon-Th,3,24
3.0,Mon-Th,14,24,1,urban,0.013006197443390695,3.7,66.0,14.0,4.3,3,71.109117,10.82,2025-10-30,Mon-Th,3,24
3.0,Mon-Th,20,2,3,urban,0.005260223431667749,2.9,91.0,1.0,3.1,3,38.833431,9.56,2025-10-30,Mon-Th,3,24
3.0,Mon-Th,15,26,3,urban,0.02122684832794407,5.3,94.0,138.0,7.2,3,21.695108,13.34,2025-10-30,Mon-Th,3,24
3.0,Mon-Th,16,21,8,urban,0.01845132258837992,1.8,97.0,234.0,24.8,3,14.536861,3.39,2025-10-30,Mon-Th,3,24
3.0,Mon-Th,17,6,2,urban,0.03369472652848318,3.6,84.0,120.0,6.0,3,19.088558,11.95,2025-10-30,Mon-Th,3,24
3.0,Mon-Th,11,25,3,urban,0.029904855448621273,-5.6,80.0,1.0,21.2,3,2.415079,5.43,2025-10-30,Mon-Th,3,24
3.0,Mon-Th,19,27,8,urban,0.04103955207316072,8.8,64.0,0.0,6.3,3,11.839493,17.27,2025-10-30,Mon-Th,3,24
3.0,Mon-Th,21,11,1,urban,0.0355799278361712,-3.0,89.0,0.0,5.0,3,10.689772,18.77,2025-10-30,Mon-Th,3,24
3.0,Mon-Th,15,17,1,urban,0.02053422917161235,0.4,71.0,19.0,15.4,3,16.350189,6.79,2025-10-30,Mon-Th,3,24
3.0,Mon-Th,9,15,3,urban,0.01695460987908247,7.6,46.0,429.0,8.0,3,19.65615,17.46,2025-10-30,Mon-Th,3,24
3.0,Mon-Th,0,8,3,urban,0.0003757732540054723,2.4,92.0,0.0,2.6,3,18.772968,7.89,2025-10-30,Mon-Th,3,24
3.0,Mon-Th,16,5,3,urban,0.04349895932335177,-1.3,95.0,322.0,4.5,3,14.679461,11.77,2025-10-30,Mon-Th,3,24
3.0,Mon-Th,4,12,6,urban,0.028657282127121694,7.2,54.0,226.0,3.8,3,3.774843,6.5,2025-10-30,Mon-Th,3,24
3.0,Mon-Th,21,10,1,urban,0.011306736603127403,-0.1,72.0,0.0,11.5,3,7.932899,15.29,2025-10-30,Mon-Th,3,24
3.0,Mon-Th,3,13,1,urban,0.020806444026022344,-3.5,87.0,0.0,9.3,3,13.550132,20.32,2025-10-30,Mon-Th,3,24
3.0,Mon-Th,21,25,3,urban,0.06220931402274388,-2.3,88.0,16.0,9.8,3,13.639418,10.01,2025-10-30,Mon-Th,3,24
3.0,Mon-Th,3,11,2,urban,0.01197629410837757,8.2,48.0,123.0,6.0,3,17.418755,7.16,2025-11-03,Mon-Th,3,25
3.0,Mon-Th,16,6,1,sub-urban,0.06093707638854049,-2.9,65.0,0.0,20.2,3,14.841524,4.97,2025-11-03,Mon-Th,3,25
3.0,Mon-Th,14,19,3,urban,0.0521569318475003,8.7,84.0,104.0,19.0,3,14.926217,10.41,2025-11-03,Mon-Th,3,25
3.0,Mon-Th,13,14,3,urban,0.03852385361117306,16.8,84.0,65.0,2.5,3,2.591693,6.36,2025-11-03,Mon-Th,3,25
3.0,Mon-Th,17,15,1,urban,0.010901599821320307,0.3,86.0,19.0,6.9,3,71.866466,5.37,2025-11-03,Mon-Th,3,25
3.0,Mon-Th,21,16,2,urban,0.018308388188660027,-5.5,96.0,0.0,15.0,3,11.899905,32.66,2025-11-03,Mon-Th,3,25
3.0,Mon-Th,17,14,2,urban,0.05678138374038438,-3.6,90.0,0.0,3.5,3,3.312918,15.39,2025-11-03,Mon-Th,3,25
3.0,Mon-Th,22,24,1,urban,0.0075387339759345525,4.2,94.0,0.0,2.7,3,14.669489,11.39,2025-11-03,Mon-Th,3,25
3.0,Mon-Th,18,9,2,urban,0.04460519042434304,0.6,70.0,1.0,3.1,3,53.291814,26.55,2025-11-03,Mon-Th,3,25
3.0,Mon-Th,4,18,3,urban,0.010712477450634342,-5.1,95.0,20.0,12.5,3,16.131769,7.14,2025-11-03,Mon-Th,3,25
3.0,Mon-Th,21,20,1,urban,0.02770613949478145,7.8,96.0,0.0,2.7,3,2.010246,11.22,2025-11-03,Mon-Th,3,25
3.0,Mon-Th,5,17,3,urban,0.015978832407670878,3.9,77.0,349.0,14.7,3,14.55367,16.88,2025-11-03,Mon-Th,3,25
3.0,Mon-Th,16,8,2,urban,0.02505788565219738,-6.4,76.0,0.0,8.6,3,2.443089,6.92,2025-11-03,Mon-Th,3,25
3.0,Mon-Th,16,30,1,urban,0.03534189684831066,-3.1,83.0,66.0,7.3,3,20.119193,18.8,2025-11-03,Mon-Th,3,25
3.0,Mon-Th,21,2,1,urban,0.014835034010510725,2.5,69.0,0.0,7.4,3,15.031313,20.85,2025-11-03,Mon-Th,3,25
3.0,Mon-Th,3,15,2,urban,0.013870404624342397,2.8,49.0,0.0,15.9,3,10.959951,6.66,2025-11-03,Mon-Th,3,25
3.0,Mon-Th,21,20,1,urban,0.04946717404634209,-3.2,76.0,1.0,3.6,3,46.848404,5.99,2025-11-03,Mon-Th,3,25
3.0,Mon-Th,4,4,5,urban,0.03260325271404289,8.9,92.0,0.0,3.4,3,10.255203,13.31,2025-11-03,Mon-Th,3,25
3.0,Mon-Th,8,3,9,urban,0.01750301020023652,5.0,97.0,0.0,5.6,3,7.592617,13.21,2025-11-03,Mon-Th,3,25
3.0,Mon-Th,10,24,1,urban,0.05775366078509897,1.0,70.0,1.0,14.8,3,11.949701,5.35,2025-11-03,Mon-Th,3,25
3.0,Mon-Th,21,29,2,urban,0.013174939299430324,-2.0,85.0,15.0,7.0,3,11.698976,37.05,2025-11-03,Mon-Th,3,25
3.0,Mon-Th,23,11,1,urban,0.01124289688126717,-0.0,90.0,0.0,13.9,3,9.053069,30.68,2025-11-03,Mon-Th,3,25
3.0,Mon-Th,22,21,3,urban,0.03320715819646578,16.1,53.0,109.0,4.5,3,5.308939,30.0,2025-11-03,Mon-Th,3,25
3.0,Mon-Th,8,17,1,urban,0.01680033273310091,-0.4,85.0,0.0,10.0,3,16.563869,10.68,2025-11-03,Mon-Th,3,25
3.0,Mon-Th,4,11,3,urban,0.034016698734582566,0.8,66.0,0.0,17.3,3,2.0,14.59,2025-11-03,Mon-Th,3,25
3.0,Mon-Th,4,15,12,urban,0.019327722100918144,1.4,70.0,0.0,5.5,3,12.022995,8.69,2025-11-04,Mon-Th,3,20
3.0,Mon-Th,10,2,1,urban,0.0392582697135837,-5.3,85.0,147.0,9.5,3,3.125311,1.04,2025-11-04,Mon-Th,3,20
3.0,Mon-Th,22,30,1,urban,0.03537680129406392,3.5,99.0,0.0,7.8,3,13.740084,7.21,2025-11-04,Mon-Th,3,20
3.0,Mon-Th,18,2,3,urban,0.02858153083828053,-8.0,68.0,0.0,2.3,3,2.783332,15.03,2025-11-04,Mon-Th,3,20
3.0,Mon-Th,16,21,1,urban,0.020630165228912468,0.2,70.0,13.0,23.0,3,26.771923,27.62,2025-11-04,Mon-Th,3,20
3.0,Mon-Th,12,12,1,urban,0.02725379499227737,0.1,81.0,0.0,6.5,3,7.197924,15.22,2025-11-04,Mon-Th,3,20
3.0,Mon-Th,16,17,3,urban,0.01785303037638862,1.0,96.0,0.0,13.9,3,4.852377,17.14,2025-11-04,Mon-Th,3,20
3.0,Mon-Th,14,5,3,urban,0.029125129503250146,4.4,77.0,0.0,17.6,3,14.437241,4.57,2025-11-04,Mon-Th,3,20
3.0,Mon-Th,17,7,1,urban,0.01094891963050806,0.3,91.0,1.0,4.8,3,54.54194,5.21,2025-11-04,Mon-Th,3,20
3.0,Mon-Th,18,12,2,urban,0.010356248884434018,-7.8,94.0,0.0,8.7,3,14.134546,6.97,2025-11-04,Mon-Th,3,20
3.0,Mon-Th,15,17,12,urban,0.01834901107666142,-5.8,69.0,72.0,15.2,3,14.913882,7.75,2025-11-04,Mon-Th,3,20
3.0,Mon-Th,20,16,3,urban,0.01810650885462804,3.6,89.0,0.0,19.9,3,9.278933,10.92,2025-11-04,Mon-Th,3,20
3.0,Mon-Th,4,3,12,urban,0.034697721782849654,-5.2,81.0,244.0,7.4,3,13.489232,8.97,2025-11-04,Mon-Th,3,20
3.0,Mon-Th,18,8,2,urban,0.035887610603380075,-0.7,88.0,0.0,10.7,3,9.624548,16.53,2025-11-04,Mon-Th,3,20
3.0,Mon-Th,18,15,2,urban,0.017076973008964786,0.6,62.0,0.0,32.5,3,18.709376,11.73,2025-11-04,Mon-Th,3,20
3.0,Mon-Th,21,1,1,urban,0.0316047921598812,3.6,43.0,0.0,4.9,3,7.359669,22.94,2025-11-04,Mon-Th,3,20
3.0,Mon-Th,22,8,1,urban,0.012554324664428492,4.8,67.0,0.0,24.0,3,62.575311,9.05,2025-11-04,Mon-Th,3,20
3.0,Mon-Th,14,25,1,urban,0.025540412698041415,-0.4,89.0,120.0,4.9,3,14.419096,12.49,2025-11-04,Mon-Th,3,20
3.0,Mon-Th,8,28,1,urban,0.01800812740817148,-2.4,72.0,1.0,4.7,3,18.733268,9.21,2025-11-04,Mon-Th,3,20
3.0,Mon-Th,12,25,1,urban,0.015883166419059288,-4.4,65.0,0.0,4.3,3,15.257654,9.71,2025-11-04,Mon-Th,3,20
3.0,Mon-Th,20,25,2,urban,0.039212830065572926,-0.6,96.0,0.0,9.0,3,13.8406,7.84,2025-11-05,Mon-Th,3,18
3.0,Mon-Th,17,29,1,urban,0.020215406397430014,-5.8,72.0,3.0,15.5,3,16.432452,7.71,2025-11-05,Mon-Th,3,18
3.0,Mon-Th,23,2,2,urban,0.05742113831092673,2.0,69.0,15.0,17.7,3,23.539314,10.74,2025-11-05,Mon-Th,3,18
3.0,Mon-Th,12,27,3,urban,0.03835268867655337,-2.2,81.0,18.0,11.5,3,12.024527,15.41,2025-11-05,Mon-Th,3,18
3.0,Mon-Th,21,4,1,urban,0.00775950820894928,2.0,90.0,0.0,5.1,3,20.478566,24.75,2025-11-05,Mon-Th,3,18
3.0,Mon-Th,11,16,12,urban,0.0013660533018608726,8.1,39.0,253.0,10.1,3,105.160565,29.45,2025-11-05,Mon-Th,3,18
3.0,Mon-Th,8,8,2,urban,0.014461323189682154,-8.4,85.0,0.0,3.8,3,14.262496,36.18,2025-11-05,Mon-Th,3,18
3.0,Mon-Th,15,20,3,urban,0.012472279217704605,3.3,88.0,77.0,28.8,3,23.532416,4.79,2025-11-05,Mon-Th,3,18
3.0,Mon-Th,14,18,2,urban,0.00871375324383574,-7.4,68.0,1.0,9.5,3,12.610798,12.09,2025-11-05,Mon-Th,3,18
3.0,Mon-Th,1,1,1,urban,0.00669437284708772,-5.6,87.0,1.0,10.5,3,8.382364,32.08,2025-11-05,Mon-Th,3,18
3.0,Mon-Th,16,1,1,urban,0.013548949021442611,-0.5,49.0,34.0,5.9,3,43.639112,7.98,2025-11-05,Mon-Th,3,18
3.0,Mon-Th,12,15,1,urban,0.0225393958294416,0.2,92.0,0.0,9.9,3,2.0,7.21,2025-11-05,Mon-Th,3,18
3.0,Mon-Th,17,24,2,urban,0.043551881612099955,-7.3,80.0,0.0,18.5,3,20.552099,11.06,2025-11-05,Mon-Th,3,18
3.0,Mon-Th,15,2,1,urban,0.021833875662886568,-3.9,72.0,39.0,12.0,3,17.399615,10.66,2025-11-05,Mon-Th,3,18
3.0,Mon-Th,14,2,9,urban,0.03294711641210607,2.9,79.0,0.0,6.5,3,12.746129,6.63,2025-11-05,Mon-Th,3,18
3.0,Mon-Th,14,26,1,urban,0.01569959344451071,7.7,64.0,127.0,18.0,3,13.559669,6.58,2025-11-05,Mon-Th,3,18
3.0,Mon-Th,9,30,12,urban,0.0025584464774088995,17.7,61.0,102.0,4.7,3,8.710538,2.72,2025-11-05,Mon-Th,3,18
3.0,Mon-Th,15,30,1,urban,0.02168485842872779,6.9,71.0,167.0,6.4,3,15.526335,1.85,2025-11-05,Mon-Th,3,18
3.0,Mon-Th,16,26,3,urban,0.020049051226498943,-6.3,92.0,0.0,6.6,3,16.299108,10.34,2025-11-06,Mon-Th,3,35
3.0,Mon-Th,5,20,3,urban,0.040042522363099374,4.0,100.0,0.0,12.2,3,8.532414,6.65,2025-11-06,Mon-Th,3,35
3.0,Mon-Th,14,3,1,urban,0.03404802345609444,-3.3,73.0,0.0,3.3,3,17.807988,11.25,2025-11-06,Mon-Th,3,35
3.0,Mon-Th,16,17,1,urban,0.03979755333898957,-3.1,87.0,1.0,28.7,3,15.983598,13.2,2025-11-06,Mon-Th,3,35
3.0,Mon-Th,10,5,2,urban,0.048284861169506504,-6.2,63.0,2.0,26.9,3,2.907093,11.56,2025-11-06,Mon-Th,3,35
3.0,Mon-Th,18,29,1,urban,0.016764733839095526,-4.1,81.0,0.0,17.1,3,14.959103,22.14,2025-11-06,Mon-Th,3,35
3.0,Mon-Th,20,11,2,urban,0.05427987389227993,-0.4,100.0,0.0,4.7,3,12.658002,9.29,2025-11-06,Mon-Th,3,35
3.0,Mon-Th,17,21,2,urban,0.017253002255722176,-2.8,90.0,23.0,12.1,3,3.839402,15.56,2025-11-06,Mon-Th,3,35
3.0,Mon-Th,15,31,12,urban,0.01511462827173602,1.7,62.0,0.0,6.3,3,3.188125,30.1,2025-11-06,Mon-Th,3,35
3.0,Mon-Th,15,27,2,urban,0.04946105871101204,-12.4,83.0,0.0,8.2,3,14.342647,10.87,2025-11-06,Mon-Th,3,35
3.0,Mon-Th,17,8,2,urban,0.011156495896055397,-3.4,77.0,25.0,16.8,3,12.044574,12.79,2025-11-06,Mon-Th,3,35
3.0,Mon-Th,14,21,10,urban,0.011043821131853685,1.7,98.0,1.0,6.7,3,29.750517,27.05,2025-11-06,Mon-Th,3,35
3.0,Mon-Th,4,1,2,urban,0.002038151720902656,3.1,98.0,0.0,17.2,3,14.523926,3.78,2025-11-06,Mon-Th,3,35
3.0,Mon-Th,16,19,12,urban,0.07494563416657465,1.0,85.0,2.0,6.6,3,21.480638,7.07,2025-11-06,Mon-Th,3,35
3.0,Mon-Th,11,6,1,urban,0.018544520791450338,-0.8,94.0,1.0,16.4,3,5.914601,21.83,2025-11-06,Mon-Th,3,35
3.0,Mon-Th,16,6,1,urban,0.017761971124310407,3.5,52.0,0.0,15.6,3,19.356458,7.14,2025-11-06,Mon-Th,3,35
3.0,Mon-Th,18,9,1,urban,0.008852705162740265,-6.1,95.0,0.0,28.6,3,12.881077,11.7,2025-11-06,Mon-Th,3,35
3.0,Mon-Th,18,8,3,urban,0.006625633390941677,12.4,97.0,0.0,3.2,3,3.371191,8.32,2025-11-06,Mon-Th,3,35
3.0,Mon-Th,21,10,1,urban,0.007535209007081281,1.1,91.0,0.0,10.0,3,4.344029,15.88,2025-11-06,Mon-Th,3,35
3.0,Mon-Th,11,21,1,urban,0.05419110315502202,4.0,98.0,61.0,19.1,3,6.725556,8.86,2025-11-06,Mon-Th,3,35
3.0,Mon-Th,14,15,1,urban,0.00663268984275751,7.9,91.0,253.0,12.8,3,22.614561,58.51,2025-11-06,Mon-Th,3,35
3.0,Mon-Th,20,21,2,urban,0.05951466410490947,-3.1,65.0,14.0,21.8,3,13.072795,31.61,2025-11-06,Mon-Th,3,35
3.0,Mon-Th,17,22,3,urban,0.03597437686873749,-0.5,85.0,0.0,15.9,3,13.269019,12.5,2025-11-06,Mon-Th,3,35
3.0,Mon-Th,16,10,2,urban,0.016546713240264042,-5.6,82.0,0.0,12.1,3,6.868813,14.54,2025-11-06,Mon-Th,3,35
3.0,Mon-Th,21,3,2,urban,0.02105966611839303,0.3,97.0,0.0,6.4,3,8.832719,5.74,2025-11-06,Mon-Th,3,35
3.0,Mon-Th,12,18,10,urban,0.0028547577753311407,6.0,99.0,0.0,6.8,3,39.389783,8.52,2025-11-06,Mon-Th,3,35
3.0,Mon-Th,4,10,1,urban,0.0008091159096829674,2.1,100.0,60.0,17.8,3,3.192009,34.91,2025-11-06,Mon-Th,3,35
3.0,Mon-Th,13,11,1,urban,0.01629358186921604,5.9,71.0,150.0,16.6,3,2.971631,9.07,2025-11-06,Mon-Th,3,35
3.0,Mon-Th,15,7,1,urban,0.03730708256653109,-0.5,81.0,0.0,9.9,3,8.75813,7.29,2025-11-06,Mon-Th,3,35
3.0,Mon-Th,17,17,9,urban,0.03314637555851044,1.2,74.0,1.0,17.4,3,9.830146,11.96,2025-11-06,Mon-Th,3,35
3.0,Mon-Th,18,25,1,urban,0.03786343330186492,1.5,77.0,0.0,15.1,3,24.488455,4.33,2025-11-06,Mon-Th,3,35
3.0,Mon-Th,15,28,1,urban,0.039180622111661116,-1.2,80.0,222.0,10.9,3,45.022161,11.13,2025-11-06,Mon-Th,3,35
3.0,Mon-Th,0,19,3,urban,0.03001482491937985,2.5,91.0,0.0,24.3,3,14.913403,8.82,2025-11-06,Mon-Th,3,35
3.0,Mon-Th,19,21,1,sub-urban,0.0006791049879833456,2.0,62.0,0.0,6.8,3,5.744404,35.88,2025-11-06,Mon-Th,3,35
3.0,Mon-Th,4,23,3,urban,0.04138796631319208,6.2,51.0,106.0,3.8,3,13.839545,10.72,2025-11-06,Mon-Th,3,35
3.0,Mon-Th,14,8,2,urban,0.017522631178538042,2.3,68.0,0.0,19.0,3,11.695145,10.87,2025-11-10,Mon-Th,3,15
3.0,Mon-Th,19,23,1,urban,0.021882006994272056,-3.0,81.0,0.0,2.3,3,6.80956,8.71,2025-11-10,Mon-Th,3,15
3.0,Mon-Th,10,2,1,urban,0.010471175440328098,7.8,93.0,390.0,18.2,3,3.651071,7.64,2025-11-10,Mon-Th,3,15
3.0,Mon-Th,14,1,1,urban,0.015470404923655767,0.2,64.0,0.0,21.2,3,41.805935,24.63,2025-11-10,Mon-Th,3,15
3.0,Mon-Th,16,18,2,urban,0.011250149158553994,-0.6,71.0,1.0,16.4,3,28.513082,10.02,2025-11-10,Mon-Th,3,15
3.0,Mon-Th,11,1,10,urban,0.0007972391413354901,5.0,100.0,2.0,9.9,3,21.962592,62.24,2025-11-10,Mon-Th,3,15
3.0,Mon-Th,23,8,1,urban,0.03381050409522406,6.0,80.0,46.0,18.4,3,3.871085,8.23,2025-11-10,Mon-Th,3,15
3.0,Mon-Th,21,16,2,urban,0.026683870451946885,-11.9,87.0,0.0,9.0,3,2.437204,9.58,2025-11-10,Mon-Th,3,15
3.0,Mon-Th,19,23,1,urban,0.034086697719096636,3.0,59.0,0.0,14.9,3,7.66315,20.84,2025-11-10,Mon-Th,3,15
3.0,Mon-Th,21,8,1,urban,0.020836783281784732,3.8,99.0,0.0,20.2,3,8.685596,9.91,2025-11-10,Mon-Th,3,15
3.0,Mon-Th,18,27,3,urban,0.01401289568993452,5.6,92.0,1.0,5.5,3,9.195233,5.48,2025-11-10,Mon-Th,3,15
3.0,Mon-Th,10,19,11,urban,0.038241442237770595,3.7,82.0,0.0,7.8,3,2.813721,5.54,2025-11-10,Mon-Th,3,15
3.0,Mon-Th,9,26,2,urban,0.007163269722834469,0.3,75.0,54.0,4.2,3,19.279556,9.21,2025-11-10,Mon-Th,3,15
3.0,Mon-Th,22,23,3,urban,0.037845573431464545,16.9,70.0,127.0,4.2,3,12.257642,7.06,2025-11-10,Mon-Th,3,15
3.0,Mon-Th,23,24,1,urban,0.04002165689631808,0.9,86.0,0.0,5.1,3,12.961474,12.74,2025-11-10,Mon-Th,3,15
3.0,Mon-Th,16,24,1,urban,0.053631921947032785,1.2,74.0,11.0,14.0,3,3.778614,31.91,2025-11-11,Mon-Th,3,24
3.0,Mon-Th,3,29,3,urban,0.011062648523632411,0.8,96.0,0.0,9.0,3,5.054855,39.93,2025-11-11,Mon-Th,3,24
3.0,Mon-Th,14,25,2,urban,0.026723970699117153,1.6,65.0,0.0,28.9,3,35.588727,4.3,2025-11-11,Mon-Th,3,24
3.0,Mon-Th,15,25,1,urban,0.003608345570067577,2.0,62.0,1.0,16.5,3,63.367268,36.82,2025-11-11,Mon-Th,3,24
3.0,Mon-Th,22,21,1,urban,0.00480704135561719,-4.2,80.0,0.0,8.2,3,21.680472,19.82,2025-11-11,Mon-Th,3,24
3.0,Mon-Th,21,20,1,urban,0.013714763705033335,-1.3,85.0,0.0,13.7,3,16.226613,30.88,2025-11-11,Mon-Th,3,24
3.0,Mon-Th,21,23,3,urban,0.0032261159499478043,7.4,97.0,1.0,12.4,3,77.469988,21.84,2025-11-11,Mon-Th,3,24
3.0,Mon-Th,14,18,2,urban,0.01351075527273105,2.5,82.0,0.0,15.2,3,37.878407,49.74,2025-11-11,Mon-Th,3,24
3.0,Mon-Th,16,5,2,urban,0.050890038341229196,-5.1,65.0,0.0,3.6,3,10.719543,10.47,2025-11-11,Mon-Th,3,24
3.0,Mon-Th,21,26,2,urban,0.017310254526053295,-2.5,87.0,130.0,4.9,3,23.253349,30.92,2025-11-11,Mon-Th,3,24
3.0,Mon-Th,13,31,3,urban,0.0012859144862793171,11.0,96.0,135.0,15.4,3,11.999495,14.97,2025-11-11,Mon-Th,3,24
3.0,Mon-Th,20,11,1,sub-urban,0.03478028814833973,-3.9,93.0,0.0,18.5,3,9.730205,13.18,2025-11-11,Mon-Th,3,24
3.0,Mon-Th,16,8,3,urban,0.006485663474503663,6.3,53.0,268.0,3.0,3,39.134133,7.91,2025-11-11,Mon-Th,3,24
3.0,Mon-Th,13,28,3,urban,0.03387691536374007,0.7,90.0,166.0,34.0,3,13.912675,11.39,2025-11-11,Mon-Th,3,24
3.0,Mon-Th,3,4,3,urban,0.00333361678878935,7.9,40.0,14.0,5.1,3,2.977469,4.95,2025-11-11,Mon-Th,3,24
3.0,Mon-Th,1,20,3,urban,0.03303490129976083,0.9,91.0,0.0,12.6,3,9.505898,11.58,2025-11-11,Mon-Th,3,24
3.0,Mon-Th,8,31,1,urban,0.033596823285142456,-0.4,81.0,15.0,9.0,3,67.700727,10.04,2025-11-11,Mon-Th,3,24
3.0,Mon-Th,21,9,2,urban,0.06754208737187445,-9.3,87.0,0.0,11.8,3,3.052419,18.42,2025-11-11,Mon-Th,3,24
3.0,Mon-Th,14,11,2,urban,0.006775167063024003,4.3,92.0,15.0,15.0,3,22.555303,33.94,2025-11-11,Mon-Th,3,24
3.0,Mon-Th,18,21,2,urban,0.05731341331040132,-5.9,81.0,1.0,19.5,3,13.028917,6.7,2025-11-11,Mon-Th,3,24
3.0,Mon-Th,3,18,2,urban,0.03083670888854101,2.7,97.0,0.0,14.5,3,2.744236,7.86,2025-11-11,Mon-Th,3,24
3.0,Mon-Th,10,23,3,urban,0.01809745733293506,4.6,82.0,0.0,17.9,3,12.378045,12.52,2025-11-11,Mon-Th,3,24
3.0,Mon-Th,23,29,1,urban,0.022266258240055032,5.3,75.0,0.0,11.0,3,16.821576,12.98,2025-11-11,Mon-Th,3,24
3.0,Mon-Th,13,22,10,urban,0.04048941134827398,1.7,88.0,1.0,6.9,3,16.564511,7.16,2025-11-11,Mon-Th,3,24
3.0,Mon-Th,22,4,9,urban,0.013147028767539523,13.3,52.0,0.0,9.3,3,15.512604,20.36,2025-11-12,Mon-Th,3,30
3.0,Mon-Th,14,25,12,urban,0.03406583650708442,2.7,71.0,208.0,10.2,3,24.164506,18.38,2025-11-12,Mon-Th,3,30
3.0,Mon-Th,21,24,3,urban,0.04073590054710026,-2.2,83.0,1.0,15.7,3,5.994217,16.76,2025-11-12,Mon-Th,3,30
3.0,Mon-Th,17,22,1,urban,0.02774791902452345,-6.2,78.0,0.0,17.0,3,14.175046,10.31,2025-11-12,Mon-Th,3,30
3.0,Mon-Th,17,5,2,urban,0.055293922670860994,0.0,75.0,0.0,7.8,3,66.792395,24.34,2025-11-12,Mon-Th,3,30
3.0,Mon-Th,22,21,3,urban,0.039869979539859025,3.7,83.0,0.0,5.7,3,4.896227,7.47,2025-11-12,Mon-Th,3,30
3.0,Mon-Th,4,26,3,urban,0.015691609239915333,12.9,42.0,1.0,19.7,3,14.511454,5.07,2025-11-12,Mon-Th,3,30
3.0,Mon-Th,3,25,2,urban,0.039708696724773326,-5.9,56.0,1.0,5.5,3,2.489289,18.28,2025-11-12,Mon-Th,3,30
3.0,Mon-Th,21,15,3,urban,-0.00031,8.0,27.0,1.0,4.7,3,40.095754,25.66,2025-11-12,Mon-Th,3,30
3.0,Mon-Th,18,17,1,urban,0.01780568316037002,4.7,96.0,0.0,8.4,3,14.747857,29.92,2025-11-12,Mon-Th,3,30
3.0,Mon-Th,20,12,1,urban,0.026470830700743842,-0.2,72.0,1.0,18.3,3,8.558408,9.29,2025-11-12,Mon-Th,3,30
3.0,Mon-Th,15,24,11,urban,0.04140737461247521,-3.9,85.0,1.0,4.0,3,16.169427,14.61,2025-11-12,Mon-Th,3,30
3.0,Mon-Th,13,23,12,urban,0.004983966253945628,2.9,91.0,1.0,11.3,3,6.593391,27.11,2025-11-12,Mon-Th,3,30
3.0,Mon-Th,13,27,3,urban,0.02664906284156541,6.3,53.0,0.0,15.0,3,22.731359,10.6,2025-11-12,Mon-Th,3,30
3.0,Mon-Th,14,27,2,urban,0.032969065623881695,-4.4,91.0,1.0,4.9,3,17.168719,15.1,2025-11-12,Mon-Th,3,30
3.0,Mon-Th,22,17,1,urban,0.012715952355729645,2.0,83.0,0.0,14.6,3,9.983481,6.25,2025-11-12,Mon-Th,3,30
3.0,Mon-Th,20,28,12,sub-urban,0.03002834736564755,2.5,98.0,0.0,5.0,3,12.979291,7.8,2025-11-12,Mon-Th,3,30
3.0,Mon-Th,21,29,12,urban,0.034728533915004745,8.9,84.0,0.0,17.0,3,13.179978,9.16,2025-11-12,Mon-Th,3,30
3.0,Mon-Th,16,9,2,urban,0.025205827299002195,-3.4,87.0,19.0,20.4,3,18.373019,7.55,2025-11-12,Mon-Th,3,30
3.0,Mon-Th,18,8,1,urban,0.019069445565717675,-3.1,95.0,0.0,17.2,3,15.837078,4.59,2025-11-12,Mon-Th,3,30
3.0,Mon-Th,21,26,1,urban,0.05480243555519461,-3.1,83.0,1.0,21.8,3,6.524547,7.1,2025-11-12,Mon-Th,3,30
3.0,Mon-Th,11,15,1,urban,0.01210261934299579,4.1,76.0,1.0,14.8,3,38.193173,12.65,2025-11-12,Mon-Th,3,30
3.0,Mon-Th,9,15,8,urban,0.03803138224320424,12.3,54.0,133.0,14.3,3,18.091022,52.79,2025-11-12,Mon-Th,3,30
3.0,Mon-Th,22,7,1,urban,0.023902661272627985,2.9,66.0,1.0,17.8,3,7.424611,6.37,2025-11-12,Mon-Th,3,30
3.0,Mon-Th,11,16,1,urban,0.049328097142752034,-4.9,87.0,0.0,7.1,3,16.507163,11.55,2025-11-12,Mon-Th,3,30
3.0,Mon-Th,14,8,2,urban,0.018653640087454015,2.7,63.0,236.0,1.8,3,3.150012,5.48,2025-11-12,Mon-Th,3,30
3.0,Mon-Th,16,26,3,urban,0.045234740983625926,3.8,78.0,263.0,8.2,3,12.189274,24.12,2025-11-12,Mon-Th,3,30
3.0,Mon-Th,11,15,1,urban,0.03711078414918423,-3.4,68.0,0.0,4.3,3,2.491981,9.18,2025-11-12,Mon-Th,3,30
3.0,Mon-Th,1,31,1,urban,0.04609476976134238,-9.8,60.0,0.0,3.8,3,2.0,9.41,2025-11-12,Mon-Th,3,30
3.0,Mon-Th,18,11,1,urban,0.02007083507909545,-3.1,83.0,0.0,21.3,3,4.046635,9.27,2025-11-12,Mon-Th,3,30
3.0,Mon-Th,0,25,2,urban,0.038877126559153374,-11.8,84.0,0.0,16.4,3,9.244476,4.19,2025-11-13,Mon-Th,3,26
3.0,Mon-Th,18,14,1,urban,0.01937629553306306,-8.0,57.0,26.0,19.9,3,12.185579,14.58,2025-11-13,Mon-Th,3,26
3.0,Mon-Th,17,5,11,urban,0.03644535600678413,-0.1,93.0,0.0,3.9,3,17.154955,7.19,2025-11-13,Mon-Th,3,26
3.0,Mon-Th,12,8,1,urban,0.0032707085468795757,0.6,92.0,0.0,9.8,3,36.588613,13.67,2025-11-13,Mon-Th,3,26
3.0,Mon-Th,21,29,1,urban,0.03277380499191818,2.5,81.0,1.0,23.0,3,15.564523,3.77,2025-11-13,Mon-Th,3,26
3.0,Mon-Th,15,2,1,urban,0.0021865846079157075,5.7,53.0,0.0,29.2,3,23.171413,7.97,2025-11-13,Mon-Th,3,26
3.0,Mon-Th,8,18,12,urban,0.00999670108641863,17.5,94.0,1.0,12.2,3,10.156049,23.72,2025-11-13,Mon-Th,3,26
3.0,Mon-Th,17,5,12,urban,0.018130926528598774,1.2,58.0,1.0,21.2,3,13.795893,8.04,2025-11-13,Mon-Th,3,26
3.0,Mon-Th,15,30,10,urban,0.03353119044683725,10.6,67.0,17.0,12.3,3,20.206285,8.91,2025-11-13,Mon-Th,3,26
3.0,Mon-Th,3,12,3,urban,0.03993232460598128,-7.8,95.0,46.0,3.7,3,11.756614,6.72,2025-11-13,Mon-Th,3,26
3.0,Mon-Th,23,16,12,urban,0.015472420471471444,-5.4,76.0,0.0,17.0,3,11.537522,11.07,2025-11-13,Mon-Th,3,26
3.0,Mon-Th,22,10,1,urban,0.00862452349845918,1.3,94.0,0.0,9.4,3,8.626491,38.39,2025-11-13,Mon-Th,3,26
3.0,Mon-Th,14,5,2,sub-urban,0.05252520465876812,-9.3,87.0,128.0,17.9,3,16.826536,7.42,2025-11-13,Mon-Th,3,26
3.0,Mon-Th,3,18,12,urban,0.004829916509784472,7.2,81.0,0.0,8.4,3,14.377577,8.77,2025-11-13,Mon-Th,3,26
3.0,Mon-Th,13,6,3,urban,0.026735324586084803,2.1,70.0,0.0,16.3,3,13.634229,9.35,2025-11-13,Mon-Th,3,26
3.0,Mon-Th,10,8,2,urban,0.05138964015516131,-10.5,92.0,0.0,18.1,3,9.957932,15.93,2025-11-13,Mon-Th,3,26
3.0,Mon-Th,20,28,1,urban,0.015589817459890616,-3.3,84.0,18.0,8.6,3,4.104873,11.24,2025-11-13,Mon-Th,3,26
3.0,Mon-Th,21,25,3,urban,0.023160022641544067,8.8,57.0,116.0,3.7,3,3.0469,4.34,2025-11-13,Mon-Th,3,26
3.0,Mon-Th,12,23,1,urban,0.020793832949220506,8.8,55.0,0.0,14.1,3,2.0,70.1,2025-11-13,Mon-Th,3,26
3.0,Mon-Th,21,9,3,urban,0.04325960950903865,5.4,97.0,0.0,9.1,3,11.784685,10.97,2025-11-13,Mon-Th,3,26
3.0,Mon-Th,15,8,1,urban,0.038626978382732956,6.6,51.0,194.0,11.2,3,20.855648,7.95,2025-11-13,Mon-Th,3,26
3.0,Mon-Th,20,9,2,urban,0.044265769364276245,-8.4,70.0,1.0,15.3,3,37.062492,9.18,2025-11-13,Mon-Th,3,26
3.0,Mon-Th,21,19,12,urban,0.038458452846203944,2.6,82.0,0.0,11.8,3,12.742157,6.99,2025-11-13,Mon-Th,3,26
3.0,Mon-Th,12,19,3,urban,0.04309700879676924,-7.6,47.0,132.0,4.7,3,2.32429,3.79,2025-11-13,Mon-Th,3,26
3.0,Mon-Th,20,31,1,urban,0.04459808019457665,3.8,72.0,0.0,18.2,3,6.261892,27.55,2025-11-13,Mon-Th,3,26
3.0,Mon-Th,20,3,1,urban,0.010852240461181877,1.2,87.0,13.0,17.6,3,13.908982,13.64,2025-11-13,Mon-Th,3,26
3.0,Mon-Th,17,13,12,urban,0.011717489811732946,3.2,96.0,0.0,4.1,3,15.699012,6.58,2025-11-17,Mon-Th,3,34
3.0,Mon-Th,16,12,11,urban,0.012154430730962961,8.3,65.0,0.0,6.0,3,11.979569,8.9,2025-11-17,Mon-Th,3,34
3.0,Mon-Th,22,8,2,urban,0.031146530371360344,-7.5,69.0,0.0,32.9,3,20.291881,29.33,2025-11-17,Mon-Th,3,34
3.0,Mon-Th,17,12,1,urban,0.040207896100942234,-0.2,96.0,1.0,16.3,3,38.936534,30.33,2025-11-17,Mon-Th,3,34
3.0,Mon-Th,9,2,1,urban,0.011317552102551653,8.6,60.0,0.0,18.4,3,8.606953,26.93,2025-11-17,Mon-Th,3,34
3.0,Mon-Th,13,21,3,urban,0.038244291540042705,-1.1,59.0,145.0,26.1,3,4.213057,5.41,2025-11-17,Mon-Th,3,34
3.0,Mon-Th,17,17,1,urban,0.019378420204634594,-1.5,67.0,0.0,5.6,3,17.777282,34.73,2025-11-17,Mon-Th,3,34
3.0,Mon-Th,1,26,3,urban,0.001863627347787738,-9.8,63.0,0.0,7.6,3,35.497452,24.92,2025-11-17,Mon-Th,3,34
3.0,Mon-Th,15,18,1,urban,0.0098808100748557,4.3,71.0,19.0,5.6,3,7.502086,7.73,2025-11-17,Mon-Th,3,34
3.0,Mon-Th,17,28,9,urban,0.018996955195504664,8.1,74.0,0.0,17.9,3,7.249408,9.25,2025-11-17,Mon-Th,3,34
3.0,Mon-Th,14,23,1,urban,0.01810593521177843,7.6,53.0,183.0,7.1,3,2.631642,22.14,2025-11-17,Mon-Th,3,34
3.0,Mon-Th,21,12,1,urban,0.02298763164843761,-0.3,81.0,0.0,30.9,3,23.136034,10.59,2025-11-17,Mon-Th,3,34
3.0,Mon-Th,18,3,1,urban,0.05015218300024692,-6.0,93.0,1.0,9.7,3,2.972433,6.51,2025-11-17,Mon-Th,3,34
3.0,Mon-Th,17,17,9,urban,0.03624197589434296,8.4,69.0,1.0,9.6,3,2.0,22.59,2025-11-17,Mon-Th,3,34
3.0,Mon-Th,21,8,2,urban,0.0327134963849116,2.6,84.0,0.0,5.7,3,9.099103,6.23,2025-11-17,Mon-Th,3,34
3.0,Mon-Th,18,3,2,urban,0.017962694125769715,14.4,74.0,0.0,10.4,3,34.119066,1.17,2025-11-17,Mon-Th,3,34
3.0,Mon-Th,18,8,2,urban,0.024925423025918773,9.5,64.0,0.0,3.6,3,8.376455,8.97,2025-11-17,Mon-Th,3,34
3.0,Mon-Th,9,3,2,urban,0.015697960067691148,4.7,90.0,13.0,13.6,3,15.686366,31.56,2025-11-17,Mon-Th,3,34
3.0,Mon-Th,9,4,12,urban,0.026844123858130307,0.9,100.0,0.0,12.3,3,105.358153,9.22,2025-11-17,Mon-Th,3,34
3.0,Mon-Th,14,5,3,urban,0.03205476344249559,-0.7,89.0,41.0,5.6,3,4.923406,11.42,2025-11-17,Mon-Th,3,34
3.0,Mon-Th,23,2,1,urban,0.014891365218124772,10.0,51.0,0.0,14.3,3,11.153048,20.8,2025-11-17,Mon-Th,3,34
3.0,Mon-Th,18,19,12,urban,0.00459306574011522,9.6,92.0,0.0,2.7,3,13.340783,5.36,2025-11-17,Mon-Th,3,34
3.0,Mon-Th,16,15,3,urban,0.0236777586263408,10.1,94.0,0.0,10.1,3,2.493658,13.17,2025-11-17,Mon-Th,3,34
3.0,Mon-Th,20,23,3,urban,0.03715282460675597,-2.1,68.0,16.0,4.6,3,12.64987,7.74,2025-11-17,Mon-Th,3,34
3.0,Mon-Th,13,25,2,urban,0.02975209809576365,-4.6,93.0,18.0,20.4,3,3.345002,6.16,2025-11-17,Mon-Th,3,34
3.0,Mon-Th,15,27,1,urban,0.041283381977980954,-2.8,82.0,0.0,16.4,3,14.3956,13.57,2025-11-17,Mon-Th,3,34
3.0,Mon-Th,11,25,12,urban,0.0351071755997752,1.2,86.0,0.0,3.9,3,6.557053,21.14,2025-11-17,Mon-Th,3,34
3.0,Mon-Th,15,23,1,urban,0.02033546422553609,0.6,89.0,0.0,11.1,3,23.224646,12.65,2025-11-17,Mon-Th,3,34
3.0,Mon-Th,4,15,3,urban,-0.00031,8.6,100.0,0.0,18.7,3,6.20577,11.26,2025-11-17,Mon-Th,3,34
3.0,Mon-Th,20,25,3,urban,0.018039958567285352,1.9,100.0,1.0,20.5,3,16.864735,8.97,2025-11-17,Mon-Th,3,34
3.0,Mon-Th,13,21,1,urban,0.06934917191405653,-2.5,84.0,2.0,6.7,3,11.888506,25.92,2025-11-17,Mon-Th,3,34
3.0,Mon-Th,10,10,1,urban,0.036730579296208134,-6.1,100.0,1.0,2.6,3,2.0,24.35,2025-11-17,Mon-Th,3,34
3.0,Mon-Th,11,3,3,urban,0.036701984571534466,2.7,99.0,200.0,12.6,3,10.324861,12.5,2025-11-17,Mon-Th,3,34
3.0,Mon-Th,23,3,3,urban,0.026171740622681617,3.0,53.0,215.0,8.8,3,14.37548,30.5,2025-11-17,Mon-Th,3,34
3.0,Mon-Th,15,18,3,urban,0.03907252894206701,-5.6,83.0,0.0,14.2,3,22.813633,19.35,2025-11-18,Mon-Th,3,28
3.0,Mon-Th,11,15,7,urban,0.021089395020500362,14.9,42.0,17.0,14.2,3,18.89095,11.71,2025-11-18,Mon-Th,3,28
3.0,Mon-Th,18,5,2,urban,0.041209343339251796,-10.7,90.0,0.0,4.4,3,14.269029,9.86,2025-11-18,Mon-Th,3,28
3.0,Mon-Th,12,12,1,urban,0.02073609450767041,0.7,87.0,0.0,23.1,3,10.407647,11.05,2025-11-18,Mon-Th,3,28
3.0,Mon-Th,16,24,4,urban,0.014961245896505975,4.7,69.0,122.0,15.5,3,7.671954,7.91,2025-11-18,Mon-Th,3,28
3.0,Mon-Th,16,26,2,urban,0.03993708419690633,-1.1,66.0,0.0,12.6,3,24.07462,26.95,2025-11-18,Mon-Th,3,28
3.0,Mon-Th,15,27,3,urban,0.0032267559764076253,6.4,48.0,402.0,14.9,3,4.099069,8.41,2025-11-18,Mon-Th,3,28
3.0,Mon-Th,15,30,1,urban,0.02938094130013176,-4.3,93.0,0.0,14.2,3,3.030206,9.56,2025-11-18,Mon-Th,3,28
3.0,Mon-Th,4,14,7,urban,0.008980468027944062,11.5,84.0,0.0,13.0,3,8.908964,11.56,2025-11-18,Mon-Th,3,28
3.0,Mon-Th,7,31,1,urban,0.04692355879373969,-4.4,73.0,59.0,6.2,3,13.760368,7.17,2025-11-18,Mon-Th,3,28
3.0,Mon-Th,14,24,1,urban,0.053810610462525874,-4.4,96.0,350.0,3.5,3,17.999092,6.55,2025-11-18,Mon-Th,3,28
3.0,Mon-Th,14,8,1,urban,0.053102172210329444,-9.6,91.0,1.0,38.4,3,12.258157,22.09,2025-11-18,Mon-Th,3,28
3.0,Mon-Th,19,14,1,urban,0.02627420294718026,2.8,25.0,1.0,5.3,3,13.944571,8.07,2025-11-18,Mon-Th,3,28
3.0,Mon-Th,20,22,2,urban,0.015825904324998336,3.0,84.0,0.0,5.4,3,13.407272,8.99,2025-11-18,Mon-Th,3,28
3.0,Mon-Th,2,14,3,urban,0.0004036771266857711,11.2,49.0,1.0,8.8,3,14.321039,21.42,2025-11-18,Mon-Th,3,28
3.0,Mon-Th,11,23,1,urban,0.039548948429610216,17.7,69.0,24.0,14.3,3,15.257743,11.92,2025-11-18,Mon-Th,3,28
3.0,Mon-Th,18,18,1,urban,0.017184484729988063,6.8,56.0,0.0,12.8,3,14.423634,24.05,2025-11-18,Mon-Th,3,28
3.0,Mon-Th,19,15,1,urban,0.036295911349701455,4.4,86.0,2.0,5.3,3,14.573358,9.76,2025-11-18,Mon-Th,3,28
3.0,Mon-Th,20,27,12,urban,0.03525198267310285,0.7,89.0,0.0,6.5,3,14.862814,35.18,2025-11-18,Mon-Th,3,28
3.0,Mon-Th,13,10,2,urban,0.0073781965609211325,-12.5,90.0,0.0,16.2,3,22.167486,24.52,2025-11-18,Mon-Th,3,28
3.0,Mon-Th,15,17,1,urban,0.00817201516688884,-3.0,91.0,0.0,9.0,3,12.176423,8.73,2025-11-18,Mon-Th,3,28
3.0,Mon-Th,7,3,1,urban,0.01913881220340406,-0.2,99.0,1.0,5.4,3,20.490699,21.18,2025-11-18,Mon-Th,3,28
3.0,Mon-Th,3,25,2,urban,0.042892798353893216,-8.7,86.0,328.0,2.5,3,13.820479,15.0,2025-11-18,Mon-Th,3,28
3.0,Mon-Th,20,1,2,urban,0.044803513843334024,-1.3,69.0,0.0,6.4,3,14.170593,12.36,2025-11-18,Mon-Th,3,28
3.0,Mon-Th,4,2,3,urban,0.030206975789319582,6.0,58.0,161.0,13.3,3,15.681044,5.8,2025-11-18,Mon-Th,3,28
3.0,Mon-Th,13,14,3,urban,0.03646656231655729,2.1,73.0,282.0,4.5,3,11.785912,9.1,2025-11-18,Mon-Th,3,28
3.0,Mon-Th,22,21,3,urban,0.03138763635756241,-1.1,79.0,1.0,12.3,3,8.787016,32.51,2025-11-18,Mon-Th,3,28
3.0,Mon-Th,21,15,3,urban,0.034371491806724344,2.2,72.0,0.0,16.2,3,16.437853,11.14,2025-11-18,Mon-Th,3,28
3.0,Mon-Th,16,2,1,urban,0.045789272672145706,-4.0,68.0,1.0,10.2,3,3.403648,8.74,2025-11-19,Mon-Th,3,31
3.0,Mon-Th,16,22,2,urban,0.05429009377163939,-2.9,92.0,185.0,14.3,3,58.028157,7.7,2025-11-19,Mon-Th,3,31
3.0,Mon-Th,17,30,3,urban,0.015425765521700137,12.3,54.0,166.0,18.0,3,41.423837,3.77,2025-11-19,Mon-Th,3,31
3.0,Mon-Th,9,27,2,urban,0.002334712624569342,2.5,99.0,0.0,14.7,3,13.2815,34.62,2025-11-19,Mon-Th,3,31
3.0,Mon-Th,21,25,2,urban,0.03711238067382165,-5.0,70.0,1.0,16.1,3,12.683131,12.55,2025-11-19,Mon-Th,3,31
3.0,Mon-Th,22,3,2,urban,0.041071781101574695,-3.3,68.0,0.0,10.5,3,6.941941,27.91,2025-11-19,Mon-Th,3,31
3.0,Mon-Th,21,22,2,urban,0.010517986772356745,6.0,44.0,0.0,8.4,3,3.771544,30.86,2025-11-19,Mon-Th,3,31
3.0,Mon-Th,14,17,3,urban,0.026799701196136186,2.0,71.0,1.0,1.8,3,11.612603,7.94,2025-11-19,Mon-Th,3,31
3.0,Mon-Th,9,15,2,urban,0.05341612285950913,7.3,84.0,0.0,17.6,3,7.280161,33.56,2025-11-19,Mon-Th,3,31
3.0,Mon-Th,10,28,12,urban,0.011178017866001186,3.5,95.0,1.0,9.7,3,24.646083,13.12,2025-11-19,Mon-Th,3,31
3.0,Mon-Th,22,8,3,urban,0.015450278211553092,1.9,74.0,219.0,5.5,3,13.219777,12.19,2025-11-19,Mon-Th,3,31
3.0,Mon-Th,15,23,3,urban,0.032073816640051295,1.8,100.0,0.0,5.0,3,3.71973,6.92,2025-11-19,Mon-Th,3,31
3.0,Mon-Th,18,18,2,urban,0.013694381146520603,-8.0,81.0,0.0,16.6,3,9.365043,24.26,2025-11-19,Mon-Th,3,31
3.0,Mon-Th,13,9,3,urban,0.04402197055073638,-1.7,61.0,56.0,14.7,3,19.00431,4.74,2025-11-19,Mon-Th,3,31
3.0,Mon-Th,0,15,1,urban,0.044389772076599034,3.8,62.0,19.0,6.3,3,14.477117,8.15,2025-11-19,Mon-Th,3,31
3.0,Mon-Th,20,20,1,urban,0.014449177782537669,-2.9,83.0,0.0,9.4,3,5.222929,2.59,2025-11-19,Mon-Th,3,31
3.0,Mon-Th,13,27,1,urban,0.02025388069653916,4.1,89.0,0.0,14.9,3,36.15803,11.19,2025-11-19,Mon-Th,3,31
3.0,Mon-Th,8,28,12,urban,0.018404242591201412,11.3,95.0,1.0,38.4,3,4.599588,31.67,2025-11-19,Mon-Th,3,31
3.0,Mon-Th,14,8,2,urban,0.01806225134914983,0.9,86.0,0.0,14.1,3,5.691111,8.0,2025-11-19,Mon-Th,3,31
3.0,Mon-Th,18,22,2,urban,0.049336694151555914,3.5,79.0,0.0,10.8,3,39.229093,8.85,2025-11-19,Mon-Th,3,31
3.0,Mon-Th,21,12,1,urban,0.023222229770264904,-4.6,94.0,0.0,15.2,3,12.374485,5.77,2025-11-19,Mon-Th,3,31
3.0,Mon-Th,21,12,4,urban,0.017485773398452892,1.2,65.0,110.0,5.1,3,22.595343,7.01,2025-11-19,Mon-Th,3,31
3.0,Mon-Th,9,7,1,urban,0.0329500002246331,-2.6,83.0,0.0,7.5,3,2.0,30.42,2025-11-19,Mon-Th,3,31
3.0,Mon-Th,4,31,1,urban,0.018459058368901982,4.4,82.0,1.0,27.2,3,17.775831,5.66,2025-11-19,Mon-Th,3,31
3.0,Mon-Th,20,21,3,urban,0.054041925451590644,15.8,93.0,13.0,11.8,3,2.0,6.73,2025-11-19,Mon-Th,3,31
3.0,Mon-Th,10,4,3,urban,0.009393326719839513,21.2,56.0,234.0,31.8,3,14.398189,13.45,2025-11-19,Mon-Th,3,31
3.0,Mon-Th,8,14,1,urban,0.010593947302224127,-6.6,88.0,1.0,18.3,3,50.425155,7.95,2025-11-19,Mon-Th,3,31
3.0,Mon-Th,15,10,2,urban,0.038646009346862596,-1.5,72.0,22.0,7.6,3,3.709812,10.11,2025-11-19,Mon-Th,3,31
3.0,Mon-Th,21,23,1,urban,0.04027357646226841,6.3,91.0,0.0,23.7,3,16.106062,6.27,2025-11-19,Mon-Th,3,31
3.0,Mon-Th,12,5,2,urban,0.01508125962421531,-1.5,64.0,1.0,18.3,3,8.58644,18.89,2025-11-19,Mon-Th,3,31
3.0,Mon-Th,21,8,1,urban,0.03659673091025902,-2.3,87.0,20.0,18.2,3,36.492566,14.22,2025-11-19,Mon-Th,3,31
3.0,Mon-Th,22,23,3,urban,0.021534228242801923,4.9,50.0,222.0,14.0,3,14.652313,16.58,2025-11-20,Mon-Th,3,28
3.0,Mon-Th,17,30,1,urban,0.012190651040355658,0.1,88.0,12.0,34.7,3,20.197595,8.88,2025-11-20,Mon-Th,3,28
3.0,Mon-Th,3,11,2,urban,0.04698015610021614,5.7,46.0,0.0,4.7,3,2.0,25.24,2025-11-20,Mon-Th,3,28
3.0,Mon-Th,15,11,1,urban,0.015508751661322834,5.4,97.0,39.0,5.6,3,3.214775,9.19,2025-11-20,Mon-Th,3,28
3.0,Mon-Th,4,8,1,urban,0.009682305385142077,-1.2,95.0,1.0,9.0,3,33.637265,16.34,2025-11-20,Mon-Th,3,28
3.0,Mon-Th,0,25,3,urban,0.034051957346472435,4.2,99.0,1.0,9.7,3,8.774334,28.31,2025-11-20,Mon-Th,3,28
3.0,Mon-Th,13,26,3,urban,0.06257533561599747,5.6,92.0,0.0,4.3,3,3.571612,8.59,2025-11-20,Mon-Th,3,28
3.0,Mon-Th,4,29,12,urban,0.01113886785355332,-2.2,100.0,0.0,11.2,3,14.587324,13.84,2025-11-20,Mon-Th,3,28
3.0,Mon-Th,4,15,2,urban,0.01453209775044008,0.8,68.0,0.0,15.8,3,12.296744,6.23,2025-11-20,Mon-Th,3,28
3.0,Mon-Th,18,26,2,urban,0.04207393716722238,-10.3,92.0,0.0,13.1,3,11.81714,11.5,2025-11-20,Mon-Th,3,28
3.0,Mon-Th,16,26,12,urban,0.020489131781391744,4.3,100.0,0.0,10.6,3,14.932728,8.32,2025-11-20,Mon-Th,3,28
3.0,Mon-Th,17,19,3,urban,0.03709897467492395,1.0,84.0,0.0,12.8,3,3.07922,8.35,2025-11-20,Mon-Th,3,28
3.0,Mon-Th,13,23,3,urban,0.027665614108722453,17.1,85.0,237.0,4.3,3,3.004949,2.7,2025-11-20,Mon-Th,3,28
3.0,Mon-Th,9,31,1,urban,0.026992854517818188,4.3,48.0,0.0,14.9,3,12.844286,7.92,2025-11-20,Mon-Th,3,28
3.0,Mon-Th,15,25,1,urban,0.04094721905359463,-0.2,85.0,0.0,5.9,3,39.117416,18.57,2025-11-20,Mon-Th,3,28
3.0,Mon-Th,20,22,1,urban,0.0187783017169478,-4.8,68.0,61.0,4.3,3,9.695971,7.83,2025-11-20,Mon-Th,3,28
3.0,Mon-Th,21,20,1,urban,0.016298660645104573,2.6,100.0,0.0,6.5,3,5.840045,32.13,2025-11-20,Mon-Th,3,28
3.0,Mon-Th,22,27,2,urban,0.03208127956683875,-9.4,88.0,0.0,7.4,3,5.97555,14.37,2025-11-20,Mon-Th,3,28
3.0,Mon-Th,20,25,3,urban,0.0053750458255183604,4.8,53.0,1.0,4.8,3,22.708092,6.41,2025-11-20,Mon-Th,3,28
3.0,Mon-Th,10,29,3,urban,0.04201153501493111,-8.6,69.0,0.0,5.2,3,14.071006,7.49,2025-11-20,Mon-Th,3,28
3.0,Mon-Th,16,18,3,urban,0.04116181951784508,1.8,54.0,126.0,16.2,3,7.330952,40.32,2025-11-20,Mon-Th,3,28
3.0,Mon-Th,18,24,2,urban,0.024986326840653033,-6.7,99.0,0.0,11.6,3,17.638673,11.98,2025-11-20,Mon-Th,3,28
3.0,Mon-Th,11,3,1,urban,0.03251977337081494,0.9,81.0,1.0,12.1,3,15.731524,7.04,2025-11-20,Mon-Th,3,28
3.0,Mon-Th,17,17,1,urban,0.008174454014598834,3.8,93.0,13.0,13.3,3,31.575102,19.44,2025-11-20,Mon-Th,3,28
3.0,Mon-Th,17,18,12,urban,0.0334678279467024,0.4,73.0,1.0,28.7,3,2.77178,9.28,2025-11-20,Mon-Th,3,28
3.0,Mon-Th,20,2,3,urban,0.006606706326947985,0.4,94.0,0.0,14.2,3,3.740502,42.7,2025-11-20,Mon-Th,3,28
3.0,Mon-Th,15,31,3,urban,0.042047479865540034,-0.7,91.0,0.0,17.2,3,20.021614,8.84,2025-11-20,Mon-Th,3,28
3.0,Mon-Th,23,21,11,urban,0.03407889225208502,6.3,94.0,1.0,12.6,3,5.666708,25.87,2025-11-20,Mon-Th,3,28
3.0,Mon-Th,12,14,2,urban,0.0311106950235697,-2.8,93.0,1.0,11.6,3,3.089287,5.4,2025-11-24,Mon-Th,3,17
3.0,Mon-Th,18,25,2,urban,0.0512113056900595,-10.8,66.0,0.0,10.7,3,3.082003,5.86,2025-11-24,Mon-Th,3,17
3.0,Mon-Th,9,4,1,urban,0.004084754449719923,8.8,50.0,0.0,9.6,3,13.918779,14.31,2025-11-24,Mon-Th,3,17
3.0,Mon-Th,4,7,3,urban,0.03692579611481777,4.2,100.0,0.0,9.5,3,3.429279,6.69,2025-11-24,Mon-Th,3,17
3.0,Mon-Th,11,26,3,urban,0.02580665174093465,4.0,76.0,0.0,13.7,3,20.958099,29.31,2025-11-24,Mon-Th,3,17
3.0,Mon-Th,20,21,2,urban,0.03156516639831601,-2.9,74.0,0.0,9.7,3,13.916158,16.11,2025-11-24,Mon-Th,3,17
3.0,Mon-Th,21,28,2,urban,0.07897444673588623,-10.0,92.0,0.0,11.9,3,4.008673,10.13,2025-11-24,Mon-Th,3,17
3.0,Mon-Th,20,25,2,sub-urban,0.03499362411555392,-10.7,67.0,0.0,6.0,3,4.93726,24.25,2025-11-24,Mon-Th,3,17
3.0,Mon-Th,13,17,3,urban,0.04102817277298661,6.1,84.0,14.0,11.1,3,17.876745,3.93,2025-11-24,Mon-Th,3,17
3.0,Mon-Th,16,1,2,urban,0.018828014164463693,2.5,92.0,0.0,5.5,3,9.309065,13.22,2025-11-24,Mon-Th,3,17
3.0,Mon-Th,4,2,12,urban,0.030216728954016073,5.7,96.0,0.0,16.1,3,40.146769,21.35,2025-11-24,Mon-Th,3,17
3.0,Mon-Th,8,1,12,urban,0.02066116358127265,-6.2,96.0,1.0,5.2,3,6.457441,41.34,2025-11-24,Mon-Th,3,17
3.0,Mon-Th,15,4,12,urban,0.015503958475144753,6.1,69.0,0.0,16.1,3,3.118461,22.85,2025-11-24,Mon-Th,3,17
3.0,Mon-Th,14,18,2,urban,0.045698965668535714,-7.3,64.0,82.0,5.3,3,2.0,16.58,2025-11-24,Mon-Th,3,17
3.0,Mon-Th,3,15,2,urban,0.023040149704528806,-3.4,90.0,134.0,7.7,3,13.901953,9.98,2025-11-24,Mon-Th,3,17
3.0,Mon-Th,11,10,2,urban,0.03646942717863478,-8.5,95.0,0.0,2.5,3,7.317632,35.95,2025-11-24,Mon-Th,3,17
3.0,Mon-Th,17,23,1,urban,0.029589818154956447,3.7,97.0,58.0,17.2,3,19.654086,9.89,2025-11-24,Mon-Th,3,17
3.0,Mon-Th,22,5,2,urban,0.020268498311005807,5.6,99.0,2.0,8.4,3,36.456988,15.44,2025-11-25,Mon-Th,3,23
3.0,Mon-Th,18,30,3,urban,0.032773268703802254,-9.5,76.0,1.0,16.8,3,2.662213,6.3,2025-11-25,Mon-Th,3,23
3.0,Mon-Th,12,13,1,urban,0.0136782302586939,-3.1,93.0,234.0,15.9,3,2.977708,6.81,2025-11-25,Mon-Th,3,23
3.0,Mon-Th,4,2,7,urban,0.002579056884876153,8.6,45.0,139.0,4.0,3,3.753831,5.81,2025-11-25,Mon-Th,3,23
3.0,Mon-Th,17,22,2,urban,0.019574360894589363,1.4,77.0,11.0,15.6,3,7.399431,39.71,2025-11-25,Mon-Th,3,23
3.0,Mon-Th,12,15,1,urban,0.02065161512943714,0.2,72.0,0.0,9.3,3,3.405662,7.64,2025-11-25,Mon-Th,3,23
3.0,Mon-Th,15,14,3,urban,0.034154253214683634,-12.3,83.0,0.0,3.0,3,59.70985,6.73,2025-11-25,Mon-Th,3,23
3.0,Mon-Th,21,4,2,urban,0.013078490059690487,4.0,54.0,18.0,4.3,3,11.230742,21.29,2025-11-25,Mon-Th,3,23
3.0,Mon-Th,18,2,1,urban,0.027707065893967233,-3.2,95.0,0.0,3.0,3,12.326247,10.95,2025-11-25,Mon-Th,3,23
3.0,Mon-Th,18,8,1,urban,0.033958408941563385,-5.9,79.0,19.0,29.8,3,2.0,5.05,2025-11-25,Mon-Th,3,23
3.0,Mon-Th,18,23,3,urban,0.019800209434082162,-1.8,83.0,1.0,2.9,3,21.259992,16.42,2025-11-25,Mon-Th,3,23
3.0,Mon-Th,3,15,1,urban,0.03798366684357092,9.2,84.0,1.0,11.0,3,14.799165,12.7,2025-11-25,Mon-Th,3,23
3.0,Mon-Th,22,2,1,urban,0.010713662657011638,5.2,60.0,13.0,5.6,3,10.264176,8.2,2025-11-25,Mon-Th,3,23
3.0,Mon-Th,8,8,1,urban,0.05551602467039584,-8.3,80.0,0.0,21.0,3,12.280459,7.7,2025-11-25,Mon-Th,3,23
3.0,Mon-Th,12,27,1,urban,0.011315121797215423,2.6,48.0,39.0,15.9,3,2.345208,9.2,2025-11-25,Mon-Th,3,23
3.0,Mon-Th,18,11,2,urban,0.030460909667469838,-5.3,89.0,0.0,5.5,3,22.185303,10.37,2025-11-25,Mon-Th,3,23
3.0,Mon-Th,22,29,1,urban,0.03513896569660618,-3.2,80.0,262.0,14.5,3,5.714009,25.63,2025-11-25,Mon-Th,3,23
3.0,Mon-Th,22,24,12,urban,0.03535701689638679,0.6,91.0,0.0,3.3,3,10.074595,17.35,2025-11-25,Mon-Th,3,23
3.0,Mon-Th,21,4,3,urban,0.04143435057739513,0.1,48.0,0.0,11.6,3,7.120952,49.81,2025-11-25,Mon-Th,3,23
3.0,Mon-Th,13,16,3,urban,0.03579741244304852,6.4,98.0,1.0,13.0,3,39.524759,7.79,2025-11-25,Mon-Th,3,23
3.0,Mon-Th,22,27,1,urban,0.015905318929826155,6.7,86.0,0.0,10.0,3,67.963193,8.66,2025-11-25,Mon-Th,3,23
3.0,Mon-Th,10,7,2,urban,0.01829682696176063,5.2,68.0,129.0,15.5,3,3.170125,5.76,2025-11-25,Mon-Th,3,23
3.0,Mon-Th,15,11,12,urban,0.05541318835523753,-9.1,90.0,0.0,11.3,3,16.423558,15.01,2025-11-25,Mon-Th,3,23
3.0,Mon-Th,17,27,2,urban,0.046600141565235606,-3.9,93.0,0.0,11.5,3,9.972146,7.49,2025-11-26,Mon-Th,3,18
3.0,Mon-Th,17,16,6,urban,0.03249736304654036,8.2,85.0,64.0,4.5,3,21.550943,22.52,2025-11-26,Mon-Th,3,18
3.0,Mon-Th,17,8,2,urban,0.015332104294239967,-0.6,72.0,305.0,3.9,3,30.76234,11.43,2025-11-26,Mon-Th,3,18
3.0,Mon-Th,17,5,12,urban,0.012111915981360868,7.1,96.0,0.0,11.7,3,10.680972,7.54,2025-11-26,Mon-Th,3,18
3.0,Mon-Th,15,27,1,urban,0.05316926534680092,5.2,94.0,1.0,20.7,3,2.0,5.57,2025-11-26,Mon-Th,3,18
3.0,Mon-Th,19,20,3,urban,0.03457945351358146,1.6,84.0,26.0,13.5,3,14.862634,9.12,2025-11-26,Mon-Th,3,18
3.0,Mon-Th,8,27,12,urban,0.004152067391240245,-2.6,91.0,1.0,5.5,3,42.435121,32.57,2025-11-26,Mon-Th,3,18
3.0,Mon-Th,22,9,1,urban,0.016732344147608318,-3.4,65.0,27.0,14.2,3,9.428201,8.79,2025-11-26,Mon-Th,3,18
3.0,Mon-Th,22,15,3,urban,0.03584162380534085,-0.7,79.0,0.0,9.2,3,7.759526,7.47,2025-11-26,Mon-Th,3,18
3.0,Mon-Th,16,17,12,urban,0.03135948559070821,4.7,87.0,1.0,5.4,3,17.85018,33.62,2025-11-26,Mon-Th,3,18
3.0,Mon-Th,18,17,2,urban,0.05135124909470354,-10.0,85.0,0.0,8.1,3,23.581493,9.24,2025-11-26,Mon-Th,3,18
3.0,Mon-Th,11,10,1,urban,0.03806268994545227,23.4,60.0,304.0,6.6,3,3.198624,7.85,2025-11-26,Mon-Th,3,18
3.0,Mon-Th,23,16,1,urban,0.02275595228396321,-9.3,87.0,0.0,8.2,3,14.104868,27.65,2025-11-26,Mon-Th,3,18
3.0,Mon-Th,21,24,2,urban,0.05222223291220872,-6.0,79.0,0.0,19.8,3,6.72577,8.73,2025-11-26,Mon-Th,3,18
3.0,Mon-Th,18,27,2,urban,0.056845917561797785,-5.3,80.0,1.0,30.2,3,13.394595,8.19,2025-11-26,Mon-Th,3,18
3.0,Mon-Th,0,29,5,urban,0.03623189634502376,8.1,66.0,145.0,2.6,3,9.421376,14.91,2025-11-26,Mon-Th,3,18
3.0,Mon-Th,16,1,3,urban,0.042084220944505986,5.6,52.0,0.0,18.8,3,7.527375,3.12,2025-11-26,Mon-Th,3,18
3.0,Mon-Th,21,28,1,urban,0.015397374863705888,4.5,78.0,0.0,7.3,3,18.363229,10.23,2025-11-26,Mon-Th,3,18
3.0,Mon-Th,14,3,3,urban,0.03349226631833335,5.4,51.0,347.0,13.1,3,20.150255,7.5,2025-11-27,Mon-Th,3,24
3.0,Mon-Th,14,12,1,urban,0.011888657034412584,-1.6,62.0,292.0,16.7,3,14.53644,7.88,2025-11-27,Mon-Th,3,24
3.0,Mon-Th,22,15,2,urban,0.06950275086857002,-1.3,98.0,1.0,9.2,3,5.108205,10.22,2025-11-27,Mon-Th,3,24
3.0,Mon-Th,17,2,2,sub-urban,0.017225155398603354,2.5,62.0,59.0,9.4,3,13.637746,7.42,2025-11-27,Mon-Th,3,24
3.0,Mon-Th,4,2,2,urban,0.037901183711427845,1.8,99.0,0.0,18.3,3,2.0,6.78,2025-11-27,Mon-Th,3,24
3.0,Mon-Th,20,2,3,urban,-4.0006965817286806e-05,3.6,94.0,0.0,14.7,3,13.072675,15.67,2025-11-27,Mon-Th,3,24
3.0,Mon-Th,15,19,2,urban,0.047055290605733754,-8.5,89.0,133.0,16.1,3,50.088961,5.24,2025-11-27,Mon-Th,3,24
3.0,Mon-Th,13,6,3,urban,0.040757290588335236,2.6,87.0,0.0,14.4,3,14.676879,9.99,2025-11-27,Mon-Th,3,24
3.0,Mon-Th,4,5,10,urban,0.028659230912320966,-3.4,87.0,1.0,18.1,3,2.725271,6.1,2025-11-27,Mon-Th,3,24
3.0,Mon-Th,23,31,2,urban,0.03969424078307707,0.8,94.0,0.0,4.1,3,13.2599,6.41,2025-11-27,Mon-Th,3,24
3.0,Mon-Th,21,7,3,urban,0.024276482596055964,3.3,97.0,0.0,5.5,3,7.615443,22.83,2025-11-27,Mon-Th,3,24
3.0,Mon-Th,9,23,3,urban,0.02004941835525872,2.5,94.0,0.0,9.1,3,37.527951,9.26,2025-11-27,Mon-Th,3,24
3.0,Mon-Th,21,6,1,sub-urban,0.04203231821697848,-7.8,88.0,1.0,10.5,3,14.590019,8.5,2025-11-27,Mon-Th,3,24
3.0,Mon-Th,20,3,1,sub-urban,0.035297224690640845,3.3,100.0,0.0,4.2,3,12.356639,8.87,2025-11-27,Mon-Th,3,24
3.0,Mon-Th,23,17,1,urban,0.014207831144578704,-7.2,58.0,0.0,18.6,3,9.159527,42.89,2025-11-27,Mon-Th,3,24
3.0,Mon-Th,21,24,1,sub-urban,0.017404890359574817,-0.9,78.0,0.0,16.5,3,13.730668,27.36,2025-11-27,Mon-Th,3,24
3.0,Mon-Th,0,14,4,urban,0.039543772448738114,16.5,43.0,411.0,9.8,3,10.850436,3.33,2025-11-27,Mon-Th,3,24
3.0,Mon-Th,20,14,7,urban,0.03764908095779863,1.7,86.0,0.0,5.1,3,5.620461,10.81,2025-11-27,Mon-Th,3,24
3.0,Mon-Th,12,2,1,urban,0.017799965749608904,-2.1,77.0,1.0,5.5,3,2.999211,5.82,2025-11-27,Mon-Th,3,24
3.0,Mon-Th,4,26,12,urban,0.010503424587799032,7.2,100.0,0.0,12.7,3,18.584352,10.67,2025-11-27,Mon-Th,3,24
3.0,Mon-Th,22,16,1,urban,0.004555312367947904,8.6,47.0,0.0,7.3,3,11.52864,34.36,2025-11-27,Mon-Th,3,24
3.0,Mon-Th,22,10,1,urban,0.011349554397388604,-6.1,49.0,0.0,11.5,3,7.878244,8.88,2025-11-27,Mon-Th,3,24
3.0,Mon-Th,19,23,3,urban,0.02233090746428121,1.9,82.0,112.0,6.1,3,9.285097,10.48,2025-11-27,Mon-Th,3,24
3.0,Mon-Th,3,29,1,urban,0.012992361360603034,2.1,86.0,57.0,12.2,3,11.913054,7.54,2025-11-27,Mon-Th,3,24
3.0,Mon-Th,19,2,3,urban,0.024138458551265063,2.5,99.0,0.0,9.7,3,11.139376,43.69,2025-12-01,Mon-Th,3,16
3.0,Mon-Th,16,15,8,urban,0.013551786896457273,1.1,65.0,0.0,9.9,3,98.426085,4.84,2025-12-01,Mon-Th,3,16
3.0,Mon-Th,21,29,1,urban,0.016217303077363836,2.2,89.0,0.0,16.6,3,8.988913,8.16,2025-12-01,Mon-Th,3,16
3.0,Mon-Th,4,31,12,urban,0.032377989323330476,-5.0,99.0,1.0,8.7,3,11.711629,30.77,2025-12-01,Mon-Th,3,16
3.0,Mon-Th,19,8,3,urban,0.0015765995902037892,4.8,100.0,0.0,6.0,3,4.81454,17.51,2025-12-01,Mon-Th,3,16
3.0,Mon-Th,23,18,2,urban,0.03168942186788999,-3.0,93.0,0.0,5.6,3,2.842484,10.24,2025-12-01,Mon-Th,3,16
3.0,Mon-Th,3,23,1,urban,0.00978231241826466,7.1,84.0,0.0,18.0,3,16.701202,5.13,2025-12-01,Mon-Th,3,16
3.0,Mon-Th,21,23,3,urban,0.02645942427956914,5.1,95.0,0.0,5.6,3,16.077399,16.56,2025-12-01,Mon-Th,3,16
3.0,Mon-Th,4,24,1,urban,0.014256595945660568,3.7,96.0,0.0,8.0,3,11.452825,17.28,2025-12-01,Mon-Th,3,16
3.0,Mon-Th,16,29,1,urban,0.074719173588333,-4.0,82.0,260.0,10.3,3,2.0,7.68,2025-12-01,Mon-Th,3,16
3.0,Mon-Th,15,25,3,urban,0.02010128252333738,-3.9,76.0,1.0,16.9,3,2.0,4.82,2025-12-01,Mon-Th,3,16
3.0,Mon-Th,23,12,2,urban,0.017704756295689038,12.4,59.0,0.0,27.4,3,15.699928,5.98,2025-12-01,Mon-Th,3,16
3.0,Mon-Th,11,18,11,urban,0.04318638280551584,2.8,68.0,2.0,11.3,3,2.012199,5.47,2025-12-01,Mon-Th,3,16
3.0,Mon-Th,7,28,6,urban,0.02525921480944834,-3.8,92.0,0.0,10.9,3,6.523115,14.1,2025-12-01,Mon-Th,3,16
3.0,Mon-Th,18,26,1,urban,0.02742726668480411,-6.5,85.0,0.0,9.3,3,13.904251,5.36,2025-12-01,Mon-Th,3,16
3.0,Mon-Th,20,25,4,urban,0.02001929125045625,5.9,72.0,0.0,16.3,3,12.44095,5.5,2025-12-01,Mon-Th,3,16
3.0,Mon-Th,17,8,2,urban,0.04802586138089328,-9.0,90.0,1.0,4.5,3,13.546549,5.65,2025-12-02,Mon-Th,3,17
3.0,Mon-Th,14,10,1,urban,0.019104251254065056,2.9,65.0,23.0,23.8,3,32.668016,5.65,2025-12-02,Mon-Th,3,17
3.0,Mon-Th,13,18,1,urban,0.011693331978724672,-2.3,95.0,0.0,4.5,3,13.554218,13.03,2025-12-02,Mon-Th,3,17
3.0,Mon-Th,21,13,2,urban,0.017495123026539015,-8.1,90.0,0.0,7.5,3,41.59577,37.73,2025-12-02,Mon-Th,3,17
3.0,Mon-Th,15,5,2,urban,0.015032044019122587,-1.6,86.0,0.0,8.0,3,24.077246,29.96,2025-12-02,Mon-Th,3,17
3.0,Mon-Th,17,24,1,urban,0.026137032958073195,-2.1,98.0,1.0,19.1,3,18.723527,8.09,2025-12-02,Mon-Th,3,17
3.0,Mon-Th,18,11,2,urban,0.03114279014546344,-4.2,85.0,1.0,6.4,3,18.047858,15.04,2025-12-02,Mon-Th,3,17
3.0,Mon-Th,21,24,2,urban,0.026535290275991948,1.7,73.0,0.0,16.3,3,14.786922,21.77,2025-12-02,Mon-Th,3,17
3.0,Mon-Th,9,10,3,urban,0.026394824585473407,1.7,91.0,0.0,5.6,3,2.0,4.38,2025-12-02,Mon-Th,3,17
3.0,Mon-Th,4,2,3,urban,0.000810139952018681,8.6,49.0,0.0,13.4,3,23.700256,43.86,2025-12-02,Mon-Th,3,17
3.0,Mon-Th,4,4,3,urban,0.03698023542095179,2.4,69.0,0.0,7.0,3,14.450241,26.86,2025-12-02,Mon-Th,3,17
3.0,Mon-Th,0,4,6,urban,0.03436850156823358,7.4,55.0,272.0,12.4,3,21.431566,19.3,2025-12-02,Mon-Th,3,17
3.0,Mon-Th,21,8,2,urban,0.03526366313426947,-1.0,68.0,0.0,15.6,3,14.546042,14.62,2025-12-02,Mon-Th,3,17
3.0,Mon-Th,15,25,3,urban,0.04023814019994103,-7.0,82.0,0.0,5.1,3,3.680764,8.89,2025-12-02,Mon-Th,3,17
3.0,Mon-Th,22,3,1,urban,0.016622119336202494,2.0,90.0,0.0,8.1,3,7.817171,29.27,2025-12-02,Mon-Th,3,17
3.0,Mon-Th,20,26,6,urban,0.038040121997742864,4.3,54.0,329.0,6.3,3,14.758301,13.52,2025-12-02,Mon-Th,3,17
3.0,Mon-Th,14,19,1,urban,0.024918322699195104,2.1,74.0,0.0,20.5,3,9.285546,5.85,2025-12-02,Mon-Th,3,17
3.0,Mon-Th,3,17,3,urban,0.010295221312017324,8.6,96.0,1.0,32.4,3,19.968615,17.55,2025-12-03,Mon-Th,3,29
3.0,Mon-Th,14,22,1,urban,0.02504428583429346,0.4,72.0,115.0,11.1,3,16.84343,7.04,2025-12-03,Mon-Th,3,29
3.0,Mon-Th,17,12,2,urban,0.04859363974648126,-2.4,63.0,0.0,15.0,3,66.393953,8.21,2025-12-03,Mon-Th,3,29
3.0,Mon-Th,14,21,12,urban,0.03755280528684856,2.5,85.0,0.0,15.5,3,9.193095,26.23,2025-12-03,Mon-Th,3,29
3.0,Mon-Th,13,27,4,urban,0.003866694095192606,6.3,44.0,194.0,7.9,3,4.650135,9.71,2025-12-03,Mon-Th,3,29
3.0,Mon-Th,17,30,1,urban,0.007185869017386956,3.8,91.0,0.0,14.9,3,7.537783,41.14,2025-12-03,Mon-Th,3,29
3.0,Mon-Th,11,3,3,urban,0.037555843445541706,-0.5,66.0,0.0,15.7,3,2.938329,7.18,2025-12-03,Mon-Th,3,29
3.0,Mon-Th,18,23,1,urban,0.019833118190503568,2.0,71.0,10.0,20.5,3,14.581887,53.54,2025-12-03,Mon-Th,3,29
3.0,Mon-Th,20,8,2,urban,0.043405676664435656,-0.9,77.0,0.0,6.0,3,23.864965,6.8,2025-12-03,Mon-Th,3,29
3.0,Mon-Th,20,23,3,urban,0.04675707105760841,-2.9,88.0,1.0,5.9,3,58.677993,9.14,2025-12-03,Mon-Th,3,29
3.0,Mon-Th,20,17,3,urban,-0.00031,3.7,93.0,0.0,8.2,3,13.189203,12.43,2025-12-03,Mon-Th,3,29
3.0,Mon-Th,16,31,11,urban,0.03324906878772156,16.0,100.0,330.0,10.6,3,4.341027,6.5,2025-12-03,Mon-Th,3,29
3.0,Mon-Th,21,19,1,urban,0.006458953097912271,7.6,89.0,331.0,7.0,3,13.935231,8.57,2025-12-03,Mon-Th,3,29
3.0,Mon-Th,4,27,3,urban,0.003330277305482624,5.7,92.0,0.0,8.3,3,12.041778,22.8,2025-12-03,Mon-Th,3,29
3.0,Mon-Th,21,3,2,urban,0.018241102046104185,-8.7,85.0,0.0,8.8,3,4.395781,8.31,2025-12-03,Mon-Th,3,29
3.0,Mon-Th,2,15,1,urban,0.01675182972928566,-2.5,56.0,0.0,8.5,3,11.225733,28.28,2025-12-03,Mon-Th,3,29
3.0,Mon-Th,11,5,11,urban,0.022417562786326103,6.4,94.0,0.0,23.2,3,38.928305,15.58,2025-12-03,Mon-Th,3,29
3.0,Mon-Th,16,25,2,urban,0.04746894422131374,-6.6,94.0,0.0,4.4,3,20.432806,12.59,2025-12-03,Mon-Th,3,29
3.0,Mon-Th,12,19,1,urban,0.02911766233309772,0.8,77.0,0.0,9.2,3,13.451607,29.37,2025-12-03,Mon-Th,3,29
3.0,Mon-Th,1,10,1,urban,0.01876031264898351,-3.7,78.0,1.0,14.9,3,16.648203,12.02,2025-12-03,Mon-Th,3,29
3.0,Mon-Th,9,5,2,urban,0.004588013774288792,6.9,65.0,131.0,16.3,3,22.512241,11.8,2025-12-03,Mon-Th,3,29
3.0,Mon-Th,16,23,3,urban,0.009687938835617731,8.3,88.0,0.0,24.3,3,2.0,12.65,2025-12-03,Mon-Th,3,29
3.0,Mon-Th,20,4,1,urban,0.04510882973795412,2.5,88.0,74.0,5.6,3,12.984886,5.74,2025-12-03,Mon-Th,3,29
3.0,Mon-Th,21,9,12,urban,0.014652418296613937,-1.8,92.0,1.0,27.9,3,16.28458,8.73,2025-12-03,Mon-Th,3,29
3.0,Mon-Th,18,3,1,urban,0.038933850999449,-3.4,80.0,0.0,3.0,3,13.534383,26.56,2025-12-03,Mon-Th,3,29
3.0,Mon-Th,8,3,2,urban,0.020167144438627202,3.6,99.0,0.0,4.8,3,27.872848,7.59,2025-12-03,Mon-Th,3,29
3.0,Mon-Th,8,8,2,urban,0.046556862348508914,1.0,72.0,44.0,6.6,3,17.468635,8.15,2025-12-03,Mon-Th,3,29
3.0,Mon-Th,11,19,3,urban,0.03615693054994887,4.7,69.0,163.0,11.7,3,15.238753,9.53,2025-12-03,Mon-Th,3,29
3.0,Mon-Th,3,22,1,urban,0.0387257642786184,4.3,85.0,91.0,19.5,3,15.426146,17.62,2025-12-03,Mon-Th,3,29
3.0,Mon-Th,10,15,2,urban,0.039345256503664834,1.7,59.0,121.0,3.1,3,10.345309,20.03,2025-12-04,Mon-Th,3,34
3.0,Mon-Th,20,1,3,urban,0.04657086029745987,5.8,89.0,0.0,9.4,3,13.733654,19.3,2025-12-04,Mon-Th,3,34
3.0,Mon-Th,14,14,3,urban,0.0030900847536267607,2.7,55.0,111.0,3.5,3,31.638615,26.07,2025-12-04,Mon-Th,3,34
3.0,Mon-Th,13,4,3,sub-urban,0.03449998469992649,-9.3,95.0,1.0,8.4,3,14.442269,19.57,2025-12-04,Mon-Th,3,34
3.0,Mon-Th,14,11,3,urban,0.03587612185972434,3.9,89.0,0.0,19.1,3,47.327967,7.2,2025-12-04,Mon-Th,3,34
3.0,Mon-Th,20,24,2,urban,0.039694171855461584,-1.9,71.0,2.0,4.1,3,2.0,7.55,2025-12-04,Mon-Th,3,34
3.0,Mon-Th,19,27,1,urban,0.012932571578144932,-4.3,72.0,0.0,17.5,3,16.601845,4.36,2025-12-04,Mon-Th,3,34
3.0,Mon-Th,21,31,1,urban,0.026395942030367426,-5.3,98.0,0.0,6.2,3,2.608025,31.8,2025-12-04,Mon-Th,3,34
3.0,Mon-Th,15,17,12,urban,0.03748520220779072,6.3,86.0,1.0,11.8,3,16.104725,38.82,2025-12-04,Mon-Th,3,34
3.0,Mon-Th,12,13,1,urban,0.016776135772478763,3.2,98.0,2.0,8.0,3,21.360509,4.91,2025-12-04,Mon-Th,3,34
3.0,Mon-Th,18,27,2,urban,0.027948745715036815,-4.3,78.0,1.0,7.8,3,19.228561,30.11,2025-12-04,Mon-Th,3,34
3.0,Mon-Th,9,14,2,urban,0.042442089168013925,-4.7,88.0,59.0,8.7,3,2.0,12.26,2025-12-04,Mon-Th,3,34
3.0,Mon-Th,15,5,1,urban,0.030460185030069916,-3.3,92.0,1.0,13.5,3,15.065089,46.33,2025-12-04,Mon-Th,3,34
3.0,Mon-Th,16,7,3,urban,0.0038504003665418545,6.7,99.0,0.0,10.4,3,11.390701,8.08,2025-12-04,Mon-Th,3,34
3.0,Mon-Th,15,23,1,urban,0.06349526747367304,2.2,92.0,0.0,11.4,3,3.616751,10.49,2025-12-04,Mon-Th,3,34
3.0,Mon-Th,3,8,2,urban,0.0400777231380411,-2.7,71.0,0.0,12.1,3,19.59554,7.22,2025-12-04,Mon-Th,3,34
3.0,Mon-Th,2,11,3,urban,0.03274541079982385,3.1,91.0,1.0,5.4,3,3.379651,9.09,2025-12-04,Mon-Th,3,34
3.0,Mon-Th,23,29,1,urban,0.03211234093517365,0.3,77.0,0.0,3.8,3,8.326326,30.41,2025-12-04,Mon-Th,3,34
3.0,Mon-Th,18,26,1,urban,0.01830537230360219,-5.8,80.0,0.0,6.4,3,9.650051,23.0,2025-12-04,Mon-Th,3,34
3.0,Mon-Th,17,13,12,urban,0.053137633340163005,-3.1,99.0,71.0,4.2,3,19.716506,3.34,2025-12-04,Mon-Th,3,34
3.0,Mon-Th,9,26,3,urban,0.021198414716527246,16.1,59.0,1.0,10.4,3,15.486285,13.97,2025-12-04,Mon-Th,3,34
3.0,Mon-Th,15,12,12,urban,0.03744624175563536,-1.5,70.0,0.0,9.1,3,39.809406,8.28,2025-12-04,Mon-Th,3,34
3.0,Mon-Th,15,24,2,urban,0.019663617847540314,-2.5,51.0,16.0,18.7,3,14.813415,6.59,2025-12-04,Mon-Th,3,34
3.0,Mon-Th,0,19,11,urban,0.036890928465172175,7.0,69.0,0.0,5.5,3,3.685237,2.59,2025-12-04,Mon-Th,3,34
3.0,Mon-Th,10,26,2,urban,0.028408584745696474,-3.9,59.0,68.0,2.2,3,23.332293,6.58,2025-12-04,Mon-Th,3,34
3.0,Mon-Th,23,27,1,urban,0.021972561959981776,-7.7,92.0,0.0,6.8,3,44.38899,5.39,2025-12-04,Mon-Th,3,34
3.0,Mon-Th,18,17,1,urban,0.03945965742680881,3.7,73.0,19.0,4.6,3,17.374428,29.49,2025-12-04,Mon-Th,3,34
3.0,Mon-Th,17,18,2,urban,0.058485240597437003,-1.4,86.0,0.0,6.2,3,36.076009,9.44,2025-12-04,Mon-Th,3,34
3.0,Mon-Th,18,2,2,urban,0.019072549650784643,-5.0,76.0,1.0,20.7,3,11.832117,18.9,2025-12-04,Mon-Th,3,34
3.0,Mon-Th,17,22,7,urban,0.019943920893494615,11.6,90.0,55.0,5.0,3,23.364788,4.88,2025-12-04,Mon-Th,3,34
3.0,Mon-Th,11,20,3,urban,0.03778418574178632,-9.7,69.0,12.0,5.3,3,8.401202,3.41,2025-12-04,Mon-Th,3,34
3.0,Mon-Th,13,16,10,urban,0.035699819527737736,0.6,84.0,0.0,8.1,3,16.478424,11.21,2025-12-04,Mon-Th,3,34
3.0,Mon-Th,16,5,2,urban,0.018441655882958922,0.6,79.0,16.0,5.7,3,57.242345,5.57,2025-12-04,Mon-Th,3,34
3.0,Mon-Th,19,27,2,urban,0.03926735844923991,0.9,88.0,0.0,11.7,3,15.206562,13.07,2025-12-04,Mon-Th,3,34
3.0,Mon-Th,17,9,1,urban,0.01943950571659051,1.9,67.0,0.0,18.0,3,7.819763,12.61,2025-12-08,Mon-Th,3,26
3.0,Mon-Th,9,5,1,urban,0.019892180923772027,-7.3,91.0,0.0,6.3,3,14.699072,7.05,2025-12-08,Mon-Th,3,26
3.0,Mon-Th,13,12,3,urban,0.01691523807839819,7.9,62.0,158.0,11.2,3,59.321162,8.07,2025-12-08,Mon-Th,3,26
3.0,Mon-Th,11,23,1,urban,0.03202232123665333,-5.9,83.0,2.0,10.0,3,10.620852,8.23,2025-12-08,Mon-Th,3,26
3.0,Mon-Th,18,17,1,urban,0.014825444168632521,-1.1,80.0,0.0,18.3,3,16.277163,5.36,2025-12-08,Mon-Th,3,26
3.0,Mon-Th,14,14,3,urban,0.038796986272629,-3.3,91.0,126.0,5.3,3,19.040839,26.24,2025-12-08,Mon-Th,3,26
3.0,Mon-Th,23,29,1,urban,0.03536201455679263,4.4,55.0,0.0,9.5,3,6.125204,28.41,2025-12-08,Mon-Th,3,26
3.0,Mon-Th,23,19,2,urban,0.011978485290957009,8.6,89.0,0.0,16.4,3,8.247268,8.82,2025-12-08,Mon-Th,3,26
3.0,Mon-Th,14,2,3,urban,0.03179733774277652,7.1,92.0,0.0,16.1,3,7.279092,5.86,2025-12-08,Mon-Th,3,26
3.0,Mon-Th,12,22,3,urban,0.005951601698522931,8.7,40.0,236.0,6.2,3,7.009099,7.55,2025-12-08,Mon-Th,3,26
3.0,Mon-Th,3,15,2,urban,0.052532379149216976,-5.1,88.0,0.0,16.4,3,23.347257,23.43,2025-12-08,Mon-Th,3,26
3.0,Mon-Th,15,8,12,urban,0.00334015109752818,0.5,95.0,0.0,5.7,3,16.596882,25.27,2025-12-08,Mon-Th,3,26
3.0,Mon-Th,3,20,8,urban,0.04437752711953038,2.5,47.0,105.0,9.1,3,9.56109,8.31,2025-12-08,Mon-Th,3,26
3.0,Mon-Th,14,18,1,urban,0.019234994413309586,-3.0,94.0,5.0,12.6,3,10.495143,11.2,2025-12-08,Mon-Th,3,26
3.0,Mon-Th,21,17,1,urban,0.019984887982479563,3.0,88.0,1.0,20.9,3,2.33172,30.0,2025-12-08,Mon-Th,3,26
3.0,Mon-Th,18,29,1,urban,0.0198703078418095,-1.5,83.0,0.0,30.5,3,13.30376,7.16,2025-12-08,Mon-Th,3,26
3.0,Mon-Th,14,8,3,urban,0.0031659549266879403,6.4,36.0,18.0,4.3,3,61.192112,16.27,2025-12-08,Mon-Th,3,26
3.0,Mon-Th,14,24,2,urban,0.0031754058163321677,4.9,87.0,118.0,6.2,3,3.216213,32.9,2025-12-08,Mon-Th,3,26
3.0,Mon-Th,22,20,3,urban,0.021774488217663503,-4.6,89.0,0.0,7.4,3,12.795472,13.67,2025-12-08,Mon-Th,3,26
3.0,Mon-Th,21,23,1,urban,0.03560272056580522,1.8,93.0,0.0,16.6,3,3.380345,15.69,2025-12-08,Mon-Th,3,26
3.0,Mon-Th,16,3,1,urban,0.027440553492958663,-2.5,65.0,132.0,22.7,3,14.183662,8.57,2025-12-08,Mon-Th,3,26
3.0,Mon-Th,18,24,1,urban,0.022314174803940247,-2.3,94.0,0.0,6.6,3,12.893899,24.84,2025-12-08,Mon-Th,3,26
3.0,Mon-Th,20,10,2,sub-urban,0.010986585519151408,-11.7,85.0,10.0,10.7,3,13.243484,5.26,2025-12-08,Mon-Th,3,26
3.0,Mon-Th,18,14,2,urban,0.05591263095763113,-4.2,74.0,50.0,4.8,3,3.467256,13.51,2025-12-08,Mon-Th,3,26
3.0,Mon-Th,16,7,1,urban,0.049850932325748144,-1.5,98.0,289.0,20.9,3,6.664746,7.62,2025-12-08,Mon-Th,3,26
3.0,Mon-Th,22,25,2,urban,0.026777667424364656,4.2,99.0,0.0,7.5,3,7.848906,32.21,2025-12-08,Mon-Th,3,26
3.0,Mon-Th,22,2,1,urban,0.021876840617661486,1.9,70.0,1.0,14.9,3,11.704384,19.05,2025-12-09,Mon-Th,3,28
3.0,Mon-Th,17,30,1,urban,0.018963298242869374,4.5,99.0,0.0,12.3,3,4.503964,22.9,2025-12-09,Mon-Th,3,28
3.0,Mon-Th,20,21,2,urban,0.013446716565985636,-3.0,98.0,0.0,16.1,3,9.001213,47.2,2025-12-09,Mon-Th,3,28
3.0,Mon-Th,12,19,1,urban,0.027962787432811907,0.1,64.0,0.0,2.4,3,12.385938,6.93,2025-12-09,Mon-Th,3,28
3.0,Mon-Th,3,3,1,urban,0.013499899520873762,0.3,56.0,176.0,15.5,3,15.137685,23.71,2025-12-09,Mon-Th,3,28
3.0,Mon-Th,13,3,1,urban,0.02405956417699955,-0.2,53.0,15.0,34.0,3,13.179432,9.64,2025-12-09,Mon-Th,3,28
3.0,Mon-Th,15,29,2,urban,0.06610496686668124,-8.8,88.0,53.0,13.9,3,15.49137,12.94,2025-12-09,Mon-Th,3,28
3.0,Mon-Th,19,16,1,urban,0.028059945678707544,6.0,84.0,0.0,7.0,3,15.930396,17.32,2025-12-09,Mon-Th,3,28
3.0,Mon-Th,4,27,12,urban,0.024735112262264353,-8.6,83.0,0.0,5.7,3,31.09028,9.11,2025-12-09,Mon-Th,3,28
3.0,Mon-Th,9,17,9,urban,0.0016572892219809308,11.1,92.0,0.0,16.9,3,11.660585,6.87,2025-12-09,Mon-Th,3,28
3.0,Mon-Th,20,15,2,urban,0.01869580640841024,-8.2,76.0,96.0,18.8,3,19.913538,13.0,2025-12-09,Mon-Th,3,28
3.0,Mon-Th,4,8,3,urban,0.009564312270392648,4.1,55.0,1.0,20.2,3,110.11308,21.02,2025-12-09,Mon-Th,3,28
3.0,Mon-Th,10,2,1,urban,0.014926365031915967,2.3,82.0,36.0,18.9,3,17.266597,5.51,2025-12-09,Mon-Th,3,28
3.0,Mon-Th,10,24,1,urban,0.013307691128825893,1.1,92.0,0.0,11.7,3,9.782063,8.18,2025-12-09,Mon-Th,3,28
3.0,Mon-Th,12,27,1,urban,0.01877541321664778,-1.0,83.0,0.0,18.2,3,22.4547,7.71,2025-12-09,Mon-Th,3,28
3.0,Mon-Th,20,3,1,urban,0.013422875254967138,0.7,90.0,0.0,21.2,3,29.925904,44.54,2025-12-09,Mon-Th,3,28
3.0,Mon-Th,14,2,12,urban,0.04179866631083222,-4.5,92.0,0.0,15.0,3,11.5943,3.8,2025-12-09,Mon-Th,3,28
3.0,Mon-Th,13,2,3,urban,0.03162348324836653,-0.1,79.0,0.0,12.8,3,3.985412,21.3,2025-12-09,Mon-Th,3,28
3.0,Mon-Th,23,2,1,urban,0.009523015496517925,8.6,79.0,0.0,27.2,3,13.550487,6.33,2025-12-09,Mon-Th,3,28
3.0,Mon-Th,12,27,3,urban,0.043536456317751986,-0.8,79.0,1.0,10.7,3,5.635998,24.71,2025-12-09,Mon-Th,3,28
3.0,Mon-Th,1,31,12,urban,0.05253846339266245,-0.7,100.0,2.0,5.4,3,65.818002,6.6,2025-12-09,Mon-Th,3,28
3.0,Mon-Th,18,17,1,urban,0.010529047437908057,-2.8,79.0,1.0,10.0,3,13.198686,10.99,2025-12-09,Mon-Th,3,28
3.0,Mon-Th,20,6,12,urban,0.02964262694309469,0.1,88.0,0.0,12.1,3,5.594619,29.83,2025-12-09,Mon-Th,3,28
3.0,Mon-Th,8,15,3,urban,0.033556506706555286,2.4,74.0,1.0,3.2,3,5.269367,6.74,2025-12-09,Mon-Th,3,28
3.0,Mon-Th,15,17,11,urban,0.02969137938978923,0.6,93.0,0.0,18.5,3,26.125686,32.53,2025-12-09,Mon-Th,3,28
3.0,Mon-Th,15,15,1,urban,0.005690257143356093,2.0,97.0,1.0,9.5,3,18.955856,13.3,2025-12-09,Mon-Th,3,28
3.0,Mon-Th,16,23,7,urban,0.013728130302363386,7.0,51.0,0.0,7.7,3,2.740979,8.16,2025-12-09,Mon-Th,3,28
3.0,Mon-Th,22,15,2,urban,0.05346712106507946,-13.8,82.0,0.0,6.9,3,18.128301,9.86,2025-12-09,Mon-Th,3,28
3.0,Mon-Th,15,23,1,urban,0.013617980042289847,4.4,98.0,0.0,20.3,3,14.948294,6.16,2025-12-10,Mon-Th,3,27
3.0,Mon-Th,15,2,12,urban,0.03893314908966115,1.3,57.0,0.0,4.4,3,20.874956,7.23,2025-12-10,Mon-Th,3,27
3.0,Mon-Th,12,23,1,urban,0.019116605235004434,-8.8,85.0,60.0,7.9,3,42.846732,2.81,2025-12-10,Mon-Th,3,27
3.0,Mon-Th,21,29,3,urban,0.014407827168243983,-5.4,85.0,0.0,3.5,3,16.453058,5.92,2025-12-10,Mon-Th,3,27
3.0,Mon-Th,16,4,3,urban,0.004034073732617057,11.7,40.0,0.0,26.7,3,65.494945,8.13,2025-12-10,Mon-Th,3,27
3.0,Mon-Th,17,11,1,urban,0.011962280928588823,3.8,69.0,0.0,10.8,3,17.49578,6.92,2025-12-10,Mon-Th,3,27
3.0,Mon-Th,16,17,1,urban,0.03865508737276475,-7.2,56.0,1.0,2.9,3,12.094841,10.56,2025-12-10,Mon-Th,3,27
3.0,Mon-Th,16,25,2,urban,0.03940042246990191,-1.2,85.0,269.0,4.1,3,20.057119,8.73,2025-12-10,Mon-Th,3,27
3.0,Mon-Th,15,2,12,urban,0.0043157066481551536,6.5,80.0,504.0,7.3,3,20.865467,27.28,2025-12-10,Mon-Th,3,27
3.0,Mon-Th,21,18,12,urban,0.01703442469412119,7.2,96.0,5.0,7.8,3,13.67881,7.09,2025-12-10,Mon-Th,3,27
3.0,Mon-Th,20,8,2,urban,0.0748403434128082,-0.2,85.0,32.0,7.2,3,18.837107,2.89,2025-12-10,Mon-Th,3,27
3.0,Mon-Th,22,23,2,urban,0.012657033288398997,-5.5,80.0,8.0,5.0,3,10.673666,6.49,2025-12-10,Mon-Th,3,27
3.0,Mon-Th,5,13,3,urban,0.019206918200282027,-2.4,97.0,1.0,16.7,3,5.539758,5.25,2025-12-10,Mon-Th,3,27
3.0,Mon-Th,8,11,3,urban,0.00018178420770920134,5.9,60.0,1.0,10.1,3,32.974199,10.7,2025-12-10,Mon-Th,3,27
3.0,Mon-Th,3,20,8,urban,0.01137120080786675,12.1,35.0,125.0,16.3,3,21.2492,9.63,2025-12-10,Mon-Th,3,27
3.0,Mon-Th,15,19,1,urban,0.038092852612348724,-1.6,68.0,0.0,23.8,3,22.31927,8.42,2025-12-10,Mon-Th,3,27
3.0,Mon-Th,18,8,1,urban,0.017614430943969486,2.2,69.0,127.0,14.9,3,2.824711,4.69,2025-12-10,Mon-Th,3,27
3.0,Mon-Th,15,23,1,urban,0.013487285994867607,0.4,81.0,15.0,16.5,3,40.46316,24.19,2025-12-10,Mon-Th,3,27
3.0,Mon-Th,17,17,2,urban,0.04029526725387719,-3.1,88.0,0.0,21.1,3,11.737877,5.16,2025-12-10,Mon-Th,3,27
3.0,Mon-Th,22,11,1,urban,0.009934124067872105,-0.3,98.0,1.0,9.4,3,7.83828,17.84,2025-12-10,Mon-Th,3,27
3.0,Mon-Th,20,18,3,urban,0.04155055191918358,2.7,78.0,20.0,5.1,3,2.250125,9.85,2025-12-10,Mon-Th,3,27
3.0,Mon-Th,3,30,7,urban,0.002212387876240814,12.3,100.0,0.0,17.6,3,9.843791,3.99,2025-12-10,Mon-Th,3,27
3.0,Mon-Th,16,8,3,urban,0.01652093528541272,7.6,100.0,0.0,17.1,3,64.563526,30.96,2025-12-10,Mon-Th,3,27
3.0,Mon-Th,21,17,1,urban,0.06648203495479758,-0.5,83.0,0.0,6.7,3,4.096899,20.87,2025-12-10,Mon-Th,3,27
3.0,Mon-Th,8,8,1,urban,0.04488390576323963,-6.8,83.0,1.0,18.0,3,18.618236,12.06,2025-12-10,Mon-Th,3,27
3.0,Mon-Th,22,14,12,urban,0.04064495325240684,1.4,70.0,0.0,14.0,3,15.658566,12.11,2025-12-10,Mon-Th,3,27
3.0,Mon-Th,18,6,2,sub-urban,0.035858427713515786,-0.2,69.0,108.0,7.3,3,3.439809,14.86,2025-12-10,Mon-Th,3,27
3.0,Mon-Th,6,20,3,urban,0.042814347736502396,-4.7,66.0,0.0,5.9,3,6.330096,23.57,2025-12-11,Mon-Th,3,31
3.0,Mon-Th,22,24,1,urban,0.01682402127179018,-3.2,71.0,0.0,9.0,3,13.595174,4.75,2025-12-11,Mon-Th,3,31
3.0,Mon-Th,18,27,2,urban,0.049923798511112866,-13.0,94.0,0.0,6.8,3,13.798514,4.5,2025-12-11,Mon-Th,3,31
3.0,Mon-Th,21,24,1,urban,0.011897653950057013,-1.5,85.0,0.0,29.3,3,25.954585,24.29,2025-12-11,Mon-Th,3,31
3.0,Mon-Th,21,23,3,urban,0.013534043531909365,3.8,89.0,0.0,8.2,3,4.675888,16.52,2025-12-11,Mon-Th,3,31
3.0,Mon-Th,14,27,3,urban,0.0061812233373043065,1.2,83.0,0.0,12.6,3,11.113179,13.71,2025-12-11,Mon-Th,3,31
3.0,Mon-Th,4,24,1,urban,0.033730984293180596,4.7,68.0,1.0,26.0,3,3.562761,8.28,2025-12-11,Mon-Th,3,31
3.0,Mon-Th,4,11,7,urban,0.0011976506743243366,17.0,99.0,95.0,14.7,3,10.616831,7.71,2025-12-11,Mon-Th,3,31
3.0,Mon-Th,10,6,12,urban,0.011837069836687931,-3.9,93.0,0.0,4.6,3,22.571901,21.44,2025-12-11,Mon-Th,3,31
3.0,Mon-Th,19,26,1,urban,0.028026456379716045,-0.0,98.0,4.0,12.4,3,10.176619,13.65,2025-12-11,Mon-Th,3,31
3.0,Mon-Th,12,16,1,urban,0.032338785466078324,1.6,67.0,13.0,6.6,3,11.21436,10.05,2025-12-11,Mon-Th,3,31
3.0,Mon-Th,8,20,12,urban,0.007195787791550142,3.5,94.0,0.0,7.6,3,61.397657,7.61,2025-12-11,Mon-Th,3,31
3.0,Mon-Th,20,14,3,urban,0.0305582286883565,-8.1,86.0,0.0,9.5,3,66.933379,23.98,2025-12-11,Mon-Th,3,31
3.0,Mon-Th,0,27,2,urban,0.038899181038826676,2.9,71.0,0.0,6.6,3,13.417495,8.42,2025-12-11,Mon-Th,3,31
3.0,Mon-Th,16,23,7,urban,0.006094476374334446,8.2,39.0,49.0,7.5,3,3.813832,8.5,2025-12-11,Mon-Th,3,31
3.0,Mon-Th,22,27,5,urban,0.03456850711104835,9.1,87.0,0.0,8.9,3,13.466291,11.98,2025-12-11,Mon-Th,3,31
3.0,Mon-Th,11,19,12,urban,0.01140382048815312,-2.9,82.0,1.0,6.0,3,18.52736,8.07,2025-12-11,Mon-Th,3,31
3.0,Mon-Th,14,18,1,urban,0.023303590046230616,3.8,83.0,16.0,4.7,3,9.442329,14.88,2025-12-11,Mon-Th,3,31
3.0,Mon-Th,16,3,3,urban,0.03697307364763179,-1.5,72.0,8.0,11.3,3,14.854484,11.33,2025-12-11,Mon-Th,3,31
3.0,Mon-Th,4,5,12,urban,0.027727891878117195,-6.2,67.0,0.0,3.7,3,2.0,8.22,2025-12-11,Mon-Th,3,31
3.0,Mon-Th,21,21,2,urban,0.038577608188937414,4.0,87.0,0.0,23.0,3,6.748596,12.05,2025-12-11,Mon-Th,3,31
3.0,Mon-Th,10,24,2,urban,0.03771557775847864,0.1,64.0,0.0,9.1,3,9.462896,7.98,2025-12-11,Mon-Th,3,31
3.0,Mon-Th,21,27,1,urban,0.012667446837491672,1.0,84.0,0.0,13.7,3,10.500937,9.69,2025-12-11,Mon-Th,3,31
3.0,Mon-Th,13,23,1,urban,0.04055707314370806,8.8,88.0,0.0,20.4,3,12.824481,6.12,2025-12-11,Mon-Th,3,31
3.0,Mon-Th,19,17,2,urban,0.03806154408753221,-5.2,86.0,0.0,4.1,3,20.071553,3.95,2025-12-11,Mon-Th,3,31
3.0,Mon-Th,22,27,7,urban,0.005107967678962377,8.8,56.0,209.0,11.1,3,8.555254,12.6,2025-12-11,Mon-Th,3,31
3.0,Mon-Th,0,25,2,urban,0.054733079495882776,0.2,80.0,2.0,10.1,3,12.864806,4.0,2025-12-11,Mon-Th,3,31
3.0,Mon-Th,11,5,1,urban,0.03040550884908614,-3.9,87.0,1.0,14.0,3,2.0,7.89,2025-12-11,Mon-Th,3,31
3.0,Mon-Th,12,11,1,urban,0.009044018716005669,7.0,89.0,1.0,4.0,3,19.910077,6.77,2025-12-11,Mon-Th,3,31
3.0,Mon-Th,22,8,2,urban,0.02676518616205617,1.4,78.0,0.0,18.8,3,23.31982,5.8,2025-12-11,Mon-Th,3,31
3.0,Mon-Th,15,20,1,urban,0.018114362263497902,1.3,92.0,1.0,4.2,3,2.138692,6.26,2025-12-11,Mon-Th,3,31
3.0,Mon-Th,13,15,12,urban,0.019049843807757125,2.0,77.0,21.0,5.9,3,15.714499,5.63,2025-12-15,Mon-Th,3,30
3.0,Mon-Th,4,15,3,urban,0.039427263180632964,-8.6,87.0,1.0,6.0,3,24.94068,14.97,2025-12-15,Mon-Th,3,30
3.0,Mon-Th,21,23,3,urban,0.03438176730222803,8.4,96.0,0.0,17.7,3,3.49255,17.65,2025-12-15,Mon-Th,3,30
3.0,Mon-Th,12,7,2,urban,0.01579737493221567,-0.4,94.0,0.0,11.9,3,8.216773,9.47,2025-12-15,Mon-Th,3,30
3.0,Mon-Th,10,16,2,urban,0.06561618224360583,-1.6,90.0,0.0,4.0,3,14.699306,9.36,2025-12-15,Mon-Th,3,30
3.0,Mon-Th,19,2,2,urban,0.04126016129493753,-4.4,62.0,0.0,15.0,3,16.444663,8.13,2025-12-15,Mon-Th,3,30
3.0,Mon-Th,17,21,1,urban,0.020964952379142362,0.8,60.0,0.0,7.7,3,7.38726,3.59,2025-12-15,Mon-Th,3,30
3.0,Mon-Th,3,8,2,urban,0.03454661832976804,2.5,61.0,0.0,6.4,3,65.913778,9.67,2025-12-15,Mon-Th,3,30
3.0,Mon-Th,13,8,12,urban,0.02130644202076057,-2.9,84.0,1.0,11.2,3,2.768354,5.72,2025-12-15,Mon-Th,3,30
3.0,Mon-Th,15,28,2,urban,0.010377117049305275,-7.5,84.0,0.0,8.5,3,12.640878,10.83,2025-12-15,Mon-Th,3,30
3.0,Mon-Th,17,29,1,urban,0.06153445541920741,-1.2,88.0,0.0,4.7,3,14.505175,15.41,2025-12-15,Mon-Th,3,30
3.0,Mon-Th,3,29,12,urban,0.013299276531720377,-2.4,99.0,0.0,18.0,3,16.878986,52.55,2025-12-15,Mon-Th,3,30
3.0,Mon-Th,18,30,1,urban,0.037567083384477826,1.1,72.0,0.0,9.4,3,7.435109,10.47,2025-12-15,Mon-Th,3,30
3.0,Mon-Th,1,8,2,urban,0.03641360844372654,-4.2,74.0,0.0,4.2,3,7.499853,45.18,2025-12-15,Mon-Th,3,30
3.0,Mon-Th,21,23,1,urban,0.03332971975457541,6.5,100.0,0.0,7.4,3,4.660137,32.58,2025-12-15,Mon-Th,3,30
3.0,Mon-Th,18,18,2,urban,0.014279627643527904,-0.5,49.0,0.0,17.4,3,15.756334,7.38,2025-12-15,Mon-Th,3,30
3.0,Mon-Th,23,10,1,urban,0.020216572132192766,-0.8,81.0,0.0,20.9,3,7.368873,9.21,2025-12-15,Mon-Th,3,30
3.0,Mon-Th,6,27,12,urban,0.0023196100130671183,7.0,100.0,21.0,11.5,3,3.583741,16.28,2025-12-15,Mon-Th,3,30
3.0,Mon-Th,21,26,1,urban,0.035600775059227555,-10.7,74.0,0.0,5.0,3,2.43314,24.12,2025-12-15,Mon-Th,3,30
3.0,Mon-Th,18,16,2,urban,0.04824925689318118,-5.8,88.0,1.0,15.8,3,2.0,35.29,2025-12-15,Mon-Th,3,30
3.0,Mon-Th,8,21,2,urban,0.045591394372777164,2.1,99.0,48.0,11.3,3,13.085824,12.57,2025-12-15,Mon-Th,3,30
3.0,Mon-Th,18,25,2,urban,0.052912944324234865,-4.4,85.0,1.0,8.3,3,5.42666,8.96,2025-12-15,Mon-Th,3,30
3.0,Mon-Th,13,29,1,urban,0.025832705849732948,-3.3,85.0,20.0,8.7,3,15.040334,31.58,2025-12-15,Mon-Th,3,30
3.0,Mon-Th,22,22,3,urban,0.010263828088429837,2.2,70.0,331.0,18.1,3,11.219966,20.26,2025-12-15,Mon-Th,3,30
3.0,Mon-Th,19,2,1,urban,0.038641860905347256,-8.2,58.0,0.0,13.7,3,5.116142,7.5,2025-12-15,Mon-Th,3,30
3.0,Mon-Th,21,3,3,urban,0.06358729489092685,-3.8,77.0,0.0,19.4,3,16.095741,5.73,2025-12-15,Mon-Th,3,30
3.0,Mon-Th,18,27,2,urban,0.01820887636819327,-1.9,92.0,117.0,8.0,3,25.629337,7.39,2025-12-15,Mon-Th,3,30
3.0,Mon-Th,19,24,12,urban,0.0020730165561290968,14.1,94.0,0.0,5.6,3,9.758427,19.47,2025-12-15,Mon-Th,3,30
3.0,Mon-Th,15,20,1,urban,0.019996560709111162,-2.4,82.0,0.0,11.1,3,10.170213,24.81,2025-12-15,Mon-Th,3,30
3.0,Mon-Th,19,9,1,urban,0.04577173206910928,2.3,85.0,246.0,3.9,3,8.122063,24.65,2025-12-15,Mon-Th,3,30
3.0,Mon-Th,14,29,10,urban,0.014621464647823167,6.8,74.0,0.0,32.8,3,18.833189,7.81,2025-12-16,Mon-Th,3,23
3.0,Mon-Th,22,21,1,urban,0.015954689151884034,-1.9,84.0,0.0,17.4,3,14.277431,13.64,2025-12-16,Mon-Th,3,23
3.0,Mon-Th,17,18,3,urban,0.03663938818689572,1.0,48.0,219.0,9.0,3,3.175759,8.36,2025-12-16,Mon-Th,3,23
3.0,Mon-Th,14,10,2,urban,0.029433867029854722,-7.5,68.0,0.0,6.9,3,12.62989,13.16,2025-12-16,Mon-Th,3,23
3.0,Mon-Th,15,18,1,urban,0.03768254029882017,0.3,70.0,16.0,20.3,3,2.045162,11.53,2025-12-16,Mon-Th,3,23
3.0,Mon-Th,17,30,3,urban,0.03540824176319163,-6.9,68.0,0.0,9.5,3,11.035397,9.88,2025-12-16,Mon-Th,3,23
3.0,Mon-Th,10,15,2,urban,0.02647780063401306,-5.8,51.0,0.0,19.9,3,10.588963,6.08,2025-12-16,Mon-Th,3,23
3.0,Mon-Th,12,13,1,urban,0.008516766578834153,-0.4,95.0,0.0,11.1,3,14.936797,19.83,2025-12-16,Mon-Th,3,23
3.0,Mon-Th,17,18,2,urban,0.016965482689899954,-9.3,49.0,0.0,8.8,3,10.673454,25.74,2025-12-16,Mon-Th,3,23
3.0,Mon-Th,23,21,2,urban,0.02589241866835426,-7.5,81.0,1.0,10.1,3,12.71652,12.37,2025-12-16,Mon-Th,3,23
3.0,Mon-Th,5,3,7,urban,0.023180850606633184,3.6,83.0,0.0,15.4,3,42.76439,8.0,2025-12-16,Mon-Th,3,23
3.0,Mon-Th,12,15,2,urban,0.03424024492574814,0.7,68.0,0.0,7.1,3,16.36917,20.42,2025-12-16,Mon-Th,3,23
3.0,Mon-Th,21,29,1,urban,0.02073734212135883,-2.4,82.0,171.0,13.8,3,7.818041,35.58,2025-12-16,Mon-Th,3,23
3.0,Mon-Th,16,5,2,urban,0.025360658418400232,-6.8,53.0,1.0,5.8,3,29.405982,14.18,2025-12-16,Mon-Th,3,23
3.0,Mon-Th,22,12,12,urban,0.012324686597684934,3.8,94.0,0.0,7.4,3,8.146189,31.75,2025-12-16,Mon-Th,3,23
3.0,Mon-Th,17,10,2,urban,0.037790917873772076,-7.9,67.0,1.0,4.7,3,10.129482,7.13,2025-12-16,Mon-Th,3,23
3.0,Mon-Th,12,9,1,urban,0.018097824227888276,-2.7,95.0,0.0,10.7,3,8.623451,28.79,2025-12-16,Mon-Th,3,23
3.0,Mon-Th,23,2,3,urban,0.005864506665158663,7.5,92.0,0.0,5.6,3,7.060417,18.11,2025-12-16,Mon-Th,3,23
3.0,Mon-Th,3,28,2,urban,0.034408942570706424,-4.0,99.0,0.0,1.2,3,2.944759,7.8,2025-12-16,Mon-Th,3,23
3.0,Mon-Th,12,5,3,urban,0.03916758636915849,1.8,64.0,61.0,7.6,3,36.023201,20.93,2025-12-16,Mon-Th,3,23
3.0,Mon-Th,14,17,3,urban,0.038555463557441084,1.7,58.0,173.0,2.7,3,2.0,8.78,2025-12-16,Mon-Th,3,23
3.0,Mon-Th,21,21,1,urban,0.0499706211532138,-6.2,85.0,1.0,3.8,3,16.727106,29.47,2025-12-16,Mon-Th,3,23
3.0,Mon-Th,15,3,2,urban,0.020534293313907104,3.8,100.0,27.0,6.7,3,31.115729,11.09,2025-12-16,Mon-Th,3,23
3.0,Mon-Th,15,23,1,urban,0.038414076745726417,-1.7,85.0,24.0,6.9,3,3.347408,7.23,2025-12-17,Mon-Th,3,21
3.0,Mon-Th,3,25,3,urban,0.034929688895832596,-2.5,85.0,1.0,9.2,3,12.520069,16.43,2025-12-17,Mon-Th,3,21
3.0,Mon-Th,13,26,3,urban,0.043312463438532026,-0.1,78.0,156.0,11.6,3,9.38674,4.73,2025-12-17,Mon-Th,3,21
3.0,Mon-Th,22,9,3,urban,0.018611278979324544,4.6,64.0,202.0,13.3,3,14.735145,41.39,2025-12-17,Mon-Th,3,21
3.0,Mon-Th,10,21,1,urban,0.06635929205609628,-13.1,88.0,0.0,9.7,3,7.063311,13.77,2025-12-17,Mon-Th,3,21
3.0,Mon-Th,17,24,1,urban,0.017354180693310545,5.4,50.0,132.0,8.7,3,13.962056,29.45,2025-12-17,Mon-Th,3,21
3.0,Mon-Th,17,4,12,urban,0.007896288277298893,8.2,94.0,23.0,17.1,3,18.48915,45.69,2025-12-17,Mon-Th,3,21
3.0,Mon-Th,4,24,3,urban,0.012712975147165108,3.0,71.0,360.0,11.6,3,2.523426,5.32,2025-12-17,Mon-Th,3,21
3.0,Mon-Th,20,11,12,urban,0.004602336116220932,-10.0,96.0,0.0,17.0,3,48.060856,33.33,2025-12-17,Mon-Th,3,21
3.0,Mon-Th,21,24,1,urban,0.03363594090999868,-2.6,67.0,0.0,15.8,3,2.410017,23.45,2025-12-17,Mon-Th,3,21
3.0,Mon-Th,20,22,1,urban,0.01653934971407835,9.5,98.0,0.0,11.3,3,8.306729,31.26,2025-12-17,Mon-Th,3,21
3.0,Mon-Th,18,8,2,urban,0.026944353298060195,-11.5,81.0,0.0,1.7,3,6.778395,6.24,2025-12-17,Mon-Th,3,21
3.0,Mon-Th,3,25,1,urban,0.010909558934909677,2.5,68.0,0.0,16.0,3,7.097175,12.5,2025-12-17,Mon-Th,3,21
3.0,Mon-Th,21,28,1,urban,0.02070860077092711,13.7,87.0,126.0,16.8,3,7.968288,6.45,2025-12-17,Mon-Th,3,21
3.0,Mon-Th,17,29,1,urban,0.03749660978572878,-5.1,57.0,0.0,16.0,3,5.98941,17.78,2025-12-17,Mon-Th,3,21
3.0,Mon-Th,4,13,4,urban,-0.00031,10.2,98.0,119.0,12.3,3,9.223804,19.58,2025-12-17,Mon-Th,3,21
3.0,Mon-Th,21,27,1,urban,0.06871579201871658,-0.8,99.0,0.0,4.5,3,9.143667,8.16,2025-12-17,Mon-Th,3,21
3.0,Mon-Th,22,11,3,urban,0.0016825358182572096,3.5,78.0,0.0,6.0,3,34.4849,33.07,2025-12-17,Mon-Th,3,21
3.0,Mon-Th,15,11,11,urban,0.03575970945200648,-0.0,86.0,54.0,6.0,3,20.148543,3.15,2025-12-17,Mon-Th,3,21
3.0,Mon-Th,21,29,2,urban,0.02143247137928131,-3.7,83.0,0.0,8.7,3,5.857616,15.59,2025-12-17,Mon-Th,3,21
3.0,Mon-Th,14,2,10,urban,0.00274322499853699,5.7,92.0,54.0,15.1,3,40.345481,24.85,2025-12-17,Mon-Th,3,21
3.0,Mon-Th,11,12,1,urban,0.013838874722774666,8.2,99.0,142.0,17.9,3,18.063819,27.67,2025-12-18,Mon-Th,3,24
3.0,Mon-Th,21,10,12,urban,0.02675864594062461,1.3,97.0,0.0,17.9,3,9.122071,19.56,2025-12-18,Mon-Th,3,24
3.0,Mon-Th,7,7,4,urban,0.0374442375598078,-5.2,83.0,0.0,13.0,3,2.082877,12.27,2025-12-18,Mon-Th,3,24
3.0,Mon-Th,17,8,2,urban,0.012879318766289984,1.1,46.0,1.0,5.3,3,14.031369,7.79,2025-12-18,Mon-Th,3,24
3.0,Mon-Th,10,25,2,urban,0.03751487270289216,-2.9,82.0,68.0,4.2,3,37.533307,5.53,2025-12-18,Mon-Th,3,24
3.0,Mon-Th,14,2,3,urban,0.02192518876277105,7.9,89.0,25.0,11.9,3,14.98179,7.83,2025-12-18,Mon-Th,3,24
3.0,Mon-Th,19,5,2,urban,0.015521845791840107,2.9,75.0,0.0,8.2,3,10.465487,18.29,2025-12-18,Mon-Th,3,24
3.0,Mon-Th,16,4,12,urban,0.010207510666439278,5.0,99.0,0.0,10.4,3,10.646501,29.32,2025-12-18,Mon-Th,3,24
3.0,Mon-Th,15,18,2,urban,0.04863426481393492,-1.7,67.0,0.0,10.0,3,17.403574,7.17,2025-12-18,Mon-Th,3,24
3.0,Mon-Th,10,3,2,urban,0.03567571793148829,-2.8,87.0,0.0,14.3,3,10.425605,8.04,2025-12-18,Mon-Th,3,24
3.0,Mon-Th,5,9,4,urban,-0.00031,7.2,97.0,0.0,4.2,3,31.225873,35.61,2025-12-18,Mon-Th,3,24
3.0,Mon-Th,22,17,1,urban,0.022009008681967715,-4.1,82.0,1.0,12.7,3,2.410455,8.44,2025-12-18,Mon-Th,3,24
3.0,Mon-Th,4,1,12,urban,0.013258392073881409,2.5,65.0,0.0,5.0,3,8.468154,25.82,2025-12-18,Mon-Th,3,24
3.0,Mon-Th,16,23,1,urban,0.018138625594822176,-1.4,85.0,8.0,11.4,3,15.165345,11.17,2025-12-18,Mon-Th,3,24
3.0,Mon-Th,5,13,12,urban,0.037832315362546796,0.1,97.0,0.0,2.9,3,13.618746,26.53,2025-12-18,Mon-Th,3,24
3.0,Mon-Th,17,17,1,urban,0.013642933170295671,1.4,66.0,0.0,10.3,3,12.719236,28.43,2025-12-18,Mon-Th,3,24
3.0,Mon-Th,21,21,1,urban,0.01742837419929301,2.1,100.0,1.0,10.6,3,40.371595,6.27,2025-12-18,Mon-Th,3,24
3.0,Mon-Th,17,23,12,urban,0.02523265996279573,3.0,93.0,1.0,12.4,3,15.870539,8.37,2025-12-18,Mon-Th,3,24
3.0,Mon-Th,18,2,1,urban,0.03653734261716593,-2.2,92.0,0.0,17.1,3,45.711625,5.13,2025-12-18,Mon-Th,3,24
3.0,Mon-Th,18,15,12,urban,0.03316908488545309,-0.3,94.0,0.0,16.8,3,8.793803,9.16,2025-12-18,Mon-Th,3,24
3.0,Mon-Th,14,29,3,urban,0.020132789265599756,-6.5,58.0,1.0,6.4,3,13.95193,14.59,2025-12-18,Mon-Th,3,24
3.0,Mon-Th,17,9,1,urban,0.016161488915656105,17.5,99.0,14.0,9.9,3,11.766385,12.27,2025-12-18,Mon-Th,3,24
3.0,Mon-Th,10,1,3,urban,0.036125800511604446,13.9,36.0,0.0,3.2,3,19.924029,10.99,2025-12-18,Mon-Th,3,24
3.0,Mon-Th,22,25,2,urban,0.032385961334226755,-1.7,68.0,0.0,10.9,3,16.774063,7.92,2025-12-18,Mon-Th,3,24
3.0,Friday,22,7,12,urban,0.051684404815732464,11.7,73.0,0.0,9.1,3,6.133387,7.11,2025-09-26,Friday,3,23
3.0,Friday,23,4,1,urban,0.01596291503070133,-3.3,69.0,0.0,17.6,3,13.865007,19.75,2025-09-26,Friday,3,23
3.0,Friday,13,23,2,urban,0.0602571331784022,1.3,86.0,1.0,16.1,3,6.048608,14.11,2025-09-26,Friday,3,23
3.0,Friday,10,12,3,urban,0.044564082344947346,-1.1,100.0,0.0,4.5,3,14.789838,12.42,2025-09-26,Friday,3,23
3.0,Friday,9,15,3,urban,0.03457712149355574,-0.6,84.0,0.0,8.3,3,5.176113,12.78,2025-09-26,Friday,3,23
3.0,Friday,0,31,1,urban,0.019776557147144255,-5.9,75.0,26.0,14.8,3,6.116797,9.66,2025-09-26,Friday,3,23
3.0,Friday,18,10,2,urban,0.052953870587140114,-10.6,87.0,1.0,5.7,3,2.529195,36.34,2025-09-26,Friday,3,23
3.0,Friday,13,30,12,urban,0.01416692303168563,9.8,58.0,227.0,10.7,3,21.772886,7.21,2025-09-26,Friday,3,23
3.0,Friday,18,8,1,urban,0.020093544841180765,0.4,77.0,130.0,15.2,3,22.758944,9.84,2025-09-26,Friday,3,23
3.0,Friday,16,27,1,urban,0.01977589496424325,2.1,99.0,227.0,12.7,3,14.075562,8.97,2025-09-26,Friday,3,23
3.0,Friday,0,17,1,urban,0.02262566090072623,0.4,93.0,0.0,17.3,3,21.23534,38.62,2025-09-26,Friday,3,23
3.0,Friday,16,2,1,urban,0.011048913240855182,2.1,82.0,16.0,31.3,3,18.153111,32.92,2025-09-26,Friday,3,23
3.0,Friday,18,29,2,urban,0.042317368696771725,-11.7,88.0,1.0,6.7,3,4.373213,12.21,2025-09-26,Friday,3,23
3.0,Friday,16,8,1,urban,0.03324888262742314,4.3,99.0,1.0,6.0,3,20.509466,9.42,2025-09-26,Friday,3,23
3.0,Friday,13,10,1,urban,0.016855306492535582,0.2,90.0,0.0,12.1,3,3.121146,6.88,2025-09-26,Friday,3,23
3.0,Friday,14,15,3,urban,0.04278671109831969,-3.0,87.0,76.0,3.1,3,38.307987,7.6,2025-09-26,Friday,3,23
3.0,Friday,20,27,3,urban,0.01597567626937079,17.0,47.0,331.0,13.9,3,39.886755,11.96,2025-09-26,Friday,3,23
3.0,Friday,15,10,1,urban,0.03010276734175152,-1.2,53.0,24.0,17.6,3,6.001985,6.22,2025-09-26,Friday,3,23
3.0,Friday,15,15,12,urban,0.04027480028383816,1.1,79.0,1.0,6.4,3,15.021711,25.97,2025-09-26,Friday,3,23
3.0,Friday,13,8,3,urban,0.015000313223937484,-0.3,85.0,117.0,5.9,3,4.920937,10.13,2025-09-26,Friday,3,23
3.0,Friday,8,5,11,urban,0.0016247251880923972,5.7,99.0,1.0,15.6,3,42.743567,50.14,2025-09-26,Friday,3,23
3.0,Friday,16,27,7,urban,0.02173426533243851,21.3,56.0,240.0,15.0,3,77.418928,5.82,2025-09-26,Friday,3,23
3.0,Friday,21,13,12,urban,0.029941118074838357,2.3,77.0,0.0,23.4,3,34.233713,10.1,2025-09-26,Friday,3,23
3.0,Friday,22,23,12,urban,0.02215212438502437,-1.3,91.0,0.0,7.9,3,33.275524,23.22,2025-10-03,Friday,3,27
3.0,Friday,16,27,7,urban,-0.00031,23.3,92.0,306.0,16.1,3,29.544263,6.12,2025-10-03,Friday,3,27
3.0,Friday,17,17,3,urban,0.009642271656816541,2.2,60.0,0.0,13.4,3,14.791144,7.81,2025-10-03,Friday,3,27
3.0,Friday,10,6,3,urban,0.032378227763927694,-2.1,88.0,0.0,16.1,3,21.289719,5.88,2025-10-03,Friday,3,27
3.0,Friday,15,8,1,urban,0.033760495994668155,-2.8,49.0,106.0,15.3,3,3.979588,6.15,2025-10-03,Friday,3,27
3.0,Friday,17,26,12,urban,0.030528547806394038,3.8,89.0,0.0,15.8,3,16.149481,14.17,2025-10-03,Friday,3,27
3.0,Friday,13,5,1,sub-urban,0.01493852063520237,-5.2,64.0,0.0,5.1,3,17.177666,8.48,2025-10-03,Friday,3,27
3.0,Friday,17,25,6,urban,0.004319784803886961,21.9,72.0,23.0,4.4,3,14.168499,4.31,2025-10-03,Friday,3,27
3.0,Friday,18,3,1,sub-urban,0.019636312790477558,3.0,78.0,1.0,15.5,3,12.640145,27.51,2025-10-03,Friday,3,27
3.0,Friday,14,8,2,urban,0.01897894125126774,2.5,93.0,0.0,9.4,3,12.633545,23.04,2025-10-03,Friday,3,27
3.0,Friday,11,11,1,urban,0.03141729921255883,1.5,75.0,18.0,11.0,3,13.891205,33.31,2025-10-03,Friday,3,27
3.0,Friday,16,16,3,urban,0.032286685070939916,20.1,66.0,0.0,12.9,3,2.415263,7.78,2025-10-03,Friday,3,27
3.0,Friday,12,5,1,urban,0.029789153305246282,1.0,58.0,237.0,4.8,3,13.580625,4.51,2025-10-03,Friday,3,27
3.0,Friday,18,31,12,urban,0.08013520633199138,-7.2,93.0,1.0,7.2,3,26.764237,19.17,2025-10-03,Friday,3,27
3.0,Friday,23,21,1,urban,0.011637446915314688,0.0,62.0,0.0,17.4,3,10.070023,43.75,2025-10-03,Friday,3,27
3.0,Friday,14,28,2,urban,0.0374750790448564,-1.0,96.0,0.0,3.9,3,4.007372,9.97,2025-10-03,Friday,3,27
3.0,Friday,16,25,2,urban,0.036467403753674604,0.6,72.0,1.0,22.2,3,22.16589,8.29,2025-10-03,Friday,3,27
3.0,Friday,13,31,12,urban,0.0337215109262979,0.3,94.0,0.0,3.5,3,22.326872,11.84,2025-10-03,Friday,3,27
3.0,Friday,14,19,3,urban,0.016585177401517655,7.7,78.0,2.0,7.2,3,2.004488,11.34,2025-10-03,Friday,3,27
3.0,Friday,15,22,1,urban,0.052118091448763136,-0.1,93.0,1.0,11.7,3,12.827516,9.04,2025-10-03,Friday,3,27
3.0,Friday,10,17,3,urban,0.01973835944165704,-1.0,84.0,0.0,5.7,3,15.911424,23.52,2025-10-03,Friday,3,27
3.0,Friday,23,1,3,urban,0.024495632069580532,3.3,79.0,0.0,8.6,3,23.608504,9.65,2025-10-03,Friday,3,27
3.0,Friday,11,3,1,urban,0.053693592185912985,-9.3,89.0,1.0,13.8,3,7.354159,5.88,2025-10-03,Friday,3,27
3.0,Friday,22,24,12,urban,0.009587278065879539,0.9,62.0,26.0,14.3,3,16.561069,67.06,2025-10-03,Friday,3,27
3.0,Friday,17,2,1,urban,0.022485786622026206,1.1,64.0,0.0,4.5,3,41.860631,3.36,2025-10-03,Friday,3,27
3.0,Friday,14,27,3,urban,0.000824340030139965,8.4,45.0,162.0,10.6,3,44.682516,10.93,2025-10-03,Friday,3,27
3.0,Friday,18,5,1,urban,0.02811545703343897,-9.8,78.0,0.0,6.3,3,14.515936,6.11,2025-10-03,Friday,3,27
3.0,Friday,14,21,3,urban,0.004044924101082063,-0.2,44.0,0.0,15.5,3,20.161655,8.88,2025-10-10,Friday,3,33
3.0,Friday,17,26,3,urban,0.006418257296820001,6.2,47.0,423.0,4.9,3,10.548374,8.55,2025-10-10,Friday,3,33
3.0,Friday,5,23,3,urban,0.019255043975508607,6.6,93.0,0.0,28.0,3,26.171315,25.88,2025-10-10,Friday,3,33
3.0,Friday,13,25,2,urban,0.017571982207860864,-6.0,92.0,0.0,4.1,3,23.302193,36.68,2025-10-10,Friday,3,33
3.0,Friday,13,11,1,urban,0.03681279223173384,-1.0,83.0,0.0,18.0,3,3.649861,16.82,2025-10-10,Friday,3,33
3.0,Friday,21,15,12,urban,0.00974087444667412,-11.7,99.0,0.0,7.5,3,9.250748,14.5,2025-10-10,Friday,3,33
3.0,Friday,14,21,7,urban,0.01785723595892493,-2.8,46.0,1.0,5.5,3,2.928614,19.11,2025-10-10,Friday,3,33
3.0,Friday,20,3,1,urban,0.013926871116400879,5.7,96.0,0.0,11.9,3,17.694718,12.22,2025-10-10,Friday,3,33
3.0,Friday,10,27,3,urban,0.006042031239857637,-0.6,53.0,128.0,15.4,3,17.597564,29.91,2025-10-10,Friday,3,33
3.0,Friday,22,5,3,urban,0.034074839475465225,6.0,100.0,0.0,13.4,3,9.056086,15.15,2025-10-10,Friday,3,33
3.0,Friday,15,23,1,urban,0.034678261157482036,3.4,73.0,120.0,6.5,3,19.518554,6.62,2025-10-10,Friday,3,33
3.0,Friday,17,17,3,urban,0.011166296467028776,29.4,63.0,368.0,7.4,3,24.079809,7.91,2025-10-10,Friday,3,33
3.0,Friday,17,19,1,urban,0.054812469914463924,-3.1,75.0,0.0,13.9,3,21.10673,12.14,2025-10-10,Friday,3,33
3.0,Friday,1,15,3,urban,0.006503533247338818,-6.6,68.0,0.0,10.6,3,8.910933,19.95,2025-10-10,Friday,3,33
3.0,Friday,16,23,3,urban,0.026614192079855527,4.2,40.0,206.0,5.9,3,44.323177,14.51,2025-10-10,Friday,3,33
3.0,Friday,15,15,6,urban,0.001527994544330984,17.9,64.0,184.0,8.9,3,44.570315,6.97,2025-10-10,Friday,3,33
3.0,Friday,10,3,1,urban,0.010895802296198034,1.3,84.0,11.0,16.3,3,16.08358,4.23,2025-10-10,Friday,3,33
3.0,Friday,11,17,2,urban,0.02262827022685824,-2.2,83.0,0.0,19.4,3,18.559651,27.65,2025-10-10,Friday,3,33
3.0,Friday,15,21,1,urban,0.017631078519111106,-4.0,83.0,0.0,18.3,3,2.0,13.77,2025-10-10,Friday,3,33
3.0,Friday,20,27,3,urban,0.013468143356616558,0.8,47.0,0.0,8.1,3,17.847556,5.6,2025-10-10,Friday,3,33
3.0,Friday,10,27,3,urban,0.03527584768282069,8.0,59.0,0.0,28.0,3,21.069613,10.09,2025-10-10,Friday,3,33
3.0,Friday,11,15,3,urban,0.02462371702274669,1.9,82.0,0.0,10.4,3,25.367885,32.35,2025-10-10,Friday,3,33
3.0,Friday,18,27,1,urban,0.04324613988973138,0.6,77.0,63.0,4.9,3,20.2742,6.13,2025-10-10,Friday,3,33
3.0,Friday,11,11,1,urban,0.0051212631602797765,2.4,61.0,2.0,10.6,3,2.472782,8.95,2025-10-10,Friday,3,33
3.0,Friday,13,13,2,urban,0.024174794838982775,6.6,82.0,209.0,9.6,3,6.939491,11.03,2025-10-10,Friday,3,33
3.0,Friday,13,4,2,urban,0.019411260567618677,-9.4,49.0,1.0,2.6,3,19.327464,8.78,2025-10-10,Friday,3,33
3.0,Friday,17,10,12,urban,0.004809913680002841,8.4,98.0,0.0,11.7,3,51.945167,7.49,2025-10-10,Friday,3,33
3.0,Friday,15,27,3,urban,0.015727173958946718,0.1,95.0,1.0,14.9,3,8.333174,24.19,2025-10-10,Friday,3,33
3.0,Friday,18,15,2,urban,0.020478381021680744,0.8,98.0,0.0,12.3,3,16.468903,7.09,2025-10-10,Friday,3,33
3.0,Friday,18,25,2,urban,0.05739360166372457,-8.0,81.0,26.0,9.5,3,21.318791,3.0,2025-10-10,Friday,3,33
3.0,Friday,13,28,1,urban,0.012926068268997407,-0.1,69.0,1.0,19.5,3,3.188801,8.59,2025-10-10,Friday,3,33
3.0,Friday,16,13,3,urban,0.018909752294955673,2.5,68.0,0.0,19.7,3,27.41797,12.12,2025-10-10,Friday,3,33
3.0,Friday,15,10,2,sub-urban,0.021474048928100124,-0.6,92.0,130.0,6.6,3,12.918551,14.12,2025-10-10,Friday,3,33
3.0,Friday,13,8,1,urban,0.016798614601923466,0.5,85.0,0.0,18.3,3,24.076214,6.34,2025-10-17,Friday,3,19
3.0,Friday,18,6,1,urban,0.025265385808475115,-1.5,83.0,0.0,13.6,3,15.455208,4.05,2025-10-17,Friday,3,19
3.0,Friday,14,2,12,urban,0.004545109961970634,1.9,99.0,0.0,4.5,3,17.448377,27.85,2025-10-17,Friday,3,19
3.0,Friday,14,8,1,urban,0.04308634635501471,-0.3,79.0,34.0,16.7,3,37.831509,4.26,2025-10-17,Friday,3,19
3.0,Friday,3,12,1,urban,0.02473783273103897,-2.4,90.0,218.0,3.4,3,3.288106,6.57,2025-10-17,Friday,3,19
3.0,Friday,15,5,12,urban,0.015008229611253775,3.2,84.0,1.0,12.0,3,20.461673,56.01,2025-10-17,Friday,3,19
3.0,Friday,15,6,1,urban,0.038907895316513924,1.7,67.0,2.0,6.0,3,2.0,9.36,2025-10-17,Friday,3,19
3.0,Friday,14,21,1,urban,0.015457980869977265,6.5,99.0,18.0,16.4,3,37.117852,27.42,2025-10-17,Friday,3,19
3.0,Friday,5,9,12,urban,0.023074198505687045,0.4,100.0,0.0,9.3,3,11.252944,27.22,2025-10-17,Friday,3,19
3.0,Friday,17,25,2,urban,0.06257144095588213,0.4,94.0,55.0,5.1,3,14.437673,15.21,2025-10-17,Friday,3,19
3.0,Friday,13,12,3,urban,0.03847060795715601,0.2,63.0,0.0,7.8,3,22.884167,7.08,2025-10-17,Friday,3,19
3.0,Friday,15,3,2,urban,0.051323945105479704,-3.0,74.0,22.0,9.5,3,22.830222,17.63,2025-10-17,Friday,3,19
3.0,Friday,3,1,9,urban,0.03241189987993644,15.1,94.0,0.0,15.0,3,12.707581,12.56,2025-10-17,Friday,3,19
3.0,Friday,10,27,1,urban,0.004347247280191922,6.7,92.0,206.0,12.5,3,14.500343,26.06,2025-10-17,Friday,3,19
3.0,Friday,15,10,3,sub-urban,0.02816056860703864,1.5,79.0,0.0,5.3,3,13.700088,40.71,2025-10-17,Friday,3,19
3.0,Friday,17,2,12,urban,0.008322979421914267,0.7,68.0,1.0,6.4,3,10.345363,24.27,2025-10-17,Friday,3,19
3.0,Friday,10,8,1,urban,0.01729868112239328,-4.9,79.0,67.0,6.0,3,2.606234,6.06,2025-10-17,Friday,3,19
3.0,Friday,9,27,3,urban,0.0027729289971029952,7.9,100.0,1.0,18.8,3,10.316663,10.23,2025-10-17,Friday,3,19
3.0,Friday,21,19,1,urban,0.03763168444512108,-1.8,73.0,0.0,21.3,3,2.095019,5.28,2025-10-17,Friday,3,19
3.0,Friday,2,26,12,urban,0.016403572116876805,2.3,53.0,1.0,5.1,3,19.851144,38.82,2025-10-24,Friday,3,25
3.0,Friday,17,26,1,urban,0.030397347758508435,-2.5,68.0,146.0,7.1,3,2.816528,16.96,2025-10-24,Friday,3,25
3.0,Friday,16,15,3,urban,0.01724104126761498,-9.2,82.0,0.0,15.9,3,39.090599,23.2,2025-10-24,Friday,3,25
3.0,Friday,8,7,1,urban,1.8680395375118147e-05,6.3,79.0,1.0,6.8,3,9.051855,16.61,2025-10-24,Friday,3,25
3.0,Friday,13,13,1,urban,0.037563105740856036,0.2,71.0,18.0,5.2,3,17.748136,20.36,2025-10-24,Friday,3,25
3.0,Friday,18,3,1,urban,0.013491710090240656,2.5,76.0,0.0,10.4,3,19.288024,7.62,2025-10-24,Friday,3,25
3.0,Friday,21,25,2,urban,0.04698406513271877,-3.8,85.0,0.0,16.5,3,2.101392,9.26,2025-10-24,Friday,3,25
3.0,Friday,22,28,3,urban,0.0009420445102604697,7.1,56.0,1.0,22.4,3,17.579103,5.65,2025-10-24,Friday,3,25
3.0,Friday,14,13,1,urban,0.02364643660888005,2.3,72.0,0.0,15.0,3,2.0,7.69,2025-10-24,Friday,3,25
3.0,Friday,17,13,3,urban,0.003945384273329542,-4.7,71.0,0.0,15.9,3,7.659955,16.2,2025-10-24,Friday,3,25
3.0,Friday,15,10,12,urban,0.04693947728606024,0.1,82.0,0.0,7.1,3,3.289955,15.97,2025-10-24,Friday,3,25
3.0,Friday,14,26,3,urban,0.0013550666232061957,21.1,23.0,427.0,10.7,3,84.360761,35.36,2025-10-24,Friday,3,25
3.0,Friday,21,16,1,urban,0.03151274648226936,-4.7,92.0,0.0,6.6,3,60.106565,7.09,2025-10-24,Friday,3,25
3.0,Friday,8,31,12,urban,0.016705858944867688,-5.9,89.0,1.0,16.4,3,18.777084,10.93,2025-10-24,Friday,3,25
3.0,Friday,21,24,1,urban,0.017793340284516533,4.8,89.0,0.0,7.4,3,8.286882,6.83,2025-10-24,Friday,3,25
3.0,Friday,14,18,1,urban,0.010059950012708938,0.8,96.0,122.0,16.8,3,2.0,9.67,2025-10-24,Friday,3,25
3.0,Friday,17,25,11,urban,0.026969386283829583,2.7,54.0,178.0,21.6,3,12.992787,6.39,2025-10-24,Friday,3,25
3.0,Friday,17,3,1,urban,0.071723021066998,0.2,84.0,25.0,7.3,3,20.576898,6.19,2025-10-24,Friday,3,25
3.0,Friday,15,27,1,urban,0.013565710012482576,-3.4,84.0,19.0,36.2,3,18.468113,7.1,2025-10-24,Friday,3,25
3.0,Friday,13,13,12,urban,0.019052725531379523,5.2,93.0,0.0,11.3,3,21.482875,4.04,2025-10-24,Friday,3,25
3.0,Friday,14,8,3,urban,0.0298553007783086,6.8,47.0,231.0,12.9,3,3.347893,7.14,2025-10-24,Friday,3,25
3.0,Friday,22,23,3,urban,0.027899642624506407,9.6,76.0,0.0,1.7,3,15.820789,23.38,2025-10-24,Friday,3,25
3.0,Friday,16,17,3,urban,0.0011056804732579298,6.6,93.0,0.0,31.6,3,23.639629,8.68,2025-10-24,Friday,3,25
3.0,Friday,18,15,2,urban,0.017832831251314837,-5.0,64.0,0.0,22.9,3,13.742875,8.63,2025-10-24,Friday,3,25
3.0,Friday,17,10,2,urban,0.03532365477272814,-2.9,91.0,90.0,6.7,3,15.750321,7.27,2025-10-24,Friday,3,25
3.0,Friday,17,27,2,urban,0.03891534874197496,3.9,54.0,115.0,21.5,3,2.620522,8.65,2025-10-31,Friday,3,18
3.0,Friday,18,15,1,urban,0.05023972894603701,-2.9,73.0,159.0,6.8,3,14.673253,46.25,2025-10-31,Friday,3,18
3.0,Friday,14,27,1,urban,0.011818449260043204,1.1,85.0,13.0,17.9,3,18.43234,5.23,2025-10-31,Friday,3,18
3.0,Friday,15,24,1,urban,0.01855196159013566,3.9,62.0,0.0,14.0,3,14.737246,27.98,2025-10-31,Friday,3,18
3.0,Friday,17,29,1,urban,0.04788624747913928,-4.7,71.0,12.0,7.2,3,28.0365,25.68,2025-10-31,Friday,3,18
3.0,Friday,18,15,2,urban,0.020491538626432094,0.8,95.0,17.0,22.4,3,19.467912,2.06,2025-10-31,Friday,3,18
3.0,Friday,1,31,3,urban,0.0374550172071877,1.0,83.0,0.0,5.8,3,14.177793,15.58,2025-10-31,Friday,3,18
3.0,Friday,13,16,1,sub-urban,0.033071907866851324,3.1,81.0,17.0,15.4,3,7.591744,10.0,2025-10-31,Friday,3,18
3.0,Friday,13,16,3,urban,0.04256764853390301,0.8,60.0,135.0,9.4,3,51.005785,2.03,2025-10-31,Friday,3,18
3.0,Friday,21,15,1,urban,0.045092968604591915,2.3,71.0,0.0,8.9,3,9.121748,34.39,2025-10-31,Friday,3,18
3.0,Friday,23,23,3,urban,0.007703867411771016,9.0,61.0,1.0,3.6,3,8.704026,5.92,2025-10-31,Friday,3,18
3.0,Friday,20,7,2,urban,0.021448279736450533,-3.9,69.0,1.0,9.0,3,15.507956,13.94,2025-10-31,Friday,3,18
3.0,Friday,13,3,11,urban,0.03779859763849592,-0.6,93.0,65.0,3.8,3,25.448679,5.56,2025-10-31,Friday,3,18
3.0,Friday,23,2,1,urban,0.04709085282292427,-0.1,73.0,0.0,19.1,3,6.773106,30.32,2025-10-31,Friday,3,18
3.0,Friday,7,23,12,urban,0.05338536806038019,-8.2,97.0,1.0,5.0,3,20.785338,8.94,2025-10-31,Friday,3,18
3.0,Friday,13,8,3,urban,0.015745408595924906,-6.3,60.0,29.0,13.8,3,71.069009,7.42,2025-10-31,Friday,3,18
3.0,Friday,14,26,2,urban,0.0377873762947941,3.9,100.0,0.0,17.2,3,7.151861,12.06,2025-10-31,Friday,3,18
3.0,Friday,13,25,1,urban,0.011359753871489933,-0.3,66.0,1.0,7.3,3,3.345434,25.22,2025-10-31,Friday,3,18
3.0,Friday,4,7,3,urban,0.033902681602198774,8.7,90.0,1.0,7.0,3,21.758827,7.15,2025-11-07,Friday,3,21
3.0,Friday,21,8,2,urban,0.056075635534719344,-5.1,84.0,0.0,8.8,3,17.353223,5.42,2025-11-07,Friday,3,21
3.0,Friday,21,3,1,urban,0.010554634410047267,-1.7,99.0,58.0,24.8,3,5.937058,30.57,2025-11-07,Friday,3,21
3.0,Friday,17,8,3,urban,0.036299740635213795,0.1,77.0,170.0,7.1,3,26.536331,32.19,2025-11-07,Friday,3,21
3.0,Friday,17,27,2,urban,0.035044802610368284,2.4,96.0,2.0,9.0,3,40.892553,7.3,2025-11-07,Friday,3,21
3.0,Friday,18,25,1,urban,0.018328597309395293,0.3,57.0,249.0,18.1,3,4.153592,6.37,2025-11-07,Friday,3,21
3.0,Friday,15,10,1,urban,0.03330302696039776,-2.1,76.0,161.0,6.7,3,20.333894,9.82,2025-11-07,Friday,3,21
3.0,Friday,20,24,1,urban,0.03394144501315021,0.3,89.0,0.0,7.5,3,9.719197,15.04,2025-11-07,Friday,3,21
3.0,Friday,8,27,1,urban,0.01614094578810662,-3.1,92.0,150.0,18.8,3,9.930409,7.77,2025-11-07,Friday,3,21
3.0,Friday,8,7,3,urban,0.013664669119911911,4.0,93.0,1.0,4.7,3,22.105957,6.65,2025-11-07,Friday,3,21
3.0,Friday,15,4,3,urban,0.01798377627710379,0.6,59.0,1.0,7.6,3,18.842416,8.17,2025-11-07,Friday,3,21
3.0,Friday,3,26,3,urban,0.03894195598900303,-9.4,95.0,0.0,20.0,3,109.646705,5.49,2025-11-07,Friday,3,21
3.0,Friday,10,23,2,urban,0.06603085709496512,1.1,85.0,0.0,6.3,3,2.786907,17.35,2025-11-07,Friday,3,21
3.0,Friday,17,22,1,urban,0.02278077182533942,-1.9,94.0,17.0,12.7,3,15.746378,21.68,2025-11-07,Friday,3,21
3.0,Friday,15,24,1,urban,0.0348199031341591,1.6,96.0,0.0,19.2,3,28.991457,9.18,2025-11-07,Friday,3,21
3.0,Friday,15,8,3,urban,0.047703770173285726,1.9,55.0,140.0,6.4,3,3.862228,6.79,2025-11-07,Friday,3,21
3.0,Friday,21,22,3,urban,0.00035443232884626533,6.6,100.0,0.0,17.0,3,6.323719,7.93,2025-11-07,Friday,3,21
3.0,Friday,8,15,1,urban,0.01908181214665836,-2.4,66.0,0.0,10.4,3,4.084517,23.48,2025-11-07,Friday,3,21
3.0,Friday,20,2,1,urban,0.019513092679421924,-0.7,64.0,1.0,15.8,3,28.352059,33.31,2025-11-07,Friday,3,21
3.0,Friday,14,22,1,urban,0.024446959805502055,1.3,86.0,0.0,16.8,3,23.140201,8.94,2025-11-07,Friday,3,21
3.0,Friday,22,24,2,urban,0.014674845087245163,-1.7,87.0,46.0,23.4,3,12.38017,12.18,2025-11-07,Friday,3,21
3.0,Friday,9,27,3,urban,0.011772114336764464,-3.2,95.0,0.0,5.8,3,19.248012,24.52,2025-11-14,Friday,3,24
3.0,Friday,16,16,3,urban,0.013419575481473652,0.1,76.0,0.0,16.3,3,20.811666,12.09,2025-11-14,Friday,3,24
3.0,Friday,15,30,12,urban,0.035566367658348794,-0.3,68.0,64.0,5.9,3,19.850776,2.77,2025-11-14,Friday,3,24
3.0,Friday,9,7,1,urban,0.0298924062096652,4.3,70.0,1.0,3.3,3,19.499401,6.54,2025-11-14,Friday,3,24
3.0,Friday,14,3,1,urban,0.01901924481137047,0.5,54.0,1.0,18.4,3,17.379944,15.36,2025-11-14,Friday,3,24
3.0,Friday,3,1,3,urban,0.017362889969713666,-0.2,78.0,217.0,17.3,3,46.610823,24.69,2025-11-14,Friday,3,24
3.0,Friday,8,13,2,urban,0.019373705271778077,1.1,64.0,87.0,20.5,3,19.343416,7.87,2025-11-14,Friday,3,24
3.0,Friday,21,8,1,urban,0.015558927382117907,6.0,92.0,9.0,14.4,3,10.279521,29.39,2025-11-14,Friday,3,24
3.0,Friday,15,8,1,urban,0.017264155178910154,4.5,71.0,0.0,25.1,3,5.757357,22.08,2025-11-14,Friday,3,24
3.0,Friday,22,21,12,urban,0.033740744889425925,0.9,87.0,142.0,8.1,3,18.141253,7.18,2025-11-14,Friday,3,24
3.0,Friday,15,2,1,urban,0.032017497279423865,-5.1,82.0,0.0,5.1,3,3.773438,8.17,2025-11-14,Friday,3,24
3.0,Friday,22,8,8,urban,0.014745675896677943,22.6,54.0,303.0,4.4,3,20.568623,38.64,2025-11-14,Friday,3,24
3.0,Friday,17,19,1,urban,0.037230845382249876,-6.4,85.0,2.0,9.6,3,5.098402,6.91,2025-11-14,Friday,3,24
3.0,Friday,15,19,3,urban,0.04275234576616706,-0.2,85.0,2.0,6.8,3,18.847193,8.16,2025-11-14,Friday,3,24
3.0,Friday,11,6,2,urban,0.019864035390312982,-10.6,83.0,1.0,21.0,3,14.095564,17.54,2025-11-14,Friday,3,24
3.0,Friday,16,21,3,sub-urban,0.039498025552630024,19.0,54.0,256.0,6.0,3,18.450068,7.22,2025-11-14,Friday,3,24
3.0,Friday,17,23,1,urban,0.014867057039338227,-2.9,98.0,1.0,14.2,3,14.425801,6.52,2025-11-14,Friday,3,24
3.0,Friday,17,23,1,urban,0.018278368151655316,-1.0,93.0,24.0,4.9,3,33.394805,24.5,2025-11-14,Friday,3,24
3.0,Friday,13,15,3,urban,0.03728015722903763,1.9,33.0,141.0,28.6,3,22.231758,6.87,2025-11-14,Friday,3,24
3.0,Friday,22,17,9,sub-urban,-0.00022819944938552543,4.8,100.0,0.0,17.6,3,22.028482,16.35,2025-11-14,Friday,3,24
3.0,Friday,18,5,2,urban,0.03506074142474103,-0.6,72.0,15.0,21.8,3,13.75097,18.1,2025-11-14,Friday,3,24
3.0,Friday,15,26,1,urban,0.04365954766221679,-2.2,85.0,2.0,8.6,3,16.598471,14.33,2025-11-14,Friday,3,24
3.0,Friday,23,21,3,urban,0.042490116813078044,-10.0,79.0,0.0,17.9,3,10.744859,15.36,2025-11-14,Friday,3,24
3.0,Friday,13,4,3,sub-urban,0.02903158370898524,1.0,52.0,124.0,17.0,3,12.443824,16.35,2025-11-14,Friday,3,24
3.0,Friday,13,19,12,urban,0.022050234240900492,2.3,99.0,0.0,18.9,3,3.048906,5.5,2025-11-21,Friday,3,32
3.0,Friday,13,8,1,urban,0.03437529771964698,0.6,86.0,0.0,5.5,3,19.744728,20.77,2025-11-21,Friday,3,32
3.0,Friday,14,23,1,urban,0.009024278040582734,2.1,80.0,0.0,9.4,3,6.898716,13.32,2025-11-21,Friday,3,32
3.0,Friday,17,9,1,urban,0.007831867240165649,-4.9,91.0,15.0,4.3,3,13.688286,9.68,2025-11-21,Friday,3,32
3.0,Friday,10,13,1,urban,0.017108333311938586,-7.4,92.0,0.0,3.0,3,37.680954,6.39,2025-11-21,Friday,3,32
3.0,Friday,11,28,3,urban,0.00759751599337926,7.5,82.0,0.0,6.5,3,2.284057,10.96,2025-11-21,Friday,3,32
3.0,Friday,16,2,1,urban,0.009979123584392964,-1.5,99.0,1.0,19.6,3,27.488716,24.03,2025-11-21,Friday,3,32
3.0,Friday,17,11,11,urban,0.012894267574181316,2.9,72.0,1.0,12.6,3,4.458131,6.36,2025-11-21,Friday,3,32
3.0,Friday,15,27,1,urban,0.024476931692452096,1.9,90.0,0.0,10.2,3,18.850863,15.88,2025-11-21,Friday,3,32
3.0,Friday,4,13,12,urban,0.03431523453619532,1.1,90.0,276.0,6.7,3,23.591479,4.19,2025-11-21,Friday,3,32
3.0,Friday,8,6,1,urban,0.024625218973812785,-6.5,89.0,1.0,15.9,3,71.30023,10.41,2025-11-21,Friday,3,32
3.0,Friday,16,27,3,urban,0.0033018599476711576,5.4,52.0,194.0,15.9,3,68.541438,20.77,2025-11-21,Friday,3,32
3.0,Friday,7,24,12,urban,0.04064122226024662,1.5,90.0,1.0,11.2,3,14.064502,13.66,2025-11-21,Friday,3,32
3.0,Friday,19,28,8,sub-urban,0.04630934294576582,16.5,52.0,282.0,4.4,3,7.861708,8.85,2025-11-21,Friday,3,32
3.0,Friday,10,21,12,urban,0.015366976399543372,2.3,62.0,2.0,5.2,3,76.990962,43.26,2025-11-21,Friday,3,32
3.0,Friday,16,25,2,sub-urban,0.018690614567195035,-4.4,78.0,1.0,7.2,3,4.270246,7.16,2025-11-21,Friday,3,32
3.0,Friday,17,8,3,urban,0.013057005303521574,13.3,52.0,188.0,1.9,3,2.029937,5.39,2025-11-21,Friday,3,32
3.0,Friday,15,14,1,urban,-0.00031,2.8,63.0,140.0,13.4,3,16.388565,27.1,2025-11-21,Friday,3,32
3.0,Friday,13,24,3,urban,0.04442424317180793,-1.4,88.0,12.0,14.4,3,26.984364,27.77,2025-11-21,Friday,3,32
3.0,Friday,16,25,3,urban,0.015243187152835624,-0.8,61.0,258.0,3.5,3,15.987498,12.0,2025-11-21,Friday,3,32
3.0,Friday,14,13,3,urban,0.01821997761001997,-1.6,69.0,0.0,8.3,3,4.246323,6.61,2025-11-21,Friday,3,32
3.0,Friday,21,11,2,urban,0.05852296970677624,-6.1,83.0,2.0,6.7,3,2.0,7.55,2025-11-21,Friday,3,32
3.0,Friday,12,8,10,urban,0.00455031538088876,3.1,94.0,0.0,14.3,3,10.988439,7.06,2025-11-21,Friday,3,32
3.0,Friday,18,26,2,urban,0.024003959730567754,2.2,77.0,0.0,17.5,3,14.533685,6.0,2025-11-21,Friday,3,32
3.0,Friday,16,2,1,urban,0.016008014492995243,8.9,59.0,1.0,12.2,3,5.551924,6.04,2025-11-21,Friday,3,32
3.0,Friday,17,20,2,urban,0.043949334254347064,0.9,75.0,0.0,4.2,3,16.616467,16.13,2025-11-21,Friday,3,32
3.0,Friday,23,31,3,urban,0.003320886804324956,4.0,100.0,0.0,8.8,3,9.641802,11.72,2025-11-21,Friday,3,32
3.0,Friday,15,1,3,urban,0.004321237741723805,4.2,98.0,1.0,10.9,3,7.019941,8.11,2025-11-21,Friday,3,32
3.0,Friday,20,8,1,urban,0.0016862492471878751,0.3,72.0,0.0,11.6,3,2.478308,10.58,2025-11-21,Friday,3,32
3.0,Friday,3,27,7,urban,0.015624256893962808,-11.9,84.0,0.0,29.4,3,10.085144,6.45,2025-11-21,Friday,3,32
3.0,Friday,5,28,1,urban,0.030135793441150128,10.2,62.0,192.0,16.0,3,58.555952,6.49,2025-11-21,Friday,3,32
3.0,Friday,16,26,3,urban,0.014984903356617455,1.0,91.0,0.0,21.9,3,16.396519,22.08,2025-11-21,Friday,3,32
3.0,Friday,2,23,2,urban,0.04750363768689711,-10.6,88.0,0.0,21.1,3,26.664534,23.45,2025-11-28,Friday,3,21
3.0,Friday,0,8,12,urban,0.030277174942808998,0.6,98.0,1.0,11.4,3,71.20695,44.85,2025-11-28,Friday,3,21
3.0,Friday,7,13,12,urban,0.014403355510583568,1.8,80.0,0.0,8.5,3,21.309627,8.71,2025-11-28,Friday,3,21
3.0,Friday,14,18,3,urban,0.0023196295935763965,11.0,46.0,0.0,4.3,3,21.60581,6.66,2025-11-28,Friday,3,21
3.0,Friday,15,16,1,urban,0.01065941858360197,-1.1,70.0,16.0,16.6,3,28.084814,7.5,2025-11-28,Friday,3,21
3.0,Friday,21,2,1,urban,0.06909206014897284,1.5,74.0,0.0,19.7,3,9.19518,6.64,2025-11-28,Friday,3,21
3.0,Friday,21,27,2,urban,0.04486431516013933,-1.0,94.0,0.0,11.6,3,19.792223,22.44,2025-11-28,Friday,3,21
3.0,Friday,16,18,3,urban,0.006211105632525884,2.3,95.0,1.0,15.3,3,17.346374,22.45,2025-11-28,Friday,3,21
3.0,Friday,16,6,2,urban,0.01719501956069455,-6.8,83.0,1.0,5.4,3,28.738351,2.87,2025-11-28,Friday,3,21
3.0,Friday,14,15,1,urban,0.014006869899480476,4.8,82.0,49.0,9.0,3,22.346822,11.33,2025-11-28,Friday,3,21
3.0,Friday,14,26,12,urban,0.003930577153671777,8.3,32.0,0.0,11.9,3,35.995695,10.15,2025-11-28,Friday,3,21
3.0,Friday,15,13,3,urban,0.015939709672367887,1.1,100.0,0.0,9.7,3,14.494671,4.01,2025-11-28,Friday,3,21
3.0,Friday,16,10,12,urban,0.014232405972473345,-1.1,64.0,12.0,4.2,3,17.452395,9.01,2025-11-28,Friday,3,21
3.0,Friday,1,17,3,urban,0.018780837789974462,10.6,77.0,0.0,4.6,3,22.273457,65.79,2025-11-28,Friday,3,21
3.0,Friday,19,18,7,urban,0.0032391268323724055,7.1,33.0,192.0,12.9,3,39.735157,29.77,2025-11-28,Friday,3,21
3.0,Friday,22,16,12,sub-urban,0.014599108401441994,2.9,94.0,2.0,7.3,3,7.687078,9.81,2025-11-28,Friday,3,21
3.0,Friday,16,25,11,urban,0.026822139575413427,5.4,99.0,26.0,6.4,3,23.112061,5.4,2025-11-28,Friday,3,21
3.0,Friday,14,18,1,urban,0.0372197218302018,0.7,64.0,59.0,5.2,3,15.530287,6.14,2025-11-28,Friday,3,21
3.0,Friday,15,24,1,urban,0.01757736631110422,-5.4,95.0,0.0,26.0,3,44.818019,1.16,2025-11-28,Friday,3,21
3.0,Friday,18,3,2,urban,0.054552845970113076,1.2,77.0,0.0,11.6,3,21.956419,32.16,2025-11-28,Friday,3,21
3.0,Friday,15,22,1,urban,0.038875516725760395,-3.2,85.0,176.0,6.2,3,19.003031,9.62,2025-11-28,Friday,3,21
3.0,Friday,23,8,1,urban,0.014267463898307034,3.3,77.0,14.0,10.5,3,19.969112,31.97,2025-12-05,Friday,3,20
3.0,Friday,10,28,3,urban,0.007079928918155759,6.3,58.0,132.0,8.6,3,2.0,12.85,2025-12-05,Friday,3,20
3.0,Friday,13,19,12,urban,0.04095341751913877,-8.2,85.0,1.0,9.4,3,3.500412,10.12,2025-12-05,Friday,3,20
3.0,Friday,10,1,2,urban,0.0183664938421303,-4.3,99.0,0.0,13.3,3,2.0,8.38,2025-12-05,Friday,3,20
3.0,Friday,9,23,1,urban,0.008190277053524304,1.2,64.0,1.0,10.5,3,11.262407,8.61,2025-12-05,Friday,3,20
3.0,Friday,15,31,12,urban,0.0379457821545572,2.4,77.0,63.0,6.5,3,14.945976,7.72,2025-12-05,Friday,3,20
3.0,Friday,11,27,3,urban,0.009768480606663884,-0.2,64.0,18.0,13.8,3,23.08705,10.44,2025-12-05,Friday,3,20
3.0,Friday,14,10,2,urban,0.04470715192215641,-0.9,83.0,156.0,5.4,3,2.250485,10.39,2025-12-05,Friday,3,20
3.0,Friday,0,23,1,urban,0.013506574508303563,2.1,90.0,11.0,10.4,3,10.660342,7.76,2025-12-05,Friday,3,20
3.0,Friday,21,25,3,urban,0.01736501530173708,5.3,59.0,349.0,7.4,3,5.246841,8.87,2025-12-05,Friday,3,20
3.0,Friday,18,27,2,urban,0.020460681790854612,2.8,89.0,0.0,17.8,3,14.901841,8.62,2025-12-05,Friday,3,20
3.0,Friday,19,3,1,urban,0.0008456191028493017,10.0,93.0,0.0,14.6,3,22.9708,5.99,2025-12-05,Friday,3,20
3.0,Friday,1,5,1,urban,0.021106555683725603,16.0,95.0,56.0,3.5,3,2.463368,9.0,2025-12-05,Friday,3,20
3.0,Friday,15,2,3,urban,0.011745702083649258,2.5,98.0,339.0,13.6,3,13.512804,5.14,2025-12-05,Friday,3,20
3.0,Friday,18,27,3,urban,0.0034621223858829053,6.9,90.0,24.0,6.0,3,12.353286,30.95,2025-12-05,Friday,3,20
3.0,Friday,10,15,1,urban,0.015777000516548047,-1.9,78.0,21.0,6.0,3,3.964285,9.69,2025-12-05,Friday,3,20
3.0,Friday,13,7,12,urban,0.014994200021986231,-0.2,95.0,1.0,22.2,3,17.225089,10.34,2025-12-05,Friday,3,20
3.0,Friday,10,29,3,urban,0.021205203503793235,-0.3,99.0,166.0,8.5,3,12.673567,11.67,2025-12-05,Friday,3,20
3.0,Friday,21,13,1,urban,0.004903311885005075,-3.1,51.0,16.0,4.4,3,10.18594,7.07,2025-12-05,Friday,3,20
3.0,Friday,9,10,12,urban,0.0017432396059144507,8.1,99.0,536.0,4.0,3,71.231147,16.34,2025-12-05,Friday,3,20
3.0,Friday,8,8,2,urban,0.01731009631095246,19.4,86.0,46.0,3.9,3,6.592319,7.02,2025-12-12,Friday,3,20
3.0,Friday,13,13,1,urban,0.015565592251389393,0.3,65.0,164.0,4.8,3,23.8884,26.08,2025-12-12,Friday,3,20
3.0,Friday,16,3,2,urban,0.03962683266754244,-9.2,83.0,23.0,19.3,3,13.660294,6.94,2025-12-12,Friday,3,20
3.0,Friday,17,14,3,urban,0.004439353406820548,3.2,63.0,0.0,16.8,3,9.791964,24.23,2025-12-12,Friday,3,20
3.0,Friday,17,2,3,urban,0.0024139214574578857,9.5,46.0,135.0,3.1,3,71.065989,13.32,2025-12-12,Friday,3,20
3.0,Friday,18,27,3,urban,0.011140158697784638,5.7,96.0,0.0,10.3,3,24.561098,5.88,2025-12-12,Friday,3,20
3.0,Friday,16,9,3,urban,0.03222310344690192,0.8,57.0,0.0,4.6,3,15.615638,9.52,2025-12-12,Friday,3,20
3.0,Friday,16,7,12,urban,0.003190879634031317,3.4,99.0,0.0,11.4,3,24.317574,8.96,2025-12-12,Friday,3,20
3.0,Friday,16,19,2,urban,0.01693617631550289,-0.5,53.0,0.0,4.6,3,37.931817,7.77,2025-12-12,Friday,3,20
3.0,Friday,14,15,3,urban,0.02095714334551495,8.4,73.0,0.0,14.0,3,44.034239,7.88,2025-12-12,Friday,3,20
3.0,Friday,18,19,1,urban,0.04215080204844306,-0.9,81.0,84.0,4.0,3,15.352305,6.7,2025-12-12,Friday,3,20
3.0,Friday,15,25,1,urban,0.013381737624116659,5.1,59.0,190.0,6.6,3,22.611792,9.4,2025-12-12,Friday,3,20
3.0,Friday,3,13,3,urban,0.015370542052009625,6.8,49.0,1.0,17.2,3,4.324729,7.14,2025-12-12,Friday,3,20
3.0,Friday,4,10,3,urban,0.015393490438012771,0.8,84.0,18.0,9.1,3,8.363115,5.23,2025-12-12,Friday,3,20
3.0,Friday,2,28,3,urban,0.031191002529265283,-0.2,82.0,1.0,10.5,3,21.498916,12.71,2025-12-12,Friday,3,20
3.0,Friday,22,10,3,urban,0.013413420088919038,3.1,83.0,0.0,5.8,3,22.298354,9.75,2025-12-12,Friday,3,20
3.0,Friday,8,8,3,urban,0.010379652425838817,1.8,89.0,1.0,12.6,3,7.604602,62.94,2025-12-12,Friday,3,20
3.0,Friday,18,22,3,urban,0.03163899341977818,6.5,49.0,0.0,12.7,3,11.333091,26.29,2025-12-12,Friday,3,20
3.0,Friday,15,6,10,urban,0.007175547335241263,2.5,77.0,75.0,15.9,3,7.125789,9.25,2025-12-12,Friday,3,20
3.0,Friday,18,6,2,urban,0.055579323265218285,-6.1,95.0,13.0,10.9,3,13.511962,12.09,2025-12-12,Friday,3,20
3.0,Friday,11,2,3,urban,0.03438005205301682,4.9,95.0,1.0,7.2,3,13.146148,11.64,2025-12-19,Friday,3,21
3.0,Friday,21,17,1,sub-urban,0.028531666871414174,-2.5,80.0,0.0,10.2,3,19.873491,23.53,2025-12-19,Friday,3,21
3.0,Friday,10,18,12,urban,0.006143183165657333,3.3,98.0,2.0,6.3,3,55.246198,13.42,2025-12-19,Friday,3,21
3.0,Friday,8,27,1,urban,0.04103393467096214,1.5,94.0,0.0,3.8,3,5.976378,7.92,2025-12-19,Friday,3,21
3.0,Friday,18,25,2,sub-urban,0.04262275803344563,-2.2,86.0,57.0,5.8,3,12.662464,9.26,2025-12-19,Friday,3,21
3.0,Friday,10,13,3,urban,0.001389456585333784,4.5,77.0,113.0,16.2,3,5.487036,24.89,2025-12-19,Friday,3,21
3.0,Friday,18,15,1,urban,0.03214738737634416,-7.0,81.0,1.0,11.4,3,14.932118,9.93,2025-12-19,Friday,3,21
3.0,Friday,15,15,3,urban,0.021309724106240626,-1.1,70.0,1.0,5.9,3,18.816523,7.54,2025-12-19,Friday,3,21
3.0,Friday,13,26,12,sub-urban,0.01022572122214617,-3.7,91.0,2.0,20.1,3,3.249681,6.35,2025-12-19,Friday,3,21
3.0,Friday,14,10,2,urban,0.07668521662582678,0.8,75.0,22.0,35.6,3,3.245382,6.36,2025-12-19,Friday,3,21
3.0,Friday,14,2,1,urban,0.026439404487055652,-1.5,94.0,1.0,7.6,3,19.600489,8.61,2025-12-19,Friday,3,21
3.0,Friday,16,25,12,urban,0.019438759719187737,-2.0,72.0,2.0,33.1,3,5.264383,3.47,2025-12-19,Friday,3,21
3.0,Friday,16,14,3,urban,0.0006010955070369513,8.3,45.0,281.0,9.5,3,38.85451,12.14,2025-12-19,Friday,3,21
3.0,Friday,3,4,3,urban,0.0031219578883304325,8.9,56.0,1.0,12.1,3,22.673148,12.69,2025-12-19,Friday,3,21
3.0,Friday,17,25,1,urban,0.030151635274579147,0.4,63.0,22.0,15.2,3,11.149948,7.1,2025-12-19,Friday,3,21
3.0,Friday,0,24,1,urban,0.0499283800607159,-2.3,87.0,1.0,16.6,3,35.640868,6.86,2025-12-19,Friday,3,21
3.0,Friday,17,19,3,urban,0.004630409279716379,0.3,91.0,0.0,13.4,3,13.095838,67.05,2025-12-19,Friday,3,21
3.0,Friday,11,27,3,urban,0.0011737609890415026,6.9,34.0,286.0,14.7,3,4.036733,12.37,2025-12-19,Friday,3,21
3.0,Friday,16,23,2,urban,0.06458067095565644,-1.5,84.0,0.0,9.8,3,21.619054,26.6,2025-12-19,Friday,3,21
3.0,Friday,5,8,11,urban,0.0454310979530665,2.6,67.0,58.0,15.1,3,9.325472,18.13,2025-12-19,Friday,3,21
3.0,Friday,15,31,3,sub-urban,0.03915195415744674,1.0,100.0,0.0,10.2,3,26.937808,7.05,2025-12-19,Friday,3,21
3.0,Saturday,14,25,2,urban,0.05390658266446964,1.6,81.0,0.0,10.8,3,3.093774,10.92,2025-09-27,Saturday,3,15
3.0,Saturday,17,10,2,urban,0.03556013779095694,-2.8,78.0,1.0,4.6,3,11.353642,17.01,2025-09-27,Saturday,3,15
3.0,Saturday,12,25,3,urban,0.02935405841536105,9.8,84.0,1.0,3.2,3,2.445769,7.02,2025-09-27,Saturday,3,15
3.0,Saturday,16,22,3,urban,0.02770864831717076,3.4,65.0,256.0,27.8,3,24.840203,16.96,2025-09-27,Saturday,3,15
3.0,Saturday,19,23,3,urban,0.01884756584943359,-0.3,50.0,1.0,5.8,3,12.929238,10.78,2025-09-27,Saturday,3,15
3.0,Saturday,9,22,3,urban,0.011374062430087787,12.8,43.0,166.0,12.1,3,4.558197,10.68,2025-09-27,Saturday,3,15
3.0,Saturday,13,25,2,urban,0.027274908567452273,-11.7,83.0,0.0,4.3,3,4.56882,15.8,2025-09-27,Saturday,3,15
3.0,Saturday,21,5,2,urban,0.022363486773687727,-0.1,83.0,25.0,21.3,3,17.274426,8.52,2025-09-27,Saturday,3,15
3.0,Saturday,5,26,3,urban,0.03679959717613097,2.0,100.0,31.0,7.4,3,2.758166,8.99,2025-09-27,Saturday,3,15
3.0,Saturday,18,1,3,urban,0.019744729935853494,8.2,40.0,356.0,19.9,3,2.0,5.74,2025-09-27,Saturday,3,15
3.0,Saturday,12,11,1,urban,0.04157153009478302,-3.3,81.0,1.0,3.6,3,2.524646,5.13,2025-09-27,Saturday,3,15
3.0,Saturday,14,8,1,urban,0.01203010019279908,6.0,60.0,192.0,11.7,3,16.87932,13.72,2025-09-27,Saturday,3,15
3.0,Saturday,16,23,3,urban,0.0784414885373836,-4.9,80.0,0.0,17.1,3,14.736303,4.22,2025-09-27,Saturday,3,15
3.0,Saturday,17,24,1,urban,0.014621522451756967,5.7,68.0,121.0,18.9,3,17.569096,12.6,2025-09-27,Saturday,3,15
3.0,Saturday,1,4,2,urban,0.020822102508783566,-3.1,86.0,84.0,19.5,3,20.352775,11.35,2025-09-27,Saturday,3,15
3.0,Saturday,12,15,1,urban,0.015220994920030746,0.8,93.0,0.0,17.7,3,18.827191,4.97,2025-10-04,Saturday,3,23
3.0,Saturday,10,8,1,urban,0.018883014451510936,-5.7,74.0,1.0,4.1,3,35.375831,6.6,2025-10-04,Saturday,3,23
3.0,Saturday,13,8,10,urban,0.014671551147921263,2.5,88.0,0.0,11.6,3,38.336398,29.56,2025-10-04,Saturday,3,23
3.0,Saturday,17,27,12,urban,0.026161092713468906,4.7,67.0,114.0,9.8,3,5.133041,10.25,2025-10-04,Saturday,3,23
3.0,Saturday,15,14,1,urban,0.03334173351335171,-2.6,91.0,1.0,12.8,3,3.362324,4.62,2025-10-04,Saturday,3,23
3.0,Saturday,15,27,12,urban,0.017496860928052988,-3.8,92.0,1.0,11.1,3,10.594797,21.49,2025-10-04,Saturday,3,23
3.0,Saturday,15,13,3,urban,0.036578704245651766,14.9,64.0,63.0,8.1,3,24.001681,7.84,2025-10-04,Saturday,3,23
3.0,Saturday,13,17,2,urban,0.02206134960433882,2.4,57.0,0.0,17.1,3,58.836925,30.7,2025-10-04,Saturday,3,23
3.0,Saturday,16,28,3,urban,0.0009648578165192389,8.1,99.0,0.0,19.1,3,28.787091,11.5,2025-10-04,Saturday,3,23
3.0,Saturday,21,8,1,urban,0.017368004389656244,-2.8,88.0,0.0,8.1,3,14.513019,6.43,2025-10-04,Saturday,3,23
3.0,Saturday,16,15,2,sub-urban,0.03924078489099392,-2.4,63.0,0.0,6.9,3,22.570305,10.85,2025-10-04,Saturday,3,23
3.0,Saturday,3,3,3,urban,0.04337784328456842,5.1,65.0,1.0,15.9,3,16.719884,16.54,2025-10-04,Saturday,3,23
3.0,Saturday,16,18,2,urban,0.033939040907100745,-3.0,70.0,0.0,15.9,3,24.712246,3.29,2025-10-04,Saturday,3,23
3.0,Saturday,18,8,2,urban,0.03353152783915454,2.6,76.0,1.0,7.6,3,17.199614,4.87,2025-10-04,Saturday,3,23
3.0,Saturday,4,15,12,urban,0.008754810928890194,4.3,91.0,0.0,23.5,3,5.618282,34.06,2025-10-04,Saturday,3,23
3.0,Saturday,18,6,1,urban,0.014508501151388187,0.4,89.0,0.0,23.8,3,15.836401,52.01,2025-10-04,Saturday,3,23
3.0,Saturday,14,8,4,urban,0.0160832124649995,2.0,80.0,0.0,10.8,3,64.311315,22.78,2025-10-04,Saturday,3,23
3.0,Saturday,11,25,1,urban,0.012685695542066014,-5.2,73.0,0.0,3.6,3,7.063787,2.03,2025-10-04,Saturday,3,23
3.0,Saturday,4,8,3,urban,0.012309107080698696,0.9,86.0,126.0,3.8,3,24.895622,9.12,2025-10-04,Saturday,3,23
3.0,Saturday,12,30,4,urban,0.03749590911888635,-1.6,98.0,0.0,15.4,3,18.972201,6.89,2025-10-04,Saturday,3,23
3.0,Saturday,9,31,1,urban,0.015581284482736456,2.6,93.0,1.0,12.1,3,8.360986,36.78,2025-10-04,Saturday,3,23
3.0,Saturday,16,25,2,urban,0.039672283978498965,-9.4,71.0,0.0,4.1,3,14.092365,22.79,2025-10-04,Saturday,3,23
3.0,Saturday,18,8,1,urban,0.011933585386636419,3.7,82.0,0.0,16.2,3,31.092603,9.32,2025-10-04,Saturday,3,23
3.0,Saturday,12,5,1,urban,0.03171348425001347,-3.5,62.0,1.0,4.8,3,23.434474,4.87,2025-10-11,Saturday,3,19
3.0,Saturday,15,2,1,urban,0.013579192539971115,4.1,98.0,2.0,3.6,3,36.990785,6.74,2025-10-11,Saturday,3,19
3.0,Saturday,4,15,12,urban,0.013095894930638497,-7.0,100.0,1.0,3.6,3,5.391204,15.3,2025-10-11,Saturday,3,19
3.0,Saturday,22,10,1,sub-urban,0.031700269484531855,-3.8,87.0,0.0,9.2,3,14.801554,6.77,2025-10-11,Saturday,3,19
3.0,Saturday,15,25,1,urban,0.015977992109437546,1.7,63.0,0.0,18.4,3,14.170171,20.92,2025-10-11,Saturday,3,19
3.0,Saturday,13,2,3,urban,0.011285139773773966,5.3,98.0,120.0,10.3,3,8.513282,11.17,2025-10-11,Saturday,3,19
3.0,Saturday,22,28,1,urban,0.03472600439984422,-4.2,88.0,0.0,19.6,3,2.0,13.81,2025-10-11,Saturday,3,19
3.0,Saturday,14,27,1,urban,0.013320565654198573,1.4,95.0,1.0,5.9,3,14.566076,6.75,2025-10-11,Saturday,3,19
3.0,Saturday,15,21,1,urban,0.011990932050197646,-6.1,94.0,1.0,10.8,3,3.990023,14.91,2025-10-11,Saturday,3,19
3.0,Saturday,3,3,2,urban,0.025289795511356725,-6.7,80.0,0.0,5.4,3,3.562701,17.07,2025-10-11,Saturday,3,19
3.0,Saturday,22,5,3,urban,0.03633174491696793,1.3,89.0,0.0,6.4,3,18.497712,6.48,2025-10-11,Saturday,3,19
3.0,Saturday,18,18,2,sub-urban,0.04411284873202559,-6.7,80.0,30.0,2.2,3,12.836932,7.61,2025-10-11,Saturday,3,19
3.0,Saturday,16,2,2,urban,0.034880141794026015,3.0,53.0,117.0,15.8,3,15.92082,14.76,2025-10-11,Saturday,3,19
3.0,Saturday,13,25,2,urban,0.02456331799522859,-0.7,75.0,0.0,6.9,3,22.940563,9.32,2025-10-11,Saturday,3,19
3.0,Saturday,16,22,2,urban,0.06331381659250736,1.9,78.0,56.0,9.5,3,14.099294,9.77,2025-10-11,Saturday,3,19
3.0,Saturday,17,24,1,urban,0.03289423685476371,-3.3,57.0,0.0,16.4,3,16.902687,50.61,2025-10-11,Saturday,3,19
3.0,Saturday,20,11,4,urban,0.02765938139487107,14.6,80.0,0.0,6.6,3,3.436912,7.77,2025-10-11,Saturday,3,19
3.0,Saturday,18,17,3,urban,0.017243247580904706,3.6,35.0,43.0,18.6,3,3.451712,27.51,2025-10-11,Saturday,3,19
3.0,Saturday,15,1,3,urban,0.02090972679682394,7.5,66.0,2.0,9.6,3,14.496203,6.43,2025-10-11,Saturday,3,19
3.0,Saturday,21,27,1,urban,0.04206378418519834,-0.4,80.0,1.0,6.9,3,2.678135,10.24,2025-10-18,Saturday,3,16
3.0,Saturday,20,15,1,urban,0.01228833052164976,-1.3,50.0,0.0,12.0,3,17.106462,8.07,2025-10-18,Saturday,3,16
3.0,Saturday,18,27,2,urban,0.01409961957687462,-3.6,98.0,76.0,17.3,3,18.393254,15.73,2025-10-18,Saturday,3,16
3.0,Saturday,11,26,2,urban,0.04053555385823042,2.2,69.0,1.0,11.9,3,35.362723,16.72,2025-10-18,Saturday,3,16
3.0,Saturday,21,5,1,urban,0.031453117220693855,-4.9,82.0,0.0,11.6,3,62.053487,19.96,2025-10-18,Saturday,3,16
3.0,Saturday,18,25,1,urban,0.01366633414898834,1.4,89.0,0.0,7.6,3,15.968771,7.82,2025-10-18,Saturday,3,16
3.0,Saturday,16,2,1,urban,0.053392269576405305,-3.8,88.0,2.0,23.1,3,15.244959,8.44,2025-10-18,Saturday,3,16
3.0,Saturday,15,15,1,urban,0.01387000740396231,16.3,99.0,16.0,5.6,3,93.685937,6.41,2025-10-18,Saturday,3,16
3.0,Saturday,12,15,1,urban,0.04937734490630597,-5.5,92.0,1.0,32.2,3,8.63403,24.93,2025-10-18,Saturday,3,16
3.0,Saturday,4,10,1,urban,0.015010272498225648,0.3,97.0,0.0,7.3,3,12.761748,49.71,2025-10-18,Saturday,3,16
3.0,Saturday,22,21,1,urban,0.019208168620935946,6.6,86.0,0.0,6.2,3,25.547331,7.64,2025-10-18,Saturday,3,16
3.0,Saturday,14,24,2,urban,0.027876303932544422,2.9,85.0,12.0,22.4,3,16.445577,8.36,2025-10-18,Saturday,3,16
3.0,Saturday,7,11,2,urban,0.05142585553238405,2.2,89.0,32.0,16.5,3,3.471211,9.23,2025-10-18,Saturday,3,16
3.0,Saturday,14,21,6,urban,0.014616116952230855,6.8,30.0,10.0,15.5,3,40.9608,5.47,2025-10-18,Saturday,3,16
3.0,Saturday,13,27,1,urban,0.03333444687971492,2.6,63.0,1.0,8.3,3,14.008426,9.84,2025-10-18,Saturday,3,16
3.0,Saturday,15,8,1,urban,0.02158049498624804,-0.7,76.0,22.0,12.2,3,4.409361,16.32,2025-10-18,Saturday,3,16
3.0,Saturday,10,26,2,urban,0.019865432495542297,-1.0,95.0,0.0,16.2,3,18.734149,4.71,2025-10-25,Saturday,3,22
3.0,Saturday,17,13,1,urban,0.011729543955353165,0.2,99.0,0.0,14.1,3,6.341767,8.4,2025-10-25,Saturday,3,22
3.0,Saturday,4,27,10,urban,0.003290285762240425,2.7,97.0,159.0,15.2,3,8.564029,8.78,2025-10-25,Saturday,3,22
3.0,Saturday,14,4,2,urban,0.016494835979475146,0.9,76.0,147.0,14.1,3,11.457785,13.94,2025-10-25,Saturday,3,22
3.0,Saturday,1,20,1,urban,0.00992830500286318,-5.4,74.0,0.0,13.3,3,2.0,17.88,2025-10-25,Saturday,3,22
3.0,Saturday,15,15,11,urban,0.006907492524284124,0.8,91.0,0.0,11.3,3,19.578472,7.76,2025-10-25,Saturday,3,22
3.0,Saturday,14,8,2,urban,0.02025429748144892,1.4,82.0,0.0,14.3,3,17.890958,25.04,2025-10-25,Saturday,3,22
3.0,Saturday,12,7,1,urban,0.05477428123593197,-4.6,87.0,29.0,5.0,3,9.992087,40.71,2025-10-25,Saturday,3,22
3.0,Saturday,17,3,3,urban,0.010956910026209207,-5.8,65.0,0.0,4.3,3,6.035486,29.07,2025-10-25,Saturday,3,22
3.0,Saturday,4,14,3,urban,0.008386363032836963,9.8,54.0,210.0,12.4,3,44.759667,31.64,2025-10-25,Saturday,3,22
3.0,Saturday,21,6,2,urban,0.0402521240098347,-8.0,82.0,22.0,18.2,3,18.509603,9.18,2025-10-25,Saturday,3,22
3.0,Saturday,18,25,2,urban,0.061008367016420165,1.3,79.0,0.0,6.6,3,2.353662,8.76,2025-10-25,Saturday,3,22
3.0,Saturday,13,21,3,urban,0.03375326965026197,1.3,93.0,0.0,11.3,3,13.68666,13.82,2025-10-25,Saturday,3,22
3.0,Saturday,18,12,3,urban,0.03337748186431007,2.1,64.0,0.0,18.8,3,3.013591,32.06,2025-10-25,Saturday,3,22
3.0,Saturday,18,23,12,urban,0.03937629808316593,8.0,84.0,123.0,8.3,3,17.542874,12.88,2025-10-25,Saturday,3,22
3.0,Saturday,16,28,12,urban,0.0018203247770256612,3.6,41.0,96.0,20.5,3,25.86609,30.81,2025-10-25,Saturday,3,22
3.0,Saturday,14,5,2,urban,0.019135140904719076,-8.0,100.0,1.0,5.6,3,9.196089,28.38,2025-10-25,Saturday,3,22
3.0,Saturday,1,5,2,urban,0.030070431463423163,-1.0,83.0,1.0,7.9,3,20.0553,9.05,2025-10-25,Saturday,3,22
3.0,Saturday,15,21,1,urban,0.026727236145735897,-5.3,82.0,0.0,16.2,3,14.842426,22.7,2025-10-25,Saturday,3,22
3.0,Saturday,11,11,1,urban,0.03883493496549774,0.6,87.0,0.0,9.0,3,25.417955,32.26,2025-10-25,Saturday,3,22
3.0,Saturday,23,7,1,urban,0.020098224162589558,-1.8,81.0,0.0,8.7,3,16.086686,11.2,2025-10-25,Saturday,3,22
3.0,Saturday,14,18,1,urban,0.011360773951091951,5.1,83.0,0.0,2.8,3,21.581905,8.22,2025-10-25,Saturday,3,22
3.0,Saturday,21,8,1,urban,0.03698390141429042,-4.2,78.0,0.0,9.3,3,3.166059,21.38,2025-11-01,Saturday,3,27
3.0,Saturday,18,8,1,urban,0.050162814695074755,1.1,97.0,0.0,8.3,3,17.59753,4.73,2025-11-01,Saturday,3,27
3.0,Saturday,22,24,1,urban,0.00682876191602751,14.0,82.0,162.0,15.2,3,6.6748,14.32,2025-11-01,Saturday,3,27
3.0,Saturday,16,17,1,urban,0.012796442872533205,-0.4,83.0,20.0,9.3,3,39.427875,12.63,2025-11-01,Saturday,3,27
3.0,Saturday,10,27,2,urban,0.03256097650105974,1.9,87.0,246.0,12.5,3,12.339671,31.6,2025-11-01,Saturday,3,27
3.0,Saturday,4,19,3,urban,0.00846118546073437,2.5,86.0,0.0,14.3,3,68.099934,4.81,2025-11-01,Saturday,3,27
3.0,Saturday,12,15,1,urban,0.03868046358358204,1.3,38.0,0.0,13.7,3,17.462348,11.54,2025-11-01,Saturday,3,27
3.0,Saturday,18,27,1,urban,0.018150471969909612,2.1,94.0,0.0,16.4,3,16.787319,7.3,2025-11-01,Saturday,3,27
3.0,Saturday,23,27,3,urban,0.03378246565524018,0.6,86.0,0.0,10.5,3,35.50536,6.97,2025-11-01,Saturday,3,27
3.0,Saturday,15,31,1,urban,0.020792038727018715,2.8,83.0,67.0,17.5,3,18.073509,8.54,2025-11-01,Saturday,3,27
3.0,Saturday,12,24,3,urban,0.020153385450762774,0.3,78.0,1.0,4.1,3,15.431553,7.18,2025-11-01,Saturday,3,27
3.0,Saturday,4,1,7,urban,0.007015150724583788,19.5,88.0,209.0,13.8,3,19.937039,6.22,2025-11-01,Saturday,3,27
3.0,Saturday,15,24,3,urban,0.0006494974280004209,8.5,89.0,195.0,18.4,3,81.094748,31.01,2025-11-01,Saturday,3,27
3.0,Saturday,11,2,1,sub-urban,0.034714062321997904,2.0,99.0,0.0,12.1,3,16.642794,14.1,2025-11-01,Saturday,3,27
3.0,Saturday,3,2,12,urban,0.005621079535937601,4.1,91.0,62.0,10.4,3,29.612822,36.39,2025-11-01,Saturday,3,27
3.0,Saturday,15,10,2,urban,0.06342388473441127,-9.1,85.0,0.0,5.2,3,26.351401,3.78,2025-11-01,Saturday,3,27
3.0,Saturday,22,29,1,sub-urban,0.02465948099162001,-3.5,84.0,0.0,13.8,3,37.979091,9.72,2025-11-01,Saturday,3,27
3.0,Saturday,15,29,1,urban,0.01488657209220506,-1.2,92.0,22.0,6.3,3,3.635446,15.19,2025-11-01,Saturday,3,27
3.0,Saturday,13,26,1,urban,0.05837448010649998,-6.6,86.0,2.0,6.3,3,2.277885,22.42,2025-11-01,Saturday,3,27
3.0,Saturday,21,29,1,urban,0.018551996351840155,1.6,57.0,0.0,20.6,3,24.900442,28.15,2025-11-01,Saturday,3,27
3.0,Saturday,12,15,2,urban,0.0430914518290672,-4.0,79.0,2.0,4.1,3,3.656939,6.54,2025-11-01,Saturday,3,27
3.0,Saturday,19,27,1,urban,0.04210136775714254,0.7,100.0,1.0,18.2,3,19.637252,13.21,2025-11-01,Saturday,3,27
3.0,Saturday,12,31,1,urban,0.006590898408047087,-1.9,90.0,76.0,11.2,3,23.173294,13.06,2025-11-01,Saturday,3,27
3.0,Saturday,15,6,3,urban,0.017429597062461104,-4.6,81.0,57.0,7.8,3,9.706993,3.98,2025-11-01,Saturday,3,27
3.0,Saturday,15,7,3,urban,0.016834065012282483,-5.0,83.0,1.0,7.7,3,20.325667,10.51,2025-11-01,Saturday,3,27
3.0,Saturday,14,29,4,urban,0.025429581381136497,3.9,92.0,0.0,7.9,3,12.56941,8.31,2025-11-01,Saturday,3,27
3.0,Saturday,19,26,3,urban,0.038005970900771895,0.2,65.0,0.0,7.9,3,15.866006,12.59,2025-11-01,Saturday,3,27
3.0,Saturday,15,28,2,urban,0.05479230951230886,0.4,56.0,0.0,3.6,3,30.349527,8.7,2025-11-08,Saturday,3,15
3.0,Saturday,18,20,12,urban,0.01720531530841475,-2.6,100.0,1.0,16.4,3,8.606462,10.53,2025-11-08,Saturday,3,15
3.0,Saturday,16,22,4,urban,0.01742728889070613,7.9,100.0,44.0,23.5,3,23.484594,9.38,2025-11-08,Saturday,3,15
3.0,Saturday,13,16,3,urban,0.04300870747798243,1.1,86.0,1.0,9.6,3,19.260111,6.51,2025-11-08,Saturday,3,15
3.0,Saturday,14,10,2,urban,0.023349426841293063,-7.3,98.0,1.0,5.7,3,2.778445,11.81,2025-11-08,Saturday,3,15
3.0,Saturday,23,16,3,urban,0.004078731590288281,5.7,99.0,2.0,9.8,3,6.569411,14.58,2025-11-08,Saturday,3,15
3.0,Saturday,15,25,3,urban,0.03226876166144967,7.8,83.0,78.0,4.1,3,3.415106,5.07,2025-11-08,Saturday,3,15
3.0,Saturday,15,17,1,urban,0.012308024964365663,-1.7,72.0,1.0,18.0,3,8.483546,8.71,2025-11-08,Saturday,3,15
3.0,Saturday,14,14,1,urban,0.04948014482910285,-0.2,64.0,0.0,6.5,3,18.030501,22.51,2025-11-08,Saturday,3,15
3.0,Saturday,18,11,1,urban,0.06431707580804383,2.3,81.0,75.0,9.4,3,2.0,8.85,2025-11-08,Saturday,3,15
3.0,Saturday,21,21,1,urban,0.01608520423657589,-11.5,65.0,0.0,22.7,3,7.381439,10.0,2025-11-08,Saturday,3,15
3.0,Saturday,6,3,11,urban,0.027398326788631938,0.3,91.0,0.0,7.4,3,2.0,28.32,2025-11-08,Saturday,3,15
3.0,Saturday,18,20,12,urban,0.03455526790287164,1.9,94.0,0.0,11.4,3,41.367523,24.25,2025-11-08,Saturday,3,15
3.0,Saturday,15,15,2,urban,0.042918369941871266,-2.0,76.0,0.0,12.5,3,4.754665,4.34,2025-11-08,Saturday,3,15
3.0,Saturday,16,2,2,urban,0.051869444857901625,-0.3,87.0,0.0,9.8,3,10.387132,16.96,2025-11-08,Saturday,3,15
3.0,Saturday,12,26,1,urban,0.02704663547237673,-11.3,70.0,2.0,14.3,3,14.708194,6.99,2025-11-15,Saturday,3,22
3.0,Saturday,14,14,3,urban,0.04060491737904902,7.5,78.0,54.0,7.6,3,4.247876,5.88,2025-11-15,Saturday,3,22
3.0,Saturday,15,18,2,urban,0.058409981270112196,-8.0,73.0,42.0,8.9,3,17.867471,9.75,2025-11-15,Saturday,3,22
3.0,Saturday,15,2,1,urban,0.05792026512518702,-4.9,69.0,2.0,17.6,3,20.335064,6.08,2025-11-15,Saturday,3,22
3.0,Saturday,23,24,1,urban,0.01076129835007647,-5.9,100.0,121.0,16.0,3,15.227893,14.97,2025-11-15,Saturday,3,22
3.0,Saturday,15,23,1,urban,0.03518865422321314,-7.1,74.0,0.0,6.3,3,4.09323,8.29,2025-11-15,Saturday,3,22
3.0,Saturday,16,15,3,urban,0.04775265494312187,-5.1,92.0,0.0,21.7,3,18.682507,12.71,2025-11-15,Saturday,3,22
3.0,Saturday,18,26,2,urban,0.036894203053408695,-2.8,85.0,0.0,7.0,3,20.980877,7.0,2025-11-15,Saturday,3,22
3.0,Saturday,14,6,1,urban,0.03306856241165788,1.2,63.0,39.0,11.9,3,13.326128,33.92,2025-11-15,Saturday,3,22
3.0,Saturday,12,7,2,urban,0.03520177550072305,3.8,95.0,269.0,6.1,3,2.669805,4.64,2025-11-15,Saturday,3,22
3.0,Saturday,13,5,1,urban,0.0112070394207603,0.2,87.0,154.0,20.9,3,2.0,12.71,2025-11-15,Saturday,3,22
3.0,Saturday,15,15,5,urban,0.01916054331300676,6.3,94.0,0.0,9.4,3,15.735892,4.46,2025-11-15,Saturday,3,22
3.0,Saturday,3,2,1,urban,0.011501701266088975,2.7,47.0,20.0,7.3,3,8.104562,12.82,2025-11-15,Saturday,3,22
3.0,Saturday,15,5,3,urban,0.013716829146269923,2.7,74.0,0.0,6.7,3,23.884418,14.04,2025-11-15,Saturday,3,22
3.0,Saturday,18,13,2,urban,0.02423458609680535,-11.7,80.0,1.0,6.9,3,61.775301,21.61,2025-11-15,Saturday,3,22
3.0,Saturday,18,26,1,sub-urban,0.04090291131148374,-0.1,81.0,0.0,8.4,3,39.546815,11.67,2025-11-15,Saturday,3,22
3.0,Saturday,17,12,1,urban,0.03512846401457981,6.2,65.0,257.0,4.7,3,20.814545,11.4,2025-11-15,Saturday,3,22
3.0,Saturday,23,4,3,urban,0.0109322934261201,1.2,91.0,195.0,12.7,3,18.473198,28.95,2025-11-15,Saturday,3,22
3.0,Saturday,15,20,2,urban,0.0351973739439057,-5.3,82.0,0.0,2.0,3,3.577255,10.86,2025-11-15,Saturday,3,22
3.0,Saturday,15,17,11,urban,0.031457549582521754,-2.1,94.0,54.0,5.9,3,19.966978,4.3,2025-11-15,Saturday,3,22
3.0,Saturday,22,24,1,urban,0.013271077660630431,-5.1,99.0,0.0,11.9,3,5.648567,15.65,2025-11-15,Saturday,3,22
3.0,Saturday,13,27,12,urban,0.017773147394291425,7.3,56.0,0.0,21.4,3,39.478884,5.61,2025-11-15,Saturday,3,22
3.0,Saturday,14,8,1,urban,0.010596468977088082,5.5,93.0,0.0,7.3,3,15.14961,28.42,2025-11-22,Saturday,3,18
3.0,Saturday,16,24,1,urban,0.01797411826932474,2.1,33.0,0.0,18.2,3,39.617367,6.82,2025-11-22,Saturday,3,18
3.0,Saturday,14,10,1,urban,0.05800578822551768,1.1,62.0,0.0,6.0,3,22.732155,3.37,2025-11-22,Saturday,3,18
3.0,Saturday,3,6,3,urban,0.0035280122678997055,2.5,90.0,0.0,19.1,3,12.041082,3.27,2025-11-22,Saturday,3,18
3.0,Saturday,18,20,1,urban,0.01489931613642604,1.3,92.0,0.0,11.1,3,9.497519,25.42,2025-11-22,Saturday,3,18
3.0,Saturday,1,15,12,urban,0.0038672358531152075,7.4,95.0,0.0,7.7,3,18.140168,7.39,2025-11-22,Saturday,3,18
3.0,Saturday,21,20,1,urban,0.03525482226791429,-3.4,95.0,15.0,8.4,3,14.38251,8.31,2025-11-22,Saturday,3,18
3.0,Saturday,17,2,1,urban,0.011564165952747662,-1.8,75.0,220.0,2.9,3,18.288552,2.66,2025-11-22,Saturday,3,18
3.0,Saturday,14,13,4,urban,0.015390894775318978,1.8,55.0,217.0,7.0,3,18.926376,27.24,2025-11-22,Saturday,3,18
3.0,Saturday,16,21,1,urban,0.01162719026257826,2.6,74.0,0.0,5.8,3,2.970432,12.27,2025-11-22,Saturday,3,18
3.0,Saturday,8,2,5,urban,0.003676960287002649,7.3,88.0,0.0,14.3,3,95.291023,6.34,2025-11-22,Saturday,3,18
3.0,Saturday,18,31,12,urban,0.03266291866399831,-1.2,71.0,2.0,18.4,3,5.450882,11.09,2025-11-22,Saturday,3,18
3.0,Saturday,16,28,1,sub-urban,0.03697291561178133,0.5,74.0,0.0,20.4,3,20.096815,48.87,2025-11-22,Saturday,3,18
3.0,Saturday,9,5,3,urban,0.008424634779294496,-4.7,71.0,146.0,15.4,3,3.02436,10.07,2025-11-22,Saturday,3,18
3.0,Saturday,15,10,1,urban,0.02102497441722409,-5.8,91.0,2.0,5.8,3,2.67009,8.5,2025-11-22,Saturday,3,18
3.0,Saturday,12,21,1,urban,0.018029478403866848,0.7,81.0,1.0,2.2,3,3.281597,5.12,2025-11-22,Saturday,3,18
3.0,Saturday,10,2,7,urban,0.003475855647035562,14.4,52.0,380.0,12.3,3,21.238708,5.09,2025-11-22,Saturday,3,18
3.0,Saturday,17,16,3,urban,0.039780216371597094,-1.0,66.0,58.0,6.1,3,3.9043,16.26,2025-11-22,Saturday,3,18
3.0,Saturday,3,23,2,urban,0.02608022746122424,0.9,53.0,1.0,14.1,3,3.551512,4.4,2025-11-29,Saturday,3,21
3.0,Saturday,18,15,3,urban,0.02709715548687023,-10.0,95.0,211.0,11.3,3,3.4799,12.94,2025-11-29,Saturday,3,21
3.0,Saturday,16,10,1,urban,0.013096901222268049,-1.7,71.0,0.0,10.2,3,87.267631,6.58,2025-11-29,Saturday,3,21
3.0,Saturday,21,8,1,urban,0.018279188219536783,-1.7,85.0,0.0,4.0,3,11.687394,7.84,2025-11-29,Saturday,3,21
3.0,Saturday,22,27,1,urban,0.014903540819829517,3.5,94.0,0.0,16.8,3,28.32606,17.24,2025-11-29,Saturday,3,21
3.0,Saturday,12,24,3,urban,0.01752511032431234,-2.5,79.0,169.0,10.3,3,3.145316,8.12,2025-11-29,Saturday,3,21
3.0,Saturday,14,4,12,urban,0.0030238216567955003,-7.3,95.0,2.0,6.4,3,33.564126,7.8,2025-11-29,Saturday,3,21
3.0,Saturday,16,15,3,urban,0.0371777898453451,2.4,64.0,188.0,10.2,3,28.622283,8.21,2025-11-29,Saturday,3,21
3.0,Saturday,18,18,2,urban,0.019337898844344094,3.2,95.0,0.0,13.8,3,17.764296,23.28,2025-11-29,Saturday,3,21
3.0,Saturday,8,7,12,urban,0.019385030628906962,-6.8,93.0,1.0,21.0,3,5.042535,4.98,2025-11-29,Saturday,3,21
3.0,Saturday,14,8,3,urban,0.0032155848383758215,4.8,95.0,319.0,13.1,3,20.131998,11.68,2025-11-29,Saturday,3,21
3.0,Saturday,22,6,1,urban,0.01869632138818259,2.8,89.0,0.0,8.3,3,17.758361,17.53,2025-11-29,Saturday,3,21
3.0,Saturday,14,15,12,urban,0.0007908039246132411,3.3,77.0,21.0,4.5,3,21.952137,4.6,2025-11-29,Saturday,3,21
3.0,Saturday,9,13,3,urban,0.016735689609296354,-0.4,87.0,2.0,3.2,3,14.992414,8.6,2025-11-29,Saturday,3,21
3.0,Saturday,16,21,3,urban,0.01819572196683208,-3.0,63.0,0.0,6.2,3,15.744972,1.91,2025-11-29,Saturday,3,21
3.0,Saturday,16,23,3,urban,0.03415839552366773,-3.3,61.0,328.0,13.0,3,25.149908,7.08,2025-11-29,Saturday,3,21
3.0,Saturday,14,24,3,urban,0.01382660011245734,-0.6,86.0,0.0,7.5,3,15.563578,10.72,2025-11-29,Saturday,3,21
3.0,Saturday,21,3,1,urban,0.0068629741386738476,-6.6,84.0,1.0,5.4,3,13.704661,9.58,2025-11-29,Saturday,3,21
3.0,Saturday,5,24,2,urban,0.03260901289558513,-10.6,88.0,195.0,5.8,3,16.675125,15.83,2025-11-29,Saturday,3,21
3.0,Saturday,18,15,1,urban,0.05464231326357788,-1.6,84.0,0.0,5.7,3,4.455311,8.95,2025-11-29,Saturday,3,21
3.0,Saturday,22,16,12,urban,0.0157399970889902,7.6,91.0,1.0,12.9,3,13.267416,8.06,2025-11-29,Saturday,3,21
3.0,Saturday,15,29,12,urban,0.042563129170691286,-1.8,91.0,1.0,8.9,3,3.684572,34.22,2025-12-06,Saturday,3,20
3.0,Saturday,11,15,12,urban,0.012037821117215838,-1.8,91.0,1.0,6.9,3,22.558367,54.7,2025-12-06,Saturday,3,20
3.0,Saturday,18,23,2,urban,0.020136420937142914,-3.3,87.0,0.0,4.7,3,5.721298,22.66,2025-12-06,Saturday,3,20
3.0,Saturday,20,2,3,urban,0.0287079458061106,0.4,55.0,20.0,13.7,3,10.370961,7.45,2025-12-06,Saturday,3,20
3.0,Saturday,4,25,3,urban,0.03653907676908754,-1.1,99.0,1.0,6.3,3,16.514016,29.68,2025-12-06,Saturday,3,20
3.0,Saturday,14,27,9,sub-urban,0.0009855794851980925,8.4,100.0,52.0,10.4,3,10.472147,14.92,2025-12-06,Saturday,3,20
3.0,Saturday,13,6,1,sub-urban,0.015473993976719013,3.6,98.0,135.0,10.8,3,2.415032,8.64,2025-12-06,Saturday,3,20
3.0,Saturday,7,7,4,urban,0.04054996454622364,-2.9,95.0,0.0,5.9,3,13.39466,11.01,2025-12-06,Saturday,3,20
3.0,Saturday,16,7,3,urban,0.0022965970588118764,3.9,97.0,1.0,15.4,3,12.837827,21.22,2025-12-06,Saturday,3,20
3.0,Saturday,15,30,1,urban,0.018352308386651275,0.5,62.0,52.0,4.3,3,3.049304,15.53,2025-12-06,Saturday,3,20
3.0,Saturday,23,8,2,urban,0.019302879810211927,-1.0,84.0,0.0,5.2,3,12.263568,7.84,2025-12-06,Saturday,3,20
3.0,Saturday,3,25,2,urban,0.03511419473566042,-1.9,70.0,0.0,11.2,3,21.013923,8.47,2025-12-06,Saturday,3,20
3.0,Saturday,17,13,1,urban,0.014854507438039621,-4.0,93.0,0.0,5.7,3,48.081132,6.88,2025-12-06,Saturday,3,20
3.0,Saturday,23,4,2,urban,0.032501084983146446,-0.2,86.0,93.0,10.7,3,16.142216,10.69,2025-12-06,Saturday,3,20
3.0,Saturday,20,24,1,sub-urban,0.005246808260804963,1.6,99.0,0.0,6.2,3,13.203073,3.33,2025-12-06,Saturday,3,20
3.0,Saturday,22,27,12,urban,0.02549105273488008,0.4,89.0,0.0,8.9,3,4.726223,28.47,2025-12-06,Saturday,3,20
3.0,Saturday,14,23,3,urban,0.0007847519002875227,19.0,58.0,107.0,21.1,3,2.829097,13.34,2025-12-06,Saturday,3,20
3.0,Saturday,18,8,2,urban,0.020825965978598586,2.1,81.0,75.0,10.9,3,43.385086,2.92,2025-12-06,Saturday,3,20
3.0,Saturday,20,8,2,urban,0.04038075648909116,0.0,71.0,0.0,28.5,3,11.471839,6.89,2025-12-06,Saturday,3,20
3.0,Saturday,15,27,1,urban,0.0005058365123934453,4.1,85.0,1.0,3.3,3,15.853954,17.21,2025-12-06,Saturday,3,20
3.0,Saturday,10,19,3,urban,0.04192578539217954,2.1,88.0,167.0,6.4,3,2.0,15.38,2025-12-13,Saturday,3,16
3.0,Saturday,17,15,2,urban,0.039740423307288664,1.6,74.0,23.0,6.0,3,13.85998,6.85,2025-12-13,Saturday,3,16
3.0,Saturday,21,31,1,urban,0.010443180351056616,3.1,99.0,0.0,11.6,3,15.948492,14.96,2025-12-13,Saturday,3,16
3.0,Saturday,18,6,1,urban,0.022728702707081508,-4.7,83.0,254.0,17.9,3,19.28325,3.66,2025-12-13,Saturday,3,16
3.0,Saturday,19,2,3,urban,0.04666446619543817,1.4,98.0,363.0,16.9,3,13.16424,6.79,2025-12-13,Saturday,3,16
3.0,Saturday,9,29,2,urban,0.04502778045793339,-1.7,75.0,0.0,2.3,3,14.30393,33.4,2025-12-13,Saturday,3,16
3.0,Saturday,13,26,3,urban,0.03646302638561963,-0.2,93.0,1.0,9.4,3,12.992003,10.01,2025-12-13,Saturday,3,16
3.0,Saturday,3,1,12,urban,0.014338379777852194,3.4,67.0,91.0,17.5,3,22.051394,8.22,2025-12-13,Saturday,3,16
3.0,Saturday,13,29,3,urban,0.02166826546619384,9.0,94.0,18.0,14.2,3,12.147258,8.43,2025-12-13,Saturday,3,16
3.0,Saturday,18,8,1,urban,0.01172648493130781,-1.7,66.0,17.0,6.5,3,14.070784,34.41,2025-12-13,Saturday,3,16
3.0,Saturday,18,28,12,urban,0.011253886657102741,1.8,98.0,0.0,8.6,3,14.642651,29.65,2025-12-13,Saturday,3,16
3.0,Saturday,13,24,2,urban,0.020971865956706078,0.5,64.0,0.0,1.8,3,9.564772,6.13,2025-12-13,Saturday,3,16
3.0,Saturday,2,21,12,urban,0.010947170110958216,2.3,66.0,2.0,6.3,3,4.383077,57.45,2025-12-13,Saturday,3,16
3.0,Saturday,12,15,3,urban,0.017520695903761513,-6.2,41.0,444.0,3.6,3,2.903101,25.53,2025-12-13,Saturday,3,16
3.0,Saturday,13,28,1,urban,0.03724591579803129,-1.2,74.0,263.0,16.0,3,2.274933,15.57,2025-12-13,Saturday,3,16
3.0,Saturday,14,8,1,urban,0.03515533798149191,2.4,92.0,210.0,14.3,3,21.528196,11.52,2025-12-13,Saturday,3,16
3.0,Saturday,1,8,2,urban,0.018733008564118067,-3.4,99.0,0.0,9.9,3,2.216101,12.43,2025-12-20,Saturday,3,15
3.0,Saturday,4,31,3,urban,0.04094137392739479,0.9,81.0,0.0,14.9,3,2.0,8.17,2025-12-20,Saturday,3,15
3.0,Saturday,18,30,1,urban,0.029690764091592603,8.2,91.0,0.0,4.8,3,17.801455,3.05,2025-12-20,Saturday,3,15
3.0,Saturday,13,28,1,urban,0.04698716022000077,-6.6,91.0,1.0,15.4,3,3.274955,37.16,2025-12-20,Saturday,3,15
3.0,Saturday,16,18,2,urban,0.01596321016971492,-9.3,68.0,0.0,2.8,3,10.289453,55.71,2025-12-20,Saturday,3,15
3.0,Saturday,17,8,1,urban,0.032321820690696494,1.3,84.0,0.0,11.5,3,16.060965,45.59,2025-12-20,Saturday,3,15
3.0,Saturday,14,4,1,urban,0.01583750837698929,-2.3,71.0,181.0,19.1,3,14.585965,6.56,2025-12-20,Saturday,3,15
3.0,Saturday,17,6,1,urban,0.017290450316240873,-0.7,87.0,0.0,36.7,3,23.211991,23.91,2025-12-20,Saturday,3,15
3.0,Saturday,1,27,7,urban,0.04409032679489419,20.6,87.0,0.0,3.2,3,19.840735,7.48,2025-12-20,Saturday,3,15
3.0,Saturday,3,12,3,urban,0.012669646759952378,3.1,93.0,0.0,19.2,3,65.633229,11.21,2025-12-20,Saturday,3,15
3.0,Saturday,12,7,3,urban,0.019903716852046255,-2.4,98.0,49.0,14.0,3,8.414792,13.36,2025-12-20,Saturday,3,15
3.0,Saturday,11,5,3,urban,0.022983296381619507,22.1,55.0,225.0,3.5,3,14.757859,16.72,2025-12-20,Saturday,3,15
3.0,Saturday,3,18,12,urban,0.0021654133195051083,-0.0,90.0,155.0,5.4,3,67.728262,13.85,2025-12-20,Saturday,3,15
3.0,Saturday,23,30,9,urban,0.013638725196978884,3.6,100.0,1.0,11.1,3,18.161253,20.12,2025-12-20,Saturday,3,15
3.0,Saturday,3,31,1,urban,0.030641218280552964,4.6,96.0,2.0,6.4,3,16.75616,8.21,2025-12-20,Saturday,3,15
3.0,Sunday,4,2,12,urban,0.031288815785621635,3.7,95.0,1.0,11.6,3,11.475109,15.54,2025-09-28,Sunday,3,24
3.0,Sunday,21,21,12,urban,0.018004644869093738,2.7,91.0,0.0,5.1,3,12.509746,11.74,2025-09-28,Sunday,3,24
3.0,Sunday,17,29,1,urban,0.03021443706435408,-1.4,96.0,0.0,12.4,3,22.435842,32.52,2025-09-28,Sunday,3,24
3.0,Sunday,4,9,2,urban,0.028339605180060512,1.6,87.0,0.0,10.4,3,21.524691,9.09,2025-09-28,Sunday,3,24
3.0,Sunday,21,26,2,urban,0.02486627194739667,-5.0,82.0,20.0,15.3,3,13.384628,8.84,2025-09-28,Sunday,3,24
3.0,Sunday,18,17,6,urban,0.008598889415703357,6.1,85.0,293.0,14.2,3,44.518842,11.72,2025-09-28,Sunday,3,24
3.0,Sunday,5,5,4,urban,0.011210123528355091,-0.7,55.0,372.0,16.2,3,41.370277,62.66,2025-09-28,Sunday,3,24
3.0,Sunday,20,8,1,urban,0.03078916858355764,0.8,63.0,0.0,9.5,3,6.50491,6.82,2025-09-28,Sunday,3,24
3.0,Sunday,18,23,1,urban,0.019372082434322015,4.1,53.0,13.0,17.6,3,16.596623,6.24,2025-09-28,Sunday,3,24
3.0,Sunday,19,11,3,urban,0.005124805025137808,1.4,94.0,0.0,29.8,3,21.640404,11.41,2025-09-28,Sunday,3,24
3.0,Sunday,13,23,3,urban,0.02844993794943898,4.0,63.0,11.0,9.7,3,24.602648,11.84,2025-09-28,Sunday,3,24
3.0,Sunday,9,17,1,urban,0.02162482283946459,-3.7,86.0,1.0,11.3,3,19.227475,36.61,2025-09-28,Sunday,3,24
3.0,Sunday,12,6,1,urban,0.019210533546418846,-3.9,72.0,71.0,3.6,3,4.126455,7.89,2025-09-28,Sunday,3,24
3.0,Sunday,17,11,9,urban,0.010903945264330667,1.7,91.0,1.0,3.6,3,71.878399,6.44,2025-09-28,Sunday,3,24
3.0,Sunday,14,24,2,urban,0.028194282728820862,-8.0,87.0,0.0,16.6,3,9.971225,10.24,2025-09-28,Sunday,3,24
3.0,Sunday,16,1,3,urban,0.03382227317614199,0.6,68.0,1.0,3.8,3,65.067656,9.56,2025-09-28,Sunday,3,24
3.0,Sunday,20,16,1,urban,0.021455542318513383,1.6,88.0,0.0,7.2,3,9.063058,7.63,2025-09-28,Sunday,3,24
3.0,Sunday,18,6,1,urban,0.014204565201293488,0.8,65.0,21.0,18.3,3,3.536429,6.8,2025-09-28,Sunday,3,24
3.0,Sunday,18,20,2,urban,0.040250364960096756,-6.9,86.0,24.0,5.7,3,2.629648,7.25,2025-09-28,Sunday,3,24
3.0,Sunday,21,31,1,urban,0.014389841600126504,0.3,86.0,1.0,18.6,3,79.804132,26.99,2025-09-28,Sunday,3,24
3.0,Sunday,19,29,1,urban,0.035854449233844746,-2.5,64.0,265.0,3.4,3,10.567011,16.16,2025-09-28,Sunday,3,24
3.0,Sunday,17,17,1,urban,0.009816129113289362,2.1,88.0,1.0,8.4,3,8.609988,9.56,2025-09-28,Sunday,3,24
3.0,Sunday,18,8,2,urban,0.046868106112195246,-12.0,86.0,1.0,8.3,3,2.188224,15.29,2025-09-28,Sunday,3,24
3.0,Sunday,11,26,3,urban,0.02085990868905252,25.5,68.0,0.0,1.9,3,22.521689,13.62,2025-09-28,Sunday,3,24
3.0,Sunday,12,2,1,urban,0.04622257648740532,-1.3,43.0,0.0,8.8,3,12.557934,26.32,2025-10-05,Sunday,3,21
3.0,Sunday,21,22,2,urban,0.016928803237591217,7.0,91.0,0.0,7.2,3,13.120066,7.55,2025-10-05,Sunday,3,21
3.0,Sunday,21,31,3,urban,0.017784361848406684,8.7,93.0,0.0,20.6,3,9.161055,11.9,2025-10-05,Sunday,3,21
3.0,Sunday,17,22,1,urban,0.04183386706200838,0.9,92.0,0.0,15.5,3,13.110323,61.43,2025-10-05,Sunday,3,21
3.0,Sunday,14,3,1,urban,0.058019527921937535,-2.4,78.0,0.0,6.6,3,23.410883,8.71,2025-10-05,Sunday,3,21
3.0,Sunday,16,10,2,urban,0.054992047868024044,-5.5,71.0,0.0,10.3,3,22.722658,9.69,2025-10-05,Sunday,3,21
3.0,Sunday,3,15,12,urban,0.009217104664876538,-3.5,86.0,0.0,9.4,3,2.0,9.63,2025-10-05,Sunday,3,21
3.0,Sunday,22,14,1,urban,0.055075845160950626,4.3,70.0,27.0,6.1,3,21.233987,3.72,2025-10-05,Sunday,3,21
3.0,Sunday,10,27,12,urban,0.03208676936610372,6.2,53.0,1.0,14.6,3,57.3125,46.99,2025-10-05,Sunday,3,21
3.0,Sunday,14,9,3,urban,0.0023625553767814265,5.6,38.0,322.0,2.3,3,86.802395,22.05,2025-10-05,Sunday,3,21
3.0,Sunday,15,4,1,urban,0.009983946110757806,-2.5,91.0,139.0,12.9,3,2.964859,28.22,2025-10-05,Sunday,3,21
3.0,Sunday,11,10,3,urban,0.0004323250587186453,8.3,98.0,204.0,35.1,3,17.567658,8.97,2025-10-05,Sunday,3,21
3.0,Sunday,23,29,1,urban,0.02500017862397968,-0.5,91.0,12.0,16.9,3,3.248373,7.5,2025-10-05,Sunday,3,21
3.0,Sunday,13,8,3,urban,0.023307726879579285,1.6,80.0,0.0,11.0,3,18.383723,6.0,2025-10-05,Sunday,3,21
3.0,Sunday,14,8,12,urban,0.008865137065770237,2.0,99.0,0.0,8.1,3,9.304608,28.11,2025-10-05,Sunday,3,21
3.0,Sunday,14,27,2,urban,0.050513238533469694,-7.9,95.0,0.0,18.1,3,33.661916,9.88,2025-10-05,Sunday,3,21
3.0,Sunday,4,30,1,urban,0.012319440138428237,9.6,60.0,135.0,5.8,3,3.902995,4.17,2025-10-05,Sunday,3,21
3.0,Sunday,4,31,1,urban,0.010797686299604528,-0.6,63.0,11.0,11.2,3,65.274741,8.86,2025-10-05,Sunday,3,21
3.0,Sunday,3,27,12,urban,0.0012553355866398576,6.5,93.0,0.0,6.0,3,12.541743,12.7,2025-10-05,Sunday,3,21
3.0,Sunday,10,27,11,urban,-0.0002854191873591268,4.6,37.0,302.0,3.2,3,9.276819,26.82,2025-10-05,Sunday,3,21
3.0,Sunday,21,11,6,urban,0.01393490638016944,5.0,68.0,200.0,13.9,3,12.132627,40.19,2025-10-05,Sunday,3,21
3.0,Sunday,22,3,1,urban,0.018170574499823094,4.4,93.0,0.0,4.8,3,10.332803,14.01,2025-10-12,Sunday,3,18
3.0,Sunday,17,25,2,urban,0.040743770758254486,-9.7,80.0,65.0,4.9,3,10.24596,8.91,2025-10-12,Sunday,3,18
3.0,Sunday,4,23,1,urban,0.028345667837603485,-2.3,68.0,0.0,7.4,3,16.978156,10.15,2025-10-12,Sunday,3,18
3.0,Sunday,16,4,1,urban,0.002178246238889774,5.8,62.0,169.0,13.7,3,31.005737,7.82,2025-10-12,Sunday,3,18
3.0,Sunday,23,29,1,urban,0.007644268169905847,-0.1,90.0,0.0,10.1,3,18.469982,34.33,2025-10-12,Sunday,3,18
3.0,Sunday,21,7,1,urban,0.00895538330218736,2.6,67.0,0.0,15.5,3,2.567774,7.66,2025-10-12,Sunday,3,18
3.0,Sunday,8,16,1,urban,0.025639191743845803,2.0,92.0,0.0,4.6,3,2.025483,11.99,2025-10-12,Sunday,3,18
3.0,Sunday,3,4,2,urban,0.0032212535788073027,5.5,91.0,110.0,11.5,3,8.518624,9.9,2025-10-12,Sunday,3,18
3.0,Sunday,3,18,3,urban,0.0024230961155249577,6.7,39.0,62.0,5.8,3,57.848103,9.96,2025-10-12,Sunday,3,18
3.0,Sunday,18,3,2,urban,0.010024260289995084,-6.6,45.0,0.0,4.8,3,13.196231,8.55,2025-10-12,Sunday,3,18
3.0,Sunday,18,19,11,urban,0.0111888915189805,-3.8,86.0,1.0,7.4,3,28.908141,28.05,2025-10-12,Sunday,3,18
3.0,Sunday,17,21,3,urban,0.0006161538336490312,-3.1,55.0,0.0,6.5,3,7.519011,20.88,2025-10-12,Sunday,3,18
3.0,Sunday,10,31,2,urban,0.05735308581040939,-0.6,78.0,275.0,6.5,3,43.733192,4.66,2025-10-12,Sunday,3,18
3.0,Sunday,5,7,1,urban,0.04535394214669168,10.1,80.0,278.0,11.5,3,3.90428,6.21,2025-10-12,Sunday,3,18
3.0,Sunday,14,21,2,urban,0.05997991544809092,-2.6,69.0,0.0,8.0,3,18.850369,7.03,2025-10-12,Sunday,3,18
3.0,Sunday,17,12,1,urban,0.03639906285897241,16.4,72.0,0.0,6.0,3,10.085782,60.67,2025-10-12,Sunday,3,18
3.0,Sunday,7,13,1,urban,0.027993258589567194,2.0,83.0,0.0,15.8,3,12.91189,51.89,2025-10-12,Sunday,3,18
3.0,Sunday,12,19,1,urban,0.023746332373842063,-0.2,83.0,0.0,6.0,3,16.024354,2.62,2025-10-12,Sunday,3,18
3.0,Sunday,15,2,5,urban,0.03859581676733864,24.7,60.0,383.0,3.0,3,63.034156,5.1,2025-10-19,Sunday,3,18
3.0,Sunday,13,17,1,sub-urban,0.056842523824203406,0.0,86.0,1.0,6.1,3,13.657003,8.63,2025-10-19,Sunday,3,18
3.0,Sunday,18,10,2,urban,0.004171843056247484,5.3,81.0,0.0,14.8,3,12.585647,8.99,2025-10-19,Sunday,3,18
3.0,Sunday,12,8,2,urban,0.03941337849280653,3.9,70.0,46.0,13.0,3,15.138337,7.91,2025-10-19,Sunday,3,18
3.0,Sunday,18,1,11,urban,0.009910102058606698,0.8,57.0,0.0,16.6,3,23.914813,8.42,2025-10-19,Sunday,3,18
3.0,Sunday,15,14,3,urban,0.04323360918365626,-0.7,70.0,138.0,5.1,3,16.309908,15.12,2025-10-19,Sunday,3,18
3.0,Sunday,13,25,1,urban,0.011587832808485814,1.1,92.0,0.0,9.2,3,42.490938,10.5,2025-10-19,Sunday,3,18
3.0,Sunday,13,27,12,urban,0.025101102458385767,2.1,91.0,0.0,5.5,3,3.071165,7.27,2025-10-19,Sunday,3,18
3.0,Sunday,19,2,1,urban,0.01906115090147955,8.1,65.0,22.0,15.6,3,2.924266,11.44,2025-10-19,Sunday,3,18
3.0,Sunday,16,26,1,urban,0.01702321624550374,-6.2,100.0,7.0,19.4,3,11.978592,8.58,2025-10-19,Sunday,3,18
3.0,Sunday,5,15,3,urban,0.010523822067875822,2.6,73.0,0.0,17.2,3,13.836423,9.14,2025-10-19,Sunday,3,18
3.0,Sunday,12,21,1,urban,0.0054058398544326695,-0.8,82.0,124.0,31.3,3,5.720961,9.13,2025-10-19,Sunday,3,18
3.0,Sunday,18,8,2,urban,0.032576807381215454,-3.2,83.0,3.0,14.3,3,16.121623,11.38,2025-10-19,Sunday,3,18
3.0,Sunday,9,8,1,urban,0.015962645518809035,-3.2,52.0,0.0,12.0,3,11.801465,32.1,2025-10-19,Sunday,3,18
3.0,Sunday,21,8,3,urban,0.029685402938212792,-6.1,98.0,0.0,4.5,3,11.04247,7.91,2025-10-19,Sunday,3,18
3.0,Sunday,15,5,4,urban,0.005280296564600039,7.3,91.0,16.0,20.9,3,45.793427,38.04,2025-10-19,Sunday,3,18
3.0,Sunday,10,8,3,urban,0.014085462300833386,-0.4,84.0,92.0,4.3,3,3.614256,23.99,2025-10-19,Sunday,3,18
3.0,Sunday,3,15,2,urban,0.01696321589353232,0.3,97.0,0.0,3.6,3,15.387846,8.97,2025-10-19,Sunday,3,18
3.0,Sunday,17,11,1,urban,0.055882301558334055,5.6,67.0,119.0,20.5,3,26.809388,8.16,2025-10-26,Sunday,3,15
3.0,Sunday,6,3,8,urban,0.025384656388310382,4.9,95.0,69.0,12.3,3,13.001389,8.4,2025-10-26,Sunday,3,15
3.0,Sunday,10,8,1,urban,0.009444620253919497,7.7,89.0,0.0,9.2,3,18.130552,8.21,2025-10-26,Sunday,3,15
3.0,Sunday,15,15,1,urban,0.01423781041151329,2.8,94.0,1.0,8.5,3,21.7689,7.61,2025-10-26,Sunday,3,15
3.0,Sunday,8,8,12,urban,0.0005157563277855765,3.5,99.0,0.0,7.8,3,11.183109,6.97,2025-10-26,Sunday,3,15
3.0,Sunday,14,8,3,urban,0.014948603393539178,1.0,58.0,28.0,1.5,3,4.281387,9.8,2025-10-26,Sunday,3,15
3.0,Sunday,3,25,2,urban,0.050102082967998576,-0.9,81.0,152.0,7.9,3,50.198789,7.13,2025-10-26,Sunday,3,15
3.0,Sunday,18,23,2,urban,0.056071387227492796,2.5,80.0,0.0,10.4,3,23.095666,7.0,2025-10-26,Sunday,3,15
3.0,Sunday,14,25,2,urban,0.027277714287685703,-4.7,90.0,1.0,5.5,3,12.774446,5.81,2025-10-26,Sunday,3,15
3.0,Sunday,21,29,2,urban,0.019801068271932877,-2.2,66.0,0.0,5.2,3,16.470878,25.64,2025-10-26,Sunday,3,15
3.0,Sunday,12,8,7,urban,0.017561882104633542,13.7,45.0,273.0,13.1,3,27.877196,6.61,2025-10-26,Sunday,3,15
3.0,Sunday,8,16,1,urban,0.014861827540053229,4.8,95.0,0.0,8.8,3,22.14793,19.46,2025-10-26,Sunday,3,15
3.0,Sunday,22,21,1,urban,0.01717533114937985,-3.4,85.0,1.0,5.8,3,4.637296,11.77,2025-10-26,Sunday,3,15
3.0,Sunday,20,21,2,urban,0.042560526373746355,-0.0,59.0,354.0,5.0,3,14.006776,7.79,2025-10-26,Sunday,3,15
3.0,Sunday,12,18,3,urban,0.03682041625768791,2.0,100.0,0.0,12.0,3,22.223081,16.67,2025-10-26,Sunday,3,15
3.0,Sunday,18,29,2,urban,0.0527845945535869,-7.5,87.0,1.0,14.8,3,17.192521,16.39,2025-11-02,Sunday,3,19
3.0,Sunday,21,24,1,urban,0.02852754708859001,-2.9,84.0,0.0,14.2,3,18.215834,28.04,2025-11-02,Sunday,3,19
3.0,Sunday,3,12,2,urban,0.06470486156660601,-4.5,98.0,0.0,5.6,3,18.938038,21.31,2025-11-02,Sunday,3,19
3.0,Sunday,12,17,1,urban,0.0393214652124308,5.1,65.0,63.0,9.2,3,94.997507,4.76,2025-11-02,Sunday,3,19
3.0,Sunday,11,20,1,urban,0.036143713540338455,1.8,43.0,1.0,6.7,3,2.0,12.74,2025-11-02,Sunday,3,19
3.0,Sunday,12,12,12,urban,0.015609991129774754,13.9,91.0,0.0,9.6,3,3.696765,3.67,2025-11-02,Sunday,3,19
3.0,Sunday,17,25,3,urban,0.03557041858440503,1.0,84.0,44.0,19.4,3,11.749697,6.86,2025-11-02,Sunday,3,19
3.0,Sunday,21,25,2,urban,0.04859002476059334,-2.6,79.0,0.0,21.4,3,32.212774,10.7,2025-11-02,Sunday,3,19
3.0,Sunday,15,27,1,urban,0.020294522550113096,-1.9,85.0,0.0,14.0,3,21.072689,11.53,2025-11-02,Sunday,3,19
3.0,Sunday,13,8,1,urban,0.0021142077258065658,2.0,80.0,0.0,16.9,3,39.991327,10.46,2025-11-02,Sunday,3,19
3.0,Sunday,17,10,3,urban,0.004825794059591158,-5.7,83.0,0.0,8.5,3,7.598073,8.77,2025-11-02,Sunday,3,19
3.0,Sunday,17,10,1,urban,0.017357293774874348,-2.4,89.0,2.0,2.4,3,7.337916,15.45,2025-11-02,Sunday,3,19
3.0,Sunday,18,24,1,urban,0.011227837530556319,11.7,74.0,10.0,5.4,3,28.054496,29.22,2025-11-02,Sunday,3,19
3.0,Sunday,17,14,2,urban,0.03981328460052222,-1.6,81.0,51.0,2.7,3,2.375746,10.86,2025-11-02,Sunday,3,19
3.0,Sunday,21,8,2,urban,0.010455049979403504,-1.9,97.0,0.0,8.3,3,5.903711,15.88,2025-11-02,Sunday,3,19
3.0,Sunday,16,15,6,urban,0.0032953439384737094,2.4,98.0,1.0,16.8,3,41.392576,28.86,2025-11-02,Sunday,3,19
3.0,Sunday,13,5,12,urban,0.003382890499904238,0.3,97.0,1.0,4.1,3,23.60557,6.8,2025-11-02,Sunday,3,19
3.0,Sunday,18,23,2,urban,0.01692518695400395,-5.7,88.0,0.0,5.3,3,8.995986,8.69,2025-11-02,Sunday,3,19
3.0,Sunday,20,15,1,urban,0.01292711646611789,-0.1,99.0,2.0,12.8,3,2.523573,24.1,2025-11-02,Sunday,3,19
3.0,Sunday,22,26,2,urban,0.018290728966493707,-7.5,93.0,0.0,8.6,3,17.472763,10.46,2025-11-09,Sunday,3,17
3.0,Sunday,14,9,12,urban,0.015581733224990957,2.9,68.0,0.0,19.1,3,16.144394,6.94,2025-11-09,Sunday,3,17
3.0,Sunday,18,25,2,urban,0.043472320193382985,-1.2,79.0,0.0,14.2,3,9.640141,13.36,2025-11-09,Sunday,3,17
3.0,Sunday,19,24,1,urban,0.025032795200629832,-1.5,79.0,0.0,10.0,3,16.833294,23.79,2025-11-09,Sunday,3,17
3.0,Sunday,21,26,12,urban,0.020092094898446936,6.3,86.0,0.0,6.1,3,2.0,28.57,2025-11-09,Sunday,3,17
3.0,Sunday,14,22,12,urban,0.024782808243248085,1.9,71.0,0.0,14.6,3,20.893201,19.63,2025-11-09,Sunday,3,17
3.0,Sunday,21,27,3,urban,0.0037824991405149676,1.0,37.0,124.0,6.5,3,20.812205,6.66,2025-11-09,Sunday,3,17
3.0,Sunday,19,8,12,urban,-0.00011643609836996683,5.1,91.0,1.0,7.2,3,19.195184,31.37,2025-11-09,Sunday,3,17
3.0,Sunday,17,16,7,urban,0.027263721050086655,20.0,87.0,60.0,1.0,3,59.803325,10.59,2025-11-09,Sunday,3,17
3.0,Sunday,0,22,2,sub-urban,0.027576344983916923,-3.2,76.0,0.0,18.7,3,7.30649,6.42,2025-11-09,Sunday,3,17
3.0,Sunday,20,4,3,urban,0.010056923018217754,4.5,41.0,0.0,9.9,3,101.853746,24.0,2025-11-09,Sunday,3,17
3.0,Sunday,21,25,2,urban,0.02123390689138634,1.2,56.0,145.0,20.0,3,12.000891,8.65,2025-11-09,Sunday,3,17
3.0,Sunday,13,14,3,urban,0.041070498289834785,1.6,85.0,1.0,2.5,3,12.705475,18.67,2025-11-09,Sunday,3,17
3.0,Sunday,12,2,1,urban,0.01183670034610249,-7.0,93.0,0.0,15.3,3,15.283275,25.7,2025-11-09,Sunday,3,17
3.0,Sunday,21,22,1,urban,0.01253161390953606,-0.2,51.0,13.0,14.8,3,15.873008,5.73,2025-11-09,Sunday,3,17
3.0,Sunday,3,23,1,urban,0.035794213891233564,8.6,99.0,0.0,9.4,3,17.524359,5.82,2025-11-09,Sunday,3,17
3.0,Sunday,0,23,1,urban,0.008045334724157405,4.2,95.0,0.0,5.2,3,64.216366,26.34,2025-11-09,Sunday,3,17
3.0,Sunday,5,1,3,urban,0.017990362874395528,-3.7,56.0,0.0,13.2,3,38.339461,18.6,2025-11-16,Sunday,3,16
3.0,Sunday,15,29,3,sub-urban,0.019094561908304317,15.4,77.0,207.0,15.7,3,40.159538,8.03,2025-11-16,Sunday,3,16
3.0,Sunday,21,29,12,sub-urban,0.014999888025702571,-0.5,83.0,0.0,4.6,3,6.716249,14.93,2025-11-16,Sunday,3,16
3.0,Sunday,13,27,1,urban,0.02420963805743871,-2.9,72.0,0.0,23.3,3,19.931101,7.71,2025-11-16,Sunday,3,16
3.0,Sunday,9,27,3,urban,0.03302705572508151,24.7,75.0,576.0,8.2,3,4.938695,12.78,2025-11-16,Sunday,3,16
3.0,Sunday,14,5,2,urban,0.03795196412160975,0.1,72.0,139.0,16.3,3,3.808742,6.65,2025-11-16,Sunday,3,16
3.0,Sunday,15,15,3,urban,0.040088613850837694,-5.7,90.0,0.0,14.4,3,4.589384,21.39,2025-11-16,Sunday,3,16
3.0,Sunday,13,6,6,urban,0.0018155438388443076,13.9,59.0,0.0,18.4,3,99.76169,4.32,2025-11-16,Sunday,3,16
3.0,Sunday,16,15,2,urban,0.020841829064860963,-3.2,96.0,0.0,15.3,3,22.712333,8.15,2025-11-16,Sunday,3,16
3.0,Sunday,21,11,1,urban,0.010074708475639812,1.0,79.0,129.0,8.7,3,11.626545,6.17,2025-11-16,Sunday,3,16
3.0,Sunday,4,16,3,urban,0.05008607308939852,-4.3,71.0,168.0,7.6,3,11.784785,10.69,2025-11-16,Sunday,3,16
3.0,Sunday,18,14,2,urban,0.029810241717829863,-8.6,98.0,0.0,15.4,3,2.062629,8.45,2025-11-16,Sunday,3,16
3.0,Sunday,8,18,3,urban,0.004946936015196637,3.0,93.0,0.0,19.6,3,5.917907,24.13,2025-11-16,Sunday,3,16
3.0,Sunday,21,15,1,urban,0.015315003316199208,0.7,67.0,0.0,19.4,3,15.481756,33.69,2025-11-16,Sunday,3,16
3.0,Sunday,0,8,3,urban,-0.00031,11.6,81.0,0.0,6.7,3,9.284038,14.69,2025-11-16,Sunday,3,16
3.0,Sunday,7,19,12,urban,0.01580943418805401,1.6,69.0,0.0,13.8,3,2.282144,31.3,2025-11-16,Sunday,3,16
3.0,Sunday,20,24,1,sub-urban,0.01828218787408447,-4.9,98.0,1.0,5.8,3,35.276633,9.56,2025-11-23,Sunday,3,12
3.0,Sunday,17,28,2,urban,0.02153029206058655,-8.9,67.0,1.0,4.7,3,2.37617,12.12,2025-11-23,Sunday,3,12
3.0,Sunday,15,1,1,urban,0.019238939501900608,6.4,60.0,49.0,13.9,3,18.82842,3.29,2025-11-23,Sunday,3,12
3.0,Sunday,18,15,2,urban,0.02208743856577542,-1.4,59.0,18.0,6.2,3,42.640953,5.23,2025-11-23,Sunday,3,12
3.0,Sunday,10,2,3,urban,0.010774504412237769,6.8,52.0,120.0,13.4,3,18.500385,12.3,2025-11-23,Sunday,3,12
3.0,Sunday,18,25,2,urban,0.017695634927094594,0.6,46.0,0.0,6.9,3,15.746043,14.02,2025-11-23,Sunday,3,12
3.0,Sunday,18,15,12,urban,0.04031565370600691,-7.5,91.0,0.0,5.8,3,8.930723,19.11,2025-11-23,Sunday,3,12
3.0,Sunday,21,22,1,urban,0.0177822893473566,-3.5,85.0,0.0,29.9,3,12.687539,6.84,2025-11-23,Sunday,3,12
3.0,Sunday,18,15,11,urban,0.0021838069205293966,-0.6,91.0,0.0,7.4,3,14.994499,14.0,2025-11-23,Sunday,3,12
3.0,Sunday,13,10,1,urban,0.011842756426451571,0.5,91.0,60.0,17.7,3,4.205464,8.7,2025-11-23,Sunday,3,12
3.0,Sunday,7,24,3,urban,0.03845620611203207,-2.8,92.0,0.0,3.1,3,10.183806,9.46,2025-11-23,Sunday,3,12
3.0,Sunday,21,8,1,urban,0.020239888730900383,-1.7,67.0,123.0,32.4,3,20.262324,9.0,2025-11-23,Sunday,3,12
3.0,Sunday,2,26,1,urban,0.013925251912779716,-4.7,87.0,0.0,12.7,3,13.605077,9.5,2025-11-30,Sunday,3,19
3.0,Sunday,17,29,1,urban,0.012564082617980596,2.2,83.0,0.0,4.8,3,3.08073,6.44,2025-11-30,Sunday,3,19
3.0,Sunday,20,15,12,urban,0.020958552549333948,-8.8,85.0,0.0,14.1,3,10.869737,10.56,2025-11-30,Sunday,3,19
3.0,Sunday,16,26,2,urban,0.04855592408878543,-3.3,68.0,0.0,8.1,3,15.555395,22.84,2025-11-30,Sunday,3,19
3.0,Sunday,18,12,2,urban,0.04103276668918577,-5.9,81.0,0.0,14.7,3,8.126923,15.52,2025-11-30,Sunday,3,19
3.0,Sunday,22,3,1,urban,0.010818558735662667,3.9,99.0,0.0,18.1,3,2.0,28.84,2025-11-30,Sunday,3,19
3.0,Sunday,4,11,3,urban,0.012651541053674498,1.7,29.0,0.0,3.3,3,8.240961,27.31,2025-11-30,Sunday,3,19
3.0,Sunday,16,20,1,urban,0.010979637152330711,-1.3,61.0,9.0,13.6,3,4.107539,9.48,2025-11-30,Sunday,3,19
3.0,Sunday,21,21,12,urban,0.034184491216892245,0.5,91.0,0.0,10.7,3,23.979933,10.67,2025-11-30,Sunday,3,19
3.0,Sunday,10,9,3,urban,0.00011792283418656738,6.2,80.0,0.0,4.5,3,64.357263,14.05,2025-11-30,Sunday,3,19
3.0,Sunday,16,21,1,sub-urban,0.04696073662025342,0.3,98.0,10.0,5.6,3,7.455918,68.17,2025-11-30,Sunday,3,19
3.0,Sunday,22,9,2,urban,0.028719631255144925,1.4,54.0,18.0,16.7,3,12.170821,23.35,2025-11-30,Sunday,3,19
3.0,Sunday,17,11,1,urban,0.015049971471825137,14.0,50.0,0.0,13.6,3,15.102201,16.89,2025-11-30,Sunday,3,19
3.0,Sunday,4,11,1,urban,0.004157773490486894,-0.5,93.0,15.0,6.5,3,14.258954,7.93,2025-11-30,Sunday,3,19
3.0,Sunday,12,23,3,urban,0.020561386027276533,4.4,94.0,0.0,29.7,3,14.039651,10.58,2025-11-30,Sunday,3,19
3.0,Sunday,23,3,2,urban,0.017446401501015982,4.7,92.0,1.0,5.3,3,13.061322,9.32,2025-11-30,Sunday,3,19
3.0,Sunday,13,4,1,urban,0.045844114085145424,-7.0,92.0,0.0,6.4,3,9.949649,25.24,2025-11-30,Sunday,3,19
3.0,Sunday,15,20,12,urban,0.03863633140016473,2.8,93.0,74.0,6.8,3,2.401055,6.87,2025-11-30,Sunday,3,19
3.0,Sunday,3,26,2,urban,0.026163561709453886,-4.2,94.0,1.0,17.6,3,16.365003,10.43,2025-11-30,Sunday,3,19
3.0,Sunday,15,14,2,urban,0.07030733441277097,-2.3,65.0,1.0,10.4,3,38.695557,19.21,2025-12-07,Sunday,3,10
3.0,Sunday,23,22,2,urban,0.05796763882746969,-1.0,80.0,0.0,7.2,3,17.452209,11.64,2025-12-07,Sunday,3,10
3.0,Sunday,8,17,12,urban,0.0017730329062423987,-1.4,95.0,1.0,25.8,3,11.692752,6.98,2025-12-07,Sunday,3,10
3.0,Sunday,16,5,2,urban,0.03708531814423008,-7.7,61.0,0.0,9.1,3,11.266539,22.46,2025-12-07,Sunday,3,10
3.0,Sunday,16,6,12,urban,0.01031531974762459,3.8,99.0,1.0,16.9,3,3.71238,27.47,2025-12-07,Sunday,3,10
3.0,Sunday,8,15,12,urban,-0.00022725263111444266,7.5,98.0,0.0,5.4,3,7.212955,15.23,2025-12-07,Sunday,3,10
3.0,Sunday,16,24,12,urban,0.012981816654427145,-1.6,83.0,0.0,7.0,3,11.560951,32.11,2025-12-07,Sunday,3,10
3.0,Sunday,3,25,3,urban,0.0344474742170282,5.4,63.0,103.0,8.0,3,16.369562,28.07,2025-12-07,Sunday,3,10
3.0,Sunday,18,18,2,urban,0.027914425858957134,-7.4,71.0,1.0,3.1,3,3.677124,12.22,2025-12-07,Sunday,3,10
3.0,Sunday,12,17,1,urban,0.03864148389939111,0.4,99.0,0.0,7.8,3,17.325096,21.66,2025-12-07,Sunday,3,10
3.0,Sunday,0,23,12,urban,0.036411949460148314,-9.5,92.0,0.0,4.6,3,23.937952,24.15,2025-12-14,Sunday,3,22
3.0,Sunday,15,16,3,urban,0.04441413889379976,2.9,77.0,110.0,18.3,3,20.690398,11.6,2025-12-14,Sunday,3,22
3.0,Sunday,18,8,2,urban,0.035731030343864864,-6.7,90.0,0.0,6.1,3,7.466352,22.32,2025-12-14,Sunday,3,22
3.0,Sunday,13,31,3,urban,0.008522217205196582,8.2,67.0,204.0,16.4,3,4.93197,21.02,2025-12-14,Sunday,3,22
3.0,Sunday,5,12,11,urban,0.03553748248172678,3.5,100.0,0.0,13.9,3,22.260773,9.38,2025-12-14,Sunday,3,22
3.0,Sunday,16,13,1,urban,0.048969747700696425,0.6,57.0,210.0,14.5,3,8.978067,21.67,2025-12-14,Sunday,3,22
3.0,Sunday,15,24,3,urban,0.03264009634445741,-0.7,96.0,136.0,8.8,3,22.492041,11.16,2025-12-14,Sunday,3,22
3.0,Sunday,13,25,1,sub-urban,0.019065406517842096,-0.3,85.0,0.0,12.6,3,14.111435,21.74,2025-12-14,Sunday,3,22
3.0,Sunday,23,12,1,urban,0.01680394846010252,4.4,67.0,43.0,20.8,3,14.656428,19.28,2025-12-14,Sunday,3,22
3.0,Sunday,17,10,2,urban,0.01823237259435342,-2.0,77.0,0.0,3.9,3,13.011709,11.66,2025-12-14,Sunday,3,22
3.0,Sunday,11,9,1,urban,0.01902406185549614,1.2,61.0,225.0,18.9,3,20.470032,48.41,2025-12-14,Sunday,3,22
3.0,Sunday,21,23,1,urban,0.02242412518910408,2.1,90.0,1.0,16.4,3,12.596695,27.52,2025-12-14,Sunday,3,22
3.0,Sunday,21,4,1,sub-urban,0.023343616726643677,-5.8,95.0,1.0,6.0,3,11.917697,7.92,2025-12-14,Sunday,3,22
3.0,Sunday,17,21,2,urban,0.02052662941650389,-9.4,86.0,0.0,7.7,3,9.381154,11.78,2025-12-14,Sunday,3,22
3.0,Sunday,5,15,3,urban,0.014490336647813648,0.5,68.0,15.0,14.4,3,60.958704,7.88,2025-12-14,Sunday,3,22
3.0,Sunday,8,9,1,urban,0.030930538956960588,17.3,57.0,0.0,12.5,3,7.034969,6.81,2025-12-14,Sunday,3,22
3.0,Sunday,15,17,1,urban,0.04371061243682921,-0.5,75.0,0.0,17.9,3,16.553906,8.86,2025-12-14,Sunday,3,22
3.0,Sunday,14,5,1,urban,0.032648557211953866,0.4,65.0,0.0,4.1,3,48.14785,4.04,2025-12-14,Sunday,3,22
3.0,Sunday,21,8,12,urban,0.01469032386850789,4.9,84.0,11.0,3.5,3,20.051227,21.91,2025-12-14,Sunday,3,22
3.0,Sunday,13,9,6,urban,0.03950392522701752,1.8,56.0,143.0,9.3,3,15.502672,8.36,2025-12-14,Sunday,3,22
3.0,Sunday,7,9,3,urban,0.0364432716567067,1.6,97.0,0.0,5.8,3,12.508218,32.77,2025-12-14,Sunday,3,22
3.0,Sunday,21,12,1,urban,0.025931047632843506,7.8,99.0,0.0,6.6,3,8.173051,54.13,2025-12-14,Sunday,3,22
3.0,Sunday,19,7,1,urban,0.013174357487910173,11.0,90.0,0.0,4.9,3,17.869292,5.58,2025-12-21,Sunday,3,15
3.0,Sunday,19,21,4,urban,0.039093295875709866,8.3,92.0,0.0,14.1,3,8.290885,5.45,2025-12-21,Sunday,3,15
3.0,Sunday,21,8,1,urban,0.02017378474075989,-7.8,83.0,40.0,3.4,3,7.16994,23.65,2025-12-21,Sunday,3,15
3.0,Sunday,14,12,6,urban,0.01671845339362856,13.9,83.0,22.0,7.8,3,6.574167,21.3,2025-12-21,Sunday,3,15
3.0,Sunday,10,18,1,urban,0.0010562695155826797,8.6,91.0,0.0,10.4,3,14.517213,20.87,2025-12-21,Sunday,3,15
3.0,Sunday,15,18,1,urban,0.02075966546120466,19.2,96.0,144.0,5.8,3,18.984932,5.45,2025-12-21,Sunday,3,15
3.0,Sunday,16,31,3,urban,0.046648064848868756,1.5,92.0,0.0,9.6,3,24.605226,35.55,2025-12-21,Sunday,3,15
3.0,Sunday,20,24,2,urban,0.0573325808465779,5.1,96.0,0.0,9.2,3,13.963982,18.99,2025-12-21,Sunday,3,15
3.0,Sunday,21,5,1,urban,0.03642302811766888,-2.5,81.0,0.0,17.2,3,16.157606,30.17,2025-12-21,Sunday,3,15
3.0,Sunday,8,2,1,urban,0.003549866014145666,21.0,62.0,14.0,4.6,3,2.926662,13.83,2025-12-21,Sunday,3,15
3.0,Sunday,7,8,12,urban,0.035484719151652015,3.8,66.0,0.0,9.5,3,16.558957,10.78,2025-12-21,Sunday,3,15
3.0,Sunday,16,2,1,urban,0.04349005119831352,-2.1,84.0,1.0,23.1,3,14.4856,10.76,2025-12-21,Sunday,3,15
3.0,Sunday,16,12,3,urban,0.005404841870777516,2.8,47.0,11.0,3.7,3,3.233712,3.89,2025-12-21,Sunday,3,15
3.0,Sunday,20,8,1,urban,0.03397390426250483,-4.2,60.0,0.0,7.0,3,3.073065,6.28,2025-12-21,Sunday,3,15
3.0,Sunday,21,26,1,urban,0.021134740396379043,-3.6,45.0,0.0,17.9,3,10.002042,11.72,2025-12-21,Sunday,3,15
