location_group,weekday_group,plugin_hour,plugin_day,plugin_month,area_type,electricity_price,temperature,humidity,solar_radiation,wind_speed,season,connection_time,energy_session,__date__,__weekday_group__,__season__,__count__
3.0,Mon-Th,9,17,5,urban,0.02465528433694846,6.9,24.0,600.0,4.2,0,9.763303,13.64,2025-01-01,Mon-Th,0,12
3.0,Mon-Th,9,10,6,urban,0.0016393349929452144,20.6,84.0,21.0,4.9,0,8.187136,15.15,2025-01-01,Mon-Th,0,12
3.0,Mon-Th,11,27,8,urban,0.002282408692397077,17.9,29.0,425.0,5.8,0,9.777733,12.94,2025-01-01,Mon-Th,0,12
3.0,Mon-Th,23,8,3,urban,0.018424625842317077,14.7,100.0,8.0,4.0,0,10.382338,35.3,2025-01-01,Mon-Th,0,12
3.0,Mon-Th,15,14,5,urban,0.023722717343838285,16.9,52.0,206.0,5.9,0,38.754498,7.09,2025-01-01,Mon-Th,0,12
3.0,Mon-Th,17,10,6,urban,0.04101945017832539,8.2,59.0,440.0,6.3,0,11.024666,3.26,2025-01-01,Mon-Th,0,12
3.0,Mon-Th,1,22,3,urban,0.005418772030663421,19.6,41.0,347.0,5.5,0,13.145063,2.97,2025-01-01,Mon-Th,0,12
3.0,Mon-Th,14,27,6,urban,0.0028313749873445765,16.7,29.0,430.0,4.2,0,12.769504,3.18,2025-01-01,Mon-Th,0,12
3.0,Mon-Th,17,11,5,urban,0.039588717021901934,0.7,51.0,372.0,11.3,0,9.645798,28.96,2025-01-01,Mon-Th,0,12
3.0,Mon-Th,5,25,1,urban,0.013866061681520117,6.4,76.0,25.0,6.2,0,21.495749,6.29,2025-01-01,Mon-Th,0,12
3.0,Mon-Th,21,27,4,urban,0.04339696344127506,18.4,37.0,263.0,6.0,0,21.384652,14.35,2025-01-01,Mon-Th,0,12
3.0,Mon-Th,13,8,4,urban,0.004684615086041491,24.2,75.0,130.0,13.8,0,13.34795,6.57,2025-01-01,Mon-Th,0,12
3.0,Mon-Th,15,17,3,urban,0.0023160646599198497,6.1,99.0,0.0,14.5,0,14.976763,12.93,2025-01-02,Mon-Th,0,11
3.0,Mon-Th,13,7,6,urban,0.003322308221201771,17.4,95.0,600.0,4.4,0,14.921683,6.91,2025-01-02,Mon-Th,0,11
3.0,Mon-Th,11,6,11,urban,0.013384791896508073,4.4,63.0,258.0,9.4,0,12.876836,17.48,2025-01-02,Mon-Th,0,11
3.0,Mon-Th,2,30,3,urban,0.03905430384303793,15.1,90.0,0.0,6.3,0,10.211597,8.24,2025-01-02,Mon-Th,0,11
3.0,Mon-Th,18,5,3,urban,0.038623350531228465,3.5,81.0,522.0,4.6,0,57.14451,3.14,2025-01-02,Mon-Th,0,11
3.0,Mon-Th,13,14,6,urban,0.0016201437149121027,21.0,35.0,315.0,3.5,0,6.825026,17.58,2025-01-02,Mon-Th,0,11
3.0,Mon-Th,20,31,1,urban,0.035615419968038985,5.5,58.0,22.0,14.7,0,14.028962,2.32,2025-01-02,Mon-Th,0,11
3.0,Mon-Th,14,31,8,urban,0.005337108039805417,27.5,52.0,471.0,15.7,0,19.017462,4.41,2025-01-02,Mon-Th,0,11
3.0,Mon-Th,11,14,5,urban,0.004364704613774455,18.7,35.0,397.0,5.3,0,8.074482,4.16,2025-01-02,Mon-Th,0,11
3.0,Mon-Th,18,18,5,urban,0.04044795577407548,16.4,82.0,327.0,16.1,0,14.071657,34.58,2025-01-02,Mon-Th,0,11
3.0,Mon-Th,3,31,3,urban,0.006478584113924782,5.4,33.0,382.0,6.5,0,23.211144,13.05,2025-01-02,Mon-Th,0,11
3.0,Mon-Th,21,4,4,urban,0.04482131670079057,19.7,41.0,411.0,15.6,0,8.437522,35.62,2025-01-06,Mon-Th,0,6
3.0,Mon-Th,13,4,6,urban,0.004909329542680407,13.0,27.0,463.0,6.6,0,13.714247,17.49,2025-01-06,Mon-Th,0,6
3.0,Mon-Th,14,17,3,urban,0.02947646640193559,12.7,47.0,20.0,13.9,0,53.266836,19.57,2025-01-06,Mon-Th,0,6
3.0,Mon-Th,22,4,5,urban,1.6945964842971124e-05,13.9,52.0,389.0,14.1,0,9.889585,16.45,2025-01-06,Mon-Th,0,6
3.0,Mon-Th,20,4,7,urban,0.00580304034872938,15.8,51.0,27.0,23.1,0,16.180269,6.99,2025-01-06,Mon-Th,0,6
3.0,Mon-Th,14,5,6,urban,0.04159559660833241,6.6,82.0,269.0,6.5,0,16.081602,3.99,2025-01-06,Mon-Th,0,6
3.0,Mon-Th,9,9,5,urban,0.03597424401851001,2.2,63.0,109.0,15.9,0,13.817546,3.27,2025-01-07,Mon-Th,0,7
3.0,Mon-Th,21,16,4,urban,0.031011968466578017,6.9,34.0,283.0,4.9,0,42.038507,8.54,2025-01-07,Mon-Th,0,7
3.0,Mon-Th,16,8,10,urban,0.044456477245399126,6.8,84.0,0.0,19.7,0,20.03572,5.99,2025-01-07,Mon-Th,0,7
3.0,Mon-Th,11,8,3,urban,0.003951787877594054,7.5,98.0,575.0,17.8,0,12.919713,11.72,2025-01-07,Mon-Th,0,7
3.0,Mon-Th,0,27,3,urban,0.03589145563988645,13.2,59.0,16.0,9.1,0,59.597245,16.83,2025-01-07,Mon-Th,0,7
3.0,Mon-Th,13,5,3,urban,0.03766754542508099,5.6,50.0,468.0,5.1,0,19.241379,4.82,2025-01-07,Mon-Th,0,7
3.0,Mon-Th,13,16,6,urban,0.004481775858280574,21.4,32.0,430.0,16.5,0,12.163066,11.75,2025-01-07,Mon-Th,0,7
3.0,Mon-Th,14,6,4,urban,0.04070667666365872,3.8,52.0,136.0,8.4,0,17.539543,8.53,2025-01-08,Mon-Th,0,4
3.0,Mon-Th,20,10,6,urban,0.05303553429364503,13.9,70.0,278.0,6.4,0,10.569021,16.2,2025-01-08,Mon-Th,0,4
3.0,Mon-Th,11,10,6,urban,0.0048296059436928,25.9,39.0,448.0,1.2,0,20.581919,11.84,2025-01-08,Mon-Th,0,4
3.0,Mon-Th,22,21,6,urban,0.03638179177483437,11.1,73.0,2.0,10.3,0,16.092942,6.6,2025-01-08,Mon-Th,0,4
3.0,Mon-Th,20,16,6,urban,0.0008287458277229957,22.1,44.0,450.0,5.0,0,40.700463,18.66,2025-01-09,Mon-Th,0,9
3.0,Mon-Th,9,22,8,urban,0.0020690942324293675,19.3,64.0,548.0,18.6,0,18.162969,28.2,2025-01-09,Mon-Th,0,9
3.0,Mon-Th,11,27,5,urban,0.00582824787548481,18.0,30.0,500.0,5.5,0,7.815125,8.3,2025-01-09,Mon-Th,0,9
3.0,Mon-Th,22,22,2,urban,0.018564562872795547,-6.9,50.0,18.0,4.0,0,11.338969,14.0,2025-01-09,Mon-Th,0,9
3.0,Mon-Th,4,21,8,urban,0.0022206133370964234,20.6,51.0,230.0,16.4,0,17.663166,2.22,2025-01-09,Mon-Th,0,9
3.0,Mon-Th,22,14,1,urban,0.037033973012673055,3.3,99.0,0.0,18.0,0,2.280632,33.16,2025-01-09,Mon-Th,0,9
3.0,Mon-Th,23,3,5,urban,0.0008865328514794258,12.0,81.0,0.0,16.3,0,18.387463,44.6,2025-01-09,Mon-Th,0,9
3.0,Mon-Th,11,23,5,urban,0.009370897448509732,14.4,33.0,445.0,4.7,0,15.723772,3.79,2025-01-09,Mon-Th,0,9
3.0,Mon-Th,22,6,3,urban,0.03227037615151997,17.3,59.0,146.0,5.5,0,7.134431,3.68,2025-01-09,Mon-Th,0,9
3.0,Mon-Th,11,19,3,urban,0.019530836333352952,6.4,26.0,448.0,6.6,0,26.441519,10.73,2025-01-13,Mon-Th,0,9
3.0,Mon-Th,21,20,3,urban,0.0409494771297094,3.5,99.0,0.0,18.6,0,4.140577,9.61,2025-01-13,Mon-Th,0,9
3.0,Mon-Th,20,1,3,urban,0.04157045868120564,1.9,71.0,0.0,10.1,0,12.704696,4.02,2025-01-13,Mon-Th,0,9
3.0,Mon-Th,3,18,3,urban,0.045576757557944866,19.5,66.0,175.0,5.0,0,11.132787,6.12,2025-01-13,Mon-Th,0,9
3.0,Mon-Th,20,22,12,urban,0.033864685270862595,-2.3,77.0,0.0,10.4,0,64.183486,20.72,2025-01-13,Mon-Th,0,9
3.0,Mon-Th,11,12,3,urban,0.04256978911723732,17.6,60.0,212.0,14.5,0,11.71243,14.35,2025-01-13,Mon-Th,0,9
3.0,Mon-Th,15,14,3,urban,0.007774164011433646,6.2,39.0,247.0,5.5,0,12.706602,12.1,2025-01-13,Mon-Th,0,9
3.0,Mon-Th,22,6,5,urban,0.03796124925493498,20.5,79.0,17.0,1.8,0,9.664754,9.6,2025-01-13,Mon-Th,0,9
3.0,Mon-Th,13,23,6,urban,0.0037126656659135994,14.1,83.0,332.0,14.1,0,6.728403,9.93,2025-01-13,Mon-Th,0,9
3.0,Mon-Th,16,2,6,urban,0.03427198299202888,15.9,96.0,21.0,9.5,0,14.808322,14.73,2025-01-14,Mon-Th,0,10
3.0,Mon-Th,20,13,4,urban,0.04234663316050783,3.2,34.0,600.0,14.3,0,50.165758,7.35,2025-01-14,Mon-Th,0,10
3.0,Mon-Th,0,2,6,urban,0.00572996479013029,-8.3,99.0,293.0,4.9,0,21.814802,36.97,2025-01-14,Mon-Th,0,10
3.0,Mon-Th,20,8,6,urban,0.004148891460084617,23.4,31.0,228.0,3.9,0,7.546051,3.54,2025-01-14,Mon-Th,0,10
3.0,Mon-Th,17,8,4,urban,0.01659673811660902,16.7,59.0,480.0,12.1,0,5.614263,6.97,2025-01-14,Mon-Th,0,10
3.0,Mon-Th,14,19,6,urban,0.016693821548734628,22.7,56.0,235.0,14.9,0,3.130542,4.23,2025-01-14,Mon-Th,0,10
3.0,Mon-Th,7,21,5,urban,0.004512800200209597,16.8,35.0,334.0,18.5,0,2.563408,5.13,2025-01-14,Mon-Th,0,10
3.0,Mon-Th,14,27,5,urban,0.04015458394481939,23.0,30.0,546.0,15.5,0,21.781684,2.9,2025-01-14,Mon-Th,0,10
3.0,Mon-Th,18,16,3,urban,0.005881702025330614,-6.3,70.0,486.0,10.1,0,13.88364,12.17,2025-01-14,Mon-Th,0,10
3.0,Mon-Th,3,18,3,urban,0.023772966789715955,2.8,84.0,12.0,14.0,0,2.634291,7.43,2025-01-14,Mon-Th,0,10
3.0,Mon-Th,13,18,6,urban,0.04106186144252071,23.2,35.0,559.0,6.7,0,2.653403,7.5,2025-01-15,Mon-Th,0,11
3.0,Mon-Th,13,19,5,urban,0.017261083341304148,3.6,50.0,500.0,17.1,0,43.425533,9.9,2025-01-15,Mon-Th,0,11
3.0,Mon-Th,21,14,5,urban,0.03432702875050655,3.2,60.0,20.0,14.6,0,8.960787,17.18,2025-01-15,Mon-Th,0,11
3.0,Mon-Th,9,13,3,urban,0.035021276229903496,-1.2,100.0,1.0,6.0,0,14.998387,10.09,2025-01-15,Mon-Th,0,11
3.0,Mon-Th,11,4,6,urban,0.007209954564506111,17.6,33.0,601.0,15.1,0,40.779225,11.52,2025-01-15,Mon-Th,0,11
3.0,Mon-Th,13,16,6,urban,0.005813357538662613,17.1,33.0,447.0,6.1,0,15.279896,2.7,2025-01-15,Mon-Th,0,11
3.0,Mon-Th,7,13,3,urban,0.0017896203425323241,14.7,52.0,389.0,6.5,0,8.88876,13.76,2025-01-15,Mon-Th,0,11
3.0,Mon-Th,19,8,5,urban,0.00508881208503496,16.5,65.0,476.0,32.4,0,10.813027,1.62,2025-01-15,Mon-Th,0,11
3.0,Mon-Th,22,9,3,urban,0.00841111139042178,9.4,57.0,0.0,19.0,0,11.208616,7.75,2025-01-15,Mon-Th,0,11
3.0,Mon-Th,13,22,6,urban,0.008372060535104302,26.6,39.0,398.0,5.8,0,11.449519,15.31,2025-01-15,Mon-Th,0,11
3.0,Mon-Th,4,8,3,urban,0.0034084371171614683,22.0,34.0,246.0,4.0,0,3.335336,13.41,2025-01-15,Mon-Th,0,11
3.0,Mon-Th,10,19,6,urban,0.01624029615770921,18.1,72.0,333.0,3.9,0,8.348406,13.76,2025-01-16,Mon-Th,0,5
3.0,Mon-Th,11,22,5,urban,0.01473757857170279,6.6,69.0,424.0,10.7,0,2.0,5.94,2025-01-16,Mon-Th,0,5
3.0,Mon-Th,20,16,12,urban,0.0526248083826756,-9.8,99.0,0.0,7.3,0,9.644917,10.23,2025-01-16,Mon-Th,0,5
3.0,Mon-Th,11,31,5,urban,0.004093435592030361,13.5,50.0,530.0,16.4,0,14.022476,10.61,2025-01-16,Mon-Th,0,5
3.0,Mon-Th,0,10,6,urban,0.03325990158592001,12.0,80.0,1.0,13.1,0,19.020789,11.42,2025-01-16,Mon-Th,0,5
3.0,Mon-Th,23,31,3,urban,0.03600439893896909,0.4,67.0,18.0,5.6,0,25.225155,4.53,2025-01-20,Mon-Th,0,14
3.0,Mon-Th,21,2,5,urban,0.03734510197233481,22.0,51.0,84.0,14.9,0,13.449916,13.23,2025-01-20,Mon-Th,0,14
3.0,Mon-Th,15,4,6,urban,0.022916294490686176,10.8,53.0,697.0,13.6,0,15.567716,6.63,2025-01-20,Mon-Th,0,14
3.0,Mon-Th,16,6,5,urban,0.004342774632096782,17.0,71.0,43.0,17.6,0,12.10789,8.59,2025-01-20,Mon-Th,0,14
3.0,Mon-Th,14,13,5,urban,0.0012827622072809249,15.0,42.0,445.0,4.5,0,28.441762,1.48,2025-01-20,Mon-Th,0,14
3.0,Mon-Th,20,23,3,urban,0.037447568472891865,2.5,94.0,20.0,4.9,0,7.595524,8.34,2025-01-20,Mon-Th,0,14
3.0,Mon-Th,9,4,6,urban,0.016089351377757195,16.2,50.0,256.0,8.4,0,7.855912,13.6,2025-01-20,Mon-Th,0,14
3.0,Mon-Th,11,13,6,urban,0.008823977957265763,27.4,39.0,336.0,5.0,0,17.958265,1.06,2025-01-20,Mon-Th,0,14
3.0,Mon-Th,20,9,4,urban,0.03948130466063632,13.2,27.0,318.0,12.9,0,21.932823,10.61,2025-01-20,Mon-Th,0,14
3.0,Mon-Th,23,5,6,urban,0.003542100627320855,19.9,24.0,555.0,5.5,0,33.949987,4.28,2025-01-20,Mon-Th,0,14
3.0,Mon-Th,19,8,4,urban,0.002836905291745506,18.6,50.0,291.0,13.1,0,13.36483,14.56,2025-01-20,Mon-Th,0,14
3.0,Mon-Th,14,8,4,urban,0.022632517340348796,16.2,31.0,310.0,14.3,0,45.827672,5.17,2025-01-20,Mon-Th,0,14
3.0,Mon-Th,22,14,8,urban,0.01564291770945311,15.2,78.0,23.0,15.7,0,34.95595,6.72,2025-01-20,Mon-Th,0,14
3.0,Mon-Th,16,4,5,urban,0.005530053280261282,22.0,74.0,286.0,5.0,0,2.0,3.92,2025-01-20,Mon-Th,0,14
3.0,Mon-Th,20,18,7,urban,0.03674855806312764,14.8,84.0,226.0,17.5,0,12.640772,6.79,2025-01-21,Mon-Th,0,9
3.0,Mon-Th,21,29,6,sub-urban,0.006342199827952781,19.2,42.0,527.0,7.0,0,10.662414,6.79,2025-01-21,Mon-Th,0,9
3.0,Mon-Th,18,29,3,urban,0.034766163721920526,10.4,70.0,69.0,15.0,0,15.210609,4.05,2025-01-21,Mon-Th,0,9
3.0,Mon-Th,9,22,3,urban,0.03424116101335874,3.3,51.0,150.0,16.7,0,40.265618,8.54,2025-01-21,Mon-Th,0,9
3.0,Mon-Th,20,6,6,urban,0.040208244385323284,23.2,95.0,310.0,11.9,0,12.613565,14.4,2025-01-21,Mon-Th,0,9
3.0,Mon-Th,21,4,4,urban,0.007209765164252812,20.9,25.0,358.0,7.5,0,8.275755,16.05,2025-01-21,Mon-Th,0,9
3.0,Mon-Th,22,6,8,urban,0.002172577223965172,14.6,59.0,18.0,10.2,0,7.123111,20.62,2025-01-21,Mon-Th,0,9
3.0,Mon-Th,15,18,6,urban,0.005087153734846106,19.5,34.0,427.0,8.1,0,41.537088,12.56,2025-01-21,Mon-Th,0,9
3.0,Mon-Th,9,21,4,urban,0.03849344119304826,5.0,61.0,177.0,4.1,0,13.090733,10.84,2025-01-21,Mon-Th,0,9
3.0,Mon-Th,20,10,6,urban,0.0005017930457297702,13.1,87.0,151.0,5.2,0,20.934744,40.43,2025-01-22,Mon-Th,0,9
3.0,Mon-Th,3,12,6,urban,0.004904493339884081,10.1,76.0,22.0,4.9,0,8.734988,5.5,2025-01-22,Mon-Th,0,9
3.0,Mon-Th,22,23,5,urban,0.0347268425378084,16.7,54.0,22.0,11.3,0,2.253957,11.08,2025-01-22,Mon-Th,0,9
3.0,Mon-Th,4,29,5,urban,0.011510384588923232,17.3,53.0,26.0,9.0,0,13.515464,9.87,2025-01-22,Mon-Th,0,9
3.0,Mon-Th,0,21,4,urban,0.009549110460180936,7.9,34.0,151.0,18.5,0,8.561936,5.78,2025-01-22,Mon-Th,0,9
3.0,Mon-Th,20,21,5,urban,0.037184016582226705,0.8,43.0,116.0,4.8,0,63.425825,9.57,2025-01-22,Mon-Th,0,9
3.0,Mon-Th,16,4,1,urban,0.03406204344455692,-1.7,77.0,0.0,14.7,0,18.603933,15.47,2025-01-22,Mon-Th,0,9
3.0,Mon-Th,15,14,6,urban,0.04445445830577167,13.8,55.0,225.0,5.9,0,12.511452,7.86,2025-01-22,Mon-Th,0,9
3.0,Mon-Th,13,11,5,urban,0.025269872037832795,19.9,24.0,195.0,17.6,0,35.812535,12.48,2025-01-22,Mon-Th,0,9
3.0,Mon-Th,21,30,6,urban,0.03848886348381229,21.9,32.0,514.0,3.3,0,9.519001,13.22,2025-01-23,Mon-Th,0,14
3.0,Mon-Th,21,30,6,urban,0.0027821644096474546,15.7,61.0,191.0,7.1,0,21.583508,3.19,2025-01-23,Mon-Th,0,14
3.0,Mon-Th,11,24,5,urban,0.03562628322034332,16.5,30.0,211.0,10.5,0,34.904619,4.87,2025-01-23,Mon-Th,0,14
3.0,Mon-Th,4,31,3,urban,0.012848933316519354,6.3,71.0,39.0,6.6,0,2.435228,10.2,2025-01-23,Mon-Th,0,14
3.0,Mon-Th,22,30,8,urban,0.007848525661801034,0.9,94.0,1.0,2.5,0,10.440012,27.43,2025-01-23,Mon-Th,0,14
3.0,Mon-Th,19,19,4,urban,0.04933961718047147,3.1,36.0,558.0,1.3,0,25.535558,14.35,2025-01-23,Mon-Th,0,14
3.0,Mon-Th,23,11,4,urban,0.03200879716519789,1.4,77.0,1.0,11.9,0,6.468936,6.47,2025-01-23,Mon-Th,0,14
3.0,Mon-Th,10,11,5,urban,0.005430885137587842,18.3,28.0,455.0,7.3,0,45.360543,2.99,2025-01-23,Mon-Th,0,14
3.0,Mon-Th,3,20,9,urban,0.024545213074711067,2.9,92.0,0.0,19.0,0,10.219281,22.46,2025-01-23,Mon-Th,0,14
3.0,Mon-Th,1,21,5,urban,0.026534905065696564,9.0,59.0,1.0,15.8,0,8.177231,29.19,2025-01-23,Mon-Th,0,14
3.0,Mon-Th,18,29,3,urban,0.04308936170595619,3.9,71.0,265.0,4.8,0,3.866607,4.65,2025-01-23,Mon-Th,0,14
3.0,Mon-Th,21,10,8,urban,0.03428815929899829,10.8,83.0,23.0,6.7,0,2.890613,13.06,2025-01-23,Mon-Th,0,14
3.0,Mon-Th,9,14,3,urban,0.004703609735502458,13.5,53.0,334.0,20.5,0,2.130151,3.84,2025-01-23,Mon-Th,0,14
3.0,Mon-Th,21,5,8,urban,0.03323964243187987,12.5,56.0,268.0,6.6,0,5.969595,10.94,2025-01-23,Mon-Th,0,14
3.0,Mon-Th,20,21,4,urban,0.04020164928788517,17.0,64.0,389.0,14.8,0,24.011875,5.37,2025-01-27,Mon-Th,0,6
3.0,Mon-Th,11,25,6,urban,0.005144864952752364,21.6,78.0,110.0,5.3,0,6.393713,5.7,2025-01-27,Mon-Th,0,6
3.0,Mon-Th,23,11,3,urban,0.013547868332806953,13.1,76.0,17.0,11.3,0,13.44988,13.8,2025-01-27,Mon-Th,0,6
3.0,Mon-Th,13,10,9,urban,0.0216365063184163,15.4,55.0,382.0,6.1,0,13.532845,9.88,2025-01-27,Mon-Th,0,6
3.0,Mon-Th,18,31,5,urban,0.008761572495255446,19.8,42.0,301.0,15.2,0,25.369495,2.57,2025-01-27,Mon-Th,0,6
3.0,Mon-Th,19,28,12,urban,0.03729132550910104,6.4,70.0,55.0,7.4,0,11.525724,12.22,2025-01-27,Mon-Th,0,6
3.0,Mon-Th,21,16,6,urban,0.0006091059482813271,28.1,35.0,318.0,9.1,0,24.467851,3.28,2025-01-28,Mon-Th,0,6
3.0,Mon-Th,23,14,3,urban,0.04234087237974615,21.1,57.0,337.0,5.2,0,11.383711,7.68,2025-01-28,Mon-Th,0,6
3.0,Mon-Th,13,19,6,urban,0.002787043433370613,15.4,50.0,581.0,4.5,0,7.110332,15.9,2025-01-28,Mon-Th,0,6
3.0,Mon-Th,17,19,5,urban,0.038354081247727545,17.1,64.0,80.0,14.9,0,2.593448,3.03,2025-01-28,Mon-Th,0,6
3.0,Mon-Th,9,29,3,urban,0.03713064663555533,9.0,47.0,1.0,29.8,0,17.007533,11.59,2025-01-28,Mon-Th,0,6
3.0,Mon-Th,23,15,6,urban,0.041220277292489796,-3.1,76.0,1.0,10.3,0,39.391862,5.49,2025-01-28,Mon-Th,0,6
3.0,Mon-Th,3,10,6,urban,0.03397191852228061,4.4,47.0,48.0,3.9,0,2.800579,6.31,2025-01-29,Mon-Th,0,12
3.0,Mon-Th,18,24,3,urban,0.03240261093201395,11.5,66.0,73.0,8.2,0,17.598644,4.54,2025-01-29,Mon-Th,0,12
3.0,Mon-Th,21,7,5,urban,0.009842101123324076,24.1,33.0,417.0,1.5,0,17.552727,14.73,2025-01-29,Mon-Th,0,12
3.0,Mon-Th,1,29,3,urban,0.015368907830251707,0.7,57.0,30.0,21.7,0,10.981746,9.47,2025-01-29,Mon-Th,0,12
3.0,Mon-Th,3,10,6,urban,0.00727084958237079,16.5,40.0,337.0,6.7,0,16.020735,9.19,2025-01-29,Mon-Th,0,12
3.0,Mon-Th,16,20,4,urban,0.039796441487143154,25.1,64.0,130.0,16.1,0,2.0,4.13,2025-01-29,Mon-Th,0,12
3.0,Mon-Th,21,10,6,urban,0.00504843867611298,17.9,38.0,261.0,14.1,0,13.100363,2.47,2025-01-29,Mon-Th,0,12
3.0,Mon-Th,18,3,3,urban,0.06369449981656103,6.2,99.0,364.0,16.0,0,3.265755,12.8,2025-01-29,Mon-Th,0,12
3.0,Mon-Th,13,18,5,urban,0.03511172812662537,14.1,62.0,132.0,7.9,0,15.308381,6.84,2025-01-29,Mon-Th,0,12
3.0,Mon-Th,11,8,5,urban,0.04359932424831159,9.9,37.0,299.0,11.1,0,7.568933,10.17,2025-01-29,Mon-Th,0,12
3.0,Mon-Th,5,21,4,urban,0.03798885810556532,2.5,70.0,0.0,12.7,0,18.974894,5.7,2025-01-29,Mon-Th,0,12
3.0,Mon-Th,19,5,3,urban,0.040487715829411845,14.5,26.0,384.0,10.6,0,16.73658,20.23,2025-01-29,Mon-Th,0,12
3.0,Mon-Th,2,30,4,urban,0.039754258250185054,19.0,30.0,428.0,29.8,0,22.27821,11.99,2025-01-30,Mon-Th,0,3
3.0,Mon-Th,15,29,4,urban,0.03872175475647169,9.2,78.0,295.0,14.4,0,5.885705,5.94,2025-01-30,Mon-Th,0,3
3.0,Mon-Th,18,11,2,sub-urban,0.002263745356132824,15.0,32.0,119.0,13.5,0,12.896892,55.13,2025-01-30,Mon-Th,0,3
3.0,Mon-Th,3,23,6,urban,0.006333275324616395,8.1,90.0,63.0,5.0,0,15.876454,5.34,2025-02-03,Mon-Th,0,7
3.0,Mon-Th,11,25,3,urban,0.003486174483927518,3.2,48.0,139.0,12.0,0,14.168481,19.29,2025-02-03,Mon-Th,0,7
3.0,Mon-Th,16,9,4,urban,0.010564449900004283,22.2,30.0,426.0,6.3,0,10.328227,30.86,2025-02-03,Mon-Th,0,7
3.0,Mon-Th,20,6,5,urban,0.030193245259684386,17.0,63.0,246.0,7.0,0,12.750111,61.49,2025-02-03,Mon-Th,0,7
3.0,Mon-Th,9,9,5,urban,0.0037050007657593613,22.7,50.0,476.0,15.2,0,14.392583,9.59,2025-02-03,Mon-Th,0,7
3.0,Mon-Th,19,12,6,urban,0.035252737396305515,12.3,91.0,54.0,16.2,0,5.899513,17.25,2025-02-03,Mon-Th,0,7
3.0,Mon-Th,11,6,7,urban,0.006941113440133425,28.3,38.0,494.0,7.7,0,23.876165,8.6,2025-02-03,Mon-Th,0,7
3.0,Mon-Th,19,4,12,urban,0.040358523294610066,12.6,100.0,0.0,3.8,0,6.669876,7.94,2025-02-04,Mon-Th,0,6
3.0,Mon-Th,9,4,9,urban,0.03663033450457425,12.3,98.0,1.0,5.5,0,12.53436,16.08,2025-02-04,Mon-Th,0,6
3.0,Mon-Th,11,10,5,urban,0.04234068277149214,9.9,59.0,306.0,12.5,0,7.231688,13.0,2025-02-04,Mon-Th,0,6
3.0,Mon-Th,14,11,5,urban,0.002486247832832814,15.0,52.0,269.0,14.1,0,36.411564,7.16,2025-02-04,Mon-Th,0,6
3.0,Mon-Th,5,13,6,urban,0.02090327121818983,14.7,66.0,619.0,8.3,0,17.719462,0.67,2025-02-04,Mon-Th,0,6
3.0,Mon-Th,18,13,3,urban,0.019210587236397125,4.1,66.0,248.0,10.5,0,4.188293,10.35,2025-02-04,Mon-Th,0,6
3.0,Mon-Th,16,6,5,urban,0.0008834987875183586,15.8,49.0,278.0,25.6,0,20.899054,13.7,2025-02-05,Mon-Th,0,6
3.0,Mon-Th,22,23,5,urban,0.0016330410486824314,22.7,100.0,520.0,6.3,0,4.525089,6.22,2025-02-05,Mon-Th,0,6
3.0,Mon-Th,11,11,4,urban,0.031178939289969954,1.8,93.0,1.0,4.4,0,10.898687,11.66,2025-02-05,Mon-Th,0,6
3.0,Mon-Th,14,16,6,urban,0.005526462178260559,27.1,32.0,287.0,6.4,0,20.765588,7.4,2025-02-05,Mon-Th,0,6
3.0,Mon-Th,4,9,5,urban,0.0014216248001422344,0.8,63.0,113.0,17.1,0,2.0,12.68,2025-02-05,Mon-Th,0,6
3.0,Mon-Th,13,28,5,urban,0.04500359603377233,7.9,38.0,235.0,14.6,0,4.401669,4.64,2025-02-05,Mon-Th,0,6
3.0,Mon-Th,20,10,12,urban,0.04377146434719386,10.4,98.0,1.0,9.5,0,15.820505,6.33,2025-02-06,Mon-Th,0,4
3.0,Mon-Th,22,30,6,urban,0.03441627520051786,11.1,71.0,1.0,5.0,0,18.346276,4.13,2025-02-06,Mon-Th,0,4
3.0,Mon-Th,16,6,4,urban,0.03950014006330443,9.0,56.0,192.0,11.6,0,8.082228,24.43,2025-02-06,Mon-Th,0,4
3.0,Mon-Th,0,22,4,urban,0.0436288048163248,25.6,36.0,272.0,6.1,0,8.860023,15.4,2025-02-06,Mon-Th,0,4
3.0,Mon-Th,13,6,9,urban,0.03958852259374963,26.0,87.0,459.0,14.8,0,22.550949,2.98,2025-02-10,Mon-Th,0,3
3.0,Mon-Th,16,29,5,sub-urban,0.04366531925926723,22.8,30.0,539.0,14.8,0,15.025486,10.28,2025-02-10,Mon-Th,0,3
3.0,Mon-Th,4,11,3,urban,0.01521104262747548,1.8,99.0,437.0,9.2,0,18.509922,12.37,2025-02-10,Mon-Th,0,3
3.0,Mon-Th,5,19,8,urban,0.04303472362935792,12.5,77.0,80.0,17.0,0,13.485377,17.83,2025-02-11,Mon-Th,0,4
3.0,Mon-Th,18,23,3,urban,0.04363266736684194,18.2,54.0,268.0,5.1,0,39.858848,2.77,2025-02-11,Mon-Th,0,4
3.0,Mon-Th,15,3,6,urban,0.004817935937288508,10.1,30.0,545.0,5.3,0,15.104128,10.31,2025-02-11,Mon-Th,0,4
3.0,Mon-Th,19,26,6,sub-urban,0.003258307222178395,14.4,52.0,498.0,4.9,0,5.183009,13.65,2025-02-11,Mon-Th,0,4
3.0,Mon-Th,22,6,5,urban,0.028099312592165096,15.3,76.0,559.0,5.4,0,17.165878,12.89,2025-02-12,Mon-Th,0,3
3.0,Mon-Th,21,30,6,urban,0.004879247795831433,15.3,55.0,361.0,4.6,0,24.691852,22.13,2025-02-12,Mon-Th,0,3
3.0,Mon-Th,23,10,5,urban,0.04610810106213117,16.0,64.0,243.0,14.1,0,12.111412,2.85,2025-02-12,Mon-Th,0,3
3.0,Mon-Th,22,30,4,urban,0.01392892804056512,2.1,56.0,20.0,27.2,0,10.63435,4.39,2025-02-13,Mon-Th,0,6
3.0,Mon-Th,11,19,5,urban,0.006621117594787238,22.2,24.0,414.0,5.8,0,14.502842,3.49,2025-02-13,Mon-Th,0,6
3.0,Mon-Th,23,1,6,urban,0.03621818227708786,13.4,59.0,220.0,6.8,0,12.969432,10.79,2025-02-13,Mon-Th,0,6
3.0,Mon-Th,4,6,5,urban,0.03477625244574264,13.4,25.0,280.0,14.6,0,11.515674,10.14,2025-02-13,Mon-Th,0,6
3.0,Mon-Th,15,24,4,urban,0.0422836816774465,25.3,69.0,0.0,10.4,0,17.141679,8.32,2025-02-13,Mon-Th,0,6
3.0,Mon-Th,4,13,6,urban,0.0033885727819963417,23.4,64.0,13.0,13.0,0,11.393044,15.06,2025-02-13,Mon-Th,0,6
3.0,Mon-Th,21,21,6,urban,0.0057068613446429155,24.9,66.0,391.0,14.0,0,19.190158,34.52,2025-02-17,Mon-Th,0,5
3.0,Mon-Th,11,29,6,urban,0.006021325608714052,1.4,50.0,83.0,11.4,0,6.767332,3.08,2025-02-17,Mon-Th,0,5
3.0,Mon-Th,0,7,3,urban,0.04001452725415052,13.8,80.0,15.0,2.9,0,16.137187,11.9,2025-02-17,Mon-Th,0,5
3.0,Mon-Th,18,3,3,urban,0.04451434736527472,6.8,54.0,262.0,17.2,0,23.162699,9.61,2025-02-17,Mon-Th,0,5
3.0,Mon-Th,15,8,6,urban,0.019904148882599434,12.0,25.0,512.0,9.5,0,19.902219,10.79,2025-02-17,Mon-Th,0,5
3.0,Mon-Th,20,29,4,urban,0.016757102334759973,15.6,71.0,100.0,13.3,0,14.394572,13.24,2025-02-18,Mon-Th,0,5
3.0,Mon-Th,21,18,6,urban,0.03434093364292668,24.9,58.0,350.0,4.8,0,7.690891,14.92,2025-02-18,Mon-Th,0,5
3.0,Mon-Th,15,4,5,urban,0.03274975843443924,12.0,57.0,0.0,14.5,0,11.880743,18.68,2025-02-18,Mon-Th,0,5
3.0,Mon-Th,10,27,4,urban,0.039039396219397386,13.0,41.0,380.0,11.5,0,14.089578,7.18,2025-02-18,Mon-Th,0,5
3.0,Mon-Th,11,19,6,urban,0.005340154272961503,14.5,98.0,509.0,6.8,0,26.610824,30.75,2025-02-18,Mon-Th,0,5
3.0,Mon-Th,22,16,6,urban,0.0024181654870951033,3.8,30.0,534.0,7.2,0,8.381194,11.81,2025-02-19,Mon-Th,0,11
3.0,Mon-Th,5,27,3,urban,0.03823928468353394,19.6,65.0,349.0,14.5,0,2.0,15.16,2025-02-19,Mon-Th,0,11
3.0,Mon-Th,19,19,12,urban,0.04157972029290383,-1.6,97.0,0.0,14.8,0,2.0,12.18,2025-02-19,Mon-Th,0,11
3.0,Mon-Th,3,5,3,urban,0.0035816324860835484,5.4,54.0,0.0,3.6,0,14.160617,9.37,2025-02-19,Mon-Th,0,11
3.0,Mon-Th,14,17,4,urban,0.0757840830226227,27.4,63.0,441.0,16.3,0,19.570654,5.76,2025-02-19,Mon-Th,0,11
3.0,Mon-Th,15,13,6,urban,0.0049472149917049995,13.2,64.0,411.0,5.0,0,11.721118,7.3,2025-02-19,Mon-Th,0,11
3.0,Mon-Th,22,5,6,urban,0.0031235164602699027,23.9,54.0,518.0,14.5,0,6.365041,21.05,2025-02-19,Mon-Th,0,11
3.0,Mon-Th,14,31,5,urban,0.004012121877268827,15.3,31.0,14.0,12.3,0,23.051475,10.58,2025-02-19,Mon-Th,0,11
3.0,Mon-Th,11,4,5,urban,0.00829579829436902,10.5,23.0,535.0,13.7,0,9.963349,1.7,2025-02-19,Mon-Th,0,11
3.0,Mon-Th,22,9,8,urban,0.040749216938046354,13.8,58.0,56.0,11.8,0,6.183324,10.53,2025-02-19,Mon-Th,0,11
3.0,Mon-Th,2,2,12,urban,0.026935199185860376,5.0,71.0,0.0,10.0,0,13.633698,11.39,2025-02-19,Mon-Th,0,11
3.0,Mon-Th,1,4,5,urban,0.04497308581001323,3.2,57.0,234.0,6.2,0,17.383364,13.81,2025-02-20,Mon-Th,0,5
3.0,Mon-Th,18,18,6,urban,0.006044085110227384,12.5,40.0,387.0,4.3,0,7.915831,4.57,2025-02-20,Mon-Th,0,5
3.0,Mon-Th,9,10,5,urban,0.00223984560610223,24.6,54.0,386.0,6.6,0,2.573836,16.85,2025-02-20,Mon-Th,0,5
3.0,Mon-Th,16,27,4,urban,0.043091539730299826,22.3,99.0,574.0,4.7,0,6.98047,10.08,2025-02-20,Mon-Th,0,5
3.0,Mon-Th,15,21,6,urban,0.03963133256693637,17.3,50.0,35.0,11.6,0,16.577658,3.18,2025-02-20,Mon-Th,0,5
3.0,Mon-Th,15,21,4,urban,0.03581173087327541,2.5,66.0,0.0,9.6,0,14.037325,4.0,2025-02-24,Mon-Th,0,6
3.0,Mon-Th,16,14,6,urban,0.027774504354633817,4.0,68.0,135.0,21.3,0,4.11781,1.84,2025-02-24,Mon-Th,0,6
3.0,Mon-Th,3,1,7,urban,0.008347598074176224,27.9,35.0,462.0,15.0,0,2.0,13.3,2025-02-24,Mon-Th,0,6
3.0,Mon-Th,21,25,4,urban,0.044239812285013023,17.7,56.0,294.0,7.9,0,23.784338,5.0,2025-02-24,Mon-Th,0,6
3.0,Mon-Th,15,29,3,urban,0.03766166718031329,12.1,63.0,315.0,6.2,0,14.594472,12.17,2025-02-24,Mon-Th,0,6
3.0,Mon-Th,23,11,4,urban,0.028492171384828645,4.6,46.0,188.0,15.2,0,18.413543,11.16,2025-02-24,Mon-Th,0,6
3.0,Mon-Th,11,16,5,urban,0.00258519564902802,19.9,28.0,483.0,3.2,0,9.281444,4.65,2025-02-25,Mon-Th,0,8
3.0,Mon-Th,13,4,6,urban,0.0028150162953219206,22.8,37.0,462.0,4.3,0,18.847108,2.42,2025-02-25,Mon-Th,0,8
3.0,Mon-Th,11,21,6,urban,0.03443079894025651,21.5,63.0,357.0,5.9,0,17.086501,10.9,2025-02-25,Mon-Th,0,8
3.0,Mon-Th,9,2,5,urban,0.00820473142928456,10.5,98.0,0.0,8.7,0,19.214589,9.16,2025-02-25,Mon-Th,0,8
3.0,Mon-Th,16,4,3,urban,0.05043983216518831,13.3,55.0,201.0,7.8,0,13.558817,19.78,2025-02-25,Mon-Th,0,8
3.0,Mon-Th,3,8,6,urban,0.010912129517026404,5.1,76.0,263.0,12.7,0,33.106026,10.99,2025-02-25,Mon-Th,0,8
3.0,Mon-Th,19,12,4,urban,0.008900127472826133,12.2,36.0,369.0,11.8,0,17.886435,10.77,2025-02-25,Mon-Th,0,8
3.0,Mon-Th,11,21,5,urban,0.0019444276917902378,8.4,33.0,268.0,11.9,0,19.439723,2.22,2025-02-25,Mon-Th,0,8
3.0,Mon-Th,18,4,9,urban,0.023969348574575174,19.9,50.0,263.0,9.3,0,12.604653,4.12,2025-02-26,Mon-Th,0,10
3.0,Mon-Th,0,16,3,urban,0.03538256063354945,5.8,71.0,1.0,14.5,0,16.846723,12.7,2025-02-26,Mon-Th,0,10
3.0,Mon-Th,11,19,7,urban,0.024149398128668252,7.3,61.0,121.0,19.2,0,10.05596,8.85,2025-02-26,Mon-Th,0,10
3.0,Mon-Th,15,21,3,urban,0.03356252974185467,2.1,52.0,0.0,13.8,0,19.644734,7.22,2025-02-26,Mon-Th,0,10
3.0,Mon-Th,23,20,3,urban,0.03848962923382947,0.6,99.0,0.0,7.4,0,7.770139,14.29,2025-02-26,Mon-Th,0,10
3.0,Mon-Th,21,5,4,urban,0.005656455715395869,20.6,56.0,564.0,5.4,0,2.658927,17.27,2025-02-26,Mon-Th,0,10
3.0,Mon-Th,21,7,4,urban,0.041377076174748964,7.1,29.0,571.0,14.8,0,16.180804,15.21,2025-02-26,Mon-Th,0,10
3.0,Mon-Th,5,10,5,urban,0.03715590190513065,17.1,59.0,267.0,36.5,0,20.342026,3.53,2025-02-26,Mon-Th,0,10
3.0,Mon-Th,6,5,5,urban,0.03837058725224899,2.6,52.0,476.0,6.0,0,21.365826,15.1,2025-02-26,Mon-Th,0,10
3.0,Mon-Th,22,4,3,urban,0.048415776395222654,2.5,94.0,0.0,1.4,0,13.574291,9.3,2025-02-26,Mon-Th,0,10
3.0,Mon-Th,21,29,2,urban,0.0484336290268314,-13.3,90.0,0.0,11.6,0,5.849895,7.21,2025-02-27,Mon-Th,0,12
3.0,Mon-Th,14,26,6,urban,0.007186809853552922,24.3,33.0,441.0,4.6,0,15.713169,3.73,2025-02-27,Mon-Th,0,12
3.0,Mon-Th,12,1,12,urban,0.02981401109295833,2.8,90.0,18.0,11.7,0,12.312023,11.45,2025-02-27,Mon-Th,0,12
3.0,Mon-Th,15,27,3,urban,0.01934732044192919,19.3,56.0,16.0,6.1,0,13.577124,4.71,2025-02-27,Mon-Th,0,12
3.0,Mon-Th,21,21,4,urban,0.03976504418706682,5.3,29.0,365.0,3.9,0,13.590592,1.86,2025-02-27,Mon-Th,0,12
3.0,Mon-Th,10,8,4,urban,0.04197598363271046,1.9,79.0,209.0,6.6,0,8.011216,20.92,2025-02-27,Mon-Th,0,12
3.0,Mon-Th,11,8,5,urban,0.03949709465824356,26.2,28.0,316.0,21.6,0,47.956138,1.34,2025-02-27,Mon-Th,0,12
3.0,Mon-Th,11,14,4,urban,0.012110052588506077,14.4,28.0,516.0,16.5,0,18.894908,11.89,2025-02-27,Mon-Th,0,12
3.0,Mon-Th,11,8,3,urban,0.035503310966448674,2.6,54.0,2.0,3.7,0,15.518732,32.72,2025-02-27,Mon-Th,0,12
3.0,Mon-Th,21,13,12,urban,0.009589581089846665,-2.4,99.0,0.0,6.2,0,13.12552,8.06,2025-02-27,Mon-Th,0,12
3.0,Mon-Th,21,9,9,urban,0.003840701746856174,17.5,38.0,546.0,5.8,0,14.418454,6.57,2025-02-27,Mon-Th,0,12
3.0,Mon-Th,11,18,6,urban,0.006162004426963709,22.6,37.0,456.0,5.1,0,43.997189,7.64,2025-02-27,Mon-Th,0,12
3.0,Mon-Th,21,8,1,urban,0.016067200124455703,4.3,67.0,260.0,6.8,0,14.395039,11.99,2025-03-03,Mon-Th,0,6
3.0,Mon-Th,14,7,3,urban,0.04225574455711325,0.7,60.0,0.0,13.7,0,20.448032,10.14,2025-03-03,Mon-Th,0,6
3.0,Mon-Th,20,22,5,urban,0.004852885293521705,1.1,65.0,397.0,6.9,0,21.239921,14.45,2025-03-03,Mon-Th,0,6
3.0,Mon-Th,18,8,3,urban,0.039303274197962756,16.8,61.0,113.0,3.2,0,11.651584,11.59,2025-03-03,Mon-Th,0,6
3.0,Mon-Th,14,13,4,urban,0.04037724049936377,13.1,68.0,66.0,25.7,0,16.447547,1.37,2025-03-03,Mon-Th,0,6
3.0,Mon-Th,11,26,3,urban,0.04404612661309715,4.9,55.0,336.0,15.7,0,11.901914,12.95,2025-03-03,Mon-Th,0,6
3.0,Mon-Th,19,21,1,urban,0.021183002031881528,0.4,48.0,15.0,15.1,0,41.64594,5.57,2025-03-04,Mon-Th,0,10
3.0,Mon-Th,20,10,6,urban,0.01666998994454587,4.1,26.0,27.0,8.8,0,34.044711,1.71,2025-03-04,Mon-Th,0,10
3.0,Mon-Th,11,27,5,urban,0.007345707516300448,6.5,34.0,341.0,4.4,0,12.699013,17.12,2025-03-04,Mon-Th,0,10
3.0,Mon-Th,23,15,9,urban,0.035925096466445934,11.0,99.0,0.0,6.4,0,12.873448,14.07,2025-03-04,Mon-Th,0,10
3.0,Mon-Th,22,19,12,urban,0.01599847522421153,7.8,48.0,17.0,10.4,0,36.387138,29.76,2025-03-04,Mon-Th,0,10
3.0,Mon-Th,5,21,3,urban,0.002891832097183994,3.9,65.0,210.0,13.5,0,13.958847,12.94,2025-03-04,Mon-Th,0,10
3.0,Mon-Th,13,21,3,urban,0.03392191719366007,18.3,65.0,0.0,3.8,0,33.776871,15.76,2025-03-04,Mon-Th,0,10
3.0,Mon-Th,10,30,5,urban,0.02926488506140012,19.7,58.0,466.0,13.2,0,5.620718,3.66,2025-03-04,Mon-Th,0,10
3.0,Mon-Th,20,8,4,urban,0.04822553477064634,23.4,45.0,440.0,5.5,0,4.470375,4.51,2025-03-04,Mon-Th,0,10
3.0,Mon-Th,11,4,3,urban,0.04721539341345999,1.2,97.0,122.0,8.0,0,2.344413,6.24,2025-03-04,Mon-Th,0,10
3.0,Mon-Th,0,1,4,urban,0.012652093840647128,7.0,63.0,25.0,17.0,0,7.495448,12.07,2025-03-05,Mon-Th,0,6
3.0,Mon-Th,13,19,6,urban,0.009362258601014313,18.4,43.0,393.0,7.1,0,61.471077,6.36,2025-03-05,Mon-Th,0,6
3.0,Mon-Th,0,21,3,urban,0.032443080236705196,6.9,61.0,237.0,13.7,0,13.893015,2.78,2025-03-05,Mon-Th,0,6
3.0,Mon-Th,7,31,5,urban,0.003935216910891372,17.3,50.0,59.0,4.7,0,5.573713,2.75,2025-03-05,Mon-Th,0,6
3.0,Mon-Th,11,4,6,urban,0.0404802671701538,14.5,61.0,25.0,6.2,0,7.21632,6.58,2025-03-05,Mon-Th,0,6
3.0,Mon-Th,16,7,4,urban,0.05013171019657161,3.1,48.0,290.0,13.8,0,13.036507,17.11,2025-03-05,Mon-Th,0,6
3.0,Mon-Th,20,21,10,urban,0.037909446664793366,8.4,72.0,1.0,17.9,0,46.890412,6.59,2025-03-06,Mon-Th,0,10
3.0,Mon-Th,5,19,3,urban,0.027390599217509616,14.9,78.0,2.0,4.8,0,13.925131,2.48,2025-03-06,Mon-Th,0,10
3.0,Mon-Th,15,14,3,urban,0.046415180091713346,-0.2,76.0,0.0,6.8,0,12.339956,6.43,2025-03-06,Mon-Th,0,10
3.0,Mon-Th,22,21,5,urban,0.016606785775293776,5.4,58.0,558.0,15.7,0,12.103464,32.69,2025-03-06,Mon-Th,0,10
3.0,Mon-Th,20,6,5,urban,0.011411022756291588,13.1,51.0,17.0,8.4,0,18.529873,25.46,2025-03-06,Mon-Th,0,10
3.0,Mon-Th,20,30,4,urban,0.016800874414068634,17.4,62.0,287.0,4.8,0,14.685063,39.6,2025-03-06,Mon-Th,0,10
3.0,Mon-Th,22,17,6,urban,0.00489949070275889,14.9,41.0,434.0,4.8,0,5.606081,9.2,2025-03-06,Mon-Th,0,10
3.0,Mon-Th,13,5,5,sub-urban,0.003680226617892702,14.4,34.0,114.0,4.1,0,38.144717,33.41,2025-03-06,Mon-Th,0,10
3.0,Mon-Th,22,14,6,urban,0.039181056229762125,12.7,95.0,0.0,9.6,0,15.128381,9.42,2025-03-06,Mon-Th,0,10
3.0,Mon-Th,5,26,6,urban,0.0013493147113591351,9.2,30.0,536.0,14.3,0,22.903783,17.88,2025-03-06,Mon-Th,0,10
3.0,Mon-Th,14,29,10,urban,0.040907231561389694,6.4,69.0,256.0,16.3,0,3.541795,3.93,2025-03-10,Mon-Th,0,10
3.0,Mon-Th,11,4,5,urban,0.0023840915580471745,3.2,96.0,13.0,4.0,0,8.519116,7.42,2025-03-10,Mon-Th,0,10
3.0,Mon-Th,16,21,5,urban,0.005921176057542542,12.9,45.0,515.0,4.6,0,20.373321,3.32,2025-03-10,Mon-Th,0,10
3.0,Mon-Th,13,19,5,urban,0.007552271824438731,19.8,27.0,237.0,13.0,0,4.622032,13.19,2025-03-10,Mon-Th,0,10
3.0,Mon-Th,11,4,5,urban,0.008421325462439327,15.6,45.0,441.0,5.7,0,15.479719,3.92,2025-03-10,Mon-Th,0,10
3.0,Mon-Th,8,10,5,urban,0.0034095411284930195,17.8,65.0,58.0,6.1,0,2.656729,6.45,2025-03-10,Mon-Th,0,10
3.0,Mon-Th,20,19,6,sub-urban,0.0019345545402286303,15.1,43.0,448.0,33.4,0,7.505413,11.91,2025-03-10,Mon-Th,0,10
3.0,Mon-Th,21,30,7,urban,0.005918737460658032,13.6,88.0,23.0,6.2,0,6.865656,25.46,2025-03-10,Mon-Th,0,10
3.0,Mon-Th,22,9,6,urban,0.041042163778408615,14.0,58.0,0.0,12.1,0,18.157028,14.78,2025-03-10,Mon-Th,0,10
3.0,Mon-Th,11,24,1,urban,0.006643421990800185,1.3,98.0,22.0,26.1,0,8.537013,7.35,2025-03-10,Mon-Th,0,10
3.0,Mon-Th,22,23,7,urban,0.030278357302229306,21.0,79.0,55.0,10.6,0,6.375988,17.07,2025-03-11,Mon-Th,0,7
3.0,Mon-Th,10,17,5,urban,0.005765515675163126,21.0,31.0,520.0,7.1,0,42.864555,11.68,2025-03-11,Mon-Th,0,7
3.0,Mon-Th,14,21,3,urban,0.04455266005438158,19.6,66.0,517.0,15.2,0,12.749192,8.39,2025-03-11,Mon-Th,0,7
3.0,Mon-Th,21,1,3,urban,0.034509621478604695,18.2,55.0,139.0,12.5,0,8.710593,10.75,2025-03-11,Mon-Th,0,7
3.0,Mon-Th,14,8,6,urban,0.04116350369260075,20.4,52.0,2.0,16.6,0,7.48436,5.86,2025-03-11,Mon-Th,0,7
3.0,Mon-Th,21,24,4,urban,0.04057321694256696,15.3,37.0,580.0,5.7,0,2.408702,15.35,2025-03-11,Mon-Th,0,7
3.0,Mon-Th,1,10,3,urban,0.021078714490581605,-5.4,42.0,247.0,5.2,0,9.073965,11.52,2025-03-11,Mon-Th,0,7
3.0,Mon-Th,14,20,8,urban,0.006412468053908523,17.1,87.0,443.0,16.2,0,11.619884,15.75,2025-03-12,Mon-Th,0,9
3.0,Mon-Th,13,5,7,urban,0.003908509645222015,26.5,27.0,522.0,13.3,0,16.55806,10.96,2025-03-12,Mon-Th,0,9
3.0,Mon-Th,14,6,5,urban,0.02260760596319475,15.6,61.0,433.0,6.6,0,14.802528,9.13,2025-03-12,Mon-Th,0,9
3.0,Mon-Th,14,3,5,sub-urban,0.0417190326328737,17.0,64.0,49.0,8.4,0,21.417752,4.27,2025-03-12,Mon-Th,0,9
3.0,Mon-Th,22,6,8,urban,0.016448720680971442,14.3,48.0,296.0,4.9,0,39.077908,14.8,2025-03-12,Mon-Th,0,9
3.0,Mon-Th,20,10,6,urban,0.04131476822148751,11.7,73.0,408.0,6.6,0,13.898415,14.95,2025-03-12,Mon-Th,0,9
3.0,Mon-Th,14,14,3,urban,0.04834976940672856,2.1,52.0,0.0,6.7,0,14.321527,7.93,2025-03-12,Mon-Th,0,9
3.0,Mon-Th,21,7,4,urban,0.02062164955006518,9.8,57.0,456.0,12.5,0,12.010252,11.85,2025-03-12,Mon-Th,0,9
3.0,Mon-Th,14,4,6,urban,0.03935849012383949,18.7,36.0,306.0,13.9,0,14.099908,15.56,2025-03-12,Mon-Th,0,9
3.0,Mon-Th,21,24,5,urban,0.044020452296315515,15.5,23.0,351.0,6.2,0,15.908175,19.78,2025-03-13,Mon-Th,0,6
3.0,Mon-Th,12,16,7,urban,0.002065045824889519,7.4,83.0,51.0,9.0,0,14.81829,25.14,2025-03-13,Mon-Th,0,6
3.0,Mon-Th,21,30,4,urban,0.007616243727191311,21.2,27.0,443.0,4.9,0,16.490326,10.46,2025-03-13,Mon-Th,0,6
3.0,Mon-Th,16,6,1,urban,0.020323798759922195,4.1,67.0,1.0,30.9,0,12.743922,5.46,2025-03-13,Mon-Th,0,6
3.0,Mon-Th,21,7,2,urban,0.019212333851689883,10.4,100.0,22.0,8.1,0,69.321648,5.17,2025-03-13,Mon-Th,0,6
3.0,Mon-Th,8,23,3,urban,0.033459630175381866,-0.9,35.0,1.0,5.6,0,3.539577,52.24,2025-03-13,Mon-Th,0,6
3.0,Mon-Th,7,4,8,urban,0.04135377535152709,15.5,58.0,0.0,15.2,0,7.498331,6.97,2025-03-17,Mon-Th,0,9
3.0,Mon-Th,20,18,3,urban,0.028430169554684016,4.3,70.0,9.0,4.9,0,15.062796,35.27,2025-03-17,Mon-Th,0,9
3.0,Mon-Th,16,11,4,urban,0.0441931999080404,4.0,98.0,65.0,16.7,0,10.548619,8.98,2025-03-17,Mon-Th,0,9
3.0,Mon-Th,2,25,5,urban,0.003592785873560212,11.1,31.0,0.0,4.1,0,13.344437,21.61,2025-03-17,Mon-Th,0,9
3.0,Mon-Th,21,5,4,urban,0.006569565224779514,10.8,44.0,193.0,7.2,0,17.473279,14.93,2025-03-17,Mon-Th,0,9
3.0,Mon-Th,14,28,3,urban,0.006504332849616571,7.5,60.0,256.0,18.6,0,3.348254,4.14,2025-03-17,Mon-Th,0,9
3.0,Mon-Th,5,13,3,urban,0.021908990378423338,6.7,58.0,242.0,8.9,0,3.963305,2.82,2025-03-17,Mon-Th,0,9
3.0,Mon-Th,14,26,4,sub-urban,0.0035136614930551444,22.6,44.0,457.0,8.3,0,22.303507,3.33,2025-03-17,Mon-Th,0,9
3.0,Mon-Th,21,21,6,urban,0.03235825075823483,10.4,86.0,0.0,10.8,0,13.372981,19.77,2025-03-17,Mon-Th,0,9
3.0,Mon-Th,18,19,3,urban,0.04165964423059086,22.8,70.0,25.0,13.9,0,2.317879,2.15,2025-03-18,Mon-Th,0,5
3.0,Mon-Th,20,17,6,urban,0.000747553690539516,15.5,72.0,13.0,12.8,0,9.827405,24.05,2025-03-18,Mon-Th,0,5
3.0,Mon-Th,15,10,3,urban,0.023464926656145718,5.8,71.0,57.0,5.4,0,21.909147,3.15,2025-03-18,Mon-Th,0,5
3.0,Mon-Th,14,4,3,urban,0.02430877089687867,2.2,42.0,27.0,19.5,0,7.910963,10.93,2025-03-18,Mon-Th,0,5
3.0,Mon-Th,19,25,4,urban,0.03806911054243428,-0.0,58.0,1.0,15.3,0,12.932167,63.16,2025-03-18,Mon-Th,0,5
3.0,Mon-Th,20,24,5,urban,0.02112840505165568,23.8,53.0,526.0,5.0,0,12.922999,13.77,2025-03-19,Mon-Th,0,5
3.0,Mon-Th,20,4,5,urban,0.03837210548690951,10.7,24.0,356.0,15.1,0,13.421012,18.67,2025-03-19,Mon-Th,0,5
3.0,Mon-Th,11,8,4,urban,0.0050687016210382504,20.7,27.0,594.0,1.7,0,35.055012,22.79,2025-03-19,Mon-Th,0,5
3.0,Mon-Th,16,4,4,urban,0.041179351823897856,9.0,73.0,214.0,16.5,0,16.456445,7.5,2025-03-19,Mon-Th,0,5
3.0,Mon-Th,18,19,3,urban,0.0275256855085476,4.4,59.0,49.0,5.9,0,33.705795,38.21,2025-03-19,Mon-Th,0,5
3.0,Mon-Th,10,30,4,urban,0.006086482036686486,17.6,32.0,439.0,13.7,0,18.589842,3.42,2025-03-20,Mon-Th,0,7
3.0,Mon-Th,18,7,6,urban,0.03870371340213547,18.3,43.0,202.0,9.9,0,71.953428,3.72,2025-03-20,Mon-Th,0,7
3.0,Mon-Th,16,4,5,urban,0.02482615786649449,5.6,100.0,56.0,13.6,0,13.011389,7.64,2025-03-20,Mon-Th,0,7
3.0,Mon-Th,13,2,5,urban,0.008897382541618894,17.2,27.0,470.0,13.5,0,18.164118,20.9,2025-03-20,Mon-Th,0,7
3.0,Mon-Th,12,21,6,urban,0.04114109242792362,15.2,87.0,259.0,8.0,0,15.869476,5.12,2025-03-20,Mon-Th,0,7
3.0,Mon-Th,13,19,6,urban,0.03326572276222851,20.1,24.0,523.0,8.6,0,17.230457,14.32,2025-03-20,Mon-Th,0,7
3.0,Mon-Th,14,17,3,urban,0.008948096792631342,4.9,53.0,209.0,6.0,0,8.333409,7.74,2025-03-20,Mon-Th,0,7
3.0,Mon-Th,8,5,5,urban,0.03648061300883753,22.9,55.0,427.0,4.7,0,3.457116,3.92,2025-12-22,Mon-Th,0,7
3.0,Mon-Th,15,3,6,urban,0.0058358291009860805,13.4,100.0,445.0,5.3,0,15.123673,3.33,2025-12-22,Mon-Th,0,7
3.0,Mon-Th,16,30,4,urban,0.0066999785533941175,10.9,33.0,452.0,2.8,0,18.313555,5.57,2025-12-22,Mon-Th,0,7
3.0,Mon-Th,13,23,6,urban,0.004579766228174178,23.4,34.0,457.0,5.4,0,16.716597,4.32,2025-12-22,Mon-Th,0,7
3.0,Mon-Th,1,14,5,urban,0.04256184019102847,20.6,39.0,35.0,5.1,0,6.266138,9.61,2025-12-22,Mon-Th,0,7
3.0,Mon-Th,4,26,6,urban,0.0007096352108427297,17.3,38.0,558.0,5.4,0,44.89487,16.92,2025-12-22,Mon-Th,0,7
3.0,Mon-Th,3,27,5,urban,0.024316373759133494,21.0,31.0,350.0,15.7,0,14.567559,10.47,2025-12-22,Mon-Th,0,7
3.0,Mon-Th,11,29,12,urban,0.007735400664437274,13.4,99.0,177.0,6.9,0,21.427125,14.43,2025-12-23,Mon-Th,0,9
3.0,Mon-Th,11,9,6,sub-urban,0.00604627556533076,16.7,25.0,382.0,13.5,0,49.313904,2.5,2025-12-23,Mon-Th,0,9
3.0,Mon-Th,21,14,7,sub-urban,0.07067781250741274,11.9,74.0,16.0,12.5,0,14.191261,8.9,2025-12-23,Mon-Th,0,9
3.0,Mon-Th,3,11,6,urban,0.03462187316593272,3.7,73.0,22.0,20.1,0,44.696817,6.8,2025-12-23,Mon-Th,0,9
3.0,Mon-Th,20,8,5,urban,0.01892527549656198,17.4,97.0,1.0,16.9,0,7.269962,18.6,2025-12-23,Mon-Th,0,9
3.0,Mon-Th,11,29,5,urban,0.02133283644230132,13.2,53.0,254.0,15.0,0,40.705696,3.72,2025-12-23,Mon-Th,0,9
3.0,Mon-Th,20,7,12,urban,0.039307582870638146,3.1,68.0,0.0,13.9,0,12.7838,7.48,2025-12-23,Mon-Th,0,9
3.0,Mon-Th,13,25,6,urban,0.03367408860707148,5.1,60.0,24.0,13.1,0,6.819717,5.75,2025-12-23,Mon-Th,0,9
3.0,Mon-Th,22,21,6,urban,0.03770377406296336,18.2,56.0,258.0,7.7,0,12.128674,2.09,2025-12-23,Mon-Th,0,9
3.0,Mon-Th,7,6,4,urban,0.037081534217832356,7.7,31.0,379.0,13.9,0,20.944922,3.51,2025-12-24,Mon-Th,0,7
3.0,Mon-Th,11,31,4,urban,0.021866088634618898,14.2,76.0,339.0,17.6,0,2.333772,7.65,2025-12-24,Mon-Th,0,7
3.0,Mon-Th,21,27,7,urban,0.0038738316940619332,23.4,55.0,21.0,13.5,0,21.780311,39.74,2025-12-24,Mon-Th,0,7
3.0,Mon-Th,21,16,4,urban,0.007977452884660039,21.5,33.0,509.0,4.0,0,9.332785,7.56,2025-12-24,Mon-Th,0,7
3.0,Mon-Th,8,10,5,urban,0.00854086319061544,21.8,48.0,435.0,6.8,0,12.625247,3.45,2025-12-24,Mon-Th,0,7
3.0,Mon-Th,21,27,6,urban,0.003831794902577221,21.9,58.0,537.0,13.6,0,8.508187,7.98,2025-12-24,Mon-Th,0,7
3.0,Mon-Th,20,12,6,urban,0.00891775615302067,11.1,38.0,138.0,6.8,0,21.606533,3.12,2025-12-24,Mon-Th,0,7
3.0,Mon-Th,6,29,3,urban,0.018672759938228832,8.8,51.0,116.0,7.9,0,9.935393,23.74,2025-12-25,Mon-Th,0,12
3.0,Mon-Th,2,22,5,urban,0.03522141033007579,7.3,95.0,55.0,5.0,0,34.432668,4.9,2025-12-25,Mon-Th,0,12
3.0,Mon-Th,20,1,4,urban,0.03509826430136562,13.4,69.0,0.0,13.6,0,9.440582,12.57,2025-12-25,Mon-Th,0,12
3.0,Mon-Th,11,4,5,urban,0.004183850812442293,7.6,32.0,456.0,14.2,0,14.012217,12.19,2025-12-25,Mon-Th,0,12
3.0,Mon-Th,10,17,3,urban,0.04598054144786347,6.4,53.0,209.0,4.1,0,3.275587,10.23,2025-12-25,Mon-Th,0,12
3.0,Mon-Th,11,23,9,urban,0.005082735905314617,16.4,23.0,551.0,9.2,0,21.165186,4.97,2025-12-25,Mon-Th,0,12
3.0,Mon-Th,10,7,3,urban,0.03695198410241837,7.1,75.0,0.0,13.8,0,14.287224,9.93,2025-12-25,Mon-Th,0,12
3.0,Mon-Th,15,28,3,sub-urban,0.03577545683519439,4.9,83.0,471.0,6.5,0,3.022766,6.57,2025-12-25,Mon-Th,0,12
3.0,Mon-Th,9,9,6,urban,0.03172060858812814,15.6,64.0,304.0,9.7,0,10.429226,5.35,2025-12-25,Mon-Th,0,12
3.0,Mon-Th,13,16,6,urban,0.03718235191673488,26.3,64.0,321.0,13.8,0,17.949957,14.12,2025-12-25,Mon-Th,0,12
3.0,Mon-Th,3,7,6,urban,0.0019686138296434535,10.6,38.0,269.0,6.0,0,6.553737,2.42,2025-12-25,Mon-Th,0,12
3.0,Mon-Th,21,9,4,urban,0.03980134409605469,5.1,90.0,1.0,16.4,0,10.312199,27.24,2025-12-25,Mon-Th,0,12
3.0,Mon-Th,14,8,4,urban,0.00967983360003113,19.3,23.0,586.0,6.3,0,21.055125,3.57,2025-12-29,Mon-Th,0,7
3.0,Mon-Th,20,14,4,urban,0.038905881171317505,14.3,34.0,396.0,10.9,0,20.59475,10.39,2025-12-29,Mon-Th,0,7
3.0,Mon-Th,7,31,12,urban,0.010483264664736426,2.3,56.0,265.0,6.5,0,11.513296,31.24,2025-12-29,Mon-Th,0,7
3.0,Mon-Th,13,29,6,urban,0.03404145901826365,13.9,60.0,21.0,13.6,0,15.072799,12.87,2025-12-29,Mon-Th,0,7
3.0,Mon-Th,3,10,6,urban,0.04095979675149535,22.8,38.0,336.0,16.9,0,10.145582,4.59,2025-12-29,Mon-Th,0,7
3.0,Mon-Th,17,8,6,urban,0.03213682625994086,17.3,59.0,531.0,14.5,0,29.143077,1.45,2025-12-29,Mon-Th,0,7
3.0,Mon-Th,20,9,9,urban,0.006960460630259109,13.9,55.0,142.0,9.6,0,14.486898,2.71,2025-12-29,Mon-Th,0,7
3.0,Mon-Th,11,11,5,urban,0.006514530635042289,15.9,29.0,551.0,5.1,0,8.684651,14.54,2025-12-30,Mon-Th,0,12
3.0,Mon-Th,13,1,4,urban,0.039129713719021575,19.6,53.0,256.0,6.4,0,4.714045,2.85,2025-12-30,Mon-Th,0,12
3.0,Mon-Th,9,4,4,urban,0.0016561756948878614,17.3,34.0,408.0,8.7,0,85.113268,14.03,2025-12-30,Mon-Th,0,12
3.0,Mon-Th,15,22,4,urban,0.01955665678389832,6.7,48.0,13.0,13.4,0,14.510267,8.13,2025-12-30,Mon-Th,0,12
3.0,Mon-Th,20,16,5,urban,0.04026763519566214,22.6,78.0,68.0,8.6,0,3.323787,3.18,2025-12-30,Mon-Th,0,12
3.0,Mon-Th,13,30,6,urban,0.003660555022647177,23.2,49.0,345.0,11.4,0,19.295803,4.84,2025-12-30,Mon-Th,0,12
3.0,Mon-Th,21,4,6,urban,0.04451530206659485,6.7,68.0,578.0,7.9,0,2.267912,3.51,2025-12-30,Mon-Th,0,12
3.0,Mon-Th,3,10,3,urban,0.03935902024303391,4.2,45.0,65.0,14.7,0,16.526516,5.57,2025-12-30,Mon-Th,0,12
3.0,Mon-Th,8,16,3,urban,0.027639252486550425,7.1,73.0,449.0,10.7,0,17.99004,48.83,2025-12-30,Mon-Th,0,12
3.0,Mon-Th,3,2,6,urban,0.03992611465150823,10.2,100.0,0.0,5.9,0,22.250575,26.81,2025-12-30,Mon-Th,0,12
3.0,Mon-Th,14,10,6,urban,0.006904189357515314,22.7,32.0,524.0,10.3,0,16.642271,4.2,2025-12-30,Mon-Th,0,12
3.0,Mon-Th,15,25,5,urban,0.0061753138664059504,14.0,56.0,369.0,9.2,0,2.534872,9.19,2025-12-30,Mon-Th,0,12
3.0,Mon-Th,23,14,5,urban,0.021769357358855726,11.6,70.0,1.0,15.9,0,16.753888,19.84,2025-12-31,Mon-Th,0,7
3.0,Mon-Th,15,1,10,urban,0.00427015604735763,17.1,69.0,0.0,4.2,0,11.54655,7.99,2025-12-31,Mon-Th,0,7
3.0,Mon-Th,11,10,9,urban,0.017436604776415877,12.4,53.0,134.0,14.4,0,13.483286,9.13,2025-12-31,Mon-Th,0,7
3.0,Mon-Th,0,11,5,urban,0.034653868584727326,3.2,94.0,22.0,11.1,0,6.464465,23.47,2025-12-31,Mon-Th,0,7
3.0,Mon-Th,3,17,4,urban,0.0388415368029553,7.9,44.0,0.0,7.6,0,12.985926,15.97,2025-12-31,Mon-Th,0,7
3.0,Mon-Th,11,10,8,urban,0.0025854410458779472,7.9,28.0,446.0,6.1,0,7.798894,2.63,2025-12-31,Mon-Th,0,7
3.0,Mon-Th,18,18,6,urban,0.004795290392075354,18.8,52.0,0.0,11.8,0,48.52199,10.48,2025-12-31,Mon-Th,0,7
3.0,Friday,11,27,10,urban,0.022683414725276563,17.7,51.0,471.0,16.7,0,71.431173,4.93,2025-01-03,Friday,0,3
3.0,Friday,16,28,5,urban,0.01606810349179224,2.4,72.0,23.0,6.5,0,13.880251,7.57,2025-01-03,Friday,0,3
3.0,Friday,17,4,3,urban,0.005217052434608206,4.3,98.0,443.0,7.3,0,67.261213,15.63,2025-01-03,Friday,0,3
3.0,Friday,18,17,4,urban,0.006212706600278844,15.3,35.0,391.0,5.9,0,20.840471,3.25,2025-01-10,Friday,0,9
3.0,Friday,23,21,3,urban,0.030255683100101946,1.3,99.0,0.0,20.3,0,10.235959,9.34,2025-01-10,Friday,0,9
3.0,Friday,8,16,9,urban,0.055460483495351445,15.5,87.0,24.0,5.9,0,39.539348,5.24,2025-01-10,Friday,0,9
3.0,Friday,21,5,6,urban,0.03381937270180519,13.8,47.0,64.0,21.3,0,9.218103,11.87,2025-01-10,Friday,0,9
3.0,Friday,11,10,6,urban,0.00608935048979805,11.7,24.0,398.0,20.8,0,2.756926,7.03,2025-01-10,Friday,0,9
3.0,Friday,20,12,7,urban,0.005578186838450391,12.7,62.0,622.0,6.6,0,19.721435,8.69,2025-01-10,Friday,0,9
3.0,Friday,23,13,6,urban,0.036745680122916256,12.7,88.0,7.0,6.6,0,9.87548,17.66,2025-01-10,Friday,0,9
3.0,Friday,13,8,3,urban,0.04883444994589822,16.1,36.0,504.0,5.9,0,14.528618,5.42,2025-01-10,Friday,0,9
3.0,Friday,18,26,3,urban,0.005751845368764839,15.1,76.0,221.0,4.2,0,19.757612,14.61,2025-01-10,Friday,0,9
3.0,Friday,18,7,5,urban,0.0392111902299012,15.2,98.0,478.0,15.9,0,13.516594,6.83,2025-01-17,Friday,0,7
3.0,Friday,22,10,3,urban,0.03406579154621394,-1.0,96.0,20.0,6.3,0,11.575135,33.95,2025-01-17,Friday,0,7
3.0,Friday,12,10,5,urban,0.005324125247176837,19.4,28.0,533.0,8.7,0,23.250285,4.0,2025-01-17,Friday,0,7
3.0,Friday,18,9,6,urban,0.002854121317281889,10.5,54.0,567.0,9.8,0,17.178091,8.38,2025-01-17,Friday,0,7
3.0,Friday,22,9,8,urban,0.0036418399901785212,15.7,27.0,221.0,4.6,0,9.846394,20.59,2025-01-17,Friday,0,7
3.0,Friday,4,5,10,urban,0.015783224503096556,3.1,91.0,20.0,17.6,0,13.488074,4.9,2025-01-17,Friday,0,7
3.0,Friday,11,21,5,urban,0.0028714919739429466,2.4,57.0,590.0,13.8,0,63.601727,16.51,2025-01-17,Friday,0,7
3.0,Friday,16,31,6,urban,0.0079667011721167,18.2,33.0,412.0,6.3,0,5.336572,12.59,2025-01-24,Friday,0,8
3.0,Friday,17,9,3,urban,0.02472896679542042,10.7,46.0,17.0,8.8,0,7.050787,10.41,2025-01-24,Friday,0,8
3.0,Friday,15,1,2,urban,0.04204567827035562,3.8,49.0,22.0,2.4,0,43.953794,7.18,2025-01-24,Friday,0,8
3.0,Friday,11,4,4,urban,0.010643360450368306,26.1,28.0,491.0,5.8,0,16.453584,2.64,2025-01-24,Friday,0,8
3.0,Friday,14,6,3,urban,0.03557474039506101,2.1,85.0,0.0,9.2,0,13.959344,15.85,2025-01-24,Friday,0,8
3.0,Friday,21,21,7,urban,0.040151059231936806,16.5,63.0,73.0,21.2,0,22.711989,2.36,2025-01-24,Friday,0,8
3.0,Friday,23,29,5,urban,0.03914546158673711,2.3,71.0,426.0,8.6,0,10.448122,8.18,2025-01-24,Friday,0,8
3.0,Friday,11,30,6,urban,0.03611800868449567,23.8,43.0,0.0,3.7,0,9.705072,44.83,2025-01-24,Friday,0,8
3.0,Friday,6,24,3,urban,0.0034062153698423293,8.6,58.0,117.0,8.8,0,24.316308,4.09,2025-01-31,Friday,0,9
3.0,Friday,16,30,5,urban,0.03010752595188409,3.1,98.0,17.0,7.4,0,47.548755,25.53,2025-01-31,Friday,0,9
3.0,Friday,14,7,4,urban,0.0050091400450051945,18.3,59.0,440.0,13.0,0,12.839968,33.57,2025-01-31,Friday,0,9
3.0,Friday,16,9,6,urban,0.036920550446151224,13.2,93.0,447.0,7.3,0,20.249378,6.78,2025-01-31,Friday,0,9
3.0,Friday,4,12,5,urban,0.00456402854252552,8.7,77.0,463.0,11.0,0,9.413881,1.36,2025-01-31,Friday,0,9
3.0,Friday,12,16,4,urban,0.004257899655024191,6.5,59.0,132.0,17.0,0,25.748156,4.78,2025-01-31,Friday,0,9
3.0,Friday,9,29,6,urban,0.003157128417395653,13.0,37.0,558.0,14.6,0,16.811053,2.6,2025-01-31,Friday,0,9
3.0,Friday,16,9,6,urban,0.0009856146203175448,15.3,27.0,425.0,11.2,0,44.798594,5.39,2025-01-31,Friday,0,9
3.0,Friday,22,12,4,urban,0.03685867934369008,13.6,52.0,18.0,17.2,0,17.58529,7.86,2025-01-31,Friday,0,9
3.0,Friday,10,23,5,urban,0.005920235644110943,13.7,31.0,22.0,4.9,0,11.620163,11.58,2025-02-07,Friday,0,8
3.0,Friday,14,19,3,urban,0.02371195771773933,11.8,45.0,67.0,6.0,0,21.052734,49.66,2025-02-07,Friday,0,8
3.0,Friday,4,5,6,urban,0.002115762820833173,6.1,42.0,478.0,14.4,0,19.289245,3.87,2025-02-07,Friday,0,8
3.0,Friday,10,16,3,urban,0.036259527589421574,-4.8,81.0,21.0,5.3,0,9.771127,5.37,2025-02-07,Friday,0,8
3.0,Friday,13,7,7,urban,0.005428449011141418,27.2,32.0,473.0,6.1,0,14.30886,9.74,2025-02-07,Friday,0,8
3.0,Friday,11,27,1,urban,0.022914957528049666,5.2,56.0,18.0,16.8,0,2.994918,7.41,2025-02-07,Friday,0,8
3.0,Friday,18,14,4,urban,0.03017630146117122,-2.0,100.0,0.0,3.9,0,17.144804,7.24,2025-02-07,Friday,0,8
3.0,Friday,21,21,12,urban,0.0024904064036117795,4.0,98.0,17.0,4.5,0,86.931202,24.55,2025-02-07,Friday,0,8
3.0,Friday,11,7,4,urban,0.05265360862782858,3.7,50.0,167.0,5.9,0,20.130189,9.13,2025-02-14,Friday,0,12
3.0,Friday,13,29,3,urban,0.04590342222027193,6.8,46.0,48.0,16.8,0,18.017102,5.99,2025-02-14,Friday,0,12
3.0,Friday,21,27,3,urban,0.014643352443850668,12.1,63.0,381.0,4.1,0,36.24002,14.5,2025-02-14,Friday,0,12
3.0,Friday,8,16,3,urban,0.003238364015989914,2.8,100.0,258.0,5.1,0,4.70244,9.54,2025-02-14,Friday,0,12
3.0,Friday,18,26,6,urban,0.0031137148599150967,17.5,39.0,540.0,11.8,0,18.896067,12.23,2025-02-14,Friday,0,12
3.0,Friday,11,12,6,urban,0.04136382703679889,13.6,67.0,461.0,7.1,0,24.339164,3.23,2025-02-14,Friday,0,12
3.0,Friday,5,3,6,urban,0.03326751935778649,17.0,59.0,1.0,15.1,0,7.243249,35.08,2025-02-14,Friday,0,12
3.0,Friday,14,16,1,urban,0.003168925308245,-0.1,38.0,568.0,16.5,0,19.911689,5.41,2025-02-14,Friday,0,12
3.0,Friday,13,16,6,urban,0.04515045830193145,2.4,62.0,224.0,5.9,0,2.0,3.71,2025-02-14,Friday,0,12
3.0,Friday,7,31,5,urban,0.0395960721063061,9.8,33.0,16.0,9.7,0,14.175466,28.35,2025-02-14,Friday,0,12
3.0,Friday,20,12,6,urban,0.04468678204678832,7.0,35.0,512.0,15.0,0,15.058415,52.75,2025-02-14,Friday,0,12
3.0,Friday,9,20,7,sub-urban,0.0058517259125842646,16.7,55.0,430.0,5.2,0,17.022516,6.78,2025-02-14,Friday,0,12
3.0,Friday,11,4,5,urban,0.002756584029736376,23.1,52.0,346.0,5.5,0,36.266667,2.21,2025-02-21,Friday,0,8
3.0,Friday,12,16,6,urban,0.002624123897418242,1.9,52.0,27.0,17.6,0,22.587747,2.36,2025-02-21,Friday,0,8
3.0,Friday,4,16,3,urban,0.042050438812273584,21.5,60.0,1.0,6.2,0,41.599064,18.2,2025-02-21,Friday,0,8
3.0,Friday,14,5,5,urban,0.004102128651917123,18.0,69.0,266.0,15.0,0,18.7786,4.57,2025-02-21,Friday,0,8
3.0,Friday,10,10,5,urban,0.021571510825177238,10.5,76.0,2.0,8.2,0,16.697057,18.91,2025-02-21,Friday,0,8
3.0,Friday,20,27,5,urban,0.007032914004451225,11.5,26.0,235.0,7.3,0,9.25014,14.92,2025-02-21,Friday,0,8
3.0,Friday,7,30,8,urban,0.003069671706713307,16.4,31.0,193.0,5.3,0,18.939401,10.36,2025-02-21,Friday,0,8
3.0,Friday,9,19,3,urban,0.010456798821927994,9.1,26.0,208.0,15.8,0,4.009368,2.93,2025-02-21,Friday,0,8
3.0,Friday,11,29,8,urban,0.0018038974617228245,11.5,50.0,271.0,2.9,0,19.885163,9.53,2025-02-28,Friday,0,13
3.0,Friday,23,9,3,urban,0.041101162160511545,16.0,55.0,173.0,7.8,0,11.154728,8.5,2025-02-28,Friday,0,13
3.0,Friday,16,6,5,urban,0.031510947304295406,11.4,98.0,23.0,4.5,0,19.381307,11.6,2025-02-28,Friday,0,13
3.0,Friday,16,27,5,urban,0.0071422533982153785,10.6,53.0,464.0,11.4,0,19.552812,10.74,2025-02-28,Friday,0,13
3.0,Friday,18,19,7,urban,0.0069321067718562356,21.4,32.0,552.0,7.7,0,22.311238,12.4,2025-02-28,Friday,0,13
3.0,Friday,22,13,9,urban,0.0019920244329329176,16.7,54.0,529.0,4.2,0,19.042753,10.17,2025-02-28,Friday,0,13
3.0,Friday,10,27,5,urban,0.0024283749842273043,19.2,30.0,1.0,3.9,0,14.015328,10.85,2025-02-28,Friday,0,13
3.0,Friday,16,27,4,urban,0.04511382542446303,18.3,56.0,59.0,13.6,0,13.158495,37.57,2025-02-28,Friday,0,13
3.0,Friday,17,9,12,urban,0.020221065183189852,2.6,99.0,1.0,15.7,0,18.819101,3.86,2025-02-28,Friday,0,13
3.0,Friday,4,13,3,urban,0.0273424686760294,-0.4,54.0,30.0,4.5,0,19.088863,9.65,2025-02-28,Friday,0,13
3.0,Friday,21,7,6,urban,0.005268363982651348,26.1,60.0,390.0,9.3,0,17.06296,30.97,2025-02-28,Friday,0,13
3.0,Friday,22,7,6,urban,0.03675428079419902,14.6,42.0,438.0,11.6,0,5.438287,19.49,2025-02-28,Friday,0,13
3.0,Friday,14,6,5,urban,0.0024206297033375476,19.5,38.0,0.0,4.5,0,42.488429,4.16,2025-02-28,Friday,0,13
3.0,Friday,16,10,6,urban,0.04501515220034042,15.4,70.0,164.0,9.2,0,19.609865,33.32,2025-03-07,Friday,0,9
3.0,Friday,21,7,5,urban,0.018895533300263986,4.2,100.0,1.0,22.3,0,3.358873,6.76,2025-03-07,Friday,0,9
3.0,Friday,4,11,3,urban,0.00670229399436513,7.2,50.0,212.0,2.8,0,14.825217,2.48,2025-03-07,Friday,0,9
3.0,Friday,11,10,5,urban,0.006129178343642591,10.2,81.0,25.0,4.3,0,14.600676,8.85,2025-03-07,Friday,0,9
3.0,Friday,16,29,5,urban,0.0036960540742290503,12.7,33.0,245.0,4.5,0,65.906969,40.09,2025-03-07,Friday,0,9
3.0,Friday,16,14,5,urban,0.031535031949596073,14.9,47.0,25.0,7.9,0,2.688045,11.49,2025-03-07,Friday,0,9
3.0,Friday,4,11,3,urban,0.03588043564246244,5.0,50.0,161.0,4.9,0,9.598507,33.18,2025-03-07,Friday,0,9
3.0,Friday,4,21,12,urban,0.011653871884958242,2.5,100.0,21.0,13.5,0,15.666922,29.71,2025-03-07,Friday,0,9
3.0,Friday,21,24,3,urban,0.003677535441588272,5.0,67.0,206.0,8.5,0,9.874426,8.4,2025-03-07,Friday,0,9
3.0,Friday,10,8,4,urban,0.007560957518760087,14.9,51.0,579.0,4.3,0,6.957782,12.19,2025-03-14,Friday,0,10
3.0,Friday,10,7,9,urban,0.04182697758645337,21.6,51.0,227.0,6.3,0,20.542421,9.54,2025-03-14,Friday,0,10
3.0,Friday,11,7,4,urban,0.007770444080661597,22.4,37.0,421.0,10.8,0,14.58718,10.01,2025-03-14,Friday,0,10
3.0,Friday,10,16,8,urban,0.04229470656016421,18.7,58.0,200.0,7.9,0,2.625864,9.74,2025-03-14,Friday,0,10
3.0,Friday,15,1,3,urban,0.037978657004262555,16.5,60.0,194.0,6.0,0,11.958433,10.2,2025-03-14,Friday,0,10
3.0,Friday,13,30,3,urban,0.0017968581771395692,-0.4,53.0,2.0,5.2,0,21.032384,7.87,2025-03-14,Friday,0,10
3.0,Friday,9,19,9,urban,0.0033218423148781953,28.7,23.0,359.0,6.8,0,15.385991,22.02,2025-03-14,Friday,0,10
3.0,Friday,16,10,3,urban,0.005132937174433285,-1.4,79.0,562.0,5.4,0,34.599963,21.92,2025-03-14,Friday,0,10
3.0,Friday,22,7,3,urban,0.044202162916146655,5.9,35.0,20.0,6.3,0,42.454825,5.83,2025-03-14,Friday,0,10
3.0,Friday,10,15,9,urban,0.0029937678624959857,18.2,98.0,428.0,17.4,0,42.912753,6.81,2025-03-14,Friday,0,10
3.0,Friday,1,14,6,urban,0.0455756275974452,9.2,98.0,199.0,13.3,0,6.661476,8.55,2025-12-26,Friday,0,14
3.0,Friday,11,27,5,urban,0.003532974188545323,14.9,100.0,19.0,4.7,0,12.826513,10.88,2025-12-26,Friday,0,14
3.0,Friday,10,18,3,urban,0.004706511082039655,8.0,99.0,1.0,4.8,0,19.136509,13.0,2025-12-26,Friday,0,14
3.0,Friday,10,23,5,urban,0.004417190889439374,11.1,97.0,581.0,13.2,0,18.524357,1.15,2025-12-26,Friday,0,14
3.0,Friday,9,23,3,urban,0.04544812712084063,3.6,58.0,215.0,14.6,0,20.006994,2.75,2025-12-26,Friday,0,14
3.0,Friday,8,3,4,urban,0.004887082241236571,5.7,72.0,361.0,27.7,0,16.127778,8.71,2025-12-26,Friday,0,14
3.0,Friday,21,5,6,urban,0.003238541887532143,12.6,26.0,598.0,4.1,0,2.310067,2.73,2025-12-26,Friday,0,14
3.0,Friday,18,3,3,urban,0.045425594209550155,8.0,71.0,470.0,11.8,0,22.184596,33.03,2025-12-26,Friday,0,14
3.0,Friday,15,23,6,urban,-0.00031,14.5,99.0,0.0,13.3,0,18.191151,40.15,2025-12-26,Friday,0,14
3.0,Friday,12,30,3,urban,0.0031489655409715684,0.4,92.0,168.0,4.1,0,48.869391,5.03,2025-12-26,Friday,0,14
3.0,Friday,9,2,2,urban,0.04123183776846913,21.1,52.0,63.0,17.5,0,7.7786,10.72,2025-12-26,Friday,0,14
3.0,Friday,10,27,11,urban,0.003595517995088483,5.7,31.0,407.0,17.6,0,6.462405,13.74,2025-12-26,Friday,0,14
3.0,Friday,15,31,6,urban,0.007881049436698529,20.4,50.0,363.0,6.1,0,20.975357,8.97,2025-12-26,Friday,0,14
3.0,Friday,15,16,6,urban,0.03937780399364382,23.1,66.0,292.0,6.7,0,19.828317,3.82,2025-12-26,Friday,0,14
3.0,Saturday,21,4,4,urban,0.007714774313843016,15.3,37.0,458.0,7.2,0,20.152102,2.49,2025-01-04,Saturday,0,10
3.0,Saturday,18,4,6,sub-urban,0.003223170089776196,20.5,37.0,159.0,6.7,0,6.679298,4.49,2025-01-04,Saturday,0,10
3.0,Saturday,14,10,6,urban,0.004357142888721969,13.2,35.0,505.0,6.3,0,35.441043,6.03,2025-01-04,Saturday,0,10
3.0,Saturday,0,2,4,urban,0.01492735167608586,5.2,58.0,58.0,20.8,0,19.038494,15.91,2025-01-04,Saturday,0,10
3.0,Saturday,18,20,4,urban,0.048392777585764726,2.9,69.0,431.0,15.5,0,33.576983,11.11,2025-01-04,Saturday,0,10
3.0,Saturday,15,17,6,urban,0.005618513537792994,21.4,32.0,330.0,5.7,0,35.481838,4.68,2025-01-04,Saturday,0,10
3.0,Saturday,20,27,7,urban,0.0005378402143248751,12.7,100.0,11.0,9.7,0,39.597677,12.4,2025-01-04,Saturday,0,10
3.0,Saturday,16,11,5,urban,0.0015626313672718103,11.7,94.0,75.0,9.8,0,13.344832,31.07,2025-01-04,Saturday,0,10
3.0,Saturday,0,7,4,urban,0.04090652199648854,20.2,99.0,45.0,5.7,0,19.295876,2.34,2025-01-04,Saturday,0,10
3.0,Saturday,21,2,6,urban,0.014860676327420072,10.4,79.0,296.0,4.8,0,19.738067,15.71,2025-01-04,Saturday,0,10
3.0,Saturday,0,4,5,urban,0.0071132674736531865,15.8,46.0,59.0,7.0,0,19.152135,9.3,2025-01-11,Saturday,0,8
3.0,Saturday,14,6,5,urban,0.03521948196698788,19.0,86.0,19.0,10.8,0,19.084074,2.61,2025-01-11,Saturday,0,8
3.0,Saturday,11,13,3,urban,0.003861542179558594,10.6,32.0,289.0,7.0,0,15.196386,8.45,2025-01-11,Saturday,0,8
3.0,Saturday,15,11,3,urban,0.04148535636916055,7.8,53.0,0.0,7.2,0,23.198556,7.05,2025-01-11,Saturday,0,8
3.0,Saturday,16,4,6,urban,0.0047412955365305764,18.7,41.0,587.0,14.5,0,16.719932,12.81,2025-01-11,Saturday,0,8
3.0,Saturday,5,8,3,urban,0.022262535153620984,15.5,88.0,0.0,4.2,0,23.65434,35.39,2025-01-11,Saturday,0,8
3.0,Saturday,11,21,3,urban,0.0030529029219682905,5.4,99.0,25.0,7.1,0,16.101337,8.09,2025-01-11,Saturday,0,8
3.0,Saturday,16,10,3,urban,0.006532720196180172,13.7,34.0,1.0,6.8,0,23.161125,5.41,2025-01-11,Saturday,0,8
3.0,Saturday,8,18,6,urban,0.03624686886101783,6.3,69.0,47.0,6.2,0,10.930886,1.91,2025-01-18,Saturday,0,8
3.0,Saturday,8,16,12,urban,0.05101373333348119,12.8,100.0,0.0,15.3,0,11.842347,31.93,2025-01-18,Saturday,0,8
3.0,Saturday,5,13,3,urban,0.03627182155184712,3.4,53.0,571.0,17.1,0,7.799481,6.0,2025-01-18,Saturday,0,8
3.0,Saturday,16,3,4,urban,0.005588744026868842,8.0,32.0,423.0,16.9,0,21.625998,10.71,2025-01-18,Saturday,0,8
3.0,Saturday,15,17,4,urban,0.002848843546552025,14.7,98.0,569.0,11.9,0,14.79245,3.1,2025-01-18,Saturday,0,8
3.0,Saturday,23,10,6,urban,-0.00031,20.9,35.0,466.0,5.0,0,12.633658,12.13,2025-01-18,Saturday,0,8
3.0,Saturday,10,23,4,urban,0.0020501256598148697,20.7,69.0,232.0,4.5,0,8.99736,12.05,2025-01-18,Saturday,0,8
3.0,Saturday,9,24,10,urban,0.014631841809279256,13.0,78.0,136.0,5.5,0,41.894733,3.95,2025-01-18,Saturday,0,8
3.0,Saturday,15,14,12,sub-urban,0.02089177862886501,4.2,94.0,1.0,8.9,0,25.398487,2.29,2025-01-25,Saturday,0,6
3.0,Saturday,17,29,3,urban,0.04179522050781871,-3.6,67.0,130.0,4.6,0,16.534053,14.08,2025-01-25,Saturday,0,6
3.0,Saturday,16,7,4,urban,0.03439282621410802,7.3,84.0,51.0,18.1,0,17.174904,12.03,2025-01-25,Saturday,0,6
3.0,Saturday,2,30,5,urban,0.011626458873878335,20.6,58.0,3.0,8.8,0,20.342874,10.08,2025-01-25,Saturday,0,6
3.0,Saturday,5,8,7,urban,0.0016093113013912726,5.7,100.0,70.0,12.8,0,16.388835,23.24,2025-01-25,Saturday,0,6
3.0,Saturday,11,10,5,urban,0.004528933413289399,20.0,25.0,421.0,6.3,0,15.272828,31.63,2025-01-25,Saturday,0,6
3.0,Saturday,11,14,3,urban,0.037392910975807346,7.7,39.0,328.0,8.7,0,2.928036,10.81,2025-02-01,Saturday,0,5
3.0,Saturday,17,28,5,urban,0.0019088702189225038,6.6,43.0,0.0,9.9,0,24.582262,17.22,2025-02-01,Saturday,0,5
3.0,Saturday,14,21,7,urban,0.005859730680970812,14.9,55.0,201.0,16.2,0,7.503873,10.72,2025-02-01,Saturday,0,5
3.0,Saturday,10,8,5,sub-urban,0.036802481104145614,4.8,68.0,1.0,10.8,0,17.05421,4.4,2025-02-01,Saturday,0,5
3.0,Saturday,13,25,6,urban,0.0044983797498612255,15.1,36.0,443.0,5.8,0,19.726799,2.89,2025-02-01,Saturday,0,5
3.0,Saturday,9,13,9,urban,0.028938807072326524,1.9,98.0,54.0,16.8,0,3.26245,23.23,2025-02-08,Saturday,0,7
3.0,Saturday,21,19,5,urban,0.00708979867782213,8.8,42.0,551.0,5.3,0,18.502312,9.55,2025-02-08,Saturday,0,7
3.0,Saturday,7,7,7,urban,0.005059444020299867,12.4,43.0,502.0,6.1,0,11.125078,8.98,2025-02-08,Saturday,0,7
3.0,Saturday,11,8,4,urban,0.006410208426538724,11.5,49.0,317.0,5.5,0,10.184023,15.61,2025-02-08,Saturday,0,7
3.0,Saturday,14,1,4,urban,0.0431274198599854,2.5,38.0,466.0,16.3,0,41.773152,12.67,2025-02-08,Saturday,0,7
3.0,Saturday,11,21,5,urban,0.04221156713714964,16.0,37.0,462.0,3.7,0,16.729077,2.76,2025-02-08,Saturday,0,7
3.0,Saturday,5,21,9,urban,0.009713399634101503,10.6,64.0,29.0,12.8,0,7.645179,11.42,2025-02-08,Saturday,0,7
3.0,Saturday,3,13,3,urban,0.04245241158778253,5.5,40.0,165.0,7.1,0,19.507723,2.64,2025-02-15,Saturday,0,8
3.0,Saturday,12,21,12,urban,0.03793618546272944,7.1,100.0,129.0,17.8,0,20.050352,2.36,2025-02-15,Saturday,0,8
3.0,Saturday,20,10,3,urban,0.023048485874780887,17.0,56.0,14.0,5.4,0,15.420136,15.18,2025-02-15,Saturday,0,8
3.0,Saturday,15,4,6,urban,0.02416146508584912,15.0,60.0,0.0,5.8,0,45.851085,10.07,2025-02-15,Saturday,0,8
3.0,Saturday,0,6,6,urban,0.002464948996618785,18.7,67.0,235.0,6.2,0,9.871243,10.67,2025-02-15,Saturday,0,8
3.0,Saturday,11,31,5,urban,0.04333390876284157,16.9,59.0,127.0,6.2,0,20.207372,8.94,2025-02-15,Saturday,0,8
3.0,Saturday,2,1,6,urban,0.03500432519330613,15.8,60.0,275.0,6.1,0,17.182225,33.4,2025-02-15,Saturday,0,8
3.0,Saturday,22,6,3,urban,0.002853215672978914,2.7,36.0,51.0,7.0,0,34.918916,24.89,2025-02-15,Saturday,0,8
3.0,Saturday,18,26,6,urban,0.03622431663662697,-6.7,80.0,20.0,1.9,0,12.774912,29.78,2025-02-22,Saturday,0,17
3.0,Saturday,0,7,3,urban,0.03757361998904801,11.6,62.0,50.0,16.8,0,13.097283,4.05,2025-02-22,Saturday,0,17
3.0,Saturday,10,19,1,urban,0.019810456981378975,0.6,94.0,1.0,15.3,0,8.606789,8.0,2025-02-22,Saturday,0,17
3.0,Saturday,19,8,4,urban,0.010155566777328243,21.0,26.0,322.0,15.2,0,11.087949,11.78,2025-02-22,Saturday,0,17
3.0,Saturday,16,11,5,urban,0.034549389447717065,4.9,29.0,410.0,6.0,0,20.313666,6.02,2025-02-22,Saturday,0,17
3.0,Saturday,21,7,4,urban,0.03886338737808563,19.6,58.0,489.0,4.1,0,3.593252,14.13,2025-02-22,Saturday,0,17
3.0,Saturday,20,4,6,urban,0.03707468815613159,8.5,99.0,267.0,13.1,0,13.144555,27.75,2025-02-22,Saturday,0,17
3.0,Saturday,14,30,4,urban,0.010030217480800166,6.3,39.0,415.0,9.8,0,14.78086,8.49,2025-02-22,Saturday,0,17
3.0,Saturday,8,19,5,urban,0.04370473895012375,3.5,75.0,249.0,5.7,0,17.470904,4.05,2025-02-22,Saturday,0,17
3.0,Saturday,2,6,5,urban,0.0009628953737014774,21.8,51.0,584.0,17.5,0,12.582749,4.62,2025-02-22,Saturday,0,17
3.0,Saturday,11,25,5,urban,0.038738433426748944,17.5,59.0,61.0,14.4,0,58.900384,11.52,2025-02-22,Saturday,0,17
3.0,Saturday,13,16,5,urban,0.0055068420504751706,15.0,57.0,525.0,13.7,0,12.864428,8.31,2025-02-22,Saturday,0,17
3.0,Saturday,7,1,2,urban,0.034717724736643904,18.8,65.0,438.0,4.6,0,32.366804,11.54,2025-02-22,Saturday,0,17
3.0,Saturday,14,16,6,urban,0.0025759585895248367,21.5,39.0,570.0,13.1,0,23.127692,4.68,2025-02-22,Saturday,0,17
3.0,Saturday,0,7,9,urban,0.014947950477446837,10.7,49.0,220.0,15.0,0,5.43546,14.27,2025-02-22,Saturday,0,17
3.0,Saturday,14,10,5,urban,0.0023756898726080603,13.1,93.0,1.0,7.1,0,3.532722,1.33,2025-02-22,Saturday,0,17
3.0,Saturday,18,26,6,urban,0.002965379600955316,16.1,38.0,381.0,5.6,0,20.199151,4.16,2025-02-22,Saturday,0,17
3.0,Saturday,8,15,3,urban,0.021379201557453056,7.8,60.0,334.0,32.3,0,10.74521,16.83,2025-03-01,Saturday,0,8
3.0,Saturday,11,16,6,urban,0.004872024783852706,17.6,32.0,346.0,3.4,0,16.037885,5.45,2025-03-01,Saturday,0,8
3.0,Saturday,14,1,3,urban,0.022448009087781707,17.2,62.0,219.0,18.7,0,18.117102,6.28,2025-03-01,Saturday,0,8
3.0,Saturday,2,6,4,urban,0.0348553152993021,4.3,61.0,280.0,14.7,0,19.176405,13.62,2025-03-01,Saturday,0,8
3.0,Saturday,15,1,6,urban,0.030400371027834914,22.3,36.0,250.0,10.4,0,17.484598,3.53,2025-03-01,Saturday,0,8
3.0,Saturday,22,20,5,urban,0.002525839073607291,14.7,39.0,444.0,13.7,0,15.168943,3.66,2025-03-01,Saturday,0,8
3.0,Saturday,13,25,6,urban,0.006647985347434511,17.2,24.0,500.0,14.0,0,37.568115,3.21,2025-03-01,Saturday,0,8
3.0,Saturday,13,16,1,urban,0.043951212284417764,4.0,73.0,19.0,11.9,0,14.366889,5.84,2025-03-01,Saturday,0,8
3.0,Saturday,18,7,7,urban,0.034895725602824244,7.5,86.0,1.0,11.1,0,14.032689,11.21,2025-03-08,Saturday,0,3
3.0,Saturday,0,26,5,urban,0.038854765520043494,13.9,51.0,0.0,5.5,0,6.772424,15.85,2025-03-08,Saturday,0,3
3.0,Saturday,2,9,4,urban,0.04220547515112926,15.1,28.0,230.0,4.0,0,10.528633,15.11,2025-03-08,Saturday,0,3
3.0,Saturday,20,26,3,urban,0.05666868928369653,5.1,47.0,19.0,8.8,0,16.816955,4.06,2025-03-15,Saturday,0,11
3.0,Saturday,22,6,6,urban,-0.00031,-10.0,95.0,45.0,5.6,0,6.042507,10.87,2025-03-15,Saturday,0,11
3.0,Saturday,18,20,3,urban,0.03926673271495453,13.8,58.0,368.0,14.7,0,25.07437,7.65,2025-03-15,Saturday,0,11
3.0,Saturday,18,16,4,sub-urban,0.029549789062376597,5.1,59.0,79.0,10.4,0,15.262074,9.48,2025-03-15,Saturday,0,11
3.0,Saturday,12,21,3,urban,0.016611973250104852,4.8,62.0,395.0,16.3,0,21.405956,5.04,2025-03-15,Saturday,0,11
3.0,Saturday,4,8,6,urban,0.0031161355232490534,16.7,40.0,676.0,21.8,0,2.360656,12.99,2025-03-15,Saturday,0,11
3.0,Saturday,11,5,6,urban,0.0070880122765924584,16.4,65.0,503.0,15.7,0,15.82857,7.21,2025-03-15,Saturday,0,11
3.0,Saturday,0,7,4,urban,0.007250889723599652,0.3,98.0,227.0,4.4,0,18.056232,17.94,2025-03-15,Saturday,0,11
3.0,Saturday,15,13,5,urban,0.03808300019273183,10.2,42.0,257.0,6.7,0,3.261142,14.43,2025-03-15,Saturday,0,11
3.0,Saturday,10,10,4,urban,0.038782802809772074,5.8,29.0,327.0,9.5,0,17.76491,5.77,2025-03-15,Saturday,0,11
3.0,Saturday,16,30,3,urban,0.03618025650965644,1.8,67.0,58.0,12.1,0,18.549514,2.29,2025-03-15,Saturday,0,11
3.0,Saturday,20,10,6,urban,0.03577994727515963,24.6,35.0,366.0,15.1,0,16.293465,4.42,2025-12-27,Saturday,0,11
3.0,Saturday,22,6,4,sub-urban,0.03889527082060653,7.6,89.0,59.0,6.9,0,21.971596,2.68,2025-12-27,Saturday,0,11
3.0,Saturday,12,23,4,urban,0.003040551921005909,20.0,36.0,223.0,19.1,0,14.581681,4.65,2025-12-27,Saturday,0,11
3.0,Saturday,12,28,5,urban,0.035721600092879204,1.6,59.0,16.0,8.3,0,3.466739,9.48,2025-12-27,Saturday,0,11
3.0,Saturday,9,23,8,urban,0.0008632371693098381,13.6,48.0,344.0,6.2,0,20.400241,12.77,2025-12-27,Saturday,0,11
3.0,Saturday,14,7,6,urban,0.002698827383218639,19.5,54.0,344.0,14.2,0,22.344144,4.17,2025-12-27,Saturday,0,11
3.0,Saturday,8,2,5,urban,0.0064274791677038385,10.7,95.0,536.0,4.2,0,10.254521,21.79,2025-12-27,Saturday,0,11
3.0,Saturday,20,9,6,urban,0.003476722404813101,19.6,52.0,416.0,9.6,0,5.572396,13.93,2025-12-27,Saturday,0,11
3.0,Saturday,18,14,3,urban,0.006681037430091692,22.1,50.0,13.0,6.6,0,27.293711,5.94,2025-12-27,Saturday,0,11
3.0,Saturday,2,9,5,urban,0.0015580791733577266,22.4,42.0,518.0,4.4,0,19.282461,5.32,2025-12-27,Saturday,0,11
3.0,Saturday,14,6,6,urban,0.033013082469145145,18.7,70.0,521.0,3.3,0,16.074855,12.57,2025-12-27,Saturday,0,11
3.0,Sunday,16,14,3,urban,0.007230710270331935,16.1,29.0,116.0,18.5,0,10.657285,7.89,2025-01-05,Sunday,0,6
3.0,Sunday,18,10,12,urban,0.041027947061748435,6.6,95.0,19.0,5.8,0,22.809644,13.37,2025-01-05,Sunday,0,6
3.0,Sunday,21,10,6,urban,0.014442366947934594,3.5,35.0,0.0,5.7,0,17.641069,6.11,2025-01-05,Sunday,0,6
3.0,Sunday,18,19,3,urban,0.006234757913634484,20.8,79.0,456.0,5.9,0,20.249319,12.98,2025-01-05,Sunday,0,6
3.0,Sunday,16,17,3,urban,0.03309462225239466,12.4,63.0,24.0,12.4,0,4.341931,12.01,2025-01-05,Sunday,0,6
3.0,Sunday,21,14,6,urban,0.0045944560820833265,11.9,41.0,49.0,9.7,0,11.228367,36.62,2025-01-05,Sunday,0,6
3.0,Sunday,13,1,3,urban,0.004168866049986567,17.0,34.0,32.0,5.1,0,9.161019,4.46,2025-01-12,Sunday,0,7
3.0,Sunday,15,1,4,urban,0.050514866499574894,11.3,85.0,78.0,6.5,0,47.16857,7.99,2025-01-12,Sunday,0,7
3.0,Sunday,14,22,3,urban,0.02612299275042705,1.4,66.0,0.0,14.7,0,5.900247,35.14,2025-01-12,Sunday,0,7
3.0,Sunday,3,16,9,urban,0.03838361486964941,7.8,73.0,1.0,7.4,0,9.94077,19.24,2025-01-12,Sunday,0,7
3.0,Sunday,17,14,6,urban,0.03474342586116187,7.2,51.0,143.0,7.0,0,40.735708,4.84,2025-01-12,Sunday,0,7
3.0,Sunday,4,21,8,urban,0.00014138723812769354,11.6,62.0,247.0,4.5,0,6.503242,1.17,2025-01-12,Sunday,0,7
3.0,Sunday,3,10,6,urban,0.005669078556045474,17.8,99.0,0.0,16.6,0,14.362341,15.38,2025-01-12,Sunday,0,7
3.0,Sunday,11,16,12,urban,0.04056999194305925,3.7,97.0,0.0,10.8,0,15.889096,10.97,2025-01-19,Sunday,0,12
3.0,Sunday,13,10,7,urban,0.0040955234095810126,24.6,51.0,562.0,14.9,0,8.075187,3.36,2025-01-19,Sunday,0,12
3.0,Sunday,16,8,3,urban,0.03635384255768123,0.5,50.0,21.0,19.1,0,23.02745,16.26,2025-01-19,Sunday,0,12
3.0,Sunday,11,27,5,urban,0.004428181365248888,14.9,28.0,435.0,2.4,0,6.47657,8.28,2025-01-19,Sunday,0,12
3.0,Sunday,11,29,12,urban,0.0244342061872634,-4.0,63.0,0.0,16.9,0,17.238074,16.15,2025-01-19,Sunday,0,12
3.0,Sunday,3,4,1,urban,0.037369042001528116,1.6,93.0,0.0,6.7,0,12.566135,11.17,2025-01-19,Sunday,0,12
3.0,Sunday,18,17,3,urban,0.04103610627014721,4.2,61.0,574.0,14.3,0,18.507092,6.56,2025-01-19,Sunday,0,12
3.0,Sunday,22,15,4,urban,0.058813320756473386,0.2,77.0,1.0,17.2,0,22.214218,16.34,2025-01-19,Sunday,0,12
3.0,Sunday,7,9,6,urban,0.00454627257758346,19.3,38.0,386.0,9.1,0,20.076516,9.13,2025-01-19,Sunday,0,12
3.0,Sunday,15,8,5,urban,0.03652343245841494,2.5,60.0,0.0,13.3,0,17.331437,35.2,2025-01-19,Sunday,0,12
3.0,Sunday,18,9,8,urban,0.03728180043738033,13.8,51.0,560.0,3.5,0,13.147649,15.18,2025-01-19,Sunday,0,12
3.0,Sunday,16,20,6,urban,0.00817304570276299,5.4,58.0,442.0,7.7,0,9.270766,17.39,2025-01-19,Sunday,0,12
3.0,Sunday,23,20,5,urban,0.0030595835355404664,5.0,99.0,63.0,7.2,0,20.775321,20.85,2025-01-26,Sunday,0,12
3.0,Sunday,11,8,8,urban,0.006167854790343402,-4.0,61.0,22.0,5.0,0,17.993854,16.07,2025-01-26,Sunday,0,12
3.0,Sunday,4,13,3,urban,0.036859844711631416,1.1,91.0,57.0,10.9,0,4.522925,13.11,2025-01-26,Sunday,0,12
3.0,Sunday,22,21,7,urban,0.021462188642974542,25.5,59.0,417.0,5.4,0,3.608649,2.43,2025-01-26,Sunday,0,12
3.0,Sunday,21,31,7,urban,0.03947930111506928,18.7,48.0,0.0,15.0,0,18.022687,7.88,2025-01-26,Sunday,0,12
3.0,Sunday,18,8,3,urban,0.04486307578072843,1.1,87.0,16.0,12.7,0,12.957336,32.22,2025-01-26,Sunday,0,12
3.0,Sunday,11,9,3,urban,0.005382019048757228,6.7,76.0,271.0,5.0,0,6.965101,3.09,2025-01-26,Sunday,0,12
3.0,Sunday,5,8,5,urban,0.0029898235793465984,8.9,54.0,510.0,5.6,0,40.626086,3.46,2025-01-26,Sunday,0,12
3.0,Sunday,12,4,3,urban,0.03574558261701295,0.0,93.0,26.0,4.3,0,40.305702,9.81,2025-01-26,Sunday,0,12
3.0,Sunday,14,3,6,urban,0.003027831909791568,24.1,32.0,566.0,6.7,0,3.503588,3.44,2025-01-26,Sunday,0,12
3.0,Sunday,3,16,6,urban,0.006194648978834321,21.1,31.0,547.0,6.2,0,15.731929,22.54,2025-01-26,Sunday,0,12
3.0,Sunday,4,29,8,urban,0.046373141231869294,10.6,58.0,133.0,14.7,0,6.04349,14.18,2025-01-26,Sunday,0,12
3.0,Sunday,9,10,5,urban,0.039636706289330595,23.2,82.0,441.0,15.7,0,16.809085,3.91,2025-02-02,Sunday,0,7
3.0,Sunday,16,28,5,urban,0.03674168401403267,7.0,100.0,242.0,17.3,0,15.10486,44.62,2025-02-02,Sunday,0,7
3.0,Sunday,6,16,3,urban,0.04032352463926663,16.8,79.0,496.0,15.6,0,44.96013,8.3,2025-02-02,Sunday,0,7
3.0,Sunday,21,19,6,urban,0.0407349383593804,12.2,87.0,57.0,13.5,0,22.788094,10.12,2025-02-02,Sunday,0,7
3.0,Sunday,21,4,6,urban,0.037091152285947664,17.1,79.0,77.0,5.7,0,13.736283,24.11,2025-02-02,Sunday,0,7
3.0,Sunday,9,16,4,sub-urban,0.04389251519942318,3.4,44.0,1.0,7.0,0,14.337367,15.17,2025-02-02,Sunday,0,7
3.0,Sunday,5,12,3,urban,0.03594448207645351,4.5,98.0,1.0,30.0,0,12.513384,10.99,2025-02-02,Sunday,0,7
3.0,Sunday,23,10,12,urban,0.03394133576938227,11.1,98.0,0.0,9.5,0,17.057214,7.43,2025-02-09,Sunday,0,3
3.0,Sunday,2,30,12,urban,0.04049024224237085,-1.1,57.0,57.0,6.7,0,10.012027,12.07,2025-02-09,Sunday,0,3
3.0,Sunday,8,16,6,urban,0.005147852444380614,24.4,52.0,539.0,5.1,0,16.037184,8.53,2025-02-09,Sunday,0,3
3.0,Sunday,15,26,6,urban,0.038624376230712396,24.2,31.0,509.0,5.9,0,13.190325,3.85,2025-02-16,Sunday,0,7
3.0,Sunday,18,26,3,urban,0.015258424980565281,-2.3,77.0,143.0,2.8,0,14.281023,16.73,2025-02-16,Sunday,0,7
3.0,Sunday,6,27,8,urban,0.0049953021148078525,19.7,50.0,0.0,5.3,0,13.628352,30.79,2025-02-16,Sunday,0,7
3.0,Sunday,13,14,7,urban,0.024088437493722917,14.9,26.0,400.0,17.9,0,8.746386,0.92,2025-02-16,Sunday,0,7
3.0,Sunday,22,14,3,urban,0.036005315590775584,8.9,61.0,227.0,16.8,0,13.424369,12.74,2025-02-16,Sunday,0,7
3.0,Sunday,19,3,3,urban,0.039235588581531436,2.2,99.0,24.0,9.3,0,17.651991,38.75,2025-02-16,Sunday,0,7
3.0,Sunday,4,8,3,urban,0.0037823849056278936,14.9,79.0,523.0,6.7,0,64.520899,11.55,2025-02-16,Sunday,0,7
3.0,Sunday,7,21,8,urban,0.019943819666365496,20.9,59.0,1.0,14.4,0,10.858627,5.4,2025-02-23,Sunday,0,6
3.0,Sunday,12,16,5,urban,0.03417281685146381,12.7,60.0,1.0,15.8,0,6.349937,11.97,2025-02-23,Sunday,0,6
3.0,Sunday,7,26,12,urban,0.03721397798610403,1.3,100.0,0.0,17.8,0,15.25712,15.05,2025-02-23,Sunday,0,6
3.0,Sunday,21,11,8,urban,0.005507118007559205,16.3,97.0,0.0,12.2,0,9.972801,12.22,2025-02-23,Sunday,0,6
3.0,Sunday,3,4,7,urban,0.007147243683150137,16.4,32.0,694.0,6.8,0,19.184261,11.81,2025-02-23,Sunday,0,6
3.0,Sunday,18,9,5,urban,0.0026513944229713243,14.9,23.0,555.0,9.9,0,17.330275,3.0,2025-02-23,Sunday,0,6
3.0,Sunday,18,17,3,urban,0.02559688841404462,-1.0,97.0,379.0,12.2,0,19.275019,17.41,2025-03-02,Sunday,0,8
3.0,Sunday,18,19,6,urban,0.017060664447473173,11.9,82.0,136.0,6.9,0,20.511917,13.68,2025-03-02,Sunday,0,8
3.0,Sunday,15,3,3,urban,0.03663838922045234,13.9,76.0,0.0,6.0,0,42.619537,22.19,2025-03-02,Sunday,0,8
3.0,Sunday,13,22,3,urban,0.037117453413725854,1.3,93.0,1.0,7.4,0,35.163431,22.63,2025-03-02,Sunday,0,8
3.0,Sunday,13,19,6,urban,0.03910063561953104,5.2,47.0,277.0,5.2,0,12.245695,3.09,2025-03-02,Sunday,0,8
3.0,Sunday,20,26,8,urban,0.022548504242248524,6.4,53.0,141.0,6.2,0,4.510589,3.98,2025-03-02,Sunday,0,8
3.0,Sunday,18,5,3,urban,0.0385406571834499,13.2,43.0,0.0,16.7,0,16.798286,8.71,2025-03-02,Sunday,0,8
3.0,Sunday,21,10,6,urban,0.0368200063014615,15.2,40.0,433.0,2.5,0,2.217194,12.29,2025-03-02,Sunday,0,8
3.0,Sunday,5,27,3,urban,0.03556191467428438,16.8,100.0,273.0,15.3,0,19.178038,11.75,2025-03-09,Sunday,0,11
3.0,Sunday,18,15,4,urban,0.03656654016322185,6.6,73.0,20.0,17.6,0,15.397464,13.36,2025-03-09,Sunday,0,11
3.0,Sunday,14,28,5,urban,0.0005261815765106662,17.9,52.0,555.0,7.1,0,19.094895,4.14,2025-03-09,Sunday,0,11
3.0,Sunday,21,25,6,urban,0.03657882098901972,19.1,82.0,7.0,7.6,0,16.197852,24.65,2025-03-09,Sunday,0,11
3.0,Sunday,15,21,3,urban,0.012138901340085457,3.2,100.0,28.0,17.7,0,7.768693,10.88,2025-03-09,Sunday,0,11
3.0,Sunday,18,4,6,urban,0.0033848538576990686,23.3,30.0,376.0,5.2,0,10.008741,24.29,2025-03-09,Sunday,0,11
3.0,Sunday,5,30,4,urban,0.0008166798421176324,14.9,60.0,76.0,5.5,0,45.848623,7.25,2025-03-09,Sunday,0,11
3.0,Sunday,19,2,6,urban,-0.00031,2.0,78.0,24.0,3.2,0,18.068533,9.04,2025-03-09,Sunday,0,11
3.0,Sunday,23,5,12,sub-urban,0.05160426412073655,1.8,99.0,0.0,8.3,0,9.031233,12.12,2025-03-09,Sunday,0,11
3.0,Sunday,22,26,3,urban,0.03515763219541372,3.0,73.0,136.0,3.5,0,3.598622,31.89,2025-03-09,Sunday,0,11
3.0,Sunday,20,17,6,urban,0.038825925530218706,10.5,82.0,16.0,4.0,0,15.819309,12.54,2025-03-09,Sunday,0,11
3.0,Sunday,11,21,5,urban,0.003758927592759053,28.1,25.0,574.0,6.5,0,5.879219,1.2,2025-03-16,Sunday,0,5
3.0,Sunday,10,8,1,urban,0.04953839379078994,-7.4,96.0,2.0,11.1,0,9.810313,26.61,2025-03-16,Sunday,0,5
3.0,Sunday,13,10,7,urban,0.036763632370354654,12.4,86.0,37.0,5.0,0,10.300616,35.77,2025-03-16,Sunday,0,5
3.0,Sunday,19,27,6,urban,0.003570667126394581,26.2,36.0,333.0,18.4,0,7.073681,5.51,2025-03-16,Sunday,0,5
3.0,Sunday,13,28,3,urban,0.0005432631004178945,1.9,58.0,1.0,25.3,0,63.324952,13.46,2025-03-16,Sunday,0,5
3.0,Sunday,21,19,4,urban,0.004775586909878972,12.3,33.0,511.0,6.8,0,21.628436,17.03,2025-12-28,Sunday,0,6
3.0,Sunday,9,12,8,urban,0.03520050497220859,-5.9,88.0,0.0,18.2,0,18.889318,10.56,2025-12-28,Sunday,0,6
3.0,Sunday,15,19,6,urban,0.0008346079028091731,16.1,55.0,432.0,8.2,0,14.082991,1.8,2025-12-28,Sunday,0,6
3.0,Sunday,15,8,3,urban,0.043179247148981574,20.9,81.0,574.0,6.4,0,19.522734,10.99,2025-12-28,Sunday,0,6
3.0,Sunday,10,19,6,urban,0.0012154758915933128,16.0,25.0,53.0,7.0,0,32.428,2.56,2025-12-28,Sunday,0,6
3.0,Sunday,13,18,8,urban,0.039849415772105115,15.6,65.0,258.0,6.4,0,10.242947,45.74,2025-12-28,Sunday,0,6
3.0,Friday,15,17,7,urban,0.0050473648590247085,25.3,59.0,286.0,5.4,1,13.693152,24.35,2025-03-21,Friday,1,8
3.0,Friday,7,1,8,urban,0.038338644891932276,13.4,49.0,505.0,6.7,1,13.437114,10.76,2025-03-21,Friday,1,8
3.0,Friday,10,21,6,urban,0.04326221061409602,14.9,98.0,483.0,6.5,1,13.570751,3.54,2025-03-21,Friday,1,8
3.0,Friday,8,3,3,urban,0.03986940540750566,11.3,85.0,152.0,13.9,1,16.401227,10.44,2025-03-21,Friday,1,8
3.0,Friday,21,7,7,urban,0.0028201764000007007,20.1,72.0,518.0,3.7,1,32.282258,0.51,2025-03-21,Friday,1,8
3.0,Friday,22,26,7,urban,0.04039050290628191,18.8,58.0,246.0,4.9,1,10.762718,24.68,2025-03-21,Friday,1,8
3.0,Friday,4,3,7,urban,0.009904781444445942,17.3,35.0,425.0,5.3,1,19.523455,3.22,2025-03-21,Friday,1,8
3.0,Friday,3,21,7,sub-urban,0.0038366565417360674,24.9,38.0,513.0,4.5,1,8.009239,2.78,2025-03-21,Friday,1,8
3.0,Friday,13,8,7,urban,0.00461376059996595,21.1,36.0,551.0,5.6,1,21.245186,11.74,2025-03-28,Friday,1,7
3.0,Friday,11,27,8,urban,0.003638360606877933,20.7,43.0,501.0,17.5,1,2.808318,7.49,2025-03-28,Friday,1,7
3.0,Friday,23,9,8,urban,0.03493987266483581,15.1,76.0,328.0,6.6,1,18.500392,17.99,2025-03-28,Friday,1,7
3.0,Friday,8,11,8,sub-urban,0.003871281332728435,16.2,52.0,596.0,8.2,1,9.143491,3.74,2025-03-28,Friday,1,7
3.0,Friday,3,17,6,urban,0.039962312013698195,16.0,80.0,0.0,5.7,1,19.299978,9.79,2025-03-28,Friday,1,7
3.0,Friday,22,30,6,urban,0.036501746984536204,19.9,92.0,1.0,3.2,1,6.987742,9.64,2025-03-28,Friday,1,7
3.0,Friday,17,30,7,sub-urban,0.009669756042592289,25.1,48.0,340.0,6.2,1,15.322068,9.27,2025-03-28,Friday,1,7
3.0,Friday,21,6,7,urban,0.002214187819131107,23.2,44.0,574.0,12.5,1,4.775231,3.67,2025-04-04,Friday,1,4
3.0,Friday,17,23,8,urban,0.04021036277889906,25.2,51.0,414.0,6.4,1,52.474422,2.83,2025-04-04,Friday,1,4
3.0,Friday,9,10,7,sub-urban,0.005628496395105184,25.9,35.0,475.0,22.4,1,3.623767,1.99,2025-04-04,Friday,1,4
3.0,Friday,17,23,9,urban,0.051433188955366756,18.8,81.0,1.0,14.6,1,6.635703,5.76,2025-04-04,Friday,1,4
3.0,Friday,14,30,8,urban,0.00636630270289271,15.1,47.0,279.0,4.1,1,10.813606,13.4,2025-04-11,Friday,1,5
3.0,Friday,9,8,9,urban,0.006464232881591686,27.9,84.0,391.0,8.6,1,8.889943,2.53,2025-04-11,Friday,1,5
3.0,Friday,17,8,9,sub-urban,0.004747737592706417,19.7,43.0,596.0,17.0,1,11.637114,45.77,2025-04-11,Friday,1,5
3.0,Friday,20,21,9,urban,0.019522393077351582,1.3,97.0,0.0,8.3,1,15.59008,13.28,2025-04-11,Friday,1,5
3.0,Friday,23,5,9,urban,-0.00015637191950865909,10.8,55.0,709.0,9.6,1,11.809626,17.2,2025-04-11,Friday,1,5
3.0,Friday,6,9,8,urban,0.0019271761651435742,5.4,75.0,213.0,5.2,1,12.076706,20.7,2025-04-18,Friday,1,10
3.0,Friday,14,8,7,urban,0.006447922317362864,24.9,78.0,61.0,13.6,1,16.98231,9.88,2025-04-18,Friday,1,10
3.0,Friday,13,1,7,urban,0.0038444340298186557,29.2,56.0,602.0,17.6,1,4.34507,31.81,2025-04-18,Friday,1,10
3.0,Friday,13,8,7,urban,0.03856858279150301,29.3,36.0,659.0,14.7,1,15.456944,19.92,2025-04-18,Friday,1,10
3.0,Friday,18,8,7,urban,0.005600834991348191,22.8,69.0,592.0,5.1,1,7.173132,4.34,2025-04-18,Friday,1,10
3.0,Friday,2,3,7,urban,0.005217872345559808,24.8,43.0,463.0,8.9,1,21.226762,10.3,2025-04-18,Friday,1,10
3.0,Friday,0,14,6,urban,0.0365631174206267,-2.3,86.0,209.0,13.8,1,14.533757,3.24,2025-04-18,Friday,1,10
3.0,Friday,10,8,6,sub-urban,0.003875646322334185,18.4,38.0,365.0,4.6,1,110.030471,1.97,2025-04-18,Friday,1,10
3.0,Friday,5,3,8,urban,0.03342757273479806,16.1,84.0,26.0,6.4,1,15.699102,3.37,2025-04-18,Friday,1,10
3.0,Friday,12,24,9,urban,0.0033087367323269444,18.2,96.0,22.0,5.8,1,42.222611,8.87,2025-04-18,Friday,1,10
3.0,Friday,21,10,9,urban,0.042624563952458484,16.1,82.0,0.0,5.9,1,7.767069,3.07,2025-04-25,Friday,1,13
3.0,Friday,13,22,8,urban,-0.00031,17.0,73.0,244.0,7.9,1,17.110926,14.43,2025-04-25,Friday,1,13
3.0,Friday,15,7,8,urban,0.004749642163224559,11.3,52.0,453.0,5.2,1,10.816957,12.86,2025-04-25,Friday,1,13
3.0,Friday,14,8,7,urban,0.0034945703135133904,22.2,52.0,475.0,14.0,1,14.270511,7.78,2025-04-25,Friday,1,13
3.0,Friday,18,7,7,urban,0.0020740096722398752,23.5,61.0,208.0,4.4,1,6.314577,12.95,2025-04-25,Friday,1,13
3.0,Friday,22,29,9,urban,0.0031635390212347435,1.4,97.0,533.0,5.7,1,18.38192,24.81,2025-04-25,Friday,1,13
3.0,Friday,14,5,8,urban,0.007749205266943299,24.6,28.0,519.0,8.4,1,20.095196,16.45,2025-04-25,Friday,1,13
3.0,Friday,10,23,3,urban,0.04482377609440872,10.4,32.0,495.0,4.8,1,3.848088,6.63,2025-04-25,Friday,1,13
3.0,Friday,16,14,8,urban,0.0034019934826501836,27.9,28.0,382.0,5.8,1,6.709662,2.51,2025-04-25,Friday,1,13
3.0,Friday,22,24,8,sub-urban,0.004839354475377599,15.7,62.0,568.0,16.5,1,9.46306,8.79,2025-04-25,Friday,1,13
3.0,Friday,12,22,3,urban,0.006679142512581629,13.1,31.0,443.0,15.1,1,13.160956,7.69,2025-04-25,Friday,1,13
3.0,Friday,13,19,7,urban,0.003123348836470847,26.9,34.0,492.0,6.6,1,6.950354,4.04,2025-04-25,Friday,1,13
3.0,Friday,13,13,7,urban,0.0018096263161477442,29.4,50.0,447.0,4.9,1,9.352139,8.75,2025-04-25,Friday,1,13
3.0,Friday,21,13,7,urban,0.006183035174896497,20.0,46.0,343.0,5.1,1,14.076778,6.67,2025-05-02,Friday,1,5
3.0,Friday,13,21,8,urban,0.03621573758448642,20.1,62.0,299.0,14.3,1,18.42025,39.62,2025-05-02,Friday,1,5
3.0,Friday,14,8,7,urban,0.006340774659669983,20.2,28.0,472.0,7.6,1,16.831659,4.87,2025-05-02,Friday,1,5
3.0,Friday,18,21,7,urban,0.004038823332833795,23.7,58.0,533.0,8.2,1,13.622343,3.84,2025-05-02,Friday,1,5
3.0,Friday,0,28,9,urban,0.034115345485450775,15.6,79.0,16.0,6.6,1,7.298255,4.06,2025-05-02,Friday,1,5
3.0,Friday,5,30,7,urban,0.03680201067161106,20.0,97.0,451.0,5.7,1,2.0,17.16,2025-05-09,Friday,1,8
3.0,Friday,12,15,7,urban,0.044138593103514145,19.9,80.0,181.0,4.2,1,9.460378,8.01,2025-05-09,Friday,1,8
3.0,Friday,8,7,8,urban,0.04376240189103342,12.5,65.0,158.0,31.5,1,19.126909,13.61,2025-05-09,Friday,1,8
3.0,Friday,18,7,7,sub-urban,0.005482531841731387,24.6,41.0,396.0,5.5,1,17.915573,13.72,2025-05-09,Friday,1,8
3.0,Friday,6,10,8,urban,0.002295392765993554,16.1,50.0,489.0,2.4,1,13.323825,43.47,2025-05-09,Friday,1,8
3.0,Friday,11,19,7,urban,0.006708895736913951,25.3,31.0,496.0,4.6,1,15.65831,3.77,2025-05-09,Friday,1,8
3.0,Friday,8,13,8,sub-urban,0.006791040365226342,16.2,43.0,335.0,4.5,1,13.044299,21.32,2025-05-09,Friday,1,8
3.0,Friday,14,17,7,urban,0.004610056338176209,29.1,38.0,244.0,5.6,1,3.065989,19.41,2025-05-09,Friday,1,8
3.0,Friday,22,8,7,urban,0.001977948242706787,28.2,30.0,383.0,16.0,1,17.820341,3.14,2025-05-16,Friday,1,5
3.0,Friday,21,6,9,urban,0.03071843997440424,11.3,83.0,16.0,5.2,1,13.925496,7.53,2025-05-16,Friday,1,5
3.0,Friday,23,23,6,urban,0.029450870906934497,13.5,62.0,115.0,7.0,1,17.926758,8.12,2025-05-16,Friday,1,5
3.0,Friday,2,9,9,urban,0.0021197455330194616,13.8,56.0,137.0,4.5,1,5.936371,6.13,2025-05-16,Friday,1,5
3.0,Friday,23,12,9,urban,0.018354553312081162,10.0,94.0,0.0,17.3,1,8.446198,14.72,2025-05-16,Friday,1,5
3.0,Friday,13,19,7,urban,0.0016621940480574375,18.2,35.0,548.0,14.7,1,7.536182,3.97,2025-05-23,Friday,1,3
3.0,Friday,14,10,8,urban,0.007323044815267249,17.5,41.0,205.0,14.7,1,14.638955,3.34,2025-05-23,Friday,1,3
3.0,Friday,21,17,9,urban,0.02807225567361422,3.4,83.0,1.0,4.0,1,17.723746,6.55,2025-05-23,Friday,1,3
3.0,Friday,21,27,9,urban,0.03537439090383479,14.7,100.0,16.0,15.4,1,12.323947,3.59,2025-05-30,Friday,1,10
3.0,Friday,14,7,8,urban,0.0024268262940401806,13.8,63.0,36.0,18.6,1,18.884793,2.61,2025-05-30,Friday,1,10
3.0,Friday,18,21,6,urban,0.0021746311644898412,17.2,76.0,425.0,16.1,1,9.576442,12.67,2025-05-30,Friday,1,10
3.0,Friday,10,4,8,urban,0.013222143580430022,8.0,81.0,78.0,5.0,1,2.667904,19.96,2025-05-30,Friday,1,10
3.0,Friday,21,21,7,urban,0.005475828353732485,26.5,87.0,627.0,6.6,1,2.277002,1.16,2025-05-30,Friday,1,10
3.0,Friday,16,11,8,urban,0.0017875856165261057,19.2,69.0,196.0,9.0,1,6.138801,8.77,2025-05-30,Friday,1,10
3.0,Friday,4,4,6,urban,0.0021755858515637187,20.0,40.0,180.0,6.4,1,15.086189,5.38,2025-05-30,Friday,1,10
3.0,Friday,18,27,8,urban,0.005206172167786663,18.7,48.0,274.0,17.4,1,10.666404,12.38,2025-05-30,Friday,1,10
3.0,Friday,1,21,8,urban,0.025017122825038283,15.5,87.0,447.0,17.2,1,10.128403,9.72,2025-05-30,Friday,1,10
3.0,Friday,15,8,7,urban,0.00451978161821184,18.7,41.0,527.0,16.8,1,23.581936,2.32,2025-05-30,Friday,1,10
3.0,Friday,20,22,3,urban,0.04138862670592288,15.0,68.0,0.0,7.2,1,6.289369,8.01,2025-06-06,Friday,1,3
3.0,Friday,15,29,8,urban,0.008117227335083198,12.4,86.0,105.0,5.1,1,15.274615,23.93,2025-06-06,Friday,1,3
3.0,Friday,13,19,7,urban,0.004561259513109725,28.3,39.0,215.0,15.7,1,18.240408,15.48,2025-06-06,Friday,1,3
3.0,Friday,3,19,6,urban,0.0025879433251664655,13.0,37.0,539.0,7.1,1,45.426638,9.37,2025-06-13,Friday,1,8
3.0,Friday,21,22,8,sub-urban,0.05386789075206365,18.1,52.0,202.0,15.9,1,11.516889,7.61,2025-06-13,Friday,1,8
3.0,Friday,9,4,7,urban,0.0034758072447486077,18.7,60.0,532.0,6.4,1,10.346138,2.72,2025-06-13,Friday,1,8
3.0,Friday,11,7,5,urban,0.03947545856959702,17.7,45.0,322.0,5.9,1,16.432236,4.25,2025-06-13,Friday,1,8
3.0,Friday,18,8,7,urban,0.0061156150895613865,26.6,36.0,393.0,16.6,1,15.587476,10.78,2025-06-13,Friday,1,8
3.0,Friday,11,29,8,urban,0.032791541029956114,14.4,36.0,285.0,6.2,1,16.099131,4.52,2025-06-13,Friday,1,8
3.0,Friday,21,24,7,urban,0.03710208883348273,11.1,85.0,15.0,3.5,1,4.627178,6.39,2025-06-13,Friday,1,8
3.0,Friday,10,23,8,urban,0.003189950657813081,25.2,54.0,403.0,6.4,1,8.053101,25.1,2025-06-13,Friday,1,8
3.0,Friday,3,4,6,urban,0.036232682956408156,13.6,49.0,421.0,6.1,1,2.0,14.93,2025-06-20,Friday,1,4
3.0,Friday,15,16,7,urban,0.0022127344695545815,25.7,34.0,612.0,7.0,1,11.590365,21.71,2025-06-20,Friday,1,4
3.0,Friday,18,7,8,urban,0.00046890803788540367,23.2,59.0,441.0,16.3,1,14.138301,3.92,2025-06-20,Friday,1,4
3.0,Friday,16,5,7,urban,0.008471811335175331,18.9,56.0,469.0,15.1,1,18.273152,0.67,2025-06-20,Friday,1,4
3.0,Saturday,14,16,7,urban,0.03787321931636549,27.7,89.0,331.0,7.5,1,17.288879,1.81,2025-03-22,Saturday,1,5
3.0,Saturday,10,6,7,urban,0.002402240677198605,19.0,82.0,379.0,4.5,1,12.541125,10.88,2025-03-22,Saturday,1,5
3.0,Saturday,10,23,6,urban,0.003134347684320543,17.3,80.0,14.0,17.3,1,4.129248,4.7,2025-03-22,Saturday,1,5
3.0,Saturday,21,19,7,urban,0.00422250017582186,26.7,37.0,449.0,5.4,1,14.797365,11.31,2025-03-22,Saturday,1,5
3.0,Saturday,13,25,7,urban,0.0026330705431997,22.5,50.0,480.0,3.6,1,14.779802,3.77,2025-03-22,Saturday,1,5
3.0,Saturday,3,4,7,urban,0.0028502139992060927,24.2,37.0,631.0,5.5,1,36.958892,3.56,2025-03-29,Saturday,1,2
3.0,Saturday,3,14,7,urban,0.03661597852937917,19.3,59.0,80.0,5.1,1,17.818681,24.95,2025-03-29,Saturday,1,2
3.0,Saturday,8,23,8,urban,0.01530243934203792,17.3,67.0,12.0,6.9,1,23.703335,24.45,2025-04-05,Saturday,1,6
3.0,Saturday,18,21,9,urban,0.034393614880415944,14.1,88.0,446.0,7.2,1,22.781279,7.35,2025-04-05,Saturday,1,6
3.0,Saturday,14,8,3,urban,0.03662328579244132,13.4,63.0,247.0,19.6,1,20.478464,18.04,2025-04-05,Saturday,1,6
3.0,Saturday,13,7,7,urban,0.006042588573733198,25.1,43.0,543.0,3.3,1,14.907583,3.54,2025-04-05,Saturday,1,6
3.0,Saturday,9,23,8,urban,0.0005088120178220919,7.0,100.0,1.0,12.7,1,19.839906,5.46,2025-04-05,Saturday,1,6
3.0,Saturday,18,21,7,urban,0.03737471532752327,15.0,79.0,19.0,3.4,1,13.824511,24.57,2025-04-05,Saturday,1,6
3.0,Saturday,15,2,8,urban,0.03213993950714764,16.0,51.0,341.0,2.1,1,11.965976,2.8,2025-04-12,Saturday,1,6
3.0,Saturday,11,18,7,urban,0.006240857516767794,29.4,33.0,284.0,15.1,1,20.760424,2.01,2025-04-12,Saturday,1,6
3.0,Saturday,1,9,8,urban,0.0015901941365007565,15.3,51.0,12.0,8.0,1,23.562564,9.17,2025-04-12,Saturday,1,6
3.0,Saturday,18,4,7,urban,0.0004160487146322063,25.6,38.0,675.0,4.1,1,6.937408,1.87,2025-04-12,Saturday,1,6
3.0,Saturday,19,25,7,urban,0.05475943810225136,19.1,90.0,37.0,12.1,1,12.833008,15.33,2025-04-12,Saturday,1,6
3.0,Saturday,15,7,8,urban,0.03893852746328734,20.6,59.0,489.0,3.9,1,2.0,6.1,2025-04-12,Saturday,1,6
3.0,Saturday,20,27,7,urban,-0.0002471197112107757,11.2,100.0,569.0,5.4,1,22.829462,28.55,2025-04-19,Saturday,1,7
3.0,Saturday,13,19,6,urban,0.03550510234129635,17.3,61.0,361.0,4.7,1,5.721049,4.92,2025-04-19,Saturday,1,7
3.0,Saturday,20,16,8,urban,0.005376120466085994,17.6,36.0,15.0,5.9,1,17.315042,13.03,2025-04-19,Saturday,1,7
3.0,Saturday,10,23,8,urban,0.03288645828843827,19.8,50.0,547.0,11.6,1,13.075893,3.79,2025-04-19,Saturday,1,7
3.0,Saturday,5,13,7,urban,0.002466392281447551,24.6,51.0,234.0,3.8,1,13.339528,2.8,2025-04-19,Saturday,1,7
3.0,Saturday,12,16,8,urban,0.034368937061962715,-8.5,54.0,2.0,13.7,1,20.752703,29.19,2025-04-19,Saturday,1,7
3.0,Saturday,10,27,7,sub-urban,0.0019244473375327523,26.4,37.0,115.0,5.8,1,6.048285,3.98,2025-04-19,Saturday,1,7
3.0,Saturday,21,15,8,urban,0.00438779935554246,24.6,34.0,519.0,6.1,1,27.212219,3.85,2025-04-26,Saturday,1,7
3.0,Saturday,11,7,7,urban,0.04061934227721995,18.3,51.0,360.0,13.1,1,20.296664,35.17,2025-04-26,Saturday,1,7
3.0,Saturday,14,5,7,sub-urban,0.0028384856401392194,24.0,32.0,516.0,5.4,1,32.363565,2.43,2025-04-26,Saturday,1,7
3.0,Saturday,21,21,7,urban,0.006092224249776615,26.0,33.0,335.0,11.3,1,14.869335,16.5,2025-04-26,Saturday,1,7
3.0,Saturday,8,16,7,urban,0.036092927308721136,15.8,57.0,15.0,10.6,1,5.559465,8.71,2025-04-26,Saturday,1,7
3.0,Saturday,15,30,7,urban,0.004988141733009505,22.0,52.0,546.0,7.6,1,2.451757,2.32,2025-04-26,Saturday,1,7
3.0,Saturday,13,10,7,urban,0.005360524773441244,20.2,48.0,209.0,6.5,1,2.0,2.93,2025-04-26,Saturday,1,7
3.0,Saturday,15,28,8,urban,0.004193931572300876,21.7,83.0,224.0,7.9,1,7.57889,10.72,2025-05-03,Saturday,1,8
3.0,Saturday,14,9,7,urban,0.00644465822816663,18.9,57.0,309.0,16.4,1,13.545843,0.66,2025-05-03,Saturday,1,8
3.0,Saturday,12,1,8,urban,0.006174318371354792,25.6,56.0,445.0,14.3,1,23.153659,2.61,2025-05-03,Saturday,1,8
3.0,Saturday,11,4,9,sub-urban,0.004706920259784947,25.9,30.0,562.0,4.6,1,3.836167,1.26,2025-05-03,Saturday,1,8
3.0,Saturday,14,3,9,urban,0.0036587732878005587,15.9,87.0,164.0,17.1,1,19.584795,2.25,2025-05-03,Saturday,1,8
3.0,Saturday,11,3,7,urban,0.006014306632527956,22.2,61.0,494.0,5.7,1,31.955487,2.94,2025-05-03,Saturday,1,8
3.0,Saturday,15,16,7,sub-urban,0.006192750218420568,25.7,62.0,186.0,8.5,1,19.121702,2.9,2025-05-03,Saturday,1,8
3.0,Saturday,0,7,8,urban,0.03682897031846106,18.4,59.0,320.0,3.4,1,19.007731,4.62,2025-05-03,Saturday,1,8
3.0,Saturday,13,6,9,urban,0.010640515164696732,8.2,81.0,20.0,5.5,1,18.911248,1.72,2025-05-10,Saturday,1,12
3.0,Saturday,16,6,9,urban,0.031822749083164854,15.8,57.0,193.0,3.5,1,12.306303,15.87,2025-05-10,Saturday,1,12
3.0,Saturday,4,20,12,urban,0.031172591858268817,23.8,84.0,362.0,12.6,1,14.085603,1.69,2025-05-10,Saturday,1,12
3.0,Saturday,11,16,8,urban,0.0047513656597807305,19.9,41.0,326.0,11.7,1,40.873597,2.95,2025-05-10,Saturday,1,12
3.0,Saturday,15,4,9,urban,0.0400269025880583,13.2,32.0,0.0,10.1,1,15.409897,2.18,2025-05-10,Saturday,1,12
3.0,Saturday,5,20,8,urban,0.00312111876286038,14.0,75.0,590.0,6.2,1,9.507103,6.48,2025-05-10,Saturday,1,12
3.0,Saturday,6,9,12,urban,0.0355271209057744,0.9,83.0,56.0,15.3,1,7.757503,19.58,2025-05-10,Saturday,1,12
3.0,Saturday,18,19,7,urban,0.006514352946495473,27.2,56.0,427.0,5.9,1,65.14316,17.96,2025-05-10,Saturday,1,12
3.0,Saturday,23,21,12,urban,0.0025975912093736658,-1.4,94.0,0.0,5.1,1,8.468343,18.35,2025-05-10,Saturday,1,12
3.0,Saturday,13,4,7,urban,0.03794184835707356,18.4,59.0,70.0,5.9,1,10.522579,6.24,2025-05-10,Saturday,1,12
3.0,Saturday,9,24,6,urban,0.0135522726630988,12.2,88.0,196.0,7.0,1,9.486905,20.63,2025-05-10,Saturday,1,12
3.0,Saturday,10,5,7,urban,0.00789669627656144,20.8,43.0,491.0,4.0,1,15.723899,4.0,2025-05-10,Saturday,1,12
3.0,Saturday,9,24,7,urban,0.0041652266143221706,24.4,28.0,616.0,19.2,1,6.221478,9.43,2025-05-17,Saturday,1,7
3.0,Saturday,21,2,7,urban,0.0027088901180289597,20.8,57.0,458.0,7.2,1,3.77022,7.49,2025-05-17,Saturday,1,7
3.0,Saturday,8,1,8,urban,0.028308383901254165,16.3,92.0,480.0,14.1,1,18.084541,42.01,2025-05-17,Saturday,1,7
3.0,Saturday,11,7,8,urban,0.004491836846056553,12.6,94.0,125.0,5.5,1,42.99584,9.05,2025-05-17,Saturday,1,7
3.0,Saturday,13,21,7,urban,0.03642637974619533,22.0,91.0,406.0,13.9,1,36.899066,2.88,2025-05-17,Saturday,1,7
3.0,Saturday,20,17,9,urban,0.017991753145725833,12.8,92.0,0.0,3.6,1,10.610129,22.06,2025-05-17,Saturday,1,7
3.0,Saturday,13,19,7,urban,0.0037273396106589592,25.4,39.0,573.0,6.1,1,16.887785,2.77,2025-05-17,Saturday,1,7
3.0,Saturday,14,4,7,urban,0.03743608598821035,25.3,53.0,294.0,5.2,1,17.353157,15.35,2025-05-24,Saturday,1,10
3.0,Saturday,14,8,7,sub-urban,0.006372569746829662,27.3,54.0,569.0,6.5,1,19.11957,3.79,2025-05-24,Saturday,1,10
3.0,Saturday,9,15,7,urban,0.004970311025878115,13.6,49.0,521.0,4.7,1,15.718817,2.15,2025-05-24,Saturday,1,10
3.0,Saturday,21,23,8,urban,-0.00031,13.1,84.0,207.0,12.6,1,17.541331,2.27,2025-05-24,Saturday,1,10
3.0,Saturday,22,9,8,urban,0.003231345043897592,16.2,29.0,189.0,4.5,1,18.901313,14.47,2025-05-24,Saturday,1,10
3.0,Saturday,9,23,6,urban,0.035996454427471326,15.2,65.0,347.0,5.7,1,10.640882,4.82,2025-05-24,Saturday,1,10
3.0,Saturday,21,28,8,urban,0.0010887863366544487,17.5,35.0,235.0,5.5,1,12.419271,26.71,2025-05-24,Saturday,1,10
3.0,Saturday,13,5,7,urban,0.003783030879438663,22.5,46.0,377.0,16.4,1,16.196715,6.63,2025-05-24,Saturday,1,10
3.0,Saturday,3,19,7,urban,0.0035864385861343016,24.8,52.0,485.0,6.6,1,19.095753,3.95,2025-05-24,Saturday,1,10
3.0,Saturday,9,3,7,urban,0.0036720244432035002,23.8,41.0,416.0,7.2,1,14.188694,3.35,2025-05-24,Saturday,1,10
3.0,Saturday,11,4,9,urban,0.006427409629446588,20.1,98.0,410.0,15.8,1,24.550354,1.55,2025-05-31,Saturday,1,13
3.0,Saturday,9,8,7,sub-urban,0.005182604188441317,25.4,36.0,429.0,5.5,1,21.031536,5.56,2025-05-31,Saturday,1,13
3.0,Saturday,9,23,6,urban,0.020682360744386296,18.8,46.0,159.0,15.0,1,19.169858,1.46,2025-05-31,Saturday,1,13
3.0,Saturday,14,3,7,urban,0.006751003530619224,19.7,56.0,448.0,5.6,1,3.23818,3.77,2025-05-31,Saturday,1,13
3.0,Saturday,20,6,7,urban,0.0365023096917072,14.9,88.0,117.0,6.2,1,18.694229,26.56,2025-05-31,Saturday,1,13
3.0,Saturday,18,3,7,urban,0.004663990770922787,20.2,65.0,314.0,6.5,1,8.424729,11.75,2025-05-31,Saturday,1,13
3.0,Saturday,12,18,7,urban,0.002725311028492313,26.0,55.0,127.0,10.7,1,18.14975,3.43,2025-05-31,Saturday,1,13
3.0,Saturday,15,26,7,urban,0.04025808688246517,18.0,79.0,244.0,1.8,1,23.426945,9.68,2025-05-31,Saturday,1,13
3.0,Saturday,7,4,7,urban,0.002873152108337084,19.8,96.0,581.0,27.0,1,18.469352,10.36,2025-05-31,Saturday,1,13
3.0,Saturday,22,30,8,sub-urban,0.003851132027955144,23.3,31.0,463.0,14.8,1,16.118197,4.85,2025-05-31,Saturday,1,13
3.0,Saturday,22,15,7,sub-urban,0.0027613481323396577,13.9,52.0,557.0,6.0,1,15.629736,22.0,2025-05-31,Saturday,1,13
3.0,Saturday,10,8,6,sub-urban,0.02187967388136798,16.3,81.0,182.0,3.9,1,19.529909,11.64,2025-05-31,Saturday,1,13
3.0,Saturday,13,8,7,urban,0.006536728527724394,29.4,63.0,561.0,5.9,1,21.841808,11.13,2025-05-31,Saturday,1,13
3.0,Saturday,18,19,7,urban,0.05228105869436366,9.8,100.0,175.0,14.7,1,17.427989,38.5,2025-06-07,Saturday,1,8
3.0,Saturday,12,27,9,urban,0.017651128981665223,-7.6,78.0,0.0,14.6,1,16.629142,24.44,2025-06-07,Saturday,1,8
3.0,Saturday,1,3,6,urban,0.04073979486448069,14.1,47.0,338.0,14.7,1,50.117839,1.04,2025-06-07,Saturday,1,8
3.0,Saturday,18,23,7,urban,0.004319285009100189,26.5,42.0,409.0,12.8,1,13.804272,3.06,2025-06-07,Saturday,1,8
3.0,Saturday,0,8,8,urban,0.0033843595870863517,26.2,53.0,433.0,8.4,1,17.549898,19.82,2025-06-07,Saturday,1,8
3.0,Saturday,8,11,7,urban,0.005655000627362912,22.1,65.0,467.0,14.1,1,15.006663,2.95,2025-06-07,Saturday,1,8
3.0,Saturday,16,29,7,sub-urban,0.003767050759178339,15.3,58.0,144.0,7.1,1,9.001195,5.51,2025-06-07,Saturday,1,8
3.0,Saturday,18,3,8,urban,0.026264788660157985,19.9,68.0,346.0,4.9,1,11.766582,2.29,2025-06-07,Saturday,1,8
3.0,Saturday,21,21,7,urban,0.005737774393908003,23.7,50.0,329.0,16.3,1,7.472505,1.9,2025-06-14,Saturday,1,5
3.0,Saturday,8,21,9,urban,0.003578837048142097,11.5,98.0,456.0,5.5,1,7.271499,8.43,2025-06-14,Saturday,1,5
3.0,Saturday,4,7,8,urban,0.003629680676912112,15.9,48.0,229.0,9.9,1,8.867585,2.98,2025-06-14,Saturday,1,5
3.0,Saturday,7,5,7,urban,0.002332614582149943,19.5,34.0,623.0,13.9,1,2.0,10.1,2025-06-14,Saturday,1,5
3.0,Saturday,4,4,7,sub-urban,0.004937403326602434,21.2,43.0,534.0,5.2,1,18.586439,1.89,2025-06-14,Saturday,1,5
3.0,Saturday,2,30,6,urban,0.03274856102221588,16.4,59.0,488.0,14.7,1,16.894825,3.52,2025-06-21,Saturday,1,4
3.0,Saturday,20,16,6,urban,0.0020616602267385115,22.8,31.0,247.0,13.5,1,23.539775,2.55,2025-06-21,Saturday,1,4
3.0,Saturday,8,15,7,urban,0.011699322407565452,22.6,89.0,441.0,7.6,1,17.292429,23.64,2025-06-21,Saturday,1,4
3.0,Saturday,10,19,7,urban,0.0048841123171680465,27.1,43.0,514.0,15.7,1,18.353633,9.72,2025-06-21,Saturday,1,4
3.0,Sunday,21,27,8,urban,0.004280206830279985,16.0,87.0,433.0,6.7,1,19.179316,14.34,2025-03-23,Sunday,1,10
3.0,Sunday,21,12,8,urban,0.03641350811781722,14.7,84.0,314.0,9.2,1,75.699947,14.65,2025-03-23,Sunday,1,10
3.0,Sunday,18,27,8,urban,0.04792543225800088,17.7,62.0,17.0,17.8,1,10.523407,10.58,2025-03-23,Sunday,1,10
3.0,Sunday,5,15,12,urban,0.014303326147106277,17.7,71.0,26.0,15.1,1,13.793731,8.5,2025-03-23,Sunday,1,10
3.0,Sunday,22,24,8,urban,0.01669529156898022,13.6,88.0,0.0,13.4,1,14.983486,14.14,2025-03-23,Sunday,1,10
3.0,Sunday,7,19,3,urban,0.040924943729104185,12.9,61.0,0.0,4.7,1,35.819042,13.42,2025-03-23,Sunday,1,10
3.0,Sunday,13,1,7,urban,0.039284158220742826,27.9,63.0,228.0,8.2,1,16.589533,2.22,2025-03-23,Sunday,1,10
3.0,Sunday,15,6,8,urban,0.002205262400817652,22.1,79.0,403.0,5.5,1,21.097591,3.07,2025-03-23,Sunday,1,10
3.0,Sunday,18,29,8,urban,0.003540329323212824,23.2,59.0,359.0,6.9,1,3.094366,3.23,2025-03-23,Sunday,1,10
3.0,Sunday,13,26,8,sub-urban,0.0022467196458268095,24.6,81.0,213.0,14.3,1,10.164252,3.98,2025-03-23,Sunday,1,10
3.0,Sunday,18,21,7,urban,0.039403958535401615,19.3,83.0,359.0,15.6,1,20.376736,36.44,2025-03-30,Sunday,1,10
3.0,Sunday,13,10,7,urban,0.0007711081282242393,27.2,61.0,538.0,4.8,1,14.54342,7.57,2025-03-30,Sunday,1,10
3.0,Sunday,14,21,6,urban,0.008411417724744508,15.6,30.0,437.0,5.0,1,26.141868,2.16,2025-03-30,Sunday,1,10
3.0,Sunday,18,21,7,urban,0.004736287569663958,22.3,64.0,556.0,7.6,1,15.125438,13.47,2025-03-30,Sunday,1,10
3.0,Sunday,14,9,8,urban,0.0024728875206655315,26.8,63.0,316.0,15.2,1,20.035312,9.06,2025-03-30,Sunday,1,10
3.0,Sunday,13,10,9,urban,0.003021678414508889,9.7,83.0,21.0,15.0,1,3.521578,12.04,2025-03-30,Sunday,1,10
3.0,Sunday,13,8,7,urban,0.004266259354453047,19.9,58.0,393.0,5.7,1,4.958565,3.18,2025-03-30,Sunday,1,10
3.0,Sunday,18,17,5,urban,0.03422936412673286,15.1,27.0,598.0,8.4,1,36.053096,3.47,2025-03-30,Sunday,1,10
3.0,Sunday,1,20,9,urban,0.04756496706393179,14.1,80.0,300.0,15.6,1,13.25806,6.93,2025-03-30,Sunday,1,10
3.0,Sunday,5,16,9,urban,0.023249397440622883,11.9,56.0,0.0,17.3,1,19.821096,10.4,2025-03-30,Sunday,1,10
3.0,Sunday,17,11,8,urban,0.04119286998526838,17.5,92.0,0.0,14.4,1,18.889609,14.84,2025-04-06,Sunday,1,8
3.0,Sunday,6,10,8,urban,0.04939461922957217,17.8,80.0,9.0,15.3,1,9.940337,4.28,2025-04-06,Sunday,1,8
3.0,Sunday,18,17,7,sub-urban,0.005267313771971459,23.1,79.0,260.0,14.0,1,21.642904,3.75,2025-04-06,Sunday,1,8
3.0,Sunday,2,29,7,urban,0.0397254133808063,13.3,71.0,9.0,17.9,1,7.376221,6.9,2025-04-06,Sunday,1,8
3.0,Sunday,18,8,9,urban,0.04179422786690609,3.1,60.0,20.0,15.8,1,42.726697,12.58,2025-04-06,Sunday,1,8
3.0,Sunday,0,9,9,sub-urban,0.016602991894899718,9.8,83.0,1.0,9.5,1,6.904381,4.02,2025-04-06,Sunday,1,8
3.0,Sunday,21,28,7,urban,0.038284551290222776,12.9,86.0,0.0,4.4,1,10.825066,2.56,2025-04-06,Sunday,1,8
3.0,Sunday,6,22,8,urban,0.006008132367265808,24.6,85.0,0.0,15.3,1,19.816439,11.08,2025-04-06,Sunday,1,8
3.0,Sunday,5,20,9,urban,0.015732600247546823,20.1,82.0,0.0,15.4,1,43.028888,5.47,2025-04-13,Sunday,1,9
3.0,Sunday,9,23,9,urban,0.00378396118237365,11.4,98.0,1.0,19.7,1,6.464656,10.99,2025-04-13,Sunday,1,9
3.0,Sunday,13,25,6,urban,0.041200688933527164,22.1,66.0,161.0,5.8,1,40.685965,3.86,2025-04-13,Sunday,1,9
3.0,Sunday,5,16,6,urban,0.0037811165644147356,21.3,35.0,255.0,5.1,1,10.557091,4.04,2025-04-13,Sunday,1,9
3.0,Sunday,22,24,8,urban,0.03358029612049486,15.0,87.0,0.0,4.7,1,14.915899,13.69,2025-04-13,Sunday,1,9
3.0,Sunday,10,8,8,sub-urban,0.0027415899345145447,20.0,56.0,422.0,13.9,1,2.143814,14.49,2025-04-13,Sunday,1,9
3.0,Sunday,16,18,8,urban,0.0033873953895038507,22.6,46.0,420.0,7.2,1,17.552995,2.7,2025-04-13,Sunday,1,9
3.0,Sunday,21,9,8,urban,0.0022290459487604728,25.5,52.0,223.0,14.9,1,3.902168,42.98,2025-04-13,Sunday,1,9
3.0,Sunday,20,4,6,urban,0.0030231227973101372,11.6,84.0,485.0,6.4,1,20.477099,7.37,2025-04-13,Sunday,1,9
3.0,Sunday,10,5,8,urban,0.004682592643602425,19.6,37.0,505.0,4.8,1,21.893355,13.13,2025-04-20,Sunday,1,6
3.0,Sunday,8,8,7,urban,0.0028591002565009913,25.7,99.0,478.0,14.4,1,15.737208,3.7,2025-04-20,Sunday,1,6
3.0,Sunday,21,9,8,urban,0.0036829670657123016,24.0,40.0,460.0,6.3,1,6.1823,6.89,2025-04-20,Sunday,1,6
3.0,Sunday,8,27,8,urban,0.03941279532374925,16.0,85.0,0.0,4.9,1,9.838158,40.73,2025-04-20,Sunday,1,6
3.0,Sunday,21,4,7,urban,0.02127219680043324,13.5,80.0,24.0,6.0,1,5.982045,19.87,2025-04-20,Sunday,1,6
3.0,Sunday,5,5,8,urban,0.005934711038832313,22.9,62.0,409.0,9.4,1,7.169687,10.26,2025-04-20,Sunday,1,6
3.0,Sunday,8,9,7,urban,0.0073019093939577576,23.3,52.0,312.0,7.0,1,2.667741,22.15,2025-04-27,Sunday,1,11
3.0,Sunday,9,6,7,urban,0.0033820641841131524,25.5,40.0,624.0,4.8,1,17.82651,5.44,2025-04-27,Sunday,1,11
3.0,Sunday,5,27,8,urban,0.03309465903856141,18.7,57.0,82.0,6.2,1,3.271526,8.54,2025-04-27,Sunday,1,11
3.0,Sunday,14,25,7,urban,0.0020719473139261704,20.9,53.0,461.0,6.9,1,18.882058,23.33,2025-04-27,Sunday,1,11
3.0,Sunday,1,24,8,urban,0.003197339921125259,14.0,90.0,52.0,4.8,1,16.493948,9.8,2025-04-27,Sunday,1,11
3.0,Sunday,18,6,9,urban,0.011609364715798634,15.6,81.0,1.0,14.2,1,13.9446,20.7,2025-04-27,Sunday,1,11
3.0,Sunday,7,14,7,urban,0.03647934699186954,27.2,53.0,629.0,4.1,1,11.883693,15.49,2025-04-27,Sunday,1,11
3.0,Sunday,9,21,8,urban,0.0006680535289521777,24.7,59.0,319.0,13.8,1,17.0462,3.19,2025-04-27,Sunday,1,11
3.0,Sunday,21,14,8,sub-urban,0.004137363069256192,14.5,52.0,249.0,9.3,1,10.44518,11.58,2025-04-27,Sunday,1,11
3.0,Sunday,2,8,9,urban,0.001280370091231524,10.8,73.0,12.0,7.0,1,15.001641,6.63,2025-04-27,Sunday,1,11
3.0,Sunday,21,5,6,urban,0.0042249588107041835,19.9,32.0,546.0,16.1,1,17.07801,29.53,2025-04-27,Sunday,1,11
3.0,Sunday,21,5,8,urban,0.03690911346518155,17.1,54.0,565.0,6.3,1,9.292482,19.31,2025-05-04,Sunday,1,9
3.0,Sunday,22,9,8,urban,0.0009485576830290041,23.9,52.0,340.0,15.2,1,2.634285,4.19,2025-05-04,Sunday,1,9
3.0,Sunday,21,9,8,urban,0.00505426117844092,20.7,45.0,319.0,4.4,1,35.280263,9.45,2025-05-04,Sunday,1,9
3.0,Sunday,13,15,8,sub-urban,0.006156062016890866,15.1,66.0,239.0,4.8,1,17.976645,4.57,2025-05-04,Sunday,1,9
3.0,Sunday,4,9,8,urban,0.00883957000134498,14.0,52.0,164.0,7.0,1,7.901621,2.46,2025-05-04,Sunday,1,9
3.0,Sunday,9,6,8,urban,0.03771470585428714,13.8,91.0,19.0,6.8,1,9.362021,30.79,2025-05-04,Sunday,1,9
3.0,Sunday,18,18,5,urban,0.005745180767291372,12.5,100.0,34.0,5.6,1,46.33999,3.4,2025-05-04,Sunday,1,9
3.0,Sunday,5,27,8,urban,0.014642461700417563,23.5,87.0,1.0,3.4,1,6.645884,0.53,2025-05-04,Sunday,1,9
3.0,Sunday,19,3,7,urban,0.015596780055022266,-7.9,74.0,20.0,5.9,1,10.391612,18.15,2025-05-04,Sunday,1,9
3.0,Sunday,18,11,8,urban,0.0010917658679821989,16.0,51.0,229.0,6.4,1,10.798059,8.11,2025-05-11,Sunday,1,8
3.0,Sunday,9,9,8,urban,0.002577965500228155,16.3,73.0,411.0,6.7,1,11.647451,3.87,2025-05-11,Sunday,1,8
3.0,Sunday,7,13,9,urban,0.0022404978017570697,14.6,56.0,1.0,14.0,1,14.986754,14.48,2025-05-11,Sunday,1,8
3.0,Sunday,12,6,8,urban,0.0029643502517526015,17.5,51.0,487.0,16.1,1,12.825096,3.2,2025-05-11,Sunday,1,8
3.0,Sunday,5,27,9,urban,0.031021113730489994,13.6,100.0,63.0,10.7,1,12.957361,1.68,2025-05-11,Sunday,1,8
3.0,Sunday,8,7,9,urban,0.033356404505492494,9.7,81.0,2.0,5.9,1,10.411639,3.54,2025-05-11,Sunday,1,8
3.0,Sunday,21,14,7,urban,-6.7506418633052e-05,22.0,85.0,698.0,5.6,1,6.580114,34.16,2025-05-11,Sunday,1,8
3.0,Sunday,18,27,6,urban,0.0010684218750233636,17.5,56.0,390.0,12.2,1,16.526613,5.01,2025-05-11,Sunday,1,8
3.0,Sunday,6,5,9,urban,0.015173566629577664,7.1,93.0,1.0,3.3,1,9.975411,11.68,2025-05-18,Sunday,1,4
3.0,Sunday,15,27,9,urban,0.01908551078093939,7.9,75.0,23.0,14.1,1,39.202178,7.29,2025-05-18,Sunday,1,4
3.0,Sunday,7,5,8,urban,0.0255012286016011,15.7,60.0,445.0,15.0,1,9.7537,5.59,2025-05-18,Sunday,1,4
3.0,Sunday,15,19,6,urban,0.03492241246907418,16.3,58.0,292.0,3.7,1,9.155817,4.23,2025-05-18,Sunday,1,4
3.0,Sunday,15,5,8,urban,0.03507620441690676,17.7,86.0,291.0,6.2,1,4.691901,1.89,2025-05-25,Sunday,1,4
3.0,Sunday,12,13,8,urban,0.0036597989770949966,21.3,45.0,521.0,6.5,1,8.125394,1.83,2025-05-25,Sunday,1,4
3.0,Sunday,8,23,8,urban,0.0015456852599708055,20.6,52.0,391.0,7.7,1,9.667526,2.3,2025-05-25,Sunday,1,4
3.0,Sunday,8,5,8,urban,0.032876625902559825,17.4,89.0,152.0,6.2,1,15.600321,30.85,2025-05-25,Sunday,1,4
3.0,Sunday,8,9,8,urban,0.0008519507441673308,16.2,58.0,578.0,5.8,1,21.281474,1.6,2025-06-01,Sunday,1,3
3.0,Sunday,13,5,8,urban,0.03316368256682141,18.3,59.0,178.0,14.3,1,14.116215,9.46,2025-06-01,Sunday,1,3
3.0,Sunday,13,9,8,urban,0.013630504016467156,13.4,46.0,341.0,16.4,1,6.536001,6.15,2025-06-01,Sunday,1,3
3.0,Sunday,18,27,7,urban,0.004598119661705134,16.8,52.0,497.0,6.1,1,16.134438,2.62,2025-06-08,Sunday,1,10
3.0,Sunday,5,3,9,urban,0.03302970557172029,10.1,83.0,59.0,6.8,1,14.993293,11.33,2025-06-08,Sunday,1,10
3.0,Sunday,5,3,8,urban,-4.144091787994762e-05,12.5,76.0,2.0,10.6,1,8.443581,9.04,2025-06-08,Sunday,1,10
3.0,Sunday,14,3,8,urban,0.006358494105589774,23.3,51.0,566.0,5.5,1,16.750088,10.98,2025-06-08,Sunday,1,10
3.0,Sunday,20,7,9,urban,0.00656370479665206,10.6,97.0,1.0,8.2,1,13.388345,10.13,2025-06-08,Sunday,1,10
3.0,Sunday,14,26,6,urban,0.035030110676177395,18.1,49.0,169.0,4.5,1,8.908573,12.72,2025-06-08,Sunday,1,10
3.0,Sunday,21,21,7,urban,0.0038601757985524845,19.1,61.0,441.0,4.9,1,20.624834,8.99,2025-06-08,Sunday,1,10
3.0,Sunday,18,6,9,urban,0.05322107793294745,12.9,93.0,191.0,4.0,1,12.87071,10.52,2025-06-08,Sunday,1,10
3.0,Sunday,6,9,8,urban,0.020342469185582985,17.7,55.0,526.0,15.0,1,6.38204,8.05,2025-06-08,Sunday,1,10
3.0,Sunday,18,3,9,urban,0.03286694398591118,11.5,82.0,19.0,14.0,1,14.229359,12.35,2025-06-08,Sunday,1,10
3.0,Sunday,12,9,8,urban,0.03818301365954403,17.6,85.0,248.0,14.1,1,19.584051,7.07,2025-06-15,Sunday,1,5
3.0,Sunday,8,16,7,urban,0.004384704022429404,13.0,77.0,481.0,8.6,1,8.050316,1.05,2025-06-15,Sunday,1,5
3.0,Sunday,5,17,8,urban,0.0015972678242218087,20.1,64.0,312.0,18.1,1,3.197812,23.05,2025-06-15,Sunday,1,5
3.0,Sunday,5,29,10,urban,0.013564270677028234,12.5,57.0,326.0,10.2,1,13.270851,49.07,2025-06-15,Sunday,1,5
3.0,Sunday,20,26,9,urban,0.020539330324597815,12.0,90.0,10.0,9.4,1,23.787311,13.22,2025-06-15,Sunday,1,5
3.0,Mon-Th,14,3,8,urban,0.001976895836081932,22.6,88.0,297.0,12.7,1,19.502237,12.1,2025-03-24,Mon-Th,1,5
3.0,Mon-Th,0,20,7,urban,0.045966641769234276,21.4,87.0,0.0,7.3,1,7.026545,28.46,2025-03-24,Mon-Th,1,5
3.0,Mon-Th,16,13,7,urban,0.0022776597784131413,22.7,43.0,533.0,3.9,1,3.667513,3.99,2025-03-24,Mon-Th,1,5
3.0,Mon-Th,9,8,7,urban,0.0006201284940371122,22.0,60.0,348.0,3.6,1,3.306774,1.97,2025-03-24,Mon-Th,1,5
3.0,Mon-Th,11,16,8,urban,0.0519638086091239,10.0,99.0,0.0,14.8,1,12.057116,14.21,2025-03-24,Mon-Th,1,5
3.0,Mon-Th,21,6,7,urban,4.653010141292702e-05,15.9,68.0,277.0,6.1,1,9.85521,2.1,2025-03-25,Mon-Th,1,10
3.0,Mon-Th,11,4,7,urban,0.03451885341823459,17.2,81.0,274.0,17.0,1,21.83005,2.73,2025-03-25,Mon-Th,1,10
3.0,Mon-Th,14,27,8,urban,0.005616839129756579,16.7,60.0,166.0,5.9,1,9.010953,3.89,2025-03-25,Mon-Th,1,10
3.0,Mon-Th,18,10,6,urban,0.03827970932310826,13.4,42.0,249.0,14.4,1,15.824303,2.6,2025-03-25,Mon-Th,1,10
3.0,Mon-Th,11,4,8,sub-urban,0.0458475652749192,18.2,56.0,512.0,10.5,1,3.218996,10.81,2025-03-25,Mon-Th,1,10
3.0,Mon-Th,18,25,6,urban,0.0020260813434073615,16.3,48.0,399.0,6.0,1,16.624827,13.83,2025-03-25,Mon-Th,1,10
3.0,Mon-Th,9,4,7,urban,0.005143950387422966,23.2,55.0,441.0,4.6,1,5.7205,2.62,2025-03-25,Mon-Th,1,10
3.0,Mon-Th,13,19,6,urban,0.03872417210164086,17.0,51.0,424.0,16.4,1,10.741917,6.38,2025-03-25,Mon-Th,1,10
3.0,Mon-Th,15,26,7,urban,0.009010780773661485,26.1,30.0,384.0,14.2,1,17.186178,3.68,2025-03-25,Mon-Th,1,10
3.0,Mon-Th,12,24,7,urban,0.004152614959267236,23.0,66.0,47.0,5.1,1,13.838752,5.3,2025-03-25,Mon-Th,1,10
3.0,Mon-Th,14,6,7,sub-urban,0.004743397124486118,23.4,45.0,558.0,6.4,1,35.683054,17.11,2025-03-26,Mon-Th,1,8
3.0,Mon-Th,13,8,6,urban,0.0007503311949304129,24.3,43.0,516.0,5.2,1,3.615554,1.73,2025-03-26,Mon-Th,1,8
3.0,Mon-Th,14,26,8,sub-urban,0.0044022178015191895,26.6,45.0,443.0,6.3,1,18.620608,4.3,2025-03-26,Mon-Th,1,8
3.0,Mon-Th,22,23,7,urban,0.0017396054999914813,19.1,64.0,397.0,8.0,1,2.524839,3.31,2025-03-26,Mon-Th,1,8
3.0,Mon-Th,15,26,7,urban,0.0011271472992618417,20.4,63.0,428.0,5.6,1,6.961132,8.91,2025-03-26,Mon-Th,1,8
3.0,Mon-Th,3,16,9,urban,0.041992343558261064,15.9,38.0,385.0,6.2,1,8.957818,9.45,2025-03-26,Mon-Th,1,8
3.0,Mon-Th,11,4,8,urban,0.04038714804779331,12.7,79.0,437.0,6.0,1,15.972334,2.13,2025-03-26,Mon-Th,1,8
3.0,Mon-Th,13,14,8,urban,0.0023269300126151668,23.2,58.0,253.0,4.6,1,17.784667,10.31,2025-03-26,Mon-Th,1,8
3.0,Mon-Th,5,8,7,urban,0.04912186964109231,18.1,82.0,215.0,17.4,1,3.440134,12.21,2025-03-27,Mon-Th,1,6
3.0,Mon-Th,16,1,8,urban,0.005758491396203804,26.0,60.0,360.0,14.2,1,16.798229,7.25,2025-03-27,Mon-Th,1,6
3.0,Mon-Th,13,5,6,urban,0.004577421176257768,19.0,57.0,443.0,15.2,1,16.669719,2.11,2025-03-27,Mon-Th,1,6
3.0,Mon-Th,8,8,8,sub-urban,0.002049372999677845,18.4,54.0,356.0,10.9,1,20.377429,5.18,2025-03-27,Mon-Th,1,6
3.0,Mon-Th,22,18,8,urban,0.00035274437914922796,16.3,81.0,396.0,8.3,1,7.549044,4.21,2025-03-27,Mon-Th,1,6
3.0,Mon-Th,21,9,7,urban,0.037151082854203765,15.0,64.0,394.0,0.8,1,7.170577,40.51,2025-03-27,Mon-Th,1,6
3.0,Mon-Th,21,24,7,urban,0.03559357989209583,16.6,83.0,74.0,15.6,1,11.288677,2.33,2025-03-31,Mon-Th,1,5
3.0,Mon-Th,9,8,7,urban,0.006646509489422086,28.4,30.0,271.0,15.5,1,11.735545,0.56,2025-03-31,Mon-Th,1,5
3.0,Mon-Th,22,21,8,urban,0.0020722907963179027,12.7,71.0,473.0,9.5,1,4.121647,2.65,2025-03-31,Mon-Th,1,5
3.0,Mon-Th,13,14,6,urban,0.031007151223683187,17.3,58.0,384.0,6.2,1,18.385033,2.56,2025-03-31,Mon-Th,1,5
3.0,Mon-Th,12,30,6,urban,0.005779314535839618,24.6,40.0,483.0,4.1,1,35.374358,9.59,2025-03-31,Mon-Th,1,5
3.0,Mon-Th,21,29,9,urban,0.00020742406112977084,6.0,59.0,344.0,6.6,1,10.133354,12.13,2025-04-01,Mon-Th,1,10
3.0,Mon-Th,15,14,8,urban,0.00400539025372505,15.2,84.0,199.0,8.8,1,12.566224,2.68,2025-04-01,Mon-Th,1,10
3.0,Mon-Th,6,5,6,urban,0.0037840718031013016,22.5,32.0,378.0,19.4,1,26.493895,11.52,2025-04-01,Mon-Th,1,10
3.0,Mon-Th,5,8,8,urban,0.00022916062237364736,16.3,39.0,479.0,6.2,1,11.18676,3.81,2025-04-01,Mon-Th,1,10
3.0,Mon-Th,13,19,7,urban,0.006606245740501835,18.9,51.0,557.0,5.8,1,15.267095,2.91,2025-04-01,Mon-Th,1,10
3.0,Mon-Th,6,16,6,urban,0.002337066860568083,21.0,69.0,156.0,7.9,1,10.637437,9.07,2025-04-01,Mon-Th,1,10
3.0,Mon-Th,14,8,7,urban,0.005159470457212956,25.4,37.0,512.0,4.8,1,6.252673,0.94,2025-04-01,Mon-Th,1,10
3.0,Mon-Th,16,21,8,urban,0.026356467319762836,23.6,59.0,9.0,8.9,1,18.126638,3.69,2025-04-01,Mon-Th,1,10
3.0,Mon-Th,9,20,7,urban,0.005113457770121121,21.8,37.0,456.0,4.4,1,15.667531,3.35,2025-04-01,Mon-Th,1,10
3.0,Mon-Th,14,15,8,urban,0.0029443403437357848,19.5,59.0,379.0,5.9,1,16.431348,10.12,2025-04-01,Mon-Th,1,10
3.0,Mon-Th,13,9,8,urban,0.027036997661369078,15.9,63.0,143.0,6.8,1,3.410488,2.83,2025-04-02,Mon-Th,1,8
3.0,Mon-Th,21,2,7,urban,0.03407807312262982,19.3,59.0,0.0,7.3,1,16.061422,9.86,2025-04-02,Mon-Th,1,8
3.0,Mon-Th,21,21,6,urban,0.0018743276386197932,17.0,42.0,553.0,6.7,1,11.920111,4.47,2025-04-02,Mon-Th,1,8
3.0,Mon-Th,10,7,8,urban,0.0409305250080711,16.4,55.0,397.0,6.1,1,18.954085,31.17,2025-04-02,Mon-Th,1,8
3.0,Mon-Th,11,24,7,urban,0.03506985127164845,17.4,60.0,425.0,12.0,1,14.536458,14.27,2025-04-02,Mon-Th,1,8
3.0,Mon-Th,9,9,7,urban,0.03510356185597347,13.9,84.0,21.0,4.7,1,8.51961,13.71,2025-04-02,Mon-Th,1,8
3.0,Mon-Th,5,13,9,urban,0.03649098904407882,15.8,90.0,15.0,4.7,1,2.453758,3.76,2025-04-02,Mon-Th,1,8
3.0,Mon-Th,13,13,7,urban,0.009988691063524586,28.5,48.0,504.0,4.5,1,10.514945,3.34,2025-04-02,Mon-Th,1,8
3.0,Mon-Th,1,20,9,urban,0.022896112891353904,12.5,60.0,0.0,13.7,1,16.52707,3.83,2025-04-03,Mon-Th,1,9
3.0,Mon-Th,0,20,8,urban,0.000943173957954541,15.5,28.0,127.0,6.0,1,13.651279,6.4,2025-04-03,Mon-Th,1,9
3.0,Mon-Th,18,4,7,urban,0.03770593574641816,27.6,77.0,418.0,14.8,1,14.813462,9.74,2025-04-03,Mon-Th,1,9
3.0,Mon-Th,18,26,7,urban,0.003532653123091783,24.5,37.0,610.0,14.6,1,21.52959,22.87,2025-04-03,Mon-Th,1,9
3.0,Mon-Th,11,16,8,urban,0.012974652896509023,3.9,93.0,22.0,16.1,1,42.963172,18.01,2025-04-03,Mon-Th,1,9
3.0,Mon-Th,12,21,7,sub-urban,0.002930159297137538,24.8,44.0,221.0,5.9,1,39.476492,1.98,2025-04-03,Mon-Th,1,9
3.0,Mon-Th,10,25,8,urban,0.0037303643876027753,14.5,85.0,407.0,14.1,1,16.465478,6.14,2025-04-03,Mon-Th,1,9
3.0,Mon-Th,14,14,7,urban,0.008865402995082088,27.9,48.0,371.0,11.7,1,16.510876,2.76,2025-04-03,Mon-Th,1,9
3.0,Mon-Th,9,18,9,sub-urban,0.005278762697041434,26.1,32.0,214.0,5.9,1,12.284217,10.71,2025-04-03,Mon-Th,1,9
3.0,Mon-Th,15,8,8,urban,0.0042940744057343655,15.7,76.0,544.0,6.1,1,8.404892,11.19,2025-04-07,Mon-Th,1,11
3.0,Mon-Th,22,31,9,sub-urban,0.0038654654182353927,17.4,97.0,15.0,6.1,1,15.239595,2.84,2025-04-07,Mon-Th,1,11
3.0,Mon-Th,18,8,7,urban,0.009340491662531742,23.2,59.0,443.0,5.7,1,41.864734,16.7,2025-04-07,Mon-Th,1,11
3.0,Mon-Th,7,13,7,urban,0.0383445556374771,22.1,79.0,404.0,4.6,1,2.0,3.48,2025-04-07,Mon-Th,1,11
3.0,Mon-Th,5,8,7,sub-urban,0.0017186953460363976,22.3,42.0,356.0,4.7,1,3.435033,2.81,2025-04-07,Mon-Th,1,11
3.0,Mon-Th,16,25,8,urban,0.003469445500685006,23.5,49.0,381.0,5.9,1,7.762556,0.97,2025-04-07,Mon-Th,1,11
3.0,Mon-Th,15,24,8,urban,0.009865620546599318,19.3,56.0,17.0,5.3,1,4.77376,23.49,2025-04-07,Mon-Th,1,11
3.0,Mon-Th,18,7,7,urban,0.008177296320235106,15.9,39.0,517.0,6.5,1,28.041815,4.36,2025-04-07,Mon-Th,1,11
3.0,Mon-Th,15,7,7,urban,0.006717225505155435,22.9,37.0,334.0,6.5,1,10.220182,9.69,2025-04-07,Mon-Th,1,11
3.0,Mon-Th,10,19,7,urban,0.048225988439602824,23.7,67.0,55.0,5.8,1,17.457181,7.71,2025-04-07,Mon-Th,1,11
3.0,Mon-Th,21,9,8,urban,0.04003988380200006,17.2,98.0,361.0,3.7,1,11.273998,6.75,2025-04-07,Mon-Th,1,11
3.0,Mon-Th,22,5,7,urban,0.00245503137717162,24.2,60.0,588.0,13.7,1,5.190542,2.63,2025-04-08,Mon-Th,1,5
3.0,Mon-Th,22,28,8,urban,0.04041336687870347,18.0,80.0,213.0,12.1,1,36.666959,2.7,2025-04-08,Mon-Th,1,5
3.0,Mon-Th,20,4,9,urban,0.0014811711418070903,15.1,56.0,469.0,17.0,1,5.245728,9.38,2025-04-08,Mon-Th,1,5
3.0,Mon-Th,17,9,8,urban,0.00016120930135222773,17.8,89.0,386.0,10.0,1,19.418336,3.84,2025-04-08,Mon-Th,1,5
3.0,Mon-Th,4,18,7,sub-urban,0.0061682733008547996,14.4,83.0,262.0,2.1,1,15.218218,2.82,2025-04-08,Mon-Th,1,5
3.0,Mon-Th,22,8,7,urban,0.002668464418167482,18.4,39.0,569.0,13.9,1,3.932387,7.85,2025-04-09,Mon-Th,1,9
3.0,Mon-Th,14,16,8,urban,0.0061388772835702455,17.7,34.0,286.0,4.2,1,7.113585,3.17,2025-04-09,Mon-Th,1,9
3.0,Mon-Th,18,21,7,urban,0.0037378271693224536,25.6,65.0,375.0,12.0,1,15.470034,4.33,2025-04-09,Mon-Th,1,9
3.0,Mon-Th,15,3,8,urban,0.0036528643658884446,24.1,59.0,455.0,8.4,1,8.126355,14.42,2025-04-09,Mon-Th,1,9
3.0,Mon-Th,13,25,8,urban,0.005685744039879392,15.2,62.0,435.0,11.0,1,6.43535,15.09,2025-04-09,Mon-Th,1,9
3.0,Mon-Th,8,25,8,urban,0.002019578967368242,14.7,87.0,509.0,6.4,1,15.235908,3.27,2025-04-09,Mon-Th,1,9
3.0,Mon-Th,20,1,9,sub-urban,0.03360955229675833,10.0,94.0,41.0,13.7,1,13.292659,11.06,2025-04-09,Mon-Th,1,9
3.0,Mon-Th,14,5,7,urban,0.0037611392753304313,14.9,58.0,275.0,4.7,1,3.278622,11.85,2025-04-09,Mon-Th,1,9
3.0,Mon-Th,16,17,8,urban,0.003088910655051718,15.0,51.0,391.0,14.1,1,18.375979,3.89,2025-04-09,Mon-Th,1,9
3.0,Mon-Th,22,23,6,urban,0.000860445757267491,13.8,82.0,453.0,13.3,1,6.832212,13.26,2025-04-10,Mon-Th,1,9
3.0,Mon-Th,10,1,7,urban,0.03710700241976871,13.6,66.0,303.0,5.1,1,73.098358,9.64,2025-04-10,Mon-Th,1,9
3.0,Mon-Th,0,11,8,urban,0.03093325526606798,20.4,100.0,362.0,12.0,1,11.130017,3.3,2025-04-10,Mon-Th,1,9
3.0,Mon-Th,22,24,8,urban,0.023415887615600303,17.3,86.0,188.0,9.1,1,11.677258,41.83,2025-04-10,Mon-Th,1,9
3.0,Mon-Th,10,1,8,sub-urban,0.009284617672831343,22.3,33.0,340.0,7.5,1,17.102727,2.36,2025-04-10,Mon-Th,1,9
3.0,Mon-Th,22,9,8,urban,0.0024010720684859766,15.1,73.0,421.0,9.1,1,6.934623,7.72,2025-04-10,Mon-Th,1,9
3.0,Mon-Th,14,19,7,urban,0.020619015852103278,12.3,87.0,333.0,16.0,1,13.484412,2.4,2025-04-10,Mon-Th,1,9
3.0,Mon-Th,13,10,3,urban,0.05097187556651512,15.5,58.0,159.0,4.1,1,21.519349,4.3,2025-04-10,Mon-Th,1,9
3.0,Mon-Th,22,23,8,urban,0.031430679443802026,14.4,54.0,0.0,11.7,1,5.901645,12.02,2025-04-10,Mon-Th,1,9
3.0,Mon-Th,21,8,6,urban,0.034570571802713425,22.5,58.0,267.0,16.4,1,6.618274,11.34,2025-04-14,Mon-Th,1,6
3.0,Mon-Th,4,13,7,urban,0.003655010353106263,24.0,31.0,421.0,5.0,1,16.620635,3.28,2025-04-14,Mon-Th,1,6
3.0,Mon-Th,0,22,7,urban,0.007635826066423746,22.4,28.0,587.0,6.1,1,9.186353,4.91,2025-04-14,Mon-Th,1,6
3.0,Mon-Th,4,14,7,urban,0.0032020834367444866,23.5,56.0,388.0,5.3,1,6.946737,7.19,2025-04-14,Mon-Th,1,6
3.0,Mon-Th,22,16,8,urban,0.018490692703566333,-8.1,73.0,13.0,4.2,1,15.71955,59.1,2025-04-14,Mon-Th,1,6
3.0,Mon-Th,18,9,6,urban,0.002660652160956269,11.1,52.0,246.0,16.4,1,41.794565,10.2,2025-04-14,Mon-Th,1,6
3.0,Mon-Th,10,10,6,sub-urban,0.006519890570712955,12.3,78.0,2.0,6.5,1,8.605899,12.76,2025-04-15,Mon-Th,1,10
3.0,Mon-Th,9,19,7,urban,0.002451163769100622,21.5,56.0,545.0,9.5,1,14.056607,3.5,2025-04-15,Mon-Th,1,10
3.0,Mon-Th,16,3,5,urban,0.0035277282590174632,14.8,44.0,300.0,13.5,1,43.698172,8.68,2025-04-15,Mon-Th,1,10
3.0,Mon-Th,21,5,7,urban,0.0345688827076124,23.1,67.0,533.0,15.2,1,3.276399,2.97,2025-04-15,Mon-Th,1,10
3.0,Mon-Th,18,23,7,urban,0.02995907418314349,19.6,59.0,363.0,11.2,1,16.512659,5.58,2025-04-15,Mon-Th,1,10
3.0,Mon-Th,15,16,8,urban,0.040513785858029824,12.5,59.0,192.0,7.7,1,24.102844,15.85,2025-04-15,Mon-Th,1,10
3.0,Mon-Th,4,6,8,urban,0.031207238402650557,21.1,82.0,214.0,4.8,1,19.98734,4.71,2025-04-15,Mon-Th,1,10
3.0,Mon-Th,22,3,8,urban,0.037116584756591735,10.0,73.0,26.0,9.1,1,7.602771,4.07,2025-04-15,Mon-Th,1,10
3.0,Mon-Th,20,26,7,urban,0.03309131609145396,19.9,57.0,438.0,15.2,1,16.400365,14.67,2025-04-15,Mon-Th,1,10
3.0,Mon-Th,14,8,7,urban,0.007894329779869973,25.8,37.0,459.0,11.7,1,16.504392,2.73,2025-04-15,Mon-Th,1,10
3.0,Mon-Th,18,6,9,urban,0.029170177372969515,16.9,61.0,65.0,7.6,1,2.0,3.17,2025-04-16,Mon-Th,1,5
3.0,Mon-Th,18,4,7,urban,0.04030427560613986,20.7,79.0,307.0,10.5,1,8.08913,30.65,2025-04-16,Mon-Th,1,5
3.0,Mon-Th,21,7,8,urban,0.006498004502215991,16.1,42.0,333.0,7.1,1,15.070792,13.68,2025-04-16,Mon-Th,1,5
3.0,Mon-Th,20,21,9,urban,0.0025852390189410944,11.5,55.0,1.0,15.1,1,21.588375,18.27,2025-04-16,Mon-Th,1,5
3.0,Mon-Th,20,26,7,urban,0.004629110301025679,24.8,54.0,332.0,11.3,1,8.640385,6.56,2025-04-16,Mon-Th,1,5
3.0,Mon-Th,13,18,8,urban,0.003410132295177351,24.6,65.0,309.0,7.0,1,16.417284,2.5,2025-04-17,Mon-Th,1,7
3.0,Mon-Th,20,21,7,urban,0.03850914731917528,19.7,70.0,209.0,4.5,1,18.146449,2.67,2025-04-17,Mon-Th,1,7
3.0,Mon-Th,16,4,8,urban,0.04273602277116013,14.3,83.0,363.0,4.9,1,4.186511,3.8,2025-04-17,Mon-Th,1,7
3.0,Mon-Th,14,30,7,sub-urban,0.00955740271436259,22.2,28.0,381.0,5.0,1,15.758494,10.92,2025-04-17,Mon-Th,1,7
3.0,Mon-Th,21,24,7,urban,0.001461525120170646,12.9,54.0,412.0,13.2,1,6.324736,6.97,2025-04-17,Mon-Th,1,7
3.0,Mon-Th,18,23,7,urban,0.004048781897504801,25.2,51.0,69.0,5.0,1,17.332919,6.79,2025-04-17,Mon-Th,1,7
3.0,Mon-Th,5,9,7,urban,0.003728210668828723,17.2,40.0,468.0,13.2,1,13.465396,2.68,2025-04-17,Mon-Th,1,7
3.0,Mon-Th,0,7,7,urban,0.0046471012778279315,18.4,82.0,50.0,11.2,1,13.110041,14.75,2025-04-21,Mon-Th,1,6
3.0,Mon-Th,19,2,7,sub-urban,0.03979110624316404,6.1,88.0,0.0,12.1,1,14.681313,52.23,2025-04-21,Mon-Th,1,6
3.0,Mon-Th,15,30,7,urban,0.040848637463851464,26.5,69.0,232.0,13.1,1,3.378222,11.77,2025-04-21,Mon-Th,1,6
3.0,Mon-Th,14,8,7,urban,0.006364197889643,21.8,62.0,204.0,8.3,1,17.705851,8.81,2025-04-21,Mon-Th,1,6
3.0,Mon-Th,10,4,7,urban,0.0026992751729962463,24.1,56.0,398.0,8.1,1,16.734162,1.75,2025-04-21,Mon-Th,1,6
3.0,Mon-Th,16,8,9,urban,0.0016139551760076779,9.7,94.0,56.0,13.8,1,17.254061,7.79,2025-04-21,Mon-Th,1,6
3.0,Mon-Th,15,3,7,urban,0.004070165918083961,24.8,69.0,222.0,15.4,1,16.673782,2.7,2025-04-22,Mon-Th,1,11
3.0,Mon-Th,15,8,7,urban,0.00550165623494075,15.6,33.0,240.0,11.5,1,19.170088,9.3,2025-04-22,Mon-Th,1,11
3.0,Mon-Th,20,27,6,urban,0.002338916578210934,17.4,53.0,374.0,6.5,1,10.172141,3.47,2025-04-22,Mon-Th,1,11
3.0,Mon-Th,13,8,7,urban,0.014995012401731313,13.0,55.0,427.0,5.3,1,12.98676,24.92,2025-04-22,Mon-Th,1,11
3.0,Mon-Th,11,4,6,urban,0.006183674377876956,15.3,33.0,277.0,5.5,1,6.76068,2.65,2025-04-22,Mon-Th,1,11
3.0,Mon-Th,21,23,7,urban,0.0076512174446889715,27.2,60.0,340.0,11.5,1,16.327223,3.16,2025-04-22,Mon-Th,1,11
3.0,Mon-Th,14,11,6,urban,0.005119644524820261,23.6,30.0,636.0,6.1,1,19.563284,13.94,2025-04-22,Mon-Th,1,11
3.0,Mon-Th,18,14,9,urban,0.0037498891747775663,14.7,51.0,19.0,13.6,1,15.092909,33.12,2025-04-22,Mon-Th,1,11
3.0,Mon-Th,13,17,8,urban,0.057908059482325885,9.5,54.0,43.0,2.6,1,21.334009,6.91,2025-04-22,Mon-Th,1,11
3.0,Mon-Th,20,5,8,urban,0.000472331882077898,21.8,90.0,470.0,7.4,1,5.55229,18.15,2025-04-22,Mon-Th,1,11
3.0,Mon-Th,22,26,7,urban,0.002428281656566258,20.7,42.0,347.0,3.9,1,3.99172,13.18,2025-04-22,Mon-Th,1,11
3.0,Mon-Th,11,21,9,urban,0.03961099777506519,28.3,75.0,341.0,6.7,1,3.609139,5.42,2025-04-23,Mon-Th,1,6
3.0,Mon-Th,21,24,7,urban,0.03329348966177249,24.1,55.0,549.0,5.7,1,6.511753,3.89,2025-04-23,Mon-Th,1,6
3.0,Mon-Th,4,4,7,sub-urban,0.004684614354059835,21.7,41.0,603.0,5.8,1,17.397747,2.67,2025-04-23,Mon-Th,1,6
3.0,Mon-Th,11,21,8,urban,0.003658223844070577,18.9,58.0,199.0,17.2,1,19.966847,2.23,2025-04-23,Mon-Th,1,6
3.0,Mon-Th,6,5,8,urban,0.00103467093288082,15.3,76.0,506.0,14.4,1,6.788446,27.03,2025-04-23,Mon-Th,1,6
3.0,Mon-Th,14,8,8,urban,0.006781036554939271,18.1,50.0,521.0,13.1,1,6.266788,8.85,2025-04-23,Mon-Th,1,6
3.0,Mon-Th,15,20,7,sub-urban,0.006139974890062313,24.2,54.0,53.0,9.4,1,2.0,2.7,2025-04-24,Mon-Th,1,10
3.0,Mon-Th,10,14,7,sub-urban,0.004588008112868178,22.4,28.0,421.0,7.2,1,16.904214,1.63,2025-04-24,Mon-Th,1,10
3.0,Mon-Th,15,3,8,urban,0.04804496835102645,17.3,65.0,12.0,12.2,1,12.414617,19.45,2025-04-24,Mon-Th,1,10
3.0,Mon-Th,10,27,6,sub-urban,0.0048528009326359355,18.4,31.0,431.0,13.3,1,8.35787,2.9,2025-04-24,Mon-Th,1,10
3.0,Mon-Th,18,28,9,urban,0.0012408522316179871,17.2,85.0,13.0,3.9,1,11.486424,16.27,2025-04-24,Mon-Th,1,10
3.0,Mon-Th,10,4,7,urban,0.0063576117017043535,22.2,36.0,508.0,16.4,1,16.786451,8.69,2025-04-24,Mon-Th,1,10
3.0,Mon-Th,8,13,7,urban,0.002988077711601088,28.1,53.0,658.0,13.2,1,14.16606,1.43,2025-04-24,Mon-Th,1,10
3.0,Mon-Th,9,8,8,sub-urban,0.0015049640225160157,17.6,61.0,154.0,10.8,1,14.412808,5.14,2025-04-24,Mon-Th,1,10
3.0,Mon-Th,22,11,8,urban,0.004501992056455524,25.2,27.0,322.0,7.1,1,8.982391,9.74,2025-04-24,Mon-Th,1,10
3.0,Mon-Th,13,14,7,urban,0.00040360392852024484,27.6,38.0,442.0,12.3,1,3.468694,2.21,2025-04-24,Mon-Th,1,10
3.0,Mon-Th,15,14,7,urban,0.004710031067447683,22.1,47.0,449.0,15.9,1,20.420149,4.8,2025-04-28,Mon-Th,1,9
3.0,Mon-Th,21,9,6,urban,0.002669442894645156,15.2,36.0,69.0,8.8,1,14.872013,13.52,2025-04-28,Mon-Th,1,9
3.0,Mon-Th,22,7,6,urban,0.004407117260683325,22.9,36.0,489.0,4.6,1,8.826269,8.94,2025-04-28,Mon-Th,1,9
3.0,Mon-Th,21,10,6,urban,0.018603608781920678,14.6,64.0,29.0,8.8,1,2.058275,5.55,2025-04-28,Mon-Th,1,9
3.0,Mon-Th,15,2,8,urban,0.004703655278486071,18.7,58.0,425.0,11.8,1,15.879779,4.59,2025-04-28,Mon-Th,1,9
3.0,Mon-Th,22,6,8,urban,-0.00031,18.2,67.0,290.0,6.7,1,8.155461,12.28,2025-04-28,Mon-Th,1,9
3.0,Mon-Th,13,1,7,urban,0.004064382531025724,24.6,40.0,535.0,12.6,1,42.668516,7.23,2025-04-28,Mon-Th,1,9
3.0,Mon-Th,21,21,8,urban,0.037661895046072216,16.5,87.0,429.0,11.7,1,5.87063,1.99,2025-04-28,Mon-Th,1,9
3.0,Mon-Th,15,26,7,urban,0.0039860369332530045,19.2,76.0,475.0,5.7,1,18.927282,30.81,2025-04-28,Mon-Th,1,9
3.0,Mon-Th,14,23,8,sub-urban,0.005335326670949627,21.8,37.0,250.0,6.3,1,23.935265,1.68,2025-04-29,Mon-Th,1,11
3.0,Mon-Th,14,5,7,urban,0.004086220082863601,20.2,37.0,328.0,5.7,1,18.395182,2.73,2025-04-29,Mon-Th,1,11
3.0,Mon-Th,14,8,7,sub-urban,0.0074553144493596,23.6,56.0,295.0,7.8,1,6.487179,3.01,2025-04-29,Mon-Th,1,11
3.0,Mon-Th,22,8,8,urban,0.0153925808835488,20.6,39.0,327.0,4.8,1,10.265009,9.7,2025-04-29,Mon-Th,1,11
3.0,Mon-Th,4,18,7,urban,0.003821455753194331,27.1,35.0,346.0,3.7,1,14.35232,3.04,2025-04-29,Mon-Th,1,11
3.0,Mon-Th,15,25,8,urban,0.03168169209765574,16.6,91.0,250.0,15.2,1,19.150369,4.18,2025-04-29,Mon-Th,1,11
3.0,Mon-Th,18,19,7,urban,0.007478637946832088,28.6,47.0,518.0,15.2,1,14.309771,4.21,2025-04-29,Mon-Th,1,11
3.0,Mon-Th,18,9,8,urban,0.005985522185916374,19.8,55.0,307.0,15.6,1,2.396869,4.0,2025-04-29,Mon-Th,1,11
3.0,Mon-Th,14,3,7,urban,0.02899279839992449,25.1,56.0,268.0,5.5,1,14.035481,3.95,2025-04-29,Mon-Th,1,11
3.0,Mon-Th,22,23,6,urban,-0.00031,15.4,81.0,362.0,3.1,1,9.519716,9.73,2025-04-29,Mon-Th,1,11
3.0,Mon-Th,23,19,7,urban,0.0032937835365801013,25.0,67.0,116.0,15.0,1,3.13947,2.64,2025-04-29,Mon-Th,1,11
3.0,Mon-Th,13,13,9,urban,0.03298357713904159,13.4,56.0,386.0,12.6,1,9.427904,8.75,2025-04-30,Mon-Th,1,13
3.0,Mon-Th,5,13,9,urban,0.0025574903263717113,20.2,81.0,0.0,14.6,1,17.362509,5.88,2025-04-30,Mon-Th,1,13
3.0,Mon-Th,14,7,7,urban,0.0077781247641702765,24.5,44.0,594.0,5.9,1,4.734061,3.39,2025-04-30,Mon-Th,1,13
3.0,Mon-Th,16,6,8,urban,0.004443482509619282,22.8,65.0,144.0,5.3,1,17.519387,50.13,2025-04-30,Mon-Th,1,13
3.0,Mon-Th,22,19,7,urban,0.004155027525054131,26.1,43.0,563.0,4.2,1,24.007697,14.43,2025-04-30,Mon-Th,1,13
3.0,Mon-Th,8,16,9,urban,0.006393522355720752,17.4,82.0,202.0,5.1,1,11.90328,21.49,2025-04-30,Mon-Th,1,13
3.0,Mon-Th,16,4,8,sub-urban,0.033317494379635264,24.6,72.0,390.0,4.6,1,21.080708,3.76,2025-04-30,Mon-Th,1,13
3.0,Mon-Th,14,10,7,urban,0.0038587879155852515,16.3,79.0,500.0,10.1,1,7.227263,9.17,2025-04-30,Mon-Th,1,13
3.0,Mon-Th,9,7,7,urban,0.001337554694085672,22.8,54.0,428.0,4.2,1,17.770858,2.39,2025-04-30,Mon-Th,1,13
3.0,Mon-Th,14,23,9,urban,0.0018474600689679333,17.6,73.0,83.0,17.2,1,4.757367,9.33,2025-04-30,Mon-Th,1,13
3.0,Mon-Th,23,4,8,urban,0.03934346620274308,28.1,42.0,176.0,16.0,1,12.151823,13.05,2025-04-30,Mon-Th,1,13
3.0,Mon-Th,21,25,6,sub-urban,0.002781676543874221,25.4,60.0,0.0,5.8,1,2.335974,41.92,2025-04-30,Mon-Th,1,13
3.0,Mon-Th,8,24,7,urban,0.004539244695901928,28.9,35.0,466.0,14.1,1,17.429374,4.32,2025-04-30,Mon-Th,1,13
3.0,Mon-Th,19,10,7,urban,0.054560459248335774,10.6,88.0,0.0,9.3,1,15.882783,8.67,2025-05-01,Mon-Th,1,4
3.0,Mon-Th,13,1,7,urban,0.012651343820230535,24.7,58.0,299.0,15.0,1,14.612113,14.99,2025-05-01,Mon-Th,1,4
3.0,Mon-Th,9,9,8,urban,0.023083746669074274,14.3,67.0,349.0,6.6,1,14.927028,8.42,2025-05-01,Mon-Th,1,4
3.0,Mon-Th,18,6,6,urban,0.002506121683759459,14.6,70.0,120.0,4.8,1,11.706807,16.74,2025-05-01,Mon-Th,1,4
3.0,Mon-Th,7,5,7,urban,0.009843104670173441,23.6,36.0,444.0,6.0,1,17.946703,6.41,2025-05-05,Mon-Th,1,7
3.0,Mon-Th,4,9,8,urban,0.03826091117718348,14.6,48.0,447.0,9.5,1,2.167545,8.56,2025-05-05,Mon-Th,1,7
3.0,Mon-Th,4,13,8,urban,0.038384537674328055,13.3,83.0,0.0,3.9,1,7.092255,11.11,2025-05-05,Mon-Th,1,7
3.0,Mon-Th,10,11,8,urban,0.0028934647822660593,11.8,77.0,258.0,8.0,1,8.382708,33.06,2025-05-05,Mon-Th,1,7
3.0,Mon-Th,11,19,7,urban,0.00822628638845858,23.9,35.0,511.0,6.2,1,5.468754,2.63,2025-05-05,Mon-Th,1,7
3.0,Mon-Th,15,18,6,urban,0.0033670158307511256,14.8,46.0,409.0,4.7,1,9.778994,3.03,2025-05-05,Mon-Th,1,7
3.0,Mon-Th,23,10,9,urban,0.0019416472594727197,11.4,85.0,55.0,8.1,1,11.877122,12.57,2025-05-05,Mon-Th,1,7
3.0,Mon-Th,19,23,6,sub-urban,0.006406223335412057,21.5,37.0,550.0,10.1,1,17.943397,6.83,2025-05-06,Mon-Th,1,12
3.0,Mon-Th,18,4,7,urban,0.004499946162010457,27.1,53.0,472.0,4.7,1,14.43756,9.09,2025-05-06,Mon-Th,1,12
3.0,Mon-Th,15,13,7,urban,0.040562216834753785,18.7,49.0,540.0,5.6,1,13.18986,10.2,2025-05-06,Mon-Th,1,12
3.0,Mon-Th,14,26,8,urban,0.008120673147310544,13.1,97.0,0.0,13.0,1,13.295895,12.46,2025-05-06,Mon-Th,1,12
3.0,Mon-Th,4,9,8,urban,0.0010488783308186568,21.1,65.0,446.0,5.7,1,38.496698,3.1,2025-05-06,Mon-Th,1,12
3.0,Mon-Th,13,18,7,urban,0.006877266340253069,21.8,55.0,519.0,14.2,1,14.064693,3.08,2025-05-06,Mon-Th,1,12
3.0,Mon-Th,13,6,7,urban,0.0019902804866392524,21.6,65.0,385.0,2.5,1,8.542107,3.55,2025-05-06,Mon-Th,1,12
3.0,Mon-Th,21,10,6,urban,0.005206852315990963,13.5,96.0,28.0,5.3,1,15.514032,23.55,2025-05-06,Mon-Th,1,12
3.0,Mon-Th,0,7,8,urban,0.012129772361589125,12.8,78.0,3.0,6.2,1,6.659613,3.77,2025-05-06,Mon-Th,1,12
3.0,Mon-Th,17,24,7,urban,0.039228969160186894,17.1,85.0,407.0,5.1,1,19.916176,8.14,2025-05-06,Mon-Th,1,12
3.0,Mon-Th,16,19,7,urban,0.006424752353042568,26.1,60.0,2.0,4.4,1,11.353546,26.57,2025-05-06,Mon-Th,1,12
3.0,Mon-Th,13,23,7,urban,0.0044063543613810366,20.5,34.0,482.0,15.5,1,14.922628,2.3,2025-05-06,Mon-Th,1,12
3.0,Mon-Th,16,21,9,urban,0.012494467397217643,12.5,93.0,53.0,7.4,1,12.136646,9.73,2025-05-07,Mon-Th,1,14
3.0,Mon-Th,17,9,6,urban,0.0017459823411767232,12.6,24.0,586.0,6.7,1,5.083332,23.74,2025-05-07,Mon-Th,1,14
3.0,Mon-Th,22,7,9,urban,0.013734345966195546,9.8,81.0,19.0,14.7,1,5.091369,11.43,2025-05-07,Mon-Th,1,14
3.0,Mon-Th,21,29,8,urban,0.030602319814260558,8.9,57.0,1.0,2.6,1,10.269433,13.59,2025-05-07,Mon-Th,1,14
3.0,Mon-Th,18,4,7,sub-urban,0.0034883427965858222,27.7,52.0,380.0,5.2,1,11.378857,6.37,2025-05-07,Mon-Th,1,14
3.0,Mon-Th,2,21,7,urban,0.002504971923574454,19.6,32.0,497.0,5.2,1,4.671352,3.46,2025-05-07,Mon-Th,1,14
3.0,Mon-Th,6,22,8,urban,0.005326337570232164,14.8,31.0,459.0,12.8,1,8.848595,12.15,2025-05-07,Mon-Th,1,14
3.0,Mon-Th,18,14,7,urban,0.03780839283944976,14.9,82.0,131.0,2.8,1,9.302981,4.76,2025-05-07,Mon-Th,1,14
3.0,Mon-Th,11,13,7,sub-urban,0.02864161196175315,11.2,71.0,1.0,15.2,1,14.301779,22.4,2025-05-07,Mon-Th,1,14
3.0,Mon-Th,13,9,8,urban,0.003299619168828982,20.6,62.0,274.0,11.7,1,8.927077,2.66,2025-05-07,Mon-Th,1,14
3.0,Mon-Th,21,18,7,urban,0.005809203085280457,14.2,79.0,24.0,12.7,1,10.809318,12.4,2025-05-07,Mon-Th,1,14
3.0,Mon-Th,21,5,6,urban,0.00230412640511333,22.9,63.0,331.0,15.0,1,10.247583,5.91,2025-05-07,Mon-Th,1,14
3.0,Mon-Th,7,5,7,urban,0.021033489668952687,19.4,59.0,535.0,7.0,1,4.649469,12.59,2025-05-07,Mon-Th,1,14
3.0,Mon-Th,8,13,7,urban,0.0025807294629584298,25.8,86.0,539.0,12.3,1,14.132849,32.52,2025-05-07,Mon-Th,1,14
3.0,Mon-Th,14,8,7,urban,0.006444275218765514,25.5,55.0,465.0,14.8,1,20.833915,1.2,2025-05-08,Mon-Th,1,6
3.0,Mon-Th,4,7,7,urban,0.003357680319715309,22.3,46.0,445.0,5.0,1,14.261464,8.42,2025-05-08,Mon-Th,1,6
3.0,Mon-Th,8,7,7,sub-urban,0.0045199572880904966,21.4,48.0,454.0,10.1,1,17.51874,26.8,2025-05-08,Mon-Th,1,6
3.0,Mon-Th,23,7,8,urban,-0.00031,23.8,46.0,577.0,16.5,1,12.478591,11.93,2025-05-08,Mon-Th,1,6
3.0,Mon-Th,18,21,7,sub-urban,0.007621465684319959,17.0,36.0,390.0,7.1,1,39.517959,7.45,2025-05-08,Mon-Th,1,6
3.0,Mon-Th,13,26,8,urban,0.006871214315927351,14.0,38.0,528.0,14.0,1,13.028333,19.11,2025-05-08,Mon-Th,1,6
3.0,Mon-Th,10,18,7,sub-urban,0.003975633598228718,25.8,31.0,319.0,5.2,1,45.495812,41.47,2025-05-12,Mon-Th,1,6
3.0,Mon-Th,15,26,6,urban,0.0037930881243865696,16.1,41.0,224.0,5.4,1,19.759813,5.55,2025-05-12,Mon-Th,1,6
3.0,Mon-Th,18,24,7,urban,0.0040281341132242755,23.2,58.0,265.0,15.0,1,2.297328,3.07,2025-05-12,Mon-Th,1,6
3.0,Mon-Th,22,4,9,urban,0.00265306883100774,15.3,77.0,25.0,13.8,1,14.568848,27.89,2025-05-12,Mon-Th,1,6
3.0,Mon-Th,17,13,8,urban,0.0021532110023164525,24.9,39.0,438.0,11.7,1,8.870716,1.89,2025-05-12,Mon-Th,1,6
3.0,Mon-Th,22,22,7,urban,0.002261402648845153,16.1,86.0,0.0,7.6,1,12.406056,28.26,2025-05-12,Mon-Th,1,6
3.0,Mon-Th,20,4,7,sub-urban,0.002474025752139466,23.7,29.0,372.0,4.2,1,11.212884,11.13,2025-05-13,Mon-Th,1,7
3.0,Mon-Th,17,24,3,urban,0.03744599303219324,11.9,58.0,254.0,4.9,1,5.367973,1.92,2025-05-13,Mon-Th,1,7
3.0,Mon-Th,14,25,8,urban,0.002591012707242399,25.3,49.0,419.0,15.8,1,22.389912,7.1,2025-05-13,Mon-Th,1,7
3.0,Mon-Th,14,21,9,urban,0.04946346129958029,26.8,57.0,197.0,17.8,1,15.386687,12.83,2025-05-13,Mon-Th,1,7
3.0,Mon-Th,4,7,7,urban,0.005187366964327849,19.4,33.0,441.0,5.2,1,16.273474,3.4,2025-05-13,Mon-Th,1,7
3.0,Mon-Th,0,21,9,urban,0.03456580644780311,16.0,92.0,23.0,17.8,1,9.147546,12.68,2025-05-13,Mon-Th,1,7
3.0,Mon-Th,9,6,8,sub-urban,0.00483242270059996,25.9,27.0,524.0,16.0,1,35.293962,10.78,2025-05-13,Mon-Th,1,7
3.0,Mon-Th,13,5,7,urban,0.0008986010330297549,19.6,87.0,0.0,2.7,1,10.643832,3.05,2025-05-14,Mon-Th,1,8
3.0,Mon-Th,22,13,7,urban,0.004542750316169972,20.3,85.0,383.0,5.9,1,16.030875,9.04,2025-05-14,Mon-Th,1,8
3.0,Mon-Th,16,4,9,urban,0.02247446316424793,11.1,56.0,49.0,15.0,1,11.575822,35.14,2025-05-14,Mon-Th,1,8
3.0,Mon-Th,7,8,7,urban,0.005109894757916418,28.9,54.0,450.0,13.6,1,5.268791,6.73,2025-05-14,Mon-Th,1,8
3.0,Mon-Th,21,24,8,sub-urban,0.005626666623962439,20.7,68.0,464.0,7.2,1,15.633985,2.22,2025-05-14,Mon-Th,1,8
3.0,Mon-Th,6,18,8,urban,0.005250277447931443,14.9,98.0,161.0,11.6,1,13.144312,21.56,2025-05-14,Mon-Th,1,8
3.0,Mon-Th,14,26,6,urban,0.007385583863929649,16.8,32.0,358.0,5.2,1,37.002891,3.29,2025-05-14,Mon-Th,1,8
3.0,Mon-Th,21,14,2,urban,0.039236357933612985,-6.0,83.0,0.0,4.6,1,9.726903,5.77,2025-05-14,Mon-Th,1,8
3.0,Mon-Th,17,6,8,urban,0.03686614962209034,19.4,62.0,146.0,6.3,1,13.54888,3.56,2025-05-15,Mon-Th,1,15
3.0,Mon-Th,10,4,8,urban,0.00617234769374341,14.2,82.0,553.0,15.3,1,11.385837,9.32,2025-05-15,Mon-Th,1,15
3.0,Mon-Th,0,24,7,urban,0.0009971140521217343,21.3,45.0,408.0,2.9,1,6.913054,3.13,2025-05-15,Mon-Th,1,15
3.0,Mon-Th,9,23,5,urban,0.030153608785819363,23.4,75.0,202.0,13.3,1,12.204574,2.06,2025-05-15,Mon-Th,1,15
3.0,Mon-Th,15,4,7,urban,0.008117428272632763,29.2,36.0,498.0,4.0,1,10.270005,4.04,2025-05-15,Mon-Th,1,15
3.0,Mon-Th,11,4,7,urban,0.008826032629772086,23.3,29.0,402.0,4.4,1,31.381747,2.51,2025-05-15,Mon-Th,1,15
3.0,Mon-Th,21,21,8,urban,0.003994793538297214,27.2,48.0,395.0,15.7,1,9.167391,13.34,2025-05-15,Mon-Th,1,15
3.0,Mon-Th,21,11,8,urban,0.026004226732929507,14.4,57.0,20.0,5.9,1,14.782373,15.08,2025-05-15,Mon-Th,1,15
3.0,Mon-Th,12,19,1,urban,0.03757694277087408,23.9,63.0,7.0,11.2,1,14.736338,13.19,2025-05-15,Mon-Th,1,15
3.0,Mon-Th,16,7,7,urban,0.029795962833447587,21.6,58.0,427.0,5.9,1,2.900197,2.72,2025-05-15,Mon-Th,1,15
3.0,Mon-Th,5,7,9,urban,0.03142901670780852,17.4,62.0,45.0,5.9,1,18.7218,29.55,2025-05-15,Mon-Th,1,15
3.0,Mon-Th,22,9,8,urban,0.0045420794035154624,16.5,56.0,158.0,6.1,1,14.334766,3.46,2025-05-15,Mon-Th,1,15
3.0,Mon-Th,12,5,7,urban,0.0005007518018251582,19.5,99.0,20.0,5.1,1,10.517789,16.09,2025-05-15,Mon-Th,1,15
3.0,Mon-Th,15,21,7,urban,0.005146123000473494,25.1,37.0,402.0,6.7,1,10.838433,5.54,2025-05-15,Mon-Th,1,15
3.0,Mon-Th,20,27,7,urban,0.008846525188192844,22.9,31.0,427.0,4.3,1,14.945264,3.8,2025-05-15,Mon-Th,1,15
3.0,Mon-Th,13,19,7,urban,0.0066594346384953144,25.4,61.0,23.0,4.3,1,12.497789,7.56,2025-05-19,Mon-Th,1,12
3.0,Mon-Th,16,25,7,urban,0.0046065933787140115,15.1,65.0,215.0,3.6,1,35.569863,26.06,2025-05-19,Mon-Th,1,12
3.0,Mon-Th,18,8,7,urban,0.0016349065039308703,15.3,41.0,541.0,5.6,1,20.041845,3.96,2025-05-19,Mon-Th,1,12
3.0,Mon-Th,12,9,9,urban,0.007136189296192349,19.0,60.0,277.0,17.1,1,19.514678,3.75,2025-05-19,Mon-Th,1,12
3.0,Mon-Th,14,4,7,urban,0.008922877096680893,28.0,36.0,453.0,8.4,1,6.740036,24.39,2025-05-19,Mon-Th,1,12
3.0,Mon-Th,22,24,8,urban,0.039040748010312105,25.6,57.0,225.0,15.1,1,9.950994,6.76,2025-05-19,Mon-Th,1,12
3.0,Mon-Th,11,3,8,urban,0.003260202414181579,14.7,56.0,136.0,13.5,1,5.952115,7.02,2025-05-19,Mon-Th,1,12
3.0,Mon-Th,14,31,4,urban,0.0044588635457843235,19.1,60.0,512.0,16.1,1,9.162493,6.08,2025-05-19,Mon-Th,1,12
3.0,Mon-Th,9,10,7,urban,0.0034729595616165123,26.7,41.0,146.0,3.9,1,16.484597,1.86,2025-05-19,Mon-Th,1,12
3.0,Mon-Th,21,8,6,sub-urban,0.007641113535910541,23.3,30.0,439.0,5.4,1,8.585121,7.79,2025-05-19,Mon-Th,1,12
3.0,Mon-Th,11,5,8,urban,0.002344894306398643,21.0,51.0,425.0,3.9,1,23.332124,19.93,2025-05-19,Mon-Th,1,12
3.0,Mon-Th,16,31,7,urban,0.05347227815428139,19.0,55.0,322.0,5.0,1,2.685856,9.58,2025-05-19,Mon-Th,1,12
3.0,Mon-Th,9,3,8,urban,0.0036851425151917445,22.6,57.0,529.0,16.2,1,37.634049,2.11,2025-05-20,Mon-Th,1,6
3.0,Mon-Th,16,11,7,urban,0.044352038121087664,14.7,76.0,444.0,5.9,1,17.520397,11.14,2025-05-20,Mon-Th,1,6
3.0,Mon-Th,18,1,7,urban,0.006324644894910011,23.9,54.0,406.0,4.7,1,18.526376,2.59,2025-05-20,Mon-Th,1,6
3.0,Mon-Th,13,4,9,urban,0.02036865134761429,11.2,99.0,22.0,6.3,1,19.384567,12.57,2025-05-20,Mon-Th,1,6
3.0,Mon-Th,16,9,7,urban,0.0052807110492123326,16.7,59.0,373.0,10.2,1,3.270609,7.44,2025-05-20,Mon-Th,1,6
3.0,Mon-Th,0,6,7,urban,0.0066780525918969415,22.6,26.0,430.0,5.2,1,16.730863,10.74,2025-05-20,Mon-Th,1,6
3.0,Mon-Th,13,19,7,urban,0.004649221988804218,26.3,58.0,376.0,19.0,1,21.044276,2.71,2025-05-21,Mon-Th,1,11
3.0,Mon-Th,15,3,6,urban,0.0036068082631346803,21.7,86.0,440.0,16.6,1,21.805215,6.98,2025-05-21,Mon-Th,1,11
3.0,Mon-Th,20,7,7,urban,0.0022281952030816427,27.6,33.0,597.0,9.2,1,14.711886,7.71,2025-05-21,Mon-Th,1,11
3.0,Mon-Th,12,12,8,urban,0.0019744643760185605,22.6,91.0,178.0,6.3,1,33.874181,7.6,2025-05-21,Mon-Th,1,11
3.0,Mon-Th,6,10,6,urban,0.005182738918814739,5.6,62.0,396.0,16.7,1,9.383776,52.9,2025-05-21,Mon-Th,1,11
3.0,Mon-Th,21,16,6,urban,0.0399784103151859,16.3,71.0,195.0,3.7,1,10.58811,2.62,2025-05-21,Mon-Th,1,11
3.0,Mon-Th,14,23,8,urban,0.006298230787893587,17.8,85.0,237.0,8.3,1,12.790186,2.53,2025-05-21,Mon-Th,1,11
3.0,Mon-Th,16,3,8,urban,0.0038198997889395086,24.9,36.0,447.0,10.4,1,19.696499,38.67,2025-05-21,Mon-Th,1,11
3.0,Mon-Th,21,6,8,urban,0.0006920804607953735,18.4,88.0,398.0,5.4,1,3.50526,2.3,2025-05-21,Mon-Th,1,11
3.0,Mon-Th,18,17,3,urban,0.039901787423477886,12.7,83.0,20.0,2.9,1,11.29286,17.53,2025-05-21,Mon-Th,1,11
3.0,Mon-Th,0,24,7,urban,0.0286249026758255,14.8,98.0,2.0,16.4,1,4.088631,0.85,2025-05-21,Mon-Th,1,11
3.0,Mon-Th,13,31,9,urban,0.018217304274150116,7.0,67.0,20.0,7.4,1,15.141369,11.91,2025-05-22,Mon-Th,1,9
3.0,Mon-Th,19,25,7,urban,0.003406489222479105,22.1,57.0,23.0,7.5,1,13.41836,2.71,2025-05-22,Mon-Th,1,9
3.0,Mon-Th,23,30,7,urban,-0.00031,15.3,98.0,1.0,7.7,1,14.051084,24.02,2025-05-22,Mon-Th,1,9
3.0,Mon-Th,5,9,8,urban,0.0020180699871859163,19.2,65.0,378.0,18.1,1,21.416181,3.37,2025-05-22,Mon-Th,1,9
3.0,Mon-Th,14,21,8,urban,0.003017686918542737,22.4,35.0,407.0,6.1,1,20.117139,13.33,2025-05-22,Mon-Th,1,9
3.0,Mon-Th,14,24,5,urban,0.0015891505136557643,10.6,58.0,338.0,12.4,1,4.338057,26.26,2025-05-22,Mon-Th,1,9
3.0,Mon-Th,15,13,7,urban,0.002110663653627194,24.8,56.0,18.0,10.6,1,4.378607,5.56,2025-05-22,Mon-Th,1,9
3.0,Mon-Th,13,13,7,urban,0.00810328053119983,25.7,41.0,485.0,16.6,1,17.156609,1.42,2025-05-22,Mon-Th,1,9
3.0,Mon-Th,22,8,7,urban,0.0001907890460322529,20.9,93.0,330.0,11.1,1,11.88183,30.68,2025-05-22,Mon-Th,1,9
3.0,Mon-Th,10,9,7,sub-urban,0.038989582274316835,17.3,61.0,400.0,13.5,1,23.548116,3.46,2025-05-26,Mon-Th,1,5
3.0,Mon-Th,1,17,8,urban,0.050923455093128504,13.6,81.0,103.0,16.9,1,2.778617,8.35,2025-05-26,Mon-Th,1,5
3.0,Mon-Th,5,13,8,urban,0.0484130821825529,15.0,86.0,69.0,4.6,1,11.499631,6.31,2025-05-26,Mon-Th,1,5
3.0,Mon-Th,15,24,7,urban,0.004820226399385534,18.4,65.0,235.0,13.9,1,11.57049,8.04,2025-05-26,Mon-Th,1,5
3.0,Mon-Th,7,24,7,urban,0.001107327065991445,20.5,60.0,368.0,6.3,1,15.542351,4.78,2025-05-26,Mon-Th,1,5
3.0,Mon-Th,18,5,3,urban,0.03655589605061712,0.5,77.0,14.0,12.9,1,15.779008,6.33,2025-05-27,Mon-Th,1,7
3.0,Mon-Th,16,25,6,urban,0.04140643303523729,11.5,49.0,353.0,5.9,1,13.805182,3.99,2025-05-27,Mon-Th,1,7
3.0,Mon-Th,14,8,7,urban,0.00815316288506107,27.5,35.0,460.0,5.9,1,13.550803,26.14,2025-05-27,Mon-Th,1,7
3.0,Mon-Th,20,10,6,sub-urban,0.0031523329310789014,22.0,32.0,355.0,5.4,1,23.082444,2.17,2025-05-27,Mon-Th,1,7
3.0,Mon-Th,10,5,8,urban,0.0032678939859173807,24.5,61.0,362.0,7.4,1,12.052366,4.81,2025-05-27,Mon-Th,1,7
3.0,Mon-Th,14,8,8,urban,0.0016261712178523699,27.3,89.0,262.0,12.6,1,15.530267,17.82,2025-05-27,Mon-Th,1,7
3.0,Mon-Th,18,11,7,urban,0.003448280342620769,21.1,37.0,588.0,5.5,1,16.045314,2.91,2025-05-27,Mon-Th,1,7
3.0,Mon-Th,22,10,7,urban,0.035110515436874844,24.9,86.0,533.0,6.3,1,9.495685,20.97,2025-05-28,Mon-Th,1,7
3.0,Mon-Th,8,9,8,urban,0.007607044547738787,16.3,59.0,179.0,7.3,1,8.527852,3.1,2025-05-28,Mon-Th,1,7
3.0,Mon-Th,3,14,7,sub-urban,0.003256256758566588,24.3,55.0,513.0,6.2,1,8.044852,4.43,2025-05-28,Mon-Th,1,7
3.0,Mon-Th,9,7,8,urban,0.0028327783791731306,16.3,52.0,0.0,14.7,1,7.616909,3.37,2025-05-28,Mon-Th,1,7
3.0,Mon-Th,22,23,8,urban,0.005473509161355489,14.7,81.0,303.0,5.0,1,5.179655,2.05,2025-05-28,Mon-Th,1,7
3.0,Mon-Th,14,8,7,urban,0.006226397768154306,28.7,35.0,532.0,3.1,1,37.241449,4.28,2025-05-28,Mon-Th,1,7
3.0,Mon-Th,17,9,8,urban,0.005572858469488608,17.6,39.0,511.0,18.0,1,7.256182,6.63,2025-05-28,Mon-Th,1,7
3.0,Mon-Th,3,10,7,urban,0.00376084931909724,27.8,30.0,564.0,7.5,1,2.0,7.75,2025-05-29,Mon-Th,1,5
3.0,Mon-Th,22,16,8,urban,0.004800894009013943,13.5,60.0,190.0,8.6,1,9.709538,38.43,2025-05-29,Mon-Th,1,5
3.0,Mon-Th,16,12,7,urban,0.004161050384485772,17.5,64.0,19.0,14.7,1,13.831423,2.37,2025-05-29,Mon-Th,1,5
3.0,Mon-Th,5,13,7,urban,0.0037099193622407577,18.8,73.0,385.0,6.4,1,16.847513,4.03,2025-05-29,Mon-Th,1,5
3.0,Mon-Th,21,19,7,urban,0.003006582482339269,23.5,33.0,593.0,4.3,1,11.718003,9.51,2025-05-29,Mon-Th,1,5
3.0,Mon-Th,15,19,7,urban,0.004947181915283952,22.9,51.0,64.0,15.1,1,7.73757,2.41,2025-06-02,Mon-Th,1,12
3.0,Mon-Th,2,7,7,urban,0.0037349874007420055,26.0,34.0,457.0,4.7,1,6.345575,11.7,2025-06-02,Mon-Th,1,12
3.0,Mon-Th,14,5,7,urban,0.002914338428636087,26.9,89.0,491.0,2.5,1,13.821464,1.12,2025-06-02,Mon-Th,1,12
3.0,Mon-Th,13,13,7,urban,0.03518635335148053,19.4,83.0,569.0,4.8,1,5.499874,3.17,2025-06-02,Mon-Th,1,12
3.0,Mon-Th,15,4,6,sub-urban,0.007237002384640579,22.3,27.0,488.0,14.0,1,10.913872,10.34,2025-06-02,Mon-Th,1,12
3.0,Mon-Th,4,8,7,urban,0.0034361414333430006,27.9,44.0,267.0,8.6,1,2.0,2.06,2025-06-02,Mon-Th,1,12
3.0,Mon-Th,0,8,8,urban,0.007121956095901164,17.7,58.0,424.0,9.0,1,8.688864,17.8,2025-06-02,Mon-Th,1,12
3.0,Mon-Th,5,27,8,urban,0.032460659858728876,15.0,42.0,217.0,20.0,1,19.48252,11.09,2025-06-02,Mon-Th,1,12
3.0,Mon-Th,22,14,7,urban,0.004892542321147449,26.6,77.0,335.0,13.9,1,20.786782,13.34,2025-06-02,Mon-Th,1,12
3.0,Mon-Th,13,8,6,urban,0.004734343746629553,27.2,34.0,513.0,5.4,1,7.223438,1.34,2025-06-02,Mon-Th,1,12
3.0,Mon-Th,18,12,8,urban,0.05019421002080352,2.1,68.0,9.0,14.2,1,14.681289,19.93,2025-06-02,Mon-Th,1,12
3.0,Mon-Th,15,19,6,urban,0.00537862045793184,19.5,25.0,565.0,7.2,1,41.054123,11.28,2025-06-02,Mon-Th,1,12
3.0,Mon-Th,17,23,9,urban,0.000848738442673207,19.2,46.0,149.0,6.1,1,13.484357,10.97,2025-06-03,Mon-Th,1,8
3.0,Mon-Th,20,16,8,sub-urban,0.0020169207759871527,20.0,85.0,543.0,18.0,1,11.670266,7.79,2025-06-03,Mon-Th,1,8
3.0,Mon-Th,13,14,7,urban,0.006515767867035097,25.0,29.0,461.0,6.9,1,42.506077,2.24,2025-06-03,Mon-Th,1,8
3.0,Mon-Th,21,26,7,urban,0.006059970576109912,25.2,45.0,549.0,14.2,1,2.681367,15.27,2025-06-03,Mon-Th,1,8
3.0,Mon-Th,0,24,9,urban,0.029516228930973915,17.9,50.0,0.0,16.7,1,30.571274,1.49,2025-06-03,Mon-Th,1,8
3.0,Mon-Th,5,21,7,urban,0.0029013504206382127,15.7,85.0,65.0,10.8,1,38.932362,8.56,2025-06-03,Mon-Th,1,8
3.0,Mon-Th,0,13,8,urban,0.03340167184940604,13.4,82.0,212.0,6.5,1,12.73849,4.21,2025-06-03,Mon-Th,1,8
3.0,Mon-Th,9,1,7,urban,0.006385703876665469,28.6,46.0,589.0,11.2,1,35.706708,1.43,2025-06-03,Mon-Th,1,8
3.0,Mon-Th,22,3,9,urban,0.033859440178706506,16.2,94.0,19.0,6.8,1,6.720124,15.12,2025-06-04,Mon-Th,1,12
3.0,Mon-Th,9,17,8,urban,0.00400884767757598,15.8,69.0,215.0,14.5,1,20.666075,26.67,2025-06-04,Mon-Th,1,12
3.0,Mon-Th,18,12,7,sub-urban,0.00459083419110423,25.2,60.0,324.0,5.7,1,12.091687,21.05,2025-06-04,Mon-Th,1,12
3.0,Mon-Th,22,14,7,urban,0.002849497938151831,29.4,42.0,403.0,4.4,1,4.628293,8.88,2025-06-04,Mon-Th,1,12
3.0,Mon-Th,13,9,8,urban,0.006568163479909685,26.2,47.0,313.0,16.2,1,45.311038,2.13,2025-06-04,Mon-Th,1,12
3.0,Mon-Th,22,4,7,urban,0.005784485894736348,20.9,36.0,494.0,6.1,1,9.899961,27.3,2025-06-04,Mon-Th,1,12
3.0,Mon-Th,11,3,9,urban,0.005932662679667765,8.6,69.0,30.0,10.7,1,16.032065,6.83,2025-06-04,Mon-Th,1,12
3.0,Mon-Th,22,9,8,urban,0.004345444352188942,29.0,30.0,237.0,3.7,1,13.888881,1.34,2025-06-04,Mon-Th,1,12
3.0,Mon-Th,15,23,8,urban,0.040714373798924605,17.8,53.0,375.0,17.3,1,16.422096,5.44,2025-06-04,Mon-Th,1,12
3.0,Mon-Th,13,21,7,urban,0.003917539233674785,24.4,37.0,355.0,13.9,1,6.146452,6.08,2025-06-04,Mon-Th,1,12
3.0,Mon-Th,21,21,7,sub-urban,0.05092043682769935,-8.7,90.0,51.0,7.7,1,7.183365,6.98,2025-06-04,Mon-Th,1,12
3.0,Mon-Th,18,20,7,urban,0.006040079157623541,15.8,51.0,387.0,15.8,1,10.464753,30.75,2025-06-04,Mon-Th,1,12
3.0,Mon-Th,3,26,7,urban,0.004174743359440946,25.3,36.0,594.0,4.3,1,4.927598,11.6,2025-06-05,Mon-Th,1,9
3.0,Mon-Th,21,8,8,urban,0.002762666980287029,25.5,54.0,503.0,6.3,1,22.855934,19.97,2025-06-05,Mon-Th,1,9
3.0,Mon-Th,18,14,8,urban,0.0043987211737601525,23.4,65.0,483.0,12.7,1,30.814383,2.33,2025-06-05,Mon-Th,1,9
3.0,Mon-Th,4,8,8,urban,0.006050261022448256,20.7,59.0,426.0,5.9,1,6.131522,2.35,2025-06-05,Mon-Th,1,9
3.0,Mon-Th,18,12,6,urban,0.0035941517513289334,12.2,91.0,1.0,6.0,1,10.716169,16.92,2025-06-05,Mon-Th,1,9
3.0,Mon-Th,21,3,6,urban,0.0021873879577823593,25.8,73.0,341.0,4.8,1,13.02283,17.03,2025-06-05,Mon-Th,1,9
3.0,Mon-Th,20,4,7,urban,0.0058527894819293625,23.6,62.0,437.0,15.5,1,24.559683,10.94,2025-06-05,Mon-Th,1,9
3.0,Mon-Th,18,4,6,urban,0.036818784675798855,15.2,78.0,60.0,16.6,1,10.43828,10.29,2025-06-05,Mon-Th,1,9
3.0,Mon-Th,9,30,7,urban,0.0014247271213926548,16.5,64.0,400.0,6.6,1,25.159329,4.23,2025-06-05,Mon-Th,1,9
3.0,Mon-Th,7,14,3,urban,0.005307961811260723,19.6,52.0,563.0,9.0,1,16.480849,5.28,2025-06-09,Mon-Th,1,12
3.0,Mon-Th,21,28,9,urban,0.013046062993278606,18.2,83.0,152.0,7.3,1,15.233891,16.2,2025-06-09,Mon-Th,1,12
3.0,Mon-Th,15,19,7,urban,0.006016951282248422,25.1,44.0,645.0,7.6,1,17.354127,13.11,2025-06-09,Mon-Th,1,12
3.0,Mon-Th,22,4,8,urban,0.002573651383347446,13.8,58.0,432.0,5.8,1,5.017123,4.66,2025-06-09,Mon-Th,1,12
3.0,Mon-Th,21,4,8,urban,0.006305327899027608,28.7,45.0,459.0,7.4,1,6.808704,15.62,2025-06-09,Mon-Th,1,12
3.0,Mon-Th,23,23,7,urban,0.034491794899840875,24.9,69.0,461.0,5.8,1,4.983876,15.48,2025-06-09,Mon-Th,1,12
3.0,Mon-Th,13,4,7,urban,0.005723403855558749,15.8,58.0,419.0,10.6,1,8.165671,12.94,2025-06-09,Mon-Th,1,12
3.0,Mon-Th,22,25,8,urban,0.0048311853084861646,21.2,72.0,469.0,15.0,1,2.048049,7.33,2025-06-09,Mon-Th,1,12
3.0,Mon-Th,9,22,8,urban,0.003897436729978577,19.0,59.0,438.0,11.9,1,27.928873,9.66,2025-06-09,Mon-Th,1,12
3.0,Mon-Th,22,24,6,urban,0.029063071661635152,13.7,61.0,1.0,9.3,1,8.813592,9.11,2025-06-09,Mon-Th,1,12
3.0,Mon-Th,22,23,6,urban,0.03022721904920916,13.3,84.0,233.0,6.2,1,5.683247,9.79,2025-06-09,Mon-Th,1,12
3.0,Mon-Th,10,19,7,urban,0.0063098321481432715,26.3,38.0,344.0,7.3,1,4.237849,12.43,2025-06-09,Mon-Th,1,12
3.0,Mon-Th,9,16,8,sub-urban,0.00466819877333791,22.3,43.0,291.0,14.4,1,4.372355,7.05,2025-06-10,Mon-Th,1,6
3.0,Mon-Th,14,19,8,sub-urban,0.005829466350447702,23.3,24.0,430.0,16.5,1,27.536889,2.66,2025-06-10,Mon-Th,1,6
3.0,Mon-Th,17,17,9,urban,0.004245819167032283,6.6,80.0,61.0,6.9,1,9.476118,11.83,2025-06-10,Mon-Th,1,6
3.0,Mon-Th,13,4,9,urban,0.037372752711097544,10.0,60.0,29.0,5.6,1,9.236147,14.08,2025-06-10,Mon-Th,1,6
3.0,Mon-Th,13,19,7,urban,0.003806103535947663,13.1,56.0,242.0,6.3,1,5.354141,12.91,2025-06-10,Mon-Th,1,6
3.0,Mon-Th,17,15,7,urban,0.03833133538788627,16.4,53.0,272.0,5.8,1,11.193433,3.57,2025-06-10,Mon-Th,1,6
3.0,Mon-Th,18,27,6,urban,0.04561376097452745,24.1,63.0,19.0,1.8,1,10.573947,9.54,2025-06-11,Mon-Th,1,4
3.0,Mon-Th,18,21,7,urban,0.010697287002874877,16.0,48.0,507.0,7.9,1,9.731835,3.71,2025-06-11,Mon-Th,1,4
3.0,Mon-Th,22,14,8,urban,0.028551040176082933,20.0,61.0,143.0,5.4,1,20.365957,4.05,2025-06-11,Mon-Th,1,4
3.0,Mon-Th,6,24,8,urban,0.040384789903824526,16.1,74.0,0.0,5.6,1,3.048745,11.62,2025-06-11,Mon-Th,1,4
3.0,Mon-Th,22,9,7,urban,0.012255310799272579,9.8,63.0,364.0,8.5,1,9.833097,6.58,2025-06-12,Mon-Th,1,10
3.0,Mon-Th,21,4,7,urban,0.03350631426282126,29.0,35.0,493.0,4.9,1,13.458743,21.23,2025-06-12,Mon-Th,1,10
3.0,Mon-Th,23,21,7,urban,0.03901573377856383,24.3,86.0,510.0,10.7,1,10.730556,8.04,2025-06-12,Mon-Th,1,10
3.0,Mon-Th,0,12,6,urban,0.024580689133168646,14.7,77.0,1.0,14.5,1,14.1079,14.01,2025-06-12,Mon-Th,1,10
3.0,Mon-Th,13,16,6,urban,0.004068085031484607,26.3,40.0,384.0,5.9,1,4.965507,11.16,2025-06-12,Mon-Th,1,10
3.0,Mon-Th,21,17,9,urban,0.02530405584137006,5.5,80.0,30.0,19.1,1,11.631239,8.22,2025-06-12,Mon-Th,1,10
3.0,Mon-Th,7,5,6,urban,0.03713833721706153,12.0,83.0,26.0,16.1,1,18.763534,10.49,2025-06-12,Mon-Th,1,10
3.0,Mon-Th,15,3,7,urban,0.03947634335100804,26.1,65.0,609.0,6.3,1,11.84118,10.31,2025-06-12,Mon-Th,1,10
3.0,Mon-Th,13,30,7,urban,0.031229827057945806,27.1,66.0,452.0,13.8,1,17.724323,8.9,2025-06-12,Mon-Th,1,10
3.0,Mon-Th,14,4,7,urban,0.008136396479256432,19.7,38.0,536.0,5.1,1,16.977017,3.22,2025-06-12,Mon-Th,1,10
3.0,Mon-Th,14,13,7,urban,0.00452159064796815,27.8,56.0,436.0,12.1,1,4.567853,4.1,2025-06-16,Mon-Th,1,7
3.0,Mon-Th,16,22,6,urban,0.009028261593561657,16.7,33.0,376.0,17.5,1,2.0,28.9,2025-06-16,Mon-Th,1,7
3.0,Mon-Th,6,16,6,urban,0.0097829346801383,19.0,38.0,242.0,6.5,1,27.936314,12.44,2025-06-16,Mon-Th,1,7
3.0,Mon-Th,13,4,6,urban,0.0030972763818920175,25.6,36.0,276.0,4.3,1,9.876116,2.21,2025-06-16,Mon-Th,1,7
3.0,Mon-Th,22,17,8,urban,0.03421869094170829,14.3,51.0,397.0,12.8,1,2.891715,7.57,2025-06-16,Mon-Th,1,7
3.0,Mon-Th,19,13,7,urban,0.03939984722312698,23.7,61.0,455.0,6.4,1,15.183126,13.54,2025-06-16,Mon-Th,1,7
3.0,Mon-Th,20,28,8,urban,0.026798832846817496,17.6,87.0,134.0,7.1,1,11.380867,23.96,2025-06-16,Mon-Th,1,7
3.0,Mon-Th,9,4,7,urban,0.02300028241533637,22.1,66.0,584.0,3.3,1,10.770786,2.38,2025-06-17,Mon-Th,1,8
3.0,Mon-Th,11,3,9,urban,0.020574200187528105,10.3,52.0,610.0,6.0,1,16.346749,5.74,2025-06-17,Mon-Th,1,8
3.0,Mon-Th,5,12,9,urban,0.022226426696155807,20.3,90.0,478.0,11.2,1,10.510367,5.45,2025-06-17,Mon-Th,1,8
3.0,Mon-Th,14,10,7,urban,0.006890121951069047,17.4,57.0,475.0,6.1,1,9.120791,2.79,2025-06-17,Mon-Th,1,8
3.0,Mon-Th,22,2,7,urban,0.0032426118885308217,23.2,60.0,285.0,10.3,1,9.88779,5.71,2025-06-17,Mon-Th,1,8
3.0,Mon-Th,13,2,8,urban,0.003944988408500605,15.5,58.0,223.0,4.0,1,5.784405,2.23,2025-06-17,Mon-Th,1,8
3.0,Mon-Th,12,2,9,urban,0.033410131563881576,21.6,77.0,64.0,13.1,1,17.096792,3.66,2025-06-17,Mon-Th,1,8
3.0,Mon-Th,3,8,7,urban,0.038413676503087926,14.0,63.0,58.0,11.2,1,6.35528,23.6,2025-06-17,Mon-Th,1,8
3.0,Mon-Th,20,27,8,urban,0.002092430722576236,26.1,67.0,356.0,6.7,1,20.700111,10.51,2025-06-18,Mon-Th,1,13
3.0,Mon-Th,6,9,8,sub-urban,0.01958826535499724,16.8,60.0,190.0,17.9,1,16.540088,15.59,2025-06-18,Mon-Th,1,13
3.0,Mon-Th,9,21,8,urban,0.030996495004358818,10.4,85.0,78.0,4.5,1,4.391241,14.31,2025-06-18,Mon-Th,1,13
3.0,Mon-Th,5,16,12,urban,0.02289981456885559,14.5,77.0,1.0,4.5,1,12.071839,7.36,2025-06-18,Mon-Th,1,13
3.0,Mon-Th,11,1,7,urban,0.005292876858815932,26.4,65.0,553.0,15.7,1,10.494702,11.82,2025-06-18,Mon-Th,1,13
3.0,Mon-Th,20,8,7,urban,0.003112778472382601,23.0,84.0,290.0,5.8,1,16.897144,2.5,2025-06-18,Mon-Th,1,13
3.0,Mon-Th,14,16,6,urban,0.03233098203694497,25.7,82.0,451.0,11.9,1,15.836754,0.82,2025-06-18,Mon-Th,1,13
3.0,Mon-Th,21,21,8,urban,0.002523218579281448,20.4,51.0,472.0,5.9,1,13.363846,3.66,2025-06-18,Mon-Th,1,13
3.0,Mon-Th,21,21,8,urban,0.006240250520980167,28.0,79.0,381.0,5.7,1,7.694726,3.15,2025-06-18,Mon-Th,1,13
3.0,Mon-Th,18,23,7,urban,0.004733842430693404,20.6,61.0,334.0,5.0,1,8.620453,7.26,2025-06-18,Mon-Th,1,13
3.0,Mon-Th,15,19,7,urban,0.005592101443726122,19.7,51.0,434.0,6.3,1,7.296293,5.54,2025-06-18,Mon-Th,1,13
3.0,Mon-Th,13,23,7,urban,0.006929906983986755,23.8,46.0,397.0,17.2,1,17.676221,5.94,2025-06-18,Mon-Th,1,13
3.0,Mon-Th,21,22,8,urban,0.018747650501910545,27.2,61.0,207.0,5.6,1,16.545074,11.33,2025-06-18,Mon-Th,1,13
3.0,Mon-Th,23,4,9,urban,0.03396195007993384,15.0,92.0,1.0,12.3,1,12.061501,8.3,2025-06-19,Mon-Th,1,7
3.0,Mon-Th,21,5,7,urban,0.003023883234752249,19.5,49.0,35.0,14.5,1,4.79442,2.97,2025-06-19,Mon-Th,1,7
3.0,Mon-Th,18,8,9,urban,0.002476607634432994,15.6,76.0,57.0,6.4,1,23.217425,14.15,2025-06-19,Mon-Th,1,7
3.0,Mon-Th,9,3,8,sub-urban,0.006060370970075341,16.9,36.0,320.0,17.0,1,11.107657,9.56,2025-06-19,Mon-Th,1,7
3.0,Mon-Th,10,21,7,urban,0.004275226987521028,23.7,33.0,501.0,6.9,1,3.038829,5.61,2025-06-19,Mon-Th,1,7
3.0,Mon-Th,0,4,9,urban,0.004596477609545324,11.4,53.0,373.0,6.7,1,16.496801,24.86,2025-06-19,Mon-Th,1,7
3.0,Mon-Th,22,2,7,urban,0.0034998113936627836,26.8,57.0,475.0,5.0,1,2.0,7.93,2025-06-19,Mon-Th,1,7
3.0,Sunday,22,23,12,urban,0.006279363960729171,0.0,100.0,553.0,7.1,2,14.953394,32.18,2025-06-22,Sunday,2,6
3.0,Sunday,16,15,12,urban,0.01562759226379947,-10.5,100.0,1.0,11.9,2,10.878308,17.74,2025-06-22,Sunday,2,6
3.0,Sunday,3,21,12,urban,0.014087280513574085,-0.3,100.0,0.0,13.7,2,9.123817,7.74,2025-06-22,Sunday,2,6
3.0,Sunday,22,27,12,urban,0.03960984739134134,-1.0,99.0,0.0,4.3,2,14.864449,17.93,2025-06-22,Sunday,2,6
3.0,Sunday,9,8,10,urban,0.01670611034934269,-6.2,75.0,7.0,15.1,2,18.001666,9.6,2025-06-22,Sunday,2,6
3.0,Sunday,3,23,12,urban,0.033707065581837406,11.4,98.0,2.0,13.7,2,7.804873,37.39,2025-06-22,Sunday,2,6
3.0,Sunday,9,7,5,urban,0.010484362280741762,6.8,99.0,1.0,6.1,2,13.40818,6.82,2025-06-29,Sunday,2,7
3.0,Sunday,11,10,12,urban,0.01244220575891786,10.3,81.0,20.0,13.1,2,9.101392,11.87,2025-06-29,Sunday,2,7
3.0,Sunday,12,19,3,urban,0.039859475014849176,7.0,73.0,0.0,15.7,2,26.483504,12.5,2025-06-29,Sunday,2,7
3.0,Sunday,15,23,12,urban,0.03692052665209999,2.2,100.0,23.0,8.2,2,10.618129,5.73,2025-06-29,Sunday,2,7
3.0,Sunday,21,5,10,urban,0.0034658990495652544,6.6,64.0,85.0,13.2,2,29.795465,15.07,2025-06-29,Sunday,2,7
3.0,Sunday,1,24,12,urban,0.0002006378592038227,3.7,99.0,73.0,7.1,2,13.12298,23.33,2025-06-29,Sunday,2,7
3.0,Sunday,14,5,9,urban,0.0025789587993343475,12.8,59.0,32.0,10.8,2,12.374985,11.88,2025-06-29,Sunday,2,7
3.0,Sunday,22,10,12,urban,0.035189531095621306,0.7,98.0,0.0,4.4,2,8.437521,13.26,2025-07-06,Sunday,2,13
3.0,Sunday,17,24,5,urban,0.012500877538792959,6.6,90.0,0.0,18.7,2,9.870064,23.4,2025-07-06,Sunday,2,13
3.0,Sunday,0,8,12,urban,0.006488865989330395,1.9,99.0,1.0,10.1,2,16.022818,11.28,2025-07-06,Sunday,2,13
3.0,Sunday,18,3,12,urban,0.03696112741417069,4.3,99.0,15.0,12.4,2,14.748192,7.71,2025-07-06,Sunday,2,13
3.0,Sunday,4,21,10,urban,0.004180639288678679,16.9,64.0,13.0,7.0,2,9.04803,12.0,2025-07-06,Sunday,2,13
3.0,Sunday,16,15,12,urban,0.05082695630941389,-1.0,94.0,0.0,7.8,2,19.318249,5.06,2025-07-06,Sunday,2,13
3.0,Sunday,21,10,11,urban,0.03671529049675302,7.1,75.0,0.0,15.6,2,39.204388,5.83,2025-07-06,Sunday,2,13
3.0,Sunday,5,8,9,urban,0.003448711296820306,6.1,100.0,28.0,4.6,2,39.784229,12.51,2025-07-06,Sunday,2,13
3.0,Sunday,3,17,12,urban,0.03535540929697183,1.0,100.0,0.0,8.2,2,9.417032,19.72,2025-07-06,Sunday,2,13
3.0,Sunday,23,14,5,urban,0.0032024800793039325,14.7,70.0,0.0,4.7,2,8.75492,11.58,2025-07-06,Sunday,2,13
3.0,Sunday,12,15,12,urban,0.009248620783378394,1.2,100.0,0.0,15.6,2,6.488685,10.42,2025-07-06,Sunday,2,13
3.0,Sunday,18,21,12,urban,0.0007852576996113096,-0.1,100.0,104.0,10.8,2,18.780848,20.95,2025-07-06,Sunday,2,13
3.0,Sunday,15,14,11,urban,0.04302323880668933,2.8,98.0,0.0,8.4,2,2.0,7.59,2025-07-06,Sunday,2,13
3.0,Sunday,5,22,9,urban,0.035416585416074634,2.0,85.0,0.0,15.4,2,3.809852,20.25,2025-07-13,Sunday,2,12
3.0,Sunday,7,15,12,urban,0.021701642440865476,-13.9,86.0,0.0,4.9,2,9.349382,11.48,2025-07-13,Sunday,2,12
3.0,Sunday,22,9,10,urban,0.041094254268064054,4.1,73.0,17.0,11.4,2,17.347162,27.51,2025-07-13,Sunday,2,12
3.0,Sunday,20,2,12,urban,0.04409145157712942,-1.1,76.0,80.0,5.5,2,9.744185,7.58,2025-07-13,Sunday,2,12
3.0,Sunday,21,29,10,urban,0.030710793716186367,7.3,75.0,24.0,28.5,2,6.570125,6.36,2025-07-13,Sunday,2,12
3.0,Sunday,22,1,12,urban,0.02297050368312334,-3.4,98.0,0.0,8.2,2,14.187718,16.82,2025-07-13,Sunday,2,12
3.0,Sunday,22,5,3,urban,0.04132205632258272,1.0,98.0,0.0,5.6,2,9.497062,40.93,2025-07-13,Sunday,2,12
3.0,Sunday,22,28,3,urban,0.015085510371005233,3.1,71.0,0.0,5.2,2,13.827867,12.46,2025-07-13,Sunday,2,12
3.0,Sunday,17,19,11,urban,0.014619417040831622,9.0,98.0,1.0,7.3,2,19.186347,29.65,2025-07-13,Sunday,2,12
3.0,Sunday,20,9,9,sub-urban,0.03732511986450729,-0.6,81.0,0.0,8.3,2,20.263655,21.36,2025-07-13,Sunday,2,12
3.0,Sunday,4,18,12,urban,0.003871776747062488,-10.1,86.0,0.0,8.4,2,19.460007,6.57,2025-07-13,Sunday,2,12
3.0,Sunday,15,6,11,urban,0.00500755292578117,-0.1,72.0,0.0,6.6,2,22.513721,5.22,2025-07-13,Sunday,2,12
3.0,Sunday,5,21,12,urban,0.01783373674293396,3.1,98.0,343.0,10.8,2,14.519881,7.95,2025-07-20,Sunday,2,13
3.0,Sunday,1,28,12,urban,0.059126403927159725,0.3,99.0,7.0,16.9,2,15.301266,9.49,2025-07-20,Sunday,2,13
3.0,Sunday,21,25,10,urban,0.030881741845041555,1.4,99.0,60.0,16.0,2,5.252373,7.06,2025-07-20,Sunday,2,13
3.0,Sunday,17,23,2,urban,0.034131371992099827,-4.3,98.0,65.0,9.3,2,8.569758,3.97,2025-07-20,Sunday,2,13
3.0,Sunday,8,16,11,urban,0.04345174260032467,1.8,95.0,0.0,5.7,2,20.080385,5.07,2025-07-20,Sunday,2,13
3.0,Sunday,6,9,9,urban,0.03794874618136451,3.1,71.0,58.0,5.0,2,25.685884,35.82,2025-07-20,Sunday,2,13
3.0,Sunday,7,29,12,urban,0.05206376605611021,-14.3,99.0,0.0,8.9,2,9.492878,4.68,2025-07-20,Sunday,2,13
3.0,Sunday,21,10,11,urban,0.054301181704050384,1.2,100.0,0.0,3.3,2,9.273118,24.01,2025-07-20,Sunday,2,13
3.0,Sunday,20,21,5,urban,0.03925009097236715,1.9,98.0,1.0,6.4,2,15.066007,23.62,2025-07-20,Sunday,2,13
3.0,Sunday,12,1,12,urban,0.03600566806172209,0.1,100.0,14.0,7.7,2,19.742321,15.59,2025-07-20,Sunday,2,13
3.0,Sunday,15,15,11,urban,0.0500511520115866,3.4,100.0,45.0,8.1,2,17.043783,0.51,2025-07-20,Sunday,2,13
3.0,Sunday,3,21,12,urban,0.01898273854996576,-2.2,100.0,43.0,14.3,2,97.008966,4.47,2025-07-20,Sunday,2,13
3.0,Sunday,20,18,9,urban,0.03688171814290834,9.9,97.0,24.0,10.4,2,15.97637,13.76,2025-07-20,Sunday,2,13
3.0,Sunday,4,16,12,urban,0.046135185848709896,-13.5,100.0,2.0,13.8,2,2.0,5.69,2025-07-27,Sunday,2,6
3.0,Sunday,8,8,11,urban,0.034764116453056285,1.6,100.0,0.0,6.7,2,13.129695,9.25,2025-07-27,Sunday,2,6
3.0,Sunday,17,10,1,urban,0.019916034595089067,6.1,99.0,18.0,30.3,2,14.513372,10.64,2025-07-27,Sunday,2,6
3.0,Sunday,22,1,12,urban,0.032328936930925464,3.5,98.0,0.0,3.8,2,14.822646,21.39,2025-07-27,Sunday,2,6
3.0,Sunday,8,20,11,urban,0.001982505377497044,13.5,83.0,59.0,6.4,2,11.35423,7.03,2025-07-27,Sunday,2,6
3.0,Sunday,14,3,10,urban,0.0028663218045164064,20.9,28.0,19.0,6.7,2,38.443286,8.94,2025-07-27,Sunday,2,6
3.0,Sunday,16,16,12,urban,0.03517509440896196,3.1,99.0,0.0,6.3,2,8.276076,14.64,2025-08-03,Sunday,2,8
3.0,Sunday,17,10,12,sub-urban,0.04732064885691637,1.9,97.0,0.0,7.3,2,10.868146,20.31,2025-08-03,Sunday,2,8
3.0,Sunday,18,24,10,urban,0.03771956252252147,6.4,98.0,26.0,18.9,2,16.6756,12.86,2025-08-03,Sunday,2,8
3.0,Sunday,14,5,10,urban,0.035750933521544175,1.7,99.0,24.0,6.8,2,18.082707,8.07,2025-08-03,Sunday,2,8
3.0,Sunday,10,5,12,urban,0.0013333406756963202,5.0,99.0,1.0,5.6,2,74.473664,11.89,2025-08-03,Sunday,2,8
3.0,Sunday,9,4,9,urban,0.04067552881245162,-4.6,99.0,0.0,5.3,2,34.637013,3.73,2025-08-03,Sunday,2,8
3.0,Sunday,22,9,11,urban,0.013741916723626669,1.8,98.0,1.0,15.6,2,19.716507,13.79,2025-08-03,Sunday,2,8
3.0,Sunday,16,13,12,urban,0.032246178464035345,-0.5,100.0,0.0,5.8,2,49.9994,0.52,2025-08-03,Sunday,2,8
3.0,Sunday,7,15,1,urban,0.035573471783795954,-11.5,100.0,0.0,2.9,2,40.08709,20.73,2025-08-10,Sunday,2,6
3.0,Sunday,19,8,12,urban,0.033452334435523076,-2.5,100.0,0.0,12.2,2,88.29327,10.63,2025-08-10,Sunday,2,6
3.0,Sunday,4,3,10,urban,0.031935710490689904,-7.0,100.0,0.0,25.0,2,9.968898,8.33,2025-08-10,Sunday,2,6
3.0,Sunday,16,17,10,urban,0.03914832723106136,1.9,99.0,1.0,4.6,2,14.515301,15.69,2025-08-10,Sunday,2,6
3.0,Sunday,9,12,12,urban,0.04978493398686662,-12.2,82.0,24.0,5.1,2,9.56883,12.05,2025-08-10,Sunday,2,6
3.0,Sunday,20,21,10,urban,0.0327058093126174,3.3,99.0,0.0,19.6,2,11.88197,12.94,2025-08-10,Sunday,2,6
3.0,Sunday,12,3,12,urban,0.04487231140671238,-7.1,75.0,1.0,8.3,2,37.416833,12.85,2025-08-17,Sunday,2,6
3.0,Sunday,22,15,12,urban,0.009785117495978947,-1.4,100.0,0.0,8.5,2,36.060031,7.55,2025-08-17,Sunday,2,6
3.0,Sunday,23,30,12,urban,0.03753975770214021,0.5,98.0,17.0,12.9,2,6.735786,12.82,2025-08-17,Sunday,2,6
3.0,Sunday,18,10,12,urban,0.03613987284365369,-2.7,95.0,1.0,2.7,2,9.86326,4.95,2025-08-17,Sunday,2,6
3.0,Sunday,16,1,12,urban,0.05527410902402385,0.3,99.0,0.0,3.7,2,11.002707,15.09,2025-08-17,Sunday,2,6
3.0,Sunday,8,23,10,urban,0.038198253137017545,2.6,100.0,0.0,6.2,2,20.241517,9.45,2025-08-17,Sunday,2,6
3.0,Sunday,5,13,12,urban,0.03889403720808639,1.4,70.0,21.0,7.4,2,17.216195,21.03,2025-08-24,Sunday,2,12
3.0,Sunday,10,5,12,urban,0.034597556031801806,0.8,73.0,0.0,17.3,2,10.778526,14.32,2025-08-24,Sunday,2,12
3.0,Sunday,4,3,12,urban,0.0021757472535187043,0.7,99.0,0.0,13.6,2,19.095879,32.11,2025-08-24,Sunday,2,12
3.0,Sunday,22,21,12,urban,0.009781511143605474,1.2,92.0,1.0,4.6,2,30.127176,24.26,2025-08-24,Sunday,2,12
3.0,Sunday,22,4,12,urban,0.012830497899785959,1.9,99.0,0.0,5.6,2,7.793289,26.89,2025-08-24,Sunday,2,12
3.0,Sunday,17,19,12,urban,0.0015811609338885636,-5.0,76.0,23.0,16.0,2,2.0,4.96,2025-08-24,Sunday,2,12
3.0,Sunday,22,23,12,urban,0.00626211274865345,2.3,99.0,0.0,12.1,2,34.483796,13.99,2025-08-24,Sunday,2,12
3.0,Sunday,16,4,12,urban,0.012399905028110501,2.1,100.0,0.0,25.7,2,18.863616,8.58,2025-08-24,Sunday,2,12
3.0,Sunday,10,5,10,urban,0.03432240286724267,11.9,80.0,1.0,5.2,2,11.453411,18.64,2025-08-24,Sunday,2,12
3.0,Sunday,3,15,12,urban,0.04128395431396379,-9.0,98.0,1.0,7.6,2,10.915359,23.33,2025-08-24,Sunday,2,12
3.0,Sunday,22,7,12,urban,0.015478530996849583,-0.1,99.0,1.0,21.3,2,40.925637,5.72,2025-08-24,Sunday,2,12
3.0,Sunday,3,8,3,urban,0.013851631049518393,3.4,99.0,29.0,16.1,2,87.287892,3.47,2025-08-24,Sunday,2,12
3.0,Sunday,12,13,12,urban,0.05277485790228465,0.4,100.0,2.0,10.2,2,20.539323,10.16,2025-08-31,Sunday,2,9
3.0,Sunday,22,20,10,urban,0.0011901240729540901,11.7,98.0,0.0,9.9,2,10.867631,20.76,2025-08-31,Sunday,2,9
3.0,Sunday,4,6,12,urban,0.031907984559537486,11.7,99.0,0.0,3.5,2,8.620561,18.93,2025-08-31,Sunday,2,9
3.0,Sunday,22,23,9,urban,0.032643012910869545,10.2,98.0,1.0,21.0,2,9.392301,10.5,2025-08-31,Sunday,2,9
3.0,Sunday,20,3,12,urban,0.009783465478146246,2.9,100.0,0.0,19.1,2,20.139475,17.87,2025-08-31,Sunday,2,9
3.0,Sunday,3,4,3,urban,0.038297664150400076,4.1,88.0,0.0,5.7,2,10.742141,6.29,2025-08-31,Sunday,2,9
3.0,Sunday,5,24,11,urban,0.05711953536882642,1.0,99.0,0.0,13.9,2,35.882999,8.69,2025-08-31,Sunday,2,9
3.0,Sunday,16,16,11,urban,0.036172903735235,3.3,69.0,0.0,10.7,2,15.857257,7.66,2025-08-31,Sunday,2,9
3.0,Sunday,19,30,12,urban,0.040873377698019145,-0.8,83.0,0.0,5.7,2,5.24753,6.05,2025-08-31,Sunday,2,9
3.0,Sunday,15,24,12,urban,0.04623579343258814,-8.8,98.0,0.0,6.5,2,40.015756,24.52,2025-09-07,Sunday,2,13
3.0,Sunday,22,15,12,urban,0.032866668413911775,12.2,91.0,1.0,17.1,2,5.272496,23.56,2025-09-07,Sunday,2,13
3.0,Sunday,4,8,12,urban,0.002526949489778326,3.4,98.0,0.0,15.8,2,11.596909,6.7,2025-09-07,Sunday,2,13
3.0,Sunday,22,7,12,urban,0.03429695742511327,-0.0,82.0,0.0,3.4,2,5.777483,11.39,2025-09-07,Sunday,2,13
3.0,Sunday,3,17,3,urban,0.03874234436189556,2.9,91.0,21.0,15.2,2,18.095073,4.79,2025-09-07,Sunday,2,13
3.0,Sunday,17,31,12,urban,0.05082214327891079,-6.0,99.0,0.0,6.5,2,14.977472,14.21,2025-09-07,Sunday,2,13
3.0,Sunday,16,16,12,urban,0.014968641239680447,5.8,100.0,0.0,16.0,2,16.900232,12.96,2025-09-07,Sunday,2,13
3.0,Sunday,10,15,12,urban,0.03730832363172977,-0.4,100.0,0.0,8.2,2,80.262869,24.28,2025-09-07,Sunday,2,13
3.0,Sunday,23,15,12,urban,0.01590928910590242,-0.2,100.0,0.0,3.2,2,8.238321,24.91,2025-09-07,Sunday,2,13
3.0,Sunday,14,23,12,urban,0.05422898286143206,1.5,85.0,0.0,6.5,2,4.110096,3.83,2025-09-07,Sunday,2,13
3.0,Sunday,8,15,9,urban,0.049107553495391164,16.6,58.0,0.0,17.5,2,13.532885,8.15,2025-09-07,Sunday,2,13
3.0,Sunday,18,27,11,urban,0.01771521728660203,1.2,100.0,9.0,11.2,2,13.405288,13.15,2025-09-07,Sunday,2,13
3.0,Sunday,3,1,12,urban,0.007100008010028427,2.7,95.0,1.0,4.5,2,9.028053,10.01,2025-09-07,Sunday,2,13
3.0,Sunday,22,14,12,urban,0.023829356493856126,1.0,86.0,0.0,3.8,2,10.162904,5.6,2025-09-14,Sunday,2,12
3.0,Sunday,23,15,12,urban,0.001954740581331245,-0.6,99.0,1.0,6.4,2,14.573233,8.11,2025-09-14,Sunday,2,12
3.0,Sunday,7,19,7,urban,0.014276334902618069,11.2,81.0,0.0,14.9,2,8.153148,14.25,2025-09-14,Sunday,2,12
3.0,Sunday,15,19,12,urban,0.016991651200058997,-0.3,100.0,0.0,18.6,2,8.929659,16.14,2025-09-14,Sunday,2,12
3.0,Sunday,21,15,12,urban,0.018167458668992203,-4.8,98.0,0.0,4.0,2,24.520977,20.88,2025-09-14,Sunday,2,12
3.0,Sunday,15,16,11,urban,0.018468538093804464,3.5,98.0,2.0,6.2,2,13.390359,18.99,2025-09-14,Sunday,2,12
3.0,Sunday,16,8,1,urban,0.036030743737591214,-3.8,76.0,0.0,15.0,2,22.518979,7.17,2025-09-14,Sunday,2,12
3.0,Sunday,5,15,12,urban,0.04960385268462773,-0.1,98.0,0.0,19.8,2,16.853274,12.62,2025-09-14,Sunday,2,12
3.0,Sunday,22,10,12,urban,0.017963394469432955,0.1,98.0,23.0,10.4,2,44.685698,26.87,2025-09-14,Sunday,2,12
3.0,Sunday,13,31,12,urban,0.011403219948130861,-1.3,89.0,0.0,11.4,2,67.291181,12.03,2025-09-14,Sunday,2,12
3.0,Sunday,12,26,12,urban,0.042589645290466605,-2.9,99.0,1.0,16.1,2,8.511305,15.82,2025-09-14,Sunday,2,12
3.0,Sunday,16,15,11,urban,0.018995170907184437,-1.4,100.0,0.0,5.5,2,3.701329,7.45,2025-09-14,Sunday,2,12
3.0,Sunday,14,3,10,urban,0.005251844163166828,11.4,98.0,1.0,18.4,2,9.372301,8.26,2025-09-21,Sunday,2,14
3.0,Sunday,5,3,3,urban,0.02042275959728109,3.3,85.0,54.0,31.1,2,18.823777,17.45,2025-09-21,Sunday,2,14
3.0,Sunday,3,20,12,urban,0.05302321195524029,-9.4,80.0,16.0,8.4,2,7.457549,4.86,2025-09-21,Sunday,2,14
3.0,Sunday,18,19,10,urban,0.0051868949276579115,6.5,99.0,22.0,6.8,2,3.173976,6.88,2025-09-21,Sunday,2,14
3.0,Sunday,2,19,5,urban,0.0362365277046593,8.9,99.0,66.0,12.0,2,42.824821,23.68,2025-09-21,Sunday,2,14
3.0,Sunday,8,3,10,urban,0.03690967603342868,0.8,82.0,16.0,14.1,2,14.775783,12.53,2025-09-21,Sunday,2,14
3.0,Sunday,15,4,10,urban,0.03854698006190911,6.4,93.0,27.0,9.6,2,14.690697,7.35,2025-09-21,Sunday,2,14
3.0,Sunday,20,28,12,urban,0.0366399607879636,-1.9,100.0,1.0,21.2,2,10.060094,10.63,2025-09-21,Sunday,2,14
3.0,Sunday,4,31,12,urban,0.032211440063805656,0.2,99.0,1.0,3.2,2,6.834656,10.82,2025-09-21,Sunday,2,14
3.0,Sunday,22,1,12,urban,0.03549808472972755,1.7,100.0,0.0,5.2,2,12.291778,8.1,2025-09-21,Sunday,2,14
3.0,Sunday,15,3,10,urban,0.03523896917352339,-1.9,100.0,47.0,12.5,2,3.150949,4.21,2025-09-21,Sunday,2,14
3.0,Sunday,10,30,12,urban,0.033795976903553314,2.5,98.0,10.0,5.8,2,10.647983,17.0,2025-09-21,Sunday,2,14
3.0,Sunday,10,5,12,urban,0.050271801553621785,3.0,74.0,0.0,8.9,2,17.533925,11.52,2025-09-21,Sunday,2,14
3.0,Sunday,18,3,12,urban,0.04304855482222068,-6.5,98.0,1.0,7.5,2,94.684305,5.75,2025-09-21,Sunday,2,14
3.0,Mon-Th,16,7,12,urban,0.03692963884528231,4.6,63.0,24.0,13.1,2,14.121703,8.79,2025-06-23,Mon-Th,2,12
3.0,Mon-Th,23,16,11,urban,0.03755038812262154,0.7,88.0,10.0,4.1,2,18.862386,8.9,2025-06-23,Mon-Th,2,12
3.0,Mon-Th,23,27,12,urban,0.041022424284170814,1.7,78.0,0.0,8.7,2,12.073529,34.94,2025-06-23,Mon-Th,2,12
3.0,Mon-Th,22,2,12,urban,0.006558531461243834,3.3,99.0,0.0,4.6,2,12.924031,8.3,2025-06-23,Mon-Th,2,12
3.0,Mon-Th,15,21,11,urban,0.03903143599100041,3.6,100.0,0.0,16.7,2,3.401632,10.37,2025-06-23,Mon-Th,2,12
3.0,Mon-Th,22,8,12,urban,0.03822746384101856,1.2,47.0,52.0,5.1,2,2.000547,2.6,2025-06-23,Mon-Th,2,12
3.0,Mon-Th,20,27,9,urban,0.03244687210616761,10.7,85.0,77.0,6.9,2,8.403224,11.37,2025-06-23,Mon-Th,2,12
3.0,Mon-Th,15,19,10,urban,0.037284496166203586,3.2,64.0,65.0,6.3,2,23.54812,6.65,2025-06-23,Mon-Th,2,12
3.0,Mon-Th,22,31,10,urban,0.034805201301090626,2.9,98.0,1.0,15.7,2,88.734934,38.73,2025-06-23,Mon-Th,2,12
3.0,Mon-Th,19,21,10,urban,0.005372178104388453,5.9,100.0,0.0,8.2,2,16.547916,6.64,2025-06-23,Mon-Th,2,12
3.0,Mon-Th,20,4,10,urban,0.017527061680691416,6.3,94.0,1.0,14.4,2,23.710874,11.38,2025-06-23,Mon-Th,2,12
3.0,Mon-Th,16,13,12,urban,0.01814154238834434,3.3,79.0,16.0,11.1,2,23.905551,23.42,2025-06-23,Mon-Th,2,12
3.0,Mon-Th,15,17,10,urban,0.04214483806930564,2.6,98.0,1.0,14.6,2,16.781098,7.41,2025-06-24,Mon-Th,2,10
3.0,Mon-Th,18,17,10,urban,0.03626629173635591,5.2,99.0,13.0,8.7,2,12.209936,16.36,2025-06-24,Mon-Th,2,10
3.0,Mon-Th,22,13,12,urban,0.05456968180878216,-0.6,83.0,49.0,7.5,2,7.215863,22.59,2025-06-24,Mon-Th,2,10
3.0,Mon-Th,3,10,3,urban,0.03061930092983075,-2.7,100.0,0.0,9.2,2,12.899938,28.11,2025-06-24,Mon-Th,2,10
3.0,Mon-Th,6,8,11,urban,0.04166002330626103,4.1,100.0,3.0,15.8,2,4.440785,12.23,2025-06-24,Mon-Th,2,10
3.0,Mon-Th,3,13,12,urban,0.023962197133025914,3.4,99.0,0.0,11.0,2,2.003977,15.54,2025-06-24,Mon-Th,2,10
3.0,Mon-Th,20,30,12,urban,0.03733039317273881,-0.6,68.0,0.0,4.3,2,12.840124,8.78,2025-06-24,Mon-Th,2,10
3.0,Mon-Th,11,8,12,urban,0.009493685524524417,2.0,99.0,16.0,16.0,2,13.275657,29.87,2025-06-24,Mon-Th,2,10
3.0,Mon-Th,20,29,10,urban,0.04061367068147581,5.8,92.0,13.0,14.0,2,3.900467,7.89,2025-06-24,Mon-Th,2,10
3.0,Mon-Th,3,8,9,urban,0.022958689158308607,11.1,95.0,26.0,13.4,2,4.404437,22.63,2025-06-24,Mon-Th,2,10
3.0,Mon-Th,21,14,12,urban,0.04262231037307421,0.5,99.0,2.0,15.0,2,12.972738,22.33,2025-06-25,Mon-Th,2,12
3.0,Mon-Th,16,27,2,urban,0.036993164244505584,1.5,100.0,184.0,11.3,2,14.08779,2.97,2025-06-25,Mon-Th,2,12
3.0,Mon-Th,4,8,12,urban,0.035833908750440104,-0.6,99.0,24.0,5.8,2,25.146854,5.98,2025-06-25,Mon-Th,2,12
3.0,Mon-Th,23,23,12,urban,0.03149685592637107,-0.4,99.0,1.0,4.6,2,8.478355,7.69,2025-06-25,Mon-Th,2,12
3.0,Mon-Th,15,5,12,urban,0.03402705013896061,-9.9,94.0,0.0,8.5,2,13.74661,7.89,2025-06-25,Mon-Th,2,12
3.0,Mon-Th,18,9,12,urban,0.03544286795027528,-7.3,90.0,0.0,3.4,2,50.722058,2.02,2025-06-25,Mon-Th,2,12
3.0,Mon-Th,9,3,12,urban,0.029387629480309006,1.5,100.0,1.0,9.4,2,14.185721,6.62,2025-06-25,Mon-Th,2,12
3.0,Mon-Th,18,3,12,urban,0.026042220724533417,2.3,69.0,57.0,14.0,2,14.096203,12.13,2025-06-25,Mon-Th,2,12
3.0,Mon-Th,9,11,12,sub-urban,0.017914592161515655,-8.5,86.0,0.0,7.6,2,8.758597,8.78,2025-06-25,Mon-Th,2,12
3.0,Mon-Th,21,11,12,urban,0.04225414128152674,2.0,100.0,25.0,18.8,2,28.10508,16.41,2025-06-25,Mon-Th,2,12
3.0,Mon-Th,23,3,12,urban,0.018618884041128447,1.4,100.0,2.0,24.4,2,3.165298,9.19,2025-06-25,Mon-Th,2,12
3.0,Mon-Th,17,13,12,sub-urban,0.0455627495068118,0.3,95.0,0.0,18.1,2,15.078615,12.54,2025-06-25,Mon-Th,2,12
3.0,Mon-Th,3,13,12,urban,0.03681475126449999,0.6,98.0,0.0,3.8,2,9.365745,8.12,2025-06-26,Mon-Th,2,16
3.0,Mon-Th,22,21,12,urban,0.03815855686078803,14.2,82.0,1.0,4.2,2,6.671119,12.39,2025-06-26,Mon-Th,2,16
3.0,Mon-Th,16,3,12,urban,0.04409793287035055,2.9,87.0,0.0,5.7,2,18.486826,8.01,2025-06-26,Mon-Th,2,16
3.0,Mon-Th,10,15,12,urban,0.021851023615413728,3.4,67.0,17.0,21.7,2,17.169582,6.25,2025-06-26,Mon-Th,2,16
3.0,Mon-Th,3,8,3,urban,0.03243957655467223,2.8,99.0,36.0,4.2,2,9.431125,8.37,2025-06-26,Mon-Th,2,16
3.0,Mon-Th,20,1,12,urban,0.03940213699655851,3.5,99.0,0.0,7.7,2,11.822867,29.2,2025-06-26,Mon-Th,2,16
3.0,Mon-Th,22,15,12,sub-urban,0.03697392666699882,-8.3,93.0,132.0,3.8,2,5.601399,28.47,2025-06-26,Mon-Th,2,16
3.0,Mon-Th,10,30,12,urban,0.03573666399010107,-3.8,99.0,27.0,12.8,2,7.558811,8.59,2025-06-26,Mon-Th,2,16
3.0,Mon-Th,17,9,6,sub-urban,0.03634561184290598,19.0,65.0,570.0,4.3,2,9.835715,9.78,2025-06-26,Mon-Th,2,16
3.0,Mon-Th,20,12,9,urban,-0.00031,20.0,87.0,19.0,5.2,2,15.329383,1.25,2025-06-26,Mon-Th,2,16
3.0,Mon-Th,11,30,12,urban,0.01630542212349871,1.7,99.0,0.0,13.7,2,3.586127,6.79,2025-06-26,Mon-Th,2,16
3.0,Mon-Th,3,11,12,urban,0.03620416846085021,1.7,83.0,2.0,17.8,2,36.945268,5.5,2025-06-26,Mon-Th,2,16
3.0,Mon-Th,18,12,10,urban,0.03233137153459387,-0.8,75.0,0.0,2.3,2,12.380625,15.19,2025-06-26,Mon-Th,2,16
3.0,Mon-Th,16,21,12,urban,0.025167381166175437,2.3,71.0,2.0,21.0,2,20.895461,12.85,2025-06-26,Mon-Th,2,16
3.0,Mon-Th,16,19,12,urban,0.04973449560447231,-7.2,99.0,0.0,9.1,2,5.941828,19.86,2025-06-26,Mon-Th,2,16
3.0,Mon-Th,13,21,1,urban,0.05737988203886164,5.1,99.0,0.0,27.0,2,19.33302,8.6,2025-06-26,Mon-Th,2,16
3.0,Mon-Th,16,27,12,urban,0.038535612716933544,4.3,81.0,71.0,24.3,2,18.457144,25.83,2025-06-30,Mon-Th,2,10
3.0,Mon-Th,21,5,12,urban,0.04957526805503654,2.8,83.0,23.0,3.3,2,10.832581,40.68,2025-06-30,Mon-Th,2,10
3.0,Mon-Th,10,8,10,urban,0.018881560753055426,4.5,84.0,26.0,15.7,2,14.14593,5.34,2025-06-30,Mon-Th,2,10
3.0,Mon-Th,15,21,12,urban,0.03642110905832109,2.1,69.0,0.0,9.6,2,15.105095,6.48,2025-06-30,Mon-Th,2,10
3.0,Mon-Th,19,13,12,urban,0.013287079048145509,1.6,94.0,0.0,10.6,2,30.57257,15.77,2025-06-30,Mon-Th,2,10
3.0,Mon-Th,10,19,12,urban,0.016587794369938756,2.8,100.0,28.0,18.8,2,14.576583,4.51,2025-06-30,Mon-Th,2,10
3.0,Mon-Th,15,14,3,urban,0.039032086156856875,-2.0,81.0,0.0,17.9,2,14.591192,25.7,2025-06-30,Mon-Th,2,10
3.0,Mon-Th,15,1,12,urban,0.04256155155590871,2.3,96.0,0.0,17.5,2,3.197109,2.57,2025-06-30,Mon-Th,2,10
3.0,Mon-Th,15,19,10,urban,0.03473582593479003,3.2,93.0,17.0,6.8,2,19.756778,15.32,2025-06-30,Mon-Th,2,10
3.0,Mon-Th,18,25,8,urban,0.03359716365007929,-5.2,95.0,0.0,5.2,2,9.029471,12.95,2025-06-30,Mon-Th,2,10
3.0,Mon-Th,10,27,11,urban,0.04017481131872047,0.1,91.0,2.0,17.0,2,12.310226,3.95,2025-07-01,Mon-Th,2,9
3.0,Mon-Th,16,6,9,urban,0.034528429242406795,3.8,72.0,26.0,14.8,2,23.218217,14.67,2025-07-01,Mon-Th,2,9
3.0,Mon-Th,16,2,11,urban,0.04786378961228073,1.8,70.0,0.0,16.2,2,12.939052,11.08,2025-07-01,Mon-Th,2,9
3.0,Mon-Th,18,14,10,urban,0.037661072040533664,5.6,100.0,17.0,14.8,2,2.348217,13.2,2025-07-01,Mon-Th,2,9
3.0,Mon-Th,18,24,8,urban,0.0360680872025737,-10.0,47.0,69.0,5.1,2,8.320466,8.11,2025-07-01,Mon-Th,2,9
3.0,Mon-Th,22,25,11,urban,0.03746172787627866,10.9,99.0,20.0,17.2,2,8.156663,7.5,2025-07-01,Mon-Th,2,9
3.0,Mon-Th,9,21,5,urban,0.0023702733913545247,7.7,97.0,440.0,5.9,2,10.01003,9.41,2025-07-01,Mon-Th,2,9
3.0,Mon-Th,5,5,12,urban,0.031718332106200495,4.1,99.0,0.0,15.6,2,9.691048,18.41,2025-07-01,Mon-Th,2,9
3.0,Mon-Th,12,4,11,urban,0.04475075182060754,-4.7,76.0,15.0,11.2,2,10.148671,9.43,2025-07-01,Mon-Th,2,9
3.0,Mon-Th,21,8,12,urban,0.03753794039704579,-1.9,98.0,0.0,5.7,2,3.425455,12.64,2025-07-02,Mon-Th,2,16
3.0,Mon-Th,23,4,12,urban,0.039256161894097016,-4.2,92.0,9.0,15.8,2,16.257051,39.88,2025-07-02,Mon-Th,2,16
3.0,Mon-Th,6,10,12,urban,0.03914549409018351,3.1,59.0,0.0,3.1,2,3.554444,4.41,2025-07-02,Mon-Th,2,16
3.0,Mon-Th,20,16,11,urban,0.03814374205533138,-3.2,69.0,0.0,29.9,2,14.035603,12.84,2025-07-02,Mon-Th,2,16
3.0,Mon-Th,18,28,12,urban,0.039749025696647414,-0.8,57.0,52.0,15.8,2,4.696026,5.01,2025-07-02,Mon-Th,2,16
3.0,Mon-Th,20,15,10,urban,0.04079072915015795,3.3,99.0,1.0,4.7,2,16.823631,12.87,2025-07-02,Mon-Th,2,16
3.0,Mon-Th,23,21,12,urban,0.008255360916980814,1.2,99.0,0.0,12.0,2,2.541221,24.44,2025-07-02,Mon-Th,2,16
3.0,Mon-Th,18,13,3,urban,0.04068128858431999,5.3,100.0,10.0,13.7,2,8.104059,12.49,2025-07-02,Mon-Th,2,16
3.0,Mon-Th,16,3,11,urban,0.03714571395642661,-0.9,99.0,0.0,7.5,2,11.373398,7.15,2025-07-02,Mon-Th,2,16
3.0,Mon-Th,20,19,12,urban,0.03928864803014975,12.2,100.0,15.0,14.8,2,23.752099,9.35,2025-07-02,Mon-Th,2,16
3.0,Mon-Th,16,16,11,urban,0.03626277651411334,0.6,99.0,0.0,12.0,2,8.749303,27.99,2025-07-02,Mon-Th,2,16
3.0,Mon-Th,3,21,12,urban,0.0047378557031138,7.9,69.0,447.0,8.1,2,48.471051,7.74,2025-07-02,Mon-Th,2,16
3.0,Mon-Th,22,16,12,urban,0.03580047681260504,3.6,99.0,1.0,17.1,2,15.202187,29.9,2025-07-02,Mon-Th,2,16
3.0,Mon-Th,12,28,9,urban,0.050740965059404945,-8.8,66.0,0.0,6.7,2,6.419091,27.37,2025-07-02,Mon-Th,2,16
3.0,Mon-Th,14,23,12,urban,0.006721346561874569,2.5,100.0,20.0,2.3,2,4.171644,11.29,2025-07-02,Mon-Th,2,16
3.0,Mon-Th,20,20,12,urban,0.03792452885363107,-3.4,91.0,1.0,8.1,2,14.374434,15.23,2025-07-02,Mon-Th,2,16
3.0,Mon-Th,22,24,10,urban,0.040614036894503686,-4.7,76.0,14.0,4.0,2,11.443064,10.63,2025-07-03,Mon-Th,2,15
3.0,Mon-Th,6,30,12,urban,0.04519460434044838,0.1,88.0,0.0,5.9,2,16.343078,10.51,2025-07-03,Mon-Th,2,15
3.0,Mon-Th,22,16,3,urban,0.017881580869918666,0.6,95.0,0.0,13.4,2,10.206621,14.78,2025-07-03,Mon-Th,2,15
3.0,Mon-Th,16,30,12,urban,0.04021930321083563,4.4,75.0,0.0,14.5,2,15.825213,10.01,2025-07-03,Mon-Th,2,15
3.0,Mon-Th,23,10,11,urban,0.03952567571130471,-2.2,90.0,43.0,5.8,2,18.307556,5.74,2025-07-03,Mon-Th,2,15
3.0,Mon-Th,20,10,12,urban,0.03400287754005153,4.0,98.0,76.0,7.2,2,16.533456,8.36,2025-07-03,Mon-Th,2,15
3.0,Mon-Th,16,3,10,urban,0.03783254704227859,-0.1,99.0,17.0,12.7,2,2.0,14.45,2025-07-03,Mon-Th,2,15
3.0,Mon-Th,16,16,12,urban,0.025857269790140858,2.8,77.0,19.0,10.6,2,41.130448,9.0,2025-07-03,Mon-Th,2,15
3.0,Mon-Th,3,15,9,urban,0.035774820745399505,0.5,98.0,22.0,8.0,2,4.080188,18.74,2025-07-03,Mon-Th,2,15
3.0,Mon-Th,3,13,3,urban,0.035162514675499905,3.4,78.0,1.0,14.0,2,11.667115,11.53,2025-07-03,Mon-Th,2,15
3.0,Mon-Th,3,7,12,sub-urban,0.04088984758448254,-0.7,98.0,0.0,11.3,2,13.374736,17.26,2025-07-03,Mon-Th,2,15
3.0,Mon-Th,8,1,3,urban,0.01708442064505738,10.4,77.0,0.0,17.1,2,9.049675,8.55,2025-07-03,Mon-Th,2,15
3.0,Mon-Th,2,21,3,urban,0.05244416831608454,-5.7,99.0,1.0,18.8,2,20.787198,2.88,2025-07-03,Mon-Th,2,15
3.0,Mon-Th,19,2,11,urban,0.02478732807942562,-3.2,76.0,15.0,15.8,2,12.549028,20.64,2025-07-03,Mon-Th,2,15
3.0,Mon-Th,20,1,12,urban,0.030647616100948582,3.6,97.0,0.0,16.1,2,13.072734,13.91,2025-07-03,Mon-Th,2,15
3.0,Mon-Th,21,13,12,urban,0.03616679242302678,-2.6,99.0,1.0,15.6,2,10.110161,13.89,2025-07-07,Mon-Th,2,17
3.0,Mon-Th,16,3,12,urban,0.06054278102505385,0.9,99.0,46.0,6.4,2,14.491594,13.87,2025-07-07,Mon-Th,2,17
3.0,Mon-Th,20,17,10,urban,0.037678977050972735,0.6,100.0,17.0,8.5,2,16.22061,43.51,2025-07-07,Mon-Th,2,17
3.0,Mon-Th,3,20,12,urban,0.038852866508800106,-0.1,81.0,1.0,7.7,2,12.473198,11.87,2025-07-07,Mon-Th,2,17
3.0,Mon-Th,16,30,1,urban,0.02334060235104432,1.9,82.0,28.0,13.4,2,12.055688,9.36,2025-07-07,Mon-Th,2,17
3.0,Mon-Th,15,3,10,urban,0.03449539981974108,2.2,98.0,21.0,15.7,2,21.490273,6.05,2025-07-07,Mon-Th,2,17
3.0,Mon-Th,15,23,10,urban,0.04012100862248804,3.4,100.0,23.0,14.7,2,4.460476,8.18,2025-07-07,Mon-Th,2,17
3.0,Mon-Th,20,27,12,urban,0.05718938319604008,-6.7,92.0,130.0,4.3,2,2.467439,8.22,2025-07-07,Mon-Th,2,17
3.0,Mon-Th,13,13,3,urban,0.023330391769270493,-3.0,96.0,17.0,3.4,2,2.425315,20.64,2025-07-07,Mon-Th,2,17
3.0,Mon-Th,15,20,12,urban,0.04107947628721297,-3.6,100.0,52.0,13.5,2,14.052075,9.54,2025-07-07,Mon-Th,2,17
3.0,Mon-Th,23,12,12,urban,0.04039587396597329,2.6,99.0,17.0,6.3,2,16.25615,7.4,2025-07-07,Mon-Th,2,17
3.0,Mon-Th,3,13,12,urban,0.033967672806890746,0.7,100.0,17.0,16.8,2,23.016064,8.62,2025-07-07,Mon-Th,2,17
3.0,Mon-Th,4,18,12,urban,0.046351698832992595,3.9,100.0,19.0,8.8,2,33.238686,4.06,2025-07-07,Mon-Th,2,17
3.0,Mon-Th,17,11,11,urban,0.041027690658721784,2.5,93.0,1.0,19.0,2,11.189702,8.14,2025-07-07,Mon-Th,2,17
3.0,Mon-Th,19,20,9,urban,0.01198168191989025,14.1,84.0,119.0,6.4,2,8.561897,3.65,2025-07-07,Mon-Th,2,17
3.0,Mon-Th,15,9,12,urban,0.011693549809255688,0.1,95.0,1.0,13.4,2,7.963403,8.78,2025-07-07,Mon-Th,2,17
3.0,Mon-Th,5,16,1,urban,0.008960712008702246,2.2,98.0,117.0,13.2,2,12.271734,7.55,2025-07-07,Mon-Th,2,17
3.0,Mon-Th,16,24,11,urban,0.003752968026866165,1.1,83.0,151.0,25.1,2,2.888963,3.12,2025-07-08,Mon-Th,2,11
3.0,Mon-Th,20,9,12,urban,0.03570452875342218,1.4,100.0,0.0,17.2,2,45.611643,13.19,2025-07-08,Mon-Th,2,11
3.0,Mon-Th,10,30,12,urban,0.03866479455025992,0.8,85.0,27.0,16.9,2,2.708452,23.04,2025-07-08,Mon-Th,2,11
3.0,Mon-Th,20,12,12,urban,0.0405782086543953,-0.3,98.0,0.0,9.1,2,11.886582,20.36,2025-07-08,Mon-Th,2,11
3.0,Mon-Th,3,27,12,urban,0.023025359523662914,0.9,60.0,17.0,20.4,2,3.039914,7.58,2025-07-08,Mon-Th,2,11
3.0,Mon-Th,20,4,12,urban,0.055518229029158865,-2.4,99.0,0.0,21.2,2,99.678956,13.28,2025-07-08,Mon-Th,2,11
3.0,Mon-Th,12,4,10,urban,0.041677044339933474,7.4,52.0,24.0,17.2,2,14.406653,7.24,2025-07-08,Mon-Th,2,11
3.0,Mon-Th,11,28,11,urban,0.03388098713387914,2.9,64.0,0.0,3.4,2,48.698002,7.34,2025-07-08,Mon-Th,2,11
3.0,Mon-Th,14,9,12,urban,0.041386668645310876,2.3,69.0,0.0,6.1,2,11.269009,6.69,2025-07-08,Mon-Th,2,11
3.0,Mon-Th,20,10,11,urban,0.043450060054550044,3.7,68.0,0.0,13.5,2,7.619575,8.84,2025-07-08,Mon-Th,2,11
3.0,Mon-Th,23,4,12,urban,0.05319821705357926,0.2,79.0,1.0,15.4,2,4.093585,25.85,2025-07-08,Mon-Th,2,11
3.0,Mon-Th,20,16,1,urban,0.013863867999937187,2.6,99.0,28.0,7.8,2,14.309772,10.85,2025-07-09,Mon-Th,2,8
3.0,Mon-Th,20,4,12,urban,0.03322668029766781,3.6,99.0,0.0,17.2,2,11.272931,13.58,2025-07-09,Mon-Th,2,8
3.0,Mon-Th,15,25,3,urban,0.040652473236677165,-5.6,91.0,1.0,6.7,2,10.451452,13.15,2025-07-09,Mon-Th,2,8
3.0,Mon-Th,17,11,12,urban,0.03996250975647351,3.2,68.0,0.0,7.0,2,15.31474,13.64,2025-07-09,Mon-Th,2,8
3.0,Mon-Th,18,26,12,urban,0.016515869291309666,0.6,98.0,1.0,13.9,2,18.74719,8.1,2025-07-09,Mon-Th,2,8
3.0,Mon-Th,16,13,12,urban,0.03961252261606258,-0.4,79.0,0.0,4.2,2,16.615651,12.99,2025-07-09,Mon-Th,2,8
3.0,Mon-Th,22,23,12,urban,0.05173405115902455,-0.5,99.0,1.0,9.9,2,15.831383,21.35,2025-07-09,Mon-Th,2,8
3.0,Mon-Th,16,1,10,urban,0.03662171187640438,-0.0,95.0,2.0,15.8,2,15.723996,7.42,2025-07-09,Mon-Th,2,8
3.0,Mon-Th,22,13,6,urban,0.005973729320966132,1.0,82.0,0.0,17.3,2,14.816792,10.02,2025-07-10,Mon-Th,2,15
3.0,Mon-Th,18,4,10,urban,0.030259578559348844,5.6,96.0,1.0,7.3,2,14.390056,16.69,2025-07-10,Mon-Th,2,15
3.0,Mon-Th,13,24,10,urban,0.02563255752666647,2.0,100.0,1.0,9.8,2,13.416756,17.52,2025-07-10,Mon-Th,2,15
3.0,Mon-Th,23,15,10,sub-urban,0.04417912786424638,-0.5,98.0,12.0,4.6,2,19.281027,23.26,2025-07-10,Mon-Th,2,15
3.0,Mon-Th,19,15,3,urban,0.0455345823588054,4.4,83.0,107.0,8.6,2,13.871603,15.27,2025-07-10,Mon-Th,2,15
3.0,Mon-Th,9,22,12,urban,0.028460730468378756,11.8,100.0,0.0,8.5,2,14.811025,16.57,2025-07-10,Mon-Th,2,15
3.0,Mon-Th,23,14,12,urban,0.03112671026871488,-1.8,100.0,21.0,4.6,2,8.630928,11.81,2025-07-10,Mon-Th,2,15
3.0,Mon-Th,20,26,12,urban,0.031832034803439366,4.7,81.0,0.0,4.8,2,15.224474,12.58,2025-07-10,Mon-Th,2,15
3.0,Mon-Th,20,9,3,urban,0.015366923468057195,-2.9,59.0,0.0,10.3,2,14.016406,26.94,2025-07-10,Mon-Th,2,15
3.0,Mon-Th,22,7,10,urban,0.0485502932249329,-2.7,78.0,20.0,16.7,2,15.107361,11.53,2025-07-10,Mon-Th,2,15
3.0,Mon-Th,21,1,11,urban,0.03562292007291617,4.0,99.0,0.0,5.1,2,21.354667,43.38,2025-07-10,Mon-Th,2,15
3.0,Mon-Th,14,18,10,urban,0.028045421894532182,5.4,91.0,33.0,14.0,2,25.249855,10.62,2025-07-10,Mon-Th,2,15
3.0,Mon-Th,23,21,12,urban,0.0360104309413731,0.0,98.0,14.0,9.1,2,14.65127,13.94,2025-07-10,Mon-Th,2,15
3.0,Mon-Th,23,21,6,urban,0.03672953033542796,1.3,76.0,0.0,4.3,2,9.100938,18.07,2025-07-10,Mon-Th,2,15
3.0,Mon-Th,21,14,1,urban,0.03516112307068574,4.5,62.0,111.0,8.2,2,4.37396,3.81,2025-07-10,Mon-Th,2,15
3.0,Mon-Th,21,6,6,urban,0.02302766283123759,14.6,100.0,1.0,4.8,2,106.375056,40.42,2025-07-14,Mon-Th,2,12
3.0,Mon-Th,13,15,1,urban,0.024954945993787937,1.5,78.0,23.0,13.7,2,16.29552,10.05,2025-07-14,Mon-Th,2,12
3.0,Mon-Th,22,19,12,urban,0.050622074567275084,-3.6,84.0,1.0,5.2,2,17.376083,13.47,2025-07-14,Mon-Th,2,12
3.0,Mon-Th,13,4,9,urban,0.043386813535594704,10.3,74.0,9.0,14.0,2,3.125457,9.34,2025-07-14,Mon-Th,2,12
3.0,Mon-Th,3,29,12,urban,0.010157979966661679,0.5,99.0,0.0,20.4,2,6.675859,14.03,2025-07-14,Mon-Th,2,12
3.0,Mon-Th,21,29,4,urban,0.041643902366365754,-11.4,92.0,26.0,14.4,2,9.595665,25.77,2025-07-14,Mon-Th,2,12
3.0,Mon-Th,1,16,10,urban,0.03438942915186148,6.0,97.0,1.0,14.6,2,11.737057,12.19,2025-07-14,Mon-Th,2,12
3.0,Mon-Th,4,9,12,urban,0.0037027394456819853,0.0,98.0,2.0,11.2,2,38.304851,11.15,2025-07-14,Mon-Th,2,12
3.0,Mon-Th,22,14,11,urban,0.04067172413167738,-1.4,79.0,0.0,4.8,2,9.55035,8.75,2025-07-14,Mon-Th,2,12
3.0,Mon-Th,15,8,1,urban,0.03978579189111366,2.5,75.0,1.0,15.5,2,3.355049,12.12,2025-07-14,Mon-Th,2,12
3.0,Mon-Th,3,13,12,urban,0.036826602878261123,0.8,84.0,0.0,16.3,2,5.832713,5.0,2025-07-14,Mon-Th,2,12
3.0,Mon-Th,20,25,12,urban,0.008309249255665797,2.0,97.0,23.0,15.4,2,13.160112,6.65,2025-07-14,Mon-Th,2,12
3.0,Mon-Th,10,9,12,urban,0.03812927769617001,8.7,89.0,58.0,7.6,2,17.465573,1.94,2025-07-15,Mon-Th,2,12
3.0,Mon-Th,17,21,1,urban,0.015057771086191546,4.1,96.0,0.0,16.1,2,2.227099,15.19,2025-07-15,Mon-Th,2,12
3.0,Mon-Th,18,13,12,urban,0.03850434170867964,-1.0,99.0,1.0,5.7,2,5.750041,15.22,2025-07-15,Mon-Th,2,12
3.0,Mon-Th,22,8,12,urban,0.03433238629886137,3.4,100.0,1.0,14.6,2,8.079908,5.44,2025-07-15,Mon-Th,2,12
3.0,Mon-Th,17,4,12,urban,0.042916707132818505,0.8,99.0,1.0,15.8,2,18.317377,4.05,2025-07-15,Mon-Th,2,12
3.0,Mon-Th,15,15,12,urban,0.03977544558876831,0.4,98.0,14.0,30.4,2,3.291537,5.3,2025-07-15,Mon-Th,2,12
3.0,Mon-Th,2,21,10,urban,0.01360410381034549,7.1,98.0,57.0,10.5,2,17.606652,43.73,2025-07-15,Mon-Th,2,12
3.0,Mon-Th,15,7,12,urban,0.0379462514794714,2.1,99.0,2.0,7.8,2,16.649722,6.33,2025-07-15,Mon-Th,2,12
3.0,Mon-Th,20,11,12,urban,0.03568477404603368,1.8,99.0,1.0,9.2,2,45.404267,22.21,2025-07-15,Mon-Th,2,12
3.0,Mon-Th,19,28,12,urban,0.040321535824836024,-0.5,100.0,0.0,15.8,2,16.802447,20.27,2025-07-15,Mon-Th,2,12
3.0,Mon-Th,6,10,12,urban,0.03660607926828748,0.9,77.0,21.0,17.1,2,9.472908,12.8,2025-07-15,Mon-Th,2,12
3.0,Mon-Th,13,10,12,urban,0.03748816059256912,1.3,100.0,1.0,18.5,2,16.171726,4.05,2025-07-15,Mon-Th,2,12
3.0,Mon-Th,20,16,12,urban,0.009549683643959752,3.6,74.0,11.0,12.9,2,15.007054,5.89,2025-07-16,Mon-Th,2,16
3.0,Mon-Th,20,15,12,urban,0.038460348411743873,3.2,98.0,16.0,29.6,2,3.23282,8.06,2025-07-16,Mon-Th,2,16
3.0,Mon-Th,1,14,12,urban,0.03461064051317954,0.2,93.0,0.0,2.6,2,35.70095,5.58,2025-07-16,Mon-Th,2,16
3.0,Mon-Th,11,2,7,urban,0.039769182559301126,12.5,98.0,134.0,14.0,2,13.784077,2.88,2025-07-16,Mon-Th,2,16
3.0,Mon-Th,16,3,3,urban,0.04618860405808606,2.2,71.0,0.0,4.8,2,9.156832,12.76,2025-07-16,Mon-Th,2,16
3.0,Mon-Th,22,18,9,urban,0.04337688981685235,-7.8,79.0,12.0,9.7,2,21.803754,10.22,2025-07-16,Mon-Th,2,16
3.0,Mon-Th,16,19,10,urban,0.0018882627393818716,6.3,98.0,58.0,16.9,2,14.883278,5.76,2025-07-16,Mon-Th,2,16
3.0,Mon-Th,21,23,12,urban,0.02776465293865031,4.3,99.0,21.0,15.5,2,18.354938,23.11,2025-07-16,Mon-Th,2,16
3.0,Mon-Th,11,24,12,urban,0.04516598520824212,4.8,70.0,88.0,2.8,2,2.115826,5.27,2025-07-16,Mon-Th,2,16
3.0,Mon-Th,16,14,12,urban,0.044864078590481,3.8,100.0,22.0,22.0,2,20.386546,3.91,2025-07-16,Mon-Th,2,16
3.0,Mon-Th,18,30,12,urban,0.017235340470843723,3.3,82.0,25.0,4.0,2,18.295647,5.1,2025-07-16,Mon-Th,2,16
3.0,Mon-Th,12,15,2,urban,0.025463685753616037,9.4,100.0,28.0,13.6,2,15.97605,8.07,2025-07-16,Mon-Th,2,16
3.0,Mon-Th,15,30,11,urban,0.038846851575734836,0.3,83.0,0.0,9.8,2,15.053857,15.74,2025-07-16,Mon-Th,2,16
3.0,Mon-Th,17,13,10,urban,0.026302288566667494,7.4,49.0,149.0,15.3,2,17.869895,11.15,2025-07-16,Mon-Th,2,16
3.0,Mon-Th,3,23,12,urban,0.02784519346499999,2.0,77.0,1.0,1.8,2,16.841158,21.39,2025-07-16,Mon-Th,2,16
3.0,Mon-Th,11,14,12,urban,0.03101387210007873,3.2,100.0,73.0,10.7,2,14.569557,9.37,2025-07-16,Mon-Th,2,16
3.0,Mon-Th,9,11,12,urban,0.0032943003156287176,2.2,100.0,62.0,15.9,2,3.416709,22.41,2025-07-17,Mon-Th,2,15
3.0,Mon-Th,22,17,12,urban,0.03419156843065363,-0.7,67.0,23.0,13.5,2,2.729452,10.69,2025-07-17,Mon-Th,2,15
3.0,Mon-Th,15,14,12,urban,0.033816593506342855,-1.0,100.0,0.0,8.7,2,15.257831,11.18,2025-07-17,Mon-Th,2,15
3.0,Mon-Th,3,8,9,urban,0.001315992710466576,4.4,97.0,48.0,13.8,2,35.05963,58.06,2025-07-17,Mon-Th,2,15
3.0,Mon-Th,18,3,10,urban,0.043423079653323524,6.6,59.0,26.0,11.3,2,12.422551,32.46,2025-07-17,Mon-Th,2,15
3.0,Mon-Th,12,15,12,urban,0.015558885524486456,3.9,100.0,0.0,6.0,2,15.065736,5.6,2025-07-17,Mon-Th,2,15
3.0,Mon-Th,11,23,11,urban,0.0035059913317827592,4.1,99.0,1.0,14.9,2,3.122005,24.47,2025-07-17,Mon-Th,2,15
3.0,Mon-Th,21,21,12,urban,0.03427128130316505,-2.4,82.0,1.0,0.5,2,9.470915,11.34,2025-07-17,Mon-Th,2,15
3.0,Mon-Th,11,30,9,urban,1.7773836095073825e-05,13.1,62.0,48.0,12.2,2,55.998042,6.15,2025-07-17,Mon-Th,2,15
3.0,Mon-Th,18,20,3,urban,0.01339293605459559,3.4,51.0,16.0,4.5,2,16.859341,8.3,2025-07-17,Mon-Th,2,15
3.0,Mon-Th,6,7,12,urban,0.04260422523997501,2.3,65.0,21.0,7.1,2,15.064367,3.59,2025-07-17,Mon-Th,2,15
3.0,Mon-Th,3,27,10,urban,0.03579313725795136,4.8,79.0,17.0,3.8,2,3.271194,5.74,2025-07-17,Mon-Th,2,15
3.0,Mon-Th,12,26,3,urban,0.01254527360006939,1.0,97.0,0.0,16.4,2,69.315895,29.78,2025-07-17,Mon-Th,2,15
3.0,Mon-Th,19,20,12,urban,0.030679750357499966,-2.9,83.0,20.0,7.8,2,13.423016,11.75,2025-07-17,Mon-Th,2,15
3.0,Mon-Th,12,27,12,urban,0.036865809086940995,0.0,98.0,0.0,14.3,2,9.268254,24.36,2025-07-17,Mon-Th,2,15
3.0,Mon-Th,15,16,12,urban,0.004272649714424485,-7.8,68.0,24.0,14.1,2,17.15831,9.61,2025-07-21,Mon-Th,2,14
3.0,Mon-Th,1,13,12,urban,0.049349687681999245,4.4,100.0,0.0,6.4,2,8.355972,15.31,2025-07-21,Mon-Th,2,14
3.0,Mon-Th,11,23,10,urban,0.03808585608141816,3.6,100.0,28.0,12.9,2,13.043973,4.15,2025-07-21,Mon-Th,2,14
3.0,Mon-Th,15,8,9,urban,0.019308272429081882,-0.5,98.0,25.0,20.7,2,8.000753,53.39,2025-07-21,Mon-Th,2,14
3.0,Mon-Th,0,13,12,urban,0.04176671610119379,-0.6,68.0,68.0,4.9,2,10.09379,4.95,2025-07-21,Mon-Th,2,14
3.0,Mon-Th,14,24,12,urban,0.03909988611089444,3.7,78.0,69.0,15.7,2,12.151595,6.76,2025-07-21,Mon-Th,2,14
3.0,Mon-Th,18,19,10,urban,0.02220496763426896,3.6,98.0,25.0,5.6,2,3.764793,12.2,2025-07-21,Mon-Th,2,14
3.0,Mon-Th,20,2,12,urban,0.03654811719499367,0.2,92.0,0.0,13.6,2,12.898842,1.32,2025-07-21,Mon-Th,2,14
3.0,Mon-Th,23,26,12,urban,0.03378052627405606,6.0,75.0,0.0,5.9,2,13.035168,11.28,2025-07-21,Mon-Th,2,14
3.0,Mon-Th,1,11,12,urban,0.03831964281894802,1.3,99.0,0.0,8.1,2,6.009686,1.5,2025-07-21,Mon-Th,2,14
3.0,Mon-Th,23,5,6,urban,0.028807494008663108,9.1,100.0,24.0,8.3,2,6.951353,12.49,2025-07-21,Mon-Th,2,14
3.0,Mon-Th,4,26,12,urban,-0.00031,12.6,86.0,1.0,13.9,2,9.519131,6.93,2025-07-21,Mon-Th,2,14
3.0,Mon-Th,15,10,10,urban,0.01964677228647514,4.9,98.0,1.0,16.5,2,19.012954,12.22,2025-07-21,Mon-Th,2,14
3.0,Mon-Th,0,8,12,urban,0.044164221016878114,0.4,96.0,0.0,5.0,2,7.063864,16.73,2025-07-21,Mon-Th,2,14
3.0,Mon-Th,22,5,10,urban,0.03554211479871225,-0.8,99.0,0.0,3.4,2,14.316858,15.43,2025-07-22,Mon-Th,2,20
3.0,Mon-Th,13,22,1,urban,0.020317278229201284,0.7,99.0,18.0,21.0,2,16.461391,10.31,2025-07-22,Mon-Th,2,20
3.0,Mon-Th,22,28,12,urban,0.06524100568385043,-1.5,99.0,8.0,9.4,2,13.84815,23.89,2025-07-22,Mon-Th,2,20
3.0,Mon-Th,16,14,12,urban,0.01640126480487437,14.7,98.0,129.0,7.4,2,8.010866,3.32,2025-07-22,Mon-Th,2,20
3.0,Mon-Th,4,26,12,urban,0.03454280858082744,2.8,97.0,1.0,5.0,2,22.492432,5.4,2025-07-22,Mon-Th,2,20
3.0,Mon-Th,23,23,12,urban,0.0315691030640735,2.7,100.0,27.0,14.6,2,2.0,9.92,2025-07-22,Mon-Th,2,20
3.0,Mon-Th,20,3,10,urban,0.031372343716361224,7.6,100.0,0.0,18.7,2,14.25187,22.32,2025-07-22,Mon-Th,2,20
3.0,Mon-Th,0,12,10,urban,0.04196127414366611,2.4,100.0,0.0,8.5,2,12.732082,19.42,2025-07-22,Mon-Th,2,20
3.0,Mon-Th,22,15,12,urban,0.03791995885522248,1.3,82.0,0.0,8.5,2,8.429814,12.17,2025-07-22,Mon-Th,2,20
3.0,Mon-Th,19,12,12,urban,0.03976346105331447,1.6,89.0,0.0,14.7,2,20.193115,3.79,2025-07-22,Mon-Th,2,20
3.0,Mon-Th,16,16,12,urban,0.03678859325544325,-3.9,82.0,0.0,18.1,2,21.363554,5.04,2025-07-22,Mon-Th,2,20
3.0,Mon-Th,17,2,10,urban,0.03887152716528832,3.8,71.0,0.0,4.9,2,21.509526,33.86,2025-07-22,Mon-Th,2,20
3.0,Mon-Th,19,9,3,urban,0.02106364563647994,7.3,73.0,63.0,15.0,2,11.839596,18.45,2025-07-22,Mon-Th,2,20
3.0,Mon-Th,18,3,10,urban,0.019440239820321573,7.3,99.0,88.0,8.3,2,16.393645,12.07,2025-07-22,Mon-Th,2,20
3.0,Mon-Th,19,17,12,urban,0.0396097004172062,-11.5,98.0,18.0,6.2,2,9.553437,10.86,2025-07-22,Mon-Th,2,20
3.0,Mon-Th,13,27,12,urban,0.008489685751868769,1.8,100.0,0.0,6.5,2,2.555428,7.65,2025-07-22,Mon-Th,2,20
3.0,Mon-Th,18,11,12,urban,0.03925791722345591,2.3,100.0,0.0,14.6,2,3.513906,0.51,2025-07-22,Mon-Th,2,20
3.0,Mon-Th,23,16,10,urban,0.03578097648309169,3.1,89.0,17.0,17.3,2,16.763925,14.11,2025-07-22,Mon-Th,2,20
3.0,Mon-Th,11,5,12,urban,0.005203821774691612,10.8,100.0,26.0,12.9,2,10.497139,11.45,2025-07-22,Mon-Th,2,20
3.0,Mon-Th,3,20,3,urban,0.05400575741515192,3.2,84.0,16.0,15.0,2,14.7366,12.69,2025-07-22,Mon-Th,2,20
3.0,Mon-Th,18,3,10,urban,0.04303538617031594,5.5,69.0,0.0,4.6,2,14.951997,12.13,2025-07-23,Mon-Th,2,11
3.0,Mon-Th,23,3,10,urban,0.03989287954418427,6.2,79.0,1.0,14.9,2,17.311672,9.4,2025-07-23,Mon-Th,2,11
3.0,Mon-Th,22,1,12,urban,0.00163967564228212,2.9,91.0,0.0,15.7,2,7.91828,11.39,2025-07-23,Mon-Th,2,11
3.0,Mon-Th,12,24,10,urban,0.034997899318340395,7.4,71.0,69.0,11.5,2,3.976662,10.12,2025-07-23,Mon-Th,2,11
3.0,Mon-Th,13,15,12,urban,0.04418830475773294,-1.4,62.0,0.0,15.3,2,16.176473,11.18,2025-07-23,Mon-Th,2,11
3.0,Mon-Th,22,23,9,urban,0.035257582390203046,1.5,57.0,15.0,12.5,2,84.393901,10.37,2025-07-23,Mon-Th,2,11
3.0,Mon-Th,20,10,12,urban,0.04027029759302567,4.4,81.0,24.0,16.2,2,14.132277,17.08,2025-07-23,Mon-Th,2,11
3.0,Mon-Th,22,1,10,urban,0.003678926938714928,7.7,99.0,226.0,16.9,2,10.520284,20.01,2025-07-23,Mon-Th,2,11
3.0,Mon-Th,16,13,12,urban,0.03578380557140657,1.7,99.0,42.0,5.2,2,13.947684,64.94,2025-07-23,Mon-Th,2,11
3.0,Mon-Th,18,4,12,urban,0.02338495455465004,0.4,95.0,18.0,12.9,2,14.538535,11.03,2025-07-23,Mon-Th,2,11
3.0,Mon-Th,9,10,12,urban,0.032302627972664526,-2.6,72.0,0.0,3.9,2,8.678607,9.37,2025-07-23,Mon-Th,2,11
3.0,Mon-Th,15,6,12,urban,0.03647015020877215,-0.2,95.0,1.0,18.2,2,40.111106,10.45,2025-07-24,Mon-Th,2,12
3.0,Mon-Th,8,15,12,urban,0.004762207497565372,-2.4,98.0,1.0,28.5,2,12.050835,5.57,2025-07-24,Mon-Th,2,12
3.0,Mon-Th,5,17,3,urban,0.04014203050163822,-0.5,99.0,0.0,7.1,2,9.633248,5.46,2025-07-24,Mon-Th,2,12
3.0,Mon-Th,5,6,9,urban,0.03747038806544041,12.3,90.0,0.0,8.9,2,17.037251,8.49,2025-07-24,Mon-Th,2,12
3.0,Mon-Th,22,4,10,urban,0.030144812369589928,4.2,91.0,137.0,14.0,2,14.976834,10.26,2025-07-24,Mon-Th,2,12
3.0,Mon-Th,21,3,11,urban,0.02630722736890488,-0.8,97.0,0.0,7.1,2,17.486337,9.02,2025-07-24,Mon-Th,2,12
3.0,Mon-Th,22,5,6,urban,0.03471445736361745,0.2,98.0,0.0,7.9,2,11.355877,15.69,2025-07-24,Mon-Th,2,12
3.0,Mon-Th,21,13,12,urban,0.04077890852383399,5.3,100.0,0.0,6.3,2,17.7969,6.78,2025-07-24,Mon-Th,2,12
3.0,Mon-Th,21,6,12,urban,0.033639880935961555,11.0,100.0,0.0,8.0,2,7.739086,24.32,2025-07-24,Mon-Th,2,12
3.0,Mon-Th,4,18,12,urban,0.009505110681105851,3.9,98.0,0.0,10.2,2,4.850495,13.95,2025-07-24,Mon-Th,2,12
3.0,Mon-Th,18,19,12,urban,0.011636825030504575,4.5,99.0,16.0,16.8,2,14.612663,26.13,2025-07-24,Mon-Th,2,12
3.0,Mon-Th,4,12,10,urban,0.001922655812431495,9.8,99.0,0.0,17.2,2,14.785256,21.14,2025-07-24,Mon-Th,2,12
3.0,Mon-Th,15,11,3,urban,0.03609894681907507,7.0,81.0,149.0,31.7,2,11.104066,4.77,2025-07-28,Mon-Th,2,10
3.0,Mon-Th,10,7,9,urban,0.00409440905900858,5.6,99.0,1.0,16.3,2,15.090055,15.95,2025-07-28,Mon-Th,2,10
3.0,Mon-Th,0,28,9,sub-urban,0.00014553611014972694,10.3,97.0,1.0,5.3,2,27.260235,2.03,2025-07-28,Mon-Th,2,10
3.0,Mon-Th,1,18,12,urban,0.003325460408702456,3.1,82.0,56.0,3.3,2,4.709588,18.1,2025-07-28,Mon-Th,2,10
3.0,Mon-Th,16,6,11,urban,0.03033955239114522,11.8,100.0,0.0,5.5,2,12.161587,14.89,2025-07-28,Mon-Th,2,10
3.0,Mon-Th,8,10,3,urban,0.024399277264974133,-5.1,77.0,74.0,5.7,2,3.195884,7.06,2025-07-28,Mon-Th,2,10
3.0,Mon-Th,20,3,9,urban,0.019856512085700537,11.2,69.0,20.0,7.8,2,15.845488,7.33,2025-07-28,Mon-Th,2,10
3.0,Mon-Th,20,15,11,urban,0.017635435786820988,1.9,100.0,0.0,17.0,2,11.429264,21.03,2025-07-28,Mon-Th,2,10
3.0,Mon-Th,20,15,12,urban,0.04462182250680794,1.4,82.0,0.0,5.5,2,9.861555,25.7,2025-07-28,Mon-Th,2,10
3.0,Mon-Th,20,7,8,urban,0.037337033287556956,11.2,100.0,157.0,19.8,2,16.610084,2.45,2025-07-28,Mon-Th,2,10
3.0,Mon-Th,3,4,6,urban,0.023595250500255446,12.0,47.0,43.0,7.0,2,18.161716,2.59,2025-07-29,Mon-Th,2,7
3.0,Mon-Th,22,14,12,urban,0.030919359634474425,-4.4,85.0,62.0,5.0,2,14.404179,41.99,2025-07-29,Mon-Th,2,7
3.0,Mon-Th,18,26,12,urban,0.040600312760822814,0.4,100.0,19.0,5.8,2,7.346128,9.81,2025-07-29,Mon-Th,2,7
3.0,Mon-Th,15,29,11,urban,0.03735880317577606,3.2,64.0,237.0,6.3,2,45.09206,7.9,2025-07-29,Mon-Th,2,7
3.0,Mon-Th,20,20,12,urban,0.004925629218682107,-0.0,99.0,303.0,8.0,2,14.353334,9.48,2025-07-29,Mon-Th,2,7
3.0,Mon-Th,6,8,9,urban,-0.00031,14.9,97.0,87.0,8.2,2,11.661506,7.68,2025-07-29,Mon-Th,2,7
3.0,Mon-Th,21,29,12,urban,0.022529999481284167,-3.2,74.0,1.0,5.5,2,14.305846,13.16,2025-07-29,Mon-Th,2,7
3.0,Mon-Th,22,5,12,urban,0.053066777761740534,-5.1,64.0,0.0,2.6,2,13.457667,14.46,2025-07-30,Mon-Th,2,15
3.0,Mon-Th,18,15,11,urban,0.03717960830346044,1.9,99.0,0.0,3.9,2,6.312657,29.1,2025-07-30,Mon-Th,2,15
3.0,Mon-Th,16,3,10,urban,0.038056549018427165,4.2,99.0,22.0,5.1,2,20.108992,22.49,2025-07-30,Mon-Th,2,15
3.0,Mon-Th,19,3,9,urban,0.036797220734462364,21.5,74.0,57.0,14.5,2,3.810284,1.65,2025-07-30,Mon-Th,2,15
3.0,Mon-Th,18,3,10,urban,0.03550947153620254,5.5,82.0,85.0,14.8,2,3.224822,13.69,2025-07-30,Mon-Th,2,15
3.0,Mon-Th,18,17,10,urban,0.03762781967475425,4.0,69.0,1.0,7.7,2,12.189119,36.8,2025-07-30,Mon-Th,2,15
3.0,Mon-Th,19,1,12,urban,0.07145930678315388,-2.8,97.0,17.0,17.6,2,12.551294,14.28,2025-07-30,Mon-Th,2,15
3.0,Mon-Th,3,15,2,urban,0.016561458414833002,2.8,99.0,263.0,16.2,2,10.807038,6.31,2025-07-30,Mon-Th,2,15
3.0,Mon-Th,8,20,11,urban,0.03951902576268121,6.0,82.0,23.0,7.6,2,13.244419,6.77,2025-07-30,Mon-Th,2,15
3.0,Mon-Th,23,25,12,urban,0.0410388576681188,3.0,82.0,0.0,10.3,2,9.747651,6.57,2025-07-30,Mon-Th,2,15
3.0,Mon-Th,22,15,12,urban,0.00989404838081123,-2.7,98.0,14.0,7.9,2,8.506618,15.25,2025-07-30,Mon-Th,2,15
3.0,Mon-Th,1,17,10,urban,0.009668056944443641,5.0,100.0,0.0,5.7,2,16.853455,14.06,2025-07-30,Mon-Th,2,15
3.0,Mon-Th,16,24,10,urban,0.0444665483066076,2.9,99.0,18.0,5.6,2,2.574681,4.12,2025-07-30,Mon-Th,2,15
3.0,Mon-Th,17,31,12,urban,0.03930897089817258,3.0,100.0,1.0,7.2,2,8.802603,28.69,2025-07-30,Mon-Th,2,15
3.0,Mon-Th,0,3,11,urban,0.04431596781028695,2.4,99.0,1.0,18.3,2,6.882079,6.35,2025-07-30,Mon-Th,2,15
3.0,Mon-Th,23,13,12,urban,0.03649635462692084,-0.4,98.0,0.0,10.6,2,8.167921,18.44,2025-07-31,Mon-Th,2,15
3.0,Mon-Th,17,27,10,urban,0.03279124274366775,-7.3,74.0,19.0,16.6,2,3.150273,5.26,2025-07-31,Mon-Th,2,15
3.0,Mon-Th,16,21,12,urban,0.0385871378361974,1.2,99.0,0.0,15.5,2,15.003366,11.59,2025-07-31,Mon-Th,2,15
3.0,Mon-Th,22,6,11,urban,0.03889732011800967,0.6,74.0,0.0,9.9,2,44.461691,36.06,2025-07-31,Mon-Th,2,15
3.0,Mon-Th,18,11,3,urban,0.03791055467248747,2.6,62.0,45.0,23.9,2,77.173037,7.94,2025-07-31,Mon-Th,2,15
3.0,Mon-Th,15,3,2,sub-urban,0.039510751909339406,-6.1,92.0,12.0,4.5,2,14.373333,22.37,2025-07-31,Mon-Th,2,15
3.0,Mon-Th,18,16,12,urban,0.007024044033748155,-2.9,89.0,22.0,21.7,2,13.819164,8.53,2025-07-31,Mon-Th,2,15
3.0,Mon-Th,18,14,12,urban,0.04625913725147588,4.1,79.0,18.0,27.1,2,9.706803,30.91,2025-07-31,Mon-Th,2,15
3.0,Mon-Th,11,6,10,urban,0.03716722673245986,3.0,75.0,26.0,17.4,2,15.796341,12.72,2025-07-31,Mon-Th,2,15
3.0,Mon-Th,22,17,11,urban,0.03262295150858782,-2.2,98.0,0.0,9.4,2,17.15688,11.82,2025-07-31,Mon-Th,2,15
3.0,Mon-Th,10,5,2,urban,0.04082751772382364,-1.7,99.0,0.0,25.7,2,13.669214,14.33,2025-07-31,Mon-Th,2,15
3.0,Mon-Th,17,29,2,urban,0.03680674353422432,-3.1,62.0,0.0,18.6,2,8.991967,9.14,2025-07-31,Mon-Th,2,15
3.0,Mon-Th,15,25,12,urban,0.03546433691262889,1.3,75.0,21.0,19.4,2,10.072624,0.72,2025-07-31,Mon-Th,2,15
3.0,Mon-Th,19,16,3,urban,0.038661514594225455,-1.1,79.0,0.0,15.5,2,22.183979,20.83,2025-07-31,Mon-Th,2,15
3.0,Mon-Th,9,9,12,urban,0.028109942824200325,0.9,78.0,22.0,5.8,2,13.101637,12.05,2025-07-31,Mon-Th,2,15
3.0,Mon-Th,22,7,12,urban,0.03623221021783177,0.9,99.0,0.0,5.4,2,18.624892,6.54,2025-08-04,Mon-Th,2,9
3.0,Mon-Th,15,16,3,urban,0.038734299083581225,1.2,59.0,0.0,14.4,2,13.885228,10.62,2025-08-04,Mon-Th,2,9
3.0,Mon-Th,16,30,1,urban,0.034860878336976334,2.3,98.0,20.0,15.6,2,3.956732,9.83,2025-08-04,Mon-Th,2,9
3.0,Mon-Th,17,14,8,urban,0.042665772343558186,7.0,50.0,21.0,14.0,2,14.815833,14.94,2025-08-04,Mon-Th,2,9
3.0,Mon-Th,12,3,12,urban,0.04756065854453133,-7.4,84.0,13.0,2.6,2,8.060912,19.57,2025-08-04,Mon-Th,2,9
3.0,Mon-Th,16,6,12,urban,0.016509872117807734,3.2,100.0,15.0,12.7,2,13.88227,9.47,2025-08-04,Mon-Th,2,9
3.0,Mon-Th,1,3,12,urban,0.03052890231032748,-0.4,99.0,0.0,11.2,2,5.782309,31.77,2025-08-04,Mon-Th,2,9
3.0,Mon-Th,8,11,8,urban,0.02000021249033109,2.6,62.0,19.0,5.3,2,11.103234,8.7,2025-08-04,Mon-Th,2,9
3.0,Mon-Th,10,21,12,urban,0.03719506599014269,3.6,83.0,0.0,15.7,2,11.970225,19.53,2025-08-04,Mon-Th,2,9
3.0,Mon-Th,23,13,12,urban,0.011309791861190415,-1.2,99.0,0.0,1.3,2,8.436764,14.65,2025-08-05,Mon-Th,2,13
3.0,Mon-Th,7,21,10,urban,0.035397470104726735,2.9,98.0,0.0,10.9,2,14.800677,9.05,2025-08-05,Mon-Th,2,13
3.0,Mon-Th,4,5,11,urban,0.03901545975736254,5.1,98.0,22.0,7.0,2,19.911296,19.42,2025-08-05,Mon-Th,2,13
3.0,Mon-Th,17,28,12,urban,0.04333571324057828,-8.9,63.0,1.0,4.3,2,22.273197,32.04,2025-08-05,Mon-Th,2,13
3.0,Mon-Th,16,21,5,urban,0.021214222165620595,15.5,58.0,56.0,14.7,2,12.636395,5.6,2025-08-05,Mon-Th,2,13
3.0,Mon-Th,11,21,12,urban,0.030147724598526493,-0.5,100.0,0.0,14.1,2,10.428761,8.05,2025-08-05,Mon-Th,2,13
3.0,Mon-Th,13,23,3,urban,0.0126810706593254,8.3,77.0,13.0,14.7,2,4.123375,3.97,2025-08-05,Mon-Th,2,13
3.0,Mon-Th,4,16,12,urban,0.016668667488767545,-1.7,98.0,0.0,2.4,2,10.292659,31.53,2025-08-05,Mon-Th,2,13
3.0,Mon-Th,19,23,11,urban,0.03969493182422475,3.3,99.0,20.0,11.5,2,13.198009,7.54,2025-08-05,Mon-Th,2,13
3.0,Mon-Th,15,8,12,urban,0.03139720970508433,3.4,100.0,13.0,15.1,2,14.731167,8.13,2025-08-05,Mon-Th,2,13
3.0,Mon-Th,20,16,2,urban,0.04138337008355761,-6.5,61.0,0.0,9.8,2,13.975677,11.33,2025-08-05,Mon-Th,2,13
3.0,Mon-Th,18,3,10,urban,0.03817083408339553,8.6,98.0,21.0,6.5,2,14.345955,9.62,2025-08-05,Mon-Th,2,13
3.0,Mon-Th,14,16,12,urban,0.021094801086285794,1.5,99.0,1.0,11.6,2,2.84393,5.47,2025-08-05,Mon-Th,2,13
3.0,Mon-Th,11,3,12,urban,0.02577546203930269,6.0,97.0,0.0,11.9,2,12.62633,5.93,2025-08-06,Mon-Th,2,19
3.0,Mon-Th,11,13,9,sub-urban,0.004932392683427889,5.4,75.0,25.0,5.7,2,11.276768,0.98,2025-08-06,Mon-Th,2,19
3.0,Mon-Th,14,28,12,urban,0.019839343445385033,-0.6,93.0,18.0,15.6,2,2.951982,33.27,2025-08-06,Mon-Th,2,19
3.0,Mon-Th,22,3,3,urban,0.019080549797375192,4.9,97.0,0.0,8.8,2,11.105359,10.53,2025-08-06,Mon-Th,2,19
3.0,Mon-Th,13,23,2,sub-urban,0.03925756050986139,7.6,66.0,0.0,5.5,2,39.223959,20.52,2025-08-06,Mon-Th,2,19
3.0,Mon-Th,16,8,12,urban,0.037353355012483644,-6.9,97.0,0.0,6.0,2,17.230423,4.08,2025-08-06,Mon-Th,2,19
3.0,Mon-Th,22,8,8,urban,0.03946131849756884,17.8,63.0,0.0,13.9,2,7.543144,13.18,2025-08-06,Mon-Th,2,19
3.0,Mon-Th,18,26,12,urban,0.03451181220774345,1.1,99.0,0.0,8.6,2,11.092187,13.97,2025-08-06,Mon-Th,2,19
3.0,Mon-Th,18,3,5,urban,0.018304657637104094,16.9,60.0,314.0,13.7,2,2.676572,20.9,2025-08-06,Mon-Th,2,19
3.0,Mon-Th,20,15,12,urban,0.03691674120691005,-0.8,98.0,0.0,15.1,2,14.908013,27.56,2025-08-06,Mon-Th,2,19
3.0,Mon-Th,16,20,12,urban,0.037535601764391094,-2.4,90.0,24.0,6.2,2,13.678913,17.14,2025-08-06,Mon-Th,2,19
3.0,Mon-Th,11,9,12,urban,0.007163682301075452,-0.0,98.0,0.0,17.0,2,15.973916,8.32,2025-08-06,Mon-Th,2,19
3.0,Mon-Th,21,7,10,urban,0.04052023328401395,6.8,98.0,13.0,15.5,2,18.894405,2.05,2025-08-06,Mon-Th,2,19
3.0,Mon-Th,17,30,9,urban,0.03490205593395628,2.3,99.0,20.0,6.5,2,15.008386,8.92,2025-08-06,Mon-Th,2,19
3.0,Mon-Th,22,21,5,urban,0.017733178908799642,6.7,92.0,1.0,9.7,2,13.680511,11.19,2025-08-06,Mon-Th,2,19
3.0,Mon-Th,22,23,6,urban,0.05218308413358582,14.2,87.0,0.0,14.4,2,11.712282,6.96,2025-08-06,Mon-Th,2,19
3.0,Mon-Th,21,5,10,urban,0.03196675288270823,2.1,98.0,2.0,4.9,2,15.654552,21.73,2025-08-06,Mon-Th,2,19
3.0,Mon-Th,13,30,10,urban,0.016689160312631273,1.7,95.0,3.0,4.2,2,15.992193,14.38,2025-08-06,Mon-Th,2,19
3.0,Mon-Th,23,11,12,urban,0.03945049011780864,-5.2,64.0,0.0,5.9,2,25.432008,5.41,2025-08-06,Mon-Th,2,19
3.0,Mon-Th,21,2,3,urban,0.039650927292672486,3.0,98.0,1.0,5.9,2,14.078119,13.38,2025-08-07,Mon-Th,2,10
3.0,Mon-Th,22,30,12,urban,0.03161383451058822,0.0,99.0,0.0,8.9,2,18.660125,14.55,2025-08-07,Mon-Th,2,10
3.0,Mon-Th,22,1,12,urban,0.00926646573021208,5.0,98.0,0.0,14.0,2,29.231016,2.29,2025-08-07,Mon-Th,2,10
3.0,Mon-Th,13,3,11,urban,0.04233163351138526,6.6,68.0,0.0,14.5,2,16.890933,4.31,2025-08-07,Mon-Th,2,10
3.0,Mon-Th,15,14,9,urban,0.04161819518848796,1.5,94.0,17.0,18.2,2,19.745405,13.39,2025-08-07,Mon-Th,2,10
3.0,Mon-Th,22,24,9,urban,0.003338865280253003,14.9,56.0,127.0,15.1,2,11.545355,11.47,2025-08-07,Mon-Th,2,10
3.0,Mon-Th,8,3,12,urban,0.004823892140640666,7.9,57.0,54.0,14.9,2,11.897368,25.81,2025-08-07,Mon-Th,2,10
3.0,Mon-Th,14,3,10,urban,0.03562107128935371,3.4,62.0,26.0,27.3,2,3.827658,6.3,2025-08-07,Mon-Th,2,10
3.0,Mon-Th,10,23,6,urban,0.004155027753798397,16.1,87.0,278.0,14.8,2,14.13254,8.12,2025-08-07,Mon-Th,2,10
3.0,Mon-Th,21,12,12,urban,0.03123819757142076,1.2,100.0,0.0,17.6,2,7.626479,16.44,2025-08-07,Mon-Th,2,10
3.0,Mon-Th,12,28,11,urban,0.0231850517966764,-0.1,97.0,18.0,17.5,2,15.711329,5.82,2025-08-11,Mon-Th,2,16
3.0,Mon-Th,20,5,3,urban,0.004483182352453252,7.2,57.0,75.0,16.8,2,2.0,2.39,2025-08-11,Mon-Th,2,16
3.0,Mon-Th,20,21,10,urban,0.03729427549973351,11.2,98.0,45.0,15.7,2,13.481891,19.98,2025-08-11,Mon-Th,2,16
3.0,Mon-Th,19,25,12,urban,0.02405183033891113,2.6,81.0,1.0,29.5,2,77.621477,9.23,2025-08-11,Mon-Th,2,16
3.0,Mon-Th,16,4,9,urban,0.0600460988344306,7.4,73.0,19.0,8.2,2,15.881953,8.94,2025-08-11,Mon-Th,2,16
3.0,Mon-Th,5,26,12,urban,0.03867784238719161,-0.1,100.0,0.0,3.6,2,2.541568,5.9,2025-08-11,Mon-Th,2,16
3.0,Mon-Th,10,8,1,urban,0.037362337040762195,2.9,84.0,2.0,13.0,2,3.744699,2.41,2025-08-11,Mon-Th,2,16
3.0,Mon-Th,15,21,3,urban,0.03350835812776131,8.6,60.0,25.0,19.3,2,16.254291,21.0,2025-08-11,Mon-Th,2,16
3.0,Mon-Th,16,3,12,urban,0.03381222152616079,2.2,73.0,79.0,5.1,2,20.053822,8.59,2025-08-11,Mon-Th,2,16
3.0,Mon-Th,8,21,9,urban,0.01976374664095227,11.7,82.0,21.0,15.5,2,18.153587,5.45,2025-08-11,Mon-Th,2,16
3.0,Mon-Th,16,15,12,urban,0.03886536588991715,1.8,93.0,1.0,11.3,2,10.552048,12.24,2025-08-11,Mon-Th,2,16
3.0,Mon-Th,22,14,12,urban,0.036477431142523255,-1.2,100.0,16.0,4.7,2,15.666063,2.19,2025-08-11,Mon-Th,2,16
3.0,Mon-Th,3,4,11,urban,0.03735017941877032,10.6,99.0,12.0,16.4,2,20.105618,3.33,2025-08-11,Mon-Th,2,16
3.0,Mon-Th,22,21,4,urban,0.046433554718898006,-1.7,69.0,0.0,5.2,2,15.378924,8.68,2025-08-11,Mon-Th,2,16
3.0,Mon-Th,21,18,12,urban,0.04238282912314387,3.7,94.0,64.0,6.8,2,13.199001,14.76,2025-08-11,Mon-Th,2,16
3.0,Mon-Th,3,19,11,urban,0.04774043110363517,-11.0,61.0,49.0,16.3,2,13.871158,14.17,2025-08-11,Mon-Th,2,16
3.0,Mon-Th,18,28,12,urban,0.01616412594643745,-1.2,99.0,2.0,32.4,2,16.350834,22.4,2025-08-12,Mon-Th,2,16
3.0,Mon-Th,21,5,6,urban,0.03711190538411534,0.7,100.0,466.0,14.4,2,38.030343,37.26,2025-08-12,Mon-Th,2,16
3.0,Mon-Th,18,16,12,urban,0.04502884893582562,0.1,77.0,0.0,1.9,2,12.900304,12.62,2025-08-12,Mon-Th,2,16
3.0,Mon-Th,18,15,12,urban,0.03566742223423834,2.9,86.0,26.0,15.6,2,17.082926,9.43,2025-08-12,Mon-Th,2,16
3.0,Mon-Th,10,8,12,sub-urban,0.03789935883937346,4.0,98.0,0.0,8.1,2,10.418847,5.34,2025-08-12,Mon-Th,2,16
3.0,Mon-Th,21,20,10,urban,0.044455163954573496,4.2,87.0,25.0,2.9,2,15.491466,2.03,2025-08-12,Mon-Th,2,16
3.0,Mon-Th,22,14,9,urban,0.038865730965165324,0.3,74.0,1.0,12.4,2,14.022552,7.7,2025-08-12,Mon-Th,2,16
3.0,Mon-Th,17,15,10,urban,0.04033368524453276,3.3,93.0,21.0,5.1,2,46.165816,3.67,2025-08-12,Mon-Th,2,16
3.0,Mon-Th,15,21,11,urban,0.016521140363041545,4.8,60.0,18.0,6.3,2,11.740847,25.17,2025-08-12,Mon-Th,2,16
3.0,Mon-Th,10,15,12,urban,0.014624890206892434,1.4,100.0,0.0,2.4,2,40.247851,5.63,2025-08-12,Mon-Th,2,16
3.0,Mon-Th,20,8,10,urban,0.032328207363768846,13.2,80.0,22.0,12.9,2,16.499591,22.12,2025-08-12,Mon-Th,2,16
3.0,Mon-Th,17,23,12,urban,0.02017287658498306,0.1,96.0,1.0,6.9,2,15.965172,3.64,2025-08-12,Mon-Th,2,16
3.0,Mon-Th,20,3,11,urban,0.05040084022023391,2.0,70.0,22.0,9.8,2,11.688261,0.94,2025-08-12,Mon-Th,2,16
3.0,Mon-Th,16,30,12,urban,0.019587494192205575,2.8,72.0,73.0,4.7,2,14.167172,6.51,2025-08-12,Mon-Th,2,16
3.0,Mon-Th,10,3,10,urban,-0.00031,5.2,98.0,17.0,14.4,2,7.052939,3.36,2025-08-12,Mon-Th,2,16
3.0,Mon-Th,16,26,10,urban,0.012555756366271556,3.6,56.0,69.0,27.8,2,9.754582,9.37,2025-08-12,Mon-Th,2,16
3.0,Mon-Th,16,6,11,urban,0.051510867416829115,4.2,100.0,15.0,15.8,2,15.7777,11.34,2025-08-13,Mon-Th,2,17
3.0,Mon-Th,22,5,7,urban,0.04010954853316516,2.1,82.0,0.0,3.9,2,11.697839,10.48,2025-08-13,Mon-Th,2,17
3.0,Mon-Th,17,21,3,urban,0.02050538730922106,2.1,73.0,28.0,12.6,2,5.462061,11.82,2025-08-13,Mon-Th,2,17
3.0,Mon-Th,22,14,12,urban,0.03719773263927085,3.0,97.0,0.0,5.5,2,11.622712,31.23,2025-08-13,Mon-Th,2,17
3.0,Mon-Th,17,24,9,urban,0.03025962979915467,14.8,71.0,21.0,18.2,2,14.304896,10.16,2025-08-13,Mon-Th,2,17
3.0,Mon-Th,8,9,12,urban,0.008034782419881929,4.6,89.0,250.0,9.1,2,7.996071,7.28,2025-08-13,Mon-Th,2,17
3.0,Mon-Th,4,4,12,urban,0.0013851534481779042,4.5,99.0,2.0,17.9,2,10.076395,17.9,2025-08-13,Mon-Th,2,17
3.0,Mon-Th,19,1,10,urban,0.004993760424195307,7.8,97.0,20.0,12.1,2,12.867462,7.3,2025-08-13,Mon-Th,2,17
3.0,Mon-Th,21,15,10,urban,0.03585483338948819,3.1,77.0,1.0,27.2,2,41.292782,6.87,2025-08-13,Mon-Th,2,17
3.0,Mon-Th,10,15,10,urban,0.0370634417342248,5.1,50.0,91.0,14.1,2,2.98652,25.28,2025-08-13,Mon-Th,2,17
3.0,Mon-Th,3,23,10,urban,0.03960858019933345,2.8,98.0,0.0,13.3,2,11.687481,6.74,2025-08-13,Mon-Th,2,17
3.0,Mon-Th,20,4,8,urban,0.033088332073318114,5.9,88.0,56.0,14.3,2,13.359856,12.8,2025-08-13,Mon-Th,2,17
3.0,Mon-Th,3,15,10,urban,0.019797272895268954,7.3,100.0,27.0,14.6,2,42.921297,11.14,2025-08-13,Mon-Th,2,17
3.0,Mon-Th,22,5,12,urban,0.03366751811737012,1.6,97.0,1.0,16.8,2,13.322326,12.84,2025-08-13,Mon-Th,2,17
3.0,Mon-Th,21,19,9,urban,0.017750007461618828,16.2,94.0,19.0,16.4,2,2.594482,10.69,2025-08-13,Mon-Th,2,17
3.0,Mon-Th,3,8,10,urban,0.0384538285108353,-1.1,99.0,1.0,6.6,2,9.585796,1.9,2025-08-13,Mon-Th,2,17
3.0,Mon-Th,13,16,11,urban,0.037343689233455,7.5,95.0,0.0,16.5,2,12.18986,34.41,2025-08-13,Mon-Th,2,17
3.0,Mon-Th,3,6,10,urban,0.03749352502239022,2.0,71.0,12.0,5.5,2,21.754189,5.09,2025-08-14,Mon-Th,2,11
3.0,Mon-Th,23,10,12,urban,0.025371333795520676,0.8,100.0,0.0,16.7,2,11.496424,5.19,2025-08-14,Mon-Th,2,11
3.0,Mon-Th,15,29,3,sub-urban,0.03658791169419265,4.5,87.0,72.0,7.7,2,64.573564,7.9,2025-08-14,Mon-Th,2,11
3.0,Mon-Th,2,16,9,urban,0.021173497420055986,9.6,99.0,24.0,20.3,2,12.042479,9.4,2025-08-14,Mon-Th,2,11
3.0,Mon-Th,15,4,10,urban,0.03765434564161146,6.6,100.0,2.0,16.8,2,21.211792,7.82,2025-08-14,Mon-Th,2,11
3.0,Mon-Th,15,28,12,urban,0.053605411471456976,3.3,99.0,1.0,12.6,2,10.261396,11.42,2025-08-14,Mon-Th,2,11
3.0,Mon-Th,3,4,12,urban,0.022791831489885124,0.7,88.0,26.0,8.4,2,22.357868,18.12,2025-08-14,Mon-Th,2,11
3.0,Mon-Th,22,14,12,urban,0.048144869131910656,5.4,78.0,1.0,15.7,2,8.905992,17.56,2025-08-14,Mon-Th,2,11
3.0,Mon-Th,14,21,12,urban,0.03241756618983117,-0.1,98.0,0.0,13.7,2,4.378197,10.09,2025-08-14,Mon-Th,2,11
3.0,Mon-Th,15,11,11,urban,0.03505727832298199,2.5,98.0,30.0,17.5,2,2.581999,8.7,2025-08-14,Mon-Th,2,11
3.0,Mon-Th,16,21,12,urban,0.036838343225503674,2.2,72.0,0.0,2.7,2,16.041185,8.48,2025-08-14,Mon-Th,2,11
3.0,Mon-Th,19,26,12,urban,0.035215365970565765,4.1,100.0,17.0,14.1,2,12.348578,26.76,2025-08-18,Mon-Th,2,22
3.0,Mon-Th,16,15,10,urban,0.015552637806083134,1.8,95.0,19.0,1.6,2,3.477182,8.49,2025-08-18,Mon-Th,2,22
3.0,Mon-Th,21,16,1,urban,0.044144566210893604,-2.9,64.0,16.0,4.3,2,16.897215,21.1,2025-08-18,Mon-Th,2,22
3.0,Mon-Th,20,13,12,urban,0.03167049671263271,9.1,90.0,1.0,10.7,2,11.978267,30.64,2025-08-18,Mon-Th,2,22
3.0,Mon-Th,14,21,12,urban,0.0370729620245223,4.2,100.0,0.0,20.9,2,13.484784,2.85,2025-08-18,Mon-Th,2,22
3.0,Mon-Th,7,28,1,urban,0.0385877712035641,6.6,98.0,0.0,5.6,2,15.591659,7.76,2025-08-18,Mon-Th,2,22
3.0,Mon-Th,23,11,12,urban,0.033672660014154046,0.1,99.0,0.0,5.1,2,9.677496,16.67,2025-08-18,Mon-Th,2,22
3.0,Mon-Th,8,17,3,urban,0.04083891086764225,14.2,98.0,0.0,16.4,2,8.244099,17.69,2025-08-18,Mon-Th,2,22
3.0,Mon-Th,17,4,5,urban,0.03770447509968152,13.3,82.0,147.0,18.0,2,15.979999,11.27,2025-08-18,Mon-Th,2,22
3.0,Mon-Th,16,1,5,urban,0.0021683901059016512,12.3,49.0,135.0,16.7,2,3.337414,2.04,2025-08-18,Mon-Th,2,22
3.0,Mon-Th,22,8,12,urban,0.019066144365376073,2.7,100.0,23.0,21.2,2,22.446223,7.13,2025-08-18,Mon-Th,2,22
3.0,Mon-Th,15,11,12,urban,0.04436195982277525,-0.9,99.0,15.0,4.2,2,12.08376,10.23,2025-08-18,Mon-Th,2,22
3.0,Mon-Th,11,15,10,urban,0.05642201879790009,6.2,98.0,23.0,18.7,2,13.507968,22.07,2025-08-18,Mon-Th,2,22
3.0,Mon-Th,22,10,12,urban,0.05057455492919869,1.6,98.0,27.0,15.0,2,15.481645,9.38,2025-08-18,Mon-Th,2,22
3.0,Mon-Th,23,11,12,urban,0.030118528467655652,0.2,98.0,14.0,4.8,2,7.902867,10.66,2025-08-18,Mon-Th,2,22
3.0,Mon-Th,18,15,11,urban,0.034177036908023775,2.2,100.0,17.0,9.3,2,22.421829,5.57,2025-08-18,Mon-Th,2,22
3.0,Mon-Th,18,16,12,urban,0.04448849085962025,0.7,98.0,110.0,10.3,2,4.42012,21.91,2025-08-18,Mon-Th,2,22
3.0,Mon-Th,1,11,12,urban,0.0037816948299223938,8.4,96.0,24.0,5.2,2,23.205273,4.1,2025-08-18,Mon-Th,2,22
3.0,Mon-Th,18,3,12,urban,0.03714910989128541,0.9,100.0,54.0,15.1,2,11.258341,1.82,2025-08-18,Mon-Th,2,22
3.0,Mon-Th,20,19,12,urban,0.04612398685802415,4.6,98.0,0.0,15.2,2,14.083491,22.19,2025-08-18,Mon-Th,2,22
3.0,Mon-Th,16,2,11,urban,0.043738728957210635,-9.1,73.0,18.0,6.6,2,12.751993,11.4,2025-08-18,Mon-Th,2,22
3.0,Mon-Th,20,12,12,urban,0.04099532607027249,-5.2,83.0,0.0,20.0,2,23.951889,13.59,2025-08-18,Mon-Th,2,22
3.0,Mon-Th,9,24,12,sub-urban,0.03989613589144819,5.2,91.0,55.0,12.6,2,14.294589,10.01,2025-08-19,Mon-Th,2,16
3.0,Mon-Th,18,4,9,urban,0.028501180749045105,11.1,100.0,28.0,5.1,2,14.789432,15.51,2025-08-19,Mon-Th,2,16
3.0,Mon-Th,20,8,12,urban,0.035128708665685106,3.1,62.0,1.0,9.6,2,22.529539,24.43,2025-08-19,Mon-Th,2,16
3.0,Mon-Th,11,7,9,urban,0.04081783671724877,4.1,98.0,0.0,6.9,2,12.417052,23.39,2025-08-19,Mon-Th,2,16
3.0,Mon-Th,20,17,9,urban,0.05552529543426481,-5.1,87.0,1.0,5.7,2,11.380805,2.96,2025-08-19,Mon-Th,2,16
3.0,Mon-Th,11,29,12,urban,0.012592596207371798,-1.4,100.0,0.0,11.1,2,32.427336,14.73,2025-08-19,Mon-Th,2,16
3.0,Mon-Th,22,9,3,urban,0.012963382211841623,2.4,70.0,1.0,25.0,2,4.39388,8.35,2025-08-19,Mon-Th,2,16
3.0,Mon-Th,22,21,12,urban,0.012244165219725343,-4.7,98.0,0.0,4.3,2,12.944762,20.08,2025-08-19,Mon-Th,2,16
3.0,Mon-Th,15,15,10,urban,0.04495328282741066,0.5,100.0,26.0,6.3,2,16.395824,8.65,2025-08-19,Mon-Th,2,16
3.0,Mon-Th,20,6,11,urban,0.037609861518083654,-0.2,100.0,0.0,11.8,2,12.705886,3.3,2025-08-19,Mon-Th,2,16
3.0,Mon-Th,22,14,6,urban,0.031734667067223866,13.9,70.0,56.0,4.6,2,9.957692,7.8,2025-08-19,Mon-Th,2,16
3.0,Mon-Th,3,10,10,urban,0.035832324691636996,4.8,64.0,12.0,10.3,2,4.946702,11.37,2025-08-19,Mon-Th,2,16
3.0,Mon-Th,16,6,12,urban,0.04485877373833348,4.6,99.0,16.0,14.5,2,17.993816,7.52,2025-08-19,Mon-Th,2,16
3.0,Mon-Th,23,17,10,urban,0.03863025267388491,0.0,93.0,1.0,14.3,2,12.254122,10.13,2025-08-19,Mon-Th,2,16
3.0,Mon-Th,3,2,11,urban,0.0031031121971363124,4.4,100.0,0.0,6.2,2,6.951542,15.9,2025-08-19,Mon-Th,2,16
3.0,Mon-Th,7,23,12,urban,0.03845138706890923,-0.9,99.0,0.0,5.5,2,10.71515,7.2,2025-08-19,Mon-Th,2,16
3.0,Mon-Th,1,3,10,urban,0.0302631797308006,0.5,100.0,0.0,26.9,2,15.642997,6.92,2025-08-20,Mon-Th,2,20
3.0,Mon-Th,3,1,12,urban,0.06867497627352404,0.2,99.0,0.0,2.6,2,17.569812,12.8,2025-08-20,Mon-Th,2,20
3.0,Mon-Th,18,23,10,urban,0.029790270857305512,8.9,74.0,15.0,18.3,2,2.810844,8.93,2025-08-20,Mon-Th,2,20
3.0,Mon-Th,16,15,1,urban,0.040036378762536885,0.4,61.0,1.0,17.3,2,7.111217,6.65,2025-08-20,Mon-Th,2,20
3.0,Mon-Th,15,12,9,urban,0.01444614515926675,9.3,100.0,22.0,7.3,2,6.737653,37.75,2025-08-20,Mon-Th,2,20
3.0,Mon-Th,21,3,12,urban,0.033800402019309575,1.1,100.0,0.0,13.5,2,15.86742,16.49,2025-08-20,Mon-Th,2,20
3.0,Mon-Th,14,7,12,urban,0.04090039397856447,-1.0,72.0,125.0,13.5,2,2.261447,10.87,2025-08-20,Mon-Th,2,20
3.0,Mon-Th,13,30,7,urban,0.03914622480100907,5.0,98.0,23.0,3.6,2,15.119027,24.09,2025-08-20,Mon-Th,2,20
3.0,Mon-Th,15,25,4,urban,0.04312232481230059,7.1,78.0,18.0,16.0,2,9.137922,11.92,2025-08-20,Mon-Th,2,20
3.0,Mon-Th,18,3,10,urban,0.011873701638066898,6.9,99.0,441.0,7.0,2,14.540057,4.45,2025-08-20,Mon-Th,2,20
3.0,Mon-Th,21,9,12,urban,0.040496316144596214,0.8,100.0,1.0,32.8,2,11.768448,2.73,2025-08-20,Mon-Th,2,20
3.0,Mon-Th,20,7,9,urban,0.0379867408179011,4.1,83.0,21.0,14.3,2,14.899001,7.32,2025-08-20,Mon-Th,2,20
3.0,Mon-Th,17,24,11,urban,0.032404232851548156,-8.3,98.0,0.0,13.5,2,6.245961,11.92,2025-08-20,Mon-Th,2,20
3.0,Mon-Th,22,12,12,urban,0.023933695518613428,5.3,99.0,0.0,6.7,2,10.85539,12.86,2025-08-20,Mon-Th,2,20
3.0,Mon-Th,23,7,12,urban,0.0389233015442944,-9.9,84.0,1.0,6.6,2,10.099415,17.13,2025-08-20,Mon-Th,2,20
3.0,Mon-Th,11,8,10,urban,0.03684455337095128,5.8,98.0,1.0,14.6,2,13.494725,8.65,2025-08-20,Mon-Th,2,20
3.0,Mon-Th,15,2,11,urban,0.03897849125838579,-4.1,98.0,1.0,5.9,2,20.877882,7.14,2025-08-20,Mon-Th,2,20
3.0,Mon-Th,22,27,12,urban,0.034196126898853034,16.7,59.0,15.0,14.9,2,12.210936,13.47,2025-08-20,Mon-Th,2,20
3.0,Mon-Th,16,7,10,urban,0.020963112210616544,0.2,97.0,19.0,18.7,2,14.504678,6.55,2025-08-20,Mon-Th,2,20
3.0,Mon-Th,3,5,12,urban,0.03816069549839954,2.3,91.0,0.0,7.2,2,7.191247,12.63,2025-08-20,Mon-Th,2,20
3.0,Mon-Th,22,2,12,urban,0.011211768726712732,1.9,94.0,13.0,8.1,2,15.772603,31.73,2025-08-21,Mon-Th,2,11
3.0,Mon-Th,15,3,10,urban,0.04450453705987372,2.3,70.0,24.0,5.1,2,3.183085,1.74,2025-08-21,Mon-Th,2,11
3.0,Mon-Th,7,28,3,urban,0.058421526587394856,-6.2,78.0,0.0,4.9,2,6.711085,8.08,2025-08-21,Mon-Th,2,11
3.0,Mon-Th,20,16,12,urban,0.027519872635179125,1.8,98.0,13.0,11.4,2,16.068949,7.86,2025-08-21,Mon-Th,2,11
3.0,Mon-Th,11,15,12,urban,0.016035952117644588,2.0,100.0,0.0,17.6,2,8.432669,8.81,2025-08-21,Mon-Th,2,11
3.0,Mon-Th,9,23,12,urban,0.07533537868083096,-2.8,100.0,12.0,14.6,2,2.580854,7.77,2025-08-21,Mon-Th,2,11
3.0,Mon-Th,1,12,10,urban,0.037456787902283004,11.3,98.0,55.0,11.5,2,13.676732,3.69,2025-08-21,Mon-Th,2,11
3.0,Mon-Th,20,9,12,urban,0.03369928787923488,2.9,99.0,0.0,16.5,2,14.419591,49.45,2025-08-21,Mon-Th,2,11
3.0,Mon-Th,15,4,12,urban,0.04293807543677313,1.9,50.0,20.0,11.4,2,4.156774,15.43,2025-08-21,Mon-Th,2,11
3.0,Mon-Th,20,16,12,urban,0.05291901186235095,0.1,98.0,0.0,8.6,2,13.308819,12.9,2025-08-21,Mon-Th,2,11
3.0,Mon-Th,20,13,12,urban,0.045563916363980835,-3.4,70.0,0.0,8.7,2,8.583983,7.83,2025-08-21,Mon-Th,2,11
3.0,Mon-Th,9,4,12,urban,0.03606789260594095,9.9,84.0,1.0,22.4,2,17.129099,6.01,2025-08-25,Mon-Th,2,17
3.0,Mon-Th,22,13,12,urban,0.03910746651180035,2.8,76.0,0.0,6.0,2,13.244189,1.16,2025-08-25,Mon-Th,2,17
3.0,Mon-Th,13,24,12,urban,0.0356594900268328,0.4,100.0,0.0,8.3,2,19.402941,14.76,2025-08-25,Mon-Th,2,17
3.0,Mon-Th,17,2,12,urban,0.03459613950457727,1.6,100.0,0.0,18.6,2,15.851115,12.35,2025-08-25,Mon-Th,2,17
3.0,Mon-Th,22,16,12,urban,0.029925318324705914,-0.4,99.0,0.0,17.7,2,7.105207,15.42,2025-08-25,Mon-Th,2,17
3.0,Mon-Th,15,16,11,urban,0.049409851262240435,3.3,100.0,54.0,15.8,2,3.248385,3.55,2025-08-25,Mon-Th,2,17
3.0,Mon-Th,20,30,12,urban,0.004763323312101115,3.2,98.0,1.0,5.0,2,18.754956,13.74,2025-08-25,Mon-Th,2,17
3.0,Mon-Th,18,14,10,urban,0.04827887329266023,2.6,81.0,20.0,27.6,2,16.626547,11.65,2025-08-25,Mon-Th,2,17
3.0,Mon-Th,4,15,12,urban,0.01717953588929916,-0.1,100.0,0.0,2.1,2,7.632065,25.19,2025-08-25,Mon-Th,2,17
3.0,Mon-Th,11,30,11,urban,0.035436072046099686,6.2,99.0,27.0,2.9,2,13.222115,2.93,2025-08-25,Mon-Th,2,17
3.0,Mon-Th,20,17,12,urban,0.004326065378047321,-6.0,82.0,0.0,6.8,2,38.392478,28.75,2025-08-25,Mon-Th,2,17
3.0,Mon-Th,22,28,12,urban,0.03536991379301163,0.2,100.0,1.0,7.6,2,37.430128,16.97,2025-08-25,Mon-Th,2,17
3.0,Mon-Th,15,2,9,urban,0.03738597598736828,4.0,92.0,1.0,17.9,2,14.807575,5.7,2025-08-25,Mon-Th,2,17
3.0,Mon-Th,13,3,3,urban,0.03802732513642892,7.8,62.0,0.0,12.8,2,21.294742,14.68,2025-08-25,Mon-Th,2,17
3.0,Mon-Th,22,6,11,urban,0.03639517485840849,4.9,89.0,0.0,5.6,2,15.494957,16.79,2025-08-25,Mon-Th,2,17
3.0,Mon-Th,19,15,12,urban,0.016146635436152995,0.7,99.0,13.0,16.5,2,15.699274,3.43,2025-08-25,Mon-Th,2,17
3.0,Mon-Th,23,21,4,urban,0.019637882451656933,10.3,80.0,19.0,5.5,2,9.366596,12.54,2025-08-25,Mon-Th,2,17
3.0,Mon-Th,11,23,12,urban,0.040638564535658554,-12.7,72.0,0.0,13.4,2,39.856422,15.91,2025-08-26,Mon-Th,2,15
3.0,Mon-Th,22,10,10,urban,0.040158602583037745,3.6,99.0,22.0,7.9,2,15.817129,15.07,2025-08-26,Mon-Th,2,15
3.0,Mon-Th,4,9,12,urban,0.00036150070970031745,-0.4,98.0,0.0,10.9,2,20.591188,8.57,2025-08-26,Mon-Th,2,15
3.0,Mon-Th,22,16,10,urban,0.0025513782795502614,10.8,99.0,19.0,16.3,2,13.101717,14.22,2025-08-26,Mon-Th,2,15
3.0,Mon-Th,8,1,12,urban,0.025272876569989618,22.0,80.0,51.0,17.2,2,3.111412,49.8,2025-08-26,Mon-Th,2,15
3.0,Mon-Th,13,19,10,urban,0.005200832453109223,8.2,64.0,19.0,9.3,2,20.596961,22.75,2025-08-26,Mon-Th,2,15
3.0,Mon-Th,20,21,11,urban,0.006938796232498367,2.1,78.0,20.0,14.5,2,10.538805,1.69,2025-08-26,Mon-Th,2,15
3.0,Mon-Th,20,16,12,urban,0.0375935138433803,-0.8,79.0,22.0,18.4,2,4.911818,30.21,2025-08-26,Mon-Th,2,15
3.0,Mon-Th,22,3,9,urban,0.035063768221540184,1.6,77.0,25.0,11.9,2,13.57956,5.06,2025-08-26,Mon-Th,2,15
3.0,Mon-Th,15,27,10,urban,0.03640916981497019,-2.4,64.0,0.0,16.6,2,14.218959,26.67,2025-08-26,Mon-Th,2,15
3.0,Mon-Th,18,5,12,urban,0.04247684035371747,3.9,58.0,135.0,4.8,2,23.829574,4.0,2025-08-26,Mon-Th,2,15
3.0,Mon-Th,16,6,11,urban,0.04966780698174718,-5.6,74.0,14.0,7.9,2,12.10646,23.1,2025-08-26,Mon-Th,2,15
3.0,Mon-Th,16,25,1,urban,0.03331328927495947,5.7,86.0,26.0,13.9,2,15.159381,7.92,2025-08-26,Mon-Th,2,15
3.0,Mon-Th,22,22,12,urban,0.036758321267751005,-2.9,100.0,1.0,5.9,2,16.048817,12.16,2025-08-26,Mon-Th,2,15
3.0,Mon-Th,20,19,10,urban,0.0008516458738079134,14.9,77.0,23.0,7.6,2,10.959596,12.53,2025-08-26,Mon-Th,2,15
3.0,Mon-Th,18,3,10,urban,0.03907736937253718,3.2,100.0,22.0,15.4,2,23.218527,20.24,2025-08-27,Mon-Th,2,14
3.0,Mon-Th,22,15,11,urban,0.032138757836745746,0.5,93.0,0.0,10.4,2,22.30186,8.25,2025-08-27,Mon-Th,2,14
3.0,Mon-Th,21,21,12,urban,0.008834411068463919,6.0,77.0,22.0,10.6,2,21.935004,9.94,2025-08-27,Mon-Th,2,14
3.0,Mon-Th,23,3,12,urban,0.03902179873524222,-3.4,91.0,0.0,9.0,2,20.147303,12.78,2025-08-27,Mon-Th,2,14
3.0,Mon-Th,22,3,12,urban,0.04824950630527218,-2.9,75.0,23.0,7.5,2,18.164257,9.71,2025-08-27,Mon-Th,2,14
3.0,Mon-Th,16,13,11,urban,0.03965258205784937,0.5,99.0,20.0,22.3,2,8.216948,5.99,2025-08-27,Mon-Th,2,14
3.0,Mon-Th,18,27,10,urban,0.001614779021360677,15.0,98.0,26.0,7.0,2,40.368349,9.99,2025-08-27,Mon-Th,2,14
3.0,Mon-Th,23,27,12,urban,0.03805301039355305,1.3,85.0,0.0,21.6,2,11.789198,9.77,2025-08-27,Mon-Th,2,14
3.0,Mon-Th,16,9,12,urban,0.040903243093252904,-3.0,100.0,1.0,10.5,2,11.518999,11.89,2025-08-27,Mon-Th,2,14
3.0,Mon-Th,16,13,12,urban,0.03392506402162153,0.1,100.0,0.0,15.8,2,13.814561,13.8,2025-08-27,Mon-Th,2,14
3.0,Mon-Th,16,8,1,urban,0.03293547897820141,0.2,82.0,0.0,21.7,2,14.617605,10.33,2025-08-27,Mon-Th,2,14
3.0,Mon-Th,21,13,2,urban,0.04571985437199708,4.6,95.0,20.0,3.8,2,3.16893,8.83,2025-08-27,Mon-Th,2,14
3.0,Mon-Th,13,28,12,urban,0.01162934265939331,0.3,99.0,21.0,15.6,2,84.017439,22.81,2025-08-27,Mon-Th,2,14
3.0,Mon-Th,3,4,12,urban,0.03851795009393699,0.6,98.0,0.0,2.4,2,11.383042,3.74,2025-08-27,Mon-Th,2,14
3.0,Mon-Th,12,5,12,urban,0.011436709537704263,-11.7,99.0,0.0,3.2,2,15.698053,30.47,2025-08-28,Mon-Th,2,20
3.0,Mon-Th,11,23,10,urban,0.012575637312763274,4.2,98.0,71.0,5.8,2,18.614308,5.49,2025-08-28,Mon-Th,2,20
3.0,Mon-Th,6,5,10,urban,0.02214508413429586,2.9,98.0,0.0,5.5,2,13.096361,13.84,2025-08-28,Mon-Th,2,20
3.0,Mon-Th,19,23,3,urban,0.04961420856711629,12.3,70.0,19.0,21.1,2,13.380677,1.94,2025-08-28,Mon-Th,2,20
3.0,Mon-Th,15,18,5,urban,0.03926086015396158,3.5,72.0,61.0,5.4,2,17.45923,2.33,2025-08-28,Mon-Th,2,20
3.0,Mon-Th,16,16,11,urban,0.043704310967652024,3.2,75.0,16.0,14.0,2,2.720444,2.69,2025-08-28,Mon-Th,2,20
3.0,Mon-Th,21,17,12,urban,0.03688603404710672,4.2,99.0,1.0,6.8,2,9.749387,23.91,2025-08-28,Mon-Th,2,20
3.0,Mon-Th,18,17,12,urban,0.040258805505599536,-3.3,80.0,1.0,12.2,2,13.886631,13.79,2025-08-28,Mon-Th,2,20
3.0,Mon-Th,22,30,11,urban,0.002590519534602165,16.1,85.0,118.0,13.3,2,15.611327,3.73,2025-08-28,Mon-Th,2,20
3.0,Mon-Th,9,2,12,urban,0.0004489439702197477,1.9,97.0,20.0,2.3,2,6.965574,14.68,2025-08-28,Mon-Th,2,20
3.0,Mon-Th,16,12,2,urban,0.05035368982579061,-2.9,50.0,22.0,20.4,2,14.131622,18.19,2025-08-28,Mon-Th,2,20
3.0,Mon-Th,22,5,12,urban,0.05334059188760337,-5.1,99.0,18.0,2.6,2,14.113311,7.55,2025-08-28,Mon-Th,2,20
3.0,Mon-Th,23,20,2,urban,0.042774640290382734,-3.1,98.0,9.0,13.9,2,2.381982,12.21,2025-08-28,Mon-Th,2,20
3.0,Mon-Th,3,30,3,urban,0.03621768086066676,2.6,100.0,0.0,5.9,2,14.559638,4.39,2025-08-28,Mon-Th,2,20
3.0,Mon-Th,17,1,11,urban,0.034008432287372756,-0.0,99.0,21.0,2.9,2,15.384807,6.26,2025-08-28,Mon-Th,2,20
3.0,Mon-Th,11,12,12,urban,0.03636842522653476,5.4,100.0,1.0,7.2,2,6.960059,10.61,2025-08-28,Mon-Th,2,20
3.0,Mon-Th,22,16,10,urban,0.0009222575821553874,11.5,86.0,0.0,5.2,2,11.640135,15.36,2025-08-28,Mon-Th,2,20
3.0,Mon-Th,9,24,2,urban,0.04148890702932311,2.5,99.0,24.0,4.7,2,20.727942,11.98,2025-08-28,Mon-Th,2,20
3.0,Mon-Th,21,15,10,urban,0.038797167152785514,1.4,97.0,40.0,15.5,2,20.833343,10.18,2025-08-28,Mon-Th,2,20
3.0,Mon-Th,12,28,10,urban,0.04124072482132241,7.2,98.0,24.0,4.2,2,73.545005,20.74,2025-08-28,Mon-Th,2,20
3.0,Mon-Th,11,23,12,urban,0.03184178796813585,2.6,95.0,0.0,13.4,2,11.669344,11.16,2025-09-01,Mon-Th,2,11
3.0,Mon-Th,11,17,10,urban,0.038443629739547854,8.0,69.0,58.0,15.9,2,2.42378,8.63,2025-09-01,Mon-Th,2,11
3.0,Mon-Th,6,11,12,urban,0.04119095524990639,0.2,93.0,23.0,6.7,2,13.829546,10.9,2025-09-01,Mon-Th,2,11
3.0,Mon-Th,10,11,10,urban,0.041632552172576345,2.8,85.0,58.0,8.8,2,22.455283,4.46,2025-09-01,Mon-Th,2,11
3.0,Mon-Th,21,21,3,urban,0.013266573739081742,4.2,98.0,332.0,17.3,2,15.842496,8.98,2025-09-01,Mon-Th,2,11
3.0,Mon-Th,10,24,12,urban,0.0024375178010923727,-6.6,76.0,1.0,13.6,2,19.788874,17.4,2025-09-01,Mon-Th,2,11
3.0,Mon-Th,21,13,11,urban,0.04194805601932337,3.1,100.0,0.0,23.0,2,69.207656,12.42,2025-09-01,Mon-Th,2,11
3.0,Mon-Th,22,8,10,urban,0.030731015171486083,-3.6,99.0,1.0,13.7,2,2.756273,10.17,2025-09-01,Mon-Th,2,11
3.0,Mon-Th,22,23,10,urban,0.04009956647075879,7.8,100.0,14.0,7.1,2,21.482766,1.53,2025-09-01,Mon-Th,2,11
3.0,Mon-Th,22,17,10,urban,0.04003309589579185,14.1,75.0,80.0,12.3,2,16.43203,6.61,2025-09-01,Mon-Th,2,11
3.0,Mon-Th,0,30,11,urban,0.039796046217159695,0.1,82.0,22.0,22.4,2,9.552262,12.93,2025-09-01,Mon-Th,2,11
3.0,Mon-Th,6,10,12,urban,0.01911669898755651,0.7,60.0,0.0,7.1,2,17.517615,21.75,2025-09-02,Mon-Th,2,16
3.0,Mon-Th,20,24,1,urban,0.03592556042416545,4.4,100.0,21.0,5.9,2,16.06358,10.15,2025-09-02,Mon-Th,2,16
3.0,Mon-Th,20,25,3,urban,0.024747051427800253,-1.6,61.0,0.0,2.1,2,4.65191,2.12,2025-09-02,Mon-Th,2,16
3.0,Mon-Th,11,23,10,urban,0.017343618475268434,2.7,99.0,0.0,3.8,2,23.60405,2.84,2025-09-02,Mon-Th,2,16
3.0,Mon-Th,0,20,12,urban,0.03151391918067618,10.3,100.0,23.0,16.8,2,12.097426,14.94,2025-09-02,Mon-Th,2,16
3.0,Mon-Th,10,8,12,urban,0.004335153387785952,0.1,99.0,1.0,4.3,2,14.419547,6.45,2025-09-02,Mon-Th,2,16
3.0,Mon-Th,3,8,12,urban,0.0395594318759879,10.0,87.0,0.0,2.4,2,5.674494,17.74,2025-09-02,Mon-Th,2,16
3.0,Mon-Th,23,25,9,urban,0.035012667775729533,17.2,75.0,0.0,8.5,2,9.320504,14.63,2025-09-02,Mon-Th,2,16
3.0,Mon-Th,16,16,12,urban,0.04215540954159254,-3.2,90.0,0.0,9.5,2,11.740605,16.3,2025-09-02,Mon-Th,2,16
3.0,Mon-Th,12,9,11,urban,0.011430687088794036,-3.2,94.0,25.0,17.0,2,11.020348,11.79,2025-09-02,Mon-Th,2,16
3.0,Mon-Th,9,23,12,urban,0.045509748594273015,-4.0,86.0,0.0,5.3,2,23.759066,16.89,2025-09-02,Mon-Th,2,16
3.0,Mon-Th,21,5,10,urban,0.04065893367063374,4.8,81.0,1.0,12.0,2,14.693878,7.19,2025-09-02,Mon-Th,2,16
3.0,Mon-Th,19,2,2,urban,0.03346197353463058,0.5,100.0,1.0,15.2,2,18.687459,7.92,2025-09-02,Mon-Th,2,16
3.0,Mon-Th,20,16,7,urban,0.040993392938630704,3.5,98.0,21.0,18.5,2,20.567446,9.19,2025-09-02,Mon-Th,2,16
3.0,Mon-Th,15,11,10,urban,0.03787022819826244,5.0,66.0,22.0,15.3,2,3.227374,4.47,2025-09-02,Mon-Th,2,16
3.0,Mon-Th,16,15,11,urban,0.04198424589235379,-0.3,99.0,0.0,14.1,2,12.878593,25.89,2025-09-02,Mon-Th,2,16
3.0,Mon-Th,18,8,9,urban,0.0027480311900854497,10.8,99.0,16.0,6.0,2,44.862561,16.54,2025-09-03,Mon-Th,2,18
3.0,Mon-Th,8,19,12,urban,0.03958671565370509,2.6,99.0,19.0,6.1,2,9.88806,7.35,2025-09-03,Mon-Th,2,18
3.0,Mon-Th,0,26,12,urban,0.015280083252075308,0.7,97.0,1.0,8.2,2,5.967088,17.65,2025-09-03,Mon-Th,2,18
3.0,Mon-Th,23,14,12,urban,0.036831237445841124,-4.8,97.0,0.0,4.3,2,9.702533,21.7,2025-09-03,Mon-Th,2,18
3.0,Mon-Th,22,25,10,urban,0.035855532408419745,2.7,100.0,2.0,7.7,2,44.662115,16.83,2025-09-03,Mon-Th,2,18
3.0,Mon-Th,20,8,12,urban,0.041476520481610504,-2.4,83.0,0.0,8.5,2,9.038641,6.87,2025-09-03,Mon-Th,2,18
3.0,Mon-Th,23,7,12,urban,0.007251217935348957,3.4,84.0,20.0,8.0,2,7.185276,7.66,2025-09-03,Mon-Th,2,18
3.0,Mon-Th,22,3,10,urban,0.04714346442142096,4.0,92.0,1.0,5.5,2,12.268358,27.85,2025-09-03,Mon-Th,2,18
3.0,Mon-Th,15,3,10,urban,0.03311899438839006,9.7,98.0,16.0,14.9,2,18.847086,17.6,2025-09-03,Mon-Th,2,18
3.0,Mon-Th,22,7,12,urban,0.03785782025190836,-2.0,94.0,0.0,15.2,2,18.594137,18.47,2025-09-03,Mon-Th,2,18
3.0,Mon-Th,22,5,12,urban,0.03914543074810866,-0.0,91.0,0.0,14.5,2,11.142999,14.59,2025-09-03,Mon-Th,2,18
3.0,Mon-Th,21,16,11,urban,0.04165484723249457,1.6,100.0,0.0,20.5,2,14.217132,37.25,2025-09-03,Mon-Th,2,18
3.0,Mon-Th,22,21,12,urban,0.010480115772128588,-11.2,100.0,0.0,16.7,2,43.134089,28.03,2025-09-03,Mon-Th,2,18
3.0,Mon-Th,1,4,10,urban,0.030750053313302196,4.9,98.0,1.0,7.8,2,15.553445,7.4,2025-09-03,Mon-Th,2,18
3.0,Mon-Th,22,28,6,urban,0.0013720401798192725,1.0,75.0,1.0,22.1,2,15.708598,22.91,2025-09-03,Mon-Th,2,18
3.0,Mon-Th,20,11,5,urban,0.03756393918905834,1.3,67.0,0.0,15.2,2,17.464967,16.45,2025-09-03,Mon-Th,2,18
3.0,Mon-Th,20,11,9,urban,0.04858666460291133,-7.7,99.0,20.0,10.8,2,9.549756,21.23,2025-09-03,Mon-Th,2,18
3.0,Mon-Th,15,3,12,urban,0.041519083816416495,2.9,76.0,18.0,15.0,2,2.115115,2.73,2025-09-03,Mon-Th,2,18
3.0,Mon-Th,3,13,12,urban,0.040136820792811556,-3.9,100.0,1.0,9.7,2,15.042775,5.79,2025-09-04,Mon-Th,2,5
3.0,Mon-Th,18,12,10,urban,0.03956197252154886,2.7,58.0,136.0,17.0,2,19.427057,9.28,2025-09-04,Mon-Th,2,5
3.0,Mon-Th,1,15,12,urban,0.018434806778012736,3.3,100.0,0.0,15.5,2,22.838269,12.52,2025-09-04,Mon-Th,2,5
3.0,Mon-Th,13,7,12,urban,0.03840774046314671,-0.6,99.0,0.0,15.6,2,16.881036,13.94,2025-09-04,Mon-Th,2,5
3.0,Mon-Th,23,3,12,urban,0.03575398614442465,0.9,100.0,0.0,0.0,2,11.175886,8.24,2025-09-04,Mon-Th,2,5
3.0,Mon-Th,21,23,11,urban,0.036634232395499254,3.6,99.0,57.0,17.6,2,24.405832,15.03,2025-09-08,Mon-Th,2,14
3.0,Mon-Th,12,15,1,urban,0.018547199216761505,-0.9,98.0,0.0,15.8,2,41.394677,5.28,2025-09-08,Mon-Th,2,14
3.0,Mon-Th,10,21,10,urban,0.0027581623651805375,6.3,100.0,127.0,14.8,2,13.364819,23.44,2025-09-08,Mon-Th,2,14
3.0,Mon-Th,20,9,12,urban,0.04256591871427075,-8.6,96.0,0.0,3.5,2,6.159657,9.59,2025-09-08,Mon-Th,2,14
3.0,Mon-Th,5,13,11,urban,0.003282601418823469,0.6,99.0,24.0,9.5,2,12.916354,11.38,2025-09-08,Mon-Th,2,14
3.0,Mon-Th,17,13,12,urban,0.033607343685189854,0.2,98.0,59.0,17.7,2,42.96714,6.49,2025-09-08,Mon-Th,2,14
3.0,Mon-Th,10,9,10,urban,0.03685110154608921,0.6,100.0,26.0,5.3,2,13.088535,23.18,2025-09-08,Mon-Th,2,14
3.0,Mon-Th,20,1,12,urban,0.038520545062406285,2.4,99.0,19.0,5.9,2,14.282842,24.31,2025-09-08,Mon-Th,2,14
3.0,Mon-Th,10,26,4,urban,0.005113959772290071,11.7,97.0,1.0,15.0,2,21.443969,10.42,2025-09-08,Mon-Th,2,14
3.0,Mon-Th,15,15,12,urban,0.01545229036769351,0.9,91.0,0.0,17.1,2,12.495415,11.49,2025-09-08,Mon-Th,2,14
3.0,Mon-Th,16,28,8,urban,0.01673524086655213,5.0,100.0,6.0,14.4,2,9.579265,32.66,2025-09-08,Mon-Th,2,14
3.0,Mon-Th,1,14,3,urban,0.03861215586644892,-4.6,95.0,0.0,5.1,2,10.347759,12.77,2025-09-08,Mon-Th,2,14
3.0,Mon-Th,18,16,12,urban,0.04899544993683857,-0.3,97.0,0.0,7.6,2,11.022777,10.42,2025-09-08,Mon-Th,2,14
3.0,Mon-Th,22,8,12,urban,0.02664047519321915,-2.5,92.0,22.0,10.3,2,10.404757,5.23,2025-09-08,Mon-Th,2,14
3.0,Mon-Th,20,19,2,urban,0.037142192289831816,1.8,98.0,24.0,9.5,2,18.433708,22.9,2025-09-09,Mon-Th,2,16
3.0,Mon-Th,16,22,11,urban,0.039408530425485144,1.1,98.0,0.0,7.3,2,111.145087,5.85,2025-09-09,Mon-Th,2,16
3.0,Mon-Th,11,14,12,urban,0.06497721237317751,2.2,97.0,0.0,9.0,2,12.776892,19.07,2025-09-09,Mon-Th,2,16
3.0,Mon-Th,20,22,12,urban,0.03679344314967969,-5.5,89.0,0.0,9.7,2,11.838356,9.89,2025-09-09,Mon-Th,2,16
3.0,Mon-Th,1,23,10,urban,0.0012689361717854808,6.7,98.0,24.0,9.7,2,20.676185,7.79,2025-09-09,Mon-Th,2,16
3.0,Mon-Th,9,24,11,urban,0.0457895967693637,-8.1,98.0,0.0,5.2,2,9.045956,5.5,2025-09-09,Mon-Th,2,16
3.0,Mon-Th,21,17,12,urban,0.013003558093974967,-4.8,97.0,0.0,17.5,2,24.886409,23.33,2025-09-09,Mon-Th,2,16
3.0,Mon-Th,11,4,6,urban,0.0388523701190863,10.2,93.0,166.0,3.8,2,6.596884,11.16,2025-09-09,Mon-Th,2,16
3.0,Mon-Th,23,2,12,urban,0.03804848025978616,-0.5,100.0,1.0,5.5,2,5.26332,16.84,2025-09-09,Mon-Th,2,16
3.0,Mon-Th,21,3,11,urban,0.03809350072293131,-9.8,64.0,21.0,10.3,2,9.514352,6.76,2025-09-09,Mon-Th,2,16
3.0,Mon-Th,22,23,12,urban,0.023872377770342314,-0.0,98.0,0.0,7.4,2,12.893993,20.87,2025-09-09,Mon-Th,2,16
3.0,Mon-Th,18,3,12,urban,0.013984972617674285,0.3,74.0,0.0,10.8,2,16.819144,6.68,2025-09-09,Mon-Th,2,16
3.0,Mon-Th,18,23,10,urban,0.036850694241449926,2.1,100.0,24.0,14.4,2,15.242538,6.55,2025-09-09,Mon-Th,2,16
3.0,Mon-Th,13,23,10,urban,0.039921173902626075,6.0,88.0,23.0,3.9,2,15.158222,12.17,2025-09-09,Mon-Th,2,16
3.0,Mon-Th,9,10,12,urban,0.032318625464855574,6.0,96.0,17.0,1.7,2,3.657407,7.81,2025-09-09,Mon-Th,2,16
3.0,Mon-Th,18,12,11,urban,0.03650476902387165,5.9,82.0,18.0,15.4,2,10.094364,14.13,2025-09-09,Mon-Th,2,16
3.0,Mon-Th,22,4,2,urban,0.05393723218786527,1.6,99.0,0.0,14.8,2,17.351537,2.32,2025-09-10,Mon-Th,2,15
3.0,Mon-Th,3,13,12,urban,0.033036852196512444,1.5,100.0,0.0,13.6,2,10.047358,11.98,2025-09-10,Mon-Th,2,15
3.0,Mon-Th,9,11,12,urban,0.039035626471553765,0.4,100.0,0.0,14.8,2,12.421173,3.52,2025-09-10,Mon-Th,2,15
3.0,Mon-Th,13,24,10,urban,0.054579188173649144,1.0,100.0,24.0,6.5,2,20.034063,15.48,2025-09-10,Mon-Th,2,15
3.0,Mon-Th,5,18,12,urban,0.018387956459389482,1.9,64.0,20.0,5.6,2,19.820118,23.93,2025-09-10,Mon-Th,2,15
3.0,Mon-Th,20,17,9,urban,0.03433198677711328,18.8,80.0,0.0,8.2,2,8.359936,20.09,2025-09-10,Mon-Th,2,15
3.0,Mon-Th,5,8,12,urban,0.0056468929538993125,0.0,93.0,0.0,1.9,2,7.44756,26.83,2025-09-10,Mon-Th,2,15
3.0,Mon-Th,17,15,6,urban,0.031499920372127885,12.1,90.0,0.0,4.5,2,13.878348,19.7,2025-09-10,Mon-Th,2,15
3.0,Mon-Th,16,3,12,urban,0.014823346734063464,-0.5,99.0,19.0,16.2,2,15.814701,5.26,2025-09-10,Mon-Th,2,15
3.0,Mon-Th,14,17,10,urban,0.02990503344629502,3.0,76.0,25.0,11.3,2,17.443263,13.09,2025-09-10,Mon-Th,2,15
3.0,Mon-Th,15,19,10,urban,0.03537629353473216,2.8,94.0,0.0,5.1,2,11.120579,9.26,2025-09-10,Mon-Th,2,15
3.0,Mon-Th,16,3,11,urban,0.04483176249379741,0.7,91.0,65.0,8.6,2,14.621182,22.49,2025-09-10,Mon-Th,2,15
3.0,Mon-Th,20,26,12,urban,0.017924048426855486,-0.4,98.0,1.0,18.0,2,9.426677,24.88,2025-09-10,Mon-Th,2,15
3.0,Mon-Th,22,25,9,urban,0.0413573569227537,11.3,93.0,1.0,4.3,2,10.840915,10.13,2025-09-10,Mon-Th,2,15
3.0,Mon-Th,21,4,12,urban,0.040939314055524735,1.3,99.0,1.0,5.0,2,12.17306,29.05,2025-09-10,Mon-Th,2,15
3.0,Mon-Th,23,11,9,urban,0.03644386767345627,0.0,55.0,53.0,13.6,2,14.655175,6.21,2025-09-11,Mon-Th,2,12
3.0,Mon-Th,15,27,3,urban,0.048395549630536217,4.1,60.0,48.0,7.9,2,3.858481,12.66,2025-09-11,Mon-Th,2,12
3.0,Mon-Th,21,27,6,urban,0.04067476637736958,17.6,82.0,1.0,14.2,2,14.30071,7.77,2025-09-11,Mon-Th,2,12
3.0,Mon-Th,18,10,12,urban,0.015767027823617608,1.5,70.0,22.0,7.1,2,13.432274,31.09,2025-09-11,Mon-Th,2,12
3.0,Mon-Th,21,26,1,urban,0.03680464316249452,-3.3,97.0,0.0,9.1,2,3.624022,7.48,2025-09-11,Mon-Th,2,12
3.0,Mon-Th,23,29,11,urban,0.04222186591998943,-0.7,100.0,0.0,5.7,2,15.380582,7.62,2025-09-11,Mon-Th,2,12
3.0,Mon-Th,18,22,11,urban,0.035357630320781035,-1.8,99.0,24.0,10.8,2,2.718362,34.06,2025-09-11,Mon-Th,2,12
3.0,Mon-Th,15,15,11,urban,0.04157801932762035,3.8,75.0,0.0,17.4,2,11.122844,23.86,2025-09-11,Mon-Th,2,12
3.0,Mon-Th,18,3,3,urban,0.0064132957421652115,2.8,74.0,11.0,1.2,2,2.960214,5.47,2025-09-11,Mon-Th,2,12
3.0,Mon-Th,20,9,12,urban,0.004160690318134663,0.2,100.0,125.0,5.2,2,18.442432,2.27,2025-09-11,Mon-Th,2,12
3.0,Mon-Th,15,3,10,urban,0.014101073328095235,7.0,68.0,46.0,12.6,2,3.514222,8.67,2025-09-11,Mon-Th,2,12
3.0,Mon-Th,5,8,12,urban,0.02210170682790049,-5.8,96.0,1.0,12.7,2,18.355995,32.42,2025-09-11,Mon-Th,2,12
3.0,Mon-Th,20,21,12,urban,0.04110955442326338,-1.2,99.0,1.0,9.9,2,14.682478,26.93,2025-09-15,Mon-Th,2,11
3.0,Mon-Th,18,17,11,urban,0.005410289552749107,-1.1,66.0,83.0,15.1,2,28.360261,21.14,2025-09-15,Mon-Th,2,11
3.0,Mon-Th,17,11,10,urban,0.049712696012818164,7.2,99.0,60.0,7.0,2,45.597994,9.88,2025-09-15,Mon-Th,2,11
3.0,Mon-Th,22,14,9,urban,0.0528705655270157,-2.0,77.0,0.0,5.1,2,11.382032,17.1,2025-09-15,Mon-Th,2,11
3.0,Mon-Th,15,15,11,urban,0.04534195176611489,0.8,99.0,53.0,5.3,2,12.954208,3.42,2025-09-15,Mon-Th,2,11
3.0,Mon-Th,11,26,12,urban,0.03164452006121872,-3.4,99.0,11.0,34.3,2,19.265083,6.47,2025-09-15,Mon-Th,2,11
3.0,Mon-Th,3,20,12,urban,0.04004995523389992,1.0,100.0,21.0,15.8,2,2.470991,7.32,2025-09-15,Mon-Th,2,11
3.0,Mon-Th,19,20,12,urban,0.040650546308220806,2.1,99.0,18.0,18.9,2,12.774026,11.18,2025-09-15,Mon-Th,2,11
3.0,Mon-Th,20,16,11,urban,0.04444998004891211,3.4,100.0,19.0,5.2,2,15.965177,26.83,2025-09-15,Mon-Th,2,11
3.0,Mon-Th,21,23,9,urban,0.037812241046763666,2.0,99.0,0.0,6.6,2,6.996949,19.08,2025-09-15,Mon-Th,2,11
3.0,Mon-Th,18,14,10,urban,0.029671095720387675,6.2,68.0,25.0,10.5,2,15.104639,35.09,2025-09-15,Mon-Th,2,11
3.0,Mon-Th,15,3,10,urban,0.02317277469710091,2.2,63.0,27.0,17.0,2,2.20512,9.25,2025-09-16,Mon-Th,2,17
3.0,Mon-Th,1,23,3,urban,0.042885024459714476,1.9,100.0,0.0,4.8,2,5.271518,7.96,2025-09-16,Mon-Th,2,17
3.0,Mon-Th,8,21,12,urban,0.018133310650294755,0.8,99.0,18.0,12.8,2,6.826752,5.68,2025-09-16,Mon-Th,2,17
3.0,Mon-Th,22,14,6,urban,0.038887563156256195,8.2,88.0,25.0,16.1,2,8.387592,19.48,2025-09-16,Mon-Th,2,17
3.0,Mon-Th,15,21,12,urban,0.01832586759385859,0.3,84.0,93.0,2.1,2,39.505827,17.85,2025-09-16,Mon-Th,2,17
3.0,Mon-Th,16,2,9,sub-urban,0.046843591471149075,9.4,89.0,16.0,4.5,2,16.825822,24.53,2025-09-16,Mon-Th,2,17
3.0,Mon-Th,23,6,11,urban,0.0321755955260166,1.6,99.0,0.0,11.1,2,13.722284,8.57,2025-09-16,Mon-Th,2,17
3.0,Mon-Th,19,17,12,urban,0.030282888628662713,1.7,99.0,0.0,13.1,2,12.222774,5.71,2025-09-16,Mon-Th,2,17
3.0,Mon-Th,23,21,10,urban,0.03226583440212387,7.2,98.0,1.0,7.0,2,17.949358,6.17,2025-09-16,Mon-Th,2,17
3.0,Mon-Th,18,16,12,urban,0.03846579326477401,-0.4,92.0,0.0,7.3,2,16.35393,23.32,2025-09-16,Mon-Th,2,17
3.0,Mon-Th,22,26,12,urban,0.03739909591690548,-0.0,83.0,1.0,17.0,2,3.798338,23.41,2025-09-16,Mon-Th,2,17
3.0,Mon-Th,1,4,1,urban,0.03885473067719263,3.2,100.0,20.0,14.2,2,3.254118,22.3,2025-09-16,Mon-Th,2,17
3.0,Mon-Th,22,5,12,urban,0.0452038561802946,-0.4,100.0,0.0,14.7,2,17.190709,9.65,2025-09-16,Mon-Th,2,17
3.0,Mon-Th,11,19,3,urban,0.0321823989259434,1.1,99.0,0.0,6.4,2,9.439916,31.34,2025-09-16,Mon-Th,2,17
3.0,Mon-Th,21,31,10,urban,0.01892585573729999,3.2,95.0,31.0,33.7,2,17.025435,8.31,2025-09-16,Mon-Th,2,17
3.0,Mon-Th,10,5,10,urban,0.04000954933498682,-0.4,72.0,1.0,16.8,2,15.606375,19.23,2025-09-16,Mon-Th,2,17
3.0,Mon-Th,23,21,6,urban,0.03927426322492773,9.8,60.0,0.0,4.2,2,7.690503,12.87,2025-09-16,Mon-Th,2,17
3.0,Mon-Th,9,23,10,urban,0.04211492870669211,20.7,100.0,0.0,14.4,2,15.541036,12.93,2025-09-17,Mon-Th,2,11
3.0,Mon-Th,15,15,10,urban,0.017978914289373864,2.7,97.0,0.0,14.0,2,34.599743,10.52,2025-09-17,Mon-Th,2,11
3.0,Mon-Th,19,16,11,urban,0.04605144293378155,3.2,100.0,21.0,15.6,2,4.472286,9.64,2025-09-17,Mon-Th,2,11
3.0,Mon-Th,20,15,10,urban,0.029278654069601992,1.7,99.0,23.0,5.3,2,26.238683,5.91,2025-09-17,Mon-Th,2,11
3.0,Mon-Th,16,16,12,urban,0.014225993324634404,-6.0,99.0,0.0,18.2,2,42.884126,7.95,2025-09-17,Mon-Th,2,11
3.0,Mon-Th,23,15,12,urban,0.014869145649723844,4.6,83.0,14.0,12.8,2,14.25663,3.18,2025-09-17,Mon-Th,2,11
3.0,Mon-Th,18,12,12,urban,0.04560068389501477,-0.4,100.0,0.0,14.3,2,3.796388,11.57,2025-09-17,Mon-Th,2,11
3.0,Mon-Th,18,2,12,urban,0.04157855663536815,-0.7,86.0,0.0,6.8,2,17.043839,20.22,2025-09-17,Mon-Th,2,11
3.0,Mon-Th,18,8,12,urban,0.018061262868172785,-0.2,100.0,20.0,6.0,2,11.899954,13.36,2025-09-17,Mon-Th,2,11
3.0,Mon-Th,15,4,10,urban,0.03649544205850108,10.1,72.0,78.0,6.6,2,13.589907,3.23,2025-09-17,Mon-Th,2,11
3.0,Mon-Th,22,14,7,urban,0.005473806620400647,12.0,81.0,119.0,6.2,2,20.22946,7.85,2025-09-17,Mon-Th,2,11
3.0,Mon-Th,13,11,8,sub-urban,0.06139888283374826,-2.8,99.0,0.0,6.5,2,14.562295,9.8,2025-09-18,Mon-Th,2,18
3.0,Mon-Th,0,4,3,urban,0.04263805199115752,0.3,64.0,137.0,8.9,2,10.859347,7.51,2025-09-18,Mon-Th,2,18
3.0,Mon-Th,22,17,12,urban,0.010685394331660346,0.5,100.0,0.0,7.9,2,95.328481,36.93,2025-09-18,Mon-Th,2,18
3.0,Mon-Th,15,15,11,urban,0.02351427669684557,2.0,98.0,12.0,17.8,2,47.043518,12.03,2025-09-18,Mon-Th,2,18
3.0,Mon-Th,23,17,12,urban,0.055714322131045206,0.1,88.0,19.0,3.6,2,11.12828,3.18,2025-09-18,Mon-Th,2,18
3.0,Mon-Th,16,15,10,urban,0.03565252289793564,2.9,75.0,0.0,14.3,2,13.859346,11.46,2025-09-18,Mon-Th,2,18
3.0,Mon-Th,20,7,12,urban,0.04813726301095524,14.3,98.0,0.0,8.7,2,10.552761,19.33,2025-09-18,Mon-Th,2,18
3.0,Mon-Th,2,13,10,urban,0.03056505010703595,1.1,99.0,0.0,17.1,2,21.675029,10.77,2025-09-18,Mon-Th,2,18
3.0,Mon-Th,20,31,12,urban,0.05051362147016297,0.6,82.0,0.0,9.1,2,10.391795,14.77,2025-09-18,Mon-Th,2,18
3.0,Mon-Th,16,8,1,urban,0.036110294398043634,3.3,91.0,1.0,13.2,2,15.706564,6.12,2025-09-18,Mon-Th,2,18
3.0,Mon-Th,16,3,12,urban,0.03897844457905456,2.4,100.0,0.0,15.7,2,12.786316,3.2,2025-09-18,Mon-Th,2,18
3.0,Mon-Th,20,28,10,urban,0.031963261835995814,7.3,92.0,21.0,17.3,2,13.141618,8.54,2025-09-18,Mon-Th,2,18
3.0,Mon-Th,21,11,3,urban,0.04286862533145266,2.4,98.0,122.0,11.6,2,20.254785,6.54,2025-09-18,Mon-Th,2,18
3.0,Mon-Th,22,3,10,urban,0.03727929013263109,-1.7,70.0,0.0,7.7,2,7.705105,6.28,2025-09-18,Mon-Th,2,18
3.0,Mon-Th,16,6,10,urban,0.0319703723419251,11.9,95.0,0.0,9.0,2,16.008632,39.22,2025-09-18,Mon-Th,2,18
3.0,Mon-Th,10,5,9,urban,0.039824374031424636,14.6,97.0,2.0,2.4,2,18.097353,23.21,2025-09-18,Mon-Th,2,18
3.0,Mon-Th,15,14,10,urban,0.05445462399627939,-0.9,96.0,66.0,17.7,2,64.549792,5.32,2025-09-18,Mon-Th,2,18
3.0,Mon-Th,10,9,12,urban,0.01607363770891006,2.3,77.0,2.0,12.1,2,15.29773,26.95,2025-09-18,Mon-Th,2,18
3.0,Mon-Th,20,19,9,urban,0.032175989282660106,13.6,50.0,22.0,7.5,2,11.628106,14.82,2025-09-22,Mon-Th,2,8
3.0,Mon-Th,22,2,6,urban,0.035100091104266845,-0.6,100.0,0.0,5.6,2,10.921276,40.7,2025-09-22,Mon-Th,2,8
3.0,Mon-Th,16,15,11,urban,0.03948851098258047,1.5,98.0,0.0,14.8,2,18.070879,13.41,2025-09-22,Mon-Th,2,8
3.0,Mon-Th,18,5,12,urban,0.033855748205726996,-0.5,75.0,9.0,14.2,2,14.719981,7.22,2025-09-22,Mon-Th,2,8
3.0,Mon-Th,22,28,10,urban,0.0011294684130906821,10.5,100.0,16.0,7.3,2,12.400305,11.79,2025-09-22,Mon-Th,2,8
3.0,Mon-Th,22,14,9,urban,0.04036659811629041,-3.0,98.0,50.0,4.9,2,14.638603,10.01,2025-09-22,Mon-Th,2,8
3.0,Mon-Th,18,19,12,urban,0.003434634466110227,5.1,72.0,20.0,8.2,2,9.333158,10.41,2025-09-22,Mon-Th,2,8
3.0,Mon-Th,18,21,11,urban,0.001036562373478021,7.0,98.0,13.0,13.4,2,14.382665,27.52,2025-09-22,Mon-Th,2,8
3.0,Friday,22,24,11,sub-urban,0.03680896482902289,0.5,99.0,18.0,3.4,2,17.23726,19.01,2025-06-27,Friday,2,16
3.0,Friday,9,3,12,urban,0.013585556608426266,4.6,81.0,61.0,4.7,2,18.130158,4.0,2025-06-27,Friday,2,16
3.0,Friday,10,15,10,urban,0.004714629970941143,12.7,27.0,59.0,12.2,2,27.408115,12.6,2025-06-27,Friday,2,16
3.0,Friday,8,15,12,urban,0.05009260140348946,2.3,99.0,0.0,14.0,2,18.065611,25.79,2025-06-27,Friday,2,16
3.0,Friday,4,10,12,urban,0.0009588632527534587,5.0,97.0,50.0,5.9,2,8.777313,34.87,2025-06-27,Friday,2,16
3.0,Friday,16,16,12,urban,0.016790753909584635,0.2,98.0,0.0,15.7,2,16.043219,3.66,2025-06-27,Friday,2,16
3.0,Friday,22,1,12,urban,0.03894738774443618,-0.9,99.0,0.0,2.0,2,10.792158,24.38,2025-06-27,Friday,2,16
3.0,Friday,7,15,10,urban,0.014329738211793994,0.1,99.0,202.0,4.1,2,43.346791,9.97,2025-06-27,Friday,2,16
3.0,Friday,5,24,12,urban,0.010781649701334925,-0.8,99.0,19.0,16.8,2,22.661777,12.0,2025-06-27,Friday,2,16
3.0,Friday,15,3,1,urban,0.03703648453754426,-1.2,99.0,15.0,17.3,2,3.412624,8.47,2025-06-27,Friday,2,16
3.0,Friday,23,15,1,urban,0.015400856735252625,3.4,98.0,1.0,11.9,2,9.61636,15.36,2025-06-27,Friday,2,16
3.0,Friday,15,9,12,urban,0.0109974394592576,-0.7,97.0,67.0,4.4,2,36.343481,13.52,2025-06-27,Friday,2,16
3.0,Friday,21,7,9,urban,0.04127691613015256,10.1,100.0,81.0,10.6,2,8.740579,13.51,2025-06-27,Friday,2,16
3.0,Friday,16,24,11,urban,0.040304775440707825,6.2,93.0,16.0,16.1,2,20.442051,9.44,2025-06-27,Friday,2,16
3.0,Friday,13,8,10,urban,0.001461182369760569,1.1,97.0,1.0,13.0,2,66.521537,8.64,2025-06-27,Friday,2,16
3.0,Friday,20,13,12,urban,0.042080613408247924,5.1,86.0,1.0,7.7,2,38.250377,49.69,2025-06-27,Friday,2,16
3.0,Friday,22,13,12,urban,0.03904052794546033,-0.7,64.0,0.0,15.6,2,11.89616,4.66,2025-07-04,Friday,2,18
3.0,Friday,22,3,12,urban,0.03524218898443698,1.0,99.0,33.0,9.3,2,10.37581,6.91,2025-07-04,Friday,2,18
3.0,Friday,21,5,10,urban,0.01826613943055581,2.7,93.0,1.0,4.6,2,35.264331,11.58,2025-07-04,Friday,2,18
3.0,Friday,16,30,12,urban,0.03684843950904473,-0.1,76.0,16.0,28.5,2,39.021267,21.88,2025-07-04,Friday,2,18
3.0,Friday,16,28,12,urban,0.04063986617143773,2.2,100.0,0.0,5.7,2,8.439575,6.72,2025-07-04,Friday,2,18
3.0,Friday,8,5,10,urban,0.03732727269131163,-2.3,99.0,2.0,17.4,2,104.698815,5.14,2025-07-04,Friday,2,18
3.0,Friday,19,22,12,urban,0.036350530918397496,0.5,99.0,1.0,10.1,2,12.241768,17.18,2025-07-04,Friday,2,18
3.0,Friday,16,15,1,urban,0.04005962263566132,-3.2,100.0,0.0,13.2,2,21.080797,5.23,2025-07-04,Friday,2,18
3.0,Friday,22,1,10,urban,0.03717114801247444,-1.4,98.0,21.0,13.3,2,17.234479,7.99,2025-07-04,Friday,2,18
3.0,Friday,10,15,12,urban,0.019873688699786462,1.3,99.0,0.0,3.4,2,16.164875,5.88,2025-07-04,Friday,2,18
3.0,Friday,22,19,12,urban,0.012407831342455737,0.8,98.0,0.0,5.3,2,8.075054,5.36,2025-07-04,Friday,2,18
3.0,Friday,16,13,12,urban,0.037720890527921484,3.7,100.0,15.0,14.8,2,2.651914,7.88,2025-07-04,Friday,2,18
3.0,Friday,20,21,10,urban,0.02282496180973257,2.5,98.0,24.0,15.9,2,24.619575,33.96,2025-07-04,Friday,2,18
3.0,Friday,18,9,12,urban,0.03658969564927303,0.1,87.0,0.0,11.2,2,10.112283,26.57,2025-07-04,Friday,2,18
3.0,Friday,18,6,10,urban,0.040008132870846244,5.4,97.0,15.0,9.2,2,19.931547,2.4,2025-07-04,Friday,2,18
3.0,Friday,15,12,12,urban,0.0400685809072459,0.1,90.0,12.0,17.2,2,12.519409,11.45,2025-07-04,Friday,2,18
3.0,Friday,15,1,2,urban,0.013402297488980884,-0.9,100.0,22.0,5.9,2,19.446429,23.56,2025-07-04,Friday,2,18
3.0,Friday,18,22,12,urban,0.03600184672734371,1.5,85.0,0.0,16.6,2,14.492574,26.78,2025-07-04,Friday,2,18
3.0,Friday,15,8,12,urban,0.014096885163032348,-4.5,100.0,67.0,14.6,2,7.612854,9.65,2025-07-11,Friday,2,18
3.0,Friday,14,13,5,sub-urban,0.0052781856210039665,2.7,99.0,133.0,11.2,2,4.141769,17.29,2025-07-11,Friday,2,18
3.0,Friday,4,9,12,urban,0.002235813485154211,-1.0,100.0,12.0,12.8,2,6.100895,15.49,2025-07-11,Friday,2,18
3.0,Friday,21,3,12,urban,0.03551970411234669,2.3,98.0,0.0,4.7,2,9.569054,17.36,2025-07-11,Friday,2,18
3.0,Friday,16,16,11,urban,0.022087638312655374,2.7,99.0,0.0,6.6,2,24.001737,8.34,2025-07-11,Friday,2,18
3.0,Friday,23,11,12,urban,0.036695056432939965,-0.0,99.0,0.0,20.9,2,15.346236,3.36,2025-07-11,Friday,2,18
3.0,Friday,15,3,10,urban,0.04112177803039819,1.1,81.0,15.0,17.1,2,4.021616,4.2,2025-07-11,Friday,2,18
3.0,Friday,16,11,9,urban,0.04182346750252368,2.0,79.0,118.0,16.4,2,14.258777,6.72,2025-07-11,Friday,2,18
3.0,Friday,11,15,3,urban,0.02426967603263977,3.7,100.0,0.0,14.8,2,22.733465,8.97,2025-07-11,Friday,2,18
3.0,Friday,7,1,3,urban,0.03530287824045714,0.5,100.0,0.0,11.2,2,15.739708,2.24,2025-07-11,Friday,2,18
3.0,Friday,3,13,12,urban,0.03593149377275862,-1.0,98.0,18.0,3.2,2,36.069299,32.99,2025-07-11,Friday,2,18
3.0,Friday,22,15,12,urban,0.03408706380323811,0.8,97.0,0.0,4.8,2,7.025278,12.89,2025-07-11,Friday,2,18
3.0,Friday,9,30,1,urban,0.02088210684650826,-1.5,100.0,63.0,18.8,2,19.719068,7.45,2025-07-11,Friday,2,18
3.0,Friday,12,24,11,urban,0.04095416525320411,1.2,100.0,0.0,5.1,2,16.266314,16.41,2025-07-11,Friday,2,18
3.0,Friday,4,23,12,urban,0.04082104567328316,0.5,100.0,14.0,6.2,2,9.712983,2.72,2025-07-11,Friday,2,18
3.0,Friday,16,16,12,urban,0.01430227628937052,2.3,99.0,1.0,6.1,2,20.226151,6.23,2025-07-11,Friday,2,18
3.0,Friday,4,13,3,urban,0.0017638730708038454,3.4,100.0,14.0,16.9,2,7.047172,11.47,2025-07-11,Friday,2,18
3.0,Friday,22,15,12,urban,0.040650824618644894,16.3,70.0,0.0,18.7,2,13.536215,30.46,2025-07-11,Friday,2,18
3.0,Friday,15,15,11,sub-urban,0.042411420252870646,-0.3,99.0,0.0,13.2,2,19.866391,10.47,2025-07-18,Friday,2,14
3.0,Friday,3,28,11,urban,0.009588631370882367,3.8,100.0,17.0,30.4,2,11.957324,24.73,2025-07-18,Friday,2,14
3.0,Friday,16,14,1,urban,0.016254494023391852,5.6,100.0,50.0,11.9,2,69.527399,7.17,2025-07-18,Friday,2,14
3.0,Friday,18,1,3,urban,0.03919282118454289,1.6,99.0,12.0,6.8,2,22.275496,20.77,2025-07-18,Friday,2,14
3.0,Friday,3,11,12,urban,0.012054758958497232,2.3,100.0,32.0,7.3,2,48.048265,14.45,2025-07-18,Friday,2,14
3.0,Friday,4,23,2,urban,0.04113541653832703,-0.2,89.0,21.0,3.2,2,12.91362,7.26,2025-07-18,Friday,2,14
3.0,Friday,9,20,12,urban,0.03888218489795265,-2.7,65.0,16.0,11.6,2,20.086521,7.78,2025-07-18,Friday,2,14
3.0,Friday,22,10,12,urban,0.01780821383859799,-0.1,98.0,0.0,5.3,2,17.002834,11.58,2025-07-18,Friday,2,14
3.0,Friday,20,1,11,urban,0.032988864071409205,5.0,75.0,0.0,5.5,2,39.755924,11.3,2025-07-18,Friday,2,14
3.0,Friday,18,17,10,urban,0.0031557900804367106,4.3,60.0,170.0,12.2,2,6.905999,43.0,2025-07-18,Friday,2,14
3.0,Friday,18,24,9,urban,0.03484273728236261,11.3,100.0,0.0,11.4,2,12.772599,8.05,2025-07-18,Friday,2,14
3.0,Friday,17,20,10,urban,0.03766708998181837,3.5,97.0,47.0,7.8,2,24.490702,14.73,2025-07-18,Friday,2,14
3.0,Friday,11,4,12,urban,0.005340291336526451,17.4,98.0,22.0,6.2,2,43.570485,5.02,2025-07-18,Friday,2,14
3.0,Friday,6,10,3,urban,0.051131287399260254,-0.2,100.0,47.0,6.0,2,19.533746,17.0,2025-07-18,Friday,2,14
3.0,Friday,11,21,12,urban,0.01177866444255727,2.6,99.0,0.0,3.3,2,13.993325,4.81,2025-07-25,Friday,2,6
3.0,Friday,23,15,12,urban,0.034921714603163546,6.4,100.0,0.0,6.5,2,10.243847,8.2,2025-07-25,Friday,2,6
3.0,Friday,17,5,12,urban,0.03601110516864153,2.5,94.0,0.0,9.2,2,14.131204,7.22,2025-07-25,Friday,2,6
3.0,Friday,3,28,12,urban,0.03688654713864063,-3.0,99.0,0.0,9.1,2,21.531893,10.31,2025-07-25,Friday,2,6
3.0,Friday,18,4,9,urban,0.003849441836564287,11.9,93.0,33.0,17.8,2,14.939906,10.73,2025-07-25,Friday,2,6
3.0,Friday,16,13,12,urban,0.023784519709555495,-1.3,98.0,0.0,8.2,2,92.163204,28.56,2025-07-25,Friday,2,6
3.0,Friday,18,28,11,urban,0.043858489640349635,0.5,100.0,22.0,3.9,2,14.007204,18.4,2025-08-01,Friday,2,13
3.0,Friday,22,9,12,sub-urban,0.031187284773478683,1.6,100.0,1.0,5.6,2,9.187698,23.4,2025-08-01,Friday,2,13
3.0,Friday,22,29,12,urban,0.013843582736436676,-4.1,81.0,1.0,6.6,2,12.834859,12.33,2025-08-01,Friday,2,13
3.0,Friday,10,5,10,urban,0.0390304778548198,6.4,98.0,0.0,6.5,2,13.525603,9.69,2025-08-01,Friday,2,13
3.0,Friday,16,4,12,urban,0.035632927019178605,1.2,100.0,59.0,11.3,2,11.292275,7.85,2025-08-01,Friday,2,13
3.0,Friday,22,15,3,urban,0.036900378236887306,1.8,97.0,24.0,16.4,2,12.681689,10.97,2025-08-01,Friday,2,13
3.0,Friday,8,30,11,urban,0.03664266159837064,-6.0,97.0,102.0,4.7,2,45.939839,5.94,2025-08-01,Friday,2,13
3.0,Friday,4,5,12,urban,0.0364969681270552,0.7,98.0,0.0,17.0,2,8.561,11.01,2025-08-01,Friday,2,13
3.0,Friday,18,24,12,urban,0.03174867338882556,1.1,100.0,0.0,13.6,2,36.980803,31.53,2025-08-01,Friday,2,13
3.0,Friday,10,5,10,urban,0.008542970565800941,6.6,98.0,138.0,12.9,2,20.528716,13.58,2025-08-01,Friday,2,13
3.0,Friday,4,15,12,urban,0.017232444839810557,-0.0,71.0,56.0,4.1,2,21.388412,7.79,2025-08-01,Friday,2,13
3.0,Friday,19,15,12,urban,0.037462832182062894,5.4,100.0,13.0,19.1,2,18.006589,11.9,2025-08-01,Friday,2,13
3.0,Friday,4,11,12,urban,0.058751655760354585,1.7,99.0,0.0,17.4,2,14.713508,5.32,2025-08-01,Friday,2,13
3.0,Friday,18,1,3,urban,0.03718187326892628,-1.1,66.0,15.0,11.3,2,21.24064,11.65,2025-08-08,Friday,2,15
3.0,Friday,3,20,12,urban,0.010650830674765376,-8.7,99.0,2.0,4.5,2,25.945148,8.84,2025-08-08,Friday,2,15
3.0,Friday,11,24,12,urban,0.013864247281332367,0.2,98.0,0.0,17.5,2,16.456248,10.57,2025-08-08,Friday,2,15
3.0,Friday,16,9,12,urban,0.05380271078814305,-10.2,94.0,0.0,7.9,2,21.336599,20.4,2025-08-08,Friday,2,15
3.0,Friday,10,15,12,urban,0.01870223228708104,-3.6,98.0,1.0,12.6,2,44.191755,1.05,2025-08-08,Friday,2,15
3.0,Friday,16,13,12,urban,0.0451465081958106,5.3,84.0,0.0,14.9,2,8.902713,15.44,2025-08-08,Friday,2,15
3.0,Friday,20,8,11,urban,0.019863570044502118,2.3,100.0,0.0,3.6,2,11.100379,9.85,2025-08-08,Friday,2,15
3.0,Friday,3,19,12,urban,0.05077485463813475,-5.8,69.0,1.0,5.6,2,6.735892,8.78,2025-08-08,Friday,2,15
3.0,Friday,18,15,12,sub-urban,0.040740639759564795,-0.5,82.0,13.0,4.6,2,15.552053,12.55,2025-08-08,Friday,2,15
3.0,Friday,16,29,11,urban,0.06126543861223265,2.9,93.0,11.0,17.0,2,19.590792,2.19,2025-08-08,Friday,2,15
3.0,Friday,3,21,12,urban,0.01243685715938676,-1.5,99.0,16.0,3.1,2,10.319439,22.14,2025-08-08,Friday,2,15
3.0,Friday,15,27,1,urban,0.037626443400160976,2.8,100.0,15.0,16.6,2,20.825173,8.01,2025-08-08,Friday,2,15
3.0,Friday,3,13,10,urban,0.025658146393563085,2.1,99.0,0.0,16.0,2,3.537124,16.82,2025-08-08,Friday,2,15
3.0,Friday,15,1,12,urban,0.039471525993580635,5.0,98.0,11.0,27.7,2,27.582931,16.25,2025-08-08,Friday,2,15
3.0,Friday,17,10,12,urban,0.03985940410406272,1.7,68.0,138.0,7.8,2,12.015856,8.6,2025-08-08,Friday,2,15
3.0,Friday,8,16,2,urban,0.04213696870154013,1.3,100.0,0.0,8.1,2,21.431887,13.62,2025-08-15,Friday,2,13
3.0,Friday,16,15,11,urban,0.040047894270700414,-0.1,99.0,0.0,13.8,2,22.663831,10.66,2025-08-15,Friday,2,13
3.0,Friday,9,7,12,urban,0.03558579815392009,5.3,94.0,1.0,5.9,2,36.426217,15.97,2025-08-15,Friday,2,13
3.0,Friday,11,29,12,urban,0.030587942219923264,1.7,99.0,84.0,9.8,2,24.018073,12.95,2025-08-15,Friday,2,13
3.0,Friday,18,21,12,urban,0.036331153825359654,3.2,50.0,22.0,18.5,2,13.142347,1.59,2025-08-15,Friday,2,13
3.0,Friday,8,3,11,urban,0.027488329595417745,3.1,99.0,18.0,5.9,2,10.387931,24.53,2025-08-15,Friday,2,13
3.0,Friday,13,21,9,urban,0.017967335699799046,10.7,99.0,0.0,5.0,2,21.736893,5.19,2025-08-15,Friday,2,13
3.0,Friday,11,4,6,urban,0.0048555934883996186,9.6,42.0,184.0,6.6,2,17.661435,6.61,2025-08-15,Friday,2,13
3.0,Friday,22,30,12,urban,0.015298438676682834,-5.7,99.0,0.0,15.6,2,14.226976,21.5,2025-08-15,Friday,2,13
3.0,Friday,3,17,6,urban,0.034859007560536844,0.7,100.0,20.0,7.4,2,14.294836,4.58,2025-08-15,Friday,2,13
3.0,Friday,20,28,12,urban,0.03640514288941399,-0.2,96.0,0.0,9.8,2,35.606652,12.76,2025-08-15,Friday,2,13
3.0,Friday,18,21,12,urban,0.005151690805552325,4.3,100.0,0.0,7.7,2,19.196365,6.53,2025-08-15,Friday,2,13
3.0,Friday,19,9,12,urban,0.03316268966609957,-5.3,95.0,9.0,4.3,2,14.227298,9.5,2025-08-15,Friday,2,13
3.0,Friday,21,29,12,urban,0.04046966269264312,-0.1,70.0,18.0,9.8,2,20.901032,24.99,2025-08-22,Friday,2,19
3.0,Friday,17,3,3,urban,0.03814548405374709,-3.6,85.0,1.0,7.2,2,16.868481,8.84,2025-08-22,Friday,2,19
3.0,Friday,21,5,9,urban,0.034779085915604045,5.9,99.0,18.0,6.7,2,12.041349,7.92,2025-08-22,Friday,2,19
3.0,Friday,3,12,12,urban,0.06849752348817029,-2.9,79.0,20.0,15.4,2,12.097136,6.22,2025-08-22,Friday,2,19
3.0,Friday,11,29,12,urban,0.049895861179532396,3.9,99.0,19.0,5.9,2,15.717691,9.75,2025-08-22,Friday,2,19
3.0,Friday,22,8,12,urban,0.04622671775547653,1.9,97.0,0.0,7.3,2,14.242248,13.83,2025-08-22,Friday,2,19
3.0,Friday,15,10,12,urban,0.0196253320943571,0.7,99.0,0.0,5.9,2,2.943805,10.61,2025-08-22,Friday,2,19
3.0,Friday,8,12,11,urban,0.0356843082255828,2.4,78.0,60.0,16.0,2,19.188287,1.52,2025-08-22,Friday,2,19
3.0,Friday,15,31,11,urban,0.03984417168884233,-0.6,99.0,1.0,3.2,2,4.341064,5.19,2025-08-22,Friday,2,19
3.0,Friday,16,15,12,urban,0.046136172664844106,-0.9,100.0,0.0,13.9,2,42.939722,28.41,2025-08-22,Friday,2,19
3.0,Friday,17,15,12,urban,0.011915526808496571,1.1,98.0,16.0,16.4,2,14.784529,7.13,2025-08-22,Friday,2,19
3.0,Friday,18,9,12,urban,0.0455539852671845,-1.5,98.0,0.0,9.0,2,23.145244,10.69,2025-08-22,Friday,2,19
3.0,Friday,22,12,11,urban,0.03468018295601184,-5.6,98.0,0.0,8.4,2,21.113183,12.71,2025-08-22,Friday,2,19
3.0,Friday,13,29,12,urban,0.03859134063252542,3.9,98.0,22.0,12.9,2,20.611751,9.56,2025-08-22,Friday,2,19
3.0,Friday,21,27,12,urban,0.0028766994744339044,-0.4,98.0,154.0,16.1,2,14.374305,20.77,2025-08-22,Friday,2,19
3.0,Friday,3,20,12,urban,0.036916637908381185,1.9,98.0,0.0,10.4,2,21.49023,18.66,2025-08-22,Friday,2,19
3.0,Friday,0,7,12,urban,0.04078970526758275,11.1,54.0,2.0,8.6,2,67.591683,51.44,2025-08-22,Friday,2,19
3.0,Friday,10,8,12,urban,0.017110188288401725,1.3,100.0,1.0,14.6,2,9.421433,19.54,2025-08-22,Friday,2,19
3.0,Friday,14,18,11,urban,0.042646462702244044,-4.5,100.0,23.0,11.8,2,21.507269,14.57,2025-08-22,Friday,2,19
3.0,Friday,18,30,11,urban,0.05522137068843858,4.8,99.0,0.0,8.2,2,20.380288,22.13,2025-08-29,Friday,2,15
3.0,Friday,15,29,9,urban,0.03692031465337348,2.7,77.0,22.0,7.1,2,28.838582,1.4,2025-08-29,Friday,2,15
3.0,Friday,18,13,10,urban,0.03544971203517869,-0.7,98.0,0.0,5.2,2,6.131263,52.24,2025-08-29,Friday,2,15
3.0,Friday,20,8,12,sub-urban,0.043488393676245886,-4.8,59.0,1.0,10.1,2,40.696733,3.77,2025-08-29,Friday,2,15
3.0,Friday,7,7,12,urban,0.01598883002999313,-4.2,99.0,0.0,13.2,2,14.257021,6.86,2025-08-29,Friday,2,15
3.0,Friday,18,7,12,urban,0.04680632101809777,9.4,99.0,1.0,10.0,2,9.085335,24.93,2025-08-29,Friday,2,15
3.0,Friday,15,9,12,urban,0.024548744995388318,13.9,57.0,278.0,3.0,2,15.9492,8.03,2025-08-29,Friday,2,15
3.0,Friday,21,29,4,urban,0.03775852972921176,3.1,99.0,19.0,9.8,2,13.871692,28.4,2025-08-29,Friday,2,15
3.0,Friday,10,8,10,sub-urban,0.00035993719688467464,3.2,99.0,17.0,5.4,2,21.188562,13.6,2025-08-29,Friday,2,15
3.0,Friday,21,28,12,urban,0.016198374031337302,-1.0,98.0,0.0,2.0,2,10.860768,12.68,2025-08-29,Friday,2,15
3.0,Friday,13,21,12,urban,0.05059484101149646,1.9,100.0,1.0,8.0,2,10.639526,8.25,2025-08-29,Friday,2,15
3.0,Friday,3,29,12,urban,0.05292042418201175,6.4,71.0,0.0,3.0,2,8.721729,15.33,2025-08-29,Friday,2,15
3.0,Friday,12,3,1,urban,0.026758898547846223,0.4,99.0,0.0,17.1,2,33.505857,6.45,2025-08-29,Friday,2,15
3.0,Friday,3,13,12,urban,0.0438662213357684,3.3,93.0,0.0,18.9,2,3.566061,17.19,2025-08-29,Friday,2,15
3.0,Friday,22,20,9,urban,0.03560330101145568,12.2,70.0,24.0,4.8,2,15.197448,9.9,2025-08-29,Friday,2,15
3.0,Friday,11,3,4,urban,0.008130935896108166,7.8,31.0,468.0,16.9,2,51.903114,2.69,2025-09-05,Friday,2,8
3.0,Friday,16,24,9,urban,0.04311956017624149,-0.9,85.0,25.0,6.1,2,14.83749,9.47,2025-09-05,Friday,2,8
3.0,Friday,8,1,10,urban,0.05132710730416224,-2.0,100.0,1.0,6.2,2,22.260411,7.58,2025-09-05,Friday,2,8
3.0,Friday,3,26,9,urban,0.036987043101562166,3.5,99.0,20.0,17.7,2,3.23655,2.83,2025-09-05,Friday,2,8
3.0,Friday,3,13,12,urban,0.011450545756991512,2.8,100.0,1.0,16.7,2,18.274853,9.08,2025-09-05,Friday,2,8
3.0,Friday,4,16,12,urban,0.0034533447406981236,-1.6,99.0,1.0,16.8,2,32.582742,19.94,2025-09-05,Friday,2,8
3.0,Friday,3,30,4,urban,0.002497387861644269,-0.8,99.0,64.0,11.9,2,4.831836,4.48,2025-09-05,Friday,2,8
3.0,Friday,4,8,12,urban,0.00768407985245706,1.2,100.0,21.0,13.0,2,22.507547,3.1,2025-09-05,Friday,2,8
3.0,Friday,13,17,12,urban,0.048167530415061735,2.9,83.0,20.0,14.5,2,2.471682,8.97,2025-09-12,Friday,2,13
3.0,Friday,23,20,9,urban,0.04447078556608843,-5.2,93.0,1.0,6.2,2,2.348159,23.25,2025-09-12,Friday,2,13
3.0,Friday,15,15,10,urban,0.03328084906317727,5.2,97.0,24.0,14.0,2,14.786097,8.08,2025-09-12,Friday,2,13
3.0,Friday,19,9,12,urban,0.03052813170572968,0.7,99.0,0.0,17.7,2,15.869872,18.43,2025-09-12,Friday,2,13
3.0,Friday,18,15,12,urban,0.03272044926145573,2.8,98.0,0.0,15.4,2,10.03777,5.2,2025-09-12,Friday,2,13
3.0,Friday,18,13,12,urban,0.02176090990100421,2.6,80.0,27.0,21.6,2,11.757588,12.94,2025-09-12,Friday,2,13
3.0,Friday,18,23,12,urban,0.038672042583878234,-1.8,97.0,0.0,1.5,2,12.48292,18.23,2025-09-12,Friday,2,13
3.0,Friday,3,13,12,urban,0.017390907775077083,-8.1,99.0,0.0,5.0,2,14.245874,2.73,2025-09-12,Friday,2,13
3.0,Friday,3,10,12,urban,0.04559895896276761,2.9,99.0,1.0,18.1,2,21.193426,41.67,2025-09-12,Friday,2,13
3.0,Friday,4,13,12,urban,0.03932956875153838,2.0,98.0,6.0,16.2,2,17.306884,8.29,2025-09-12,Friday,2,13
3.0,Friday,4,21,12,urban,0.05343551492039018,-12.9,98.0,1.0,6.0,2,3.638871,6.87,2025-09-12,Friday,2,13
3.0,Friday,3,17,12,urban,0.03607152514701352,2.7,99.0,17.0,10.3,2,17.42841,11.11,2025-09-12,Friday,2,13
3.0,Friday,18,13,3,urban,0.05216697677713613,1.8,100.0,1.0,12.2,2,107.017444,4.16,2025-09-12,Friday,2,13
3.0,Friday,18,14,11,urban,0.01989741359222715,0.5,100.0,57.0,15.2,2,27.883571,32.77,2025-09-19,Friday,2,12
3.0,Friday,20,23,12,urban,0.03890226857662182,0.9,88.0,1.0,5.8,2,22.13297,6.66,2025-09-19,Friday,2,12
3.0,Friday,18,15,12,urban,0.03473755376989513,4.3,93.0,20.0,18.0,2,14.856162,5.9,2025-09-19,Friday,2,12
3.0,Friday,8,13,12,urban,0.03248719712307061,0.7,100.0,0.0,18.9,2,3.040477,4.85,2025-09-19,Friday,2,12
3.0,Friday,4,23,12,urban,0.016742727094447185,-0.6,100.0,0.0,9.2,2,8.658665,11.46,2025-09-19,Friday,2,12
3.0,Friday,23,12,12,urban,0.05055262995448468,-2.3,89.0,7.0,9.6,2,10.528412,12.5,2025-09-19,Friday,2,12
3.0,Friday,1,23,3,urban,0.04712928876698974,1.7,87.0,0.0,28.1,2,8.677103,3.93,2025-09-19,Friday,2,12
3.0,Friday,18,26,12,urban,0.05363936617896842,-4.9,99.0,18.0,6.2,2,22.193097,10.39,2025-09-19,Friday,2,12
3.0,Friday,23,15,12,urban,0.03873660714320388,-2.4,98.0,0.0,20.7,2,21.598671,8.74,2025-09-19,Friday,2,12
3.0,Friday,18,17,10,urban,0.015900782876311064,2.1,99.0,86.0,14.2,2,19.834078,6.93,2025-09-19,Friday,2,12
3.0,Friday,0,17,10,urban,0.035483548258909765,4.5,94.0,58.0,21.1,2,21.666439,9.96,2025-09-19,Friday,2,12
3.0,Friday,22,19,12,urban,0.004780980660059761,3.3,99.0,0.0,3.1,2,10.54313,11.7,2025-09-19,Friday,2,12
3.0,Saturday,11,25,3,urban,0.012869672371636257,4.2,99.0,111.0,16.9,2,19.072235,14.01,2025-06-28,Saturday,2,11
3.0,Saturday,15,18,11,urban,0.018517008098824863,-4.5,100.0,21.0,2.1,2,43.419788,24.3,2025-06-28,Saturday,2,11
3.0,Saturday,17,21,12,urban,0.0006219943152763786,10.3,100.0,20.0,7.6,2,17.800277,8.88,2025-06-28,Saturday,2,11
3.0,Saturday,16,30,12,urban,0.04742676785138885,-2.2,68.0,0.0,15.1,2,13.872203,27.66,2025-06-28,Saturday,2,11
3.0,Saturday,12,23,10,urban,0.024373567955254687,4.9,66.0,64.0,17.1,2,17.880247,6.47,2025-06-28,Saturday,2,11
3.0,Saturday,15,15,3,sub-urban,0.026075392124778735,0.4,100.0,23.0,18.2,2,37.340869,6.75,2025-06-28,Saturday,2,11
3.0,Saturday,15,1,11,urban,0.03554623166460765,4.2,99.0,1.0,10.3,2,8.998365,38.09,2025-06-28,Saturday,2,11
3.0,Saturday,12,2,10,urban,0.0393605145718615,-0.7,85.0,1.0,11.4,2,11.486733,8.24,2025-06-28,Saturday,2,11
3.0,Saturday,16,7,10,urban,0.03879773188081202,2.1,100.0,107.0,10.0,2,18.114454,8.6,2025-06-28,Saturday,2,11
3.0,Saturday,20,26,12,urban,0.05634770783803134,-2.6,99.0,17.0,8.9,2,12.906669,9.14,2025-06-28,Saturday,2,11
3.0,Saturday,12,4,11,urban,0.014107992537975535,6.1,99.0,0.0,14.6,2,20.429947,17.39,2025-06-28,Saturday,2,11
3.0,Saturday,12,23,3,urban,0.04858049932965082,10.3,69.0,191.0,12.1,2,21.074918,2.15,2025-07-05,Saturday,2,12
3.0,Saturday,16,28,11,urban,0.00323265867647567,0.5,73.0,0.0,5.1,2,20.971629,16.37,2025-07-05,Saturday,2,12
3.0,Saturday,18,13,11,urban,0.03939991503516972,0.8,100.0,0.0,7.5,2,21.503722,16.3,2025-07-05,Saturday,2,12
3.0,Saturday,19,18,12,urban,0.0263968659137737,2.9,99.0,0.0,16.0,2,15.168083,14.04,2025-07-05,Saturday,2,12
3.0,Saturday,5,11,12,urban,0.0008671067903303887,2.5,66.0,0.0,2.6,2,7.549311,14.82,2025-07-05,Saturday,2,12
3.0,Saturday,3,8,12,urban,0.03795371440736331,14.4,73.0,18.0,4.6,2,21.094541,33.69,2025-07-05,Saturday,2,12
3.0,Saturday,23,14,11,urban,0.03898310837343998,2.4,88.0,17.0,9.1,2,10.394327,2.91,2025-07-05,Saturday,2,12
3.0,Saturday,12,17,12,urban,0.01696358469147084,0.7,73.0,1.0,13.5,2,11.898221,17.45,2025-07-05,Saturday,2,12
3.0,Saturday,6,16,6,urban,0.03653338812912139,11.3,98.0,0.0,11.7,2,6.194893,2.36,2025-07-05,Saturday,2,12
3.0,Saturday,8,16,12,urban,0.03730336002080529,1.1,76.0,1.0,19.4,2,16.875538,8.22,2025-07-05,Saturday,2,12
3.0,Saturday,15,28,11,urban,0.012836123907147787,3.6,100.0,18.0,2.9,2,18.643663,35.13,2025-07-05,Saturday,2,12
3.0,Saturday,10,30,9,urban,0.04941530905928394,1.4,99.0,1.0,17.5,2,50.910382,23.55,2025-07-05,Saturday,2,12
3.0,Saturday,15,10,11,urban,0.038547676558607406,-5.7,81.0,21.0,7.1,2,14.592053,15.23,2025-07-12,Saturday,2,14
3.0,Saturday,13,8,3,urban,0.034593443404271146,-2.8,77.0,19.0,11.5,2,13.850787,14.59,2025-07-12,Saturday,2,14
3.0,Saturday,22,3,10,urban,0.02307551646161311,6.8,99.0,1.0,4.9,2,7.957101,12.13,2025-07-12,Saturday,2,14
3.0,Saturday,15,19,11,urban,0.005844638977012781,2.3,100.0,0.0,5.8,2,25.750142,10.0,2025-07-12,Saturday,2,14
3.0,Saturday,12,29,10,urban,0.01277848680287854,0.5,99.0,61.0,16.1,2,18.756485,11.02,2025-07-12,Saturday,2,14
3.0,Saturday,4,13,11,urban,0.036199311936743486,2.5,98.0,1.0,5.1,2,36.427556,6.24,2025-07-12,Saturday,2,14
3.0,Saturday,21,27,9,urban,0.013222155088294184,10.1,99.0,30.0,18.0,2,16.312296,3.4,2025-07-12,Saturday,2,14
3.0,Saturday,20,9,9,urban,0.05069924838223193,11.6,99.0,15.0,9.4,2,10.075458,51.81,2025-07-12,Saturday,2,14
3.0,Saturday,15,26,11,urban,0.012789977675994983,0.8,100.0,0.0,17.6,2,19.90231,10.34,2025-07-12,Saturday,2,14
3.0,Saturday,14,15,12,urban,0.04059290145980707,-1.5,98.0,0.0,10.6,2,15.965377,13.15,2025-07-12,Saturday,2,14
3.0,Saturday,12,12,12,urban,0.04713946624540409,2.0,100.0,23.0,16.9,2,12.01744,2.18,2025-07-12,Saturday,2,14
3.0,Saturday,17,25,5,urban,0.053283894642834236,18.5,94.0,53.0,6.7,2,15.776163,2.26,2025-07-12,Saturday,2,14
3.0,Saturday,20,8,9,urban,0.03079150649272693,18.8,57.0,19.0,18.8,2,16.847475,11.86,2025-07-12,Saturday,2,14
3.0,Saturday,16,3,9,urban,0.017697925766698305,12.0,83.0,21.0,4.7,2,37.184453,15.89,2025-07-12,Saturday,2,14
3.0,Saturday,19,14,11,urban,0.049169328440906726,-1.7,97.0,1.0,17.8,2,68.463803,1.83,2025-07-19,Saturday,2,19
3.0,Saturday,18,15,9,urban,0.047981214179352444,7.5,93.0,20.0,3.4,2,15.298052,24.56,2025-07-19,Saturday,2,19
3.0,Saturday,7,5,9,urban,0.01326230261660974,13.2,73.0,52.0,8.9,2,9.616044,9.91,2025-07-19,Saturday,2,19
3.0,Saturday,16,6,12,sub-urban,0.05461806305958144,1.2,78.0,1.0,16.6,2,36.092606,9.98,2025-07-19,Saturday,2,19
3.0,Saturday,15,13,12,urban,0.024670936101279933,2.3,100.0,15.0,2.2,2,87.791262,2.27,2025-07-19,Saturday,2,19
3.0,Saturday,16,15,12,urban,0.03608664301501868,1.4,85.0,0.0,21.7,2,14.067232,29.5,2025-07-19,Saturday,2,19
3.0,Saturday,12,13,12,urban,0.016979664214499385,1.1,82.0,0.0,13.9,2,5.721824,2.42,2025-07-19,Saturday,2,19
3.0,Saturday,10,15,10,urban,0.03656840203238424,2.1,100.0,2.0,15.8,2,11.186675,8.7,2025-07-19,Saturday,2,19
3.0,Saturday,22,15,12,urban,0.03416631784905937,1.4,97.0,0.0,4.9,2,16.632268,20.97,2025-07-19,Saturday,2,19
3.0,Saturday,11,21,3,urban,0.020584429786891727,3.1,100.0,18.0,13.0,2,17.457637,7.24,2025-07-19,Saturday,2,19
3.0,Saturday,11,29,10,urban,0.05423735965357735,0.8,85.0,0.0,7.9,2,22.124336,6.74,2025-07-19,Saturday,2,19
3.0,Saturday,11,15,12,urban,0.008267786000535729,3.6,99.0,0.0,26.2,2,19.364542,8.1,2025-07-19,Saturday,2,19
3.0,Saturday,8,23,4,urban,0.038253275799672276,11.6,73.0,19.0,6.3,2,7.57746,49.88,2025-07-19,Saturday,2,19
3.0,Saturday,16,1,12,urban,0.051071693286831116,-0.6,99.0,0.0,5.0,2,43.310718,6.15,2025-07-19,Saturday,2,19
3.0,Saturday,15,15,12,urban,0.03631776840306616,1.7,99.0,23.0,11.0,2,18.806702,13.02,2025-07-19,Saturday,2,19
3.0,Saturday,8,19,12,urban,0.04195472048570596,2.7,99.0,1.0,4.9,2,4.252295,9.64,2025-07-19,Saturday,2,19
3.0,Saturday,4,26,12,urban,0.032486570456201666,0.0,56.0,0.0,21.0,2,13.570561,36.47,2025-07-19,Saturday,2,19
3.0,Saturday,12,11,4,urban,0.018059896942607713,5.6,98.0,223.0,17.4,2,2.335704,43.67,2025-07-19,Saturday,2,19
3.0,Saturday,8,23,1,urban,0.03907850247320401,-1.9,100.0,21.0,19.0,2,19.145724,28.08,2025-07-19,Saturday,2,19
3.0,Saturday,0,8,6,urban,0.03579327190599236,4.4,73.0,54.0,13.4,2,20.677388,3.35,2025-07-26,Saturday,2,14
3.0,Saturday,9,23,3,urban,0.039704760073771724,10.1,77.0,14.0,5.9,2,2.555234,13.16,2025-07-26,Saturday,2,14
3.0,Saturday,9,15,9,urban,0.036474042230880944,-0.3,100.0,0.0,14.9,2,16.556529,3.9,2025-07-26,Saturday,2,14
3.0,Saturday,15,27,10,urban,0.0363653648207631,0.0,100.0,1.0,7.1,2,13.753819,4.81,2025-07-26,Saturday,2,14
3.0,Saturday,7,17,12,urban,0.03900717555428987,-0.5,99.0,0.0,14.7,2,13.044464,15.16,2025-07-26,Saturday,2,14
3.0,Saturday,5,8,9,urban,0.008845467142401022,10.6,100.0,252.0,6.9,2,21.885314,36.92,2025-07-26,Saturday,2,14
3.0,Saturday,14,25,10,urban,0.036954982677443314,1.4,100.0,63.0,19.3,2,20.450868,11.69,2025-07-26,Saturday,2,14
3.0,Saturday,18,6,12,urban,0.040653599363484116,2.0,72.0,50.0,5.7,2,21.786267,19.22,2025-07-26,Saturday,2,14
3.0,Saturday,18,13,12,urban,0.04711298740128479,3.1,97.0,11.0,9.1,2,20.31198,6.33,2025-07-26,Saturday,2,14
3.0,Saturday,0,6,12,urban,0.04344536120605387,-2.3,100.0,0.0,5.8,2,18.098873,7.79,2025-07-26,Saturday,2,14
3.0,Saturday,9,13,12,urban,0.014999892659863429,-2.9,99.0,0.0,13.5,2,38.089376,11.96,2025-07-26,Saturday,2,14
3.0,Saturday,4,15,12,urban,0.015041438921789666,-0.1,99.0,0.0,29.5,2,30.31326,4.72,2025-07-26,Saturday,2,14
3.0,Saturday,0,29,12,urban,0.01060743994771486,1.8,100.0,0.0,24.4,2,14.509566,9.48,2025-07-26,Saturday,2,14
3.0,Saturday,18,11,11,urban,0.05327734818475839,-3.7,83.0,37.0,6.3,2,15.959851,9.57,2025-07-26,Saturday,2,14
3.0,Saturday,22,15,12,urban,0.013421326910076201,-0.5,99.0,20.0,12.3,2,2.162041,7.82,2025-08-02,Saturday,2,13
3.0,Saturday,22,17,12,urban,0.03648546481091415,1.9,99.0,0.0,8.7,2,4.457141,14.25,2025-08-02,Saturday,2,13
3.0,Saturday,22,23,12,urban,0.03606081971172739,2.5,99.0,0.0,8.8,2,7.675875,22.18,2025-08-02,Saturday,2,13
3.0,Saturday,4,5,3,urban,-0.0001655235201535911,1.2,45.0,128.0,6.2,2,7.325205,8.97,2025-08-02,Saturday,2,13
3.0,Saturday,4,13,12,urban,0.03813501102062107,3.5,87.0,0.0,8.0,2,13.572994,15.25,2025-08-02,Saturday,2,13
3.0,Saturday,23,11,12,urban,0.029791659966669725,1.6,99.0,0.0,11.5,2,18.172112,26.52,2025-08-02,Saturday,2,13
3.0,Saturday,21,7,9,urban,0.03500350846581199,10.2,75.0,1.0,19.2,2,14.275806,5.37,2025-08-02,Saturday,2,13
3.0,Saturday,15,11,12,urban,0.03828983153517633,0.2,98.0,39.0,4.0,2,14.086255,11.1,2025-08-02,Saturday,2,13
3.0,Saturday,16,13,11,urban,0.01652105494309419,-1.4,100.0,25.0,6.0,2,68.367339,22.71,2025-08-02,Saturday,2,13
3.0,Saturday,0,7,8,urban,0.034040566505187435,16.1,99.0,56.0,2.7,2,7.280472,19.8,2025-08-02,Saturday,2,13
3.0,Saturday,10,10,12,urban,0.049016390532670075,0.8,97.0,18.0,16.0,2,10.639519,13.13,2025-08-02,Saturday,2,13
3.0,Saturday,13,25,11,urban,0.0078111788597770085,12.4,77.0,58.0,15.4,2,20.306141,4.14,2025-08-02,Saturday,2,13
3.0,Saturday,11,26,12,urban,0.03467279842959403,2.4,98.0,0.0,12.6,2,19.228424,5.29,2025-08-02,Saturday,2,13
3.0,Saturday,9,10,12,urban,0.0335417454426112,0.0,100.0,17.0,6.6,2,19.170793,3.76,2025-08-09,Saturday,2,6
3.0,Saturday,11,13,12,urban,0.0034614502480599767,5.0,100.0,0.0,5.9,2,12.378083,4.61,2025-08-09,Saturday,2,6
3.0,Saturday,15,24,11,urban,0.009725747146127638,3.7,99.0,1.0,14.8,2,3.956785,5.71,2025-08-09,Saturday,2,6
3.0,Saturday,13,12,11,urban,0.0006269399493301665,0.9,100.0,132.0,7.1,2,18.621982,14.6,2025-08-09,Saturday,2,6
3.0,Saturday,15,5,10,urban,0.03872674755323815,-2.5,72.0,0.0,5.9,2,16.818649,12.7,2025-08-09,Saturday,2,6
3.0,Saturday,16,21,1,urban,0.03839715464454789,0.6,81.0,0.0,19.9,2,19.388252,10.51,2025-08-09,Saturday,2,6
3.0,Saturday,4,8,11,urban,0.0197956442217483,6.1,99.0,0.0,1.0,2,19.481782,10.91,2025-08-16,Saturday,2,13
3.0,Saturday,12,11,12,urban,0.03880296526259941,2.7,98.0,0.0,16.0,2,48.035378,5.43,2025-08-16,Saturday,2,13
3.0,Saturday,19,1,12,urban,0.028643380886183692,4.8,98.0,0.0,6.3,2,28.029639,16.58,2025-08-16,Saturday,2,13
3.0,Saturday,18,8,12,urban,0.020003918255635217,6.4,99.0,0.0,9.5,2,12.339803,6.56,2025-08-16,Saturday,2,13
3.0,Saturday,3,20,12,urban,0.050111423215173305,2.6,100.0,0.0,10.0,2,9.339511,16.14,2025-08-16,Saturday,2,13
3.0,Saturday,22,6,12,urban,0.0001534649354395408,-0.4,100.0,0.0,5.8,2,11.587542,32.71,2025-08-16,Saturday,2,13
3.0,Saturday,20,16,12,urban,0.03212614130582166,13.8,80.0,28.0,12.5,2,45.212241,26.31,2025-08-16,Saturday,2,13
3.0,Saturday,7,15,11,urban,0.03699847159979125,1.0,100.0,0.0,16.5,2,44.84764,9.31,2025-08-16,Saturday,2,13
3.0,Saturday,18,13,12,urban,0.04966469894421361,-5.4,99.0,0.0,6.7,2,2.0,12.17,2025-08-16,Saturday,2,13
3.0,Saturday,8,26,12,sub-urban,0.044313892949144965,-5.9,81.0,16.0,3.0,2,15.863177,8.59,2025-08-16,Saturday,2,13
3.0,Saturday,22,13,12,urban,0.0477775252011168,0.5,98.0,0.0,7.2,2,21.770264,4.15,2025-08-16,Saturday,2,13
3.0,Saturday,14,21,12,urban,0.015182031871931137,1.8,98.0,0.0,5.9,2,19.947211,11.92,2025-08-16,Saturday,2,13
3.0,Saturday,15,3,11,urban,0.0418118352509922,-4.8,99.0,27.0,4.1,2,3.712579,4.46,2025-08-16,Saturday,2,13
3.0,Saturday,15,27,1,urban,0.03575626063796247,1.6,53.0,0.0,18.2,2,10.884528,14.78,2025-08-23,Saturday,2,11
3.0,Saturday,15,3,9,urban,0.024419919937242945,17.0,99.0,23.0,16.9,2,11.423016,3.71,2025-08-23,Saturday,2,11
3.0,Saturday,9,10,12,urban,0.040073067311637935,-2.7,100.0,0.0,7.1,2,17.880161,17.78,2025-08-23,Saturday,2,11
3.0,Saturday,5,6,12,urban,0.017414259208001912,1.2,91.0,0.0,14.9,2,8.994722,11.38,2025-08-23,Saturday,2,11
3.0,Saturday,15,1,9,urban,0.03133286807208258,6.2,98.0,28.0,10.4,2,10.94311,3.02,2025-08-23,Saturday,2,11
3.0,Saturday,4,5,12,urban,0.04021008539941033,-4.1,94.0,0.0,6.8,2,15.532369,14.73,2025-08-23,Saturday,2,11
3.0,Saturday,10,27,12,urban,0.03361821033083177,4.4,100.0,11.0,15.1,2,43.156892,5.7,2025-08-23,Saturday,2,11
3.0,Saturday,19,13,10,urban,0.0028670455513780486,1.1,72.0,0.0,6.9,2,20.729869,14.29,2025-08-23,Saturday,2,11
3.0,Saturday,20,19,1,urban,0.04462392528472955,3.5,75.0,4.0,16.7,2,44.819969,15.47,2025-08-23,Saturday,2,11
3.0,Saturday,3,29,12,urban,0.05143613173369453,-0.3,99.0,0.0,6.2,2,18.47455,27.46,2025-08-23,Saturday,2,11
3.0,Saturday,22,26,2,urban,0.030241058759288196,0.2,97.0,18.0,6.9,2,8.803905,5.97,2025-08-23,Saturday,2,11
3.0,Saturday,20,16,9,urban,0.03408947534648816,16.7,56.0,242.0,5.3,2,6.319019,5.93,2025-08-30,Saturday,2,10
3.0,Saturday,16,24,12,urban,0.02087719551549157,-0.7,100.0,19.0,2.2,2,17.064167,9.66,2025-08-30,Saturday,2,10
3.0,Saturday,12,11,12,urban,0.04026921284257878,-0.8,60.0,0.0,8.4,2,8.577476,19.87,2025-08-30,Saturday,2,10
3.0,Saturday,21,23,8,sub-urban,0.00607108388759095,15.5,77.0,295.0,8.9,2,18.973283,7.13,2025-08-30,Saturday,2,10
3.0,Saturday,10,16,11,urban,0.022298209360031677,7.4,53.0,1.0,10.4,2,22.630894,9.47,2025-08-30,Saturday,2,10
3.0,Saturday,12,8,12,sub-urban,0.048049171827537776,-2.8,94.0,0.0,7.7,2,17.109304,12.47,2025-08-30,Saturday,2,10
3.0,Saturday,15,3,12,urban,0.026047575511528198,3.3,84.0,58.0,13.6,2,20.192281,25.68,2025-08-30,Saturday,2,10
3.0,Saturday,22,19,6,urban,0.0019355630279541693,10.4,100.0,23.0,9.4,2,8.188569,8.55,2025-08-30,Saturday,2,10
3.0,Saturday,12,23,12,urban,0.04795198286564256,13.7,100.0,45.0,20.9,2,20.391124,39.31,2025-08-30,Saturday,2,10
3.0,Saturday,15,15,12,urban,0.043598934463574976,-0.4,90.0,0.0,12.0,2,2.165592,0.9,2025-08-30,Saturday,2,10
3.0,Saturday,9,10,12,urban,0.03312518031581631,4.1,98.0,0.0,20.1,2,16.156485,3.87,2025-09-06,Saturday,2,16
3.0,Saturday,21,12,11,urban,0.03581700518923001,14.3,99.0,0.0,12.6,2,7.71953,10.42,2025-09-06,Saturday,2,16
3.0,Saturday,16,17,9,urban,0.0019824927508134906,12.4,97.0,62.0,15.2,2,12.571554,13.06,2025-09-06,Saturday,2,16
3.0,Saturday,22,10,12,urban,0.010496999087502398,0.2,98.0,0.0,13.5,2,37.982229,11.66,2025-09-06,Saturday,2,16
3.0,Saturday,5,17,12,urban,0.010834682466144675,1.8,97.0,0.0,6.1,2,16.976538,6.27,2025-09-06,Saturday,2,16
3.0,Saturday,18,11,2,urban,0.03738643445731081,-2.7,75.0,68.0,3.7,2,10.956361,13.61,2025-09-06,Saturday,2,16
3.0,Saturday,15,15,12,urban,0.03461207371818064,3.2,100.0,17.0,13.7,2,15.802327,6.99,2025-09-06,Saturday,2,16
3.0,Saturday,18,20,10,urban,0.03871847646577842,2.8,98.0,1.0,6.4,2,7.748773,23.4,2025-09-06,Saturday,2,16
3.0,Saturday,15,20,11,urban,0.03977043747844278,4.6,100.0,0.0,15.6,2,23.802756,18.95,2025-09-06,Saturday,2,16
3.0,Saturday,20,4,12,urban,0.04594919311514425,-0.6,69.0,1.0,18.0,2,23.845162,8.33,2025-09-06,Saturday,2,16
3.0,Saturday,17,23,10,sub-urban,0.0039715938372221725,-1.5,100.0,0.0,5.4,2,41.627432,21.77,2025-09-06,Saturday,2,16
3.0,Saturday,22,15,10,urban,0.03627595064286744,-3.9,87.0,0.0,6.2,2,10.13527,19.86,2025-09-06,Saturday,2,16
3.0,Saturday,11,30,12,urban,0.010303199889114115,1.0,100.0,0.0,11.1,2,18.199769,7.26,2025-09-06,Saturday,2,16
3.0,Saturday,22,11,12,urban,0.04538540671848092,-3.1,97.0,0.0,4.7,2,23.020387,4.88,2025-09-06,Saturday,2,16
3.0,Saturday,21,23,12,sub-urban,0.034409507255984295,-0.3,100.0,0.0,10.9,2,18.390201,6.84,2025-09-06,Saturday,2,16
3.0,Saturday,18,18,9,urban,0.018741642326672973,8.7,100.0,2.0,6.9,2,24.13605,15.48,2025-09-06,Saturday,2,16
3.0,Saturday,9,29,12,urban,0.04087962075641019,3.3,94.0,0.0,15.7,2,13.550501,8.73,2025-09-13,Saturday,2,10
3.0,Saturday,22,2,10,urban,0.04746535604519456,11.9,98.0,0.0,8.7,2,21.523511,20.55,2025-09-13,Saturday,2,10
3.0,Saturday,0,6,12,urban,0.012158693165862286,3.7,99.0,20.0,6.0,2,12.805603,23.99,2025-09-13,Saturday,2,10
3.0,Saturday,16,26,12,urban,0.06374580578996718,-4.5,96.0,0.0,14.7,2,16.819374,10.61,2025-09-13,Saturday,2,10
3.0,Saturday,15,1,3,urban,0.03917702024218215,-2.8,82.0,0.0,6.8,2,11.549437,9.09,2025-09-13,Saturday,2,10
3.0,Saturday,4,25,12,urban,0.032935017764400824,1.2,98.0,0.0,10.6,2,15.032801,1.95,2025-09-13,Saturday,2,10
3.0,Saturday,20,23,2,urban,0.03589379612653975,-1.3,100.0,0.0,5.6,2,14.160049,11.91,2025-09-13,Saturday,2,10
3.0,Saturday,20,10,12,urban,0.0422160587301358,1.9,95.0,0.0,7.1,2,12.659077,4.22,2025-09-13,Saturday,2,10
3.0,Saturday,23,8,3,urban,0.03402378025015239,1.3,99.0,0.0,6.4,2,20.177958,20.26,2025-09-13,Saturday,2,10
3.0,Saturday,23,3,12,urban,0.04861442955994367,1.9,98.0,0.0,4.9,2,14.501003,12.5,2025-09-13,Saturday,2,10
3.0,Saturday,18,27,12,urban,0.05011614186987433,-3.5,99.0,1.0,15.6,2,18.308102,23.32,2025-09-20,Saturday,2,15
3.0,Saturday,15,3,12,urban,0.00896882045612018,1.3,99.0,1.0,22.9,2,14.112189,20.65,2025-09-20,Saturday,2,15
3.0,Saturday,16,13,12,urban,0.05804485602008361,-2.1,100.0,47.0,15.4,2,20.126665,6.89,2025-09-20,Saturday,2,15
3.0,Saturday,10,8,7,urban,0.04110181030239509,2.5,85.0,0.0,5.7,2,8.941191,8.33,2025-09-20,Saturday,2,15
3.0,Saturday,13,25,12,urban,0.052280519799394104,-8.4,100.0,15.0,6.8,2,18.881155,3.28,2025-09-20,Saturday,2,15
3.0,Saturday,18,22,10,urban,0.016128359201303757,6.9,77.0,17.0,6.6,2,7.099657,23.19,2025-09-20,Saturday,2,15
3.0,Saturday,12,14,12,urban,0.041590649086373534,-10.5,80.0,0.0,5.1,2,16.662773,13.06,2025-09-20,Saturday,2,15
3.0,Saturday,19,21,12,urban,0.04432958042079437,0.9,99.0,0.0,16.9,2,21.448193,26.15,2025-09-20,Saturday,2,15
3.0,Saturday,16,6,12,urban,0.012408263952904702,2.7,100.0,0.0,14.6,2,7.633975,21.01,2025-09-20,Saturday,2,15
3.0,Saturday,22,1,12,urban,0.03618228960067548,15.9,99.0,15.0,14.5,2,13.320059,12.69,2025-09-20,Saturday,2,15
3.0,Saturday,21,20,10,sub-urban,0.029533732888532567,6.0,99.0,17.0,4.3,2,12.896518,1.12,2025-09-20,Saturday,2,15
3.0,Saturday,12,15,12,urban,0.024324696076006888,-0.1,98.0,17.0,9.3,2,43.02025,7.89,2025-09-20,Saturday,2,15
3.0,Saturday,4,7,12,urban,0.034474397051839495,-11.2,85.0,0.0,9.2,2,17.878045,9.76,2025-09-20,Saturday,2,15
3.0,Saturday,13,7,11,urban,0.04190296281797203,-0.4,96.0,1.0,7.7,2,13.191767,11.74,2025-09-20,Saturday,2,15
3.0,Saturday,23,26,12,urban,0.03506419887485307,2.3,86.0,0.0,6.5,2,22.271017,12.88,2025-09-20,Saturday,2,15
3.0,Mon-Th,15,28,1,urban,0.012974209670589144,1.5,99.0,19.0,16.2,3,6.932594,5.75,2025-09-23,Mon-Th,3,17
3.0,Mon-Th,14,10,3,urban,0.04472988214199131,1.3,99.0,0.0,2.7,3,8.235716,14.72,2025-09-23,Mon-Th,3,17
3.0,Mon-Th,9,15,3,urban,0.01893401242288979,3.5,58.0,11.0,6.5,3,18.234417,28.9,2025-09-23,Mon-Th,3,17
3.0,Mon-Th,15,4,1,urban,0.040943165577773784,3.6,44.0,11.0,17.2,3,16.091126,12.55,2025-09-23,Mon-Th,3,17
3.0,Mon-Th,15,15,12,urban,0.020583144907097752,-1.5,98.0,0.0,4.9,3,2.004542,7.98,2025-09-23,Mon-Th,3,17
3.0,Mon-Th,4,27,11,urban,0.023204778913971956,2.0,80.0,0.0,18.9,3,39.353421,11.53,2025-09-23,Mon-Th,3,17
3.0,Mon-Th,0,11,3,urban,0.02604961500326466,14.9,81.0,24.0,18.9,3,7.618021,14.12,2025-09-23,Mon-Th,3,17
3.0,Mon-Th,16,13,3,urban,0.03861798157670104,2.7,85.0,19.0,29.0,3,2.0,7.77,2025-09-23,Mon-Th,3,17
3.0,Mon-Th,21,25,1,urban,0.038835200016181265,5.2,66.0,0.0,15.5,3,16.147659,13.57,2025-09-23,Mon-Th,3,17
3.0,Mon-Th,22,18,12,urban,0.0037239390526328728,-0.7,99.0,0.0,4.8,3,12.371253,4.64,2025-09-23,Mon-Th,3,17
3.0,Mon-Th,21,1,3,urban,0.03899366088801401,-9.9,54.0,18.0,21.9,3,4.315295,12.23,2025-09-23,Mon-Th,3,17
3.0,Mon-Th,14,31,1,urban,0.020734005043047416,3.8,78.0,16.0,5.9,3,23.605658,7.43,2025-09-23,Mon-Th,3,17
3.0,Mon-Th,18,24,3,urban,0.036427566750333665,0.2,100.0,317.0,17.5,3,17.084266,11.58,2025-09-23,Mon-Th,3,17
3.0,Mon-Th,16,3,1,urban,0.02477151703234067,2.5,67.0,15.0,12.3,3,2.781454,7.3,2025-09-23,Mon-Th,3,17
3.0,Mon-Th,11,30,1,urban,0.009003422195293913,1.1,99.0,0.0,13.8,3,10.879185,26.71,2025-09-23,Mon-Th,3,17
3.0,Mon-Th,16,19,1,urban,0.025727715936056942,1.2,60.0,22.0,15.9,3,37.057819,24.65,2025-09-23,Mon-Th,3,17
3.0,Mon-Th,19,12,2,urban,0.03811678515885975,6.6,84.0,15.0,12.9,3,12.827556,5.73,2025-09-23,Mon-Th,3,17
3.0,Mon-Th,16,14,1,urban,0.042016658504544696,4.2,69.0,19.0,13.4,3,2.510102,26.74,2025-09-24,Mon-Th,3,28
3.0,Mon-Th,19,10,1,urban,0.011291636713718368,2.0,99.0,18.0,15.8,3,3.241488,33.16,2025-09-24,Mon-Th,3,28
3.0,Mon-Th,15,5,2,urban,0.0523118193094691,-13.5,98.0,1.0,7.2,3,3.071275,4.42,2025-09-24,Mon-Th,3,28
3.0,Mon-Th,16,6,2,urban,0.03373892267365057,1.4,76.0,0.0,6.1,3,74.206665,9.97,2025-09-24,Mon-Th,3,28
3.0,Mon-Th,7,21,3,urban,0.027736622771052898,2.8,100.0,18.0,4.6,3,3.166934,6.1,2025-09-24,Mon-Th,3,28
3.0,Mon-Th,15,9,1,urban,0.029671134785327485,3.6,63.0,134.0,15.9,3,13.247315,5.55,2025-09-24,Mon-Th,3,28
3.0,Mon-Th,22,12,12,urban,0.051507219324938895,2.2,98.0,0.0,18.5,3,6.841181,24.84,2025-09-24,Mon-Th,3,28
3.0,Mon-Th,22,21,2,urban,0.005446457203498099,-0.0,100.0,0.0,13.5,3,6.813105,7.55,2025-09-24,Mon-Th,3,28
3.0,Mon-Th,23,7,10,urban,0.012175679362808004,-5.2,99.0,1.0,14.9,3,13.802376,15.86,2025-09-24,Mon-Th,3,28
3.0,Mon-Th,4,9,12,urban,0.025567304038101937,2.6,99.0,128.0,10.8,3,18.513335,16.52,2025-09-24,Mon-Th,3,28
3.0,Mon-Th,22,11,12,urban,0.02805450695138132,1.2,58.0,0.0,7.0,3,18.004221,8.24,2025-09-24,Mon-Th,3,28
3.0,Mon-Th,6,18,9,urban,0.03742331013248806,2.0,99.0,20.0,14.5,3,11.037818,14.22,2025-09-24,Mon-Th,3,28
3.0,Mon-Th,3,4,12,urban,0.023874346041330808,0.4,100.0,0.0,15.9,3,14.34064,30.8,2025-09-24,Mon-Th,3,28
3.0,Mon-Th,19,21,2,urban,0.03038472877653836,1.1,63.0,0.0,11.1,3,9.534813,6.28,2025-09-24,Mon-Th,3,28
3.0,Mon-Th,22,13,3,urban,0.016107119696470773,-0.3,100.0,0.0,5.1,3,7.333318,14.28,2025-09-24,Mon-Th,3,28
3.0,Mon-Th,22,30,2,urban,0.005792293538905164,1.8,98.0,31.0,28.4,3,39.505387,7.07,2025-09-24,Mon-Th,3,28
3.0,Mon-Th,21,24,2,urban,0.051467973817889014,2.8,85.0,0.0,10.0,3,12.626153,7.49,2025-09-24,Mon-Th,3,28
3.0,Mon-Th,4,2,1,urban,0.01804234364587608,-0.8,90.0,20.0,14.9,3,14.388216,30.36,2025-09-24,Mon-Th,3,28
3.0,Mon-Th,22,24,3,urban,0.03711984692299356,0.3,99.0,13.0,5.4,3,13.534344,31.45,2025-09-24,Mon-Th,3,28
3.0,Mon-Th,20,29,1,urban,0.03748162123443255,3.7,52.0,14.0,6.8,3,16.188043,9.05,2025-09-24,Mon-Th,3,28
3.0,Mon-Th,4,23,1,urban,0.008927032326261615,3.5,63.0,18.0,13.0,3,2.0,8.67,2025-09-24,Mon-Th,3,28
3.0,Mon-Th,18,25,3,urban,0.04356460070764755,1.9,58.0,19.0,9.9,3,3.219875,5.44,2025-09-24,Mon-Th,3,28
3.0,Mon-Th,19,3,3,urban,0.041638369445042255,4.0,60.0,29.0,18.4,3,3.116282,11.52,2025-09-24,Mon-Th,3,28
3.0,Mon-Th,15,15,1,urban,0.014541888884206435,4.5,99.0,13.0,15.3,3,12.23916,18.49,2025-09-24,Mon-Th,3,28
3.0,Mon-Th,15,5,1,urban,0.01834133282724092,0.2,100.0,214.0,15.5,3,90.170546,10.04,2025-09-24,Mon-Th,3,28
3.0,Mon-Th,22,16,1,urban,0.01652235884803606,0.1,100.0,21.0,9.8,3,4.652676,7.81,2025-09-24,Mon-Th,3,28
3.0,Mon-Th,21,21,3,urban,0.04576188890258455,2.4,92.0,21.0,15.2,3,8.404538,4.63,2025-09-24,Mon-Th,3,28
3.0,Mon-Th,17,15,3,urban,0.035970097324780986,3.2,79.0,0.0,3.2,3,8.731349,0.99,2025-09-24,Mon-Th,3,28
3.0,Mon-Th,11,5,12,urban,0.010971683566487075,5.0,81.0,19.0,3.7,3,6.600356,7.06,2025-09-25,Mon-Th,3,23
3.0,Mon-Th,4,24,2,urban,0.02529271690799334,-0.8,59.0,13.0,12.4,3,18.637305,12.28,2025-09-25,Mon-Th,3,23
3.0,Mon-Th,21,5,1,urban,0.014222108674295289,2.9,95.0,1.0,5.2,3,12.314992,10.13,2025-09-25,Mon-Th,3,23
3.0,Mon-Th,21,13,3,urban,0.03638126114109441,-11.1,90.0,0.0,13.3,3,9.522879,4.58,2025-09-25,Mon-Th,3,23
3.0,Mon-Th,22,17,1,urban,0.01751029727217701,-0.7,100.0,244.0,5.2,3,2.871569,11.36,2025-09-25,Mon-Th,3,23
3.0,Mon-Th,17,4,1,urban,0.03250021762162218,-4.2,99.0,233.0,6.5,3,13.717457,44.22,2025-09-25,Mon-Th,3,23
3.0,Mon-Th,7,24,3,urban,0.02137970860732104,7.0,66.0,14.0,18.6,3,15.3583,13.87,2025-09-25,Mon-Th,3,23
3.0,Mon-Th,13,24,1,urban,0.020897588491809872,3.5,79.0,17.0,10.4,3,16.408243,3.71,2025-09-25,Mon-Th,3,23
3.0,Mon-Th,22,8,12,urban,0.049273752126310695,2.3,96.0,0.0,6.0,3,14.081618,10.2,2025-09-25,Mon-Th,3,23
3.0,Mon-Th,16,11,3,urban,0.038183893054185444,-10.6,54.0,18.0,15.0,3,42.396003,14.92,2025-09-25,Mon-Th,3,23
3.0,Mon-Th,16,13,3,urban,0.04224230955737644,3.6,82.0,207.0,14.0,3,15.320347,6.43,2025-09-25,Mon-Th,3,23
3.0,Mon-Th,16,3,1,urban,0.004390942736388855,4.9,87.0,194.0,6.7,3,11.682405,6.99,2025-09-25,Mon-Th,3,23
3.0,Mon-Th,11,3,3,urban,0.014466834014873172,3.1,91.0,15.0,22.2,3,34.697407,3.17,2025-09-25,Mon-Th,3,23
3.0,Mon-Th,22,30,12,urban,0.035589963197490505,2.2,98.0,0.0,12.6,3,7.893546,16.56,2025-09-25,Mon-Th,3,23
3.0,Mon-Th,15,9,3,urban,0.040936828286553095,2.6,69.0,166.0,20.4,3,9.087825,24.12,2025-09-25,Mon-Th,3,23
3.0,Mon-Th,22,11,1,urban,0.015532824023484583,2.8,61.0,23.0,25.6,3,63.04116,8.26,2025-09-25,Mon-Th,3,23
3.0,Mon-Th,21,6,1,urban,0.015522064903727185,0.7,99.0,0.0,18.5,3,12.358303,8.94,2025-09-25,Mon-Th,3,23
3.0,Mon-Th,15,16,12,urban,0.06861232578631375,2.5,98.0,110.0,3.2,3,6.326875,46.95,2025-09-25,Mon-Th,3,23
3.0,Mon-Th,15,25,1,urban,0.024535618921175912,3.7,56.0,13.0,8.5,3,20.478281,8.08,2025-09-25,Mon-Th,3,23
3.0,Mon-Th,3,20,1,urban,0.03835997520240525,-8.0,100.0,19.0,16.6,3,37.152003,32.27,2025-09-25,Mon-Th,3,23
3.0,Mon-Th,15,26,2,urban,0.025252165994697588,5.1,66.0,19.0,18.3,3,15.589753,5.9,2025-09-25,Mon-Th,3,23
3.0,Mon-Th,15,15,9,urban,0.04015357822232365,-2.0,69.0,248.0,4.1,3,12.184986,12.33,2025-09-25,Mon-Th,3,23
3.0,Mon-Th,21,24,1,urban,0.021943413151668912,-1.1,77.0,0.0,19.1,3,13.710877,12.4,2025-09-25,Mon-Th,3,23
3.0,Mon-Th,3,17,3,urban,0.04554789632893962,-2.7,71.0,18.0,7.8,3,2.997751,10.32,2025-09-29,Mon-Th,3,32
3.0,Mon-Th,16,2,1,urban,0.010163727079266455,2.0,58.0,15.0,14.8,3,12.926539,9.82,2025-09-29,Mon-Th,3,32
3.0,Mon-Th,4,10,3,urban,0.015439686095202805,2.6,99.0,167.0,13.2,3,14.563116,17.26,2025-09-29,Mon-Th,3,32
3.0,Mon-Th,3,21,1,urban,0.012110348365539177,2.2,100.0,202.0,6.0,3,31.008185,6.91,2025-09-29,Mon-Th,3,32
3.0,Mon-Th,15,26,1,urban,0.03260190367408666,3.8,85.0,0.0,15.8,3,10.209623,7.45,2025-09-29,Mon-Th,3,32
3.0,Mon-Th,9,11,2,urban,0.026665034786907942,2.8,73.0,21.0,5.4,3,2.263789,5.4,2025-09-29,Mon-Th,3,32
3.0,Mon-Th,21,27,3,urban,0.030184342163320624,3.5,72.0,1.0,5.5,3,3.217371,14.74,2025-09-29,Mon-Th,3,32
3.0,Mon-Th,23,30,3,urban,0.013221543466624956,-5.7,64.0,24.0,8.7,3,9.504964,13.78,2025-09-29,Mon-Th,3,32
3.0,Mon-Th,3,30,12,urban,0.017018151472098293,3.8,97.0,0.0,5.7,3,2.304866,22.68,2025-09-29,Mon-Th,3,32
3.0,Mon-Th,15,20,2,urban,0.01367775530271255,3.9,51.0,23.0,36.3,3,4.425822,10.16,2025-09-29,Mon-Th,3,32
3.0,Mon-Th,11,28,12,urban,0.008514812960152811,3.5,62.0,0.0,16.2,3,37.796137,21.74,2025-09-29,Mon-Th,3,32
3.0,Mon-Th,22,23,11,urban,0.014715979179637222,2.8,98.0,0.0,11.3,3,11.959241,10.19,2025-09-29,Mon-Th,3,32
3.0,Mon-Th,15,17,1,urban,0.011541705585428323,1.2,50.0,1.0,8.7,3,22.25504,20.5,2025-09-29,Mon-Th,3,32
3.0,Mon-Th,15,13,1,urban,0.02826389011374897,-5.9,76.0,23.0,26.9,3,39.127774,15.69,2025-09-29,Mon-Th,3,32
3.0,Mon-Th,10,9,9,urban,-0.00031,12.8,94.0,28.0,9.9,3,16.936985,37.87,2025-09-29,Mon-Th,3,32
3.0,Mon-Th,17,7,3,urban,0.03901594258186262,-1.8,84.0,0.0,14.3,3,13.936509,12.31,2025-09-29,Mon-Th,3,32
3.0,Mon-Th,11,11,3,urban,0.011873696811005013,2.6,51.0,202.0,11.6,3,13.871736,15.6,2025-09-29,Mon-Th,3,32
3.0,Mon-Th,3,26,2,urban,0.04495828142157078,3.4,99.0,0.0,3.4,3,38.26474,7.44,2025-09-29,Mon-Th,3,32
3.0,Mon-Th,11,27,1,urban,0.025390144816380054,2.2,100.0,10.0,34.6,3,2.182406,7.18,2025-09-29,Mon-Th,3,32
3.0,Mon-Th,18,8,3,urban,0.028399287592166384,2.2,67.0,26.0,13.6,3,34.280381,11.5,2025-09-29,Mon-Th,3,32
3.0,Mon-Th,16,3,1,urban,0.013515896304490085,2.2,54.0,16.0,19.2,3,36.381476,11.95,2025-09-29,Mon-Th,3,32
3.0,Mon-Th,19,25,1,urban,0.012505454598354575,4.9,61.0,1.0,31.7,3,16.77328,32.05,2025-09-29,Mon-Th,3,32
3.0,Mon-Th,23,18,12,urban,0.03622138734565028,0.6,83.0,10.0,8.3,3,13.696177,24.06,2025-09-29,Mon-Th,3,32
3.0,Mon-Th,16,24,1,urban,0.03758906023938802,2.4,28.0,20.0,16.4,3,3.338015,36.49,2025-09-29,Mon-Th,3,32
3.0,Mon-Th,2,30,1,urban,0.010544081161497612,4.9,98.0,8.0,10.5,3,18.672633,6.96,2025-09-29,Mon-Th,3,32
3.0,Mon-Th,7,31,1,urban,0.04835791923983434,-6.2,92.0,1.0,10.2,3,14.096849,8.24,2025-09-29,Mon-Th,3,32
3.0,Mon-Th,11,21,12,urban,0.025177504631664648,0.6,54.0,16.0,5.0,3,22.221211,15.54,2025-09-29,Mon-Th,3,32
3.0,Mon-Th,16,16,12,urban,0.016051711297516893,-0.8,100.0,1.0,13.5,3,12.384244,8.05,2025-09-29,Mon-Th,3,32
3.0,Mon-Th,22,8,12,urban,0.013682137540454149,-4.8,100.0,18.0,12.0,3,13.183993,10.62,2025-09-29,Mon-Th,3,32
3.0,Mon-Th,11,6,12,urban,0.02210973654434495,-4.5,98.0,27.0,6.4,3,11.583045,8.91,2025-09-29,Mon-Th,3,32
3.0,Mon-Th,19,6,1,urban,0.023945853351915847,4.6,99.0,19.0,15.8,3,14.20921,5.64,2025-09-29,Mon-Th,3,32
3.0,Mon-Th,4,13,12,urban,0.01880440731456328,6.6,98.0,2.0,10.7,3,34.420902,26.77,2025-09-29,Mon-Th,3,32
3.0,Mon-Th,4,19,1,urban,0.006021273610216739,4.5,81.0,0.0,15.0,3,14.43675,16.86,2025-09-30,Mon-Th,3,28
3.0,Mon-Th,11,7,1,urban,0.019666146603734187,3.1,55.0,0.0,6.0,3,13.025732,25.78,2025-09-30,Mon-Th,3,28
3.0,Mon-Th,18,23,3,urban,0.002042433081604292,4.8,30.0,20.0,4.7,3,29.979845,8.07,2025-09-30,Mon-Th,3,28
3.0,Mon-Th,16,3,1,urban,0.032850841249159636,6.4,63.0,176.0,15.3,3,42.156314,13.44,2025-09-30,Mon-Th,3,28
3.0,Mon-Th,4,19,3,urban,0.03345552138534049,1.9,75.0,65.0,11.9,3,14.090598,12.24,2025-09-30,Mon-Th,3,28
3.0,Mon-Th,8,14,7,urban,0.006404157866176316,23.7,40.0,603.0,13.8,3,38.298377,22.09,2025-09-30,Mon-Th,3,28
3.0,Mon-Th,22,5,12,urban,0.0018797911496946794,4.3,100.0,1.0,3.0,3,3.71925,6.62,2025-09-30,Mon-Th,3,28
3.0,Mon-Th,16,14,1,urban,0.04199946432719555,-1.8,100.0,19.0,14.5,3,18.985063,17.42,2025-09-30,Mon-Th,3,28
3.0,Mon-Th,17,9,11,urban,0.04325037519731832,-0.0,75.0,0.0,12.1,3,36.322623,10.29,2025-09-30,Mon-Th,3,28
3.0,Mon-Th,15,2,1,urban,0.053933498724463985,-8.0,77.0,0.0,1.1,3,11.200805,14.43,2025-09-30,Mon-Th,3,28
3.0,Mon-Th,20,7,3,urban,0.019494335975786106,3.6,70.0,0.0,37.4,3,63.080391,13.74,2025-09-30,Mon-Th,3,28
3.0,Mon-Th,22,7,2,urban,0.0406010416433607,12.7,59.0,1.0,5.2,3,20.055795,4.61,2025-09-30,Mon-Th,3,28
3.0,Mon-Th,5,13,12,urban,0.015381377987474295,0.5,97.0,0.0,32.4,3,2.346338,10.95,2025-09-30,Mon-Th,3,28
3.0,Mon-Th,16,21,12,urban,0.02919380807847114,2.8,99.0,0.0,16.2,3,41.037762,4.6,2025-09-30,Mon-Th,3,28
3.0,Mon-Th,16,14,1,urban,0.04046199910994427,1.6,98.0,22.0,12.2,3,13.62556,9.43,2025-09-30,Mon-Th,3,28
3.0,Mon-Th,22,23,1,urban,0.015968729380564272,3.0,60.0,20.0,5.8,3,7.601549,11.71,2025-09-30,Mon-Th,3,28
3.0,Mon-Th,16,4,9,urban,0.05731317716779182,3.1,100.0,18.0,5.0,3,46.506182,10.97,2025-09-30,Mon-Th,3,28
3.0,Mon-Th,16,25,1,urban,0.021439272123654037,-3.5,62.0,22.0,16.4,3,15.491145,4.61,2025-09-30,Mon-Th,3,28
3.0,Mon-Th,5,10,9,urban,0.028281346874710348,14.1,98.0,17.0,7.1,3,9.951107,1.9,2025-09-30,Mon-Th,3,28
3.0,Mon-Th,19,13,1,urban,0.010281482612290588,3.6,99.0,21.0,15.0,3,9.185436,12.7,2025-09-30,Mon-Th,3,28
3.0,Mon-Th,15,24,8,urban,0.03956611521453427,2.7,97.0,74.0,15.4,3,14.155055,8.08,2025-09-30,Mon-Th,3,28
3.0,Mon-Th,19,2,3,urban,0.04606577839149226,-1.9,76.0,21.0,14.2,3,19.303454,7.24,2025-09-30,Mon-Th,3,28
3.0,Mon-Th,23,11,2,urban,0.03713400829667271,-0.7,86.0,0.0,4.1,3,34.302231,8.21,2025-09-30,Mon-Th,3,28
3.0,Mon-Th,21,26,2,urban,0.044289470813080316,-0.9,78.0,123.0,17.7,3,17.452793,10.08,2025-09-30,Mon-Th,3,28
3.0,Mon-Th,20,18,10,urban,0.03056137297667034,3.6,72.0,19.0,14.9,3,14.200333,11.8,2025-09-30,Mon-Th,3,28
3.0,Mon-Th,18,21,3,urban,0.016540596473529397,-12.2,100.0,0.0,14.0,3,12.145437,10.03,2025-09-30,Mon-Th,3,28
3.0,Mon-Th,18,3,3,urban,0.040421997600593916,5.1,54.0,18.0,16.5,3,16.759227,25.26,2025-09-30,Mon-Th,3,28
3.0,Mon-Th,14,9,3,urban,0.03895673459621193,2.6,84.0,16.0,4.2,3,2.42617,12.66,2025-09-30,Mon-Th,3,28
3.0,Mon-Th,19,10,1,urban,0.04674715575425214,2.4,99.0,23.0,30.7,3,14.050543,15.48,2025-10-01,Mon-Th,3,26
3.0,Mon-Th,16,13,12,urban,0.022038596231009774,-1.7,99.0,2.0,33.4,3,20.95187,13.09,2025-10-01,Mon-Th,3,26
3.0,Mon-Th,4,10,12,urban,0.023082690813969547,1.0,93.0,1.0,4.8,3,10.38168,13.74,2025-10-01,Mon-Th,3,26
3.0,Mon-Th,15,19,3,urban,0.014655643268990385,3.1,51.0,26.0,16.2,3,80.894038,7.09,2025-10-01,Mon-Th,3,26
3.0,Mon-Th,16,13,1,urban,0.008057489270292187,2.1,91.0,18.0,16.5,3,34.354084,39.13,2025-10-01,Mon-Th,3,26
3.0,Mon-Th,6,27,3,urban,0.03868702998401835,4.0,75.0,0.0,11.8,3,3.502128,6.58,2025-10-01,Mon-Th,3,26
3.0,Mon-Th,10,8,1,urban,0.04166141761887621,3.4,85.0,0.0,15.4,3,9.975685,8.13,2025-10-01,Mon-Th,3,26
3.0,Mon-Th,22,31,3,urban,0.004968955624596833,-6.8,98.0,1.0,6.4,3,45.302546,25.94,2025-10-01,Mon-Th,3,26
3.0,Mon-Th,12,18,1,urban,0.0360634486190444,15.9,69.0,16.0,11.9,3,13.625375,8.89,2025-10-01,Mon-Th,3,26
3.0,Mon-Th,18,18,1,urban,0.04234175123693551,3.6,79.0,140.0,6.9,3,18.145125,4.0,2025-10-01,Mon-Th,3,26
3.0,Mon-Th,19,31,3,urban,0.04105783956143103,3.0,80.0,0.0,9.6,3,14.011365,9.7,2025-10-01,Mon-Th,3,26
3.0,Mon-Th,5,21,3,urban,0.023629967239325454,3.8,78.0,21.0,17.5,3,2.538285,1.96,2025-10-01,Mon-Th,3,26
3.0,Mon-Th,22,28,8,urban,0.04796622318573515,-7.3,97.0,0.0,13.7,3,9.110003,12.82,2025-10-01,Mon-Th,3,26
3.0,Mon-Th,22,16,1,urban,0.031449107900095134,-6.3,100.0,14.0,15.1,3,96.944116,30.67,2025-10-01,Mon-Th,3,26
3.0,Mon-Th,18,10,2,urban,0.04817611496955643,1.7,98.0,0.0,10.6,3,3.462567,16.39,2025-10-01,Mon-Th,3,26
3.0,Mon-Th,23,28,3,urban,0.03533571829398906,-2.3,92.0,0.0,7.2,3,36.648997,19.28,2025-10-01,Mon-Th,3,26
3.0,Mon-Th,10,27,3,urban,0.007585364349082365,11.2,30.0,297.0,4.2,3,30.085329,8.73,2025-10-01,Mon-Th,3,26
3.0,Mon-Th,10,17,12,urban,0.049085462516755565,-1.4,99.0,29.0,14.6,3,13.984278,10.57,2025-10-01,Mon-Th,3,26
3.0,Mon-Th,3,24,12,urban,0.053490499491814274,0.5,98.0,1.0,10.7,3,13.173127,6.98,2025-10-01,Mon-Th,3,26
3.0,Mon-Th,19,14,2,urban,0.010743431121108963,-3.0,98.0,1.0,9.6,3,11.518231,10.84,2025-10-01,Mon-Th,3,26
3.0,Mon-Th,21,27,1,urban,0.03584308825355691,4.0,68.0,19.0,11.4,3,75.953555,11.54,2025-10-01,Mon-Th,3,26
3.0,Mon-Th,11,21,1,urban,0.011763573355484622,4.0,100.0,1.0,19.0,3,34.649527,5.97,2025-10-01,Mon-Th,3,26
3.0,Mon-Th,3,14,1,urban,0.039179059481996556,-5.9,70.0,0.0,8.2,3,44.24508,10.58,2025-10-01,Mon-Th,3,26
3.0,Mon-Th,15,25,3,urban,0.039572657890683316,1.5,51.0,19.0,11.8,3,2.232724,11.04,2025-10-01,Mon-Th,3,26
3.0,Mon-Th,19,20,1,urban,0.01349012633414457,-0.7,56.0,1.0,24.9,3,13.113728,6.02,2025-10-01,Mon-Th,3,26
3.0,Mon-Th,4,13,1,urban,0.020909935123964142,1.8,68.0,0.0,13.8,3,2.979565,11.72,2025-10-01,Mon-Th,3,26
3.0,Mon-Th,18,17,3,urban,0.03816454305713918,3.0,72.0,86.0,6.7,3,11.168538,5.94,2025-10-02,Mon-Th,3,29
3.0,Mon-Th,14,27,1,urban,0.05799760727441704,-6.5,65.0,0.0,11.2,3,13.330879,4.95,2025-10-02,Mon-Th,3,29
3.0,Mon-Th,4,23,1,urban,0.017010541071310784,-0.9,100.0,1.0,14.8,3,8.868953,15.5,2025-10-02,Mon-Th,3,29
3.0,Mon-Th,16,3,3,urban,0.027322013962048385,2.8,61.0,220.0,5.6,3,14.621007,15.43,2025-10-02,Mon-Th,3,29
3.0,Mon-Th,15,27,1,urban,0.012145448629877743,4.6,91.0,152.0,7.3,3,14.818287,15.85,2025-10-02,Mon-Th,3,29
3.0,Mon-Th,4,10,1,urban,0.014644257409503744,4.4,93.0,18.0,15.2,3,12.107119,31.29,2025-10-02,Mon-Th,3,29
3.0,Mon-Th,8,13,3,urban,0.01545333211017419,-0.6,99.0,27.0,5.1,3,44.75765,36.03,2025-10-02,Mon-Th,3,29
3.0,Mon-Th,16,13,2,urban,0.059087848455473886,-1.3,100.0,0.0,17.4,3,3.169702,7.42,2025-10-02,Mon-Th,3,29
3.0,Mon-Th,4,3,2,urban,0.013677187118814485,2.2,93.0,25.0,7.9,3,8.354301,19.42,2025-10-02,Mon-Th,3,29
3.0,Mon-Th,18,26,9,urban,0.0013181758457533992,3.2,63.0,21.0,10.7,3,10.383906,3.94,2025-10-02,Mon-Th,3,29
3.0,Mon-Th,10,19,1,urban,0.01852516330939653,4.4,97.0,20.0,13.5,3,23.433758,7.92,2025-10-02,Mon-Th,3,29
3.0,Mon-Th,0,24,1,urban,0.014131084556401734,4.9,100.0,21.0,19.8,3,10.512816,14.02,2025-10-02,Mon-Th,3,29
3.0,Mon-Th,15,15,1,urban,0.042959042637547,2.0,87.0,1.0,15.6,3,18.904431,8.73,2025-10-02,Mon-Th,3,29
3.0,Mon-Th,11,10,3,urban,0.018045583341126572,3.6,46.0,23.0,13.4,3,32.317007,57.13,2025-10-02,Mon-Th,3,29
3.0,Mon-Th,3,20,2,urban,0.02125551834955485,2.3,100.0,19.0,3.2,3,37.09994,7.88,2025-10-02,Mon-Th,3,29
3.0,Mon-Th,5,29,11,urban,0.00023157616183601664,4.5,99.0,20.0,25.9,3,23.697432,34.97,2025-10-02,Mon-Th,3,29
3.0,Mon-Th,22,31,1,urban,0.019567944080661596,-6.9,80.0,24.0,24.8,3,12.005476,14.51,2025-10-02,Mon-Th,3,29
3.0,Mon-Th,18,29,2,urban,0.020896286332721285,1.8,72.0,0.0,15.8,3,92.91054,9.06,2025-10-02,Mon-Th,3,29
3.0,Mon-Th,21,15,1,urban,0.010311334616887817,2.2,100.0,17.0,5.4,3,39.368378,9.15,2025-10-02,Mon-Th,3,29
3.0,Mon-Th,11,21,1,urban,0.015663412145472136,4.5,100.0,27.0,16.0,3,37.953358,12.92,2025-10-02,Mon-Th,3,29
3.0,Mon-Th,17,15,3,urban,0.038271681688778106,0.9,60.0,28.0,10.2,3,7.171365,9.04,2025-10-02,Mon-Th,3,29
3.0,Mon-Th,19,30,1,urban,0.022686663817138197,0.3,68.0,26.0,13.6,3,16.362549,1.04,2025-10-02,Mon-Th,3,29
3.0,Mon-Th,15,16,12,urban,0.052970245453775607,3.6,61.0,0.0,16.4,3,11.196329,16.49,2025-10-02,Mon-Th,3,29
3.0,Mon-Th,3,20,12,urban,0.034303632263207706,1.8,100.0,0.0,16.2,3,17.953639,5.29,2025-10-02,Mon-Th,3,29
3.0,Mon-Th,10,15,2,urban,0.019638219661861318,-0.8,92.0,16.0,31.8,3,9.324788,26.93,2025-10-02,Mon-Th,3,29
3.0,Mon-Th,22,6,10,urban,0.01446311466533576,2.2,99.0,19.0,12.3,3,5.802441,8.03,2025-10-02,Mon-Th,3,29
3.0,Mon-Th,14,19,3,urban,0.0524245122449903,18.0,79.0,434.0,14.6,3,35.653331,4.13,2025-10-02,Mon-Th,3,29
3.0,Mon-Th,22,7,3,urban,0.04035170490541134,15.2,53.0,14.0,14.7,3,12.420252,14.06,2025-10-02,Mon-Th,3,29
3.0,Mon-Th,3,21,1,urban,0.014973152467265903,2.3,100.0,273.0,18.1,3,58.444186,12.91,2025-10-02,Mon-Th,3,29
3.0,Mon-Th,18,13,2,urban,0.02137805934189614,-1.3,98.0,16.0,5.8,3,39.441673,14.65,2025-10-06,Mon-Th,3,23
3.0,Mon-Th,21,6,3,urban,0.03790911949085572,-3.2,70.0,0.0,17.0,3,13.115873,16.6,2025-10-06,Mon-Th,3,23
3.0,Mon-Th,9,4,3,urban,0.020011645473383962,0.1,99.0,22.0,14.4,3,4.091125,15.89,2025-10-06,Mon-Th,3,23
3.0,Mon-Th,16,28,12,urban,0.025284338547804333,3.2,99.0,0.0,16.4,3,17.433958,15.25,2025-10-06,Mon-Th,3,23
3.0,Mon-Th,19,16,12,urban,0.020129884739856392,-10.5,99.0,15.0,24.6,3,8.929101,13.75,2025-10-06,Mon-Th,3,23
3.0,Mon-Th,15,14,3,urban,0.04199596087313614,0.1,83.0,0.0,6.6,3,16.763414,9.97,2025-10-06,Mon-Th,3,23
3.0,Mon-Th,20,17,3,urban,0.029764078135950105,-1.7,98.0,20.0,13.8,3,74.650642,20.36,2025-10-06,Mon-Th,3,23
3.0,Mon-Th,4,10,1,urban,0.03129532689474571,7.8,82.0,22.0,6.1,3,8.74141,16.14,2025-10-06,Mon-Th,3,23
3.0,Mon-Th,16,27,1,urban,0.03812125365628236,2.2,76.0,0.0,10.9,3,15.386549,12.47,2025-10-06,Mon-Th,3,23
3.0,Mon-Th,16,3,1,urban,0.010422957989642016,5.4,74.0,18.0,19.0,3,60.95933,14.04,2025-10-06,Mon-Th,3,23
3.0,Mon-Th,1,3,1,urban,0.0383584321000979,2.0,69.0,19.0,12.9,3,58.087206,8.44,2025-10-06,Mon-Th,3,23
3.0,Mon-Th,15,27,1,urban,0.04296292021927471,1.0,82.0,16.0,14.8,3,2.589678,14.47,2025-10-06,Mon-Th,3,23
3.0,Mon-Th,23,20,12,urban,0.04344218780423224,-3.6,91.0,0.0,15.0,3,13.689286,8.78,2025-10-06,Mon-Th,3,23
3.0,Mon-Th,20,31,1,urban,0.03609277101620102,2.0,99.0,178.0,6.3,3,11.06646,31.35,2025-10-06,Mon-Th,3,23
3.0,Mon-Th,6,8,2,urban,0.05524418580163589,-1.9,71.0,4.0,15.0,3,13.972529,22.43,2025-10-06,Mon-Th,3,23
3.0,Mon-Th,13,25,1,urban,0.024738573548956876,4.7,67.0,20.0,28.4,3,12.758337,12.31,2025-10-06,Mon-Th,3,23
3.0,Mon-Th,15,10,1,urban,0.013602436295405182,2.0,73.0,211.0,17.0,3,17.548873,14.81,2025-10-06,Mon-Th,3,23
3.0,Mon-Th,13,4,3,urban,0.03873902452362232,2.5,99.0,363.0,18.3,3,8.895242,2.95,2025-10-06,Mon-Th,3,23
3.0,Mon-Th,15,8,1,urban,0.009533677233214398,2.0,100.0,0.0,24.6,3,8.649866,36.82,2025-10-06,Mon-Th,3,23
3.0,Mon-Th,17,11,2,urban,0.03346566623988772,-9.5,78.0,0.0,10.4,3,38.216856,7.67,2025-10-06,Mon-Th,3,23
3.0,Mon-Th,14,13,3,urban,0.04093003572337994,4.5,90.0,21.0,16.9,3,3.113,18.03,2025-10-06,Mon-Th,3,23
3.0,Mon-Th,16,27,1,urban,0.029074538319666977,0.1,67.0,0.0,15.6,3,17.325677,14.49,2025-10-06,Mon-Th,3,23
3.0,Mon-Th,18,13,12,urban,0.025614306741270756,2.0,75.0,20.0,24.6,3,2.555618,15.89,2025-10-06,Mon-Th,3,23
3.0,Mon-Th,13,7,2,urban,0.03706891988073395,1.1,54.0,198.0,16.5,3,15.685668,14.49,2025-10-07,Mon-Th,3,21
3.0,Mon-Th,10,29,1,urban,0.036020258453617934,2.3,98.0,20.0,30.7,3,8.433714,23.58,2025-10-07,Mon-Th,3,21
3.0,Mon-Th,22,24,1,urban,0.02063875885692036,1.4,99.0,0.0,7.9,3,2.599069,5.96,2025-10-07,Mon-Th,3,21
3.0,Mon-Th,16,7,2,urban,0.04272832689916848,0.4,63.0,1.0,17.2,3,15.322394,11.9,2025-10-07,Mon-Th,3,21
3.0,Mon-Th,4,2,3,urban,0.001644101108498049,-12.1,53.0,475.0,16.4,3,20.702281,7.83,2025-10-07,Mon-Th,3,21
3.0,Mon-Th,6,8,2,urban,0.04278313459548581,13.1,76.0,0.0,4.0,3,11.630532,9.24,2025-10-07,Mon-Th,3,21
3.0,Mon-Th,4,27,3,urban,0.034639184699026125,0.5,55.0,24.0,10.6,3,13.18692,12.65,2025-10-07,Mon-Th,3,21
3.0,Mon-Th,3,28,1,urban,0.018431496181059992,-1.4,31.0,30.0,19.2,3,5.342048,2.78,2025-10-07,Mon-Th,3,21
3.0,Mon-Th,15,24,1,urban,0.0407048133818552,0.7,80.0,1.0,15.1,3,22.323563,29.43,2025-10-07,Mon-Th,3,21
3.0,Mon-Th,19,27,2,urban,0.023277653157106046,1.2,98.0,16.0,15.7,3,17.866219,6.87,2025-10-07,Mon-Th,3,21
3.0,Mon-Th,15,3,1,urban,0.03777069193773466,0.1,77.0,20.0,16.4,3,21.570827,5.76,2025-10-07,Mon-Th,3,21
3.0,Mon-Th,19,10,3,urban,0.041640421295676744,4.6,63.0,453.0,10.1,3,20.017798,10.51,2025-10-07,Mon-Th,3,21
3.0,Mon-Th,15,26,1,sub-urban,0.017863234413782923,1.3,66.0,15.0,12.4,3,14.1097,2.04,2025-10-07,Mon-Th,3,21
3.0,Mon-Th,21,24,3,urban,0.041662000470950276,6.7,47.0,239.0,17.1,3,34.381406,5.06,2025-10-07,Mon-Th,3,21
3.0,Mon-Th,16,30,1,urban,0.030823458272638736,0.6,99.0,0.0,16.7,3,14.324881,10.03,2025-10-07,Mon-Th,3,21
3.0,Mon-Th,10,19,3,urban,0.017104677603085726,2.8,66.0,27.0,16.8,3,15.10105,11.2,2025-10-07,Mon-Th,3,21
3.0,Mon-Th,4,8,1,urban,0.016743133592792583,2.2,100.0,26.0,10.0,3,99.171485,19.99,2025-10-07,Mon-Th,3,21
3.0,Mon-Th,20,28,1,urban,0.03395712526390238,0.7,82.0,0.0,6.3,3,7.557101,40.29,2025-10-07,Mon-Th,3,21
3.0,Mon-Th,3,30,12,urban,0.03653443400750426,4.7,66.0,25.0,8.5,3,4.736265,11.12,2025-10-07,Mon-Th,3,21
3.0,Mon-Th,22,10,2,urban,0.036290373781531,0.1,95.0,0.0,9.3,3,11.169885,3.55,2025-10-07,Mon-Th,3,21
3.0,Mon-Th,20,6,3,urban,0.03626649587133965,1.7,79.0,0.0,5.6,3,15.166526,4.5,2025-10-07,Mon-Th,3,21
3.0,Mon-Th,6,7,2,urban,0.028427620937471136,3.3,52.0,213.0,16.4,3,39.488553,31.53,2025-10-08,Mon-Th,3,22
3.0,Mon-Th,16,17,1,urban,0.012980303800033309,1.1,93.0,0.0,17.8,3,22.612051,2.84,2025-10-08,Mon-Th,3,22
3.0,Mon-Th,14,5,12,urban,0.031577665520308565,0.2,76.0,0.0,5.7,3,12.742825,7.89,2025-10-08,Mon-Th,3,22
3.0,Mon-Th,13,7,2,urban,0.05479084642334404,-4.2,91.0,72.0,4.0,3,23.81962,15.98,2025-10-08,Mon-Th,3,22
3.0,Mon-Th,15,26,2,urban,0.022839060779518073,2.0,53.0,169.0,14.7,3,15.58904,14.37,2025-10-08,Mon-Th,3,22
3.0,Mon-Th,3,30,12,urban,0.054617903916960676,-10.7,83.0,37.0,6.5,3,6.074516,7.33,2025-10-08,Mon-Th,3,22
3.0,Mon-Th,15,26,1,urban,0.04471341290097451,-1.6,98.0,13.0,11.6,3,16.460312,11.21,2025-10-08,Mon-Th,3,22
3.0,Mon-Th,19,15,1,urban,0.008833628848910507,-0.6,99.0,1.0,18.0,3,52.801049,3.19,2025-10-08,Mon-Th,3,22
3.0,Mon-Th,4,24,3,urban,0.02078490328221256,3.7,82.0,19.0,6.4,3,21.280511,6.99,2025-10-08,Mon-Th,3,22
3.0,Mon-Th,3,22,3,urban,0.009700821964792175,0.4,64.0,53.0,16.6,3,12.19765,12.99,2025-10-08,Mon-Th,3,22
3.0,Mon-Th,21,18,1,urban,0.026072830612446623,4.3,85.0,19.0,15.2,3,13.202862,9.38,2025-10-08,Mon-Th,3,22
3.0,Mon-Th,15,26,1,urban,0.015078917732447551,2.7,99.0,4.0,16.6,3,14.08587,7.95,2025-10-08,Mon-Th,3,22
3.0,Mon-Th,21,13,1,urban,0.05037367935184622,1.3,91.0,0.0,10.9,3,88.712661,45.57,2025-10-08,Mon-Th,3,22
3.0,Mon-Th,21,6,3,urban,0.01227599980794571,1.8,100.0,281.0,5.6,3,11.564183,13.42,2025-10-08,Mon-Th,3,22
3.0,Mon-Th,16,12,3,urban,0.01815246594879672,1.6,68.0,19.0,10.5,3,10.721697,9.56,2025-10-08,Mon-Th,3,22
3.0,Mon-Th,23,6,2,urban,0.04195594349368379,3.0,86.0,0.0,5.4,3,11.990345,10.51,2025-10-08,Mon-Th,3,22
3.0,Mon-Th,6,7,1,urban,0.04272333085953069,2.7,61.0,196.0,5.5,3,14.112858,13.36,2025-10-08,Mon-Th,3,22
3.0,Mon-Th,10,13,3,urban,0.009952024612097295,4.6,99.0,15.0,16.4,3,8.67138,16.63,2025-10-08,Mon-Th,3,22
3.0,Mon-Th,16,11,2,urban,0.03746878868812541,1.5,100.0,0.0,7.5,3,14.704744,17.13,2025-10-08,Mon-Th,3,22
3.0,Mon-Th,7,13,3,urban,0.06880263465916539,-12.5,67.0,122.0,6.3,3,43.407782,12.18,2025-10-08,Mon-Th,3,22
3.0,Mon-Th,15,27,1,urban,0.01925794201234152,3.5,67.0,0.0,29.0,3,12.72535,14.95,2025-10-08,Mon-Th,3,22
3.0,Mon-Th,0,7,3,urban,0.03607166099090911,2.9,99.0,1.0,8.0,3,3.493582,9.91,2025-10-08,Mon-Th,3,22
3.0,Mon-Th,11,19,1,urban,0.020439193522710453,-1.7,99.0,20.0,18.7,3,2.307136,12.01,2025-10-09,Mon-Th,3,29
3.0,Mon-Th,15,24,1,urban,0.044049928123063874,-3.7,70.0,0.0,18.5,3,18.168826,4.93,2025-10-09,Mon-Th,3,29
3.0,Mon-Th,16,13,1,urban,0.08363283682813683,0.1,100.0,0.0,7.9,3,11.57002,7.1,2025-10-09,Mon-Th,3,29
3.0,Mon-Th,2,30,12,urban,0.028705210629370467,0.9,99.0,0.0,8.0,3,13.561318,14.62,2025-10-09,Mon-Th,3,29
3.0,Mon-Th,6,3,3,urban,0.021697108139317398,-5.0,100.0,20.0,4.1,3,12.153541,9.22,2025-10-09,Mon-Th,3,29
3.0,Mon-Th,3,27,2,urban,0.04040812322782353,-3.3,81.0,199.0,7.5,3,37.203906,48.48,2025-10-09,Mon-Th,3,29
3.0,Mon-Th,21,8,1,urban,0.020863554519164777,1.7,98.0,0.0,18.6,3,10.289707,38.07,2025-10-09,Mon-Th,3,29
3.0,Mon-Th,21,11,3,urban,0.023017250371685557,0.2,93.0,19.0,16.1,3,18.802927,8.41,2025-10-09,Mon-Th,3,29
3.0,Mon-Th,20,19,12,urban,0.03987198420217671,5.4,95.0,0.0,17.3,3,13.897981,3.67,2025-10-09,Mon-Th,3,29
3.0,Mon-Th,5,20,12,urban,0.03303468160892279,2.6,98.0,0.0,10.8,3,5.438832,7.96,2025-10-09,Mon-Th,3,29
3.0,Mon-Th,18,3,3,urban,0.035518504768050296,3.6,59.0,33.0,22.8,3,43.157051,5.09,2025-10-09,Mon-Th,3,29
3.0,Mon-Th,17,25,12,urban,0.038576757908074175,4.7,98.0,0.0,3.7,3,26.187121,18.01,2025-10-09,Mon-Th,3,29
3.0,Mon-Th,9,24,3,urban,0.05652519013192126,-5.0,96.0,23.0,4.5,3,22.908794,11.06,2025-10-09,Mon-Th,3,29
3.0,Mon-Th,18,26,3,sub-urban,0.0642767457830816,-6.4,77.0,18.0,17.1,3,38.699035,17.31,2025-10-09,Mon-Th,3,29
3.0,Mon-Th,15,16,12,urban,0.03855255960219523,-0.8,82.0,0.0,3.1,3,4.212836,6.38,2025-10-09,Mon-Th,3,29
3.0,Mon-Th,22,25,1,urban,0.016179945141294727,2.4,93.0,1.0,7.8,3,15.594838,12.43,2025-10-09,Mon-Th,3,29
3.0,Mon-Th,21,11,3,urban,0.019142446342763162,1.8,98.0,0.0,8.1,3,3.038593,14.43,2025-10-09,Mon-Th,3,29
3.0,Mon-Th,21,21,1,urban,0.01730286451850893,3.2,80.0,206.0,16.0,3,89.450891,8.58,2025-10-09,Mon-Th,3,29
3.0,Mon-Th,21,8,12,sub-urban,0.03787836218432864,-1.9,62.0,26.0,10.4,3,3.549376,2.96,2025-10-09,Mon-Th,3,29
3.0,Mon-Th,15,2,1,urban,0.00868852894237046,3.0,99.0,0.0,13.1,3,14.185826,7.76,2025-10-09,Mon-Th,3,29
3.0,Mon-Th,16,14,1,urban,0.02668860591684368,3.2,78.0,21.0,14.8,3,7.329117,10.02,2025-10-09,Mon-Th,3,29
3.0,Mon-Th,3,28,3,urban,0.038719260231747446,-1.3,61.0,0.0,4.5,3,2.481256,3.14,2025-10-09,Mon-Th,3,29
3.0,Mon-Th,13,1,2,urban,0.05479608705611825,-0.7,89.0,0.0,6.9,3,20.267093,12.57,2025-10-09,Mon-Th,3,29
3.0,Mon-Th,12,11,3,urban,0.04875107641331053,0.6,77.0,19.0,7.0,3,63.032481,10.99,2025-10-09,Mon-Th,3,29
3.0,Mon-Th,16,6,1,urban,0.020381040509522354,3.1,83.0,20.0,3.9,3,17.788713,9.69,2025-10-09,Mon-Th,3,29
3.0,Mon-Th,15,3,1,urban,0.03931008262595998,-6.4,64.0,9.0,12.7,3,16.729613,16.89,2025-10-09,Mon-Th,3,29
3.0,Mon-Th,6,11,3,urban,0.006902879476343221,24.7,59.0,216.0,23.2,3,2.574957,15.9,2025-10-09,Mon-Th,3,29
3.0,Mon-Th,13,5,12,urban,0.020307172524303443,1.3,99.0,0.0,27.6,3,6.549629,15.17,2025-10-09,Mon-Th,3,29
3.0,Mon-Th,21,11,12,urban,0.03855463929161231,-1.7,79.0,21.0,16.0,3,14.064572,39.77,2025-10-09,Mon-Th,3,29
3.0,Mon-Th,3,26,2,urban,0.03960813547956521,1.3,94.0,0.0,22.2,3,18.018605,5.69,2025-10-13,Mon-Th,3,24
3.0,Mon-Th,15,19,1,urban,0.010692200797163693,2.2,94.0,20.0,14.5,3,3.141687,9.47,2025-10-13,Mon-Th,3,24
3.0,Mon-Th,3,15,1,urban,0.012671604622327078,3.1,98.0,0.0,14.6,3,15.32123,30.96,2025-10-13,Mon-Th,3,24
3.0,Mon-Th,3,24,12,urban,0.051104952217588595,-5.4,66.0,23.0,2.6,3,14.245257,20.41,2025-10-13,Mon-Th,3,24
3.0,Mon-Th,15,7,1,urban,0.02195248760854012,2.5,90.0,246.0,5.1,3,3.430422,8.06,2025-10-13,Mon-Th,3,24
3.0,Mon-Th,16,16,2,urban,0.021056194350938945,1.8,87.0,0.0,7.0,3,14.587704,8.5,2025-10-13,Mon-Th,3,24
3.0,Mon-Th,15,10,1,urban,0.03863403076311424,2.8,82.0,0.0,13.3,3,2.592673,4.25,2025-10-13,Mon-Th,3,24
3.0,Mon-Th,17,16,12,urban,0.039196348701157985,-6.4,74.0,0.0,8.5,3,3.757213,9.05,2025-10-13,Mon-Th,3,24
3.0,Mon-Th,15,15,3,urban,0.025718429521536683,14.0,77.0,124.0,8.2,3,67.102239,13.8,2025-10-13,Mon-Th,3,24
3.0,Mon-Th,22,27,12,urban,0.029752531930965175,-0.1,91.0,0.0,16.5,3,11.077112,14.74,2025-10-13,Mon-Th,3,24
3.0,Mon-Th,16,31,1,urban,0.029309929835550204,3.1,68.0,23.0,13.8,3,11.50091,7.6,2025-10-13,Mon-Th,3,24
3.0,Mon-Th,12,16,1,urban,0.035978469893491884,-0.2,85.0,79.0,3.3,3,3.039256,8.06,2025-10-13,Mon-Th,3,24
3.0,Mon-Th,6,8,12,urban,0.051238451867235524,1.1,96.0,14.0,24.5,3,14.204758,9.33,2025-10-13,Mon-Th,3,24
3.0,Mon-Th,21,24,2,urban,0.04129203660291429,1.1,52.0,17.0,15.3,3,65.203925,46.71,2025-10-13,Mon-Th,3,24
3.0,Mon-Th,16,17,12,urban,0.040485215454306465,-8.4,84.0,0.0,5.7,3,88.05788,38.98,2025-10-13,Mon-Th,3,24
3.0,Mon-Th,11,13,12,urban,0.04178692945053368,1.5,97.0,16.0,15.5,3,37.074172,29.3,2025-10-13,Mon-Th,3,24
3.0,Mon-Th,11,9,1,urban,0.013052490384816264,-4.4,70.0,1.0,14.8,3,10.579339,7.12,2025-10-13,Mon-Th,3,24
3.0,Mon-Th,11,21,3,urban,0.004392376293867655,-8.7,98.0,0.0,2.0,3,3.29864,6.14,2025-10-13,Mon-Th,3,24
3.0,Mon-Th,11,8,3,urban,0.022608681732064168,2.3,100.0,15.0,16.1,3,40.146906,6.49,2025-10-13,Mon-Th,3,24
3.0,Mon-Th,15,19,1,urban,0.021322866851439182,1.6,64.0,11.0,12.4,3,15.958708,3.32,2025-10-13,Mon-Th,3,24
3.0,Mon-Th,21,24,1,urban,0.009190410485829494,4.0,57.0,15.0,4.0,3,13.381789,46.63,2025-10-13,Mon-Th,3,24
3.0,Mon-Th,3,28,12,urban,0.03739508510999699,0.8,100.0,0.0,15.7,3,15.944954,22.09,2025-10-13,Mon-Th,3,24
3.0,Mon-Th,18,21,1,urban,0.03833257596294216,3.2,85.0,18.0,6.3,3,18.66904,1.2,2025-10-13,Mon-Th,3,24
3.0,Mon-Th,16,14,1,urban,0.042746008186691144,1.0,55.0,15.0,14.3,3,74.8585,5.4,2025-10-13,Mon-Th,3,24
3.0,Mon-Th,16,15,1,urban,0.01348592604896417,-1.3,80.0,23.0,22.9,3,2.720406,3.11,2025-10-14,Mon-Th,3,25
3.0,Mon-Th,15,4,9,urban,0.041225389086696776,13.3,67.0,25.0,9.2,3,3.189541,2.76,2025-10-14,Mon-Th,3,25
3.0,Mon-Th,17,7,1,urban,0.022897896699165605,2.8,53.0,19.0,6.2,3,3.400187,8.51,2025-10-14,Mon-Th,3,25
3.0,Mon-Th,18,17,1,urban,0.014295088736084396,-1.4,81.0,18.0,12.6,3,17.063556,2.61,2025-10-14,Mon-Th,3,25
3.0,Mon-Th,12,17,3,urban,0.04332009960781687,1.8,52.0,24.0,14.9,3,3.601944,3.55,2025-10-14,Mon-Th,3,25
3.0,Mon-Th,10,21,12,urban,0.034634548690169985,3.2,65.0,27.0,15.3,3,11.538179,12.26,2025-10-14,Mon-Th,3,25
3.0,Mon-Th,4,19,1,urban,0.019438577573276286,2.2,69.0,229.0,3.9,3,2.0,10.38,2025-10-14,Mon-Th,3,25
3.0,Mon-Th,21,4,3,sub-urban,0.023697036725926674,17.6,25.0,231.0,5.0,3,2.792853,10.9,2025-10-14,Mon-Th,3,25
3.0,Mon-Th,8,2,2,urban,0.03900346333926321,-8.8,100.0,0.0,13.3,3,22.377203,13.48,2025-10-14,Mon-Th,3,25
3.0,Mon-Th,15,28,1,urban,0.008081459171077625,-1.2,99.0,19.0,7.6,3,14.577878,5.81,2025-10-14,Mon-Th,3,25
3.0,Mon-Th,11,3,1,urban,0.041102945595616495,3.6,84.0,276.0,14.3,3,11.637252,45.42,2025-10-14,Mon-Th,3,25
3.0,Mon-Th,20,18,12,urban,0.038994394839876184,3.6,79.0,21.0,22.5,3,14.30596,8.4,2025-10-14,Mon-Th,3,25
3.0,Mon-Th,18,16,1,urban,0.012791942750033643,2.8,59.0,0.0,3.7,3,15.18081,10.32,2025-10-14,Mon-Th,3,25
3.0,Mon-Th,16,31,3,urban,0.04195853121984003,5.6,67.0,14.0,13.8,3,46.065438,11.99,2025-10-14,Mon-Th,3,25
3.0,Mon-Th,15,3,1,urban,0.015913766056123976,2.1,99.0,25.0,12.9,3,3.543597,9.07,2025-10-14,Mon-Th,3,25
3.0,Mon-Th,15,20,1,urban,0.03424888410127364,5.3,87.0,0.0,13.6,3,34.524294,15.08,2025-10-14,Mon-Th,3,25
3.0,Mon-Th,5,21,1,urban,0.018583064800133813,17.4,99.0,9.0,14.0,3,12.419399,45.7,2025-10-14,Mon-Th,3,25
3.0,Mon-Th,6,8,3,urban,0.020881858307046582,0.6,69.0,0.0,3.7,3,11.464028,31.1,2025-10-14,Mon-Th,3,25
3.0,Mon-Th,15,15,12,urban,0.023294683019885208,-0.4,100.0,0.0,10.7,3,17.205048,32.91,2025-10-14,Mon-Th,3,25
3.0,Mon-Th,17,30,3,urban,0.0346815947775276,0.1,99.0,20.0,19.7,3,16.897032,10.62,2025-10-14,Mon-Th,3,25
3.0,Mon-Th,15,24,1,urban,0.021558299157157138,3.4,81.0,66.0,30.5,3,19.51203,6.41,2025-10-14,Mon-Th,3,25
3.0,Mon-Th,13,16,3,urban,0.03485344166861759,7.6,60.0,18.0,11.1,3,19.118818,15.61,2025-10-14,Mon-Th,3,25
3.0,Mon-Th,14,22,1,urban,0.03372741194765362,3.9,100.0,8.0,22.0,3,11.831423,32.05,2025-10-14,Mon-Th,3,25
3.0,Mon-Th,15,25,2,urban,0.018644772668897427,2.1,77.0,266.0,5.0,3,2.33012,12.93,2025-10-14,Mon-Th,3,25
3.0,Mon-Th,15,3,3,urban,0.021110536403478264,15.6,74.0,498.0,3.1,3,3.551299,8.59,2025-10-14,Mon-Th,3,25
3.0,Mon-Th,19,15,1,urban,0.018166818418078493,5.8,99.0,10.0,14.2,3,13.784031,11.22,2025-10-15,Mon-Th,3,19
3.0,Mon-Th,11,8,1,urban,0.018849035979079987,2.8,100.0,19.0,14.2,3,42.709383,12.55,2025-10-15,Mon-Th,3,19
3.0,Mon-Th,16,5,1,urban,0.01636388252304003,1.3,97.0,26.0,14.4,3,12.751036,4.13,2025-10-15,Mon-Th,3,19
3.0,Mon-Th,18,13,12,urban,0.03943747328633009,-2.5,81.0,0.0,1.3,3,15.445348,20.26,2025-10-15,Mon-Th,3,19
3.0,Mon-Th,4,13,1,urban,0.01703880968150524,0.3,56.0,22.0,5.1,3,14.216157,0.98,2025-10-15,Mon-Th,3,19
3.0,Mon-Th,15,24,1,urban,0.04225398835280062,-0.7,65.0,14.0,28.8,3,18.480407,9.16,2025-10-15,Mon-Th,3,19
3.0,Mon-Th,21,21,1,urban,0.012470196804875665,2.2,99.0,8.0,5.2,3,7.357928,10.87,2025-10-15,Mon-Th,3,19
3.0,Mon-Th,19,13,1,urban,0.015545157502726926,2.7,96.0,22.0,13.0,3,12.521587,22.91,2025-10-15,Mon-Th,3,19
3.0,Mon-Th,19,15,1,urban,0.026207982924736976,-0.9,99.0,0.0,2.8,3,11.881138,14.22,2025-10-15,Mon-Th,3,19
3.0,Mon-Th,15,14,1,urban,0.024785404977531705,2.5,85.0,126.0,16.1,3,2.430928,19.97,2025-10-15,Mon-Th,3,19
3.0,Mon-Th,15,30,12,urban,0.05017290681607967,3.1,83.0,16.0,14.5,3,20.05996,4.78,2025-10-15,Mon-Th,3,19
3.0,Mon-Th,19,15,1,urban,0.0559995667098663,0.5,99.0,0.0,15.5,3,10.056626,16.21,2025-10-15,Mon-Th,3,19
3.0,Mon-Th,13,4,2,urban,0.015589371547980067,3.4,89.0,17.0,13.8,3,9.783268,13.36,2025-10-15,Mon-Th,3,19
3.0,Mon-Th,17,9,2,sub-urban,0.020963502980413315,0.9,73.0,14.0,6.9,3,70.916187,7.68,2025-10-15,Mon-Th,3,19
3.0,Mon-Th,16,19,1,urban,0.04333455599889018,2.7,94.0,110.0,16.0,3,8.378124,12.12,2025-10-15,Mon-Th,3,19
3.0,Mon-Th,11,30,3,urban,0.016329257420208295,-1.0,57.0,214.0,2.6,3,10.623066,3.26,2025-10-15,Mon-Th,3,19
3.0,Mon-Th,22,15,1,urban,0.068054362984179,4.0,96.0,0.0,23.8,3,6.824636,11.44,2025-10-15,Mon-Th,3,19
3.0,Mon-Th,4,9,3,urban,0.005215185103656776,-0.8,72.0,290.0,19.1,3,3.439196,5.29,2025-10-15,Mon-Th,3,19
3.0,Mon-Th,21,6,1,urban,0.009374988298975293,4.2,56.0,30.0,12.0,3,4.429856,24.06,2025-10-15,Mon-Th,3,19
3.0,Mon-Th,23,21,1,urban,0.011110884745572943,0.8,100.0,20.0,10.9,3,15.471395,9.2,2025-10-16,Mon-Th,3,27
3.0,Mon-Th,21,21,1,urban,0.029129597335533858,3.0,100.0,14.0,5.8,3,16.658595,37.64,2025-10-16,Mon-Th,3,27
3.0,Mon-Th,22,22,2,urban,0.04660200891584324,-12.1,99.0,1.0,15.7,3,11.300899,7.33,2025-10-16,Mon-Th,3,27
3.0,Mon-Th,4,13,3,urban,0.02106793903353438,3.7,88.0,15.0,10.4,3,16.056333,7.41,2025-10-16,Mon-Th,3,27
3.0,Mon-Th,15,23,1,urban,0.03938213445004675,-3.0,77.0,0.0,14.0,3,68.930753,3.38,2025-10-16,Mon-Th,3,27
3.0,Mon-Th,13,11,3,urban,0.009446704455983971,1.7,99.0,247.0,19.7,3,11.451731,8.67,2025-10-16,Mon-Th,3,27
3.0,Mon-Th,3,30,1,urban,0.002754459818972801,3.7,98.0,19.0,4.1,3,3.638456,32.49,2025-10-16,Mon-Th,3,27
3.0,Mon-Th,9,24,3,urban,0.031991720209120424,3.3,70.0,20.0,14.9,3,6.84871,9.22,2025-10-16,Mon-Th,3,27
3.0,Mon-Th,16,2,11,urban,0.04192138780398682,-1.8,64.0,0.0,36.3,3,15.403358,13.66,2025-10-16,Mon-Th,3,27
3.0,Mon-Th,2,3,3,urban,0.04242163832424617,0.6,71.0,52.0,15.5,3,62.627057,15.12,2025-10-16,Mon-Th,3,27
3.0,Mon-Th,20,19,9,urban,0.039003816660228056,10.7,56.0,21.0,10.3,3,9.115438,2.59,2025-10-16,Mon-Th,3,27
3.0,Mon-Th,13,18,1,urban,0.021012955724454996,4.3,47.0,202.0,18.0,3,15.876815,18.8,2025-10-16,Mon-Th,3,27
3.0,Mon-Th,22,15,3,urban,0.0055413807878741915,4.1,80.0,25.0,9.7,3,11.530475,11.7,2025-10-16,Mon-Th,3,27
3.0,Mon-Th,21,11,2,urban,0.03570778817487045,0.5,75.0,22.0,13.7,3,13.499019,10.42,2025-10-16,Mon-Th,3,27
3.0,Mon-Th,22,6,2,urban,0.01723284737906032,2.8,59.0,19.0,12.3,3,7.187205,14.25,2025-10-16,Mon-Th,3,27
3.0,Mon-Th,4,20,3,urban,0.0175134998078677,-10.8,99.0,0.0,5.0,3,43.379505,12.22,2025-10-16,Mon-Th,3,27
3.0,Mon-Th,18,27,1,urban,0.03880599197854113,-1.9,93.0,0.0,13.5,3,15.592102,10.63,2025-10-16,Mon-Th,3,27
3.0,Mon-Th,16,11,9,urban,0.00798901673084989,2.2,66.0,0.0,14.4,3,15.986052,13.11,2025-10-16,Mon-Th,3,27
3.0,Mon-Th,13,3,11,urban,0.01957027447516948,4.4,91.0,13.0,12.5,3,3.508293,13.7,2025-10-16,Mon-Th,3,27
3.0,Mon-Th,4,11,2,urban,0.02221421729548497,-13.1,77.0,0.0,3.0,3,13.587459,8.18,2025-10-16,Mon-Th,3,27
3.0,Mon-Th,16,4,3,urban,0.04114167341712548,-0.0,93.0,25.0,21.4,3,19.390984,8.31,2025-10-16,Mon-Th,3,27
3.0,Mon-Th,21,19,5,urban,0.01673886753133419,0.5,69.0,0.0,5.7,3,15.967581,9.04,2025-10-16,Mon-Th,3,27
3.0,Mon-Th,1,28,3,urban,0.03251982499039767,4.1,84.0,151.0,5.6,3,46.398272,7.78,2025-10-16,Mon-Th,3,27
3.0,Mon-Th,15,1,1,urban,0.021021980849117713,2.1,83.0,9.0,29.6,3,15.352518,6.04,2025-10-16,Mon-Th,3,27
3.0,Mon-Th,18,17,3,urban,0.018127983078466678,4.2,93.0,21.0,5.8,3,40.23658,7.05,2025-10-16,Mon-Th,3,27
3.0,Mon-Th,19,19,1,urban,0.04047694128131576,4.9,45.0,48.0,5.9,3,19.660435,10.84,2025-10-16,Mon-Th,3,27
3.0,Mon-Th,14,24,3,urban,0.0025703514270501047,1.3,99.0,222.0,6.8,3,17.845618,13.63,2025-10-16,Mon-Th,3,27
3.0,Mon-Th,20,23,2,urban,0.03130509625356327,-4.0,76.0,1.0,10.7,3,12.221189,10.23,2025-10-20,Mon-Th,3,22
3.0,Mon-Th,22,7,3,urban,0.040609070128012896,4.7,64.0,269.0,17.7,3,8.777102,10.22,2025-10-20,Mon-Th,3,22
3.0,Mon-Th,9,11,12,urban,0.044566257424893965,-5.8,98.0,22.0,18.6,3,14.94884,22.99,2025-10-20,Mon-Th,3,22
3.0,Mon-Th,15,15,1,urban,0.014070333756895035,1.6,99.0,17.0,15.3,3,9.156725,9.72,2025-10-20,Mon-Th,3,22
3.0,Mon-Th,18,24,12,urban,0.04295046300889598,-1.8,95.0,0.0,16.0,3,15.506611,7.23,2025-10-20,Mon-Th,3,22
3.0,Mon-Th,18,8,3,urban,0.03839827437760116,15.9,61.0,21.0,14.8,3,40.632407,3.26,2025-10-20,Mon-Th,3,22
3.0,Mon-Th,15,27,1,urban,0.016869519143443958,1.7,53.0,202.0,18.7,3,33.738383,4.63,2025-10-20,Mon-Th,3,22
3.0,Mon-Th,15,7,2,urban,0.054463195302989105,-4.9,97.0,20.0,5.8,3,15.153142,4.7,2025-10-20,Mon-Th,3,22
3.0,Mon-Th,18,18,12,urban,0.0032475859783714575,14.0,64.0,52.0,4.9,3,11.564557,12.02,2025-10-20,Mon-Th,3,22
3.0,Mon-Th,21,15,12,urban,0.008895610742499423,1.4,99.0,20.0,7.4,3,10.361622,9.74,2025-10-20,Mon-Th,3,22
3.0,Mon-Th,4,8,3,urban,0.010379017054399937,-4.7,99.0,238.0,5.1,3,83.47311,11.26,2025-10-20,Mon-Th,3,22
3.0,Mon-Th,15,26,1,urban,0.02403170237072664,2.2,74.0,23.0,18.9,3,42.399338,6.33,2025-10-20,Mon-Th,3,22
3.0,Mon-Th,7,28,2,urban,0.039922207712191314,0.1,77.0,217.0,3.9,3,19.043175,13.93,2025-10-20,Mon-Th,3,22
3.0,Mon-Th,21,1,1,urban,0.018432194947233995,2.8,98.0,23.0,12.6,3,12.988153,14.76,2025-10-20,Mon-Th,3,22
3.0,Mon-Th,22,15,1,urban,0.04982789569345155,1.3,98.0,0.0,3.7,3,19.754173,27.34,2025-10-20,Mon-Th,3,22
3.0,Mon-Th,22,14,2,urban,0.017233148497735547,-0.8,98.0,0.0,10.3,3,16.76007,7.72,2025-10-20,Mon-Th,3,22
3.0,Mon-Th,15,26,12,urban,0.06029658366760276,2.2,98.0,0.0,15.9,3,17.702275,31.15,2025-10-20,Mon-Th,3,22
3.0,Mon-Th,22,14,12,urban,0.0012300390326156073,-1.1,98.0,0.0,15.6,3,30.101663,5.12,2025-10-20,Mon-Th,3,22
3.0,Mon-Th,22,14,1,urban,0.02920043454286394,4.9,89.0,11.0,7.5,3,42.273145,4.51,2025-10-20,Mon-Th,3,22
3.0,Mon-Th,21,16,2,urban,0.05377527464571573,-8.1,88.0,259.0,11.8,3,58.495884,3.05,2025-10-20,Mon-Th,3,22
3.0,Mon-Th,21,9,12,urban,0.042416298684374805,2.1,99.0,13.0,1.2,3,11.976844,10.56,2025-10-20,Mon-Th,3,22
3.0,Mon-Th,18,10,3,urban,0.031131778546105042,2.9,65.0,217.0,32.6,3,2.694993,4.25,2025-10-20,Mon-Th,3,22
3.0,Mon-Th,11,26,1,urban,0.020076653578415947,4.2,76.0,22.0,16.0,3,3.529008,22.97,2025-10-21,Mon-Th,3,31
3.0,Mon-Th,15,4,3,urban,0.041415844773586126,2.6,70.0,1.0,7.0,3,13.557302,13.18,2025-10-21,Mon-Th,3,31
3.0,Mon-Th,7,30,1,urban,0.01959568133720045,-0.7,100.0,20.0,4.8,3,6.427565,20.0,2025-10-21,Mon-Th,3,31
3.0,Mon-Th,16,15,12,urban,0.014171268736831093,2.4,100.0,12.0,4.7,3,104.45266,26.97,2025-10-21,Mon-Th,3,31
3.0,Mon-Th,11,1,1,urban,0.047395879617084566,3.4,99.0,0.0,11.4,3,16.751467,6.68,2025-10-21,Mon-Th,3,31
3.0,Mon-Th,18,21,3,urban,0.007286043289599264,-12.5,83.0,18.0,12.9,3,67.479923,5.26,2025-10-21,Mon-Th,3,31
3.0,Mon-Th,11,4,12,urban,0.025919878128822824,5.1,98.0,141.0,5.6,3,15.995124,13.36,2025-10-21,Mon-Th,3,31
3.0,Mon-Th,3,15,1,urban,0.027496460058619502,0.8,98.0,2.0,15.7,3,15.707613,5.98,2025-10-21,Mon-Th,3,31
3.0,Mon-Th,15,28,1,urban,0.02621923109539244,-6.6,100.0,12.0,8.9,3,15.787179,17.09,2025-10-21,Mon-Th,3,31
3.0,Mon-Th,22,27,1,urban,0.014554157576451596,2.3,85.0,22.0,16.5,3,13.055125,15.72,2025-10-21,Mon-Th,3,31
3.0,Mon-Th,10,31,3,urban,0.0201182154301743,-6.3,91.0,0.0,6.1,3,17.694951,2.47,2025-10-21,Mon-Th,3,31
3.0,Mon-Th,15,27,1,urban,0.027315341941018992,1.6,54.0,275.0,5.4,3,16.401035,6.88,2025-10-21,Mon-Th,3,31
3.0,Mon-Th,21,6,3,urban,0.038600400529934444,3.0,48.0,9.0,5.5,3,9.89841,9.4,2025-10-21,Mon-Th,3,31
3.0,Mon-Th,15,28,1,urban,0.02085202914848063,1.5,63.0,15.0,11.0,3,19.529653,7.37,2025-10-21,Mon-Th,3,31
3.0,Mon-Th,16,24,2,urban,0.02263695104589233,-5.3,83.0,25.0,20.9,3,3.554425,3.51,2025-10-21,Mon-Th,3,31
3.0,Mon-Th,4,30,1,urban,0.015496026894253168,1.6,88.0,0.0,8.8,3,14.14517,14.18,2025-10-21,Mon-Th,3,31
3.0,Mon-Th,11,21,1,urban,0.016060306206880853,2.0,72.0,21.0,16.9,3,73.949497,6.55,2025-10-21,Mon-Th,3,31
3.0,Mon-Th,21,13,1,urban,0.017362979338288804,-0.9,98.0,1.0,10.4,3,12.298979,7.08,2025-10-21,Mon-Th,3,31
3.0,Mon-Th,16,14,2,urban,0.018043537912617626,5.7,78.0,17.0,14.7,3,14.875712,5.88,2025-10-21,Mon-Th,3,31
3.0,Mon-Th,3,3,3,urban,0.01616923630689618,2.6,96.0,18.0,15.4,3,9.56082,22.41,2025-10-21,Mon-Th,3,31
3.0,Mon-Th,6,10,3,urban,0.03886722408698041,11.3,83.0,1.0,4.2,3,8.419041,14.89,2025-10-21,Mon-Th,3,31
3.0,Mon-Th,18,20,3,urban,0.0384891802042457,0.7,58.0,150.0,14.7,3,13.801882,14.11,2025-10-21,Mon-Th,3,31
3.0,Mon-Th,7,17,3,urban,0.038159653960191525,7.1,100.0,49.0,13.2,3,10.364627,15.58,2025-10-21,Mon-Th,3,31
3.0,Mon-Th,23,16,3,urban,0.053809819709750926,-14.2,81.0,0.0,5.9,3,3.293918,15.52,2025-10-21,Mon-Th,3,31
3.0,Mon-Th,22,4,1,urban,0.01982582812873226,0.8,98.0,12.0,8.5,3,16.134669,22.4,2025-10-21,Mon-Th,3,31
3.0,Mon-Th,18,6,3,urban,0.0013947865097565849,-3.2,37.0,370.0,16.2,3,36.315586,2.21,2025-10-21,Mon-Th,3,31
3.0,Mon-Th,16,27,3,urban,0.015067150852390052,2.5,98.0,14.0,7.8,3,39.749661,6.95,2025-10-21,Mon-Th,3,31
3.0,Mon-Th,18,4,1,urban,0.037412364138590545,3.6,60.0,25.0,8.1,3,14.565126,8.79,2025-10-21,Mon-Th,3,31
3.0,Mon-Th,5,29,3,urban,0.004992202355493225,-0.1,80.0,19.0,10.5,3,2.534632,12.03,2025-10-21,Mon-Th,3,31
3.0,Mon-Th,5,6,1,urban,0.018379377023124442,1.2,100.0,26.0,19.0,3,21.2551,13.93,2025-10-21,Mon-Th,3,31
3.0,Mon-Th,4,3,12,urban,0.04512767636431419,-5.5,65.0,0.0,14.4,3,16.547332,22.46,2025-10-21,Mon-Th,3,31
3.0,Mon-Th,11,21,1,urban,0.014604085188397658,3.3,93.0,0.0,14.0,3,9.683303,14.27,2025-10-22,Mon-Th,3,33
3.0,Mon-Th,7,10,3,urban,0.0369353333273412,3.4,62.0,17.0,17.9,3,40.294284,13.84,2025-10-22,Mon-Th,3,33
3.0,Mon-Th,16,24,3,urban,0.035539110895673166,2.7,65.0,257.0,10.7,3,57.221005,3.1,2025-10-22,Mon-Th,3,33
3.0,Mon-Th,22,5,2,urban,0.05230053650757635,-9.4,91.0,0.0,13.8,3,19.469639,16.37,2025-10-22,Mon-Th,3,33
3.0,Mon-Th,15,19,3,urban,0.021524880963868585,2.7,99.0,13.0,6.9,3,25.348087,8.8,2025-10-22,Mon-Th,3,33
3.0,Mon-Th,15,15,1,urban,0.017978677761321973,-0.0,100.0,13.0,8.2,3,14.605271,6.25,2025-10-22,Mon-Th,3,33
3.0,Mon-Th,9,16,8,urban,0.0016569944163692734,12.3,36.0,24.0,14.0,3,7.844944,8.33,2025-10-22,Mon-Th,3,33
3.0,Mon-Th,4,16,3,urban,0.010209807124664919,14.9,83.0,1.0,9.4,3,14.776547,27.0,2025-10-22,Mon-Th,3,33
3.0,Mon-Th,8,3,12,urban,0.021418201451134707,3.1,98.0,24.0,17.5,3,3.018273,8.15,2025-10-22,Mon-Th,3,33
3.0,Mon-Th,20,20,1,urban,0.03422041792502275,1.5,90.0,0.0,9.3,3,11.911671,35.8,2025-10-22,Mon-Th,3,33
3.0,Mon-Th,3,13,12,urban,0.037973237213419664,3.1,100.0,17.0,17.8,3,3.581265,9.69,2025-10-22,Mon-Th,3,33
3.0,Mon-Th,23,8,6,urban,0.03324372189161116,-5.4,40.0,12.0,5.0,3,13.433566,56.08,2025-10-22,Mon-Th,3,33
3.0,Mon-Th,20,12,1,urban,0.02447710366088359,2.2,69.0,18.0,6.7,3,22.868489,15.58,2025-10-22,Mon-Th,3,33
3.0,Mon-Th,20,26,3,urban,0.032720046238402696,-0.9,98.0,0.0,27.7,3,13.788789,6.34,2025-10-22,Mon-Th,3,33
3.0,Mon-Th,5,5,3,urban,0.019260651928200492,4.5,73.0,234.0,13.6,3,11.998216,8.23,2025-10-22,Mon-Th,3,33
3.0,Mon-Th,20,9,2,urban,0.042015152872749886,-10.3,99.0,1.0,4.6,3,15.49488,13.52,2025-10-22,Mon-Th,3,33
3.0,Mon-Th,20,20,3,urban,0.04115981085776204,4.3,60.0,2.0,16.4,3,17.388522,8.67,2025-10-22,Mon-Th,3,33
3.0,Mon-Th,4,8,1,urban,0.013201349680533775,3.8,97.0,23.0,13.8,3,3.108733,7.16,2025-10-22,Mon-Th,3,33
3.0,Mon-Th,0,10,3,urban,0.01797056549607575,3.4,33.0,29.0,4.9,3,3.195912,24.18,2025-10-22,Mon-Th,3,33
3.0,Mon-Th,3,6,1,urban,0.014259309003568426,-5.2,98.0,17.0,9.0,3,14.107517,15.45,2025-10-22,Mon-Th,3,33
3.0,Mon-Th,11,26,1,urban,0.01012874326089223,5.1,99.0,23.0,29.2,3,10.817504,13.43,2025-10-22,Mon-Th,3,33
3.0,Mon-Th,4,9,12,urban,0.038893476936249505,-4.7,57.0,147.0,13.0,3,3.635706,8.8,2025-10-22,Mon-Th,3,33
3.0,Mon-Th,23,8,12,urban,0.018849742973491804,0.5,90.0,0.0,16.0,3,12.808836,13.75,2025-10-22,Mon-Th,3,33
3.0,Mon-Th,13,27,2,urban,0.04074186311475882,-1.9,77.0,12.0,16.6,3,20.469142,41.8,2025-10-22,Mon-Th,3,33
3.0,Mon-Th,6,27,3,urban,0.00762772449346329,3.8,100.0,1.0,4.3,3,19.166798,15.45,2025-10-22,Mon-Th,3,33
3.0,Mon-Th,15,20,1,urban,0.020646354522113122,2.8,53.0,24.0,18.3,3,2.993717,12.46,2025-10-22,Mon-Th,3,33
3.0,Mon-Th,4,5,2,urban,0.015501453010068889,-1.0,100.0,1.0,11.1,3,33.591157,28.41,2025-10-22,Mon-Th,3,33
3.0,Mon-Th,4,26,1,urban,0.016260628715745382,2.7,66.0,20.0,15.9,3,11.405103,6.58,2025-10-22,Mon-Th,3,33
3.0,Mon-Th,21,18,1,urban,0.025934363859135334,3.4,71.0,22.0,13.3,3,20.904537,11.75,2025-10-22,Mon-Th,3,33
3.0,Mon-Th,16,11,3,urban,0.01419893215584575,2.8,99.0,67.0,7.8,3,81.310204,11.19,2025-10-22,Mon-Th,3,33
3.0,Mon-Th,16,24,3,urban,0.025095707630885866,-0.6,82.0,0.0,13.7,3,14.646269,10.26,2025-10-22,Mon-Th,3,33
3.0,Mon-Th,13,16,3,urban,0.018473387554886346,5.5,75.0,262.0,18.4,3,12.646002,26.19,2025-10-22,Mon-Th,3,33
3.0,Mon-Th,16,21,3,urban,0.04368704848027347,-0.4,67.0,12.0,15.3,3,17.28352,9.16,2025-10-22,Mon-Th,3,33
3.0,Mon-Th,4,23,4,urban,0.02505231652171379,-0.9,54.0,0.0,13.6,3,13.783692,3.29,2025-10-23,Mon-Th,3,26
3.0,Mon-Th,5,9,1,urban,0.035620478437545074,1.4,84.0,5.0,9.9,3,2.0,15.98,2025-10-23,Mon-Th,3,26
3.0,Mon-Th,3,26,5,urban,0.03462763805929781,15.0,93.0,18.0,15.5,3,7.80082,8.22,2025-10-23,Mon-Th,3,26
3.0,Mon-Th,12,2,2,urban,0.021961920017567013,-3.7,100.0,17.0,15.2,3,18.129719,4.7,2025-10-23,Mon-Th,3,26
3.0,Mon-Th,18,18,12,urban,0.04249546242050478,2.7,99.0,17.0,4.8,3,13.365529,8.92,2025-10-23,Mon-Th,3,26
3.0,Mon-Th,21,14,3,urban,0.04324367161626568,0.5,99.0,14.0,18.2,3,12.786592,10.29,2025-10-23,Mon-Th,3,26
3.0,Mon-Th,6,6,2,urban,0.05489128339960304,1.2,76.0,0.0,16.2,3,2.378983,8.93,2025-10-23,Mon-Th,3,26
3.0,Mon-Th,21,7,3,urban,0.03844469154069803,-3.8,93.0,0.0,7.1,3,11.744082,18.13,2025-10-23,Mon-Th,3,26
3.0,Mon-Th,23,7,12,urban,0.02641481228290295,1.5,100.0,17.0,13.1,3,12.652135,6.56,2025-10-23,Mon-Th,3,26
3.0,Mon-Th,15,21,1,urban,0.02959278961397246,3.4,100.0,16.0,3.6,3,14.134523,8.69,2025-10-23,Mon-Th,3,26
3.0,Mon-Th,16,21,1,urban,0.016692176624807802,1.5,64.0,0.0,18.7,3,2.195618,12.52,2025-10-23,Mon-Th,3,26
3.0,Mon-Th,19,21,2,urban,0.019129866629597033,1.9,71.0,27.0,15.3,3,2.847547,0.84,2025-10-23,Mon-Th,3,26
3.0,Mon-Th,3,7,3,urban,0.02031776528133176,2.9,100.0,26.0,6.9,3,5.092505,7.84,2025-10-23,Mon-Th,3,26
3.0,Mon-Th,12,16,3,urban,0.056071992385033964,-4.4,57.0,12.0,13.0,3,4.221721,7.06,2025-10-23,Mon-Th,3,26
3.0,Mon-Th,13,24,12,urban,0.03935743889757065,1.3,99.0,0.0,13.3,3,4.307203,7.33,2025-10-23,Mon-Th,3,26
3.0,Mon-Th,21,11,1,urban,0.018140231561090056,0.9,98.0,15.0,27.3,3,38.243632,6.94,2025-10-23,Mon-Th,3,26
3.0,Mon-Th,20,30,12,urban,0.05416471280481412,-6.6,100.0,0.0,11.9,3,14.394997,15.12,2025-10-23,Mon-Th,3,26
3.0,Mon-Th,16,21,1,urban,0.015264091622795385,3.7,100.0,19.0,16.2,3,2.439224,7.83,2025-10-23,Mon-Th,3,26
3.0,Mon-Th,18,27,1,urban,0.023487570460183765,1.8,99.0,18.0,13.5,3,2.360466,20.6,2025-10-23,Mon-Th,3,26
3.0,Mon-Th,5,7,12,urban,0.01240076182819916,4.1,100.0,21.0,15.2,3,2.899491,7.53,2025-10-23,Mon-Th,3,26
3.0,Mon-Th,12,19,1,urban,0.02135062513482002,11.6,78.0,18.0,10.7,3,3.35322,13.81,2025-10-23,Mon-Th,3,26
3.0,Mon-Th,9,10,1,urban,0.009477951290697811,3.5,82.0,0.0,11.7,3,15.400768,8.63,2025-10-23,Mon-Th,3,26
3.0,Mon-Th,15,27,3,urban,0.023846637075305297,-0.7,82.0,1.0,16.3,3,13.700694,6.3,2025-10-23,Mon-Th,3,26
3.0,Mon-Th,17,14,1,urban,0.04841568318265122,-5.8,96.0,0.0,14.9,3,14.173541,6.67,2025-10-23,Mon-Th,3,26
3.0,Mon-Th,17,8,12,urban,0.05266682807455173,1.1,99.0,19.0,13.3,3,13.166378,15.62,2025-10-23,Mon-Th,3,26
3.0,Mon-Th,22,26,3,urban,0.04480385189294527,-3.7,99.0,1.0,4.2,3,12.9723,7.66,2025-10-23,Mon-Th,3,26
3.0,Mon-Th,3,24,3,urban,0.025425934586185195,-2.7,94.0,19.0,11.1,3,10.952371,6.78,2025-10-27,Mon-Th,3,27
3.0,Mon-Th,14,11,3,urban,0.040322804075782044,3.3,79.0,28.0,11.0,3,16.660128,3.95,2025-10-27,Mon-Th,3,27
3.0,Mon-Th,22,24,1,urban,0.01430759904246368,2.6,83.0,0.0,11.5,3,11.357652,9.16,2025-10-27,Mon-Th,3,27
3.0,Mon-Th,17,3,9,urban,0.01415886350164912,-11.3,78.0,131.0,17.4,3,36.601353,9.7,2025-10-27,Mon-Th,3,27
3.0,Mon-Th,15,11,3,urban,0.03841678922718375,4.1,65.0,139.0,16.0,3,2.022757,9.4,2025-10-27,Mon-Th,3,27
3.0,Mon-Th,18,16,5,urban,0.04003921187906008,3.8,57.0,28.0,16.6,3,12.091477,7.68,2025-10-27,Mon-Th,3,27
3.0,Mon-Th,1,20,12,urban,0.014540955337797323,0.2,99.0,0.0,16.0,3,6.112138,11.01,2025-10-27,Mon-Th,3,27
3.0,Mon-Th,15,15,1,urban,0.016443472673648728,-1.0,99.0,0.0,10.0,3,38.608245,12.35,2025-10-27,Mon-Th,3,27
3.0,Mon-Th,10,13,3,urban,0.014753087251273694,-3.4,99.0,18.0,15.1,3,90.04331,28.7,2025-10-27,Mon-Th,3,27
3.0,Mon-Th,16,17,3,urban,0.0334747906709225,-9.0,83.0,18.0,14.0,3,12.523383,15.52,2025-10-27,Mon-Th,3,27
3.0,Mon-Th,16,6,1,urban,0.03439220127677045,3.6,69.0,15.0,16.6,3,2.956819,7.0,2025-10-27,Mon-Th,3,27
3.0,Mon-Th,16,3,1,urban,0.017658102975607215,3.8,94.0,0.0,5.3,3,11.499639,10.83,2025-10-27,Mon-Th,3,27
3.0,Mon-Th,16,13,1,urban,0.020497708355884083,3.4,48.0,24.0,14.5,3,13.576669,32.52,2025-10-27,Mon-Th,3,27
3.0,Mon-Th,15,15,1,urban,0.019186541221902276,1.1,76.0,12.0,17.3,3,8.464261,13.47,2025-10-27,Mon-Th,3,27
3.0,Mon-Th,1,17,3,urban,0.019505074380287122,4.8,84.0,144.0,15.5,3,5.392158,2.45,2025-10-27,Mon-Th,3,27
3.0,Mon-Th,13,19,3,urban,0.0335445371369749,4.6,43.0,189.0,18.3,3,40.238394,6.75,2025-10-27,Mon-Th,3,27
3.0,Mon-Th,15,4,4,urban,0.04713243974369753,5.8,56.0,245.0,13.3,3,4.033942,8.35,2025-10-27,Mon-Th,3,27
3.0,Mon-Th,15,3,1,urban,0.022569827346706404,2.9,99.0,22.0,14.4,3,2.0,6.26,2025-10-27,Mon-Th,3,27
3.0,Mon-Th,17,2,1,urban,0.01843354293381416,-2.6,99.0,0.0,29.3,3,23.995634,14.2,2025-10-27,Mon-Th,3,27
3.0,Mon-Th,18,14,3,urban,0.03478822615723226,2.0,96.0,243.0,5.5,3,15.960042,4.33,2025-10-27,Mon-Th,3,27
3.0,Mon-Th,4,9,2,urban,0.04282849328537994,-6.3,71.0,351.0,15.9,3,17.913246,14.9,2025-10-27,Mon-Th,3,27
3.0,Mon-Th,4,27,3,urban,0.016930664101847553,-12.4,100.0,14.0,5.2,3,33.119569,11.53,2025-10-27,Mon-Th,3,27
3.0,Mon-Th,6,8,12,urban,0.018100626109157768,1.4,100.0,97.0,16.4,3,25.54184,9.0,2025-10-27,Mon-Th,3,27
3.0,Mon-Th,16,17,1,urban,0.033975041895860786,-0.6,63.0,23.0,6.0,3,16.376081,6.87,2025-10-27,Mon-Th,3,27
3.0,Mon-Th,22,14,1,urban,0.022697500191988334,0.2,65.0,1.0,11.4,3,12.693799,28.45,2025-10-27,Mon-Th,3,27
3.0,Mon-Th,11,19,3,urban,0.018057523016938335,3.7,99.0,25.0,24.9,3,13.5925,10.74,2025-10-27,Mon-Th,3,27
3.0,Mon-Th,4,15,8,urban,0.012359907071429227,18.3,53.0,165.0,14.5,3,4.762096,10.8,2025-10-27,Mon-Th,3,27
3.0,Mon-Th,4,13,1,urban,0.014940612002881739,-0.3,94.0,18.0,20.9,3,10.873737,12.31,2025-10-28,Mon-Th,3,23
3.0,Mon-Th,11,21,5,urban,0.03772396611421129,9.8,57.0,329.0,4.9,3,17.960464,16.19,2025-10-28,Mon-Th,3,23
3.0,Mon-Th,13,6,1,urban,0.024221618346310935,3.0,98.0,21.0,11.2,3,35.809298,15.14,2025-10-28,Mon-Th,3,23
3.0,Mon-Th,0,12,3,urban,0.023975849234438604,2.5,98.0,0.0,31.3,3,14.816074,8.16,2025-10-28,Mon-Th,3,23
3.0,Mon-Th,18,21,1,urban,0.01747868468282998,-1.2,99.0,0.0,7.0,3,7.332235,23.97,2025-10-28,Mon-Th,3,23
3.0,Mon-Th,3,24,3,urban,0.02644536438658883,3.5,84.0,0.0,9.2,3,15.863275,4.93,2025-10-28,Mon-Th,3,23
3.0,Mon-Th,4,16,12,urban,0.009329382207093331,-4.2,93.0,2.0,8.8,3,10.259341,7.97,2025-10-28,Mon-Th,3,23
3.0,Mon-Th,19,15,2,urban,0.030282734078586754,2.4,99.0,0.0,5.6,3,3.626261,5.65,2025-10-28,Mon-Th,3,23
3.0,Mon-Th,15,13,12,urban,0.021714068915648733,3.6,67.0,9.0,13.5,3,16.970481,10.37,2025-10-28,Mon-Th,3,23
3.0,Mon-Th,21,15,12,urban,0.04150222852425398,1.9,99.0,0.0,4.1,3,10.431181,7.49,2025-10-28,Mon-Th,3,23
3.0,Mon-Th,4,11,11,urban,0.039255851766274524,1.9,89.0,79.0,20.1,3,17.226562,3.61,2025-10-28,Mon-Th,3,23
3.0,Mon-Th,18,13,1,urban,0.013357424828887483,1.9,99.0,220.0,5.3,3,35.146158,12.73,2025-10-28,Mon-Th,3,23
3.0,Mon-Th,21,28,2,urban,0.038179476657010845,5.1,98.0,17.0,11.4,3,15.199707,9.96,2025-10-28,Mon-Th,3,23
3.0,Mon-Th,11,26,1,urban,0.02257843041992149,3.3,99.0,19.0,11.3,3,11.819823,2.56,2025-10-28,Mon-Th,3,23
3.0,Mon-Th,18,4,3,urban,0.03867770322475715,7.1,46.0,315.0,8.3,3,16.334111,19.34,2025-10-28,Mon-Th,3,23
3.0,Mon-Th,10,8,1,urban,0.02379908520428304,2.8,69.0,30.0,14.6,3,13.515282,6.03,2025-10-28,Mon-Th,3,23
3.0,Mon-Th,9,15,3,urban,0.02647356379936421,0.5,97.0,0.0,22.1,3,8.050635,11.24,2025-10-28,Mon-Th,3,23
3.0,Mon-Th,10,11,12,urban,0.04195995952450223,-2.2,64.0,0.0,5.1,3,10.541652,3.73,2025-10-28,Mon-Th,3,23
3.0,Mon-Th,16,9,12,urban,0.04744322255005702,1.9,91.0,122.0,19.1,3,15.251704,9.43,2025-10-28,Mon-Th,3,23
3.0,Mon-Th,18,10,1,urban,0.018683426159671532,-11.9,99.0,209.0,10.8,3,12.685079,7.24,2025-10-28,Mon-Th,3,23
3.0,Mon-Th,16,13,3,urban,0.006365447401766606,4.9,57.0,16.0,24.6,3,32.026817,16.44,2025-10-28,Mon-Th,3,23
3.0,Mon-Th,18,26,1,urban,0.03029453607790882,1.4,52.0,20.0,7.4,3,11.605485,7.71,2025-10-28,Mon-Th,3,23
3.0,Mon-Th,14,17,3,urban,0.04805430376091183,2.6,55.0,179.0,13.5,3,4.145393,8.36,2025-10-28,Mon-Th,3,23
3.0,Mon-Th,11,21,12,urban,0.0019670852689518494,-10.4,75.0,60.0,5.7,3,20.180034,15.59,2025-10-29,Mon-Th,3,24
3.0,Mon-Th,22,13,1,urban,0.013867969193581908,3.0,71.0,6.0,3.3,3,12.451129,12.22,2025-10-29,Mon-Th,3,24
3.0,Mon-Th,13,2,3,urban,0.02078972182169422,1.9,100.0,10.0,12.4,3,14.020663,10.29,2025-10-29,Mon-Th,3,24
3.0,Mon-Th,4,9,3,urban,0.00336747139783382,7.4,61.0,247.0,4.2,3,57.889755,1.86,2025-10-29,Mon-Th,3,24
3.0,Mon-Th,22,15,1,urban,0.007400227927703942,-3.3,55.0,17.0,1.7,3,4.749346,9.12,2025-10-29,Mon-Th,3,24
3.0,Mon-Th,17,30,5,urban,0.04514756166350348,3.6,32.0,68.0,19.5,3,2.476377,17.53,2025-10-29,Mon-Th,3,24
3.0,Mon-Th,11,3,1,urban,0.011608536959780777,3.1,86.0,0.0,21.6,3,17.093534,14.73,2025-10-29,Mon-Th,3,24
3.0,Mon-Th,19,15,6,urban,0.04069839624393594,3.9,61.0,351.0,20.4,3,3.569953,9.89,2025-10-29,Mon-Th,3,24
3.0,Mon-Th,3,16,1,urban,0.018780571956164643,1.3,95.0,0.0,4.6,3,27.973753,6.8,2025-10-29,Mon-Th,3,24
3.0,Mon-Th,22,15,2,urban,0.05659419333134757,-6.2,80.0,1.0,14.2,3,8.426716,7.93,2025-10-29,Mon-Th,3,24
3.0,Mon-Th,11,27,1,urban,0.01816759278426032,3.2,100.0,17.0,25.1,3,7.84866,27.17,2025-10-29,Mon-Th,3,24
3.0,Mon-Th,12,27,1,urban,0.07127394012867698,-4.4,98.0,17.0,17.7,3,15.462648,5.55,2025-10-29,Mon-Th,3,24
3.0,Mon-Th,22,1,3,urban,0.044668056007345976,-1.3,67.0,1.0,9.9,3,18.894246,8.71,2025-10-29,Mon-Th,3,24
3.0,Mon-Th,13,10,12,urban,0.022068208129412934,2.8,98.0,0.0,6.2,3,13.355797,5.12,2025-10-29,Mon-Th,3,24
3.0,Mon-Th,12,13,12,urban,0.03792888276604981,-0.7,99.0,0.0,28.8,3,12.259894,8.33,2025-10-29,Mon-Th,3,24
3.0,Mon-Th,18,29,7,urban,0.04175377776521742,17.8,86.0,0.0,10.2,3,7.101153,5.18,2025-10-29,Mon-Th,3,24
3.0,Mon-Th,15,28,12,urban,0.04063274656186111,0.3,98.0,0.0,4.8,3,65.892152,5.14,2025-10-29,Mon-Th,3,24
3.0,Mon-Th,3,9,12,urban,0.0026535140588495537,3.3,98.0,0.0,5.6,3,26.05691,16.39,2025-10-29,Mon-Th,3,24
3.0,Mon-Th,15,27,2,urban,0.03358109089864959,-0.2,62.0,201.0,3.9,3,44.457585,5.01,2025-10-29,Mon-Th,3,24
3.0,Mon-Th,22,30,3,urban,0.004159870224187646,2.2,94.0,24.0,14.6,3,7.590446,2.16,2025-10-29,Mon-Th,3,24
3.0,Mon-Th,11,7,3,urban,0.001132213710288748,2.6,99.0,115.0,16.1,3,39.86321,16.75,2025-10-29,Mon-Th,3,24
3.0,Mon-Th,19,15,12,urban,0.011480657624514203,-1.6,98.0,1.0,17.3,3,10.04753,12.85,2025-10-29,Mon-Th,3,24
3.0,Mon-Th,4,21,1,urban,0.0023605975088490105,-12.5,57.0,0.0,2.3,3,13.252025,29.09,2025-10-29,Mon-Th,3,24
3.0,Mon-Th,22,19,2,urban,0.010079935336799564,-4.2,100.0,0.0,25.2,3,15.375723,15.39,2025-10-29,Mon-Th,3,24
3.0,Mon-Th,16,26,3,urban,0.025820960003332755,2.4,99.0,20.0,11.2,3,7.388718,6.51,2025-10-30,Mon-Th,3,26
3.0,Mon-Th,22,31,12,urban,0.05270512904501432,-8.8,95.0,0.0,5.2,3,13.519265,13.48,2025-10-30,Mon-Th,3,26
3.0,Mon-Th,13,11,4,urban,0.027986329169773325,4.5,53.0,309.0,15.9,3,15.770659,7.82,2025-10-30,Mon-Th,3,26
3.0,Mon-Th,20,28,3,urban,0.055357472510487706,-10.2,80.0,23.0,7.2,3,14.517712,52.41,2025-10-30,Mon-Th,3,26
3.0,Mon-Th,15,22,2,urban,0.04366499201489634,-1.0,66.0,2.0,6.3,3,16.258689,8.53,2025-10-30,Mon-Th,3,26
3.0,Mon-Th,15,30,1,urban,0.035361387334070606,2.4,96.0,2.0,13.9,3,16.114243,7.82,2025-10-30,Mon-Th,3,26
3.0,Mon-Th,5,8,12,urban,0.018782032274959823,4.5,82.0,0.0,2.2,3,3.23543,13.55,2025-10-30,Mon-Th,3,26
3.0,Mon-Th,16,14,12,urban,0.042404001234209135,-2.2,79.0,0.0,4.4,3,13.210678,21.03,2025-10-30,Mon-Th,3,26
3.0,Mon-Th,13,19,1,urban,0.022691790095634753,5.3,83.0,16.0,4.3,3,14.601688,27.67,2025-10-30,Mon-Th,3,26
3.0,Mon-Th,21,21,3,urban,0.02910305853205535,4.1,69.0,24.0,17.5,3,3.421952,13.09,2025-10-30,Mon-Th,3,26
3.0,Mon-Th,4,10,12,urban,0.01356597321656931,1.7,98.0,0.0,18.4,3,12.585196,3.71,2025-10-30,Mon-Th,3,26
3.0,Mon-Th,19,16,3,urban,0.02748464357493552,0.6,95.0,1.0,4.1,3,2.0,58.94,2025-10-30,Mon-Th,3,26
3.0,Mon-Th,0,2,1,urban,0.016223703450907487,2.5,63.0,23.0,23.2,3,19.480585,9.72,2025-10-30,Mon-Th,3,26
3.0,Mon-Th,19,7,12,urban,0.0391112004439317,2.3,100.0,0.0,16.7,3,10.511926,13.77,2025-10-30,Mon-Th,3,26
3.0,Mon-Th,4,11,1,urban,0.021579480186467548,2.8,97.0,1.0,11.5,3,19.630724,16.87,2025-10-30,Mon-Th,3,26
3.0,Mon-Th,19,27,1,urban,0.05218263053396321,2.9,79.0,25.0,13.2,3,2.623234,15.71,2025-10-30,Mon-Th,3,26
3.0,Mon-Th,14,15,3,urban,0.021292414036423582,4.4,100.0,56.0,12.6,3,2.482958,49.71,2025-10-30,Mon-Th,3,26
3.0,Mon-Th,11,21,3,urban,0.015714236706663554,3.8,88.0,20.0,8.2,3,12.443201,16.04,2025-10-30,Mon-Th,3,26
3.0,Mon-Th,9,11,3,urban,0.005389764604140106,-0.2,82.0,1.0,13.6,3,9.499055,3.61,2025-10-30,Mon-Th,3,26
3.0,Mon-Th,15,8,1,urban,0.026534201656798467,3.6,54.0,207.0,38.4,3,24.202697,8.66,2025-10-30,Mon-Th,3,26
3.0,Mon-Th,21,21,1,urban,0.0244059775077609,2.7,100.0,304.0,17.7,3,47.150344,10.16,2025-10-30,Mon-Th,3,26
3.0,Mon-Th,10,22,1,urban,0.038175972614856765,1.1,75.0,51.0,10.9,3,2.440746,9.67,2025-10-30,Mon-Th,3,26
3.0,Mon-Th,9,27,3,urban,0.012990529913094647,14.7,57.0,122.0,11.9,3,6.943574,12.1,2025-10-30,Mon-Th,3,26
3.0,Mon-Th,21,4,12,urban,0.04149355326806727,0.1,71.0,16.0,3.2,3,14.499979,2.93,2025-10-30,Mon-Th,3,26
3.0,Mon-Th,16,27,2,urban,0.05095000475295008,8.4,91.0,15.0,11.1,3,14.957907,2.64,2025-10-30,Mon-Th,3,26
3.0,Mon-Th,20,8,12,sub-urban,0.050404619314403196,-0.2,73.0,1.0,6.8,3,12.305887,39.35,2025-10-30,Mon-Th,3,26
3.0,Mon-Th,21,5,3,urban,0.02400695361901315,2.7,71.0,25.0,18.7,3,17.531376,1.79,2025-11-03,Mon-Th,3,18
3.0,Mon-Th,4,8,3,urban,0.0062928951906129574,13.0,81.0,222.0,9.5,3,84.210147,10.96,2025-11-03,Mon-Th,3,18
3.0,Mon-Th,6,19,2,urban,0.038907792656633786,-2.8,96.0,19.0,14.5,3,11.582432,11.86,2025-11-03,Mon-Th,3,18
3.0,Mon-Th,3,19,12,urban,0.022821001240361172,0.2,62.0,21.0,5.1,3,2.134954,11.25,2025-11-03,Mon-Th,3,18
3.0,Mon-Th,17,23,3,urban,0.037302631719036965,4.8,97.0,0.0,19.7,3,7.27692,16.63,2025-11-03,Mon-Th,3,18
3.0,Mon-Th,11,21,1,urban,0.03485997177427954,8.8,59.0,14.0,11.9,3,8.502509,11.19,2025-11-03,Mon-Th,3,18
3.0,Mon-Th,16,2,12,urban,0.04249133456670208,-1.1,83.0,0.0,29.1,3,16.261292,12.6,2025-11-03,Mon-Th,3,18
3.0,Mon-Th,15,13,2,sub-urban,0.0022783935900225426,3.5,61.0,17.0,14.1,3,16.343722,10.2,2025-11-03,Mon-Th,3,18
3.0,Mon-Th,16,11,1,urban,0.0310142618886932,5.0,80.0,22.0,15.9,3,15.706664,8.93,2025-11-03,Mon-Th,3,18
3.0,Mon-Th,11,21,1,urban,0.013130486418963711,2.4,94.0,20.0,6.8,3,16.142227,13.65,2025-11-03,Mon-Th,3,18
3.0,Mon-Th,16,15,1,urban,0.011530444287293136,3.8,100.0,14.0,27.4,3,2.0,8.05,2025-11-03,Mon-Th,3,18
3.0,Mon-Th,20,13,8,urban,0.05272639166272716,14.4,98.0,101.0,3.1,3,6.424085,48.23,2025-11-03,Mon-Th,3,18
3.0,Mon-Th,12,19,3,urban,0.03933011978564773,4.0,62.0,0.0,15.4,3,3.196365,17.32,2025-11-03,Mon-Th,3,18
3.0,Mon-Th,18,17,2,urban,0.04245472415607837,-13.5,74.0,0.0,4.5,3,73.549039,5.96,2025-11-03,Mon-Th,3,18
3.0,Mon-Th,21,1,3,urban,0.04015327339241844,4.8,99.0,2.0,11.7,3,2.847699,12.28,2025-11-03,Mon-Th,3,18
3.0,Mon-Th,16,11,1,urban,0.014155057874136678,2.9,85.0,11.0,15.2,3,3.060645,8.48,2025-11-03,Mon-Th,3,18
3.0,Mon-Th,21,10,3,urban,0.041511162562709675,2.6,99.0,61.0,33.5,3,14.119204,15.36,2025-11-03,Mon-Th,3,18
3.0,Mon-Th,15,13,3,urban,0.03756621434361472,2.2,75.0,186.0,13.1,3,2.0,8.97,2025-11-03,Mon-Th,3,18
3.0,Mon-Th,0,21,1,urban,0.03758752634988062,2.6,66.0,14.0,26.1,3,15.20145,14.47,2025-11-04,Mon-Th,3,31
3.0,Mon-Th,4,11,1,urban,0.013284735207806396,2.8,60.0,0.0,9.7,3,2.51203,19.88,2025-11-04,Mon-Th,3,31
3.0,Mon-Th,10,2,1,urban,0.005188490144428998,3.4,59.0,16.0,16.4,3,17.782163,14.95,2025-11-04,Mon-Th,3,31
3.0,Mon-Th,15,6,1,urban,0.033967309032575076,1.8,100.0,20.0,16.5,3,2.0,9.44,2025-11-04,Mon-Th,3,31
3.0,Mon-Th,15,8,1,urban,0.024010322731226184,2.8,48.0,8.0,26.5,3,35.960161,0.95,2025-11-04,Mon-Th,3,31
3.0,Mon-Th,11,27,6,urban,0.016677948874183002,1.2,55.0,22.0,4.6,3,7.713535,6.41,2025-11-04,Mon-Th,3,31
3.0,Mon-Th,18,24,1,urban,0.03985597134459834,2.9,65.0,1.0,4.4,3,10.460376,6.88,2025-11-04,Mon-Th,3,31
3.0,Mon-Th,16,15,3,urban,0.023961223195636996,1.8,76.0,20.0,14.2,3,38.871149,8.11,2025-11-04,Mon-Th,3,31
3.0,Mon-Th,11,13,1,urban,0.01178624823240724,2.2,99.0,23.0,6.1,3,18.464769,7.14,2025-11-04,Mon-Th,3,31
3.0,Mon-Th,4,5,2,urban,0.03415939227542037,1.8,60.0,20.0,15.5,3,54.036414,7.43,2025-11-04,Mon-Th,3,31
3.0,Mon-Th,18,31,3,sub-urban,0.03891336377262883,-3.1,94.0,321.0,14.9,3,18.262332,8.65,2025-11-04,Mon-Th,3,31
3.0,Mon-Th,10,27,1,urban,0.01609303802043736,3.1,99.0,18.0,18.9,3,16.508923,5.37,2025-11-04,Mon-Th,3,31
3.0,Mon-Th,22,4,3,urban,0.008764643576452945,-0.5,99.0,16.0,12.5,3,12.485088,9.6,2025-11-04,Mon-Th,3,31
3.0,Mon-Th,19,8,3,urban,0.039276219737308216,1.1,63.0,46.0,10.1,3,17.716649,5.26,2025-11-04,Mon-Th,3,31
3.0,Mon-Th,12,21,12,urban,0.019136126053973558,1.6,78.0,16.0,12.7,3,23.927431,9.69,2025-11-04,Mon-Th,3,31
3.0,Mon-Th,14,6,1,urban,0.04334341626299365,2.9,94.0,13.0,11.9,3,38.840908,23.16,2025-11-04,Mon-Th,3,31
3.0,Mon-Th,14,16,3,urban,0.027878337337710224,5.5,78.0,0.0,6.6,3,23.816937,11.42,2025-11-04,Mon-Th,3,31
3.0,Mon-Th,13,24,3,urban,0.018439461397196252,10.7,63.0,19.0,13.2,3,24.929403,5.53,2025-11-04,Mon-Th,3,31
3.0,Mon-Th,20,27,1,urban,0.02357319804023076,-7.7,61.0,20.0,7.1,3,5.971166,9.99,2025-11-04,Mon-Th,3,31
3.0,Mon-Th,22,11,3,urban,0.005460706436214104,-8.0,94.0,0.0,5.6,3,8.201717,21.81,2025-11-04,Mon-Th,3,31
3.0,Mon-Th,15,3,1,urban,0.022548676878283335,4.8,61.0,220.0,14.6,3,21.83602,9.17,2025-11-04,Mon-Th,3,31
3.0,Mon-Th,22,22,1,urban,0.04274439914600004,-4.9,81.0,17.0,16.9,3,13.987917,16.46,2025-11-04,Mon-Th,3,31
3.0,Mon-Th,20,27,3,urban,0.026911404265322098,-1.4,96.0,208.0,13.8,3,40.571932,8.09,2025-11-04,Mon-Th,3,31
3.0,Mon-Th,22,28,12,urban,0.04716598354393915,-9.0,80.0,0.0,9.2,3,14.54276,13.1,2025-11-04,Mon-Th,3,31
3.0,Mon-Th,3,11,1,urban,0.01755320903254963,2.1,67.0,19.0,26.9,3,6.711983,6.61,2025-11-04,Mon-Th,3,31
3.0,Mon-Th,13,31,3,urban,0.04220683815615484,3.9,100.0,15.0,12.3,3,7.491196,6.53,2025-11-04,Mon-Th,3,31
3.0,Mon-Th,18,3,1,urban,0.024698547829560866,4.4,61.0,26.0,15.0,3,46.978107,16.31,2025-11-04,Mon-Th,3,31
3.0,Mon-Th,16,17,2,urban,0.006385059063334444,1.4,99.0,0.0,11.3,3,11.419184,15.13,2025-11-04,Mon-Th,3,31
3.0,Mon-Th,16,14,1,urban,0.019021417137018985,2.8,82.0,16.0,2.7,3,9.297665,15.72,2025-11-04,Mon-Th,3,31
3.0,Mon-Th,6,13,12,urban,0.046057473309555834,3.1,76.0,1.0,8.1,3,19.963205,22.52,2025-11-04,Mon-Th,3,31
3.0,Mon-Th,11,3,1,urban,0.021584930381099317,1.6,50.0,24.0,14.9,3,17.781429,12.89,2025-11-04,Mon-Th,3,31
3.0,Mon-Th,3,15,3,urban,0.0173432883742879,2.3,51.0,238.0,2.7,3,36.317068,3.37,2025-11-05,Mon-Th,3,26
3.0,Mon-Th,21,11,3,urban,0.04231618893839351,1.1,99.0,125.0,7.4,3,2.513016,14.49,2025-11-05,Mon-Th,3,26
3.0,Mon-Th,9,9,12,urban,0.03795859776763594,10.9,88.0,108.0,4.2,3,5.71111,7.47,2025-11-05,Mon-Th,3,26
3.0,Mon-Th,5,5,3,urban,0.025025924053267555,0.1,100.0,0.0,18.9,3,13.351189,14.94,2025-11-05,Mon-Th,3,26
3.0,Mon-Th,9,11,3,urban,0.04325512111398165,1.7,100.0,53.0,7.3,3,11.77181,11.65,2025-11-05,Mon-Th,3,26
3.0,Mon-Th,13,4,12,urban,0.048471655027910815,-0.4,98.0,18.0,9.2,3,3.971443,7.46,2025-11-05,Mon-Th,3,26
3.0,Mon-Th,6,26,1,urban,0.017729738467765665,4.1,99.0,19.0,24.1,3,23.901601,4.19,2025-11-05,Mon-Th,3,26
3.0,Mon-Th,5,15,1,urban,0.02647925607084387,3.1,99.0,11.0,20.2,3,18.537256,15.84,2025-11-05,Mon-Th,3,26
3.0,Mon-Th,15,18,1,urban,0.06720078805982188,2.1,100.0,1.0,16.0,3,3.771189,3.21,2025-11-05,Mon-Th,3,26
3.0,Mon-Th,15,13,3,urban,0.01950774899751304,4.6,86.0,17.0,14.7,3,2.937563,15.18,2025-11-05,Mon-Th,3,26
3.0,Mon-Th,18,27,1,sub-urban,0.0210720986454248,2.5,73.0,22.0,17.6,3,85.34412,10.91,2025-11-05,Mon-Th,3,26
3.0,Mon-Th,16,28,3,urban,0.013353594428491121,4.7,98.0,15.0,14.1,3,19.958118,18.73,2025-11-05,Mon-Th,3,26
3.0,Mon-Th,16,3,1,urban,0.026627383039678328,24.4,58.0,213.0,10.7,3,12.76221,30.53,2025-11-05,Mon-Th,3,26
3.0,Mon-Th,22,22,3,urban,0.022092755926153396,3.0,98.0,0.0,13.7,3,37.399408,14.5,2025-11-05,Mon-Th,3,26
3.0,Mon-Th,9,21,1,urban,0.020983647709733412,0.0,92.0,0.0,8.7,3,11.133863,8.94,2025-11-05,Mon-Th,3,26
3.0,Mon-Th,20,11,3,urban,0.032609857217861325,0.9,59.0,1.0,22.9,3,2.0,13.43,2025-11-05,Mon-Th,3,26
3.0,Mon-Th,3,21,1,urban,0.02130027508422256,3.2,100.0,0.0,23.7,3,21.27304,8.87,2025-11-05,Mon-Th,3,26
3.0,Mon-Th,1,23,12,urban,0.040401834776852344,0.4,54.0,0.0,14.5,3,16.131703,7.35,2025-11-05,Mon-Th,3,26
3.0,Mon-Th,16,6,12,urban,0.03862318991687918,-0.2,75.0,0.0,20.8,3,13.707302,13.38,2025-11-05,Mon-Th,3,26
3.0,Mon-Th,15,25,3,urban,0.002184926669466536,2.7,54.0,226.0,16.4,3,61.160584,7.87,2025-11-05,Mon-Th,3,26
3.0,Mon-Th,7,21,3,urban,0.03352205472788366,2.5,97.0,59.0,20.7,3,22.236106,4.19,2025-11-05,Mon-Th,3,26
3.0,Mon-Th,16,8,3,urban,0.017988477145386837,4.1,80.0,18.0,17.1,3,15.686819,7.66,2025-11-05,Mon-Th,3,26
3.0,Mon-Th,4,5,1,urban,0.031965530104024656,2.3,68.0,19.0,11.1,3,2.0,6.94,2025-11-05,Mon-Th,3,26
3.0,Mon-Th,13,10,1,sub-urban,0.04428507301848549,-14.0,79.0,20.0,8.6,3,30.064196,6.42,2025-11-05,Mon-Th,3,26
3.0,Mon-Th,17,21,8,urban,0.003061498948536877,10.0,64.0,0.0,6.1,3,7.453013,15.02,2025-11-05,Mon-Th,3,26
3.0,Mon-Th,9,27,9,urban,0.016013946737176748,5.6,75.0,22.0,5.5,3,12.298067,8.49,2025-11-05,Mon-Th,3,26
3.0,Mon-Th,18,19,2,urban,0.021850457545352538,-2.0,64.0,26.0,7.4,3,47.866059,4.5,2025-11-06,Mon-Th,3,24
3.0,Mon-Th,23,3,1,urban,0.04112486481152335,2.7,98.0,20.0,19.5,3,13.315017,3.81,2025-11-06,Mon-Th,3,24
3.0,Mon-Th,15,7,2,urban,0.05332913199779452,-7.6,65.0,1.0,10.7,3,39.561455,9.3,2025-11-06,Mon-Th,3,24
3.0,Mon-Th,16,15,1,urban,0.011354780621658216,2.6,98.0,20.0,13.8,3,2.969846,10.72,2025-11-06,Mon-Th,3,24
3.0,Mon-Th,11,13,3,urban,0.03716576339775672,4.3,57.0,15.0,14.0,3,17.534297,9.36,2025-11-06,Mon-Th,3,24
3.0,Mon-Th,12,15,12,urban,0.031353958008427205,-1.1,76.0,21.0,14.0,3,8.661814,31.77,2025-11-06,Mon-Th,3,24
3.0,Mon-Th,20,7,3,urban,0.04114908920450057,0.6,68.0,1.0,17.3,3,12.277508,8.5,2025-11-06,Mon-Th,3,24
3.0,Mon-Th,21,15,12,urban,0.020256696278402306,6.4,100.0,15.0,15.7,3,33.83773,9.44,2025-11-06,Mon-Th,3,24
3.0,Mon-Th,4,13,1,urban,0.015191111007814867,4.9,99.0,19.0,8.6,3,18.360535,12.25,2025-11-06,Mon-Th,3,24
3.0,Mon-Th,4,8,1,urban,0.014483692336499413,1.4,96.0,271.0,27.6,3,35.115547,14.78,2025-11-06,Mon-Th,3,24
3.0,Mon-Th,5,27,1,urban,0.01040927250792728,4.5,100.0,172.0,23.6,3,18.01204,10.24,2025-11-06,Mon-Th,3,24
3.0,Mon-Th,21,22,1,urban,0.012028018765899706,2.5,81.0,1.0,14.2,3,13.769402,8.7,2025-11-06,Mon-Th,3,24
3.0,Mon-Th,5,23,1,urban,0.034994022837150425,2.0,76.0,15.0,7.6,3,2.33649,6.79,2025-11-06,Mon-Th,3,24
3.0,Mon-Th,16,17,3,sub-urban,0.023913789209372698,0.1,48.0,0.0,10.9,3,17.346475,9.87,2025-11-06,Mon-Th,3,24
3.0,Mon-Th,3,10,12,urban,0.035892831770352115,5.1,98.0,0.0,17.9,3,14.713387,7.65,2025-11-06,Mon-Th,3,24
3.0,Mon-Th,3,8,3,urban,0.013434040524951101,1.5,100.0,79.0,3.0,3,39.80527,10.3,2025-11-06,Mon-Th,3,24
3.0,Mon-Th,16,20,1,urban,0.017233676181275644,2.3,91.0,0.0,28.4,3,7.554166,4.93,2025-11-06,Mon-Th,3,24
3.0,Mon-Th,22,16,3,urban,0.005418584600880908,0.1,98.0,21.0,11.6,3,9.001886,12.81,2025-11-06,Mon-Th,3,24
3.0,Mon-Th,4,23,12,urban,0.019237962681460545,0.2,93.0,1.0,15.9,3,3.216727,21.7,2025-11-06,Mon-Th,3,24
3.0,Mon-Th,15,22,1,urban,0.024590017611550732,-0.2,60.0,25.0,31.8,3,18.614177,10.97,2025-11-06,Mon-Th,3,24
3.0,Mon-Th,19,24,1,urban,0.014884589407254133,3.7,77.0,0.0,23.5,3,9.315514,11.09,2025-11-06,Mon-Th,3,24
3.0,Mon-Th,16,3,2,urban,0.027575858713739416,-2.5,100.0,0.0,10.0,3,90.759893,9.55,2025-11-06,Mon-Th,3,24
3.0,Mon-Th,3,20,1,urban,0.024062792980723488,4.0,72.0,0.0,8.8,3,8.883662,12.54,2025-11-06,Mon-Th,3,24
3.0,Mon-Th,15,25,1,urban,0.016528428289219414,2.7,98.0,21.0,14.8,3,4.174942,3.94,2025-11-06,Mon-Th,3,24
3.0,Mon-Th,5,3,12,urban,0.015519962625543546,4.1,61.0,444.0,6.7,3,12.398393,11.53,2025-11-10,Mon-Th,3,34
3.0,Mon-Th,16,21,2,urban,0.009963776660840624,1.4,99.0,0.0,16.1,3,70.252036,33.31,2025-11-10,Mon-Th,3,34
3.0,Mon-Th,22,22,3,urban,0.019989682005226883,-6.5,100.0,1.0,11.5,3,37.24974,12.93,2025-11-10,Mon-Th,3,34
3.0,Mon-Th,21,4,8,sub-urban,0.007797641225053739,-12.1,56.0,215.0,12.5,3,9.386855,29.0,2025-11-10,Mon-Th,3,34
3.0,Mon-Th,11,13,2,urban,0.025178215997839953,2.3,66.0,22.0,13.3,3,30.853558,11.88,2025-11-10,Mon-Th,3,34
3.0,Mon-Th,21,24,1,urban,0.03730343014026347,2.6,83.0,28.0,3.8,3,19.659472,4.96,2025-11-10,Mon-Th,3,34
3.0,Mon-Th,4,14,1,urban,0.0020011143641233933,2.7,97.0,29.0,11.9,3,19.738651,6.09,2025-11-10,Mon-Th,3,34
3.0,Mon-Th,18,6,3,urban,0.02127841959938225,2.5,92.0,13.0,10.2,3,32.442307,11.74,2025-11-10,Mon-Th,3,34
3.0,Mon-Th,15,12,2,urban,0.02837700564216928,-0.5,73.0,0.0,16.0,3,11.109233,5.09,2025-11-10,Mon-Th,3,34
3.0,Mon-Th,17,2,2,urban,0.017733059315566926,2.5,94.0,22.0,12.9,3,34.310821,8.15,2025-11-10,Mon-Th,3,34
3.0,Mon-Th,9,13,2,urban,0.04230845477966009,1.4,99.0,17.0,24.6,3,61.365858,12.91,2025-11-10,Mon-Th,3,34
3.0,Mon-Th,18,8,3,urban,0.0068601037493775194,6.1,75.0,25.0,15.5,3,20.630152,7.82,2025-11-10,Mon-Th,3,34
3.0,Mon-Th,15,31,12,urban,0.0392921164927267,2.6,73.0,302.0,17.7,3,21.080451,12.58,2025-11-10,Mon-Th,3,34
3.0,Mon-Th,11,13,12,urban,0.03527401572910114,-0.1,57.0,0.0,7.2,3,16.924158,8.24,2025-11-10,Mon-Th,3,34
3.0,Mon-Th,11,11,1,urban,0.01823634095408609,3.1,94.0,20.0,16.5,3,9.192249,6.59,2025-11-10,Mon-Th,3,34
3.0,Mon-Th,13,7,1,urban,0.006069587491707079,2.2,95.0,0.0,16.6,3,2.188767,7.2,2025-11-10,Mon-Th,3,34
3.0,Mon-Th,22,13,1,urban,0.03734751418667352,1.9,69.0,11.0,15.6,3,2.93538,14.97,2025-11-10,Mon-Th,3,34
3.0,Mon-Th,15,14,1,urban,0.041670940995148634,-3.6,95.0,0.0,15.3,3,15.088868,5.27,2025-11-10,Mon-Th,3,34
3.0,Mon-Th,4,6,1,urban,0.022782009682089124,3.2,55.0,21.0,14.0,3,22.853872,8.45,2025-11-10,Mon-Th,3,34
3.0,Mon-Th,16,4,3,urban,0.030640976461419604,6.6,62.0,342.0,9.2,3,40.489304,15.07,2025-11-10,Mon-Th,3,34
3.0,Mon-Th,21,15,1,urban,0.037452943201493984,4.1,77.0,19.0,14.5,3,2.984888,14.3,2025-11-10,Mon-Th,3,34
3.0,Mon-Th,6,27,1,urban,0.013507849196995441,0.6,98.0,1.0,8.9,3,39.790215,7.13,2025-11-10,Mon-Th,3,34
3.0,Mon-Th,18,28,2,urban,0.0534786372147818,-4.9,94.0,0.0,13.5,3,11.147358,11.39,2025-11-10,Mon-Th,3,34
3.0,Mon-Th,20,26,3,urban,0.0391729883246196,-11.0,82.0,16.0,5.8,3,14.440056,33.27,2025-11-10,Mon-Th,3,34
3.0,Mon-Th,10,13,2,urban,0.05441863421767513,-6.8,99.0,0.0,2.5,3,12.480188,24.86,2025-11-10,Mon-Th,3,34
3.0,Mon-Th,6,5,6,urban,0.03657657785083962,1.3,65.0,18.0,19.6,3,18.468086,7.34,2025-11-10,Mon-Th,3,34
3.0,Mon-Th,4,21,1,urban,0.012175332001482343,-1.4,100.0,71.0,4.2,3,13.534787,22.0,2025-11-10,Mon-Th,3,34
3.0,Mon-Th,17,26,9,urban,0.042270011151794296,-7.2,83.0,12.0,7.6,3,22.768152,16.6,2025-11-10,Mon-Th,3,34
3.0,Mon-Th,10,25,1,urban,0.03387722974278607,0.8,94.0,0.0,16.6,3,38.001518,4.65,2025-11-10,Mon-Th,3,34
3.0,Mon-Th,16,20,1,urban,0.028381766462524858,2.3,92.0,6.0,23.2,3,12.184989,3.38,2025-11-10,Mon-Th,3,34
3.0,Mon-Th,2,13,3,urban,0.02424859943384864,3.5,99.0,15.0,27.8,3,40.419466,15.49,2025-11-10,Mon-Th,3,34
3.0,Mon-Th,18,25,3,urban,0.04506471595752257,2.1,90.0,16.0,11.1,3,11.049469,6.04,2025-11-10,Mon-Th,3,34
3.0,Mon-Th,9,19,3,urban,0.04463002619357147,3.5,59.0,375.0,15.3,3,16.461517,2.42,2025-11-10,Mon-Th,3,34
3.0,Mon-Th,21,14,3,urban,0.022055358902670172,0.0,81.0,113.0,11.8,3,14.550564,15.71,2025-11-10,Mon-Th,3,34
3.0,Mon-Th,10,5,3,urban,0.03849883146344542,13.1,100.0,18.0,5.7,3,7.162131,6.91,2025-11-11,Mon-Th,3,21
3.0,Mon-Th,0,11,8,urban,0.017514097774265193,12.8,63.0,192.0,6.8,3,17.242089,14.56,2025-11-11,Mon-Th,3,21
3.0,Mon-Th,22,1,3,sub-urban,0.03997741327278916,-1.8,99.0,0.0,6.0,3,11.502241,3.71,2025-11-11,Mon-Th,3,21
3.0,Mon-Th,16,16,11,urban,0.036040559692921574,1.4,98.0,19.0,18.6,3,20.676858,3.14,2025-11-11,Mon-Th,3,21
3.0,Mon-Th,16,27,1,urban,0.020927146618965487,-5.3,98.0,262.0,16.8,3,32.026644,12.8,2025-11-11,Mon-Th,3,21
3.0,Mon-Th,10,24,12,urban,0.022007247614630295,-0.1,41.0,497.0,16.8,3,10.496319,12.39,2025-11-11,Mon-Th,3,21
3.0,Mon-Th,4,13,3,urban,0.04941579936119812,-7.0,50.0,44.0,12.2,3,66.598528,6.47,2025-11-11,Mon-Th,3,21
3.0,Mon-Th,15,30,3,urban,0.04168896645941532,-1.0,80.0,1.0,12.7,3,12.078734,37.55,2025-11-11,Mon-Th,3,21
3.0,Mon-Th,17,22,3,urban,0.03505733177052055,-2.5,63.0,270.0,8.6,3,13.213113,6.48,2025-11-11,Mon-Th,3,21
3.0,Mon-Th,16,20,1,urban,0.013477530604027631,1.2,99.0,18.0,27.6,3,93.243771,10.29,2025-11-11,Mon-Th,3,21
3.0,Mon-Th,1,16,3,urban,0.026940872603206604,1.9,53.0,427.0,6.6,3,19.283785,19.65,2025-11-11,Mon-Th,3,21
3.0,Mon-Th,19,3,1,urban,0.03589356612010318,1.1,72.0,20.0,13.8,3,18.619822,12.28,2025-11-11,Mon-Th,3,21
3.0,Mon-Th,16,14,1,urban,0.027761056095615102,1.9,51.0,252.0,15.9,3,19.784455,14.75,2025-11-11,Mon-Th,3,21
3.0,Mon-Th,3,24,12,urban,0.008762437476271817,2.8,98.0,0.0,7.5,3,19.603536,9.79,2025-11-11,Mon-Th,3,21
3.0,Mon-Th,23,12,1,urban,0.020959896371506904,-0.4,99.0,26.0,16.2,3,4.231353,41.26,2025-11-11,Mon-Th,3,21
3.0,Mon-Th,21,28,12,urban,0.028854344113830914,-2.7,99.0,1.0,5.3,3,10.917725,5.88,2025-11-11,Mon-Th,3,21
3.0,Mon-Th,21,13,1,urban,0.0205147089610331,1.4,90.0,10.0,3.9,3,5.160546,15.69,2025-11-11,Mon-Th,3,21
3.0,Mon-Th,15,11,1,urban,0.0068273065792539295,3.5,99.0,2.0,17.3,3,2.596215,20.23,2025-11-11,Mon-Th,3,21
3.0,Mon-Th,4,16,1,urban,0.021958973299041753,2.6,99.0,1.0,13.7,3,11.71018,9.47,2025-11-11,Mon-Th,3,21
3.0,Mon-Th,15,24,1,urban,0.03539805645393014,5.9,87.0,0.0,18.1,3,15.929249,5.63,2025-11-11,Mon-Th,3,21
3.0,Mon-Th,17,15,3,urban,0.030026699359528168,2.2,86.0,0.0,5.8,3,41.957853,8.75,2025-11-11,Mon-Th,3,21
3.0,Mon-Th,11,15,2,urban,0.023086614606829318,1.9,96.0,0.0,15.9,3,2.443503,43.93,2025-11-12,Mon-Th,3,25
3.0,Mon-Th,9,13,12,urban,0.05000978426761582,2.0,82.0,1.0,3.9,3,3.982332,11.79,2025-11-12,Mon-Th,3,25
3.0,Mon-Th,11,5,3,urban,0.03801945922772616,18.4,92.0,48.0,16.2,3,13.702189,6.94,2025-11-12,Mon-Th,3,25
3.0,Mon-Th,13,13,12,urban,0.01514416297110673,1.4,98.0,64.0,17.7,3,43.252734,11.55,2025-11-12,Mon-Th,3,25
3.0,Mon-Th,17,13,9,urban,0.03468102457891788,3.7,65.0,19.0,15.7,3,15.784066,3.37,2025-11-12,Mon-Th,3,25
3.0,Mon-Th,15,27,3,urban,0.024897676894688747,6.9,52.0,225.0,6.2,3,10.054157,11.58,2025-11-12,Mon-Th,3,25
3.0,Mon-Th,13,3,2,urban,0.054419108824844076,-3.5,78.0,0.0,8.9,3,65.238852,13.42,2025-11-12,Mon-Th,3,25
3.0,Mon-Th,23,6,1,urban,0.035281799161777816,-4.5,100.0,0.0,14.9,3,14.528753,13.58,2025-11-12,Mon-Th,3,25
3.0,Mon-Th,10,11,3,urban,0.05365884496538926,-1.8,81.0,2.0,3.5,3,18.777635,14.7,2025-11-12,Mon-Th,3,25
3.0,Mon-Th,11,20,1,urban,0.017106442457505637,3.8,100.0,11.0,12.8,3,6.401353,15.37,2025-11-12,Mon-Th,3,25
3.0,Mon-Th,19,24,1,urban,0.03069126285306381,2.6,100.0,0.0,16.3,3,40.755031,25.72,2025-11-12,Mon-Th,3,25
3.0,Mon-Th,3,26,1,urban,0.008510586590485876,2.2,95.0,16.0,30.4,3,30.66485,7.15,2025-11-12,Mon-Th,3,25
3.0,Mon-Th,20,14,2,urban,0.04350189032621393,-10.2,99.0,203.0,6.0,3,10.934083,35.24,2025-11-12,Mon-Th,3,25
3.0,Mon-Th,22,18,3,urban,0.028714165895935746,5.5,100.0,0.0,22.1,3,17.477949,8.13,2025-11-12,Mon-Th,3,25
3.0,Mon-Th,21,16,2,urban,0.04204702903436108,1.9,67.0,0.0,9.7,3,20.418258,7.01,2025-11-12,Mon-Th,3,25
3.0,Mon-Th,3,4,12,urban,0.033572377172829876,2.4,100.0,1.0,13.3,3,5.783626,6.15,2025-11-12,Mon-Th,3,25
3.0,Mon-Th,3,21,3,urban,0.024311802535304017,2.6,100.0,17.0,18.8,3,20.859064,13.38,2025-11-12,Mon-Th,3,25
3.0,Mon-Th,16,21,1,urban,0.009341919811986696,1.8,93.0,0.0,4.0,3,65.456708,11.36,2025-11-12,Mon-Th,3,25
3.0,Mon-Th,21,11,2,urban,0.017152649011439532,0.9,99.0,21.0,16.8,3,13.772521,22.5,2025-11-12,Mon-Th,3,25
3.0,Mon-Th,16,26,1,urban,0.04229914505270838,-8.1,81.0,12.0,6.2,3,18.134037,3.03,2025-11-12,Mon-Th,3,25
3.0,Mon-Th,15,11,3,urban,0.02195463994445879,3.7,52.0,19.0,6.9,3,42.997175,58.73,2025-11-12,Mon-Th,3,25
3.0,Mon-Th,19,3,2,urban,0.04427487010919538,1.0,100.0,1.0,4.8,3,15.076684,12.2,2025-11-12,Mon-Th,3,25
3.0,Mon-Th,21,14,3,urban,0.036022465591563205,3.7,81.0,17.0,16.4,3,6.971335,24.21,2025-11-12,Mon-Th,3,25
3.0,Mon-Th,20,2,2,urban,0.03591092027295234,2.0,98.0,1.0,16.2,3,39.083788,11.49,2025-11-12,Mon-Th,3,25
3.0,Mon-Th,16,16,12,urban,0.0030222870572552403,-4.1,98.0,1.0,10.0,3,7.373678,13.33,2025-11-12,Mon-Th,3,25
3.0,Mon-Th,13,5,1,urban,0.020347281745403012,-3.6,83.0,67.0,6.2,3,9.146919,4.73,2025-11-13,Mon-Th,3,22
3.0,Mon-Th,17,28,1,sub-urban,0.011774462319323253,-0.2,92.0,292.0,12.0,3,19.01959,13.52,2025-11-13,Mon-Th,3,22
3.0,Mon-Th,13,23,2,urban,0.042797407841430025,-2.2,65.0,10.0,14.5,3,14.246672,7.7,2025-11-13,Mon-Th,3,22
3.0,Mon-Th,17,24,1,urban,0.05055644019131463,1.2,83.0,17.0,13.1,3,19.557028,11.27,2025-11-13,Mon-Th,3,22
3.0,Mon-Th,22,21,3,urban,0.004834785766127418,4.0,58.0,336.0,8.0,3,14.633282,10.35,2025-11-13,Mon-Th,3,22
3.0,Mon-Th,13,26,2,urban,0.040541184003677656,-5.9,81.0,238.0,10.3,3,17.925499,4.0,2025-11-13,Mon-Th,3,22
3.0,Mon-Th,19,3,1,urban,0.027015593035425358,2.1,61.0,0.0,2.9,3,11.207285,9.27,2025-11-13,Mon-Th,3,22
3.0,Mon-Th,16,2,1,urban,0.019729115003470358,4.7,79.0,21.0,12.3,3,20.526054,12.27,2025-11-13,Mon-Th,3,22
3.0,Mon-Th,18,7,1,urban,0.04004380467685157,-6.8,95.0,0.0,15.7,3,15.144934,16.47,2025-11-13,Mon-Th,3,22
3.0,Mon-Th,16,9,3,urban,0.043496701247237,-2.1,100.0,22.0,3.0,3,22.028179,15.99,2025-11-13,Mon-Th,3,22
3.0,Mon-Th,22,27,1,urban,0.027323510739868585,-8.1,98.0,10.0,17.3,3,9.277602,22.83,2025-11-13,Mon-Th,3,22
3.0,Mon-Th,17,27,2,urban,0.05524716276918895,-0.6,60.0,0.0,19.0,3,90.5081,20.65,2025-11-13,Mon-Th,3,22
3.0,Mon-Th,21,5,2,urban,0.04893503525783806,2.4,93.0,24.0,15.1,3,16.144532,23.27,2025-11-13,Mon-Th,3,22
3.0,Mon-Th,19,28,2,urban,0.07161641969821657,-0.9,99.0,0.0,6.2,3,12.782883,10.64,2025-11-13,Mon-Th,3,22
3.0,Mon-Th,5,21,3,urban,0.014446309252885321,3.2,99.0,0.0,6.7,3,12.067622,13.09,2025-11-13,Mon-Th,3,22
3.0,Mon-Th,13,30,3,urban,0.008013659259265164,6.1,56.0,67.0,16.8,3,2.479599,2.99,2025-11-13,Mon-Th,3,22
3.0,Mon-Th,21,6,1,urban,0.01318294769896856,2.2,94.0,25.0,11.8,3,8.119789,7.48,2025-11-13,Mon-Th,3,22
3.0,Mon-Th,18,24,1,urban,0.04165656167127996,-2.1,99.0,1.0,6.4,3,13.113358,10.46,2025-11-13,Mon-Th,3,22
3.0,Mon-Th,12,6,1,urban,0.016989468488546232,17.0,91.0,15.0,12.5,3,13.901303,8.06,2025-11-13,Mon-Th,3,22
3.0,Mon-Th,19,6,1,urban,0.01693909735544337,3.5,99.0,1.0,17.3,3,9.793808,14.45,2025-11-13,Mon-Th,3,22
3.0,Mon-Th,15,11,12,urban,0.039068252063194926,-4.4,76.0,26.0,15.3,3,17.827299,17.01,2025-11-13,Mon-Th,3,22
3.0,Mon-Th,21,15,1,urban,0.003505789121850493,1.7,41.0,15.0,9.6,3,17.56176,7.28,2025-11-13,Mon-Th,3,22
3.0,Mon-Th,21,29,1,urban,0.010366869864453617,2.1,66.0,1.0,13.6,3,2.936096,25.41,2025-11-17,Mon-Th,3,23
3.0,Mon-Th,17,15,2,urban,0.04680136527296714,-0.7,96.0,0.0,19.7,3,3.914656,9.75,2025-11-17,Mon-Th,3,23
3.0,Mon-Th,22,23,9,urban,0.03352181144046996,15.7,71.0,0.0,3.3,3,3.687478,12.58,2025-11-17,Mon-Th,3,23
3.0,Mon-Th,9,10,3,urban,0.03581334971464431,4.3,63.0,0.0,11.1,3,9.842181,10.0,2025-11-17,Mon-Th,3,23
3.0,Mon-Th,22,21,1,urban,0.014382132107803317,2.2,100.0,20.0,15.5,3,18.418758,6.06,2025-11-17,Mon-Th,3,23
3.0,Mon-Th,10,7,1,urban,0.017340223735934104,17.7,83.0,20.0,1.4,3,10.377344,10.11,2025-11-17,Mon-Th,3,23
3.0,Mon-Th,11,11,3,urban,0.004185398793522189,3.1,98.0,271.0,4.5,3,30.949854,8.89,2025-11-17,Mon-Th,3,23
3.0,Mon-Th,22,15,2,urban,0.01430886416801832,3.0,99.0,0.0,14.0,3,11.476542,30.43,2025-11-17,Mon-Th,3,23
3.0,Mon-Th,16,13,12,urban,0.044016526941211706,-9.8,74.0,55.0,16.7,3,14.270732,4.23,2025-11-17,Mon-Th,3,23
3.0,Mon-Th,10,13,2,urban,0.037869588704035784,1.8,74.0,52.0,21.2,3,2.672275,8.73,2025-11-17,Mon-Th,3,23
3.0,Mon-Th,4,13,2,urban,0.01913251327054887,1.3,75.0,26.0,17.2,3,8.032816,4.87,2025-11-17,Mon-Th,3,23
3.0,Mon-Th,22,8,3,urban,0.0485164444024677,-0.9,100.0,0.0,8.4,3,18.838729,14.84,2025-11-17,Mon-Th,3,23
3.0,Mon-Th,13,24,3,urban,0.03132422072185336,6.3,58.0,1.0,7.9,3,14.949674,11.38,2025-11-17,Mon-Th,3,23
3.0,Mon-Th,18,5,3,urban,0.03714379273532195,-11.1,72.0,266.0,5.7,3,35.595159,11.79,2025-11-17,Mon-Th,3,23
3.0,Mon-Th,22,20,3,urban,0.01590796962840553,-10.5,97.0,1.0,5.2,3,9.24958,6.99,2025-11-17,Mon-Th,3,23
3.0,Mon-Th,18,13,3,urban,0.03830335402245598,0.1,83.0,0.0,13.2,3,7.559952,13.06,2025-11-17,Mon-Th,3,23
3.0,Mon-Th,3,4,12,urban,0.022969294232824854,-10.9,98.0,0.0,2.4,3,12.978637,14.15,2025-11-17,Mon-Th,3,23
3.0,Mon-Th,20,5,3,urban,0.043203442139925385,1.6,92.0,15.0,7.6,3,9.654496,24.32,2025-11-17,Mon-Th,3,23
3.0,Mon-Th,22,27,12,urban,0.02300694762824657,-2.2,98.0,1.0,13.1,3,18.43261,10.67,2025-11-17,Mon-Th,3,23
3.0,Mon-Th,23,1,12,urban,0.04154123219523081,-2.9,77.0,0.0,3.3,3,9.557387,5.96,2025-11-17,Mon-Th,3,23
3.0,Mon-Th,21,4,1,urban,0.02085486414877399,3.9,98.0,16.0,20.4,3,19.408922,12.6,2025-11-17,Mon-Th,3,23
3.0,Mon-Th,22,21,1,urban,0.018337028205182956,3.5,92.0,17.0,24.8,3,43.369423,32.56,2025-11-17,Mon-Th,3,23
3.0,Mon-Th,4,30,3,urban,0.03411208637868392,-0.6,78.0,170.0,4.8,3,19.925771,13.71,2025-11-17,Mon-Th,3,23
3.0,Mon-Th,18,10,1,urban,0.042875842532061836,2.7,54.0,11.0,10.7,3,15.713606,11.1,2025-11-18,Mon-Th,3,31
3.0,Mon-Th,13,13,12,urban,0.04687782402535473,-0.1,99.0,14.0,25.5,3,7.827813,10.59,2025-11-18,Mon-Th,3,31
3.0,Mon-Th,18,21,1,urban,0.02069469848474277,-1.6,88.0,10.0,3.5,3,11.207519,10.82,2025-11-18,Mon-Th,3,31
3.0,Mon-Th,21,24,4,urban,0.03713019052424532,4.0,44.0,13.0,17.7,3,15.098332,8.25,2025-11-18,Mon-Th,3,31
3.0,Mon-Th,19,27,1,urban,0.05456218577036202,4.0,95.0,0.0,15.6,3,17.325808,19.42,2025-11-18,Mon-Th,3,31
3.0,Mon-Th,19,9,2,urban,0.020245876833588233,-3.7,99.0,18.0,10.9,3,21.333726,28.38,2025-11-18,Mon-Th,3,31
3.0,Mon-Th,16,3,2,urban,0.01969222881999244,1.7,77.0,19.0,16.0,3,10.337249,2.75,2025-11-18,Mon-Th,3,31
3.0,Mon-Th,16,24,1,urban,0.033183769344234296,2.1,69.0,28.0,27.0,3,17.008515,9.65,2025-11-18,Mon-Th,3,31
3.0,Mon-Th,16,29,12,urban,0.04080354417673261,3.0,92.0,22.0,17.5,3,18.979173,32.46,2025-11-18,Mon-Th,3,31
3.0,Mon-Th,3,13,3,urban,0.02131990494317581,6.8,59.0,1.0,14.4,3,68.075282,7.17,2025-11-18,Mon-Th,3,31
3.0,Mon-Th,1,17,3,urban,0.02127762313227582,-0.6,97.0,0.0,5.6,3,4.252299,12.41,2025-11-18,Mon-Th,3,31
3.0,Mon-Th,23,5,12,urban,0.03968987920706337,2.8,94.0,0.0,18.5,3,37.832724,8.91,2025-11-18,Mon-Th,3,31
3.0,Mon-Th,4,15,2,urban,0.012929477283990073,-11.1,100.0,0.0,4.2,3,2.0,9.53,2025-11-18,Mon-Th,3,31
3.0,Mon-Th,3,28,3,urban,0.01315338494451038,1.1,100.0,1.0,1.7,3,5.625097,8.79,2025-11-18,Mon-Th,3,31
3.0,Mon-Th,19,12,12,urban,0.03759223081935377,-2.9,93.0,22.0,14.2,3,14.898402,10.77,2025-11-18,Mon-Th,3,31
3.0,Mon-Th,3,13,3,urban,0.013458900541082883,2.9,56.0,19.0,28.5,3,14.636981,20.12,2025-11-18,Mon-Th,3,31
3.0,Mon-Th,10,15,12,urban,0.039463307725259744,2.3,99.0,1.0,9.7,3,20.76221,6.27,2025-11-18,Mon-Th,3,31
3.0,Mon-Th,11,27,1,urban,0.03061749449508209,-0.2,72.0,17.0,17.3,3,12.781192,9.13,2025-11-18,Mon-Th,3,31
3.0,Mon-Th,15,10,1,urban,0.020934756485854637,3.9,99.0,0.0,14.0,3,8.945792,8.37,2025-11-18,Mon-Th,3,31
3.0,Mon-Th,18,6,6,urban,0.03430194777132331,11.3,81.0,15.0,5.8,3,18.959547,8.17,2025-11-18,Mon-Th,3,31
3.0,Mon-Th,17,2,3,urban,0.027418951965299657,4.8,47.0,50.0,5.5,3,18.485536,10.88,2025-11-18,Mon-Th,3,31
3.0,Mon-Th,17,24,2,urban,0.01979034932558328,2.9,68.0,15.0,34.5,3,5.269432,3.99,2025-11-18,Mon-Th,3,31
3.0,Mon-Th,13,24,3,urban,0.023776435847702046,2.4,100.0,11.0,24.4,3,11.61096,43.44,2025-11-18,Mon-Th,3,31
3.0,Mon-Th,19,27,2,urban,0.05642066290569215,-8.5,61.0,0.0,14.5,3,2.433185,16.58,2025-11-18,Mon-Th,3,31
3.0,Mon-Th,13,3,1,urban,0.039167956330006255,1.4,99.0,0.0,27.2,3,17.288376,13.14,2025-11-18,Mon-Th,3,31
3.0,Mon-Th,15,11,1,urban,0.03259382119230929,2.3,66.0,21.0,17.8,3,2.446364,7.46,2025-11-18,Mon-Th,3,31
3.0,Mon-Th,15,25,1,sub-urban,0.03859351746091016,3.3,78.0,0.0,4.8,3,14.114047,2.75,2025-11-18,Mon-Th,3,31
3.0,Mon-Th,20,8,12,urban,0.03946308134044084,2.2,100.0,14.0,10.2,3,8.156194,11.89,2025-11-18,Mon-Th,3,31
3.0,Mon-Th,22,4,1,urban,0.04243318439325964,2.8,76.0,28.0,6.0,3,14.099593,36.32,2025-11-18,Mon-Th,3,31
3.0,Mon-Th,15,15,11,urban,0.005657323340999883,2.0,99.0,0.0,12.5,3,12.383778,36.64,2025-11-18,Mon-Th,3,31
3.0,Mon-Th,21,10,1,urban,0.03880464374574908,7.8,63.0,20.0,10.8,3,35.012923,29.73,2025-11-18,Mon-Th,3,31
3.0,Mon-Th,21,8,3,urban,0.03276523765445827,1.7,99.0,15.0,8.1,3,8.919212,8.07,2025-11-19,Mon-Th,3,30
3.0,Mon-Th,4,12,3,urban,0.03472708467220119,2.6,75.0,19.0,5.1,3,2.215384,7.9,2025-11-19,Mon-Th,3,30
3.0,Mon-Th,12,3,1,urban,0.01628290509093185,12.6,66.0,16.0,7.1,3,20.468234,14.18,2025-11-19,Mon-Th,3,30
3.0,Mon-Th,22,3,12,urban,0.020724751303106807,1.8,98.0,31.0,17.0,3,12.589209,5.04,2025-11-19,Mon-Th,3,30
3.0,Mon-Th,1,14,3,urban,0.028684181736900845,4.8,72.0,1.0,12.2,3,14.671732,25.95,2025-11-19,Mon-Th,3,30
3.0,Mon-Th,20,13,3,urban,0.01349304850574404,4.0,98.0,12.0,15.2,3,12.960651,8.51,2025-11-19,Mon-Th,3,30
3.0,Mon-Th,21,13,12,urban,0.051935196526600315,-6.4,100.0,17.0,14.2,3,10.908332,14.29,2025-11-19,Mon-Th,3,30
3.0,Mon-Th,2,21,3,urban,0.036290304371176224,2.6,61.0,0.0,15.9,3,34.414251,12.22,2025-11-19,Mon-Th,3,30
3.0,Mon-Th,21,13,2,urban,0.042005346572479195,-6.4,65.0,1.0,6.3,3,14.277041,8.1,2025-11-19,Mon-Th,3,30
3.0,Mon-Th,18,26,3,urban,0.022505984273651705,15.4,73.0,228.0,9.2,3,18.798615,21.78,2025-11-19,Mon-Th,3,30
3.0,Mon-Th,1,11,2,urban,0.021737243177749707,-2.0,94.0,19.0,5.6,3,9.357991,2.85,2025-11-19,Mon-Th,3,30
3.0,Mon-Th,4,16,12,urban,0.025109402793012867,7.0,100.0,22.0,11.9,3,18.711125,5.23,2025-11-19,Mon-Th,3,30
3.0,Mon-Th,21,18,3,urban,0.03251353227552659,3.9,49.0,217.0,5.2,3,9.251254,13.24,2025-11-19,Mon-Th,3,30
3.0,Mon-Th,21,10,1,urban,0.011386032313682608,3.3,100.0,19.0,21.7,3,11.314543,8.77,2025-11-19,Mon-Th,3,30
3.0,Mon-Th,16,22,1,urban,0.023204060820677313,2.2,79.0,22.0,24.9,3,3.429787,4.89,2025-11-19,Mon-Th,3,30
3.0,Mon-Th,11,27,1,urban,0.02235681513681973,2.8,96.0,0.0,15.5,3,45.811801,7.55,2025-11-19,Mon-Th,3,30
3.0,Mon-Th,13,13,10,urban,0.03889771511685702,0.6,84.0,16.0,14.2,3,20.838304,7.08,2025-11-19,Mon-Th,3,30
3.0,Mon-Th,15,15,12,urban,0.006376712322127349,-2.0,100.0,0.0,12.7,3,17.105144,6.88,2025-11-19,Mon-Th,3,30
3.0,Mon-Th,18,7,1,urban,0.020500540579905968,14.7,54.0,145.0,10.2,3,14.183408,7.99,2025-11-19,Mon-Th,3,30
3.0,Mon-Th,15,21,12,urban,0.03454667035060991,4.4,100.0,0.0,11.7,3,2.490836,11.75,2025-11-19,Mon-Th,3,30
3.0,Mon-Th,21,9,3,urban,0.03833940970511996,0.1,86.0,132.0,13.9,3,11.035608,12.26,2025-11-19,Mon-Th,3,30
3.0,Mon-Th,22,16,12,urban,0.050140455486660726,-5.0,99.0,0.0,9.4,3,14.442158,14.56,2025-11-19,Mon-Th,3,30
3.0,Mon-Th,14,2,2,urban,0.036569481807838956,1.7,73.0,24.0,26.9,3,16.417222,5.75,2025-11-19,Mon-Th,3,30
3.0,Mon-Th,8,15,1,urban,0.01016269834237193,1.7,99.0,23.0,10.7,3,17.514219,37.51,2025-11-19,Mon-Th,3,30
3.0,Mon-Th,15,19,3,urban,0.04179183062631972,3.5,83.0,22.0,30.7,3,3.173998,9.84,2025-11-19,Mon-Th,3,30
3.0,Mon-Th,22,24,3,urban,0.01103809587676972,4.4,42.0,248.0,9.4,3,33.415164,16.59,2025-11-19,Mon-Th,3,30
3.0,Mon-Th,14,13,3,urban,0.02543415512601889,7.1,82.0,14.0,12.7,3,10.664984,10.3,2025-11-19,Mon-Th,3,30
3.0,Mon-Th,18,22,3,urban,0.02937967394047089,2.8,81.0,14.0,15.6,3,12.614258,11.26,2025-11-19,Mon-Th,3,30
3.0,Mon-Th,21,15,2,urban,0.02392747494638209,1.7,59.0,0.0,28.2,3,88.056525,11.05,2025-11-19,Mon-Th,3,30
3.0,Mon-Th,18,5,12,urban,0.011984733634978519,1.6,92.0,24.0,6.6,3,11.395731,10.35,2025-11-19,Mon-Th,3,30
3.0,Mon-Th,17,13,2,urban,0.03650684538774348,-0.5,96.0,1.0,8.1,3,7.904928,14.46,2025-11-20,Mon-Th,3,22
3.0,Mon-Th,11,11,3,urban,0.03290657136794948,1.7,55.0,21.0,17.1,3,13.543678,17.15,2025-11-20,Mon-Th,3,22
3.0,Mon-Th,13,24,3,urban,0.03722442247922603,0.7,96.0,14.0,28.2,3,8.020122,6.12,2025-11-20,Mon-Th,3,22
3.0,Mon-Th,4,27,12,urban,0.0351396207119814,-8.6,100.0,0.0,8.4,3,10.157093,19.34,2025-11-20,Mon-Th,3,22
3.0,Mon-Th,16,8,1,urban,0.0225074479922374,5.2,64.0,16.0,14.4,3,3.792723,7.61,2025-11-20,Mon-Th,3,22
3.0,Mon-Th,19,1,1,urban,0.015116613519399077,0.2,98.0,18.0,18.5,3,11.982909,42.6,2025-11-20,Mon-Th,3,22
3.0,Mon-Th,21,15,3,urban,0.03938080306487921,3.7,74.0,204.0,6.8,3,32.892414,12.42,2025-11-20,Mon-Th,3,22
3.0,Mon-Th,19,7,3,urban,0.03812254604856064,1.6,59.0,20.0,15.1,3,15.77689,15.84,2025-11-20,Mon-Th,3,22
3.0,Mon-Th,10,8,12,urban,0.025573492790030607,-1.8,100.0,1.0,16.1,3,12.365349,11.33,2025-11-20,Mon-Th,3,22
3.0,Mon-Th,9,23,3,urban,0.03867969381449882,6.7,90.0,74.0,12.5,3,15.675885,14.5,2025-11-20,Mon-Th,3,22
3.0,Mon-Th,11,6,1,urban,0.016783250715587884,1.2,99.0,16.0,14.7,3,13.759947,32.88,2025-11-20,Mon-Th,3,22
3.0,Mon-Th,16,17,1,urban,0.03810914222890331,0.6,100.0,18.0,5.0,3,15.722415,8.01,2025-11-20,Mon-Th,3,22
3.0,Mon-Th,19,4,1,urban,0.01934309538386487,1.9,98.0,16.0,5.2,3,15.984263,12.65,2025-11-20,Mon-Th,3,22
3.0,Mon-Th,19,21,1,urban,0.012081879286727312,3.1,100.0,13.0,17.1,3,9.682107,8.62,2025-11-20,Mon-Th,3,22
3.0,Mon-Th,14,10,2,urban,0.04278831152036977,4.0,74.0,10.0,5.9,3,22.299343,24.8,2025-11-20,Mon-Th,3,22
3.0,Mon-Th,19,20,1,urban,0.037796885360561826,-3.0,91.0,15.0,6.1,3,11.684137,41.2,2025-11-20,Mon-Th,3,22
3.0,Mon-Th,11,25,12,urban,0.02337485789597814,3.1,98.0,1.0,18.8,3,5.560746,10.75,2025-11-20,Mon-Th,3,22
3.0,Mon-Th,19,3,3,urban,0.032458206737598236,2.4,99.0,0.0,5.5,3,11.842305,7.74,2025-11-20,Mon-Th,3,22
3.0,Mon-Th,12,13,12,urban,0.015091291580985298,1.3,99.0,1.0,2.4,3,41.086951,9.38,2025-11-20,Mon-Th,3,22
3.0,Mon-Th,4,9,3,urban,0.0142478618893839,2.1,97.0,179.0,1.8,3,13.646571,16.28,2025-11-20,Mon-Th,3,22
3.0,Mon-Th,22,16,1,urban,0.012328589020730875,-0.5,99.0,1.0,15.4,3,17.69047,26.13,2025-11-20,Mon-Th,3,22
3.0,Mon-Th,15,17,1,urban,0.046646835932398656,-8.6,53.0,21.0,4.8,3,39.024064,6.82,2025-11-20,Mon-Th,3,22
3.0,Mon-Th,11,11,1,urban,0.013832319305147174,3.8,100.0,0.0,16.4,3,13.996564,32.74,2025-11-24,Mon-Th,3,26
3.0,Mon-Th,19,22,1,urban,0.02005445323035599,1.5,78.0,1.0,13.7,3,14.358709,9.24,2025-11-24,Mon-Th,3,26
3.0,Mon-Th,11,15,12,urban,0.03703235629027489,3.8,88.0,42.0,14.5,3,21.281959,8.48,2025-11-24,Mon-Th,3,26
3.0,Mon-Th,11,24,1,urban,0.043465576257043885,2.4,87.0,19.0,12.9,3,16.64895,11.13,2025-11-24,Mon-Th,3,26
3.0,Mon-Th,11,28,1,urban,0.013398162555136832,1.6,100.0,26.0,27.4,3,32.646957,6.86,2025-11-24,Mon-Th,3,26
3.0,Mon-Th,9,11,3,urban,0.0025723283265055574,11.4,30.0,14.0,5.3,3,19.228101,10.83,2025-11-24,Mon-Th,3,26
3.0,Mon-Th,4,24,1,urban,0.01984314229174155,1.7,79.0,0.0,12.3,3,4.458653,11.18,2025-11-24,Mon-Th,3,26
3.0,Mon-Th,15,9,2,urban,0.043462760992111195,-11.8,95.0,17.0,8.6,3,15.392326,11.63,2025-11-24,Mon-Th,3,26
3.0,Mon-Th,4,30,1,urban,0.014937370275003593,2.3,63.0,21.0,22.6,3,2.894796,9.12,2025-11-24,Mon-Th,3,26
3.0,Mon-Th,3,20,3,urban,0.01812409296173531,-1.9,86.0,24.0,13.0,3,14.749625,11.78,2025-11-24,Mon-Th,3,26
3.0,Mon-Th,15,21,3,urban,0.011528991952835035,-11.0,98.0,50.0,19.4,3,3.337996,15.42,2025-11-24,Mon-Th,3,26
3.0,Mon-Th,19,2,1,urban,0.039543446321916614,1.5,65.0,65.0,20.9,3,10.720963,15.93,2025-11-24,Mon-Th,3,26
3.0,Mon-Th,4,2,1,urban,0.03411706713705646,0.9,84.0,0.0,18.4,3,12.264574,10.74,2025-11-24,Mon-Th,3,26
3.0,Mon-Th,21,30,3,urban,0.036174739327798265,3.1,68.0,0.0,14.1,3,11.439738,13.93,2025-11-24,Mon-Th,3,26
3.0,Mon-Th,15,11,1,urban,0.020428342572435077,2.7,89.0,17.0,32.1,3,13.951662,3.01,2025-11-24,Mon-Th,3,26
3.0,Mon-Th,18,6,1,urban,0.01083558454081429,3.1,64.0,17.0,7.6,3,20.837202,21.39,2025-11-24,Mon-Th,3,26
3.0,Mon-Th,16,11,3,urban,0.05547449877587007,2.0,80.0,0.0,13.9,3,3.630048,14.92,2025-11-24,Mon-Th,3,26
3.0,Mon-Th,14,3,1,urban,0.022936086769219127,4.2,100.0,29.0,13.6,3,22.30692,9.16,2025-11-24,Mon-Th,3,26
3.0,Mon-Th,15,17,2,urban,0.06274524237490259,1.9,77.0,18.0,8.1,3,44.746408,13.85,2025-11-24,Mon-Th,3,26
3.0,Mon-Th,16,27,1,urban,0.016667341740194633,2.5,72.0,16.0,16.7,3,11.728258,10.69,2025-11-24,Mon-Th,3,26
3.0,Mon-Th,5,16,3,urban,0.017151846028305596,0.6,100.0,227.0,1.7,3,35.639554,10.96,2025-11-24,Mon-Th,3,26
3.0,Mon-Th,15,13,3,urban,0.03987120267886163,3.0,94.0,0.0,15.9,3,34.109495,7.83,2025-11-24,Mon-Th,3,26
3.0,Mon-Th,18,14,12,urban,0.03934485348148185,1.5,78.0,20.0,21.4,3,9.177569,14.8,2025-11-24,Mon-Th,3,26
3.0,Mon-Th,21,6,1,urban,0.037152429438508404,0.7,64.0,0.0,14.7,3,8.770697,14.77,2025-11-24,Mon-Th,3,26
3.0,Mon-Th,13,19,3,urban,0.04866779699070933,-10.9,97.0,132.0,4.9,3,11.919431,12.39,2025-11-24,Mon-Th,3,26
3.0,Mon-Th,12,27,1,urban,0.02294971137486626,3.3,93.0,22.0,5.5,3,36.467344,2.91,2025-11-24,Mon-Th,3,26
3.0,Mon-Th,22,28,3,urban,0.01853127097763065,-13.2,94.0,2.0,7.1,3,12.95499,9.13,2025-11-25,Mon-Th,3,24
3.0,Mon-Th,22,7,12,urban,0.014264837693888179,1.6,96.0,0.0,21.0,3,8.93663,18.43,2025-11-25,Mon-Th,3,24
3.0,Mon-Th,16,21,3,urban,0.01082303478026786,3.5,95.0,20.0,11.1,3,14.46499,15.71,2025-11-25,Mon-Th,3,24
3.0,Mon-Th,17,3,3,urban,0.04407358263545235,1.4,62.0,102.0,14.7,3,3.571504,10.34,2025-11-25,Mon-Th,3,24
3.0,Mon-Th,16,13,3,urban,0.003965837533485181,-8.8,67.0,193.0,8.5,3,10.912827,4.01,2025-11-25,Mon-Th,3,24
3.0,Mon-Th,15,7,1,urban,0.021773342338307643,2.0,91.0,0.0,14.1,3,12.722028,9.03,2025-11-25,Mon-Th,3,24
3.0,Mon-Th,21,11,3,urban,0.03061163700039876,-3.5,97.0,0.0,4.2,3,38.139356,27.54,2025-11-25,Mon-Th,3,24
3.0,Mon-Th,20,14,3,urban,0.01396368392890999,-7.8,91.0,22.0,14.0,3,14.304243,14.39,2025-11-25,Mon-Th,3,24
3.0,Mon-Th,22,22,3,urban,0.03624177712064384,5.3,94.0,140.0,5.7,3,8.839181,8.14,2025-11-25,Mon-Th,3,24
3.0,Mon-Th,16,31,3,urban,0.03838047079418042,3.3,69.0,17.0,16.0,3,20.449074,9.54,2025-11-25,Mon-Th,3,24
3.0,Mon-Th,18,16,3,urban,0.005445563657218547,6.5,75.0,24.0,6.3,3,14.075129,12.31,2025-11-25,Mon-Th,3,24
3.0,Mon-Th,17,1,3,urban,0.039520353492858776,2.6,81.0,16.0,11.4,3,34.969605,33.53,2025-11-25,Mon-Th,3,24
3.0,Mon-Th,16,21,1,urban,0.024681562387125284,3.7,54.0,18.0,5.6,3,14.534466,15.56,2025-11-25,Mon-Th,3,24
3.0,Mon-Th,15,27,1,urban,0.017271070657591852,3.5,84.0,26.0,30.2,3,61.222583,9.44,2025-11-25,Mon-Th,3,24
3.0,Mon-Th,18,17,12,urban,0.003016004367210407,1.4,99.0,0.0,4.2,3,10.340629,8.82,2025-11-25,Mon-Th,3,24
3.0,Mon-Th,19,1,2,urban,0.028905570370250027,-12.2,53.0,39.0,2.7,3,34.916499,31.51,2025-11-25,Mon-Th,3,24
3.0,Mon-Th,22,9,1,urban,0.05344698631944318,-3.8,97.0,0.0,14.4,3,40.254203,9.35,2025-11-25,Mon-Th,3,24
3.0,Mon-Th,18,18,3,urban,0.035560550985072395,2.4,37.0,1.0,8.2,3,22.668362,10.15,2025-11-25,Mon-Th,3,24
3.0,Mon-Th,16,15,1,urban,0.011519623662444628,1.7,96.0,14.0,26.5,3,13.725875,15.96,2025-11-25,Mon-Th,3,24
3.0,Mon-Th,20,21,2,urban,0.039143338807006225,2.2,98.0,21.0,5.2,3,6.419724,11.15,2025-11-25,Mon-Th,3,24
3.0,Mon-Th,13,1,2,urban,0.016480718600562976,4.1,95.0,13.0,7.1,3,6.889214,6.96,2025-11-25,Mon-Th,3,24
3.0,Mon-Th,4,5,9,urban,0.02414798009462321,6.2,87.0,22.0,16.4,3,3.870806,7.86,2025-11-25,Mon-Th,3,24
3.0,Mon-Th,3,23,2,urban,0.006517428270252059,-1.2,99.0,21.0,14.4,3,5.848916,11.81,2025-11-25,Mon-Th,3,24
3.0,Mon-Th,3,11,2,urban,0.020529377116225007,0.6,87.0,20.0,15.2,3,2.851889,11.54,2025-11-25,Mon-Th,3,24
3.0,Mon-Th,20,24,1,urban,0.023228592168978476,3.9,57.0,19.0,15.4,3,12.40598,12.26,2025-11-26,Mon-Th,3,20
3.0,Mon-Th,18,11,3,urban,0.019015168407586675,1.4,98.0,0.0,4.8,3,10.719434,13.43,2025-11-26,Mon-Th,3,20
3.0,Mon-Th,3,29,1,urban,0.03888002306035682,2.8,53.0,24.0,13.8,3,4.681597,9.49,2025-11-26,Mon-Th,3,20
3.0,Mon-Th,5,10,12,urban,0.01358390109639055,1.5,100.0,20.0,6.5,3,9.650002,13.4,2025-11-26,Mon-Th,3,20
3.0,Mon-Th,8,27,1,urban,0.017746720706811086,3.4,62.0,19.0,19.7,3,11.841844,16.24,2025-11-26,Mon-Th,3,20
3.0,Mon-Th,17,15,1,urban,0.010890662235762327,2.1,99.0,0.0,26.1,3,16.541891,7.54,2025-11-26,Mon-Th,3,20
3.0,Mon-Th,17,22,3,urban,0.005013629700236607,1.0,99.0,25.0,17.6,3,19.139171,1.15,2025-11-26,Mon-Th,3,20
3.0,Mon-Th,15,11,3,sub-urban,0.04538224523511614,-0.8,65.0,0.0,13.2,3,75.03771,6.79,2025-11-26,Mon-Th,3,20
3.0,Mon-Th,20,18,2,urban,0.024438186100924283,4.0,69.0,22.0,17.8,3,11.560401,8.57,2025-11-26,Mon-Th,3,20
3.0,Mon-Th,20,17,1,urban,0.03474743462663861,-9.8,49.0,230.0,16.2,3,10.975376,23.58,2025-11-26,Mon-Th,3,20
3.0,Mon-Th,12,16,3,urban,0.0007070919405815167,13.1,29.0,245.0,14.2,3,2.067734,5.11,2025-11-26,Mon-Th,3,20
3.0,Mon-Th,16,16,4,urban,0.0037475272529714446,-4.7,81.0,0.0,8.6,3,23.817171,10.16,2025-11-26,Mon-Th,3,20
3.0,Mon-Th,15,9,1,urban,0.03707798835257965,-2.1,70.0,0.0,16.7,3,13.248063,8.88,2025-11-26,Mon-Th,3,20
3.0,Mon-Th,18,4,3,urban,0.01112747916084942,1.0,53.0,28.0,17.8,3,5.912003,9.93,2025-11-26,Mon-Th,3,20
3.0,Mon-Th,9,21,12,urban,0.008864209617162406,3.7,99.0,1.0,7.5,3,11.560816,7.12,2025-11-26,Mon-Th,3,20
3.0,Mon-Th,21,27,1,urban,0.040631989157183294,1.3,66.0,0.0,2.8,3,20.412394,7.7,2025-11-26,Mon-Th,3,20
3.0,Mon-Th,11,8,12,urban,0.01673129221998149,1.3,55.0,0.0,12.9,3,15.047615,21.6,2025-11-26,Mon-Th,3,20
3.0,Mon-Th,13,6,1,urban,0.03896149601830935,0.9,91.0,29.0,6.8,3,17.30813,6.63,2025-11-26,Mon-Th,3,20
3.0,Mon-Th,21,22,1,urban,0.03443615039859229,-1.2,96.0,14.0,26.1,3,2.00696,12.28,2025-11-26,Mon-Th,3,20
3.0,Mon-Th,9,24,12,urban,0.03267190460710101,10.4,98.0,354.0,6.3,3,15.410535,20.34,2025-11-26,Mon-Th,3,20
3.0,Mon-Th,13,21,2,urban,0.05119994065882895,-4.5,77.0,11.0,7.1,3,21.799026,7.94,2025-11-27,Mon-Th,3,21
3.0,Mon-Th,13,5,3,urban,0.007981402291681013,-0.9,99.0,42.0,6.9,3,15.188683,14.44,2025-11-27,Mon-Th,3,21
3.0,Mon-Th,19,24,1,urban,0.012106751262182367,-10.5,73.0,16.0,8.9,3,14.312232,26.96,2025-11-27,Mon-Th,3,21
3.0,Mon-Th,22,21,3,urban,0.03586093200537885,0.1,98.0,1.0,6.0,3,8.567507,7.88,2025-11-27,Mon-Th,3,21
3.0,Mon-Th,14,28,3,urban,0.03957017256151736,5.2,54.0,1.0,10.9,3,21.354505,18.76,2025-11-27,Mon-Th,3,21
3.0,Mon-Th,18,1,2,urban,0.05697184927409932,-5.5,84.0,0.0,17.9,3,22.497836,16.79,2025-11-27,Mon-Th,3,21
3.0,Mon-Th,19,6,1,urban,0.03724999359413752,3.3,75.0,1.0,5.4,3,18.494525,13.36,2025-11-27,Mon-Th,3,21
3.0,Mon-Th,13,6,1,urban,0.05095923787482051,-11.4,87.0,15.0,13.5,3,11.601215,14.25,2025-11-27,Mon-Th,3,21
3.0,Mon-Th,11,27,1,urban,0.007241649359408787,1.9,60.0,1.0,11.4,3,14.082174,15.94,2025-11-27,Mon-Th,3,21
3.0,Mon-Th,9,5,3,urban,0.005992476560627619,18.3,66.0,229.0,13.2,3,11.38567,50.05,2025-11-27,Mon-Th,3,21
3.0,Mon-Th,21,9,12,urban,0.029552703670841403,3.9,99.0,21.0,15.9,3,14.260509,13.78,2025-11-27,Mon-Th,3,21
3.0,Mon-Th,13,5,3,urban,0.03522948291583747,4.6,54.0,18.0,16.1,3,36.791586,9.38,2025-11-27,Mon-Th,3,21
3.0,Mon-Th,20,15,1,urban,0.0064388564934583295,-13.0,99.0,0.0,6.6,3,7.149563,15.53,2025-11-27,Mon-Th,3,21
3.0,Mon-Th,14,31,1,urban,0.03996937176607469,5.3,57.0,220.0,16.1,3,11.289127,1.82,2025-11-27,Mon-Th,3,21
3.0,Mon-Th,3,29,3,urban,0.03745746748173432,1.4,98.0,210.0,21.1,3,19.34971,44.39,2025-11-27,Mon-Th,3,21
3.0,Mon-Th,20,21,2,urban,0.036586702463504865,-0.8,58.0,143.0,4.9,3,40.36308,8.45,2025-11-27,Mon-Th,3,21
3.0,Mon-Th,18,1,3,urban,0.01841959366457411,3.1,75.0,1.0,20.8,3,13.376147,11.86,2025-11-27,Mon-Th,3,21
3.0,Mon-Th,11,30,1,urban,0.023744886405489246,6.9,59.0,21.0,4.4,3,3.526286,3.19,2025-11-27,Mon-Th,3,21
3.0,Mon-Th,3,15,12,urban,0.020623463736693586,-9.8,98.0,1.0,15.5,3,18.428968,12.51,2025-11-27,Mon-Th,3,21
3.0,Mon-Th,13,2,1,urban,0.021499342416310657,4.0,77.0,20.0,16.9,3,12.390296,15.95,2025-11-27,Mon-Th,3,21
3.0,Mon-Th,13,1,2,urban,0.036495809177013734,0.3,45.0,13.0,18.8,3,11.840018,16.09,2025-11-27,Mon-Th,3,21
3.0,Mon-Th,16,28,1,urban,0.02239977881880789,2.0,100.0,15.0,21.8,3,38.063499,5.85,2025-12-01,Mon-Th,3,21
3.0,Mon-Th,4,14,1,urban,0.012700398401577783,1.4,100.0,0.0,22.3,3,2.0,8.14,2025-12-01,Mon-Th,3,21
3.0,Mon-Th,4,21,3,urban,0.012375254283888477,3.6,99.0,23.0,29.3,3,33.502699,4.56,2025-12-01,Mon-Th,3,21
3.0,Mon-Th,15,7,1,urban,0.05613632960147662,0.5,54.0,112.0,33.8,3,2.222451,33.61,2025-12-01,Mon-Th,3,21
3.0,Mon-Th,18,11,3,urban,0.0440410538975683,-2.3,78.0,114.0,14.4,3,4.68305,7.52,2025-12-01,Mon-Th,3,21
3.0,Mon-Th,19,27,1,urban,0.013881300400545778,2.8,61.0,17.0,4.7,3,13.793981,5.94,2025-12-01,Mon-Th,3,21
3.0,Mon-Th,16,22,1,urban,0.011481639143259836,3.5,63.0,18.0,11.1,3,16.320833,16.04,2025-12-01,Mon-Th,3,21
3.0,Mon-Th,19,21,1,urban,0.015340783773104202,-4.6,94.0,0.0,8.1,3,11.102433,5.56,2025-12-01,Mon-Th,3,21
3.0,Mon-Th,13,13,12,urban,0.013959408470840456,-1.6,100.0,2.0,18.0,3,73.504427,11.34,2025-12-01,Mon-Th,3,21
3.0,Mon-Th,11,27,1,urban,0.026317684515749677,0.5,100.0,25.0,4.3,3,14.767583,15.74,2025-12-01,Mon-Th,3,21
3.0,Mon-Th,20,15,12,urban,0.014412807516121973,-1.2,93.0,0.0,15.9,3,12.295029,6.27,2025-12-01,Mon-Th,3,21
3.0,Mon-Th,21,21,3,urban,0.012514873419668197,0.7,100.0,20.0,14.6,3,35.799513,24.24,2025-12-01,Mon-Th,3,21
3.0,Mon-Th,18,3,12,urban,0.04623891383423692,-8.2,83.0,0.0,2.6,3,16.239196,20.58,2025-12-01,Mon-Th,3,21
3.0,Mon-Th,19,15,1,urban,0.015339732634012383,2.3,65.0,0.0,24.2,3,3.145934,7.89,2025-12-01,Mon-Th,3,21
3.0,Mon-Th,16,9,1,urban,0.051642555714550224,2.1,98.0,25.0,20.5,3,69.116611,11.57,2025-12-01,Mon-Th,3,21
3.0,Mon-Th,11,17,7,urban,0.0028869133634560375,1.5,34.0,596.0,22.6,3,34.054793,37.1,2025-12-01,Mon-Th,3,21
3.0,Mon-Th,22,9,3,urban,0.017501075779697367,1.9,96.0,0.0,23.4,3,10.141666,13.78,2025-12-01,Mon-Th,3,21
3.0,Mon-Th,15,8,3,urban,0.02327425606861893,2.3,66.0,0.0,11.5,3,3.350246,8.39,2025-12-01,Mon-Th,3,21
3.0,Mon-Th,4,15,3,urban,0.01824288099544081,4.3,94.0,51.0,13.1,3,13.870861,35.84,2025-12-01,Mon-Th,3,21
3.0,Mon-Th,19,21,3,urban,0.04467884218000858,3.7,71.0,0.0,6.5,3,20.339691,9.75,2025-12-01,Mon-Th,3,21
3.0,Mon-Th,4,3,1,urban,0.022032403610665587,3.3,99.0,19.0,13.1,3,13.463772,19.91,2025-12-01,Mon-Th,3,21
3.0,Mon-Th,4,8,2,urban,0.005841114160842393,3.5,83.0,24.0,15.6,3,16.919998,3.45,2025-12-02,Mon-Th,3,23
3.0,Mon-Th,16,26,3,urban,0.019142407688521875,5.0,99.0,16.0,15.0,3,2.271598,11.7,2025-12-02,Mon-Th,3,23
3.0,Mon-Th,19,13,1,urban,0.013699413637157097,1.3,99.0,0.0,7.6,3,12.857877,7.31,2025-12-02,Mon-Th,3,23
3.0,Mon-Th,22,30,1,urban,0.011459423930469496,0.3,85.0,0.0,4.6,3,4.447836,12.67,2025-12-02,Mon-Th,3,23
3.0,Mon-Th,20,5,3,urban,0.01283928972635355,2.0,29.0,0.0,3.3,3,11.934273,8.76,2025-12-02,Mon-Th,3,23
3.0,Mon-Th,21,14,1,urban,0.05580491299960276,-10.0,98.0,0.0,7.4,3,16.802197,24.31,2025-12-02,Mon-Th,3,23
3.0,Mon-Th,11,21,1,urban,0.009968432803625688,3.3,97.0,0.0,16.5,3,21.286381,36.99,2025-12-02,Mon-Th,3,23
3.0,Mon-Th,22,21,3,urban,0.021622316880730703,0.0,93.0,1.0,4.0,3,12.127474,9.12,2025-12-02,Mon-Th,3,23
3.0,Mon-Th,11,14,3,urban,0.025580064256588153,3.3,100.0,0.0,15.7,3,17.487774,13.98,2025-12-02,Mon-Th,3,23
3.0,Mon-Th,13,3,1,urban,0.039099693709536726,2.2,53.0,8.0,14.7,3,4.070737,12.17,2025-12-02,Mon-Th,3,23
3.0,Mon-Th,15,15,3,urban,0.03845344282533822,2.0,80.0,0.0,20.3,3,3.123342,6.22,2025-12-02,Mon-Th,3,23
3.0,Mon-Th,10,27,2,urban,0.015505112245081058,6.4,71.0,23.0,16.9,3,4.211362,11.0,2025-12-02,Mon-Th,3,23
3.0,Mon-Th,18,4,1,urban,0.04345894452020486,2.5,99.0,25.0,10.8,3,20.524917,7.45,2025-12-02,Mon-Th,3,23
3.0,Mon-Th,18,28,3,urban,0.04387424088450849,9.7,73.0,1.0,16.3,3,3.563692,4.79,2025-12-02,Mon-Th,3,23
3.0,Mon-Th,1,9,2,urban,0.023324870273856376,-4.5,63.0,17.0,11.0,3,11.528333,9.72,2025-12-02,Mon-Th,3,23
3.0,Mon-Th,17,28,12,urban,0.040134533847884464,-0.2,83.0,0.0,13.2,3,14.186246,2.87,2025-12-02,Mon-Th,3,23
3.0,Mon-Th,21,20,1,urban,0.039501101331353004,3.4,81.0,1.0,14.2,3,7.336759,10.44,2025-12-02,Mon-Th,3,23
3.0,Mon-Th,13,3,1,urban,0.03614476367068471,1.5,100.0,29.0,12.3,3,2.725842,10.07,2025-12-02,Mon-Th,3,23
3.0,Mon-Th,15,14,1,urban,0.04631736018890511,18.9,95.0,10.0,13.1,3,3.641018,5.06,2025-12-02,Mon-Th,3,23
3.0,Mon-Th,5,15,3,urban,0.015527059446902313,0.2,99.0,229.0,3.2,3,39.625076,6.43,2025-12-02,Mon-Th,3,23
3.0,Mon-Th,19,24,12,urban,0.03522862686414396,1.6,99.0,1.0,13.7,3,10.998173,9.03,2025-12-02,Mon-Th,3,23
3.0,Mon-Th,16,15,1,urban,0.032973145411915164,1.1,100.0,22.0,15.9,3,18.687391,14.18,2025-12-02,Mon-Th,3,23
3.0,Mon-Th,12,3,1,urban,0.04306173826734366,16.3,80.0,14.0,4.7,3,13.974226,11.67,2025-12-02,Mon-Th,3,23
3.0,Mon-Th,11,4,1,urban,0.021158151946259248,4.5,53.0,24.0,12.1,3,3.983077,6.6,2025-12-03,Mon-Th,3,14
3.0,Mon-Th,3,2,3,urban,0.03697182427748242,5.2,99.0,222.0,13.3,3,12.637194,13.48,2025-12-03,Mon-Th,3,14
3.0,Mon-Th,18,10,1,urban,0.0232569565871678,-12.1,87.0,15.0,4.5,3,13.120444,14.97,2025-12-03,Mon-Th,3,14
3.0,Mon-Th,23,23,1,urban,0.026839793973166257,3.2,85.0,21.0,13.9,3,3.111876,8.59,2025-12-03,Mon-Th,3,14
3.0,Mon-Th,3,13,3,urban,0.004233424247170586,2.5,100.0,0.0,6.1,3,9.572429,31.33,2025-12-03,Mon-Th,3,14
3.0,Mon-Th,6,25,3,urban,0.04066704877598241,2.4,98.0,19.0,10.3,3,10.887845,6.73,2025-12-03,Mon-Th,3,14
3.0,Mon-Th,17,24,9,urban,0.02312305706397209,16.8,69.0,19.0,17.2,3,30.648964,5.82,2025-12-03,Mon-Th,3,14
3.0,Mon-Th,3,4,2,urban,0.04593328834460103,-3.6,81.0,47.0,10.8,3,15.429054,7.7,2025-12-03,Mon-Th,3,14
3.0,Mon-Th,18,24,1,urban,0.028791891242429896,3.2,54.0,148.0,18.3,3,45.709232,7.23,2025-12-03,Mon-Th,3,14
3.0,Mon-Th,16,13,1,urban,0.03613561835418798,3.1,96.0,0.0,13.5,3,11.505854,46.96,2025-12-03,Mon-Th,3,14
3.0,Mon-Th,21,11,12,urban,0.010748363659473292,1.7,96.0,1.0,27.7,3,19.940124,14.14,2025-12-03,Mon-Th,3,14
3.0,Mon-Th,7,26,12,urban,0.027898778743057087,-1.6,97.0,1.0,9.6,3,14.611606,9.63,2025-12-03,Mon-Th,3,14
3.0,Mon-Th,19,22,1,urban,0.015737536458227105,0.4,94.0,26.0,5.4,3,66.36894,29.16,2025-12-03,Mon-Th,3,14
3.0,Mon-Th,18,29,1,urban,0.0291075546835216,2.1,99.0,1.0,4.3,3,15.106933,9.68,2025-12-03,Mon-Th,3,14
3.0,Mon-Th,11,21,3,urban,0.0022799391692876316,3.5,58.0,24.0,5.2,3,2.859805,7.77,2025-12-04,Mon-Th,3,27
3.0,Mon-Th,11,8,12,urban,0.039473495356880245,0.9,98.0,19.0,13.9,3,12.747841,26.17,2025-12-04,Mon-Th,3,27
3.0,Mon-Th,11,12,3,urban,0.024965791294502774,2.6,48.0,212.0,15.2,3,4.148395,3.49,2025-12-04,Mon-Th,3,27
3.0,Mon-Th,16,2,1,urban,0.012329371502167777,2.1,94.0,17.0,15.0,3,34.424345,61.05,2025-12-04,Mon-Th,3,27
3.0,Mon-Th,16,3,2,urban,0.04432029913336551,1.1,81.0,16.0,22.0,3,6.092118,4.24,2025-12-04,Mon-Th,3,27
3.0,Mon-Th,3,1,3,urban,0.03735696107866348,4.9,98.0,20.0,15.5,3,11.388499,13.62,2025-12-04,Mon-Th,3,27
3.0,Mon-Th,22,24,12,urban,0.027822978829309786,-0.3,100.0,52.0,17.0,3,33.66221,4.71,2025-12-04,Mon-Th,3,27
3.0,Mon-Th,21,11,3,urban,0.04269041931870186,2.3,92.0,1.0,15.7,3,39.056568,10.4,2025-12-04,Mon-Th,3,27
3.0,Mon-Th,16,30,1,urban,0.013493334849730816,1.9,77.0,0.0,16.8,3,2.837156,16.25,2025-12-04,Mon-Th,3,27
3.0,Mon-Th,16,23,3,urban,0.022379217051806313,7.0,58.0,202.0,7.4,3,15.047259,10.26,2025-12-04,Mon-Th,3,27
3.0,Mon-Th,16,6,1,urban,0.04178258339855717,-3.2,95.0,12.0,16.0,3,20.007818,16.37,2025-12-04,Mon-Th,3,27
3.0,Mon-Th,15,26,1,urban,0.03277198439965327,2.8,74.0,16.0,14.6,3,2.318551,11.95,2025-12-04,Mon-Th,3,27
3.0,Mon-Th,9,11,1,urban,0.018193527431011776,3.0,97.0,0.0,15.0,3,9.548953,37.07,2025-12-04,Mon-Th,3,27
3.0,Mon-Th,11,29,12,urban,0.01488153977981992,2.0,100.0,0.0,13.7,3,12.455774,11.05,2025-12-04,Mon-Th,3,27
3.0,Mon-Th,4,16,1,urban,0.012813865444687312,4.4,76.0,195.0,18.4,3,2.891056,11.61,2025-12-04,Mon-Th,3,27
3.0,Mon-Th,20,21,1,urban,0.015479728899346349,-4.1,70.0,14.0,32.7,3,20.172903,16.13,2025-12-04,Mon-Th,3,27
3.0,Mon-Th,4,21,12,urban,0.017356438869815402,3.2,88.0,20.0,32.0,3,14.456423,8.74,2025-12-04,Mon-Th,3,27
3.0,Mon-Th,23,11,12,urban,0.03872621053374558,7.7,99.0,290.0,12.4,3,2.227591,10.44,2025-12-04,Mon-Th,3,27
3.0,Mon-Th,18,22,1,urban,0.019861950617058956,0.5,94.0,18.0,16.0,3,2.754703,14.31,2025-12-04,Mon-Th,3,27
3.0,Mon-Th,11,25,1,urban,0.022527851211721562,4.0,83.0,22.0,21.1,3,8.866052,45.13,2025-12-04,Mon-Th,3,27
3.0,Mon-Th,6,27,1,urban,0.02255983727604836,-5.8,72.0,15.0,14.0,3,15.780207,1.96,2025-12-04,Mon-Th,3,27
3.0,Mon-Th,21,24,12,urban,0.017285944638791996,3.7,100.0,0.0,14.1,3,19.569204,7.51,2025-12-04,Mon-Th,3,27
3.0,Mon-Th,14,11,1,urban,0.06319937142650235,2.6,80.0,23.0,16.0,3,18.679737,3.65,2025-12-04,Mon-Th,3,27
3.0,Mon-Th,7,8,2,urban,0.04448603839569541,0.7,61.0,0.0,13.0,3,2.432744,7.5,2025-12-04,Mon-Th,3,27
3.0,Mon-Th,15,19,3,urban,0.01845311522058522,2.3,49.0,71.0,16.0,3,2.251842,6.0,2025-12-04,Mon-Th,3,27
3.0,Mon-Th,20,27,3,urban,0.04134590843393103,-4.2,75.0,0.0,10.4,3,12.819241,11.59,2025-12-04,Mon-Th,3,27
3.0,Mon-Th,22,4,12,urban,0.015312855046954562,2.1,96.0,16.0,13.7,3,62.399372,33.2,2025-12-04,Mon-Th,3,27
3.0,Mon-Th,17,20,3,urban,0.04067644183957061,2.6,73.0,0.0,11.2,3,19.950123,9.01,2025-12-08,Mon-Th,3,29
3.0,Mon-Th,16,26,1,urban,0.037243013788508236,-0.1,99.0,21.0,16.7,3,9.854641,8.29,2025-12-08,Mon-Th,3,29
3.0,Mon-Th,4,30,3,urban,0.018715403254505877,0.6,100.0,0.0,13.1,3,10.197907,20.55,2025-12-08,Mon-Th,3,29
3.0,Mon-Th,23,3,3,urban,0.0233566933924036,1.0,98.0,0.0,5.3,3,17.39637,12.5,2025-12-08,Mon-Th,3,29
3.0,Mon-Th,9,14,3,urban,0.03358692892101802,-11.6,97.0,0.0,5.2,3,11.013393,2.2,2025-12-08,Mon-Th,3,29
3.0,Mon-Th,16,26,3,urban,0.019325711653252482,7.4,99.0,0.0,5.3,3,14.678994,14.71,2025-12-08,Mon-Th,3,29
3.0,Mon-Th,7,7,3,urban,0.013972711201520754,1.1,47.0,243.0,2.8,3,98.238152,8.57,2025-12-08,Mon-Th,3,29
3.0,Mon-Th,7,22,3,urban,0.040189754974264705,0.3,100.0,1.0,7.5,3,4.089244,11.81,2025-12-08,Mon-Th,3,29
3.0,Mon-Th,21,7,12,urban,0.013697927264121933,0.3,94.0,19.0,8.2,3,16.123028,10.65,2025-12-08,Mon-Th,3,29
3.0,Mon-Th,3,2,1,urban,0.017062874642827845,2.9,80.0,24.0,6.3,3,2.419642,10.29,2025-12-08,Mon-Th,3,29
3.0,Mon-Th,3,2,3,urban,0.028892962022397425,2.9,81.0,177.0,10.6,3,13.483931,15.21,2025-12-08,Mon-Th,3,29
3.0,Mon-Th,15,3,1,urban,0.039276346864342254,4.4,98.0,5.0,11.1,3,19.916778,7.71,2025-12-08,Mon-Th,3,29
3.0,Mon-Th,16,10,1,urban,0.01214676630361117,4.7,70.0,18.0,11.1,3,2.019244,24.06,2025-12-08,Mon-Th,3,29
3.0,Mon-Th,3,15,1,urban,0.01761143342501524,2.4,100.0,0.0,12.9,3,39.310746,1.57,2025-12-08,Mon-Th,3,29
3.0,Mon-Th,21,10,3,urban,0.02344010625527227,1.8,82.0,19.0,8.8,3,14.58544,11.33,2025-12-08,Mon-Th,3,29
3.0,Mon-Th,19,16,12,urban,0.03831166424327269,1.2,66.0,28.0,15.4,3,15.258688,15.93,2025-12-08,Mon-Th,3,29
3.0,Mon-Th,11,28,12,urban,0.021726089073858652,0.7,96.0,26.0,11.5,3,41.12464,11.93,2025-12-08,Mon-Th,3,29
3.0,Mon-Th,16,10,1,urban,0.044855376393217745,2.2,94.0,0.0,15.7,3,2.801604,6.25,2025-12-08,Mon-Th,3,29
3.0,Mon-Th,4,11,6,urban,0.018311668887304594,0.4,44.0,20.0,5.0,3,14.023657,7.42,2025-12-08,Mon-Th,3,29
3.0,Mon-Th,23,14,3,urban,0.024298719676323112,2.7,79.0,18.0,17.6,3,10.716749,6.6,2025-12-08,Mon-Th,3,29
3.0,Mon-Th,15,17,2,urban,0.01850870442895358,4.0,71.0,279.0,30.3,3,18.850553,11.0,2025-12-08,Mon-Th,3,29
3.0,Mon-Th,23,13,3,urban,0.04465735608600486,-1.8,99.0,0.0,5.8,3,19.487336,36.7,2025-12-08,Mon-Th,3,29
3.0,Mon-Th,21,30,12,urban,0.00866575095890542,-0.2,98.0,1.0,15.2,3,12.385168,15.33,2025-12-08,Mon-Th,3,29
3.0,Mon-Th,16,16,1,urban,0.01479151939084379,-0.7,100.0,17.0,14.6,3,18.361895,12.22,2025-12-08,Mon-Th,3,29
3.0,Mon-Th,23,1,1,urban,0.023785673080369683,3.9,76.0,12.0,19.8,3,13.601889,8.58,2025-12-08,Mon-Th,3,29
3.0,Mon-Th,15,13,1,urban,0.012815365084660725,2.7,98.0,0.0,13.2,3,38.24774,21.66,2025-12-08,Mon-Th,3,29
3.0,Mon-Th,17,3,1,urban,0.015971928089261102,-3.3,98.0,0.0,33.8,3,10.370863,11.16,2025-12-08,Mon-Th,3,29
3.0,Mon-Th,22,29,1,urban,0.0132232890590752,2.9,85.0,19.0,15.6,3,4.777108,14.4,2025-12-08,Mon-Th,3,29
3.0,Mon-Th,15,21,1,urban,0.012069916546506384,2.7,99.0,20.0,7.6,3,34.933834,10.52,2025-12-08,Mon-Th,3,29
3.0,Mon-Th,21,22,12,urban,0.03682014279031267,-1.7,79.0,1.0,6.3,3,2.432472,12.08,2025-12-09,Mon-Th,3,29
3.0,Mon-Th,15,15,1,urban,0.014619000172991876,3.6,99.0,14.0,18.4,3,38.141008,19.79,2025-12-09,Mon-Th,3,29
3.0,Mon-Th,21,3,2,urban,0.01964525003547016,3.3,97.0,14.0,11.6,3,8.950547,17.73,2025-12-09,Mon-Th,3,29
3.0,Mon-Th,17,24,2,sub-urban,0.051956401767345964,-15.5,56.0,1.0,11.6,3,13.534123,11.99,2025-12-09,Mon-Th,3,29
3.0,Mon-Th,10,23,12,urban,0.0137762429775462,0.0,99.0,1.0,5.1,3,40.215386,20.02,2025-12-09,Mon-Th,3,29
3.0,Mon-Th,6,13,3,urban,0.03274932827191756,4.4,68.0,62.0,5.3,3,16.30442,8.43,2025-12-09,Mon-Th,3,29
3.0,Mon-Th,22,26,1,urban,0.032943734314229374,-5.0,99.0,0.0,12.7,3,12.693325,14.88,2025-12-09,Mon-Th,3,29
3.0,Mon-Th,18,3,1,urban,0.01882088603847667,2.7,98.0,38.0,11.0,3,17.983336,14.97,2025-12-09,Mon-Th,3,29
3.0,Mon-Th,15,21,12,urban,0.033560379990177844,1.1,99.0,46.0,18.3,3,17.789355,49.39,2025-12-09,Mon-Th,3,29
3.0,Mon-Th,3,20,12,urban,0.04211665370994977,5.1,84.0,0.0,25.9,3,7.172142,16.83,2025-12-09,Mon-Th,3,29
3.0,Mon-Th,14,11,3,urban,0.03558231527667891,2.7,100.0,26.0,19.9,3,2.934276,29.59,2025-12-09,Mon-Th,3,29
3.0,Mon-Th,21,16,1,urban,0.01676967645655613,4.3,88.0,15.0,16.8,3,8.909772,7.83,2025-12-09,Mon-Th,3,29
3.0,Mon-Th,15,13,12,urban,0.013640995312249514,-0.1,95.0,0.0,19.7,3,2.0,13.14,2025-12-09,Mon-Th,3,29
3.0,Mon-Th,21,22,1,urban,0.04024626505581276,-3.4,100.0,15.0,19.7,3,10.299378,30.04,2025-12-09,Mon-Th,3,29
3.0,Mon-Th,20,27,9,urban,0.02006063748184338,-8.8,85.0,15.0,12.3,3,10.766247,11.43,2025-12-09,Mon-Th,3,29
3.0,Mon-Th,11,7,12,urban,0.01805782669832569,2.9,85.0,1.0,10.2,3,16.519202,3.86,2025-12-09,Mon-Th,3,29
3.0,Mon-Th,18,31,3,urban,0.02128533240857215,2.8,94.0,16.0,14.8,3,18.145361,2.4,2025-12-09,Mon-Th,3,29
3.0,Mon-Th,15,25,3,urban,0.031079868249208054,3.8,79.0,197.0,13.0,3,17.526443,2.82,2025-12-09,Mon-Th,3,29
3.0,Mon-Th,3,30,3,urban,0.004893541613353443,16.6,52.0,100.0,11.7,3,15.375917,2.87,2025-12-09,Mon-Th,3,29
3.0,Mon-Th,21,29,2,urban,0.014677020405318545,-0.8,72.0,0.0,12.1,3,36.537374,26.55,2025-12-09,Mon-Th,3,29
3.0,Mon-Th,0,9,12,urban,0.03532171341366351,4.6,99.0,20.0,7.4,3,15.17452,18.73,2025-12-09,Mon-Th,3,29
3.0,Mon-Th,18,5,3,urban,0.045189889356917055,-5.2,60.0,225.0,21.2,3,19.938906,47.65,2025-12-09,Mon-Th,3,29
3.0,Mon-Th,22,5,6,urban,0.015688358866697637,2.6,94.0,0.0,16.2,3,10.487382,10.81,2025-12-09,Mon-Th,3,29
3.0,Mon-Th,15,9,3,urban,0.04359520203945561,-0.6,100.0,0.0,7.0,3,13.18155,2.12,2025-12-09,Mon-Th,3,29
3.0,Mon-Th,5,8,12,urban,0.006650961773739918,4.0,99.0,0.0,4.6,3,7.002734,27.82,2025-12-09,Mon-Th,3,29
3.0,Mon-Th,22,30,1,urban,0.013251710266976552,-10.0,100.0,101.0,4.6,3,9.285866,10.53,2025-12-09,Mon-Th,3,29
3.0,Mon-Th,9,21,4,urban,0.006089678059650579,21.2,63.0,394.0,4.7,3,18.268104,6.13,2025-12-09,Mon-Th,3,29
3.0,Mon-Th,18,31,2,urban,0.03619996454658309,3.1,65.0,303.0,18.3,3,6.43564,3.93,2025-12-09,Mon-Th,3,29
3.0,Mon-Th,11,15,12,urban,0.03903661403877203,1.7,78.0,9.0,19.2,3,22.383946,5.11,2025-12-09,Mon-Th,3,29
3.0,Mon-Th,9,23,12,urban,0.023447287938104702,-12.8,88.0,26.0,3.7,3,15.852918,13.9,2025-12-10,Mon-Th,3,27
3.0,Mon-Th,15,3,2,urban,0.03738984140913609,0.7,99.0,159.0,9.1,3,39.555027,6.7,2025-12-10,Mon-Th,3,27
3.0,Mon-Th,9,16,1,urban,0.019666180986788594,0.7,99.0,0.0,13.9,3,5.974992,9.44,2025-12-10,Mon-Th,3,27
3.0,Mon-Th,21,8,3,urban,0.019084219601144765,3.4,68.0,204.0,18.2,3,4.596426,6.21,2025-12-10,Mon-Th,3,27
3.0,Mon-Th,3,4,3,urban,0.004029953179135312,6.4,54.0,20.0,15.2,3,7.204888,8.06,2025-12-10,Mon-Th,3,27
3.0,Mon-Th,20,3,3,urban,0.034167896911206606,3.2,63.0,286.0,17.7,3,15.024865,13.35,2025-12-10,Mon-Th,3,27
3.0,Mon-Th,15,2,1,urban,0.024220662881805285,1.6,96.0,22.0,6.2,3,13.439445,14.72,2025-12-10,Mon-Th,3,27
3.0,Mon-Th,6,21,1,urban,0.027336265631319724,2.1,100.0,1.0,4.2,3,24.229802,9.79,2025-12-10,Mon-Th,3,27
3.0,Mon-Th,15,4,11,urban,0.041337122694989036,4.2,62.0,20.0,10.5,3,4.087482,5.36,2025-12-10,Mon-Th,3,27
3.0,Mon-Th,22,21,1,urban,0.03300919664300714,2.3,98.0,17.0,14.0,3,8.258584,9.38,2025-12-10,Mon-Th,3,27
3.0,Mon-Th,16,9,12,urban,0.04781443954461363,3.7,90.0,0.0,11.9,3,8.215851,6.2,2025-12-10,Mon-Th,3,27
3.0,Mon-Th,22,15,3,urban,0.03731255723628552,-3.8,65.0,0.0,14.2,3,14.261912,11.93,2025-12-10,Mon-Th,3,27
3.0,Mon-Th,3,10,3,urban,0.017129639273465315,0.9,100.0,0.0,30.0,3,4.154096,6.67,2025-12-10,Mon-Th,3,27
3.0,Mon-Th,3,15,12,urban,0.02264362811929061,-1.0,85.0,26.0,3.6,3,9.77628,4.71,2025-12-10,Mon-Th,3,27
3.0,Mon-Th,14,27,2,urban,0.010222662389254846,1.6,99.0,11.0,15.9,3,18.130654,3.34,2025-12-10,Mon-Th,3,27
3.0,Mon-Th,23,24,1,urban,0.02658629518761272,3.2,94.0,20.0,23.8,3,9.887846,7.92,2025-12-10,Mon-Th,3,27
3.0,Mon-Th,18,24,7,urban,0.03175905273982757,15.5,71.0,23.0,5.3,3,3.005486,8.88,2025-12-10,Mon-Th,3,27
3.0,Mon-Th,16,24,3,urban,0.015462201656854701,4.8,84.0,16.0,16.2,3,3.412011,3.56,2025-12-10,Mon-Th,3,27
3.0,Mon-Th,22,10,1,urban,0.034613623090039236,3.4,97.0,0.0,17.6,3,14.35059,24.28,2025-12-10,Mon-Th,3,27
3.0,Mon-Th,16,8,1,urban,0.01155192797853964,5.5,99.0,18.0,17.1,3,40.315208,11.19,2025-12-10,Mon-Th,3,27
3.0,Mon-Th,21,16,1,urban,0.027852607815947707,2.2,96.0,16.0,2.5,3,5.718005,10.71,2025-12-10,Mon-Th,3,27
3.0,Mon-Th,18,10,1,urban,0.015996229007029943,-0.2,62.0,154.0,5.4,3,12.967308,27.38,2025-12-10,Mon-Th,3,27
3.0,Mon-Th,22,4,6,urban,0.041768765307620345,18.6,63.0,423.0,14.9,3,16.882879,6.24,2025-12-10,Mon-Th,3,27
3.0,Mon-Th,15,18,1,urban,0.020192328210724687,2.2,100.0,24.0,2.0,3,4.097244,14.84,2025-12-10,Mon-Th,3,27
3.0,Mon-Th,9,5,1,urban,0.018986303487645288,-0.3,99.0,0.0,28.2,3,3.173403,4.79,2025-12-10,Mon-Th,3,27
3.0,Mon-Th,16,24,1,urban,0.026232885225618896,1.2,99.0,19.0,18.0,3,16.949887,8.62,2025-12-10,Mon-Th,3,27
3.0,Mon-Th,13,14,2,urban,0.021276113051685946,0.2,100.0,109.0,12.0,3,45.413714,10.47,2025-12-10,Mon-Th,3,27
3.0,Mon-Th,18,14,2,urban,0.0396208865361632,3.6,73.0,58.0,10.6,3,11.938704,9.93,2025-12-11,Mon-Th,3,26
3.0,Mon-Th,21,7,1,urban,0.06677963066604133,-4.4,92.0,0.0,7.1,3,18.281792,8.36,2025-12-11,Mon-Th,3,26
3.0,Mon-Th,17,2,1,urban,0.024405726148412858,3.3,100.0,22.0,14.8,3,22.599812,8.33,2025-12-11,Mon-Th,3,26
3.0,Mon-Th,4,21,1,urban,0.02387015038621298,2.3,80.0,22.0,12.7,3,40.154574,8.48,2025-12-11,Mon-Th,3,26
3.0,Mon-Th,1,20,3,urban,0.0198835600533503,2.4,67.0,0.0,13.7,3,34.361946,13.42,2025-12-11,Mon-Th,3,26
3.0,Mon-Th,3,21,2,urban,0.0033450321342008904,2.8,100.0,229.0,4.3,3,13.661775,14.43,2025-12-11,Mon-Th,3,26
3.0,Mon-Th,10,13,1,urban,0.011151812112519883,6.7,62.0,18.0,5.3,3,13.647442,3.88,2025-12-11,Mon-Th,3,26
3.0,Mon-Th,3,21,1,urban,0.012316493019479208,3.4,80.0,0.0,9.0,3,9.526891,2.73,2025-12-11,Mon-Th,3,26
3.0,Mon-Th,13,6,12,urban,0.056568662307335225,-8.4,98.0,0.0,9.8,3,17.470769,20.84,2025-12-11,Mon-Th,3,26
3.0,Mon-Th,16,15,12,urban,0.040508041282154766,3.9,98.0,135.0,18.5,3,35.028428,4.81,2025-12-11,Mon-Th,3,26
3.0,Mon-Th,4,28,2,urban,0.044501778752990905,0.2,99.0,0.0,10.9,3,25.750875,11.15,2025-12-11,Mon-Th,3,26
3.0,Mon-Th,14,3,1,urban,0.03838821765709036,-5.1,99.0,0.0,7.6,3,13.573421,16.98,2025-12-11,Mon-Th,3,26
3.0,Mon-Th,3,18,1,urban,0.026526596381435216,4.8,100.0,19.0,15.4,3,16.944805,28.12,2025-12-11,Mon-Th,3,26
3.0,Mon-Th,9,9,3,urban,0.018364743082627102,-3.5,67.0,17.0,14.0,3,43.539232,6.32,2025-12-11,Mon-Th,3,26
3.0,Mon-Th,9,9,3,urban,0.02749867537693909,-11.2,93.0,0.0,14.2,3,15.517878,13.93,2025-12-11,Mon-Th,3,26
3.0,Mon-Th,16,25,12,urban,0.043241498748345666,-11.1,84.0,0.0,4.5,3,14.944562,35.75,2025-12-11,Mon-Th,3,26
3.0,Mon-Th,21,19,2,urban,0.03804648856027789,1.6,94.0,0.0,20.3,3,13.277585,6.55,2025-12-11,Mon-Th,3,26
3.0,Mon-Th,15,25,2,urban,0.05188351047443807,2.6,93.0,1.0,17.1,3,19.340701,13.08,2025-12-11,Mon-Th,3,26
3.0,Mon-Th,4,8,1,urban,0.01914504813625273,3.6,63.0,24.0,16.0,3,19.221243,10.57,2025-12-11,Mon-Th,3,26
3.0,Mon-Th,17,6,1,urban,0.024585634946690443,2.2,75.0,0.0,9.3,3,9.09597,9.95,2025-12-11,Mon-Th,3,26
3.0,Mon-Th,11,13,6,urban,0.025314945323199303,3.3,81.0,58.0,15.9,3,37.797095,7.91,2025-12-11,Mon-Th,3,26
3.0,Mon-Th,13,22,1,urban,0.01819726258394065,-0.7,100.0,251.0,22.2,3,16.954846,6.12,2025-12-11,Mon-Th,3,26
3.0,Mon-Th,14,21,3,urban,0.029686075892850092,2.2,60.0,21.0,10.9,3,5.976899,37.28,2025-12-11,Mon-Th,3,26
3.0,Mon-Th,1,14,3,urban,0.0225286381435758,5.6,53.0,1.0,4.9,3,21.53541,13.45,2025-12-11,Mon-Th,3,26
3.0,Mon-Th,22,6,3,urban,0.0031714132787844813,1.1,100.0,25.0,12.8,3,39.112882,7.67,2025-12-11,Mon-Th,3,26
3.0,Mon-Th,3,15,1,urban,0.03260963417306808,1.1,88.0,0.0,11.4,3,4.139435,8.64,2025-12-11,Mon-Th,3,26
3.0,Mon-Th,16,7,3,urban,0.0364732850814259,-5.8,68.0,231.0,4.5,3,5.374814,22.97,2025-12-15,Mon-Th,3,30
3.0,Mon-Th,23,10,1,urban,0.014906091416258775,3.1,94.0,15.0,26.8,3,6.559794,10.6,2025-12-15,Mon-Th,3,30
3.0,Mon-Th,3,13,7,urban,0.017718353715224608,-4.6,100.0,0.0,15.8,3,16.274974,26.85,2025-12-15,Mon-Th,3,30
3.0,Mon-Th,11,19,1,urban,0.01922949065658776,3.2,78.0,71.0,12.4,3,12.280175,9.47,2025-12-15,Mon-Th,3,30
3.0,Mon-Th,23,11,1,urban,0.03775543329153641,0.0,89.0,15.0,12.8,3,2.487102,15.58,2025-12-15,Mon-Th,3,30
3.0,Mon-Th,16,3,3,urban,0.055333201488929666,0.9,99.0,25.0,15.5,3,17.993286,10.91,2025-12-15,Mon-Th,3,30
3.0,Mon-Th,16,26,12,urban,0.03855719424183904,-4.0,90.0,19.0,4.8,3,12.078114,12.6,2025-12-15,Mon-Th,3,30
3.0,Mon-Th,10,8,5,urban,0.01707441923385296,3.1,82.0,23.0,12.9,3,8.642045,7.42,2025-12-15,Mon-Th,3,30
3.0,Mon-Th,15,27,12,urban,0.017399139342238006,-12.5,90.0,18.0,1.7,3,17.046218,8.23,2025-12-15,Mon-Th,3,30
3.0,Mon-Th,1,3,3,urban,0.010149242514244152,2.8,100.0,14.0,15.5,3,8.037133,20.24,2025-12-15,Mon-Th,3,30
3.0,Mon-Th,4,3,2,urban,0.021136504716900595,3.4,100.0,27.0,17.1,3,89.394915,8.63,2025-12-15,Mon-Th,3,30
3.0,Mon-Th,16,30,3,urban,0.03689919995781218,2.8,100.0,17.0,14.9,3,15.703877,13.63,2025-12-15,Mon-Th,3,30
3.0,Mon-Th,3,8,10,urban,0.01897962549540634,1.0,71.0,22.0,12.6,3,13.244618,8.29,2025-12-15,Mon-Th,3,30
3.0,Mon-Th,6,24,1,urban,0.051561155609813995,3.0,99.0,20.0,4.3,3,16.172932,18.5,2025-12-15,Mon-Th,3,30
3.0,Mon-Th,16,29,3,urban,0.02820600186369102,-1.3,98.0,1.0,17.1,3,50.071885,12.37,2025-12-15,Mon-Th,3,30
3.0,Mon-Th,18,3,3,urban,0.044681678949492425,8.1,50.0,12.0,13.1,3,43.678395,6.86,2025-12-15,Mon-Th,3,30
3.0,Mon-Th,23,8,2,urban,0.018171888930906564,2.5,100.0,0.0,7.8,3,35.348923,16.89,2025-12-15,Mon-Th,3,30
3.0,Mon-Th,1,29,1,urban,0.019619609032816884,2.6,98.0,12.0,9.7,3,12.732491,44.1,2025-12-15,Mon-Th,3,30
3.0,Mon-Th,22,21,12,urban,0.00532226207299571,0.5,98.0,1.0,19.6,3,9.235977,30.98,2025-12-15,Mon-Th,3,30
3.0,Mon-Th,21,21,8,urban,0.018315955023341334,13.8,88.0,11.0,5.6,3,11.492326,5.86,2025-12-15,Mon-Th,3,30
3.0,Mon-Th,22,27,12,urban,0.003499388308266041,-0.1,100.0,20.0,8.8,3,21.776766,14.41,2025-12-15,Mon-Th,3,30
3.0,Mon-Th,13,24,3,urban,0.035506953144959934,3.4,73.0,0.0,14.9,3,14.881665,9.7,2025-12-15,Mon-Th,3,30
3.0,Mon-Th,11,11,1,urban,0.039096072142109015,2.0,52.0,20.0,18.3,3,8.89787,12.21,2025-12-15,Mon-Th,3,30
3.0,Mon-Th,18,16,3,urban,0.0025705400953217484,-3.3,97.0,0.0,14.7,3,8.288744,7.8,2025-12-15,Mon-Th,3,30
3.0,Mon-Th,21,11,3,urban,0.03992429251813871,4.0,56.0,258.0,10.1,3,14.219274,7.04,2025-12-15,Mon-Th,3,30
3.0,Mon-Th,5,3,3,urban,0.03490640565617972,4.1,80.0,223.0,12.5,3,15.479306,5.16,2025-12-15,Mon-Th,3,30
3.0,Mon-Th,14,19,3,urban,0.04159557996951474,-1.8,83.0,19.0,5.6,3,21.112671,7.71,2025-12-15,Mon-Th,3,30
3.0,Mon-Th,23,15,3,urban,0.031411055397419195,1.2,96.0,0.0,5.6,3,14.468481,34.77,2025-12-15,Mon-Th,3,30
3.0,Mon-Th,3,13,11,urban,0.019390719136647964,3.3,74.0,57.0,10.9,3,18.481258,2.59,2025-12-15,Mon-Th,3,30
3.0,Mon-Th,11,14,12,urban,0.016720856611720326,2.0,87.0,1.0,24.5,3,15.718992,9.7,2025-12-15,Mon-Th,3,30
3.0,Mon-Th,22,19,3,urban,0.013041577093638177,0.4,100.0,0.0,9.6,3,4.445893,11.68,2025-12-16,Mon-Th,3,17
3.0,Mon-Th,17,24,12,urban,0.016981879957844462,1.7,58.0,0.0,18.2,3,15.951738,16.88,2025-12-16,Mon-Th,3,17
3.0,Mon-Th,23,26,1,urban,0.024288661885451843,3.2,97.0,0.0,17.1,3,22.952312,14.13,2025-12-16,Mon-Th,3,17
3.0,Mon-Th,15,1,1,urban,0.03952569288382789,3.5,70.0,13.0,15.7,3,2.879243,15.45,2025-12-16,Mon-Th,3,17
3.0,Mon-Th,15,7,1,urban,0.03675544390405008,2.9,100.0,14.0,18.1,3,5.075866,7.22,2025-12-16,Mon-Th,3,17
3.0,Mon-Th,11,3,1,urban,0.050999847362705734,2.7,98.0,12.0,17.6,3,2.0,5.84,2025-12-16,Mon-Th,3,17
3.0,Mon-Th,10,12,3,urban,0.055635224397622224,6.3,57.0,20.0,15.2,3,14.300081,6.39,2025-12-16,Mon-Th,3,17
3.0,Mon-Th,15,26,3,urban,0.014270432028448226,3.8,51.0,21.0,21.3,3,34.474563,13.31,2025-12-16,Mon-Th,3,17
3.0,Mon-Th,3,8,3,urban,0.03397844686779074,0.1,75.0,0.0,10.0,3,9.803172,5.34,2025-12-16,Mon-Th,3,17
3.0,Mon-Th,18,17,1,urban,0.0386110673426385,-5.0,84.0,24.0,19.2,3,12.776906,42.99,2025-12-16,Mon-Th,3,17
3.0,Mon-Th,17,11,1,urban,0.03788830827438095,-1.2,71.0,54.0,30.9,3,2.0,15.44,2025-12-16,Mon-Th,3,17
3.0,Mon-Th,15,31,12,urban,0.017851344283739003,-0.0,100.0,0.0,14.2,3,33.008261,21.17,2025-12-16,Mon-Th,3,17
3.0,Mon-Th,21,6,12,sub-urban,0.039964604710091264,-0.2,59.0,291.0,4.7,3,4.229958,18.7,2025-12-16,Mon-Th,3,17
3.0,Mon-Th,6,14,3,urban,0.043054568309023655,-0.7,57.0,10.0,17.9,3,13.762789,17.57,2025-12-16,Mon-Th,3,17
3.0,Mon-Th,3,3,1,urban,0.011025946214749791,2.4,94.0,21.0,12.4,3,14.616097,9.07,2025-12-16,Mon-Th,3,17
3.0,Mon-Th,19,21,1,urban,0.019836104390812574,-7.9,100.0,0.0,8.4,3,13.733499,33.98,2025-12-16,Mon-Th,3,17
3.0,Mon-Th,14,17,12,urban,0.006514814094938289,-7.6,98.0,16.0,16.9,3,14.013921,25.55,2025-12-16,Mon-Th,3,17
3.0,Mon-Th,23,16,3,urban,0.05297275657978549,-7.1,93.0,0.0,9.0,3,7.240567,21.23,2025-12-17,Mon-Th,3,23
3.0,Mon-Th,6,28,12,urban,0.05422338341104593,-11.0,99.0,0.0,9.3,3,10.258318,21.67,2025-12-17,Mon-Th,3,23
3.0,Mon-Th,23,3,12,urban,0.03813854171479404,0.7,56.0,1.0,19.5,3,3.481049,11.51,2025-12-17,Mon-Th,3,23
3.0,Mon-Th,9,7,3,urban,0.038500719455096304,3.2,94.0,22.0,13.1,3,17.719809,3.34,2025-12-17,Mon-Th,3,23
3.0,Mon-Th,18,14,1,urban,0.02007711485812106,4.3,65.0,16.0,29.3,3,3.03143,16.18,2025-12-17,Mon-Th,3,23
3.0,Mon-Th,15,6,3,urban,0.015492149510801098,4.9,95.0,18.0,16.3,3,60.114857,12.61,2025-12-17,Mon-Th,3,23
3.0,Mon-Th,18,31,1,urban,0.026558558527115472,4.4,100.0,28.0,15.0,3,16.296838,14.23,2025-12-17,Mon-Th,3,23
3.0,Mon-Th,16,30,1,urban,0.01824339994464705,3.9,100.0,13.0,15.7,3,2.80752,5.59,2025-12-17,Mon-Th,3,23
3.0,Mon-Th,22,7,1,urban,0.016189057718508863,3.0,100.0,24.0,13.3,3,17.30751,5.26,2025-12-17,Mon-Th,3,23
3.0,Mon-Th,21,10,3,urban,0.027748909204430273,19.5,70.0,220.0,15.4,3,42.086571,1.67,2025-12-17,Mon-Th,3,23
3.0,Mon-Th,11,21,1,urban,0.016707952140379727,2.1,61.0,0.0,5.2,3,64.84955,41.94,2025-12-17,Mon-Th,3,23
3.0,Mon-Th,4,6,12,urban,0.0032649555370600322,-14.2,50.0,173.0,3.7,3,106.664084,16.31,2025-12-17,Mon-Th,3,23
3.0,Mon-Th,4,3,12,urban,0.0333222275551333,-11.0,99.0,21.0,3.0,3,4.720054,7.2,2025-12-17,Mon-Th,3,23
3.0,Mon-Th,4,9,3,urban,0.032781237635032656,14.6,60.0,134.0,4.0,3,2.754744,5.07,2025-12-17,Mon-Th,3,23
3.0,Mon-Th,21,14,1,urban,0.05296898161540381,0.9,99.0,0.0,16.5,3,10.782252,26.98,2025-12-17,Mon-Th,3,23
3.0,Mon-Th,20,5,1,urban,0.019333751308321694,-0.1,99.0,21.0,9.5,3,8.961043,29.48,2025-12-17,Mon-Th,3,23
3.0,Mon-Th,23,24,1,urban,0.016747035749128572,3.6,99.0,2.0,6.3,3,12.088354,13.96,2025-12-17,Mon-Th,3,23
3.0,Mon-Th,4,14,1,urban,0.03638759506406259,14.9,80.0,28.0,16.3,3,8.255994,29.5,2025-12-17,Mon-Th,3,23
3.0,Mon-Th,16,1,2,urban,0.03617907296056942,1.3,65.0,14.0,3.6,3,15.864635,11.6,2025-12-17,Mon-Th,3,23
3.0,Mon-Th,17,26,2,urban,0.04860470290821401,-7.0,77.0,51.0,11.8,3,15.517738,14.11,2025-12-17,Mon-Th,3,23
3.0,Mon-Th,15,29,1,urban,0.035228367722692625,1.9,60.0,29.0,13.0,3,2.817022,4.57,2025-12-17,Mon-Th,3,23
3.0,Mon-Th,11,18,3,urban,0.016987949482532377,4.1,57.0,214.0,10.5,3,17.926747,18.09,2025-12-17,Mon-Th,3,23
3.0,Mon-Th,18,14,1,urban,0.03321414701921112,2.8,75.0,0.0,10.4,3,20.6151,7.27,2025-12-17,Mon-Th,3,23
3.0,Mon-Th,10,21,3,urban,0.003174003796969218,13.9,97.0,210.0,12.1,3,40.863738,10.18,2025-12-18,Mon-Th,3,21
3.0,Mon-Th,6,11,1,urban,0.07621479625628025,-2.5,99.0,0.0,7.2,3,8.113748,10.27,2025-12-18,Mon-Th,3,21
3.0,Mon-Th,17,20,1,urban,0.010909523625120026,2.6,47.0,17.0,15.8,3,11.044455,6.77,2025-12-18,Mon-Th,3,21
3.0,Mon-Th,22,21,12,urban,0.03155022824199445,-5.9,98.0,0.0,1.7,3,10.307019,16.51,2025-12-18,Mon-Th,3,21
3.0,Mon-Th,16,26,1,urban,0.04353330614704473,2.1,72.0,0.0,14.8,3,3.788919,19.09,2025-12-18,Mon-Th,3,21
3.0,Mon-Th,17,27,2,urban,0.05314542652018667,-2.1,99.0,12.0,6.6,3,7.766039,7.3,2025-12-18,Mon-Th,3,21
3.0,Mon-Th,18,2,12,urban,0.015573044936121133,2.0,98.0,21.0,15.8,3,11.083825,8.58,2025-12-18,Mon-Th,3,21
3.0,Mon-Th,15,27,2,urban,0.012025669238880418,1.6,99.0,18.0,13.3,3,2.250713,7.23,2025-12-18,Mon-Th,3,21
3.0,Mon-Th,21,17,3,urban,0.014895912323680042,-0.9,98.0,1.0,16.0,3,8.152476,15.06,2025-12-18,Mon-Th,3,21
3.0,Mon-Th,11,19,1,urban,0.010916344805046371,2.4,92.0,22.0,10.7,3,36.56404,2.23,2025-12-18,Mon-Th,3,21
3.0,Mon-Th,17,17,10,urban,0.03263314766389494,6.8,61.0,12.0,16.1,3,35.970549,10.02,2025-12-18,Mon-Th,3,21
3.0,Mon-Th,15,26,1,urban,0.027718097552297424,-3.3,53.0,10.0,3.5,3,2.957169,7.57,2025-12-18,Mon-Th,3,21
3.0,Mon-Th,19,15,1,urban,0.01925715696819249,3.5,95.0,76.0,7.1,3,39.612384,8.98,2025-12-18,Mon-Th,3,21
3.0,Mon-Th,3,8,12,urban,0.049189114769623093,0.5,84.0,0.0,27.2,3,12.954567,3.49,2025-12-18,Mon-Th,3,21
3.0,Mon-Th,11,18,1,urban,0.028302400843157702,3.3,98.0,523.0,3.6,3,18.321243,9.64,2025-12-18,Mon-Th,3,21
3.0,Mon-Th,4,23,2,urban,0.017878190401771216,-8.3,99.0,17.0,4.7,3,12.673336,14.16,2025-12-18,Mon-Th,3,21
3.0,Mon-Th,20,11,12,urban,0.04057679275855272,-1.8,71.0,1.0,2.9,3,13.570777,11.34,2025-12-18,Mon-Th,3,21
3.0,Mon-Th,11,18,2,urban,0.01506454049028186,1.7,62.0,72.0,11.7,3,2.0,9.65,2025-12-18,Mon-Th,3,21
3.0,Mon-Th,15,20,1,urban,0.013980200608585203,3.4,100.0,182.0,18.5,3,33.610295,10.91,2025-12-18,Mon-Th,3,21
3.0,Mon-Th,4,19,12,urban,0.01077352752243577,-5.1,99.0,26.0,1.0,3,19.237614,15.39,2025-12-18,Mon-Th,3,21
3.0,Mon-Th,13,16,12,sub-urban,0.03915239510237211,-4.4,92.0,75.0,12.3,3,9.258188,8.27,2025-12-18,Mon-Th,3,21
3.0,Friday,14,9,3,urban,0.03747179072221309,4.0,77.0,0.0,5.6,3,20.153067,11.43,2025-09-26,Friday,3,23
3.0,Friday,16,30,12,urban,0.05107372252017942,2.5,99.0,0.0,14.0,3,11.787506,7.08,2025-09-26,Friday,3,23
3.0,Friday,16,4,3,urban,0.03576703805296144,3.8,100.0,1.0,5.8,3,27.599208,3.15,2025-09-26,Friday,3,23
3.0,Friday,4,16,2,urban,0.03663783173483847,0.6,100.0,0.0,4.8,3,31.811269,10.51,2025-09-26,Friday,3,23
3.0,Friday,4,21,12,urban,0.014530577207909857,3.0,100.0,1.0,4.7,3,6.997747,11.15,2025-09-26,Friday,3,23
3.0,Friday,15,15,2,urban,0.016217982623196864,-2.1,97.0,13.0,6.1,3,52.808718,13.8,2025-09-26,Friday,3,23
3.0,Friday,15,6,1,urban,0.020645972357666798,3.4,96.0,16.0,16.4,3,3.493325,5.99,2025-09-26,Friday,3,23
3.0,Friday,11,3,1,urban,0.012556908732492496,2.8,72.0,23.0,21.5,3,17.529227,7.12,2025-09-26,Friday,3,23
3.0,Friday,22,2,1,urban,0.010317459673640533,1.2,100.0,19.0,12.9,3,10.374949,10.02,2025-09-26,Friday,3,23
3.0,Friday,22,16,1,urban,0.017406297288533962,1.7,99.0,205.0,35.4,3,67.365845,8.75,2025-09-26,Friday,3,23
3.0,Friday,22,21,1,urban,0.017902753570414653,9.8,99.0,17.0,5.8,3,45.876226,9.15,2025-09-26,Friday,3,23
3.0,Friday,3,15,1,urban,0.048364825952850535,-8.0,95.0,38.0,13.0,3,66.363632,22.9,2025-09-26,Friday,3,23
3.0,Friday,7,11,3,urban,0.042172234999338795,3.0,49.0,148.0,16.6,3,22.645963,14.84,2025-09-26,Friday,3,23
3.0,Friday,16,19,1,urban,0.01891725442115571,0.5,99.0,1.0,5.9,3,20.264302,4.13,2025-09-26,Friday,3,23
3.0,Friday,3,24,1,urban,0.01837123144262054,-0.2,99.0,16.0,22.2,3,20.147375,10.41,2025-09-26,Friday,3,23
3.0,Friday,15,21,1,urban,0.018493410878992214,1.9,94.0,1.0,32.0,3,9.168063,47.11,2025-09-26,Friday,3,23
3.0,Friday,7,26,12,urban,0.036500984870672395,1.8,100.0,9.0,6.3,3,14.719601,2.88,2025-09-26,Friday,3,23
3.0,Friday,10,29,12,urban,0.0185775656470224,3.3,89.0,0.0,16.7,3,8.58355,19.62,2025-09-26,Friday,3,23
3.0,Friday,11,5,2,urban,0.022306097782419067,1.7,99.0,20.0,17.2,3,17.216149,7.22,2025-09-26,Friday,3,23
3.0,Friday,16,11,12,urban,0.03900992432012654,1.7,99.0,0.0,8.7,3,37.95228,28.37,2025-09-26,Friday,3,23
3.0,Friday,7,20,1,urban,0.0367669525806068,15.3,61.0,19.0,10.1,3,13.133452,29.41,2025-09-26,Friday,3,23
3.0,Friday,7,21,3,urban,0.0037484444717343435,3.0,42.0,271.0,5.5,3,2.0,10.42,2025-09-26,Friday,3,23
3.0,Friday,15,5,3,urban,0.03696617031725485,0.3,70.0,18.0,14.8,3,4.079795,3.53,2025-09-26,Friday,3,23
3.0,Friday,3,20,12,urban,0.016309018273295003,-0.7,98.0,0.0,13.9,3,41.283449,2.21,2025-10-03,Friday,3,29
3.0,Friday,7,6,12,urban,0.03645480551813987,0.2,100.0,8.0,7.4,3,14.248584,14.88,2025-10-03,Friday,3,29
3.0,Friday,9,10,1,urban,0.01525373741155446,3.7,53.0,20.0,13.7,3,41.620722,7.74,2025-10-03,Friday,3,29
3.0,Friday,11,21,1,urban,0.01642174505891658,2.0,98.0,251.0,18.6,3,19.308513,4.11,2025-10-03,Friday,3,29
3.0,Friday,13,25,12,urban,0.02280431196334112,2.9,100.0,0.0,2.1,3,21.698294,38.46,2025-10-03,Friday,3,29
3.0,Friday,13,13,1,urban,0.014131988992051592,2.2,97.0,25.0,4.9,3,32.095484,12.03,2025-10-03,Friday,3,29
3.0,Friday,11,21,1,urban,0.022220939085259572,-10.8,99.0,0.0,9.5,3,39.361737,12.43,2025-10-03,Friday,3,29
3.0,Friday,7,23,3,urban,0.015894744752460777,-0.9,82.0,24.0,21.2,3,2.092867,5.38,2025-10-03,Friday,3,29
3.0,Friday,17,11,2,sub-urban,0.055005071640694306,-3.4,99.0,0.0,11.0,3,21.423307,8.2,2025-10-03,Friday,3,29
3.0,Friday,16,6,1,urban,0.01057873330067656,2.6,100.0,13.0,17.3,3,59.761002,12.28,2025-10-03,Friday,3,29
3.0,Friday,17,5,2,urban,0.014605114368551234,-5.6,81.0,9.0,17.9,3,18.816129,7.36,2025-10-03,Friday,3,29
3.0,Friday,11,16,12,urban,0.02190019984550238,1.7,97.0,56.0,13.5,3,9.800315,22.33,2025-10-03,Friday,3,29
3.0,Friday,16,15,2,urban,0.039209485776729135,0.7,66.0,0.0,28.1,3,3.46914,7.44,2025-10-03,Friday,3,29
3.0,Friday,6,3,1,urban,0.013378902853578659,3.3,99.0,17.0,24.8,3,2.0,6.32,2025-10-03,Friday,3,29
3.0,Friday,16,20,1,urban,0.0038923368765397958,21.7,82.0,199.0,13.6,3,3.98747,29.48,2025-10-03,Friday,3,29
3.0,Friday,14,11,12,sub-urban,0.01995288867747343,-2.8,98.0,21.0,4.6,3,18.460647,7.62,2025-10-03,Friday,3,29
3.0,Friday,15,23,12,urban,0.038662112456523665,-0.8,100.0,0.0,17.7,3,12.889339,9.77,2025-10-03,Friday,3,29
3.0,Friday,11,23,3,urban,0.004290213088130717,16.2,100.0,191.0,9.0,3,18.464054,6.41,2025-10-03,Friday,3,29
3.0,Friday,9,11,3,urban,0.004502942929218745,3.6,74.0,48.0,9.1,3,21.305943,8.42,2025-10-03,Friday,3,29
3.0,Friday,16,20,12,urban,0.016011133740775643,4.8,99.0,23.0,23.6,3,18.597628,11.05,2025-10-03,Friday,3,29
3.0,Friday,3,21,3,urban,0.002034914898023081,-10.2,96.0,458.0,14.7,3,33.90298,15.15,2025-10-03,Friday,3,29
3.0,Friday,16,31,3,urban,0.030968315098681726,5.0,35.0,72.0,15.3,3,3.558747,10.16,2025-10-03,Friday,3,29
3.0,Friday,18,31,2,urban,0.04361297265933212,-2.1,83.0,0.0,13.6,3,40.927187,9.63,2025-10-03,Friday,3,29
3.0,Friday,7,15,1,urban,0.013257868252953548,1.1,99.0,0.0,14.4,3,12.114347,8.75,2025-10-03,Friday,3,29
3.0,Friday,19,10,2,urban,0.022007097903904857,-12.8,98.0,0.0,4.6,3,7.391197,21.65,2025-10-03,Friday,3,29
3.0,Friday,15,19,1,urban,0.03514718883130113,1.2,78.0,17.0,4.9,3,2.0,8.14,2025-10-03,Friday,3,29
3.0,Friday,21,19,1,urban,0.022037852031545787,2.8,61.0,14.0,17.1,3,3.017296,9.5,2025-10-03,Friday,3,29
3.0,Friday,22,10,12,urban,0.01993501653664101,0.2,83.0,25.0,13.6,3,12.109169,17.07,2025-10-03,Friday,3,29
3.0,Friday,4,30,1,urban,0.01005847274392459,-1.0,100.0,18.0,2.0,3,39.885994,7.88,2025-10-03,Friday,3,29
3.0,Friday,22,15,12,urban,0.013747353438727971,-5.5,100.0,0.0,7.1,3,8.471379,11.87,2025-10-10,Friday,3,27
3.0,Friday,4,23,3,urban,0.02308653462885494,1.8,32.0,241.0,28.0,3,8.265623,10.32,2025-10-10,Friday,3,27
3.0,Friday,6,13,3,urban,0.05473296765311016,4.6,85.0,14.0,5.7,3,34.637965,3.62,2025-10-10,Friday,3,27
3.0,Friday,4,5,2,urban,0.004035531657078929,-10.1,98.0,1.0,4.9,3,34.335774,7.93,2025-10-10,Friday,3,27
3.0,Friday,16,27,3,urban,0.016056114428423817,-1.1,98.0,493.0,5.0,3,17.42036,18.29,2025-10-10,Friday,3,27
3.0,Friday,17,14,2,sub-urban,0.028447959048050257,-11.2,66.0,8.0,7.5,3,68.850474,6.44,2025-10-10,Friday,3,27
3.0,Friday,3,20,1,urban,0.022804469878481053,2.5,95.0,20.0,16.7,3,13.363261,22.21,2025-10-10,Friday,3,27
3.0,Friday,16,11,11,urban,0.05896054252005396,4.1,100.0,24.0,17.0,3,14.396691,28.07,2025-10-10,Friday,3,27
3.0,Friday,22,15,12,urban,0.00576968697908928,-0.0,99.0,28.0,30.1,3,7.699987,11.38,2025-10-10,Friday,3,27
3.0,Friday,22,23,12,urban,0.007750107714833332,1.4,100.0,0.0,14.8,3,88.875563,6.11,2025-10-10,Friday,3,27
3.0,Friday,13,15,1,urban,0.05605344572217784,-0.5,98.0,0.0,20.0,3,7.977206,7.87,2025-10-10,Friday,3,27
3.0,Friday,4,21,12,urban,0.0031538074166257224,1.7,99.0,1.0,4.9,3,23.035474,9.07,2025-10-10,Friday,3,27
3.0,Friday,12,1,1,sub-urban,0.03467843727839363,5.5,99.0,0.0,17.3,3,17.459455,39.63,2025-10-10,Friday,3,27
3.0,Friday,3,7,12,urban,0.01975686874871514,3.1,100.0,0.0,7.8,3,8.515528,9.15,2025-10-10,Friday,3,27
3.0,Friday,18,15,1,urban,0.018349735413277533,2.0,98.0,0.0,3.9,3,60.400279,7.16,2025-10-10,Friday,3,27
3.0,Friday,23,15,1,urban,0.02202490907916973,-4.4,81.0,0.0,16.1,3,17.646244,9.57,2025-10-10,Friday,3,27
3.0,Friday,18,30,3,urban,0.003813495838224816,-1.2,48.0,239.0,15.9,3,62.857139,7.25,2025-10-10,Friday,3,27
3.0,Friday,16,1,1,urban,0.017327216690520366,1.5,100.0,17.0,10.0,3,12.598304,11.97,2025-10-10,Friday,3,27
3.0,Friday,2,23,2,urban,0.018041097313543725,1.3,97.0,11.0,17.3,3,56.040169,6.35,2025-10-10,Friday,3,27
3.0,Friday,3,27,1,urban,0.02104292652083558,3.5,100.0,0.0,27.0,3,34.05622,6.69,2025-10-10,Friday,3,27
3.0,Friday,21,16,12,urban,0.0082379175522179,3.5,78.0,0.0,6.4,3,10.375031,48.84,2025-10-10,Friday,3,27
3.0,Friday,16,1,1,urban,0.03867876964911262,1.9,100.0,0.0,8.0,3,18.290433,5.5,2025-10-10,Friday,3,27
3.0,Friday,4,29,1,urban,0.005003637601656018,19.7,30.0,419.0,17.5,3,42.227568,4.05,2025-10-10,Friday,3,27
3.0,Friday,16,21,12,urban,0.013416777241808802,-15.3,98.0,0.0,16.2,3,87.115383,10.89,2025-10-10,Friday,3,27
3.0,Friday,6,8,1,urban,0.017735197375750536,3.6,74.0,15.0,28.0,3,9.93011,1.98,2025-10-10,Friday,3,27
3.0,Friday,18,15,1,urban,0.008085838143827531,3.1,100.0,19.0,16.2,3,14.724817,30.32,2025-10-10,Friday,3,27
3.0,Friday,21,3,1,urban,0.0247243831712173,3.3,99.0,0.0,25.1,3,18.848653,7.1,2025-10-10,Friday,3,27
3.0,Friday,15,24,3,urban,0.04320781316290327,2.8,58.0,0.0,5.1,3,7.779471,8.25,2025-10-17,Friday,3,20
3.0,Friday,1,5,1,urban,0.014868966259874772,-0.7,99.0,18.0,5.8,3,2.997594,9.8,2025-10-17,Friday,3,20
3.0,Friday,22,6,12,urban,0.03325567403472407,-0.8,84.0,3.0,6.4,3,13.815372,45.71,2025-10-17,Friday,3,20
3.0,Friday,11,27,3,urban,0.01785347098469939,2.2,52.0,195.0,23.1,3,2.953118,7.9,2025-10-17,Friday,3,20
3.0,Friday,3,11,2,urban,0.014419209426894236,3.5,99.0,102.0,16.4,3,5.639679,32.25,2025-10-17,Friday,3,20
3.0,Friday,9,9,12,urban,0.03843471509926864,1.7,81.0,13.0,6.1,3,16.433545,4.19,2025-10-17,Friday,3,20
3.0,Friday,23,6,12,urban,0.02256897454606166,-4.8,85.0,0.0,8.6,3,15.563852,17.66,2025-10-17,Friday,3,20
3.0,Friday,16,23,3,urban,0.015775027228208262,-8.4,84.0,18.0,6.3,3,14.501964,12.75,2025-10-17,Friday,3,20
3.0,Friday,17,9,5,urban,0.04071080643613513,15.3,69.0,243.0,13.8,3,50.645437,7.76,2025-10-17,Friday,3,20
3.0,Friday,4,13,3,urban,0.0036222554550011193,0.8,99.0,236.0,10.6,3,7.152619,11.15,2025-10-17,Friday,3,20
3.0,Friday,22,23,1,urban,0.040148238853002935,1.0,99.0,1.0,10.6,3,6.591069,19.5,2025-10-17,Friday,3,20
3.0,Friday,7,19,2,urban,0.015682003767734938,-10.8,74.0,0.0,9.7,3,3.597101,16.28,2025-10-17,Friday,3,20
3.0,Friday,4,17,3,urban,0.02030809729779642,2.8,50.0,26.0,5.3,3,70.638031,12.94,2025-10-17,Friday,3,20
3.0,Friday,15,8,1,urban,0.016664023523589495,0.3,100.0,29.0,16.2,3,8.963341,12.45,2025-10-17,Friday,3,20
3.0,Friday,4,13,12,urban,0.013927834148929147,1.9,98.0,0.0,11.3,3,40.443895,26.09,2025-10-17,Friday,3,20
3.0,Friday,16,15,1,urban,0.031190015325012616,2.5,64.0,143.0,18.1,3,16.462755,16.15,2025-10-17,Friday,3,20
3.0,Friday,23,23,3,urban,0.02982770256264797,-10.6,100.0,7.0,7.1,3,12.319303,25.54,2025-10-17,Friday,3,20
3.0,Friday,6,27,3,urban,0.023383741110456678,1.5,97.0,290.0,29.1,3,8.996186,8.78,2025-10-17,Friday,3,20
3.0,Friday,19,27,3,urban,0.032394299716264174,12.2,58.0,202.0,15.6,3,41.557082,2.27,2025-10-17,Friday,3,20
3.0,Friday,16,29,2,urban,0.026822455710308862,-1.0,90.0,12.0,5.0,3,19.754049,7.89,2025-10-17,Friday,3,20
3.0,Friday,21,15,12,urban,0.018156361381773633,2.6,82.0,58.0,4.6,3,37.157517,12.47,2025-10-24,Friday,3,30
3.0,Friday,16,3,12,urban,0.018238258289877716,-1.0,99.0,0.0,16.3,3,12.880323,11.57,2025-10-24,Friday,3,30
3.0,Friday,17,29,2,urban,0.02033169020480658,-8.3,77.0,16.0,16.0,3,34.112045,5.54,2025-10-24,Friday,3,30
3.0,Friday,11,11,3,urban,0.019412511140200407,0.9,60.0,23.0,14.5,3,79.608666,41.95,2025-10-24,Friday,3,30
3.0,Friday,4,15,12,urban,0.03375831217304942,-1.6,100.0,19.0,7.8,3,14.03677,4.75,2025-10-24,Friday,3,30
3.0,Friday,16,9,9,urban,0.017716456785035372,6.0,99.0,0.0,17.6,3,43.674039,27.59,2025-10-24,Friday,3,30
3.0,Friday,22,21,12,urban,0.03911472079695395,-1.2,83.0,3.0,8.6,3,11.029556,7.21,2025-10-24,Friday,3,30
3.0,Friday,4,11,2,urban,0.05017229158253106,1.8,100.0,2.0,13.0,3,17.792993,1.95,2025-10-24,Friday,3,30
3.0,Friday,21,9,2,urban,0.016415173497839036,2.6,100.0,0.0,11.8,3,38.674044,10.63,2025-10-24,Friday,3,30
3.0,Friday,5,15,1,urban,0.013653297632385111,2.3,99.0,18.0,22.8,3,36.999117,4.83,2025-10-24,Friday,3,30
3.0,Friday,15,30,3,urban,0.04536547209990683,3.4,98.0,23.0,6.5,3,3.273333,9.02,2025-10-24,Friday,3,30
3.0,Friday,4,8,2,urban,0.013597662006289075,1.8,93.0,18.0,11.3,3,13.136748,11.05,2025-10-24,Friday,3,30
3.0,Friday,15,8,1,urban,0.044491221547225145,4.3,97.0,52.0,12.9,3,93.864091,4.25,2025-10-24,Friday,3,30
3.0,Friday,8,9,3,urban,0.032955215685608406,1.5,60.0,0.0,3.6,3,3.391258,13.73,2025-10-24,Friday,3,30
3.0,Friday,17,29,3,urban,0.018197503051762147,2.5,80.0,1.0,17.7,3,14.546326,12.05,2025-10-24,Friday,3,30
3.0,Friday,22,16,1,urban,0.015110439518760205,2.6,61.0,195.0,11.0,3,15.015961,16.38,2025-10-24,Friday,3,30
3.0,Friday,3,13,12,urban,0.03963282504441904,1.4,100.0,0.0,1.8,3,2.080335,10.43,2025-10-24,Friday,3,30
3.0,Friday,13,13,2,urban,0.05331241983056444,3.5,76.0,21.0,12.8,3,12.661859,13.79,2025-10-24,Friday,3,30
3.0,Friday,20,4,11,urban,0.05343417036986703,3.4,100.0,0.0,18.5,3,12.870918,6.7,2025-10-24,Friday,3,30
3.0,Friday,21,14,3,urban,0.04367979918421099,1.0,50.0,0.0,15.0,3,12.720732,21.59,2025-10-24,Friday,3,30
3.0,Friday,22,13,1,urban,0.015760368941945692,-8.4,80.0,0.0,4.6,3,21.995004,15.3,2025-10-24,Friday,3,30
3.0,Friday,3,9,3,urban,0.019325188563179406,0.2,63.0,22.0,14.6,3,84.750924,13.1,2025-10-24,Friday,3,30
3.0,Friday,16,18,2,urban,0.020804417587621686,-4.4,100.0,17.0,17.7,3,21.359517,8.13,2025-10-24,Friday,3,30
3.0,Friday,16,19,1,urban,0.02782610370912575,-4.6,81.0,18.0,13.7,3,23.647441,6.52,2025-10-24,Friday,3,30
3.0,Friday,4,11,1,urban,0.014556764716610167,-1.5,97.0,22.0,13.9,3,37.377139,10.25,2025-10-24,Friday,3,30
3.0,Friday,3,30,12,urban,0.020895804756400266,3.2,99.0,18.0,10.1,3,21.749379,10.82,2025-10-24,Friday,3,30
3.0,Friday,10,24,12,urban,0.040840491659320854,-2.5,94.0,0.0,14.3,3,77.218379,21.98,2025-10-24,Friday,3,30
3.0,Friday,14,15,2,urban,0.015875453936905284,3.9,63.0,59.0,17.5,3,30.371311,2.18,2025-10-24,Friday,3,30
3.0,Friday,18,17,1,urban,0.020022604057568782,1.2,96.0,0.0,22.9,3,2.263269,6.25,2025-10-24,Friday,3,30
3.0,Friday,11,27,1,urban,0.039767030986236185,0.6,99.0,0.0,26.5,3,7.114628,11.97,2025-10-24,Friday,3,30
3.0,Friday,14,19,1,urban,0.02667455072216894,2.2,100.0,21.0,4.4,3,20.40864,8.25,2025-10-31,Friday,3,20
3.0,Friday,11,8,1,urban,0.012736452344291617,3.3,77.0,18.0,15.2,3,13.794667,6.71,2025-10-31,Friday,3,20
3.0,Friday,15,5,2,urban,0.008173944056702725,-2.0,98.0,16.0,7.0,3,15.594326,11.34,2025-10-31,Friday,3,20
3.0,Friday,9,13,3,urban,0.011592577164489122,-0.7,37.0,1.0,5.6,3,5.017537,2.88,2025-10-31,Friday,3,20
3.0,Friday,15,30,3,urban,0.018833309368401458,1.2,90.0,0.0,18.4,3,12.164231,7.28,2025-10-31,Friday,3,20
3.0,Friday,7,13,3,urban,0.04018528608137787,2.1,49.0,0.0,12.4,3,32.291903,11.46,2025-10-31,Friday,3,20
3.0,Friday,12,3,2,urban,0.02418416815260516,-0.0,83.0,13.0,31.4,3,19.018037,13.6,2025-10-31,Friday,3,20
3.0,Friday,17,29,12,urban,0.009832376708190966,-1.0,96.0,0.0,22.8,3,16.059709,8.32,2025-10-31,Friday,3,20
3.0,Friday,16,1,1,urban,0.022120637235367845,-4.0,100.0,21.0,10.7,3,16.077481,8.57,2025-10-31,Friday,3,20
3.0,Friday,2,15,2,urban,0.04526856256119316,-10.4,99.0,10.0,11.2,3,10.854912,11.11,2025-10-31,Friday,3,20
3.0,Friday,12,24,3,urban,0.02189048124025943,3.5,94.0,256.0,17.5,3,5.548498,8.81,2025-10-31,Friday,3,20
3.0,Friday,21,13,2,sub-urban,0.011808807374746166,-0.4,99.0,200.0,6.0,3,56.682735,6.24,2025-10-31,Friday,3,20
3.0,Friday,6,15,1,urban,0.011529309860057105,-0.8,100.0,11.0,5.2,3,11.178851,24.26,2025-10-31,Friday,3,20
3.0,Friday,2,13,1,urban,0.005991020713992542,1.9,100.0,205.0,22.8,3,38.158622,39.81,2025-10-31,Friday,3,20
3.0,Friday,21,18,1,urban,0.02616500325249292,4.6,100.0,0.0,6.1,3,12.853218,16.7,2025-10-31,Friday,3,20
3.0,Friday,18,13,1,urban,0.022735420536590216,4.0,95.0,0.0,6.7,3,20.216478,18.18,2025-10-31,Friday,3,20
3.0,Friday,23,14,3,urban,0.01773343560713129,0.5,67.0,111.0,15.8,3,9.687493,6.65,2025-10-31,Friday,3,20
3.0,Friday,21,15,1,urban,0.016089598006522075,3.4,99.0,8.0,14.4,3,8.303137,8.43,2025-10-31,Friday,3,20
3.0,Friday,4,21,1,urban,0.03470813375435074,2.4,100.0,1.0,13.3,3,40.602159,14.85,2025-10-31,Friday,3,20
3.0,Friday,1,19,9,urban,0.012508519602061565,-4.4,76.0,0.0,13.5,3,8.213494,11.34,2025-10-31,Friday,3,20
3.0,Friday,19,15,1,urban,0.02316634250321498,1.3,98.0,0.0,12.5,3,16.033594,31.51,2025-11-07,Friday,3,30
3.0,Friday,11,30,3,urban,0.011625256947951601,2.1,99.0,19.0,15.0,3,2.812255,1.98,2025-11-07,Friday,3,30
3.0,Friday,9,8,12,urban,0.052271870919761466,-1.8,99.0,1.0,32.9,3,38.074767,6.91,2025-11-07,Friday,3,30
3.0,Friday,11,22,1,urban,0.015468773180476564,2.0,96.0,1.0,7.3,3,14.755696,36.45,2025-11-07,Friday,3,30
3.0,Friday,15,21,1,urban,0.059487802683099986,3.5,74.0,20.0,15.6,3,37.934453,9.01,2025-11-07,Friday,3,30
3.0,Friday,19,15,1,urban,0.01666739555011501,2.4,99.0,17.0,8.5,3,4.446064,18.72,2025-11-07,Friday,3,30
3.0,Friday,18,3,12,urban,0.051491087629822886,2.7,98.0,30.0,5.6,3,39.928287,8.57,2025-11-07,Friday,3,30
3.0,Friday,16,3,1,sub-urban,0.05098072319640777,0.5,83.0,0.0,11.9,3,20.068697,2.82,2025-11-07,Friday,3,30
3.0,Friday,3,16,12,urban,0.012804231808932406,-0.5,99.0,264.0,5.6,3,62.542728,23.14,2025-11-07,Friday,3,30
3.0,Friday,11,31,2,urban,0.020324310875229425,2.7,100.0,0.0,11.0,3,11.30878,15.45,2025-11-07,Friday,3,30
3.0,Friday,4,24,1,urban,0.01581487432616458,2.7,100.0,0.0,4.5,3,15.251712,7.6,2025-11-07,Friday,3,30
3.0,Friday,18,3,2,urban,0.024622405381003843,3.2,100.0,18.0,11.8,3,18.82568,17.83,2025-11-07,Friday,3,30
3.0,Friday,7,19,1,urban,0.057691043239722274,-0.1,100.0,15.0,4.8,3,15.771291,7.32,2025-11-07,Friday,3,30
3.0,Friday,17,29,3,urban,0.018818735651639166,-0.7,97.0,221.0,5.8,3,17.426995,6.7,2025-11-07,Friday,3,30
3.0,Friday,22,21,2,urban,0.01312126150953456,3.4,100.0,9.0,27.0,3,2.585825,8.46,2025-11-07,Friday,3,30
3.0,Friday,17,21,2,urban,0.011653482748662767,-4.3,100.0,0.0,3.4,3,41.61474,11.11,2025-11-07,Friday,3,30
3.0,Friday,16,6,12,urban,0.03562811171556971,1.5,99.0,28.0,11.2,3,19.943328,5.68,2025-11-07,Friday,3,30
3.0,Friday,22,9,12,urban,0.020228865438234295,4.3,84.0,0.0,14.8,3,8.265296,5.66,2025-11-07,Friday,3,30
3.0,Friday,8,31,3,urban,0.020011265367639263,2.9,91.0,222.0,9.4,3,17.113644,2.45,2025-11-07,Friday,3,30
3.0,Friday,16,12,1,urban,0.03427065527612701,2.0,59.0,17.0,17.7,3,14.593787,8.91,2025-11-07,Friday,3,30
3.0,Friday,16,21,3,urban,0.010889389536212423,-0.8,99.0,0.0,14.6,3,16.108059,8.66,2025-11-07,Friday,3,30
3.0,Friday,16,15,2,urban,0.016118421684080956,-0.9,100.0,18.0,5.0,3,15.12069,8.26,2025-11-07,Friday,3,30
3.0,Friday,21,18,2,urban,0.03687773950965863,-13.8,100.0,0.0,5.1,3,10.327425,19.66,2025-11-07,Friday,3,30
3.0,Friday,15,22,1,urban,0.03197302317539603,2.9,99.0,0.0,20.3,3,12.999165,7.01,2025-11-07,Friday,3,30
3.0,Friday,21,20,3,urban,0.04167709553255381,-6.0,61.0,358.0,7.0,3,7.501477,6.42,2025-11-07,Friday,3,30
3.0,Friday,17,16,3,urban,0.02196688048058031,2.5,99.0,19.0,18.5,3,14.436257,3.59,2025-11-07,Friday,3,30
3.0,Friday,4,9,11,urban,0.015624427314319424,1.3,99.0,20.0,12.1,3,14.155357,6.53,2025-11-07,Friday,3,30
3.0,Friday,17,12,2,urban,0.04422573354626335,-0.0,64.0,13.0,7.9,3,15.539649,5.84,2025-11-07,Friday,3,30
3.0,Friday,4,13,3,urban,0.03550096344061285,-0.6,67.0,269.0,6.7,3,13.161599,2.56,2025-11-07,Friday,3,30
3.0,Friday,4,15,3,urban,0.015248566363826568,0.2,60.0,183.0,7.9,3,13.499055,23.06,2025-11-07,Friday,3,30
3.0,Friday,7,23,3,urban,0.012112554465720304,-1.1,98.0,0.0,6.5,3,34.987034,11.14,2025-11-14,Friday,3,27
3.0,Friday,3,15,1,urban,0.017134455463794194,2.6,99.0,26.0,29.8,3,8.143399,9.95,2025-11-14,Friday,3,27
3.0,Friday,13,5,3,urban,0.043355938051210165,5.0,59.0,142.0,4.7,3,12.515698,6.34,2025-11-14,Friday,3,27
3.0,Friday,15,21,12,urban,0.0017683762219470262,0.4,98.0,16.0,7.0,3,3.167134,31.23,2025-11-14,Friday,3,27
3.0,Friday,13,17,12,urban,0.03755443609598029,3.5,100.0,17.0,4.8,3,10.700392,5.5,2025-11-14,Friday,3,27
3.0,Friday,18,14,2,urban,0.029799549663453932,2.5,99.0,14.0,15.5,3,8.610653,6.96,2025-11-14,Friday,3,27
3.0,Friday,13,10,3,urban,0.03993434491482108,0.5,64.0,117.0,12.4,3,18.124038,6.55,2025-11-14,Friday,3,27
3.0,Friday,11,4,3,urban,0.004103104566459003,1.8,99.0,218.0,5.0,3,21.580971,4.03,2025-11-14,Friday,3,27
3.0,Friday,19,3,12,urban,0.014934933032802565,1.1,98.0,16.0,17.2,3,13.62313,4.92,2025-11-14,Friday,3,27
3.0,Friday,22,27,1,urban,0.012519603332022044,2.9,99.0,0.0,30.1,3,62.282173,12.86,2025-11-14,Friday,3,27
3.0,Friday,15,27,3,urban,0.032775732030101805,1.4,79.0,18.0,24.8,3,19.933691,18.38,2025-11-14,Friday,3,27
3.0,Friday,16,16,3,urban,0.014302003619843403,8.1,54.0,38.0,6.1,3,8.822962,2.82,2025-11-14,Friday,3,27
3.0,Friday,3,4,3,urban,0.026317079875870703,2.2,56.0,210.0,4.6,3,39.524662,29.49,2025-11-14,Friday,3,27
3.0,Friday,21,22,12,urban,0.04333382101870999,1.3,88.0,26.0,13.8,3,20.222664,3.16,2025-11-14,Friday,3,27
3.0,Friday,9,8,12,urban,0.0044996120181034355,3.5,99.0,23.0,3.1,3,39.831822,12.61,2025-11-14,Friday,3,27
3.0,Friday,17,9,3,urban,0.014493984203012877,0.3,100.0,181.0,3.3,3,15.998549,14.04,2025-11-14,Friday,3,27
3.0,Friday,6,9,1,urban,0.0056115193615792446,-14.4,99.0,0.0,13.0,3,10.413089,13.14,2025-11-14,Friday,3,27
3.0,Friday,18,13,1,urban,0.023074139145412016,-8.7,98.0,9.0,3.8,3,13.424258,9.44,2025-11-14,Friday,3,27
3.0,Friday,16,28,12,urban,0.0065972285724580845,0.9,99.0,0.0,16.6,3,21.257554,11.6,2025-11-14,Friday,3,27
3.0,Friday,11,18,1,urban,0.01708234271263897,2.4,100.0,18.0,18.3,3,41.260475,12.36,2025-11-14,Friday,3,27
3.0,Friday,22,29,12,urban,0.05047983263117025,-5.1,100.0,0.0,11.2,3,14.627538,10.09,2025-11-14,Friday,3,27
3.0,Friday,3,23,3,urban,0.004645781400531358,1.3,100.0,20.0,9.7,3,2.459228,10.44,2025-11-14,Friday,3,27
3.0,Friday,13,31,1,urban,0.02712838867421585,3.0,99.0,1.0,24.4,3,4.703626,12.79,2025-11-14,Friday,3,27
3.0,Friday,21,11,1,urban,0.027638268442231335,3.5,66.0,13.0,14.9,3,2.0,3.74,2025-11-14,Friday,3,27
3.0,Friday,18,14,3,sub-urban,0.040118657398417544,-11.2,100.0,142.0,4.4,3,101.626083,7.7,2025-11-14,Friday,3,27
3.0,Friday,10,13,1,urban,0.012584651799770067,3.0,99.0,18.0,13.1,3,35.572516,26.98,2025-11-14,Friday,3,27
3.0,Friday,21,23,1,urban,0.018103100852163104,-1.9,100.0,0.0,13.2,3,31.30387,8.38,2025-11-14,Friday,3,27
3.0,Friday,20,31,1,urban,0.02031075036598362,2.3,62.0,0.0,10.8,3,15.657481,6.19,2025-11-21,Friday,3,29
3.0,Friday,16,27,3,urban,0.0293201648806771,3.2,97.0,15.0,12.7,3,23.887346,6.34,2025-11-21,Friday,3,29
3.0,Friday,18,2,1,urban,0.017483630543993867,3.9,98.0,17.0,16.9,3,17.439217,12.92,2025-11-21,Friday,3,29
3.0,Friday,7,28,12,urban,0.03856917559957473,-12.5,82.0,20.0,10.7,3,14.448562,16.73,2025-11-21,Friday,3,29
3.0,Friday,22,21,3,urban,0.013846556453778972,3.5,71.0,1.0,11.7,3,40.376615,10.22,2025-11-21,Friday,3,29
3.0,Friday,22,23,1,urban,0.009324759455438673,1.7,96.0,46.0,4.3,3,34.355266,12.75,2025-11-21,Friday,3,29
3.0,Friday,6,17,12,urban,0.03801638671523486,1.1,99.0,0.0,19.6,3,19.225126,6.41,2025-11-21,Friday,3,29
3.0,Friday,15,14,2,urban,0.05257295720671044,-9.2,80.0,0.0,12.3,3,9.606299,6.86,2025-11-21,Friday,3,29
3.0,Friday,9,24,12,urban,0.04922785434384017,-14.7,98.0,16.0,6.1,3,39.065766,28.04,2025-11-21,Friday,3,29
3.0,Friday,16,13,1,urban,0.018371449273151555,2.2,99.0,0.0,11.3,3,19.789009,7.58,2025-11-21,Friday,3,29
3.0,Friday,20,27,1,urban,0.035307774636174,2.4,77.0,18.0,7.6,3,12.49852,2.6,2025-11-21,Friday,3,29
3.0,Friday,3,18,12,urban,0.0170169646119784,4.4,99.0,0.0,5.1,3,19.305728,8.3,2025-11-21,Friday,3,29
3.0,Friday,19,19,2,urban,0.03680196166822205,3.5,71.0,0.0,21.7,3,14.800838,12.65,2025-11-21,Friday,3,29
3.0,Friday,11,3,3,urban,0.017299418371579584,3.5,92.0,0.0,11.9,3,36.669705,22.24,2025-11-21,Friday,3,29
3.0,Friday,20,26,1,urban,0.01622974718034644,2.7,77.0,23.0,26.5,3,12.917306,9.26,2025-11-21,Friday,3,29
3.0,Friday,15,24,2,urban,0.0528608512171874,-12.0,94.0,0.0,10.7,3,3.133743,28.99,2025-11-21,Friday,3,29
3.0,Friday,22,31,2,urban,0.009280700813816609,-2.3,100.0,204.0,14.2,3,14.63962,8.6,2025-11-21,Friday,3,29
3.0,Friday,4,16,1,urban,0.013675377105856288,3.0,100.0,16.0,6.9,3,13.357872,6.67,2025-11-21,Friday,3,29
3.0,Friday,22,3,1,urban,0.031958340442090324,0.6,66.0,18.0,19.2,3,15.508861,2.75,2025-11-21,Friday,3,29
3.0,Friday,11,16,11,urban,0.017910564209270462,3.3,100.0,19.0,15.9,3,17.288505,19.17,2025-11-21,Friday,3,29
3.0,Friday,22,27,2,urban,0.016742739362243315,-2.0,99.0,19.0,15.1,3,11.446565,12.53,2025-11-21,Friday,3,29
3.0,Friday,7,30,1,urban,0.014804554198972263,-5.6,98.0,0.0,1.2,3,13.350308,18.51,2025-11-21,Friday,3,29
3.0,Friday,15,21,2,urban,0.015221659089590998,2.2,100.0,18.0,19.4,3,11.023184,7.11,2025-11-21,Friday,3,29
3.0,Friday,9,10,3,urban,0.01948656860888066,1.3,99.0,259.0,11.5,3,31.110543,6.55,2025-11-21,Friday,3,29
3.0,Friday,15,19,2,urban,0.03840946718403526,-2.6,67.0,26.0,6.5,3,22.884401,6.29,2025-11-21,Friday,3,29
3.0,Friday,4,3,1,urban,0.01440077840125822,0.1,100.0,206.0,6.1,3,72.257739,6.77,2025-11-21,Friday,3,29
3.0,Friday,5,15,1,urban,0.007669128153393311,1.8,92.0,0.0,16.4,3,10.168193,11.68,2025-11-21,Friday,3,29
3.0,Friday,4,13,2,urban,0.038557552831344544,0.1,73.0,0.0,9.3,3,14.910998,7.87,2025-11-21,Friday,3,29
3.0,Friday,15,15,3,urban,0.013485149547188904,2.6,59.0,13.0,13.6,3,36.855143,10.48,2025-11-21,Friday,3,29
3.0,Friday,21,23,2,urban,0.026772669708593266,1.9,96.0,264.0,5.8,3,17.256436,23.91,2025-11-28,Friday,3,21
3.0,Friday,15,16,1,urban,0.005439807902467796,1.9,98.0,28.0,32.2,3,29.077689,9.58,2025-11-28,Friday,3,21
3.0,Friday,21,13,1,urban,0.011593314449731008,1.4,79.0,0.0,5.7,3,9.872158,12.56,2025-11-28,Friday,3,21
3.0,Friday,16,15,1,urban,0.013267402731436598,1.5,99.0,21.0,16.0,3,11.547679,19.36,2025-11-28,Friday,3,21
3.0,Friday,22,21,3,urban,0.04023953542731565,-5.1,91.0,198.0,3.5,3,2.333681,5.41,2025-11-28,Friday,3,21
3.0,Friday,22,7,1,urban,0.01778740803305522,1.6,99.0,25.0,2.3,3,2.812065,8.21,2025-11-28,Friday,3,21
3.0,Friday,22,21,1,urban,0.016574174836326047,-0.5,100.0,26.0,16.7,3,5.657411,7.48,2025-11-28,Friday,3,21
3.0,Friday,20,14,2,urban,0.041692454347692344,-3.6,97.0,0.0,5.3,3,7.287032,6.78,2025-11-28,Friday,3,21
3.0,Friday,16,11,2,urban,0.05591155000102683,7.6,80.0,0.0,7.4,3,11.007398,7.64,2025-11-28,Friday,3,21
3.0,Friday,15,15,12,urban,0.03463306433532959,3.3,100.0,0.0,15.3,3,36.543457,8.73,2025-11-28,Friday,3,21
3.0,Friday,10,8,12,urban,0.03126893371426456,-3.5,99.0,29.0,15.5,3,5.613956,23.33,2025-11-28,Friday,3,21
3.0,Friday,18,10,1,urban,0.022956598562986263,17.8,74.0,364.0,7.1,3,18.918761,26.93,2025-11-28,Friday,3,21
3.0,Friday,14,9,3,urban,0.045385718134121227,3.3,56.0,210.0,8.9,3,20.614418,8.15,2025-11-28,Friday,3,21
3.0,Friday,21,15,12,urban,0.01858427653585242,-1.5,98.0,0.0,5.0,3,10.845785,3.67,2025-11-28,Friday,3,21
3.0,Friday,22,15,12,urban,0.010357144440587124,-4.9,100.0,0.0,17.3,3,8.663035,5.93,2025-11-28,Friday,3,21
3.0,Friday,18,5,12,urban,0.0459867677608208,-2.4,100.0,19.0,4.0,3,13.373803,5.0,2025-11-28,Friday,3,21
3.0,Friday,19,15,1,urban,0.014896441096616114,2.3,99.0,0.0,21.3,3,61.379418,23.38,2025-11-28,Friday,3,21
3.0,Friday,4,13,3,urban,0.016349069192693622,-0.6,57.0,1.0,24.1,3,38.315993,33.06,2025-11-28,Friday,3,21
3.0,Friday,17,2,2,urban,0.026854509493333054,2.7,74.0,14.0,6.2,3,67.538067,7.4,2025-11-28,Friday,3,21
3.0,Friday,5,23,2,urban,0.02200640986136564,1.6,100.0,1.0,15.4,3,41.868749,10.9,2025-11-28,Friday,3,21
3.0,Friday,11,21,3,urban,0.020586634281242848,0.9,98.0,284.0,26.9,3,38.283741,2.7,2025-11-28,Friday,3,21
3.0,Friday,4,19,3,urban,0.02580074286760037,1.8,91.0,22.0,15.5,3,7.091492,9.08,2025-12-05,Friday,3,21
3.0,Friday,8,1,2,urban,0.03761379411854483,1.8,66.0,17.0,18.4,3,2.490043,3.85,2025-12-05,Friday,3,21
3.0,Friday,18,9,12,urban,0.011387205689609704,2.3,93.0,11.0,13.3,3,8.630383,12.98,2025-12-05,Friday,3,21
3.0,Friday,23,20,1,urban,0.04940552504998244,3.6,92.0,109.0,7.1,3,10.462423,33.71,2025-12-05,Friday,3,21
3.0,Friday,11,11,1,urban,0.02427187633456237,3.8,87.0,17.0,14.3,3,27.033272,7.31,2025-12-05,Friday,3,21
3.0,Friday,7,29,1,urban,0.036206233521314385,2.1,100.0,142.0,9.7,3,10.25915,7.97,2025-12-05,Friday,3,21
3.0,Friday,14,2,3,urban,0.04085049008021149,-2.0,98.0,22.0,9.7,3,4.930048,3.59,2025-12-05,Friday,3,21
3.0,Friday,18,11,3,urban,0.01922377401851215,1.9,94.0,18.0,14.2,3,13.063306,12.89,2025-12-05,Friday,3,21
3.0,Friday,4,27,3,urban,0.016757026909484468,2.9,98.0,246.0,4.3,3,69.713734,11.97,2025-12-05,Friday,3,21
3.0,Friday,13,4,11,urban,0.0037827976975326086,1.2,99.0,1.0,12.6,3,20.477435,7.69,2025-12-05,Friday,3,21
3.0,Friday,10,23,12,urban,0.04072954986024763,1.2,98.0,17.0,10.3,3,13.776571,4.91,2025-12-05,Friday,3,21
3.0,Friday,16,16,1,urban,0.012273690601490785,2.9,100.0,12.0,14.9,3,2.0,12.05,2025-12-05,Friday,3,21
3.0,Friday,9,17,2,urban,0.013386102940587893,-0.7,99.0,109.0,12.2,3,70.206746,15.58,2025-12-05,Friday,3,21
3.0,Friday,15,10,2,urban,0.07347932911552686,2.5,71.0,263.0,1.3,3,40.16355,6.99,2025-12-05,Friday,3,21
3.0,Friday,15,10,2,urban,0.017356415570749427,0.9,99.0,0.0,32.0,3,8.467962,13.85,2025-12-05,Friday,3,21
3.0,Friday,19,17,2,urban,0.02201264917112144,-0.7,99.0,16.0,19.4,3,2.797523,7.06,2025-12-05,Friday,3,21
3.0,Friday,11,30,3,urban,0.023983259850459675,-1.2,100.0,18.0,5.6,3,19.306873,12.74,2025-12-05,Friday,3,21
3.0,Friday,5,11,1,urban,0.06107664933710586,2.6,96.0,18.0,29.1,3,16.740929,10.37,2025-12-05,Friday,3,21
3.0,Friday,16,15,12,urban,0.024710243407042285,2.0,98.0,1.0,5.8,3,17.140491,0.97,2025-12-05,Friday,3,21
3.0,Friday,21,25,2,urban,0.04284621318689348,-9.8,78.0,11.0,14.1,3,95.631226,15.77,2025-12-05,Friday,3,21
3.0,Friday,10,21,1,urban,0.02434418752848565,3.7,63.0,61.0,15.1,3,29.570198,7.95,2025-12-05,Friday,3,21
3.0,Friday,13,3,3,urban,0.02256360116597883,-0.9,73.0,94.0,11.6,3,2.816588,8.35,2025-12-12,Friday,3,22
3.0,Friday,15,14,3,urban,0.030820727652901225,0.7,76.0,0.0,16.5,3,8.830012,8.81,2025-12-12,Friday,3,22
3.0,Friday,4,7,2,urban,0.006744713500550701,2.6,99.0,8.0,15.8,3,44.216543,9.02,2025-12-12,Friday,3,22
3.0,Friday,21,14,1,urban,0.019980960626140964,-0.6,90.0,1.0,18.6,3,43.973528,19.4,2025-12-12,Friday,3,22
3.0,Friday,11,1,12,urban,0.011733219460773544,-1.2,99.0,16.0,6.2,3,10.250098,12.72,2025-12-12,Friday,3,22
3.0,Friday,22,11,12,urban,0.013723899497317959,0.2,100.0,0.0,12.4,3,33.656094,20.09,2025-12-12,Friday,3,22
3.0,Friday,4,4,2,urban,0.047214010364868816,4.0,68.0,57.0,4.3,3,13.772089,15.83,2025-12-12,Friday,3,22
3.0,Friday,21,3,12,urban,0.010258025253931068,10.7,86.0,16.0,11.6,3,5.56031,13.29,2025-12-12,Friday,3,22
3.0,Friday,21,27,1,urban,0.04187835069225431,1.9,76.0,159.0,25.3,3,20.233769,6.52,2025-12-12,Friday,3,22
3.0,Friday,19,21,3,urban,0.027809430793773435,0.9,91.0,0.0,15.7,3,2.388127,6.61,2025-12-12,Friday,3,22
3.0,Friday,4,26,2,urban,0.0008648087339236891,-1.4,92.0,229.0,20.0,3,39.712677,12.4,2025-12-12,Friday,3,22
3.0,Friday,4,8,1,urban,0.01344272641059566,2.9,100.0,0.0,12.6,3,16.302677,10.39,2025-12-12,Friday,3,22
3.0,Friday,4,10,12,urban,0.038608996877388765,0.5,100.0,20.0,12.0,3,2.469421,5.48,2025-12-12,Friday,3,22
3.0,Friday,17,14,1,urban,0.022727475808649467,4.0,99.0,10.0,7.4,3,20.782695,9.8,2025-12-12,Friday,3,22
3.0,Friday,18,1,12,urban,0.034658571640410175,1.4,98.0,0.0,4.9,3,12.94949,6.08,2025-12-12,Friday,3,22
3.0,Friday,3,2,3,urban,0.01532405310696617,1.7,100.0,14.0,4.9,3,17.777795,10.95,2025-12-12,Friday,3,22
3.0,Friday,14,24,1,urban,0.02111010963620319,1.4,76.0,68.0,15.2,3,20.913988,2.86,2025-12-12,Friday,3,22
3.0,Friday,16,16,1,urban,0.013846541503229025,3.6,60.0,295.0,20.2,3,63.323544,14.1,2025-12-12,Friday,3,22
3.0,Friday,15,24,1,urban,0.016857583462262724,1.9,99.0,11.0,12.7,3,15.555981,28.75,2025-12-12,Friday,3,22
3.0,Friday,14,21,3,urban,0.0011445164919595889,2.7,29.0,191.0,27.4,3,3.106142,4.62,2025-12-12,Friday,3,22
3.0,Friday,17,29,2,urban,0.08018449826263899,-12.1,97.0,0.0,7.0,3,68.22433,6.49,2025-12-12,Friday,3,22
3.0,Friday,22,18,3,urban,0.027625040149337077,0.3,100.0,0.0,6.6,3,23.310573,8.79,2025-12-12,Friday,3,22
3.0,Friday,17,24,2,urban,0.011355974198714742,0.7,100.0,229.0,16.5,3,31.891634,2.03,2025-12-19,Friday,3,32
3.0,Friday,22,16,1,urban,0.01863345156466976,-3.7,100.0,0.0,14.5,3,9.164626,38.52,2025-12-19,Friday,3,32
3.0,Friday,21,23,3,urban,0.030616374424975536,2.4,100.0,212.0,5.1,3,2.537105,7.62,2025-12-19,Friday,3,32
3.0,Friday,22,29,3,urban,0.03306176704787731,10.7,83.0,0.0,6.2,3,10.013567,12.03,2025-12-19,Friday,3,32
3.0,Friday,21,15,12,urban,0.040625391283235134,-1.7,88.0,0.0,6.6,3,20.006294,44.87,2025-12-19,Friday,3,32
3.0,Friday,16,1,1,urban,0.017267062148702484,-9.6,98.0,12.0,13.0,3,95.450422,12.14,2025-12-19,Friday,3,32
3.0,Friday,4,3,12,urban,0.0045888540777918214,2.7,97.0,21.0,5.1,3,36.75488,24.02,2025-12-19,Friday,3,32
3.0,Friday,11,3,1,urban,0.016617338169606054,4.8,64.0,180.0,15.9,3,11.598944,7.97,2025-12-19,Friday,3,32
3.0,Friday,17,18,2,urban,0.08318421785740224,-11.7,65.0,18.0,11.5,3,11.629889,31.06,2025-12-19,Friday,3,32
3.0,Friday,19,27,2,urban,0.027136596614048242,4.2,90.0,11.0,17.3,3,9.058535,8.67,2025-12-19,Friday,3,32
3.0,Friday,12,11,2,urban,0.0006937190017306809,3.5,35.0,272.0,16.1,3,42.104058,12.8,2025-12-19,Friday,3,32
3.0,Friday,11,4,12,urban,0.021411294433291227,-3.6,89.0,17.0,6.8,3,17.92018,34.08,2025-12-19,Friday,3,32
3.0,Friday,10,30,3,urban,0.011722833826478037,3.2,99.0,221.0,10.5,3,61.000745,25.69,2025-12-19,Friday,3,32
3.0,Friday,8,13,12,urban,0.01212590316192833,-2.6,100.0,20.0,3.8,3,18.941957,4.54,2025-12-19,Friday,3,32
3.0,Friday,16,13,1,urban,0.03634060744386653,-2.7,77.0,54.0,13.5,3,16.991087,12.94,2025-12-19,Friday,3,32
3.0,Friday,18,3,2,urban,0.027465249068395464,0.9,49.0,9.0,3.7,3,12.186932,4.31,2025-12-19,Friday,3,32
3.0,Friday,15,13,1,urban,0.01071956331143636,0.0,82.0,7.0,13.7,3,44.067412,24.77,2025-12-19,Friday,3,32
3.0,Friday,16,14,3,urban,0.07434846003209453,-12.5,100.0,1.0,3.2,3,21.495018,8.39,2025-12-19,Friday,3,32
3.0,Friday,18,8,1,sub-urban,0.026077168002725956,-10.2,95.0,151.0,10.6,3,16.622683,8.61,2025-12-19,Friday,3,32
3.0,Friday,15,1,2,urban,0.04354392316644812,-1.5,100.0,54.0,5.6,3,2.218488,2.39,2025-12-19,Friday,3,32
3.0,Friday,15,20,1,urban,0.019532317291580736,2.5,100.0,0.0,8.7,3,34.12955,10.06,2025-12-19,Friday,3,32
3.0,Friday,4,13,2,urban,0.039442185033994256,1.0,98.0,1.0,11.7,3,12.945697,28.58,2025-12-19,Friday,3,32
3.0,Friday,4,13,1,urban,0.0021508865945701634,-0.9,100.0,235.0,5.7,3,5.796006,11.54,2025-12-19,Friday,3,32
3.0,Friday,9,2,2,urban,0.016223010237276434,2.7,100.0,18.0,8.9,3,73.552711,10.71,2025-12-19,Friday,3,32
3.0,Friday,4,3,12,urban,0.024383592003749583,-7.7,100.0,0.0,5.6,3,10.847745,9.64,2025-12-19,Friday,3,32
3.0,Friday,11,27,2,urban,0.023987031949155087,-0.8,99.0,16.0,4.5,3,39.121629,2.46,2025-12-19,Friday,3,32
3.0,Friday,15,29,3,urban,0.04711016641843933,6.8,60.0,250.0,18.0,3,2.8714,6.31,2025-12-19,Friday,3,32
3.0,Friday,15,17,2,urban,0.0165081918328881,1.7,99.0,18.0,4.6,3,18.62012,8.28,2025-12-19,Friday,3,32
3.0,Friday,17,4,2,urban,0.030245099213906668,1.5,99.0,12.0,11.4,3,6.602579,6.08,2025-12-19,Friday,3,32
3.0,Friday,5,13,12,urban,0.03405099327334912,2.3,100.0,0.0,12.0,3,8.72093,27.41,2025-12-19,Friday,3,32
3.0,Friday,22,23,2,urban,0.020072098571164942,1.1,100.0,21.0,8.8,3,4.484037,11.87,2025-12-19,Friday,3,32
3.0,Friday,15,13,1,urban,0.03925188946430386,2.5,69.0,16.0,13.1,3,12.244641,14.53,2025-12-19,Friday,3,32
3.0,Saturday,6,16,12,urban,0.014901347836106905,3.5,100.0,0.0,6.2,3,13.865355,25.53,2025-09-27,Saturday,3,23
3.0,Saturday,11,15,12,urban,0.01962156587708717,3.6,99.0,0.0,11.4,3,24.172268,18.94,2025-09-27,Saturday,3,23
3.0,Saturday,16,21,12,urban,0.017831012579940204,2.0,99.0,16.0,6.6,3,17.92982,6.03,2025-09-27,Saturday,3,23
3.0,Saturday,15,15,1,urban,0.010870912381758075,0.0,98.0,44.0,19.4,3,2.790163,12.5,2025-09-27,Saturday,3,23
3.0,Saturday,6,1,1,urban,0.020862854151295695,2.9,99.0,0.0,5.8,3,14.40895,12.14,2025-09-27,Saturday,3,23
3.0,Saturday,5,17,1,urban,0.013148495380894094,2.8,100.0,506.0,16.6,3,2.618131,1.79,2025-09-27,Saturday,3,23
3.0,Saturday,8,11,2,urban,0.026114567369307826,3.0,100.0,26.0,6.1,3,16.573692,12.1,2025-09-27,Saturday,3,23
3.0,Saturday,16,14,3,urban,0.0484368876323591,-0.5,100.0,0.0,14.6,3,16.61863,23.15,2025-09-27,Saturday,3,23
3.0,Saturday,20,10,3,urban,0.014708174012727865,1.7,83.0,0.0,17.2,3,35.643392,24.77,2025-09-27,Saturday,3,23
3.0,Saturday,17,24,2,sub-urban,0.03986331920201899,2.6,79.0,1.0,11.5,3,13.892945,4.86,2025-09-27,Saturday,3,23
3.0,Saturday,13,27,1,urban,0.024283881974189576,1.2,79.0,23.0,13.8,3,12.928955,7.67,2025-09-27,Saturday,3,23
3.0,Saturday,15,15,1,urban,0.01314046989118322,2.2,100.0,0.0,6.0,3,14.493306,29.33,2025-09-27,Saturday,3,23
3.0,Saturday,11,7,1,urban,0.022477219521312812,2.4,38.0,244.0,14.1,3,2.557335,7.31,2025-09-27,Saturday,3,23
3.0,Saturday,21,8,12,urban,0.016734058602023014,-1.7,80.0,0.0,14.0,3,39.551022,34.14,2025-09-27,Saturday,3,23
3.0,Saturday,15,21,3,urban,0.034159129916656414,3.2,99.0,116.0,8.9,3,13.936615,10.49,2025-09-27,Saturday,3,23
3.0,Saturday,23,11,3,urban,0.041909754399434423,11.1,96.0,1.0,21.3,3,19.387222,4.3,2025-09-27,Saturday,3,23
3.0,Saturday,15,16,1,urban,0.019537897170124233,-10.3,82.0,0.0,30.0,3,10.333422,8.04,2025-09-27,Saturday,3,23
3.0,Saturday,16,11,2,urban,0.028237521087291544,0.3,94.0,25.0,18.1,3,36.611099,7.48,2025-09-27,Saturday,3,23
3.0,Saturday,23,10,1,urban,0.03361259414651144,4.3,100.0,20.0,7.0,3,11.123497,11.22,2025-09-27,Saturday,3,23
3.0,Saturday,19,8,1,urban,0.021151841587979146,-5.6,100.0,0.0,17.9,3,13.836931,6.78,2025-09-27,Saturday,3,23
3.0,Saturday,15,18,2,urban,0.013621393574846461,0.8,98.0,216.0,12.1,3,13.793497,8.15,2025-09-27,Saturday,3,23
3.0,Saturday,15,6,2,urban,0.019003565925002287,4.3,100.0,15.0,11.1,3,16.559667,7.76,2025-09-27,Saturday,3,23
3.0,Saturday,4,1,2,urban,0.025597838753126007,-0.1,98.0,17.0,4.6,3,14.755055,8.12,2025-09-27,Saturday,3,23
3.0,Saturday,3,16,12,urban,0.014805338205305154,0.8,75.0,1.0,9.0,3,8.319012,9.24,2025-10-04,Saturday,3,21
3.0,Saturday,15,15,1,urban,0.05388759864014463,3.6,99.0,19.0,14.2,3,25.410501,14.52,2025-10-04,Saturday,3,21
3.0,Saturday,21,8,1,urban,0.028311079741829566,3.4,84.0,18.0,3.2,3,10.903615,16.36,2025-10-04,Saturday,3,21
3.0,Saturday,17,24,1,urban,0.019179234716061467,3.1,88.0,22.0,13.7,3,14.374245,8.18,2025-10-04,Saturday,3,21
3.0,Saturday,16,15,12,urban,0.05294644843586829,-3.2,95.0,0.0,3.5,3,9.436997,10.86,2025-10-04,Saturday,3,21
3.0,Saturday,3,16,12,urban,0.02148192713230517,-0.3,99.0,0.0,6.3,3,5.650998,7.77,2025-10-04,Saturday,3,21
3.0,Saturday,10,31,3,urban,0.030574496266487734,-0.1,94.0,33.0,7.5,3,7.689176,24.25,2025-10-04,Saturday,3,21
3.0,Saturday,7,14,3,urban,0.03558430153276849,5.0,90.0,17.0,9.9,3,4.888888,5.75,2025-10-04,Saturday,3,21
3.0,Saturday,16,11,1,urban,0.040169870498739234,-5.3,81.0,12.0,9.5,3,2.800703,6.65,2025-10-04,Saturday,3,21
3.0,Saturday,20,7,1,urban,0.037421721591306946,-1.9,80.0,0.0,5.9,3,2.0,8.03,2025-10-04,Saturday,3,21
3.0,Saturday,18,3,2,urban,0.04910055700690337,2.6,98.0,22.0,32.2,3,3.763118,6.93,2025-10-04,Saturday,3,21
3.0,Saturday,11,3,1,urban,0.020407708895723676,2.2,100.0,20.0,11.5,3,3.251526,24.51,2025-10-04,Saturday,3,21
3.0,Saturday,21,30,1,urban,0.012703891378210415,1.0,96.0,11.0,10.8,3,15.398621,6.42,2025-10-04,Saturday,3,21
3.0,Saturday,22,21,12,urban,0.007000705371543067,-0.4,95.0,16.0,5.9,3,18.315411,3.69,2025-10-04,Saturday,3,21
3.0,Saturday,11,13,1,urban,0.016284083084274086,4.5,68.0,1.0,9.4,3,15.11306,28.68,2025-10-04,Saturday,3,21
3.0,Saturday,4,9,2,urban,0.029099857497649935,3.1,99.0,0.0,7.0,3,21.78078,26.07,2025-10-04,Saturday,3,21
3.0,Saturday,21,23,4,urban,0.032991797702998434,-0.8,98.0,65.0,18.1,3,18.372733,6.6,2025-10-04,Saturday,3,21
3.0,Saturday,16,28,12,urban,0.0350913798427176,3.4,97.0,0.0,3.6,3,14.753063,11.37,2025-10-04,Saturday,3,21
3.0,Saturday,21,13,12,urban,0.015860180172612925,-7.1,99.0,0.0,15.6,3,68.250356,9.27,2025-10-04,Saturday,3,21
3.0,Saturday,12,11,2,sub-urban,0.039483204954121665,8.2,58.0,303.0,12.4,3,12.510589,8.46,2025-10-04,Saturday,3,21
3.0,Saturday,9,13,12,urban,0.02716246676587777,2.0,100.0,68.0,5.4,3,67.36898,1.06,2025-10-04,Saturday,3,21
3.0,Saturday,5,26,1,urban,0.011385730125694118,-0.0,92.0,8.0,11.5,3,58.970788,5.41,2025-10-11,Saturday,3,18
3.0,Saturday,13,25,3,urban,0.036168991767926074,-2.8,99.0,1.0,17.4,3,92.699822,8.92,2025-10-11,Saturday,3,18
3.0,Saturday,5,27,2,urban,0.016217064318017095,14.4,46.0,127.0,14.8,3,21.768741,7.3,2025-10-11,Saturday,3,18
3.0,Saturday,3,10,2,urban,0.013909323679217114,-9.2,52.0,19.0,2.6,3,2.319668,18.33,2025-10-11,Saturday,3,18
3.0,Saturday,10,15,12,urban,0.017480573064733718,2.0,100.0,13.0,18.6,3,20.819259,10.63,2025-10-11,Saturday,3,18
3.0,Saturday,11,13,1,urban,0.03408967943119065,3.5,100.0,22.0,35.1,3,48.005597,47.98,2025-10-11,Saturday,3,18
3.0,Saturday,9,9,2,urban,0.0518963471406537,-11.0,75.0,192.0,5.4,3,8.877916,3.16,2025-10-11,Saturday,3,18
3.0,Saturday,7,23,1,urban,0.017091787588192575,-1.7,100.0,0.0,18.1,3,2.232321,10.29,2025-10-11,Saturday,3,18
3.0,Saturday,13,28,1,urban,0.006200346358048065,3.4,99.0,22.0,7.2,3,2.445071,16.34,2025-10-11,Saturday,3,18
3.0,Saturday,4,30,3,urban,0.03788634615969869,13.6,100.0,1.0,8.7,3,19.161883,12.45,2025-10-11,Saturday,3,18
3.0,Saturday,15,28,2,urban,0.03751255393039882,3.9,100.0,1.0,7.8,3,21.593115,28.62,2025-10-11,Saturday,3,18
3.0,Saturday,15,11,1,urban,0.021218448718600322,4.2,50.0,13.0,15.4,3,20.48366,11.41,2025-10-11,Saturday,3,18
3.0,Saturday,16,27,3,urban,0.034442132559370224,1.6,100.0,0.0,8.6,3,35.238008,13.35,2025-10-11,Saturday,3,18
3.0,Saturday,15,27,3,urban,0.018020017596421172,3.9,63.0,203.0,11.6,3,2.776305,22.7,2025-10-11,Saturday,3,18
3.0,Saturday,4,15,12,urban,0.05234412146088902,-4.7,75.0,0.0,11.5,3,13.159822,24.16,2025-10-11,Saturday,3,18
3.0,Saturday,16,1,3,urban,0.009254733706044843,-0.8,97.0,0.0,14.0,3,30.59777,11.46,2025-10-11,Saturday,3,18
3.0,Saturday,13,27,1,urban,0.025447240120593236,2.6,82.0,17.0,24.8,3,14.767856,7.31,2025-10-11,Saturday,3,18
3.0,Saturday,2,23,3,urban,0.03677289458738914,0.4,51.0,21.0,6.8,3,2.0,1.69,2025-10-11,Saturday,3,18
3.0,Saturday,15,21,1,urban,0.009837020342569785,2.1,94.0,0.0,10.1,3,12.036136,9.81,2025-10-18,Saturday,3,22
3.0,Saturday,16,9,3,urban,0.04348725723497222,2.6,86.0,130.0,12.1,3,20.589883,9.03,2025-10-18,Saturday,3,22
3.0,Saturday,15,20,1,urban,0.013293082743499328,1.6,84.0,1.0,19.5,3,9.728428,8.62,2025-10-18,Saturday,3,22
3.0,Saturday,16,3,2,urban,0.020342973185635136,-0.8,100.0,16.0,11.6,3,36.633472,11.46,2025-10-18,Saturday,3,22
3.0,Saturday,6,5,2,urban,0.0226108776662755,-6.3,100.0,0.0,6.1,3,6.237812,18.86,2025-10-18,Saturday,3,22
3.0,Saturday,17,29,12,urban,0.011861234897793817,2.1,99.0,0.0,9.5,3,18.478805,4.47,2025-10-18,Saturday,3,22
3.0,Saturday,3,5,2,urban,0.011340456769328556,-12.1,99.0,197.0,6.6,3,11.129852,41.22,2025-10-18,Saturday,3,22
3.0,Saturday,4,29,2,urban,0.005479710965559544,-0.7,99.0,0.0,23.0,3,31.180596,12.35,2025-10-18,Saturday,3,22
3.0,Saturday,15,21,1,urban,0.00924678502725623,-0.9,100.0,12.0,8.6,3,13.488349,23.62,2025-10-18,Saturday,3,22
3.0,Saturday,17,28,1,urban,0.0046745747574924255,1.8,95.0,9.0,12.0,3,13.844931,13.33,2025-10-18,Saturday,3,22
3.0,Saturday,11,3,1,urban,0.023058942915005255,3.1,100.0,16.0,2.6,3,80.157945,6.72,2025-10-18,Saturday,3,22
3.0,Saturday,21,5,2,urban,0.007688805748671963,-4.8,93.0,0.0,17.3,3,13.232002,11.88,2025-10-18,Saturday,3,22
3.0,Saturday,16,22,1,urban,0.013761678999532383,3.6,98.0,18.0,16.8,3,11.300859,9.88,2025-10-18,Saturday,3,22
3.0,Saturday,17,15,2,sub-urban,0.06661941338146536,-3.6,72.0,0.0,5.2,3,16.0787,11.1,2025-10-18,Saturday,3,22
3.0,Saturday,16,25,4,urban,0.026570421748682037,4.5,100.0,477.0,5.1,3,18.368957,7.02,2025-10-18,Saturday,3,22
3.0,Saturday,4,13,3,urban,0.010868653658665555,-4.8,79.0,142.0,16.2,3,3.621982,6.89,2025-10-18,Saturday,3,22
3.0,Saturday,19,7,3,urban,0.040474655705601006,12.0,45.0,120.0,11.3,3,21.901368,8.71,2025-10-18,Saturday,3,22
3.0,Saturday,19,19,1,urban,0.023633329517639474,1.6,94.0,22.0,17.7,3,9.516951,8.97,2025-10-18,Saturday,3,22
3.0,Saturday,21,7,1,urban,0.03404358310566305,2.3,99.0,132.0,6.3,3,33.231747,25.5,2025-10-18,Saturday,3,22
3.0,Saturday,12,21,12,urban,0.04385419145248254,0.6,100.0,11.0,14.0,3,20.490596,2.55,2025-10-18,Saturday,3,22
3.0,Saturday,8,1,3,urban,0.03424410006367878,0.4,92.0,2.0,17.0,3,8.389024,41.06,2025-10-18,Saturday,3,22
3.0,Saturday,13,21,2,urban,0.011016897278220207,-1.7,100.0,167.0,8.2,3,64.250175,6.3,2025-10-18,Saturday,3,22
3.0,Saturday,17,16,1,urban,0.047493223581173416,-1.0,98.0,0.0,5.2,3,17.08057,22.94,2025-10-25,Saturday,3,21
3.0,Saturday,13,3,12,urban,0.018807969313391824,4.1,100.0,0.0,3.7,3,33.031623,12.17,2025-10-25,Saturday,3,21
3.0,Saturday,5,20,1,urban,0.0117726633045066,4.8,97.0,23.0,20.7,3,85.494936,14.14,2025-10-25,Saturday,3,21
3.0,Saturday,4,13,3,urban,0.02830782250461056,3.0,86.0,550.0,14.3,3,9.35949,17.55,2025-10-25,Saturday,3,21
3.0,Saturday,3,15,12,urban,0.01610259533109051,-1.6,100.0,1.0,5.2,3,21.905941,16.72,2025-10-25,Saturday,3,21
3.0,Saturday,17,1,3,urban,0.04372565857343877,-0.2,96.0,0.0,18.1,3,17.905077,18.06,2025-10-25,Saturday,3,21
3.0,Saturday,4,27,1,urban,0.01201646605961951,4.2,89.0,22.0,28.4,3,6.958816,6.28,2025-10-25,Saturday,3,21
3.0,Saturday,21,13,12,urban,0.01437943869735512,0.7,100.0,13.0,8.3,3,7.700356,4.57,2025-10-25,Saturday,3,21
3.0,Saturday,14,6,9,urban,0.01729730855861198,0.6,98.0,11.0,16.3,3,14.634925,12.71,2025-10-25,Saturday,3,21
3.0,Saturday,11,30,1,urban,0.011631263090945986,1.5,100.0,14.0,5.7,3,18.776569,7.62,2025-10-25,Saturday,3,21
3.0,Saturday,14,27,1,urban,0.03484340206316591,2.2,91.0,17.0,7.9,3,18.592204,13.05,2025-10-25,Saturday,3,21
3.0,Saturday,3,23,12,urban,0.013288483007572988,2.9,100.0,0.0,14.5,3,11.178012,12.6,2025-10-25,Saturday,3,21
3.0,Saturday,13,3,5,urban,0.020274373501876507,1.6,63.0,190.0,18.9,3,20.522756,20.5,2025-10-25,Saturday,3,21
3.0,Saturday,21,7,1,urban,0.023022056187506922,0.9,97.0,13.0,6.4,3,10.458641,3.47,2025-10-25,Saturday,3,21
3.0,Saturday,18,13,1,urban,0.02068230104447686,-1.2,81.0,0.0,29.8,3,17.443461,11.57,2025-10-25,Saturday,3,21
3.0,Saturday,18,14,2,urban,0.018180708430133377,3.3,93.0,20.0,14.3,3,8.041668,9.66,2025-10-25,Saturday,3,21
3.0,Saturday,15,1,1,sub-urban,0.05313162835817398,-10.3,98.0,0.0,16.1,3,87.678297,7.77,2025-10-25,Saturday,3,21
3.0,Saturday,15,15,3,urban,0.012558137980077322,4.8,61.0,25.0,10.7,3,13.161086,8.35,2025-10-25,Saturday,3,21
3.0,Saturday,11,11,3,urban,0.031152370172735033,1.8,66.0,1.0,13.2,3,10.554774,27.66,2025-10-25,Saturday,3,21
3.0,Saturday,3,13,12,urban,0.03203483359655582,0.5,97.0,28.0,22.7,3,19.813126,6.61,2025-10-25,Saturday,3,21
3.0,Saturday,21,6,1,urban,0.019085960109799446,1.0,83.0,0.0,9.9,3,36.279626,11.38,2025-10-25,Saturday,3,21
3.0,Saturday,17,3,1,urban,0.021497442730607705,2.5,65.0,0.0,13.2,3,16.929113,10.13,2025-11-01,Saturday,3,18
3.0,Saturday,22,4,3,urban,0.01515052845172208,-0.6,94.0,0.0,7.0,3,8.406293,15.55,2025-11-01,Saturday,3,18
3.0,Saturday,4,15,2,urban,0.015461991941578764,-0.0,100.0,29.0,8.6,3,8.970035,12.48,2025-11-01,Saturday,3,18
3.0,Saturday,3,21,12,urban,0.053968147507099454,1.3,100.0,1.0,7.2,3,9.033637,5.67,2025-11-01,Saturday,3,18
3.0,Saturday,16,13,1,urban,0.04093825731185337,2.5,81.0,21.0,17.9,3,13.136686,9.92,2025-11-01,Saturday,3,18
3.0,Saturday,16,17,3,urban,0.04269226905250959,0.3,100.0,0.0,4.0,3,37.611499,21.8,2025-11-01,Saturday,3,18
3.0,Saturday,15,19,1,urban,0.019340775538966487,2.7,97.0,0.0,18.3,3,19.815703,22.47,2025-11-01,Saturday,3,18
3.0,Saturday,21,15,3,urban,0.019642137408029427,4.1,100.0,1.0,14.8,3,2.111218,3.16,2025-11-01,Saturday,3,18
3.0,Saturday,15,28,1,urban,0.039205061206461826,1.1,98.0,0.0,3.1,3,7.566452,4.51,2025-11-01,Saturday,3,18
3.0,Saturday,12,19,3,urban,0.017079202108924153,2.4,30.0,89.0,9.0,3,17.42805,7.4,2025-11-01,Saturday,3,18
3.0,Saturday,11,27,1,urban,0.018840087528424882,3.7,94.0,13.0,9.7,3,11.012406,9.74,2025-11-01,Saturday,3,18
3.0,Saturday,5,19,3,urban,0.00785533988688126,2.9,71.0,154.0,14.6,3,17.059298,39.53,2025-11-01,Saturday,3,18
3.0,Saturday,15,25,1,urban,0.054037785475191676,-5.7,98.0,0.0,18.0,3,20.172242,6.99,2025-11-01,Saturday,3,18
3.0,Saturday,21,10,1,urban,0.012184243405794305,1.0,67.0,18.0,11.7,3,13.199246,13.1,2025-11-01,Saturday,3,18
3.0,Saturday,19,3,3,urban,0.030429442514106807,4.0,80.0,16.0,30.0,3,18.463423,8.2,2025-11-01,Saturday,3,18
3.0,Saturday,18,29,1,urban,0.021851663465903667,-1.9,100.0,23.0,14.3,3,7.622009,12.9,2025-11-01,Saturday,3,18
3.0,Saturday,18,13,12,urban,0.04385512264466674,-3.0,99.0,0.0,15.1,3,2.959065,28.27,2025-11-01,Saturday,3,18
3.0,Saturday,17,12,12,urban,0.039864404539592765,-0.0,100.0,22.0,11.3,3,43.954398,6.03,2025-11-01,Saturday,3,18
3.0,Saturday,4,13,12,urban,0.01020134415611846,1.1,98.0,1.0,18.2,3,22.074396,22.46,2025-11-08,Saturday,3,24
3.0,Saturday,15,23,1,sub-urban,0.04261599433954938,-13.7,92.0,16.0,8.2,3,5.0591,14.03,2025-11-08,Saturday,3,24
3.0,Saturday,16,20,1,urban,0.051416959296272546,2.8,100.0,0.0,11.1,3,14.077152,10.7,2025-11-08,Saturday,3,24
3.0,Saturday,20,19,3,urban,0.005806759456022067,-3.2,81.0,0.0,5.5,3,12.944922,13.97,2025-11-08,Saturday,3,24
3.0,Saturday,19,19,12,urban,0.03370375249719189,3.7,81.0,1.0,13.6,3,12.571567,16.45,2025-11-08,Saturday,3,24
3.0,Saturday,2,13,2,urban,0.02477757204790761,1.4,100.0,0.0,32.7,3,40.973961,18.0,2025-11-08,Saturday,3,24
3.0,Saturday,5,27,2,urban,0.017481333926807067,3.7,99.0,15.0,18.0,3,2.549803,14.52,2025-11-08,Saturday,3,24
3.0,Saturday,13,28,3,urban,0.03528889036719014,0.9,100.0,0.0,14.2,3,9.539713,11.67,2025-11-08,Saturday,3,24
3.0,Saturday,14,24,1,urban,0.026648686977119734,3.0,99.0,0.0,18.5,3,18.41722,13.22,2025-11-08,Saturday,3,24
3.0,Saturday,18,16,1,urban,0.010378013998550631,2.1,100.0,14.0,5.1,3,61.383809,14.82,2025-11-08,Saturday,3,24
3.0,Saturday,14,7,7,urban,0.0025256445494824045,0.2,97.0,1.0,1.4,3,8.692261,3.27,2025-11-08,Saturday,3,24
3.0,Saturday,14,26,12,urban,0.006170860500473564,-0.8,99.0,0.0,17.5,3,19.651986,11.21,2025-11-08,Saturday,3,24
3.0,Saturday,15,16,1,urban,0.05126579099350475,4.0,98.0,0.0,12.3,3,11.885585,30.41,2025-11-08,Saturday,3,24
3.0,Saturday,22,27,2,urban,0.016352290948959205,0.6,99.0,12.0,5.5,3,5.862708,9.88,2025-11-08,Saturday,3,24
3.0,Saturday,4,21,3,urban,0.019439594847157144,-12.7,99.0,504.0,12.3,3,98.065705,2.76,2025-11-08,Saturday,3,24
3.0,Saturday,3,11,2,urban,0.0185245311737379,12.5,100.0,349.0,9.8,3,5.408148,15.48,2025-11-08,Saturday,3,24
3.0,Saturday,10,15,12,urban,0.016824103336764377,1.7,99.0,1.0,5.0,3,24.144429,46.02,2025-11-08,Saturday,3,24
3.0,Saturday,4,5,12,urban,0.012336152438462674,2.5,93.0,0.0,5.1,3,13.329622,25.25,2025-11-08,Saturday,3,24
3.0,Saturday,4,23,1,urban,0.0004957212578993592,0.9,100.0,14.0,4.4,3,34.602935,14.46,2025-11-08,Saturday,3,24
3.0,Saturday,3,13,12,urban,0.01161892804232881,-12.1,100.0,0.0,8.0,3,7.6094,6.47,2025-11-08,Saturday,3,24
3.0,Saturday,16,27,1,sub-urban,0.04260901892444169,-6.4,94.0,190.0,6.7,3,34.408226,31.94,2025-11-08,Saturday,3,24
3.0,Saturday,15,16,10,urban,0.040575259086740395,1.1,65.0,17.0,24.4,3,8.809394,8.6,2025-11-08,Saturday,3,24
3.0,Saturday,22,5,12,urban,0.039863406456176004,0.7,100.0,0.0,12.3,3,8.505843,27.65,2025-11-08,Saturday,3,24
3.0,Saturday,19,4,12,urban,0.05648543936905294,-2.8,100.0,9.0,3.6,3,42.019896,17.88,2025-11-08,Saturday,3,24
3.0,Saturday,11,11,1,urban,0.009796056243415655,2.3,95.0,19.0,24.1,3,17.879081,12.82,2025-11-15,Saturday,3,17
3.0,Saturday,15,15,2,urban,0.014710521457038571,-5.0,98.0,0.0,13.8,3,4.459419,6.87,2025-11-15,Saturday,3,17
3.0,Saturday,0,24,2,urban,0.03278174438772613,2.1,74.0,0.0,8.3,3,13.954618,13.48,2025-11-15,Saturday,3,17
3.0,Saturday,15,11,3,urban,-0.00019101221936234768,3.2,55.0,55.0,6.6,3,19.35395,12.62,2025-11-15,Saturday,3,17
3.0,Saturday,15,3,1,urban,0.01596763170237584,0.7,93.0,0.0,19.4,3,13.430312,9.57,2025-11-15,Saturday,3,17
3.0,Saturday,16,26,1,urban,0.012294553640937782,-1.3,99.0,0.0,15.6,3,40.596089,14.51,2025-11-15,Saturday,3,17
3.0,Saturday,4,23,1,urban,0.03876679495169685,3.2,99.0,15.0,13.5,3,17.93044,7.09,2025-11-15,Saturday,3,17
3.0,Saturday,9,27,1,urban,0.029226261730111117,2.0,100.0,22.0,29.9,3,20.077997,35.5,2025-11-15,Saturday,3,17
3.0,Saturday,21,28,1,urban,0.015734895156258873,2.7,80.0,13.0,18.8,3,7.989846,7.67,2025-11-15,Saturday,3,17
3.0,Saturday,15,9,1,urban,0.023518091187070798,-0.3,100.0,19.0,23.1,3,10.822608,29.37,2025-11-15,Saturday,3,17
3.0,Saturday,16,15,2,urban,0.018119610697939305,-3.8,100.0,0.0,14.0,3,37.417516,9.23,2025-11-15,Saturday,3,17
3.0,Saturday,3,2,1,urban,0.013704901258063926,4.7,100.0,1.0,24.5,3,21.160528,8.82,2025-11-15,Saturday,3,17
3.0,Saturday,3,15,1,urban,0.013185555685679109,2.4,52.0,0.0,23.4,3,13.42356,8.87,2025-11-15,Saturday,3,17
3.0,Saturday,22,25,1,urban,0.007863397096661794,10.6,94.0,22.0,3.9,3,6.312894,41.33,2025-11-15,Saturday,3,17
3.0,Saturday,9,27,3,urban,0.011121554317393173,0.5,82.0,0.0,14.1,3,40.913961,8.58,2025-11-15,Saturday,3,17
3.0,Saturday,15,22,1,urban,0.006767636172500088,1.8,63.0,23.0,33.9,3,9.495262,15.23,2025-11-15,Saturday,3,17
3.0,Saturday,17,16,1,urban,0.021107860429190783,3.2,54.0,14.0,2.5,3,20.505802,8.96,2025-11-15,Saturday,3,17
3.0,Saturday,22,29,2,urban,0.012916361569687894,-1.4,98.0,1.0,12.9,3,5.45522,25.62,2025-11-22,Saturday,3,27
3.0,Saturday,9,29,5,urban,0.00413975932557683,1.4,100.0,16.0,4.6,3,18.845607,8.05,2025-11-22,Saturday,3,27
3.0,Saturday,3,13,3,urban,0.026567816324683618,-1.7,99.0,0.0,14.1,3,7.935186,6.86,2025-11-22,Saturday,3,27
3.0,Saturday,21,19,1,urban,0.03858061685289538,2.3,82.0,20.0,5.2,3,26.248763,50.78,2025-11-22,Saturday,3,27
3.0,Saturday,16,22,1,urban,0.016267402818141267,-0.8,55.0,16.0,14.9,3,24.099096,12.18,2025-11-22,Saturday,3,27
3.0,Saturday,11,26,2,urban,0.025156052809105874,4.3,100.0,15.0,15.4,3,2.914876,3.31,2025-11-22,Saturday,3,27
3.0,Saturday,4,16,1,urban,0.03685208939676073,-2.4,77.0,22.0,15.7,3,15.570163,5.69,2025-11-22,Saturday,3,27
3.0,Saturday,11,24,1,urban,0.01203029795757575,3.3,67.0,22.0,20.7,3,33.680452,9.45,2025-11-22,Saturday,3,27
3.0,Saturday,16,11,2,urban,0.003852019189721323,-5.0,100.0,11.0,14.9,3,69.08566,7.34,2025-11-22,Saturday,3,27
3.0,Saturday,4,7,12,urban,0.03964399208691813,-1.5,98.0,0.0,4.9,3,11.056778,14.1,2025-11-22,Saturday,3,27
3.0,Saturday,22,23,12,urban,0.023801779468968616,-0.1,93.0,0.0,2.9,3,8.163649,4.25,2025-11-22,Saturday,3,27
3.0,Saturday,19,15,1,urban,0.046384701634677526,-0.2,99.0,10.0,14.5,3,13.96821,6.88,2025-11-22,Saturday,3,27
3.0,Saturday,19,11,9,urban,0.024391960753768104,-2.9,77.0,21.0,14.4,3,16.02561,4.63,2025-11-22,Saturday,3,27
3.0,Saturday,17,10,9,urban,0.04948188340198475,-11.3,95.0,1.0,7.9,3,7.881783,3.35,2025-11-22,Saturday,3,27
3.0,Saturday,8,21,3,urban,0.008508302066341586,3.9,99.0,21.0,15.2,3,39.815614,8.12,2025-11-22,Saturday,3,27
3.0,Saturday,9,16,12,urban,0.005673032080463259,5.1,100.0,24.0,10.2,3,34.357314,23.49,2025-11-22,Saturday,3,27
3.0,Saturday,12,25,11,urban,0.03773833745038488,6.6,92.0,0.0,4.4,3,15.84445,8.78,2025-11-22,Saturday,3,27
3.0,Saturday,4,21,3,urban,0.008357121123790051,12.6,69.0,19.0,15.7,3,14.470139,24.99,2025-11-22,Saturday,3,27
3.0,Saturday,21,7,3,urban,0.03728445206315347,3.7,99.0,13.0,13.7,3,3.428578,7.8,2025-11-22,Saturday,3,27
3.0,Saturday,22,10,1,urban,0.017614352354130846,0.6,87.0,18.0,4.6,3,79.969769,34.12,2025-11-22,Saturday,3,27
3.0,Saturday,22,8,1,urban,0.017844191754185314,1.4,99.0,19.0,19.5,3,20.770334,6.59,2025-11-22,Saturday,3,27
3.0,Saturday,19,10,1,sub-urban,0.05199732207252483,0.1,77.0,18.0,18.7,3,17.769886,5.61,2025-11-22,Saturday,3,27
3.0,Saturday,21,20,12,urban,0.051376734081739255,-0.1,84.0,0.0,8.3,3,11.731938,33.46,2025-11-22,Saturday,3,27
3.0,Saturday,8,15,1,urban,0.03927733015004633,2.7,84.0,22.0,17.6,3,2.307016,11.44,2025-11-22,Saturday,3,27
3.0,Saturday,10,27,3,urban,0.024376285925027462,1.2,99.0,75.0,0.8,3,56.57496,7.79,2025-11-22,Saturday,3,27
3.0,Saturday,21,28,1,urban,0.009010439755342109,-0.7,98.0,10.0,7.3,3,73.016653,29.38,2025-11-22,Saturday,3,27
3.0,Saturday,19,5,1,urban,0.016445565982339917,0.9,84.0,17.0,6.9,3,59.665311,9.99,2025-11-22,Saturday,3,27
3.0,Saturday,13,15,2,urban,0.015553112161177177,1.2,98.0,13.0,11.9,3,9.384719,5.02,2025-11-29,Saturday,3,18
3.0,Saturday,21,16,1,urban,0.0008209227737823671,1.6,99.0,0.0,6.0,3,103.614318,5.93,2025-11-29,Saturday,3,18
3.0,Saturday,4,13,3,urban,0.01879526782887178,5.0,99.0,0.0,4.4,3,14.653835,4.31,2025-11-29,Saturday,3,18
3.0,Saturday,8,15,2,urban,0.021766116184170063,-1.2,83.0,48.0,7.2,3,3.106716,28.01,2025-11-29,Saturday,3,18
3.0,Saturday,7,17,1,urban,0.03482240533665324,4.8,66.0,24.0,10.3,3,21.114275,7.09,2025-11-29,Saturday,3,18
3.0,Saturday,21,6,8,urban,0.0317288604538807,15.5,100.0,11.0,13.4,3,13.614174,7.89,2025-11-29,Saturday,3,18
3.0,Saturday,17,26,2,sub-urban,0.04390716914414063,-12.6,75.0,19.0,3.8,3,21.94895,11.79,2025-11-29,Saturday,3,18
3.0,Saturday,16,15,12,urban,0.037451810887490354,3.0,57.0,19.0,5.4,3,20.12824,3.96,2025-11-29,Saturday,3,18
3.0,Saturday,4,17,1,urban,0.015980379486745803,3.7,100.0,1.0,20.5,3,2.124322,12.9,2025-11-29,Saturday,3,18
3.0,Saturday,19,9,7,urban,0.04248566989965246,11.7,99.0,54.0,4.7,3,13.686109,4.75,2025-11-29,Saturday,3,18
3.0,Saturday,11,1,1,urban,0.018832571307308137,3.9,100.0,20.0,13.0,3,13.657158,8.9,2025-11-29,Saturday,3,18
3.0,Saturday,12,2,1,urban,0.013642134458348614,4.3,86.0,11.0,26.1,3,17.350417,12.19,2025-11-29,Saturday,3,18
3.0,Saturday,16,13,12,urban,0.005414527518838152,3.9,99.0,0.0,21.2,3,35.883952,13.83,2025-11-29,Saturday,3,18
3.0,Saturday,19,10,12,urban,0.042512640211945944,-7.5,99.0,0.0,10.7,3,10.689284,12.66,2025-11-29,Saturday,3,18
3.0,Saturday,16,23,12,urban,0.013698463725194395,1.4,98.0,14.0,7.3,3,5.000051,12.01,2025-11-29,Saturday,3,18
3.0,Saturday,13,10,3,urban,0.009910152571159712,1.4,93.0,0.0,8.4,3,6.783955,8.1,2025-11-29,Saturday,3,18
3.0,Saturday,13,4,3,urban,0.026395732340775045,4.0,76.0,49.0,18.3,3,20.768365,6.72,2025-11-29,Saturday,3,18
3.0,Saturday,11,23,2,urban,0.017475854653958234,3.0,99.0,0.0,4.0,3,2.623483,15.08,2025-11-29,Saturday,3,18
3.0,Saturday,16,28,2,urban,0.010508344995087847,2.8,100.0,17.0,9.3,3,43.753776,7.88,2025-12-06,Saturday,3,19
3.0,Saturday,15,1,2,urban,0.035122369806500374,3.4,75.0,111.0,8.3,3,24.094944,6.72,2025-12-06,Saturday,3,19
3.0,Saturday,5,23,1,urban,0.018675221423229305,3.7,99.0,17.0,10.0,3,8.613471,11.28,2025-12-06,Saturday,3,19
3.0,Saturday,9,19,2,urban,0.03803422157073104,0.3,93.0,21.0,4.5,3,3.437772,14.92,2025-12-06,Saturday,3,19
3.0,Saturday,9,23,2,sub-urban,0.02852387939488938,-3.7,100.0,0.0,12.5,3,14.956729,21.77,2025-12-06,Saturday,3,19
3.0,Saturday,17,27,1,urban,0.03662216798771438,2.4,100.0,0.0,18.4,3,86.967356,6.4,2025-12-06,Saturday,3,19
3.0,Saturday,22,30,3,urban,0.014613758572449488,1.5,100.0,0.0,5.9,3,4.958704,13.67,2025-12-06,Saturday,3,19
3.0,Saturday,20,8,2,sub-urban,0.03739049120518772,3.6,76.0,221.0,19.9,3,21.351434,9.73,2025-12-06,Saturday,3,19
3.0,Saturday,12,11,3,urban,0.017946215886776445,2.3,73.0,20.0,26.9,3,67.237735,5.43,2025-12-06,Saturday,3,19
3.0,Saturday,7,5,3,urban,0.029483277236538662,5.7,82.0,80.0,12.5,3,2.75781,18.64,2025-12-06,Saturday,3,19
3.0,Saturday,18,15,3,urban,0.054510155591799524,2.7,74.0,20.0,3.9,3,2.859963,26.33,2025-12-06,Saturday,3,19
3.0,Saturday,4,27,2,urban,0.017128731219134063,2.6,99.0,1.0,16.4,3,20.145995,5.15,2025-12-06,Saturday,3,19
3.0,Saturday,15,15,12,urban,0.04758555588310074,2.3,100.0,0.0,11.6,3,41.493208,15.2,2025-12-06,Saturday,3,19
3.0,Saturday,15,18,1,urban,0.048108487463313934,4.0,77.0,15.0,3.9,3,18.201214,9.76,2025-12-06,Saturday,3,19
3.0,Saturday,8,11,12,urban,0.02072237107743678,1.4,48.0,24.0,20.2,3,15.570676,51.43,2025-12-06,Saturday,3,19
3.0,Saturday,19,28,2,urban,0.05624836681262173,-12.4,76.0,1.0,6.5,3,12.644449,12.27,2025-12-06,Saturday,3,19
3.0,Saturday,3,27,1,urban,0.021552446073017158,3.7,100.0,25.0,11.5,3,10.976321,9.33,2025-12-06,Saturday,3,19
3.0,Saturday,19,7,2,urban,0.033565249197514656,-5.0,76.0,198.0,8.5,3,37.149282,15.85,2025-12-06,Saturday,3,19
3.0,Saturday,15,26,1,urban,0.01704158662028602,2.7,100.0,12.0,10.3,3,15.635349,8.33,2025-12-06,Saturday,3,19
3.0,Saturday,4,1,1,urban,0.019811484415383596,1.8,90.0,0.0,6.7,3,33.152902,4.92,2025-12-13,Saturday,3,24
3.0,Saturday,18,3,1,urban,0.011729565311287578,1.4,99.0,0.0,2.9,3,31.359137,17.26,2025-12-13,Saturday,3,24
3.0,Saturday,23,7,3,urban,0.042439064505890724,-0.9,60.0,59.0,6.2,3,19.024184,9.09,2025-12-13,Saturday,3,24
3.0,Saturday,15,21,3,urban,0.02202094352240345,2.4,51.0,0.0,24.0,3,15.87079,13.27,2025-12-13,Saturday,3,24
3.0,Saturday,23,13,12,urban,0.008995381258868633,0.1,98.0,0.0,10.7,3,17.168222,36.2,2025-12-13,Saturday,3,24
3.0,Saturday,19,13,12,urban,0.040822443534374156,1.2,92.0,21.0,4.4,3,18.395678,10.04,2025-12-13,Saturday,3,24
3.0,Saturday,22,16,1,sub-urban,0.04233393695892424,3.0,64.0,14.0,16.6,3,12.943462,6.44,2025-12-13,Saturday,3,24
3.0,Saturday,15,31,2,urban,0.014225123277997064,2.6,65.0,12.0,17.4,3,78.62538,7.12,2025-12-13,Saturday,3,24
3.0,Saturday,15,13,3,urban,0.0067928153792814455,1.8,96.0,0.0,11.2,3,12.982269,53.68,2025-12-13,Saturday,3,24
3.0,Saturday,22,6,3,urban,0.024762698920944844,-0.7,87.0,0.0,5.6,3,13.959187,14.79,2025-12-13,Saturday,3,24
3.0,Saturday,3,10,11,urban,0.015368828872010003,2.3,99.0,22.0,11.2,3,14.228497,9.12,2025-12-13,Saturday,3,24
3.0,Saturday,13,7,3,urban,0.040462042770293694,0.0,56.0,59.0,7.7,3,47.614304,4.45,2025-12-13,Saturday,3,24
3.0,Saturday,15,3,1,urban,0.04377953670661869,-4.5,81.0,20.0,11.0,3,3.462682,6.31,2025-12-13,Saturday,3,24
3.0,Saturday,18,27,3,urban,0.0441481179431666,-0.4,69.0,117.0,17.3,3,22.740242,12.92,2025-12-13,Saturday,3,24
3.0,Saturday,11,13,1,urban,0.022704519994409644,3.6,100.0,12.0,14.5,3,14.267986,13.78,2025-12-13,Saturday,3,24
3.0,Saturday,23,7,3,urban,0.026538055548722683,14.0,73.0,24.0,19.3,3,13.884429,10.69,2025-12-13,Saturday,3,24
3.0,Saturday,15,23,12,urban,0.051532319497011196,-11.8,90.0,0.0,9.9,3,2.437438,12.63,2025-12-13,Saturday,3,24
3.0,Saturday,1,11,11,urban,0.05056457841464863,-4.7,99.0,0.0,10.2,3,10.449773,8.45,2025-12-13,Saturday,3,24
3.0,Saturday,17,5,3,sub-urban,0.003606528371649249,11.5,32.0,1.0,5.6,3,8.601357,5.15,2025-12-13,Saturday,3,24
3.0,Saturday,18,13,12,urban,0.05078957523221582,-1.0,88.0,0.0,25.0,3,64.67219,11.12,2025-12-13,Saturday,3,24
3.0,Saturday,16,11,12,urban,0.038528920871780566,-1.8,98.0,1.0,9.6,3,42.62594,19.75,2025-12-13,Saturday,3,24
3.0,Saturday,9,28,12,urban,0.014736660124434628,-14.2,98.0,0.0,16.4,3,30.058942,29.05,2025-12-13,Saturday,3,24
3.0,Saturday,22,29,1,urban,0.01565475475668132,1.7,100.0,1.0,13.8,3,9.234796,13.52,2025-12-13,Saturday,3,24
3.0,Saturday,19,18,1,urban,0.014744569650392312,-0.8,99.0,16.0,12.1,3,13.446146,35.83,2025-12-13,Saturday,3,24
3.0,Saturday,16,13,2,urban,0.015605017332649906,1.9,99.0,68.0,12.3,3,56.741891,3.04,2025-12-20,Saturday,3,17
3.0,Saturday,16,24,1,urban,0.011828458663893728,-2.3,99.0,0.0,16.8,3,37.316628,4.84,2025-12-20,Saturday,3,17
3.0,Saturday,16,28,1,urban,0.012064898756156645,2.1,98.0,0.0,6.0,3,40.059745,11.36,2025-12-20,Saturday,3,17
3.0,Saturday,15,18,1,urban,0.012152810253202402,3.7,99.0,14.0,7.7,3,13.254384,8.08,2025-12-20,Saturday,3,17
3.0,Saturday,15,10,1,urban,0.008114951255899245,-0.4,100.0,22.0,10.9,3,31.262771,5.61,2025-12-20,Saturday,3,17
3.0,Saturday,19,23,2,urban,0.00021240042958056704,2.9,83.0,0.0,20.4,3,8.220785,31.87,2025-12-20,Saturday,3,17
3.0,Saturday,16,24,12,urban,0.017113442505687616,-1.1,99.0,1.0,10.4,3,17.323392,11.05,2025-12-20,Saturday,3,17
3.0,Saturday,16,27,1,urban,0.035403579916629783,-7.3,83.0,22.0,22.4,3,7.071737,2.82,2025-12-20,Saturday,3,17
3.0,Saturday,16,27,3,urban,0.017665761350851187,-6.8,74.0,0.0,11.8,3,11.268185,9.5,2025-12-20,Saturday,3,17
3.0,Saturday,3,8,1,urban,0.02369582157325856,-4.4,98.0,1.0,8.6,3,10.865729,16.18,2025-12-20,Saturday,3,17
3.0,Saturday,15,6,2,sub-urban,0.041781929347441425,0.6,99.0,51.0,12.1,3,18.462272,8.99,2025-12-20,Saturday,3,17
3.0,Saturday,23,13,1,urban,0.04364574115167036,4.6,71.0,13.0,13.8,3,19.28425,4.24,2025-12-20,Saturday,3,17
3.0,Saturday,18,17,9,urban,0.03846490565485856,1.8,48.0,66.0,13.1,3,7.19562,8.5,2025-12-20,Saturday,3,17
3.0,Saturday,11,15,12,urban,0.015461665622900928,-0.8,100.0,13.0,12.6,3,64.814185,13.38,2025-12-20,Saturday,3,17
3.0,Saturday,4,27,1,urban,0.016555543064906544,4.1,97.0,27.0,16.6,3,4.956696,21.16,2025-12-20,Saturday,3,17
3.0,Saturday,0,24,3,urban,0.03588539643267559,-0.3,95.0,0.0,6.8,3,3.305326,12.02,2025-12-20,Saturday,3,17
3.0,Saturday,0,21,3,urban,0.024553602434063883,-4.4,82.0,21.0,15.7,3,2.496818,11.9,2025-12-20,Saturday,3,17
3.0,Sunday,21,21,12,urban,0.01632927425578734,-4.3,99.0,0.0,5.9,3,84.893601,9.22,2025-09-28,Sunday,3,23
3.0,Sunday,18,3,3,urban,0.03805617984522149,4.6,63.0,1.0,16.1,3,14.094522,6.24,2025-09-28,Sunday,3,23
3.0,Sunday,4,5,1,urban,0.0191178003130942,5.0,63.0,0.0,13.3,3,2.859479,18.82,2025-09-28,Sunday,3,23
3.0,Sunday,23,1,3,urban,0.036085343601888066,0.3,91.0,0.0,6.5,3,9.882878,11.56,2025-09-28,Sunday,3,23
3.0,Sunday,11,13,1,urban,0.01857415339582185,-1.0,73.0,18.0,16.2,3,10.890614,30.22,2025-09-28,Sunday,3,23
3.0,Sunday,15,15,1,urban,0.012301468842417014,2.7,100.0,0.0,28.4,3,20.193215,14.23,2025-09-28,Sunday,3,23
3.0,Sunday,15,15,2,urban,0.013180186803767615,0.1,100.0,17.0,5.9,3,17.245805,3.58,2025-09-28,Sunday,3,23
3.0,Sunday,3,15,1,urban,0.016191731054378714,0.2,98.0,64.0,16.6,3,28.196707,10.72,2025-09-28,Sunday,3,23
3.0,Sunday,16,4,12,urban,0.017477487545294483,4.0,94.0,0.0,8.3,3,13.875564,6.03,2025-09-28,Sunday,3,23
3.0,Sunday,15,20,1,urban,0.020739988121632632,2.8,78.0,41.0,31.4,3,2.466284,6.33,2025-09-28,Sunday,3,23
3.0,Sunday,21,24,1,urban,0.013604834183302423,3.6,83.0,28.0,16.3,3,5.119113,4.86,2025-09-28,Sunday,3,23
3.0,Sunday,6,27,12,urban,0.009276516784012574,2.5,100.0,23.0,5.8,3,2.0,14.93,2025-09-28,Sunday,3,23
3.0,Sunday,18,17,3,urban,0.024211770270715607,-6.0,94.0,0.0,6.8,3,64.379795,17.66,2025-09-28,Sunday,3,23
3.0,Sunday,15,26,1,urban,0.029689073380184443,1.8,99.0,0.0,11.3,3,23.44922,5.79,2025-09-28,Sunday,3,23
3.0,Sunday,4,21,1,urban,0.013142041687956036,2.9,99.0,17.0,12.1,3,40.764054,13.76,2025-09-28,Sunday,3,23
3.0,Sunday,11,5,1,urban,0.020503513005637276,1.5,99.0,0.0,17.4,3,33.781741,14.49,2025-09-28,Sunday,3,23
3.0,Sunday,13,13,1,urban,0.01653901741573888,2.8,100.0,17.0,16.6,3,74.190487,8.38,2025-09-28,Sunday,3,23
3.0,Sunday,5,7,2,urban,0.02149573256932695,4.0,96.0,0.0,16.3,3,35.927478,10.72,2025-09-28,Sunday,3,23
3.0,Sunday,18,3,3,urban,0.03966653180936227,1.0,54.0,180.0,7.6,3,3.784675,3.64,2025-09-28,Sunday,3,23
3.0,Sunday,18,21,2,urban,0.00823084234684566,1.8,100.0,19.0,1.7,3,14.197873,20.03,2025-09-28,Sunday,3,23
3.0,Sunday,20,21,1,urban,0.010351790619565907,3.1,94.0,19.0,14.2,3,10.950398,14.85,2025-09-28,Sunday,3,23
3.0,Sunday,18,3,1,urban,0.004363769873200684,3.8,95.0,0.0,16.3,3,22.434068,7.56,2025-09-28,Sunday,3,23
3.0,Sunday,16,20,1,urban,0.017331761660482194,1.4,99.0,182.0,15.9,3,16.023709,30.27,2025-09-28,Sunday,3,23
3.0,Sunday,18,4,3,urban,0.0017872845890703785,-0.4,82.0,0.0,16.3,3,13.700788,15.24,2025-10-05,Sunday,3,11
3.0,Sunday,17,15,1,urban,0.008763498757077652,-0.2,99.0,1.0,10.2,3,3.838033,7.27,2025-10-05,Sunday,3,11
3.0,Sunday,22,3,12,urban,0.012626640983776034,2.1,95.0,23.0,2.1,3,40.110918,36.63,2025-10-05,Sunday,3,11
3.0,Sunday,19,27,1,urban,0.03627919495547553,2.8,80.0,0.0,5.5,3,7.628441,16.6,2025-10-05,Sunday,3,11
3.0,Sunday,4,1,12,urban,0.037514897418126705,2.0,100.0,0.0,6.1,3,4.786374,13.0,2025-10-05,Sunday,3,11
3.0,Sunday,12,13,3,urban,0.013296156361530606,0.0,99.0,1.0,10.8,3,60.01546,24.14,2025-10-05,Sunday,3,11
3.0,Sunday,16,9,3,urban,0.030089597841652282,-5.0,76.0,0.0,5.3,3,3.087082,7.96,2025-10-05,Sunday,3,11
3.0,Sunday,21,7,1,urban,0.022299591056322038,-11.9,100.0,16.0,8.2,3,11.89518,25.36,2025-10-05,Sunday,3,11
3.0,Sunday,22,30,3,urban,0.0006251034073571104,0.3,62.0,28.0,26.3,3,67.518888,22.63,2025-10-05,Sunday,3,11
3.0,Sunday,11,15,12,urban,0.01999232543194242,-0.2,99.0,0.0,15.3,3,18.918177,20.94,2025-10-05,Sunday,3,11
3.0,Sunday,18,20,3,urban,0.03875010206154693,3.4,82.0,17.0,14.5,3,19.582724,4.37,2025-10-05,Sunday,3,11
3.0,Sunday,18,17,3,urban,0.054711853470796205,-0.7,76.0,16.0,6.3,3,101.778051,31.4,2025-10-12,Sunday,3,15
3.0,Sunday,11,15,1,urban,0.012420793694678795,3.4,100.0,0.0,25.9,3,36.620315,8.67,2025-10-12,Sunday,3,15
3.0,Sunday,18,25,1,urban,0.020268968679672227,16.9,68.0,9.0,15.6,3,15.241158,11.45,2025-10-12,Sunday,3,15
3.0,Sunday,11,15,1,urban,0.01485016687703055,2.0,84.0,24.0,11.4,3,22.188114,10.57,2025-10-12,Sunday,3,15
3.0,Sunday,23,3,12,urban,0.015080170082709359,-0.1,98.0,0.0,18.4,3,17.534065,8.91,2025-10-12,Sunday,3,15
3.0,Sunday,4,17,3,urban,0.03886412347062779,-2.8,73.0,0.0,6.6,3,10.366142,13.05,2025-10-12,Sunday,3,15
3.0,Sunday,13,31,1,urban,0.038228096523023725,3.7,69.0,15.0,3.1,3,19.534095,8.58,2025-10-12,Sunday,3,15
3.0,Sunday,5,21,12,urban,0.011566426608729249,2.6,98.0,0.0,3.6,3,13.605799,16.44,2025-10-12,Sunday,3,15
3.0,Sunday,4,24,3,urban,0.02175203723101829,-0.8,98.0,19.0,18.3,3,47.761918,10.81,2025-10-12,Sunday,3,15
3.0,Sunday,4,30,1,urban,0.01749552067403779,-7.6,82.0,18.0,17.6,3,17.871759,10.22,2025-10-12,Sunday,3,15
3.0,Sunday,15,23,12,urban,0.03194151861040225,-1.1,94.0,0.0,16.5,3,10.260582,9.43,2025-10-12,Sunday,3,15
3.0,Sunday,22,11,3,urban,0.03498502554049607,-0.4,99.0,11.0,26.3,3,10.542508,27.95,2025-10-12,Sunday,3,15
3.0,Sunday,13,11,1,urban,0.040585493430144864,-2.5,92.0,0.0,9.5,3,10.779711,12.25,2025-10-12,Sunday,3,15
3.0,Sunday,22,26,3,urban,0.01806439834646334,-0.1,100.0,0.0,6.5,3,44.855275,28.2,2025-10-12,Sunday,3,15
3.0,Sunday,15,8,1,urban,0.03734678624764081,4.1,76.0,61.0,15.6,3,18.36172,5.04,2025-10-12,Sunday,3,15
3.0,Sunday,4,11,12,urban,0.02037056405247248,2.1,100.0,20.0,4.6,3,22.949217,6.32,2025-10-19,Sunday,3,17
3.0,Sunday,4,23,12,urban,0.0004918681064660525,-7.9,100.0,24.0,3.3,3,11.646588,0.51,2025-10-19,Sunday,3,17
3.0,Sunday,18,24,3,urban,0.015019265350970095,1.4,43.0,22.0,15.6,3,13.723472,3.85,2025-10-19,Sunday,3,17
3.0,Sunday,8,21,2,urban,0.01222833977541984,1.2,99.0,16.0,5.1,3,7.840017,14.47,2025-10-19,Sunday,3,17
3.0,Sunday,18,28,2,urban,0.008509878217514269,-1.3,100.0,1.0,5.4,3,23.286532,8.38,2025-10-19,Sunday,3,17
3.0,Sunday,15,15,1,urban,0.038716411499616465,1.2,92.0,0.0,26.9,3,3.431523,6.77,2025-10-19,Sunday,3,17
3.0,Sunday,3,29,10,urban,0.01800670781350915,2.5,98.0,30.0,24.2,3,20.132259,38.57,2025-10-19,Sunday,3,17
3.0,Sunday,13,25,12,urban,0.05448624141348676,-11.1,99.0,0.0,7.4,3,9.816946,5.86,2025-10-19,Sunday,3,17
3.0,Sunday,16,26,2,urban,0.017975716974574917,-8.9,96.0,0.0,11.4,3,14.391127,2.76,2025-10-19,Sunday,3,17
3.0,Sunday,22,21,1,urban,0.01212684463375311,2.3,94.0,15.0,6.9,3,16.571452,9.49,2025-10-19,Sunday,3,17
3.0,Sunday,6,8,3,urban,0.02226569796044197,2.9,58.0,15.0,14.2,3,22.531117,13.91,2025-10-19,Sunday,3,17
3.0,Sunday,13,5,11,urban,0.034259645091695566,-6.0,98.0,0.0,8.9,3,5.643458,10.67,2025-10-19,Sunday,3,17
3.0,Sunday,22,15,12,urban,0.013831669230503635,2.8,98.0,22.0,20.5,3,7.728192,8.05,2025-10-19,Sunday,3,17
3.0,Sunday,4,16,2,urban,0.00359386216108657,-11.2,81.0,1.0,4.1,3,4.599753,10.74,2025-10-19,Sunday,3,17
3.0,Sunday,20,17,3,urban,0.017062509029230687,4.0,100.0,25.0,13.5,3,7.242161,14.53,2025-10-19,Sunday,3,17
3.0,Sunday,21,21,3,urban,0.05014303585920047,-5.9,58.0,0.0,2.6,3,10.826743,21.91,2025-10-19,Sunday,3,17
3.0,Sunday,22,17,1,sub-urban,0.022038756387170417,1.3,64.0,24.0,21.6,3,44.441625,13.7,2025-10-19,Sunday,3,17
3.0,Sunday,17,26,1,urban,0.01891617551934915,0.2,100.0,253.0,11.1,3,69.81005,5.23,2025-10-26,Sunday,3,16
3.0,Sunday,4,21,1,urban,0.019039015921890917,1.9,99.0,20.0,16.3,3,19.5823,20.57,2025-10-26,Sunday,3,16
3.0,Sunday,22,10,3,urban,0.016338416425489603,1.2,98.0,0.0,10.9,3,2.942736,6.14,2025-10-26,Sunday,3,16
3.0,Sunday,13,16,3,urban,0.0037747814919326973,2.2,56.0,21.0,4.9,3,14.18774,3.22,2025-10-26,Sunday,3,16
3.0,Sunday,22,31,3,urban,0.032358062239314735,18.0,51.0,229.0,6.8,3,8.441188,5.43,2025-10-26,Sunday,3,16
3.0,Sunday,18,10,12,urban,0.048783607268431436,-0.3,99.0,14.0,11.2,3,55.762853,1.34,2025-10-26,Sunday,3,16
3.0,Sunday,21,29,2,urban,0.047625344829579086,-10.5,70.0,16.0,9.2,3,11.759401,6.11,2025-10-26,Sunday,3,16
3.0,Sunday,4,27,12,urban,0.009314895081761738,15.9,72.0,0.0,9.2,3,8.51904,11.28,2025-10-26,Sunday,3,16
3.0,Sunday,1,26,2,urban,0.020436050569842854,1.6,77.0,11.0,10.1,3,96.007175,13.79,2025-10-26,Sunday,3,16
3.0,Sunday,6,15,12,urban,0.05529161634462223,1.1,77.0,45.0,3.3,3,6.711279,17.06,2025-10-26,Sunday,3,16
3.0,Sunday,10,5,2,urban,0.0022080214226717536,1.1,100.0,1.0,3.2,3,39.101874,27.49,2025-10-26,Sunday,3,16
3.0,Sunday,16,13,1,urban,0.045529201786691446,-6.4,77.0,0.0,12.3,3,12.567159,9.13,2025-10-26,Sunday,3,16
3.0,Sunday,7,23,1,urban,0.029743260110898753,-7.1,74.0,16.0,8.0,3,22.924132,11.65,2025-10-26,Sunday,3,16
3.0,Sunday,3,13,12,urban,0.04157308929843011,-4.0,69.0,0.0,6.0,3,18.251048,33.25,2025-10-26,Sunday,3,16
3.0,Sunday,4,21,3,urban,0.011561860543961008,-0.5,99.0,25.0,27.9,3,37.077301,10.51,2025-10-26,Sunday,3,16
3.0,Sunday,18,14,3,urban,0.018328990258588494,3.1,100.0,21.0,5.4,3,62.677405,38.84,2025-10-26,Sunday,3,16
3.0,Sunday,17,17,12,urban,0.004251156960904692,3.6,98.0,1.0,29.5,3,35.891746,3.49,2025-11-02,Sunday,3,23
3.0,Sunday,18,14,9,sub-urban,0.023651789587346293,3.0,98.0,14.0,3.3,3,14.434017,18.75,2025-11-02,Sunday,3,23
3.0,Sunday,14,13,8,urban,0.03618733193429382,21.7,74.0,21.0,14.9,3,18.312627,2.67,2025-11-02,Sunday,3,23
3.0,Sunday,4,11,1,urban,0.019492191412852328,4.0,87.0,1.0,12.2,3,17.792685,16.77,2025-11-02,Sunday,3,23
3.0,Sunday,4,5,1,urban,0.015781166205114695,3.8,82.0,130.0,15.1,3,18.562521,6.91,2025-11-02,Sunday,3,23
3.0,Sunday,4,15,3,urban,0.012781937941119287,2.2,100.0,192.0,4.3,3,15.742449,16.53,2025-11-02,Sunday,3,23
3.0,Sunday,12,25,9,urban,0.020905925654057723,3.7,94.0,23.0,5.9,3,3.873554,9.14,2025-11-02,Sunday,3,23
3.0,Sunday,22,3,12,urban,0.05618237454947445,1.0,99.0,0.0,15.6,3,14.154842,8.49,2025-11-02,Sunday,3,23
3.0,Sunday,9,24,1,urban,0.013032578856290077,2.5,96.0,21.0,6.8,3,8.264779,9.65,2025-11-02,Sunday,3,23
3.0,Sunday,4,13,12,urban,0.019484465441492436,-0.9,72.0,1.0,6.3,3,13.017777,9.5,2025-11-02,Sunday,3,23
3.0,Sunday,23,21,12,urban,0.013197389312188192,1.9,99.0,0.0,7.0,3,7.169381,7.15,2025-11-02,Sunday,3,23
3.0,Sunday,12,5,1,urban,0.01773941783147913,2.3,72.0,10.0,15.1,3,13.292256,10.6,2025-11-02,Sunday,3,23
3.0,Sunday,17,21,12,urban,0.011265333145986892,0.0,84.0,0.0,5.1,3,13.389928,9.06,2025-11-02,Sunday,3,23
3.0,Sunday,5,18,12,urban,0.009089677658819326,1.0,74.0,580.0,14.7,3,7.537275,22.72,2025-11-02,Sunday,3,23
3.0,Sunday,4,17,1,urban,0.014433068574091063,2.9,98.0,13.0,4.9,3,37.5113,12.98,2025-11-02,Sunday,3,23
3.0,Sunday,21,7,12,urban,0.009194029266150445,2.9,74.0,0.0,14.5,3,6.519159,21.71,2025-11-02,Sunday,3,23
3.0,Sunday,20,27,12,urban,0.05385972528184226,1.8,71.0,0.0,6.1,3,20.893231,9.57,2025-11-02,Sunday,3,23
3.0,Sunday,15,19,1,urban,0.028427095154365884,3.6,98.0,22.0,13.4,3,15.015575,28.36,2025-11-02,Sunday,3,23
3.0,Sunday,23,31,3,urban,0.027522057989528163,-0.9,83.0,21.0,25.9,3,12.900398,21.75,2025-11-02,Sunday,3,23
3.0,Sunday,22,13,3,urban,0.04903607858870092,-2.7,99.0,93.0,7.5,3,15.768702,3.46,2025-11-02,Sunday,3,23
3.0,Sunday,22,5,8,urban,0.03624826084552111,12.5,98.0,19.0,9.6,3,7.761762,26.56,2025-11-02,Sunday,3,23
3.0,Sunday,15,4,12,urban,0.051046671571629364,-6.0,97.0,240.0,22.1,3,16.935738,31.73,2025-11-02,Sunday,3,23
3.0,Sunday,4,5,2,urban,0.0354334578594233,13.3,76.0,21.0,15.2,3,2.0,8.87,2025-11-02,Sunday,3,23
3.0,Sunday,3,8,3,urban,0.014085495089760572,0.3,97.0,1.0,1.8,3,30.901219,14.04,2025-11-09,Sunday,3,21
3.0,Sunday,8,23,12,urban,0.05533306912159689,-5.9,92.0,18.0,5.0,3,37.804709,3.4,2025-11-09,Sunday,3,21
3.0,Sunday,20,9,12,urban,0.03192729016699483,1.7,100.0,0.0,6.0,3,8.283976,7.63,2025-11-09,Sunday,3,21
3.0,Sunday,21,8,12,urban,0.016968572816120544,-1.2,100.0,0.0,4.2,3,8.948735,18.88,2025-11-09,Sunday,3,21
3.0,Sunday,4,28,3,urban,0.032839727503651696,-2.4,50.0,18.0,6.2,3,18.837364,11.77,2025-11-09,Sunday,3,21
3.0,Sunday,21,31,2,urban,0.037032882644323965,1.5,100.0,1.0,16.3,3,40.301477,12.03,2025-11-09,Sunday,3,21
3.0,Sunday,3,30,12,urban,0.0352672029084878,-0.4,100.0,0.0,17.2,3,12.318156,19.01,2025-11-09,Sunday,3,21
3.0,Sunday,15,7,1,urban,0.041782276983248205,3.5,88.0,15.0,6.9,3,22.062441,7.67,2025-11-09,Sunday,3,21
3.0,Sunday,13,23,1,urban,0.016952731838210167,3.0,62.0,0.0,22.4,3,6.532898,6.98,2025-11-09,Sunday,3,21
3.0,Sunday,8,24,12,urban,0.053700315209334465,-12.9,82.0,220.0,4.7,3,17.844876,2.93,2025-11-09,Sunday,3,21
3.0,Sunday,17,9,8,urban,0.05107129106350457,13.3,92.0,16.0,8.5,3,9.33032,6.97,2025-11-09,Sunday,3,21
3.0,Sunday,22,23,9,urban,0.036640109418710556,13.0,93.0,0.0,6.5,3,9.473431,8.43,2025-11-09,Sunday,3,21
3.0,Sunday,21,21,6,urban,0.04081825190359879,-0.1,99.0,0.0,9.0,3,14.5728,13.34,2025-11-09,Sunday,3,21
3.0,Sunday,12,30,1,urban,0.0537533374847432,-6.3,94.0,0.0,17.6,3,14.025142,6.25,2025-11-09,Sunday,3,21
3.0,Sunday,7,5,12,urban,0.05548508376001876,-4.7,98.0,0.0,17.4,3,8.484504,10.14,2025-11-09,Sunday,3,21
3.0,Sunday,13,16,12,urban,0.02429994230356827,3.9,99.0,19.0,14.6,3,17.832219,11.96,2025-11-09,Sunday,3,21
3.0,Sunday,19,19,2,urban,0.037309458060185485,-6.3,82.0,0.0,5.8,3,14.137606,14.54,2025-11-09,Sunday,3,21
3.0,Sunday,22,3,12,urban,0.038489381141032425,-9.9,100.0,0.0,4.3,3,14.241055,7.15,2025-11-09,Sunday,3,21
3.0,Sunday,22,23,1,urban,0.008551276693285703,0.4,98.0,6.0,10.9,3,15.204695,15.85,2025-11-09,Sunday,3,21
3.0,Sunday,21,2,1,urban,0.05197706004818847,-11.1,99.0,0.0,27.6,3,10.904429,35.47,2025-11-09,Sunday,3,21
3.0,Sunday,4,21,1,urban,0.01864351832503348,-0.2,82.0,0.0,12.9,3,92.788639,11.48,2025-11-09,Sunday,3,21
3.0,Sunday,14,15,3,urban,0.023704969708103495,0.7,72.0,249.0,14.6,3,2.045546,7.32,2025-11-16,Sunday,3,20
3.0,Sunday,6,3,3,urban,0.035829928714169346,2.8,97.0,12.0,13.8,3,12.623014,3.75,2025-11-16,Sunday,3,20
3.0,Sunday,11,29,1,urban,0.0325978459414567,2.0,89.0,21.0,8.9,3,18.860094,8.81,2025-11-16,Sunday,3,20
3.0,Sunday,6,23,1,urban,0.026160238743525327,-0.2,99.0,56.0,17.7,3,20.294417,11.44,2025-11-16,Sunday,3,20
3.0,Sunday,17,11,2,urban,0.01682361491263682,-13.2,66.0,106.0,8.8,3,4.279155,8.95,2025-11-16,Sunday,3,20
3.0,Sunday,21,18,1,urban,0.012088961768816124,2.3,100.0,1.0,3.6,3,17.400557,13.58,2025-11-16,Sunday,3,20
3.0,Sunday,2,23,2,urban,0.015449302672469096,2.7,100.0,53.0,7.1,3,19.233008,23.77,2025-11-16,Sunday,3,20
3.0,Sunday,3,10,3,urban,0.03978376661644655,-1.9,86.0,1.0,15.5,3,15.968511,2.8,2025-11-16,Sunday,3,20
3.0,Sunday,22,10,12,urban,0.01581116873025319,-10.3,100.0,1.0,2.3,3,9.838913,13.55,2025-11-16,Sunday,3,20
3.0,Sunday,10,15,2,sub-urban,0.035313724996488216,-3.2,85.0,2.0,30.7,3,11.074343,22.55,2025-11-16,Sunday,3,20
3.0,Sunday,21,8,9,urban,0.020133758057275124,16.5,100.0,13.0,6.2,3,9.151298,5.63,2025-11-16,Sunday,3,20
3.0,Sunday,11,4,9,urban,0.02392148652881327,11.7,98.0,25.0,4.4,3,9.764893,22.26,2025-11-16,Sunday,3,20
3.0,Sunday,8,29,2,urban,0.033830493808413076,5.5,99.0,25.0,5.6,3,3.050745,13.77,2025-11-16,Sunday,3,20
3.0,Sunday,18,21,3,urban,0.018073159832115722,-2.1,99.0,44.0,6.7,3,7.691337,13.93,2025-11-16,Sunday,3,20
3.0,Sunday,4,1,2,urban,0.05375610281760667,0.7,99.0,0.0,14.8,3,37.031103,4.54,2025-11-16,Sunday,3,20
3.0,Sunday,23,20,12,urban,0.05280935184488786,1.0,99.0,15.0,11.1,3,11.538589,21.96,2025-11-16,Sunday,3,20
3.0,Sunday,16,17,1,urban,0.035663301437209576,0.2,99.0,0.0,7.9,3,3.649197,25.0,2025-11-16,Sunday,3,20
3.0,Sunday,4,4,5,urban,0.0060509540260803765,9.7,30.0,493.0,4.2,3,14.525095,13.68,2025-11-16,Sunday,3,20
3.0,Sunday,5,13,9,urban,0.018266026557157894,12.2,99.0,2.0,16.7,3,14.420093,37.36,2025-11-16,Sunday,3,20
3.0,Sunday,4,11,3,urban,0.004448260885864842,2.4,30.0,224.0,9.4,3,7.519478,15.35,2025-11-16,Sunday,3,20
3.0,Sunday,10,21,2,urban,0.001881870892572697,0.6,98.0,19.0,3.8,3,32.091543,20.14,2025-11-23,Sunday,3,19
3.0,Sunday,19,14,1,urban,0.042076102456809046,0.6,96.0,13.0,8.3,3,17.116001,11.12,2025-11-23,Sunday,3,19
3.0,Sunday,5,19,9,urban,0.019287989812060972,15.2,98.0,510.0,17.8,3,10.54425,36.7,2025-11-23,Sunday,3,19
3.0,Sunday,3,30,12,urban,0.04354222159303812,0.1,99.0,0.0,4.7,3,15.552319,9.15,2025-11-23,Sunday,3,19
3.0,Sunday,10,11,12,urban,0.05973279977053557,1.3,100.0,0.0,20.3,3,21.182443,17.1,2025-11-23,Sunday,3,19
3.0,Sunday,22,14,3,urban,0.06946215920541383,-8.6,73.0,0.0,7.1,3,12.057052,19.1,2025-11-23,Sunday,3,19
3.0,Sunday,3,15,12,urban,0.017528834650366407,6.1,98.0,0.0,6.5,3,10.750589,16.49,2025-11-23,Sunday,3,19
3.0,Sunday,15,3,12,urban,0.018438086622419924,6.0,99.0,0.0,3.7,3,3.020183,8.41,2025-11-23,Sunday,3,19
3.0,Sunday,9,8,2,urban,0.02376163974689143,1.7,77.0,228.0,14.8,3,8.676052,14.2,2025-11-23,Sunday,3,19
3.0,Sunday,22,5,12,urban,-0.0002671804004549267,0.7,100.0,0.0,12.7,3,31.372414,20.17,2025-11-23,Sunday,3,19
3.0,Sunday,18,27,1,urban,0.05463606577504434,0.4,82.0,16.0,8.0,3,15.21605,5.86,2025-11-23,Sunday,3,19
3.0,Sunday,22,15,12,urban,0.001762095270358624,1.4,95.0,19.0,12.4,3,74.659095,4.59,2025-11-23,Sunday,3,19
3.0,Sunday,19,13,1,urban,0.01695018023116647,1.6,92.0,1.0,14.1,3,32.982888,15.29,2025-11-23,Sunday,3,19
3.0,Sunday,19,27,1,urban,0.030914946446910688,-0.2,99.0,0.0,14.5,3,7.342821,13.04,2025-11-23,Sunday,3,19
3.0,Sunday,5,21,1,urban,0.0301616922028457,-2.7,100.0,21.0,4.9,3,13.799577,9.37,2025-11-23,Sunday,3,19
3.0,Sunday,22,10,12,urban,0.03630146915857471,3.3,94.0,0.0,8.2,3,8.760444,21.76,2025-11-23,Sunday,3,19
3.0,Sunday,4,15,2,urban,0.021415745674554183,0.2,100.0,53.0,4.4,3,18.826316,24.85,2025-11-23,Sunday,3,19
3.0,Sunday,13,3,1,urban,0.02346871124806276,2.0,96.0,22.0,13.3,3,10.386347,33.73,2025-11-23,Sunday,3,19
3.0,Sunday,11,21,3,urban,0.018843461058220413,2.7,70.0,10.0,3.3,3,3.228481,17.41,2025-11-23,Sunday,3,19
3.0,Sunday,4,14,2,urban,0.03791027405602154,-0.3,88.0,0.0,10.3,3,2.564131,2.3,2025-11-30,Sunday,3,18
3.0,Sunday,3,5,3,urban,0.014570092741284426,2.7,55.0,269.0,16.8,3,40.708557,15.32,2025-11-30,Sunday,3,18
3.0,Sunday,4,30,2,urban,0.019196345731391402,0.3,99.0,0.0,7.8,3,11.754859,7.06,2025-11-30,Sunday,3,18
3.0,Sunday,13,18,1,urban,0.030415790946592476,3.1,86.0,25.0,15.7,3,16.550601,5.57,2025-11-30,Sunday,3,18
3.0,Sunday,7,21,3,urban,0.02075106341539184,2.0,98.0,19.0,8.7,3,36.866447,36.51,2025-11-30,Sunday,3,18
3.0,Sunday,9,31,12,urban,0.03249208527772751,0.1,93.0,0.0,3.8,3,16.318742,16.0,2025-11-30,Sunday,3,18
3.0,Sunday,21,25,1,urban,0.02058876258564516,-0.3,94.0,1.0,14.5,3,5.373593,28.75,2025-11-30,Sunday,3,18
3.0,Sunday,21,28,8,urban,0.03192995901680829,-8.3,80.0,229.0,12.4,3,12.708939,41.57,2025-11-30,Sunday,3,18
3.0,Sunday,18,27,3,urban,0.005861232707327413,3.2,52.0,139.0,7.0,3,94.111487,8.39,2025-11-30,Sunday,3,18
3.0,Sunday,4,3,1,urban,0.011324845426162838,0.3,100.0,23.0,15.2,3,34.508611,7.03,2025-11-30,Sunday,3,18
3.0,Sunday,18,15,1,urban,0.014031948145391248,0.7,100.0,19.0,16.3,3,82.394276,13.82,2025-11-30,Sunday,3,18
3.0,Sunday,10,18,12,urban,0.045861400157450265,-0.5,99.0,0.0,11.1,3,17.090337,23.7,2025-11-30,Sunday,3,18
3.0,Sunday,15,22,1,urban,0.021473891107744808,1.9,99.0,17.0,15.3,3,33.15762,1.45,2025-11-30,Sunday,3,18
3.0,Sunday,15,15,12,urban,0.014673665385428174,-3.4,99.0,21.0,10.7,3,62.892504,28.16,2025-11-30,Sunday,3,18
3.0,Sunday,17,27,1,urban,0.020257132590279368,-0.5,100.0,12.0,8.0,3,13.63599,18.28,2025-11-30,Sunday,3,18
3.0,Sunday,17,24,2,urban,0.034710220588254175,2.9,84.0,27.0,16.2,3,11.731226,4.53,2025-11-30,Sunday,3,18
3.0,Sunday,5,27,1,urban,0.011041823924867357,1.3,94.0,0.0,8.2,3,56.075887,3.1,2025-11-30,Sunday,3,18
3.0,Sunday,4,4,9,urban,0.05195694392032143,-10.9,92.0,26.0,17.4,3,17.304958,8.29,2025-11-30,Sunday,3,18
3.0,Sunday,21,27,2,urban,0.02397102653054973,0.2,96.0,17.0,22.4,3,5.443382,44.95,2025-12-07,Sunday,3,14
3.0,Sunday,4,15,12,urban,0.051775934889491414,-11.9,93.0,18.0,2.1,3,7.918477,3.8,2025-12-07,Sunday,3,14
3.0,Sunday,21,15,1,urban,0.017555901718780565,0.2,96.0,19.0,14.9,3,6.425328,9.74,2025-12-07,Sunday,3,14
3.0,Sunday,16,20,1,urban,0.03688060028438426,1.8,91.0,26.0,13.4,3,2.0,7.83,2025-12-07,Sunday,3,14
3.0,Sunday,5,13,12,urban,0.003609911316366756,14.0,85.0,1.0,13.1,3,8.952002,5.93,2025-12-07,Sunday,3,14
3.0,Sunday,4,16,1,urban,0.025056208690299647,-4.1,99.0,21.0,13.8,3,37.893094,20.65,2025-12-07,Sunday,3,14
3.0,Sunday,18,27,1,urban,0.012480276805918723,1.7,96.0,24.0,16.5,3,23.519352,38.01,2025-12-07,Sunday,3,14
3.0,Sunday,3,30,12,urban,0.014829638025296698,0.8,97.0,0.0,4.3,3,12.016916,18.04,2025-12-07,Sunday,3,14
3.0,Sunday,6,10,3,urban,0.04071477144701371,-4.7,100.0,24.0,7.5,3,103.355475,13.06,2025-12-07,Sunday,3,14
3.0,Sunday,22,13,1,urban,0.013004230134712545,4.2,99.0,1.0,3.8,3,12.449938,14.81,2025-12-07,Sunday,3,14
3.0,Sunday,9,28,3,urban,0.06862363052888425,2.7,74.0,1.0,5.3,3,10.148308,13.04,2025-12-07,Sunday,3,14
3.0,Sunday,13,15,1,urban,0.009720277699981036,3.4,98.0,0.0,16.0,3,9.540017,6.45,2025-12-07,Sunday,3,14
3.0,Sunday,22,24,12,urban,0.0113036647655214,-1.8,99.0,0.0,6.9,3,9.000809,24.59,2025-12-07,Sunday,3,14
3.0,Sunday,11,21,3,urban,0.015219360683240899,1.2,55.0,20.0,16.3,3,17.068116,16.5,2025-12-07,Sunday,3,14
3.0,Sunday,15,15,2,urban,0.01255822889781003,3.3,99.0,19.0,4.9,3,75.603259,11.15,2025-12-14,Sunday,3,8
3.0,Sunday,18,8,3,urban,0.024431199293421645,1.8,95.0,67.0,4.2,3,13.563645,45.88,2025-12-14,Sunday,3,8
3.0,Sunday,5,10,2,urban,0.017157621527208317,0.5,98.0,0.0,8.2,3,90.519542,29.79,2025-12-14,Sunday,3,8
3.0,Sunday,22,6,12,urban,0.0374492458483306,-6.9,69.0,0.0,6.7,3,13.579054,9.72,2025-12-14,Sunday,3,8
3.0,Sunday,22,12,10,urban,0.010290311880154057,-1.7,100.0,0.0,26.9,3,82.502813,9.18,2025-12-14,Sunday,3,8
3.0,Sunday,16,29,2,urban,0.00446556978105889,1.4,94.0,0.0,7.6,3,14.450371,10.99,2025-12-14,Sunday,3,8
3.0,Sunday,6,26,3,urban,0.029257852962364793,1.8,58.0,26.0,4.6,3,13.82754,8.93,2025-12-14,Sunday,3,8
3.0,Sunday,15,14,1,urban,0.013026417242093163,1.6,98.0,1.0,14.7,3,19.868114,7.05,2025-12-14,Sunday,3,8
3.0,Sunday,23,13,12,urban,0.0515020067829721,-11.5,100.0,0.0,16.0,3,13.522017,17.26,2025-12-21,Sunday,3,12
3.0,Sunday,21,13,3,urban,0.00916114175059744,3.6,55.0,0.0,16.0,3,16.716831,8.97,2025-12-21,Sunday,3,12
3.0,Sunday,21,17,12,urban,0.05360172403959807,-3.2,79.0,0.0,12.1,3,17.631731,9.9,2025-12-21,Sunday,3,12
3.0,Sunday,5,24,1,urban,0.008443671343917734,-1.0,69.0,18.0,18.8,3,7.739471,40.53,2025-12-21,Sunday,3,12
3.0,Sunday,4,29,1,urban,0.03957910953239034,1.3,43.0,234.0,5.4,3,19.279663,7.02,2025-12-21,Sunday,3,12
3.0,Sunday,5,8,3,urban,0.011878431231563739,3.2,75.0,2.0,5.9,3,6.362459,7.47,2025-12-21,Sunday,3,12
3.0,Sunday,21,13,1,urban,0.015307651749336789,1.6,100.0,0.0,10.1,3,19.373095,13.64,2025-12-21,Sunday,3,12
3.0,Sunday,18,6,3,urban,0.043285344098284884,2.7,68.0,253.0,8.3,3,16.821527,2.99,2025-12-21,Sunday,3,12
3.0,Sunday,10,15,3,urban,0.052655517940319786,-3.7,72.0,0.0,6.4,3,10.938839,2.22,2025-12-21,Sunday,3,12
3.0,Sunday,15,17,1,urban,0.013852152134318075,1.8,56.0,12.0,13.5,3,12.93397,3.96,2025-12-21,Sunday,3,12
3.0,Sunday,16,1,12,urban,0.036300352312810806,3.8,100.0,14.0,6.1,3,16.634125,12.54,2025-12-21,Sunday,3,12
3.0,Sunday,16,12,1,urban,0.06694498463986565,2.2,98.0,2.0,13.6,3,13.253854,4.56,2025-12-21,Sunday,3,12
