plugin_hour,connection_time,energy_session,season,weekday_group,location_group,__date__,__weekday_group__,__season__,__count__
15,120.0,150.0,0,Mon-Th,3,2025-01-01,Mon-Th,0,3
15,120.0,0.5,0,Mon-Th,3,2025-01-01,Mon-Th,0,3
20,0.03333333333333333,0.5,0,Mon-Th,3,2025-01-01,Mon-Th,0,3
16,0.03333333333333333,150.0,0,Mon-Th,3,2025-01-02,Mon-Th,0,7
16,120.0,150.0,0,Mon-Th,3,2025-01-02,Mon-Th,0,7
16,120.0,0.5,0,Mon-Th,3,2025-01-02,Mon-Th,0,7
22,120.0,0.5,0,Mon-Th,3,2025-01-02,Mon-Th,0,7
16,0.03333333333333333,150.0,0,Mon-Th,3,2025-01-02,Mon-Th,0,7
16,120.0,0.5,0,Mon-Th,3,2025-01-02,Mon-Th,0,7
3,0.03333333333333333,150.0,0,Mon-Th,3,2025-01-02,Mon-Th,0,7
22,120.0,0.5,0,Mon-Th,3,2025-01-06,Mon-Th,0,2
18,0.03333333333333333,0.5,0,Mon-Th,3,2025-01-06,Mon-Th,0,2
17,0.03333333333333333,150.0,0,Mon-Th,3,2025-01-07,Mon-Th,0,6
16,0.03333333333333333,150.0,0,Mon-Th,3,2025-01-07,Mon-Th,0,6
16,0.03333333333333333,150.0,0,Mon-Th,3,2025-01-07,Mon-Th,0,6
18,0.03333333333333333,0.5,0,Mon-Th,3,2025-01-07,Mon-Th,0,6
14,120.0,150.0,0,Mon-Th,3,2025-01-07,Mon-Th,0,6
20,120.0,150.0,0,Mon-Th,3,2025-01-07,Mon-Th,0,6
18,0.03333333333333333,0.5,0,Mon-Th,3,2025-01-08,Mon-Th,0,5
16,0.03333333333333333,150.0,0,Mon-Th,3,2025-01-08,Mon-Th,0,5
16,0.03333333333333333,150.0,0,Mon-Th,3,2025-01-08,Mon-Th,0,5
16,0.03333333333333333,150.0,0,Mon-Th,3,2025-01-08,Mon-Th,0,5
23,0.03333333333333333,150.0,0,Mon-Th,3,2025-01-08,Mon-Th,0,5
13,0.03333333333333333,0.5,0,Mon-Th,3,2025-01-09,Mon-Th,0,8
16,0.03333333333333333,150.0,0,Mon-Th,3,2025-01-09,Mon-Th,0,8
21,120.0,150.0,0,Mon-Th,3,2025-01-09,Mon-Th,0,8
16,0.03333333333333333,150.0,0,Mon-Th,3,2025-01-09,Mon-Th,0,8
12,120.0,150.0,0,Mon-Th,3,2025-01-09,Mon-Th,0,8
21,0.03333333333333333,0.5,0,Mon-Th,3,2025-01-09,Mon-Th,0,8
22,0.03333333333333333,0.5,0,Mon-Th,3,2025-01-09,Mon-Th,0,8
16,0.03333333333333333,0.5,0,Mon-Th,3,2025-01-09,Mon-Th,0,8
16,0.03333333333333333,150.0,0,Mon-Th,3,2025-01-13,Mon-Th,0,10
12,0.03333333333333333,150.0,0,Mon-Th,3,2025-01-13,Mon-Th,0,10
16,0.03333333333333333,150.0,0,Mon-Th,3,2025-01-13,Mon-Th,0,10
16,120.0,0.5,0,Mon-Th,3,2025-01-13,Mon-Th,0,10
20,0.03333333333333333,0.5,0,Mon-Th,3,2025-01-13,Mon-Th,0,10
18,0.03333333333333333,0.5,0,Mon-Th,3,2025-01-13,Mon-Th,0,10
17,0.03333333333333333,0.5,0,Mon-Th,3,2025-01-13,Mon-Th,0,10
16,0.03333333333333333,150.0,0,Mon-Th,3,2025-01-13,Mon-Th,0,10
17,0.03333333333333333,0.5,0,Mon-Th,3,2025-01-13,Mon-Th,0,10
20,0.03333333333333333,0.5,0,Mon-Th,3,2025-01-13,Mon-Th,0,10
12,0.03333333333333333,0.5,0,Mon-Th,3,2025-01-14,Mon-Th,0,9
15,120.0,150.0,0,Mon-Th,3,2025-01-14,Mon-Th,0,9
12,120.0,150.0,0,Mon-Th,3,2025-01-14,Mon-Th,0,9
16,120.0,0.5,0,Mon-Th,3,2025-01-14,Mon-Th,0,9
17,0.03333333333333333,0.5,0,Mon-Th,3,2025-01-14,Mon-Th,0,9
12,120.0,150.0,0,Mon-Th,3,2025-01-14,Mon-Th,0,9
20,0.03333333333333333,0.5,0,Mon-Th,3,2025-01-14,Mon-Th,0,9
15,120.0,0.5,0,Mon-Th,3,2025-01-14,Mon-Th,0,9
19,120.0,150.0,0,Mon-Th,3,2025-01-14,Mon-Th,0,9
16,120.0,0.5,0,Mon-Th,3,2025-01-15,Mon-Th,0,5
20,120.0,0.5,0,Mon-Th,3,2025-01-15,Mon-Th,0,5
19,0.03333333333333333,0.5,0,Mon-Th,3,2025-01-15,Mon-Th,0,5
16,120.0,0.5,0,Mon-Th,3,2025-01-15,Mon-Th,0,5
8,0.03333333333333333,0.5,0,Mon-Th,3,2025-01-15,Mon-Th,0,5
16,120.0,150.0,0,Mon-Th,3,2025-01-16,Mon-Th,0,5
19,0.03333333333333333,0.5,0,Mon-Th,3,2025-01-16,Mon-Th,0,5
16,0.03333333333333333,150.0,0,Mon-Th,3,2025-01-16,Mon-Th,0,5
16,120.0,0.5,0,Mon-Th,3,2025-01-16,Mon-Th,0,5
10,0.03333333333333333,150.0,0,Mon-Th,3,2025-01-16,Mon-Th,0,5
16,120.0,150.0,0,Mon-Th,3,2025-01-20,Mon-Th,0,6
11,0.03333333333333333,150.0,0,Mon-Th,3,2025-01-20,Mon-Th,0,6
15,120.0,150.0,0,Mon-Th,3,2025-01-20,Mon-Th,0,6
16,0.03333333333333333,150.0,0,Mon-Th,3,2025-01-20,Mon-Th,0,6
21,0.03333333333333333,0.5,0,Mon-Th,3,2025-01-20,Mon-Th,0,6
17,120.0,0.5,0,Mon-Th,3,2025-01-20,Mon-Th,0,6
22,120.0,150.0,0,Mon-Th,3,2025-01-21,Mon-Th,0,9
16,120.0,0.5,0,Mon-Th,3,2025-01-21,Mon-Th,0,9
16,120.0,150.0,0,Mon-Th,3,2025-01-21,Mon-Th,0,9
9,120.0,150.0,0,Mon-Th,3,2025-01-21,Mon-Th,0,9
21,120.0,150.0,0,Mon-Th,3,2025-01-21,Mon-Th,0,9
20,120.0,150.0,0,Mon-Th,3,2025-01-21,Mon-Th,0,9
18,120.0,150.0,0,Mon-Th,3,2025-01-21,Mon-Th,0,9
15,0.03333333333333333,150.0,0,Mon-Th,3,2025-01-21,Mon-Th,0,9
16,120.0,150.0,0,Mon-Th,3,2025-01-21,Mon-Th,0,9
12,120.0,150.0,0,Mon-Th,3,2025-01-22,Mon-Th,0,3
16,0.03333333333333333,150.0,0,Mon-Th,3,2025-01-22,Mon-Th,0,3
19,0.03333333333333333,0.5,0,Mon-Th,3,2025-01-22,Mon-Th,0,3
11,120.0,0.5,0,Mon-Th,3,2025-01-23,Mon-Th,0,4
13,120.0,0.5,0,Mon-Th,3,2025-01-23,Mon-Th,0,4
16,0.03333333333333333,150.0,0,Mon-Th,3,2025-01-23,Mon-Th,0,4
16,0.03333333333333333,150.0,0,Mon-Th,3,2025-01-23,Mon-Th,0,4
16,0.03333333333333333,150.0,0,Mon-Th,3,2025-01-27,Mon-Th,0,5
12,120.0,150.0,0,Mon-Th,3,2025-01-27,Mon-Th,0,5
16,0.03333333333333333,150.0,0,Mon-Th,3,2025-01-27,Mon-Th,0,5
16,120.0,0.5,0,Mon-Th,3,2025-01-27,Mon-Th,0,5
16,120.0,150.0,0,Mon-Th,3,2025-01-27,Mon-Th,0,5
19,120.0,0.5,0,Mon-Th,3,2025-01-28,Mon-Th,0,9
16,0.03333333333333333,150.0,0,Mon-Th,3,2025-01-28,Mon-Th,0,9
20,0.03333333333333333,0.5,0,Mon-Th,3,2025-01-28,Mon-Th,0,9
11,120.0,150.0,0,Mon-Th,3,2025-01-28,Mon-Th,0,9
18,120.0,0.5,0,Mon-Th,3,2025-01-28,Mon-Th,0,9
17,120.0,0.5,0,Mon-Th,3,2025-01-28,Mon-Th,0,9
16,0.03333333333333333,0.5,0,Mon-Th,3,2025-01-28,Mon-Th,0,9
17,0.03333333333333333,0.5,0,Mon-Th,3,2025-01-28,Mon-Th,0,9
20,120.0,0.5,0,Mon-Th,3,2025-01-28,Mon-Th,0,9
21,120.0,0.5,0,Mon-Th,3,2025-01-29,Mon-Th,0,7
16,0.03333333333333333,150.0,0,Mon-Th,3,2025-01-29,Mon-Th,0,7
12,120.0,0.5,0,Mon-Th,3,2025-01-29,Mon-Th,0,7
16,0.03333333333333333,0.5,0,Mon-Th,3,2025-01-29,Mon-Th,0,7
14,0.03333333333333333,0.5,0,Mon-Th,3,2025-01-29,Mon-Th,0,7
16,120.0,150.0,0,Mon-Th,3,2025-01-29,Mon-Th,0,7
16,0.03333333333333333,0.5,0,Mon-Th,3,2025-01-29,Mon-Th,0,7
14,0.03333333333333333,150.0,0,Mon-Th,3,2025-01-30,Mon-Th,0,11
16,120.0,150.0,0,Mon-Th,3,2025-01-30,Mon-Th,0,11
16,0.03333333333333333,150.0,0,Mon-Th,3,2025-01-30,Mon-Th,0,11
20,120.0,0.5,0,Mon-Th,3,2025-01-30,Mon-Th,0,11
12,120.0,150.0,0,Mon-Th,3,2025-01-30,Mon-Th,0,11
12,0.03333333333333333,150.0,0,Mon-Th,3,2025-01-30,Mon-Th,0,11
23,120.0,0.5,0,Mon-Th,3,2025-01-30,Mon-Th,0,11
9,120.0,0.5,0,Mon-Th,3,2025-01-30,Mon-Th,0,11
16,0.03333333333333333,0.5,0,Mon-Th,3,2025-01-30,Mon-Th,0,11
14,0.03333333333333333,0.5,0,Mon-Th,3,2025-01-30,Mon-Th,0,11
16,0.03333333333333333,0.5,0,Mon-Th,3,2025-01-30,Mon-Th,0,11
17,120.0,150.0,0,Mon-Th,3,2025-02-03,Mon-Th,0,10
16,0.03333333333333333,0.5,0,Mon-Th,3,2025-02-03,Mon-Th,0,10
14,0.03333333333333333,0.5,0,Mon-Th,3,2025-02-03,Mon-Th,0,10
14,120.0,0.5,0,Mon-Th,3,2025-02-03,Mon-Th,0,10
16,120.0,0.5,0,Mon-Th,3,2025-02-03,Mon-Th,0,10
14,120.0,0.5,0,Mon-Th,3,2025-02-03,Mon-Th,0,10
18,0.03333333333333333,150.0,0,Mon-Th,3,2025-02-03,Mon-Th,0,10
14,0.03333333333333333,0.5,0,Mon-Th,3,2025-02-03,Mon-Th,0,10
15,120.0,150.0,0,Mon-Th,3,2025-02-03,Mon-Th,0,10
19,120.0,150.0,0,Mon-Th,3,2025-02-03,Mon-Th,0,10
16,120.0,150.0,0,Mon-Th,3,2025-02-04,Mon-Th,0,9
15,120.0,150.0,0,Mon-Th,3,2025-02-04,Mon-Th,0,9
16,120.0,0.5,0,Mon-Th,3,2025-02-04,Mon-Th,0,9
15,120.0,0.5,0,Mon-Th,3,2025-02-04,Mon-Th,0,9
16,0.03333333333333333,150.0,0,Mon-Th,3,2025-02-04,Mon-Th,0,9
20,0.03333333333333333,0.5,0,Mon-Th,3,2025-02-04,Mon-Th,0,9
17,120.0,0.5,0,Mon-Th,3,2025-02-04,Mon-Th,0,9
16,120.0,150.0,0,Mon-Th,3,2025-02-04,Mon-Th,0,9
16,120.0,0.5,0,Mon-Th,3,2025-02-04,Mon-Th,0,9
16,0.03333333333333333,150.0,0,Mon-Th,3,2025-02-05,Mon-Th,0,6
16,0.03333333333333333,0.5,0,Mon-Th,3,2025-02-05,Mon-Th,0,6
16,0.03333333333333333,150.0,0,Mon-Th,3,2025-02-05,Mon-Th,0,6
8,0.03333333333333333,0.5,0,Mon-Th,3,2025-02-05,Mon-Th,0,6
16,0.03333333333333333,0.5,0,Mon-Th,3,2025-02-05,Mon-Th,0,6
16,120.0,150.0,0,Mon-Th,3,2025-02-05,Mon-Th,0,6
1,0.03333333333333333,0.5,0,Mon-Th,3,2025-02-06,Mon-Th,0,10
16,120.0,0.5,0,Mon-Th,3,2025-02-06,Mon-Th,0,10
16,120.0,150.0,0,Mon-Th,3,2025-02-06,Mon-Th,0,10
16,0.03333333333333333,150.0,0,Mon-Th,3,2025-02-06,Mon-Th,0,10
17,120.0,150.0,0,Mon-Th,3,2025-02-06,Mon-Th,0,10
16,0.03333333333333333,150.0,0,Mon-Th,3,2025-02-06,Mon-Th,0,10
16,120.0,0.5,0,Mon-Th,3,2025-02-06,Mon-Th,0,10
16,120.0,150.0,0,Mon-Th,3,2025-02-06,Mon-Th,0,10
22,0.03333333333333333,0.5,0,Mon-Th,3,2025-02-06,Mon-Th,0,10
12,0.03333333333333333,150.0,0,Mon-Th,3,2025-02-06,Mon-Th,0,10
16,120.0,0.5,0,Mon-Th,3,2025-02-10,Mon-Th,0,7
14,120.0,0.5,0,Mon-Th,3,2025-02-10,Mon-Th,0,7
16,120.0,150.0,0,Mon-Th,3,2025-02-10,Mon-Th,0,7
16,0.03333333333333333,0.5,0,Mon-Th,3,2025-02-10,Mon-Th,0,7
17,0.03333333333333333,150.0,0,Mon-Th,3,2025-02-10,Mon-Th,0,7
16,0.03333333333333333,150.0,0,Mon-Th,3,2025-02-10,Mon-Th,0,7
16,0.03333333333333333,150.0,0,Mon-Th,3,2025-02-10,Mon-Th,0,7
9,0.03333333333333333,0.5,0,Mon-Th,3,2025-02-11,Mon-Th,0,11
16,0.03333333333333333,150.0,0,Mon-Th,3,2025-02-11,Mon-Th,0,11
16,0.03333333333333333,150.0,0,Mon-Th,3,2025-02-11,Mon-Th,0,11
16,120.0,150.0,0,Mon-Th,3,2025-02-11,Mon-Th,0,11
12,0.03333333333333333,0.5,0,Mon-Th,3,2025-02-11,Mon-Th,0,11
16,0.03333333333333333,0.5,0,Mon-Th,3,2025-02-11,Mon-Th,0,11
13,120.0,0.5,0,Mon-Th,3,2025-02-11,Mon-Th,0,11
16,0.03333333333333333,150.0,0,Mon-Th,3,2025-02-11,Mon-Th,0,11
21,120.0,150.0,0,Mon-Th,3,2025-02-11,Mon-Th,0,11
16,0.03333333333333333,0.5,0,Mon-Th,3,2025-02-11,Mon-Th,0,11
16,0.03333333333333333,0.5,0,Mon-Th,3,2025-02-11,Mon-Th,0,11
0,0.03333333333333333,0.5,0,Mon-Th,3,2025-02-12,Mon-Th,0,7
14,120.0,0.5,0,Mon-Th,3,2025-02-12,Mon-Th,0,7
19,0.03333333333333333,150.0,0,Mon-Th,3,2025-02-12,Mon-Th,0,7
16,0.03333333333333333,150.0,0,Mon-Th,3,2025-02-12,Mon-Th,0,7
12,120.0,150.0,0,Mon-Th,3,2025-02-12,Mon-Th,0,7
12,120.0,0.5,0,Mon-Th,3,2025-02-12,Mon-Th,0,7
9,120.0,0.5,0,Mon-Th,3,2025-02-12,Mon-Th,0,7
16,0.03333333333333333,0.5,0,Mon-Th,3,2025-02-13,Mon-Th,0,14
16,0.03333333333333333,150.0,0,Mon-Th,3,2025-02-13,Mon-Th,0,14
14,0.03333333333333333,0.5,0,Mon-Th,3,2025-02-13,Mon-Th,0,14
16,120.0,150.0,0,Mon-Th,3,2025-02-13,Mon-Th,0,14
15,120.0,0.5,0,Mon-Th,3,2025-02-13,Mon-Th,0,14
16,120.0,150.0,0,Mon-Th,3,2025-02-13,Mon-Th,0,14
16,120.0,150.0,0,Mon-Th,3,2025-02-13,Mon-Th,0,14
18,0.03333333333333333,0.5,0,Mon-Th,3,2025-02-13,Mon-Th,0,14
16,0.03333333333333333,0.5,0,Mon-Th,3,2025-02-13,Mon-Th,0,14
14,0.03333333333333333,0.5,0,Mon-Th,3,2025-02-13,Mon-Th,0,14
11,0.03333333333333333,150.0,0,Mon-Th,3,2025-02-13,Mon-Th,0,14
17,0.03333333333333333,0.5,0,Mon-Th,3,2025-02-13,Mon-Th,0,14
4,120.0,0.5,0,Mon-Th,3,2025-02-13,Mon-Th,0,14
15,0.03333333333333333,150.0,0,Mon-Th,3,2025-02-13,Mon-Th,0,14
16,120.0,150.0,0,Mon-Th,3,2025-02-17,Mon-Th,0,15
22,0.03333333333333333,0.5,0,Mon-Th,3,2025-02-17,Mon-Th,0,15
18,0.03333333333333333,0.5,0,Mon-Th,3,2025-02-17,Mon-Th,0,15
4,120.0,0.5,0,Mon-Th,3,2025-02-17,Mon-Th,0,15
16,0.03333333333333333,0.5,0,Mon-Th,3,2025-02-17,Mon-Th,0,15
21,120.0,0.5,0,Mon-Th,3,2025-02-17,Mon-Th,0,15
16,0.03333333333333333,0.5,0,Mon-Th,3,2025-02-17,Mon-Th,0,15
18,120.0,0.5,0,Mon-Th,3,2025-02-17,Mon-Th,0,15
16,120.0,150.0,0,Mon-Th,3,2025-02-17,Mon-Th,0,15
16,0.03333333333333333,150.0,0,Mon-Th,3,2025-02-17,Mon-Th,0,15
16,120.0,150.0,0,Mon-Th,3,2025-02-17,Mon-Th,0,15
15,120.0,150.0,0,Mon-Th,3,2025-02-17,Mon-Th,0,15
14,0.03333333333333333,150.0,0,Mon-Th,3,2025-02-17,Mon-Th,0,15
17,120.0,0.5,0,Mon-Th,3,2025-02-17,Mon-Th,0,15
16,120.0,0.5,0,Mon-Th,3,2025-02-17,Mon-Th,0,15
12,120.0,0.5,0,Mon-Th,3,2025-02-18,Mon-Th,0,6
22,120.0,150.0,0,Mon-Th,3,2025-02-18,Mon-Th,0,6
2,0.03333333333333333,150.0,0,Mon-Th,3,2025-02-18,Mon-Th,0,6
17,120.0,150.0,0,Mon-Th,3,2025-02-18,Mon-Th,0,6
21,0.03333333333333333,0.5,0,Mon-Th,3,2025-02-18,Mon-Th,0,6
16,120.0,150.0,0,Mon-Th,3,2025-02-18,Mon-Th,0,6
16,120.0,150.0,0,Mon-Th,3,2025-02-19,Mon-Th,0,3
21,0.03333333333333333,150.0,0,Mon-Th,3,2025-02-19,Mon-Th,0,3
12,120.0,150.0,0,Mon-Th,3,2025-02-19,Mon-Th,0,3
16,120.0,150.0,0,Mon-Th,3,2025-02-20,Mon-Th,0,9
16,0.03333333333333333,150.0,0,Mon-Th,3,2025-02-20,Mon-Th,0,9
16,0.03333333333333333,0.5,0,Mon-Th,3,2025-02-20,Mon-Th,0,9
15,120.0,0.5,0,Mon-Th,3,2025-02-20,Mon-Th,0,9
16,120.0,150.0,0,Mon-Th,3,2025-02-20,Mon-Th,0,9
17,0.03333333333333333,150.0,0,Mon-Th,3,2025-02-20,Mon-Th,0,9
16,0.03333333333333333,150.0,0,Mon-Th,3,2025-02-20,Mon-Th,0,9
23,120.0,0.5,0,Mon-Th,3,2025-02-20,Mon-Th,0,9
22,0.03333333333333333,0.5,0,Mon-Th,3,2025-02-20,Mon-Th,0,9
1,120.0,150.0,0,Mon-Th,3,2025-02-24,Mon-Th,0,8
19,0.03333333333333333,0.5,0,Mon-Th,3,2025-02-24,Mon-Th,0,8
14,120.0,150.0,0,Mon-Th,3,2025-02-24,Mon-Th,0,8
16,0.03333333333333333,0.5,0,Mon-Th,3,2025-02-24,Mon-Th,0,8
16,0.03333333333333333,0.5,0,Mon-Th,3,2025-02-24,Mon-Th,0,8
16,0.03333333333333333,150.0,0,Mon-Th,3,2025-02-24,Mon-Th,0,8
16,0.03333333333333333,150.0,0,Mon-Th,3,2025-02-24,Mon-Th,0,8
22,120.0,0.5,0,Mon-Th,3,2025-02-24,Mon-Th,0,8
18,120.0,150.0,0,Mon-Th,3,2025-02-25,Mon-Th,0,6
0,0.03333333333333333,0.5,0,Mon-Th,3,2025-02-25,Mon-Th,0,6
16,120.0,150.0,0,Mon-Th,3,2025-02-25,Mon-Th,0,6
10,120.0,0.5,0,Mon-Th,3,2025-02-25,Mon-Th,0,6
3,120.0,0.5,0,Mon-Th,3,2025-02-25,Mon-Th,0,6
16,0.03333333333333333,150.0,0,Mon-Th,3,2025-02-25,Mon-Th,0,6
16,120.0,0.5,0,Mon-Th,3,2025-02-26,Mon-Th,0,4
13,0.03333333333333333,150.0,0,Mon-Th,3,2025-02-26,Mon-Th,0,4
22,120.0,0.5,0,Mon-Th,3,2025-02-26,Mon-Th,0,4
20,120.0,0.5,0,Mon-Th,3,2025-02-26,Mon-Th,0,4
16,120.0,150.0,0,Mon-Th,3,2025-02-27,Mon-Th,0,5
12,120.0,0.5,0,Mon-Th,3,2025-02-27,Mon-Th,0,5
21,120.0,150.0,0,Mon-Th,3,2025-02-27,Mon-Th,0,5
16,0.03333333333333333,150.0,0,Mon-Th,3,2025-02-27,Mon-Th,0,5
15,120.0,0.5,0,Mon-Th,3,2025-02-27,Mon-Th,0,5
12,120.0,0.5,0,Mon-Th,3,2025-03-03,Mon-Th,0,4
5,120.0,150.0,0,Mon-Th,3,2025-03-03,Mon-Th,0,4
16,120.0,150.0,0,Mon-Th,3,2025-03-03,Mon-Th,0,4
13,120.0,0.5,0,Mon-Th,3,2025-03-03,Mon-Th,0,4
16,120.0,0.5,0,Mon-Th,3,2025-03-04,Mon-Th,0,4
16,120.0,0.5,0,Mon-Th,3,2025-03-04,Mon-Th,0,4
20,0.03333333333333333,0.5,0,Mon-Th,3,2025-03-04,Mon-Th,0,4
15,120.0,150.0,0,Mon-Th,3,2025-03-04,Mon-Th,0,4
22,120.0,0.5,0,Mon-Th,3,2025-03-05,Mon-Th,0,6
16,120.0,0.5,0,Mon-Th,3,2025-03-05,Mon-Th,0,6
0,120.0,150.0,0,Mon-Th,3,2025-03-05,Mon-Th,0,6
12,120.0,0.5,0,Mon-Th,3,2025-03-05,Mon-Th,0,6
16,0.03333333333333333,150.0,0,Mon-Th,3,2025-03-05,Mon-Th,0,6
17,0.03333333333333333,0.5,0,Mon-Th,3,2025-03-05,Mon-Th,0,6
16,0.03333333333333333,150.0,0,Mon-Th,3,2025-03-06,Mon-Th,0,9
18,120.0,150.0,0,Mon-Th,3,2025-03-06,Mon-Th,0,9
12,120.0,150.0,0,Mon-Th,3,2025-03-06,Mon-Th,0,9
12,120.0,0.5,0,Mon-Th,3,2025-03-06,Mon-Th,0,9
22,120.0,150.0,0,Mon-Th,3,2025-03-06,Mon-Th,0,9
11,120.0,150.0,0,Mon-Th,3,2025-03-06,Mon-Th,0,9
11,0.03333333333333333,150.0,0,Mon-Th,3,2025-03-06,Mon-Th,0,9
14,0.03333333333333333,150.0,0,Mon-Th,3,2025-03-06,Mon-Th,0,9
16,0.03333333333333333,0.5,0,Mon-Th,3,2025-03-06,Mon-Th,0,9
20,0.03333333333333333,0.5,0,Mon-Th,3,2025-03-10,Mon-Th,0,9
21,0.03333333333333333,0.5,0,Mon-Th,3,2025-03-10,Mon-Th,0,9
16,120.0,150.0,0,Mon-Th,3,2025-03-10,Mon-Th,0,9
14,0.03333333333333333,150.0,0,Mon-Th,3,2025-03-10,Mon-Th,0,9
0,0.03333333333333333,150.0,0,Mon-Th,3,2025-03-10,Mon-Th,0,9
22,120.0,150.0,0,Mon-Th,3,2025-03-10,Mon-Th,0,9
14,120.0,150.0,0,Mon-Th,3,2025-03-10,Mon-Th,0,9
23,0.03333333333333333,150.0,0,Mon-Th,3,2025-03-10,Mon-Th,0,9
18,120.0,0.5,0,Mon-Th,3,2025-03-10,Mon-Th,0,9
19,120.0,150.0,0,Mon-Th,3,2025-03-11,Mon-Th,0,8
17,0.03333333333333333,0.5,0,Mon-Th,3,2025-03-11,Mon-Th,0,8
16,0.03333333333333333,150.0,0,Mon-Th,3,2025-03-11,Mon-Th,0,8
12,120.0,0.5,0,Mon-Th,3,2025-03-11,Mon-Th,0,8
16,120.0,150.0,0,Mon-Th,3,2025-03-11,Mon-Th,0,8
16,120.0,150.0,0,Mon-Th,3,2025-03-11,Mon-Th,0,8
17,0.03333333333333333,150.0,0,Mon-Th,3,2025-03-11,Mon-Th,0,8
16,120.0,150.0,0,Mon-Th,3,2025-03-11,Mon-Th,0,8
16,0.03333333333333333,0.5,0,Mon-Th,3,2025-03-12,Mon-Th,0,7
16,0.03333333333333333,0.5,0,Mon-Th,3,2025-03-12,Mon-Th,0,7
16,0.03333333333333333,150.0,0,Mon-Th,3,2025-03-12,Mon-Th,0,7
22,0.03333333333333333,150.0,0,Mon-Th,3,2025-03-12,Mon-Th,0,7
16,120.0,150.0,0,Mon-Th,3,2025-03-12,Mon-Th,0,7
16,120.0,150.0,0,Mon-Th,3,2025-03-12,Mon-Th,0,7
16,120.0,150.0,0,Mon-Th,3,2025-03-12,Mon-Th,0,7
16,120.0,0.5,0,Mon-Th,3,2025-03-13,Mon-Th,0,4
16,120.0,150.0,0,Mon-Th,3,2025-03-13,Mon-Th,0,4
16,0.03333333333333333,0.5,0,Mon-Th,3,2025-03-13,Mon-Th,0,4
16,120.0,150.0,0,Mon-Th,3,2025-03-13,Mon-Th,0,4
11,120.0,0.5,0,Mon-Th,3,2025-03-17,Mon-Th,0,12
12,120.0,150.0,0,Mon-Th,3,2025-03-17,Mon-Th,0,12
12,120.0,150.0,0,Mon-Th,3,2025-03-17,Mon-Th,0,12
14,0.03333333333333333,0.5,0,Mon-Th,3,2025-03-17,Mon-Th,0,12
20,0.03333333333333333,0.5,0,Mon-Th,3,2025-03-17,Mon-Th,0,12
16,0.03333333333333333,150.0,0,Mon-Th,3,2025-03-17,Mon-Th,0,12
14,0.03333333333333333,0.5,0,Mon-Th,3,2025-03-17,Mon-Th,0,12
16,0.03333333333333333,0.5,0,Mon-Th,3,2025-03-17,Mon-Th,0,12
14,120.0,150.0,0,Mon-Th,3,2025-03-17,Mon-Th,0,12
16,120.0,0.5,0,Mon-Th,3,2025-03-17,Mon-Th,0,12
19,120.0,0.5,0,Mon-Th,3,2025-03-17,Mon-Th,0,12
16,120.0,0.5,0,Mon-Th,3,2025-03-17,Mon-Th,0,12
23,0.03333333333333333,0.5,0,Mon-Th,3,2025-03-18,Mon-Th,0,6
23,120.0,0.5,0,Mon-Th,3,2025-03-18,Mon-Th,0,6
14,120.0,0.5,0,Mon-Th,3,2025-03-18,Mon-Th,0,6
19,120.0,150.0,0,Mon-Th,3,2025-03-18,Mon-Th,0,6
0,0.03333333333333333,150.0,0,Mon-Th,3,2025-03-18,Mon-Th,0,6
12,120.0,150.0,0,Mon-Th,3,2025-03-18,Mon-Th,0,6
18,0.03333333333333333,0.5,0,Mon-Th,3,2025-03-19,Mon-Th,0,9
16,0.03333333333333333,0.5,0,Mon-Th,3,2025-03-19,Mon-Th,0,9
16,0.03333333333333333,0.5,0,Mon-Th,3,2025-03-19,Mon-Th,0,9
16,120.0,0.5,0,Mon-Th,3,2025-03-19,Mon-Th,0,9
16,0.03333333333333333,0.5,0,Mon-Th,3,2025-03-19,Mon-Th,0,9
12,120.0,150.0,0,Mon-Th,3,2025-03-19,Mon-Th,0,9
23,120.0,0.5,0,Mon-Th,3,2025-03-19,Mon-Th,0,9
19,0.03333333333333333,150.0,0,Mon-Th,3,2025-03-19,Mon-Th,0,9
16,0.03333333333333333,0.5,0,Mon-Th,3,2025-03-19,Mon-Th,0,9
16,0.03333333333333333,150.0,0,Mon-Th,3,2025-03-20,Mon-Th,0,12
16,0.03333333333333333,0.5,0,Mon-Th,3,2025-03-20,Mon-Th,0,12
12,120.0,150.0,0,Mon-Th,3,2025-03-20,Mon-Th,0,12
12,120.0,0.5,0,Mon-Th,3,2025-03-20,Mon-Th,0,12
11,120.0,0.5,0,Mon-Th,3,2025-03-20,Mon-Th,0,12
16,120.0,150.0,0,Mon-Th,3,2025-03-20,Mon-Th,0,12
12,0.03333333333333333,150.0,0,Mon-Th,3,2025-03-20,Mon-Th,0,12
16,120.0,150.0,0,Mon-Th,3,2025-03-20,Mon-Th,0,12
12,120.0,150.0,0,Mon-Th,3,2025-03-20,Mon-Th,0,12
16,0.03333333333333333,0.5,0,Mon-Th,3,2025-03-20,Mon-Th,0,12
12,120.0,150.0,0,Mon-Th,3,2025-03-20,Mon-Th,0,12
12,0.03333333333333333,0.5,0,Mon-Th,3,2025-03-20,Mon-Th,0,12
19,120.0,150.0,0,Mon-Th,3,2025-12-22,Mon-Th,0,6
16,0.03333333333333333,150.0,0,Mon-Th,3,2025-12-22,Mon-Th,0,6
13,0.03333333333333333,150.0,0,Mon-Th,3,2025-12-22,Mon-Th,0,6
7,120.0,0.5,0,Mon-Th,3,2025-12-22,Mon-Th,0,6
17,120.0,150.0,0,Mon-Th,3,2025-12-22,Mon-Th,0,6
22,0.03333333333333333,150.0,0,Mon-Th,3,2025-12-22,Mon-Th,0,6
23,120.0,0.5,0,Mon-Th,3,2025-12-23,Mon-Th,0,10
16,0.03333333333333333,150.0,0,Mon-Th,3,2025-12-23,Mon-Th,0,10
17,0.03333333333333333,150.0,0,Mon-Th,3,2025-12-23,Mon-Th,0,10
16,120.0,150.0,0,Mon-Th,3,2025-12-23,Mon-Th,0,10
15,0.03333333333333333,0.5,0,Mon-Th,3,2025-12-23,Mon-Th,0,10
16,0.03333333333333333,150.0,0,Mon-Th,3,2025-12-23,Mon-Th,0,10
17,120.0,0.5,0,Mon-Th,3,2025-12-23,Mon-Th,0,10
16,0.03333333333333333,150.0,0,Mon-Th,3,2025-12-23,Mon-Th,0,10
19,120.0,0.5,0,Mon-Th,3,2025-12-23,Mon-Th,0,10
22,120.0,0.5,0,Mon-Th,3,2025-12-23,Mon-Th,0,10
15,120.0,0.5,0,Mon-Th,3,2025-12-24,Mon-Th,0,5
15,120.0,150.0,0,Mon-Th,3,2025-12-24,Mon-Th,0,5
16,0.03333333333333333,0.5,0,Mon-Th,3,2025-12-24,Mon-Th,0,5
15,0.03333333333333333,0.5,0,Mon-Th,3,2025-12-24,Mon-Th,0,5
16,0.03333333333333333,0.5,0,Mon-Th,3,2025-12-24,Mon-Th,0,5
16,0.03333333333333333,150.0,0,Mon-Th,3,2025-12-25,Mon-Th,0,9
12,120.0,0.5,0,Mon-Th,3,2025-12-25,Mon-Th,0,9
17,0.03333333333333333,0.5,0,Mon-Th,3,2025-12-25,Mon-Th,0,9
16,0.03333333333333333,150.0,0,Mon-Th,3,2025-12-25,Mon-Th,0,9
16,0.03333333333333333,0.5,0,Mon-Th,3,2025-12-25,Mon-Th,0,9
22,0.03333333333333333,0.5,0,Mon-Th,3,2025-12-25,Mon-Th,0,9
11,120.0,0.5,0,Mon-Th,3,2025-12-25,Mon-Th,0,9
15,0.03333333333333333,0.5,0,Mon-Th,3,2025-12-25,Mon-Th,0,9
18,120.0,150.0,0,Mon-Th,3,2025-12-25,Mon-Th,0,9
16,0.03333333333333333,150.0,0,Mon-Th,3,2025-12-29,Mon-Th,0,7
12,0.03333333333333333,150.0,0,Mon-Th,3,2025-12-29,Mon-Th,0,7
21,120.0,0.5,0,Mon-Th,3,2025-12-29,Mon-Th,0,7
12,120.0,150.0,0,Mon-Th,3,2025-12-29,Mon-Th,0,7
16,120.0,0.5,0,Mon-Th,3,2025-12-29,Mon-Th,0,7
10,0.03333333333333333,0.5,0,Mon-Th,3,2025-12-29,Mon-Th,0,7
16,0.03333333333333333,150.0,0,Mon-Th,3,2025-12-29,Mon-Th,0,7
6,120.0,150.0,0,Mon-Th,3,2025-12-30,Mon-Th,0,10
16,0.03333333333333333,150.0,0,Mon-Th,3,2025-12-30,Mon-Th,0,10
21,0.03333333333333333,0.5,0,Mon-Th,3,2025-12-30,Mon-Th,0,10
16,0.03333333333333333,0.5,0,Mon-Th,3,2025-12-30,Mon-Th,0,10
16,0.03333333333333333,150.0,0,Mon-Th,3,2025-12-30,Mon-Th,0,10
12,0.03333333333333333,0.5,0,Mon-Th,3,2025-12-30,Mon-Th,0,10
16,0.03333333333333333,0.5,0,Mon-Th,3,2025-12-30,Mon-Th,0,10
12,120.0,0.5,0,Mon-Th,3,2025-12-30,Mon-Th,0,10
16,0.03333333333333333,0.5,0,Mon-Th,3,2025-12-30,Mon-Th,0,10
20,120.0,0.5,0,Mon-Th,3,2025-12-30,Mon-Th,0,10
17,0.03333333333333333,150.0,0,Mon-Th,3,2025-12-31,Mon-Th,0,11
7,0.03333333333333333,150.0,0,Mon-Th,3,2025-12-31,Mon-Th,0,11
16,120.0,0.5,0,Mon-Th,3,2025-12-31,Mon-Th,0,11
16,120.0,0.5,0,Mon-Th,3,2025-12-31,Mon-Th,0,11
16,120.0,150.0,0,Mon-Th,3,2025-12-31,Mon-Th,0,11
11,120.0,0.5,0,Mon-Th,3,2025-12-31,Mon-Th,0,11
18,0.03333333333333333,0.5,0,Mon-Th,3,2025-12-31,Mon-Th,0,11
16,0.03333333333333333,150.0,0,Mon-Th,3,2025-12-31,Mon-Th,0,11
16,0.03333333333333333,150.0,0,Mon-Th,3,2025-12-31,Mon-Th,0,11
16,0.03333333333333333,0.5,0,Mon-Th,3,2025-12-31,Mon-Th,0,11
16,0.03333333333333333,150.0,0,Mon-Th,3,2025-12-31,Mon-Th,0,11
16,0.03333333333333333,150.0,0,Friday,3,2025-01-03,Friday,0,11
19,0.03333333333333333,0.5,0,Friday,3,2025-01-03,Friday,0,11
16,0.03333333333333333,0.5,0,Friday,3,2025-01-03,Friday,0,11
16,0.03333333333333333,150.0,0,Friday,3,2025-01-03,Friday,0,11
12,120.0,150.0,0,Friday,3,2025-01-03,Friday,0,11
16,0.03333333333333333,0.5,0,Friday,3,2025-01-03,Friday,0,11
13,0.03333333333333333,0.5,0,Friday,3,2025-01-03,Friday,0,11
16,0.03333333333333333,150.0,0,Friday,3,2025-01-03,Friday,0,11
22,120.0,150.0,0,Friday,3,2025-01-03,Friday,0,11
12,120.0,150.0,0,Friday,3,2025-01-03,Friday,0,11
11,120.0,150.0,0,Friday,3,2025-01-03,Friday,0,11
16,0.03333333333333333,150.0,0,Friday,3,2025-01-10,Friday,0,6
16,0.03333333333333333,0.5,0,Friday,3,2025-01-10,Friday,0,6
15,0.03333333333333333,0.5,0,Friday,3,2025-01-10,Friday,0,6
17,120.0,0.5,0,Friday,3,2025-01-10,Friday,0,6
20,0.03333333333333333,150.0,0,Friday,3,2025-01-10,Friday,0,6
16,0.03333333333333333,150.0,0,Friday,3,2025-01-10,Friday,0,6
16,120.0,150.0,0,Friday,3,2025-01-17,Friday,0,8
12,120.0,150.0,0,Friday,3,2025-01-17,Friday,0,8
16,120.0,150.0,0,Friday,3,2025-01-17,Friday,0,8
14,0.03333333333333333,150.0,0,Friday,3,2025-01-17,Friday,0,8
15,0.03333333333333333,150.0,0,Friday,3,2025-01-17,Friday,0,8
16,120.0,0.5,0,Friday,3,2025-01-17,Friday,0,8
17,120.0,150.0,0,Friday,3,2025-01-17,Friday,0,8
20,0.03333333333333333,0.5,0,Friday,3,2025-01-17,Friday,0,8
17,120.0,0.5,0,Friday,3,2025-01-24,Friday,0,13
16,0.03333333333333333,0.5,0,Friday,3,2025-01-24,Friday,0,13
16,120.0,150.0,0,Friday,3,2025-01-24,Friday,0,13
16,120.0,150.0,0,Friday,3,2025-01-24,Friday,0,13
12,120.0,0.5,0,Friday,3,2025-01-24,Friday,0,13
12,120.0,0.5,0,Friday,3,2025-01-24,Friday,0,13
16,0.03333333333333333,150.0,0,Friday,3,2025-01-24,Friday,0,13
16,120.0,0.5,0,Friday,3,2025-01-24,Friday,0,13
16,120.0,0.5,0,Friday,3,2025-01-24,Friday,0,13
16,0.03333333333333333,0.5,0,Friday,3,2025-01-24,Friday,0,13
17,120.0,0.5,0,Friday,3,2025-01-24,Friday,0,13
16,120.0,150.0,0,Friday,3,2025-01-24,Friday,0,13
16,0.03333333333333333,0.5,0,Friday,3,2025-01-24,Friday,0,13
16,0.03333333333333333,150.0,0,Friday,3,2025-01-31,Friday,0,4
16,0.03333333333333333,150.0,0,Friday,3,2025-01-31,Friday,0,4
17,120.0,150.0,0,Friday,3,2025-01-31,Friday,0,4
20,0.03333333333333333,0.5,0,Friday,3,2025-01-31,Friday,0,4
12,120.0,0.5,0,Friday,3,2025-02-07,Friday,0,6
17,0.03333333333333333,0.5,0,Friday,3,2025-02-07,Friday,0,6
17,120.0,150.0,0,Friday,3,2025-02-07,Friday,0,6
15,0.03333333333333333,0.5,0,Friday,3,2025-02-07,Friday,0,6
22,0.03333333333333333,0.5,0,Friday,3,2025-02-07,Friday,0,6
12,120.0,0.5,0,Friday,3,2025-02-07,Friday,0,6
12,120.0,150.0,0,Friday,3,2025-02-14,Friday,0,8
19,0.03333333333333333,150.0,0,Friday,3,2025-02-14,Friday,0,8
20,0.03333333333333333,150.0,0,Friday,3,2025-02-14,Friday,0,8
16,0.03333333333333333,150.0,0,Friday,3,2025-02-14,Friday,0,8
14,0.03333333333333333,0.5,0,Friday,3,2025-02-14,Friday,0,8
18,0.03333333333333333,150.0,0,Friday,3,2025-02-14,Friday,0,8
16,0.03333333333333333,150.0,0,Friday,3,2025-02-14,Friday,0,8
20,120.0,0.5,0,Friday,3,2025-02-14,Friday,0,8
16,120.0,150.0,0,Friday,3,2025-02-21,Friday,0,6
16,0.03333333333333333,150.0,0,Friday,3,2025-02-21,Friday,0,6
5,0.03333333333333333,150.0,0,Friday,3,2025-02-21,Friday,0,6
21,0.03333333333333333,150.0,0,Friday,3,2025-02-21,Friday,0,6
16,0.03333333333333333,150.0,0,Friday,3,2025-02-21,Friday,0,6
16,0.03333333333333333,0.5,0,Friday,3,2025-02-21,Friday,0,6
16,0.03333333333333333,150.0,0,Friday,3,2025-02-28,Friday,0,2
16,120.0,150.0,0,Friday,3,2025-02-28,Friday,0,2
22,120.0,0.5,0,Friday,3,2025-03-07,Friday,0,9
16,120.0,150.0,0,Friday,3,2025-03-07,Friday,0,9
12,120.0,150.0,0,Friday,3,2025-03-07,Friday,0,9
16,120.0,150.0,0,Friday,3,2025-03-07,Friday,0,9
15,120.0,150.0,0,Friday,3,2025-03-07,Friday,0,9
16,120.0,0.5,0,Friday,3,2025-03-07,Friday,0,9
13,0.03333333333333333,0.5,0,Friday,3,2025-03-07,Friday,0,9
16,120.0,0.5,0,Friday,3,2025-03-07,Friday,0,9
16,120.0,150.0,0,Friday,3,2025-03-07,Friday,0,9
14,0.03333333333333333,0.5,0,Friday,3,2025-03-14,Friday,0,11
16,0.03333333333333333,0.5,0,Friday,3,2025-03-14,Friday,0,11
16,0.03333333333333333,0.5,0,Friday,3,2025-03-14,Friday,0,11
14,0.03333333333333333,0.5,0,Friday,3,2025-03-14,Friday,0,11
16,0.03333333333333333,0.5,0,Friday,3,2025-03-14,Friday,0,11
16,0.03333333333333333,0.5,0,Friday,3,2025-03-14,Friday,0,11
13,0.03333333333333333,0.5,0,Friday,3,2025-03-14,Friday,0,11
14,0.03333333333333333,0.5,0,Friday,3,2025-03-14,Friday,0,11
16,0.03333333333333333,0.5,0,Friday,3,2025-03-14,Friday,0,11
15,0.03333333333333333,0.5,0,Friday,3,2025-03-14,Friday,0,11
19,120.0,0.5,0,Friday,3,2025-03-14,Friday,0,11
14,0.03333333333333333,0.5,0,Friday,3,2025-12-26,Friday,0,3
16,0.03333333333333333,150.0,0,Friday,3,2025-12-26,Friday,0,3
16,0.03333333333333333,150.0,0,Friday,3,2025-12-26,Friday,0,3
22,0.03333333333333333,150.0,0,Saturday,3,2025-01-04,Saturday,0,6
0,120.0,0.5,0,Saturday,3,2025-01-04,Saturday,0,6
17,120.0,0.5,0,Saturday,3,2025-01-04,Saturday,0,6
12,120.0,150.0,0,Saturday,3,2025-01-04,Saturday,0,6
12,120.0,0.5,0,Saturday,3,2025-01-04,Saturday,0,6
16,0.03333333333333333,0.5,0,Saturday,3,2025-01-04,Saturday,0,6
23,120.0,0.5,0,Saturday,3,2025-01-11,Saturday,0,9
21,120.0,0.5,0,Saturday,3,2025-01-11,Saturday,0,9
15,120.0,0.5,0,Saturday,3,2025-01-11,Saturday,0,9
23,120.0,0.5,0,Saturday,3,2025-01-11,Saturday,0,9
14,0.03333333333333333,150.0,0,Saturday,3,2025-01-11,Saturday,0,9
12,0.03333333333333333,150.0,0,Saturday,3,2025-01-11,Saturday,0,9
16,0.03333333333333333,150.0,0,Saturday,3,2025-01-11,Saturday,0,9
3,0.03333333333333333,0.5,0,Saturday,3,2025-01-11,Saturday,0,9
16,0.03333333333333333,150.0,0,Saturday,3,2025-01-11,Saturday,0,9
16,120.0,150.0,0,Saturday,3,2025-01-18,Saturday,0,11
12,120.0,150.0,0,Saturday,3,2025-01-18,Saturday,0,11
16,120.0,0.5,0,Saturday,3,2025-01-18,Saturday,0,11
8,0.03333333333333333,150.0,0,Saturday,3,2025-01-18,Saturday,0,11
16,120.0,0.5,0,Saturday,3,2025-01-18,Saturday,0,11
20,120.0,0.5,0,Saturday,3,2025-01-18,Saturday,0,11
16,0.03333333333333333,150.0,0,Saturday,3,2025-01-18,Saturday,0,11
14,120.0,0.5,0,Saturday,3,2025-01-18,Saturday,0,11
16,0.03333333333333333,0.5,0,Saturday,3,2025-01-18,Saturday,0,11
16,0.03333333333333333,0.5,0,Saturday,3,2025-01-18,Saturday,0,11
11,0.03333333333333333,0.5,0,Saturday,3,2025-01-18,Saturday,0,11
16,120.0,0.5,0,Saturday,3,2025-01-25,Saturday,0,9
20,0.03333333333333333,0.5,0,Saturday,3,2025-01-25,Saturday,0,9
16,120.0,150.0,0,Saturday,3,2025-01-25,Saturday,0,9
10,0.03333333333333333,0.5,0,Saturday,3,2025-01-25,Saturday,0,9
13,0.03333333333333333,150.0,0,Saturday,3,2025-01-25,Saturday,0,9
16,120.0,0.5,0,Saturday,3,2025-01-25,Saturday,0,9
12,0.03333333333333333,0.5,0,Saturday,3,2025-01-25,Saturday,0,9
15,0.03333333333333333,0.5,0,Saturday,3,2025-01-25,Saturday,0,9
19,120.0,0.5,0,Saturday,3,2025-01-25,Saturday,0,9
16,0.03333333333333333,150.0,0,Saturday,3,2025-02-01,Saturday,0,3
17,0.03333333333333333,0.5,0,Saturday,3,2025-02-01,Saturday,0,3
18,0.03333333333333333,0.5,0,Saturday,3,2025-02-01,Saturday,0,3
20,0.03333333333333333,0.5,0,Saturday,3,2025-02-08,Saturday,0,5
16,120.0,150.0,0,Saturday,3,2025-02-08,Saturday,0,5
16,120.0,0.5,0,Saturday,3,2025-02-08,Saturday,0,5
16,0.03333333333333333,150.0,0,Saturday,3,2025-02-08,Saturday,0,5
18,120.0,0.5,0,Saturday,3,2025-02-08,Saturday,0,5
17,0.03333333333333333,0.5,0,Saturday,3,2025-02-15,Saturday,0,12
14,0.03333333333333333,0.5,0,Saturday,3,2025-02-15,Saturday,0,12
16,120.0,150.0,0,Saturday,3,2025-02-15,Saturday,0,12
16,120.0,150.0,0,Saturday,3,2025-02-15,Saturday,0,12
12,120.0,150.0,0,Saturday,3,2025-02-15,Saturday,0,12
16,0.03333333333333333,150.0,0,Saturday,3,2025-02-15,Saturday,0,12
16,0.03333333333333333,0.5,0,Saturday,3,2025-02-15,Saturday,0,12
16,0.03333333333333333,0.5,0,Saturday,3,2025-02-15,Saturday,0,12
16,120.0,150.0,0,Saturday,3,2025-02-15,Saturday,0,12
12,120.0,0.5,0,Saturday,3,2025-02-15,Saturday,0,12
22,120.0,0.5,0,Saturday,3,2025-02-15,Saturday,0,12
16,0.03333333333333333,0.5,0,Saturday,3,2025-02-15,Saturday,0,12
12,120.0,150.0,0,Saturday,3,2025-02-22,Saturday,0,6
22,0.03333333333333333,0.5,0,Saturday,3,2025-02-22,Saturday,0,6
14,0.03333333333333333,0.5,0,Saturday,3,2025-02-22,Saturday,0,6
16,120.0,150.0,0,Saturday,3,2025-02-22,Saturday,0,6
16,0.03333333333333333,0.5,0,Saturday,3,2025-02-22,Saturday,0,6
16,0.03333333333333333,150.0,0,Saturday,3,2025-02-22,Saturday,0,6
12,120.0,150.0,0,Saturday,3,2025-03-01,Saturday,0,11
21,0.03333333333333333,0.5,0,Saturday,3,2025-03-01,Saturday,0,11
16,120.0,0.5,0,Saturday,3,2025-03-01,Saturday,0,11
22,120.0,0.5,0,Saturday,3,2025-03-01,Saturday,0,11
16,0.03333333333333333,0.5,0,Saturday,3,2025-03-01,Saturday,0,11
18,120.0,0.5,0,Saturday,3,2025-03-01,Saturday,0,11
18,0.03333333333333333,150.0,0,Saturday,3,2025-03-01,Saturday,0,11
17,120.0,150.0,0,Saturday,3,2025-03-01,Saturday,0,11
22,0.03333333333333333,150.0,0,Saturday,3,2025-03-01,Saturday,0,11
13,0.03333333333333333,0.5,0,Saturday,3,2025-03-01,Saturday,0,11
16,0.03333333333333333,0.5,0,Saturday,3,2025-03-01,Saturday,0,11
17,0.03333333333333333,0.5,0,Saturday,3,2025-03-08,Saturday,0,11
17,120.0,0.5,0,Saturday,3,2025-03-08,Saturday,0,11
14,0.03333333333333333,0.5,0,Saturday,3,2025-03-08,Saturday,0,11
17,120.0,0.5,0,Saturday,3,2025-03-08,Saturday,0,11
16,0.03333333333333333,150.0,0,Saturday,3,2025-03-08,Saturday,0,11
23,0.03333333333333333,150.0,0,Saturday,3,2025-03-08,Saturday,0,11
10,0.03333333333333333,150.0,0,Saturday,3,2025-03-08,Saturday,0,11
16,120.0,0.5,0,Saturday,3,2025-03-08,Saturday,0,11
19,120.0,0.5,0,Saturday,3,2025-03-08,Saturday,0,11
16,120.0,0.5,0,Saturday,3,2025-03-08,Saturday,0,11
16,120.0,150.0,0,Saturday,3,2025-03-08,Saturday,0,11
16,0.03333333333333333,0.5,0,Saturday,3,2025-03-15,Saturday,0,8
16,120.0,0.5,0,Saturday,3,2025-03-15,Saturday,0,8
12,120.0,0.5,0,Saturday,3,2025-03-15,Saturday,0,8
16,120.0,0.5,0,Saturday,3,2025-03-15,Saturday,0,8
16,0.03333333333333333,0.5,0,Saturday,3,2025-03-15,Saturday,0,8
16,0.03333333333333333,150.0,0,Saturday,3,2025-03-15,Saturday,0,8
22,0.03333333333333333,0.5,0,Saturday,3,2025-03-15,Saturday,0,8
17,0.03333333333333333,0.5,0,Saturday,3,2025-03-15,Saturday,0,8
16,120.0,150.0,0,Saturday,3,2025-12-27,Saturday,0,9
16,120.0,150.0,0,Saturday,3,2025-12-27,Saturday,0,9
16,120.0,150.0,0,Saturday,3,2025-12-27,Saturday,0,9
16,0.03333333333333333,0.5,0,Saturday,3,2025-12-27,Saturday,0,9
16,0.03333333333333333,150.0,0,Saturday,3,2025-12-27,Saturday,0,9
19,120.0,0.5,0,Saturday,3,2025-12-27,Saturday,0,9
18,0.03333333333333333,150.0,0,Saturday,3,2025-12-27,Saturday,0,9
17,0.03333333333333333,0.5,0,Saturday,3,2025-12-27,Saturday,0,9
20,120.0,0.5,0,Saturday,3,2025-12-27,Saturday,0,9
17,0.03333333333333333,150.0,0,Sunday,3,2025-01-05,Sunday,0,4
16,120.0,150.0,0,Sunday,3,2025-01-05,Sunday,0,4
17,0.03333333333333333,0.5,0,Sunday,3,2025-01-05,Sunday,0,4
14,0.03333333333333333,150.0,0,Sunday,3,2025-01-05,Sunday,0,4
16,0.03333333333333333,0.5,0,Sunday,3,2025-01-12,Sunday,0,3
16,0.03333333333333333,0.5,0,Sunday,3,2025-01-12,Sunday,0,3
16,0.03333333333333333,0.5,0,Sunday,3,2025-01-12,Sunday,0,3
12,120.0,150.0,0,Sunday,3,2025-01-19,Sunday,0,11
16,120.0,0.5,0,Sunday,3,2025-01-19,Sunday,0,11
21,0.03333333333333333,0.5,0,Sunday,3,2025-01-19,Sunday,0,11
16,120.0,0.5,0,Sunday,3,2025-01-19,Sunday,0,11
16,120.0,0.5,0,Sunday,3,2025-01-19,Sunday,0,11
8,0.03333333333333333,150.0,0,Sunday,3,2025-01-19,Sunday,0,11
23,0.03333333333333333,150.0,0,Sunday,3,2025-01-19,Sunday,0,11
16,120.0,150.0,0,Sunday,3,2025-01-19,Sunday,0,11
16,0.03333333333333333,150.0,0,Sunday,3,2025-01-19,Sunday,0,11
16,0.03333333333333333,150.0,0,Sunday,3,2025-01-19,Sunday,0,11
17,0.03333333333333333,0.5,0,Sunday,3,2025-01-19,Sunday,0,11
12,120.0,150.0,0,Sunday,3,2025-01-26,Sunday,0,7
12,120.0,150.0,0,Sunday,3,2025-01-26,Sunday,0,7
19,120.0,0.5,0,Sunday,3,2025-01-26,Sunday,0,7
16,0.03333333333333333,150.0,0,Sunday,3,2025-01-26,Sunday,0,7
22,120.0,150.0,0,Sunday,3,2025-01-26,Sunday,0,7
21,0.03333333333333333,0.5,0,Sunday,3,2025-01-26,Sunday,0,7
16,0.03333333333333333,0.5,0,Sunday,3,2025-01-26,Sunday,0,7
16,0.03333333333333333,0.5,0,Sunday,3,2025-02-02,Sunday,0,12
16,120.0,150.0,0,Sunday,3,2025-02-02,Sunday,0,12
14,120.0,150.0,0,Sunday,3,2025-02-02,Sunday,0,12
16,0.03333333333333333,0.5,0,Sunday,3,2025-02-02,Sunday,0,12
16,120.0,0.5,0,Sunday,3,2025-02-02,Sunday,0,12
16,0.03333333333333333,150.0,0,Sunday,3,2025-02-02,Sunday,0,12
17,120.0,150.0,0,Sunday,3,2025-02-02,Sunday,0,12
16,120.0,150.0,0,Sunday,3,2025-02-02,Sunday,0,12
16,0.03333333333333333,150.0,0,Sunday,3,2025-02-02,Sunday,0,12
16,120.0,0.5,0,Sunday,3,2025-02-02,Sunday,0,12
20,0.03333333333333333,0.5,0,Sunday,3,2025-02-02,Sunday,0,12
16,120.0,150.0,0,Sunday,3,2025-02-02,Sunday,0,12
12,120.0,0.5,0,Sunday,3,2025-02-09,Sunday,0,6
12,120.0,150.0,0,Sunday,3,2025-02-09,Sunday,0,6
16,0.03333333333333333,150.0,0,Sunday,3,2025-02-09,Sunday,0,6
17,120.0,0.5,0,Sunday,3,2025-02-09,Sunday,0,6
9,0.03333333333333333,0.5,0,Sunday,3,2025-02-09,Sunday,0,6
10,0.03333333333333333,0.5,0,Sunday,3,2025-02-09,Sunday,0,6
17,120.0,150.0,0,Sunday,3,2025-02-16,Sunday,0,7
19,120.0,0.5,0,Sunday,3,2025-02-16,Sunday,0,7
12,120.0,0.5,0,Sunday,3,2025-02-16,Sunday,0,7
16,0.03333333333333333,150.0,0,Sunday,3,2025-02-16,Sunday,0,7
17,120.0,150.0,0,Sunday,3,2025-02-16,Sunday,0,7
16,120.0,150.0,0,Sunday,3,2025-02-16,Sunday,0,7
18,120.0,150.0,0,Sunday,3,2025-02-16,Sunday,0,7
12,0.03333333333333333,0.5,0,Sunday,3,2025-02-23,Sunday,0,11
20,120.0,150.0,0,Sunday,3,2025-02-23,Sunday,0,11
16,0.03333333333333333,0.5,0,Sunday,3,2025-02-23,Sunday,0,11
20,120.0,0.5,0,Sunday,3,2025-02-23,Sunday,0,11
21,120.0,0.5,0,Sunday,3,2025-02-23,Sunday,0,11
16,0.03333333333333333,150.0,0,Sunday,3,2025-02-23,Sunday,0,11
14,120.0,0.5,0,Sunday,3,2025-02-23,Sunday,0,11
3,120.0,150.0,0,Sunday,3,2025-02-23,Sunday,0,11
20,0.03333333333333333,0.5,0,Sunday,3,2025-02-23,Sunday,0,11
16,0.03333333333333333,0.5,0,Sunday,3,2025-02-23,Sunday,0,11
18,120.0,0.5,0,Sunday,3,2025-02-23,Sunday,0,11
16,0.03333333333333333,0.5,0,Sunday,3,2025-03-02,Sunday,0,6
15,120.0,0.5,0,Sunday,3,2025-03-02,Sunday,0,6
11,120.0,0.5,0,Sunday,3,2025-03-02,Sunday,0,6
16,0.03333333333333333,150.0,0,Sunday,3,2025-03-02,Sunday,0,6
14,120.0,0.5,0,Sunday,3,2025-03-02,Sunday,0,6
12,120.0,150.0,0,Sunday,3,2025-03-02,Sunday,0,6
22,0.03333333333333333,0.5,0,Sunday,3,2025-03-09,Sunday,0,8
21,0.03333333333333333,0.5,0,Sunday,3,2025-03-09,Sunday,0,8
14,0.03333333333333333,0.5,0,Sunday,3,2025-03-09,Sunday,0,8
16,0.03333333333333333,150.0,0,Sunday,3,2025-03-09,Sunday,0,8
15,0.03333333333333333,0.5,0,Sunday,3,2025-03-09,Sunday,0,8
16,120.0,150.0,0,Sunday,3,2025-03-09,Sunday,0,8
16,0.03333333333333333,150.0,0,Sunday,3,2025-03-09,Sunday,0,8
16,0.03333333333333333,150.0,0,Sunday,3,2025-03-09,Sunday,0,8
15,120.0,150.0,0,Sunday,3,2025-03-16,Sunday,0,6
16,120.0,150.0,0,Sunday,3,2025-03-16,Sunday,0,6
16,120.0,150.0,0,Sunday,3,2025-03-16,Sunday,0,6
16,0.03333333333333333,0.5,0,Sunday,3,2025-03-16,Sunday,0,6
16,120.0,150.0,0,Sunday,3,2025-03-16,Sunday,0,6
16,0.03333333333333333,150.0,0,Sunday,3,2025-03-16,Sunday,0,6
16,120.0,150.0,0,Sunday,3,2025-12-28,Sunday,0,8
23,0.03333333333333333,0.5,0,Sunday,3,2025-12-28,Sunday,0,8
14,0.03333333333333333,150.0,0,Sunday,3,2025-12-28,Sunday,0,8
16,0.03333333333333333,150.0,0,Sunday,3,2025-12-28,Sunday,0,8
21,0.03333333333333333,0.5,0,Sunday,3,2025-12-28,Sunday,0,8
16,0.03333333333333333,150.0,0,Sunday,3,2025-12-28,Sunday,0,8
12,120.0,150.0,0,Sunday,3,2025-12-28,Sunday,0,8
22,0.03333333333333333,150.0,0,Sunday,3,2025-12-28,Sunday,0,8
16,0.03333333333333333,150.0,1,Friday,3,2025-03-21,Friday,1,10
16,120.0,0.5,1,Friday,3,2025-03-21,Friday,1,10
22,120.0,0.5,1,Friday,3,2025-03-21,Friday,1,10
16,120.0,0.5,1,Friday,3,2025-03-21,Friday,1,10
22,0.03333333333333333,0.5,1,Friday,3,2025-03-21,Friday,1,10
18,120.0,150.0,1,Friday,3,2025-03-21,Friday,1,10
12,120.0,0.5,1,Friday,3,2025-03-21,Friday,1,10
15,120.0,0.5,1,Friday,3,2025-03-21,Friday,1,10
20,0.03333333333333333,150.0,1,Friday,3,2025-03-21,Friday,1,10
19,120.0,150.0,1,Friday,3,2025-03-21,Friday,1,10
18,120.0,0.5,1,Friday,3,2025-03-28,Friday,1,7
19,0.03333333333333333,150.0,1,Friday,3,2025-03-28,Friday,1,7
16,0.03333333333333333,0.5,1,Friday,3,2025-03-28,Friday,1,7
16,0.03333333333333333,150.0,1,Friday,3,2025-03-28,Friday,1,7
16,0.03333333333333333,0.5,1,Friday,3,2025-03-28,Friday,1,7
13,120.0,0.5,1,Friday,3,2025-03-28,Friday,1,7
12,120.0,150.0,1,Friday,3,2025-03-28,Friday,1,7
12,0.03333333333333333,150.0,1,Friday,3,2025-04-04,Friday,1,6
16,120.0,0.5,1,Friday,3,2025-04-04,Friday,1,6
16,120.0,150.0,1,Friday,3,2025-04-04,Friday,1,6
16,0.03333333333333333,150.0,1,Friday,3,2025-04-04,Friday,1,6
10,120.0,0.5,1,Friday,3,2025-04-04,Friday,1,6
13,0.03333333333333333,150.0,1,Friday,3,2025-04-04,Friday,1,6
14,0.03333333333333333,150.0,1,Friday,3,2025-04-11,Friday,1,8
16,0.03333333333333333,150.0,1,Friday,3,2025-04-11,Friday,1,8
20,0.03333333333333333,0.5,1,Friday,3,2025-04-11,Friday,1,8
12,120.0,0.5,1,Friday,3,2025-04-11,Friday,1,8
15,120.0,150.0,1,Friday,3,2025-04-11,Friday,1,8
12,120.0,150.0,1,Friday,3,2025-04-11,Friday,1,8
16,120.0,150.0,1,Friday,3,2025-04-11,Friday,1,8
19,0.03333333333333333,0.5,1,Friday,3,2025-04-11,Friday,1,8
14,120.0,0.5,1,Friday,3,2025-04-18,Friday,1,13
15,120.0,0.5,1,Friday,3,2025-04-18,Friday,1,13
12,120.0,150.0,1,Friday,3,2025-04-18,Friday,1,13
16,120.0,150.0,1,Friday,3,2025-04-18,Friday,1,13
16,0.03333333333333333,150.0,1,Friday,3,2025-04-18,Friday,1,13
19,120.0,0.5,1,Friday,3,2025-04-18,Friday,1,13
16,0.03333333333333333,150.0,1,Friday,3,2025-04-18,Friday,1,13
12,0.03333333333333333,0.5,1,Friday,3,2025-04-18,Friday,1,13
13,0.03333333333333333,150.0,1,Friday,3,2025-04-18,Friday,1,13
16,0.03333333333333333,150.0,1,Friday,3,2025-04-18,Friday,1,13
16,0.03333333333333333,0.5,1,Friday,3,2025-04-18,Friday,1,13
14,0.03333333333333333,0.5,1,Friday,3,2025-04-18,Friday,1,13
13,0.03333333333333333,0.5,1,Friday,3,2025-04-18,Friday,1,13
16,120.0,150.0,1,Friday,3,2025-04-25,Friday,1,5
22,0.03333333333333333,150.0,1,Friday,3,2025-04-25,Friday,1,5
14,0.03333333333333333,0.5,1,Friday,3,2025-04-25,Friday,1,5
14,0.03333333333333333,150.0,1,Friday,3,2025-04-25,Friday,1,5
16,0.03333333333333333,150.0,1,Friday,3,2025-04-25,Friday,1,5
21,120.0,0.5,1,Friday,3,2025-05-02,Friday,1,8
16,120.0,150.0,1,Friday,3,2025-05-02,Friday,1,8
18,120.0,0.5,1,Friday,3,2025-05-02,Friday,1,8
16,120.0,150.0,1,Friday,3,2025-05-02,Friday,1,8
16,0.03333333333333333,0.5,1,Friday,3,2025-05-02,Friday,1,8
20,120.0,150.0,1,Friday,3,2025-05-02,Friday,1,8
16,120.0,150.0,1,Friday,3,2025-05-02,Friday,1,8
17,0.03333333333333333,0.5,1,Friday,3,2025-05-02,Friday,1,8
16,0.03333333333333333,150.0,1,Friday,3,2025-05-09,Friday,1,10
17,0.03333333333333333,0.5,1,Friday,3,2025-05-09,Friday,1,10
15,120.0,0.5,1,Friday,3,2025-05-09,Friday,1,10
15,120.0,150.0,1,Friday,3,2025-05-09,Friday,1,10
14,0.03333333333333333,150.0,1,Friday,3,2025-05-09,Friday,1,10
16,0.03333333333333333,0.5,1,Friday,3,2025-05-09,Friday,1,10
17,0.03333333333333333,0.5,1,Friday,3,2025-05-09,Friday,1,10
22,0.03333333333333333,0.5,1,Friday,3,2025-05-09,Friday,1,10
14,0.03333333333333333,0.5,1,Friday,3,2025-05-09,Friday,1,10
21,0.03333333333333333,0.5,1,Friday,3,2025-05-09,Friday,1,10
12,120.0,150.0,1,Friday,3,2025-05-16,Friday,1,9
12,0.03333333333333333,150.0,1,Friday,3,2025-05-16,Friday,1,9
16,0.03333333333333333,0.5,1,Friday,3,2025-05-16,Friday,1,9
23,120.0,150.0,1,Friday,3,2025-05-16,Friday,1,9
16,120.0,150.0,1,Friday,3,2025-05-16,Friday,1,9
6,120.0,0.5,1,Friday,3,2025-05-16,Friday,1,9
16,120.0,150.0,1,Friday,3,2025-05-16,Friday,1,9
16,120.0,150.0,1,Friday,3,2025-05-16,Friday,1,9
16,120.0,0.5,1,Friday,3,2025-05-16,Friday,1,9
12,120.0,0.5,1,Friday,3,2025-05-23,Friday,1,14
16,120.0,150.0,1,Friday,3,2025-05-23,Friday,1,14
21,0.03333333333333333,0.5,1,Friday,3,2025-05-23,Friday,1,14
20,120.0,0.5,1,Friday,3,2025-05-23,Friday,1,14
12,120.0,0.5,1,Friday,3,2025-05-23,Friday,1,14
16,120.0,150.0,1,Friday,3,2025-05-23,Friday,1,14
22,120.0,0.5,1,Friday,3,2025-05-23,Friday,1,14
19,0.03333333333333333,0.5,1,Friday,3,2025-05-23,Friday,1,14
16,120.0,150.0,1,Friday,3,2025-05-23,Friday,1,14
16,0.03333333333333333,0.5,1,Friday,3,2025-05-23,Friday,1,14
12,120.0,0.5,1,Friday,3,2025-05-23,Friday,1,14
16,0.03333333333333333,150.0,1,Friday,3,2025-05-23,Friday,1,14
12,120.0,0.5,1,Friday,3,2025-05-23,Friday,1,14
14,0.03333333333333333,0.5,1,Friday,3,2025-05-23,Friday,1,14
16,0.03333333333333333,0.5,1,Friday,3,2025-05-30,Friday,1,12
16,0.03333333333333333,150.0,1,Friday,3,2025-05-30,Friday,1,12
16,0.03333333333333333,150.0,1,Friday,3,2025-05-30,Friday,1,12
16,120.0,0.5,1,Friday,3,2025-05-30,Friday,1,12
16,0.03333333333333333,0.5,1,Friday,3,2025-05-30,Friday,1,12
14,0.03333333333333333,0.5,1,Friday,3,2025-05-30,Friday,1,12
16,0.03333333333333333,150.0,1,Friday,3,2025-05-30,Friday,1,12
17,120.0,150.0,1,Friday,3,2025-05-30,Friday,1,12
17,120.0,0.5,1,Friday,3,2025-05-30,Friday,1,12
20,120.0,150.0,1,Friday,3,2025-05-30,Friday,1,12
16,0.03333333333333333,0.5,1,Friday,3,2025-05-30,Friday,1,12
4,0.03333333333333333,150.0,1,Friday,3,2025-05-30,Friday,1,12
23,0.03333333333333333,0.5,1,Friday,3,2025-06-06,Friday,1,10
16,120.0,0.5,1,Friday,3,2025-06-06,Friday,1,10
15,120.0,150.0,1,Friday,3,2025-06-06,Friday,1,10
20,0.03333333333333333,150.0,1,Friday,3,2025-06-06,Friday,1,10
16,0.03333333333333333,150.0,1,Friday,3,2025-06-06,Friday,1,10
12,120.0,0.5,1,Friday,3,2025-06-06,Friday,1,10
16,120.0,150.0,1,Friday,3,2025-06-06,Friday,1,10
2,120.0,0.5,1,Friday,3,2025-06-06,Friday,1,10
18,0.03333333333333333,150.0,1,Friday,3,2025-06-06,Friday,1,10
16,0.03333333333333333,0.5,1,Friday,3,2025-06-06,Friday,1,10
16,0.03333333333333333,0.5,1,Friday,3,2025-06-13,Friday,1,6
17,120.0,0.5,1,Friday,3,2025-06-13,Friday,1,6
19,120.0,0.5,1,Friday,3,2025-06-13,Friday,1,6
16,0.03333333333333333,0.5,1,Friday,3,2025-06-13,Friday,1,6
22,0.03333333333333333,0.5,1,Friday,3,2025-06-13,Friday,1,6
19,120.0,0.5,1,Friday,3,2025-06-13,Friday,1,6
18,0.03333333333333333,0.5,1,Friday,3,2025-06-20,Friday,1,4
18,0.03333333333333333,0.5,1,Friday,3,2025-06-20,Friday,1,4
16,0.03333333333333333,0.5,1,Friday,3,2025-06-20,Friday,1,4
15,0.03333333333333333,150.0,1,Friday,3,2025-06-20,Friday,1,4
17,120.0,0.5,1,Saturday,3,2025-03-22,Saturday,1,8
18,120.0,150.0,1,Saturday,3,2025-03-22,Saturday,1,8
16,0.03333333333333333,0.5,1,Saturday,3,2025-03-22,Saturday,1,8
15,0.03333333333333333,150.0,1,Saturday,3,2025-03-22,Saturday,1,8
14,120.0,0.5,1,Saturday,3,2025-03-22,Saturday,1,8
16,0.03333333333333333,150.0,1,Saturday,3,2025-03-22,Saturday,1,8
17,120.0,150.0,1,Saturday,3,2025-03-22,Saturday,1,8
16,0.03333333333333333,0.5,1,Saturday,3,2025-03-22,Saturday,1,8
17,0.03333333333333333,0.5,1,Saturday,3,2025-03-29,Saturday,1,9
0,0.03333333333333333,0.5,1,Saturday,3,2025-03-29,Saturday,1,9
16,120.0,150.0,1,Saturday,3,2025-03-29,Saturday,1,9
19,0.03333333333333333,0.5,1,Saturday,3,2025-03-29,Saturday,1,9
22,120.0,0.5,1,Saturday,3,2025-03-29,Saturday,1,9
16,0.03333333333333333,150.0,1,Saturday,3,2025-03-29,Saturday,1,9
12,120.0,0.5,1,Saturday,3,2025-03-29,Saturday,1,9
16,120.0,150.0,1,Saturday,3,2025-03-29,Saturday,1,9
16,0.03333333333333333,150.0,1,Saturday,3,2025-03-29,Saturday,1,9
17,0.03333333333333333,0.5,1,Saturday,3,2025-04-05,Saturday,1,7
16,0.03333333333333333,0.5,1,Saturday,3,2025-04-05,Saturday,1,7
12,120.0,150.0,1,Saturday,3,2025-04-05,Saturday,1,7
17,0.03333333333333333,150.0,1,Saturday,3,2025-04-05,Saturday,1,7
18,120.0,0.5,1,Saturday,3,2025-04-05,Saturday,1,7
16,120.0,150.0,1,Saturday,3,2025-04-05,Saturday,1,7
16,120.0,150.0,1,Saturday,3,2025-04-05,Saturday,1,7
17,120.0,0.5,1,Saturday,3,2025-04-12,Saturday,1,6
16,120.0,150.0,1,Saturday,3,2025-04-12,Saturday,1,6
13,120.0,150.0,1,Saturday,3,2025-04-12,Saturday,1,6
20,120.0,0.5,1,Saturday,3,2025-04-12,Saturday,1,6
14,0.03333333333333333,0.5,1,Saturday,3,2025-04-12,Saturday,1,6
0,120.0,0.5,1,Saturday,3,2025-04-12,Saturday,1,6
19,120.0,0.5,1,Saturday,3,2025-04-19,Saturday,1,5
12,120.0,0.5,1,Saturday,3,2025-04-19,Saturday,1,5
16,0.03333333333333333,150.0,1,Saturday,3,2025-04-19,Saturday,1,5
15,0.03333333333333333,0.5,1,Saturday,3,2025-04-19,Saturday,1,5
6,0.03333333333333333,150.0,1,Saturday,3,2025-04-19,Saturday,1,5
16,0.03333333333333333,0.5,1,Saturday,3,2025-04-26,Saturday,1,6
17,120.0,150.0,1,Saturday,3,2025-04-26,Saturday,1,6
12,120.0,0.5,1,Saturday,3,2025-04-26,Saturday,1,6
18,120.0,0.5,1,Saturday,3,2025-04-26,Saturday,1,6
16,0.03333333333333333,150.0,1,Saturday,3,2025-04-26,Saturday,1,6
12,120.0,0.5,1,Saturday,3,2025-04-26,Saturday,1,6
11,0.03333333333333333,0.5,1,Saturday,3,2025-05-03,Saturday,1,6
12,120.0,150.0,1,Saturday,3,2025-05-03,Saturday,1,6
16,0.03333333333333333,150.0,1,Saturday,3,2025-05-03,Saturday,1,6
16,0.03333333333333333,150.0,1,Saturday,3,2025-05-03,Saturday,1,6
20,0.03333333333333333,0.5,1,Saturday,3,2025-05-03,Saturday,1,6
16,120.0,150.0,1,Saturday,3,2025-05-03,Saturday,1,6
16,120.0,0.5,1,Saturday,3,2025-05-10,Saturday,1,6
14,0.03333333333333333,0.5,1,Saturday,3,2025-05-10,Saturday,1,6
23,120.0,0.5,1,Saturday,3,2025-05-10,Saturday,1,6
16,120.0,0.5,1,Saturday,3,2025-05-10,Saturday,1,6
19,120.0,0.5,1,Saturday,3,2025-05-10,Saturday,1,6
16,120.0,150.0,1,Saturday,3,2025-05-10,Saturday,1,6
20,120.0,0.5,1,Saturday,3,2025-05-17,Saturday,1,8
20,120.0,150.0,1,Saturday,3,2025-05-17,Saturday,1,8
16,120.0,150.0,1,Saturday,3,2025-05-17,Saturday,1,8
21,0.03333333333333333,0.5,1,Saturday,3,2025-05-17,Saturday,1,8
14,0.03333333333333333,0.5,1,Saturday,3,2025-05-17,Saturday,1,8
12,0.03333333333333333,0.5,1,Saturday,3,2025-05-17,Saturday,1,8
21,120.0,0.5,1,Saturday,3,2025-05-17,Saturday,1,8
12,120.0,150.0,1,Saturday,3,2025-05-17,Saturday,1,8
10,0.03333333333333333,0.5,1,Saturday,3,2025-05-24,Saturday,1,5
11,0.03333333333333333,0.5,1,Saturday,3,2025-05-24,Saturday,1,5
16,120.0,150.0,1,Saturday,3,2025-05-24,Saturday,1,5
15,0.03333333333333333,0.5,1,Saturday,3,2025-05-24,Saturday,1,5
17,120.0,0.5,1,Saturday,3,2025-05-24,Saturday,1,5
16,120.0,0.5,1,Saturday,3,2025-05-31,Saturday,1,4
22,0.03333333333333333,0.5,1,Saturday,3,2025-05-31,Saturday,1,4
2,0.03333333333333333,150.0,1,Saturday,3,2025-05-31,Saturday,1,4
14,0.03333333333333333,150.0,1,Saturday,3,2025-05-31,Saturday,1,4
16,0.03333333333333333,150.0,1,Saturday,3,2025-06-07,Saturday,1,6
16,0.03333333333333333,150.0,1,Saturday,3,2025-06-07,Saturday,1,6
19,0.03333333333333333,0.5,1,Saturday,3,2025-06-07,Saturday,1,6
12,120.0,150.0,1,Saturday,3,2025-06-07,Saturday,1,6
21,120.0,0.5,1,Saturday,3,2025-06-07,Saturday,1,6
12,120.0,150.0,1,Saturday,3,2025-06-07,Saturday,1,6
16,0.03333333333333333,0.5,1,Saturday,3,2025-06-14,Saturday,1,5
20,0.03333333333333333,150.0,1,Saturday,3,2025-06-14,Saturday,1,5
21,120.0,0.5,1,Saturday,3,2025-06-14,Saturday,1,5
16,120.0,0.5,1,Saturday,3,2025-06-14,Saturday,1,5
16,0.03333333333333333,0.5,1,Saturday,3,2025-06-14,Saturday,1,5
23,120.0,0.5,1,Saturday,3,2025-06-21,Saturday,1,7
18,0.03333333333333333,0.5,1,Saturday,3,2025-06-21,Saturday,1,7
16,120.0,150.0,1,Saturday,3,2025-06-21,Saturday,1,7
19,120.0,0.5,1,Saturday,3,2025-06-21,Saturday,1,7
12,120.0,150.0,1,Saturday,3,2025-06-21,Saturday,1,7
16,120.0,150.0,1,Saturday,3,2025-06-21,Saturday,1,7
18,0.03333333333333333,0.5,1,Saturday,3,2025-06-21,Saturday,1,7
22,0.03333333333333333,0.5,1,Sunday,3,2025-03-23,Sunday,1,11
16,120.0,0.5,1,Sunday,3,2025-03-23,Sunday,1,11
16,120.0,150.0,1,Sunday,3,2025-03-23,Sunday,1,11
16,0.03333333333333333,0.5,1,Sunday,3,2025-03-23,Sunday,1,11
21,0.03333333333333333,150.0,1,Sunday,3,2025-03-23,Sunday,1,11
12,120.0,0.5,1,Sunday,3,2025-03-23,Sunday,1,11
19,120.0,150.0,1,Sunday,3,2025-03-23,Sunday,1,11
16,120.0,150.0,1,Sunday,3,2025-03-23,Sunday,1,11
16,0.03333333333333333,150.0,1,Sunday,3,2025-03-23,Sunday,1,11
16,0.03333333333333333,150.0,1,Sunday,3,2025-03-23,Sunday,1,11
21,0.03333333333333333,0.5,1,Sunday,3,2025-03-23,Sunday,1,11
16,0.03333333333333333,150.0,1,Sunday,3,2025-03-30,Sunday,1,7
21,120.0,0.5,1,Sunday,3,2025-03-30,Sunday,1,7
17,120.0,0.5,1,Sunday,3,2025-03-30,Sunday,1,7
20,120.0,150.0,1,Sunday,3,2025-03-30,Sunday,1,7
19,0.03333333333333333,150.0,1,Sunday,3,2025-03-30,Sunday,1,7
17,0.03333333333333333,0.5,1,Sunday,3,2025-03-30,Sunday,1,7
23,120.0,150.0,1,Sunday,3,2025-03-30,Sunday,1,7
16,0.03333333333333333,150.0,1,Sunday,3,2025-04-06,Sunday,1,3
22,120.0,0.5,1,Sunday,3,2025-04-06,Sunday,1,3
16,120.0,0.5,1,Sunday,3,2025-04-06,Sunday,1,3
16,120.0,150.0,1,Sunday,3,2025-04-13,Sunday,1,12
12,120.0,0.5,1,Sunday,3,2025-04-13,Sunday,1,12
16,120.0,0.5,1,Sunday,3,2025-04-13,Sunday,1,12
16,120.0,150.0,1,Sunday,3,2025-04-13,Sunday,1,12
12,120.0,150.0,1,Sunday,3,2025-04-13,Sunday,1,12
17,0.03333333333333333,0.5,1,Sunday,3,2025-04-13,Sunday,1,12
16,0.03333333333333333,150.0,1,Sunday,3,2025-04-13,Sunday,1,12
16,0.03333333333333333,0.5,1,Sunday,3,2025-04-13,Sunday,1,12
16,120.0,150.0,1,Sunday,3,2025-04-13,Sunday,1,12
16,120.0,150.0,1,Sunday,3,2025-04-13,Sunday,1,12
12,120.0,0.5,1,Sunday,3,2025-04-13,Sunday,1,12
13,120.0,0.5,1,Sunday,3,2025-04-13,Sunday,1,12
19,0.03333333333333333,150.0,1,Sunday,3,2025-04-20,Sunday,1,10
16,0.03333333333333333,150.0,1,Sunday,3,2025-04-20,Sunday,1,10
15,0.03333333333333333,0.5,1,Sunday,3,2025-04-20,Sunday,1,10
16,0.03333333333333333,150.0,1,Sunday,3,2025-04-20,Sunday,1,10
17,0.03333333333333333,150.0,1,Sunday,3,2025-04-20,Sunday,1,10
4,0.03333333333333333,0.5,1,Sunday,3,2025-04-20,Sunday,1,10
0,120.0,0.5,1,Sunday,3,2025-04-20,Sunday,1,10
16,0.03333333333333333,150.0,1,Sunday,3,2025-04-20,Sunday,1,10
14,120.0,150.0,1,Sunday,3,2025-04-20,Sunday,1,10
16,120.0,150.0,1,Sunday,3,2025-04-20,Sunday,1,10
16,120.0,0.5,1,Sunday,3,2025-04-27,Sunday,1,6
20,0.03333333333333333,0.5,1,Sunday,3,2025-04-27,Sunday,1,6
16,120.0,0.5,1,Sunday,3,2025-04-27,Sunday,1,6
21,120.0,0.5,1,Sunday,3,2025-04-27,Sunday,1,6
14,0.03333333333333333,150.0,1,Sunday,3,2025-04-27,Sunday,1,6
13,0.03333333333333333,150.0,1,Sunday,3,2025-04-27,Sunday,1,6
16,120.0,150.0,1,Sunday,3,2025-05-04,Sunday,1,6
16,0.03333333333333333,150.0,1,Sunday,3,2025-05-04,Sunday,1,6
16,0.03333333333333333,0.5,1,Sunday,3,2025-05-04,Sunday,1,6
17,120.0,150.0,1,Sunday,3,2025-05-04,Sunday,1,6
16,120.0,150.0,1,Sunday,3,2025-05-04,Sunday,1,6
12,120.0,150.0,1,Sunday,3,2025-05-04,Sunday,1,6
16,0.03333333333333333,150.0,1,Sunday,3,2025-05-11,Sunday,1,6
22,120.0,150.0,1,Sunday,3,2025-05-11,Sunday,1,6
16,120.0,0.5,1,Sunday,3,2025-05-11,Sunday,1,6
18,120.0,0.5,1,Sunday,3,2025-05-11,Sunday,1,6
16,0.03333333333333333,150.0,1,Sunday,3,2025-05-11,Sunday,1,6
17,120.0,150.0,1,Sunday,3,2025-05-11,Sunday,1,6
16,120.0,0.5,1,Sunday,3,2025-05-18,Sunday,1,16
16,0.03333333333333333,150.0,1,Sunday,3,2025-05-18,Sunday,1,16
16,120.0,0.5,1,Sunday,3,2025-05-18,Sunday,1,16
16,120.0,150.0,1,Sunday,3,2025-05-18,Sunday,1,16
16,0.03333333333333333,150.0,1,Sunday,3,2025-05-18,Sunday,1,16
12,120.0,0.5,1,Sunday,3,2025-05-18,Sunday,1,16
18,120.0,150.0,1,Sunday,3,2025-05-18,Sunday,1,16
17,120.0,150.0,1,Sunday,3,2025-05-18,Sunday,1,16
14,0.03333333333333333,0.5,1,Sunday,3,2025-05-18,Sunday,1,16
21,0.03333333333333333,0.5,1,Sunday,3,2025-05-18,Sunday,1,16
14,0.03333333333333333,0.5,1,Sunday,3,2025-05-18,Sunday,1,16
5,120.0,0.5,1,Sunday,3,2025-05-18,Sunday,1,16
3,120.0,150.0,1,Sunday,3,2025-05-18,Sunday,1,16
15,120.0,150.0,1,Sunday,3,2025-05-18,Sunday,1,16
22,0.03333333333333333,0.5,1,Sunday,3,2025-05-18,Sunday,1,16
19,0.03333333333333333,0.5,1,Sunday,3,2025-05-18,Sunday,1,16
16,0.03333333333333333,150.0,1,Sunday,3,2025-05-25,Sunday,1,11
16,120.0,0.5,1,Sunday,3,2025-05-25,Sunday,1,11
16,120.0,0.5,1,Sunday,3,2025-05-25,Sunday,1,11
16,0.03333333333333333,150.0,1,Sunday,3,2025-05-25,Sunday,1,11
12,120.0,150.0,1,Sunday,3,2025-05-25,Sunday,1,11
20,0.03333333333333333,150.0,1,Sunday,3,2025-05-25,Sunday,1,11
16,0.03333333333333333,0.5,1,Sunday,3,2025-05-25,Sunday,1,11
16,0.03333333333333333,0.5,1,Sunday,3,2025-05-25,Sunday,1,11
12,120.0,150.0,1,Sunday,3,2025-05-25,Sunday,1,11
17,0.03333333333333333,150.0,1,Sunday,3,2025-05-25,Sunday,1,11
16,120.0,150.0,1,Sunday,3,2025-05-25,Sunday,1,11
16,0.03333333333333333,0.5,1,Sunday,3,2025-06-01,Sunday,1,6
16,0.03333333333333333,150.0,1,Sunday,3,2025-06-01,Sunday,1,6
16,0.03333333333333333,0.5,1,Sunday,3,2025-06-01,Sunday,1,6
16,0.03333333333333333,150.0,1,Sunday,3,2025-06-01,Sunday,1,6
16,120.0,150.0,1,Sunday,3,2025-06-01,Sunday,1,6
16,120.0,150.0,1,Sunday,3,2025-06-01,Sunday,1,6
16,120.0,150.0,1,Sunday,3,2025-06-08,Sunday,1,11
16,120.0,0.5,1,Sunday,3,2025-06-08,Sunday,1,11
10,0.03333333333333333,0.5,1,Sunday,3,2025-06-08,Sunday,1,11
14,120.0,0.5,1,Sunday,3,2025-06-08,Sunday,1,11
16,0.03333333333333333,150.0,1,Sunday,3,2025-06-08,Sunday,1,11
16,120.0,0.5,1,Sunday,3,2025-06-08,Sunday,1,11
16,120.0,0.5,1,Sunday,3,2025-06-08,Sunday,1,11
2,120.0,0.5,1,Sunday,3,2025-06-08,Sunday,1,11
16,120.0,0.5,1,Sunday,3,2025-06-08,Sunday,1,11
16,0.03333333333333333,150.0,1,Sunday,3,2025-06-08,Sunday,1,11
16,0.03333333333333333,150.0,1,Sunday,3,2025-06-08,Sunday,1,11
12,120.0,150.0,1,Sunday,3,2025-06-15,Sunday,1,6
4,120.0,150.0,1,Sunday,3,2025-06-15,Sunday,1,6
17,120.0,0.5,1,Sunday,3,2025-06-15,Sunday,1,6
17,120.0,150.0,1,Sunday,3,2025-06-15,Sunday,1,6
16,0.03333333333333333,150.0,1,Sunday,3,2025-06-15,Sunday,1,6
12,120.0,0.5,1,Sunday,3,2025-06-15,Sunday,1,6
22,120.0,150.0,1,Mon-Th,3,2025-03-24,Mon-Th,1,5
16,0.03333333333333333,0.5,1,Mon-Th,3,2025-03-24,Mon-Th,1,5
17,120.0,150.0,1,Mon-Th,3,2025-03-24,Mon-Th,1,5
19,120.0,0.5,1,Mon-Th,3,2025-03-24,Mon-Th,1,5
16,0.03333333333333333,150.0,1,Mon-Th,3,2025-03-24,Mon-Th,1,5
16,120.0,0.5,1,Mon-Th,3,2025-03-25,Mon-Th,1,10
14,0.03333333333333333,150.0,1,Mon-Th,3,2025-03-25,Mon-Th,1,10
12,120.0,0.5,1,Mon-Th,3,2025-03-25,Mon-Th,1,10
16,120.0,150.0,1,Mon-Th,3,2025-03-25,Mon-Th,1,10
16,0.03333333333333333,150.0,1,Mon-Th,3,2025-03-25,Mon-Th,1,10
14,0.03333333333333333,0.5,1,Mon-Th,3,2025-03-25,Mon-Th,1,10
16,120.0,150.0,1,Mon-Th,3,2025-03-25,Mon-Th,1,10
16,0.03333333333333333,0.5,1,Mon-Th,3,2025-03-25,Mon-Th,1,10
16,120.0,150.0,1,Mon-Th,3,2025-03-25,Mon-Th,1,10
15,0.03333333333333333,0.5,1,Mon-Th,3,2025-03-25,Mon-Th,1,10
17,0.03333333333333333,0.5,1,Mon-Th,3,2025-03-26,Mon-Th,1,4
19,120.0,0.5,1,Mon-Th,3,2025-03-26,Mon-Th,1,4
20,120.0,0.5,1,Mon-Th,3,2025-03-26,Mon-Th,1,4
12,120.0,0.5,1,Mon-Th,3,2025-03-26,Mon-Th,1,4
22,120.0,150.0,1,Mon-Th,3,2025-03-27,Mon-Th,1,8
16,0.03333333333333333,150.0,1,Mon-Th,3,2025-03-27,Mon-Th,1,8
16,120.0,150.0,1,Mon-Th,3,2025-03-27,Mon-Th,1,8
12,120.0,150.0,1,Mon-Th,3,2025-03-27,Mon-Th,1,8
14,0.03333333333333333,0.5,1,Mon-Th,3,2025-03-27,Mon-Th,1,8
17,0.03333333333333333,150.0,1,Mon-Th,3,2025-03-27,Mon-Th,1,8
12,120.0,0.5,1,Mon-Th,3,2025-03-27,Mon-Th,1,8
16,120.0,0.5,1,Mon-Th,3,2025-03-27,Mon-Th,1,8
20,0.03333333333333333,0.5,1,Mon-Th,3,2025-03-31,Mon-Th,1,10
7,120.0,150.0,1,Mon-Th,3,2025-03-31,Mon-Th,1,10
12,120.0,0.5,1,Mon-Th,3,2025-03-31,Mon-Th,1,10
16,120.0,150.0,1,Mon-Th,3,2025-03-31,Mon-Th,1,10
17,120.0,150.0,1,Mon-Th,3,2025-03-31,Mon-Th,1,10
12,120.0,150.0,1,Mon-Th,3,2025-03-31,Mon-Th,1,10
16,0.03333333333333333,0.5,1,Mon-Th,3,2025-03-31,Mon-Th,1,10
16,120.0,0.5,1,Mon-Th,3,2025-03-31,Mon-Th,1,10
15,0.03333333333333333,150.0,1,Mon-Th,3,2025-03-31,Mon-Th,1,10
16,0.03333333333333333,150.0,1,Mon-Th,3,2025-03-31,Mon-Th,1,10
16,120.0,150.0,1,Mon-Th,3,2025-04-01,Mon-Th,1,9
19,120.0,0.5,1,Mon-Th,3,2025-04-01,Mon-Th,1,9
14,0.03333333333333333,0.5,1,Mon-Th,3,2025-04-01,Mon-Th,1,9
23,0.03333333333333333,150.0,1,Mon-Th,3,2025-04-01,Mon-Th,1,9
1,120.0,0.5,1,Mon-Th,3,2025-04-01,Mon-Th,1,9
13,0.03333333333333333,0.5,1,Mon-Th,3,2025-04-01,Mon-Th,1,9
15,120.0,150.0,1,Mon-Th,3,2025-04-01,Mon-Th,1,9
16,0.03333333333333333,0.5,1,Mon-Th,3,2025-04-01,Mon-Th,1,9
16,120.0,150.0,1,Mon-Th,3,2025-04-01,Mon-Th,1,9
15,120.0,150.0,1,Mon-Th,3,2025-04-02,Mon-Th,1,4
16,120.0,0.5,1,Mon-Th,3,2025-04-02,Mon-Th,1,4
16,0.03333333333333333,150.0,1,Mon-Th,3,2025-04-02,Mon-Th,1,4
19,0.03333333333333333,0.5,1,Mon-Th,3,2025-04-02,Mon-Th,1,4
12,120.0,150.0,1,Mon-Th,3,2025-04-03,Mon-Th,1,7
16,120.0,150.0,1,Mon-Th,3,2025-04-03,Mon-Th,1,7
16,120.0,0.5,1,Mon-Th,3,2025-04-03,Mon-Th,1,7
14,0.03333333333333333,0.5,1,Mon-Th,3,2025-04-03,Mon-Th,1,7
17,120.0,150.0,1,Mon-Th,3,2025-04-03,Mon-Th,1,7
20,120.0,150.0,1,Mon-Th,3,2025-04-03,Mon-Th,1,7
16,0.03333333333333333,150.0,1,Mon-Th,3,2025-04-03,Mon-Th,1,7
11,0.03333333333333333,0.5,1,Mon-Th,3,2025-04-07,Mon-Th,1,7
12,120.0,0.5,1,Mon-Th,3,2025-04-07,Mon-Th,1,7
16,120.0,0.5,1,Mon-Th,3,2025-04-07,Mon-Th,1,7
12,120.0,150.0,1,Mon-Th,3,2025-04-07,Mon-Th,1,7
16,0.03333333333333333,150.0,1,Mon-Th,3,2025-04-07,Mon-Th,1,7
16,120.0,0.5,1,Mon-Th,3,2025-04-07,Mon-Th,1,7
11,120.0,150.0,1,Mon-Th,3,2025-04-07,Mon-Th,1,7
22,120.0,0.5,1,Mon-Th,3,2025-04-08,Mon-Th,1,6
16,0.03333333333333333,0.5,1,Mon-Th,3,2025-04-08,Mon-Th,1,6
23,120.0,0.5,1,Mon-Th,3,2025-04-08,Mon-Th,1,6
20,0.03333333333333333,0.5,1,Mon-Th,3,2025-04-08,Mon-Th,1,6
16,120.0,150.0,1,Mon-Th,3,2025-04-08,Mon-Th,1,6
16,0.03333333333333333,150.0,1,Mon-Th,3,2025-04-08,Mon-Th,1,6
12,120.0,150.0,1,Mon-Th,3,2025-04-09,Mon-Th,1,2
16,0.03333333333333333,0.5,1,Mon-Th,3,2025-04-09,Mon-Th,1,2
16,0.03333333333333333,150.0,1,Mon-Th,3,2025-04-10,Mon-Th,1,5
16,0.03333333333333333,150.0,1,Mon-Th,3,2025-04-10,Mon-Th,1,5
16,120.0,0.5,1,Mon-Th,3,2025-04-10,Mon-Th,1,5
12,120.0,150.0,1,Mon-Th,3,2025-04-10,Mon-Th,1,5
16,0.03333333333333333,0.5,1,Mon-Th,3,2025-04-10,Mon-Th,1,5
16,0.03333333333333333,150.0,1,Mon-Th,3,2025-04-14,Mon-Th,1,9
16,0.03333333333333333,0.5,1,Mon-Th,3,2025-04-14,Mon-Th,1,9
18,120.0,0.5,1,Mon-Th,3,2025-04-14,Mon-Th,1,9
16,0.03333333333333333,150.0,1,Mon-Th,3,2025-04-14,Mon-Th,1,9
16,120.0,0.5,1,Mon-Th,3,2025-04-14,Mon-Th,1,9
16,120.0,150.0,1,Mon-Th,3,2025-04-14,Mon-Th,1,9
16,0.03333333333333333,150.0,1,Mon-Th,3,2025-04-14,Mon-Th,1,9
13,0.03333333333333333,0.5,1,Mon-Th,3,2025-04-14,Mon-Th,1,9
16,0.03333333333333333,0.5,1,Mon-Th,3,2025-04-14,Mon-Th,1,9
20,120.0,150.0,1,Mon-Th,3,2025-04-15,Mon-Th,1,9
16,120.0,150.0,1,Mon-Th,3,2025-04-15,Mon-Th,1,9
16,120.0,150.0,1,Mon-Th,3,2025-04-15,Mon-Th,1,9
17,120.0,0.5,1,Mon-Th,3,2025-04-15,Mon-Th,1,9
14,0.03333333333333333,150.0,1,Mon-Th,3,2025-04-15,Mon-Th,1,9
16,0.03333333333333333,150.0,1,Mon-Th,3,2025-04-15,Mon-Th,1,9
4,0.03333333333333333,150.0,1,Mon-Th,3,2025-04-15,Mon-Th,1,9
18,0.03333333333333333,0.5,1,Mon-Th,3,2025-04-15,Mon-Th,1,9
17,0.03333333333333333,0.5,1,Mon-Th,3,2025-04-15,Mon-Th,1,9
14,0.03333333333333333,0.5,1,Mon-Th,3,2025-04-16,Mon-Th,1,5
19,120.0,150.0,1,Mon-Th,3,2025-04-16,Mon-Th,1,5
17,120.0,150.0,1,Mon-Th,3,2025-04-16,Mon-Th,1,5
19,0.03333333333333333,0.5,1,Mon-Th,3,2025-04-16,Mon-Th,1,5
16,120.0,150.0,1,Mon-Th,3,2025-04-16,Mon-Th,1,5
13,0.03333333333333333,0.5,1,Mon-Th,3,2025-04-17,Mon-Th,1,5
11,0.03333333333333333,0.5,1,Mon-Th,3,2025-04-17,Mon-Th,1,5
17,120.0,0.5,1,Mon-Th,3,2025-04-17,Mon-Th,1,5
14,120.0,0.5,1,Mon-Th,3,2025-04-17,Mon-Th,1,5
22,120.0,0.5,1,Mon-Th,3,2025-04-17,Mon-Th,1,5
12,120.0,150.0,1,Mon-Th,3,2025-04-21,Mon-Th,1,12
16,120.0,0.5,1,Mon-Th,3,2025-04-21,Mon-Th,1,12
16,0.03333333333333333,0.5,1,Mon-Th,3,2025-04-21,Mon-Th,1,12
16,120.0,150.0,1,Mon-Th,3,2025-04-21,Mon-Th,1,12
16,0.03333333333333333,150.0,1,Mon-Th,3,2025-04-21,Mon-Th,1,12
19,120.0,150.0,1,Mon-Th,3,2025-04-21,Mon-Th,1,12
22,0.03333333333333333,0.5,1,Mon-Th,3,2025-04-21,Mon-Th,1,12
12,120.0,150.0,1,Mon-Th,3,2025-04-21,Mon-Th,1,12
21,0.03333333333333333,0.5,1,Mon-Th,3,2025-04-21,Mon-Th,1,12
16,120.0,150.0,1,Mon-Th,3,2025-04-21,Mon-Th,1,12
14,0.03333333333333333,150.0,1,Mon-Th,3,2025-04-21,Mon-Th,1,12
14,0.03333333333333333,0.5,1,Mon-Th,3,2025-04-21,Mon-Th,1,12
16,120.0,150.0,1,Mon-Th,3,2025-04-22,Mon-Th,1,6
16,120.0,0.5,1,Mon-Th,3,2025-04-22,Mon-Th,1,6
16,0.03333333333333333,0.5,1,Mon-Th,3,2025-04-22,Mon-Th,1,6
12,120.0,150.0,1,Mon-Th,3,2025-04-22,Mon-Th,1,6
20,0.03333333333333333,0.5,1,Mon-Th,3,2025-04-22,Mon-Th,1,6
14,0.03333333333333333,0.5,1,Mon-Th,3,2025-04-22,Mon-Th,1,6
15,0.03333333333333333,0.5,1,Mon-Th,3,2025-04-23,Mon-Th,1,7
16,0.03333333333333333,0.5,1,Mon-Th,3,2025-04-23,Mon-Th,1,7
16,120.0,0.5,1,Mon-Th,3,2025-04-23,Mon-Th,1,7
11,120.0,0.5,1,Mon-Th,3,2025-04-23,Mon-Th,1,7
16,0.03333333333333333,150.0,1,Mon-Th,3,2025-04-23,Mon-Th,1,7
15,0.03333333333333333,150.0,1,Mon-Th,3,2025-04-23,Mon-Th,1,7
18,0.03333333333333333,150.0,1,Mon-Th,3,2025-04-23,Mon-Th,1,7
12,120.0,150.0,1,Mon-Th,3,2025-04-24,Mon-Th,1,8
15,0.03333333333333333,0.5,1,Mon-Th,3,2025-04-24,Mon-Th,1,8
16,0.03333333333333333,150.0,1,Mon-Th,3,2025-04-24,Mon-Th,1,8
16,0.03333333333333333,0.5,1,Mon-Th,3,2025-04-24,Mon-Th,1,8
16,120.0,0.5,1,Mon-Th,3,2025-04-24,Mon-Th,1,8
19,0.03333333333333333,0.5,1,Mon-Th,3,2025-04-24,Mon-Th,1,8
16,0.03333333333333333,150.0,1,Mon-Th,3,2025-04-24,Mon-Th,1,8
16,0.03333333333333333,150.0,1,Mon-Th,3,2025-04-24,Mon-Th,1,8
10,0.03333333333333333,0.5,1,Mon-Th,3,2025-04-28,Mon-Th,1,5
23,120.0,0.5,1,Mon-Th,3,2025-04-28,Mon-Th,1,5
18,120.0,0.5,1,Mon-Th,3,2025-04-28,Mon-Th,1,5
2,0.03333333333333333,0.5,1,Mon-Th,3,2025-04-28,Mon-Th,1,5
17,120.0,0.5,1,Mon-Th,3,2025-04-28,Mon-Th,1,5
16,120.0,150.0,1,Mon-Th,3,2025-04-29,Mon-Th,1,9
20,0.03333333333333333,150.0,1,Mon-Th,3,2025-04-29,Mon-Th,1,9
22,120.0,0.5,1,Mon-Th,3,2025-04-29,Mon-Th,1,9
13,0.03333333333333333,150.0,1,Mon-Th,3,2025-04-29,Mon-Th,1,9
14,0.03333333333333333,150.0,1,Mon-Th,3,2025-04-29,Mon-Th,1,9
16,0.03333333333333333,150.0,1,Mon-Th,3,2025-04-29,Mon-Th,1,9
16,0.03333333333333333,0.5,1,Mon-Th,3,2025-04-29,Mon-Th,1,9
16,0.03333333333333333,150.0,1,Mon-Th,3,2025-04-29,Mon-Th,1,9
16,120.0,0.5,1,Mon-Th,3,2025-04-29,Mon-Th,1,9
14,120.0,0.5,1,Mon-Th,3,2025-04-30,Mon-Th,1,8
16,0.03333333333333333,0.5,1,Mon-Th,3,2025-04-30,Mon-Th,1,8
16,0.03333333333333333,0.5,1,Mon-Th,3,2025-04-30,Mon-Th,1,8
15,0.03333333333333333,150.0,1,Mon-Th,3,2025-04-30,Mon-Th,1,8
21,120.0,150.0,1,Mon-Th,3,2025-04-30,Mon-Th,1,8
12,120.0,0.5,1,Mon-Th,3,2025-04-30,Mon-Th,1,8
16,120.0,150.0,1,Mon-Th,3,2025-04-30,Mon-Th,1,8
19,120.0,150.0,1,Mon-Th,3,2025-04-30,Mon-Th,1,8
11,0.03333333333333333,0.5,1,Mon-Th,3,2025-05-01,Mon-Th,1,7
23,0.03333333333333333,150.0,1,Mon-Th,3,2025-05-01,Mon-Th,1,7
22,120.0,0.5,1,Mon-Th,3,2025-05-01,Mon-Th,1,7
16,0.03333333333333333,0.5,1,Mon-Th,3,2025-05-01,Mon-Th,1,7
21,0.03333333333333333,0.5,1,Mon-Th,3,2025-05-01,Mon-Th,1,7
20,0.03333333333333333,0.5,1,Mon-Th,3,2025-05-01,Mon-Th,1,7
17,0.03333333333333333,0.5,1,Mon-Th,3,2025-05-01,Mon-Th,1,7
23,120.0,150.0,1,Mon-Th,3,2025-05-05,Mon-Th,1,12
16,120.0,150.0,1,Mon-Th,3,2025-05-05,Mon-Th,1,12
9,0.03333333333333333,0.5,1,Mon-Th,3,2025-05-05,Mon-Th,1,12
16,120.0,0.5,1,Mon-Th,3,2025-05-05,Mon-Th,1,12
12,120.0,150.0,1,Mon-Th,3,2025-05-05,Mon-Th,1,12
16,120.0,150.0,1,Mon-Th,3,2025-05-05,Mon-Th,1,12
16,0.03333333333333333,150.0,1,Mon-Th,3,2025-05-05,Mon-Th,1,12
16,120.0,150.0,1,Mon-Th,3,2025-05-05,Mon-Th,1,12
17,0.03333333333333333,150.0,1,Mon-Th,3,2025-05-05,Mon-Th,1,12
16,0.03333333333333333,150.0,1,Mon-Th,3,2025-05-05,Mon-Th,1,12
16,0.03333333333333333,0.5,1,Mon-Th,3,2025-05-05,Mon-Th,1,12
12,0.03333333333333333,0.5,1,Mon-Th,3,2025-05-05,Mon-Th,1,12
22,0.03333333333333333,150.0,1,Mon-Th,3,2025-05-06,Mon-Th,1,11
16,0.03333333333333333,150.0,1,Mon-Th,3,2025-05-06,Mon-Th,1,11
20,120.0,0.5,1,Mon-Th,3,2025-05-06,Mon-Th,1,11
18,120.0,0.5,1,Mon-Th,3,2025-05-06,Mon-Th,1,11
16,0.03333333333333333,150.0,1,Mon-Th,3,2025-05-06,Mon-Th,1,11
16,120.0,0.5,1,Mon-Th,3,2025-05-06,Mon-Th,1,11
16,120.0,150.0,1,Mon-Th,3,2025-05-06,Mon-Th,1,11
12,120.0,0.5,1,Mon-Th,3,2025-05-06,Mon-Th,1,11
16,0.03333333333333333,0.5,1,Mon-Th,3,2025-05-06,Mon-Th,1,11
16,120.0,0.5,1,Mon-Th,3,2025-05-06,Mon-Th,1,11
15,120.0,150.0,1,Mon-Th,3,2025-05-06,Mon-Th,1,11
15,0.03333333333333333,0.5,1,Mon-Th,3,2025-05-07,Mon-Th,1,7
16,0.03333333333333333,0.5,1,Mon-Th,3,2025-05-07,Mon-Th,1,7
12,120.0,150.0,1,Mon-Th,3,2025-05-07,Mon-Th,1,7
16,120.0,0.5,1,Mon-Th,3,2025-05-07,Mon-Th,1,7
16,0.03333333333333333,0.5,1,Mon-Th,3,2025-05-07,Mon-Th,1,7
18,0.03333333333333333,0.5,1,Mon-Th,3,2025-05-07,Mon-Th,1,7
16,120.0,0.5,1,Mon-Th,3,2025-05-07,Mon-Th,1,7
22,0.03333333333333333,0.5,1,Mon-Th,3,2025-05-08,Mon-Th,1,10
12,120.0,150.0,1,Mon-Th,3,2025-05-08,Mon-Th,1,10
22,120.0,0.5,1,Mon-Th,3,2025-05-08,Mon-Th,1,10
21,120.0,0.5,1,Mon-Th,3,2025-05-08,Mon-Th,1,10
16,120.0,0.5,1,Mon-Th,3,2025-05-08,Mon-Th,1,10
12,120.0,0.5,1,Mon-Th,3,2025-05-08,Mon-Th,1,10
16,0.03333333333333333,150.0,1,Mon-Th,3,2025-05-08,Mon-Th,1,10
14,120.0,150.0,1,Mon-Th,3,2025-05-08,Mon-Th,1,10
13,120.0,0.5,1,Mon-Th,3,2025-05-08,Mon-Th,1,10
12,120.0,150.0,1,Mon-Th,3,2025-05-08,Mon-Th,1,10
16,120.0,150.0,1,Mon-Th,3,2025-05-12,Mon-Th,1,10
12,120.0,0.5,1,Mon-Th,3,2025-05-12,Mon-Th,1,10
16,0.03333333333333333,0.5,1,Mon-Th,3,2025-05-12,Mon-Th,1,10
16,120.0,0.5,1,Mon-Th,3,2025-05-12,Mon-Th,1,10
16,0.03333333333333333,150.0,1,Mon-Th,3,2025-05-12,Mon-Th,1,10
16,0.03333333333333333,150.0,1,Mon-Th,3,2025-05-12,Mon-Th,1,10
12,120.0,0.5,1,Mon-Th,3,2025-05-12,Mon-Th,1,10
19,120.0,150.0,1,Mon-Th,3,2025-05-12,Mon-Th,1,10
16,120.0,0.5,1,Mon-Th,3,2025-05-12,Mon-Th,1,10
10,120.0,0.5,1,Mon-Th,3,2025-05-12,Mon-Th,1,10
12,120.0,150.0,1,Mon-Th,3,2025-05-13,Mon-Th,1,10
16,120.0,150.0,1,Mon-Th,3,2025-05-13,Mon-Th,1,10
16,0.03333333333333333,150.0,1,Mon-Th,3,2025-05-13,Mon-Th,1,10
15,120.0,150.0,1,Mon-Th,3,2025-05-13,Mon-Th,1,10
16,120.0,0.5,1,Mon-Th,3,2025-05-13,Mon-Th,1,10
15,0.03333333333333333,150.0,1,Mon-Th,3,2025-05-13,Mon-Th,1,10
16,120.0,150.0,1,Mon-Th,3,2025-05-13,Mon-Th,1,10
19,0.03333333333333333,150.0,1,Mon-Th,3,2025-05-13,Mon-Th,1,10
16,0.03333333333333333,150.0,1,Mon-Th,3,2025-05-13,Mon-Th,1,10
17,120.0,0.5,1,Mon-Th,3,2025-05-13,Mon-Th,1,10
16,120.0,150.0,1,Mon-Th,3,2025-05-14,Mon-Th,1,6
16,120.0,0.5,1,Mon-Th,3,2025-05-14,Mon-Th,1,6
17,0.03333333333333333,0.5,1,Mon-Th,3,2025-05-14,Mon-Th,1,6
16,120.0,150.0,1,Mon-Th,3,2025-05-14,Mon-Th,1,6
16,0.03333333333333333,0.5,1,Mon-Th,3,2025-05-14,Mon-Th,1,6
20,0.03333333333333333,0.5,1,Mon-Th,3,2025-05-14,Mon-Th,1,6
17,120.0,0.5,1,Mon-Th,3,2025-05-15,Mon-Th,1,10
16,120.0,0.5,1,Mon-Th,3,2025-05-15,Mon-Th,1,10
16,0.03333333333333333,150.0,1,Mon-Th,3,2025-05-15,Mon-Th,1,10
17,120.0,150.0,1,Mon-Th,3,2025-05-15,Mon-Th,1,10
18,0.03333333333333333,150.0,1,Mon-Th,3,2025-05-15,Mon-Th,1,10
16,0.03333333333333333,150.0,1,Mon-Th,3,2025-05-15,Mon-Th,1,10
16,120.0,150.0,1,Mon-Th,3,2025-05-15,Mon-Th,1,10
16,120.0,0.5,1,Mon-Th,3,2025-05-15,Mon-Th,1,10
16,0.03333333333333333,150.0,1,Mon-Th,3,2025-05-15,Mon-Th,1,10
16,0.03333333333333333,150.0,1,Mon-Th,3,2025-05-15,Mon-Th,1,10
8,0.03333333333333333,0.5,1,Mon-Th,3,2025-05-19,Mon-Th,1,11
15,120.0,0.5,1,Mon-Th,3,2025-05-19,Mon-Th,1,11
12,0.03333333333333333,150.0,1,Mon-Th,3,2025-05-19,Mon-Th,1,11
22,0.03333333333333333,0.5,1,Mon-Th,3,2025-05-19,Mon-Th,1,11
16,0.03333333333333333,150.0,1,Mon-Th,3,2025-05-19,Mon-Th,1,11
17,0.03333333333333333,150.0,1,Mon-Th,3,2025-05-19,Mon-Th,1,11
16,120.0,0.5,1,Mon-Th,3,2025-05-19,Mon-Th,1,11
16,120.0,150.0,1,Mon-Th,3,2025-05-19,Mon-Th,1,11
12,120.0,0.5,1,Mon-Th,3,2025-05-19,Mon-Th,1,11
15,0.03333333333333333,0.5,1,Mon-Th,3,2025-05-19,Mon-Th,1,11
16,0.03333333333333333,150.0,1,Mon-Th,3,2025-05-19,Mon-Th,1,11
16,0.03333333333333333,0.5,1,Mon-Th,3,2025-05-20,Mon-Th,1,6
22,120.0,0.5,1,Mon-Th,3,2025-05-20,Mon-Th,1,6
16,120.0,150.0,1,Mon-Th,3,2025-05-20,Mon-Th,1,6
18,0.03333333333333333,0.5,1,Mon-Th,3,2025-05-20,Mon-Th,1,6
15,0.03333333333333333,0.5,1,Mon-Th,3,2025-05-20,Mon-Th,1,6
22,0.03333333333333333,0.5,1,Mon-Th,3,2025-05-20,Mon-Th,1,6
16,120.0,150.0,1,Mon-Th,3,2025-05-21,Mon-Th,1,10
16,120.0,150.0,1,Mon-Th,3,2025-05-21,Mon-Th,1,10
16,120.0,150.0,1,Mon-Th,3,2025-05-21,Mon-Th,1,10
14,0.03333333333333333,150.0,1,Mon-Th,3,2025-05-21,Mon-Th,1,10
18,120.0,0.5,1,Mon-Th,3,2025-05-21,Mon-Th,1,10
16,0.03333333333333333,0.5,1,Mon-Th,3,2025-05-21,Mon-Th,1,10
16,120.0,150.0,1,Mon-Th,3,2025-05-21,Mon-Th,1,10
16,120.0,150.0,1,Mon-Th,3,2025-05-21,Mon-Th,1,10
16,0.03333333333333333,150.0,1,Mon-Th,3,2025-05-21,Mon-Th,1,10
14,0.03333333333333333,0.5,1,Mon-Th,3,2025-05-21,Mon-Th,1,10
20,0.03333333333333333,0.5,1,Mon-Th,3,2025-05-22,Mon-Th,1,12
16,0.03333333333333333,0.5,1,Mon-Th,3,2025-05-22,Mon-Th,1,12
15,120.0,150.0,1,Mon-Th,3,2025-05-22,Mon-Th,1,12
3,120.0,0.5,1,Mon-Th,3,2025-05-22,Mon-Th,1,12
11,0.03333333333333333,150.0,1,Mon-Th,3,2025-05-22,Mon-Th,1,12
15,0.03333333333333333,0.5,1,Mon-Th,3,2025-05-22,Mon-Th,1,12
14,0.03333333333333333,150.0,1,Mon-Th,3,2025-05-22,Mon-Th,1,12
23,120.0,0.5,1,Mon-Th,3,2025-05-22,Mon-Th,1,12
18,120.0,150.0,1,Mon-Th,3,2025-05-22,Mon-Th,1,12
14,0.03333333333333333,0.5,1,Mon-Th,3,2025-05-22,Mon-Th,1,12
16,120.0,150.0,1,Mon-Th,3,2025-05-22,Mon-Th,1,12
14,120.0,0.5,1,Mon-Th,3,2025-05-22,Mon-Th,1,12
16,120.0,150.0,1,Mon-Th,3,2025-05-26,Mon-Th,1,9
16,0.03333333333333333,0.5,1,Mon-Th,3,2025-05-26,Mon-Th,1,9
15,120.0,150.0,1,Mon-Th,3,2025-05-26,Mon-Th,1,9
23,120.0,0.5,1,Mon-Th,3,2025-05-26,Mon-Th,1,9
14,120.0,0.5,1,Mon-Th,3,2025-05-26,Mon-Th,1,9
17,0.03333333333333333,150.0,1,Mon-Th,3,2025-05-26,Mon-Th,1,9
16,120.0,0.5,1,Mon-Th,3,2025-05-26,Mon-Th,1,9
16,0.03333333333333333,0.5,1,Mon-Th,3,2025-05-26,Mon-Th,1,9
22,0.03333333333333333,0.5,1,Mon-Th,3,2025-05-26,Mon-Th,1,9
12,120.0,0.5,1,Mon-Th,3,2025-05-27,Mon-Th,1,10
16,0.03333333333333333,0.5,1,Mon-Th,3,2025-05-27,Mon-Th,1,10
0,0.03333333333333333,0.5,1,Mon-Th,3,2025-05-27,Mon-Th,1,10
16,120.0,150.0,1,Mon-Th,3,2025-05-27,Mon-Th,1,10
16,0.03333333333333333,0.5,1,Mon-Th,3,2025-05-27,Mon-Th,1,10
22,0.03333333333333333,150.0,1,Mon-Th,3,2025-05-27,Mon-Th,1,10
19,120.0,0.5,1,Mon-Th,3,2025-05-27,Mon-Th,1,10
16,0.03333333333333333,0.5,1,Mon-Th,3,2025-05-27,Mon-Th,1,10
16,0.03333333333333333,150.0,1,Mon-Th,3,2025-05-27,Mon-Th,1,10
22,0.03333333333333333,0.5,1,Mon-Th,3,2025-05-27,Mon-Th,1,10
9,120.0,0.5,1,Mon-Th,3,2025-05-28,Mon-Th,1,11
21,120.0,150.0,1,Mon-Th,3,2025-05-28,Mon-Th,1,11
12,120.0,0.5,1,Mon-Th,3,2025-05-28,Mon-Th,1,11
17,0.03333333333333333,150.0,1,Mon-Th,3,2025-05-28,Mon-Th,1,11
14,0.03333333333333333,0.5,1,Mon-Th,3,2025-05-28,Mon-Th,1,11
16,120.0,150.0,1,Mon-Th,3,2025-05-28,Mon-Th,1,11
12,120.0,0.5,1,Mon-Th,3,2025-05-28,Mon-Th,1,11
17,120.0,150.0,1,Mon-Th,3,2025-05-28,Mon-Th,1,11
16,120.0,0.5,1,Mon-Th,3,2025-05-28,Mon-Th,1,11
12,120.0,0.5,1,Mon-Th,3,2025-05-28,Mon-Th,1,11
2,120.0,0.5,1,Mon-Th,3,2025-05-28,Mon-Th,1,11
12,120.0,0.5,1,Mon-Th,3,2025-05-29,Mon-Th,1,6
14,0.03333333333333333,150.0,1,Mon-Th,3,2025-05-29,Mon-Th,1,6
16,120.0,150.0,1,Mon-Th,3,2025-05-29,Mon-Th,1,6
16,120.0,150.0,1,Mon-Th,3,2025-05-29,Mon-Th,1,6
21,0.03333333333333333,0.5,1,Mon-Th,3,2025-05-29,Mon-Th,1,6
16,0.03333333333333333,0.5,1,Mon-Th,3,2025-05-29,Mon-Th,1,6
16,0.03333333333333333,150.0,1,Mon-Th,3,2025-06-02,Mon-Th,1,8
23,0.03333333333333333,0.5,1,Mon-Th,3,2025-06-02,Mon-Th,1,8
18,0.03333333333333333,0.5,1,Mon-Th,3,2025-06-02,Mon-Th,1,8
16,120.0,0.5,1,Mon-Th,3,2025-06-02,Mon-Th,1,8
22,0.03333333333333333,150.0,1,Mon-Th,3,2025-06-02,Mon-Th,1,8
21,0.03333333333333333,0.5,1,Mon-Th,3,2025-06-02,Mon-Th,1,8
12,120.0,150.0,1,Mon-Th,3,2025-06-02,Mon-Th,1,8
16,120.0,0.5,1,Mon-Th,3,2025-06-02,Mon-Th,1,8
16,120.0,150.0,1,Mon-Th,3,2025-06-03,Mon-Th,1,8
14,0.03333333333333333,150.0,1,Mon-Th,3,2025-06-03,Mon-Th,1,8
16,0.03333333333333333,150.0,1,Mon-Th,3,2025-06-03,Mon-Th,1,8
16,0.03333333333333333,0.5,1,Mon-Th,3,2025-06-03,Mon-Th,1,8
18,0.03333333333333333,150.0,1,Mon-Th,3,2025-06-03,Mon-Th,1,8
11,0.03333333333333333,150.0,1,Mon-Th,3,2025-06-03,Mon-Th,1,8
23,0.03333333333333333,0.5,1,Mon-Th,3,2025-06-03,Mon-Th,1,8
19,0.03333333333333333,150.0,1,Mon-Th,3,2025-06-03,Mon-Th,1,8
12,120.0,150.0,1,Mon-Th,3,2025-06-04,Mon-Th,1,6
16,120.0,0.5,1,Mon-Th,3,2025-06-04,Mon-Th,1,6
16,0.03333333333333333,0.5,1,Mon-Th,3,2025-06-04,Mon-Th,1,6
16,120.0,150.0,1,Mon-Th,3,2025-06-04,Mon-Th,1,6
20,120.0,150.0,1,Mon-Th,3,2025-06-04,Mon-Th,1,6
16,120.0,150.0,1,Mon-Th,3,2025-06-04,Mon-Th,1,6
21,120.0,0.5,1,Mon-Th,3,2025-06-05,Mon-Th,1,10
16,0.03333333333333333,150.0,1,Mon-Th,3,2025-06-05,Mon-Th,1,10
16,120.0,150.0,1,Mon-Th,3,2025-06-05,Mon-Th,1,10
12,120.0,150.0,1,Mon-Th,3,2025-06-05,Mon-Th,1,10
16,120.0,150.0,1,Mon-Th,3,2025-06-05,Mon-Th,1,10
16,0.03333333333333333,0.5,1,Mon-Th,3,2025-06-05,Mon-Th,1,10
20,0.03333333333333333,150.0,1,Mon-Th,3,2025-06-05,Mon-Th,1,10
23,120.0,0.5,1,Mon-Th,3,2025-06-05,Mon-Th,1,10
16,0.03333333333333333,150.0,1,Mon-Th,3,2025-06-05,Mon-Th,1,10
16,120.0,150.0,1,Mon-Th,3,2025-06-05,Mon-Th,1,10
16,120.0,150.0,1,Mon-Th,3,2025-06-09,Mon-Th,1,11
16,0.03333333333333333,150.0,1,Mon-Th,3,2025-06-09,Mon-Th,1,11
14,0.03333333333333333,150.0,1,Mon-Th,3,2025-06-09,Mon-Th,1,11
22,120.0,0.5,1,Mon-Th,3,2025-06-09,Mon-Th,1,11
16,120.0,0.5,1,Mon-Th,3,2025-06-09,Mon-Th,1,11
14,120.0,0.5,1,Mon-Th,3,2025-06-09,Mon-Th,1,11
16,0.03333333333333333,0.5,1,Mon-Th,3,2025-06-09,Mon-Th,1,11
12,120.0,0.5,1,Mon-Th,3,2025-06-09,Mon-Th,1,11
16,120.0,0.5,1,Mon-Th,3,2025-06-09,Mon-Th,1,11
17,120.0,150.0,1,Mon-Th,3,2025-06-09,Mon-Th,1,11
16,120.0,150.0,1,Mon-Th,3,2025-06-09,Mon-Th,1,11
21,120.0,0.5,1,Mon-Th,3,2025-06-10,Mon-Th,1,7
10,0.03333333333333333,150.0,1,Mon-Th,3,2025-06-10,Mon-Th,1,7
16,0.03333333333333333,150.0,1,Mon-Th,3,2025-06-10,Mon-Th,1,7
12,120.0,150.0,1,Mon-Th,3,2025-06-10,Mon-Th,1,7
18,120.0,0.5,1,Mon-Th,3,2025-06-10,Mon-Th,1,7
14,0.03333333333333333,0.5,1,Mon-Th,3,2025-06-10,Mon-Th,1,7
16,120.0,150.0,1,Mon-Th,3,2025-06-10,Mon-Th,1,7
16,0.03333333333333333,150.0,1,Mon-Th,3,2025-06-11,Mon-Th,1,12
14,120.0,0.5,1,Mon-Th,3,2025-06-11,Mon-Th,1,12
14,0.03333333333333333,0.5,1,Mon-Th,3,2025-06-11,Mon-Th,1,12
12,120.0,150.0,1,Mon-Th,3,2025-06-11,Mon-Th,1,12
14,0.03333333333333333,150.0,1,Mon-Th,3,2025-06-11,Mon-Th,1,12
14,0.03333333333333333,150.0,1,Mon-Th,3,2025-06-11,Mon-Th,1,12
12,120.0,150.0,1,Mon-Th,3,2025-06-11,Mon-Th,1,12
23,0.03333333333333333,150.0,1,Mon-Th,3,2025-06-11,Mon-Th,1,12
8,120.0,0.5,1,Mon-Th,3,2025-06-11,Mon-Th,1,12
22,0.03333333333333333,0.5,1,Mon-Th,3,2025-06-11,Mon-Th,1,12
15,120.0,150.0,1,Mon-Th,3,2025-06-11,Mon-Th,1,12
16,0.03333333333333333,150.0,1,Mon-Th,3,2025-06-11,Mon-Th,1,12
21,0.03333333333333333,0.5,1,Mon-Th,3,2025-06-12,Mon-Th,1,8
11,0.03333333333333333,0.5,1,Mon-Th,3,2025-06-12,Mon-Th,1,8
16,0.03333333333333333,150.0,1,Mon-Th,3,2025-06-12,Mon-Th,1,8
20,120.0,150.0,1,Mon-Th,3,2025-06-12,Mon-Th,1,8
16,0.03333333333333333,150.0,1,Mon-Th,3,2025-06-12,Mon-Th,1,8
16,0.03333333333333333,0.5,1,Mon-Th,3,2025-06-12,Mon-Th,1,8
12,120.0,0.5,1,Mon-Th,3,2025-06-12,Mon-Th,1,8
12,120.0,150.0,1,Mon-Th,3,2025-06-12,Mon-Th,1,8
21,120.0,0.5,1,Mon-Th,3,2025-06-16,Mon-Th,1,6
16,0.03333333333333333,150.0,1,Mon-Th,3,2025-06-16,Mon-Th,1,6
16,120.0,0.5,1,Mon-Th,3,2025-06-16,Mon-Th,1,6
12,120.0,150.0,1,Mon-Th,3,2025-06-16,Mon-Th,1,6
16,120.0,150.0,1,Mon-Th,3,2025-06-16,Mon-Th,1,6
16,0.03333333333333333,150.0,1,Mon-Th,3,2025-06-16,Mon-Th,1,6
16,120.0,0.5,1,Mon-Th,3,2025-06-17,Mon-Th,1,9
11,0.03333333333333333,0.5,1,Mon-Th,3,2025-06-17,Mon-Th,1,9
22,0.03333333333333333,0.5,1,Mon-Th,3,2025-06-17,Mon-Th,1,9
16,0.03333333333333333,150.0,1,Mon-Th,3,2025-06-17,Mon-Th,1,9
16,0.03333333333333333,150.0,1,Mon-Th,3,2025-06-17,Mon-Th,1,9
13,120.0,0.5,1,Mon-Th,3,2025-06-17,Mon-Th,1,9
2,120.0,150.0,1,Mon-Th,3,2025-06-17,Mon-Th,1,9
16,0.03333333333333333,0.5,1,Mon-Th,3,2025-06-17,Mon-Th,1,9
16,0.03333333333333333,150.0,1,Mon-Th,3,2025-06-17,Mon-Th,1,9
17,0.03333333333333333,150.0,1,Mon-Th,3,2025-06-18,Mon-Th,1,13
15,120.0,0.5,1,Mon-Th,3,2025-06-18,Mon-Th,1,13
16,0.03333333333333333,150.0,1,Mon-Th,3,2025-06-18,Mon-Th,1,13
19,120.0,0.5,1,Mon-Th,3,2025-06-18,Mon-Th,1,13
11,0.03333333333333333,0.5,1,Mon-Th,3,2025-06-18,Mon-Th,1,13
16,0.03333333333333333,150.0,1,Mon-Th,3,2025-06-18,Mon-Th,1,13
16,0.03333333333333333,0.5,1,Mon-Th,3,2025-06-18,Mon-Th,1,13
21,120.0,0.5,1,Mon-Th,3,2025-06-18,Mon-Th,1,13
20,0.03333333333333333,0.5,1,Mon-Th,3,2025-06-18,Mon-Th,1,13
16,0.03333333333333333,150.0,1,Mon-Th,3,2025-06-18,Mon-Th,1,13
16,120.0,150.0,1,Mon-Th,3,2025-06-18,Mon-Th,1,13
16,0.03333333333333333,150.0,1,Mon-Th,3,2025-06-18,Mon-Th,1,13
22,0.03333333333333333,150.0,1,Mon-Th,3,2025-06-18,Mon-Th,1,13
23,120.0,150.0,1,Mon-Th,3,2025-06-19,Mon-Th,1,4
13,0.03333333333333333,0.5,1,Mon-Th,3,2025-06-19,Mon-Th,1,4
16,0.03333333333333333,150.0,1,Mon-Th,3,2025-06-19,Mon-Th,1,4
14,120.0,0.5,1,Mon-Th,3,2025-06-19,Mon-Th,1,4
20,120.0,150.0,2,Sunday,3,2025-06-22,Sunday,2,13
12,120.0,150.0,2,Sunday,3,2025-06-22,Sunday,2,13
20,0.03333333333333333,0.5,2,Sunday,3,2025-06-22,Sunday,2,13
16,120.0,0.5,2,Sunday,3,2025-06-22,Sunday,2,13
23,0.03333333333333333,0.5,2,Sunday,3,2025-06-22,Sunday,2,13
12,0.03333333333333333,0.5,2,Sunday,3,2025-06-22,Sunday,2,13
17,120.0,150.0,2,Sunday,3,2025-06-22,Sunday,2,13
18,120.0,150.0,2,Sunday,3,2025-06-22,Sunday,2,13
19,0.03333333333333333,0.5,2,Sunday,3,2025-06-22,Sunday,2,13
16,120.0,150.0,2,Sunday,3,2025-06-22,Sunday,2,13
18,120.0,150.0,2,Sunday,3,2025-06-22,Sunday,2,13
16,0.03333333333333333,0.5,2,Sunday,3,2025-06-22,Sunday,2,13
16,0.03333333333333333,150.0,2,Sunday,3,2025-06-22,Sunday,2,13
14,0.03333333333333333,150.0,2,Sunday,3,2025-06-29,Sunday,2,9
16,0.03333333333333333,0.5,2,Sunday,3,2025-06-29,Sunday,2,9
16,120.0,0.5,2,Sunday,3,2025-06-29,Sunday,2,9
19,0.03333333333333333,0.5,2,Sunday,3,2025-06-29,Sunday,2,9
14,0.03333333333333333,0.5,2,Sunday,3,2025-06-29,Sunday,2,9
13,120.0,0.5,2,Sunday,3,2025-06-29,Sunday,2,9
21,0.03333333333333333,0.5,2,Sunday,3,2025-06-29,Sunday,2,9
16,0.03333333333333333,150.0,2,Sunday,3,2025-06-29,Sunday,2,9
16,0.03333333333333333,0.5,2,Sunday,3,2025-06-29,Sunday,2,9
12,120.0,0.5,2,Sunday,3,2025-07-06,Sunday,2,11
21,0.03333333333333333,0.5,2,Sunday,3,2025-07-06,Sunday,2,11
23,120.0,150.0,2,Sunday,3,2025-07-06,Sunday,2,11
16,120.0,0.5,2,Sunday,3,2025-07-06,Sunday,2,11
23,0.03333333333333333,150.0,2,Sunday,3,2025-07-06,Sunday,2,11
16,0.03333333333333333,150.0,2,Sunday,3,2025-07-06,Sunday,2,11
16,0.03333333333333333,150.0,2,Sunday,3,2025-07-06,Sunday,2,11
4,120.0,150.0,2,Sunday,3,2025-07-06,Sunday,2,11
22,120.0,0.5,2,Sunday,3,2025-07-06,Sunday,2,11
11,0.03333333333333333,0.5,2,Sunday,3,2025-07-06,Sunday,2,11
18,120.0,0.5,2,Sunday,3,2025-07-06,Sunday,2,11
20,120.0,0.5,2,Sunday,3,2025-07-13,Sunday,2,12
15,0.03333333333333333,0.5,2,Sunday,3,2025-07-13,Sunday,2,12
18,0.03333333333333333,0.5,2,Sunday,3,2025-07-13,Sunday,2,12
19,120.0,0.5,2,Sunday,3,2025-07-13,Sunday,2,12
12,120.0,0.5,2,Sunday,3,2025-07-13,Sunday,2,12
16,0.03333333333333333,0.5,2,Sunday,3,2025-07-13,Sunday,2,12
22,0.03333333333333333,150.0,2,Sunday,3,2025-07-13,Sunday,2,12
17,0.03333333333333333,0.5,2,Sunday,3,2025-07-13,Sunday,2,12
18,120.0,0.5,2,Sunday,3,2025-07-13,Sunday,2,12
16,0.03333333333333333,150.0,2,Sunday,3,2025-07-13,Sunday,2,12
16,0.03333333333333333,150.0,2,Sunday,3,2025-07-13,Sunday,2,12
16,0.03333333333333333,0.5,2,Sunday,3,2025-07-13,Sunday,2,12
12,120.0,150.0,2,Sunday,3,2025-07-20,Sunday,2,14
11,0.03333333333333333,0.5,2,Sunday,3,2025-07-20,Sunday,2,14
16,0.03333333333333333,150.0,2,Sunday,3,2025-07-20,Sunday,2,14
16,120.0,150.0,2,Sunday,3,2025-07-20,Sunday,2,14
16,120.0,0.5,2,Sunday,3,2025-07-20,Sunday,2,14
16,0.03333333333333333,0.5,2,Sunday,3,2025-07-20,Sunday,2,14
18,0.03333333333333333,150.0,2,Sunday,3,2025-07-20,Sunday,2,14
16,120.0,0.5,2,Sunday,3,2025-07-20,Sunday,2,14
16,0.03333333333333333,150.0,2,Sunday,3,2025-07-20,Sunday,2,14
22,120.0,150.0,2,Sunday,3,2025-07-20,Sunday,2,14
21,0.03333333333333333,150.0,2,Sunday,3,2025-07-20,Sunday,2,14
12,0.03333333333333333,150.0,2,Sunday,3,2025-07-20,Sunday,2,14
22,0.03333333333333333,150.0,2,Sunday,3,2025-07-20,Sunday,2,14
9,120.0,0.5,2,Sunday,3,2025-07-20,Sunday,2,14
16,0.03333333333333333,150.0,2,Sunday,3,2025-07-27,Sunday,2,11
14,120.0,0.5,2,Sunday,3,2025-07-27,Sunday,2,11
16,0.03333333333333333,0.5,2,Sunday,3,2025-07-27,Sunday,2,11
12,120.0,150.0,2,Sunday,3,2025-07-27,Sunday,2,11
16,0.03333333333333333,150.0,2,Sunday,3,2025-07-27,Sunday,2,11
16,0.03333333333333333,150.0,2,Sunday,3,2025-07-27,Sunday,2,11
16,120.0,150.0,2,Sunday,3,2025-07-27,Sunday,2,11
16,120.0,0.5,2,Sunday,3,2025-07-27,Sunday,2,11
16,0.03333333333333333,0.5,2,Sunday,3,2025-07-27,Sunday,2,11
20,120.0,0.5,2,Sunday,3,2025-07-27,Sunday,2,11
12,120.0,0.5,2,Sunday,3,2025-07-27,Sunday,2,11
17,120.0,0.5,2,Sunday,3,2025-08-03,Sunday,2,12
17,0.03333333333333333,150.0,2,Sunday,3,2025-08-03,Sunday,2,12
13,120.0,0.5,2,Sunday,3,2025-08-03,Sunday,2,12
19,120.0,150.0,2,Sunday,3,2025-08-03,Sunday,2,12
16,0.03333333333333333,150.0,2,Sunday,3,2025-08-03,Sunday,2,12
20,0.03333333333333333,150.0,2,Sunday,3,2025-08-03,Sunday,2,12
16,120.0,150.0,2,Sunday,3,2025-08-03,Sunday,2,12
23,120.0,0.5,2,Sunday,3,2025-08-03,Sunday,2,12
20,0.03333333333333333,150.0,2,Sunday,3,2025-08-03,Sunday,2,12
17,0.03333333333333333,0.5,2,Sunday,3,2025-08-03,Sunday,2,12
17,0.03333333333333333,0.5,2,Sunday,3,2025-08-03,Sunday,2,12
16,0.03333333333333333,0.5,2,Sunday,3,2025-08-03,Sunday,2,12
20,0.03333333333333333,0.5,2,Sunday,3,2025-08-10,Sunday,2,6
22,120.0,150.0,2,Sunday,3,2025-08-10,Sunday,2,6
3,0.03333333333333333,150.0,2,Sunday,3,2025-08-10,Sunday,2,6
16,0.03333333333333333,0.5,2,Sunday,3,2025-08-10,Sunday,2,6
19,120.0,0.5,2,Sunday,3,2025-08-10,Sunday,2,6
16,0.03333333333333333,150.0,2,Sunday,3,2025-08-10,Sunday,2,6
16,0.03333333333333333,0.5,2,Sunday,3,2025-08-17,Sunday,2,9
16,120.0,0.5,2,Sunday,3,2025-08-17,Sunday,2,9
12,120.0,150.0,2,Sunday,3,2025-08-17,Sunday,2,9
16,120.0,150.0,2,Sunday,3,2025-08-17,Sunday,2,9
19,0.03333333333333333,150.0,2,Sunday,3,2025-08-17,Sunday,2,9
16,120.0,150.0,2,Sunday,3,2025-08-17,Sunday,2,9
16,0.03333333333333333,0.5,2,Sunday,3,2025-08-17,Sunday,2,9
14,120.0,0.5,2,Sunday,3,2025-08-17,Sunday,2,9
16,120.0,150.0,2,Sunday,3,2025-08-17,Sunday,2,9
14,0.03333333333333333,0.5,2,Sunday,3,2025-08-24,Sunday,2,11
23,120.0,0.5,2,Sunday,3,2025-08-24,Sunday,2,11
16,0.03333333333333333,150.0,2,Sunday,3,2025-08-24,Sunday,2,11
16,120.0,150.0,2,Sunday,3,2025-08-24,Sunday,2,11
10,120.0,0.5,2,Sunday,3,2025-08-24,Sunday,2,11
17,120.0,150.0,2,Sunday,3,2025-08-24,Sunday,2,11
21,120.0,150.0,2,Sunday,3,2025-08-24,Sunday,2,11
17,120.0,150.0,2,Sunday,3,2025-08-24,Sunday,2,11
20,0.03333333333333333,150.0,2,Sunday,3,2025-08-24,Sunday,2,11
16,120.0,0.5,2,Sunday,3,2025-08-24,Sunday,2,11
17,120.0,0.5,2,Sunday,3,2025-08-24,Sunday,2,11
21,0.03333333333333333,0.5,2,Sunday,3,2025-08-31,Sunday,2,12
16,0.03333333333333333,0.5,2,Sunday,3,2025-08-31,Sunday,2,12
12,120.0,0.5,2,Sunday,3,2025-08-31,Sunday,2,12
16,0.03333333333333333,0.5,2,Sunday,3,2025-08-31,Sunday,2,12
16,0.03333333333333333,0.5,2,Sunday,3,2025-08-31,Sunday,2,12
19,0.03333333333333333,150.0,2,Sunday,3,2025-08-31,Sunday,2,12
0,120.0,0.5,2,Sunday,3,2025-08-31,Sunday,2,12
17,120.0,0.5,2,Sunday,3,2025-08-31,Sunday,2,12
16,120.0,150.0,2,Sunday,3,2025-08-31,Sunday,2,12
11,120.0,0.5,2,Sunday,3,2025-08-31,Sunday,2,12
16,0.03333333333333333,150.0,2,Sunday,3,2025-08-31,Sunday,2,12
14,120.0,0.5,2,Sunday,3,2025-08-31,Sunday,2,12
16,0.03333333333333333,150.0,2,Sunday,3,2025-09-07,Sunday,2,9
6,0.03333333333333333,150.0,2,Sunday,3,2025-09-07,Sunday,2,9
16,120.0,150.0,2,Sunday,3,2025-09-07,Sunday,2,9
16,0.03333333333333333,150.0,2,Sunday,3,2025-09-07,Sunday,2,9
16,120.0,0.5,2,Sunday,3,2025-09-07,Sunday,2,9
12,120.0,150.0,2,Sunday,3,2025-09-07,Sunday,2,9
16,0.03333333333333333,0.5,2,Sunday,3,2025-09-07,Sunday,2,9
7,0.03333333333333333,0.5,2,Sunday,3,2025-09-07,Sunday,2,9
16,120.0,150.0,2,Sunday,3,2025-09-07,Sunday,2,9
12,120.0,0.5,2,Sunday,3,2025-09-14,Sunday,2,11
12,120.0,150.0,2,Sunday,3,2025-09-14,Sunday,2,11
21,120.0,0.5,2,Sunday,3,2025-09-14,Sunday,2,11
16,120.0,0.5,2,Sunday,3,2025-09-14,Sunday,2,11
14,0.03333333333333333,150.0,2,Sunday,3,2025-09-14,Sunday,2,11
16,0.03333333333333333,150.0,2,Sunday,3,2025-09-14,Sunday,2,11
16,0.03333333333333333,0.5,2,Sunday,3,2025-09-14,Sunday,2,11
14,120.0,150.0,2,Sunday,3,2025-09-14,Sunday,2,11
12,0.03333333333333333,150.0,2,Sunday,3,2025-09-14,Sunday,2,11
14,0.03333333333333333,150.0,2,Sunday,3,2025-09-14,Sunday,2,11
14,0.03333333333333333,150.0,2,Sunday,3,2025-09-14,Sunday,2,11
16,0.03333333333333333,0.5,2,Sunday,3,2025-09-21,Sunday,2,7
14,0.03333333333333333,0.5,2,Sunday,3,2025-09-21,Sunday,2,7
17,0.03333333333333333,150.0,2,Sunday,3,2025-09-21,Sunday,2,7
16,0.03333333333333333,0.5,2,Sunday,3,2025-09-21,Sunday,2,7
10,120.0,0.5,2,Sunday,3,2025-09-21,Sunday,2,7
16,0.03333333333333333,0.5,2,Sunday,3,2025-09-21,Sunday,2,7
19,0.03333333333333333,150.0,2,Sunday,3,2025-09-21,Sunday,2,7
16,0.03333333333333333,150.0,2,Mon-Th,3,2025-06-23,Mon-Th,2,16
16,120.0,150.0,2,Mon-Th,3,2025-06-23,Mon-Th,2,16
18,120.0,0.5,2,Mon-Th,3,2025-06-23,Mon-Th,2,16
21,0.03333333333333333,150.0,2,Mon-Th,3,2025-06-23,Mon-Th,2,16
18,0.03333333333333333,0.5,2,Mon-Th,3,2025-06-23,Mon-Th,2,16
12,120.0,0.5,2,Mon-Th,3,2025-06-23,Mon-Th,2,16
12,120.0,150.0,2,Mon-Th,3,2025-06-23,Mon-Th,2,16
17,0.03333333333333333,0.5,2,Mon-Th,3,2025-06-23,Mon-Th,2,16
12,120.0,150.0,2,Mon-Th,3,2025-06-23,Mon-Th,2,16
16,120.0,0.5,2,Mon-Th,3,2025-06-23,Mon-Th,2,16
10,0.03333333333333333,0.5,2,Mon-Th,3,2025-06-23,Mon-Th,2,16
14,120.0,0.5,2,Mon-Th,3,2025-06-23,Mon-Th,2,16
16,120.0,0.5,2,Mon-Th,3,2025-06-23,Mon-Th,2,16
12,120.0,0.5,2,Mon-Th,3,2025-06-23,Mon-Th,2,16
16,0.03333333333333333,0.5,2,Mon-Th,3,2025-06-23,Mon-Th,2,16
23,120.0,0.5,2,Mon-Th,3,2025-06-23,Mon-Th,2,16
21,0.03333333333333333,0.5,2,Mon-Th,3,2025-06-24,Mon-Th,2,15
16,120.0,150.0,2,Mon-Th,3,2025-06-24,Mon-Th,2,15
17,120.0,150.0,2,Mon-Th,3,2025-06-24,Mon-Th,2,15
14,0.03333333333333333,0.5,2,Mon-Th,3,2025-06-24,Mon-Th,2,15
12,120.0,0.5,2,Mon-Th,3,2025-06-24,Mon-Th,2,15
19,120.0,150.0,2,Mon-Th,3,2025-06-24,Mon-Th,2,15
16,0.03333333333333333,150.0,2,Mon-Th,3,2025-06-24,Mon-Th,2,15
12,0.03333333333333333,0.5,2,Mon-Th,3,2025-06-24,Mon-Th,2,15
16,0.03333333333333333,150.0,2,Mon-Th,3,2025-06-24,Mon-Th,2,15
22,0.03333333333333333,0.5,2,Mon-Th,3,2025-06-24,Mon-Th,2,15
12,0.03333333333333333,0.5,2,Mon-Th,3,2025-06-24,Mon-Th,2,15
12,120.0,0.5,2,Mon-Th,3,2025-06-24,Mon-Th,2,15
22,120.0,0.5,2,Mon-Th,3,2025-06-24,Mon-Th,2,15
16,120.0,0.5,2,Mon-Th,3,2025-06-24,Mon-Th,2,15
12,120.0,150.0,2,Mon-Th,3,2025-06-24,Mon-Th,2,15
19,120.0,0.5,2,Mon-Th,3,2025-06-25,Mon-Th,2,7
18,120.0,150.0,2,Mon-Th,3,2025-06-25,Mon-Th,2,7
18,0.03333333333333333,150.0,2,Mon-Th,3,2025-06-25,Mon-Th,2,7
19,120.0,0.5,2,Mon-Th,3,2025-06-25,Mon-Th,2,7
20,120.0,0.5,2,Mon-Th,3,2025-06-25,Mon-Th,2,7
17,120.0,150.0,2,Mon-Th,3,2025-06-25,Mon-Th,2,7
21,0.03333333333333333,0.5,2,Mon-Th,3,2025-06-25,Mon-Th,2,7
16,0.03333333333333333,150.0,2,Mon-Th,3,2025-06-26,Mon-Th,2,17
16,120.0,150.0,2,Mon-Th,3,2025-06-26,Mon-Th,2,17
16,0.03333333333333333,0.5,2,Mon-Th,3,2025-06-26,Mon-Th,2,17
17,0.03333333333333333,0.5,2,Mon-Th,3,2025-06-26,Mon-Th,2,17
16,0.03333333333333333,150.0,2,Mon-Th,3,2025-06-26,Mon-Th,2,17
12,120.0,150.0,2,Mon-Th,3,2025-06-26,Mon-Th,2,17
14,120.0,0.5,2,Mon-Th,3,2025-06-26,Mon-Th,2,17
16,120.0,150.0,2,Mon-Th,3,2025-06-26,Mon-Th,2,17
16,120.0,150.0,2,Mon-Th,3,2025-06-26,Mon-Th,2,17
21,120.0,0.5,2,Mon-Th,3,2025-06-26,Mon-Th,2,17
14,0.03333333333333333,0.5,2,Mon-Th,3,2025-06-26,Mon-Th,2,17
5,0.03333333333333333,150.0,2,Mon-Th,3,2025-06-26,Mon-Th,2,17
18,120.0,0.5,2,Mon-Th,3,2025-06-26,Mon-Th,2,17
14,0.03333333333333333,150.0,2,Mon-Th,3,2025-06-26,Mon-Th,2,17
16,0.03333333333333333,0.5,2,Mon-Th,3,2025-06-26,Mon-Th,2,17
15,120.0,150.0,2,Mon-Th,3,2025-06-26,Mon-Th,2,17
16,0.03333333333333333,0.5,2,Mon-Th,3,2025-06-26,Mon-Th,2,17
16,0.03333333333333333,150.0,2,Mon-Th,3,2025-06-30,Mon-Th,2,20
16,0.03333333333333333,0.5,2,Mon-Th,3,2025-06-30,Mon-Th,2,20
18,0.03333333333333333,0.5,2,Mon-Th,3,2025-06-30,Mon-Th,2,20
20,120.0,0.5,2,Mon-Th,3,2025-06-30,Mon-Th,2,20
12,120.0,150.0,2,Mon-Th,3,2025-06-30,Mon-Th,2,20
13,120.0,150.0,2,Mon-Th,3,2025-06-30,Mon-Th,2,20
20,120.0,0.5,2,Mon-Th,3,2025-06-30,Mon-Th,2,20
16,0.03333333333333333,0.5,2,Mon-Th,3,2025-06-30,Mon-Th,2,20
22,0.03333333333333333,0.5,2,Mon-Th,3,2025-06-30,Mon-Th,2,20
16,0.03333333333333333,150.0,2,Mon-Th,3,2025-06-30,Mon-Th,2,20
19,0.03333333333333333,150.0,2,Mon-Th,3,2025-06-30,Mon-Th,2,20
16,0.03333333333333333,150.0,2,Mon-Th,3,2025-06-30,Mon-Th,2,20
16,0.03333333333333333,150.0,2,Mon-Th,3,2025-06-30,Mon-Th,2,20
16,120.0,150.0,2,Mon-Th,3,2025-06-30,Mon-Th,2,20
16,0.03333333333333333,0.5,2,Mon-Th,3,2025-06-30,Mon-Th,2,20
22,120.0,0.5,2,Mon-Th,3,2025-06-30,Mon-Th,2,20
16,120.0,150.0,2,Mon-Th,3,2025-06-30,Mon-Th,2,20
16,0.03333333333333333,0.5,2,Mon-Th,3,2025-06-30,Mon-Th,2,20
17,0.03333333333333333,0.5,2,Mon-Th,3,2025-06-30,Mon-Th,2,20
18,120.0,0.5,2,Mon-Th,3,2025-06-30,Mon-Th,2,20
16,0.03333333333333333,150.0,2,Mon-Th,3,2025-07-01,Mon-Th,2,10
14,0.03333333333333333,0.5,2,Mon-Th,3,2025-07-01,Mon-Th,2,10
16,120.0,0.5,2,Mon-Th,3,2025-07-01,Mon-Th,2,10
12,120.0,150.0,2,Mon-Th,3,2025-07-01,Mon-Th,2,10
12,120.0,150.0,2,Mon-Th,3,2025-07-01,Mon-Th,2,10
16,120.0,150.0,2,Mon-Th,3,2025-07-01,Mon-Th,2,10
20,120.0,0.5,2,Mon-Th,3,2025-07-01,Mon-Th,2,10
14,120.0,0.5,2,Mon-Th,3,2025-07-01,Mon-Th,2,10
18,120.0,0.5,2,Mon-Th,3,2025-07-01,Mon-Th,2,10
19,0.03333333333333333,150.0,2,Mon-Th,3,2025-07-01,Mon-Th,2,10
12,120.0,0.5,2,Mon-Th,3,2025-07-02,Mon-Th,2,13
14,120.0,0.5,2,Mon-Th,3,2025-07-02,Mon-Th,2,13
16,0.03333333333333333,0.5,2,Mon-Th,3,2025-07-02,Mon-Th,2,13
12,120.0,150.0,2,Mon-Th,3,2025-07-02,Mon-Th,2,13
16,0.03333333333333333,0.5,2,Mon-Th,3,2025-07-02,Mon-Th,2,13
9,120.0,150.0,2,Mon-Th,3,2025-07-02,Mon-Th,2,13
16,0.03333333333333333,0.5,2,Mon-Th,3,2025-07-02,Mon-Th,2,13
16,120.0,150.0,2,Mon-Th,3,2025-07-02,Mon-Th,2,13
16,120.0,150.0,2,Mon-Th,3,2025-07-02,Mon-Th,2,13
16,120.0,150.0,2,Mon-Th,3,2025-07-02,Mon-Th,2,13
16,0.03333333333333333,0.5,2,Mon-Th,3,2025-07-02,Mon-Th,2,13
16,0.03333333333333333,150.0,2,Mon-Th,3,2025-07-02,Mon-Th,2,13
13,120.0,0.5,2,Mon-Th,3,2025-07-02,Mon-Th,2,13
12,120.0,150.0,2,Mon-Th,3,2025-07-03,Mon-Th,2,16
16,0.03333333333333333,150.0,2,Mon-Th,3,2025-07-03,Mon-Th,2,16
16,0.03333333333333333,0.5,2,Mon-Th,3,2025-07-03,Mon-Th,2,16
18,0.03333333333333333,150.0,2,Mon-Th,3,2025-07-03,Mon-Th,2,16
16,120.0,150.0,2,Mon-Th,3,2025-07-03,Mon-Th,2,16
22,0.03333333333333333,150.0,2,Mon-Th,3,2025-07-03,Mon-Th,2,16
20,0.03333333333333333,0.5,2,Mon-Th,3,2025-07-03,Mon-Th,2,16
12,120.0,0.5,2,Mon-Th,3,2025-07-03,Mon-Th,2,16
12,120.0,150.0,2,Mon-Th,3,2025-07-03,Mon-Th,2,16
16,0.03333333333333333,150.0,2,Mon-Th,3,2025-07-03,Mon-Th,2,16
16,120.0,0.5,2,Mon-Th,3,2025-07-03,Mon-Th,2,16
22,120.0,0.5,2,Mon-Th,3,2025-07-03,Mon-Th,2,16
15,0.03333333333333333,0.5,2,Mon-Th,3,2025-07-03,Mon-Th,2,16
21,120.0,150.0,2,Mon-Th,3,2025-07-03,Mon-Th,2,16
22,120.0,0.5,2,Mon-Th,3,2025-07-03,Mon-Th,2,16
23,0.03333333333333333,0.5,2,Mon-Th,3,2025-07-03,Mon-Th,2,16
16,120.0,150.0,2,Mon-Th,3,2025-07-07,Mon-Th,2,11
16,0.03333333333333333,150.0,2,Mon-Th,3,2025-07-07,Mon-Th,2,11
16,120.0,0.5,2,Mon-Th,3,2025-07-07,Mon-Th,2,11
13,0.03333333333333333,0.5,2,Mon-Th,3,2025-07-07,Mon-Th,2,11
14,0.03333333333333333,0.5,2,Mon-Th,3,2025-07-07,Mon-Th,2,11
16,120.0,0.5,2,Mon-Th,3,2025-07-07,Mon-Th,2,11
16,120.0,0.5,2,Mon-Th,3,2025-07-07,Mon-Th,2,11
16,0.03333333333333333,150.0,2,Mon-Th,3,2025-07-07,Mon-Th,2,11
15,0.03333333333333333,0.5,2,Mon-Th,3,2025-07-07,Mon-Th,2,11
14,0.03333333333333333,0.5,2,Mon-Th,3,2025-07-07,Mon-Th,2,11
13,120.0,150.0,2,Mon-Th,3,2025-07-07,Mon-Th,2,11
16,120.0,150.0,2,Mon-Th,3,2025-07-08,Mon-Th,2,16
15,0.03333333333333333,150.0,2,Mon-Th,3,2025-07-08,Mon-Th,2,16
16,0.03333333333333333,150.0,2,Mon-Th,3,2025-07-08,Mon-Th,2,16
12,120.0,0.5,2,Mon-Th,3,2025-07-08,Mon-Th,2,16
16,0.03333333333333333,150.0,2,Mon-Th,3,2025-07-08,Mon-Th,2,16
16,0.03333333333333333,150.0,2,Mon-Th,3,2025-07-08,Mon-Th,2,16
22,120.0,0.5,2,Mon-Th,3,2025-07-08,Mon-Th,2,16
10,120.0,0.5,2,Mon-Th,3,2025-07-08,Mon-Th,2,16
16,0.03333333333333333,150.0,2,Mon-Th,3,2025-07-08,Mon-Th,2,16
16,120.0,0.5,2,Mon-Th,3,2025-07-08,Mon-Th,2,16
16,0.03333333333333333,0.5,2,Mon-Th,3,2025-07-08,Mon-Th,2,16
17,0.03333333333333333,0.5,2,Mon-Th,3,2025-07-08,Mon-Th,2,16
16,0.03333333333333333,150.0,2,Mon-Th,3,2025-07-08,Mon-Th,2,16
21,120.0,150.0,2,Mon-Th,3,2025-07-08,Mon-Th,2,16
16,0.03333333333333333,150.0,2,Mon-Th,3,2025-07-08,Mon-Th,2,16
14,0.03333333333333333,150.0,2,Mon-Th,3,2025-07-08,Mon-Th,2,16
12,120.0,0.5,2,Mon-Th,3,2025-07-09,Mon-Th,2,10
16,0.03333333333333333,150.0,2,Mon-Th,3,2025-07-09,Mon-Th,2,10
19,120.0,0.5,2,Mon-Th,3,2025-07-09,Mon-Th,2,10
16,0.03333333333333333,150.0,2,Mon-Th,3,2025-07-09,Mon-Th,2,10
16,0.03333333333333333,0.5,2,Mon-Th,3,2025-07-09,Mon-Th,2,10
14,0.03333333333333333,150.0,2,Mon-Th,3,2025-07-09,Mon-Th,2,10
14,0.03333333333333333,150.0,2,Mon-Th,3,2025-07-09,Mon-Th,2,10
16,0.03333333333333333,0.5,2,Mon-Th,3,2025-07-09,Mon-Th,2,10
19,120.0,150.0,2,Mon-Th,3,2025-07-09,Mon-Th,2,10
16,120.0,0.5,2,Mon-Th,3,2025-07-09,Mon-Th,2,10
16,0.03333333333333333,150.0,2,Mon-Th,3,2025-07-10,Mon-Th,2,12
16,0.03333333333333333,150.0,2,Mon-Th,3,2025-07-10,Mon-Th,2,12
14,120.0,150.0,2,Mon-Th,3,2025-07-10,Mon-Th,2,12
12,120.0,0.5,2,Mon-Th,3,2025-07-10,Mon-Th,2,12
16,0.03333333333333333,150.0,2,Mon-Th,3,2025-07-10,Mon-Th,2,12
13,0.03333333333333333,0.5,2,Mon-Th,3,2025-07-10,Mon-Th,2,12
20,0.03333333333333333,0.5,2,Mon-Th,3,2025-07-10,Mon-Th,2,12
17,120.0,0.5,2,Mon-Th,3,2025-07-10,Mon-Th,2,12
12,120.0,0.5,2,Mon-Th,3,2025-07-10,Mon-Th,2,12
16,120.0,0.5,2,Mon-Th,3,2025-07-10,Mon-Th,2,12
16,0.03333333333333333,150.0,2,Mon-Th,3,2025-07-10,Mon-Th,2,12
0,120.0,0.5,2,Mon-Th,3,2025-07-10,Mon-Th,2,12
16,120.0,0.5,2,Mon-Th,3,2025-07-14,Mon-Th,2,12
16,120.0,0.5,2,Mon-Th,3,2025-07-14,Mon-Th,2,12
22,120.0,0.5,2,Mon-Th,3,2025-07-14,Mon-Th,2,12
23,0.03333333333333333,0.5,2,Mon-Th,3,2025-07-14,Mon-Th,2,12
16,120.0,0.5,2,Mon-Th,3,2025-07-14,Mon-Th,2,12
13,120.0,0.5,2,Mon-Th,3,2025-07-14,Mon-Th,2,12
19,0.03333333333333333,0.5,2,Mon-Th,3,2025-07-14,Mon-Th,2,12
5,0.03333333333333333,0.5,2,Mon-Th,3,2025-07-14,Mon-Th,2,12
16,0.03333333333333333,150.0,2,Mon-Th,3,2025-07-14,Mon-Th,2,12
19,0.03333333333333333,150.0,2,Mon-Th,3,2025-07-14,Mon-Th,2,12
4,0.03333333333333333,150.0,2,Mon-Th,3,2025-07-14,Mon-Th,2,12
16,120.0,150.0,2,Mon-Th,3,2025-07-14,Mon-Th,2,12
12,120.0,150.0,2,Mon-Th,3,2025-07-15,Mon-Th,2,13
16,120.0,0.5,2,Mon-Th,3,2025-07-15,Mon-Th,2,13
16,120.0,150.0,2,Mon-Th,3,2025-07-15,Mon-Th,2,13
2,120.0,0.5,2,Mon-Th,3,2025-07-15,Mon-Th,2,13
16,120.0,150.0,2,Mon-Th,3,2025-07-15,Mon-Th,2,13
16,120.0,0.5,2,Mon-Th,3,2025-07-15,Mon-Th,2,13
12,120.0,0.5,2,Mon-Th,3,2025-07-15,Mon-Th,2,13
16,0.03333333333333333,0.5,2,Mon-Th,3,2025-07-15,Mon-Th,2,13
16,0.03333333333333333,0.5,2,Mon-Th,3,2025-07-15,Mon-Th,2,13
16,0.03333333333333333,150.0,2,Mon-Th,3,2025-07-15,Mon-Th,2,13
12,120.0,0.5,2,Mon-Th,3,2025-07-15,Mon-Th,2,13
16,120.0,150.0,2,Mon-Th,3,2025-07-15,Mon-Th,2,13
16,120.0,150.0,2,Mon-Th,3,2025-07-15,Mon-Th,2,13
13,0.03333333333333333,0.5,2,Mon-Th,3,2025-07-16,Mon-Th,2,17
22,0.03333333333333333,0.5,2,Mon-Th,3,2025-07-16,Mon-Th,2,17
16,0.03333333333333333,150.0,2,Mon-Th,3,2025-07-16,Mon-Th,2,17
14,0.03333333333333333,0.5,2,Mon-Th,3,2025-07-16,Mon-Th,2,17
16,0.03333333333333333,150.0,2,Mon-Th,3,2025-07-16,Mon-Th,2,17
19,0.03333333333333333,150.0,2,Mon-Th,3,2025-07-16,Mon-Th,2,17
16,0.03333333333333333,0.5,2,Mon-Th,3,2025-07-16,Mon-Th,2,17
19,0.03333333333333333,150.0,2,Mon-Th,3,2025-07-16,Mon-Th,2,17
16,0.03333333333333333,0.5,2,Mon-Th,3,2025-07-16,Mon-Th,2,17
19,0.03333333333333333,0.5,2,Mon-Th,3,2025-07-16,Mon-Th,2,17
17,120.0,0.5,2,Mon-Th,3,2025-07-16,Mon-Th,2,17
18,120.0,0.5,2,Mon-Th,3,2025-07-16,Mon-Th,2,17
12,120.0,0.5,2,Mon-Th,3,2025-07-16,Mon-Th,2,17
22,0.03333333333333333,150.0,2,Mon-Th,3,2025-07-16,Mon-Th,2,17
16,120.0,0.5,2,Mon-Th,3,2025-07-16,Mon-Th,2,17
16,0.03333333333333333,150.0,2,Mon-Th,3,2025-07-16,Mon-Th,2,17
16,0.03333333333333333,150.0,2,Mon-Th,3,2025-07-16,Mon-Th,2,17
16,0.03333333333333333,0.5,2,Mon-Th,3,2025-07-17,Mon-Th,2,9
16,0.03333333333333333,150.0,2,Mon-Th,3,2025-07-17,Mon-Th,2,9
0,120.0,0.5,2,Mon-Th,3,2025-07-17,Mon-Th,2,9
18,120.0,0.5,2,Mon-Th,3,2025-07-17,Mon-Th,2,9
5,0.03333333333333333,150.0,2,Mon-Th,3,2025-07-17,Mon-Th,2,9
16,120.0,150.0,2,Mon-Th,3,2025-07-17,Mon-Th,2,9
20,0.03333333333333333,0.5,2,Mon-Th,3,2025-07-17,Mon-Th,2,9
12,120.0,150.0,2,Mon-Th,3,2025-07-17,Mon-Th,2,9
16,120.0,150.0,2,Mon-Th,3,2025-07-17,Mon-Th,2,9
16,120.0,0.5,2,Mon-Th,3,2025-07-21,Mon-Th,2,15
16,0.03333333333333333,0.5,2,Mon-Th,3,2025-07-21,Mon-Th,2,15
16,120.0,0.5,2,Mon-Th,3,2025-07-21,Mon-Th,2,15
22,120.0,150.0,2,Mon-Th,3,2025-07-21,Mon-Th,2,15
16,0.03333333333333333,0.5,2,Mon-Th,3,2025-07-21,Mon-Th,2,15
16,0.03333333333333333,150.0,2,Mon-Th,3,2025-07-21,Mon-Th,2,15
14,0.03333333333333333,0.5,2,Mon-Th,3,2025-07-21,Mon-Th,2,15
14,0.03333333333333333,0.5,2,Mon-Th,3,2025-07-21,Mon-Th,2,15
16,0.03333333333333333,0.5,2,Mon-Th,3,2025-07-21,Mon-Th,2,15
16,0.03333333333333333,150.0,2,Mon-Th,3,2025-07-21,Mon-Th,2,15
19,0.03333333333333333,0.5,2,Mon-Th,3,2025-07-21,Mon-Th,2,15
21,0.03333333333333333,0.5,2,Mon-Th,3,2025-07-21,Mon-Th,2,15
20,0.03333333333333333,0.5,2,Mon-Th,3,2025-07-21,Mon-Th,2,15
20,0.03333333333333333,0.5,2,Mon-Th,3,2025-07-21,Mon-Th,2,15
16,120.0,150.0,2,Mon-Th,3,2025-07-21,Mon-Th,2,15
16,0.03333333333333333,150.0,2,Mon-Th,3,2025-07-22,Mon-Th,2,13
19,120.0,150.0,2,Mon-Th,3,2025-07-22,Mon-Th,2,13
19,120.0,150.0,2,Mon-Th,3,2025-07-22,Mon-Th,2,13
12,120.0,150.0,2,Mon-Th,3,2025-07-22,Mon-Th,2,13
14,0.03333333333333333,0.5,2,Mon-Th,3,2025-07-22,Mon-Th,2,13
14,120.0,0.5,2,Mon-Th,3,2025-07-22,Mon-Th,2,13
3,0.03333333333333333,0.5,2,Mon-Th,3,2025-07-22,Mon-Th,2,13
19,120.0,0.5,2,Mon-Th,3,2025-07-22,Mon-Th,2,13
16,0.03333333333333333,0.5,2,Mon-Th,3,2025-07-22,Mon-Th,2,13
16,120.0,0.5,2,Mon-Th,3,2025-07-22,Mon-Th,2,13
16,0.03333333333333333,0.5,2,Mon-Th,3,2025-07-22,Mon-Th,2,13
17,0.03333333333333333,0.5,2,Mon-Th,3,2025-07-22,Mon-Th,2,13
14,0.03333333333333333,150.0,2,Mon-Th,3,2025-07-22,Mon-Th,2,13
12,120.0,0.5,2,Mon-Th,3,2025-07-23,Mon-Th,2,18
16,120.0,0.5,2,Mon-Th,3,2025-07-23,Mon-Th,2,18
21,0.03333333333333333,0.5,2,Mon-Th,3,2025-07-23,Mon-Th,2,18
16,0.03333333333333333,150.0,2,Mon-Th,3,2025-07-23,Mon-Th,2,18
16,0.03333333333333333,0.5,2,Mon-Th,3,2025-07-23,Mon-Th,2,18
16,120.0,150.0,2,Mon-Th,3,2025-07-23,Mon-Th,2,18
16,0.03333333333333333,0.5,2,Mon-Th,3,2025-07-23,Mon-Th,2,18
15,120.0,0.5,2,Mon-Th,3,2025-07-23,Mon-Th,2,18
20,120.0,0.5,2,Mon-Th,3,2025-07-23,Mon-Th,2,18
16,120.0,0.5,2,Mon-Th,3,2025-07-23,Mon-Th,2,18
22,120.0,0.5,2,Mon-Th,3,2025-07-23,Mon-Th,2,18
16,0.03333333333333333,150.0,2,Mon-Th,3,2025-07-23,Mon-Th,2,18
16,0.03333333333333333,0.5,2,Mon-Th,3,2025-07-23,Mon-Th,2,18
15,120.0,150.0,2,Mon-Th,3,2025-07-23,Mon-Th,2,18
20,120.0,150.0,2,Mon-Th,3,2025-07-23,Mon-Th,2,18
14,0.03333333333333333,150.0,2,Mon-Th,3,2025-07-23,Mon-Th,2,18
20,0.03333333333333333,150.0,2,Mon-Th,3,2025-07-23,Mon-Th,2,18
17,120.0,0.5,2,Mon-Th,3,2025-07-23,Mon-Th,2,18
17,0.03333333333333333,0.5,2,Mon-Th,3,2025-07-24,Mon-Th,2,14
17,120.0,150.0,2,Mon-Th,3,2025-07-24,Mon-Th,2,14
14,0.03333333333333333,150.0,2,Mon-Th,3,2025-07-24,Mon-Th,2,14
16,120.0,150.0,2,Mon-Th,3,2025-07-24,Mon-Th,2,14
16,120.0,150.0,2,Mon-Th,3,2025-07-24,Mon-Th,2,14
16,120.0,0.5,2,Mon-Th,3,2025-07-24,Mon-Th,2,14
19,120.0,0.5,2,Mon-Th,3,2025-07-24,Mon-Th,2,14
17,0.03333333333333333,0.5,2,Mon-Th,3,2025-07-24,Mon-Th,2,14
15,0.03333333333333333,0.5,2,Mon-Th,3,2025-07-24,Mon-Th,2,14
16,0.03333333333333333,0.5,2,Mon-Th,3,2025-07-24,Mon-Th,2,14
16,120.0,0.5,2,Mon-Th,3,2025-07-24,Mon-Th,2,14
16,120.0,150.0,2,Mon-Th,3,2025-07-24,Mon-Th,2,14
22,0.03333333333333333,150.0,2,Mon-Th,3,2025-07-24,Mon-Th,2,14
23,120.0,0.5,2,Mon-Th,3,2025-07-24,Mon-Th,2,14
14,0.03333333333333333,0.5,2,Mon-Th,3,2025-07-28,Mon-Th,2,12
16,120.0,0.5,2,Mon-Th,3,2025-07-28,Mon-Th,2,12
16,0.03333333333333333,0.5,2,Mon-Th,3,2025-07-28,Mon-Th,2,12
15,0.03333333333333333,0.5,2,Mon-Th,3,2025-07-28,Mon-Th,2,12
17,120.0,150.0,2,Mon-Th,3,2025-07-28,Mon-Th,2,12
22,120.0,0.5,2,Mon-Th,3,2025-07-28,Mon-Th,2,12
16,120.0,150.0,2,Mon-Th,3,2025-07-28,Mon-Th,2,12
14,120.0,0.5,2,Mon-Th,3,2025-07-28,Mon-Th,2,12
21,0.03333333333333333,150.0,2,Mon-Th,3,2025-07-28,Mon-Th,2,12
15,120.0,0.5,2,Mon-Th,3,2025-07-28,Mon-Th,2,12
17,120.0,0.5,2,Mon-Th,3,2025-07-28,Mon-Th,2,12
18,0.03333333333333333,150.0,2,Mon-Th,3,2025-07-28,Mon-Th,2,12
12,120.0,0.5,2,Mon-Th,3,2025-07-29,Mon-Th,2,14
16,0.03333333333333333,0.5,2,Mon-Th,3,2025-07-29,Mon-Th,2,14
16,0.03333333333333333,150.0,2,Mon-Th,3,2025-07-29,Mon-Th,2,14
16,0.03333333333333333,150.0,2,Mon-Th,3,2025-07-29,Mon-Th,2,14
12,120.0,0.5,2,Mon-Th,3,2025-07-29,Mon-Th,2,14
14,0.03333333333333333,0.5,2,Mon-Th,3,2025-07-29,Mon-Th,2,14
12,120.0,0.5,2,Mon-Th,3,2025-07-29,Mon-Th,2,14
16,120.0,150.0,2,Mon-Th,3,2025-07-29,Mon-Th,2,14
16,0.03333333333333333,150.0,2,Mon-Th,3,2025-07-29,Mon-Th,2,14
16,0.03333333333333333,0.5,2,Mon-Th,3,2025-07-29,Mon-Th,2,14
12,120.0,0.5,2,Mon-Th,3,2025-07-29,Mon-Th,2,14
16,120.0,150.0,2,Mon-Th,3,2025-07-29,Mon-Th,2,14
20,0.03333333333333333,0.5,2,Mon-Th,3,2025-07-29,Mon-Th,2,14
12,120.0,150.0,2,Mon-Th,3,2025-07-29,Mon-Th,2,14
12,120.0,150.0,2,Mon-Th,3,2025-07-30,Mon-Th,2,24
12,120.0,0.5,2,Mon-Th,3,2025-07-30,Mon-Th,2,24
14,120.0,0.5,2,Mon-Th,3,2025-07-30,Mon-Th,2,24
16,120.0,150.0,2,Mon-Th,3,2025-07-30,Mon-Th,2,24
16,120.0,150.0,2,Mon-Th,3,2025-07-30,Mon-Th,2,24
14,0.03333333333333333,150.0,2,Mon-Th,3,2025-07-30,Mon-Th,2,24
16,120.0,0.5,2,Mon-Th,3,2025-07-30,Mon-Th,2,24
23,0.03333333333333333,150.0,2,Mon-Th,3,2025-07-30,Mon-Th,2,24
17,120.0,0.5,2,Mon-Th,3,2025-07-30,Mon-Th,2,24
17,120.0,0.5,2,Mon-Th,3,2025-07-30,Mon-Th,2,24
16,120.0,150.0,2,Mon-Th,3,2025-07-30,Mon-Th,2,24
16,0.03333333333333333,0.5,2,Mon-Th,3,2025-07-30,Mon-Th,2,24
22,0.03333333333333333,0.5,2,Mon-Th,3,2025-07-30,Mon-Th,2,24
16,0.03333333333333333,150.0,2,Mon-Th,3,2025-07-30,Mon-Th,2,24
16,120.0,150.0,2,Mon-Th,3,2025-07-30,Mon-Th,2,24
16,120.0,150.0,2,Mon-Th,3,2025-07-30,Mon-Th,2,24
11,0.03333333333333333,150.0,2,Mon-Th,3,2025-07-30,Mon-Th,2,24
16,0.03333333333333333,150.0,2,Mon-Th,3,2025-07-30,Mon-Th,2,24
17,0.03333333333333333,0.5,2,Mon-Th,3,2025-07-30,Mon-Th,2,24
12,120.0,150.0,2,Mon-Th,3,2025-07-30,Mon-Th,2,24
0,120.0,0.5,2,Mon-Th,3,2025-07-30,Mon-Th,2,24
16,0.03333333333333333,150.0,2,Mon-Th,3,2025-07-30,Mon-Th,2,24
16,0.03333333333333333,150.0,2,Mon-Th,3,2025-07-30,Mon-Th,2,24
18,0.03333333333333333,150.0,2,Mon-Th,3,2025-07-30,Mon-Th,2,24
16,0.03333333333333333,150.0,2,Mon-Th,3,2025-07-31,Mon-Th,2,16
16,120.0,0.5,2,Mon-Th,3,2025-07-31,Mon-Th,2,16
16,120.0,0.5,2,Mon-Th,3,2025-07-31,Mon-Th,2,16
21,0.03333333333333333,150.0,2,Mon-Th,3,2025-07-31,Mon-Th,2,16
17,120.0,0.5,2,Mon-Th,3,2025-07-31,Mon-Th,2,16
16,120.0,0.5,2,Mon-Th,3,2025-07-31,Mon-Th,2,16
16,0.03333333333333333,150.0,2,Mon-Th,3,2025-07-31,Mon-Th,2,16
16,0.03333333333333333,150.0,2,Mon-Th,3,2025-07-31,Mon-Th,2,16
16,0.03333333333333333,0.5,2,Mon-Th,3,2025-07-31,Mon-Th,2,16
18,0.03333333333333333,150.0,2,Mon-Th,3,2025-07-31,Mon-Th,2,16
16,0.03333333333333333,0.5,2,Mon-Th,3,2025-07-31,Mon-Th,2,16
17,120.0,0.5,2,Mon-Th,3,2025-07-31,Mon-Th,2,16
16,120.0,0.5,2,Mon-Th,3,2025-07-31,Mon-Th,2,16
14,0.03333333333333333,0.5,2,Mon-Th,3,2025-07-31,Mon-Th,2,16
14,120.0,150.0,2,Mon-Th,3,2025-07-31,Mon-Th,2,16
16,120.0,150.0,2,Mon-Th,3,2025-07-31,Mon-Th,2,16
16,0.03333333333333333,0.5,2,Mon-Th,3,2025-08-04,Mon-Th,2,13
15,0.03333333333333333,150.0,2,Mon-Th,3,2025-08-04,Mon-Th,2,13
16,120.0,150.0,2,Mon-Th,3,2025-08-04,Mon-Th,2,13
3,120.0,0.5,2,Mon-Th,3,2025-08-04,Mon-Th,2,13
12,120.0,0.5,2,Mon-Th,3,2025-08-04,Mon-Th,2,13
12,120.0,0.5,2,Mon-Th,3,2025-08-04,Mon-Th,2,13
0,0.03333333333333333,0.5,2,Mon-Th,3,2025-08-04,Mon-Th,2,13
1,0.03333333333333333,0.5,2,Mon-Th,3,2025-08-04,Mon-Th,2,13
12,0.03333333333333333,150.0,2,Mon-Th,3,2025-08-04,Mon-Th,2,13
16,120.0,0.5,2,Mon-Th,3,2025-08-04,Mon-Th,2,13
16,120.0,150.0,2,Mon-Th,3,2025-08-04,Mon-Th,2,13
15,0.03333333333333333,150.0,2,Mon-Th,3,2025-08-04,Mon-Th,2,13
16,120.0,0.5,2,Mon-Th,3,2025-08-04,Mon-Th,2,13
13,0.03333333333333333,150.0,2,Mon-Th,3,2025-08-05,Mon-Th,2,13
14,120.0,0.5,2,Mon-Th,3,2025-08-05,Mon-Th,2,13
12,120.0,0.5,2,Mon-Th,3,2025-08-05,Mon-Th,2,13
17,120.0,150.0,2,Mon-Th,3,2025-08-05,Mon-Th,2,13
21,0.03333333333333333,0.5,2,Mon-Th,3,2025-08-05,Mon-Th,2,13
1,0.03333333333333333,150.0,2,Mon-Th,3,2025-08-05,Mon-Th,2,13
23,0.03333333333333333,0.5,2,Mon-Th,3,2025-08-05,Mon-Th,2,13
16,120.0,150.0,2,Mon-Th,3,2025-08-05,Mon-Th,2,13
16,0.03333333333333333,150.0,2,Mon-Th,3,2025-08-05,Mon-Th,2,13
12,120.0,0.5,2,Mon-Th,3,2025-08-05,Mon-Th,2,13
12,0.03333333333333333,150.0,2,Mon-Th,3,2025-08-05,Mon-Th,2,13
21,120.0,0.5,2,Mon-Th,3,2025-08-05,Mon-Th,2,13
16,0.03333333333333333,0.5,2,Mon-Th,3,2025-08-05,Mon-Th,2,13
10,0.03333333333333333,150.0,2,Mon-Th,3,2025-08-06,Mon-Th,2,13
16,0.03333333333333333,150.0,2,Mon-Th,3,2025-08-06,Mon-Th,2,13
12,120.0,150.0,2,Mon-Th,3,2025-08-06,Mon-Th,2,13
13,0.03333333333333333,150.0,2,Mon-Th,3,2025-08-06,Mon-Th,2,13
14,0.03333333333333333,150.0,2,Mon-Th,3,2025-08-06,Mon-Th,2,13
17,120.0,150.0,2,Mon-Th,3,2025-08-06,Mon-Th,2,13
12,120.0,150.0,2,Mon-Th,3,2025-08-06,Mon-Th,2,13
16,120.0,150.0,2,Mon-Th,3,2025-08-06,Mon-Th,2,13
17,0.03333333333333333,150.0,2,Mon-Th,3,2025-08-06,Mon-Th,2,13
12,120.0,150.0,2,Mon-Th,3,2025-08-06,Mon-Th,2,13
16,120.0,0.5,2,Mon-Th,3,2025-08-06,Mon-Th,2,13
20,0.03333333333333333,0.5,2,Mon-Th,3,2025-08-06,Mon-Th,2,13
16,0.03333333333333333,0.5,2,Mon-Th,3,2025-08-06,Mon-Th,2,13
14,120.0,0.5,2,Mon-Th,3,2025-08-07,Mon-Th,2,14
16,0.03333333333333333,150.0,2,Mon-Th,3,2025-08-07,Mon-Th,2,14
20,0.03333333333333333,0.5,2,Mon-Th,3,2025-08-07,Mon-Th,2,14
12,0.03333333333333333,150.0,2,Mon-Th,3,2025-08-07,Mon-Th,2,14
16,0.03333333333333333,0.5,2,Mon-Th,3,2025-08-07,Mon-Th,2,14
17,0.03333333333333333,0.5,2,Mon-Th,3,2025-08-07,Mon-Th,2,14
12,120.0,0.5,2,Mon-Th,3,2025-08-07,Mon-Th,2,14
12,120.0,150.0,2,Mon-Th,3,2025-08-07,Mon-Th,2,14
16,120.0,150.0,2,Mon-Th,3,2025-08-07,Mon-Th,2,14
22,0.03333333333333333,0.5,2,Mon-Th,3,2025-08-07,Mon-Th,2,14
16,120.0,0.5,2,Mon-Th,3,2025-08-07,Mon-Th,2,14
22,120.0,0.5,2,Mon-Th,3,2025-08-07,Mon-Th,2,14
16,120.0,0.5,2,Mon-Th,3,2025-08-07,Mon-Th,2,14
12,120.0,150.0,2,Mon-Th,3,2025-08-07,Mon-Th,2,14
3,0.03333333333333333,150.0,2,Mon-Th,3,2025-08-11,Mon-Th,2,13
16,0.03333333333333333,150.0,2,Mon-Th,3,2025-08-11,Mon-Th,2,13
16,0.03333333333333333,0.5,2,Mon-Th,3,2025-08-11,Mon-Th,2,13
20,120.0,0.5,2,Mon-Th,3,2025-08-11,Mon-Th,2,13
8,0.03333333333333333,0.5,2,Mon-Th,3,2025-08-11,Mon-Th,2,13
16,0.03333333333333333,0.5,2,Mon-Th,3,2025-08-11,Mon-Th,2,13
12,120.0,0.5,2,Mon-Th,3,2025-08-11,Mon-Th,2,13
17,120.0,0.5,2,Mon-Th,3,2025-08-11,Mon-Th,2,13
22,0.03333333333333333,150.0,2,Mon-Th,3,2025-08-11,Mon-Th,2,13
16,120.0,0.5,2,Mon-Th,3,2025-08-11,Mon-Th,2,13
16,0.03333333333333333,150.0,2,Mon-Th,3,2025-08-11,Mon-Th,2,13
12,120.0,0.5,2,Mon-Th,3,2025-08-11,Mon-Th,2,13
19,120.0,0.5,2,Mon-Th,3,2025-08-11,Mon-Th,2,13
16,120.0,0.5,2,Mon-Th,3,2025-08-12,Mon-Th,2,21
12,120.0,0.5,2,Mon-Th,3,2025-08-12,Mon-Th,2,21
16,120.0,150.0,2,Mon-Th,3,2025-08-12,Mon-Th,2,21
16,0.03333333333333333,0.5,2,Mon-Th,3,2025-08-12,Mon-Th,2,21
16,120.0,150.0,2,Mon-Th,3,2025-08-12,Mon-Th,2,21
16,120.0,150.0,2,Mon-Th,3,2025-08-12,Mon-Th,2,21
22,120.0,150.0,2,Mon-Th,3,2025-08-12,Mon-Th,2,21
12,120.0,150.0,2,Mon-Th,3,2025-08-12,Mon-Th,2,21
16,0.03333333333333333,150.0,2,Mon-Th,3,2025-08-12,Mon-Th,2,21
12,120.0,0.5,2,Mon-Th,3,2025-08-12,Mon-Th,2,21
16,120.0,150.0,2,Mon-Th,3,2025-08-12,Mon-Th,2,21
7,0.03333333333333333,150.0,2,Mon-Th,3,2025-08-12,Mon-Th,2,21
12,120.0,150.0,2,Mon-Th,3,2025-08-12,Mon-Th,2,21
16,120.0,150.0,2,Mon-Th,3,2025-08-12,Mon-Th,2,21
14,120.0,150.0,2,Mon-Th,3,2025-08-12,Mon-Th,2,21
21,0.03333333333333333,150.0,2,Mon-Th,3,2025-08-12,Mon-Th,2,21
15,0.03333333333333333,0.5,2,Mon-Th,3,2025-08-12,Mon-Th,2,21
17,120.0,0.5,2,Mon-Th,3,2025-08-12,Mon-Th,2,21
16,120.0,150.0,2,Mon-Th,3,2025-08-12,Mon-Th,2,21
15,0.03333333333333333,0.5,2,Mon-Th,3,2025-08-12,Mon-Th,2,21
16,0.03333333333333333,0.5,2,Mon-Th,3,2025-08-12,Mon-Th,2,21
16,120.0,150.0,2,Mon-Th,3,2025-08-13,Mon-Th,2,18
16,0.03333333333333333,150.0,2,Mon-Th,3,2025-08-13,Mon-Th,2,18
16,0.03333333333333333,150.0,2,Mon-Th,3,2025-08-13,Mon-Th,2,18
3,0.03333333333333333,150.0,2,Mon-Th,3,2025-08-13,Mon-Th,2,18
12,120.0,150.0,2,Mon-Th,3,2025-08-13,Mon-Th,2,18
17,0.03333333333333333,150.0,2,Mon-Th,3,2025-08-13,Mon-Th,2,18
13,120.0,0.5,2,Mon-Th,3,2025-08-13,Mon-Th,2,18
16,0.03333333333333333,150.0,2,Mon-Th,3,2025-08-13,Mon-Th,2,18
12,120.0,0.5,2,Mon-Th,3,2025-08-13,Mon-Th,2,18
15,0.03333333333333333,0.5,2,Mon-Th,3,2025-08-13,Mon-Th,2,18
16,120.0,0.5,2,Mon-Th,3,2025-08-13,Mon-Th,2,18
16,120.0,0.5,2,Mon-Th,3,2025-08-13,Mon-Th,2,18
21,0.03333333333333333,150.0,2,Mon-Th,3,2025-08-13,Mon-Th,2,18
17,120.0,0.5,2,Mon-Th,3,2025-08-13,Mon-Th,2,18
16,120.0,150.0,2,Mon-Th,3,2025-08-13,Mon-Th,2,18
2,0.03333333333333333,0.5,2,Mon-Th,3,2025-08-13,Mon-Th,2,18
14,0.03333333333333333,150.0,2,Mon-Th,3,2025-08-13,Mon-Th,2,18
20,0.03333333333333333,0.5,2,Mon-Th,3,2025-08-13,Mon-Th,2,18
16,0.03333333333333333,150.0,2,Mon-Th,3,2025-08-14,Mon-Th,2,19
12,0.03333333333333333,150.0,2,Mon-Th,3,2025-08-14,Mon-Th,2,19
16,0.03333333333333333,150.0,2,Mon-Th,3,2025-08-14,Mon-Th,2,19
12,120.0,0.5,2,Mon-Th,3,2025-08-14,Mon-Th,2,19
0,0.03333333333333333,0.5,2,Mon-Th,3,2025-08-14,Mon-Th,2,19
14,0.03333333333333333,0.5,2,Mon-Th,3,2025-08-14,Mon-Th,2,19
22,0.03333333333333333,150.0,2,Mon-Th,3,2025-08-14,Mon-Th,2,19
20,120.0,0.5,2,Mon-Th,3,2025-08-14,Mon-Th,2,19
21,120.0,0.5,2,Mon-Th,3,2025-08-14,Mon-Th,2,19
16,0.03333333333333333,150.0,2,Mon-Th,3,2025-08-14,Mon-Th,2,19
12,120.0,150.0,2,Mon-Th,3,2025-08-14,Mon-Th,2,19
16,0.03333333333333333,150.0,2,Mon-Th,3,2025-08-14,Mon-Th,2,19
22,120.0,0.5,2,Mon-Th,3,2025-08-14,Mon-Th,2,19
18,120.0,150.0,2,Mon-Th,3,2025-08-14,Mon-Th,2,19
16,0.03333333333333333,150.0,2,Mon-Th,3,2025-08-14,Mon-Th,2,19
16,120.0,0.5,2,Mon-Th,3,2025-08-14,Mon-Th,2,19
14,0.03333333333333333,150.0,2,Mon-Th,3,2025-08-14,Mon-Th,2,19
16,120.0,150.0,2,Mon-Th,3,2025-08-14,Mon-Th,2,19
12,120.0,0.5,2,Mon-Th,3,2025-08-14,Mon-Th,2,19
16,0.03333333333333333,150.0,2,Mon-Th,3,2025-08-18,Mon-Th,2,13
16,120.0,150.0,2,Mon-Th,3,2025-08-18,Mon-Th,2,13
22,120.0,150.0,2,Mon-Th,3,2025-08-18,Mon-Th,2,13
22,120.0,150.0,2,Mon-Th,3,2025-08-18,Mon-Th,2,13
16,0.03333333333333333,0.5,2,Mon-Th,3,2025-08-18,Mon-Th,2,13
21,0.03333333333333333,150.0,2,Mon-Th,3,2025-08-18,Mon-Th,2,13
12,0.03333333333333333,150.0,2,Mon-Th,3,2025-08-18,Mon-Th,2,13
15,0.03333333333333333,150.0,2,Mon-Th,3,2025-08-18,Mon-Th,2,13
16,120.0,0.5,2,Mon-Th,3,2025-08-18,Mon-Th,2,13
16,120.0,150.0,2,Mon-Th,3,2025-08-18,Mon-Th,2,13
12,120.0,0.5,2,Mon-Th,3,2025-08-18,Mon-Th,2,13
16,120.0,150.0,2,Mon-Th,3,2025-08-18,Mon-Th,2,13
16,0.03333333333333333,150.0,2,Mon-Th,3,2025-08-18,Mon-Th,2,13
20,120.0,0.5,2,Mon-Th,3,2025-08-19,Mon-Th,2,18
0,0.03333333333333333,150.0,2,Mon-Th,3,2025-08-19,Mon-Th,2,18
16,120.0,0.5,2,Mon-Th,3,2025-08-19,Mon-Th,2,18
12,120.0,0.5,2,Mon-Th,3,2025-08-19,Mon-Th,2,18
14,120.0,0.5,2,Mon-Th,3,2025-08-19,Mon-Th,2,18
22,0.03333333333333333,0.5,2,Mon-Th,3,2025-08-19,Mon-Th,2,18
16,0.03333333333333333,0.5,2,Mon-Th,3,2025-08-19,Mon-Th,2,18
16,0.03333333333333333,150.0,2,Mon-Th,3,2025-08-19,Mon-Th,2,18
15,120.0,0.5,2,Mon-Th,3,2025-08-19,Mon-Th,2,18
16,0.03333333333333333,150.0,2,Mon-Th,3,2025-08-19,Mon-Th,2,18
16,120.0,150.0,2,Mon-Th,3,2025-08-19,Mon-Th,2,18
15,120.0,150.0,2,Mon-Th,3,2025-08-19,Mon-Th,2,18
17,0.03333333333333333,150.0,2,Mon-Th,3,2025-08-19,Mon-Th,2,18
15,120.0,0.5,2,Mon-Th,3,2025-08-19,Mon-Th,2,18
19,0.03333333333333333,0.5,2,Mon-Th,3,2025-08-19,Mon-Th,2,18
12,120.0,150.0,2,Mon-Th,3,2025-08-19,Mon-Th,2,18
22,120.0,150.0,2,Mon-Th,3,2025-08-19,Mon-Th,2,18
16,0.03333333333333333,0.5,2,Mon-Th,3,2025-08-19,Mon-Th,2,18
16,0.03333333333333333,0.5,2,Mon-Th,3,2025-08-20,Mon-Th,2,8
8,120.0,150.0,2,Mon-Th,3,2025-08-20,Mon-Th,2,8
15,0.03333333333333333,0.5,2,Mon-Th,3,2025-08-20,Mon-Th,2,8
16,0.03333333333333333,150.0,2,Mon-Th,3,2025-08-20,Mon-Th,2,8
20,0.03333333333333333,0.5,2,Mon-Th,3,2025-08-20,Mon-Th,2,8
16,0.03333333333333333,0.5,2,Mon-Th,3,2025-08-20,Mon-Th,2,8
19,0.03333333333333333,0.5,2,Mon-Th,3,2025-08-20,Mon-Th,2,8
20,0.03333333333333333,0.5,2,Mon-Th,3,2025-08-20,Mon-Th,2,8
16,0.03333333333333333,150.0,2,Mon-Th,3,2025-08-21,Mon-Th,2,16
17,0.03333333333333333,0.5,2,Mon-Th,3,2025-08-21,Mon-Th,2,16
14,0.03333333333333333,150.0,2,Mon-Th,3,2025-08-21,Mon-Th,2,16
23,0.03333333333333333,0.5,2,Mon-Th,3,2025-08-21,Mon-Th,2,16
10,0.03333333333333333,0.5,2,Mon-Th,3,2025-08-21,Mon-Th,2,16
16,0.03333333333333333,150.0,2,Mon-Th,3,2025-08-21,Mon-Th,2,16
19,120.0,0.5,2,Mon-Th,3,2025-08-21,Mon-Th,2,16
16,0.03333333333333333,150.0,2,Mon-Th,3,2025-08-21,Mon-Th,2,16
17,0.03333333333333333,150.0,2,Mon-Th,3,2025-08-21,Mon-Th,2,16
17,120.0,0.5,2,Mon-Th,3,2025-08-21,Mon-Th,2,16
20,120.0,0.5,2,Mon-Th,3,2025-08-21,Mon-Th,2,16
16,0.03333333333333333,150.0,2,Mon-Th,3,2025-08-21,Mon-Th,2,16
21,0.03333333333333333,0.5,2,Mon-Th,3,2025-08-21,Mon-Th,2,16
22,0.03333333333333333,150.0,2,Mon-Th,3,2025-08-21,Mon-Th,2,16
22,0.03333333333333333,0.5,2,Mon-Th,3,2025-08-21,Mon-Th,2,16
15,120.0,150.0,2,Mon-Th,3,2025-08-21,Mon-Th,2,16
14,0.03333333333333333,0.5,2,Mon-Th,3,2025-08-25,Mon-Th,2,14
16,0.03333333333333333,0.5,2,Mon-Th,3,2025-08-25,Mon-Th,2,14
11,0.03333333333333333,0.5,2,Mon-Th,3,2025-08-25,Mon-Th,2,14
14,120.0,0.5,2,Mon-Th,3,2025-08-25,Mon-Th,2,14
19,0.03333333333333333,0.5,2,Mon-Th,3,2025-08-25,Mon-Th,2,14
16,0.03333333333333333,0.5,2,Mon-Th,3,2025-08-25,Mon-Th,2,14
16,0.03333333333333333,0.5,2,Mon-Th,3,2025-08-25,Mon-Th,2,14
17,120.0,0.5,2,Mon-Th,3,2025-08-25,Mon-Th,2,14
16,0.03333333333333333,0.5,2,Mon-Th,3,2025-08-25,Mon-Th,2,14
16,120.0,150.0,2,Mon-Th,3,2025-08-25,Mon-Th,2,14
16,0.03333333333333333,0.5,2,Mon-Th,3,2025-08-25,Mon-Th,2,14
16,0.03333333333333333,0.5,2,Mon-Th,3,2025-08-25,Mon-Th,2,14
16,0.03333333333333333,150.0,2,Mon-Th,3,2025-08-25,Mon-Th,2,14
17,0.03333333333333333,150.0,2,Mon-Th,3,2025-08-25,Mon-Th,2,14
19,0.03333333333333333,0.5,2,Mon-Th,3,2025-08-26,Mon-Th,2,14
12,0.03333333333333333,150.0,2,Mon-Th,3,2025-08-26,Mon-Th,2,14
12,120.0,0.5,2,Mon-Th,3,2025-08-26,Mon-Th,2,14
10,120.0,0.5,2,Mon-Th,3,2025-08-26,Mon-Th,2,14
12,120.0,0.5,2,Mon-Th,3,2025-08-26,Mon-Th,2,14
12,0.03333333333333333,0.5,2,Mon-Th,3,2025-08-26,Mon-Th,2,14
17,120.0,0.5,2,Mon-Th,3,2025-08-26,Mon-Th,2,14
16,0.03333333333333333,0.5,2,Mon-Th,3,2025-08-26,Mon-Th,2,14
12,120.0,0.5,2,Mon-Th,3,2025-08-26,Mon-Th,2,14
21,120.0,0.5,2,Mon-Th,3,2025-08-26,Mon-Th,2,14
16,0.03333333333333333,0.5,2,Mon-Th,3,2025-08-26,Mon-Th,2,14
17,120.0,150.0,2,Mon-Th,3,2025-08-26,Mon-Th,2,14
12,120.0,0.5,2,Mon-Th,3,2025-08-26,Mon-Th,2,14
23,0.03333333333333333,0.5,2,Mon-Th,3,2025-08-26,Mon-Th,2,14
16,0.03333333333333333,150.0,2,Mon-Th,3,2025-08-27,Mon-Th,2,19
12,120.0,0.5,2,Mon-Th,3,2025-08-27,Mon-Th,2,19
12,120.0,0.5,2,Mon-Th,3,2025-08-27,Mon-Th,2,19
13,120.0,0.5,2,Mon-Th,3,2025-08-27,Mon-Th,2,19
16,120.0,150.0,2,Mon-Th,3,2025-08-27,Mon-Th,2,19
19,0.03333333333333333,150.0,2,Mon-Th,3,2025-08-27,Mon-Th,2,19
16,120.0,150.0,2,Mon-Th,3,2025-08-27,Mon-Th,2,19
13,0.03333333333333333,0.5,2,Mon-Th,3,2025-08-27,Mon-Th,2,19
18,0.03333333333333333,0.5,2,Mon-Th,3,2025-08-27,Mon-Th,2,19
15,0.03333333333333333,0.5,2,Mon-Th,3,2025-08-27,Mon-Th,2,19
16,0.03333333333333333,150.0,2,Mon-Th,3,2025-08-27,Mon-Th,2,19
13,0.03333333333333333,0.5,2,Mon-Th,3,2025-08-27,Mon-Th,2,19
16,0.03333333333333333,0.5,2,Mon-Th,3,2025-08-27,Mon-Th,2,19
16,120.0,150.0,2,Mon-Th,3,2025-08-27,Mon-Th,2,19
19,0.03333333333333333,150.0,2,Mon-Th,3,2025-08-27,Mon-Th,2,19
17,120.0,0.5,2,Mon-Th,3,2025-08-27,Mon-Th,2,19
11,0.03333333333333333,150.0,2,Mon-Th,3,2025-08-27,Mon-Th,2,19
16,0.03333333333333333,0.5,2,Mon-Th,3,2025-08-27,Mon-Th,2,19
17,120.0,150.0,2,Mon-Th,3,2025-08-27,Mon-Th,2,19
16,120.0,150.0,2,Mon-Th,3,2025-08-28,Mon-Th,2,16
16,0.03333333333333333,0.5,2,Mon-Th,3,2025-08-28,Mon-Th,2,16
14,120.0,150.0,2,Mon-Th,3,2025-08-28,Mon-Th,2,16
19,0.03333333333333333,0.5,2,Mon-Th,3,2025-08-28,Mon-Th,2,16
16,0.03333333333333333,0.5,2,Mon-Th,3,2025-08-28,Mon-Th,2,16
15,120.0,0.5,2,Mon-Th,3,2025-08-28,Mon-Th,2,16
16,120.0,150.0,2,Mon-Th,3,2025-08-28,Mon-Th,2,16
18,0.03333333333333333,0.5,2,Mon-Th,3,2025-08-28,Mon-Th,2,16
16,120.0,0.5,2,Mon-Th,3,2025-08-28,Mon-Th,2,16
15,120.0,0.5,2,Mon-Th,3,2025-08-28,Mon-Th,2,16
16,120.0,150.0,2,Mon-Th,3,2025-08-28,Mon-Th,2,16
14,0.03333333333333333,0.5,2,Mon-Th,3,2025-08-28,Mon-Th,2,16
14,0.03333333333333333,0.5,2,Mon-Th,3,2025-08-28,Mon-Th,2,16
16,0.03333333333333333,150.0,2,Mon-Th,3,2025-08-28,Mon-Th,2,16
12,120.0,150.0,2,Mon-Th,3,2025-08-28,Mon-Th,2,16
16,0.03333333333333333,0.5,2,Mon-Th,3,2025-08-28,Mon-Th,2,16
16,120.0,150.0,2,Mon-Th,3,2025-09-01,Mon-Th,2,11
12,120.0,0.5,2,Mon-Th,3,2025-09-01,Mon-Th,2,11
14,0.03333333333333333,0.5,2,Mon-Th,3,2025-09-01,Mon-Th,2,11
20,120.0,150.0,2,Mon-Th,3,2025-09-01,Mon-Th,2,11
15,0.03333333333333333,0.5,2,Mon-Th,3,2025-09-01,Mon-Th,2,11
20,0.03333333333333333,0.5,2,Mon-Th,3,2025-09-01,Mon-Th,2,11
14,120.0,0.5,2,Mon-Th,3,2025-09-01,Mon-Th,2,11
15,120.0,150.0,2,Mon-Th,3,2025-09-01,Mon-Th,2,11
16,120.0,150.0,2,Mon-Th,3,2025-09-01,Mon-Th,2,11
15,0.03333333333333333,0.5,2,Mon-Th,3,2025-09-01,Mon-Th,2,11
15,0.03333333333333333,0.5,2,Mon-Th,3,2025-09-01,Mon-Th,2,11
16,120.0,150.0,2,Mon-Th,3,2025-09-02,Mon-Th,2,13
12,120.0,0.5,2,Mon-Th,3,2025-09-02,Mon-Th,2,13
16,0.03333333333333333,150.0,2,Mon-Th,3,2025-09-02,Mon-Th,2,13
16,0.03333333333333333,150.0,2,Mon-Th,3,2025-09-02,Mon-Th,2,13
16,0.03333333333333333,150.0,2,Mon-Th,3,2025-09-02,Mon-Th,2,13
0,120.0,0.5,2,Mon-Th,3,2025-09-02,Mon-Th,2,13
16,0.03333333333333333,0.5,2,Mon-Th,3,2025-09-02,Mon-Th,2,13
19,120.0,150.0,2,Mon-Th,3,2025-09-02,Mon-Th,2,13
16,0.03333333333333333,0.5,2,Mon-Th,3,2025-09-02,Mon-Th,2,13
16,120.0,150.0,2,Mon-Th,3,2025-09-02,Mon-Th,2,13
12,120.0,0.5,2,Mon-Th,3,2025-09-02,Mon-Th,2,13
12,0.03333333333333333,150.0,2,Mon-Th,3,2025-09-02,Mon-Th,2,13
17,120.0,0.5,2,Mon-Th,3,2025-09-02,Mon-Th,2,13
15,120.0,150.0,2,Mon-Th,3,2025-09-03,Mon-Th,2,8
21,120.0,150.0,2,Mon-Th,3,2025-09-03,Mon-Th,2,8
12,120.0,0.5,2,Mon-Th,3,2025-09-03,Mon-Th,2,8
18,0.03333333333333333,0.5,2,Mon-Th,3,2025-09-03,Mon-Th,2,8
15,120.0,0.5,2,Mon-Th,3,2025-09-03,Mon-Th,2,8
16,120.0,150.0,2,Mon-Th,3,2025-09-03,Mon-Th,2,8
16,0.03333333333333333,150.0,2,Mon-Th,3,2025-09-03,Mon-Th,2,8
16,0.03333333333333333,0.5,2,Mon-Th,3,2025-09-03,Mon-Th,2,8
16,0.03333333333333333,150.0,2,Mon-Th,3,2025-09-04,Mon-Th,2,13
20,0.03333333333333333,150.0,2,Mon-Th,3,2025-09-04,Mon-Th,2,13
16,0.03333333333333333,150.0,2,Mon-Th,3,2025-09-04,Mon-Th,2,13
16,0.03333333333333333,150.0,2,Mon-Th,3,2025-09-04,Mon-Th,2,13
12,0.03333333333333333,0.5,2,Mon-Th,3,2025-09-04,Mon-Th,2,13
22,120.0,150.0,2,Mon-Th,3,2025-09-04,Mon-Th,2,13
12,120.0,0.5,2,Mon-Th,3,2025-09-04,Mon-Th,2,13
16,120.0,0.5,2,Mon-Th,3,2025-09-04,Mon-Th,2,13
11,120.0,150.0,2,Mon-Th,3,2025-09-04,Mon-Th,2,13
12,120.0,0.5,2,Mon-Th,3,2025-09-04,Mon-Th,2,13
18,0.03333333333333333,150.0,2,Mon-Th,3,2025-09-04,Mon-Th,2,13
20,120.0,0.5,2,Mon-Th,3,2025-09-04,Mon-Th,2,13
17,120.0,0.5,2,Mon-Th,3,2025-09-04,Mon-Th,2,13
16,120.0,150.0,2,Mon-Th,3,2025-09-08,Mon-Th,2,11
16,0.03333333333333333,150.0,2,Mon-Th,3,2025-09-08,Mon-Th,2,11
18,0.03333333333333333,0.5,2,Mon-Th,3,2025-09-08,Mon-Th,2,11
12,120.0,0.5,2,Mon-Th,3,2025-09-08,Mon-Th,2,11
21,0.03333333333333333,0.5,2,Mon-Th,3,2025-09-08,Mon-Th,2,11
6,120.0,150.0,2,Mon-Th,3,2025-09-08,Mon-Th,2,11
23,0.03333333333333333,150.0,2,Mon-Th,3,2025-09-08,Mon-Th,2,11
15,120.0,150.0,2,Mon-Th,3,2025-09-08,Mon-Th,2,11
16,120.0,150.0,2,Mon-Th,3,2025-09-08,Mon-Th,2,11
21,120.0,0.5,2,Mon-Th,3,2025-09-08,Mon-Th,2,11
14,0.03333333333333333,0.5,2,Mon-Th,3,2025-09-08,Mon-Th,2,11
21,120.0,0.5,2,Mon-Th,3,2025-09-09,Mon-Th,2,13
15,120.0,0.5,2,Mon-Th,3,2025-09-09,Mon-Th,2,13
22,120.0,0.5,2,Mon-Th,3,2025-09-09,Mon-Th,2,13
20,120.0,150.0,2,Mon-Th,3,2025-09-09,Mon-Th,2,13
12,120.0,0.5,2,Mon-Th,3,2025-09-09,Mon-Th,2,13
16,0.03333333333333333,150.0,2,Mon-Th,3,2025-09-09,Mon-Th,2,13
16,0.03333333333333333,150.0,2,Mon-Th,3,2025-09-09,Mon-Th,2,13
16,120.0,0.5,2,Mon-Th,3,2025-09-09,Mon-Th,2,13
14,120.0,0.5,2,Mon-Th,3,2025-09-09,Mon-Th,2,13
16,120.0,0.5,2,Mon-Th,3,2025-09-09,Mon-Th,2,13
16,0.03333333333333333,150.0,2,Mon-Th,3,2025-09-09,Mon-Th,2,13
3,120.0,0.5,2,Mon-Th,3,2025-09-09,Mon-Th,2,13
14,0.03333333333333333,0.5,2,Mon-Th,3,2025-09-09,Mon-Th,2,13
16,0.03333333333333333,150.0,2,Mon-Th,3,2025-09-10,Mon-Th,2,12
14,120.0,150.0,2,Mon-Th,3,2025-09-10,Mon-Th,2,12
16,120.0,150.0,2,Mon-Th,3,2025-09-10,Mon-Th,2,12
16,0.03333333333333333,0.5,2,Mon-Th,3,2025-09-10,Mon-Th,2,12
16,0.03333333333333333,0.5,2,Mon-Th,3,2025-09-10,Mon-Th,2,12
16,120.0,150.0,2,Mon-Th,3,2025-09-10,Mon-Th,2,12
12,120.0,0.5,2,Mon-Th,3,2025-09-10,Mon-Th,2,12
23,120.0,0.5,2,Mon-Th,3,2025-09-10,Mon-Th,2,12
16,120.0,150.0,2,Mon-Th,3,2025-09-10,Mon-Th,2,12
17,120.0,150.0,2,Mon-Th,3,2025-09-10,Mon-Th,2,12
16,120.0,0.5,2,Mon-Th,3,2025-09-10,Mon-Th,2,12
16,0.03333333333333333,150.0,2,Mon-Th,3,2025-09-10,Mon-Th,2,12
18,0.03333333333333333,0.5,2,Mon-Th,3,2025-09-11,Mon-Th,2,19
16,0.03333333333333333,0.5,2,Mon-Th,3,2025-09-11,Mon-Th,2,19
16,0.03333333333333333,150.0,2,Mon-Th,3,2025-09-11,Mon-Th,2,19
16,0.03333333333333333,150.0,2,Mon-Th,3,2025-09-11,Mon-Th,2,19
16,0.03333333333333333,0.5,2,Mon-Th,3,2025-09-11,Mon-Th,2,19
16,120.0,0.5,2,Mon-Th,3,2025-09-11,Mon-Th,2,19
16,120.0,150.0,2,Mon-Th,3,2025-09-11,Mon-Th,2,19
16,0.03333333333333333,150.0,2,Mon-Th,3,2025-09-11,Mon-Th,2,19
16,120.0,150.0,2,Mon-Th,3,2025-09-11,Mon-Th,2,19
16,0.03333333333333333,0.5,2,Mon-Th,3,2025-09-11,Mon-Th,2,19
16,0.03333333333333333,150.0,2,Mon-Th,3,2025-09-11,Mon-Th,2,19
16,0.03333333333333333,150.0,2,Mon-Th,3,2025-09-11,Mon-Th,2,19
22,0.03333333333333333,0.5,2,Mon-Th,3,2025-09-11,Mon-Th,2,19
16,120.0,150.0,2,Mon-Th,3,2025-09-11,Mon-Th,2,19
16,120.0,0.5,2,Mon-Th,3,2025-09-11,Mon-Th,2,19
16,120.0,0.5,2,Mon-Th,3,2025-09-11,Mon-Th,2,19
15,0.03333333333333333,0.5,2,Mon-Th,3,2025-09-11,Mon-Th,2,19
19,120.0,150.0,2,Mon-Th,3,2025-09-11,Mon-Th,2,19
16,0.03333333333333333,150.0,2,Mon-Th,3,2025-09-11,Mon-Th,2,19
16,120.0,150.0,2,Mon-Th,3,2025-09-15,Mon-Th,2,10
20,120.0,150.0,2,Mon-Th,3,2025-09-15,Mon-Th,2,10
14,0.03333333333333333,150.0,2,Mon-Th,3,2025-09-15,Mon-Th,2,10
12,120.0,150.0,2,Mon-Th,3,2025-09-15,Mon-Th,2,10
13,0.03333333333333333,150.0,2,Mon-Th,3,2025-09-15,Mon-Th,2,10
14,0.03333333333333333,0.5,2,Mon-Th,3,2025-09-15,Mon-Th,2,10
16,0.03333333333333333,150.0,2,Mon-Th,3,2025-09-15,Mon-Th,2,10
22,120.0,0.5,2,Mon-Th,3,2025-09-15,Mon-Th,2,10
16,120.0,150.0,2,Mon-Th,3,2025-09-15,Mon-Th,2,10
14,0.03333333333333333,150.0,2,Mon-Th,3,2025-09-15,Mon-Th,2,10
22,0.03333333333333333,0.5,2,Mon-Th,3,2025-09-16,Mon-Th,2,17
14,0.03333333333333333,150.0,2,Mon-Th,3,2025-09-16,Mon-Th,2,17
12,120.0,150.0,2,Mon-Th,3,2025-09-16,Mon-Th,2,17
18,120.0,150.0,2,Mon-Th,3,2025-09-16,Mon-Th,2,17
17,0.03333333333333333,0.5,2,Mon-Th,3,2025-09-16,Mon-Th,2,17
16,0.03333333333333333,150.0,2,Mon-Th,3,2025-09-16,Mon-Th,2,17
21,120.0,0.5,2,Mon-Th,3,2025-09-16,Mon-Th,2,17
16,0.03333333333333333,150.0,2,Mon-Th,3,2025-09-16,Mon-Th,2,17
16,120.0,0.5,2,Mon-Th,3,2025-09-16,Mon-Th,2,17
16,120.0,0.5,2,Mon-Th,3,2025-09-16,Mon-Th,2,17
22,0.03333333333333333,150.0,2,Mon-Th,3,2025-09-16,Mon-Th,2,17
21,0.03333333333333333,0.5,2,Mon-Th,3,2025-09-16,Mon-Th,2,17
23,120.0,0.5,2,Mon-Th,3,2025-09-16,Mon-Th,2,17
18,120.0,0.5,2,Mon-Th,3,2025-09-16,Mon-Th,2,17
17,0.03333333333333333,0.5,2,Mon-Th,3,2025-09-16,Mon-Th,2,17
14,120.0,150.0,2,Mon-Th,3,2025-09-16,Mon-Th,2,17
18,120.0,0.5,2,Mon-Th,3,2025-09-16,Mon-Th,2,17
16,120.0,0.5,2,Mon-Th,3,2025-09-17,Mon-Th,2,13
12,120.0,150.0,2,Mon-Th,3,2025-09-17,Mon-Th,2,13
16,120.0,150.0,2,Mon-Th,3,2025-09-17,Mon-Th,2,13
12,120.0,0.5,2,Mon-Th,3,2025-09-17,Mon-Th,2,13
16,120.0,0.5,2,Mon-Th,3,2025-09-17,Mon-Th,2,13
16,120.0,0.5,2,Mon-Th,3,2025-09-17,Mon-Th,2,13
21,0.03333333333333333,0.5,2,Mon-Th,3,2025-09-17,Mon-Th,2,13
21,120.0,0.5,2,Mon-Th,3,2025-09-17,Mon-Th,2,13
16,0.03333333333333333,150.0,2,Mon-Th,3,2025-09-17,Mon-Th,2,13
22,0.03333333333333333,0.5,2,Mon-Th,3,2025-09-17,Mon-Th,2,13
21,0.03333333333333333,0.5,2,Mon-Th,3,2025-09-17,Mon-Th,2,13
16,120.0,150.0,2,Mon-Th,3,2025-09-17,Mon-Th,2,13
16,120.0,0.5,2,Mon-Th,3,2025-09-17,Mon-Th,2,13
12,120.0,0.5,2,Mon-Th,3,2025-09-18,Mon-Th,2,9
16,120.0,150.0,2,Mon-Th,3,2025-09-18,Mon-Th,2,9
16,120.0,0.5,2,Mon-Th,3,2025-09-18,Mon-Th,2,9
16,0.03333333333333333,0.5,2,Mon-Th,3,2025-09-18,Mon-Th,2,9
12,120.0,0.5,2,Mon-Th,3,2025-09-18,Mon-Th,2,9
18,0.03333333333333333,0.5,2,Mon-Th,3,2025-09-18,Mon-Th,2,9
16,120.0,150.0,2,Mon-Th,3,2025-09-18,Mon-Th,2,9
1,0.03333333333333333,150.0,2,Mon-Th,3,2025-09-18,Mon-Th,2,9
12,120.0,0.5,2,Mon-Th,3,2025-09-18,Mon-Th,2,9
16,120.0,0.5,2,Mon-Th,3,2025-09-22,Mon-Th,2,13
16,0.03333333333333333,0.5,2,Mon-Th,3,2025-09-22,Mon-Th,2,13
17,0.03333333333333333,0.5,2,Mon-Th,3,2025-09-22,Mon-Th,2,13
19,120.0,0.5,2,Mon-Th,3,2025-09-22,Mon-Th,2,13
16,0.03333333333333333,0.5,2,Mon-Th,3,2025-09-22,Mon-Th,2,13
16,120.0,150.0,2,Mon-Th,3,2025-09-22,Mon-Th,2,13
16,120.0,150.0,2,Mon-Th,3,2025-09-22,Mon-Th,2,13
16,120.0,150.0,2,Mon-Th,3,2025-09-22,Mon-Th,2,13
15,120.0,0.5,2,Mon-Th,3,2025-09-22,Mon-Th,2,13
16,0.03333333333333333,0.5,2,Mon-Th,3,2025-09-22,Mon-Th,2,13
18,120.0,0.5,2,Mon-Th,3,2025-09-22,Mon-Th,2,13
15,0.03333333333333333,0.5,2,Mon-Th,3,2025-09-22,Mon-Th,2,13
19,120.0,150.0,2,Mon-Th,3,2025-09-22,Mon-Th,2,13
16,120.0,150.0,2,Friday,3,2025-06-27,Friday,2,11
14,0.03333333333333333,150.0,2,Friday,3,2025-06-27,Friday,2,11
12,120.0,0.5,2,Friday,3,2025-06-27,Friday,2,11
16,0.03333333333333333,150.0,2,Friday,3,2025-06-27,Friday,2,11
20,0.03333333333333333,150.0,2,Friday,3,2025-06-27,Friday,2,11
12,120.0,150.0,2,Friday,3,2025-06-27,Friday,2,11
22,120.0,150.0,2,Friday,3,2025-06-27,Friday,2,11
12,120.0,150.0,2,Friday,3,2025-06-27,Friday,2,11
16,120.0,0.5,2,Friday,3,2025-06-27,Friday,2,11
16,0.03333333333333333,150.0,2,Friday,3,2025-06-27,Friday,2,11
16,120.0,150.0,2,Friday,3,2025-06-27,Friday,2,11
21,0.03333333333333333,150.0,2,Friday,3,2025-07-04,Friday,2,14
4,120.0,150.0,2,Friday,3,2025-07-04,Friday,2,14
16,0.03333333333333333,150.0,2,Friday,3,2025-07-04,Friday,2,14
10,120.0,0.5,2,Friday,3,2025-07-04,Friday,2,14
12,120.0,150.0,2,Friday,3,2025-07-04,Friday,2,14
15,120.0,0.5,2,Friday,3,2025-07-04,Friday,2,14
10,0.03333333333333333,150.0,2,Friday,3,2025-07-04,Friday,2,14
18,120.0,0.5,2,Friday,3,2025-07-04,Friday,2,14
22,0.03333333333333333,0.5,2,Friday,3,2025-07-04,Friday,2,14
16,120.0,0.5,2,Friday,3,2025-07-04,Friday,2,14
16,120.0,0.5,2,Friday,3,2025-07-04,Friday,2,14
11,120.0,0.5,2,Friday,3,2025-07-04,Friday,2,14
14,0.03333333333333333,150.0,2,Friday,3,2025-07-04,Friday,2,14
13,0.03333333333333333,150.0,2,Friday,3,2025-07-04,Friday,2,14
16,120.0,0.5,2,Friday,3,2025-07-11,Friday,2,11
21,120.0,150.0,2,Friday,3,2025-07-11,Friday,2,11
12,120.0,0.5,2,Friday,3,2025-07-11,Friday,2,11
1,120.0,150.0,2,Friday,3,2025-07-11,Friday,2,11
16,0.03333333333333333,0.5,2,Friday,3,2025-07-11,Friday,2,11
20,120.0,150.0,2,Friday,3,2025-07-11,Friday,2,11
19,120.0,0.5,2,Friday,3,2025-07-11,Friday,2,11
18,0.03333333333333333,150.0,2,Friday,3,2025-07-11,Friday,2,11
16,0.03333333333333333,150.0,2,Friday,3,2025-07-11,Friday,2,11
22,120.0,0.5,2,Friday,3,2025-07-11,Friday,2,11
22,0.03333333333333333,150.0,2,Friday,3,2025-07-11,Friday,2,11
16,120.0,0.5,2,Friday,3,2025-07-18,Friday,2,11
16,120.0,150.0,2,Friday,3,2025-07-18,Friday,2,11
22,0.03333333333333333,0.5,2,Friday,3,2025-07-18,Friday,2,11
18,0.03333333333333333,0.5,2,Friday,3,2025-07-18,Friday,2,11
16,120.0,0.5,2,Friday,3,2025-07-18,Friday,2,11
20,0.03333333333333333,0.5,2,Friday,3,2025-07-18,Friday,2,11
12,120.0,0.5,2,Friday,3,2025-07-18,Friday,2,11
12,120.0,0.5,2,Friday,3,2025-07-18,Friday,2,11
22,0.03333333333333333,0.5,2,Friday,3,2025-07-18,Friday,2,11
12,0.03333333333333333,150.0,2,Friday,3,2025-07-18,Friday,2,11
16,0.03333333333333333,150.0,2,Friday,3,2025-07-18,Friday,2,11
10,120.0,0.5,2,Friday,3,2025-07-25,Friday,2,16
14,0.03333333333333333,0.5,2,Friday,3,2025-07-25,Friday,2,16
16,120.0,150.0,2,Friday,3,2025-07-25,Friday,2,16
17,120.0,0.5,2,Friday,3,2025-07-25,Friday,2,16
16,0.03333333333333333,0.5,2,Friday,3,2025-07-25,Friday,2,16
16,0.03333333333333333,150.0,2,Friday,3,2025-07-25,Friday,2,16
16,120.0,0.5,2,Friday,3,2025-07-25,Friday,2,16
17,120.0,150.0,2,Friday,3,2025-07-25,Friday,2,16
15,120.0,0.5,2,Friday,3,2025-07-25,Friday,2,16
16,0.03333333333333333,150.0,2,Friday,3,2025-07-25,Friday,2,16
16,0.03333333333333333,150.0,2,Friday,3,2025-07-25,Friday,2,16
15,0.03333333333333333,150.0,2,Friday,3,2025-07-25,Friday,2,16
11,120.0,150.0,2,Friday,3,2025-07-25,Friday,2,16
14,0.03333333333333333,150.0,2,Friday,3,2025-07-25,Friday,2,16
14,0.03333333333333333,150.0,2,Friday,3,2025-07-25,Friday,2,16
13,0.03333333333333333,0.5,2,Friday,3,2025-07-25,Friday,2,16
11,0.03333333333333333,150.0,2,Friday,3,2025-08-01,Friday,2,26
16,0.03333333333333333,150.0,2,Friday,3,2025-08-01,Friday,2,26
18,0.03333333333333333,0.5,2,Friday,3,2025-08-01,Friday,2,26
16,0.03333333333333333,150.0,2,Friday,3,2025-08-01,Friday,2,26
3,120.0,150.0,2,Friday,3,2025-08-01,Friday,2,26
17,120.0,150.0,2,Friday,3,2025-08-01,Friday,2,26
16,0.03333333333333333,150.0,2,Friday,3,2025-08-01,Friday,2,26
12,0.03333333333333333,150.0,2,Friday,3,2025-08-01,Friday,2,26
19,0.03333333333333333,0.5,2,Friday,3,2025-08-01,Friday,2,26
21,0.03333333333333333,0.5,2,Friday,3,2025-08-01,Friday,2,26
12,120.0,0.5,2,Friday,3,2025-08-01,Friday,2,26
17,120.0,150.0,2,Friday,3,2025-08-01,Friday,2,26
16,0.03333333333333333,0.5,2,Friday,3,2025-08-01,Friday,2,26
3,0.03333333333333333,0.5,2,Friday,3,2025-08-01,Friday,2,26
14,0.03333333333333333,150.0,2,Friday,3,2025-08-01,Friday,2,26
16,120.0,150.0,2,Friday,3,2025-08-01,Friday,2,26
17,120.0,150.0,2,Friday,3,2025-08-01,Friday,2,26
16,120.0,150.0,2,Friday,3,2025-08-01,Friday,2,26
18,0.03333333333333333,0.5,2,Friday,3,2025-08-01,Friday,2,26
16,0.03333333333333333,150.0,2,Friday,3,2025-08-01,Friday,2,26
18,120.0,150.0,2,Friday,3,2025-08-01,Friday,2,26
21,120.0,0.5,2,Friday,3,2025-08-01,Friday,2,26
13,0.03333333333333333,150.0,2,Friday,3,2025-08-01,Friday,2,26
12,120.0,150.0,2,Friday,3,2025-08-01,Friday,2,26
12,120.0,0.5,2,Friday,3,2025-08-01,Friday,2,26
16,120.0,150.0,2,Friday,3,2025-08-01,Friday,2,26
14,0.03333333333333333,0.5,2,Friday,3,2025-08-08,Friday,2,23
19,120.0,150.0,2,Friday,3,2025-08-08,Friday,2,23
13,120.0,0.5,2,Friday,3,2025-08-08,Friday,2,23
19,0.03333333333333333,0.5,2,Friday,3,2025-08-08,Friday,2,23
16,120.0,150.0,2,Friday,3,2025-08-08,Friday,2,23
16,120.0,0.5,2,Friday,3,2025-08-08,Friday,2,23
16,0.03333333333333333,0.5,2,Friday,3,2025-08-08,Friday,2,23
16,0.03333333333333333,0.5,2,Friday,3,2025-08-08,Friday,2,23
16,0.03333333333333333,150.0,2,Friday,3,2025-08-08,Friday,2,23
23,120.0,0.5,2,Friday,3,2025-08-08,Friday,2,23
16,0.03333333333333333,0.5,2,Friday,3,2025-08-08,Friday,2,23
16,0.03333333333333333,0.5,2,Friday,3,2025-08-08,Friday,2,23
17,120.0,150.0,2,Friday,3,2025-08-08,Friday,2,23
19,120.0,0.5,2,Friday,3,2025-08-08,Friday,2,23
17,120.0,0.5,2,Friday,3,2025-08-08,Friday,2,23
14,0.03333333333333333,0.5,2,Friday,3,2025-08-08,Friday,2,23
16,0.03333333333333333,0.5,2,Friday,3,2025-08-08,Friday,2,23
16,0.03333333333333333,0.5,2,Friday,3,2025-08-08,Friday,2,23
16,120.0,0.5,2,Friday,3,2025-08-08,Friday,2,23
17,0.03333333333333333,150.0,2,Friday,3,2025-08-08,Friday,2,23
16,120.0,0.5,2,Friday,3,2025-08-08,Friday,2,23
16,120.0,0.5,2,Friday,3,2025-08-08,Friday,2,23
16,0.03333333333333333,0.5,2,Friday,3,2025-08-08,Friday,2,23
23,0.03333333333333333,150.0,2,Friday,3,2025-08-15,Friday,2,10
12,120.0,0.5,2,Friday,3,2025-08-15,Friday,2,10
20,0.03333333333333333,0.5,2,Friday,3,2025-08-15,Friday,2,10
17,0.03333333333333333,150.0,2,Friday,3,2025-08-15,Friday,2,10
12,0.03333333333333333,150.0,2,Friday,3,2025-08-15,Friday,2,10
20,0.03333333333333333,0.5,2,Friday,3,2025-08-15,Friday,2,10
14,0.03333333333333333,150.0,2,Friday,3,2025-08-15,Friday,2,10
19,0.03333333333333333,150.0,2,Friday,3,2025-08-15,Friday,2,10
5,0.03333333333333333,0.5,2,Friday,3,2025-08-15,Friday,2,10
15,0.03333333333333333,0.5,2,Friday,3,2025-08-15,Friday,2,10
16,0.03333333333333333,150.0,2,Friday,3,2025-08-22,Friday,2,11
16,0.03333333333333333,150.0,2,Friday,3,2025-08-22,Friday,2,11
16,120.0,0.5,2,Friday,3,2025-08-22,Friday,2,11
16,0.03333333333333333,0.5,2,Friday,3,2025-08-22,Friday,2,11
20,120.0,150.0,2,Friday,3,2025-08-22,Friday,2,11
16,120.0,0.5,2,Friday,3,2025-08-22,Friday,2,11
16,120.0,150.0,2,Friday,3,2025-08-22,Friday,2,11
16,120.0,0.5,2,Friday,3,2025-08-22,Friday,2,11
16,0.03333333333333333,150.0,2,Friday,3,2025-08-22,Friday,2,11
17,120.0,0.5,2,Friday,3,2025-08-22,Friday,2,11
17,120.0,0.5,2,Friday,3,2025-08-22,Friday,2,11
16,120.0,150.0,2,Friday,3,2025-08-29,Friday,2,16
22,0.03333333333333333,0.5,2,Friday,3,2025-08-29,Friday,2,16
23,120.0,0.5,2,Friday,3,2025-08-29,Friday,2,16
18,120.0,0.5,2,Friday,3,2025-08-29,Friday,2,16
16,0.03333333333333333,150.0,2,Friday,3,2025-08-29,Friday,2,16
14,0.03333333333333333,150.0,2,Friday,3,2025-08-29,Friday,2,16
12,120.0,0.5,2,Friday,3,2025-08-29,Friday,2,16
16,120.0,0.5,2,Friday,3,2025-08-29,Friday,2,16
12,120.0,0.5,2,Friday,3,2025-08-29,Friday,2,16
16,0.03333333333333333,150.0,2,Friday,3,2025-08-29,Friday,2,16
16,0.03333333333333333,150.0,2,Friday,3,2025-08-29,Friday,2,16
12,120.0,150.0,2,Friday,3,2025-08-29,Friday,2,16
12,120.0,150.0,2,Friday,3,2025-08-29,Friday,2,16
12,120.0,0.5,2,Friday,3,2025-08-29,Friday,2,16
2,120.0,0.5,2,Friday,3,2025-08-29,Friday,2,16
16,0.03333333333333333,150.0,2,Friday,3,2025-08-29,Friday,2,16
16,120.0,0.5,2,Friday,3,2025-09-05,Friday,2,14
15,0.03333333333333333,0.5,2,Friday,3,2025-09-05,Friday,2,14
17,0.03333333333333333,150.0,2,Friday,3,2025-09-05,Friday,2,14
21,120.0,0.5,2,Friday,3,2025-09-05,Friday,2,14
17,0.03333333333333333,150.0,2,Friday,3,2025-09-05,Friday,2,14
16,120.0,150.0,2,Friday,3,2025-09-05,Friday,2,14
16,120.0,0.5,2,Friday,3,2025-09-05,Friday,2,14
12,120.0,0.5,2,Friday,3,2025-09-05,Friday,2,14
12,0.03333333333333333,150.0,2,Friday,3,2025-09-05,Friday,2,14
17,120.0,0.5,2,Friday,3,2025-09-05,Friday,2,14
16,0.03333333333333333,0.5,2,Friday,3,2025-09-05,Friday,2,14
15,0.03333333333333333,0.5,2,Friday,3,2025-09-05,Friday,2,14
14,0.03333333333333333,0.5,2,Friday,3,2025-09-05,Friday,2,14
10,120.0,0.5,2,Friday,3,2025-09-05,Friday,2,14
12,0.03333333333333333,0.5,2,Friday,3,2025-09-12,Friday,2,21
2,120.0,150.0,2,Friday,3,2025-09-12,Friday,2,21
20,120.0,150.0,2,Friday,3,2025-09-12,Friday,2,21
15,120.0,0.5,2,Friday,3,2025-09-12,Friday,2,21
5,0.03333333333333333,150.0,2,Friday,3,2025-09-12,Friday,2,21
14,0.03333333333333333,0.5,2,Friday,3,2025-09-12,Friday,2,21
17,120.0,150.0,2,Friday,3,2025-09-12,Friday,2,21
12,120.0,150.0,2,Friday,3,2025-09-12,Friday,2,21
16,120.0,150.0,2,Friday,3,2025-09-12,Friday,2,21
17,120.0,150.0,2,Friday,3,2025-09-12,Friday,2,21
12,120.0,0.5,2,Friday,3,2025-09-12,Friday,2,21
17,0.03333333333333333,150.0,2,Friday,3,2025-09-12,Friday,2,21
19,0.03333333333333333,0.5,2,Friday,3,2025-09-12,Friday,2,21
16,120.0,150.0,2,Friday,3,2025-09-12,Friday,2,21
16,120.0,150.0,2,Friday,3,2025-09-12,Friday,2,21
16,0.03333333333333333,150.0,2,Friday,3,2025-09-12,Friday,2,21
16,0.03333333333333333,150.0,2,Friday,3,2025-09-12,Friday,2,21
16,0.03333333333333333,0.5,2,Friday,3,2025-09-12,Friday,2,21
16,0.03333333333333333,150.0,2,Friday,3,2025-09-12,Friday,2,21
16,0.03333333333333333,150.0,2,Friday,3,2025-09-12,Friday,2,21
14,120.0,0.5,2,Friday,3,2025-09-12,Friday,2,21
16,120.0,0.5,2,Friday,3,2025-09-19,Friday,2,17
16,120.0,150.0,2,Friday,3,2025-09-19,Friday,2,17
16,120.0,0.5,2,Friday,3,2025-09-19,Friday,2,17
22,120.0,150.0,2,Friday,3,2025-09-19,Friday,2,17
16,120.0,150.0,2,Friday,3,2025-09-19,Friday,2,17
23,0.03333333333333333,150.0,2,Friday,3,2025-09-19,Friday,2,17
16,120.0,0.5,2,Friday,3,2025-09-19,Friday,2,17
16,0.03333333333333333,150.0,2,Friday,3,2025-09-19,Friday,2,17
14,120.0,0.5,2,Friday,3,2025-09-19,Friday,2,17
16,0.03333333333333333,0.5,2,Friday,3,2025-09-19,Friday,2,17
12,120.0,0.5,2,Friday,3,2025-09-19,Friday,2,17
16,120.0,0.5,2,Friday,3,2025-09-19,Friday,2,17
14,0.03333333333333333,0.5,2,Friday,3,2025-09-19,Friday,2,17
16,120.0,0.5,2,Friday,3,2025-09-19,Friday,2,17
16,120.0,0.5,2,Friday,3,2025-09-19,Friday,2,17
16,0.03333333333333333,150.0,2,Friday,3,2025-09-19,Friday,2,17
10,0.03333333333333333,150.0,2,Friday,3,2025-09-19,Friday,2,17
0,120.0,0.5,2,Saturday,3,2025-06-28,Saturday,2,17
15,120.0,0.5,2,Saturday,3,2025-06-28,Saturday,2,17
12,120.0,150.0,2,Saturday,3,2025-06-28,Saturday,2,17
16,0.03333333333333333,0.5,2,Saturday,3,2025-06-28,Saturday,2,17
16,120.0,0.5,2,Saturday,3,2025-06-28,Saturday,2,17
7,0.03333333333333333,0.5,2,Saturday,3,2025-06-28,Saturday,2,17
14,0.03333333333333333,0.5,2,Saturday,3,2025-06-28,Saturday,2,17
8,120.0,0.5,2,Saturday,3,2025-06-28,Saturday,2,17
16,0.03333333333333333,0.5,2,Saturday,3,2025-06-28,Saturday,2,17
16,0.03333333333333333,0.5,2,Saturday,3,2025-06-28,Saturday,2,17
14,0.03333333333333333,0.5,2,Saturday,3,2025-06-28,Saturday,2,17
16,0.03333333333333333,0.5,2,Saturday,3,2025-06-28,Saturday,2,17
16,0.03333333333333333,0.5,2,Saturday,3,2025-06-28,Saturday,2,17
20,0.03333333333333333,150.0,2,Saturday,3,2025-06-28,Saturday,2,17
17,0.03333333333333333,0.5,2,Saturday,3,2025-06-28,Saturday,2,17
16,120.0,150.0,2,Saturday,3,2025-06-28,Saturday,2,17
18,120.0,150.0,2,Saturday,3,2025-06-28,Saturday,2,17
16,120.0,0.5,2,Saturday,3,2025-07-05,Saturday,2,8
15,0.03333333333333333,0.5,2,Saturday,3,2025-07-05,Saturday,2,8
16,0.03333333333333333,0.5,2,Saturday,3,2025-07-05,Saturday,2,8
16,0.03333333333333333,150.0,2,Saturday,3,2025-07-05,Saturday,2,8
16,0.03333333333333333,150.0,2,Saturday,3,2025-07-05,Saturday,2,8
14,0.03333333333333333,0.5,2,Saturday,3,2025-07-05,Saturday,2,8
16,0.03333333333333333,0.5,2,Saturday,3,2025-07-05,Saturday,2,8
19,0.03333333333333333,0.5,2,Saturday,3,2025-07-05,Saturday,2,8
16,120.0,150.0,2,Saturday,3,2025-07-12,Saturday,2,12
18,120.0,150.0,2,Saturday,3,2025-07-12,Saturday,2,12
16,120.0,150.0,2,Saturday,3,2025-07-12,Saturday,2,12
16,0.03333333333333333,150.0,2,Saturday,3,2025-07-12,Saturday,2,12
14,0.03333333333333333,150.0,2,Saturday,3,2025-07-12,Saturday,2,12
19,120.0,150.0,2,Saturday,3,2025-07-12,Saturday,2,12
17,0.03333333333333333,150.0,2,Saturday,3,2025-07-12,Saturday,2,12
16,0.03333333333333333,0.5,2,Saturday,3,2025-07-12,Saturday,2,12
18,120.0,0.5,2,Saturday,3,2025-07-12,Saturday,2,12
12,120.0,0.5,2,Saturday,3,2025-07-12,Saturday,2,12
16,0.03333333333333333,150.0,2,Saturday,3,2025-07-12,Saturday,2,12
10,120.0,0.5,2,Saturday,3,2025-07-12,Saturday,2,12
15,0.03333333333333333,0.5,2,Saturday,3,2025-07-19,Saturday,2,14
15,0.03333333333333333,0.5,2,Saturday,3,2025-07-19,Saturday,2,14
23,0.03333333333333333,150.0,2,Saturday,3,2025-07-19,Saturday,2,14
16,120.0,150.0,2,Saturday,3,2025-07-19,Saturday,2,14
16,0.03333333333333333,150.0,2,Saturday,3,2025-07-19,Saturday,2,14
20,120.0,0.5,2,Saturday,3,2025-07-19,Saturday,2,14
16,0.03333333333333333,150.0,2,Saturday,3,2025-07-19,Saturday,2,14
16,0.03333333333333333,0.5,2,Saturday,3,2025-07-19,Saturday,2,14
16,120.0,150.0,2,Saturday,3,2025-07-19,Saturday,2,14
16,0.03333333333333333,0.5,2,Saturday,3,2025-07-19,Saturday,2,14
15,120.0,150.0,2,Saturday,3,2025-07-19,Saturday,2,14
16,120.0,150.0,2,Saturday,3,2025-07-19,Saturday,2,14
16,0.03333333333333333,150.0,2,Saturday,3,2025-07-19,Saturday,2,14
16,120.0,150.0,2,Saturday,3,2025-07-19,Saturday,2,14
16,120.0,150.0,2,Saturday,3,2025-07-26,Saturday,2,9
16,120.0,150.0,2,Saturday,3,2025-07-26,Saturday,2,9
16,0.03333333333333333,0.5,2,Saturday,3,2025-07-26,Saturday,2,9
16,0.03333333333333333,0.5,2,Saturday,3,2025-07-26,Saturday,2,9
16,120.0,0.5,2,Saturday,3,2025-07-26,Saturday,2,9
16,0.03333333333333333,0.5,2,Saturday,3,2025-07-26,Saturday,2,9
16,120.0,150.0,2,Saturday,3,2025-07-26,Saturday,2,9
16,0.03333333333333333,150.0,2,Saturday,3,2025-07-26,Saturday,2,9
12,120.0,0.5,2,Saturday,3,2025-07-26,Saturday,2,9
16,0.03333333333333333,150.0,2,Saturday,3,2025-08-02,Saturday,2,16
16,120.0,150.0,2,Saturday,3,2025-08-02,Saturday,2,16
12,120.0,0.5,2,Saturday,3,2025-08-02,Saturday,2,16
16,120.0,0.5,2,Saturday,3,2025-08-02,Saturday,2,16
17,120.0,0.5,2,Saturday,3,2025-08-02,Saturday,2,16
16,0.03333333333333333,0.5,2,Saturday,3,2025-08-02,Saturday,2,16
19,120.0,0.5,2,Saturday,3,2025-08-02,Saturday,2,16
22,0.03333333333333333,0.5,2,Saturday,3,2025-08-02,Saturday,2,16
15,120.0,150.0,2,Saturday,3,2025-08-02,Saturday,2,16
12,120.0,150.0,2,Saturday,3,2025-08-02,Saturday,2,16
16,0.03333333333333333,0.5,2,Saturday,3,2025-08-02,Saturday,2,16
16,0.03333333333333333,150.0,2,Saturday,3,2025-08-02,Saturday,2,16
21,120.0,0.5,2,Saturday,3,2025-08-02,Saturday,2,16
16,120.0,150.0,2,Saturday,3,2025-08-02,Saturday,2,16
12,0.03333333333333333,0.5,2,Saturday,3,2025-08-02,Saturday,2,16
16,120.0,150.0,2,Saturday,3,2025-08-02,Saturday,2,16
16,0.03333333333333333,150.0,2,Saturday,3,2025-08-09,Saturday,2,18
22,120.0,0.5,2,Saturday,3,2025-08-09,Saturday,2,18
16,0.03333333333333333,0.5,2,Saturday,3,2025-08-09,Saturday,2,18
12,0.03333333333333333,150.0,2,Saturday,3,2025-08-09,Saturday,2,18
16,0.03333333333333333,0.5,2,Saturday,3,2025-08-09,Saturday,2,18
12,120.0,150.0,2,Saturday,3,2025-08-09,Saturday,2,18
16,0.03333333333333333,0.5,2,Saturday,3,2025-08-09,Saturday,2,18
14,0.03333333333333333,150.0,2,Saturday,3,2025-08-09,Saturday,2,18
14,120.0,150.0,2,Saturday,3,2025-08-09,Saturday,2,18
16,120.0,0.5,2,Saturday,3,2025-08-09,Saturday,2,18
16,0.03333333333333333,0.5,2,Saturday,3,2025-08-09,Saturday,2,18
22,120.0,0.5,2,Saturday,3,2025-08-09,Saturday,2,18
16,0.03333333333333333,150.0,2,Saturday,3,2025-08-09,Saturday,2,18
4,120.0,150.0,2,Saturday,3,2025-08-09,Saturday,2,18
16,0.03333333333333333,0.5,2,Saturday,3,2025-08-09,Saturday,2,18
17,0.03333333333333333,150.0,2,Saturday,3,2025-08-09,Saturday,2,18
16,120.0,0.5,2,Saturday,3,2025-08-09,Saturday,2,18
15,0.03333333333333333,150.0,2,Saturday,3,2025-08-09,Saturday,2,18
12,120.0,150.0,2,Saturday,3,2025-08-16,Saturday,2,8
16,0.03333333333333333,0.5,2,Saturday,3,2025-08-16,Saturday,2,8
21,0.03333333333333333,0.5,2,Saturday,3,2025-08-16,Saturday,2,8
12,120.0,150.0,2,Saturday,3,2025-08-16,Saturday,2,8
12,120.0,0.5,2,Saturday,3,2025-08-16,Saturday,2,8
16,0.03333333333333333,0.5,2,Saturday,3,2025-08-16,Saturday,2,8
16,0.03333333333333333,150.0,2,Saturday,3,2025-08-16,Saturday,2,8
4,120.0,150.0,2,Saturday,3,2025-08-16,Saturday,2,8
21,120.0,0.5,2,Saturday,3,2025-08-23,Saturday,2,16
16,120.0,150.0,2,Saturday,3,2025-08-23,Saturday,2,16
16,0.03333333333333333,150.0,2,Saturday,3,2025-08-23,Saturday,2,16
14,0.03333333333333333,150.0,2,Saturday,3,2025-08-23,Saturday,2,16
0,120.0,0.5,2,Saturday,3,2025-08-23,Saturday,2,16
20,120.0,150.0,2,Saturday,3,2025-08-23,Saturday,2,16
12,0.03333333333333333,150.0,2,Saturday,3,2025-08-23,Saturday,2,16
16,120.0,150.0,2,Saturday,3,2025-08-23,Saturday,2,16
16,120.0,0.5,2,Saturday,3,2025-08-23,Saturday,2,16
16,120.0,0.5,2,Saturday,3,2025-08-23,Saturday,2,16
12,120.0,150.0,2,Saturday,3,2025-08-23,Saturday,2,16
17,0.03333333333333333,0.5,2,Saturday,3,2025-08-23,Saturday,2,16
16,120.0,0.5,2,Saturday,3,2025-08-23,Saturday,2,16
16,120.0,0.5,2,Saturday,3,2025-08-23,Saturday,2,16
16,120.0,0.5,2,Saturday,3,2025-08-23,Saturday,2,16
17,0.03333333333333333,150.0,2,Saturday,3,2025-08-23,Saturday,2,16
21,0.03333333333333333,0.5,2,Saturday,3,2025-08-30,Saturday,2,13
16,120.0,0.5,2,Saturday,3,2025-08-30,Saturday,2,13
16,120.0,150.0,2,Saturday,3,2025-08-30,Saturday,2,13
15,0.03333333333333333,0.5,2,Saturday,3,2025-08-30,Saturday,2,13
12,120.0,150.0,2,Saturday,3,2025-08-30,Saturday,2,13
19,120.0,0.5,2,Saturday,3,2025-08-30,Saturday,2,13
16,0.03333333333333333,150.0,2,Saturday,3,2025-08-30,Saturday,2,13
12,120.0,150.0,2,Saturday,3,2025-08-30,Saturday,2,13
16,0.03333333333333333,150.0,2,Saturday,3,2025-08-30,Saturday,2,13
16,0.03333333333333333,150.0,2,Saturday,3,2025-08-30,Saturday,2,13
16,120.0,150.0,2,Saturday,3,2025-08-30,Saturday,2,13
16,0.03333333333333333,0.5,2,Saturday,3,2025-08-30,Saturday,2,13
20,120.0,0.5,2,Saturday,3,2025-08-30,Saturday,2,13
16,120.0,0.5,2,Saturday,3,2025-09-06,Saturday,2,20
16,120.0,0.5,2,Saturday,3,2025-09-06,Saturday,2,20
16,120.0,0.5,2,Saturday,3,2025-09-06,Saturday,2,20
16,120.0,0.5,2,Saturday,3,2025-09-06,Saturday,2,20
16,120.0,0.5,2,Saturday,3,2025-09-06,Saturday,2,20
16,0.03333333333333333,150.0,2,Saturday,3,2025-09-06,Saturday,2,20
20,0.03333333333333333,0.5,2,Saturday,3,2025-09-06,Saturday,2,20
16,120.0,150.0,2,Saturday,3,2025-09-06,Saturday,2,20
20,120.0,0.5,2,Saturday,3,2025-09-06,Saturday,2,20
18,0.03333333333333333,0.5,2,Saturday,3,2025-09-06,Saturday,2,20
16,120.0,150.0,2,Saturday,3,2025-09-06,Saturday,2,20
16,120.0,150.0,2,Saturday,3,2025-09-06,Saturday,2,20
16,120.0,0.5,2,Saturday,3,2025-09-06,Saturday,2,20
17,0.03333333333333333,150.0,2,Saturday,3,2025-09-06,Saturday,2,20
12,120.0,150.0,2,Saturday,3,2025-09-06,Saturday,2,20
12,120.0,150.0,2,Saturday,3,2025-09-06,Saturday,2,20
17,120.0,150.0,2,Saturday,3,2025-09-06,Saturday,2,20
16,120.0,0.5,2,Saturday,3,2025-09-06,Saturday,2,20
16,0.03333333333333333,0.5,2,Saturday,3,2025-09-06,Saturday,2,20
14,0.03333333333333333,0.5,2,Saturday,3,2025-09-06,Saturday,2,20
22,0.03333333333333333,0.5,2,Saturday,3,2025-09-13,Saturday,2,11
16,0.03333333333333333,0.5,2,Saturday,3,2025-09-13,Saturday,2,11
18,0.03333333333333333,150.0,2,Saturday,3,2025-09-13,Saturday,2,11
16,0.03333333333333333,0.5,2,Saturday,3,2025-09-13,Saturday,2,11
16,0.03333333333333333,150.0,2,Saturday,3,2025-09-13,Saturday,2,11
14,0.03333333333333333,0.5,2,Saturday,3,2025-09-13,Saturday,2,11
16,0.03333333333333333,150.0,2,Saturday,3,2025-09-13,Saturday,2,11
16,120.0,0.5,2,Saturday,3,2025-09-13,Saturday,2,11
18,0.03333333333333333,150.0,2,Saturday,3,2025-09-13,Saturday,2,11
16,0.03333333333333333,150.0,2,Saturday,3,2025-09-13,Saturday,2,11
15,0.03333333333333333,0.5,2,Saturday,3,2025-09-13,Saturday,2,11
14,0.03333333333333333,0.5,2,Saturday,3,2025-09-20,Saturday,2,8
16,120.0,150.0,2,Saturday,3,2025-09-20,Saturday,2,8
17,120.0,0.5,2,Saturday,3,2025-09-20,Saturday,2,8
17,0.03333333333333333,0.5,2,Saturday,3,2025-09-20,Saturday,2,8
19,120.0,0.5,2,Saturday,3,2025-09-20,Saturday,2,8
16,0.03333333333333333,0.5,2,Saturday,3,2025-09-20,Saturday,2,8
16,0.03333333333333333,150.0,2,Saturday,3,2025-09-20,Saturday,2,8
16,0.03333333333333333,0.5,2,Saturday,3,2025-09-20,Saturday,2,8
16,120.0,0.5,3,Mon-Th,3,2025-09-23,Mon-Th,3,30
16,120.0,0.5,3,Mon-Th,3,2025-09-23,Mon-Th,3,30
16,120.0,0.5,3,Mon-Th,3,2025-09-23,Mon-Th,3,30
16,120.0,0.5,3,Mon-Th,3,2025-09-23,Mon-Th,3,30
12,120.0,0.5,3,Mon-Th,3,2025-09-23,Mon-Th,3,30
16,120.0,150.0,3,Mon-Th,3,2025-09-23,Mon-Th,3,30
13,0.03333333333333333,0.5,3,Mon-Th,3,2025-09-23,Mon-Th,3,30
14,0.03333333333333333,0.5,3,Mon-Th,3,2025-09-23,Mon-Th,3,30
16,0.03333333333333333,0.5,3,Mon-Th,3,2025-09-23,Mon-Th,3,30
19,120.0,0.5,3,Mon-Th,3,2025-09-23,Mon-Th,3,30
15,0.03333333333333333,0.5,3,Mon-Th,3,2025-09-23,Mon-Th,3,30
16,120.0,150.0,3,Mon-Th,3,2025-09-23,Mon-Th,3,30
15,0.03333333333333333,150.0,3,Mon-Th,3,2025-09-23,Mon-Th,3,30
22,0.03333333333333333,0.5,3,Mon-Th,3,2025-09-23,Mon-Th,3,30
16,0.03333333333333333,0.5,3,Mon-Th,3,2025-09-23,Mon-Th,3,30
16,120.0,0.5,3,Mon-Th,3,2025-09-23,Mon-Th,3,30
16,0.03333333333333333,150.0,3,Mon-Th,3,2025-09-23,Mon-Th,3,30
22,120.0,150.0,3,Mon-Th,3,2025-09-23,Mon-Th,3,30
16,120.0,150.0,3,Mon-Th,3,2025-09-23,Mon-Th,3,30
12,120.0,0.5,3,Mon-Th,3,2025-09-23,Mon-Th,3,30
16,0.03333333333333333,0.5,3,Mon-Th,3,2025-09-23,Mon-Th,3,30
16,120.0,150.0,3,Mon-Th,3,2025-09-23,Mon-Th,3,30
20,0.03333333333333333,150.0,3,Mon-Th,3,2025-09-23,Mon-Th,3,30
20,0.03333333333333333,0.5,3,Mon-Th,3,2025-09-23,Mon-Th,3,30
14,120.0,0.5,3,Mon-Th,3,2025-09-23,Mon-Th,3,30
16,0.03333333333333333,150.0,3,Mon-Th,3,2025-09-23,Mon-Th,3,30
16,120.0,0.5,3,Mon-Th,3,2025-09-23,Mon-Th,3,30
14,0.03333333333333333,0.5,3,Mon-Th,3,2025-09-23,Mon-Th,3,30
16,0.03333333333333333,150.0,3,Mon-Th,3,2025-09-23,Mon-Th,3,30
21,120.0,0.5,3,Mon-Th,3,2025-09-23,Mon-Th,3,30
17,0.03333333333333333,0.5,3,Mon-Th,3,2025-09-24,Mon-Th,3,22
22,120.0,150.0,3,Mon-Th,3,2025-09-24,Mon-Th,3,22
20,120.0,0.5,3,Mon-Th,3,2025-09-24,Mon-Th,3,22
23,0.03333333333333333,0.5,3,Mon-Th,3,2025-09-24,Mon-Th,3,22
22,120.0,0.5,3,Mon-Th,3,2025-09-24,Mon-Th,3,22
16,0.03333333333333333,0.5,3,Mon-Th,3,2025-09-24,Mon-Th,3,22
16,120.0,150.0,3,Mon-Th,3,2025-09-24,Mon-Th,3,22
16,120.0,150.0,3,Mon-Th,3,2025-09-24,Mon-Th,3,22
14,0.03333333333333333,150.0,3,Mon-Th,3,2025-09-24,Mon-Th,3,22
16,120.0,0.5,3,Mon-Th,3,2025-09-24,Mon-Th,3,22
14,0.03333333333333333,0.5,3,Mon-Th,3,2025-09-24,Mon-Th,3,22
16,0.03333333333333333,150.0,3,Mon-Th,3,2025-09-24,Mon-Th,3,22
16,0.03333333333333333,0.5,3,Mon-Th,3,2025-09-24,Mon-Th,3,22
16,0.03333333333333333,0.5,3,Mon-Th,3,2025-09-24,Mon-Th,3,22
16,120.0,150.0,3,Mon-Th,3,2025-09-24,Mon-Th,3,22
16,0.03333333333333333,150.0,3,Mon-Th,3,2025-09-24,Mon-Th,3,22
21,0.03333333333333333,0.5,3,Mon-Th,3,2025-09-24,Mon-Th,3,22
16,0.03333333333333333,150.0,3,Mon-Th,3,2025-09-24,Mon-Th,3,22
18,0.03333333333333333,0.5,3,Mon-Th,3,2025-09-24,Mon-Th,3,22
20,120.0,0.5,3,Mon-Th,3,2025-09-24,Mon-Th,3,22
13,120.0,0.5,3,Mon-Th,3,2025-09-24,Mon-Th,3,22
16,120.0,0.5,3,Mon-Th,3,2025-09-24,Mon-Th,3,22
16,0.03333333333333333,0.5,3,Mon-Th,3,2025-09-25,Mon-Th,3,19
15,0.03333333333333333,0.5,3,Mon-Th,3,2025-09-25,Mon-Th,3,19
16,0.03333333333333333,150.0,3,Mon-Th,3,2025-09-25,Mon-Th,3,19
16,120.0,0.5,3,Mon-Th,3,2025-09-25,Mon-Th,3,19
13,120.0,0.5,3,Mon-Th,3,2025-09-25,Mon-Th,3,19
16,0.03333333333333333,150.0,3,Mon-Th,3,2025-09-25,Mon-Th,3,19
12,0.03333333333333333,150.0,3,Mon-Th,3,2025-09-25,Mon-Th,3,19
16,120.0,0.5,3,Mon-Th,3,2025-09-25,Mon-Th,3,19
14,0.03333333333333333,0.5,3,Mon-Th,3,2025-09-25,Mon-Th,3,19
16,0.03333333333333333,0.5,3,Mon-Th,3,2025-09-25,Mon-Th,3,19
17,120.0,150.0,3,Mon-Th,3,2025-09-25,Mon-Th,3,19
12,120.0,0.5,3,Mon-Th,3,2025-09-25,Mon-Th,3,19
16,0.03333333333333333,0.5,3,Mon-Th,3,2025-09-25,Mon-Th,3,19
16,0.03333333333333333,0.5,3,Mon-Th,3,2025-09-25,Mon-Th,3,19
18,120.0,150.0,3,Mon-Th,3,2025-09-25,Mon-Th,3,19
16,120.0,150.0,3,Mon-Th,3,2025-09-25,Mon-Th,3,19
16,0.03333333333333333,0.5,3,Mon-Th,3,2025-09-25,Mon-Th,3,19
16,0.03333333333333333,0.5,3,Mon-Th,3,2025-09-25,Mon-Th,3,19
1,0.03333333333333333,0.5,3,Mon-Th,3,2025-09-25,Mon-Th,3,19
18,120.0,150.0,3,Mon-Th,3,2025-09-29,Mon-Th,3,31
16,120.0,0.5,3,Mon-Th,3,2025-09-29,Mon-Th,3,31
16,120.0,0.5,3,Mon-Th,3,2025-09-29,Mon-Th,3,31
16,0.03333333333333333,150.0,3,Mon-Th,3,2025-09-29,Mon-Th,3,31
16,0.03333333333333333,150.0,3,Mon-Th,3,2025-09-29,Mon-Th,3,31
16,120.0,150.0,3,Mon-Th,3,2025-09-29,Mon-Th,3,31
20,0.03333333333333333,0.5,3,Mon-Th,3,2025-09-29,Mon-Th,3,31
16,0.03333333333333333,0.5,3,Mon-Th,3,2025-09-29,Mon-Th,3,31
16,120.0,150.0,3,Mon-Th,3,2025-09-29,Mon-Th,3,31
16,120.0,0.5,3,Mon-Th,3,2025-09-29,Mon-Th,3,31
12,120.0,0.5,3,Mon-Th,3,2025-09-29,Mon-Th,3,31
16,0.03333333333333333,150.0,3,Mon-Th,3,2025-09-29,Mon-Th,3,31
12,120.0,0.5,3,Mon-Th,3,2025-09-29,Mon-Th,3,31
14,120.0,0.5,3,Mon-Th,3,2025-09-29,Mon-Th,3,31
18,120.0,150.0,3,Mon-Th,3,2025-09-29,Mon-Th,3,31
16,0.03333333333333333,0.5,3,Mon-Th,3,2025-09-29,Mon-Th,3,31
16,0.03333333333333333,0.5,3,Mon-Th,3,2025-09-29,Mon-Th,3,31
17,0.03333333333333333,0.5,3,Mon-Th,3,2025-09-29,Mon-Th,3,31
21,120.0,0.5,3,Mon-Th,3,2025-09-29,Mon-Th,3,31
15,120.0,0.5,3,Mon-Th,3,2025-09-29,Mon-Th,3,31
15,0.03333333333333333,0.5,3,Mon-Th,3,2025-09-29,Mon-Th,3,31
13,0.03333333333333333,0.5,3,Mon-Th,3,2025-09-29,Mon-Th,3,31
14,0.03333333333333333,0.5,3,Mon-Th,3,2025-09-29,Mon-Th,3,31
12,120.0,0.5,3,Mon-Th,3,2025-09-29,Mon-Th,3,31
16,120.0,150.0,3,Mon-Th,3,2025-09-29,Mon-Th,3,31
12,120.0,0.5,3,Mon-Th,3,2025-09-29,Mon-Th,3,31
16,0.03333333333333333,150.0,3,Mon-Th,3,2025-09-29,Mon-Th,3,31
11,120.0,150.0,3,Mon-Th,3,2025-09-29,Mon-Th,3,31
20,0.03333333333333333,0.5,3,Mon-Th,3,2025-09-29,Mon-Th,3,31
16,0.03333333333333333,150.0,3,Mon-Th,3,2025-09-29,Mon-Th,3,31
16,0.03333333333333333,0.5,3,Mon-Th,3,2025-09-29,Mon-Th,3,31
17,120.0,150.0,3,Mon-Th,3,2025-09-30,Mon-Th,3,30
16,120.0,0.5,3,Mon-Th,3,2025-09-30,Mon-Th,3,30
18,0.03333333333333333,0.5,3,Mon-Th,3,2025-09-30,Mon-Th,3,30
16,0.03333333333333333,150.0,3,Mon-Th,3,2025-09-30,Mon-Th,3,30
12,120.0,0.5,3,Mon-Th,3,2025-09-30,Mon-Th,3,30
12,120.0,150.0,3,Mon-Th,3,2025-09-30,Mon-Th,3,30
16,0.03333333333333333,0.5,3,Mon-Th,3,2025-09-30,Mon-Th,3,30
14,120.0,150.0,3,Mon-Th,3,2025-09-30,Mon-Th,3,30
16,120.0,150.0,3,Mon-Th,3,2025-09-30,Mon-Th,3,30
20,120.0,0.5,3,Mon-Th,3,2025-09-30,Mon-Th,3,30
16,120.0,150.0,3,Mon-Th,3,2025-09-30,Mon-Th,3,30
19,120.0,150.0,3,Mon-Th,3,2025-09-30,Mon-Th,3,30
16,0.03333333333333333,150.0,3,Mon-Th,3,2025-09-30,Mon-Th,3,30
16,0.03333333333333333,0.5,3,Mon-Th,3,2025-09-30,Mon-Th,3,30
16,0.03333333333333333,0.5,3,Mon-Th,3,2025-09-30,Mon-Th,3,30
19,0.03333333333333333,0.5,3,Mon-Th,3,2025-09-30,Mon-Th,3,30
16,120.0,0.5,3,Mon-Th,3,2025-09-30,Mon-Th,3,30
12,120.0,0.5,3,Mon-Th,3,2025-09-30,Mon-Th,3,30
20,120.0,150.0,3,Mon-Th,3,2025-09-30,Mon-Th,3,30
12,120.0,150.0,3,Mon-Th,3,2025-09-30,Mon-Th,3,30
16,120.0,0.5,3,Mon-Th,3,2025-09-30,Mon-Th,3,30
16,0.03333333333333333,150.0,3,Mon-Th,3,2025-09-30,Mon-Th,3,30
21,120.0,150.0,3,Mon-Th,3,2025-09-30,Mon-Th,3,30
16,0.03333333333333333,150.0,3,Mon-Th,3,2025-09-30,Mon-Th,3,30
16,120.0,0.5,3,Mon-Th,3,2025-09-30,Mon-Th,3,30
16,0.03333333333333333,0.5,3,Mon-Th,3,2025-09-30,Mon-Th,3,30
12,120.0,0.5,3,Mon-Th,3,2025-09-30,Mon-Th,3,30
14,0.03333333333333333,150.0,3,Mon-Th,3,2025-09-30,Mon-Th,3,30
12,120.0,0.5,3,Mon-Th,3,2025-09-30,Mon-Th,3,30
0,120.0,0.5,3,Mon-Th,3,2025-09-30,Mon-Th,3,30
14,0.03333333333333333,0.5,3,Mon-Th,3,2025-10-01,Mon-Th,3,36
18,120.0,0.5,3,Mon-Th,3,2025-10-01,Mon-Th,3,36
16,0.03333333333333333,150.0,3,Mon-Th,3,2025-10-01,Mon-Th,3,36
16,0.03333333333333333,0.5,3,Mon-Th,3,2025-10-01,Mon-Th,3,36
12,120.0,150.0,3,Mon-Th,3,2025-10-01,Mon-Th,3,36
16,0.03333333333333333,0.5,3,Mon-Th,3,2025-10-01,Mon-Th,3,36
15,0.03333333333333333,150.0,3,Mon-Th,3,2025-10-01,Mon-Th,3,36
14,0.03333333333333333,0.5,3,Mon-Th,3,2025-10-01,Mon-Th,3,36
16,0.03333333333333333,0.5,3,Mon-Th,3,2025-10-01,Mon-Th,3,36
16,120.0,0.5,3,Mon-Th,3,2025-10-01,Mon-Th,3,36
16,0.03333333333333333,150.0,3,Mon-Th,3,2025-10-01,Mon-Th,3,36
14,0.03333333333333333,150.0,3,Mon-Th,3,2025-10-01,Mon-Th,3,36
21,120.0,150.0,3,Mon-Th,3,2025-10-01,Mon-Th,3,36
16,0.03333333333333333,150.0,3,Mon-Th,3,2025-10-01,Mon-Th,3,36
12,0.03333333333333333,0.5,3,Mon-Th,3,2025-10-01,Mon-Th,3,36
14,0.03333333333333333,150.0,3,Mon-Th,3,2025-10-01,Mon-Th,3,36
16,120.0,150.0,3,Mon-Th,3,2025-10-01,Mon-Th,3,36
15,120.0,0.5,3,Mon-Th,3,2025-10-01,Mon-Th,3,36
16,0.03333333333333333,0.5,3,Mon-Th,3,2025-10-01,Mon-Th,3,36
18,0.03333333333333333,0.5,3,Mon-Th,3,2025-10-01,Mon-Th,3,36
16,120.0,0.5,3,Mon-Th,3,2025-10-01,Mon-Th,3,36
16,0.03333333333333333,150.0,3,Mon-Th,3,2025-10-01,Mon-Th,3,36
17,120.0,150.0,3,Mon-Th,3,2025-10-01,Mon-Th,3,36
12,120.0,0.5,3,Mon-Th,3,2025-10-01,Mon-Th,3,36
20,0.03333333333333333,0.5,3,Mon-Th,3,2025-10-01,Mon-Th,3,36
16,120.0,0.5,3,Mon-Th,3,2025-10-01,Mon-Th,3,36
12,120.0,0.5,3,Mon-Th,3,2025-10-01,Mon-Th,3,36
12,120.0,0.5,3,Mon-Th,3,2025-10-01,Mon-Th,3,36
21,0.03333333333333333,150.0,3,Mon-Th,3,2025-10-01,Mon-Th,3,36
20,0.03333333333333333,150.0,3,Mon-Th,3,2025-10-01,Mon-Th,3,36
12,120.0,0.5,3,Mon-Th,3,2025-10-01,Mon-Th,3,36
12,120.0,150.0,3,Mon-Th,3,2025-10-01,Mon-Th,3,36
16,0.03333333333333333,0.5,3,Mon-Th,3,2025-10-01,Mon-Th,3,36
16,0.03333333333333333,150.0,3,Mon-Th,3,2025-10-01,Mon-Th,3,36
21,0.03333333333333333,0.5,3,Mon-Th,3,2025-10-01,Mon-Th,3,36
12,120.0,150.0,3,Mon-Th,3,2025-10-01,Mon-Th,3,36
16,0.03333333333333333,150.0,3,Mon-Th,3,2025-10-02,Mon-Th,3,28
12,120.0,0.5,3,Mon-Th,3,2025-10-02,Mon-Th,3,28
16,0.03333333333333333,150.0,3,Mon-Th,3,2025-10-02,Mon-Th,3,28
12,0.03333333333333333,150.0,3,Mon-Th,3,2025-10-02,Mon-Th,3,28
11,120.0,0.5,3,Mon-Th,3,2025-10-02,Mon-Th,3,28
21,0.03333333333333333,0.5,3,Mon-Th,3,2025-10-02,Mon-Th,3,28
16,0.03333333333333333,0.5,3,Mon-Th,3,2025-10-02,Mon-Th,3,28
12,0.03333333333333333,150.0,3,Mon-Th,3,2025-10-02,Mon-Th,3,28
20,0.03333333333333333,0.5,3,Mon-Th,3,2025-10-02,Mon-Th,3,28
18,0.03333333333333333,150.0,3,Mon-Th,3,2025-10-02,Mon-Th,3,28
16,0.03333333333333333,150.0,3,Mon-Th,3,2025-10-02,Mon-Th,3,28
12,120.0,150.0,3,Mon-Th,3,2025-10-02,Mon-Th,3,28
16,120.0,150.0,3,Mon-Th,3,2025-10-02,Mon-Th,3,28
22,120.0,0.5,3,Mon-Th,3,2025-10-02,Mon-Th,3,28
16,0.03333333333333333,0.5,3,Mon-Th,3,2025-10-02,Mon-Th,3,28
20,120.0,150.0,3,Mon-Th,3,2025-10-02,Mon-Th,3,28
12,120.0,0.5,3,Mon-Th,3,2025-10-02,Mon-Th,3,28
14,0.03333333333333333,0.5,3,Mon-Th,3,2025-10-02,Mon-Th,3,28
16,0.03333333333333333,150.0,3,Mon-Th,3,2025-10-02,Mon-Th,3,28
15,120.0,150.0,3,Mon-Th,3,2025-10-02,Mon-Th,3,28
17,120.0,150.0,3,Mon-Th,3,2025-10-02,Mon-Th,3,28
20,120.0,0.5,3,Mon-Th,3,2025-10-02,Mon-Th,3,28
14,0.03333333333333333,150.0,3,Mon-Th,3,2025-10-02,Mon-Th,3,28
16,120.0,0.5,3,Mon-Th,3,2025-10-02,Mon-Th,3,28
17,120.0,150.0,3,Mon-Th,3,2025-10-02,Mon-Th,3,28
16,0.03333333333333333,0.5,3,Mon-Th,3,2025-10-02,Mon-Th,3,28
16,120.0,0.5,3,Mon-Th,3,2025-10-02,Mon-Th,3,28
7,0.03333333333333333,150.0,3,Mon-Th,3,2025-10-02,Mon-Th,3,28
16,0.03333333333333333,150.0,3,Mon-Th,3,2025-10-06,Mon-Th,3,27
18,0.03333333333333333,150.0,3,Mon-Th,3,2025-10-06,Mon-Th,3,27
16,120.0,150.0,3,Mon-Th,3,2025-10-06,Mon-Th,3,27
15,0.03333333333333333,150.0,3,Mon-Th,3,2025-10-06,Mon-Th,3,27
16,0.03333333333333333,150.0,3,Mon-Th,3,2025-10-06,Mon-Th,3,27
16,0.03333333333333333,150.0,3,Mon-Th,3,2025-10-06,Mon-Th,3,27
16,120.0,0.5,3,Mon-Th,3,2025-10-06,Mon-Th,3,27
22,0.03333333333333333,150.0,3,Mon-Th,3,2025-10-06,Mon-Th,3,27
16,0.03333333333333333,150.0,3,Mon-Th,3,2025-10-06,Mon-Th,3,27
17,120.0,0.5,3,Mon-Th,3,2025-10-06,Mon-Th,3,27
22,120.0,0.5,3,Mon-Th,3,2025-10-06,Mon-Th,3,27
16,0.03333333333333333,150.0,3,Mon-Th,3,2025-10-06,Mon-Th,3,27
12,120.0,0.5,3,Mon-Th,3,2025-10-06,Mon-Th,3,27
16,120.0,0.5,3,Mon-Th,3,2025-10-06,Mon-Th,3,27
14,0.03333333333333333,0.5,3,Mon-Th,3,2025-10-06,Mon-Th,3,27
16,120.0,0.5,3,Mon-Th,3,2025-10-06,Mon-Th,3,27
16,120.0,0.5,3,Mon-Th,3,2025-10-06,Mon-Th,3,27
12,120.0,0.5,3,Mon-Th,3,2025-10-06,Mon-Th,3,27
16,120.0,150.0,3,Mon-Th,3,2025-10-06,Mon-Th,3,27
22,120.0,0.5,3,Mon-Th,3,2025-10-06,Mon-Th,3,27
16,120.0,150.0,3,Mon-Th,3,2025-10-06,Mon-Th,3,27
23,0.03333333333333333,0.5,3,Mon-Th,3,2025-10-06,Mon-Th,3,27
12,120.0,150.0,3,Mon-Th,3,2025-10-06,Mon-Th,3,27
16,0.03333333333333333,0.5,3,Mon-Th,3,2025-10-06,Mon-Th,3,27
16,0.03333333333333333,0.5,3,Mon-Th,3,2025-10-06,Mon-Th,3,27
16,120.0,150.0,3,Mon-Th,3,2025-10-06,Mon-Th,3,27
16,0.03333333333333333,0.5,3,Mon-Th,3,2025-10-06,Mon-Th,3,27
12,120.0,0.5,3,Mon-Th,3,2025-10-07,Mon-Th,3,19
16,120.0,150.0,3,Mon-Th,3,2025-10-07,Mon-Th,3,19
9,120.0,0.5,3,Mon-Th,3,2025-10-07,Mon-Th,3,19
16,120.0,150.0,3,Mon-Th,3,2025-10-07,Mon-Th,3,19
17,0.03333333333333333,150.0,3,Mon-Th,3,2025-10-07,Mon-Th,3,19
16,0.03333333333333333,0.5,3,Mon-Th,3,2025-10-07,Mon-Th,3,19
5,120.0,0.5,3,Mon-Th,3,2025-10-07,Mon-Th,3,19
22,0.03333333333333333,0.5,3,Mon-Th,3,2025-10-07,Mon-Th,3,19
13,0.03333333333333333,0.5,3,Mon-Th,3,2025-10-07,Mon-Th,3,19
12,120.0,0.5,3,Mon-Th,3,2025-10-07,Mon-Th,3,19
14,0.03333333333333333,0.5,3,Mon-Th,3,2025-10-07,Mon-Th,3,19
16,0.03333333333333333,150.0,3,Mon-Th,3,2025-10-07,Mon-Th,3,19
20,120.0,0.5,3,Mon-Th,3,2025-10-07,Mon-Th,3,19
16,0.03333333333333333,150.0,3,Mon-Th,3,2025-10-07,Mon-Th,3,19
16,0.03333333333333333,0.5,3,Mon-Th,3,2025-10-07,Mon-Th,3,19
13,120.0,0.5,3,Mon-Th,3,2025-10-07,Mon-Th,3,19
16,0.03333333333333333,0.5,3,Mon-Th,3,2025-10-07,Mon-Th,3,19
14,0.03333333333333333,150.0,3,Mon-Th,3,2025-10-07,Mon-Th,3,19
12,120.0,150.0,3,Mon-Th,3,2025-10-07,Mon-Th,3,19
12,120.0,0.5,3,Mon-Th,3,2025-10-08,Mon-Th,3,33
14,0.03333333333333333,0.5,3,Mon-Th,3,2025-10-08,Mon-Th,3,33
23,120.0,150.0,3,Mon-Th,3,2025-10-08,Mon-Th,3,33
19,120.0,0.5,3,Mon-Th,3,2025-10-08,Mon-Th,3,33
12,120.0,150.0,3,Mon-Th,3,2025-10-08,Mon-Th,3,33
16,0.03333333333333333,150.0,3,Mon-Th,3,2025-10-08,Mon-Th,3,33
11,120.0,0.5,3,Mon-Th,3,2025-10-08,Mon-Th,3,33
22,0.03333333333333333,0.5,3,Mon-Th,3,2025-10-08,Mon-Th,3,33
23,120.0,0.5,3,Mon-Th,3,2025-10-08,Mon-Th,3,33
14,0.03333333333333333,0.5,3,Mon-Th,3,2025-10-08,Mon-Th,3,33
15,120.0,0.5,3,Mon-Th,3,2025-10-08,Mon-Th,3,33
16,0.03333333333333333,150.0,3,Mon-Th,3,2025-10-08,Mon-Th,3,33
12,120.0,150.0,3,Mon-Th,3,2025-10-08,Mon-Th,3,33
16,0.03333333333333333,0.5,3,Mon-Th,3,2025-10-08,Mon-Th,3,33
12,120.0,0.5,3,Mon-Th,3,2025-10-08,Mon-Th,3,33
17,120.0,150.0,3,Mon-Th,3,2025-10-08,Mon-Th,3,33
17,0.03333333333333333,0.5,3,Mon-Th,3,2025-10-08,Mon-Th,3,33
16,120.0,0.5,3,Mon-Th,3,2025-10-08,Mon-Th,3,33
12,0.03333333333333333,150.0,3,Mon-Th,3,2025-10-08,Mon-Th,3,33
14,0.03333333333333333,0.5,3,Mon-Th,3,2025-10-08,Mon-Th,3,33
17,0.03333333333333333,0.5,3,Mon-Th,3,2025-10-08,Mon-Th,3,33
17,120.0,150.0,3,Mon-Th,3,2025-10-08,Mon-Th,3,33
16,120.0,150.0,3,Mon-Th,3,2025-10-08,Mon-Th,3,33
19,0.03333333333333333,0.5,3,Mon-Th,3,2025-10-08,Mon-Th,3,33
12,120.0,0.5,3,Mon-Th,3,2025-10-08,Mon-Th,3,33
17,0.03333333333333333,0.5,3,Mon-Th,3,2025-10-08,Mon-Th,3,33
16,0.03333333333333333,150.0,3,Mon-Th,3,2025-10-08,Mon-Th,3,33
12,120.0,150.0,3,Mon-Th,3,2025-10-08,Mon-Th,3,33
19,120.0,0.5,3,Mon-Th,3,2025-10-08,Mon-Th,3,33
16,120.0,150.0,3,Mon-Th,3,2025-10-08,Mon-Th,3,33
16,0.03333333333333333,0.5,3,Mon-Th,3,2025-10-08,Mon-Th,3,33
16,0.03333333333333333,0.5,3,Mon-Th,3,2025-10-08,Mon-Th,3,33
15,120.0,150.0,3,Mon-Th,3,2025-10-08,Mon-Th,3,33
20,0.03333333333333333,0.5,3,Mon-Th,3,2025-10-09,Mon-Th,3,24
18,120.0,150.0,3,Mon-Th,3,2025-10-09,Mon-Th,3,24
16,0.03333333333333333,150.0,3,Mon-Th,3,2025-10-09,Mon-Th,3,24
16,120.0,150.0,3,Mon-Th,3,2025-10-09,Mon-Th,3,24
22,0.03333333333333333,0.5,3,Mon-Th,3,2025-10-09,Mon-Th,3,24
16,0.03333333333333333,150.0,3,Mon-Th,3,2025-10-09,Mon-Th,3,24
12,120.0,0.5,3,Mon-Th,3,2025-10-09,Mon-Th,3,24
16,0.03333333333333333,150.0,3,Mon-Th,3,2025-10-09,Mon-Th,3,24
16,120.0,150.0,3,Mon-Th,3,2025-10-09,Mon-Th,3,24
16,0.03333333333333333,0.5,3,Mon-Th,3,2025-10-09,Mon-Th,3,24
16,0.03333333333333333,0.5,3,Mon-Th,3,2025-10-09,Mon-Th,3,24
11,120.0,0.5,3,Mon-Th,3,2025-10-09,Mon-Th,3,24
17,0.03333333333333333,0.5,3,Mon-Th,3,2025-10-09,Mon-Th,3,24
19,120.0,150.0,3,Mon-Th,3,2025-10-09,Mon-Th,3,24
17,0.03333333333333333,0.5,3,Mon-Th,3,2025-10-09,Mon-Th,3,24
12,120.0,0.5,3,Mon-Th,3,2025-10-09,Mon-Th,3,24
16,0.03333333333333333,150.0,3,Mon-Th,3,2025-10-09,Mon-Th,3,24
17,0.03333333333333333,150.0,3,Mon-Th,3,2025-10-09,Mon-Th,3,24
18,0.03333333333333333,150.0,3,Mon-Th,3,2025-10-09,Mon-Th,3,24
16,120.0,150.0,3,Mon-Th,3,2025-10-09,Mon-Th,3,24
17,120.0,0.5,3,Mon-Th,3,2025-10-09,Mon-Th,3,24
12,120.0,0.5,3,Mon-Th,3,2025-10-09,Mon-Th,3,24
13,0.03333333333333333,0.5,3,Mon-Th,3,2025-10-09,Mon-Th,3,24
16,120.0,150.0,3,Mon-Th,3,2025-10-09,Mon-Th,3,24
18,0.03333333333333333,0.5,3,Mon-Th,3,2025-10-13,Mon-Th,3,22
16,120.0,150.0,3,Mon-Th,3,2025-10-13,Mon-Th,3,22
12,120.0,150.0,3,Mon-Th,3,2025-10-13,Mon-Th,3,22
21,120.0,150.0,3,Mon-Th,3,2025-10-13,Mon-Th,3,22
5,120.0,0.5,3,Mon-Th,3,2025-10-13,Mon-Th,3,22
17,120.0,0.5,3,Mon-Th,3,2025-10-13,Mon-Th,3,22
16,120.0,0.5,3,Mon-Th,3,2025-10-13,Mon-Th,3,22
22,0.03333333333333333,0.5,3,Mon-Th,3,2025-10-13,Mon-Th,3,22
17,120.0,0.5,3,Mon-Th,3,2025-10-13,Mon-Th,3,22
11,120.0,0.5,3,Mon-Th,3,2025-10-13,Mon-Th,3,22
14,0.03333333333333333,150.0,3,Mon-Th,3,2025-10-13,Mon-Th,3,22
16,120.0,150.0,3,Mon-Th,3,2025-10-13,Mon-Th,3,22
15,120.0,0.5,3,Mon-Th,3,2025-10-13,Mon-Th,3,22
12,120.0,150.0,3,Mon-Th,3,2025-10-13,Mon-Th,3,22
16,0.03333333333333333,0.5,3,Mon-Th,3,2025-10-13,Mon-Th,3,22
16,0.03333333333333333,150.0,3,Mon-Th,3,2025-10-13,Mon-Th,3,22
2,120.0,150.0,3,Mon-Th,3,2025-10-13,Mon-Th,3,22
16,120.0,150.0,3,Mon-Th,3,2025-10-13,Mon-Th,3,22
16,0.03333333333333333,0.5,3,Mon-Th,3,2025-10-13,Mon-Th,3,22
13,0.03333333333333333,0.5,3,Mon-Th,3,2025-10-13,Mon-Th,3,22
16,0.03333333333333333,150.0,3,Mon-Th,3,2025-10-13,Mon-Th,3,22
16,0.03333333333333333,150.0,3,Mon-Th,3,2025-10-13,Mon-Th,3,22
16,0.03333333333333333,0.5,3,Mon-Th,3,2025-10-14,Mon-Th,3,21
16,0.03333333333333333,150.0,3,Mon-Th,3,2025-10-14,Mon-Th,3,21
12,120.0,0.5,3,Mon-Th,3,2025-10-14,Mon-Th,3,21
14,0.03333333333333333,0.5,3,Mon-Th,3,2025-10-14,Mon-Th,3,21
15,0.03333333333333333,0.5,3,Mon-Th,3,2025-10-14,Mon-Th,3,21
20,120.0,0.5,3,Mon-Th,3,2025-10-14,Mon-Th,3,21
15,0.03333333333333333,0.5,3,Mon-Th,3,2025-10-14,Mon-Th,3,21
16,120.0,0.5,3,Mon-Th,3,2025-10-14,Mon-Th,3,21
12,120.0,150.0,3,Mon-Th,3,2025-10-14,Mon-Th,3,21
16,120.0,150.0,3,Mon-Th,3,2025-10-14,Mon-Th,3,21
21,120.0,0.5,3,Mon-Th,3,2025-10-14,Mon-Th,3,21
16,120.0,150.0,3,Mon-Th,3,2025-10-14,Mon-Th,3,21
14,120.0,0.5,3,Mon-Th,3,2025-10-14,Mon-Th,3,21
11,0.03333333333333333,0.5,3,Mon-Th,3,2025-10-14,Mon-Th,3,21
20,0.03333333333333333,0.5,3,Mon-Th,3,2025-10-14,Mon-Th,3,21
23,0.03333333333333333,0.5,3,Mon-Th,3,2025-10-14,Mon-Th,3,21
16,0.03333333333333333,150.0,3,Mon-Th,3,2025-10-14,Mon-Th,3,21
16,0.03333333333333333,150.0,3,Mon-Th,3,2025-10-14,Mon-Th,3,21
16,120.0,0.5,3,Mon-Th,3,2025-10-14,Mon-Th,3,21
23,120.0,0.5,3,Mon-Th,3,2025-10-14,Mon-Th,3,21
20,0.03333333333333333,0.5,3,Mon-Th,3,2025-10-14,Mon-Th,3,21
16,120.0,0.5,3,Mon-Th,3,2025-10-15,Mon-Th,3,21
15,0.03333333333333333,0.5,3,Mon-Th,3,2025-10-15,Mon-Th,3,21
22,0.03333333333333333,0.5,3,Mon-Th,3,2025-10-15,Mon-Th,3,21
16,0.03333333333333333,0.5,3,Mon-Th,3,2025-10-15,Mon-Th,3,21
14,0.03333333333333333,0.5,3,Mon-Th,3,2025-10-15,Mon-Th,3,21
21,0.03333333333333333,0.5,3,Mon-Th,3,2025-10-15,Mon-Th,3,21
16,120.0,150.0,3,Mon-Th,3,2025-10-15,Mon-Th,3,21
16,120.0,150.0,3,Mon-Th,3,2025-10-15,Mon-Th,3,21
12,120.0,150.0,3,Mon-Th,3,2025-10-15,Mon-Th,3,21
23,0.03333333333333333,0.5,3,Mon-Th,3,2025-10-15,Mon-Th,3,21
19,0.03333333333333333,150.0,3,Mon-Th,3,2025-10-15,Mon-Th,3,21
16,0.03333333333333333,150.0,3,Mon-Th,3,2025-10-15,Mon-Th,3,21
12,120.0,150.0,3,Mon-Th,3,2025-10-15,Mon-Th,3,21
12,120.0,150.0,3,Mon-Th,3,2025-10-15,Mon-Th,3,21
14,0.03333333333333333,150.0,3,Mon-Th,3,2025-10-15,Mon-Th,3,21
16,0.03333333333333333,0.5,3,Mon-Th,3,2025-10-15,Mon-Th,3,21
17,0.03333333333333333,0.5,3,Mon-Th,3,2025-10-15,Mon-Th,3,21
16,0.03333333333333333,150.0,3,Mon-Th,3,2025-10-15,Mon-Th,3,21
17,0.03333333333333333,0.5,3,Mon-Th,3,2025-10-15,Mon-Th,3,21
18,120.0,0.5,3,Mon-Th,3,2025-10-15,Mon-Th,3,21
15,120.0,0.5,3,Mon-Th,3,2025-10-15,Mon-Th,3,21
16,0.03333333333333333,150.0,3,Mon-Th,3,2025-10-16,Mon-Th,3,31
16,120.0,0.5,3,Mon-Th,3,2025-10-16,Mon-Th,3,31
13,0.03333333333333333,0.5,3,Mon-Th,3,2025-10-16,Mon-Th,3,31
12,120.0,150.0,3,Mon-Th,3,2025-10-16,Mon-Th,3,31
21,0.03333333333333333,150.0,3,Mon-Th,3,2025-10-16,Mon-Th,3,31
9,0.03333333333333333,0.5,3,Mon-Th,3,2025-10-16,Mon-Th,3,31
12,120.0,0.5,3,Mon-Th,3,2025-10-16,Mon-Th,3,31
16,120.0,150.0,3,Mon-Th,3,2025-10-16,Mon-Th,3,31
16,0.03333333333333333,150.0,3,Mon-Th,3,2025-10-16,Mon-Th,3,31
19,120.0,0.5,3,Mon-Th,3,2025-10-16,Mon-Th,3,31
14,120.0,0.5,3,Mon-Th,3,2025-10-16,Mon-Th,3,31
15,0.03333333333333333,150.0,3,Mon-Th,3,2025-10-16,Mon-Th,3,31
19,120.0,150.0,3,Mon-Th,3,2025-10-16,Mon-Th,3,31
16,0.03333333333333333,150.0,3,Mon-Th,3,2025-10-16,Mon-Th,3,31
21,120.0,150.0,3,Mon-Th,3,2025-10-16,Mon-Th,3,31
19,120.0,150.0,3,Mon-Th,3,2025-10-16,Mon-Th,3,31
16,120.0,150.0,3,Mon-Th,3,2025-10-16,Mon-Th,3,31
16,0.03333333333333333,150.0,3,Mon-Th,3,2025-10-16,Mon-Th,3,31
16,120.0,150.0,3,Mon-Th,3,2025-10-16,Mon-Th,3,31
12,0.03333333333333333,150.0,3,Mon-Th,3,2025-10-16,Mon-Th,3,31
16,0.03333333333333333,0.5,3,Mon-Th,3,2025-10-16,Mon-Th,3,31
16,0.03333333333333333,0.5,3,Mon-Th,3,2025-10-16,Mon-Th,3,31
22,0.03333333333333333,0.5,3,Mon-Th,3,2025-10-16,Mon-Th,3,31
16,0.03333333333333333,0.5,3,Mon-Th,3,2025-10-16,Mon-Th,3,31
13,120.0,150.0,3,Mon-Th,3,2025-10-16,Mon-Th,3,31
16,0.03333333333333333,150.0,3,Mon-Th,3,2025-10-16,Mon-Th,3,31
16,120.0,150.0,3,Mon-Th,3,2025-10-16,Mon-Th,3,31
16,0.03333333333333333,150.0,3,Mon-Th,3,2025-10-16,Mon-Th,3,31
16,0.03333333333333333,150.0,3,Mon-Th,3,2025-10-16,Mon-Th,3,31
12,120.0,0.5,3,Mon-Th,3,2025-10-16,Mon-Th,3,31
14,120.0,0.5,3,Mon-Th,3,2025-10-16,Mon-Th,3,31
19,0.03333333333333333,150.0,3,Mon-Th,3,2025-10-20,Mon-Th,3,22
16,0.03333333333333333,150.0,3,Mon-Th,3,2025-10-20,Mon-Th,3,22
12,0.03333333333333333,150.0,3,Mon-Th,3,2025-10-20,Mon-Th,3,22
16,0.03333333333333333,0.5,3,Mon-Th,3,2025-10-20,Mon-Th,3,22
16,0.03333333333333333,0.5,3,Mon-Th,3,2025-10-20,Mon-Th,3,22
15,0.03333333333333333,0.5,3,Mon-Th,3,2025-10-20,Mon-Th,3,22
16,0.03333333333333333,150.0,3,Mon-Th,3,2025-10-20,Mon-Th,3,22
16,0.03333333333333333,150.0,3,Mon-Th,3,2025-10-20,Mon-Th,3,22
16,0.03333333333333333,0.5,3,Mon-Th,3,2025-10-20,Mon-Th,3,22
16,0.03333333333333333,150.0,3,Mon-Th,3,2025-10-20,Mon-Th,3,22
3,0.03333333333333333,0.5,3,Mon-Th,3,2025-10-20,Mon-Th,3,22
16,0.03333333333333333,150.0,3,Mon-Th,3,2025-10-20,Mon-Th,3,22
16,0.03333333333333333,150.0,3,Mon-Th,3,2025-10-20,Mon-Th,3,22
16,120.0,150.0,3,Mon-Th,3,2025-10-20,Mon-Th,3,22
16,0.03333333333333333,0.5,3,Mon-Th,3,2025-10-20,Mon-Th,3,22
16,0.03333333333333333,150.0,3,Mon-Th,3,2025-10-20,Mon-Th,3,22
20,120.0,150.0,3,Mon-Th,3,2025-10-20,Mon-Th,3,22
16,0.03333333333333333,0.5,3,Mon-Th,3,2025-10-20,Mon-Th,3,22
16,0.03333333333333333,150.0,3,Mon-Th,3,2025-10-20,Mon-Th,3,22
16,0.03333333333333333,150.0,3,Mon-Th,3,2025-10-20,Mon-Th,3,22
13,120.0,0.5,3,Mon-Th,3,2025-10-20,Mon-Th,3,22
16,0.03333333333333333,150.0,3,Mon-Th,3,2025-10-20,Mon-Th,3,22
16,120.0,150.0,3,Mon-Th,3,2025-10-21,Mon-Th,3,22
16,120.0,0.5,3,Mon-Th,3,2025-10-21,Mon-Th,3,22
14,0.03333333333333333,0.5,3,Mon-Th,3,2025-10-21,Mon-Th,3,22
16,0.03333333333333333,150.0,3,Mon-Th,3,2025-10-21,Mon-Th,3,22
16,120.0,0.5,3,Mon-Th,3,2025-10-21,Mon-Th,3,22
16,0.03333333333333333,150.0,3,Mon-Th,3,2025-10-21,Mon-Th,3,22
12,0.03333333333333333,0.5,3,Mon-Th,3,2025-10-21,Mon-Th,3,22
16,120.0,0.5,3,Mon-Th,3,2025-10-21,Mon-Th,3,22
16,120.0,0.5,3,Mon-Th,3,2025-10-21,Mon-Th,3,22
15,120.0,150.0,3,Mon-Th,3,2025-10-21,Mon-Th,3,22
12,120.0,0.5,3,Mon-Th,3,2025-10-21,Mon-Th,3,22
16,0.03333333333333333,0.5,3,Mon-Th,3,2025-10-21,Mon-Th,3,22
12,120.0,0.5,3,Mon-Th,3,2025-10-21,Mon-Th,3,22
0,120.0,0.5,3,Mon-Th,3,2025-10-21,Mon-Th,3,22
16,120.0,0.5,3,Mon-Th,3,2025-10-21,Mon-Th,3,22
16,120.0,0.5,3,Mon-Th,3,2025-10-21,Mon-Th,3,22
11,0.03333333333333333,0.5,3,Mon-Th,3,2025-10-21,Mon-Th,3,22
12,120.0,150.0,3,Mon-Th,3,2025-10-21,Mon-Th,3,22
16,0.03333333333333333,0.5,3,Mon-Th,3,2025-10-21,Mon-Th,3,22
11,0.03333333333333333,150.0,3,Mon-Th,3,2025-10-21,Mon-Th,3,22
22,120.0,0.5,3,Mon-Th,3,2025-10-21,Mon-Th,3,22
17,0.03333333333333333,0.5,3,Mon-Th,3,2025-10-21,Mon-Th,3,22
16,120.0,0.5,3,Mon-Th,3,2025-10-22,Mon-Th,3,23
19,120.0,0.5,3,Mon-Th,3,2025-10-22,Mon-Th,3,23
16,0.03333333333333333,150.0,3,Mon-Th,3,2025-10-22,Mon-Th,3,23
14,0.03333333333333333,150.0,3,Mon-Th,3,2025-10-22,Mon-Th,3,23
17,120.0,0.5,3,Mon-Th,3,2025-10-22,Mon-Th,3,23
14,0.03333333333333333,0.5,3,Mon-Th,3,2025-10-22,Mon-Th,3,23
17,0.03333333333333333,0.5,3,Mon-Th,3,2025-10-22,Mon-Th,3,23
21,0.03333333333333333,150.0,3,Mon-Th,3,2025-10-22,Mon-Th,3,23
16,120.0,150.0,3,Mon-Th,3,2025-10-22,Mon-Th,3,23
16,0.03333333333333333,150.0,3,Mon-Th,3,2025-10-22,Mon-Th,3,23
14,120.0,150.0,3,Mon-Th,3,2025-10-22,Mon-Th,3,23
14,120.0,0.5,3,Mon-Th,3,2025-10-22,Mon-Th,3,23
12,0.03333333333333333,0.5,3,Mon-Th,3,2025-10-22,Mon-Th,3,23
16,0.03333333333333333,0.5,3,Mon-Th,3,2025-10-22,Mon-Th,3,23
12,0.03333333333333333,150.0,3,Mon-Th,3,2025-10-22,Mon-Th,3,23
17,0.03333333333333333,0.5,3,Mon-Th,3,2025-10-22,Mon-Th,3,23
15,0.03333333333333333,150.0,3,Mon-Th,3,2025-10-22,Mon-Th,3,23
16,120.0,0.5,3,Mon-Th,3,2025-10-22,Mon-Th,3,23
14,0.03333333333333333,0.5,3,Mon-Th,3,2025-10-22,Mon-Th,3,23
18,0.03333333333333333,150.0,3,Mon-Th,3,2025-10-22,Mon-Th,3,23
10,120.0,150.0,3,Mon-Th,3,2025-10-22,Mon-Th,3,23
18,120.0,0.5,3,Mon-Th,3,2025-10-22,Mon-Th,3,23
13,120.0,0.5,3,Mon-Th,3,2025-10-22,Mon-Th,3,23
17,0.03333333333333333,150.0,3,Mon-Th,3,2025-10-23,Mon-Th,3,13
18,120.0,0.5,3,Mon-Th,3,2025-10-23,Mon-Th,3,13
12,0.03333333333333333,150.0,3,Mon-Th,3,2025-10-23,Mon-Th,3,13
17,0.03333333333333333,0.5,3,Mon-Th,3,2025-10-23,Mon-Th,3,13
20,120.0,150.0,3,Mon-Th,3,2025-10-23,Mon-Th,3,13
17,120.0,150.0,3,Mon-Th,3,2025-10-23,Mon-Th,3,13
16,0.03333333333333333,150.0,3,Mon-Th,3,2025-10-23,Mon-Th,3,13
15,120.0,0.5,3,Mon-Th,3,2025-10-23,Mon-Th,3,13
19,0.03333333333333333,0.5,3,Mon-Th,3,2025-10-23,Mon-Th,3,13
16,0.03333333333333333,150.0,3,Mon-Th,3,2025-10-23,Mon-Th,3,13
3,120.0,0.5,3,Mon-Th,3,2025-10-23,Mon-Th,3,13
14,0.03333333333333333,0.5,3,Mon-Th,3,2025-10-23,Mon-Th,3,13
16,120.0,0.5,3,Mon-Th,3,2025-10-23,Mon-Th,3,13
16,120.0,150.0,3,Mon-Th,3,2025-10-27,Mon-Th,3,31
16,120.0,0.5,3,Mon-Th,3,2025-10-27,Mon-Th,3,31
17,120.0,0.5,3,Mon-Th,3,2025-10-27,Mon-Th,3,31
17,120.0,150.0,3,Mon-Th,3,2025-10-27,Mon-Th,3,31
20,0.03333333333333333,0.5,3,Mon-Th,3,2025-10-27,Mon-Th,3,31
18,0.03333333333333333,150.0,3,Mon-Th,3,2025-10-27,Mon-Th,3,31
12,120.0,150.0,3,Mon-Th,3,2025-10-27,Mon-Th,3,31
20,120.0,150.0,3,Mon-Th,3,2025-10-27,Mon-Th,3,31
16,0.03333333333333333,150.0,3,Mon-Th,3,2025-10-27,Mon-Th,3,31
20,120.0,150.0,3,Mon-Th,3,2025-10-27,Mon-Th,3,31
14,120.0,0.5,3,Mon-Th,3,2025-10-27,Mon-Th,3,31
16,0.03333333333333333,150.0,3,Mon-Th,3,2025-10-27,Mon-Th,3,31
16,120.0,150.0,3,Mon-Th,3,2025-10-27,Mon-Th,3,31
12,120.0,0.5,3,Mon-Th,3,2025-10-27,Mon-Th,3,31
5,0.03333333333333333,150.0,3,Mon-Th,3,2025-10-27,Mon-Th,3,31
16,0.03333333333333333,0.5,3,Mon-Th,3,2025-10-27,Mon-Th,3,31
22,120.0,0.5,3,Mon-Th,3,2025-10-27,Mon-Th,3,31
16,120.0,0.5,3,Mon-Th,3,2025-10-27,Mon-Th,3,31
19,120.0,0.5,3,Mon-Th,3,2025-10-27,Mon-Th,3,31
16,0.03333333333333333,0.5,3,Mon-Th,3,2025-10-27,Mon-Th,3,31
17,120.0,0.5,3,Mon-Th,3,2025-10-27,Mon-Th,3,31
16,0.03333333333333333,150.0,3,Mon-Th,3,2025-10-27,Mon-Th,3,31
9,0.03333333333333333,0.5,3,Mon-Th,3,2025-10-27,Mon-Th,3,31
16,120.0,150.0,3,Mon-Th,3,2025-10-27,Mon-Th,3,31
3,120.0,0.5,3,Mon-Th,3,2025-10-27,Mon-Th,3,31
16,0.03333333333333333,150.0,3,Mon-Th,3,2025-10-27,Mon-Th,3,31
16,0.03333333333333333,0.5,3,Mon-Th,3,2025-10-27,Mon-Th,3,31
4,0.03333333333333333,0.5,3,Mon-Th,3,2025-10-27,Mon-Th,3,31
12,120.0,0.5,3,Mon-Th,3,2025-10-27,Mon-Th,3,31
20,120.0,0.5,3,Mon-Th,3,2025-10-27,Mon-Th,3,31
14,0.03333333333333333,0.5,3,Mon-Th,3,2025-10-27,Mon-Th,3,31
3,0.03333333333333333,0.5,3,Mon-Th,3,2025-10-28,Mon-Th,3,28
20,0.03333333333333333,0.5,3,Mon-Th,3,2025-10-28,Mon-Th,3,28
16,120.0,0.5,3,Mon-Th,3,2025-10-28,Mon-Th,3,28
16,0.03333333333333333,150.0,3,Mon-Th,3,2025-10-28,Mon-Th,3,28
16,0.03333333333333333,150.0,3,Mon-Th,3,2025-10-28,Mon-Th,3,28
22,0.03333333333333333,0.5,3,Mon-Th,3,2025-10-28,Mon-Th,3,28
16,120.0,0.5,3,Mon-Th,3,2025-10-28,Mon-Th,3,28
16,0.03333333333333333,150.0,3,Mon-Th,3,2025-10-28,Mon-Th,3,28
12,120.0,0.5,3,Mon-Th,3,2025-10-28,Mon-Th,3,28
17,0.03333333333333333,150.0,3,Mon-Th,3,2025-10-28,Mon-Th,3,28
16,120.0,0.5,3,Mon-Th,3,2025-10-28,Mon-Th,3,28
16,0.03333333333333333,0.5,3,Mon-Th,3,2025-10-28,Mon-Th,3,28
14,0.03333333333333333,150.0,3,Mon-Th,3,2025-10-28,Mon-Th,3,28
16,120.0,0.5,3,Mon-Th,3,2025-10-28,Mon-Th,3,28
14,0.03333333333333333,150.0,3,Mon-Th,3,2025-10-28,Mon-Th,3,28
16,0.03333333333333333,0.5,3,Mon-Th,3,2025-10-28,Mon-Th,3,28
16,0.03333333333333333,150.0,3,Mon-Th,3,2025-10-28,Mon-Th,3,28
18,120.0,0.5,3,Mon-Th,3,2025-10-28,Mon-Th,3,28
14,120.0,0.5,3,Mon-Th,3,2025-10-28,Mon-Th,3,28
14,0.03333333333333333,150.0,3,Mon-Th,3,2025-10-28,Mon-Th,3,28
12,120.0,150.0,3,Mon-Th,3,2025-10-28,Mon-Th,3,28
16,0.03333333333333333,150.0,3,Mon-Th,3,2025-10-28,Mon-Th,3,28
19,120.0,150.0,3,Mon-Th,3,2025-10-28,Mon-Th,3,28
17,0.03333333333333333,150.0,3,Mon-Th,3,2025-10-28,Mon-Th,3,28
16,0.03333333333333333,150.0,3,Mon-Th,3,2025-10-28,Mon-Th,3,28
16,120.0,0.5,3,Mon-Th,3,2025-10-28,Mon-Th,3,28
16,0.03333333333333333,150.0,3,Mon-Th,3,2025-10-28,Mon-Th,3,28
14,0.03333333333333333,0.5,3,Mon-Th,3,2025-10-28,Mon-Th,3,28
14,0.03333333333333333,150.0,3,Mon-Th,3,2025-10-29,Mon-Th,3,24
17,0.03333333333333333,0.5,3,Mon-Th,3,2025-10-29,Mon-Th,3,24
16,120.0,0.5,3,Mon-Th,3,2025-10-29,Mon-Th,3,24
14,120.0,0.5,3,Mon-Th,3,2025-10-29,Mon-Th,3,24
16,120.0,0.5,3,Mon-Th,3,2025-10-29,Mon-Th,3,24
20,120.0,0.5,3,Mon-Th,3,2025-10-29,Mon-Th,3,24
16,0.03333333333333333,150.0,3,Mon-Th,3,2025-10-29,Mon-Th,3,24
18,120.0,0.5,3,Mon-Th,3,2025-10-29,Mon-Th,3,24
16,0.03333333333333333,150.0,3,Mon-Th,3,2025-10-29,Mon-Th,3,24
16,0.03333333333333333,0.5,3,Mon-Th,3,2025-10-29,Mon-Th,3,24
8,120.0,150.0,3,Mon-Th,3,2025-10-29,Mon-Th,3,24
16,0.03333333333333333,150.0,3,Mon-Th,3,2025-10-29,Mon-Th,3,24
16,120.0,0.5,3,Mon-Th,3,2025-10-29,Mon-Th,3,24
16,0.03333333333333333,150.0,3,Mon-Th,3,2025-10-29,Mon-Th,3,24
16,120.0,150.0,3,Mon-Th,3,2025-10-29,Mon-Th,3,24
12,0.03333333333333333,150.0,3,Mon-Th,3,2025-10-29,Mon-Th,3,24
16,0.03333333333333333,150.0,3,Mon-Th,3,2025-10-29,Mon-Th,3,24
17,0.03333333333333333,0.5,3,Mon-Th,3,2025-10-29,Mon-Th,3,24
16,120.0,150.0,3,Mon-Th,3,2025-10-29,Mon-Th,3,24
12,120.0,150.0,3,Mon-Th,3,2025-10-29,Mon-Th,3,24
16,0.03333333333333333,150.0,3,Mon-Th,3,2025-10-29,Mon-Th,3,24
16,0.03333333333333333,150.0,3,Mon-Th,3,2025-10-29,Mon-Th,3,24
16,0.03333333333333333,150.0,3,Mon-Th,3,2025-10-29,Mon-Th,3,24
20,0.03333333333333333,0.5,3,Mon-Th,3,2025-10-29,Mon-Th,3,24
15,120.0,0.5,3,Mon-Th,3,2025-10-30,Mon-Th,3,22
15,120.0,150.0,3,Mon-Th,3,2025-10-30,Mon-Th,3,22
16,0.03333333333333333,0.5,3,Mon-Th,3,2025-10-30,Mon-Th,3,22
12,120.0,0.5,3,Mon-Th,3,2025-10-30,Mon-Th,3,22
18,0.03333333333333333,0.5,3,Mon-Th,3,2025-10-30,Mon-Th,3,22
17,120.0,150.0,3,Mon-Th,3,2025-10-30,Mon-Th,3,22
17,0.03333333333333333,0.5,3,Mon-Th,3,2025-10-30,Mon-Th,3,22
16,0.03333333333333333,150.0,3,Mon-Th,3,2025-10-30,Mon-Th,3,22
16,0.03333333333333333,150.0,3,Mon-Th,3,2025-10-30,Mon-Th,3,22
14,120.0,150.0,3,Mon-Th,3,2025-10-30,Mon-Th,3,22
16,120.0,150.0,3,Mon-Th,3,2025-10-30,Mon-Th,3,22
18,0.03333333333333333,0.5,3,Mon-Th,3,2025-10-30,Mon-Th,3,22
16,120.0,0.5,3,Mon-Th,3,2025-10-30,Mon-Th,3,22
11,120.0,0.5,3,Mon-Th,3,2025-10-30,Mon-Th,3,22
18,120.0,0.5,3,Mon-Th,3,2025-10-30,Mon-Th,3,22
20,0.03333333333333333,0.5,3,Mon-Th,3,2025-10-30,Mon-Th,3,22
16,0.03333333333333333,150.0,3,Mon-Th,3,2025-10-30,Mon-Th,3,22
18,120.0,0.5,3,Mon-Th,3,2025-10-30,Mon-Th,3,22
16,0.03333333333333333,150.0,3,Mon-Th,3,2025-10-30,Mon-Th,3,22
18,0.03333333333333333,0.5,3,Mon-Th,3,2025-10-30,Mon-Th,3,22
14,0.03333333333333333,150.0,3,Mon-Th,3,2025-10-30,Mon-Th,3,22
16,120.0,0.5,3,Mon-Th,3,2025-10-30,Mon-Th,3,22
16,0.03333333333333333,150.0,3,Mon-Th,3,2025-11-03,Mon-Th,3,22
16,120.0,0.5,3,Mon-Th,3,2025-11-03,Mon-Th,3,22
17,120.0,0.5,3,Mon-Th,3,2025-11-03,Mon-Th,3,22
20,120.0,0.5,3,Mon-Th,3,2025-11-03,Mon-Th,3,22
16,0.03333333333333333,0.5,3,Mon-Th,3,2025-11-03,Mon-Th,3,22
19,120.0,150.0,3,Mon-Th,3,2025-11-03,Mon-Th,3,22
13,0.03333333333333333,150.0,3,Mon-Th,3,2025-11-03,Mon-Th,3,22
4,0.03333333333333333,150.0,3,Mon-Th,3,2025-11-03,Mon-Th,3,22
16,0.03333333333333333,0.5,3,Mon-Th,3,2025-11-03,Mon-Th,3,22
14,120.0,0.5,3,Mon-Th,3,2025-11-03,Mon-Th,3,22
10,0.03333333333333333,150.0,3,Mon-Th,3,2025-11-03,Mon-Th,3,22
14,0.03333333333333333,150.0,3,Mon-Th,3,2025-11-03,Mon-Th,3,22
12,120.0,0.5,3,Mon-Th,3,2025-11-03,Mon-Th,3,22
17,120.0,150.0,3,Mon-Th,3,2025-11-03,Mon-Th,3,22
18,120.0,0.5,3,Mon-Th,3,2025-11-03,Mon-Th,3,22
20,120.0,150.0,3,Mon-Th,3,2025-11-03,Mon-Th,3,22
16,0.03333333333333333,150.0,3,Mon-Th,3,2025-11-03,Mon-Th,3,22
16,120.0,0.5,3,Mon-Th,3,2025-11-03,Mon-Th,3,22
16,0.03333333333333333,150.0,3,Mon-Th,3,2025-11-03,Mon-Th,3,22
16,0.03333333333333333,150.0,3,Mon-Th,3,2025-11-03,Mon-Th,3,22
12,0.03333333333333333,0.5,3,Mon-Th,3,2025-11-03,Mon-Th,3,22
16,120.0,150.0,3,Mon-Th,3,2025-11-03,Mon-Th,3,22
15,120.0,150.0,3,Mon-Th,3,2025-11-04,Mon-Th,3,22
16,120.0,150.0,3,Mon-Th,3,2025-11-04,Mon-Th,3,22
18,0.03333333333333333,0.5,3,Mon-Th,3,2025-11-04,Mon-Th,3,22
17,120.0,0.5,3,Mon-Th,3,2025-11-04,Mon-Th,3,22
16,0.03333333333333333,0.5,3,Mon-Th,3,2025-11-04,Mon-Th,3,22
23,0.03333333333333333,0.5,3,Mon-Th,3,2025-11-04,Mon-Th,3,22
0,0.03333333333333333,0.5,3,Mon-Th,3,2025-11-04,Mon-Th,3,22
12,0.03333333333333333,0.5,3,Mon-Th,3,2025-11-04,Mon-Th,3,22
19,120.0,150.0,3,Mon-Th,3,2025-11-04,Mon-Th,3,22
19,120.0,0.5,3,Mon-Th,3,2025-11-04,Mon-Th,3,22
14,0.03333333333333333,150.0,3,Mon-Th,3,2025-11-04,Mon-Th,3,22
16,120.0,150.0,3,Mon-Th,3,2025-11-04,Mon-Th,3,22
16,120.0,150.0,3,Mon-Th,3,2025-11-04,Mon-Th,3,22
19,0.03333333333333333,0.5,3,Mon-Th,3,2025-11-04,Mon-Th,3,22
16,0.03333333333333333,150.0,3,Mon-Th,3,2025-11-04,Mon-Th,3,22
19,120.0,0.5,3,Mon-Th,3,2025-11-04,Mon-Th,3,22
16,120.0,150.0,3,Mon-Th,3,2025-11-04,Mon-Th,3,22
17,120.0,150.0,3,Mon-Th,3,2025-11-04,Mon-Th,3,22
16,120.0,150.0,3,Mon-Th,3,2025-11-04,Mon-Th,3,22
12,0.03333333333333333,0.5,3,Mon-Th,3,2025-11-04,Mon-Th,3,22
20,0.03333333333333333,150.0,3,Mon-Th,3,2025-11-04,Mon-Th,3,22
12,120.0,0.5,3,Mon-Th,3,2025-11-04,Mon-Th,3,22
16,0.03333333333333333,150.0,3,Mon-Th,3,2025-11-05,Mon-Th,3,29
22,0.03333333333333333,150.0,3,Mon-Th,3,2025-11-05,Mon-Th,3,29
19,120.0,0.5,3,Mon-Th,3,2025-11-05,Mon-Th,3,29
16,120.0,150.0,3,Mon-Th,3,2025-11-05,Mon-Th,3,29
18,0.03333333333333333,0.5,3,Mon-Th,3,2025-11-05,Mon-Th,3,29
12,120.0,0.5,3,Mon-Th,3,2025-11-05,Mon-Th,3,29
16,120.0,150.0,3,Mon-Th,3,2025-11-05,Mon-Th,3,29
22,0.03333333333333333,150.0,3,Mon-Th,3,2025-11-05,Mon-Th,3,29
16,0.03333333333333333,150.0,3,Mon-Th,3,2025-11-05,Mon-Th,3,29
16,0.03333333333333333,150.0,3,Mon-Th,3,2025-11-05,Mon-Th,3,29
16,120.0,150.0,3,Mon-Th,3,2025-11-05,Mon-Th,3,29
16,0.03333333333333333,150.0,3,Mon-Th,3,2025-11-05,Mon-Th,3,29
19,120.0,0.5,3,Mon-Th,3,2025-11-05,Mon-Th,3,29
16,0.03333333333333333,0.5,3,Mon-Th,3,2025-11-05,Mon-Th,3,29
19,120.0,0.5,3,Mon-Th,3,2025-11-05,Mon-Th,3,29
23,0.03333333333333333,150.0,3,Mon-Th,3,2025-11-05,Mon-Th,3,29
16,0.03333333333333333,0.5,3,Mon-Th,3,2025-11-05,Mon-Th,3,29
21,120.0,0.5,3,Mon-Th,3,2025-11-05,Mon-Th,3,29
18,0.03333333333333333,0.5,3,Mon-Th,3,2025-11-05,Mon-Th,3,29
16,120.0,150.0,3,Mon-Th,3,2025-11-05,Mon-Th,3,29
12,120.0,0.5,3,Mon-Th,3,2025-11-05,Mon-Th,3,29
16,120.0,0.5,3,Mon-Th,3,2025-11-05,Mon-Th,3,29
16,0.03333333333333333,150.0,3,Mon-Th,3,2025-11-05,Mon-Th,3,29
14,0.03333333333333333,0.5,3,Mon-Th,3,2025-11-05,Mon-Th,3,29
16,0.03333333333333333,0.5,3,Mon-Th,3,2025-11-05,Mon-Th,3,29
0,0.03333333333333333,0.5,3,Mon-Th,3,2025-11-05,Mon-Th,3,29
16,0.03333333333333333,0.5,3,Mon-Th,3,2025-11-05,Mon-Th,3,29
12,120.0,150.0,3,Mon-Th,3,2025-11-05,Mon-Th,3,29
16,120.0,0.5,3,Mon-Th,3,2025-11-05,Mon-Th,3,29
16,0.03333333333333333,150.0,3,Mon-Th,3,2025-11-06,Mon-Th,3,28
12,120.0,150.0,3,Mon-Th,3,2025-11-06,Mon-Th,3,28
4,120.0,0.5,3,Mon-Th,3,2025-11-06,Mon-Th,3,28
12,120.0,0.5,3,Mon-Th,3,2025-11-06,Mon-Th,3,28
16,0.03333333333333333,0.5,3,Mon-Th,3,2025-11-06,Mon-Th,3,28
16,0.03333333333333333,150.0,3,Mon-Th,3,2025-11-06,Mon-Th,3,28
16,0.03333333333333333,150.0,3,Mon-Th,3,2025-11-06,Mon-Th,3,28
20,0.03333333333333333,0.5,3,Mon-Th,3,2025-11-06,Mon-Th,3,28
20,0.03333333333333333,0.5,3,Mon-Th,3,2025-11-06,Mon-Th,3,28
16,0.03333333333333333,150.0,3,Mon-Th,3,2025-11-06,Mon-Th,3,28
18,120.0,0.5,3,Mon-Th,3,2025-11-06,Mon-Th,3,28
16,0.03333333333333333,150.0,3,Mon-Th,3,2025-11-06,Mon-Th,3,28
16,120.0,0.5,3,Mon-Th,3,2025-11-06,Mon-Th,3,28
16,0.03333333333333333,150.0,3,Mon-Th,3,2025-11-06,Mon-Th,3,28
19,0.03333333333333333,0.5,3,Mon-Th,3,2025-11-06,Mon-Th,3,28
12,120.0,0.5,3,Mon-Th,3,2025-11-06,Mon-Th,3,28
17,120.0,150.0,3,Mon-Th,3,2025-11-06,Mon-Th,3,28
16,120.0,150.0,3,Mon-Th,3,2025-11-06,Mon-Th,3,28
16,120.0,0.5,3,Mon-Th,3,2025-11-06,Mon-Th,3,28
14,0.03333333333333333,150.0,3,Mon-Th,3,2025-11-06,Mon-Th,3,28
15,120.0,0.5,3,Mon-Th,3,2025-11-06,Mon-Th,3,28
21,120.0,0.5,3,Mon-Th,3,2025-11-06,Mon-Th,3,28
17,0.03333333333333333,150.0,3,Mon-Th,3,2025-11-06,Mon-Th,3,28
20,0.03333333333333333,150.0,3,Mon-Th,3,2025-11-06,Mon-Th,3,28
16,0.03333333333333333,150.0,3,Mon-Th,3,2025-11-06,Mon-Th,3,28
16,120.0,0.5,3,Mon-Th,3,2025-11-06,Mon-Th,3,28
22,120.0,0.5,3,Mon-Th,3,2025-11-06,Mon-Th,3,28
16,0.03333333333333333,0.5,3,Mon-Th,3,2025-11-06,Mon-Th,3,28
14,120.0,150.0,3,Mon-Th,3,2025-11-10,Mon-Th,3,27
16,0.03333333333333333,0.5,3,Mon-Th,3,2025-11-10,Mon-Th,3,27
17,120.0,150.0,3,Mon-Th,3,2025-11-10,Mon-Th,3,27
16,120.0,150.0,3,Mon-Th,3,2025-11-10,Mon-Th,3,27
18,120.0,0.5,3,Mon-Th,3,2025-11-10,Mon-Th,3,27
17,0.03333333333333333,0.5,3,Mon-Th,3,2025-11-10,Mon-Th,3,27
16,0.03333333333333333,150.0,3,Mon-Th,3,2025-11-10,Mon-Th,3,27
16,0.03333333333333333,150.0,3,Mon-Th,3,2025-11-10,Mon-Th,3,27
16,120.0,0.5,3,Mon-Th,3,2025-11-10,Mon-Th,3,27
13,0.03333333333333333,0.5,3,Mon-Th,3,2025-11-10,Mon-Th,3,27
19,0.03333333333333333,0.5,3,Mon-Th,3,2025-11-10,Mon-Th,3,27
16,0.03333333333333333,0.5,3,Mon-Th,3,2025-11-10,Mon-Th,3,27
16,0.03333333333333333,0.5,3,Mon-Th,3,2025-11-10,Mon-Th,3,27
10,0.03333333333333333,0.5,3,Mon-Th,3,2025-11-10,Mon-Th,3,27
12,120.0,150.0,3,Mon-Th,3,2025-11-10,Mon-Th,3,27
16,0.03333333333333333,0.5,3,Mon-Th,3,2025-11-10,Mon-Th,3,27
20,0.03333333333333333,0.5,3,Mon-Th,3,2025-11-10,Mon-Th,3,27
16,0.03333333333333333,150.0,3,Mon-Th,3,2025-11-10,Mon-Th,3,27
21,0.03333333333333333,0.5,3,Mon-Th,3,2025-11-10,Mon-Th,3,27
23,0.03333333333333333,0.5,3,Mon-Th,3,2025-11-10,Mon-Th,3,27
2,0.03333333333333333,0.5,3,Mon-Th,3,2025-11-10,Mon-Th,3,27
16,0.03333333333333333,0.5,3,Mon-Th,3,2025-11-10,Mon-Th,3,27
22,120.0,150.0,3,Mon-Th,3,2025-11-10,Mon-Th,3,27
19,120.0,0.5,3,Mon-Th,3,2025-11-10,Mon-Th,3,27
14,0.03333333333333333,0.5,3,Mon-Th,3,2025-11-10,Mon-Th,3,27
22,0.03333333333333333,150.0,3,Mon-Th,3,2025-11-10,Mon-Th,3,27
16,0.03333333333333333,0.5,3,Mon-Th,3,2025-11-10,Mon-Th,3,27
16,120.0,0.5,3,Mon-Th,3,2025-11-11,Mon-Th,3,24
4,0.03333333333333333,0.5,3,Mon-Th,3,2025-11-11,Mon-Th,3,24
4,0.03333333333333333,0.5,3,Mon-Th,3,2025-11-11,Mon-Th,3,24
16,120.0,0.5,3,Mon-Th,3,2025-11-11,Mon-Th,3,24
5,120.0,0.5,3,Mon-Th,3,2025-11-11,Mon-Th,3,24
16,0.03333333333333333,0.5,3,Mon-Th,3,2025-11-11,Mon-Th,3,24
16,120.0,0.5,3,Mon-Th,3,2025-11-11,Mon-Th,3,24
18,120.0,0.5,3,Mon-Th,3,2025-11-11,Mon-Th,3,24
16,120.0,150.0,3,Mon-Th,3,2025-11-11,Mon-Th,3,24
16,120.0,150.0,3,Mon-Th,3,2025-11-11,Mon-Th,3,24
16,120.0,0.5,3,Mon-Th,3,2025-11-11,Mon-Th,3,24
16,0.03333333333333333,150.0,3,Mon-Th,3,2025-11-11,Mon-Th,3,24
16,120.0,0.5,3,Mon-Th,3,2025-11-11,Mon-Th,3,24
15,120.0,150.0,3,Mon-Th,3,2025-11-11,Mon-Th,3,24
16,120.0,150.0,3,Mon-Th,3,2025-11-11,Mon-Th,3,24
20,120.0,0.5,3,Mon-Th,3,2025-11-11,Mon-Th,3,24
12,120.0,0.5,3,Mon-Th,3,2025-11-11,Mon-Th,3,24
21,0.03333333333333333,0.5,3,Mon-Th,3,2025-11-11,Mon-Th,3,24
15,120.0,0.5,3,Mon-Th,3,2025-11-11,Mon-Th,3,24
14,0.03333333333333333,0.5,3,Mon-Th,3,2025-11-11,Mon-Th,3,24
16,120.0,150.0,3,Mon-Th,3,2025-11-11,Mon-Th,3,24
16,0.03333333333333333,150.0,3,Mon-Th,3,2025-11-11,Mon-Th,3,24
8,120.0,150.0,3,Mon-Th,3,2025-11-11,Mon-Th,3,24
16,120.0,150.0,3,Mon-Th,3,2025-11-11,Mon-Th,3,24
16,0.03333333333333333,150.0,3,Mon-Th,3,2025-11-12,Mon-Th,3,28
16,0.03333333333333333,0.5,3,Mon-Th,3,2025-11-12,Mon-Th,3,28
16,0.03333333333333333,150.0,3,Mon-Th,3,2025-11-12,Mon-Th,3,28
15,120.0,150.0,3,Mon-Th,3,2025-11-12,Mon-Th,3,28
15,0.03333333333333333,0.5,3,Mon-Th,3,2025-11-12,Mon-Th,3,28
16,0.03333333333333333,150.0,3,Mon-Th,3,2025-11-12,Mon-Th,3,28
16,120.0,150.0,3,Mon-Th,3,2025-11-12,Mon-Th,3,28
16,120.0,0.5,3,Mon-Th,3,2025-11-12,Mon-Th,3,28
16,120.0,0.5,3,Mon-Th,3,2025-11-12,Mon-Th,3,28
14,0.03333333333333333,0.5,3,Mon-Th,3,2025-11-12,Mon-Th,3,28
10,120.0,0.5,3,Mon-Th,3,2025-11-12,Mon-Th,3,28
19,120.0,0.5,3,Mon-Th,3,2025-11-12,Mon-Th,3,28
15,0.03333333333333333,0.5,3,Mon-Th,3,2025-11-12,Mon-Th,3,28
12,120.0,0.5,3,Mon-Th,3,2025-11-12,Mon-Th,3,28
16,120.0,0.5,3,Mon-Th,3,2025-11-12,Mon-Th,3,28
16,120.0,150.0,3,Mon-Th,3,2025-11-12,Mon-Th,3,28
16,0.03333333333333333,0.5,3,Mon-Th,3,2025-11-12,Mon-Th,3,28
11,0.03333333333333333,150.0,3,Mon-Th,3,2025-11-12,Mon-Th,3,28
18,0.03333333333333333,150.0,3,Mon-Th,3,2025-11-12,Mon-Th,3,28
22,0.03333333333333333,0.5,3,Mon-Th,3,2025-11-12,Mon-Th,3,28
16,120.0,150.0,3,Mon-Th,3,2025-11-12,Mon-Th,3,28
21,0.03333333333333333,150.0,3,Mon-Th,3,2025-11-12,Mon-Th,3,28
19,120.0,0.5,3,Mon-Th,3,2025-11-12,Mon-Th,3,28
16,0.03333333333333333,150.0,3,Mon-Th,3,2025-11-12,Mon-Th,3,28
17,0.03333333333333333,150.0,3,Mon-Th,3,2025-11-12,Mon-Th,3,28
14,0.03333333333333333,150.0,3,Mon-Th,3,2025-11-12,Mon-Th,3,28
12,120.0,150.0,3,Mon-Th,3,2025-11-12,Mon-Th,3,28
16,120.0,150.0,3,Mon-Th,3,2025-11-12,Mon-Th,3,28
22,0.03333333333333333,0.5,3,Mon-Th,3,2025-11-13,Mon-Th,3,22
16,0.03333333333333333,0.5,3,Mon-Th,3,2025-11-13,Mon-Th,3,22
4,0.03333333333333333,0.5,3,Mon-Th,3,2025-11-13,Mon-Th,3,22
16,0.03333333333333333,150.0,3,Mon-Th,3,2025-11-13,Mon-Th,3,22
13,0.03333333333333333,0.5,3,Mon-Th,3,2025-11-13,Mon-Th,3,22
14,0.03333333333333333,0.5,3,Mon-Th,3,2025-11-13,Mon-Th,3,22
16,0.03333333333333333,150.0,3,Mon-Th,3,2025-11-13,Mon-Th,3,22
16,120.0,150.0,3,Mon-Th,3,2025-11-13,Mon-Th,3,22
16,120.0,0.5,3,Mon-Th,3,2025-11-13,Mon-Th,3,22
16,120.0,150.0,3,Mon-Th,3,2025-11-13,Mon-Th,3,22
16,120.0,150.0,3,Mon-Th,3,2025-11-13,Mon-Th,3,22
16,0.03333333333333333,0.5,3,Mon-Th,3,2025-11-13,Mon-Th,3,22
16,120.0,150.0,3,Mon-Th,3,2025-11-13,Mon-Th,3,22
16,0.03333333333333333,0.5,3,Mon-Th,3,2025-11-13,Mon-Th,3,22
16,120.0,150.0,3,Mon-Th,3,2025-11-13,Mon-Th,3,22
23,120.0,0.5,3,Mon-Th,3,2025-11-13,Mon-Th,3,22
16,0.03333333333333333,150.0,3,Mon-Th,3,2025-11-13,Mon-Th,3,22
16,0.03333333333333333,150.0,3,Mon-Th,3,2025-11-13,Mon-Th,3,22
23,0.03333333333333333,0.5,3,Mon-Th,3,2025-11-13,Mon-Th,3,22
16,0.03333333333333333,150.0,3,Mon-Th,3,2025-11-13,Mon-Th,3,22
1,0.03333333333333333,0.5,3,Mon-Th,3,2025-11-13,Mon-Th,3,22
19,0.03333333333333333,0.5,3,Mon-Th,3,2025-11-13,Mon-Th,3,22
16,120.0,0.5,3,Mon-Th,3,2025-11-17,Mon-Th,3,19
1,120.0,150.0,3,Mon-Th,3,2025-11-17,Mon-Th,3,19
16,120.0,150.0,3,Mon-Th,3,2025-11-17,Mon-Th,3,19
16,0.03333333333333333,150.0,3,Mon-Th,3,2025-11-17,Mon-Th,3,19
16,120.0,150.0,3,Mon-Th,3,2025-11-17,Mon-Th,3,19
14,120.0,0.5,3,Mon-Th,3,2025-11-17,Mon-Th,3,19
17,120.0,150.0,3,Mon-Th,3,2025-11-17,Mon-Th,3,19
19,0.03333333333333333,150.0,3,Mon-Th,3,2025-11-17,Mon-Th,3,19
17,120.0,0.5,3,Mon-Th,3,2025-11-17,Mon-Th,3,19
8,0.03333333333333333,0.5,3,Mon-Th,3,2025-11-17,Mon-Th,3,19
12,120.0,150.0,3,Mon-Th,3,2025-11-17,Mon-Th,3,19
17,0.03333333333333333,0.5,3,Mon-Th,3,2025-11-17,Mon-Th,3,19
18,0.03333333333333333,0.5,3,Mon-Th,3,2025-11-17,Mon-Th,3,19
12,120.0,0.5,3,Mon-Th,3,2025-11-17,Mon-Th,3,19
16,120.0,150.0,3,Mon-Th,3,2025-11-17,Mon-Th,3,19
16,120.0,0.5,3,Mon-Th,3,2025-11-17,Mon-Th,3,19
22,120.0,150.0,3,Mon-Th,3,2025-11-17,Mon-Th,3,19
16,0.03333333333333333,150.0,3,Mon-Th,3,2025-11-17,Mon-Th,3,19
16,0.03333333333333333,0.5,3,Mon-Th,3,2025-11-17,Mon-Th,3,19
16,0.03333333333333333,150.0,3,Mon-Th,3,2025-11-18,Mon-Th,3,21
16,0.03333333333333333,150.0,3,Mon-Th,3,2025-11-18,Mon-Th,3,21
16,120.0,150.0,3,Mon-Th,3,2025-11-18,Mon-Th,3,21
16,0.03333333333333333,150.0,3,Mon-Th,3,2025-11-18,Mon-Th,3,21
10,120.0,150.0,3,Mon-Th,3,2025-11-18,Mon-Th,3,21
16,120.0,0.5,3,Mon-Th,3,2025-11-18,Mon-Th,3,21
15,120.0,0.5,3,Mon-Th,3,2025-11-18,Mon-Th,3,21
16,120.0,150.0,3,Mon-Th,3,2025-11-18,Mon-Th,3,21
19,0.03333333333333333,0.5,3,Mon-Th,3,2025-11-18,Mon-Th,3,21
16,120.0,0.5,3,Mon-Th,3,2025-11-18,Mon-Th,3,21
19,0.03333333333333333,150.0,3,Mon-Th,3,2025-11-18,Mon-Th,3,21
16,0.03333333333333333,0.5,3,Mon-Th,3,2025-11-18,Mon-Th,3,21
15,120.0,0.5,3,Mon-Th,3,2025-11-18,Mon-Th,3,21
20,0.03333333333333333,0.5,3,Mon-Th,3,2025-11-18,Mon-Th,3,21
16,0.03333333333333333,150.0,3,Mon-Th,3,2025-11-18,Mon-Th,3,21
8,120.0,0.5,3,Mon-Th,3,2025-11-18,Mon-Th,3,21
16,0.03333333333333333,150.0,3,Mon-Th,3,2025-11-18,Mon-Th,3,21
18,120.0,150.0,3,Mon-Th,3,2025-11-18,Mon-Th,3,21
16,120.0,150.0,3,Mon-Th,3,2025-11-18,Mon-Th,3,21
20,120.0,150.0,3,Mon-Th,3,2025-11-18,Mon-Th,3,21
12,120.0,150.0,3,Mon-Th,3,2025-11-18,Mon-Th,3,21
20,120.0,0.5,3,Mon-Th,3,2025-11-19,Mon-Th,3,13
11,120.0,150.0,3,Mon-Th,3,2025-11-19,Mon-Th,3,13
16,120.0,150.0,3,Mon-Th,3,2025-11-19,Mon-Th,3,13
12,120.0,0.5,3,Mon-Th,3,2025-11-19,Mon-Th,3,13
0,0.03333333333333333,150.0,3,Mon-Th,3,2025-11-19,Mon-Th,3,13
16,0.03333333333333333,0.5,3,Mon-Th,3,2025-11-19,Mon-Th,3,13
18,0.03333333333333333,150.0,3,Mon-Th,3,2025-11-19,Mon-Th,3,13
22,120.0,0.5,3,Mon-Th,3,2025-11-19,Mon-Th,3,13
16,0.03333333333333333,0.5,3,Mon-Th,3,2025-11-19,Mon-Th,3,13
16,120.0,150.0,3,Mon-Th,3,2025-11-19,Mon-Th,3,13
23,120.0,0.5,3,Mon-Th,3,2025-11-19,Mon-Th,3,13
16,0.03333333333333333,0.5,3,Mon-Th,3,2025-11-19,Mon-Th,3,13
14,0.03333333333333333,150.0,3,Mon-Th,3,2025-11-19,Mon-Th,3,13
16,0.03333333333333333,0.5,3,Mon-Th,3,2025-11-20,Mon-Th,3,32
2,120.0,0.5,3,Mon-Th,3,2025-11-20,Mon-Th,3,32
22,120.0,150.0,3,Mon-Th,3,2025-11-20,Mon-Th,3,32
12,120.0,0.5,3,Mon-Th,3,2025-11-20,Mon-Th,3,32
18,120.0,0.5,3,Mon-Th,3,2025-11-20,Mon-Th,3,32
14,0.03333333333333333,150.0,3,Mon-Th,3,2025-11-20,Mon-Th,3,32
15,0.03333333333333333,0.5,3,Mon-Th,3,2025-11-20,Mon-Th,3,32
17,120.0,150.0,3,Mon-Th,3,2025-11-20,Mon-Th,3,32
20,120.0,0.5,3,Mon-Th,3,2025-11-20,Mon-Th,3,32
16,120.0,0.5,3,Mon-Th,3,2025-11-20,Mon-Th,3,32
23,0.03333333333333333,150.0,3,Mon-Th,3,2025-11-20,Mon-Th,3,32
12,120.0,0.5,3,Mon-Th,3,2025-11-20,Mon-Th,3,32
16,120.0,150.0,3,Mon-Th,3,2025-11-20,Mon-Th,3,32
14,0.03333333333333333,0.5,3,Mon-Th,3,2025-11-20,Mon-Th,3,32
19,120.0,0.5,3,Mon-Th,3,2025-11-20,Mon-Th,3,32
18,0.03333333333333333,0.5,3,Mon-Th,3,2025-11-20,Mon-Th,3,32
16,0.03333333333333333,0.5,3,Mon-Th,3,2025-11-20,Mon-Th,3,32
10,0.03333333333333333,0.5,3,Mon-Th,3,2025-11-20,Mon-Th,3,32
16,120.0,0.5,3,Mon-Th,3,2025-11-20,Mon-Th,3,32
19,0.03333333333333333,0.5,3,Mon-Th,3,2025-11-20,Mon-Th,3,32
20,120.0,0.5,3,Mon-Th,3,2025-11-20,Mon-Th,3,32
16,0.03333333333333333,150.0,3,Mon-Th,3,2025-11-20,Mon-Th,3,32
16,120.0,150.0,3,Mon-Th,3,2025-11-20,Mon-Th,3,32
23,120.0,0.5,3,Mon-Th,3,2025-11-20,Mon-Th,3,32
16,0.03333333333333333,0.5,3,Mon-Th,3,2025-11-20,Mon-Th,3,32
16,120.0,0.5,3,Mon-Th,3,2025-11-20,Mon-Th,3,32
16,0.03333333333333333,150.0,3,Mon-Th,3,2025-11-20,Mon-Th,3,32
18,120.0,150.0,3,Mon-Th,3,2025-11-20,Mon-Th,3,32
16,120.0,0.5,3,Mon-Th,3,2025-11-20,Mon-Th,3,32
16,120.0,0.5,3,Mon-Th,3,2025-11-20,Mon-Th,3,32
11,120.0,0.5,3,Mon-Th,3,2025-11-20,Mon-Th,3,32
7,0.03333333333333333,0.5,3,Mon-Th,3,2025-11-20,Mon-Th,3,32
16,0.03333333333333333,150.0,3,Mon-Th,3,2025-11-24,Mon-Th,3,17
12,0.03333333333333333,0.5,3,Mon-Th,3,2025-11-24,Mon-Th,3,17
0,0.03333333333333333,0.5,3,Mon-Th,3,2025-11-24,Mon-Th,3,17
21,0.03333333333333333,150.0,3,Mon-Th,3,2025-11-24,Mon-Th,3,17
12,120.0,0.5,3,Mon-Th,3,2025-11-24,Mon-Th,3,17
16,120.0,150.0,3,Mon-Th,3,2025-11-24,Mon-Th,3,17
16,0.03333333333333333,0.5,3,Mon-Th,3,2025-11-24,Mon-Th,3,17
12,0.03333333333333333,150.0,3,Mon-Th,3,2025-11-24,Mon-Th,3,17
20,120.0,0.5,3,Mon-Th,3,2025-11-24,Mon-Th,3,17
16,120.0,0.5,3,Mon-Th,3,2025-11-24,Mon-Th,3,17
15,120.0,0.5,3,Mon-Th,3,2025-11-24,Mon-Th,3,17
16,0.03333333333333333,0.5,3,Mon-Th,3,2025-11-24,Mon-Th,3,17
12,120.0,0.5,3,Mon-Th,3,2025-11-24,Mon-Th,3,17
20,0.03333333333333333,0.5,3,Mon-Th,3,2025-11-24,Mon-Th,3,17
16,0.03333333333333333,0.5,3,Mon-Th,3,2025-11-24,Mon-Th,3,17
16,0.03333333333333333,150.0,3,Mon-Th,3,2025-11-24,Mon-Th,3,17
12,120.0,150.0,3,Mon-Th,3,2025-11-24,Mon-Th,3,17
16,0.03333333333333333,150.0,3,Mon-Th,3,2025-11-25,Mon-Th,3,23
13,0.03333333333333333,0.5,3,Mon-Th,3,2025-11-25,Mon-Th,3,23
12,120.0,150.0,3,Mon-Th,3,2025-11-25,Mon-Th,3,23
16,120.0,0.5,3,Mon-Th,3,2025-11-25,Mon-Th,3,23
12,120.0,0.5,3,Mon-Th,3,2025-11-25,Mon-Th,3,23
12,0.03333333333333333,0.5,3,Mon-Th,3,2025-11-25,Mon-Th,3,23
13,120.0,0.5,3,Mon-Th,3,2025-11-25,Mon-Th,3,23
16,0.03333333333333333,0.5,3,Mon-Th,3,2025-11-25,Mon-Th,3,23
16,0.03333333333333333,0.5,3,Mon-Th,3,2025-11-25,Mon-Th,3,23
15,0.03333333333333333,150.0,3,Mon-Th,3,2025-11-25,Mon-Th,3,23
13,0.03333333333333333,0.5,3,Mon-Th,3,2025-11-25,Mon-Th,3,23
16,0.03333333333333333,150.0,3,Mon-Th,3,2025-11-25,Mon-Th,3,23
16,120.0,150.0,3,Mon-Th,3,2025-11-25,Mon-Th,3,23
16,0.03333333333333333,0.5,3,Mon-Th,3,2025-11-25,Mon-Th,3,23
9,0.03333333333333333,0.5,3,Mon-Th,3,2025-11-25,Mon-Th,3,23
22,0.03333333333333333,0.5,3,Mon-Th,3,2025-11-25,Mon-Th,3,23
16,120.0,0.5,3,Mon-Th,3,2025-11-25,Mon-Th,3,23
21,0.03333333333333333,150.0,3,Mon-Th,3,2025-11-25,Mon-Th,3,23
16,120.0,150.0,3,Mon-Th,3,2025-11-25,Mon-Th,3,23
21,0.03333333333333333,0.5,3,Mon-Th,3,2025-11-25,Mon-Th,3,23
16,0.03333333333333333,0.5,3,Mon-Th,3,2025-11-25,Mon-Th,3,23
16,0.03333333333333333,0.5,3,Mon-Th,3,2025-11-25,Mon-Th,3,23
17,0.03333333333333333,150.0,3,Mon-Th,3,2025-11-25,Mon-Th,3,23
21,120.0,0.5,3,Mon-Th,3,2025-11-26,Mon-Th,3,30
14,0.03333333333333333,150.0,3,Mon-Th,3,2025-11-26,Mon-Th,3,30
10,120.0,150.0,3,Mon-Th,3,2025-11-26,Mon-Th,3,30
21,0.03333333333333333,0.5,3,Mon-Th,3,2025-11-26,Mon-Th,3,30
16,0.03333333333333333,150.0,3,Mon-Th,3,2025-11-26,Mon-Th,3,30
16,0.03333333333333333,0.5,3,Mon-Th,3,2025-11-26,Mon-Th,3,30
17,0.03333333333333333,0.5,3,Mon-Th,3,2025-11-26,Mon-Th,3,30
16,0.03333333333333333,0.5,3,Mon-Th,3,2025-11-26,Mon-Th,3,30
16,120.0,0.5,3,Mon-Th,3,2025-11-26,Mon-Th,3,30
12,120.0,0.5,3,Mon-Th,3,2025-11-26,Mon-Th,3,30
16,0.03333333333333333,150.0,3,Mon-Th,3,2025-11-26,Mon-Th,3,30
17,120.0,0.5,3,Mon-Th,3,2025-11-26,Mon-Th,3,30
16,0.03333333333333333,150.0,3,Mon-Th,3,2025-11-26,Mon-Th,3,30
9,0.03333333333333333,0.5,3,Mon-Th,3,2025-11-26,Mon-Th,3,30
16,0.03333333333333333,150.0,3,Mon-Th,3,2025-11-26,Mon-Th,3,30
17,0.03333333333333333,150.0,3,Mon-Th,3,2025-11-26,Mon-Th,3,30
16,120.0,150.0,3,Mon-Th,3,2025-11-26,Mon-Th,3,30
17,120.0,0.5,3,Mon-Th,3,2025-11-26,Mon-Th,3,30
18,0.03333333333333333,0.5,3,Mon-Th,3,2025-11-26,Mon-Th,3,30
16,0.03333333333333333,0.5,3,Mon-Th,3,2025-11-26,Mon-Th,3,30
21,120.0,150.0,3,Mon-Th,3,2025-11-26,Mon-Th,3,30
12,120.0,0.5,3,Mon-Th,3,2025-11-26,Mon-Th,3,30
12,120.0,0.5,3,Mon-Th,3,2025-11-26,Mon-Th,3,30
12,0.03333333333333333,150.0,3,Mon-Th,3,2025-11-26,Mon-Th,3,30
20,0.03333333333333333,0.5,3,Mon-Th,3,2025-11-26,Mon-Th,3,30
20,120.0,0.5,3,Mon-Th,3,2025-11-26,Mon-Th,3,30
10,120.0,0.5,3,Mon-Th,3,2025-11-26,Mon-Th,3,30
16,120.0,150.0,3,Mon-Th,3,2025-11-26,Mon-Th,3,30
22,0.03333333333333333,150.0,3,Mon-Th,3,2025-11-26,Mon-Th,3,30
7,0.03333333333333333,0.5,3,Mon-Th,3,2025-11-26,Mon-Th,3,30
19,120.0,150.0,3,Mon-Th,3,2025-11-27,Mon-Th,3,24
16,0.03333333333333333,0.5,3,Mon-Th,3,2025-11-27,Mon-Th,3,24
7,0.03333333333333333,0.5,3,Mon-Th,3,2025-11-27,Mon-Th,3,24
9,120.0,150.0,3,Mon-Th,3,2025-11-27,Mon-Th,3,24
16,0.03333333333333333,150.0,3,Mon-Th,3,2025-11-27,Mon-Th,3,24
16,120.0,0.5,3,Mon-Th,3,2025-11-27,Mon-Th,3,24
16,0.03333333333333333,0.5,3,Mon-Th,3,2025-11-27,Mon-Th,3,24
18,120.0,0.5,3,Mon-Th,3,2025-11-27,Mon-Th,3,24
16,0.03333333333333333,150.0,3,Mon-Th,3,2025-11-27,Mon-Th,3,24
21,120.0,0.5,3,Mon-Th,3,2025-11-27,Mon-Th,3,24
11,0.03333333333333333,0.5,3,Mon-Th,3,2025-11-27,Mon-Th,3,24
16,120.0,150.0,3,Mon-Th,3,2025-11-27,Mon-Th,3,24
13,120.0,150.0,3,Mon-Th,3,2025-11-27,Mon-Th,3,24
20,0.03333333333333333,0.5,3,Mon-Th,3,2025-11-27,Mon-Th,3,24
16,120.0,0.5,3,Mon-Th,3,2025-11-27,Mon-Th,3,24
12,120.0,150.0,3,Mon-Th,3,2025-11-27,Mon-Th,3,24
17,120.0,150.0,3,Mon-Th,3,2025-11-27,Mon-Th,3,24
16,120.0,0.5,3,Mon-Th,3,2025-11-27,Mon-Th,3,24
23,0.03333333333333333,150.0,3,Mon-Th,3,2025-11-27,Mon-Th,3,24
12,120.0,150.0,3,Mon-Th,3,2025-11-27,Mon-Th,3,24
16,120.0,150.0,3,Mon-Th,3,2025-11-27,Mon-Th,3,24
19,120.0,0.5,3,Mon-Th,3,2025-11-27,Mon-Th,3,24
16,0.03333333333333333,150.0,3,Mon-Th,3,2025-11-27,Mon-Th,3,24
22,0.03333333333333333,150.0,3,Mon-Th,3,2025-11-27,Mon-Th,3,24
14,0.03333333333333333,150.0,3,Mon-Th,3,2025-12-01,Mon-Th,3,16
19,0.03333333333333333,0.5,3,Mon-Th,3,2025-12-01,Mon-Th,3,16
19,0.03333333333333333,0.5,3,Mon-Th,3,2025-12-01,Mon-Th,3,16
11,120.0,0.5,3,Mon-Th,3,2025-12-01,Mon-Th,3,16
12,0.03333333333333333,150.0,3,Mon-Th,3,2025-12-01,Mon-Th,3,16
20,0.03333333333333333,0.5,3,Mon-Th,3,2025-12-01,Mon-Th,3,16
18,120.0,0.5,3,Mon-Th,3,2025-12-01,Mon-Th,3,16
16,120.0,0.5,3,Mon-Th,3,2025-12-01,Mon-Th,3,16
16,0.03333333333333333,150.0,3,Mon-Th,3,2025-12-01,Mon-Th,3,16
20,0.03333333333333333,0.5,3,Mon-Th,3,2025-12-01,Mon-Th,3,16
17,0.03333333333333333,0.5,3,Mon-Th,3,2025-12-01,Mon-Th,3,16
16,0.03333333333333333,0.5,3,Mon-Th,3,2025-12-01,Mon-Th,3,16
22,0.03333333333333333,0.5,3,Mon-Th,3,2025-12-01,Mon-Th,3,16
16,120.0,150.0,3,Mon-Th,3,2025-12-01,Mon-Th,3,16
12,120.0,0.5,3,Mon-Th,3,2025-12-01,Mon-Th,3,16
16,0.03333333333333333,150.0,3,Mon-Th,3,2025-12-01,Mon-Th,3,16
22,0.03333333333333333,0.5,3,Mon-Th,3,2025-12-02,Mon-Th,3,23
16,0.03333333333333333,0.5,3,Mon-Th,3,2025-12-02,Mon-Th,3,23
12,120.0,0.5,3,Mon-Th,3,2025-12-02,Mon-Th,3,23
12,120.0,0.5,3,Mon-Th,3,2025-12-02,Mon-Th,3,23
19,120.0,0.5,3,Mon-Th,3,2025-12-02,Mon-Th,3,23
16,0.03333333333333333,150.0,3,Mon-Th,3,2025-12-02,Mon-Th,3,23
16,120.0,150.0,3,Mon-Th,3,2025-12-02,Mon-Th,3,23
16,120.0,0.5,3,Mon-Th,3,2025-12-02,Mon-Th,3,23
0,120.0,0.5,3,Mon-Th,3,2025-12-02,Mon-Th,3,23
17,0.03333333333333333,0.5,3,Mon-Th,3,2025-12-02,Mon-Th,3,23
13,0.03333333333333333,0.5,3,Mon-Th,3,2025-12-02,Mon-Th,3,23
16,120.0,150.0,3,Mon-Th,3,2025-12-02,Mon-Th,3,23
16,120.0,0.5,3,Mon-Th,3,2025-12-02,Mon-Th,3,23
16,120.0,0.5,3,Mon-Th,3,2025-12-02,Mon-Th,3,23
20,0.03333333333333333,150.0,3,Mon-Th,3,2025-12-02,Mon-Th,3,23
16,120.0,150.0,3,Mon-Th,3,2025-12-02,Mon-Th,3,23
16,0.03333333333333333,0.5,3,Mon-Th,3,2025-12-02,Mon-Th,3,23
13,0.03333333333333333,150.0,3,Mon-Th,3,2025-12-02,Mon-Th,3,23
16,0.03333333333333333,150.0,3,Mon-Th,3,2025-12-02,Mon-Th,3,23
11,0.03333333333333333,0.5,3,Mon-Th,3,2025-12-02,Mon-Th,3,23
16,120.0,150.0,3,Mon-Th,3,2025-12-02,Mon-Th,3,23
16,0.03333333333333333,150.0,3,Mon-Th,3,2025-12-02,Mon-Th,3,23
19,120.0,0.5,3,Mon-Th,3,2025-12-02,Mon-Th,3,23
16,0.03333333333333333,0.5,3,Mon-Th,3,2025-12-03,Mon-Th,3,24
16,120.0,150.0,3,Mon-Th,3,2025-12-03,Mon-Th,3,24
16,0.03333333333333333,0.5,3,Mon-Th,3,2025-12-03,Mon-Th,3,24
9,120.0,0.5,3,Mon-Th,3,2025-12-03,Mon-Th,3,24
23,120.0,0.5,3,Mon-Th,3,2025-12-03,Mon-Th,3,24
18,0.03333333333333333,150.0,3,Mon-Th,3,2025-12-03,Mon-Th,3,24
16,0.03333333333333333,0.5,3,Mon-Th,3,2025-12-03,Mon-Th,3,24
20,0.03333333333333333,0.5,3,Mon-Th,3,2025-12-03,Mon-Th,3,24
16,120.0,150.0,3,Mon-Th,3,2025-12-03,Mon-Th,3,24
22,120.0,150.0,3,Mon-Th,3,2025-12-03,Mon-Th,3,24
16,0.03333333333333333,150.0,3,Mon-Th,3,2025-12-03,Mon-Th,3,24
16,120.0,150.0,3,Mon-Th,3,2025-12-03,Mon-Th,3,24
20,120.0,0.5,3,Mon-Th,3,2025-12-03,Mon-Th,3,24
15,0.03333333333333333,0.5,3,Mon-Th,3,2025-12-03,Mon-Th,3,24
11,0.03333333333333333,0.5,3,Mon-Th,3,2025-12-03,Mon-Th,3,24
15,120.0,0.5,3,Mon-Th,3,2025-12-03,Mon-Th,3,24
16,120.0,0.5,3,Mon-Th,3,2025-12-03,Mon-Th,3,24
12,120.0,150.0,3,Mon-Th,3,2025-12-03,Mon-Th,3,24
12,120.0,150.0,3,Mon-Th,3,2025-12-03,Mon-Th,3,24
20,0.03333333333333333,150.0,3,Mon-Th,3,2025-12-03,Mon-Th,3,24
15,0.03333333333333333,150.0,3,Mon-Th,3,2025-12-03,Mon-Th,3,24
16,0.03333333333333333,0.5,3,Mon-Th,3,2025-12-03,Mon-Th,3,24
16,120.0,150.0,3,Mon-Th,3,2025-12-03,Mon-Th,3,24
18,120.0,0.5,3,Mon-Th,3,2025-12-03,Mon-Th,3,24
16,120.0,150.0,3,Mon-Th,3,2025-12-04,Mon-Th,3,24
17,0.03333333333333333,150.0,3,Mon-Th,3,2025-12-04,Mon-Th,3,24
15,120.0,0.5,3,Mon-Th,3,2025-12-04,Mon-Th,3,24
16,0.03333333333333333,150.0,3,Mon-Th,3,2025-12-04,Mon-Th,3,24
14,0.03333333333333333,0.5,3,Mon-Th,3,2025-12-04,Mon-Th,3,24
19,0.03333333333333333,0.5,3,Mon-Th,3,2025-12-04,Mon-Th,3,24
12,120.0,150.0,3,Mon-Th,3,2025-12-04,Mon-Th,3,24
12,120.0,0.5,3,Mon-Th,3,2025-12-04,Mon-Th,3,24
16,0.03333333333333333,0.5,3,Mon-Th,3,2025-12-04,Mon-Th,3,24
16,120.0,0.5,3,Mon-Th,3,2025-12-04,Mon-Th,3,24
17,0.03333333333333333,0.5,3,Mon-Th,3,2025-12-04,Mon-Th,3,24
16,0.03333333333333333,0.5,3,Mon-Th,3,2025-12-04,Mon-Th,3,24
22,120.0,150.0,3,Mon-Th,3,2025-12-04,Mon-Th,3,24
16,0.03333333333333333,150.0,3,Mon-Th,3,2025-12-04,Mon-Th,3,24
16,0.03333333333333333,150.0,3,Mon-Th,3,2025-12-04,Mon-Th,3,24
16,0.03333333333333333,0.5,3,Mon-Th,3,2025-12-04,Mon-Th,3,24
13,0.03333333333333333,150.0,3,Mon-Th,3,2025-12-04,Mon-Th,3,24
13,0.03333333333333333,0.5,3,Mon-Th,3,2025-12-04,Mon-Th,3,24
16,120.0,150.0,3,Mon-Th,3,2025-12-04,Mon-Th,3,24
12,120.0,150.0,3,Mon-Th,3,2025-12-04,Mon-Th,3,24
16,120.0,150.0,3,Mon-Th,3,2025-12-04,Mon-Th,3,24
17,0.03333333333333333,0.5,3,Mon-Th,3,2025-12-04,Mon-Th,3,24
16,120.0,150.0,3,Mon-Th,3,2025-12-04,Mon-Th,3,24
16,120.0,150.0,3,Mon-Th,3,2025-12-04,Mon-Th,3,24
16,0.03333333333333333,0.5,3,Mon-Th,3,2025-12-08,Mon-Th,3,28
17,0.03333333333333333,0.5,3,Mon-Th,3,2025-12-08,Mon-Th,3,28
15,0.03333333333333333,150.0,3,Mon-Th,3,2025-12-08,Mon-Th,3,28
16,0.03333333333333333,150.0,3,Mon-Th,3,2025-12-08,Mon-Th,3,28
16,0.03333333333333333,150.0,3,Mon-Th,3,2025-12-08,Mon-Th,3,28
16,0.03333333333333333,0.5,3,Mon-Th,3,2025-12-08,Mon-Th,3,28
20,120.0,0.5,3,Mon-Th,3,2025-12-08,Mon-Th,3,28
16,120.0,150.0,3,Mon-Th,3,2025-12-08,Mon-Th,3,28
17,0.03333333333333333,0.5,3,Mon-Th,3,2025-12-08,Mon-Th,3,28
8,0.03333333333333333,150.0,3,Mon-Th,3,2025-12-08,Mon-Th,3,28
20,120.0,0.5,3,Mon-Th,3,2025-12-08,Mon-Th,3,28
16,120.0,150.0,3,Mon-Th,3,2025-12-08,Mon-Th,3,28
18,0.03333333333333333,150.0,3,Mon-Th,3,2025-12-08,Mon-Th,3,28
12,120.0,150.0,3,Mon-Th,3,2025-12-08,Mon-Th,3,28
16,120.0,150.0,3,Mon-Th,3,2025-12-08,Mon-Th,3,28
22,120.0,150.0,3,Mon-Th,3,2025-12-08,Mon-Th,3,28
14,0.03333333333333333,150.0,3,Mon-Th,3,2025-12-08,Mon-Th,3,28
16,0.03333333333333333,0.5,3,Mon-Th,3,2025-12-08,Mon-Th,3,28
16,120.0,0.5,3,Mon-Th,3,2025-12-08,Mon-Th,3,28
16,0.03333333333333333,0.5,3,Mon-Th,3,2025-12-08,Mon-Th,3,28
12,120.0,0.5,3,Mon-Th,3,2025-12-08,Mon-Th,3,28
18,120.0,150.0,3,Mon-Th,3,2025-12-08,Mon-Th,3,28
19,120.0,0.5,3,Mon-Th,3,2025-12-08,Mon-Th,3,28
16,0.03333333333333333,150.0,3,Mon-Th,3,2025-12-08,Mon-Th,3,28
16,120.0,150.0,3,Mon-Th,3,2025-12-08,Mon-Th,3,28
22,0.03333333333333333,0.5,3,Mon-Th,3,2025-12-08,Mon-Th,3,28
16,0.03333333333333333,0.5,3,Mon-Th,3,2025-12-08,Mon-Th,3,28
7,120.0,150.0,3,Mon-Th,3,2025-12-08,Mon-Th,3,28
8,0.03333333333333333,0.5,3,Mon-Th,3,2025-12-09,Mon-Th,3,24
16,120.0,0.5,3,Mon-Th,3,2025-12-09,Mon-Th,3,24
16,0.03333333333333333,150.0,3,Mon-Th,3,2025-12-09,Mon-Th,3,24
14,0.03333333333333333,0.5,3,Mon-Th,3,2025-12-09,Mon-Th,3,24
12,120.0,0.5,3,Mon-Th,3,2025-12-09,Mon-Th,3,24
12,120.0,150.0,3,Mon-Th,3,2025-12-09,Mon-Th,3,24
16,0.03333333333333333,0.5,3,Mon-Th,3,2025-12-09,Mon-Th,3,24
21,0.03333333333333333,0.5,3,Mon-Th,3,2025-12-09,Mon-Th,3,24
17,120.0,150.0,3,Mon-Th,3,2025-12-09,Mon-Th,3,24
17,0.03333333333333333,0.5,3,Mon-Th,3,2025-12-09,Mon-Th,3,24
12,120.0,150.0,3,Mon-Th,3,2025-12-09,Mon-Th,3,24
18,0.03333333333333333,0.5,3,Mon-Th,3,2025-12-09,Mon-Th,3,24
16,0.03333333333333333,150.0,3,Mon-Th,3,2025-12-09,Mon-Th,3,24
16,120.0,150.0,3,Mon-Th,3,2025-12-09,Mon-Th,3,24
12,120.0,0.5,3,Mon-Th,3,2025-12-09,Mon-Th,3,24
16,0.03333333333333333,150.0,3,Mon-Th,3,2025-12-09,Mon-Th,3,24
18,0.03333333333333333,0.5,3,Mon-Th,3,2025-12-09,Mon-Th,3,24
22,120.0,0.5,3,Mon-Th,3,2025-12-09,Mon-Th,3,24
16,120.0,0.5,3,Mon-Th,3,2025-12-09,Mon-Th,3,24
16,0.03333333333333333,0.5,3,Mon-Th,3,2025-12-09,Mon-Th,3,24
14,0.03333333333333333,0.5,3,Mon-Th,3,2025-12-09,Mon-Th,3,24
16,120.0,150.0,3,Mon-Th,3,2025-12-09,Mon-Th,3,24
14,0.03333333333333333,150.0,3,Mon-Th,3,2025-12-09,Mon-Th,3,24
21,0.03333333333333333,0.5,3,Mon-Th,3,2025-12-09,Mon-Th,3,24
12,120.0,150.0,3,Mon-Th,3,2025-12-10,Mon-Th,3,26
16,120.0,150.0,3,Mon-Th,3,2025-12-10,Mon-Th,3,26
16,0.03333333333333333,0.5,3,Mon-Th,3,2025-12-10,Mon-Th,3,26
16,0.03333333333333333,150.0,3,Mon-Th,3,2025-12-10,Mon-Th,3,26
12,120.0,150.0,3,Mon-Th,3,2025-12-10,Mon-Th,3,26
16,120.0,0.5,3,Mon-Th,3,2025-12-10,Mon-Th,3,26
12,120.0,0.5,3,Mon-Th,3,2025-12-10,Mon-Th,3,26
16,0.03333333333333333,150.0,3,Mon-Th,3,2025-12-10,Mon-Th,3,26
12,120.0,0.5,3,Mon-Th,3,2025-12-10,Mon-Th,3,26
17,0.03333333333333333,0.5,3,Mon-Th,3,2025-12-10,Mon-Th,3,26
0,120.0,0.5,3,Mon-Th,3,2025-12-10,Mon-Th,3,26
16,120.0,0.5,3,Mon-Th,3,2025-12-10,Mon-Th,3,26
0,0.03333333333333333,0.5,3,Mon-Th,3,2025-12-10,Mon-Th,3,26
3,0.03333333333333333,150.0,3,Mon-Th,3,2025-12-10,Mon-Th,3,26
20,120.0,0.5,3,Mon-Th,3,2025-12-10,Mon-Th,3,26
16,0.03333333333333333,150.0,3,Mon-Th,3,2025-12-10,Mon-Th,3,26
16,0.03333333333333333,150.0,3,Mon-Th,3,2025-12-10,Mon-Th,3,26
21,120.0,150.0,3,Mon-Th,3,2025-12-10,Mon-Th,3,26
16,0.03333333333333333,150.0,3,Mon-Th,3,2025-12-10,Mon-Th,3,26
20,120.0,0.5,3,Mon-Th,3,2025-12-10,Mon-Th,3,26
12,120.0,150.0,3,Mon-Th,3,2025-12-10,Mon-Th,3,26
17,0.03333333333333333,0.5,3,Mon-Th,3,2025-12-10,Mon-Th,3,26
11,0.03333333333333333,0.5,3,Mon-Th,3,2025-12-10,Mon-Th,3,26
21,0.03333333333333333,0.5,3,Mon-Th,3,2025-12-10,Mon-Th,3,26
16,120.0,150.0,3,Mon-Th,3,2025-12-10,Mon-Th,3,26
19,0.03333333333333333,0.5,3,Mon-Th,3,2025-12-10,Mon-Th,3,26
16,120.0,150.0,3,Mon-Th,3,2025-12-11,Mon-Th,3,24
16,0.03333333333333333,150.0,3,Mon-Th,3,2025-12-11,Mon-Th,3,24
16,0.03333333333333333,150.0,3,Mon-Th,3,2025-12-11,Mon-Th,3,24
16,0.03333333333333333,150.0,3,Mon-Th,3,2025-12-11,Mon-Th,3,24
12,120.0,150.0,3,Mon-Th,3,2025-12-11,Mon-Th,3,24
12,120.0,150.0,3,Mon-Th,3,2025-12-11,Mon-Th,3,24
16,0.03333333333333333,0.5,3,Mon-Th,3,2025-12-11,Mon-Th,3,24
12,120.0,150.0,3,Mon-Th,3,2025-12-11,Mon-Th,3,24
12,120.0,0.5,3,Mon-Th,3,2025-12-11,Mon-Th,3,24
16,120.0,0.5,3,Mon-Th,3,2025-12-11,Mon-Th,3,24
16,0.03333333333333333,0.5,3,Mon-Th,3,2025-12-11,Mon-Th,3,24
20,120.0,150.0,3,Mon-Th,3,2025-12-11,Mon-Th,3,24
16,0.03333333333333333,0.5,3,Mon-Th,3,2025-12-11,Mon-Th,3,24
14,0.03333333333333333,0.5,3,Mon-Th,3,2025-12-11,Mon-Th,3,24
16,120.0,0.5,3,Mon-Th,3,2025-12-11,Mon-Th,3,24
17,120.0,0.5,3,Mon-Th,3,2025-12-11,Mon-Th,3,24
16,0.03333333333333333,150.0,3,Mon-Th,3,2025-12-11,Mon-Th,3,24
13,120.0,0.5,3,Mon-Th,3,2025-12-11,Mon-Th,3,24
16,0.03333333333333333,150.0,3,Mon-Th,3,2025-12-11,Mon-Th,3,24
16,120.0,0.5,3,Mon-Th,3,2025-12-11,Mon-Th,3,24
12,120.0,0.5,3,Mon-Th,3,2025-12-11,Mon-Th,3,24
14,120.0,0.5,3,Mon-Th,3,2025-12-11,Mon-Th,3,24
16,120.0,0.5,3,Mon-Th,3,2025-12-11,Mon-Th,3,24
16,0.03333333333333333,150.0,3,Mon-Th,3,2025-12-11,Mon-Th,3,24
17,0.03333333333333333,150.0,3,Mon-Th,3,2025-12-15,Mon-Th,3,26
15,120.0,0.5,3,Mon-Th,3,2025-12-15,Mon-Th,3,26
22,120.0,0.5,3,Mon-Th,3,2025-12-15,Mon-Th,3,26
17,0.03333333333333333,150.0,3,Mon-Th,3,2025-12-15,Mon-Th,3,26
12,120.0,0.5,3,Mon-Th,3,2025-12-15,Mon-Th,3,26
23,0.03333333333333333,150.0,3,Mon-Th,3,2025-12-15,Mon-Th,3,26
16,0.03333333333333333,150.0,3,Mon-Th,3,2025-12-15,Mon-Th,3,26
10,0.03333333333333333,0.5,3,Mon-Th,3,2025-12-15,Mon-Th,3,26
14,120.0,0.5,3,Mon-Th,3,2025-12-15,Mon-Th,3,26
12,120.0,150.0,3,Mon-Th,3,2025-12-15,Mon-Th,3,26
16,120.0,0.5,3,Mon-Th,3,2025-12-15,Mon-Th,3,26
19,0.03333333333333333,0.5,3,Mon-Th,3,2025-12-15,Mon-Th,3,26
16,0.03333333333333333,0.5,3,Mon-Th,3,2025-12-15,Mon-Th,3,26
16,0.03333333333333333,150.0,3,Mon-Th,3,2025-12-15,Mon-Th,3,26
16,0.03333333333333333,0.5,3,Mon-Th,3,2025-12-15,Mon-Th,3,26
12,120.0,150.0,3,Mon-Th,3,2025-12-15,Mon-Th,3,26
16,0.03333333333333333,150.0,3,Mon-Th,3,2025-12-15,Mon-Th,3,26
14,0.03333333333333333,0.5,3,Mon-Th,3,2025-12-15,Mon-Th,3,26
14,120.0,0.5,3,Mon-Th,3,2025-12-15,Mon-Th,3,26
16,0.03333333333333333,150.0,3,Mon-Th,3,2025-12-15,Mon-Th,3,26
17,120.0,0.5,3,Mon-Th,3,2025-12-15,Mon-Th,3,26
11,0.03333333333333333,150.0,3,Mon-Th,3,2025-12-15,Mon-Th,3,26
11,120.0,0.5,3,Mon-Th,3,2025-12-15,Mon-Th,3,26
14,0.03333333333333333,150.0,3,Mon-Th,3,2025-12-15,Mon-Th,3,26
16,0.03333333333333333,150.0,3,Mon-Th,3,2025-12-15,Mon-Th,3,26
12,0.03333333333333333,150.0,3,Mon-Th,3,2025-12-15,Mon-Th,3,26
23,0.03333333333333333,150.0,3,Mon-Th,3,2025-12-16,Mon-Th,3,29
16,120.0,150.0,3,Mon-Th,3,2025-12-16,Mon-Th,3,29
16,0.03333333333333333,150.0,3,Mon-Th,3,2025-12-16,Mon-Th,3,29
19,120.0,0.5,3,Mon-Th,3,2025-12-16,Mon-Th,3,29
16,0.03333333333333333,0.5,3,Mon-Th,3,2025-12-16,Mon-Th,3,29
14,120.0,0.5,3,Mon-Th,3,2025-12-16,Mon-Th,3,29
17,0.03333333333333333,150.0,3,Mon-Th,3,2025-12-16,Mon-Th,3,29
16,0.03333333333333333,150.0,3,Mon-Th,3,2025-12-16,Mon-Th,3,29
18,0.03333333333333333,150.0,3,Mon-Th,3,2025-12-16,Mon-Th,3,29
16,0.03333333333333333,150.0,3,Mon-Th,3,2025-12-16,Mon-Th,3,29
19,0.03333333333333333,150.0,3,Mon-Th,3,2025-12-16,Mon-Th,3,29
17,0.03333333333333333,0.5,3,Mon-Th,3,2025-12-16,Mon-Th,3,29
16,0.03333333333333333,150.0,3,Mon-Th,3,2025-12-16,Mon-Th,3,29
16,120.0,150.0,3,Mon-Th,3,2025-12-16,Mon-Th,3,29
22,0.03333333333333333,150.0,3,Mon-Th,3,2025-12-16,Mon-Th,3,29
21,120.0,150.0,3,Mon-Th,3,2025-12-16,Mon-Th,3,29
15,120.0,0.5,3,Mon-Th,3,2025-12-16,Mon-Th,3,29
15,120.0,150.0,3,Mon-Th,3,2025-12-16,Mon-Th,3,29
16,0.03333333333333333,150.0,3,Mon-Th,3,2025-12-16,Mon-Th,3,29
21,120.0,0.5,3,Mon-Th,3,2025-12-16,Mon-Th,3,29
22,0.03333333333333333,0.5,3,Mon-Th,3,2025-12-16,Mon-Th,3,29
1,0.03333333333333333,0.5,3,Mon-Th,3,2025-12-16,Mon-Th,3,29
20,0.03333333333333333,150.0,3,Mon-Th,3,2025-12-16,Mon-Th,3,29
12,120.0,0.5,3,Mon-Th,3,2025-12-16,Mon-Th,3,29
16,0.03333333333333333,0.5,3,Mon-Th,3,2025-12-16,Mon-Th,3,29
22,120.0,150.0,3,Mon-Th,3,2025-12-16,Mon-Th,3,29
16,0.03333333333333333,150.0,3,Mon-Th,3,2025-12-16,Mon-Th,3,29
16,0.03333333333333333,0.5,3,Mon-Th,3,2025-12-16,Mon-Th,3,29
20,120.0,150.0,3,Mon-Th,3,2025-12-16,Mon-Th,3,29
16,0.03333333333333333,0.5,3,Mon-Th,3,2025-12-17,Mon-Th,3,22
16,120.0,150.0,3,Mon-Th,3,2025-12-17,Mon-Th,3,22
16,120.0,150.0,3,Mon-Th,3,2025-12-17,Mon-Th,3,22
16,120.0,0.5,3,Mon-Th,3,2025-12-17,Mon-Th,3,22
15,0.03333333333333333,0.5,3,Mon-Th,3,2025-12-17,Mon-Th,3,22
16,120.0,150.0,3,Mon-Th,3,2025-12-17,Mon-Th,3,22
19,0.03333333333333333,0.5,3,Mon-Th,3,2025-12-17,Mon-Th,3,22
16,120.0,0.5,3,Mon-Th,3,2025-12-17,Mon-Th,3,22
16,0.03333333333333333,0.5,3,Mon-Th,3,2025-12-17,Mon-Th,3,22
19,0.03333333333333333,0.5,3,Mon-Th,3,2025-12-17,Mon-Th,3,22
16,0.03333333333333333,0.5,3,Mon-Th,3,2025-12-17,Mon-Th,3,22
13,0.03333333333333333,150.0,3,Mon-Th,3,2025-12-17,Mon-Th,3,22
23,120.0,150.0,3,Mon-Th,3,2025-12-17,Mon-Th,3,22
16,120.0,0.5,3,Mon-Th,3,2025-12-17,Mon-Th,3,22
16,120.0,150.0,3,Mon-Th,3,2025-12-17,Mon-Th,3,22
15,0.03333333333333333,0.5,3,Mon-Th,3,2025-12-17,Mon-Th,3,22
21,120.0,150.0,3,Mon-Th,3,2025-12-17,Mon-Th,3,22
1,120.0,0.5,3,Mon-Th,3,2025-12-17,Mon-Th,3,22
16,0.03333333333333333,150.0,3,Mon-Th,3,2025-12-17,Mon-Th,3,22
12,120.0,150.0,3,Mon-Th,3,2025-12-17,Mon-Th,3,22
16,120.0,0.5,3,Mon-Th,3,2025-12-17,Mon-Th,3,22
14,0.03333333333333333,0.5,3,Mon-Th,3,2025-12-17,Mon-Th,3,22
22,120.0,150.0,3,Mon-Th,3,2025-12-18,Mon-Th,3,20
16,120.0,150.0,3,Mon-Th,3,2025-12-18,Mon-Th,3,20
15,120.0,0.5,3,Mon-Th,3,2025-12-18,Mon-Th,3,20
16,0.03333333333333333,150.0,3,Mon-Th,3,2025-12-18,Mon-Th,3,20
16,0.03333333333333333,150.0,3,Mon-Th,3,2025-12-18,Mon-Th,3,20
3,0.03333333333333333,0.5,3,Mon-Th,3,2025-12-18,Mon-Th,3,20
16,0.03333333333333333,0.5,3,Mon-Th,3,2025-12-18,Mon-Th,3,20
17,120.0,150.0,3,Mon-Th,3,2025-12-18,Mon-Th,3,20
15,0.03333333333333333,150.0,3,Mon-Th,3,2025-12-18,Mon-Th,3,20
12,120.0,0.5,3,Mon-Th,3,2025-12-18,Mon-Th,3,20
21,120.0,0.5,3,Mon-Th,3,2025-12-18,Mon-Th,3,20
14,0.03333333333333333,150.0,3,Mon-Th,3,2025-12-18,Mon-Th,3,20
19,0.03333333333333333,150.0,3,Mon-Th,3,2025-12-18,Mon-Th,3,20
16,0.03333333333333333,150.0,3,Mon-Th,3,2025-12-18,Mon-Th,3,20
13,120.0,0.5,3,Mon-Th,3,2025-12-18,Mon-Th,3,20
12,120.0,150.0,3,Mon-Th,3,2025-12-18,Mon-Th,3,20
16,120.0,0.5,3,Mon-Th,3,2025-12-18,Mon-Th,3,20
16,0.03333333333333333,150.0,3,Mon-Th,3,2025-12-18,Mon-Th,3,20
18,120.0,150.0,3,Mon-Th,3,2025-12-18,Mon-Th,3,20
16,120.0,0.5,3,Mon-Th,3,2025-12-18,Mon-Th,3,20
16,0.03333333333333333,150.0,3,Friday,3,2025-09-26,Friday,3,26
18,0.03333333333333333,0.5,3,Friday,3,2025-09-26,Friday,3,26
16,0.03333333333333333,0.5,3,Friday,3,2025-09-26,Friday,3,26
14,0.03333333333333333,150.0,3,Friday,3,2025-09-26,Friday,3,26
16,0.03333333333333333,0.5,3,Friday,3,2025-09-26,Friday,3,26
19,0.03333333333333333,0.5,3,Friday,3,2025-09-26,Friday,3,26
12,120.0,0.5,3,Friday,3,2025-09-26,Friday,3,26
16,120.0,150.0,3,Friday,3,2025-09-26,Friday,3,26
21,0.03333333333333333,0.5,3,Friday,3,2025-09-26,Friday,3,26
16,120.0,150.0,3,Friday,3,2025-09-26,Friday,3,26
16,0.03333333333333333,150.0,3,Friday,3,2025-09-26,Friday,3,26
12,120.0,0.5,3,Friday,3,2025-09-26,Friday,3,26
12,120.0,0.5,3,Friday,3,2025-09-26,Friday,3,26
16,0.03333333333333333,150.0,3,Friday,3,2025-09-26,Friday,3,26
18,0.03333333333333333,0.5,3,Friday,3,2025-09-26,Friday,3,26
12,120.0,0.5,3,Friday,3,2025-09-26,Friday,3,26
16,0.03333333333333333,150.0,3,Friday,3,2025-09-26,Friday,3,26
22,0.03333333333333333,0.5,3,Friday,3,2025-09-26,Friday,3,26
16,0.03333333333333333,0.5,3,Friday,3,2025-09-26,Friday,3,26
12,120.0,150.0,3,Friday,3,2025-09-26,Friday,3,26
16,120.0,150.0,3,Friday,3,2025-09-26,Friday,3,26
19,0.03333333333333333,0.5,3,Friday,3,2025-09-26,Friday,3,26
16,120.0,0.5,3,Friday,3,2025-09-26,Friday,3,26
16,0.03333333333333333,150.0,3,Friday,3,2025-09-26,Friday,3,26
12,120.0,150.0,3,Friday,3,2025-09-26,Friday,3,26
14,0.03333333333333333,150.0,3,Friday,3,2025-09-26,Friday,3,26
15,0.03333333333333333,0.5,3,Friday,3,2025-10-03,Friday,3,26
12,120.0,150.0,3,Friday,3,2025-10-03,Friday,3,26
15,0.03333333333333333,0.5,3,Friday,3,2025-10-03,Friday,3,26
14,0.03333333333333333,0.5,3,Friday,3,2025-10-03,Friday,3,26
16,120.0,0.5,3,Friday,3,2025-10-03,Friday,3,26
16,120.0,150.0,3,Friday,3,2025-10-03,Friday,3,26
19,0.03333333333333333,150.0,3,Friday,3,2025-10-03,Friday,3,26
16,120.0,150.0,3,Friday,3,2025-10-03,Friday,3,26
12,120.0,0.5,3,Friday,3,2025-10-03,Friday,3,26
16,0.03333333333333333,150.0,3,Friday,3,2025-10-03,Friday,3,26
21,0.03333333333333333,0.5,3,Friday,3,2025-10-03,Friday,3,26
22,120.0,0.5,3,Friday,3,2025-10-03,Friday,3,26
16,0.03333333333333333,150.0,3,Friday,3,2025-10-03,Friday,3,26
17,0.03333333333333333,0.5,3,Friday,3,2025-10-03,Friday,3,26
13,0.03333333333333333,0.5,3,Friday,3,2025-10-03,Friday,3,26
20,120.0,0.5,3,Friday,3,2025-10-03,Friday,3,26
16,120.0,0.5,3,Friday,3,2025-10-03,Friday,3,26
12,0.03333333333333333,150.0,3,Friday,3,2025-10-03,Friday,3,26
17,120.0,0.5,3,Friday,3,2025-10-03,Friday,3,26
16,120.0,150.0,3,Friday,3,2025-10-03,Friday,3,26
18,0.03333333333333333,0.5,3,Friday,3,2025-10-03,Friday,3,26
17,120.0,0.5,3,Friday,3,2025-10-03,Friday,3,26
12,120.0,0.5,3,Friday,3,2025-10-03,Friday,3,26
16,120.0,150.0,3,Friday,3,2025-10-03,Friday,3,26
5,120.0,0.5,3,Friday,3,2025-10-03,Friday,3,26
16,120.0,150.0,3,Friday,3,2025-10-03,Friday,3,26
16,120.0,0.5,3,Friday,3,2025-10-10,Friday,3,18
20,120.0,150.0,3,Friday,3,2025-10-10,Friday,3,18
16,120.0,150.0,3,Friday,3,2025-10-10,Friday,3,18
16,0.03333333333333333,150.0,3,Friday,3,2025-10-10,Friday,3,18
16,120.0,0.5,3,Friday,3,2025-10-10,Friday,3,18
16,0.03333333333333333,0.5,3,Friday,3,2025-10-10,Friday,3,18
15,0.03333333333333333,150.0,3,Friday,3,2025-10-10,Friday,3,18
19,0.03333333333333333,0.5,3,Friday,3,2025-10-10,Friday,3,18
16,120.0,0.5,3,Friday,3,2025-10-10,Friday,3,18
22,120.0,150.0,3,Friday,3,2025-10-10,Friday,3,18
16,120.0,150.0,3,Friday,3,2025-10-10,Friday,3,18
16,0.03333333333333333,150.0,3,Friday,3,2025-10-10,Friday,3,18
22,120.0,150.0,3,Friday,3,2025-10-10,Friday,3,18
20,0.03333333333333333,0.5,3,Friday,3,2025-10-10,Friday,3,18
16,0.03333333333333333,0.5,3,Friday,3,2025-10-10,Friday,3,18
16,120.0,150.0,3,Friday,3,2025-10-10,Friday,3,18
21,120.0,0.5,3,Friday,3,2025-10-10,Friday,3,18
16,120.0,0.5,3,Friday,3,2025-10-10,Friday,3,18
16,120.0,150.0,3,Friday,3,2025-10-17,Friday,3,25
16,120.0,0.5,3,Friday,3,2025-10-17,Friday,3,25
16,120.0,0.5,3,Friday,3,2025-10-17,Friday,3,25
16,0.03333333333333333,150.0,3,Friday,3,2025-10-17,Friday,3,25
16,0.03333333333333333,150.0,3,Friday,3,2025-10-17,Friday,3,25
16,0.03333333333333333,150.0,3,Friday,3,2025-10-17,Friday,3,25
14,120.0,0.5,3,Friday,3,2025-10-17,Friday,3,25
16,0.03333333333333333,0.5,3,Friday,3,2025-10-17,Friday,3,25
22,120.0,0.5,3,Friday,3,2025-10-17,Friday,3,25
17,120.0,0.5,3,Friday,3,2025-10-17,Friday,3,25
18,120.0,0.5,3,Friday,3,2025-10-17,Friday,3,25
16,0.03333333333333333,0.5,3,Friday,3,2025-10-17,Friday,3,25
15,0.03333333333333333,0.5,3,Friday,3,2025-10-17,Friday,3,25
1,0.03333333333333333,0.5,3,Friday,3,2025-10-17,Friday,3,25
22,0.03333333333333333,0.5,3,Friday,3,2025-10-17,Friday,3,25
16,0.03333333333333333,0.5,3,Friday,3,2025-10-17,Friday,3,25
16,0.03333333333333333,150.0,3,Friday,3,2025-10-17,Friday,3,25
16,120.0,0.5,3,Friday,3,2025-10-17,Friday,3,25
5,120.0,0.5,3,Friday,3,2025-10-17,Friday,3,25
16,120.0,0.5,3,Friday,3,2025-10-17,Friday,3,25
15,120.0,150.0,3,Friday,3,2025-10-17,Friday,3,25
16,0.03333333333333333,150.0,3,Friday,3,2025-10-17,Friday,3,25
20,0.03333333333333333,0.5,3,Friday,3,2025-10-17,Friday,3,25
16,0.03333333333333333,150.0,3,Friday,3,2025-10-17,Friday,3,25
16,120.0,0.5,3,Friday,3,2025-10-17,Friday,3,25
16,0.03333333333333333,0.5,3,Friday,3,2025-10-24,Friday,3,21
11,120.0,0.5,3,Friday,3,2025-10-24,Friday,3,21
12,120.0,150.0,3,Friday,3,2025-10-24,Friday,3,21
16,0.03333333333333333,0.5,3,Friday,3,2025-10-24,Friday,3,21
16,120.0,0.5,3,Friday,3,2025-10-24,Friday,3,21
12,0.03333333333333333,0.5,3,Friday,3,2025-10-24,Friday,3,21
16,0.03333333333333333,0.5,3,Friday,3,2025-10-24,Friday,3,21
22,0.03333333333333333,150.0,3,Friday,3,2025-10-24,Friday,3,21
0,120.0,0.5,3,Friday,3,2025-10-24,Friday,3,21
21,120.0,0.5,3,Friday,3,2025-10-24,Friday,3,21
15,0.03333333333333333,0.5,3,Friday,3,2025-10-24,Friday,3,21
16,0.03333333333333333,150.0,3,Friday,3,2025-10-24,Friday,3,21
20,0.03333333333333333,0.5,3,Friday,3,2025-10-24,Friday,3,21
14,0.03333333333333333,150.0,3,Friday,3,2025-10-24,Friday,3,21
16,0.03333333333333333,0.5,3,Friday,3,2025-10-24,Friday,3,21
11,0.03333333333333333,0.5,3,Friday,3,2025-10-24,Friday,3,21
16,0.03333333333333333,150.0,3,Friday,3,2025-10-24,Friday,3,21
18,120.0,0.5,3,Friday,3,2025-10-24,Friday,3,21
16,0.03333333333333333,0.5,3,Friday,3,2025-10-24,Friday,3,21
4,0.03333333333333333,150.0,3,Friday,3,2025-10-24,Friday,3,21
16,0.03333333333333333,0.5,3,Friday,3,2025-10-24,Friday,3,21
12,120.0,150.0,3,Friday,3,2025-10-31,Friday,3,27
16,0.03333333333333333,150.0,3,Friday,3,2025-10-31,Friday,3,27
16,0.03333333333333333,150.0,3,Friday,3,2025-10-31,Friday,3,27
14,0.03333333333333333,0.5,3,Friday,3,2025-10-31,Friday,3,27
16,0.03333333333333333,0.5,3,Friday,3,2025-10-31,Friday,3,27
17,0.03333333333333333,150.0,3,Friday,3,2025-10-31,Friday,3,27
16,0.03333333333333333,0.5,3,Friday,3,2025-10-31,Friday,3,27
12,120.0,150.0,3,Friday,3,2025-10-31,Friday,3,27
16,0.03333333333333333,0.5,3,Friday,3,2025-10-31,Friday,3,27
12,120.0,150.0,3,Friday,3,2025-10-31,Friday,3,27
16,0.03333333333333333,150.0,3,Friday,3,2025-10-31,Friday,3,27
20,0.03333333333333333,150.0,3,Friday,3,2025-10-31,Friday,3,27
16,120.0,150.0,3,Friday,3,2025-10-31,Friday,3,27
20,120.0,150.0,3,Friday,3,2025-10-31,Friday,3,27
16,0.03333333333333333,150.0,3,Friday,3,2025-10-31,Friday,3,27
16,120.0,150.0,3,Friday,3,2025-10-31,Friday,3,27
22,120.0,150.0,3,Friday,3,2025-10-31,Friday,3,27
19,0.03333333333333333,150.0,3,Friday,3,2025-10-31,Friday,3,27
12,120.0,0.5,3,Friday,3,2025-10-31,Friday,3,27
16,120.0,150.0,3,Friday,3,2025-10-31,Friday,3,27
18,120.0,0.5,3,Friday,3,2025-10-31,Friday,3,27
16,120.0,150.0,3,Friday,3,2025-10-31,Friday,3,27
16,0.03333333333333333,150.0,3,Friday,3,2025-10-31,Friday,3,27
12,120.0,150.0,3,Friday,3,2025-10-31,Friday,3,27
17,120.0,0.5,3,Friday,3,2025-10-31,Friday,3,27
19,0.03333333333333333,150.0,3,Friday,3,2025-10-31,Friday,3,27
12,0.03333333333333333,150.0,3,Friday,3,2025-10-31,Friday,3,27
11,0.03333333333333333,150.0,3,Friday,3,2025-11-07,Friday,3,20
16,0.03333333333333333,150.0,3,Friday,3,2025-11-07,Friday,3,20
16,0.03333333333333333,0.5,3,Friday,3,2025-11-07,Friday,3,20
16,0.03333333333333333,150.0,3,Friday,3,2025-11-07,Friday,3,20
14,0.03333333333333333,0.5,3,Friday,3,2025-11-07,Friday,3,20
16,120.0,150.0,3,Friday,3,2025-11-07,Friday,3,20
14,0.03333333333333333,0.5,3,Friday,3,2025-11-07,Friday,3,20
16,120.0,150.0,3,Friday,3,2025-11-07,Friday,3,20
16,0.03333333333333333,150.0,3,Friday,3,2025-11-07,Friday,3,20
16,0.03333333333333333,150.0,3,Friday,3,2025-11-07,Friday,3,20
16,0.03333333333333333,0.5,3,Friday,3,2025-11-07,Friday,3,20
2,120.0,150.0,3,Friday,3,2025-11-07,Friday,3,20
16,0.03333333333333333,0.5,3,Friday,3,2025-11-07,Friday,3,20
14,120.0,150.0,3,Friday,3,2025-11-07,Friday,3,20
22,120.0,150.0,3,Friday,3,2025-11-07,Friday,3,20
16,0.03333333333333333,150.0,3,Friday,3,2025-11-07,Friday,3,20
12,0.03333333333333333,0.5,3,Friday,3,2025-11-07,Friday,3,20
16,0.03333333333333333,150.0,3,Friday,3,2025-11-07,Friday,3,20
21,0.03333333333333333,0.5,3,Friday,3,2025-11-07,Friday,3,20
16,0.03333333333333333,150.0,3,Friday,3,2025-11-07,Friday,3,20
16,120.0,0.5,3,Friday,3,2025-11-14,Friday,3,14
21,0.03333333333333333,0.5,3,Friday,3,2025-11-14,Friday,3,14
16,0.03333333333333333,0.5,3,Friday,3,2025-11-14,Friday,3,14
19,0.03333333333333333,0.5,3,Friday,3,2025-11-14,Friday,3,14
21,120.0,0.5,3,Friday,3,2025-11-14,Friday,3,14
17,0.03333333333333333,0.5,3,Friday,3,2025-11-14,Friday,3,14
21,0.03333333333333333,150.0,3,Friday,3,2025-11-14,Friday,3,14
16,0.03333333333333333,150.0,3,Friday,3,2025-11-14,Friday,3,14
21,0.03333333333333333,150.0,3,Friday,3,2025-11-14,Friday,3,14
16,120.0,0.5,3,Friday,3,2025-11-14,Friday,3,14
16,120.0,150.0,3,Friday,3,2025-11-14,Friday,3,14
16,120.0,0.5,3,Friday,3,2025-11-14,Friday,3,14
16,0.03333333333333333,0.5,3,Friday,3,2025-11-14,Friday,3,14
16,120.0,150.0,3,Friday,3,2025-11-14,Friday,3,14
9,120.0,0.5,3,Friday,3,2025-11-21,Friday,3,18
16,0.03333333333333333,0.5,3,Friday,3,2025-11-21,Friday,3,18
16,120.0,150.0,3,Friday,3,2025-11-21,Friday,3,18
16,0.03333333333333333,150.0,3,Friday,3,2025-11-21,Friday,3,18
19,120.0,0.5,3,Friday,3,2025-11-21,Friday,3,18
16,120.0,150.0,3,Friday,3,2025-11-21,Friday,3,18
9,120.0,0.5,3,Friday,3,2025-11-21,Friday,3,18
19,120.0,0.5,3,Friday,3,2025-11-21,Friday,3,18
20,0.03333333333333333,0.5,3,Friday,3,2025-11-21,Friday,3,18
20,120.0,150.0,3,Friday,3,2025-11-21,Friday,3,18
12,0.03333333333333333,150.0,3,Friday,3,2025-11-21,Friday,3,18
16,0.03333333333333333,0.5,3,Friday,3,2025-11-21,Friday,3,18
16,0.03333333333333333,150.0,3,Friday,3,2025-11-21,Friday,3,18
23,0.03333333333333333,0.5,3,Friday,3,2025-11-21,Friday,3,18
16,0.03333333333333333,150.0,3,Friday,3,2025-11-21,Friday,3,18
19,120.0,0.5,3,Friday,3,2025-11-21,Friday,3,18
16,0.03333333333333333,150.0,3,Friday,3,2025-11-21,Friday,3,18
14,0.03333333333333333,0.5,3,Friday,3,2025-11-21,Friday,3,18
17,0.03333333333333333,0.5,3,Friday,3,2025-11-28,Friday,3,28
5,120.0,0.5,3,Friday,3,2025-11-28,Friday,3,28
21,120.0,0.5,3,Friday,3,2025-11-28,Friday,3,28
16,0.03333333333333333,0.5,3,Friday,3,2025-11-28,Friday,3,28
16,120.0,0.5,3,Friday,3,2025-11-28,Friday,3,28
15,120.0,150.0,3,Friday,3,2025-11-28,Friday,3,28
20,0.03333333333333333,0.5,3,Friday,3,2025-11-28,Friday,3,28
15,0.03333333333333333,150.0,3,Friday,3,2025-11-28,Friday,3,28
14,120.0,150.0,3,Friday,3,2025-11-28,Friday,3,28
16,0.03333333333333333,0.5,3,Friday,3,2025-11-28,Friday,3,28
18,0.03333333333333333,0.5,3,Friday,3,2025-11-28,Friday,3,28
14,0.03333333333333333,0.5,3,Friday,3,2025-11-28,Friday,3,28
21,120.0,0.5,3,Friday,3,2025-11-28,Friday,3,28
13,0.03333333333333333,0.5,3,Friday,3,2025-11-28,Friday,3,28
13,0.03333333333333333,0.5,3,Friday,3,2025-11-28,Friday,3,28
22,120.0,0.5,3,Friday,3,2025-11-28,Friday,3,28
14,0.03333333333333333,150.0,3,Friday,3,2025-11-28,Friday,3,28
17,120.0,0.5,3,Friday,3,2025-11-28,Friday,3,28
16,0.03333333333333333,150.0,3,Friday,3,2025-11-28,Friday,3,28
16,0.03333333333333333,150.0,3,Friday,3,2025-11-28,Friday,3,28
12,120.0,0.5,3,Friday,3,2025-11-28,Friday,3,28
16,0.03333333333333333,0.5,3,Friday,3,2025-11-28,Friday,3,28
16,120.0,0.5,3,Friday,3,2025-11-28,Friday,3,28
19,120.0,0.5,3,Friday,3,2025-11-28,Friday,3,28
14,120.0,0.5,3,Friday,3,2025-11-28,Friday,3,28
16,120.0,0.5,3,Friday,3,2025-11-28,Friday,3,28
16,0.03333333333333333,150.0,3,Friday,3,2025-11-28,Friday,3,28
16,0.03333333333333333,0.5,3,Friday,3,2025-11-28,Friday,3,28
16,120.0,0.5,3,Friday,3,2025-12-05,Friday,3,31
16,120.0,0.5,3,Friday,3,2025-12-05,Friday,3,31
15,0.03333333333333333,0.5,3,Friday,3,2025-12-05,Friday,3,31
16,0.03333333333333333,0.5,3,Friday,3,2025-12-05,Friday,3,31
12,0.03333333333333333,0.5,3,Friday,3,2025-12-05,Friday,3,31
16,120.0,150.0,3,Friday,3,2025-12-05,Friday,3,31
3,0.03333333333333333,0.5,3,Friday,3,2025-12-05,Friday,3,31
16,0.03333333333333333,0.5,3,Friday,3,2025-12-05,Friday,3,31
12,120.0,0.5,3,Friday,3,2025-12-05,Friday,3,31
16,0.03333333333333333,150.0,3,Friday,3,2025-12-05,Friday,3,31
16,0.03333333333333333,150.0,3,Friday,3,2025-12-05,Friday,3,31
16,0.03333333333333333,0.5,3,Friday,3,2025-12-05,Friday,3,31
12,0.03333333333333333,150.0,3,Friday,3,2025-12-05,Friday,3,31
12,120.0,150.0,3,Friday,3,2025-12-05,Friday,3,31
16,0.03333333333333333,150.0,3,Friday,3,2025-12-05,Friday,3,31
16,120.0,150.0,3,Friday,3,2025-12-05,Friday,3,31
23,0.03333333333333333,150.0,3,Friday,3,2025-12-05,Friday,3,31
14,0.03333333333333333,0.5,3,Friday,3,2025-12-05,Friday,3,31
17,120.0,0.5,3,Friday,3,2025-12-05,Friday,3,31
12,0.03333333333333333,150.0,3,Friday,3,2025-12-05,Friday,3,31
16,0.03333333333333333,0.5,3,Friday,3,2025-12-05,Friday,3,31
16,0.03333333333333333,0.5,3,Friday,3,2025-12-05,Friday,3,31
11,0.03333333333333333,0.5,3,Friday,3,2025-12-05,Friday,3,31
16,120.0,150.0,3,Friday,3,2025-12-05,Friday,3,31
10,120.0,0.5,3,Friday,3,2025-12-05,Friday,3,31
12,120.0,0.5,3,Friday,3,2025-12-05,Friday,3,31
16,120.0,0.5,3,Friday,3,2025-12-05,Friday,3,31
22,120.0,150.0,3,Friday,3,2025-12-05,Friday,3,31
7,0.03333333333333333,0.5,3,Friday,3,2025-12-05,Friday,3,31
16,120.0,0.5,3,Friday,3,2025-12-05,Friday,3,31
16,120.0,150.0,3,Friday,3,2025-12-05,Friday,3,31
12,120.0,150.0,3,Friday,3,2025-12-12,Friday,3,30
14,0.03333333333333333,0.5,3,Friday,3,2025-12-12,Friday,3,30
12,120.0,150.0,3,Friday,3,2025-12-12,Friday,3,30
16,120.0,150.0,3,Friday,3,2025-12-12,Friday,3,30
11,120.0,150.0,3,Friday,3,2025-12-12,Friday,3,30
16,0.03333333333333333,150.0,3,Friday,3,2025-12-12,Friday,3,30
16,120.0,150.0,3,Friday,3,2025-12-12,Friday,3,30
12,120.0,150.0,3,Friday,3,2025-12-12,Friday,3,30
13,0.03333333333333333,0.5,3,Friday,3,2025-12-12,Friday,3,30
16,0.03333333333333333,150.0,3,Friday,3,2025-12-12,Friday,3,30
17,120.0,0.5,3,Friday,3,2025-12-12,Friday,3,30
16,0.03333333333333333,0.5,3,Friday,3,2025-12-12,Friday,3,30
14,0.03333333333333333,0.5,3,Friday,3,2025-12-12,Friday,3,30
12,0.03333333333333333,150.0,3,Friday,3,2025-12-12,Friday,3,30
22,120.0,150.0,3,Friday,3,2025-12-12,Friday,3,30
16,0.03333333333333333,150.0,3,Friday,3,2025-12-12,Friday,3,30
18,0.03333333333333333,150.0,3,Friday,3,2025-12-12,Friday,3,30
12,120.0,0.5,3,Friday,3,2025-12-12,Friday,3,30
16,0.03333333333333333,150.0,3,Friday,3,2025-12-12,Friday,3,30
12,120.0,0.5,3,Friday,3,2025-12-12,Friday,3,30
16,0.03333333333333333,150.0,3,Friday,3,2025-12-12,Friday,3,30
12,120.0,0.5,3,Friday,3,2025-12-12,Friday,3,30
8,120.0,0.5,3,Friday,3,2025-12-12,Friday,3,30
16,120.0,0.5,3,Friday,3,2025-12-12,Friday,3,30
16,0.03333333333333333,150.0,3,Friday,3,2025-12-12,Friday,3,30
12,120.0,0.5,3,Friday,3,2025-12-12,Friday,3,30
16,0.03333333333333333,0.5,3,Friday,3,2025-12-12,Friday,3,30
23,0.03333333333333333,0.5,3,Friday,3,2025-12-12,Friday,3,30
21,120.0,0.5,3,Friday,3,2025-12-12,Friday,3,30
15,120.0,0.5,3,Friday,3,2025-12-12,Friday,3,30
16,0.03333333333333333,150.0,3,Friday,3,2025-12-19,Friday,3,27
17,0.03333333333333333,150.0,3,Friday,3,2025-12-19,Friday,3,27
14,0.03333333333333333,150.0,3,Friday,3,2025-12-19,Friday,3,27
16,0.03333333333333333,0.5,3,Friday,3,2025-12-19,Friday,3,27
16,120.0,150.0,3,Friday,3,2025-12-19,Friday,3,27
3,0.03333333333333333,0.5,3,Friday,3,2025-12-19,Friday,3,27
0,120.0,150.0,3,Friday,3,2025-12-19,Friday,3,27
3,0.03333333333333333,150.0,3,Friday,3,2025-12-19,Friday,3,27
16,0.03333333333333333,150.0,3,Friday,3,2025-12-19,Friday,3,27
12,0.03333333333333333,150.0,3,Friday,3,2025-12-19,Friday,3,27
16,0.03333333333333333,150.0,3,Friday,3,2025-12-19,Friday,3,27
11,120.0,0.5,3,Friday,3,2025-12-19,Friday,3,27
15,120.0,150.0,3,Friday,3,2025-12-19,Friday,3,27
11,120.0,0.5,3,Friday,3,2025-12-19,Friday,3,27
16,0.03333333333333333,150.0,3,Friday,3,2025-12-19,Friday,3,27
1,0.03333333333333333,150.0,3,Friday,3,2025-12-19,Friday,3,27
15,0.03333333333333333,150.0,3,Friday,3,2025-12-19,Friday,3,27
16,120.0,150.0,3,Friday,3,2025-12-19,Friday,3,27
16,120.0,150.0,3,Friday,3,2025-12-19,Friday,3,27
16,0.03333333333333333,150.0,3,Friday,3,2025-12-19,Friday,3,27
12,0.03333333333333333,150.0,3,Friday,3,2025-12-19,Friday,3,27
19,0.03333333333333333,0.5,3,Friday,3,2025-12-19,Friday,3,27
23,0.03333333333333333,0.5,3,Friday,3,2025-12-19,Friday,3,27
16,0.03333333333333333,150.0,3,Friday,3,2025-12-19,Friday,3,27
16,120.0,150.0,3,Friday,3,2025-12-19,Friday,3,27
16,0.03333333333333333,0.5,3,Friday,3,2025-12-19,Friday,3,27
17,120.0,0.5,3,Friday,3,2025-12-19,Friday,3,27
21,0.03333333333333333,0.5,3,Saturday,3,2025-09-27,Saturday,3,17
16,0.03333333333333333,150.0,3,Saturday,3,2025-09-27,Saturday,3,17
3,0.03333333333333333,0.5,3,Saturday,3,2025-09-27,Saturday,3,17
18,0.03333333333333333,0.5,3,Saturday,3,2025-09-27,Saturday,3,17
16,0.03333333333333333,0.5,3,Saturday,3,2025-09-27,Saturday,3,17
16,120.0,0.5,3,Saturday,3,2025-09-27,Saturday,3,17
0,120.0,150.0,3,Saturday,3,2025-09-27,Saturday,3,17
16,120.0,150.0,3,Saturday,3,2025-09-27,Saturday,3,17
13,0.03333333333333333,0.5,3,Saturday,3,2025-09-27,Saturday,3,17
20,120.0,0.5,3,Saturday,3,2025-09-27,Saturday,3,17
17,0.03333333333333333,0.5,3,Saturday,3,2025-09-27,Saturday,3,17
16,0.03333333333333333,150.0,3,Saturday,3,2025-09-27,Saturday,3,17
16,120.0,150.0,3,Saturday,3,2025-09-27,Saturday,3,17
16,0.03333333333333333,150.0,3,Saturday,3,2025-09-27,Saturday,3,17
16,0.03333333333333333,150.0,3,Saturday,3,2025-09-27,Saturday,3,17
16,0.03333333333333333,150.0,3,Saturday,3,2025-09-27,Saturday,3,17
16,120.0,0.5,3,Saturday,3,2025-09-27,Saturday,3,17
18,0.03333333333333333,0.5,3,Saturday,3,2025-10-04,Saturday,3,16
12,120.0,0.5,3,Saturday,3,2025-10-04,Saturday,3,16
16,0.03333333333333333,150.0,3,Saturday,3,2025-10-04,Saturday,3,16
16,0.03333333333333333,150.0,3,Saturday,3,2025-10-04,Saturday,3,16
17,0.03333333333333333,0.5,3,Saturday,3,2025-10-04,Saturday,3,16
16,0.03333333333333333,150.0,3,Saturday,3,2025-10-04,Saturday,3,16
16,120.0,150.0,3,Saturday,3,2025-10-04,Saturday,3,16
11,0.03333333333333333,0.5,3,Saturday,3,2025-10-04,Saturday,3,16
16,0.03333333333333333,0.5,3,Saturday,3,2025-10-04,Saturday,3,16
16,120.0,0.5,3,Saturday,3,2025-10-04,Saturday,3,16
16,0.03333333333333333,0.5,3,Saturday,3,2025-10-04,Saturday,3,16
17,120.0,150.0,3,Saturday,3,2025-10-04,Saturday,3,16
20,0.03333333333333333,150.0,3,Saturday,3,2025-10-04,Saturday,3,16
12,120.0,150.0,3,Saturday,3,2025-10-04,Saturday,3,16
16,0.03333333333333333,150.0,3,Saturday,3,2025-10-04,Saturday,3,16
16,120.0,150.0,3,Saturday,3,2025-10-04,Saturday,3,16
22,120.0,150.0,3,Saturday,3,2025-10-11,Saturday,3,18
16,0.03333333333333333,0.5,3,Saturday,3,2025-10-11,Saturday,3,18
21,120.0,0.5,3,Saturday,3,2025-10-11,Saturday,3,18
21,0.03333333333333333,0.5,3,Saturday,3,2025-10-11,Saturday,3,18
19,120.0,0.5,3,Saturday,3,2025-10-11,Saturday,3,18
23,0.03333333333333333,0.5,3,Saturday,3,2025-10-11,Saturday,3,18
15,0.03333333333333333,0.5,3,Saturday,3,2025-10-11,Saturday,3,18
14,120.0,0.5,3,Saturday,3,2025-10-11,Saturday,3,18
16,120.0,0.5,3,Saturday,3,2025-10-11,Saturday,3,18
16,120.0,150.0,3,Saturday,3,2025-10-11,Saturday,3,18
16,0.03333333333333333,150.0,3,Saturday,3,2025-10-11,Saturday,3,18
16,0.03333333333333333,150.0,3,Saturday,3,2025-10-11,Saturday,3,18
16,0.03333333333333333,150.0,3,Saturday,3,2025-10-11,Saturday,3,18
16,0.03333333333333333,150.0,3,Saturday,3,2025-10-11,Saturday,3,18
16,120.0,150.0,3,Saturday,3,2025-10-11,Saturday,3,18
17,0.03333333333333333,150.0,3,Saturday,3,2025-10-11,Saturday,3,18
16,0.03333333333333333,150.0,3,Saturday,3,2025-10-11,Saturday,3,18
16,120.0,0.5,3,Saturday,3,2025-10-11,Saturday,3,18
16,0.03333333333333333,0.5,3,Saturday,3,2025-10-18,Saturday,3,22
16,120.0,0.5,3,Saturday,3,2025-10-18,Saturday,3,22
21,120.0,150.0,3,Saturday,3,2025-10-18,Saturday,3,22
12,0.03333333333333333,0.5,3,Saturday,3,2025-10-18,Saturday,3,22
16,0.03333333333333333,0.5,3,Saturday,3,2025-10-18,Saturday,3,22
16,120.0,0.5,3,Saturday,3,2025-10-18,Saturday,3,22
1,0.03333333333333333,0.5,3,Saturday,3,2025-10-18,Saturday,3,22
12,0.03333333333333333,0.5,3,Saturday,3,2025-10-18,Saturday,3,22
11,120.0,0.5,3,Saturday,3,2025-10-18,Saturday,3,22
4,120.0,150.0,3,Saturday,3,2025-10-18,Saturday,3,22
16,120.0,0.5,3,Saturday,3,2025-10-18,Saturday,3,22
16,120.0,0.5,3,Saturday,3,2025-10-18,Saturday,3,22
12,120.0,0.5,3,Saturday,3,2025-10-18,Saturday,3,22
16,0.03333333333333333,150.0,3,Saturday,3,2025-10-18,Saturday,3,22
18,0.03333333333333333,0.5,3,Saturday,3,2025-10-18,Saturday,3,22
20,120.0,0.5,3,Saturday,3,2025-10-18,Saturday,3,22
11,0.03333333333333333,150.0,3,Saturday,3,2025-10-18,Saturday,3,22
16,0.03333333333333333,150.0,3,Saturday,3,2025-10-18,Saturday,3,22
14,120.0,150.0,3,Saturday,3,2025-10-18,Saturday,3,22
12,120.0,150.0,3,Saturday,3,2025-10-18,Saturday,3,22
16,0.03333333333333333,0.5,3,Saturday,3,2025-10-18,Saturday,3,22
16,0.03333333333333333,0.5,3,Saturday,3,2025-10-18,Saturday,3,22
22,0.03333333333333333,0.5,3,Saturday,3,2025-10-25,Saturday,3,15
16,0.03333333333333333,150.0,3,Saturday,3,2025-10-25,Saturday,3,15
16,0.03333333333333333,0.5,3,Saturday,3,2025-10-25,Saturday,3,15
16,120.0,150.0,3,Saturday,3,2025-10-25,Saturday,3,15
16,120.0,0.5,3,Saturday,3,2025-10-25,Saturday,3,15
17,0.03333333333333333,0.5,3,Saturday,3,2025-10-25,Saturday,3,15
15,120.0,0.5,3,Saturday,3,2025-10-25,Saturday,3,15
21,0.03333333333333333,0.5,3,Saturday,3,2025-10-25,Saturday,3,15
12,120.0,150.0,3,Saturday,3,2025-10-25,Saturday,3,15
21,120.0,150.0,3,Saturday,3,2025-10-25,Saturday,3,15
22,0.03333333333333333,150.0,3,Saturday,3,2025-10-25,Saturday,3,15
16,0.03333333333333333,150.0,3,Saturday,3,2025-10-25,Saturday,3,15
11,0.03333333333333333,0.5,3,Saturday,3,2025-10-25,Saturday,3,15
16,0.03333333333333333,150.0,3,Saturday,3,2025-10-25,Saturday,3,15
12,120.0,150.0,3,Saturday,3,2025-10-25,Saturday,3,15
17,0.03333333333333333,0.5,3,Saturday,3,2025-11-01,Saturday,3,16
18,120.0,0.5,3,Saturday,3,2025-11-01,Saturday,3,16
16,120.0,0.5,3,Saturday,3,2025-11-01,Saturday,3,16
16,120.0,0.5,3,Saturday,3,2025-11-01,Saturday,3,16
16,120.0,150.0,3,Saturday,3,2025-11-01,Saturday,3,16
16,0.03333333333333333,0.5,3,Saturday,3,2025-11-01,Saturday,3,16
15,120.0,0.5,3,Saturday,3,2025-11-01,Saturday,3,16
16,0.03333333333333333,150.0,3,Saturday,3,2025-11-01,Saturday,3,16
16,120.0,150.0,3,Saturday,3,2025-11-01,Saturday,3,16
17,120.0,150.0,3,Saturday,3,2025-11-01,Saturday,3,16
16,120.0,0.5,3,Saturday,3,2025-11-01,Saturday,3,16
12,120.0,150.0,3,Saturday,3,2025-11-01,Saturday,3,16
13,0.03333333333333333,0.5,3,Saturday,3,2025-11-01,Saturday,3,16
16,120.0,150.0,3,Saturday,3,2025-11-01,Saturday,3,16
16,0.03333333333333333,0.5,3,Saturday,3,2025-11-01,Saturday,3,16
16,120.0,0.5,3,Saturday,3,2025-11-01,Saturday,3,16
17,120.0,0.5,3,Saturday,3,2025-11-08,Saturday,3,24
16,120.0,0.5,3,Saturday,3,2025-11-08,Saturday,3,24
12,120.0,0.5,3,Saturday,3,2025-11-08,Saturday,3,24
13,120.0,150.0,3,Saturday,3,2025-11-08,Saturday,3,24
16,120.0,150.0,3,Saturday,3,2025-11-08,Saturday,3,24
17,0.03333333333333333,0.5,3,Saturday,3,2025-11-08,Saturday,3,24
12,120.0,0.5,3,Saturday,3,2025-11-08,Saturday,3,24
11,120.0,150.0,3,Saturday,3,2025-11-08,Saturday,3,24
19,120.0,0.5,3,Saturday,3,2025-11-08,Saturday,3,24
19,120.0,0.5,3,Saturday,3,2025-11-08,Saturday,3,24
14,0.03333333333333333,0.5,3,Saturday,3,2025-11-08,Saturday,3,24
12,120.0,150.0,3,Saturday,3,2025-11-08,Saturday,3,24
19,0.03333333333333333,0.5,3,Saturday,3,2025-11-08,Saturday,3,24
16,0.03333333333333333,0.5,3,Saturday,3,2025-11-08,Saturday,3,24
12,120.0,150.0,3,Saturday,3,2025-11-08,Saturday,3,24
16,0.03333333333333333,150.0,3,Saturday,3,2025-11-08,Saturday,3,24
14,120.0,150.0,3,Saturday,3,2025-11-08,Saturday,3,24
16,0.03333333333333333,0.5,3,Saturday,3,2025-11-08,Saturday,3,24
16,0.03333333333333333,150.0,3,Saturday,3,2025-11-08,Saturday,3,24
12,120.0,150.0,3,Saturday,3,2025-11-08,Saturday,3,24
14,0.03333333333333333,0.5,3,Saturday,3,2025-11-08,Saturday,3,24
17,0.03333333333333333,0.5,3,Saturday,3,2025-11-08,Saturday,3,24
14,0.03333333333333333,0.5,3,Saturday,3,2025-11-08,Saturday,3,24
21,0.03333333333333333,0.5,3,Saturday,3,2025-11-08,Saturday,3,24
16,120.0,0.5,3,Saturday,3,2025-11-15,Saturday,3,21
15,0.03333333333333333,150.0,3,Saturday,3,2025-11-15,Saturday,3,21
16,0.03333333333333333,0.5,3,Saturday,3,2025-11-15,Saturday,3,21
13,120.0,0.5,3,Saturday,3,2025-11-15,Saturday,3,21
16,0.03333333333333333,0.5,3,Saturday,3,2025-11-15,Saturday,3,21
16,0.03333333333333333,0.5,3,Saturday,3,2025-11-15,Saturday,3,21
17,120.0,0.5,3,Saturday,3,2025-11-15,Saturday,3,21
15,0.03333333333333333,0.5,3,Saturday,3,2025-11-15,Saturday,3,21
9,0.03333333333333333,0.5,3,Saturday,3,2025-11-15,Saturday,3,21
14,0.03333333333333333,150.0,3,Saturday,3,2025-11-15,Saturday,3,21
15,120.0,150.0,3,Saturday,3,2025-11-15,Saturday,3,21
16,0.03333333333333333,150.0,3,Saturday,3,2025-11-15,Saturday,3,21
16,0.03333333333333333,0.5,3,Saturday,3,2025-11-15,Saturday,3,21
14,0.03333333333333333,0.5,3,Saturday,3,2025-11-15,Saturday,3,21
16,120.0,150.0,3,Saturday,3,2025-11-15,Saturday,3,21
18,120.0,0.5,3,Saturday,3,2025-11-15,Saturday,3,21
19,0.03333333333333333,0.5,3,Saturday,3,2025-11-15,Saturday,3,21
12,120.0,0.5,3,Saturday,3,2025-11-15,Saturday,3,21
14,0.03333333333333333,150.0,3,Saturday,3,2025-11-15,Saturday,3,21
16,120.0,0.5,3,Saturday,3,2025-11-15,Saturday,3,21
21,120.0,0.5,3,Saturday,3,2025-11-15,Saturday,3,21
16,0.03333333333333333,0.5,3,Saturday,3,2025-11-22,Saturday,3,16
12,120.0,150.0,3,Saturday,3,2025-11-22,Saturday,3,16
16,120.0,150.0,3,Saturday,3,2025-11-22,Saturday,3,16
16,120.0,150.0,3,Saturday,3,2025-11-22,Saturday,3,16
16,120.0,150.0,3,Saturday,3,2025-11-22,Saturday,3,16
15,120.0,0.5,3,Saturday,3,2025-11-22,Saturday,3,16
16,120.0,150.0,3,Saturday,3,2025-11-22,Saturday,3,16
21,120.0,150.0,3,Saturday,3,2025-11-22,Saturday,3,16
12,120.0,150.0,3,Saturday,3,2025-11-22,Saturday,3,16
19,120.0,150.0,3,Saturday,3,2025-11-22,Saturday,3,16
21,0.03333333333333333,0.5,3,Saturday,3,2025-11-22,Saturday,3,16
12,120.0,0.5,3,Saturday,3,2025-11-22,Saturday,3,16
12,120.0,150.0,3,Saturday,3,2025-11-22,Saturday,3,16
15,0.03333333333333333,0.5,3,Saturday,3,2025-11-22,Saturday,3,16
17,0.03333333333333333,0.5,3,Saturday,3,2025-11-22,Saturday,3,16
15,0.03333333333333333,150.0,3,Saturday,3,2025-11-22,Saturday,3,16
16,0.03333333333333333,150.0,3,Saturday,3,2025-11-29,Saturday,3,22
16,0.03333333333333333,0.5,3,Saturday,3,2025-11-29,Saturday,3,22
16,0.03333333333333333,0.5,3,Saturday,3,2025-11-29,Saturday,3,22
16,0.03333333333333333,150.0,3,Saturday,3,2025-11-29,Saturday,3,22
14,0.03333333333333333,150.0,3,Saturday,3,2025-11-29,Saturday,3,22
16,0.03333333333333333,150.0,3,Saturday,3,2025-11-29,Saturday,3,22
2,120.0,0.5,3,Saturday,3,2025-11-29,Saturday,3,22
14,0.03333333333333333,150.0,3,Saturday,3,2025-11-29,Saturday,3,22
23,0.03333333333333333,0.5,3,Saturday,3,2025-11-29,Saturday,3,22
20,0.03333333333333333,0.5,3,Saturday,3,2025-11-29,Saturday,3,22
16,120.0,150.0,3,Saturday,3,2025-11-29,Saturday,3,22
20,0.03333333333333333,150.0,3,Saturday,3,2025-11-29,Saturday,3,22
21,0.03333333333333333,150.0,3,Saturday,3,2025-11-29,Saturday,3,22
16,120.0,150.0,3,Saturday,3,2025-11-29,Saturday,3,22
18,0.03333333333333333,150.0,3,Saturday,3,2025-11-29,Saturday,3,22
13,120.0,150.0,3,Saturday,3,2025-11-29,Saturday,3,22
17,0.03333333333333333,0.5,3,Saturday,3,2025-11-29,Saturday,3,22
17,0.03333333333333333,0.5,3,Saturday,3,2025-11-29,Saturday,3,22
16,120.0,0.5,3,Saturday,3,2025-11-29,Saturday,3,22
16,0.03333333333333333,150.0,3,Saturday,3,2025-11-29,Saturday,3,22
16,120.0,0.5,3,Saturday,3,2025-11-29,Saturday,3,22
11,120.0,0.5,3,Saturday,3,2025-11-29,Saturday,3,22
16,0.03333333333333333,0.5,3,Saturday,3,2025-12-06,Saturday,3,28
22,0.03333333333333333,0.5,3,Saturday,3,2025-12-06,Saturday,3,28
16,0.03333333333333333,0.5,3,Saturday,3,2025-12-06,Saturday,3,28
16,120.0,150.0,3,Saturday,3,2025-12-06,Saturday,3,28
16,0.03333333333333333,150.0,3,Saturday,3,2025-12-06,Saturday,3,28
12,120.0,0.5,3,Saturday,3,2025-12-06,Saturday,3,28
23,120.0,150.0,3,Saturday,3,2025-12-06,Saturday,3,28
20,0.03333333333333333,150.0,3,Saturday,3,2025-12-06,Saturday,3,28
16,120.0,150.0,3,Saturday,3,2025-12-06,Saturday,3,28
16,0.03333333333333333,150.0,3,Saturday,3,2025-12-06,Saturday,3,28
12,0.03333333333333333,0.5,3,Saturday,3,2025-12-06,Saturday,3,28
16,0.03333333333333333,150.0,3,Saturday,3,2025-12-06,Saturday,3,28
16,120.0,150.0,3,Saturday,3,2025-12-06,Saturday,3,28
16,0.03333333333333333,0.5,3,Saturday,3,2025-12-06,Saturday,3,28
20,120.0,0.5,3,Saturday,3,2025-12-06,Saturday,3,28
22,120.0,0.5,3,Saturday,3,2025-12-06,Saturday,3,28
16,120.0,150.0,3,Saturday,3,2025-12-06,Saturday,3,28
18,0.03333333333333333,150.0,3,Saturday,3,2025-12-06,Saturday,3,28
14,120.0,150.0,3,Saturday,3,2025-12-06,Saturday,3,28
16,120.0,150.0,3,Saturday,3,2025-12-06,Saturday,3,28
12,120.0,150.0,3,Saturday,3,2025-12-06,Saturday,3,28
16,0.03333333333333333,150.0,3,Saturday,3,2025-12-06,Saturday,3,28
17,120.0,0.5,3,Saturday,3,2025-12-06,Saturday,3,28
17,120.0,0.5,3,Saturday,3,2025-12-06,Saturday,3,28
16,120.0,150.0,3,Saturday,3,2025-12-06,Saturday,3,28
16,0.03333333333333333,150.0,3,Saturday,3,2025-12-06,Saturday,3,28
16,0.03333333333333333,0.5,3,Saturday,3,2025-12-06,Saturday,3,28
18,120.0,150.0,3,Saturday,3,2025-12-06,Saturday,3,28
16,120.0,150.0,3,Saturday,3,2025-12-13,Saturday,3,26
16,120.0,0.5,3,Saturday,3,2025-12-13,Saturday,3,26
16,120.0,0.5,3,Saturday,3,2025-12-13,Saturday,3,26
16,120.0,150.0,3,Saturday,3,2025-12-13,Saturday,3,26
16,0.03333333333333333,150.0,3,Saturday,3,2025-12-13,Saturday,3,26
12,120.0,150.0,3,Saturday,3,2025-12-13,Saturday,3,26
16,120.0,0.5,3,Saturday,3,2025-12-13,Saturday,3,26
12,120.0,0.5,3,Saturday,3,2025-12-13,Saturday,3,26
22,0.03333333333333333,0.5,3,Saturday,3,2025-12-13,Saturday,3,26
16,120.0,0.5,3,Saturday,3,2025-12-13,Saturday,3,26
13,120.0,0.5,3,Saturday,3,2025-12-13,Saturday,3,26
16,120.0,0.5,3,Saturday,3,2025-12-13,Saturday,3,26
18,120.0,0.5,3,Saturday,3,2025-12-13,Saturday,3,26
16,0.03333333333333333,150.0,3,Saturday,3,2025-12-13,Saturday,3,26
16,120.0,0.5,3,Saturday,3,2025-12-13,Saturday,3,26
20,0.03333333333333333,0.5,3,Saturday,3,2025-12-13,Saturday,3,26
16,120.0,150.0,3,Saturday,3,2025-12-13,Saturday,3,26
16,0.03333333333333333,150.0,3,Saturday,3,2025-12-13,Saturday,3,26
12,120.0,0.5,3,Saturday,3,2025-12-13,Saturday,3,26
19,120.0,0.5,3,Saturday,3,2025-12-13,Saturday,3,26
12,0.03333333333333333,0.5,3,Saturday,3,2025-12-13,Saturday,3,26
15,120.0,0.5,3,Saturday,3,2025-12-13,Saturday,3,26
18,0.03333333333333333,150.0,3,Saturday,3,2025-12-13,Saturday,3,26
16,120.0,150.0,3,Saturday,3,2025-12-13,Saturday,3,26
16,0.03333333333333333,0.5,3,Saturday,3,2025-12-13,Saturday,3,26
9,0.03333333333333333,0.5,3,Saturday,3,2025-12-13,Saturday,3,26
16,120.0,0.5,3,Saturday,3,2025-12-20,Saturday,3,18
22,120.0,150.0,3,Saturday,3,2025-12-20,Saturday,3,18
17,120.0,150.0,3,Saturday,3,2025-12-20,Saturday,3,18
19,0.03333333333333333,0.5,3,Saturday,3,2025-12-20,Saturday,3,18
22,120.0,0.5,3,Saturday,3,2025-12-20,Saturday,3,18
16,0.03333333333333333,0.5,3,Saturday,3,2025-12-20,Saturday,3,18
16,120.0,150.0,3,Saturday,3,2025-12-20,Saturday,3,18
16,0.03333333333333333,150.0,3,Saturday,3,2025-12-20,Saturday,3,18
12,120.0,0.5,3,Saturday,3,2025-12-20,Saturday,3,18
16,0.03333333333333333,150.0,3,Saturday,3,2025-12-20,Saturday,3,18
16,0.03333333333333333,150.0,3,Saturday,3,2025-12-20,Saturday,3,18
16,0.03333333333333333,0.5,3,Saturday,3,2025-12-20,Saturday,3,18
16,0.03333333333333333,150.0,3,Saturday,3,2025-12-20,Saturday,3,18
16,0.03333333333333333,150.0,3,Saturday,3,2025-12-20,Saturday,3,18
16,120.0,0.5,3,Saturday,3,2025-12-20,Saturday,3,18
12,120.0,0.5,3,Saturday,3,2025-12-20,Saturday,3,18
14,0.03333333333333333,150.0,3,Saturday,3,2025-12-20,Saturday,3,18
15,0.03333333333333333,150.0,3,Saturday,3,2025-12-20,Saturday,3,18
16,0.03333333333333333,0.5,3,Sunday,3,2025-09-28,Sunday,3,16
16,120.0,0.5,3,Sunday,3,2025-09-28,Sunday,3,16
16,0.03333333333333333,150.0,3,Sunday,3,2025-09-28,Sunday,3,16
20,120.0,0.5,3,Sunday,3,2025-09-28,Sunday,3,16
22,120.0,0.5,3,Sunday,3,2025-09-28,Sunday,3,16
22,0.03333333333333333,150.0,3,Sunday,3,2025-09-28,Sunday,3,16
16,120.0,0.5,3,Sunday,3,2025-09-28,Sunday,3,16
12,120.0,150.0,3,Sunday,3,2025-09-28,Sunday,3,16
19,0.03333333333333333,0.5,3,Sunday,3,2025-09-28,Sunday,3,16
16,0.03333333333333333,0.5,3,Sunday,3,2025-09-28,Sunday,3,16
14,0.03333333333333333,0.5,3,Sunday,3,2025-09-28,Sunday,3,16
13,0.03333333333333333,0.5,3,Sunday,3,2025-09-28,Sunday,3,16
16,0.03333333333333333,150.0,3,Sunday,3,2025-09-28,Sunday,3,16
12,120.0,150.0,3,Sunday,3,2025-09-28,Sunday,3,16
19,120.0,150.0,3,Sunday,3,2025-09-28,Sunday,3,16
12,120.0,0.5,3,Sunday,3,2025-09-28,Sunday,3,16
12,0.03333333333333333,150.0,3,Sunday,3,2025-10-05,Sunday,3,10
11,0.03333333333333333,150.0,3,Sunday,3,2025-10-05,Sunday,3,10
12,120.0,150.0,3,Sunday,3,2025-10-05,Sunday,3,10
16,120.0,0.5,3,Sunday,3,2025-10-05,Sunday,3,10
16,120.0,0.5,3,Sunday,3,2025-10-05,Sunday,3,10
12,120.0,0.5,3,Sunday,3,2025-10-05,Sunday,3,10
12,120.0,0.5,3,Sunday,3,2025-10-05,Sunday,3,10
16,120.0,150.0,3,Sunday,3,2025-10-05,Sunday,3,10
20,120.0,150.0,3,Sunday,3,2025-10-05,Sunday,3,10
16,120.0,0.5,3,Sunday,3,2025-10-05,Sunday,3,10
20,120.0,150.0,3,Sunday,3,2025-10-12,Sunday,3,13
16,120.0,0.5,3,Sunday,3,2025-10-12,Sunday,3,13
15,120.0,0.5,3,Sunday,3,2025-10-12,Sunday,3,13
17,0.03333333333333333,150.0,3,Sunday,3,2025-10-12,Sunday,3,13
16,0.03333333333333333,0.5,3,Sunday,3,2025-10-12,Sunday,3,13
16,0.03333333333333333,0.5,3,Sunday,3,2025-10-12,Sunday,3,13
16,120.0,150.0,3,Sunday,3,2025-10-12,Sunday,3,13
14,120.0,150.0,3,Sunday,3,2025-10-12,Sunday,3,13
16,120.0,0.5,3,Sunday,3,2025-10-12,Sunday,3,13
14,0.03333333333333333,150.0,3,Sunday,3,2025-10-12,Sunday,3,13
16,120.0,0.5,3,Sunday,3,2025-10-12,Sunday,3,13
16,120.0,0.5,3,Sunday,3,2025-10-12,Sunday,3,13
12,120.0,0.5,3,Sunday,3,2025-10-12,Sunday,3,13
16,0.03333333333333333,0.5,3,Sunday,3,2025-10-19,Sunday,3,25
15,120.0,0.5,3,Sunday,3,2025-10-19,Sunday,3,25
15,120.0,0.5,3,Sunday,3,2025-10-19,Sunday,3,25
16,120.0,0.5,3,Sunday,3,2025-10-19,Sunday,3,25
4,0.03333333333333333,150.0,3,Sunday,3,2025-10-19,Sunday,3,25
18,0.03333333333333333,0.5,3,Sunday,3,2025-10-19,Sunday,3,25
18,120.0,0.5,3,Sunday,3,2025-10-19,Sunday,3,25
16,120.0,150.0,3,Sunday,3,2025-10-19,Sunday,3,25
12,120.0,0.5,3,Sunday,3,2025-10-19,Sunday,3,25
16,0.03333333333333333,150.0,3,Sunday,3,2025-10-19,Sunday,3,25
16,0.03333333333333333,0.5,3,Sunday,3,2025-10-19,Sunday,3,25
16,0.03333333333333333,0.5,3,Sunday,3,2025-10-19,Sunday,3,25
12,120.0,150.0,3,Sunday,3,2025-10-19,Sunday,3,25
15,120.0,0.5,3,Sunday,3,2025-10-19,Sunday,3,25
16,0.03333333333333333,0.5,3,Sunday,3,2025-10-19,Sunday,3,25
16,120.0,150.0,3,Sunday,3,2025-10-19,Sunday,3,25
16,0.03333333333333333,0.5,3,Sunday,3,2025-10-19,Sunday,3,25
21,120.0,0.5,3,Sunday,3,2025-10-19,Sunday,3,25
16,120.0,150.0,3,Sunday,3,2025-10-19,Sunday,3,25
14,0.03333333333333333,150.0,3,Sunday,3,2025-10-19,Sunday,3,25
16,120.0,0.5,3,Sunday,3,2025-10-19,Sunday,3,25
16,0.03333333333333333,150.0,3,Sunday,3,2025-10-19,Sunday,3,25
21,120.0,150.0,3,Sunday,3,2025-10-19,Sunday,3,25
17,120.0,0.5,3,Sunday,3,2025-10-19,Sunday,3,25
17,0.03333333333333333,150.0,3,Sunday,3,2025-10-19,Sunday,3,25
17,0.03333333333333333,150.0,3,Sunday,3,2025-10-26,Sunday,3,34
13,120.0,0.5,3,Sunday,3,2025-10-26,Sunday,3,34
16,120.0,150.0,3,Sunday,3,2025-10-26,Sunday,3,34
16,0.03333333333333333,150.0,3,Sunday,3,2025-10-26,Sunday,3,34
16,0.03333333333333333,150.0,3,Sunday,3,2025-10-26,Sunday,3,34
11,120.0,0.5,3,Sunday,3,2025-10-26,Sunday,3,34
16,0.03333333333333333,0.5,3,Sunday,3,2025-10-26,Sunday,3,34
16,120.0,0.5,3,Sunday,3,2025-10-26,Sunday,3,34
18,120.0,0.5,3,Sunday,3,2025-10-26,Sunday,3,34
16,0.03333333333333333,150.0,3,Sunday,3,2025-10-26,Sunday,3,34
23,120.0,150.0,3,Sunday,3,2025-10-26,Sunday,3,34
14,0.03333333333333333,0.5,3,Sunday,3,2025-10-26,Sunday,3,34
16,0.03333333333333333,150.0,3,Sunday,3,2025-10-26,Sunday,3,34
15,0.03333333333333333,0.5,3,Sunday,3,2025-10-26,Sunday,3,34
16,120.0,150.0,3,Sunday,3,2025-10-26,Sunday,3,34
12,120.0,150.0,3,Sunday,3,2025-10-26,Sunday,3,34
14,120.0,150.0,3,Sunday,3,2025-10-26,Sunday,3,34
22,0.03333333333333333,0.5,3,Sunday,3,2025-10-26,Sunday,3,34
13,0.03333333333333333,0.5,3,Sunday,3,2025-10-26,Sunday,3,34
16,0.03333333333333333,0.5,3,Sunday,3,2025-10-26,Sunday,3,34
16,0.03333333333333333,150.0,3,Sunday,3,2025-10-26,Sunday,3,34
4,120.0,0.5,3,Sunday,3,2025-10-26,Sunday,3,34
16,120.0,150.0,3,Sunday,3,2025-10-26,Sunday,3,34
16,0.03333333333333333,150.0,3,Sunday,3,2025-10-26,Sunday,3,34
16,0.03333333333333333,0.5,3,Sunday,3,2025-10-26,Sunday,3,34
16,0.03333333333333333,0.5,3,Sunday,3,2025-10-26,Sunday,3,34
23,120.0,150.0,3,Sunday,3,2025-10-26,Sunday,3,34
16,120.0,150.0,3,Sunday,3,2025-10-26,Sunday,3,34
22,120.0,150.0,3,Sunday,3,2025-10-26,Sunday,3,34
21,0.03333333333333333,0.5,3,Sunday,3,2025-10-26,Sunday,3,34
16,0.03333333333333333,150.0,3,Sunday,3,2025-10-26,Sunday,3,34
16,0.03333333333333333,150.0,3,Sunday,3,2025-10-26,Sunday,3,34
16,0.03333333333333333,150.0,3,Sunday,3,2025-10-26,Sunday,3,34
12,120.0,0.5,3,Sunday,3,2025-10-26,Sunday,3,34
16,120.0,0.5,3,Sunday,3,2025-11-02,Sunday,3,18
0,0.03333333333333333,0.5,3,Sunday,3,2025-11-02,Sunday,3,18
11,120.0,0.5,3,Sunday,3,2025-11-02,Sunday,3,18
16,0.03333333333333333,0.5,3,Sunday,3,2025-11-02,Sunday,3,18
16,120.0,0.5,3,Sunday,3,2025-11-02,Sunday,3,18
21,0.03333333333333333,0.5,3,Sunday,3,2025-11-02,Sunday,3,18
16,0.03333333333333333,150.0,3,Sunday,3,2025-11-02,Sunday,3,18
22,0.03333333333333333,150.0,3,Sunday,3,2025-11-02,Sunday,3,18
16,120.0,150.0,3,Sunday,3,2025-11-02,Sunday,3,18
16,0.03333333333333333,150.0,3,Sunday,3,2025-11-02,Sunday,3,18
16,120.0,150.0,3,Sunday,3,2025-11-02,Sunday,3,18
16,120.0,150.0,3,Sunday,3,2025-11-02,Sunday,3,18
18,120.0,150.0,3,Sunday,3,2025-11-02,Sunday,3,18
15,0.03333333333333333,0.5,3,Sunday,3,2025-11-02,Sunday,3,18
19,0.03333333333333333,0.5,3,Sunday,3,2025-11-02,Sunday,3,18
20,120.0,0.5,3,Sunday,3,2025-11-02,Sunday,3,18
20,0.03333333333333333,0.5,3,Sunday,3,2025-11-02,Sunday,3,18
14,0.03333333333333333,0.5,3,Sunday,3,2025-11-02,Sunday,3,18
18,120.0,0.5,3,Sunday,3,2025-11-09,Sunday,3,14
22,120.0,0.5,3,Sunday,3,2025-11-09,Sunday,3,14
15,0.03333333333333333,0.5,3,Sunday,3,2025-11-09,Sunday,3,14
13,0.03333333333333333,0.5,3,Sunday,3,2025-11-09,Sunday,3,14
18,0.03333333333333333,150.0,3,Sunday,3,2025-11-09,Sunday,3,14
18,0.03333333333333333,0.5,3,Sunday,3,2025-11-09,Sunday,3,14
20,120.0,0.5,3,Sunday,3,2025-11-09,Sunday,3,14
20,0.03333333333333333,0.5,3,Sunday,3,2025-11-09,Sunday,3,14
13,120.0,150.0,3,Sunday,3,2025-11-09,Sunday,3,14
16,0.03333333333333333,150.0,3,Sunday,3,2025-11-09,Sunday,3,14
15,120.0,0.5,3,Sunday,3,2025-11-09,Sunday,3,14
16,0.03333333333333333,0.5,3,Sunday,3,2025-11-09,Sunday,3,14
16,120.0,150.0,3,Sunday,3,2025-11-09,Sunday,3,14
16,0.03333333333333333,0.5,3,Sunday,3,2025-11-09,Sunday,3,14
7,0.03333333333333333,150.0,3,Sunday,3,2025-11-16,Sunday,3,14
14,120.0,0.5,3,Sunday,3,2025-11-16,Sunday,3,14
16,0.03333333333333333,150.0,3,Sunday,3,2025-11-16,Sunday,3,14
3,0.03333333333333333,0.5,3,Sunday,3,2025-11-16,Sunday,3,14
16,0.03333333333333333,0.5,3,Sunday,3,2025-11-16,Sunday,3,14
14,0.03333333333333333,150.0,3,Sunday,3,2025-11-16,Sunday,3,14
16,120.0,0.5,3,Sunday,3,2025-11-16,Sunday,3,14
16,0.03333333333333333,150.0,3,Sunday,3,2025-11-16,Sunday,3,14
19,120.0,0.5,3,Sunday,3,2025-11-16,Sunday,3,14
16,120.0,150.0,3,Sunday,3,2025-11-16,Sunday,3,14
14,120.0,0.5,3,Sunday,3,2025-11-16,Sunday,3,14
16,0.03333333333333333,150.0,3,Sunday,3,2025-11-16,Sunday,3,14
12,0.03333333333333333,150.0,3,Sunday,3,2025-11-16,Sunday,3,14
16,0.03333333333333333,150.0,3,Sunday,3,2025-11-16,Sunday,3,14
16,120.0,150.0,3,Sunday,3,2025-11-23,Sunday,3,17
12,0.03333333333333333,0.5,3,Sunday,3,2025-11-23,Sunday,3,17
21,120.0,0.5,3,Sunday,3,2025-11-23,Sunday,3,17
16,0.03333333333333333,150.0,3,Sunday,3,2025-11-23,Sunday,3,17
20,120.0,0.5,3,Sunday,3,2025-11-23,Sunday,3,17
16,120.0,150.0,3,Sunday,3,2025-11-23,Sunday,3,17
16,0.03333333333333333,0.5,3,Sunday,3,2025-11-23,Sunday,3,17
12,0.03333333333333333,0.5,3,Sunday,3,2025-11-23,Sunday,3,17
16,0.03333333333333333,0.5,3,Sunday,3,2025-11-23,Sunday,3,17
20,120.0,0.5,3,Sunday,3,2025-11-23,Sunday,3,17
16,0.03333333333333333,150.0,3,Sunday,3,2025-11-23,Sunday,3,17
12,120.0,0.5,3,Sunday,3,2025-11-23,Sunday,3,17
19,120.0,0.5,3,Sunday,3,2025-11-23,Sunday,3,17
17,0.03333333333333333,150.0,3,Sunday,3,2025-11-23,Sunday,3,17
18,0.03333333333333333,0.5,3,Sunday,3,2025-11-23,Sunday,3,17
16,0.03333333333333333,150.0,3,Sunday,3,2025-11-23,Sunday,3,17
19,0.03333333333333333,0.5,3,Sunday,3,2025-11-23,Sunday,3,17
15,0.03333333333333333,0.5,3,Sunday,3,2025-11-30,Sunday,3,20
15,0.03333333333333333,0.5,3,Sunday,3,2025-11-30,Sunday,3,20
11,0.03333333333333333,150.0,3,Sunday,3,2025-11-30,Sunday,3,20
22,0.03333333333333333,0.5,3,Sunday,3,2025-11-30,Sunday,3,20
16,120.0,0.5,3,Sunday,3,2025-11-30,Sunday,3,20
23,0.03333333333333333,150.0,3,Sunday,3,2025-11-30,Sunday,3,20
23,120.0,0.5,3,Sunday,3,2025-11-30,Sunday,3,20
12,120.0,150.0,3,Sunday,3,2025-11-30,Sunday,3,20
16,120.0,150.0,3,Sunday,3,2025-11-30,Sunday,3,20
16,0.03333333333333333,150.0,3,Sunday,3,2025-11-30,Sunday,3,20
16,0.03333333333333333,150.0,3,Sunday,3,2025-11-30,Sunday,3,20
9,120.0,0.5,3,Sunday,3,2025-11-30,Sunday,3,20
17,0.03333333333333333,0.5,3,Sunday,3,2025-11-30,Sunday,3,20
14,0.03333333333333333,0.5,3,Sunday,3,2025-11-30,Sunday,3,20
16,120.0,0.5,3,Sunday,3,2025-11-30,Sunday,3,20
16,0.03333333333333333,150.0,3,Sunday,3,2025-11-30,Sunday,3,20
16,0.03333333333333333,0.5,3,Sunday,3,2025-11-30,Sunday,3,20
16,120.0,150.0,3,Sunday,3,2025-11-30,Sunday,3,20
16,0.03333333333333333,150.0,3,Sunday,3,2025-11-30,Sunday,3,20
18,120.0,150.0,3,Sunday,3,2025-11-30,Sunday,3,20
19,0.03333333333333333,150.0,3,Sunday,3,2025-12-07,Sunday,3,27
16,0.03333333333333333,0.5,3,Sunday,3,2025-12-07,Sunday,3,27
16,120.0,150.0,3,Sunday,3,2025-12-07,Sunday,3,27
15,0.03333333333333333,0.5,3,Sunday,3,2025-12-07,Sunday,3,27
14,0.03333333333333333,0.5,3,Sunday,3,2025-12-07,Sunday,3,27
21,120.0,0.5,3,Sunday,3,2025-12-07,Sunday,3,27
19,120.0,0.5,3,Sunday,3,2025-12-07,Sunday,3,27
12,120.0,150.0,3,Sunday,3,2025-12-07,Sunday,3,27
21,120.0,0.5,3,Sunday,3,2025-12-07,Sunday,3,27
12,120.0,0.5,3,Sunday,3,2025-12-07,Sunday,3,27
18,0.03333333333333333,150.0,3,Sunday,3,2025-12-07,Sunday,3,27
16,120.0,0.5,3,Sunday,3,2025-12-07,Sunday,3,27
12,120.0,0.5,3,Sunday,3,2025-12-07,Sunday,3,27
16,0.03333333333333333,0.5,3,Sunday,3,2025-12-07,Sunday,3,27
16,120.0,150.0,3,Sunday,3,2025-12-07,Sunday,3,27
17,0.03333333333333333,150.0,3,Sunday,3,2025-12-07,Sunday,3,27
19,120.0,0.5,3,Sunday,3,2025-12-07,Sunday,3,27
15,0.03333333333333333,0.5,3,Sunday,3,2025-12-07,Sunday,3,27
17,0.03333333333333333,0.5,3,Sunday,3,2025-12-07,Sunday,3,27
16,120.0,0.5,3,Sunday,3,2025-12-07,Sunday,3,27
20,120.0,150.0,3,Sunday,3,2025-12-07,Sunday,3,27
13,0.03333333333333333,150.0,3,Sunday,3,2025-12-07,Sunday,3,27
12,120.0,0.5,3,Sunday,3,2025-12-07,Sunday,3,27
16,120.0,150.0,3,Sunday,3,2025-12-07,Sunday,3,27
15,0.03333333333333333,0.5,3,Sunday,3,2025-12-07,Sunday,3,27
16,120.0,0.5,3,Sunday,3,2025-12-07,Sunday,3,27
16,0.03333333333333333,0.5,3,Sunday,3,2025-12-07,Sunday,3,27
16,0.03333333333333333,150.0,3,Sunday,3,2025-12-14,Sunday,3,18
16,120.0,150.0,3,Sunday,3,2025-12-14,Sunday,3,18
16,0.03333333333333333,0.5,3,Sunday,3,2025-12-14,Sunday,3,18
16,0.03333333333333333,150.0,3,Sunday,3,2025-12-14,Sunday,3,18
16,0.03333333333333333,0.5,3,Sunday,3,2025-12-14,Sunday,3,18
21,0.03333333333333333,0.5,3,Sunday,3,2025-12-14,Sunday,3,18
16,120.0,0.5,3,Sunday,3,2025-12-14,Sunday,3,18
16,0.03333333333333333,150.0,3,Sunday,3,2025-12-14,Sunday,3,18
15,0.03333333333333333,0.5,3,Sunday,3,2025-12-14,Sunday,3,18
14,120.0,0.5,3,Sunday,3,2025-12-14,Sunday,3,18
9,0.03333333333333333,150.0,3,Sunday,3,2025-12-14,Sunday,3,18
21,120.0,0.5,3,Sunday,3,2025-12-14,Sunday,3,18
12,120.0,150.0,3,Sunday,3,2025-12-14,Sunday,3,18
13,0.03333333333333333,150.0,3,Sunday,3,2025-12-14,Sunday,3,18
16,0.03333333333333333,150.0,3,Sunday,3,2025-12-14,Sunday,3,18
12,120.0,150.0,3,Sunday,3,2025-12-14,Sunday,3,18
16,0.03333333333333333,0.5,3,Sunday,3,2025-12-14,Sunday,3,18
17,0.03333333333333333,150.0,3,Sunday,3,2025-12-14,Sunday,3,18
16,0.03333333333333333,0.5,3,Sunday,3,2025-12-21,Sunday,3,16
12,120.0,150.0,3,Sunday,3,2025-12-21,Sunday,3,16
23,120.0,0.5,3,Sunday,3,2025-12-21,Sunday,3,16
18,0.03333333333333333,150.0,3,Sunday,3,2025-12-21,Sunday,3,16
16,0.03333333333333333,150.0,3,Sunday,3,2025-12-21,Sunday,3,16
16,0.03333333333333333,0.5,3,Sunday,3,2025-12-21,Sunday,3,16
12,120.0,150.0,3,Sunday,3,2025-12-21,Sunday,3,16
20,0.03333333333333333,150.0,3,Sunday,3,2025-12-21,Sunday,3,16
16,0.03333333333333333,150.0,3,Sunday,3,2025-12-21,Sunday,3,16
12,120.0,0.5,3,Sunday,3,2025-12-21,Sunday,3,16
12,120.0,150.0,3,Sunday,3,2025-12-21,Sunday,3,16
5,0.03333333333333333,0.5,3,Sunday,3,2025-12-21,Sunday,3,16
16,120.0,0.5,3,Sunday,3,2025-12-21,Sunday,3,16
16,120.0,150.0,3,Sunday,3,2025-12-21,Sunday,3,16
16,0.03333333333333333,150.0,3,Sunday,3,2025-12-21,Sunday,3,16
16,0.03333333333333333,150.0,3,Sunday,3,2025-12-21,Sunday,3,16
