plugin_hour,connection_time,energy_session,season,weekday_group,location_group,__date__,__weekday_group__,__season__,__count__
16,120.0,150.0,0,Mon-Th,1,2025-01-01,Mon-Th,0,26
12,120.0,0.5,0,Mon-Th,1,2025-01-01,Mon-Th,0,26
16,120.0,0.5,0,Mon-Th,1,2025-01-01,Mon-Th,0,26
16,120.0,0.5,0,Mon-Th,1,2025-01-01,Mon-Th,0,26
20,0.03333333333333333,0.5,0,Mon-Th,1,2025-01-01,Mon-Th,0,26
21,0.03333333333333333,0.5,0,Mon-Th,1,2025-01-01,Mon-Th,0,26
19,0.03333333333333333,0.5,0,Mon-Th,1,2025-01-01,Mon-Th,0,26
17,120.0,0.5,0,Mon-Th,1,2025-01-01,Mon-Th,0,26
14,0.03333333333333333,0.5,0,Mon-Th,1,2025-01-01,Mon-Th,0,26
16,0.03333333333333333,150.0,0,Mon-Th,1,2025-01-01,Mon-Th,0,26
16,0.03333333333333333,150.0,0,Mon-Th,1,2025-01-01,Mon-Th,0,26
13,120.0,0.5,0,Mon-Th,1,2025-01-01,Mon-Th,0,26
14,120.0,0.5,0,Mon-Th,1,2025-01-01,Mon-Th,0,26
17,0.03333333333333333,150.0,0,Mon-Th,1,2025-01-01,Mon-Th,0,26
14,0.03333333333333333,0.5,0,Mon-Th,1,2025-01-01,Mon-Th,0,26
16,0.03333333333333333,150.0,0,Mon-Th,1,2025-01-01,Mon-Th,0,26
23,0.03333333333333333,0.5,0,Mon-Th,1,2025-01-01,Mon-Th,0,26
12,120.0,150.0,0,Mon-Th,1,2025-01-01,Mon-Th,0,26
16,120.0,0.5,0,Mon-Th,1,2025-01-01,Mon-Th,0,26
16,0.03333333333333333,0.5,0,Mon-Th,1,2025-01-01,Mon-Th,0,26
13,0.03333333333333333,0.5,0,Mon-Th,1,2025-01-01,Mon-Th,0,26
19,120.0,0.5,0,Mon-Th,1,2025-01-01,Mon-Th,0,26
16,0.03333333333333333,150.0,0,Mon-Th,1,2025-01-01,Mon-Th,0,26
19,0.03333333333333333,0.5,0,Mon-Th,1,2025-01-01,Mon-Th,0,26
19,120.0,150.0,0,Mon-Th,1,2025-01-01,Mon-Th,0,26
12,0.03333333333333333,0.5,0,Mon-Th,1,2025-01-01,Mon-Th,0,26
16,120.0,0.5,0,Mon-Th,1,2025-01-02,Mon-Th,0,34
12,120.0,150.0,0,Mon-Th,1,2025-01-02,Mon-Th,0,34
12,0.03333333333333333,0.5,0,Mon-Th,1,2025-01-02,Mon-Th,0,34
19,120.0,0.5,0,Mon-Th,1,2025-01-02,Mon-Th,0,34
15,120.0,150.0,0,Mon-Th,1,2025-01-02,Mon-Th,0,34
16,0.03333333333333333,150.0,0,Mon-Th,1,2025-01-02,Mon-Th,0,34
16,0.03333333333333333,150.0,0,Mon-Th,1,2025-01-02,Mon-Th,0,34
16,120.0,0.5,0,Mon-Th,1,2025-01-02,Mon-Th,0,34
19,120.0,150.0,0,Mon-Th,1,2025-01-02,Mon-Th,0,34
16,0.03333333333333333,0.5,0,Mon-Th,1,2025-01-02,Mon-Th,0,34
12,120.0,0.5,0,Mon-Th,1,2025-01-02,Mon-Th,0,34
16,120.0,0.5,0,Mon-Th,1,2025-01-02,Mon-Th,0,34
18,0.03333333333333333,150.0,0,Mon-Th,1,2025-01-02,Mon-Th,0,34
16,120.0,0.5,0,Mon-Th,1,2025-01-02,Mon-Th,0,34
16,120.0,0.5,0,Mon-Th,1,2025-01-02,Mon-Th,0,34
16,0.03333333333333333,150.0,0,Mon-Th,1,2025-01-02,Mon-Th,0,34
18,0.03333333333333333,0.5,0,Mon-Th,1,2025-01-02,Mon-Th,0,34
17,0.03333333333333333,0.5,0,Mon-Th,1,2025-01-02,Mon-Th,0,34
16,120.0,150.0,0,Mon-Th,1,2025-01-02,Mon-Th,0,34
12,120.0,150.0,0,Mon-Th,1,2025-01-02,Mon-Th,0,34
16,120.0,150.0,0,Mon-Th,1,2025-01-02,Mon-Th,0,34
16,0.03333333333333333,0.5,0,Mon-Th,1,2025-01-02,Mon-Th,0,34
23,0.03333333333333333,0.5,0,Mon-Th,1,2025-01-02,Mon-Th,0,34
12,120.0,0.5,0,Mon-Th,1,2025-01-02,Mon-Th,0,34
19,0.03333333333333333,0.5,0,Mon-Th,1,2025-01-02,Mon-Th,0,34
12,120.0,0.5,0,Mon-Th,1,2025-01-02,Mon-Th,0,34
13,0.03333333333333333,150.0,0,Mon-Th,1,2025-01-02,Mon-Th,0,34
16,0.03333333333333333,0.5,0,Mon-Th,1,2025-01-02,Mon-Th,0,34
16,0.03333333333333333,150.0,0,Mon-Th,1,2025-01-02,Mon-Th,0,34
22,0.03333333333333333,0.5,0,Mon-Th,1,2025-01-02,Mon-Th,0,34
16,0.03333333333333333,0.5,0,Mon-Th,1,2025-01-02,Mon-Th,0,34
16,120.0,0.5,0,Mon-Th,1,2025-01-02,Mon-Th,0,34
12,120.0,0.5,0,Mon-Th,1,2025-01-02,Mon-Th,0,34
16,0.03333333333333333,150.0,0,Mon-Th,1,2025-01-02,Mon-Th,0,34
14,0.03333333333333333,150.0,0,Mon-Th,1,2025-01-06,Mon-Th,0,22
15,0.03333333333333333,0.5,0,Mon-Th,1,2025-01-06,Mon-Th,0,22
20,0.03333333333333333,0.5,0,Mon-Th,1,2025-01-06,Mon-Th,0,22
22,0.03333333333333333,0.5,0,Mon-Th,1,2025-01-06,Mon-Th,0,22
16,0.03333333333333333,0.5,0,Mon-Th,1,2025-01-06,Mon-Th,0,22
12,120.0,150.0,0,Mon-Th,1,2025-01-06,Mon-Th,0,22
12,0.03333333333333333,0.5,0,Mon-Th,1,2025-01-06,Mon-Th,0,22
2,0.03333333333333333,0.5,0,Mon-Th,1,2025-01-06,Mon-Th,0,22
16,120.0,0.5,0,Mon-Th,1,2025-01-06,Mon-Th,0,22
21,0.03333333333333333,0.5,0,Mon-Th,1,2025-01-06,Mon-Th,0,22
12,120.0,0.5,0,Mon-Th,1,2025-01-06,Mon-Th,0,22
19,0.03333333333333333,0.5,0,Mon-Th,1,2025-01-06,Mon-Th,0,22
18,120.0,150.0,0,Mon-Th,1,2025-01-06,Mon-Th,0,22
16,120.0,150.0,0,Mon-Th,1,2025-01-06,Mon-Th,0,22
16,120.0,150.0,0,Mon-Th,1,2025-01-06,Mon-Th,0,22
12,0.03333333333333333,0.5,0,Mon-Th,1,2025-01-06,Mon-Th,0,22
19,0.03333333333333333,0.5,0,Mon-Th,1,2025-01-06,Mon-Th,0,22
16,120.0,0.5,0,Mon-Th,1,2025-01-06,Mon-Th,0,22
12,120.0,0.5,0,Mon-Th,1,2025-01-06,Mon-Th,0,22
16,120.0,150.0,0,Mon-Th,1,2025-01-06,Mon-Th,0,22
12,120.0,0.5,0,Mon-Th,1,2025-01-06,Mon-Th,0,22
22,0.03333333333333333,0.5,0,Mon-Th,1,2025-01-06,Mon-Th,0,22
14,120.0,0.5,0,Mon-Th,1,2025-01-07,Mon-Th,0,28
19,0.03333333333333333,0.5,0,Mon-Th,1,2025-01-07,Mon-Th,0,28
16,120.0,150.0,0,Mon-Th,1,2025-01-07,Mon-Th,0,28
20,0.03333333333333333,150.0,0,Mon-Th,1,2025-01-07,Mon-Th,0,28
16,0.03333333333333333,150.0,0,Mon-Th,1,2025-01-07,Mon-Th,0,28
16,0.03333333333333333,150.0,0,Mon-Th,1,2025-01-07,Mon-Th,0,28
20,120.0,150.0,0,Mon-Th,1,2025-01-07,Mon-Th,0,28
18,120.0,0.5,0,Mon-Th,1,2025-01-07,Mon-Th,0,28
14,0.03333333333333333,150.0,0,Mon-Th,1,2025-01-07,Mon-Th,0,28
16,0.03333333333333333,150.0,0,Mon-Th,1,2025-01-07,Mon-Th,0,28
23,0.03333333333333333,150.0,0,Mon-Th,1,2025-01-07,Mon-Th,0,28
17,120.0,150.0,0,Mon-Th,1,2025-01-07,Mon-Th,0,28
18,0.03333333333333333,150.0,0,Mon-Th,1,2025-01-07,Mon-Th,0,28
16,0.03333333333333333,150.0,0,Mon-Th,1,2025-01-07,Mon-Th,0,28
16,0.03333333333333333,150.0,0,Mon-Th,1,2025-01-07,Mon-Th,0,28
22,0.03333333333333333,150.0,0,Mon-Th,1,2025-01-07,Mon-Th,0,28
21,0.03333333333333333,0.5,0,Mon-Th,1,2025-01-07,Mon-Th,0,28
16,0.03333333333333333,0.5,0,Mon-Th,1,2025-01-07,Mon-Th,0,28
16,0.03333333333333333,0.5,0,Mon-Th,1,2025-01-07,Mon-Th,0,28
16,0.03333333333333333,150.0,0,Mon-Th,1,2025-01-07,Mon-Th,0,28
12,120.0,150.0,0,Mon-Th,1,2025-01-07,Mon-Th,0,28
21,0.03333333333333333,0.5,0,Mon-Th,1,2025-01-07,Mon-Th,0,28
16,120.0,150.0,0,Mon-Th,1,2025-01-07,Mon-Th,0,28
16,120.0,0.5,0,Mon-Th,1,2025-01-07,Mon-Th,0,28
12,0.03333333333333333,150.0,0,Mon-Th,1,2025-01-07,Mon-Th,0,28
16,0.03333333333333333,0.5,0,Mon-Th,1,2025-01-07,Mon-Th,0,28
12,120.0,150.0,0,Mon-Th,1,2025-01-07,Mon-Th,0,28
12,120.0,150.0,0,Mon-Th,1,2025-01-07,Mon-Th,0,28
16,120.0,150.0,0,Mon-Th,1,2025-01-08,Mon-Th,0,30
16,0.03333333333333333,150.0,0,Mon-Th,1,2025-01-08,Mon-Th,0,30
21,120.0,0.5,0,Mon-Th,1,2025-01-08,Mon-Th,0,30
17,0.03333333333333333,0.5,0,Mon-Th,1,2025-01-08,Mon-Th,0,30
16,120.0,0.5,0,Mon-Th,1,2025-01-08,Mon-Th,0,30
17,0.03333333333333333,0.5,0,Mon-Th,1,2025-01-08,Mon-Th,0,30
16,0.03333333333333333,0.5,0,Mon-Th,1,2025-01-08,Mon-Th,0,30
1,0.03333333333333333,0.5,0,Mon-Th,1,2025-01-08,Mon-Th,0,30
16,120.0,150.0,0,Mon-Th,1,2025-01-08,Mon-Th,0,30
16,0.03333333333333333,150.0,0,Mon-Th,1,2025-01-08,Mon-Th,0,30
16,0.03333333333333333,0.5,0,Mon-Th,1,2025-01-08,Mon-Th,0,30
14,0.03333333333333333,0.5,0,Mon-Th,1,2025-01-08,Mon-Th,0,30
16,120.0,150.0,0,Mon-Th,1,2025-01-08,Mon-Th,0,30
16,0.03333333333333333,0.5,0,Mon-Th,1,2025-01-08,Mon-Th,0,30
16,0.03333333333333333,0.5,0,Mon-Th,1,2025-01-08,Mon-Th,0,30
12,120.0,150.0,0,Mon-Th,1,2025-01-08,Mon-Th,0,30
16,120.0,0.5,0,Mon-Th,1,2025-01-08,Mon-Th,0,30
14,0.03333333333333333,0.5,0,Mon-Th,1,2025-01-08,Mon-Th,0,30
16,0.03333333333333333,150.0,0,Mon-Th,1,2025-01-08,Mon-Th,0,30
14,0.03333333333333333,0.5,0,Mon-Th,1,2025-01-08,Mon-Th,0,30
16,0.03333333333333333,0.5,0,Mon-Th,1,2025-01-08,Mon-Th,0,30
22,120.0,0.5,0,Mon-Th,1,2025-01-08,Mon-Th,0,30
15,0.03333333333333333,150.0,0,Mon-Th,1,2025-01-08,Mon-Th,0,30
16,120.0,0.5,0,Mon-Th,1,2025-01-08,Mon-Th,0,30
14,0.03333333333333333,0.5,0,Mon-Th,1,2025-01-08,Mon-Th,0,30
16,0.03333333333333333,150.0,0,Mon-Th,1,2025-01-08,Mon-Th,0,30
16,120.0,150.0,0,Mon-Th,1,2025-01-08,Mon-Th,0,30
16,120.0,150.0,0,Mon-Th,1,2025-01-08,Mon-Th,0,30
16,120.0,0.5,0,Mon-Th,1,2025-01-08,Mon-Th,0,30
16,120.0,0.5,0,Mon-Th,1,2025-01-08,Mon-Th,0,30
12,120.0,0.5,0,Mon-Th,1,2025-01-09,Mon-Th,0,36
16,120.0,0.5,0,Mon-Th,1,2025-01-09,Mon-Th,0,36
12,120.0,0.5,0,Mon-Th,1,2025-01-09,Mon-Th,0,36
14,0.03333333333333333,150.0,0,Mon-Th,1,2025-01-09,Mon-Th,0,36
16,120.0,0.5,0,Mon-Th,1,2025-01-09,Mon-Th,0,36
16,120.0,150.0,0,Mon-Th,1,2025-01-09,Mon-Th,0,36
9,120.0,0.5,0,Mon-Th,1,2025-01-09,Mon-Th,0,36
16,120.0,150.0,0,Mon-Th,1,2025-01-09,Mon-Th,0,36
13,0.03333333333333333,0.5,0,Mon-Th,1,2025-01-09,Mon-Th,0,36
16,120.0,150.0,0,Mon-Th,1,2025-01-09,Mon-Th,0,36
15,0.03333333333333333,150.0,0,Mon-Th,1,2025-01-09,Mon-Th,0,36
21,120.0,0.5,0,Mon-Th,1,2025-01-09,Mon-Th,0,36
16,120.0,150.0,0,Mon-Th,1,2025-01-09,Mon-Th,0,36
22,0.03333333333333333,0.5,0,Mon-Th,1,2025-01-09,Mon-Th,0,36
18,120.0,150.0,0,Mon-Th,1,2025-01-09,Mon-Th,0,36
7,120.0,0.5,0,Mon-Th,1,2025-01-09,Mon-Th,0,36
16,120.0,150.0,0,Mon-Th,1,2025-01-09,Mon-Th,0,36
16,120.0,150.0,0,Mon-Th,1,2025-01-09,Mon-Th,0,36
12,0.03333333333333333,150.0,0,Mon-Th,1,2025-01-09,Mon-Th,0,36
19,120.0,150.0,0,Mon-Th,1,2025-01-09,Mon-Th,0,36
7,0.03333333333333333,0.5,0,Mon-Th,1,2025-01-09,Mon-Th,0,36
16,0.03333333333333333,150.0,0,Mon-Th,1,2025-01-09,Mon-Th,0,36
16,0.03333333333333333,150.0,0,Mon-Th,1,2025-01-09,Mon-Th,0,36
16,0.03333333333333333,150.0,0,Mon-Th,1,2025-01-09,Mon-Th,0,36
14,120.0,150.0,0,Mon-Th,1,2025-01-09,Mon-Th,0,36
7,120.0,0.5,0,Mon-Th,1,2025-01-09,Mon-Th,0,36
16,120.0,150.0,0,Mon-Th,1,2025-01-09,Mon-Th,0,36
16,0.03333333333333333,0.5,0,Mon-Th,1,2025-01-09,Mon-Th,0,36
19,120.0,0.5,0,Mon-Th,1,2025-01-09,Mon-Th,0,36
22,120.0,0.5,0,Mon-Th,1,2025-01-09,Mon-Th,0,36
16,0.03333333333333333,150.0,0,Mon-Th,1,2025-01-09,Mon-Th,0,36
16,120.0,0.5,0,Mon-Th,1,2025-01-09,Mon-Th,0,36
18,0.03333333333333333,0.5,0,Mon-Th,1,2025-01-09,Mon-Th,0,36
11,0.03333333333333333,150.0,0,Mon-Th,1,2025-01-09,Mon-Th,0,36
15,0.03333333333333333,0.5,0,Mon-Th,1,2025-01-09,Mon-Th,0,36
17,120.0,0.5,0,Mon-Th,1,2025-01-09,Mon-Th,0,36
16,0.03333333333333333,0.5,0,Mon-Th,1,2025-01-13,Mon-Th,0,34
16,0.03333333333333333,150.0,0,Mon-Th,1,2025-01-13,Mon-Th,0,34
13,0.03333333333333333,0.5,0,Mon-Th,1,2025-01-13,Mon-Th,0,34
16,120.0,150.0,0,Mon-Th,1,2025-01-13,Mon-Th,0,34
15,0.03333333333333333,150.0,0,Mon-Th,1,2025-01-13,Mon-Th,0,34
16,120.0,150.0,0,Mon-Th,1,2025-01-13,Mon-Th,0,34
15,0.03333333333333333,150.0,0,Mon-Th,1,2025-01-13,Mon-Th,0,34
21,0.03333333333333333,0.5,0,Mon-Th,1,2025-01-13,Mon-Th,0,34
21,120.0,150.0,0,Mon-Th,1,2025-01-13,Mon-Th,0,34
23,120.0,0.5,0,Mon-Th,1,2025-01-13,Mon-Th,0,34
16,120.0,150.0,0,Mon-Th,1,2025-01-13,Mon-Th,0,34
22,120.0,150.0,0,Mon-Th,1,2025-01-13,Mon-Th,0,34
16,0.03333333333333333,0.5,0,Mon-Th,1,2025-01-13,Mon-Th,0,34
13,0.03333333333333333,0.5,0,Mon-Th,1,2025-01-13,Mon-Th,0,34
16,0.03333333333333333,150.0,0,Mon-Th,1,2025-01-13,Mon-Th,0,34
18,0.03333333333333333,0.5,0,Mon-Th,1,2025-01-13,Mon-Th,0,34
12,120.0,0.5,0,Mon-Th,1,2025-01-13,Mon-Th,0,34
16,120.0,0.5,0,Mon-Th,1,2025-01-13,Mon-Th,0,34
16,0.03333333333333333,0.5,0,Mon-Th,1,2025-01-13,Mon-Th,0,34
19,120.0,150.0,0,Mon-Th,1,2025-01-13,Mon-Th,0,34
14,0.03333333333333333,0.5,0,Mon-Th,1,2025-01-13,Mon-Th,0,34
16,0.03333333333333333,150.0,0,Mon-Th,1,2025-01-13,Mon-Th,0,34
16,0.03333333333333333,0.5,0,Mon-Th,1,2025-01-13,Mon-Th,0,34
17,0.03333333333333333,0.5,0,Mon-Th,1,2025-01-13,Mon-Th,0,34
16,0.03333333333333333,0.5,0,Mon-Th,1,2025-01-13,Mon-Th,0,34
16,0.03333333333333333,0.5,0,Mon-Th,1,2025-01-13,Mon-Th,0,34
17,0.03333333333333333,0.5,0,Mon-Th,1,2025-01-13,Mon-Th,0,34
18,120.0,0.5,0,Mon-Th,1,2025-01-13,Mon-Th,0,34
16,120.0,0.5,0,Mon-Th,1,2025-01-13,Mon-Th,0,34
14,120.0,0.5,0,Mon-Th,1,2025-01-13,Mon-Th,0,34
17,0.03333333333333333,150.0,0,Mon-Th,1,2025-01-13,Mon-Th,0,34
14,120.0,0.5,0,Mon-Th,1,2025-01-13,Mon-Th,0,34
20,120.0,0.5,0,Mon-Th,1,2025-01-13,Mon-Th,0,34
17,120.0,0.5,0,Mon-Th,1,2025-01-13,Mon-Th,0,34
12,120.0,0.5,0,Mon-Th,1,2025-01-14,Mon-Th,0,24
16,0.03333333333333333,0.5,0,Mon-Th,1,2025-01-14,Mon-Th,0,24
13,120.0,0.5,0,Mon-Th,1,2025-01-14,Mon-Th,0,24
16,120.0,0.5,0,Mon-Th,1,2025-01-14,Mon-Th,0,24
16,0.03333333333333333,150.0,0,Mon-Th,1,2025-01-14,Mon-Th,0,24
18,0.03333333333333333,150.0,0,Mon-Th,1,2025-01-14,Mon-Th,0,24
15,120.0,150.0,0,Mon-Th,1,2025-01-14,Mon-Th,0,24
20,120.0,0.5,0,Mon-Th,1,2025-01-14,Mon-Th,0,24
16,120.0,150.0,0,Mon-Th,1,2025-01-14,Mon-Th,0,24
21,0.03333333333333333,150.0,0,Mon-Th,1,2025-01-14,Mon-Th,0,24
15,120.0,0.5,0,Mon-Th,1,2025-01-14,Mon-Th,0,24
16,0.03333333333333333,150.0,0,Mon-Th,1,2025-01-14,Mon-Th,0,24
16,0.03333333333333333,150.0,0,Mon-Th,1,2025-01-14,Mon-Th,0,24
16,0.03333333333333333,150.0,0,Mon-Th,1,2025-01-14,Mon-Th,0,24
16,120.0,0.5,0,Mon-Th,1,2025-01-14,Mon-Th,0,24
18,120.0,0.5,0,Mon-Th,1,2025-01-14,Mon-Th,0,24
16,0.03333333333333333,150.0,0,Mon-Th,1,2025-01-14,Mon-Th,0,24
21,0.03333333333333333,0.5,0,Mon-Th,1,2025-01-14,Mon-Th,0,24
16,0.03333333333333333,0.5,0,Mon-Th,1,2025-01-14,Mon-Th,0,24
20,120.0,150.0,0,Mon-Th,1,2025-01-14,Mon-Th,0,24
20,120.0,0.5,0,Mon-Th,1,2025-01-14,Mon-Th,0,24
16,0.03333333333333333,0.5,0,Mon-Th,1,2025-01-14,Mon-Th,0,24
16,0.03333333333333333,0.5,0,Mon-Th,1,2025-01-14,Mon-Th,0,24
16,120.0,150.0,0,Mon-Th,1,2025-01-14,Mon-Th,0,24
16,120.0,0.5,0,Mon-Th,1,2025-01-15,Mon-Th,0,29
16,120.0,150.0,0,Mon-Th,1,2025-01-15,Mon-Th,0,29
14,0.03333333333333333,150.0,0,Mon-Th,1,2025-01-15,Mon-Th,0,29
16,0.03333333333333333,0.5,0,Mon-Th,1,2025-01-15,Mon-Th,0,29
18,120.0,150.0,0,Mon-Th,1,2025-01-15,Mon-Th,0,29
12,120.0,0.5,0,Mon-Th,1,2025-01-15,Mon-Th,0,29
12,0.03333333333333333,150.0,0,Mon-Th,1,2025-01-15,Mon-Th,0,29
12,120.0,150.0,0,Mon-Th,1,2025-01-15,Mon-Th,0,29
7,120.0,0.5,0,Mon-Th,1,2025-01-15,Mon-Th,0,29
16,0.03333333333333333,150.0,0,Mon-Th,1,2025-01-15,Mon-Th,0,29
16,0.03333333333333333,0.5,0,Mon-Th,1,2025-01-15,Mon-Th,0,29
18,0.03333333333333333,0.5,0,Mon-Th,1,2025-01-15,Mon-Th,0,29
16,120.0,0.5,0,Mon-Th,1,2025-01-15,Mon-Th,0,29
18,120.0,150.0,0,Mon-Th,1,2025-01-15,Mon-Th,0,29
16,120.0,150.0,0,Mon-Th,1,2025-01-15,Mon-Th,0,29
0,0.03333333333333333,0.5,0,Mon-Th,1,2025-01-15,Mon-Th,0,29
16,120.0,0.5,0,Mon-Th,1,2025-01-15,Mon-Th,0,29
14,0.03333333333333333,150.0,0,Mon-Th,1,2025-01-15,Mon-Th,0,29
17,120.0,150.0,0,Mon-Th,1,2025-01-15,Mon-Th,0,29
16,120.0,150.0,0,Mon-Th,1,2025-01-15,Mon-Th,0,29
20,0.03333333333333333,0.5,0,Mon-Th,1,2025-01-15,Mon-Th,0,29
20,0.03333333333333333,150.0,0,Mon-Th,1,2025-01-15,Mon-Th,0,29
17,120.0,0.5,0,Mon-Th,1,2025-01-15,Mon-Th,0,29
21,120.0,0.5,0,Mon-Th,1,2025-01-15,Mon-Th,0,29
15,120.0,150.0,0,Mon-Th,1,2025-01-15,Mon-Th,0,29
12,120.0,0.5,0,Mon-Th,1,2025-01-15,Mon-Th,0,29
19,120.0,0.5,0,Mon-Th,1,2025-01-15,Mon-Th,0,29
20,0.03333333333333333,0.5,0,Mon-Th,1,2025-01-15,Mon-Th,0,29
16,120.0,0.5,0,Mon-Th,1,2025-01-15,Mon-Th,0,29
16,120.0,0.5,0,Mon-Th,1,2025-01-16,Mon-Th,0,23
21,120.0,0.5,0,Mon-Th,1,2025-01-16,Mon-Th,0,23
16,120.0,150.0,0,Mon-Th,1,2025-01-16,Mon-Th,0,23
16,120.0,150.0,0,Mon-Th,1,2025-01-16,Mon-Th,0,23
12,120.0,0.5,0,Mon-Th,1,2025-01-16,Mon-Th,0,23
16,120.0,0.5,0,Mon-Th,1,2025-01-16,Mon-Th,0,23
20,0.03333333333333333,0.5,0,Mon-Th,1,2025-01-16,Mon-Th,0,23
16,120.0,150.0,0,Mon-Th,1,2025-01-16,Mon-Th,0,23
12,120.0,150.0,0,Mon-Th,1,2025-01-16,Mon-Th,0,23
16,0.03333333333333333,150.0,0,Mon-Th,1,2025-01-16,Mon-Th,0,23
17,120.0,0.5,0,Mon-Th,1,2025-01-16,Mon-Th,0,23
16,120.0,150.0,0,Mon-Th,1,2025-01-16,Mon-Th,0,23
16,120.0,150.0,0,Mon-Th,1,2025-01-16,Mon-Th,0,23
19,0.03333333333333333,150.0,0,Mon-Th,1,2025-01-16,Mon-Th,0,23
16,0.03333333333333333,0.5,0,Mon-Th,1,2025-01-16,Mon-Th,0,23
12,120.0,0.5,0,Mon-Th,1,2025-01-16,Mon-Th,0,23
18,120.0,0.5,0,Mon-Th,1,2025-01-16,Mon-Th,0,23
16,120.0,150.0,0,Mon-Th,1,2025-01-16,Mon-Th,0,23
2,120.0,150.0,0,Mon-Th,1,2025-01-16,Mon-Th,0,23
16,0.03333333333333333,0.5,0,Mon-Th,1,2025-01-16,Mon-Th,0,23
16,120.0,150.0,0,Mon-Th,1,2025-01-16,Mon-Th,0,23
22,120.0,0.5,0,Mon-Th,1,2025-01-16,Mon-Th,0,23
16,0.03333333333333333,0.5,0,Mon-Th,1,2025-01-16,Mon-Th,0,23
16,120.0,150.0,0,Mon-Th,1,2025-01-20,Mon-Th,0,26
12,120.0,150.0,0,Mon-Th,1,2025-01-20,Mon-Th,0,26
17,120.0,150.0,0,Mon-Th,1,2025-01-20,Mon-Th,0,26
16,120.0,150.0,0,Mon-Th,1,2025-01-20,Mon-Th,0,26
12,120.0,150.0,0,Mon-Th,1,2025-01-20,Mon-Th,0,26
16,0.03333333333333333,0.5,0,Mon-Th,1,2025-01-20,Mon-Th,0,26
18,0.03333333333333333,150.0,0,Mon-Th,1,2025-01-20,Mon-Th,0,26
16,0.03333333333333333,150.0,0,Mon-Th,1,2025-01-20,Mon-Th,0,26
0,120.0,0.5,0,Mon-Th,1,2025-01-20,Mon-Th,0,26
12,120.0,0.5,0,Mon-Th,1,2025-01-20,Mon-Th,0,26
17,120.0,0.5,0,Mon-Th,1,2025-01-20,Mon-Th,0,26
14,0.03333333333333333,150.0,0,Mon-Th,1,2025-01-20,Mon-Th,0,26
14,0.03333333333333333,150.0,0,Mon-Th,1,2025-01-20,Mon-Th,0,26
17,120.0,150.0,0,Mon-Th,1,2025-01-20,Mon-Th,0,26
16,120.0,0.5,0,Mon-Th,1,2025-01-20,Mon-Th,0,26
12,0.03333333333333333,150.0,0,Mon-Th,1,2025-01-20,Mon-Th,0,26
18,120.0,0.5,0,Mon-Th,1,2025-01-20,Mon-Th,0,26
16,120.0,150.0,0,Mon-Th,1,2025-01-20,Mon-Th,0,26
17,120.0,150.0,0,Mon-Th,1,2025-01-20,Mon-Th,0,26
12,120.0,0.5,0,Mon-Th,1,2025-01-20,Mon-Th,0,26
16,120.0,0.5,0,Mon-Th,1,2025-01-20,Mon-Th,0,26
17,120.0,0.5,0,Mon-Th,1,2025-01-20,Mon-Th,0,26
16,0.03333333333333333,0.5,0,Mon-Th,1,2025-01-20,Mon-Th,0,26
20,120.0,0.5,0,Mon-Th,1,2025-01-20,Mon-Th,0,26
12,120.0,0.5,0,Mon-Th,1,2025-01-20,Mon-Th,0,26
16,0.03333333333333333,150.0,0,Mon-Th,1,2025-01-20,Mon-Th,0,26
16,120.0,150.0,0,Mon-Th,1,2025-01-21,Mon-Th,0,26
16,0.03333333333333333,0.5,0,Mon-Th,1,2025-01-21,Mon-Th,0,26
21,0.03333333333333333,0.5,0,Mon-Th,1,2025-01-21,Mon-Th,0,26
14,0.03333333333333333,0.5,0,Mon-Th,1,2025-01-21,Mon-Th,0,26
16,120.0,0.5,0,Mon-Th,1,2025-01-21,Mon-Th,0,26
20,120.0,0.5,0,Mon-Th,1,2025-01-21,Mon-Th,0,26
16,0.03333333333333333,150.0,0,Mon-Th,1,2025-01-21,Mon-Th,0,26
16,0.03333333333333333,0.5,0,Mon-Th,1,2025-01-21,Mon-Th,0,26
12,0.03333333333333333,150.0,0,Mon-Th,1,2025-01-21,Mon-Th,0,26
16,120.0,0.5,0,Mon-Th,1,2025-01-21,Mon-Th,0,26
16,120.0,0.5,0,Mon-Th,1,2025-01-21,Mon-Th,0,26
21,120.0,150.0,0,Mon-Th,1,2025-01-21,Mon-Th,0,26
20,0.03333333333333333,0.5,0,Mon-Th,1,2025-01-21,Mon-Th,0,26
21,0.03333333333333333,0.5,0,Mon-Th,1,2025-01-21,Mon-Th,0,26
16,120.0,150.0,0,Mon-Th,1,2025-01-21,Mon-Th,0,26
19,0.03333333333333333,0.5,0,Mon-Th,1,2025-01-21,Mon-Th,0,26
14,0.03333333333333333,150.0,0,Mon-Th,1,2025-01-21,Mon-Th,0,26
16,0.03333333333333333,150.0,0,Mon-Th,1,2025-01-21,Mon-Th,0,26
16,120.0,150.0,0,Mon-Th,1,2025-01-21,Mon-Th,0,26
16,120.0,0.5,0,Mon-Th,1,2025-01-21,Mon-Th,0,26
16,120.0,150.0,0,Mon-Th,1,2025-01-21,Mon-Th,0,26
18,120.0,0.5,0,Mon-Th,1,2025-01-21,Mon-Th,0,26
16,0.03333333333333333,150.0,0,Mon-Th,1,2025-01-21,Mon-Th,0,26
22,120.0,150.0,0,Mon-Th,1,2025-01-21,Mon-Th,0,26
16,120.0,0.5,0,Mon-Th,1,2025-01-21,Mon-Th,0,26
16,0.03333333333333333,0.5,0,Mon-Th,1,2025-01-21,Mon-Th,0,26
19,0.03333333333333333,0.5,0,Mon-Th,1,2025-01-22,Mon-Th,0,32
21,0.03333333333333333,0.5,0,Mon-Th,1,2025-01-22,Mon-Th,0,32
18,0.03333333333333333,150.0,0,Mon-Th,1,2025-01-22,Mon-Th,0,32
22,0.03333333333333333,0.5,0,Mon-Th,1,2025-01-22,Mon-Th,0,32
18,120.0,0.5,0,Mon-Th,1,2025-01-22,Mon-Th,0,32
16,120.0,150.0,0,Mon-Th,1,2025-01-22,Mon-Th,0,32
16,0.03333333333333333,150.0,0,Mon-Th,1,2025-01-22,Mon-Th,0,32
22,0.03333333333333333,0.5,0,Mon-Th,1,2025-01-22,Mon-Th,0,32
20,120.0,150.0,0,Mon-Th,1,2025-01-22,Mon-Th,0,32
12,120.0,150.0,0,Mon-Th,1,2025-01-22,Mon-Th,0,32
12,120.0,0.5,0,Mon-Th,1,2025-01-22,Mon-Th,0,32
12,0.03333333333333333,150.0,0,Mon-Th,1,2025-01-22,Mon-Th,0,32
18,120.0,0.5,0,Mon-Th,1,2025-01-22,Mon-Th,0,32
17,120.0,0.5,0,Mon-Th,1,2025-01-22,Mon-Th,0,32
15,0.03333333333333333,150.0,0,Mon-Th,1,2025-01-22,Mon-Th,0,32
12,120.0,150.0,0,Mon-Th,1,2025-01-22,Mon-Th,0,32
22,0.03333333333333333,0.5,0,Mon-Th,1,2025-01-22,Mon-Th,0,32
14,0.03333333333333333,0.5,0,Mon-Th,1,2025-01-22,Mon-Th,0,32
16,0.03333333333333333,0.5,0,Mon-Th,1,2025-01-22,Mon-Th,0,32
14,0.03333333333333333,0.5,0,Mon-Th,1,2025-01-22,Mon-Th,0,32
16,0.03333333333333333,0.5,0,Mon-Th,1,2025-01-22,Mon-Th,0,32
11,0.03333333333333333,0.5,0,Mon-Th,1,2025-01-22,Mon-Th,0,32
16,120.0,0.5,0,Mon-Th,1,2025-01-22,Mon-Th,0,32
16,120.0,0.5,0,Mon-Th,1,2025-01-22,Mon-Th,0,32
12,120.0,0.5,0,Mon-Th,1,2025-01-22,Mon-Th,0,32
16,0.03333333333333333,150.0,0,Mon-Th,1,2025-01-22,Mon-Th,0,32
19,120.0,0.5,0,Mon-Th,1,2025-01-22,Mon-Th,0,32
14,0.03333333333333333,150.0,0,Mon-Th,1,2025-01-22,Mon-Th,0,32
16,0.03333333333333333,0.5,0,Mon-Th,1,2025-01-22,Mon-Th,0,32
16,0.03333333333333333,150.0,0,Mon-Th,1,2025-01-22,Mon-Th,0,32
14,120.0,150.0,0,Mon-Th,1,2025-01-22,Mon-Th,0,32
16,0.03333333333333333,0.5,0,Mon-Th,1,2025-01-22,Mon-Th,0,32
14,0.03333333333333333,150.0,0,Mon-Th,1,2025-01-23,Mon-Th,0,32
16,0.03333333333333333,150.0,0,Mon-Th,1,2025-01-23,Mon-Th,0,32
13,0.03333333333333333,0.5,0,Mon-Th,1,2025-01-23,Mon-Th,0,32
16,0.03333333333333333,150.0,0,Mon-Th,1,2025-01-23,Mon-Th,0,32
17,0.03333333333333333,150.0,0,Mon-Th,1,2025-01-23,Mon-Th,0,32
4,120.0,0.5,0,Mon-Th,1,2025-01-23,Mon-Th,0,32
16,0.03333333333333333,0.5,0,Mon-Th,1,2025-01-23,Mon-Th,0,32
12,120.0,0.5,0,Mon-Th,1,2025-01-23,Mon-Th,0,32
7,0.03333333333333333,0.5,0,Mon-Th,1,2025-01-23,Mon-Th,0,32
16,0.03333333333333333,0.5,0,Mon-Th,1,2025-01-23,Mon-Th,0,32
15,120.0,0.5,0,Mon-Th,1,2025-01-23,Mon-Th,0,32
16,120.0,0.5,0,Mon-Th,1,2025-01-23,Mon-Th,0,32
18,120.0,0.5,0,Mon-Th,1,2025-01-23,Mon-Th,0,32
15,0.03333333333333333,150.0,0,Mon-Th,1,2025-01-23,Mon-Th,0,32
14,0.03333333333333333,150.0,0,Mon-Th,1,2025-01-23,Mon-Th,0,32
12,120.0,0.5,0,Mon-Th,1,2025-01-23,Mon-Th,0,32
16,120.0,150.0,0,Mon-Th,1,2025-01-23,Mon-Th,0,32
12,120.0,150.0,0,Mon-Th,1,2025-01-23,Mon-Th,0,32
16,0.03333333333333333,150.0,0,Mon-Th,1,2025-01-23,Mon-Th,0,32
10,120.0,0.5,0,Mon-Th,1,2025-01-23,Mon-Th,0,32
16,0.03333333333333333,0.5,0,Mon-Th,1,2025-01-23,Mon-Th,0,32
16,0.03333333333333333,150.0,0,Mon-Th,1,2025-01-23,Mon-Th,0,32
16,120.0,150.0,0,Mon-Th,1,2025-01-23,Mon-Th,0,32
19,0.03333333333333333,0.5,0,Mon-Th,1,2025-01-23,Mon-Th,0,32
16,0.03333333333333333,150.0,0,Mon-Th,1,2025-01-23,Mon-Th,0,32
21,120.0,0.5,0,Mon-Th,1,2025-01-23,Mon-Th,0,32
12,0.03333333333333333,150.0,0,Mon-Th,1,2025-01-23,Mon-Th,0,32
15,0.03333333333333333,0.5,0,Mon-Th,1,2025-01-23,Mon-Th,0,32
16,120.0,0.5,0,Mon-Th,1,2025-01-23,Mon-Th,0,32
16,0.03333333333333333,0.5,0,Mon-Th,1,2025-01-23,Mon-Th,0,32
16,120.0,150.0,0,Mon-Th,1,2025-01-23,Mon-Th,0,32
16,120.0,0.5,0,Mon-Th,1,2025-01-23,Mon-Th,0,32
16,0.03333333333333333,0.5,0,Mon-Th,1,2025-01-27,Mon-Th,0,31
17,0.03333333333333333,150.0,0,Mon-Th,1,2025-01-27,Mon-Th,0,31
16,120.0,0.5,0,Mon-Th,1,2025-01-27,Mon-Th,0,31
16,120.0,150.0,0,Mon-Th,1,2025-01-27,Mon-Th,0,31
16,120.0,150.0,0,Mon-Th,1,2025-01-27,Mon-Th,0,31
22,120.0,0.5,0,Mon-Th,1,2025-01-27,Mon-Th,0,31
16,120.0,150.0,0,Mon-Th,1,2025-01-27,Mon-Th,0,31
16,0.03333333333333333,150.0,0,Mon-Th,1,2025-01-27,Mon-Th,0,31
16,120.0,0.5,0,Mon-Th,1,2025-01-27,Mon-Th,0,31
20,0.03333333333333333,0.5,0,Mon-Th,1,2025-01-27,Mon-Th,0,31
16,120.0,150.0,0,Mon-Th,1,2025-01-27,Mon-Th,0,31
18,120.0,0.5,0,Mon-Th,1,2025-01-27,Mon-Th,0,31
0,120.0,0.5,0,Mon-Th,1,2025-01-27,Mon-Th,0,31
16,120.0,150.0,0,Mon-Th,1,2025-01-27,Mon-Th,0,31
20,0.03333333333333333,0.5,0,Mon-Th,1,2025-01-27,Mon-Th,0,31
1,120.0,0.5,0,Mon-Th,1,2025-01-27,Mon-Th,0,31
12,120.0,0.5,0,Mon-Th,1,2025-01-27,Mon-Th,0,31
16,0.03333333333333333,150.0,0,Mon-Th,1,2025-01-27,Mon-Th,0,31
19,120.0,150.0,0,Mon-Th,1,2025-01-27,Mon-Th,0,31
19,0.03333333333333333,0.5,0,Mon-Th,1,2025-01-27,Mon-Th,0,31
12,120.0,0.5,0,Mon-Th,1,2025-01-27,Mon-Th,0,31
12,120.0,0.5,0,Mon-Th,1,2025-01-27,Mon-Th,0,31
22,120.0,150.0,0,Mon-Th,1,2025-01-27,Mon-Th,0,31
16,0.03333333333333333,150.0,0,Mon-Th,1,2025-01-27,Mon-Th,0,31
12,120.0,0.5,0,Mon-Th,1,2025-01-27,Mon-Th,0,31
16,120.0,150.0,0,Mon-Th,1,2025-01-27,Mon-Th,0,31
16,120.0,150.0,0,Mon-Th,1,2025-01-27,Mon-Th,0,31
12,0.03333333333333333,150.0,0,Mon-Th,1,2025-01-27,Mon-Th,0,31
16,120.0,150.0,0,Mon-Th,1,2025-01-27,Mon-Th,0,31
16,0.03333333333333333,150.0,0,Mon-Th,1,2025-01-27,Mon-Th,0,31
16,0.03333333333333333,150.0,0,Mon-Th,1,2025-01-27,Mon-Th,0,31
23,120.0,150.0,0,Mon-Th,1,2025-01-28,Mon-Th,0,36
16,0.03333333333333333,150.0,0,Mon-Th,1,2025-01-28,Mon-Th,0,36
16,120.0,150.0,0,Mon-Th,1,2025-01-28,Mon-Th,0,36
23,0.03333333333333333,0.5,0,Mon-Th,1,2025-01-28,Mon-Th,0,36
16,0.03333333333333333,0.5,0,Mon-Th,1,2025-01-28,Mon-Th,0,36
22,0.03333333333333333,150.0,0,Mon-Th,1,2025-01-28,Mon-Th,0,36
17,0.03333333333333333,0.5,0,Mon-Th,1,2025-01-28,Mon-Th,0,36
16,120.0,150.0,0,Mon-Th,1,2025-01-28,Mon-Th,0,36
16,0.03333333333333333,150.0,0,Mon-Th,1,2025-01-28,Mon-Th,0,36
19,120.0,0.5,0,Mon-Th,1,2025-01-28,Mon-Th,0,36
16,0.03333333333333333,0.5,0,Mon-Th,1,2025-01-28,Mon-Th,0,36
12,120.0,0.5,0,Mon-Th,1,2025-01-28,Mon-Th,0,36
16,0.03333333333333333,150.0,0,Mon-Th,1,2025-01-28,Mon-Th,0,36
19,120.0,0.5,0,Mon-Th,1,2025-01-28,Mon-Th,0,36
16,0.03333333333333333,0.5,0,Mon-Th,1,2025-01-28,Mon-Th,0,36
16,120.0,0.5,0,Mon-Th,1,2025-01-28,Mon-Th,0,36
8,0.03333333333333333,0.5,0,Mon-Th,1,2025-01-28,Mon-Th,0,36
16,0.03333333333333333,0.5,0,Mon-Th,1,2025-01-28,Mon-Th,0,36
16,0.03333333333333333,150.0,0,Mon-Th,1,2025-01-28,Mon-Th,0,36
13,0.03333333333333333,0.5,0,Mon-Th,1,2025-01-28,Mon-Th,0,36
16,0.03333333333333333,0.5,0,Mon-Th,1,2025-01-28,Mon-Th,0,36
16,120.0,150.0,0,Mon-Th,1,2025-01-28,Mon-Th,0,36
21,120.0,150.0,0,Mon-Th,1,2025-01-28,Mon-Th,0,36
16,0.03333333333333333,0.5,0,Mon-Th,1,2025-01-28,Mon-Th,0,36
21,0.03333333333333333,150.0,0,Mon-Th,1,2025-01-28,Mon-Th,0,36
16,0.03333333333333333,150.0,0,Mon-Th,1,2025-01-28,Mon-Th,0,36
16,0.03333333333333333,0.5,0,Mon-Th,1,2025-01-28,Mon-Th,0,36
16,0.03333333333333333,0.5,0,Mon-Th,1,2025-01-28,Mon-Th,0,36
20,0.03333333333333333,0.5,0,Mon-Th,1,2025-01-28,Mon-Th,0,36
18,120.0,0.5,0,Mon-Th,1,2025-01-28,Mon-Th,0,36
10,0.03333333333333333,0.5,0,Mon-Th,1,2025-01-28,Mon-Th,0,36
22,0.03333333333333333,150.0,0,Mon-Th,1,2025-01-28,Mon-Th,0,36
12,120.0,0.5,0,Mon-Th,1,2025-01-28,Mon-Th,0,36
16,120.0,0.5,0,Mon-Th,1,2025-01-28,Mon-Th,0,36
11,120.0,150.0,0,Mon-Th,1,2025-01-28,Mon-Th,0,36
17,120.0,0.5,0,Mon-Th,1,2025-01-28,Mon-Th,0,36
16,0.03333333333333333,150.0,0,Mon-Th,1,2025-01-29,Mon-Th,0,30
12,120.0,0.5,0,Mon-Th,1,2025-01-29,Mon-Th,0,30
0,120.0,0.5,0,Mon-Th,1,2025-01-29,Mon-Th,0,30
16,0.03333333333333333,0.5,0,Mon-Th,1,2025-01-29,Mon-Th,0,30
16,120.0,150.0,0,Mon-Th,1,2025-01-29,Mon-Th,0,30
14,120.0,0.5,0,Mon-Th,1,2025-01-29,Mon-Th,0,30
13,0.03333333333333333,0.5,0,Mon-Th,1,2025-01-29,Mon-Th,0,30
16,120.0,0.5,0,Mon-Th,1,2025-01-29,Mon-Th,0,30
16,0.03333333333333333,150.0,0,Mon-Th,1,2025-01-29,Mon-Th,0,30
0,120.0,150.0,0,Mon-Th,1,2025-01-29,Mon-Th,0,30
21,0.03333333333333333,0.5,0,Mon-Th,1,2025-01-29,Mon-Th,0,30
19,120.0,0.5,0,Mon-Th,1,2025-01-29,Mon-Th,0,30
23,120.0,150.0,0,Mon-Th,1,2025-01-29,Mon-Th,0,30
5,120.0,0.5,0,Mon-Th,1,2025-01-29,Mon-Th,0,30
16,0.03333333333333333,150.0,0,Mon-Th,1,2025-01-29,Mon-Th,0,30
20,120.0,0.5,0,Mon-Th,1,2025-01-29,Mon-Th,0,30
16,120.0,0.5,0,Mon-Th,1,2025-01-29,Mon-Th,0,30
16,0.03333333333333333,150.0,0,Mon-Th,1,2025-01-29,Mon-Th,0,30
16,0.03333333333333333,0.5,0,Mon-Th,1,2025-01-29,Mon-Th,0,30
16,120.0,150.0,0,Mon-Th,1,2025-01-29,Mon-Th,0,30
17,120.0,0.5,0,Mon-Th,1,2025-01-29,Mon-Th,0,30
16,120.0,150.0,0,Mon-Th,1,2025-01-29,Mon-Th,0,30
16,0.03333333333333333,150.0,0,Mon-Th,1,2025-01-29,Mon-Th,0,30
20,0.03333333333333333,0.5,0,Mon-Th,1,2025-01-29,Mon-Th,0,30
16,0.03333333333333333,0.5,0,Mon-Th,1,2025-01-29,Mon-Th,0,30
19,120.0,0.5,0,Mon-Th,1,2025-01-29,Mon-Th,0,30
16,120.0,150.0,0,Mon-Th,1,2025-01-29,Mon-Th,0,30
15,120.0,150.0,0,Mon-Th,1,2025-01-29,Mon-Th,0,30
16,0.03333333333333333,150.0,0,Mon-Th,1,2025-01-29,Mon-Th,0,30
14,0.03333333333333333,0.5,0,Mon-Th,1,2025-01-29,Mon-Th,0,30
16,120.0,150.0,0,Mon-Th,1,2025-01-30,Mon-Th,0,24
16,120.0,0.5,0,Mon-Th,1,2025-01-30,Mon-Th,0,24
12,120.0,150.0,0,Mon-Th,1,2025-01-30,Mon-Th,0,24
16,0.03333333333333333,150.0,0,Mon-Th,1,2025-01-30,Mon-Th,0,24
16,0.03333333333333333,0.5,0,Mon-Th,1,2025-01-30,Mon-Th,0,24
15,0.03333333333333333,0.5,0,Mon-Th,1,2025-01-30,Mon-Th,0,24
16,0.03333333333333333,150.0,0,Mon-Th,1,2025-01-30,Mon-Th,0,24
16,120.0,150.0,0,Mon-Th,1,2025-01-30,Mon-Th,0,24
20,0.03333333333333333,0.5,0,Mon-Th,1,2025-01-30,Mon-Th,0,24
16,0.03333333333333333,150.0,0,Mon-Th,1,2025-01-30,Mon-Th,0,24
16,0.03333333333333333,0.5,0,Mon-Th,1,2025-01-30,Mon-Th,0,24
14,0.03333333333333333,150.0,0,Mon-Th,1,2025-01-30,Mon-Th,0,24
15,120.0,0.5,0,Mon-Th,1,2025-01-30,Mon-Th,0,24
12,0.03333333333333333,0.5,0,Mon-Th,1,2025-01-30,Mon-Th,0,24
16,120.0,0.5,0,Mon-Th,1,2025-01-30,Mon-Th,0,24
20,120.0,0.5,0,Mon-Th,1,2025-01-30,Mon-Th,0,24
16,0.03333333333333333,0.5,0,Mon-Th,1,2025-01-30,Mon-Th,0,24
10,0.03333333333333333,150.0,0,Mon-Th,1,2025-01-30,Mon-Th,0,24
16,0.03333333333333333,0.5,0,Mon-Th,1,2025-01-30,Mon-Th,0,24
12,120.0,0.5,0,Mon-Th,1,2025-01-30,Mon-Th,0,24
21,0.03333333333333333,150.0,0,Mon-Th,1,2025-01-30,Mon-Th,0,24
18,0.03333333333333333,0.5,0,Mon-Th,1,2025-01-30,Mon-Th,0,24
16,120.0,0.5,0,Mon-Th,1,2025-01-30,Mon-Th,0,24
16,120.0,150.0,0,Mon-Th,1,2025-01-30,Mon-Th,0,24
22,120.0,0.5,0,Mon-Th,1,2025-02-03,Mon-Th,0,22
16,0.03333333333333333,0.5,0,Mon-Th,1,2025-02-03,Mon-Th,0,22
16,0.03333333333333333,0.5,0,Mon-Th,1,2025-02-03,Mon-Th,0,22
16,0.03333333333333333,0.5,0,Mon-Th,1,2025-02-03,Mon-Th,0,22
19,120.0,0.5,0,Mon-Th,1,2025-02-03,Mon-Th,0,22
16,120.0,150.0,0,Mon-Th,1,2025-02-03,Mon-Th,0,22
16,120.0,0.5,0,Mon-Th,1,2025-02-03,Mon-Th,0,22
16,0.03333333333333333,150.0,0,Mon-Th,1,2025-02-03,Mon-Th,0,22
16,0.03333333333333333,150.0,0,Mon-Th,1,2025-02-03,Mon-Th,0,22
16,0.03333333333333333,150.0,0,Mon-Th,1,2025-02-03,Mon-Th,0,22
22,0.03333333333333333,0.5,0,Mon-Th,1,2025-02-03,Mon-Th,0,22
12,120.0,150.0,0,Mon-Th,1,2025-02-03,Mon-Th,0,22
16,120.0,150.0,0,Mon-Th,1,2025-02-03,Mon-Th,0,22
16,120.0,150.0,0,Mon-Th,1,2025-02-03,Mon-Th,0,22
16,0.03333333333333333,150.0,0,Mon-Th,1,2025-02-03,Mon-Th,0,22
17,0.03333333333333333,0.5,0,Mon-Th,1,2025-02-03,Mon-Th,0,22
21,120.0,150.0,0,Mon-Th,1,2025-02-03,Mon-Th,0,22
16,0.03333333333333333,150.0,0,Mon-Th,1,2025-02-03,Mon-Th,0,22
12,120.0,0.5,0,Mon-Th,1,2025-02-03,Mon-Th,0,22
16,0.03333333333333333,150.0,0,Mon-Th,1,2025-02-03,Mon-Th,0,22
16,0.03333333333333333,0.5,0,Mon-Th,1,2025-02-03,Mon-Th,0,22
16,120.0,150.0,0,Mon-Th,1,2025-02-03,Mon-Th,0,22
20,0.03333333333333333,0.5,0,Mon-Th,1,2025-02-04,Mon-Th,0,30
15,0.03333333333333333,150.0,0,Mon-Th,1,2025-02-04,Mon-Th,0,30
0,0.03333333333333333,0.5,0,Mon-Th,1,2025-02-04,Mon-Th,0,30
16,120.0,0.5,0,Mon-Th,1,2025-02-04,Mon-Th,0,30
16,120.0,150.0,0,Mon-Th,1,2025-02-04,Mon-Th,0,30
21,0.03333333333333333,150.0,0,Mon-Th,1,2025-02-04,Mon-Th,0,30
15,120.0,0.5,0,Mon-Th,1,2025-02-04,Mon-Th,0,30
12,120.0,150.0,0,Mon-Th,1,2025-02-04,Mon-Th,0,30
12,120.0,150.0,0,Mon-Th,1,2025-02-04,Mon-Th,0,30
16,120.0,150.0,0,Mon-Th,1,2025-02-04,Mon-Th,0,30
16,0.03333333333333333,0.5,0,Mon-Th,1,2025-02-04,Mon-Th,0,30
16,120.0,150.0,0,Mon-Th,1,2025-02-04,Mon-Th,0,30
9,120.0,150.0,0,Mon-Th,1,2025-02-04,Mon-Th,0,30
16,0.03333333333333333,0.5,0,Mon-Th,1,2025-02-04,Mon-Th,0,30
14,0.03333333333333333,0.5,0,Mon-Th,1,2025-02-04,Mon-Th,0,30
15,0.03333333333333333,0.5,0,Mon-Th,1,2025-02-04,Mon-Th,0,30
16,120.0,150.0,0,Mon-Th,1,2025-02-04,Mon-Th,0,30
14,0.03333333333333333,0.5,0,Mon-Th,1,2025-02-04,Mon-Th,0,30
19,120.0,150.0,0,Mon-Th,1,2025-02-04,Mon-Th,0,30
16,0.03333333333333333,150.0,0,Mon-Th,1,2025-02-04,Mon-Th,0,30
15,0.03333333333333333,0.5,0,Mon-Th,1,2025-02-04,Mon-Th,0,30
21,120.0,0.5,0,Mon-Th,1,2025-02-04,Mon-Th,0,30
16,120.0,0.5,0,Mon-Th,1,2025-02-04,Mon-Th,0,30
16,120.0,150.0,0,Mon-Th,1,2025-02-04,Mon-Th,0,30
16,0.03333333333333333,0.5,0,Mon-Th,1,2025-02-04,Mon-Th,0,30
17,120.0,0.5,0,Mon-Th,1,2025-02-04,Mon-Th,0,30
14,0.03333333333333333,150.0,0,Mon-Th,1,2025-02-04,Mon-Th,0,30
14,0.03333333333333333,150.0,0,Mon-Th,1,2025-02-04,Mon-Th,0,30
16,120.0,0.5,0,Mon-Th,1,2025-02-04,Mon-Th,0,30
16,0.03333333333333333,150.0,0,Mon-Th,1,2025-02-04,Mon-Th,0,30
16,0.03333333333333333,150.0,0,Mon-Th,1,2025-02-05,Mon-Th,0,29
16,0.03333333333333333,0.5,0,Mon-Th,1,2025-02-05,Mon-Th,0,29
13,0.03333333333333333,0.5,0,Mon-Th,1,2025-02-05,Mon-Th,0,29
16,0.03333333333333333,150.0,0,Mon-Th,1,2025-02-05,Mon-Th,0,29
15,0.03333333333333333,150.0,0,Mon-Th,1,2025-02-05,Mon-Th,0,29
20,0.03333333333333333,150.0,0,Mon-Th,1,2025-02-05,Mon-Th,0,29
14,0.03333333333333333,0.5,0,Mon-Th,1,2025-02-05,Mon-Th,0,29
21,120.0,0.5,0,Mon-Th,1,2025-02-05,Mon-Th,0,29
14,0.03333333333333333,0.5,0,Mon-Th,1,2025-02-05,Mon-Th,0,29
16,0.03333333333333333,0.5,0,Mon-Th,1,2025-02-05,Mon-Th,0,29
15,120.0,0.5,0,Mon-Th,1,2025-02-05,Mon-Th,0,29
16,120.0,150.0,0,Mon-Th,1,2025-02-05,Mon-Th,0,29
18,120.0,0.5,0,Mon-Th,1,2025-02-05,Mon-Th,0,29
16,120.0,0.5,0,Mon-Th,1,2025-02-05,Mon-Th,0,29
16,120.0,0.5,0,Mon-Th,1,2025-02-05,Mon-Th,0,29
19,0.03333333333333333,150.0,0,Mon-Th,1,2025-02-05,Mon-Th,0,29
14,0.03333333333333333,0.5,0,Mon-Th,1,2025-02-05,Mon-Th,0,29
12,120.0,150.0,0,Mon-Th,1,2025-02-05,Mon-Th,0,29
12,120.0,0.5,0,Mon-Th,1,2025-02-05,Mon-Th,0,29
12,120.0,150.0,0,Mon-Th,1,2025-02-05,Mon-Th,0,29
16,0.03333333333333333,150.0,0,Mon-Th,1,2025-02-05,Mon-Th,0,29
14,120.0,0.5,0,Mon-Th,1,2025-02-05,Mon-Th,0,29
16,0.03333333333333333,150.0,0,Mon-Th,1,2025-02-05,Mon-Th,0,29
12,120.0,0.5,0,Mon-Th,1,2025-02-05,Mon-Th,0,29
12,120.0,150.0,0,Mon-Th,1,2025-02-05,Mon-Th,0,29
12,120.0,0.5,0,Mon-Th,1,2025-02-05,Mon-Th,0,29
16,0.03333333333333333,0.5,0,Mon-Th,1,2025-02-05,Mon-Th,0,29
16,120.0,150.0,0,Mon-Th,1,2025-02-05,Mon-Th,0,29
14,0.03333333333333333,0.5,0,Mon-Th,1,2025-02-05,Mon-Th,0,29
16,0.03333333333333333,0.5,0,Mon-Th,1,2025-02-06,Mon-Th,0,26
12,120.0,150.0,0,Mon-Th,1,2025-02-06,Mon-Th,0,26
15,120.0,0.5,0,Mon-Th,1,2025-02-06,Mon-Th,0,26
16,0.03333333333333333,0.5,0,Mon-Th,1,2025-02-06,Mon-Th,0,26
16,0.03333333333333333,150.0,0,Mon-Th,1,2025-02-06,Mon-Th,0,26
12,0.03333333333333333,0.5,0,Mon-Th,1,2025-02-06,Mon-Th,0,26
15,0.03333333333333333,150.0,0,Mon-Th,1,2025-02-06,Mon-Th,0,26
22,120.0,0.5,0,Mon-Th,1,2025-02-06,Mon-Th,0,26
16,0.03333333333333333,0.5,0,Mon-Th,1,2025-02-06,Mon-Th,0,26
16,0.03333333333333333,0.5,0,Mon-Th,1,2025-02-06,Mon-Th,0,26
22,0.03333333333333333,150.0,0,Mon-Th,1,2025-02-06,Mon-Th,0,26
15,0.03333333333333333,150.0,0,Mon-Th,1,2025-02-06,Mon-Th,0,26
16,120.0,0.5,0,Mon-Th,1,2025-02-06,Mon-Th,0,26
23,120.0,0.5,0,Mon-Th,1,2025-02-06,Mon-Th,0,26
16,120.0,150.0,0,Mon-Th,1,2025-02-06,Mon-Th,0,26
23,0.03333333333333333,0.5,0,Mon-Th,1,2025-02-06,Mon-Th,0,26
21,0.03333333333333333,150.0,0,Mon-Th,1,2025-02-06,Mon-Th,0,26
12,0.03333333333333333,150.0,0,Mon-Th,1,2025-02-06,Mon-Th,0,26
16,120.0,150.0,0,Mon-Th,1,2025-02-06,Mon-Th,0,26
19,120.0,150.0,0,Mon-Th,1,2025-02-06,Mon-Th,0,26
16,120.0,150.0,0,Mon-Th,1,2025-02-06,Mon-Th,0,26
16,120.0,0.5,0,Mon-Th,1,2025-02-06,Mon-Th,0,26
19,0.03333333333333333,0.5,0,Mon-Th,1,2025-02-06,Mon-Th,0,26
14,0.03333333333333333,0.5,0,Mon-Th,1,2025-02-06,Mon-Th,0,26
22,0.03333333333333333,150.0,0,Mon-Th,1,2025-02-06,Mon-Th,0,26
16,120.0,150.0,0,Mon-Th,1,2025-02-06,Mon-Th,0,26
17,120.0,0.5,0,Mon-Th,1,2025-02-10,Mon-Th,0,25
12,0.03333333333333333,150.0,0,Mon-Th,1,2025-02-10,Mon-Th,0,25
12,120.0,150.0,0,Mon-Th,1,2025-02-10,Mon-Th,0,25
11,120.0,150.0,0,Mon-Th,1,2025-02-10,Mon-Th,0,25
16,0.03333333333333333,0.5,0,Mon-Th,1,2025-02-10,Mon-Th,0,25
16,0.03333333333333333,0.5,0,Mon-Th,1,2025-02-10,Mon-Th,0,25
16,120.0,0.5,0,Mon-Th,1,2025-02-10,Mon-Th,0,25
14,0.03333333333333333,150.0,0,Mon-Th,1,2025-02-10,Mon-Th,0,25
15,120.0,150.0,0,Mon-Th,1,2025-02-10,Mon-Th,0,25
16,120.0,0.5,0,Mon-Th,1,2025-02-10,Mon-Th,0,25
16,0.03333333333333333,150.0,0,Mon-Th,1,2025-02-10,Mon-Th,0,25
20,0.03333333333333333,0.5,0,Mon-Th,1,2025-02-10,Mon-Th,0,25
23,0.03333333333333333,150.0,0,Mon-Th,1,2025-02-10,Mon-Th,0,25
20,0.03333333333333333,150.0,0,Mon-Th,1,2025-02-10,Mon-Th,0,25
16,0.03333333333333333,0.5,0,Mon-Th,1,2025-02-10,Mon-Th,0,25
16,120.0,150.0,0,Mon-Th,1,2025-02-10,Mon-Th,0,25
16,120.0,0.5,0,Mon-Th,1,2025-02-10,Mon-Th,0,25
16,0.03333333333333333,0.5,0,Mon-Th,1,2025-02-10,Mon-Th,0,25
16,0.03333333333333333,0.5,0,Mon-Th,1,2025-02-10,Mon-Th,0,25
16,120.0,0.5,0,Mon-Th,1,2025-02-10,Mon-Th,0,25
16,0.03333333333333333,150.0,0,Mon-Th,1,2025-02-10,Mon-Th,0,25
12,120.0,150.0,0,Mon-Th,1,2025-02-10,Mon-Th,0,25
19,120.0,0.5,0,Mon-Th,1,2025-02-10,Mon-Th,0,25
16,0.03333333333333333,150.0,0,Mon-Th,1,2025-02-10,Mon-Th,0,25
17,0.03333333333333333,150.0,0,Mon-Th,1,2025-02-10,Mon-Th,0,25
16,120.0,150.0,0,Mon-Th,1,2025-02-11,Mon-Th,0,30
16,120.0,150.0,0,Mon-Th,1,2025-02-11,Mon-Th,0,30
16,0.03333333333333333,150.0,0,Mon-Th,1,2025-02-11,Mon-Th,0,30
12,120.0,150.0,0,Mon-Th,1,2025-02-11,Mon-Th,0,30
16,120.0,150.0,0,Mon-Th,1,2025-02-11,Mon-Th,0,30
16,120.0,0.5,0,Mon-Th,1,2025-02-11,Mon-Th,0,30
16,120.0,150.0,0,Mon-Th,1,2025-02-11,Mon-Th,0,30
17,0.03333333333333333,0.5,0,Mon-Th,1,2025-02-11,Mon-Th,0,30
1,0.03333333333333333,0.5,0,Mon-Th,1,2025-02-11,Mon-Th,0,30
2,120.0,0.5,0,Mon-Th,1,2025-02-11,Mon-Th,0,30
12,120.0,0.5,0,Mon-Th,1,2025-02-11,Mon-Th,0,30
12,120.0,0.5,0,Mon-Th,1,2025-02-11,Mon-Th,0,30
22,120.0,0.5,0,Mon-Th,1,2025-02-11,Mon-Th,0,30
23,120.0,0.5,0,Mon-Th,1,2025-02-11,Mon-Th,0,30
16,120.0,150.0,0,Mon-Th,1,2025-02-11,Mon-Th,0,30
16,0.03333333333333333,0.5,0,Mon-Th,1,2025-02-11,Mon-Th,0,30
14,0.03333333333333333,0.5,0,Mon-Th,1,2025-02-11,Mon-Th,0,30
9,120.0,0.5,0,Mon-Th,1,2025-02-11,Mon-Th,0,30
15,120.0,0.5,0,Mon-Th,1,2025-02-11,Mon-Th,0,30
16,0.03333333333333333,150.0,0,Mon-Th,1,2025-02-11,Mon-Th,0,30
22,0.03333333333333333,0.5,0,Mon-Th,1,2025-02-11,Mon-Th,0,30
16,120.0,150.0,0,Mon-Th,1,2025-02-11,Mon-Th,0,30
16,120.0,150.0,0,Mon-Th,1,2025-02-11,Mon-Th,0,30
22,120.0,0.5,0,Mon-Th,1,2025-02-11,Mon-Th,0,30
16,0.03333333333333333,150.0,0,Mon-Th,1,2025-02-11,Mon-Th,0,30
22,120.0,0.5,0,Mon-Th,1,2025-02-11,Mon-Th,0,30
14,0.03333333333333333,150.0,0,Mon-Th,1,2025-02-11,Mon-Th,0,30
16,120.0,150.0,0,Mon-Th,1,2025-02-11,Mon-Th,0,30
12,120.0,150.0,0,Mon-Th,1,2025-02-11,Mon-Th,0,30
16,120.0,0.5,0,Mon-Th,1,2025-02-11,Mon-Th,0,30
16,120.0,0.5,0,Mon-Th,1,2025-02-12,Mon-Th,0,29
17,120.0,0.5,0,Mon-Th,1,2025-02-12,Mon-Th,0,29
16,0.03333333333333333,0.5,0,Mon-Th,1,2025-02-12,Mon-Th,0,29
14,120.0,150.0,0,Mon-Th,1,2025-02-12,Mon-Th,0,29
16,120.0,0.5,0,Mon-Th,1,2025-02-12,Mon-Th,0,29
16,120.0,0.5,0,Mon-Th,1,2025-02-12,Mon-Th,0,29
20,0.03333333333333333,150.0,0,Mon-Th,1,2025-02-12,Mon-Th,0,29
19,0.03333333333333333,0.5,0,Mon-Th,1,2025-02-12,Mon-Th,0,29
17,0.03333333333333333,0.5,0,Mon-Th,1,2025-02-12,Mon-Th,0,29
16,120.0,150.0,0,Mon-Th,1,2025-02-12,Mon-Th,0,29
17,120.0,150.0,0,Mon-Th,1,2025-02-12,Mon-Th,0,29
12,120.0,150.0,0,Mon-Th,1,2025-02-12,Mon-Th,0,29
12,120.0,0.5,0,Mon-Th,1,2025-02-12,Mon-Th,0,29
11,120.0,0.5,0,Mon-Th,1,2025-02-12,Mon-Th,0,29
16,120.0,0.5,0,Mon-Th,1,2025-02-12,Mon-Th,0,29
16,0.03333333333333333,0.5,0,Mon-Th,1,2025-02-12,Mon-Th,0,29
20,120.0,0.5,0,Mon-Th,1,2025-02-12,Mon-Th,0,29
17,0.03333333333333333,150.0,0,Mon-Th,1,2025-02-12,Mon-Th,0,29
20,0.03333333333333333,0.5,0,Mon-Th,1,2025-02-12,Mon-Th,0,29
16,120.0,150.0,0,Mon-Th,1,2025-02-12,Mon-Th,0,29
16,0.03333333333333333,0.5,0,Mon-Th,1,2025-02-12,Mon-Th,0,29
16,120.0,150.0,0,Mon-Th,1,2025-02-12,Mon-Th,0,29
16,120.0,0.5,0,Mon-Th,1,2025-02-12,Mon-Th,0,29
16,0.03333333333333333,0.5,0,Mon-Th,1,2025-02-12,Mon-Th,0,29
16,0.03333333333333333,0.5,0,Mon-Th,1,2025-02-12,Mon-Th,0,29
16,0.03333333333333333,0.5,0,Mon-Th,1,2025-02-12,Mon-Th,0,29
16,0.03333333333333333,0.5,0,Mon-Th,1,2025-02-12,Mon-Th,0,29
11,0.03333333333333333,0.5,0,Mon-Th,1,2025-02-12,Mon-Th,0,29
16,0.03333333333333333,0.5,0,Mon-Th,1,2025-02-12,Mon-Th,0,29
17,0.03333333333333333,0.5,0,Mon-Th,1,2025-02-13,Mon-Th,0,22
16,0.03333333333333333,150.0,0,Mon-Th,1,2025-02-13,Mon-Th,0,22
12,120.0,0.5,0,Mon-Th,1,2025-02-13,Mon-Th,0,22
12,120.0,0.5,0,Mon-Th,1,2025-02-13,Mon-Th,0,22
12,120.0,150.0,0,Mon-Th,1,2025-02-13,Mon-Th,0,22
16,0.03333333333333333,0.5,0,Mon-Th,1,2025-02-13,Mon-Th,0,22
12,0.03333333333333333,0.5,0,Mon-Th,1,2025-02-13,Mon-Th,0,22
12,120.0,0.5,0,Mon-Th,1,2025-02-13,Mon-Th,0,22
16,120.0,0.5,0,Mon-Th,1,2025-02-13,Mon-Th,0,22
9,0.03333333333333333,150.0,0,Mon-Th,1,2025-02-13,Mon-Th,0,22
18,120.0,150.0,0,Mon-Th,1,2025-02-13,Mon-Th,0,22
16,120.0,0.5,0,Mon-Th,1,2025-02-13,Mon-Th,0,22
16,120.0,150.0,0,Mon-Th,1,2025-02-13,Mon-Th,0,22
16,120.0,0.5,0,Mon-Th,1,2025-02-13,Mon-Th,0,22
12,120.0,150.0,0,Mon-Th,1,2025-02-13,Mon-Th,0,22
22,0.03333333333333333,0.5,0,Mon-Th,1,2025-02-13,Mon-Th,0,22
15,120.0,0.5,0,Mon-Th,1,2025-02-13,Mon-Th,0,22
15,120.0,150.0,0,Mon-Th,1,2025-02-13,Mon-Th,0,22
14,0.03333333333333333,0.5,0,Mon-Th,1,2025-02-13,Mon-Th,0,22
12,120.0,150.0,0,Mon-Th,1,2025-02-13,Mon-Th,0,22
11,0.03333333333333333,0.5,0,Mon-Th,1,2025-02-13,Mon-Th,0,22
16,120.0,0.5,0,Mon-Th,1,2025-02-13,Mon-Th,0,22
14,120.0,0.5,0,Mon-Th,1,2025-02-17,Mon-Th,0,24
16,120.0,150.0,0,Mon-Th,1,2025-02-17,Mon-Th,0,24
14,0.03333333333333333,150.0,0,Mon-Th,1,2025-02-17,Mon-Th,0,24
14,0.03333333333333333,150.0,0,Mon-Th,1,2025-02-17,Mon-Th,0,24
16,0.03333333333333333,0.5,0,Mon-Th,1,2025-02-17,Mon-Th,0,24
15,120.0,0.5,0,Mon-Th,1,2025-02-17,Mon-Th,0,24
16,120.0,150.0,0,Mon-Th,1,2025-02-17,Mon-Th,0,24
12,120.0,0.5,0,Mon-Th,1,2025-02-17,Mon-Th,0,24
17,120.0,0.5,0,Mon-Th,1,2025-02-17,Mon-Th,0,24
16,120.0,150.0,0,Mon-Th,1,2025-02-17,Mon-Th,0,24
16,120.0,150.0,0,Mon-Th,1,2025-02-17,Mon-Th,0,24
12,120.0,0.5,0,Mon-Th,1,2025-02-17,Mon-Th,0,24
0,120.0,150.0,0,Mon-Th,1,2025-02-17,Mon-Th,0,24
17,120.0,0.5,0,Mon-Th,1,2025-02-17,Mon-Th,0,24
19,120.0,150.0,0,Mon-Th,1,2025-02-17,Mon-Th,0,24
18,0.03333333333333333,150.0,0,Mon-Th,1,2025-02-17,Mon-Th,0,24
15,0.03333333333333333,150.0,0,Mon-Th,1,2025-02-17,Mon-Th,0,24
20,120.0,0.5,0,Mon-Th,1,2025-02-17,Mon-Th,0,24
16,0.03333333333333333,150.0,0,Mon-Th,1,2025-02-17,Mon-Th,0,24
0,0.03333333333333333,0.5,0,Mon-Th,1,2025-02-17,Mon-Th,0,24
16,120.0,150.0,0,Mon-Th,1,2025-02-17,Mon-Th,0,24
16,120.0,0.5,0,Mon-Th,1,2025-02-17,Mon-Th,0,24
14,0.03333333333333333,150.0,0,Mon-Th,1,2025-02-17,Mon-Th,0,24
12,120.0,150.0,0,Mon-Th,1,2025-02-17,Mon-Th,0,24
12,120.0,150.0,0,Mon-Th,1,2025-02-18,Mon-Th,0,33
15,0.03333333333333333,150.0,0,Mon-Th,1,2025-02-18,Mon-Th,0,33
16,0.03333333333333333,150.0,0,Mon-Th,1,2025-02-18,Mon-Th,0,33
16,0.03333333333333333,0.5,0,Mon-Th,1,2025-02-18,Mon-Th,0,33
16,120.0,150.0,0,Mon-Th,1,2025-02-18,Mon-Th,0,33
16,0.03333333333333333,150.0,0,Mon-Th,1,2025-02-18,Mon-Th,0,33
16,0.03333333333333333,0.5,0,Mon-Th,1,2025-02-18,Mon-Th,0,33
16,0.03333333333333333,150.0,0,Mon-Th,1,2025-02-18,Mon-Th,0,33
16,0.03333333333333333,0.5,0,Mon-Th,1,2025-02-18,Mon-Th,0,33
16,0.03333333333333333,150.0,0,Mon-Th,1,2025-02-18,Mon-Th,0,33
16,0.03333333333333333,150.0,0,Mon-Th,1,2025-02-18,Mon-Th,0,33
16,120.0,150.0,0,Mon-Th,1,2025-02-18,Mon-Th,0,33
16,120.0,0.5,0,Mon-Th,1,2025-02-18,Mon-Th,0,33
7,120.0,0.5,0,Mon-Th,1,2025-02-18,Mon-Th,0,33
16,0.03333333333333333,150.0,0,Mon-Th,1,2025-02-18,Mon-Th,0,33
16,0.03333333333333333,0.5,0,Mon-Th,1,2025-02-18,Mon-Th,0,33
20,120.0,0.5,0,Mon-Th,1,2025-02-18,Mon-Th,0,33
12,120.0,150.0,0,Mon-Th,1,2025-02-18,Mon-Th,0,33
10,120.0,0.5,0,Mon-Th,1,2025-02-18,Mon-Th,0,33
17,120.0,0.5,0,Mon-Th,1,2025-02-18,Mon-Th,0,33
16,0.03333333333333333,150.0,0,Mon-Th,1,2025-02-18,Mon-Th,0,33
22,0.03333333333333333,0.5,0,Mon-Th,1,2025-02-18,Mon-Th,0,33
16,120.0,150.0,0,Mon-Th,1,2025-02-18,Mon-Th,0,33
16,0.03333333333333333,0.5,0,Mon-Th,1,2025-02-18,Mon-Th,0,33
16,120.0,150.0,0,Mon-Th,1,2025-02-18,Mon-Th,0,33
14,0.03333333333333333,150.0,0,Mon-Th,1,2025-02-18,Mon-Th,0,33
16,0.03333333333333333,0.5,0,Mon-Th,1,2025-02-18,Mon-Th,0,33
16,0.03333333333333333,150.0,0,Mon-Th,1,2025-02-18,Mon-Th,0,33
14,120.0,150.0,0,Mon-Th,1,2025-02-18,Mon-Th,0,33
10,120.0,0.5,0,Mon-Th,1,2025-02-18,Mon-Th,0,33
19,120.0,150.0,0,Mon-Th,1,2025-02-18,Mon-Th,0,33
23,0.03333333333333333,0.5,0,Mon-Th,1,2025-02-18,Mon-Th,0,33
12,0.03333333333333333,0.5,0,Mon-Th,1,2025-02-18,Mon-Th,0,33
14,0.03333333333333333,150.0,0,Mon-Th,1,2025-02-19,Mon-Th,0,27
12,120.0,0.5,0,Mon-Th,1,2025-02-19,Mon-Th,0,27
16,120.0,150.0,0,Mon-Th,1,2025-02-19,Mon-Th,0,27
16,0.03333333333333333,150.0,0,Mon-Th,1,2025-02-19,Mon-Th,0,27
2,0.03333333333333333,150.0,0,Mon-Th,1,2025-02-19,Mon-Th,0,27
15,120.0,150.0,0,Mon-Th,1,2025-02-19,Mon-Th,0,27
10,0.03333333333333333,150.0,0,Mon-Th,1,2025-02-19,Mon-Th,0,27
16,120.0,0.5,0,Mon-Th,1,2025-02-19,Mon-Th,0,27
16,120.0,150.0,0,Mon-Th,1,2025-02-19,Mon-Th,0,27
20,120.0,0.5,0,Mon-Th,1,2025-02-19,Mon-Th,0,27
16,0.03333333333333333,150.0,0,Mon-Th,1,2025-02-19,Mon-Th,0,27
17,120.0,150.0,0,Mon-Th,1,2025-02-19,Mon-Th,0,27
14,120.0,0.5,0,Mon-Th,1,2025-02-19,Mon-Th,0,27
13,0.03333333333333333,150.0,0,Mon-Th,1,2025-02-19,Mon-Th,0,27
16,0.03333333333333333,0.5,0,Mon-Th,1,2025-02-19,Mon-Th,0,27
16,0.03333333333333333,150.0,0,Mon-Th,1,2025-02-19,Mon-Th,0,27
7,120.0,0.5,0,Mon-Th,1,2025-02-19,Mon-Th,0,27
16,120.0,150.0,0,Mon-Th,1,2025-02-19,Mon-Th,0,27
15,120.0,0.5,0,Mon-Th,1,2025-02-19,Mon-Th,0,27
18,0.03333333333333333,0.5,0,Mon-Th,1,2025-02-19,Mon-Th,0,27
16,0.03333333333333333,0.5,0,Mon-Th,1,2025-02-19,Mon-Th,0,27
12,0.03333333333333333,150.0,0,Mon-Th,1,2025-02-19,Mon-Th,0,27
16,120.0,150.0,0,Mon-Th,1,2025-02-19,Mon-Th,0,27
16,0.03333333333333333,150.0,0,Mon-Th,1,2025-02-19,Mon-Th,0,27
19,120.0,150.0,0,Mon-Th,1,2025-02-19,Mon-Th,0,27
16,120.0,0.5,0,Mon-Th,1,2025-02-19,Mon-Th,0,27
19,120.0,150.0,0,Mon-Th,1,2025-02-19,Mon-Th,0,27
16,120.0,150.0,0,Mon-Th,1,2025-02-20,Mon-Th,0,31
16,0.03333333333333333,0.5,0,Mon-Th,1,2025-02-20,Mon-Th,0,31
12,120.0,0.5,0,Mon-Th,1,2025-02-20,Mon-Th,0,31
16,0.03333333333333333,150.0,0,Mon-Th,1,2025-02-20,Mon-Th,0,31
16,0.03333333333333333,150.0,0,Mon-Th,1,2025-02-20,Mon-Th,0,31
14,0.03333333333333333,150.0,0,Mon-Th,1,2025-02-20,Mon-Th,0,31
22,0.03333333333333333,0.5,0,Mon-Th,1,2025-02-20,Mon-Th,0,31
16,120.0,150.0,0,Mon-Th,1,2025-02-20,Mon-Th,0,31
16,120.0,150.0,0,Mon-Th,1,2025-02-20,Mon-Th,0,31
20,120.0,0.5,0,Mon-Th,1,2025-02-20,Mon-Th,0,31
20,120.0,0.5,0,Mon-Th,1,2025-02-20,Mon-Th,0,31
12,120.0,0.5,0,Mon-Th,1,2025-02-20,Mon-Th,0,31
16,120.0,0.5,0,Mon-Th,1,2025-02-20,Mon-Th,0,31
10,120.0,0.5,0,Mon-Th,1,2025-02-20,Mon-Th,0,31
12,0.03333333333333333,0.5,0,Mon-Th,1,2025-02-20,Mon-Th,0,31
16,120.0,0.5,0,Mon-Th,1,2025-02-20,Mon-Th,0,31
17,120.0,0.5,0,Mon-Th,1,2025-02-20,Mon-Th,0,31
14,0.03333333333333333,0.5,0,Mon-Th,1,2025-02-20,Mon-Th,0,31
12,120.0,0.5,0,Mon-Th,1,2025-02-20,Mon-Th,0,31
16,120.0,0.5,0,Mon-Th,1,2025-02-20,Mon-Th,0,31
16,0.03333333333333333,150.0,0,Mon-Th,1,2025-02-20,Mon-Th,0,31
16,120.0,150.0,0,Mon-Th,1,2025-02-20,Mon-Th,0,31
16,120.0,0.5,0,Mon-Th,1,2025-02-20,Mon-Th,0,31
16,120.0,150.0,0,Mon-Th,1,2025-02-20,Mon-Th,0,31
12,0.03333333333333333,0.5,0,Mon-Th,1,2025-02-20,Mon-Th,0,31
22,120.0,0.5,0,Mon-Th,1,2025-02-20,Mon-Th,0,31
21,120.0,0.5,0,Mon-Th,1,2025-02-20,Mon-Th,0,31
15,0.03333333333333333,150.0,0,Mon-Th,1,2025-02-20,Mon-Th,0,31
16,0.03333333333333333,150.0,0,Mon-Th,1,2025-02-20,Mon-Th,0,31
16,120.0,0.5,0,Mon-Th,1,2025-02-20,Mon-Th,0,31
16,0.03333333333333333,150.0,0,Mon-Th,1,2025-02-20,Mon-Th,0,31
17,120.0,0.5,0,Mon-Th,1,2025-02-24,Mon-Th,0,26
12,120.0,150.0,0,Mon-Th,1,2025-02-24,Mon-Th,0,26
20,0.03333333333333333,150.0,0,Mon-Th,1,2025-02-24,Mon-Th,0,26
16,0.03333333333333333,150.0,0,Mon-Th,1,2025-02-24,Mon-Th,0,26
12,120.0,0.5,0,Mon-Th,1,2025-02-24,Mon-Th,0,26
14,0.03333333333333333,150.0,0,Mon-Th,1,2025-02-24,Mon-Th,0,26
16,120.0,150.0,0,Mon-Th,1,2025-02-24,Mon-Th,0,26
16,0.03333333333333333,0.5,0,Mon-Th,1,2025-02-24,Mon-Th,0,26
16,0.03333333333333333,0.5,0,Mon-Th,1,2025-02-24,Mon-Th,0,26
12,120.0,150.0,0,Mon-Th,1,2025-02-24,Mon-Th,0,26
16,0.03333333333333333,0.5,0,Mon-Th,1,2025-02-24,Mon-Th,0,26
16,0.03333333333333333,150.0,0,Mon-Th,1,2025-02-24,Mon-Th,0,26
16,120.0,150.0,0,Mon-Th,1,2025-02-24,Mon-Th,0,26
16,120.0,150.0,0,Mon-Th,1,2025-02-24,Mon-Th,0,26
16,120.0,150.0,0,Mon-Th,1,2025-02-24,Mon-Th,0,26
18,0.03333333333333333,0.5,0,Mon-Th,1,2025-02-24,Mon-Th,0,26
12,120.0,0.5,0,Mon-Th,1,2025-02-24,Mon-Th,0,26
13,0.03333333333333333,150.0,0,Mon-Th,1,2025-02-24,Mon-Th,0,26
15,120.0,0.5,0,Mon-Th,1,2025-02-24,Mon-Th,0,26
16,120.0,0.5,0,Mon-Th,1,2025-02-24,Mon-Th,0,26
10,0.03333333333333333,150.0,0,Mon-Th,1,2025-02-24,Mon-Th,0,26
16,0.03333333333333333,150.0,0,Mon-Th,1,2025-02-24,Mon-Th,0,26
16,120.0,150.0,0,Mon-Th,1,2025-02-24,Mon-Th,0,26
22,120.0,0.5,0,Mon-Th,1,2025-02-24,Mon-Th,0,26
16,0.03333333333333333,0.5,0,Mon-Th,1,2025-02-24,Mon-Th,0,26
15,120.0,150.0,0,Mon-Th,1,2025-02-24,Mon-Th,0,26
14,0.03333333333333333,150.0,0,Mon-Th,1,2025-02-25,Mon-Th,0,24
16,0.03333333333333333,0.5,0,Mon-Th,1,2025-02-25,Mon-Th,0,24
12,120.0,150.0,0,Mon-Th,1,2025-02-25,Mon-Th,0,24
14,120.0,150.0,0,Mon-Th,1,2025-02-25,Mon-Th,0,24
17,120.0,150.0,0,Mon-Th,1,2025-02-25,Mon-Th,0,24
16,120.0,150.0,0,Mon-Th,1,2025-02-25,Mon-Th,0,24
12,120.0,150.0,0,Mon-Th,1,2025-02-25,Mon-Th,0,24
16,0.03333333333333333,0.5,0,Mon-Th,1,2025-02-25,Mon-Th,0,24
16,0.03333333333333333,0.5,0,Mon-Th,1,2025-02-25,Mon-Th,0,24
19,0.03333333333333333,0.5,0,Mon-Th,1,2025-02-25,Mon-Th,0,24
16,120.0,150.0,0,Mon-Th,1,2025-02-25,Mon-Th,0,24
16,120.0,150.0,0,Mon-Th,1,2025-02-25,Mon-Th,0,24
12,0.03333333333333333,150.0,0,Mon-Th,1,2025-02-25,Mon-Th,0,24
15,120.0,0.5,0,Mon-Th,1,2025-02-25,Mon-Th,0,24
17,120.0,0.5,0,Mon-Th,1,2025-02-25,Mon-Th,0,24
16,0.03333333333333333,0.5,0,Mon-Th,1,2025-02-25,Mon-Th,0,24
18,0.03333333333333333,0.5,0,Mon-Th,1,2025-02-25,Mon-Th,0,24
20,0.03333333333333333,0.5,0,Mon-Th,1,2025-02-25,Mon-Th,0,24
16,0.03333333333333333,0.5,0,Mon-Th,1,2025-02-25,Mon-Th,0,24
18,0.03333333333333333,0.5,0,Mon-Th,1,2025-02-25,Mon-Th,0,24
16,0.03333333333333333,0.5,0,Mon-Th,1,2025-02-25,Mon-Th,0,24
12,120.0,0.5,0,Mon-Th,1,2025-02-25,Mon-Th,0,24
21,0.03333333333333333,150.0,0,Mon-Th,1,2025-02-25,Mon-Th,0,24
16,0.03333333333333333,150.0,0,Mon-Th,1,2025-02-25,Mon-Th,0,24
16,0.03333333333333333,150.0,0,Mon-Th,1,2025-02-26,Mon-Th,0,29
13,0.03333333333333333,150.0,0,Mon-Th,1,2025-02-26,Mon-Th,0,29
16,120.0,0.5,0,Mon-Th,1,2025-02-26,Mon-Th,0,29
4,120.0,0.5,0,Mon-Th,1,2025-02-26,Mon-Th,0,29
16,0.03333333333333333,0.5,0,Mon-Th,1,2025-02-26,Mon-Th,0,29
16,120.0,150.0,0,Mon-Th,1,2025-02-26,Mon-Th,0,29
17,0.03333333333333333,0.5,0,Mon-Th,1,2025-02-26,Mon-Th,0,29
12,0.03333333333333333,150.0,0,Mon-Th,1,2025-02-26,Mon-Th,0,29
16,120.0,0.5,0,Mon-Th,1,2025-02-26,Mon-Th,0,29
13,120.0,0.5,0,Mon-Th,1,2025-02-26,Mon-Th,0,29
14,0.03333333333333333,150.0,0,Mon-Th,1,2025-02-26,Mon-Th,0,29
16,0.03333333333333333,150.0,0,Mon-Th,1,2025-02-26,Mon-Th,0,29
20,0.03333333333333333,0.5,0,Mon-Th,1,2025-02-26,Mon-Th,0,29
17,120.0,150.0,0,Mon-Th,1,2025-02-26,Mon-Th,0,29
21,120.0,0.5,0,Mon-Th,1,2025-02-26,Mon-Th,0,29
12,120.0,0.5,0,Mon-Th,1,2025-02-26,Mon-Th,0,29
12,120.0,150.0,0,Mon-Th,1,2025-02-26,Mon-Th,0,29
16,120.0,150.0,0,Mon-Th,1,2025-02-26,Mon-Th,0,29
21,120.0,0.5,0,Mon-Th,1,2025-02-26,Mon-Th,0,29
16,120.0,150.0,0,Mon-Th,1,2025-02-26,Mon-Th,0,29
22,120.0,0.5,0,Mon-Th,1,2025-02-26,Mon-Th,0,29
21,0.03333333333333333,0.5,0,Mon-Th,1,2025-02-26,Mon-Th,0,29
16,120.0,150.0,0,Mon-Th,1,2025-02-26,Mon-Th,0,29
16,0.03333333333333333,150.0,0,Mon-Th,1,2025-02-26,Mon-Th,0,29
16,120.0,0.5,0,Mon-Th,1,2025-02-26,Mon-Th,0,29
7,120.0,0.5,0,Mon-Th,1,2025-02-26,Mon-Th,0,29
17,120.0,0.5,0,Mon-Th,1,2025-02-26,Mon-Th,0,29
16,0.03333333333333333,0.5,0,Mon-Th,1,2025-02-26,Mon-Th,0,29
19,0.03333333333333333,0.5,0,Mon-Th,1,2025-02-26,Mon-Th,0,29
16,120.0,0.5,0,Mon-Th,1,2025-02-27,Mon-Th,0,21
22,0.03333333333333333,150.0,0,Mon-Th,1,2025-02-27,Mon-Th,0,21
16,0.03333333333333333,150.0,0,Mon-Th,1,2025-02-27,Mon-Th,0,21
12,0.03333333333333333,0.5,0,Mon-Th,1,2025-02-27,Mon-Th,0,21
16,0.03333333333333333,0.5,0,Mon-Th,1,2025-02-27,Mon-Th,0,21
16,0.03333333333333333,0.5,0,Mon-Th,1,2025-02-27,Mon-Th,0,21
16,120.0,150.0,0,Mon-Th,1,2025-02-27,Mon-Th,0,21
4,120.0,0.5,0,Mon-Th,1,2025-02-27,Mon-Th,0,21
13,0.03333333333333333,0.5,0,Mon-Th,1,2025-02-27,Mon-Th,0,21
16,0.03333333333333333,0.5,0,Mon-Th,1,2025-02-27,Mon-Th,0,21
12,120.0,0.5,0,Mon-Th,1,2025-02-27,Mon-Th,0,21
21,120.0,150.0,0,Mon-Th,1,2025-02-27,Mon-Th,0,21
14,120.0,0.5,0,Mon-Th,1,2025-02-27,Mon-Th,0,21
9,120.0,0.5,0,Mon-Th,1,2025-02-27,Mon-Th,0,21
20,0.03333333333333333,150.0,0,Mon-Th,1,2025-02-27,Mon-Th,0,21
16,120.0,150.0,0,Mon-Th,1,2025-02-27,Mon-Th,0,21
16,0.03333333333333333,0.5,0,Mon-Th,1,2025-02-27,Mon-Th,0,21
19,120.0,0.5,0,Mon-Th,1,2025-02-27,Mon-Th,0,21
16,120.0,0.5,0,Mon-Th,1,2025-02-27,Mon-Th,0,21
16,0.03333333333333333,0.5,0,Mon-Th,1,2025-02-27,Mon-Th,0,21
21,0.03333333333333333,0.5,0,Mon-Th,1,2025-02-27,Mon-Th,0,21
15,120.0,150.0,0,Mon-Th,1,2025-03-03,Mon-Th,0,20
16,120.0,150.0,0,Mon-Th,1,2025-03-03,Mon-Th,0,20
21,120.0,0.5,0,Mon-Th,1,2025-03-03,Mon-Th,0,20
19,120.0,0.5,0,Mon-Th,1,2025-03-03,Mon-Th,0,20
0,0.03333333333333333,150.0,0,Mon-Th,1,2025-03-03,Mon-Th,0,20
16,120.0,150.0,0,Mon-Th,1,2025-03-03,Mon-Th,0,20
14,0.03333333333333333,0.5,0,Mon-Th,1,2025-03-03,Mon-Th,0,20
16,120.0,0.5,0,Mon-Th,1,2025-03-03,Mon-Th,0,20
19,0.03333333333333333,0.5,0,Mon-Th,1,2025-03-03,Mon-Th,0,20
16,0.03333333333333333,150.0,0,Mon-Th,1,2025-03-03,Mon-Th,0,20
17,120.0,150.0,0,Mon-Th,1,2025-03-03,Mon-Th,0,20
0,0.03333333333333333,0.5,0,Mon-Th,1,2025-03-03,Mon-Th,0,20
17,0.03333333333333333,150.0,0,Mon-Th,1,2025-03-03,Mon-Th,0,20
17,0.03333333333333333,0.5,0,Mon-Th,1,2025-03-03,Mon-Th,0,20
22,120.0,150.0,0,Mon-Th,1,2025-03-03,Mon-Th,0,20
17,0.03333333333333333,150.0,0,Mon-Th,1,2025-03-03,Mon-Th,0,20
13,0.03333333333333333,0.5,0,Mon-Th,1,2025-03-03,Mon-Th,0,20
18,0.03333333333333333,0.5,0,Mon-Th,1,2025-03-03,Mon-Th,0,20
16,0.03333333333333333,150.0,0,Mon-Th,1,2025-03-03,Mon-Th,0,20
16,0.03333333333333333,0.5,0,Mon-Th,1,2025-03-03,Mon-Th,0,20
14,0.03333333333333333,150.0,0,Mon-Th,1,2025-03-04,Mon-Th,0,25
16,0.03333333333333333,150.0,0,Mon-Th,1,2025-03-04,Mon-Th,0,25
16,120.0,150.0,0,Mon-Th,1,2025-03-04,Mon-Th,0,25
17,120.0,0.5,0,Mon-Th,1,2025-03-04,Mon-Th,0,25
14,0.03333333333333333,150.0,0,Mon-Th,1,2025-03-04,Mon-Th,0,25
16,0.03333333333333333,0.5,0,Mon-Th,1,2025-03-04,Mon-Th,0,25
13,0.03333333333333333,0.5,0,Mon-Th,1,2025-03-04,Mon-Th,0,25
16,120.0,0.5,0,Mon-Th,1,2025-03-04,Mon-Th,0,25
16,120.0,0.5,0,Mon-Th,1,2025-03-04,Mon-Th,0,25
18,120.0,0.5,0,Mon-Th,1,2025-03-04,Mon-Th,0,25
12,120.0,0.5,0,Mon-Th,1,2025-03-04,Mon-Th,0,25
21,120.0,0.5,0,Mon-Th,1,2025-03-04,Mon-Th,0,25
18,0.03333333333333333,0.5,0,Mon-Th,1,2025-03-04,Mon-Th,0,25
18,0.03333333333333333,150.0,0,Mon-Th,1,2025-03-04,Mon-Th,0,25
21,0.03333333333333333,0.5,0,Mon-Th,1,2025-03-04,Mon-Th,0,25
16,0.03333333333333333,0.5,0,Mon-Th,1,2025-03-04,Mon-Th,0,25
16,0.03333333333333333,150.0,0,Mon-Th,1,2025-03-04,Mon-Th,0,25
14,0.03333333333333333,0.5,0,Mon-Th,1,2025-03-04,Mon-Th,0,25
12,120.0,0.5,0,Mon-Th,1,2025-03-04,Mon-Th,0,25
16,120.0,0.5,0,Mon-Th,1,2025-03-04,Mon-Th,0,25
16,120.0,0.5,0,Mon-Th,1,2025-03-04,Mon-Th,0,25
16,120.0,150.0,0,Mon-Th,1,2025-03-04,Mon-Th,0,25
14,0.03333333333333333,150.0,0,Mon-Th,1,2025-03-04,Mon-Th,0,25
4,0.03333333333333333,0.5,0,Mon-Th,1,2025-03-04,Mon-Th,0,25
16,120.0,0.5,0,Mon-Th,1,2025-03-04,Mon-Th,0,25
21,120.0,150.0,0,Mon-Th,1,2025-03-05,Mon-Th,0,33
22,0.03333333333333333,150.0,0,Mon-Th,1,2025-03-05,Mon-Th,0,33
13,120.0,0.5,0,Mon-Th,1,2025-03-05,Mon-Th,0,33
13,0.03333333333333333,150.0,0,Mon-Th,1,2025-03-05,Mon-Th,0,33
12,0.03333333333333333,0.5,0,Mon-Th,1,2025-03-05,Mon-Th,0,33
17,120.0,0.5,0,Mon-Th,1,2025-03-05,Mon-Th,0,33
16,120.0,0.5,0,Mon-Th,1,2025-03-05,Mon-Th,0,33
16,0.03333333333333333,0.5,0,Mon-Th,1,2025-03-05,Mon-Th,0,33
20,120.0,0.5,0,Mon-Th,1,2025-03-05,Mon-Th,0,33
21,0.03333333333333333,150.0,0,Mon-Th,1,2025-03-05,Mon-Th,0,33
12,120.0,150.0,0,Mon-Th,1,2025-03-05,Mon-Th,0,33
12,120.0,0.5,0,Mon-Th,1,2025-03-05,Mon-Th,0,33
16,0.03333333333333333,150.0,0,Mon-Th,1,2025-03-05,Mon-Th,0,33
16,0.03333333333333333,0.5,0,Mon-Th,1,2025-03-05,Mon-Th,0,33
12,0.03333333333333333,150.0,0,Mon-Th,1,2025-03-05,Mon-Th,0,33
12,120.0,150.0,0,Mon-Th,1,2025-03-05,Mon-Th,0,33
16,120.0,150.0,0,Mon-Th,1,2025-03-05,Mon-Th,0,33
14,120.0,0.5,0,Mon-Th,1,2025-03-05,Mon-Th,0,33
14,0.03333333333333333,150.0,0,Mon-Th,1,2025-03-05,Mon-Th,0,33
16,0.03333333333333333,0.5,0,Mon-Th,1,2025-03-05,Mon-Th,0,33
15,120.0,0.5,0,Mon-Th,1,2025-03-05,Mon-Th,0,33
12,120.0,150.0,0,Mon-Th,1,2025-03-05,Mon-Th,0,33
16,120.0,0.5,0,Mon-Th,1,2025-03-05,Mon-Th,0,33
20,120.0,0.5,0,Mon-Th,1,2025-03-05,Mon-Th,0,33
16,0.03333333333333333,150.0,0,Mon-Th,1,2025-03-05,Mon-Th,0,33
22,0.03333333333333333,0.5,0,Mon-Th,1,2025-03-05,Mon-Th,0,33
16,0.03333333333333333,150.0,0,Mon-Th,1,2025-03-05,Mon-Th,0,33
16,0.03333333333333333,0.5,0,Mon-Th,1,2025-03-05,Mon-Th,0,33
16,0.03333333333333333,150.0,0,Mon-Th,1,2025-03-05,Mon-Th,0,33
21,0.03333333333333333,0.5,0,Mon-Th,1,2025-03-05,Mon-Th,0,33
16,0.03333333333333333,0.5,0,Mon-Th,1,2025-03-05,Mon-Th,0,33
16,120.0,150.0,0,Mon-Th,1,2025-03-05,Mon-Th,0,33
17,0.03333333333333333,150.0,0,Mon-Th,1,2025-03-05,Mon-Th,0,33
17,120.0,0.5,0,Mon-Th,1,2025-03-06,Mon-Th,0,31
22,120.0,0.5,0,Mon-Th,1,2025-03-06,Mon-Th,0,31
16,120.0,0.5,0,Mon-Th,1,2025-03-06,Mon-Th,0,31
16,120.0,0.5,0,Mon-Th,1,2025-03-06,Mon-Th,0,31
8,120.0,0.5,0,Mon-Th,1,2025-03-06,Mon-Th,0,31
16,120.0,150.0,0,Mon-Th,1,2025-03-06,Mon-Th,0,31
11,120.0,0.5,0,Mon-Th,1,2025-03-06,Mon-Th,0,31
19,120.0,0.5,0,Mon-Th,1,2025-03-06,Mon-Th,0,31
5,0.03333333333333333,150.0,0,Mon-Th,1,2025-03-06,Mon-Th,0,31
16,120.0,150.0,0,Mon-Th,1,2025-03-06,Mon-Th,0,31
14,0.03333333333333333,0.5,0,Mon-Th,1,2025-03-06,Mon-Th,0,31
20,0.03333333333333333,0.5,0,Mon-Th,1,2025-03-06,Mon-Th,0,31
14,0.03333333333333333,150.0,0,Mon-Th,1,2025-03-06,Mon-Th,0,31
15,0.03333333333333333,0.5,0,Mon-Th,1,2025-03-06,Mon-Th,0,31
16,120.0,0.5,0,Mon-Th,1,2025-03-06,Mon-Th,0,31
14,0.03333333333333333,150.0,0,Mon-Th,1,2025-03-06,Mon-Th,0,31
16,0.03333333333333333,150.0,0,Mon-Th,1,2025-03-06,Mon-Th,0,31
14,120.0,0.5,0,Mon-Th,1,2025-03-06,Mon-Th,0,31
22,0.03333333333333333,0.5,0,Mon-Th,1,2025-03-06,Mon-Th,0,31
19,0.03333333333333333,150.0,0,Mon-Th,1,2025-03-06,Mon-Th,0,31
12,120.0,0.5,0,Mon-Th,1,2025-03-06,Mon-Th,0,31
3,0.03333333333333333,0.5,0,Mon-Th,1,2025-03-06,Mon-Th,0,31
22,120.0,0.5,0,Mon-Th,1,2025-03-06,Mon-Th,0,31
16,0.03333333333333333,0.5,0,Mon-Th,1,2025-03-06,Mon-Th,0,31
12,120.0,0.5,0,Mon-Th,1,2025-03-06,Mon-Th,0,31
18,0.03333333333333333,0.5,0,Mon-Th,1,2025-03-06,Mon-Th,0,31
16,0.03333333333333333,150.0,0,Mon-Th,1,2025-03-06,Mon-Th,0,31
16,0.03333333333333333,150.0,0,Mon-Th,1,2025-03-06,Mon-Th,0,31
20,0.03333333333333333,0.5,0,Mon-Th,1,2025-03-06,Mon-Th,0,31
20,120.0,0.5,0,Mon-Th,1,2025-03-06,Mon-Th,0,31
17,120.0,150.0,0,Mon-Th,1,2025-03-06,Mon-Th,0,31
10,0.03333333333333333,0.5,0,Mon-Th,1,2025-03-10,Mon-Th,0,27
18,0.03333333333333333,0.5,0,Mon-Th,1,2025-03-10,Mon-Th,0,27
16,0.03333333333333333,0.5,0,Mon-Th,1,2025-03-10,Mon-Th,0,27
16,0.03333333333333333,0.5,0,Mon-Th,1,2025-03-10,Mon-Th,0,27
15,120.0,0.5,0,Mon-Th,1,2025-03-10,Mon-Th,0,27
16,120.0,0.5,0,Mon-Th,1,2025-03-10,Mon-Th,0,27
16,0.03333333333333333,150.0,0,Mon-Th,1,2025-03-10,Mon-Th,0,27
14,0.03333333333333333,150.0,0,Mon-Th,1,2025-03-10,Mon-Th,0,27
20,120.0,0.5,0,Mon-Th,1,2025-03-10,Mon-Th,0,27
16,120.0,0.5,0,Mon-Th,1,2025-03-10,Mon-Th,0,27
17,0.03333333333333333,0.5,0,Mon-Th,1,2025-03-10,Mon-Th,0,27
16,0.03333333333333333,150.0,0,Mon-Th,1,2025-03-10,Mon-Th,0,27
16,120.0,0.5,0,Mon-Th,1,2025-03-10,Mon-Th,0,27
16,120.0,150.0,0,Mon-Th,1,2025-03-10,Mon-Th,0,27
16,120.0,0.5,0,Mon-Th,1,2025-03-10,Mon-Th,0,27
12,120.0,0.5,0,Mon-Th,1,2025-03-10,Mon-Th,0,27
16,120.0,0.5,0,Mon-Th,1,2025-03-10,Mon-Th,0,27
16,0.03333333333333333,150.0,0,Mon-Th,1,2025-03-10,Mon-Th,0,27
19,0.03333333333333333,0.5,0,Mon-Th,1,2025-03-10,Mon-Th,0,27
17,120.0,150.0,0,Mon-Th,1,2025-03-10,Mon-Th,0,27
19,120.0,150.0,0,Mon-Th,1,2025-03-10,Mon-Th,0,27
19,0.03333333333333333,150.0,0,Mon-Th,1,2025-03-10,Mon-Th,0,27
18,120.0,0.5,0,Mon-Th,1,2025-03-10,Mon-Th,0,27
16,120.0,150.0,0,Mon-Th,1,2025-03-10,Mon-Th,0,27
20,120.0,0.5,0,Mon-Th,1,2025-03-10,Mon-Th,0,27
8,0.03333333333333333,0.5,0,Mon-Th,1,2025-03-10,Mon-Th,0,27
13,0.03333333333333333,0.5,0,Mon-Th,1,2025-03-10,Mon-Th,0,27
16,0.03333333333333333,0.5,0,Mon-Th,1,2025-03-11,Mon-Th,0,25
23,0.03333333333333333,0.5,0,Mon-Th,1,2025-03-11,Mon-Th,0,25
16,120.0,0.5,0,Mon-Th,1,2025-03-11,Mon-Th,0,25
16,0.03333333333333333,0.5,0,Mon-Th,1,2025-03-11,Mon-Th,0,25
19,0.03333333333333333,150.0,0,Mon-Th,1,2025-03-11,Mon-Th,0,25
15,0.03333333333333333,150.0,0,Mon-Th,1,2025-03-11,Mon-Th,0,25
12,0.03333333333333333,0.5,0,Mon-Th,1,2025-03-11,Mon-Th,0,25
17,120.0,150.0,0,Mon-Th,1,2025-03-11,Mon-Th,0,25
15,120.0,0.5,0,Mon-Th,1,2025-03-11,Mon-Th,0,25
19,120.0,0.5,0,Mon-Th,1,2025-03-11,Mon-Th,0,25
16,0.03333333333333333,0.5,0,Mon-Th,1,2025-03-11,Mon-Th,0,25
16,0.03333333333333333,0.5,0,Mon-Th,1,2025-03-11,Mon-Th,0,25
16,120.0,0.5,0,Mon-Th,1,2025-03-11,Mon-Th,0,25
16,0.03333333333333333,0.5,0,Mon-Th,1,2025-03-11,Mon-Th,0,25
17,120.0,0.5,0,Mon-Th,1,2025-03-11,Mon-Th,0,25
16,120.0,0.5,0,Mon-Th,1,2025-03-11,Mon-Th,0,25
17,120.0,150.0,0,Mon-Th,1,2025-03-11,Mon-Th,0,25
16,120.0,150.0,0,Mon-Th,1,2025-03-11,Mon-Th,0,25
16,120.0,150.0,0,Mon-Th,1,2025-03-11,Mon-Th,0,25
17,0.03333333333333333,0.5,0,Mon-Th,1,2025-03-11,Mon-Th,0,25
15,120.0,150.0,0,Mon-Th,1,2025-03-11,Mon-Th,0,25
12,120.0,0.5,0,Mon-Th,1,2025-03-11,Mon-Th,0,25
16,120.0,150.0,0,Mon-Th,1,2025-03-11,Mon-Th,0,25
17,0.03333333333333333,150.0,0,Mon-Th,1,2025-03-11,Mon-Th,0,25
15,0.03333333333333333,0.5,0,Mon-Th,1,2025-03-11,Mon-Th,0,25
12,120.0,0.5,0,Mon-Th,1,2025-03-12,Mon-Th,0,35
16,0.03333333333333333,150.0,0,Mon-Th,1,2025-03-12,Mon-Th,0,35
14,0.03333333333333333,150.0,0,Mon-Th,1,2025-03-12,Mon-Th,0,35
16,0.03333333333333333,150.0,0,Mon-Th,1,2025-03-12,Mon-Th,0,35
11,0.03333333333333333,150.0,0,Mon-Th,1,2025-03-12,Mon-Th,0,35
12,120.0,150.0,0,Mon-Th,1,2025-03-12,Mon-Th,0,35
16,120.0,0.5,0,Mon-Th,1,2025-03-12,Mon-Th,0,35
16,120.0,150.0,0,Mon-Th,1,2025-03-12,Mon-Th,0,35
19,120.0,0.5,0,Mon-Th,1,2025-03-12,Mon-Th,0,35
10,120.0,0.5,0,Mon-Th,1,2025-03-12,Mon-Th,0,35
23,120.0,0.5,0,Mon-Th,1,2025-03-12,Mon-Th,0,35
16,120.0,0.5,0,Mon-Th,1,2025-03-12,Mon-Th,0,35
3,0.03333333333333333,150.0,0,Mon-Th,1,2025-03-12,Mon-Th,0,35
16,0.03333333333333333,150.0,0,Mon-Th,1,2025-03-12,Mon-Th,0,35
15,0.03333333333333333,0.5,0,Mon-Th,1,2025-03-12,Mon-Th,0,35
14,0.03333333333333333,0.5,0,Mon-Th,1,2025-03-12,Mon-Th,0,35
12,120.0,150.0,0,Mon-Th,1,2025-03-12,Mon-Th,0,35
13,120.0,0.5,0,Mon-Th,1,2025-03-12,Mon-Th,0,35
4,0.03333333333333333,0.5,0,Mon-Th,1,2025-03-12,Mon-Th,0,35
16,0.03333333333333333,0.5,0,Mon-Th,1,2025-03-12,Mon-Th,0,35
22,0.03333333333333333,150.0,0,Mon-Th,1,2025-03-12,Mon-Th,0,35
19,0.03333333333333333,150.0,0,Mon-Th,1,2025-03-12,Mon-Th,0,35
16,120.0,150.0,0,Mon-Th,1,2025-03-12,Mon-Th,0,35
17,0.03333333333333333,0.5,0,Mon-Th,1,2025-03-12,Mon-Th,0,35
17,0.03333333333333333,150.0,0,Mon-Th,1,2025-03-12,Mon-Th,0,35
23,0.03333333333333333,0.5,0,Mon-Th,1,2025-03-12,Mon-Th,0,35
21,120.0,0.5,0,Mon-Th,1,2025-03-12,Mon-Th,0,35
12,120.0,150.0,0,Mon-Th,1,2025-03-12,Mon-Th,0,35
12,120.0,0.5,0,Mon-Th,1,2025-03-12,Mon-Th,0,35
16,120.0,0.5,0,Mon-Th,1,2025-03-12,Mon-Th,0,35
16,0.03333333333333333,0.5,0,Mon-Th,1,2025-03-12,Mon-Th,0,35
17,0.03333333333333333,0.5,0,Mon-Th,1,2025-03-12,Mon-Th,0,35
16,120.0,150.0,0,Mon-Th,1,2025-03-12,Mon-Th,0,35
16,0.03333333333333333,150.0,0,Mon-Th,1,2025-03-12,Mon-Th,0,35
16,120.0,0.5,0,Mon-Th,1,2025-03-12,Mon-Th,0,35
12,120.0,150.0,0,Mon-Th,1,2025-03-13,Mon-Th,0,23
20,120.0,0.5,0,Mon-Th,1,2025-03-13,Mon-Th,0,23
16,120.0,0.5,0,Mon-Th,1,2025-03-13,Mon-Th,0,23
16,0.03333333333333333,0.5,0,Mon-Th,1,2025-03-13,Mon-Th,0,23
20,0.03333333333333333,150.0,0,Mon-Th,1,2025-03-13,Mon-Th,0,23
12,120.0,150.0,0,Mon-Th,1,2025-03-13,Mon-Th,0,23
16,0.03333333333333333,0.5,0,Mon-Th,1,2025-03-13,Mon-Th,0,23
14,0.03333333333333333,0.5,0,Mon-Th,1,2025-03-13,Mon-Th,0,23
16,120.0,150.0,0,Mon-Th,1,2025-03-13,Mon-Th,0,23
16,0.03333333333333333,150.0,0,Mon-Th,1,2025-03-13,Mon-Th,0,23
16,120.0,0.5,0,Mon-Th,1,2025-03-13,Mon-Th,0,23
14,120.0,0.5,0,Mon-Th,1,2025-03-13,Mon-Th,0,23
13,120.0,0.5,0,Mon-Th,1,2025-03-13,Mon-Th,0,23
14,0.03333333333333333,0.5,0,Mon-Th,1,2025-03-13,Mon-Th,0,23
21,0.03333333333333333,0.5,0,Mon-Th,1,2025-03-13,Mon-Th,0,23
18,0.03333333333333333,0.5,0,Mon-Th,1,2025-03-13,Mon-Th,0,23
16,120.0,150.0,0,Mon-Th,1,2025-03-13,Mon-Th,0,23
16,0.03333333333333333,150.0,0,Mon-Th,1,2025-03-13,Mon-Th,0,23
14,120.0,0.5,0,Mon-Th,1,2025-03-13,Mon-Th,0,23
18,0.03333333333333333,0.5,0,Mon-Th,1,2025-03-13,Mon-Th,0,23
12,120.0,150.0,0,Mon-Th,1,2025-03-13,Mon-Th,0,23
15,120.0,150.0,0,Mon-Th,1,2025-03-13,Mon-Th,0,23
16,120.0,0.5,0,Mon-Th,1,2025-03-13,Mon-Th,0,23
3,120.0,0.5,0,Mon-Th,1,2025-03-17,Mon-Th,0,22
16,0.03333333333333333,150.0,0,Mon-Th,1,2025-03-17,Mon-Th,0,22
16,0.03333333333333333,150.0,0,Mon-Th,1,2025-03-17,Mon-Th,0,22
12,120.0,150.0,0,Mon-Th,1,2025-03-17,Mon-Th,0,22
16,120.0,150.0,0,Mon-Th,1,2025-03-17,Mon-Th,0,22
15,0.03333333333333333,150.0,0,Mon-Th,1,2025-03-17,Mon-Th,0,22
12,120.0,150.0,0,Mon-Th,1,2025-03-17,Mon-Th,0,22
14,0.03333333333333333,150.0,0,Mon-Th,1,2025-03-17,Mon-Th,0,22
16,0.03333333333333333,150.0,0,Mon-Th,1,2025-03-17,Mon-Th,0,22
16,0.03333333333333333,150.0,0,Mon-Th,1,2025-03-17,Mon-Th,0,22
19,120.0,0.5,0,Mon-Th,1,2025-03-17,Mon-Th,0,22
12,120.0,0.5,0,Mon-Th,1,2025-03-17,Mon-Th,0,22
16,0.03333333333333333,0.5,0,Mon-Th,1,2025-03-17,Mon-Th,0,22
16,0.03333333333333333,150.0,0,Mon-Th,1,2025-03-17,Mon-Th,0,22
15,0.03333333333333333,0.5,0,Mon-Th,1,2025-03-17,Mon-Th,0,22
16,0.03333333333333333,0.5,0,Mon-Th,1,2025-03-17,Mon-Th,0,22
16,120.0,0.5,0,Mon-Th,1,2025-03-17,Mon-Th,0,22
16,0.03333333333333333,150.0,0,Mon-Th,1,2025-03-17,Mon-Th,0,22
12,120.0,0.5,0,Mon-Th,1,2025-03-17,Mon-Th,0,22
16,120.0,0.5,0,Mon-Th,1,2025-03-17,Mon-Th,0,22
19,120.0,0.5,0,Mon-Th,1,2025-03-17,Mon-Th,0,22
16,120.0,0.5,0,Mon-Th,1,2025-03-17,Mon-Th,0,22
13,0.03333333333333333,0.5,0,Mon-Th,1,2025-03-18,Mon-Th,0,35
16,120.0,150.0,0,Mon-Th,1,2025-03-18,Mon-Th,0,35
19,120.0,0.5,0,Mon-Th,1,2025-03-18,Mon-Th,0,35
21,0.03333333333333333,0.5,0,Mon-Th,1,2025-03-18,Mon-Th,0,35
15,0.03333333333333333,0.5,0,Mon-Th,1,2025-03-18,Mon-Th,0,35
14,0.03333333333333333,0.5,0,Mon-Th,1,2025-03-18,Mon-Th,0,35
16,0.03333333333333333,0.5,0,Mon-Th,1,2025-03-18,Mon-Th,0,35
16,120.0,150.0,0,Mon-Th,1,2025-03-18,Mon-Th,0,35
12,120.0,150.0,0,Mon-Th,1,2025-03-18,Mon-Th,0,35
12,120.0,150.0,0,Mon-Th,1,2025-03-18,Mon-Th,0,35
16,120.0,0.5,0,Mon-Th,1,2025-03-18,Mon-Th,0,35
12,120.0,150.0,0,Mon-Th,1,2025-03-18,Mon-Th,0,35
2,120.0,0.5,0,Mon-Th,1,2025-03-18,Mon-Th,0,35
16,0.03333333333333333,0.5,0,Mon-Th,1,2025-03-18,Mon-Th,0,35
14,120.0,0.5,0,Mon-Th,1,2025-03-18,Mon-Th,0,35
16,120.0,0.5,0,Mon-Th,1,2025-03-18,Mon-Th,0,35
16,120.0,150.0,0,Mon-Th,1,2025-03-18,Mon-Th,0,35
16,0.03333333333333333,0.5,0,Mon-Th,1,2025-03-18,Mon-Th,0,35
1,0.03333333333333333,0.5,0,Mon-Th,1,2025-03-18,Mon-Th,0,35
12,120.0,0.5,0,Mon-Th,1,2025-03-18,Mon-Th,0,35
8,0.03333333333333333,150.0,0,Mon-Th,1,2025-03-18,Mon-Th,0,35
22,120.0,0.5,0,Mon-Th,1,2025-03-18,Mon-Th,0,35
16,0.03333333333333333,150.0,0,Mon-Th,1,2025-03-18,Mon-Th,0,35
16,120.0,150.0,0,Mon-Th,1,2025-03-18,Mon-Th,0,35
16,120.0,150.0,0,Mon-Th,1,2025-03-18,Mon-Th,0,35
16,120.0,150.0,0,Mon-Th,1,2025-03-18,Mon-Th,0,35
17,0.03333333333333333,150.0,0,Mon-Th,1,2025-03-18,Mon-Th,0,35
12,120.0,0.5,0,Mon-Th,1,2025-03-18,Mon-Th,0,35
12,120.0,0.5,0,Mon-Th,1,2025-03-18,Mon-Th,0,35
16,120.0,0.5,0,Mon-Th,1,2025-03-18,Mon-Th,0,35
16,0.03333333333333333,150.0,0,Mon-Th,1,2025-03-18,Mon-Th,0,35
16,0.03333333333333333,0.5,0,Mon-Th,1,2025-03-18,Mon-Th,0,35
16,120.0,0.5,0,Mon-Th,1,2025-03-18,Mon-Th,0,35
16,120.0,0.5,0,Mon-Th,1,2025-03-18,Mon-Th,0,35
22,0.03333333333333333,0.5,0,Mon-Th,1,2025-03-18,Mon-Th,0,35
19,0.03333333333333333,0.5,0,Mon-Th,1,2025-03-19,Mon-Th,0,26
16,120.0,0.5,0,Mon-Th,1,2025-03-19,Mon-Th,0,26
16,120.0,0.5,0,Mon-Th,1,2025-03-19,Mon-Th,0,26
19,120.0,0.5,0,Mon-Th,1,2025-03-19,Mon-Th,0,26
16,120.0,150.0,0,Mon-Th,1,2025-03-19,Mon-Th,0,26
19,120.0,0.5,0,Mon-Th,1,2025-03-19,Mon-Th,0,26
16,0.03333333333333333,150.0,0,Mon-Th,1,2025-03-19,Mon-Th,0,26
16,0.03333333333333333,150.0,0,Mon-Th,1,2025-03-19,Mon-Th,0,26
14,0.03333333333333333,0.5,0,Mon-Th,1,2025-03-19,Mon-Th,0,26
20,120.0,0.5,0,Mon-Th,1,2025-03-19,Mon-Th,0,26
3,0.03333333333333333,150.0,0,Mon-Th,1,2025-03-19,Mon-Th,0,26
16,0.03333333333333333,0.5,0,Mon-Th,1,2025-03-19,Mon-Th,0,26
16,0.03333333333333333,0.5,0,Mon-Th,1,2025-03-19,Mon-Th,0,26
15,0.03333333333333333,150.0,0,Mon-Th,1,2025-03-19,Mon-Th,0,26
16,0.03333333333333333,150.0,0,Mon-Th,1,2025-03-19,Mon-Th,0,26
16,0.03333333333333333,150.0,0,Mon-Th,1,2025-03-19,Mon-Th,0,26
16,120.0,0.5,0,Mon-Th,1,2025-03-19,Mon-Th,0,26
16,0.03333333333333333,0.5,0,Mon-Th,1,2025-03-19,Mon-Th,0,26
17,0.03333333333333333,150.0,0,Mon-Th,1,2025-03-19,Mon-Th,0,26
16,120.0,150.0,0,Mon-Th,1,2025-03-19,Mon-Th,0,26
16,0.03333333333333333,0.5,0,Mon-Th,1,2025-03-19,Mon-Th,0,26
11,120.0,0.5,0,Mon-Th,1,2025-03-19,Mon-Th,0,26
16,0.03333333333333333,150.0,0,Mon-Th,1,2025-03-19,Mon-Th,0,26
16,0.03333333333333333,0.5,0,Mon-Th,1,2025-03-19,Mon-Th,0,26
15,0.03333333333333333,150.0,0,Mon-Th,1,2025-03-19,Mon-Th,0,26
16,0.03333333333333333,0.5,0,Mon-Th,1,2025-03-19,Mon-Th,0,26
19,120.0,0.5,0,Mon-Th,1,2025-03-20,Mon-Th,0,36
16,120.0,150.0,0,Mon-Th,1,2025-03-20,Mon-Th,0,36
8,120.0,0.5,0,Mon-Th,1,2025-03-20,Mon-Th,0,36
16,0.03333333333333333,0.5,0,Mon-Th,1,2025-03-20,Mon-Th,0,36
20,120.0,0.5,0,Mon-Th,1,2025-03-20,Mon-Th,0,36
12,120.0,150.0,0,Mon-Th,1,2025-03-20,Mon-Th,0,36
20,120.0,0.5,0,Mon-Th,1,2025-03-20,Mon-Th,0,36
16,0.03333333333333333,150.0,0,Mon-Th,1,2025-03-20,Mon-Th,0,36
16,120.0,0.5,0,Mon-Th,1,2025-03-20,Mon-Th,0,36
16,0.03333333333333333,150.0,0,Mon-Th,1,2025-03-20,Mon-Th,0,36
16,0.03333333333333333,0.5,0,Mon-Th,1,2025-03-20,Mon-Th,0,36
17,120.0,0.5,0,Mon-Th,1,2025-03-20,Mon-Th,0,36
12,120.0,150.0,0,Mon-Th,1,2025-03-20,Mon-Th,0,36
16,0.03333333333333333,150.0,0,Mon-Th,1,2025-03-20,Mon-Th,0,36
16,0.03333333333333333,150.0,0,Mon-Th,1,2025-03-20,Mon-Th,0,36
16,0.03333333333333333,150.0,0,Mon-Th,1,2025-03-20,Mon-Th,0,36
16,0.03333333333333333,0.5,0,Mon-Th,1,2025-03-20,Mon-Th,0,36
16,0.03333333333333333,0.5,0,Mon-Th,1,2025-03-20,Mon-Th,0,36
20,0.03333333333333333,0.5,0,Mon-Th,1,2025-03-20,Mon-Th,0,36
14,0.03333333333333333,150.0,0,Mon-Th,1,2025-03-20,Mon-Th,0,36
16,0.03333333333333333,150.0,0,Mon-Th,1,2025-03-20,Mon-Th,0,36
16,0.03333333333333333,150.0,0,Mon-Th,1,2025-03-20,Mon-Th,0,36
16,0.03333333333333333,0.5,0,Mon-Th,1,2025-03-20,Mon-Th,0,36
16,0.03333333333333333,150.0,0,Mon-Th,1,2025-03-20,Mon-Th,0,36
14,120.0,0.5,0,Mon-Th,1,2025-03-20,Mon-Th,0,36
16,120.0,0.5,0,Mon-Th,1,2025-03-20,Mon-Th,0,36
19,0.03333333333333333,0.5,0,Mon-Th,1,2025-03-20,Mon-Th,0,36
17,0.03333333333333333,150.0,0,Mon-Th,1,2025-03-20,Mon-Th,0,36
11,0.03333333333333333,0.5,0,Mon-Th,1,2025-03-20,Mon-Th,0,36
16,0.03333333333333333,0.5,0,Mon-Th,1,2025-03-20,Mon-Th,0,36
12,120.0,0.5,0,Mon-Th,1,2025-03-20,Mon-Th,0,36
15,0.03333333333333333,0.5,0,Mon-Th,1,2025-03-20,Mon-Th,0,36
9,120.0,0.5,0,Mon-Th,1,2025-03-20,Mon-Th,0,36
16,120.0,150.0,0,Mon-Th,1,2025-03-20,Mon-Th,0,36
15,0.03333333333333333,150.0,0,Mon-Th,1,2025-03-20,Mon-Th,0,36
16,120.0,0.5,0,Mon-Th,1,2025-03-20,Mon-Th,0,36
13,120.0,0.5,0,Mon-Th,1,2025-12-22,Mon-Th,0,26
22,0.03333333333333333,150.0,0,Mon-Th,1,2025-12-22,Mon-Th,0,26
16,0.03333333333333333,150.0,0,Mon-Th,1,2025-12-22,Mon-Th,0,26
18,0.03333333333333333,150.0,0,Mon-Th,1,2025-12-22,Mon-Th,0,26
18,120.0,0.5,0,Mon-Th,1,2025-12-22,Mon-Th,0,26
14,0.03333333333333333,150.0,0,Mon-Th,1,2025-12-22,Mon-Th,0,26
16,120.0,150.0,0,Mon-Th,1,2025-12-22,Mon-Th,0,26
1,120.0,0.5,0,Mon-Th,1,2025-12-22,Mon-Th,0,26
16,0.03333333333333333,150.0,0,Mon-Th,1,2025-12-22,Mon-Th,0,26
16,0.03333333333333333,150.0,0,Mon-Th,1,2025-12-22,Mon-Th,0,26
14,0.03333333333333333,0.5,0,Mon-Th,1,2025-12-22,Mon-Th,0,26
16,120.0,150.0,0,Mon-Th,1,2025-12-22,Mon-Th,0,26
0,120.0,0.5,0,Mon-Th,1,2025-12-22,Mon-Th,0,26
12,120.0,0.5,0,Mon-Th,1,2025-12-22,Mon-Th,0,26
16,0.03333333333333333,150.0,0,Mon-Th,1,2025-12-22,Mon-Th,0,26
16,120.0,150.0,0,Mon-Th,1,2025-12-22,Mon-Th,0,26
16,0.03333333333333333,150.0,0,Mon-Th,1,2025-12-22,Mon-Th,0,26
16,120.0,150.0,0,Mon-Th,1,2025-12-22,Mon-Th,0,26
12,120.0,0.5,0,Mon-Th,1,2025-12-22,Mon-Th,0,26
12,120.0,150.0,0,Mon-Th,1,2025-12-22,Mon-Th,0,26
23,0.03333333333333333,150.0,0,Mon-Th,1,2025-12-22,Mon-Th,0,26
20,120.0,0.5,0,Mon-Th,1,2025-12-22,Mon-Th,0,26
12,120.0,150.0,0,Mon-Th,1,2025-12-22,Mon-Th,0,26
17,0.03333333333333333,0.5,0,Mon-Th,1,2025-12-22,Mon-Th,0,26
16,0.03333333333333333,0.5,0,Mon-Th,1,2025-12-22,Mon-Th,0,26
16,120.0,0.5,0,Mon-Th,1,2025-12-22,Mon-Th,0,26
16,120.0,0.5,0,Mon-Th,1,2025-12-23,Mon-Th,0,25
16,0.03333333333333333,150.0,0,Mon-Th,1,2025-12-23,Mon-Th,0,25
23,0.03333333333333333,150.0,0,Mon-Th,1,2025-12-23,Mon-Th,0,25
16,120.0,150.0,0,Mon-Th,1,2025-12-23,Mon-Th,0,25
16,0.03333333333333333,150.0,0,Mon-Th,1,2025-12-23,Mon-Th,0,25
21,120.0,0.5,0,Mon-Th,1,2025-12-23,Mon-Th,0,25
8,120.0,150.0,0,Mon-Th,1,2025-12-23,Mon-Th,0,25
20,120.0,0.5,0,Mon-Th,1,2025-12-23,Mon-Th,0,25
16,120.0,150.0,0,Mon-Th,1,2025-12-23,Mon-Th,0,25
17,120.0,0.5,0,Mon-Th,1,2025-12-23,Mon-Th,0,25
14,0.03333333333333333,0.5,0,Mon-Th,1,2025-12-23,Mon-Th,0,25
23,0.03333333333333333,0.5,0,Mon-Th,1,2025-12-23,Mon-Th,0,25
20,120.0,150.0,0,Mon-Th,1,2025-12-23,Mon-Th,0,25
21,0.03333333333333333,0.5,0,Mon-Th,1,2025-12-23,Mon-Th,0,25
16,0.03333333333333333,150.0,0,Mon-Th,1,2025-12-23,Mon-Th,0,25
12,120.0,150.0,0,Mon-Th,1,2025-12-23,Mon-Th,0,25
16,0.03333333333333333,150.0,0,Mon-Th,1,2025-12-23,Mon-Th,0,25
14,0.03333333333333333,0.5,0,Mon-Th,1,2025-12-23,Mon-Th,0,25
21,120.0,0.5,0,Mon-Th,1,2025-12-23,Mon-Th,0,25
3,0.03333333333333333,0.5,0,Mon-Th,1,2025-12-23,Mon-Th,0,25
18,0.03333333333333333,0.5,0,Mon-Th,1,2025-12-23,Mon-Th,0,25
16,120.0,150.0,0,Mon-Th,1,2025-12-23,Mon-Th,0,25
23,120.0,0.5,0,Mon-Th,1,2025-12-23,Mon-Th,0,25
16,0.03333333333333333,150.0,0,Mon-Th,1,2025-12-23,Mon-Th,0,25
22,120.0,0.5,0,Mon-Th,1,2025-12-23,Mon-Th,0,25
16,120.0,150.0,0,Mon-Th,1,2025-12-24,Mon-Th,0,32
16,0.03333333333333333,0.5,0,Mon-Th,1,2025-12-24,Mon-Th,0,32
16,120.0,0.5,0,Mon-Th,1,2025-12-24,Mon-Th,0,32
12,120.0,150.0,0,Mon-Th,1,2025-12-24,Mon-Th,0,32
16,120.0,150.0,0,Mon-Th,1,2025-12-24,Mon-Th,0,32
17,120.0,150.0,0,Mon-Th,1,2025-12-24,Mon-Th,0,32
11,120.0,0.5,0,Mon-Th,1,2025-12-24,Mon-Th,0,32
16,0.03333333333333333,150.0,0,Mon-Th,1,2025-12-24,Mon-Th,0,32
17,0.03333333333333333,0.5,0,Mon-Th,1,2025-12-24,Mon-Th,0,32
16,0.03333333333333333,150.0,0,Mon-Th,1,2025-12-24,Mon-Th,0,32
19,120.0,150.0,0,Mon-Th,1,2025-12-24,Mon-Th,0,32
16,120.0,150.0,0,Mon-Th,1,2025-12-24,Mon-Th,0,32
16,120.0,150.0,0,Mon-Th,1,2025-12-24,Mon-Th,0,32
15,120.0,150.0,0,Mon-Th,1,2025-12-24,Mon-Th,0,32
17,0.03333333333333333,0.5,0,Mon-Th,1,2025-12-24,Mon-Th,0,32
16,120.0,0.5,0,Mon-Th,1,2025-12-24,Mon-Th,0,32
16,0.03333333333333333,150.0,0,Mon-Th,1,2025-12-24,Mon-Th,0,32
17,120.0,0.5,0,Mon-Th,1,2025-12-24,Mon-Th,0,32
17,120.0,0.5,0,Mon-Th,1,2025-12-24,Mon-Th,0,32
16,120.0,0.5,0,Mon-Th,1,2025-12-24,Mon-Th,0,32
14,0.03333333333333333,0.5,0,Mon-Th,1,2025-12-24,Mon-Th,0,32
16,0.03333333333333333,0.5,0,Mon-Th,1,2025-12-24,Mon-Th,0,32
16,0.03333333333333333,150.0,0,Mon-Th,1,2025-12-24,Mon-Th,0,32
15,0.03333333333333333,0.5,0,Mon-Th,1,2025-12-24,Mon-Th,0,32
16,0.03333333333333333,150.0,0,Mon-Th,1,2025-12-24,Mon-Th,0,32
16,120.0,0.5,0,Mon-Th,1,2025-12-24,Mon-Th,0,32
15,120.0,150.0,0,Mon-Th,1,2025-12-24,Mon-Th,0,32
16,0.03333333333333333,150.0,0,Mon-Th,1,2025-12-24,Mon-Th,0,32
16,120.0,150.0,0,Mon-Th,1,2025-12-24,Mon-Th,0,32
16,0.03333333333333333,150.0,0,Mon-Th,1,2025-12-24,Mon-Th,0,32
14,0.03333333333333333,0.5,0,Mon-Th,1,2025-12-24,Mon-Th,0,32
16,0.03333333333333333,150.0,0,Mon-Th,1,2025-12-24,Mon-Th,0,32
16,0.03333333333333333,150.0,0,Mon-Th,1,2025-12-25,Mon-Th,0,37
12,120.0,150.0,0,Mon-Th,1,2025-12-25,Mon-Th,0,37
8,0.03333333333333333,150.0,0,Mon-Th,1,2025-12-25,Mon-Th,0,37
14,120.0,150.0,0,Mon-Th,1,2025-12-25,Mon-Th,0,37
12,120.0,0.5,0,Mon-Th,1,2025-12-25,Mon-Th,0,37
20,0.03333333333333333,0.5,0,Mon-Th,1,2025-12-25,Mon-Th,0,37
16,120.0,150.0,0,Mon-Th,1,2025-12-25,Mon-Th,0,37
16,120.0,0.5,0,Mon-Th,1,2025-12-25,Mon-Th,0,37
16,120.0,0.5,0,Mon-Th,1,2025-12-25,Mon-Th,0,37
15,0.03333333333333333,0.5,0,Mon-Th,1,2025-12-25,Mon-Th,0,37
16,0.03333333333333333,0.5,0,Mon-Th,1,2025-12-25,Mon-Th,0,37
20,0.03333333333333333,0.5,0,Mon-Th,1,2025-12-25,Mon-Th,0,37
15,0.03333333333333333,150.0,0,Mon-Th,1,2025-12-25,Mon-Th,0,37
16,0.03333333333333333,150.0,0,Mon-Th,1,2025-12-25,Mon-Th,0,37
16,0.03333333333333333,150.0,0,Mon-Th,1,2025-12-25,Mon-Th,0,37
14,120.0,0.5,0,Mon-Th,1,2025-12-25,Mon-Th,0,37
20,120.0,0.5,0,Mon-Th,1,2025-12-25,Mon-Th,0,37
22,0.03333333333333333,0.5,0,Mon-Th,1,2025-12-25,Mon-Th,0,37
16,120.0,0.5,0,Mon-Th,1,2025-12-25,Mon-Th,0,37
12,120.0,150.0,0,Mon-Th,1,2025-12-25,Mon-Th,0,37
16,0.03333333333333333,150.0,0,Mon-Th,1,2025-12-25,Mon-Th,0,37
16,120.0,0.5,0,Mon-Th,1,2025-12-25,Mon-Th,0,37
17,0.03333333333333333,0.5,0,Mon-Th,1,2025-12-25,Mon-Th,0,37
12,120.0,150.0,0,Mon-Th,1,2025-12-25,Mon-Th,0,37
14,0.03333333333333333,150.0,0,Mon-Th,1,2025-12-25,Mon-Th,0,37
17,120.0,0.5,0,Mon-Th,1,2025-12-25,Mon-Th,0,37
14,0.03333333333333333,0.5,0,Mon-Th,1,2025-12-25,Mon-Th,0,37
16,120.0,150.0,0,Mon-Th,1,2025-12-25,Mon-Th,0,37
16,0.03333333333333333,150.0,0,Mon-Th,1,2025-12-25,Mon-Th,0,37
16,120.0,150.0,0,Mon-Th,1,2025-12-25,Mon-Th,0,37
16,0.03333333333333333,0.5,0,Mon-Th,1,2025-12-25,Mon-Th,0,37
14,0.03333333333333333,150.0,0,Mon-Th,1,2025-12-25,Mon-Th,0,37
16,120.0,150.0,0,Mon-Th,1,2025-12-25,Mon-Th,0,37
10,0.03333333333333333,0.5,0,Mon-Th,1,2025-12-25,Mon-Th,0,37
16,120.0,0.5,0,Mon-Th,1,2025-12-25,Mon-Th,0,37
16,0.03333333333333333,0.5,0,Mon-Th,1,2025-12-25,Mon-Th,0,37
13,120.0,0.5,0,Mon-Th,1,2025-12-25,Mon-Th,0,37
16,120.0,0.5,0,Mon-Th,1,2025-12-29,Mon-Th,0,30
11,120.0,0.5,0,Mon-Th,1,2025-12-29,Mon-Th,0,30
22,120.0,0.5,0,Mon-Th,1,2025-12-29,Mon-Th,0,30
14,0.03333333333333333,0.5,0,Mon-Th,1,2025-12-29,Mon-Th,0,30
15,0.03333333333333333,0.5,0,Mon-Th,1,2025-12-29,Mon-Th,0,30
1,0.03333333333333333,0.5,0,Mon-Th,1,2025-12-29,Mon-Th,0,30
12,120.0,150.0,0,Mon-Th,1,2025-12-29,Mon-Th,0,30
11,0.03333333333333333,0.5,0,Mon-Th,1,2025-12-29,Mon-Th,0,30
21,120.0,0.5,0,Mon-Th,1,2025-12-29,Mon-Th,0,30
16,0.03333333333333333,0.5,0,Mon-Th,1,2025-12-29,Mon-Th,0,30
21,0.03333333333333333,0.5,0,Mon-Th,1,2025-12-29,Mon-Th,0,30
16,0.03333333333333333,150.0,0,Mon-Th,1,2025-12-29,Mon-Th,0,30
16,120.0,0.5,0,Mon-Th,1,2025-12-29,Mon-Th,0,30
14,0.03333333333333333,0.5,0,Mon-Th,1,2025-12-29,Mon-Th,0,30
16,0.03333333333333333,150.0,0,Mon-Th,1,2025-12-29,Mon-Th,0,30
23,0.03333333333333333,0.5,0,Mon-Th,1,2025-12-29,Mon-Th,0,30
17,0.03333333333333333,0.5,0,Mon-Th,1,2025-12-29,Mon-Th,0,30
20,120.0,0.5,0,Mon-Th,1,2025-12-29,Mon-Th,0,30
16,120.0,150.0,0,Mon-Th,1,2025-12-29,Mon-Th,0,30
14,0.03333333333333333,150.0,0,Mon-Th,1,2025-12-29,Mon-Th,0,30
17,120.0,150.0,0,Mon-Th,1,2025-12-29,Mon-Th,0,30
16,0.03333333333333333,150.0,0,Mon-Th,1,2025-12-29,Mon-Th,0,30
12,120.0,150.0,0,Mon-Th,1,2025-12-29,Mon-Th,0,30
14,0.03333333333333333,0.5,0,Mon-Th,1,2025-12-29,Mon-Th,0,30
14,120.0,150.0,0,Mon-Th,1,2025-12-29,Mon-Th,0,30
18,0.03333333333333333,150.0,0,Mon-Th,1,2025-12-29,Mon-Th,0,30
20,0.03333333333333333,0.5,0,Mon-Th,1,2025-12-29,Mon-Th,0,30
14,0.03333333333333333,0.5,0,Mon-Th,1,2025-12-29,Mon-Th,0,30
16,0.03333333333333333,0.5,0,Mon-Th,1,2025-12-29,Mon-Th,0,30
16,120.0,150.0,0,Mon-Th,1,2025-12-29,Mon-Th,0,30
16,0.03333333333333333,150.0,0,Mon-Th,1,2025-12-30,Mon-Th,0,36
12,120.0,150.0,0,Mon-Th,1,2025-12-30,Mon-Th,0,36
14,120.0,150.0,0,Mon-Th,1,2025-12-30,Mon-Th,0,36
16,0.03333333333333333,150.0,0,Mon-Th,1,2025-12-30,Mon-Th,0,36
14,0.03333333333333333,0.5,0,Mon-Th,1,2025-12-30,Mon-Th,0,36
14,0.03333333333333333,150.0,0,Mon-Th,1,2025-12-30,Mon-Th,0,36
17,120.0,0.5,0,Mon-Th,1,2025-12-30,Mon-Th,0,36
15,120.0,150.0,0,Mon-Th,1,2025-12-30,Mon-Th,0,36
14,120.0,150.0,0,Mon-Th,1,2025-12-30,Mon-Th,0,36
16,0.03333333333333333,150.0,0,Mon-Th,1,2025-12-30,Mon-Th,0,36
13,120.0,0.5,0,Mon-Th,1,2025-12-30,Mon-Th,0,36
15,0.03333333333333333,150.0,0,Mon-Th,1,2025-12-30,Mon-Th,0,36
23,0.03333333333333333,150.0,0,Mon-Th,1,2025-12-30,Mon-Th,0,36
17,120.0,150.0,0,Mon-Th,1,2025-12-30,Mon-Th,0,36
17,120.0,150.0,0,Mon-Th,1,2025-12-30,Mon-Th,0,36
3,120.0,150.0,0,Mon-Th,1,2025-12-30,Mon-Th,0,36
12,120.0,150.0,0,Mon-Th,1,2025-12-30,Mon-Th,0,36
21,120.0,0.5,0,Mon-Th,1,2025-12-30,Mon-Th,0,36
17,120.0,0.5,0,Mon-Th,1,2025-12-30,Mon-Th,0,36
16,0.03333333333333333,150.0,0,Mon-Th,1,2025-12-30,Mon-Th,0,36
15,0.03333333333333333,0.5,0,Mon-Th,1,2025-12-30,Mon-Th,0,36
16,120.0,0.5,0,Mon-Th,1,2025-12-30,Mon-Th,0,36
15,120.0,0.5,0,Mon-Th,1,2025-12-30,Mon-Th,0,36
16,0.03333333333333333,0.5,0,Mon-Th,1,2025-12-30,Mon-Th,0,36
16,0.03333333333333333,0.5,0,Mon-Th,1,2025-12-30,Mon-Th,0,36
16,120.0,150.0,0,Mon-Th,1,2025-12-30,Mon-Th,0,36
16,120.0,0.5,0,Mon-Th,1,2025-12-30,Mon-Th,0,36
22,120.0,0.5,0,Mon-Th,1,2025-12-30,Mon-Th,0,36
22,120.0,0.5,0,Mon-Th,1,2025-12-30,Mon-Th,0,36
16,0.03333333333333333,150.0,0,Mon-Th,1,2025-12-30,Mon-Th,0,36
16,0.03333333333333333,0.5,0,Mon-Th,1,2025-12-30,Mon-Th,0,36
23,120.0,0.5,0,Mon-Th,1,2025-12-30,Mon-Th,0,36
16,120.0,150.0,0,Mon-Th,1,2025-12-30,Mon-Th,0,36
16,0.03333333333333333,0.5,0,Mon-Th,1,2025-12-30,Mon-Th,0,36
10,120.0,0.5,0,Mon-Th,1,2025-12-30,Mon-Th,0,36
22,120.0,150.0,0,Mon-Th,1,2025-12-30,Mon-Th,0,36
16,0.03333333333333333,150.0,0,Mon-Th,1,2025-12-31,Mon-Th,0,31
16,120.0,150.0,0,Mon-Th,1,2025-12-31,Mon-Th,0,31
16,0.03333333333333333,150.0,0,Mon-Th,1,2025-12-31,Mon-Th,0,31
16,120.0,150.0,0,Mon-Th,1,2025-12-31,Mon-Th,0,31
14,120.0,150.0,0,Mon-Th,1,2025-12-31,Mon-Th,0,31
16,120.0,150.0,0,Mon-Th,1,2025-12-31,Mon-Th,0,31
12,120.0,150.0,0,Mon-Th,1,2025-12-31,Mon-Th,0,31
0,120.0,0.5,0,Mon-Th,1,2025-12-31,Mon-Th,0,31
1,0.03333333333333333,0.5,0,Mon-Th,1,2025-12-31,Mon-Th,0,31
23,0.03333333333333333,0.5,0,Mon-Th,1,2025-12-31,Mon-Th,0,31
12,120.0,150.0,0,Mon-Th,1,2025-12-31,Mon-Th,0,31
16,120.0,150.0,0,Mon-Th,1,2025-12-31,Mon-Th,0,31
20,120.0,0.5,0,Mon-Th,1,2025-12-31,Mon-Th,0,31
12,0.03333333333333333,0.5,0,Mon-Th,1,2025-12-31,Mon-Th,0,31
16,0.03333333333333333,0.5,0,Mon-Th,1,2025-12-31,Mon-Th,0,31
16,0.03333333333333333,150.0,0,Mon-Th,1,2025-12-31,Mon-Th,0,31
15,0.03333333333333333,150.0,0,Mon-Th,1,2025-12-31,Mon-Th,0,31
19,120.0,0.5,0,Mon-Th,1,2025-12-31,Mon-Th,0,31
12,120.0,0.5,0,Mon-Th,1,2025-12-31,Mon-Th,0,31
16,0.03333333333333333,150.0,0,Mon-Th,1,2025-12-31,Mon-Th,0,31
12,120.0,150.0,0,Mon-Th,1,2025-12-31,Mon-Th,0,31
11,0.03333333333333333,0.5,0,Mon-Th,1,2025-12-31,Mon-Th,0,31
21,0.03333333333333333,0.5,0,Mon-Th,1,2025-12-31,Mon-Th,0,31
16,0.03333333333333333,150.0,0,Mon-Th,1,2025-12-31,Mon-Th,0,31
16,0.03333333333333333,150.0,0,Mon-Th,1,2025-12-31,Mon-Th,0,31
16,120.0,0.5,0,Mon-Th,1,2025-12-31,Mon-Th,0,31
8,120.0,0.5,0,Mon-Th,1,2025-12-31,Mon-Th,0,31
16,120.0,150.0,0,Mon-Th,1,2025-12-31,Mon-Th,0,31
16,0.03333333333333333,0.5,0,Mon-Th,1,2025-12-31,Mon-Th,0,31
20,0.03333333333333333,0.5,0,Mon-Th,1,2025-12-31,Mon-Th,0,31
16,0.03333333333333333,0.5,0,Mon-Th,1,2025-12-31,Mon-Th,0,31
19,0.03333333333333333,0.5,0,Friday,1,2025-01-03,Friday,0,42
16,0.03333333333333333,0.5,0,Friday,1,2025-01-03,Friday,0,42
19,120.0,150.0,0,Friday,1,2025-01-03,Friday,0,42
19,0.03333333333333333,150.0,0,Friday,1,2025-01-03,Friday,0,42
21,0.03333333333333333,150.0,0,Friday,1,2025-01-03,Friday,0,42
19,0.03333333333333333,0.5,0,Friday,1,2025-01-03,Friday,0,42
12,120.0,0.5,0,Friday,1,2025-01-03,Friday,0,42
14,120.0,0.5,0,Friday,1,2025-01-03,Friday,0,42
16,0.03333333333333333,150.0,0,Friday,1,2025-01-03,Friday,0,42
16,120.0,150.0,0,Friday,1,2025-01-03,Friday,0,42
16,0.03333333333333333,0.5,0,Friday,1,2025-01-03,Friday,0,42
18,120.0,150.0,0,Friday,1,2025-01-03,Friday,0,42
8,0.03333333333333333,0.5,0,Friday,1,2025-01-03,Friday,0,42
16,120.0,0.5,0,Friday,1,2025-01-03,Friday,0,42
16,0.03333333333333333,150.0,0,Friday,1,2025-01-03,Friday,0,42
14,0.03333333333333333,150.0,0,Friday,1,2025-01-03,Friday,0,42
16,120.0,150.0,0,Friday,1,2025-01-03,Friday,0,42
14,0.03333333333333333,0.5,0,Friday,1,2025-01-03,Friday,0,42
0,0.03333333333333333,0.5,0,Friday,1,2025-01-03,Friday,0,42
16,0.03333333333333333,150.0,0,Friday,1,2025-01-03,Friday,0,42
14,0.03333333333333333,0.5,0,Friday,1,2025-01-03,Friday,0,42
19,120.0,0.5,0,Friday,1,2025-01-03,Friday,0,42
16,120.0,150.0,0,Friday,1,2025-01-03,Friday,0,42
21,0.03333333333333333,0.5,0,Friday,1,2025-01-03,Friday,0,42
16,0.03333333333333333,0.5,0,Friday,1,2025-01-03,Friday,0,42
16,120.0,0.5,0,Friday,1,2025-01-03,Friday,0,42
12,120.0,150.0,0,Friday,1,2025-01-03,Friday,0,42
16,0.03333333333333333,0.5,0,Friday,1,2025-01-03,Friday,0,42
14,0.03333333333333333,0.5,0,Friday,1,2025-01-03,Friday,0,42
12,120.0,150.0,0,Friday,1,2025-01-03,Friday,0,42
17,0.03333333333333333,0.5,0,Friday,1,2025-01-03,Friday,0,42
10,120.0,150.0,0,Friday,1,2025-01-03,Friday,0,42
16,0.03333333333333333,150.0,0,Friday,1,2025-01-03,Friday,0,42
16,120.0,0.5,0,Friday,1,2025-01-03,Friday,0,42
12,120.0,150.0,0,Friday,1,2025-01-03,Friday,0,42
15,120.0,0.5,0,Friday,1,2025-01-03,Friday,0,42
16,0.03333333333333333,150.0,0,Friday,1,2025-01-03,Friday,0,42
16,0.03333333333333333,150.0,0,Friday,1,2025-01-03,Friday,0,42
12,120.0,150.0,0,Friday,1,2025-01-03,Friday,0,42
16,0.03333333333333333,0.5,0,Friday,1,2025-01-03,Friday,0,42
16,120.0,0.5,0,Friday,1,2025-01-03,Friday,0,42
16,120.0,0.5,0,Friday,1,2025-01-03,Friday,0,42
16,0.03333333333333333,0.5,0,Friday,1,2025-01-10,Friday,0,21
17,0.03333333333333333,150.0,0,Friday,1,2025-01-10,Friday,0,21
13,120.0,150.0,0,Friday,1,2025-01-10,Friday,0,21
13,0.03333333333333333,0.5,0,Friday,1,2025-01-10,Friday,0,21
16,0.03333333333333333,150.0,0,Friday,1,2025-01-10,Friday,0,21
12,120.0,150.0,0,Friday,1,2025-01-10,Friday,0,21
12,120.0,150.0,0,Friday,1,2025-01-10,Friday,0,21
16,0.03333333333333333,150.0,0,Friday,1,2025-01-10,Friday,0,21
14,120.0,150.0,0,Friday,1,2025-01-10,Friday,0,21
16,0.03333333333333333,0.5,0,Friday,1,2025-01-10,Friday,0,21
16,120.0,0.5,0,Friday,1,2025-01-10,Friday,0,21
4,0.03333333333333333,150.0,0,Friday,1,2025-01-10,Friday,0,21
19,0.03333333333333333,0.5,0,Friday,1,2025-01-10,Friday,0,21
12,120.0,0.5,0,Friday,1,2025-01-10,Friday,0,21
0,0.03333333333333333,150.0,0,Friday,1,2025-01-10,Friday,0,21
12,120.0,150.0,0,Friday,1,2025-01-10,Friday,0,21
16,120.0,0.5,0,Friday,1,2025-01-10,Friday,0,21
16,0.03333333333333333,150.0,0,Friday,1,2025-01-10,Friday,0,21
0,0.03333333333333333,0.5,0,Friday,1,2025-01-10,Friday,0,21
12,0.03333333333333333,0.5,0,Friday,1,2025-01-10,Friday,0,21
16,0.03333333333333333,150.0,0,Friday,1,2025-01-10,Friday,0,21
16,0.03333333333333333,150.0,0,Friday,1,2025-01-17,Friday,0,40
12,120.0,0.5,0,Friday,1,2025-01-17,Friday,0,40
22,0.03333333333333333,0.5,0,Friday,1,2025-01-17,Friday,0,40
16,0.03333333333333333,0.5,0,Friday,1,2025-01-17,Friday,0,40
14,0.03333333333333333,0.5,0,Friday,1,2025-01-17,Friday,0,40
17,0.03333333333333333,0.5,0,Friday,1,2025-01-17,Friday,0,40
21,0.03333333333333333,0.5,0,Friday,1,2025-01-17,Friday,0,40
17,120.0,0.5,0,Friday,1,2025-01-17,Friday,0,40
14,0.03333333333333333,0.5,0,Friday,1,2025-01-17,Friday,0,40
16,120.0,150.0,0,Friday,1,2025-01-17,Friday,0,40
12,120.0,0.5,0,Friday,1,2025-01-17,Friday,0,40
0,0.03333333333333333,0.5,0,Friday,1,2025-01-17,Friday,0,40
14,0.03333333333333333,150.0,0,Friday,1,2025-01-17,Friday,0,40
16,0.03333333333333333,150.0,0,Friday,1,2025-01-17,Friday,0,40
16,0.03333333333333333,0.5,0,Friday,1,2025-01-17,Friday,0,40
17,120.0,150.0,0,Friday,1,2025-01-17,Friday,0,40
17,0.03333333333333333,0.5,0,Friday,1,2025-01-17,Friday,0,40
12,120.0,150.0,0,Friday,1,2025-01-17,Friday,0,40
16,0.03333333333333333,0.5,0,Friday,1,2025-01-17,Friday,0,40
3,120.0,0.5,0,Friday,1,2025-01-17,Friday,0,40
16,0.03333333333333333,150.0,0,Friday,1,2025-01-17,Friday,0,40
16,120.0,150.0,0,Friday,1,2025-01-17,Friday,0,40
14,0.03333333333333333,150.0,0,Friday,1,2025-01-17,Friday,0,40
16,0.03333333333333333,0.5,0,Friday,1,2025-01-17,Friday,0,40
18,120.0,0.5,0,Friday,1,2025-01-17,Friday,0,40
16,0.03333333333333333,150.0,0,Friday,1,2025-01-17,Friday,0,40
16,120.0,150.0,0,Friday,1,2025-01-17,Friday,0,40
15,120.0,0.5,0,Friday,1,2025-01-17,Friday,0,40
16,120.0,150.0,0,Friday,1,2025-01-17,Friday,0,40
11,120.0,0.5,0,Friday,1,2025-01-17,Friday,0,40
16,0.03333333333333333,150.0,0,Friday,1,2025-01-17,Friday,0,40
16,120.0,150.0,0,Friday,1,2025-01-17,Friday,0,40
4,120.0,0.5,0,Friday,1,2025-01-17,Friday,0,40
16,0.03333333333333333,150.0,0,Friday,1,2025-01-17,Friday,0,40
21,0.03333333333333333,0.5,0,Friday,1,2025-01-17,Friday,0,40
17,0.03333333333333333,0.5,0,Friday,1,2025-01-17,Friday,0,40
15,120.0,0.5,0,Friday,1,2025-01-17,Friday,0,40
21,120.0,150.0,0,Friday,1,2025-01-17,Friday,0,40
17,120.0,0.5,0,Friday,1,2025-01-17,Friday,0,40
15,0.03333333333333333,0.5,0,Friday,1,2025-01-17,Friday,0,40
2,120.0,0.5,0,Friday,1,2025-01-24,Friday,0,28
18,0.03333333333333333,0.5,0,Friday,1,2025-01-24,Friday,0,28
12,120.0,150.0,0,Friday,1,2025-01-24,Friday,0,28
17,120.0,0.5,0,Friday,1,2025-01-24,Friday,0,28
22,0.03333333333333333,150.0,0,Friday,1,2025-01-24,Friday,0,28
12,120.0,0.5,0,Friday,1,2025-01-24,Friday,0,28
18,120.0,0.5,0,Friday,1,2025-01-24,Friday,0,28
12,120.0,150.0,0,Friday,1,2025-01-24,Friday,0,28
16,120.0,0.5,0,Friday,1,2025-01-24,Friday,0,28
16,0.03333333333333333,0.5,0,Friday,1,2025-01-24,Friday,0,28
16,120.0,150.0,0,Friday,1,2025-01-24,Friday,0,28
16,0.03333333333333333,150.0,0,Friday,1,2025-01-24,Friday,0,28
12,120.0,150.0,0,Friday,1,2025-01-24,Friday,0,28
20,120.0,0.5,0,Friday,1,2025-01-24,Friday,0,28
16,0.03333333333333333,0.5,0,Friday,1,2025-01-24,Friday,0,28
16,120.0,150.0,0,Friday,1,2025-01-24,Friday,0,28
16,120.0,150.0,0,Friday,1,2025-01-24,Friday,0,28
22,0.03333333333333333,150.0,0,Friday,1,2025-01-24,Friday,0,28
16,0.03333333333333333,0.5,0,Friday,1,2025-01-24,Friday,0,28
13,0.03333333333333333,0.5,0,Friday,1,2025-01-24,Friday,0,28
16,120.0,150.0,0,Friday,1,2025-01-24,Friday,0,28
16,0.03333333333333333,0.5,0,Friday,1,2025-01-24,Friday,0,28
16,120.0,0.5,0,Friday,1,2025-01-24,Friday,0,28
16,0.03333333333333333,0.5,0,Friday,1,2025-01-24,Friday,0,28
23,120.0,0.5,0,Friday,1,2025-01-24,Friday,0,28
22,120.0,0.5,0,Friday,1,2025-01-24,Friday,0,28
18,0.03333333333333333,0.5,0,Friday,1,2025-01-24,Friday,0,28
16,120.0,150.0,0,Friday,1,2025-01-24,Friday,0,28
18,0.03333333333333333,0.5,0,Friday,1,2025-01-31,Friday,0,29
12,120.0,150.0,0,Friday,1,2025-01-31,Friday,0,29
16,0.03333333333333333,0.5,0,Friday,1,2025-01-31,Friday,0,29
7,0.03333333333333333,150.0,0,Friday,1,2025-01-31,Friday,0,29
16,0.03333333333333333,150.0,0,Friday,1,2025-01-31,Friday,0,29
3,120.0,0.5,0,Friday,1,2025-01-31,Friday,0,29
16,120.0,150.0,0,Friday,1,2025-01-31,Friday,0,29
12,120.0,0.5,0,Friday,1,2025-01-31,Friday,0,29
16,120.0,0.5,0,Friday,1,2025-01-31,Friday,0,29
16,120.0,0.5,0,Friday,1,2025-01-31,Friday,0,29
16,0.03333333333333333,150.0,0,Friday,1,2025-01-31,Friday,0,29
16,0.03333333333333333,0.5,0,Friday,1,2025-01-31,Friday,0,29
14,0.03333333333333333,0.5,0,Friday,1,2025-01-31,Friday,0,29
12,120.0,150.0,0,Friday,1,2025-01-31,Friday,0,29
16,120.0,0.5,0,Friday,1,2025-01-31,Friday,0,29
16,0.03333333333333333,150.0,0,Friday,1,2025-01-31,Friday,0,29
12,120.0,0.5,0,Friday,1,2025-01-31,Friday,0,29
23,120.0,0.5,0,Friday,1,2025-01-31,Friday,0,29
12,120.0,150.0,0,Friday,1,2025-01-31,Friday,0,29
16,120.0,0.5,0,Friday,1,2025-01-31,Friday,0,29
15,0.03333333333333333,0.5,0,Friday,1,2025-01-31,Friday,0,29
16,0.03333333333333333,150.0,0,Friday,1,2025-01-31,Friday,0,29
16,0.03333333333333333,150.0,0,Friday,1,2025-01-31,Friday,0,29
18,0.03333333333333333,0.5,0,Friday,1,2025-01-31,Friday,0,29
20,120.0,0.5,0,Friday,1,2025-01-31,Friday,0,29
12,120.0,150.0,0,Friday,1,2025-01-31,Friday,0,29
13,0.03333333333333333,0.5,0,Friday,1,2025-01-31,Friday,0,29
16,120.0,150.0,0,Friday,1,2025-01-31,Friday,0,29
20,0.03333333333333333,150.0,0,Friday,1,2025-01-31,Friday,0,29
20,120.0,0.5,0,Friday,1,2025-02-07,Friday,0,38
9,0.03333333333333333,0.5,0,Friday,1,2025-02-07,Friday,0,38
23,120.0,0.5,0,Friday,1,2025-02-07,Friday,0,38
13,120.0,0.5,0,Friday,1,2025-02-07,Friday,0,38
16,120.0,150.0,0,Friday,1,2025-02-07,Friday,0,38
16,0.03333333333333333,150.0,0,Friday,1,2025-02-07,Friday,0,38
16,120.0,0.5,0,Friday,1,2025-02-07,Friday,0,38
16,0.03333333333333333,150.0,0,Friday,1,2025-02-07,Friday,0,38
20,120.0,0.5,0,Friday,1,2025-02-07,Friday,0,38
14,0.03333333333333333,0.5,0,Friday,1,2025-02-07,Friday,0,38
16,0.03333333333333333,150.0,0,Friday,1,2025-02-07,Friday,0,38
15,120.0,150.0,0,Friday,1,2025-02-07,Friday,0,38
16,0.03333333333333333,150.0,0,Friday,1,2025-02-07,Friday,0,38
17,0.03333333333333333,150.0,0,Friday,1,2025-02-07,Friday,0,38
17,120.0,0.5,0,Friday,1,2025-02-07,Friday,0,38
16,120.0,150.0,0,Friday,1,2025-02-07,Friday,0,38
16,120.0,150.0,0,Friday,1,2025-02-07,Friday,0,38
16,0.03333333333333333,0.5,0,Friday,1,2025-02-07,Friday,0,38
15,120.0,150.0,0,Friday,1,2025-02-07,Friday,0,38
15,0.03333333333333333,0.5,0,Friday,1,2025-02-07,Friday,0,38
12,120.0,150.0,0,Friday,1,2025-02-07,Friday,0,38
15,120.0,0.5,0,Friday,1,2025-02-07,Friday,0,38
13,120.0,0.5,0,Friday,1,2025-02-07,Friday,0,38
18,120.0,150.0,0,Friday,1,2025-02-07,Friday,0,38
7,120.0,0.5,0,Friday,1,2025-02-07,Friday,0,38
13,0.03333333333333333,0.5,0,Friday,1,2025-02-07,Friday,0,38
16,0.03333333333333333,0.5,0,Friday,1,2025-02-07,Friday,0,38
14,0.03333333333333333,0.5,0,Friday,1,2025-02-07,Friday,0,38
18,0.03333333333333333,150.0,0,Friday,1,2025-02-07,Friday,0,38
16,120.0,0.5,0,Friday,1,2025-02-07,Friday,0,38
10,120.0,0.5,0,Friday,1,2025-02-07,Friday,0,38
12,0.03333333333333333,0.5,0,Friday,1,2025-02-07,Friday,0,38
16,0.03333333333333333,150.0,0,Friday,1,2025-02-07,Friday,0,38
16,0.03333333333333333,150.0,0,Friday,1,2025-02-07,Friday,0,38
20,120.0,0.5,0,Friday,1,2025-02-07,Friday,0,38
15,120.0,0.5,0,Friday,1,2025-02-07,Friday,0,38
17,120.0,150.0,0,Friday,1,2025-02-07,Friday,0,38
16,0.03333333333333333,150.0,0,Friday,1,2025-02-07,Friday,0,38
16,0.03333333333333333,150.0,0,Friday,1,2025-02-14,Friday,0,30
16,120.0,0.5,0,Friday,1,2025-02-14,Friday,0,30
17,120.0,0.5,0,Friday,1,2025-02-14,Friday,0,30
16,120.0,150.0,0,Friday,1,2025-02-14,Friday,0,30
16,120.0,0.5,0,Friday,1,2025-02-14,Friday,0,30
16,120.0,0.5,0,Friday,1,2025-02-14,Friday,0,30
12,0.03333333333333333,0.5,0,Friday,1,2025-02-14,Friday,0,30
16,0.03333333333333333,0.5,0,Friday,1,2025-02-14,Friday,0,30
14,0.03333333333333333,0.5,0,Friday,1,2025-02-14,Friday,0,30
19,0.03333333333333333,0.5,0,Friday,1,2025-02-14,Friday,0,30
19,120.0,150.0,0,Friday,1,2025-02-14,Friday,0,30
16,0.03333333333333333,150.0,0,Friday,1,2025-02-14,Friday,0,30
17,0.03333333333333333,0.5,0,Friday,1,2025-02-14,Friday,0,30
16,120.0,0.5,0,Friday,1,2025-02-14,Friday,0,30
18,0.03333333333333333,150.0,0,Friday,1,2025-02-14,Friday,0,30
12,120.0,150.0,0,Friday,1,2025-02-14,Friday,0,30
14,0.03333333333333333,150.0,0,Friday,1,2025-02-14,Friday,0,30
14,0.03333333333333333,150.0,0,Friday,1,2025-02-14,Friday,0,30
16,120.0,150.0,0,Friday,1,2025-02-14,Friday,0,30
16,120.0,150.0,0,Friday,1,2025-02-14,Friday,0,30
22,0.03333333333333333,0.5,0,Friday,1,2025-02-14,Friday,0,30
14,0.03333333333333333,150.0,0,Friday,1,2025-02-14,Friday,0,30
15,120.0,0.5,0,Friday,1,2025-02-14,Friday,0,30
16,120.0,0.5,0,Friday,1,2025-02-14,Friday,0,30
15,120.0,0.5,0,Friday,1,2025-02-14,Friday,0,30
16,0.03333333333333333,150.0,0,Friday,1,2025-02-14,Friday,0,30
16,0.03333333333333333,150.0,0,Friday,1,2025-02-14,Friday,0,30
17,120.0,0.5,0,Friday,1,2025-02-14,Friday,0,30
12,120.0,150.0,0,Friday,1,2025-02-14,Friday,0,30
3,120.0,0.5,0,Friday,1,2025-02-14,Friday,0,30
19,120.0,0.5,0,Friday,1,2025-02-21,Friday,0,27
23,0.03333333333333333,0.5,0,Friday,1,2025-02-21,Friday,0,27
16,120.0,0.5,0,Friday,1,2025-02-21,Friday,0,27
16,0.03333333333333333,150.0,0,Friday,1,2025-02-21,Friday,0,27
16,0.03333333333333333,150.0,0,Friday,1,2025-02-21,Friday,0,27
14,120.0,150.0,0,Friday,1,2025-02-21,Friday,0,27
3,120.0,0.5,0,Friday,1,2025-02-21,Friday,0,27
10,0.03333333333333333,0.5,0,Friday,1,2025-02-21,Friday,0,27
1,0.03333333333333333,0.5,0,Friday,1,2025-02-21,Friday,0,27
14,120.0,0.5,0,Friday,1,2025-02-21,Friday,0,27
19,0.03333333333333333,0.5,0,Friday,1,2025-02-21,Friday,0,27
16,0.03333333333333333,0.5,0,Friday,1,2025-02-21,Friday,0,27
17,120.0,150.0,0,Friday,1,2025-02-21,Friday,0,27
16,120.0,150.0,0,Friday,1,2025-02-21,Friday,0,27
16,0.03333333333333333,0.5,0,Friday,1,2025-02-21,Friday,0,27
16,120.0,150.0,0,Friday,1,2025-02-21,Friday,0,27
16,0.03333333333333333,0.5,0,Friday,1,2025-02-21,Friday,0,27
16,120.0,0.5,0,Friday,1,2025-02-21,Friday,0,27
16,120.0,150.0,0,Friday,1,2025-02-21,Friday,0,27
16,0.03333333333333333,0.5,0,Friday,1,2025-02-21,Friday,0,27
20,120.0,0.5,0,Friday,1,2025-02-21,Friday,0,27
20,0.03333333333333333,150.0,0,Friday,1,2025-02-21,Friday,0,27
16,120.0,0.5,0,Friday,1,2025-02-21,Friday,0,27
16,120.0,150.0,0,Friday,1,2025-02-21,Friday,0,27
3,0.03333333333333333,0.5,0,Friday,1,2025-02-21,Friday,0,27
16,0.03333333333333333,150.0,0,Friday,1,2025-02-21,Friday,0,27
16,120.0,0.5,0,Friday,1,2025-02-21,Friday,0,27
16,0.03333333333333333,150.0,0,Friday,1,2025-02-28,Friday,0,34
16,0.03333333333333333,150.0,0,Friday,1,2025-02-28,Friday,0,34
16,120.0,150.0,0,Friday,1,2025-02-28,Friday,0,34
18,120.0,0.5,0,Friday,1,2025-02-28,Friday,0,34
11,120.0,0.5,0,Friday,1,2025-02-28,Friday,0,34
16,120.0,0.5,0,Friday,1,2025-02-28,Friday,0,34
11,120.0,0.5,0,Friday,1,2025-02-28,Friday,0,34
14,120.0,0.5,0,Friday,1,2025-02-28,Friday,0,34
16,120.0,150.0,0,Friday,1,2025-02-28,Friday,0,34
12,120.0,0.5,0,Friday,1,2025-02-28,Friday,0,34
13,120.0,0.5,0,Friday,1,2025-02-28,Friday,0,34
19,120.0,150.0,0,Friday,1,2025-02-28,Friday,0,34
16,120.0,150.0,0,Friday,1,2025-02-28,Friday,0,34
20,0.03333333333333333,150.0,0,Friday,1,2025-02-28,Friday,0,34
16,0.03333333333333333,0.5,0,Friday,1,2025-02-28,Friday,0,34
12,120.0,0.5,0,Friday,1,2025-02-28,Friday,0,34
16,120.0,150.0,0,Friday,1,2025-02-28,Friday,0,34
15,120.0,0.5,0,Friday,1,2025-02-28,Friday,0,34
17,0.03333333333333333,150.0,0,Friday,1,2025-02-28,Friday,0,34
16,0.03333333333333333,150.0,0,Friday,1,2025-02-28,Friday,0,34
17,0.03333333333333333,150.0,0,Friday,1,2025-02-28,Friday,0,34
17,120.0,0.5,0,Friday,1,2025-02-28,Friday,0,34
23,0.03333333333333333,150.0,0,Friday,1,2025-02-28,Friday,0,34
16,120.0,0.5,0,Friday,1,2025-02-28,Friday,0,34
22,0.03333333333333333,0.5,0,Friday,1,2025-02-28,Friday,0,34
14,0.03333333333333333,150.0,0,Friday,1,2025-02-28,Friday,0,34
16,0.03333333333333333,150.0,0,Friday,1,2025-02-28,Friday,0,34
12,120.0,150.0,0,Friday,1,2025-02-28,Friday,0,34
16,120.0,150.0,0,Friday,1,2025-02-28,Friday,0,34
16,0.03333333333333333,150.0,0,Friday,1,2025-02-28,Friday,0,34
8,120.0,0.5,0,Friday,1,2025-02-28,Friday,0,34
12,120.0,150.0,0,Friday,1,2025-02-28,Friday,0,34
16,120.0,0.5,0,Friday,1,2025-02-28,Friday,0,34
12,120.0,0.5,0,Friday,1,2025-02-28,Friday,0,34
12,120.0,0.5,0,Friday,1,2025-03-07,Friday,0,36
13,120.0,0.5,0,Friday,1,2025-03-07,Friday,0,36
18,0.03333333333333333,0.5,0,Friday,1,2025-03-07,Friday,0,36
16,120.0,0.5,0,Friday,1,2025-03-07,Friday,0,36
14,0.03333333333333333,150.0,0,Friday,1,2025-03-07,Friday,0,36
11,0.03333333333333333,150.0,0,Friday,1,2025-03-07,Friday,0,36
16,120.0,0.5,0,Friday,1,2025-03-07,Friday,0,36
12,120.0,0.5,0,Friday,1,2025-03-07,Friday,0,36
18,120.0,0.5,0,Friday,1,2025-03-07,Friday,0,36
19,0.03333333333333333,0.5,0,Friday,1,2025-03-07,Friday,0,36
23,0.03333333333333333,0.5,0,Friday,1,2025-03-07,Friday,0,36
16,0.03333333333333333,150.0,0,Friday,1,2025-03-07,Friday,0,36
15,120.0,0.5,0,Friday,1,2025-03-07,Friday,0,36
14,0.03333333333333333,0.5,0,Friday,1,2025-03-07,Friday,0,36
17,0.03333333333333333,0.5,0,Friday,1,2025-03-07,Friday,0,36
16,0.03333333333333333,0.5,0,Friday,1,2025-03-07,Friday,0,36
14,0.03333333333333333,150.0,0,Friday,1,2025-03-07,Friday,0,36
22,0.03333333333333333,0.5,0,Friday,1,2025-03-07,Friday,0,36
16,0.03333333333333333,150.0,0,Friday,1,2025-03-07,Friday,0,36
16,0.03333333333333333,0.5,0,Friday,1,2025-03-07,Friday,0,36
12,120.0,150.0,0,Friday,1,2025-03-07,Friday,0,36
12,0.03333333333333333,0.5,0,Friday,1,2025-03-07,Friday,0,36
16,120.0,150.0,0,Friday,1,2025-03-07,Friday,0,36
16,120.0,0.5,0,Friday,1,2025-03-07,Friday,0,36
16,120.0,150.0,0,Friday,1,2025-03-07,Friday,0,36
16,120.0,150.0,0,Friday,1,2025-03-07,Friday,0,36
16,0.03333333333333333,150.0,0,Friday,1,2025-03-07,Friday,0,36
12,0.03333333333333333,0.5,0,Friday,1,2025-03-07,Friday,0,36
16,120.0,150.0,0,Friday,1,2025-03-07,Friday,0,36
16,0.03333333333333333,150.0,0,Friday,1,2025-03-07,Friday,0,36
12,120.0,0.5,0,Friday,1,2025-03-07,Friday,0,36
16,0.03333333333333333,150.0,0,Friday,1,2025-03-07,Friday,0,36
16,120.0,0.5,0,Friday,1,2025-03-07,Friday,0,36
11,0.03333333333333333,0.5,0,Friday,1,2025-03-07,Friday,0,36
20,0.03333333333333333,0.5,0,Friday,1,2025-03-07,Friday,0,36
22,0.03333333333333333,0.5,0,Friday,1,2025-03-07,Friday,0,36
9,0.03333333333333333,0.5,0,Friday,1,2025-03-14,Friday,0,38
19,0.03333333333333333,0.5,0,Friday,1,2025-03-14,Friday,0,38
23,0.03333333333333333,0.5,0,Friday,1,2025-03-14,Friday,0,38
16,120.0,0.5,0,Friday,1,2025-03-14,Friday,0,38
7,120.0,150.0,0,Friday,1,2025-03-14,Friday,0,38
16,0.03333333333333333,150.0,0,Friday,1,2025-03-14,Friday,0,38
16,0.03333333333333333,150.0,0,Friday,1,2025-03-14,Friday,0,38
21,0.03333333333333333,0.5,0,Friday,1,2025-03-14,Friday,0,38
17,120.0,0.5,0,Friday,1,2025-03-14,Friday,0,38
12,120.0,0.5,0,Friday,1,2025-03-14,Friday,0,38
14,0.03333333333333333,150.0,0,Friday,1,2025-03-14,Friday,0,38
16,0.03333333333333333,0.5,0,Friday,1,2025-03-14,Friday,0,38
16,120.0,0.5,0,Friday,1,2025-03-14,Friday,0,38
16,0.03333333333333333,0.5,0,Friday,1,2025-03-14,Friday,0,38
16,0.03333333333333333,0.5,0,Friday,1,2025-03-14,Friday,0,38
16,120.0,0.5,0,Friday,1,2025-03-14,Friday,0,38
16,0.03333333333333333,150.0,0,Friday,1,2025-03-14,Friday,0,38
21,0.03333333333333333,0.5,0,Friday,1,2025-03-14,Friday,0,38
16,0.03333333333333333,0.5,0,Friday,1,2025-03-14,Friday,0,38
17,120.0,150.0,0,Friday,1,2025-03-14,Friday,0,38
1,120.0,0.5,0,Friday,1,2025-03-14,Friday,0,38
14,120.0,150.0,0,Friday,1,2025-03-14,Friday,0,38
16,120.0,150.0,0,Friday,1,2025-03-14,Friday,0,38
15,0.03333333333333333,0.5,0,Friday,1,2025-03-14,Friday,0,38
16,0.03333333333333333,150.0,0,Friday,1,2025-03-14,Friday,0,38
16,120.0,0.5,0,Friday,1,2025-03-14,Friday,0,38
16,120.0,150.0,0,Friday,1,2025-03-14,Friday,0,38
21,0.03333333333333333,0.5,0,Friday,1,2025-03-14,Friday,0,38
16,0.03333333333333333,0.5,0,Friday,1,2025-03-14,Friday,0,38
18,120.0,0.5,0,Friday,1,2025-03-14,Friday,0,38
21,120.0,0.5,0,Friday,1,2025-03-14,Friday,0,38
16,120.0,0.5,0,Friday,1,2025-03-14,Friday,0,38
22,120.0,0.5,0,Friday,1,2025-03-14,Friday,0,38
21,0.03333333333333333,0.5,0,Friday,1,2025-03-14,Friday,0,38
14,0.03333333333333333,0.5,0,Friday,1,2025-03-14,Friday,0,38
16,120.0,150.0,0,Friday,1,2025-03-14,Friday,0,38
12,120.0,0.5,0,Friday,1,2025-03-14,Friday,0,38
18,120.0,150.0,0,Friday,1,2025-03-14,Friday,0,38
18,0.03333333333333333,0.5,0,Friday,1,2025-12-26,Friday,0,38
15,0.03333333333333333,150.0,0,Friday,1,2025-12-26,Friday,0,38
12,120.0,0.5,0,Friday,1,2025-12-26,Friday,0,38
21,0.03333333333333333,0.5,0,Friday,1,2025-12-26,Friday,0,38
16,0.03333333333333333,150.0,0,Friday,1,2025-12-26,Friday,0,38
16,120.0,150.0,0,Friday,1,2025-12-26,Friday,0,38
16,120.0,0.5,0,Friday,1,2025-12-26,Friday,0,38
16,120.0,150.0,0,Friday,1,2025-12-26,Friday,0,38
14,120.0,150.0,0,Friday,1,2025-12-26,Friday,0,38
20,0.03333333333333333,150.0,0,Friday,1,2025-12-26,Friday,0,38
16,120.0,0.5,0,Friday,1,2025-12-26,Friday,0,38
16,120.0,150.0,0,Friday,1,2025-12-26,Friday,0,38
20,120.0,0.5,0,Friday,1,2025-12-26,Friday,0,38
16,120.0,150.0,0,Friday,1,2025-12-26,Friday,0,38
18,0.03333333333333333,0.5,0,Friday,1,2025-12-26,Friday,0,38
16,120.0,150.0,0,Friday,1,2025-12-26,Friday,0,38
16,0.03333333333333333,150.0,0,Friday,1,2025-12-26,Friday,0,38
17,120.0,150.0,0,Friday,1,2025-12-26,Friday,0,38
14,0.03333333333333333,0.5,0,Friday,1,2025-12-26,Friday,0,38
16,120.0,150.0,0,Friday,1,2025-12-26,Friday,0,38
22,120.0,0.5,0,Friday,1,2025-12-26,Friday,0,38
19,0.03333333333333333,150.0,0,Friday,1,2025-12-26,Friday,0,38
12,120.0,0.5,0,Friday,1,2025-12-26,Friday,0,38
16,0.03333333333333333,0.5,0,Friday,1,2025-12-26,Friday,0,38
16,0.03333333333333333,0.5,0,Friday,1,2025-12-26,Friday,0,38
16,120.0,0.5,0,Friday,1,2025-12-26,Friday,0,38
20,120.0,0.5,0,Friday,1,2025-12-26,Friday,0,38
13,120.0,150.0,0,Friday,1,2025-12-26,Friday,0,38
16,120.0,150.0,0,Friday,1,2025-12-26,Friday,0,38
8,120.0,150.0,0,Friday,1,2025-12-26,Friday,0,38
16,0.03333333333333333,150.0,0,Friday,1,2025-12-26,Friday,0,38
16,0.03333333333333333,0.5,0,Friday,1,2025-12-26,Friday,0,38
16,0.03333333333333333,150.0,0,Friday,1,2025-12-26,Friday,0,38
16,120.0,150.0,0,Friday,1,2025-12-26,Friday,0,38
16,0.03333333333333333,150.0,0,Friday,1,2025-12-26,Friday,0,38
12,0.03333333333333333,150.0,0,Friday,1,2025-12-26,Friday,0,38
16,120.0,0.5,0,Friday,1,2025-12-26,Friday,0,38
19,0.03333333333333333,150.0,0,Friday,1,2025-12-26,Friday,0,38
0,0.03333333333333333,0.5,0,Saturday,1,2025-01-04,Saturday,0,23
19,120.0,0.5,0,Saturday,1,2025-01-04,Saturday,0,23
12,120.0,0.5,0,Saturday,1,2025-01-04,Saturday,0,23
16,120.0,150.0,0,Saturday,1,2025-01-04,Saturday,0,23
16,0.03333333333333333,0.5,0,Saturday,1,2025-01-04,Saturday,0,23
17,0.03333333333333333,150.0,0,Saturday,1,2025-01-04,Saturday,0,23
12,120.0,150.0,0,Saturday,1,2025-01-04,Saturday,0,23
20,0.03333333333333333,0.5,0,Saturday,1,2025-01-04,Saturday,0,23
22,0.03333333333333333,150.0,0,Saturday,1,2025-01-04,Saturday,0,23
17,120.0,0.5,0,Saturday,1,2025-01-04,Saturday,0,23
17,0.03333333333333333,0.5,0,Saturday,1,2025-01-04,Saturday,0,23
16,120.0,0.5,0,Saturday,1,2025-01-04,Saturday,0,23
12,120.0,0.5,0,Saturday,1,2025-01-04,Saturday,0,23
16,120.0,0.5,0,Saturday,1,2025-01-04,Saturday,0,23
16,0.03333333333333333,150.0,0,Saturday,1,2025-01-04,Saturday,0,23
16,120.0,150.0,0,Saturday,1,2025-01-04,Saturday,0,23
19,0.03333333333333333,0.5,0,Saturday,1,2025-01-04,Saturday,0,23
16,0.03333333333333333,0.5,0,Saturday,1,2025-01-04,Saturday,0,23
12,120.0,0.5,0,Saturday,1,2025-01-04,Saturday,0,23
12,120.0,0.5,0,Saturday,1,2025-01-04,Saturday,0,23
16,120.0,150.0,0,Saturday,1,2025-01-04,Saturday,0,23
14,0.03333333333333333,0.5,0,Saturday,1,2025-01-04,Saturday,0,23
16,0.03333333333333333,0.5,0,Saturday,1,2025-01-04,Saturday,0,23
12,120.0,0.5,0,Saturday,1,2025-01-11,Saturday,0,25
16,120.0,150.0,0,Saturday,1,2025-01-11,Saturday,0,25
14,0.03333333333333333,0.5,0,Saturday,1,2025-01-11,Saturday,0,25
17,0.03333333333333333,0.5,0,Saturday,1,2025-01-11,Saturday,0,25
16,120.0,150.0,0,Saturday,1,2025-01-11,Saturday,0,25
12,120.0,0.5,0,Saturday,1,2025-01-11,Saturday,0,25
0,0.03333333333333333,0.5,0,Saturday,1,2025-01-11,Saturday,0,25
16,120.0,150.0,0,Saturday,1,2025-01-11,Saturday,0,25
12,120.0,150.0,0,Saturday,1,2025-01-11,Saturday,0,25
16,0.03333333333333333,0.5,0,Saturday,1,2025-01-11,Saturday,0,25
0,0.03333333333333333,0.5,0,Saturday,1,2025-01-11,Saturday,0,25
15,0.03333333333333333,0.5,0,Saturday,1,2025-01-11,Saturday,0,25
16,0.03333333333333333,150.0,0,Saturday,1,2025-01-11,Saturday,0,25
16,120.0,0.5,0,Saturday,1,2025-01-11,Saturday,0,25
12,0.03333333333333333,150.0,0,Saturday,1,2025-01-11,Saturday,0,25
16,120.0,0.5,0,Saturday,1,2025-01-11,Saturday,0,25
20,120.0,0.5,0,Saturday,1,2025-01-11,Saturday,0,25
12,120.0,150.0,0,Saturday,1,2025-01-11,Saturday,0,25
16,120.0,0.5,0,Saturday,1,2025-01-11,Saturday,0,25
15,120.0,0.5,0,Saturday,1,2025-01-11,Saturday,0,25
18,120.0,0.5,0,Saturday,1,2025-01-11,Saturday,0,25
11,120.0,0.5,0,Saturday,1,2025-01-11,Saturday,0,25
13,120.0,0.5,0,Saturday,1,2025-01-11,Saturday,0,25
16,0.03333333333333333,0.5,0,Saturday,1,2025-01-11,Saturday,0,25
23,120.0,0.5,0,Saturday,1,2025-01-11,Saturday,0,25
16,0.03333333333333333,150.0,0,Saturday,1,2025-01-18,Saturday,0,25
16,120.0,0.5,0,Saturday,1,2025-01-18,Saturday,0,25
18,120.0,150.0,0,Saturday,1,2025-01-18,Saturday,0,25
12,120.0,150.0,0,Saturday,1,2025-01-18,Saturday,0,25
19,0.03333333333333333,150.0,0,Saturday,1,2025-01-18,Saturday,0,25
20,120.0,0.5,0,Saturday,1,2025-01-18,Saturday,0,25
16,0.03333333333333333,150.0,0,Saturday,1,2025-01-18,Saturday,0,25
12,120.0,0.5,0,Saturday,1,2025-01-18,Saturday,0,25
20,0.03333333333333333,0.5,0,Saturday,1,2025-01-18,Saturday,0,25
16,0.03333333333333333,150.0,0,Saturday,1,2025-01-18,Saturday,0,25
22,120.0,0.5,0,Saturday,1,2025-01-18,Saturday,0,25
16,120.0,150.0,0,Saturday,1,2025-01-18,Saturday,0,25
12,120.0,0.5,0,Saturday,1,2025-01-18,Saturday,0,25
16,120.0,150.0,0,Saturday,1,2025-01-18,Saturday,0,25
16,120.0,0.5,0,Saturday,1,2025-01-18,Saturday,0,25
12,120.0,0.5,0,Saturday,1,2025-01-18,Saturday,0,25
17,0.03333333333333333,0.5,0,Saturday,1,2025-01-18,Saturday,0,25
21,0.03333333333333333,0.5,0,Saturday,1,2025-01-18,Saturday,0,25
16,0.03333333333333333,150.0,0,Saturday,1,2025-01-18,Saturday,0,25
16,0.03333333333333333,150.0,0,Saturday,1,2025-01-18,Saturday,0,25
14,0.03333333333333333,150.0,0,Saturday,1,2025-01-18,Saturday,0,25
16,0.03333333333333333,0.5,0,Saturday,1,2025-01-18,Saturday,0,25
22,0.03333333333333333,0.5,0,Saturday,1,2025-01-18,Saturday,0,25
17,0.03333333333333333,0.5,0,Saturday,1,2025-01-18,Saturday,0,25
20,120.0,0.5,0,Saturday,1,2025-01-18,Saturday,0,25
16,0.03333333333333333,150.0,0,Saturday,1,2025-01-25,Saturday,0,30
20,120.0,0.5,0,Saturday,1,2025-01-25,Saturday,0,30
4,0.03333333333333333,0.5,0,Saturday,1,2025-01-25,Saturday,0,30
23,0.03333333333333333,0.5,0,Saturday,1,2025-01-25,Saturday,0,30
19,0.03333333333333333,0.5,0,Saturday,1,2025-01-25,Saturday,0,30
16,0.03333333333333333,0.5,0,Saturday,1,2025-01-25,Saturday,0,30
14,0.03333333333333333,0.5,0,Saturday,1,2025-01-25,Saturday,0,30
14,0.03333333333333333,150.0,0,Saturday,1,2025-01-25,Saturday,0,30
16,0.03333333333333333,150.0,0,Saturday,1,2025-01-25,Saturday,0,30
23,120.0,0.5,0,Saturday,1,2025-01-25,Saturday,0,30
16,0.03333333333333333,150.0,0,Saturday,1,2025-01-25,Saturday,0,30
11,0.03333333333333333,150.0,0,Saturday,1,2025-01-25,Saturday,0,30
12,120.0,0.5,0,Saturday,1,2025-01-25,Saturday,0,30
10,120.0,150.0,0,Saturday,1,2025-01-25,Saturday,0,30
16,120.0,0.5,0,Saturday,1,2025-01-25,Saturday,0,30
16,0.03333333333333333,0.5,0,Saturday,1,2025-01-25,Saturday,0,30
4,0.03333333333333333,150.0,0,Saturday,1,2025-01-25,Saturday,0,30
16,0.03333333333333333,150.0,0,Saturday,1,2025-01-25,Saturday,0,30
17,120.0,0.5,0,Saturday,1,2025-01-25,Saturday,0,30
19,120.0,0.5,0,Saturday,1,2025-01-25,Saturday,0,30
17,120.0,0.5,0,Saturday,1,2025-01-25,Saturday,0,30
16,0.03333333333333333,150.0,0,Saturday,1,2025-01-25,Saturday,0,30
19,0.03333333333333333,0.5,0,Saturday,1,2025-01-25,Saturday,0,30
16,120.0,150.0,0,Saturday,1,2025-01-25,Saturday,0,30
16,0.03333333333333333,150.0,0,Saturday,1,2025-01-25,Saturday,0,30
0,120.0,150.0,0,Saturday,1,2025-01-25,Saturday,0,30
16,120.0,150.0,0,Saturday,1,2025-01-25,Saturday,0,30
16,120.0,150.0,0,Saturday,1,2025-01-25,Saturday,0,30
16,0.03333333333333333,150.0,0,Saturday,1,2025-01-25,Saturday,0,30
14,120.0,0.5,0,Saturday,1,2025-01-25,Saturday,0,30
21,0.03333333333333333,0.5,0,Saturday,1,2025-02-01,Saturday,0,30
21,0.03333333333333333,150.0,0,Saturday,1,2025-02-01,Saturday,0,30
16,0.03333333333333333,150.0,0,Saturday,1,2025-02-01,Saturday,0,30
16,0.03333333333333333,150.0,0,Saturday,1,2025-02-01,Saturday,0,30
16,120.0,150.0,0,Saturday,1,2025-02-01,Saturday,0,30
16,120.0,0.5,0,Saturday,1,2025-02-01,Saturday,0,30
12,0.03333333333333333,150.0,0,Saturday,1,2025-02-01,Saturday,0,30
17,0.03333333333333333,0.5,0,Saturday,1,2025-02-01,Saturday,0,30
15,120.0,0.5,0,Saturday,1,2025-02-01,Saturday,0,30
16,0.03333333333333333,150.0,0,Saturday,1,2025-02-01,Saturday,0,30
20,120.0,150.0,0,Saturday,1,2025-02-01,Saturday,0,30
16,0.03333333333333333,150.0,0,Saturday,1,2025-02-01,Saturday,0,30
18,120.0,150.0,0,Saturday,1,2025-02-01,Saturday,0,30
16,0.03333333333333333,0.5,0,Saturday,1,2025-02-01,Saturday,0,30
20,120.0,0.5,0,Saturday,1,2025-02-01,Saturday,0,30
16,0.03333333333333333,0.5,0,Saturday,1,2025-02-01,Saturday,0,30
19,0.03333333333333333,150.0,0,Saturday,1,2025-02-01,Saturday,0,30
17,120.0,0.5,0,Saturday,1,2025-02-01,Saturday,0,30
16,0.03333333333333333,0.5,0,Saturday,1,2025-02-01,Saturday,0,30
16,0.03333333333333333,150.0,0,Saturday,1,2025-02-01,Saturday,0,30
19,120.0,150.0,0,Saturday,1,2025-02-01,Saturday,0,30
15,120.0,0.5,0,Saturday,1,2025-02-01,Saturday,0,30
19,120.0,150.0,0,Saturday,1,2025-02-01,Saturday,0,30
12,120.0,0.5,0,Saturday,1,2025-02-01,Saturday,0,30
16,120.0,0.5,0,Saturday,1,2025-02-01,Saturday,0,30
16,0.03333333333333333,150.0,0,Saturday,1,2025-02-01,Saturday,0,30
9,0.03333333333333333,0.5,0,Saturday,1,2025-02-01,Saturday,0,30
17,0.03333333333333333,0.5,0,Saturday,1,2025-02-01,Saturday,0,30
1,120.0,150.0,0,Saturday,1,2025-02-01,Saturday,0,30
16,0.03333333333333333,0.5,0,Saturday,1,2025-02-01,Saturday,0,30
16,0.03333333333333333,150.0,0,Saturday,1,2025-02-08,Saturday,0,27
22,0.03333333333333333,150.0,0,Saturday,1,2025-02-08,Saturday,0,27
16,120.0,150.0,0,Saturday,1,2025-02-08,Saturday,0,27
18,120.0,0.5,0,Saturday,1,2025-02-08,Saturday,0,27
16,120.0,150.0,0,Saturday,1,2025-02-08,Saturday,0,27
16,0.03333333333333333,0.5,0,Saturday,1,2025-02-08,Saturday,0,27
12,120.0,150.0,0,Saturday,1,2025-02-08,Saturday,0,27
12,0.03333333333333333,0.5,0,Saturday,1,2025-02-08,Saturday,0,27
14,0.03333333333333333,150.0,0,Saturday,1,2025-02-08,Saturday,0,27
16,0.03333333333333333,0.5,0,Saturday,1,2025-02-08,Saturday,0,27
16,120.0,0.5,0,Saturday,1,2025-02-08,Saturday,0,27
16,120.0,150.0,0,Saturday,1,2025-02-08,Saturday,0,27
16,120.0,150.0,0,Saturday,1,2025-02-08,Saturday,0,27
20,0.03333333333333333,0.5,0,Saturday,1,2025-02-08,Saturday,0,27
16,120.0,0.5,0,Saturday,1,2025-02-08,Saturday,0,27
7,0.03333333333333333,0.5,0,Saturday,1,2025-02-08,Saturday,0,27
12,120.0,0.5,0,Saturday,1,2025-02-08,Saturday,0,27
16,0.03333333333333333,0.5,0,Saturday,1,2025-02-08,Saturday,0,27
14,0.03333333333333333,0.5,0,Saturday,1,2025-02-08,Saturday,0,27
12,0.03333333333333333,150.0,0,Saturday,1,2025-02-08,Saturday,0,27
16,120.0,0.5,0,Saturday,1,2025-02-08,Saturday,0,27
12,120.0,0.5,0,Saturday,1,2025-02-08,Saturday,0,27
18,0.03333333333333333,0.5,0,Saturday,1,2025-02-08,Saturday,0,27
16,0.03333333333333333,150.0,0,Saturday,1,2025-02-08,Saturday,0,27
23,0.03333333333333333,0.5,0,Saturday,1,2025-02-08,Saturday,0,27
16,120.0,150.0,0,Saturday,1,2025-02-08,Saturday,0,27
12,120.0,0.5,0,Saturday,1,2025-02-08,Saturday,0,27
19,120.0,150.0,0,Saturday,1,2025-02-15,Saturday,0,27
14,0.03333333333333333,150.0,0,Saturday,1,2025-02-15,Saturday,0,27
12,120.0,150.0,0,Saturday,1,2025-02-15,Saturday,0,27
16,0.03333333333333333,150.0,0,Saturday,1,2025-02-15,Saturday,0,27
17,0.03333333333333333,150.0,0,Saturday,1,2025-02-15,Saturday,0,27
21,120.0,0.5,0,Saturday,1,2025-02-15,Saturday,0,27
15,0.03333333333333333,0.5,0,Saturday,1,2025-02-15,Saturday,0,27
13,0.03333333333333333,0.5,0,Saturday,1,2025-02-15,Saturday,0,27
19,120.0,0.5,0,Saturday,1,2025-02-15,Saturday,0,27
16,120.0,0.5,0,Saturday,1,2025-02-15,Saturday,0,27
16,0.03333333333333333,150.0,0,Saturday,1,2025-02-15,Saturday,0,27
0,120.0,0.5,0,Saturday,1,2025-02-15,Saturday,0,27
16,0.03333333333333333,150.0,0,Saturday,1,2025-02-15,Saturday,0,27
20,120.0,0.5,0,Saturday,1,2025-02-15,Saturday,0,27
23,120.0,0.5,0,Saturday,1,2025-02-15,Saturday,0,27
16,0.03333333333333333,150.0,0,Saturday,1,2025-02-15,Saturday,0,27
16,120.0,150.0,0,Saturday,1,2025-02-15,Saturday,0,27
9,120.0,0.5,0,Saturday,1,2025-02-15,Saturday,0,27
18,120.0,150.0,0,Saturday,1,2025-02-15,Saturday,0,27
16,120.0,0.5,0,Saturday,1,2025-02-15,Saturday,0,27
16,120.0,0.5,0,Saturday,1,2025-02-15,Saturday,0,27
1,0.03333333333333333,0.5,0,Saturday,1,2025-02-15,Saturday,0,27
13,0.03333333333333333,0.5,0,Saturday,1,2025-02-15,Saturday,0,27
16,120.0,0.5,0,Saturday,1,2025-02-15,Saturday,0,27
16,0.03333333333333333,0.5,0,Saturday,1,2025-02-15,Saturday,0,27
14,120.0,0.5,0,Saturday,1,2025-02-15,Saturday,0,27
21,120.0,0.5,0,Saturday,1,2025-02-15,Saturday,0,27
19,120.0,0.5,0,Saturday,1,2025-02-22,Saturday,0,20
16,120.0,0.5,0,Saturday,1,2025-02-22,Saturday,0,20
12,0.03333333333333333,0.5,0,Saturday,1,2025-02-22,Saturday,0,20
16,0.03333333333333333,0.5,0,Saturday,1,2025-02-22,Saturday,0,20
18,0.03333333333333333,0.5,0,Saturday,1,2025-02-22,Saturday,0,20
17,120.0,0.5,0,Saturday,1,2025-02-22,Saturday,0,20
20,0.03333333333333333,150.0,0,Saturday,1,2025-02-22,Saturday,0,20
16,120.0,0.5,0,Saturday,1,2025-02-22,Saturday,0,20
12,120.0,0.5,0,Saturday,1,2025-02-22,Saturday,0,20
16,0.03333333333333333,0.5,0,Saturday,1,2025-02-22,Saturday,0,20
0,0.03333333333333333,150.0,0,Saturday,1,2025-02-22,Saturday,0,20
14,0.03333333333333333,150.0,0,Saturday,1,2025-02-22,Saturday,0,20
16,0.03333333333333333,150.0,0,Saturday,1,2025-02-22,Saturday,0,20
9,120.0,0.5,0,Saturday,1,2025-02-22,Saturday,0,20
12,120.0,0.5,0,Saturday,1,2025-02-22,Saturday,0,20
16,120.0,150.0,0,Saturday,1,2025-02-22,Saturday,0,20
16,0.03333333333333333,150.0,0,Saturday,1,2025-02-22,Saturday,0,20
16,0.03333333333333333,150.0,0,Saturday,1,2025-02-22,Saturday,0,20
16,0.03333333333333333,0.5,0,Saturday,1,2025-02-22,Saturday,0,20
10,0.03333333333333333,150.0,0,Saturday,1,2025-02-22,Saturday,0,20
16,120.0,150.0,0,Saturday,1,2025-03-01,Saturday,0,28
16,0.03333333333333333,150.0,0,Saturday,1,2025-03-01,Saturday,0,28
2,120.0,0.5,0,Saturday,1,2025-03-01,Saturday,0,28
16,0.03333333333333333,0.5,0,Saturday,1,2025-03-01,Saturday,0,28
16,0.03333333333333333,150.0,0,Saturday,1,2025-03-01,Saturday,0,28
16,120.0,0.5,0,Saturday,1,2025-03-01,Saturday,0,28
16,0.03333333333333333,0.5,0,Saturday,1,2025-03-01,Saturday,0,28
16,120.0,150.0,0,Saturday,1,2025-03-01,Saturday,0,28
16,0.03333333333333333,0.5,0,Saturday,1,2025-03-01,Saturday,0,28
16,0.03333333333333333,150.0,0,Saturday,1,2025-03-01,Saturday,0,28
12,120.0,150.0,0,Saturday,1,2025-03-01,Saturday,0,28
17,0.03333333333333333,0.5,0,Saturday,1,2025-03-01,Saturday,0,28
12,0.03333333333333333,0.5,0,Saturday,1,2025-03-01,Saturday,0,28
16,120.0,0.5,0,Saturday,1,2025-03-01,Saturday,0,28
16,0.03333333333333333,150.0,0,Saturday,1,2025-03-01,Saturday,0,28
18,120.0,150.0,0,Saturday,1,2025-03-01,Saturday,0,28
12,0.03333333333333333,0.5,0,Saturday,1,2025-03-01,Saturday,0,28
16,120.0,150.0,0,Saturday,1,2025-03-01,Saturday,0,28
12,120.0,150.0,0,Saturday,1,2025-03-01,Saturday,0,28
23,120.0,0.5,0,Saturday,1,2025-03-01,Saturday,0,28
18,120.0,0.5,0,Saturday,1,2025-03-01,Saturday,0,28
9,120.0,150.0,0,Saturday,1,2025-03-01,Saturday,0,28
19,0.03333333333333333,150.0,0,Saturday,1,2025-03-01,Saturday,0,28
12,0.03333333333333333,150.0,0,Saturday,1,2025-03-01,Saturday,0,28
15,120.0,0.5,0,Saturday,1,2025-03-01,Saturday,0,28
14,0.03333333333333333,0.5,0,Saturday,1,2025-03-01,Saturday,0,28
21,0.03333333333333333,150.0,0,Saturday,1,2025-03-01,Saturday,0,28
11,120.0,150.0,0,Saturday,1,2025-03-01,Saturday,0,28
12,0.03333333333333333,150.0,0,Saturday,1,2025-03-08,Saturday,0,30
16,0.03333333333333333,150.0,0,Saturday,1,2025-03-08,Saturday,0,30
19,120.0,150.0,0,Saturday,1,2025-03-08,Saturday,0,30
17,0.03333333333333333,150.0,0,Saturday,1,2025-03-08,Saturday,0,30
13,0.03333333333333333,0.5,0,Saturday,1,2025-03-08,Saturday,0,30
9,0.03333333333333333,0.5,0,Saturday,1,2025-03-08,Saturday,0,30
16,0.03333333333333333,0.5,0,Saturday,1,2025-03-08,Saturday,0,30
14,0.03333333333333333,0.5,0,Saturday,1,2025-03-08,Saturday,0,30
16,120.0,150.0,0,Saturday,1,2025-03-08,Saturday,0,30
16,0.03333333333333333,0.5,0,Saturday,1,2025-03-08,Saturday,0,30
22,0.03333333333333333,0.5,0,Saturday,1,2025-03-08,Saturday,0,30
16,120.0,0.5,0,Saturday,1,2025-03-08,Saturday,0,30
16,120.0,0.5,0,Saturday,1,2025-03-08,Saturday,0,30
12,120.0,150.0,0,Saturday,1,2025-03-08,Saturday,0,30
21,0.03333333333333333,0.5,0,Saturday,1,2025-03-08,Saturday,0,30
21,0.03333333333333333,0.5,0,Saturday,1,2025-03-08,Saturday,0,30
23,0.03333333333333333,150.0,0,Saturday,1,2025-03-08,Saturday,0,30
12,120.0,0.5,0,Saturday,1,2025-03-08,Saturday,0,30
18,120.0,0.5,0,Saturday,1,2025-03-08,Saturday,0,30
16,120.0,150.0,0,Saturday,1,2025-03-08,Saturday,0,30
16,120.0,150.0,0,Saturday,1,2025-03-08,Saturday,0,30
17,120.0,150.0,0,Saturday,1,2025-03-08,Saturday,0,30
16,120.0,0.5,0,Saturday,1,2025-03-08,Saturday,0,30
16,0.03333333333333333,0.5,0,Saturday,1,2025-03-08,Saturday,0,30
16,0.03333333333333333,0.5,0,Saturday,1,2025-03-08,Saturday,0,30
14,0.03333333333333333,150.0,0,Saturday,1,2025-03-08,Saturday,0,30
19,0.03333333333333333,0.5,0,Saturday,1,2025-03-08,Saturday,0,30
22,120.0,0.5,0,Saturday,1,2025-03-08,Saturday,0,30
17,0.03333333333333333,0.5,0,Saturday,1,2025-03-08,Saturday,0,30
0,0.03333333333333333,0.5,0,Saturday,1,2025-03-08,Saturday,0,30
16,0.03333333333333333,150.0,0,Saturday,1,2025-03-15,Saturday,0,29
7,120.0,150.0,0,Saturday,1,2025-03-15,Saturday,0,29
18,0.03333333333333333,0.5,0,Saturday,1,2025-03-15,Saturday,0,29
16,0.03333333333333333,0.5,0,Saturday,1,2025-03-15,Saturday,0,29
14,0.03333333333333333,150.0,0,Saturday,1,2025-03-15,Saturday,0,29
12,120.0,150.0,0,Saturday,1,2025-03-15,Saturday,0,29
17,120.0,0.5,0,Saturday,1,2025-03-15,Saturday,0,29
16,120.0,150.0,0,Saturday,1,2025-03-15,Saturday,0,29
22,0.03333333333333333,150.0,0,Saturday,1,2025-03-15,Saturday,0,29
17,120.0,0.5,0,Saturday,1,2025-03-15,Saturday,0,29
18,0.03333333333333333,0.5,0,Saturday,1,2025-03-15,Saturday,0,29
18,120.0,0.5,0,Saturday,1,2025-03-15,Saturday,0,29
16,0.03333333333333333,150.0,0,Saturday,1,2025-03-15,Saturday,0,29
14,0.03333333333333333,0.5,0,Saturday,1,2025-03-15,Saturday,0,29
16,0.03333333333333333,150.0,0,Saturday,1,2025-03-15,Saturday,0,29
16,120.0,150.0,0,Saturday,1,2025-03-15,Saturday,0,29
13,0.03333333333333333,0.5,0,Saturday,1,2025-03-15,Saturday,0,29
16,0.03333333333333333,150.0,0,Saturday,1,2025-03-15,Saturday,0,29
16,120.0,150.0,0,Saturday,1,2025-03-15,Saturday,0,29
16,0.03333333333333333,0.5,0,Saturday,1,2025-03-15,Saturday,0,29
23,120.0,0.5,0,Saturday,1,2025-03-15,Saturday,0,29
1,0.03333333333333333,0.5,0,Saturday,1,2025-03-15,Saturday,0,29
17,0.03333333333333333,0.5,0,Saturday,1,2025-03-15,Saturday,0,29
16,120.0,0.5,0,Saturday,1,2025-03-15,Saturday,0,29
12,120.0,150.0,0,Saturday,1,2025-03-15,Saturday,0,29
16,120.0,150.0,0,Saturday,1,2025-03-15,Saturday,0,29
15,120.0,0.5,0,Saturday,1,2025-03-15,Saturday,0,29
16,0.03333333333333333,150.0,0,Saturday,1,2025-03-15,Saturday,0,29
16,120.0,0.5,0,Saturday,1,2025-03-15,Saturday,0,29
16,0.03333333333333333,0.5,0,Saturday,1,2025-12-27,Saturday,0,31
13,0.03333333333333333,0.5,0,Saturday,1,2025-12-27,Saturday,0,31
18,0.03333333333333333,150.0,0,Saturday,1,2025-12-27,Saturday,0,31
12,120.0,150.0,0,Saturday,1,2025-12-27,Saturday,0,31
16,0.03333333333333333,150.0,0,Saturday,1,2025-12-27,Saturday,0,31
16,120.0,0.5,0,Saturday,1,2025-12-27,Saturday,0,31
15,0.03333333333333333,150.0,0,Saturday,1,2025-12-27,Saturday,0,31
22,120.0,150.0,0,Saturday,1,2025-12-27,Saturday,0,31
14,0.03333333333333333,0.5,0,Saturday,1,2025-12-27,Saturday,0,31
17,120.0,0.5,0,Saturday,1,2025-12-27,Saturday,0,31
16,0.03333333333333333,150.0,0,Saturday,1,2025-12-27,Saturday,0,31
16,0.03333333333333333,0.5,0,Saturday,1,2025-12-27,Saturday,0,31
16,120.0,150.0,0,Saturday,1,2025-12-27,Saturday,0,31
16,0.03333333333333333,0.5,0,Saturday,1,2025-12-27,Saturday,0,31
13,0.03333333333333333,0.5,0,Saturday,1,2025-12-27,Saturday,0,31
16,0.03333333333333333,150.0,0,Saturday,1,2025-12-27,Saturday,0,31
12,120.0,0.5,0,Saturday,1,2025-12-27,Saturday,0,31
19,0.03333333333333333,150.0,0,Saturday,1,2025-12-27,Saturday,0,31
21,0.03333333333333333,0.5,0,Saturday,1,2025-12-27,Saturday,0,31
16,120.0,150.0,0,Saturday,1,2025-12-27,Saturday,0,31
16,120.0,0.5,0,Saturday,1,2025-12-27,Saturday,0,31
16,120.0,150.0,0,Saturday,1,2025-12-27,Saturday,0,31
21,120.0,0.5,0,Saturday,1,2025-12-27,Saturday,0,31
16,0.03333333333333333,0.5,0,Saturday,1,2025-12-27,Saturday,0,31
14,120.0,0.5,0,Saturday,1,2025-12-27,Saturday,0,31
15,120.0,0.5,0,Saturday,1,2025-12-27,Saturday,0,31
16,0.03333333333333333,0.5,0,Saturday,1,2025-12-27,Saturday,0,31
16,120.0,150.0,0,Saturday,1,2025-12-27,Saturday,0,31
21,120.0,0.5,0,Saturday,1,2025-12-27,Saturday,0,31
16,0.03333333333333333,150.0,0,Saturday,1,2025-12-27,Saturday,0,31
17,120.0,150.0,0,Saturday,1,2025-12-27,Saturday,0,31
16,120.0,0.5,0,Sunday,1,2025-01-05,Sunday,0,33
18,0.03333333333333333,150.0,0,Sunday,1,2025-01-05,Sunday,0,33
18,120.0,0.5,0,Sunday,1,2025-01-05,Sunday,0,33
18,120.0,150.0,0,Sunday,1,2025-01-05,Sunday,0,33
14,0.03333333333333333,150.0,0,Sunday,1,2025-01-05,Sunday,0,33
16,0.03333333333333333,150.0,0,Sunday,1,2025-01-05,Sunday,0,33
17,120.0,150.0,0,Sunday,1,2025-01-05,Sunday,0,33
12,120.0,0.5,0,Sunday,1,2025-01-05,Sunday,0,33
21,0.03333333333333333,150.0,0,Sunday,1,2025-01-05,Sunday,0,33
17,0.03333333333333333,0.5,0,Sunday,1,2025-01-05,Sunday,0,33
16,0.03333333333333333,0.5,0,Sunday,1,2025-01-05,Sunday,0,33
22,120.0,0.5,0,Sunday,1,2025-01-05,Sunday,0,33
14,0.03333333333333333,150.0,0,Sunday,1,2025-01-05,Sunday,0,33
20,120.0,150.0,0,Sunday,1,2025-01-05,Sunday,0,33
16,120.0,0.5,0,Sunday,1,2025-01-05,Sunday,0,33
16,0.03333333333333333,150.0,0,Sunday,1,2025-01-05,Sunday,0,33
16,120.0,0.5,0,Sunday,1,2025-01-05,Sunday,0,33
16,120.0,150.0,0,Sunday,1,2025-01-05,Sunday,0,33
16,0.03333333333333333,150.0,0,Sunday,1,2025-01-05,Sunday,0,33
12,120.0,150.0,0,Sunday,1,2025-01-05,Sunday,0,33
16,0.03333333333333333,0.5,0,Sunday,1,2025-01-05,Sunday,0,33
16,0.03333333333333333,150.0,0,Sunday,1,2025-01-05,Sunday,0,33
0,0.03333333333333333,0.5,0,Sunday,1,2025-01-05,Sunday,0,33
14,0.03333333333333333,0.5,0,Sunday,1,2025-01-05,Sunday,0,33
16,120.0,150.0,0,Sunday,1,2025-01-05,Sunday,0,33
14,120.0,0.5,0,Sunday,1,2025-01-05,Sunday,0,33
16,0.03333333333333333,150.0,0,Sunday,1,2025-01-05,Sunday,0,33
16,120.0,150.0,0,Sunday,1,2025-01-05,Sunday,0,33
16,120.0,150.0,0,Sunday,1,2025-01-05,Sunday,0,33
16,0.03333333333333333,150.0,0,Sunday,1,2025-01-05,Sunday,0,33
16,120.0,150.0,0,Sunday,1,2025-01-05,Sunday,0,33
16,0.03333333333333333,150.0,0,Sunday,1,2025-01-05,Sunday,0,33
14,0.03333333333333333,150.0,0,Sunday,1,2025-01-05,Sunday,0,33
20,0.03333333333333333,150.0,0,Sunday,1,2025-01-12,Sunday,0,35
20,120.0,0.5,0,Sunday,1,2025-01-12,Sunday,0,35
16,120.0,150.0,0,Sunday,1,2025-01-12,Sunday,0,35
14,120.0,150.0,0,Sunday,1,2025-01-12,Sunday,0,35
12,120.0,150.0,0,Sunday,1,2025-01-12,Sunday,0,35
16,120.0,0.5,0,Sunday,1,2025-01-12,Sunday,0,35
16,0.03333333333333333,150.0,0,Sunday,1,2025-01-12,Sunday,0,35
0,0.03333333333333333,150.0,0,Sunday,1,2025-01-12,Sunday,0,35
16,120.0,0.5,0,Sunday,1,2025-01-12,Sunday,0,35
14,0.03333333333333333,0.5,0,Sunday,1,2025-01-12,Sunday,0,35
16,0.03333333333333333,150.0,0,Sunday,1,2025-01-12,Sunday,0,35
14,0.03333333333333333,150.0,0,Sunday,1,2025-01-12,Sunday,0,35
16,0.03333333333333333,0.5,0,Sunday,1,2025-01-12,Sunday,0,35
16,120.0,0.5,0,Sunday,1,2025-01-12,Sunday,0,35
16,120.0,150.0,0,Sunday,1,2025-01-12,Sunday,0,35
12,120.0,0.5,0,Sunday,1,2025-01-12,Sunday,0,35
22,120.0,0.5,0,Sunday,1,2025-01-12,Sunday,0,35
16,0.03333333333333333,150.0,0,Sunday,1,2025-01-12,Sunday,0,35
17,0.03333333333333333,0.5,0,Sunday,1,2025-01-12,Sunday,0,35
15,0.03333333333333333,150.0,0,Sunday,1,2025-01-12,Sunday,0,35
14,120.0,0.5,0,Sunday,1,2025-01-12,Sunday,0,35
16,0.03333333333333333,150.0,0,Sunday,1,2025-01-12,Sunday,0,35
16,120.0,150.0,0,Sunday,1,2025-01-12,Sunday,0,35
16,120.0,0.5,0,Sunday,1,2025-01-12,Sunday,0,35
18,120.0,0.5,0,Sunday,1,2025-01-12,Sunday,0,35
16,0.03333333333333333,0.5,0,Sunday,1,2025-01-12,Sunday,0,35
12,120.0,0.5,0,Sunday,1,2025-01-12,Sunday,0,35
16,120.0,150.0,0,Sunday,1,2025-01-12,Sunday,0,35
16,120.0,0.5,0,Sunday,1,2025-01-12,Sunday,0,35
16,0.03333333333333333,0.5,0,Sunday,1,2025-01-12,Sunday,0,35
12,120.0,150.0,0,Sunday,1,2025-01-12,Sunday,0,35
16,0.03333333333333333,0.5,0,Sunday,1,2025-01-12,Sunday,0,35
16,120.0,0.5,0,Sunday,1,2025-01-12,Sunday,0,35
19,0.03333333333333333,150.0,0,Sunday,1,2025-01-12,Sunday,0,35
16,120.0,150.0,0,Sunday,1,2025-01-12,Sunday,0,35
18,120.0,0.5,0,Sunday,1,2025-01-19,Sunday,0,25
16,120.0,0.5,0,Sunday,1,2025-01-19,Sunday,0,25
16,120.0,150.0,0,Sunday,1,2025-01-19,Sunday,0,25
21,0.03333333333333333,0.5,0,Sunday,1,2025-01-19,Sunday,0,25
14,0.03333333333333333,150.0,0,Sunday,1,2025-01-19,Sunday,0,25
14,120.0,0.5,0,Sunday,1,2025-01-19,Sunday,0,25
20,0.03333333333333333,0.5,0,Sunday,1,2025-01-19,Sunday,0,25
16,120.0,0.5,0,Sunday,1,2025-01-19,Sunday,0,25
16,120.0,150.0,0,Sunday,1,2025-01-19,Sunday,0,25
16,120.0,0.5,0,Sunday,1,2025-01-19,Sunday,0,25
22,0.03333333333333333,0.5,0,Sunday,1,2025-01-19,Sunday,0,25
16,0.03333333333333333,0.5,0,Sunday,1,2025-01-19,Sunday,0,25
15,120.0,0.5,0,Sunday,1,2025-01-19,Sunday,0,25
16,120.0,150.0,0,Sunday,1,2025-01-19,Sunday,0,25
16,0.03333333333333333,0.5,0,Sunday,1,2025-01-19,Sunday,0,25
16,120.0,0.5,0,Sunday,1,2025-01-19,Sunday,0,25
16,0.03333333333333333,150.0,0,Sunday,1,2025-01-19,Sunday,0,25
18,120.0,150.0,0,Sunday,1,2025-01-19,Sunday,0,25
15,0.03333333333333333,150.0,0,Sunday,1,2025-01-19,Sunday,0,25
16,120.0,0.5,0,Sunday,1,2025-01-19,Sunday,0,25
14,120.0,0.5,0,Sunday,1,2025-01-19,Sunday,0,25
22,0.03333333333333333,0.5,0,Sunday,1,2025-01-19,Sunday,0,25
13,120.0,150.0,0,Sunday,1,2025-01-19,Sunday,0,25
21,0.03333333333333333,0.5,0,Sunday,1,2025-01-19,Sunday,0,25
14,0.03333333333333333,150.0,0,Sunday,1,2025-01-19,Sunday,0,25
22,120.0,150.0,0,Sunday,1,2025-01-26,Sunday,0,24
12,120.0,150.0,0,Sunday,1,2025-01-26,Sunday,0,24
16,0.03333333333333333,150.0,0,Sunday,1,2025-01-26,Sunday,0,24
17,0.03333333333333333,150.0,0,Sunday,1,2025-01-26,Sunday,0,24
19,0.03333333333333333,0.5,0,Sunday,1,2025-01-26,Sunday,0,24
17,0.03333333333333333,150.0,0,Sunday,1,2025-01-26,Sunday,0,24
14,120.0,0.5,0,Sunday,1,2025-01-26,Sunday,0,24
16,0.03333333333333333,0.5,0,Sunday,1,2025-01-26,Sunday,0,24
12,0.03333333333333333,0.5,0,Sunday,1,2025-01-26,Sunday,0,24
16,120.0,150.0,0,Sunday,1,2025-01-26,Sunday,0,24
16,120.0,150.0,0,Sunday,1,2025-01-26,Sunday,0,24
16,0.03333333333333333,0.5,0,Sunday,1,2025-01-26,Sunday,0,24
14,0.03333333333333333,0.5,0,Sunday,1,2025-01-26,Sunday,0,24
16,0.03333333333333333,150.0,0,Sunday,1,2025-01-26,Sunday,0,24
0,120.0,0.5,0,Sunday,1,2025-01-26,Sunday,0,24
16,120.0,150.0,0,Sunday,1,2025-01-26,Sunday,0,24
16,120.0,150.0,0,Sunday,1,2025-01-26,Sunday,0,24
17,0.03333333333333333,0.5,0,Sunday,1,2025-01-26,Sunday,0,24
16,120.0,150.0,0,Sunday,1,2025-01-26,Sunday,0,24
16,120.0,150.0,0,Sunday,1,2025-01-26,Sunday,0,24
16,120.0,0.5,0,Sunday,1,2025-01-26,Sunday,0,24
16,0.03333333333333333,0.5,0,Sunday,1,2025-01-26,Sunday,0,24
22,120.0,0.5,0,Sunday,1,2025-01-26,Sunday,0,24
21,0.03333333333333333,0.5,0,Sunday,1,2025-01-26,Sunday,0,24
16,0.03333333333333333,150.0,0,Sunday,1,2025-02-02,Sunday,0,35
16,0.03333333333333333,150.0,0,Sunday,1,2025-02-02,Sunday,0,35
16,0.03333333333333333,150.0,0,Sunday,1,2025-02-02,Sunday,0,35
16,0.03333333333333333,150.0,0,Sunday,1,2025-02-02,Sunday,0,35
16,120.0,150.0,0,Sunday,1,2025-02-02,Sunday,0,35
16,0.03333333333333333,150.0,0,Sunday,1,2025-02-02,Sunday,0,35
16,0.03333333333333333,0.5,0,Sunday,1,2025-02-02,Sunday,0,35
22,0.03333333333333333,0.5,0,Sunday,1,2025-02-02,Sunday,0,35
21,0.03333333333333333,0.5,0,Sunday,1,2025-02-02,Sunday,0,35
16,0.03333333333333333,0.5,0,Sunday,1,2025-02-02,Sunday,0,35
16,120.0,0.5,0,Sunday,1,2025-02-02,Sunday,0,35
20,0.03333333333333333,0.5,0,Sunday,1,2025-02-02,Sunday,0,35
16,120.0,0.5,0,Sunday,1,2025-02-02,Sunday,0,35
16,0.03333333333333333,150.0,0,Sunday,1,2025-02-02,Sunday,0,35
16,120.0,150.0,0,Sunday,1,2025-02-02,Sunday,0,35
4,120.0,0.5,0,Sunday,1,2025-02-02,Sunday,0,35
16,120.0,150.0,0,Sunday,1,2025-02-02,Sunday,0,35
16,0.03333333333333333,0.5,0,Sunday,1,2025-02-02,Sunday,0,35
20,120.0,150.0,0,Sunday,1,2025-02-02,Sunday,0,35
11,0.03333333333333333,0.5,0,Sunday,1,2025-02-02,Sunday,0,35
21,0.03333333333333333,150.0,0,Sunday,1,2025-02-02,Sunday,0,35
3,0.03333333333333333,0.5,0,Sunday,1,2025-02-02,Sunday,0,35
17,120.0,0.5,0,Sunday,1,2025-02-02,Sunday,0,35
18,120.0,0.5,0,Sunday,1,2025-02-02,Sunday,0,35
10,0.03333333333333333,0.5,0,Sunday,1,2025-02-02,Sunday,0,35
12,120.0,0.5,0,Sunday,1,2025-02-02,Sunday,0,35
16,0.03333333333333333,0.5,0,Sunday,1,2025-02-02,Sunday,0,35
22,0.03333333333333333,0.5,0,Sunday,1,2025-02-02,Sunday,0,35
15,120.0,150.0,0,Sunday,1,2025-02-02,Sunday,0,35
20,120.0,0.5,0,Sunday,1,2025-02-02,Sunday,0,35
12,120.0,0.5,0,Sunday,1,2025-02-02,Sunday,0,35
16,120.0,150.0,0,Sunday,1,2025-02-02,Sunday,0,35
22,120.0,0.5,0,Sunday,1,2025-02-02,Sunday,0,35
16,0.03333333333333333,150.0,0,Sunday,1,2025-02-02,Sunday,0,35
0,0.03333333333333333,0.5,0,Sunday,1,2025-02-02,Sunday,0,35
20,120.0,0.5,0,Sunday,1,2025-02-09,Sunday,0,33
12,120.0,150.0,0,Sunday,1,2025-02-09,Sunday,0,33
16,120.0,150.0,0,Sunday,1,2025-02-09,Sunday,0,33
17,120.0,0.5,0,Sunday,1,2025-02-09,Sunday,0,33
16,0.03333333333333333,150.0,0,Sunday,1,2025-02-09,Sunday,0,33
16,0.03333333333333333,0.5,0,Sunday,1,2025-02-09,Sunday,0,33
22,120.0,0.5,0,Sunday,1,2025-02-09,Sunday,0,33
16,120.0,150.0,0,Sunday,1,2025-02-09,Sunday,0,33
14,0.03333333333333333,0.5,0,Sunday,1,2025-02-09,Sunday,0,33
22,120.0,0.5,0,Sunday,1,2025-02-09,Sunday,0,33
16,120.0,150.0,0,Sunday,1,2025-02-09,Sunday,0,33
17,0.03333333333333333,0.5,0,Sunday,1,2025-02-09,Sunday,0,33
19,120.0,0.5,0,Sunday,1,2025-02-09,Sunday,0,33
23,120.0,0.5,0,Sunday,1,2025-02-09,Sunday,0,33
16,0.03333333333333333,150.0,0,Sunday,1,2025-02-09,Sunday,0,33
18,0.03333333333333333,0.5,0,Sunday,1,2025-02-09,Sunday,0,33
16,120.0,150.0,0,Sunday,1,2025-02-09,Sunday,0,33
16,120.0,150.0,0,Sunday,1,2025-02-09,Sunday,0,33
23,0.03333333333333333,0.5,0,Sunday,1,2025-02-09,Sunday,0,33
16,0.03333333333333333,150.0,0,Sunday,1,2025-02-09,Sunday,0,33
14,0.03333333333333333,150.0,0,Sunday,1,2025-02-09,Sunday,0,33
16,0.03333333333333333,0.5,0,Sunday,1,2025-02-09,Sunday,0,33
16,120.0,0.5,0,Sunday,1,2025-02-09,Sunday,0,33
4,120.0,0.5,0,Sunday,1,2025-02-09,Sunday,0,33
16,120.0,0.5,0,Sunday,1,2025-02-09,Sunday,0,33
16,120.0,150.0,0,Sunday,1,2025-02-09,Sunday,0,33
14,0.03333333333333333,150.0,0,Sunday,1,2025-02-09,Sunday,0,33
15,120.0,0.5,0,Sunday,1,2025-02-09,Sunday,0,33
20,0.03333333333333333,0.5,0,Sunday,1,2025-02-09,Sunday,0,33
12,120.0,150.0,0,Sunday,1,2025-02-09,Sunday,0,33
12,120.0,150.0,0,Sunday,1,2025-02-09,Sunday,0,33
16,0.03333333333333333,150.0,0,Sunday,1,2025-02-09,Sunday,0,33
22,120.0,0.5,0,Sunday,1,2025-02-09,Sunday,0,33
16,0.03333333333333333,0.5,0,Sunday,1,2025-02-16,Sunday,0,33
1,120.0,0.5,0,Sunday,1,2025-02-16,Sunday,0,33
17,120.0,0.5,0,Sunday,1,2025-02-16,Sunday,0,33
14,120.0,0.5,0,Sunday,1,2025-02-16,Sunday,0,33
16,0.03333333333333333,150.0,0,Sunday,1,2025-02-16,Sunday,0,33
21,0.03333333333333333,0.5,0,Sunday,1,2025-02-16,Sunday,0,33
16,120.0,0.5,0,Sunday,1,2025-02-16,Sunday,0,33
16,0.03333333333333333,150.0,0,Sunday,1,2025-02-16,Sunday,0,33
14,0.03333333333333333,0.5,0,Sunday,1,2025-02-16,Sunday,0,33
16,120.0,150.0,0,Sunday,1,2025-02-16,Sunday,0,33
23,120.0,0.5,0,Sunday,1,2025-02-16,Sunday,0,33
15,120.0,0.5,0,Sunday,1,2025-02-16,Sunday,0,33
16,120.0,150.0,0,Sunday,1,2025-02-16,Sunday,0,33
12,120.0,150.0,0,Sunday,1,2025-02-16,Sunday,0,33
19,0.03333333333333333,150.0,0,Sunday,1,2025-02-16,Sunday,0,33
15,0.03333333333333333,0.5,0,Sunday,1,2025-02-16,Sunday,0,33
16,0.03333333333333333,0.5,0,Sunday,1,2025-02-16,Sunday,0,33
16,120.0,150.0,0,Sunday,1,2025-02-16,Sunday,0,33
21,120.0,0.5,0,Sunday,1,2025-02-16,Sunday,0,33
16,0.03333333333333333,0.5,0,Sunday,1,2025-02-16,Sunday,0,33
17,120.0,0.5,0,Sunday,1,2025-02-16,Sunday,0,33
12,120.0,0.5,0,Sunday,1,2025-02-16,Sunday,0,33
16,0.03333333333333333,0.5,0,Sunday,1,2025-02-16,Sunday,0,33
19,0.03333333333333333,0.5,0,Sunday,1,2025-02-16,Sunday,0,33
16,120.0,150.0,0,Sunday,1,2025-02-16,Sunday,0,33
22,0.03333333333333333,0.5,0,Sunday,1,2025-02-16,Sunday,0,33
16,0.03333333333333333,150.0,0,Sunday,1,2025-02-16,Sunday,0,33
19,0.03333333333333333,0.5,0,Sunday,1,2025-02-16,Sunday,0,33
16,120.0,150.0,0,Sunday,1,2025-02-16,Sunday,0,33
22,0.03333333333333333,0.5,0,Sunday,1,2025-02-16,Sunday,0,33
14,0.03333333333333333,150.0,0,Sunday,1,2025-02-16,Sunday,0,33
16,120.0,0.5,0,Sunday,1,2025-02-16,Sunday,0,33
16,0.03333333333333333,150.0,0,Sunday,1,2025-02-16,Sunday,0,33
12,120.0,0.5,0,Sunday,1,2025-02-23,Sunday,0,38
13,0.03333333333333333,0.5,0,Sunday,1,2025-02-23,Sunday,0,38
20,120.0,0.5,0,Sunday,1,2025-02-23,Sunday,0,38
14,120.0,0.5,0,Sunday,1,2025-02-23,Sunday,0,38
16,120.0,0.5,0,Sunday,1,2025-02-23,Sunday,0,38
16,120.0,0.5,0,Sunday,1,2025-02-23,Sunday,0,38
12,120.0,150.0,0,Sunday,1,2025-02-23,Sunday,0,38
22,0.03333333333333333,0.5,0,Sunday,1,2025-02-23,Sunday,0,38
18,120.0,0.5,0,Sunday,1,2025-02-23,Sunday,0,38
15,0.03333333333333333,150.0,0,Sunday,1,2025-02-23,Sunday,0,38
16,0.03333333333333333,150.0,0,Sunday,1,2025-02-23,Sunday,0,38
14,0.03333333333333333,150.0,0,Sunday,1,2025-02-23,Sunday,0,38
16,0.03333333333333333,0.5,0,Sunday,1,2025-02-23,Sunday,0,38
16,0.03333333333333333,150.0,0,Sunday,1,2025-02-23,Sunday,0,38
15,0.03333333333333333,0.5,0,Sunday,1,2025-02-23,Sunday,0,38
0,0.03333333333333333,0.5,0,Sunday,1,2025-02-23,Sunday,0,38
12,0.03333333333333333,0.5,0,Sunday,1,2025-02-23,Sunday,0,38
16,0.03333333333333333,0.5,0,Sunday,1,2025-02-23,Sunday,0,38
16,0.03333333333333333,0.5,0,Sunday,1,2025-02-23,Sunday,0,38
16,120.0,0.5,0,Sunday,1,2025-02-23,Sunday,0,38
16,0.03333333333333333,150.0,0,Sunday,1,2025-02-23,Sunday,0,38
16,120.0,150.0,0,Sunday,1,2025-02-23,Sunday,0,38
14,0.03333333333333333,0.5,0,Sunday,1,2025-02-23,Sunday,0,38
16,0.03333333333333333,0.5,0,Sunday,1,2025-02-23,Sunday,0,38
16,0.03333333333333333,150.0,0,Sunday,1,2025-02-23,Sunday,0,38
16,0.03333333333333333,150.0,0,Sunday,1,2025-02-23,Sunday,0,38
16,0.03333333333333333,0.5,0,Sunday,1,2025-02-23,Sunday,0,38
13,120.0,0.5,0,Sunday,1,2025-02-23,Sunday,0,38
1,120.0,0.5,0,Sunday,1,2025-02-23,Sunday,0,38
18,0.03333333333333333,150.0,0,Sunday,1,2025-02-23,Sunday,0,38
16,0.03333333333333333,150.0,0,Sunday,1,2025-02-23,Sunday,0,38
16,0.03333333333333333,0.5,0,Sunday,1,2025-02-23,Sunday,0,38
12,120.0,150.0,0,Sunday,1,2025-02-23,Sunday,0,38
17,120.0,0.5,0,Sunday,1,2025-02-23,Sunday,0,38
15,0.03333333333333333,150.0,0,Sunday,1,2025-02-23,Sunday,0,38
16,120.0,0.5,0,Sunday,1,2025-02-23,Sunday,0,38
11,0.03333333333333333,150.0,0,Sunday,1,2025-02-23,Sunday,0,38
3,120.0,150.0,0,Sunday,1,2025-02-23,Sunday,0,38
16,0.03333333333333333,150.0,0,Sunday,1,2025-03-02,Sunday,0,30
12,120.0,0.5,0,Sunday,1,2025-03-02,Sunday,0,30
12,0.03333333333333333,150.0,0,Sunday,1,2025-03-02,Sunday,0,30
14,0.03333333333333333,150.0,0,Sunday,1,2025-03-02,Sunday,0,30
16,120.0,0.5,0,Sunday,1,2025-03-02,Sunday,0,30
16,0.03333333333333333,150.0,0,Sunday,1,2025-03-02,Sunday,0,30
16,0.03333333333333333,0.5,0,Sunday,1,2025-03-02,Sunday,0,30
16,120.0,150.0,0,Sunday,1,2025-03-02,Sunday,0,30
19,0.03333333333333333,0.5,0,Sunday,1,2025-03-02,Sunday,0,30
16,120.0,150.0,0,Sunday,1,2025-03-02,Sunday,0,30
16,0.03333333333333333,150.0,0,Sunday,1,2025-03-02,Sunday,0,30
17,120.0,150.0,0,Sunday,1,2025-03-02,Sunday,0,30
16,120.0,150.0,0,Sunday,1,2025-03-02,Sunday,0,30
16,0.03333333333333333,150.0,0,Sunday,1,2025-03-02,Sunday,0,30
16,120.0,150.0,0,Sunday,1,2025-03-02,Sunday,0,30
18,0.03333333333333333,150.0,0,Sunday,1,2025-03-02,Sunday,0,30
12,0.03333333333333333,0.5,0,Sunday,1,2025-03-02,Sunday,0,30
16,0.03333333333333333,0.5,0,Sunday,1,2025-03-02,Sunday,0,30
14,120.0,150.0,0,Sunday,1,2025-03-02,Sunday,0,30
16,0.03333333333333333,150.0,0,Sunday,1,2025-03-02,Sunday,0,30
16,120.0,150.0,0,Sunday,1,2025-03-02,Sunday,0,30
4,0.03333333333333333,150.0,0,Sunday,1,2025-03-02,Sunday,0,30
16,120.0,0.5,0,Sunday,1,2025-03-02,Sunday,0,30
16,0.03333333333333333,150.0,0,Sunday,1,2025-03-02,Sunday,0,30
12,0.03333333333333333,0.5,0,Sunday,1,2025-03-02,Sunday,0,30
16,120.0,0.5,0,Sunday,1,2025-03-02,Sunday,0,30
16,0.03333333333333333,150.0,0,Sunday,1,2025-03-02,Sunday,0,30
14,120.0,0.5,0,Sunday,1,2025-03-02,Sunday,0,30
12,120.0,150.0,0,Sunday,1,2025-03-02,Sunday,0,30
22,120.0,0.5,0,Sunday,1,2025-03-02,Sunday,0,30
14,0.03333333333333333,0.5,0,Sunday,1,2025-03-09,Sunday,0,30
16,0.03333333333333333,150.0,0,Sunday,1,2025-03-09,Sunday,0,30
17,0.03333333333333333,0.5,0,Sunday,1,2025-03-09,Sunday,0,30
19,0.03333333333333333,150.0,0,Sunday,1,2025-03-09,Sunday,0,30
21,0.03333333333333333,0.5,0,Sunday,1,2025-03-09,Sunday,0,30
14,120.0,0.5,0,Sunday,1,2025-03-09,Sunday,0,30
20,0.03333333333333333,150.0,0,Sunday,1,2025-03-09,Sunday,0,30
23,0.03333333333333333,150.0,0,Sunday,1,2025-03-09,Sunday,0,30
16,0.03333333333333333,150.0,0,Sunday,1,2025-03-09,Sunday,0,30
16,0.03333333333333333,150.0,0,Sunday,1,2025-03-09,Sunday,0,30
17,120.0,150.0,0,Sunday,1,2025-03-09,Sunday,0,30
12,120.0,0.5,0,Sunday,1,2025-03-09,Sunday,0,30
18,0.03333333333333333,0.5,0,Sunday,1,2025-03-09,Sunday,0,30
12,120.0,150.0,0,Sunday,1,2025-03-09,Sunday,0,30
7,0.03333333333333333,0.5,0,Sunday,1,2025-03-09,Sunday,0,30
12,120.0,0.5,0,Sunday,1,2025-03-09,Sunday,0,30
15,120.0,0.5,0,Sunday,1,2025-03-09,Sunday,0,30
19,120.0,150.0,0,Sunday,1,2025-03-09,Sunday,0,30
16,0.03333333333333333,0.5,0,Sunday,1,2025-03-09,Sunday,0,30
19,120.0,0.5,0,Sunday,1,2025-03-09,Sunday,0,30
20,0.03333333333333333,0.5,0,Sunday,1,2025-03-09,Sunday,0,30
16,120.0,0.5,0,Sunday,1,2025-03-09,Sunday,0,30
12,0.03333333333333333,0.5,0,Sunday,1,2025-03-09,Sunday,0,30
12,120.0,150.0,0,Sunday,1,2025-03-09,Sunday,0,30
17,120.0,150.0,0,Sunday,1,2025-03-09,Sunday,0,30
13,120.0,0.5,0,Sunday,1,2025-03-09,Sunday,0,30
21,0.03333333333333333,0.5,0,Sunday,1,2025-03-09,Sunday,0,30
16,120.0,0.5,0,Sunday,1,2025-03-09,Sunday,0,30
12,120.0,150.0,0,Sunday,1,2025-03-09,Sunday,0,30
16,120.0,0.5,0,Sunday,1,2025-03-09,Sunday,0,30
12,120.0,0.5,0,Sunday,1,2025-03-16,Sunday,0,31
12,120.0,150.0,0,Sunday,1,2025-03-16,Sunday,0,31
16,0.03333333333333333,150.0,0,Sunday,1,2025-03-16,Sunday,0,31
20,0.03333333333333333,0.5,0,Sunday,1,2025-03-16,Sunday,0,31
20,0.03333333333333333,150.0,0,Sunday,1,2025-03-16,Sunday,0,31
17,0.03333333333333333,0.5,0,Sunday,1,2025-03-16,Sunday,0,31
16,0.03333333333333333,150.0,0,Sunday,1,2025-03-16,Sunday,0,31
23,0.03333333333333333,150.0,0,Sunday,1,2025-03-16,Sunday,0,31
16,120.0,150.0,0,Sunday,1,2025-03-16,Sunday,0,31
15,0.03333333333333333,0.5,0,Sunday,1,2025-03-16,Sunday,0,31
16,120.0,150.0,0,Sunday,1,2025-03-16,Sunday,0,31
17,0.03333333333333333,0.5,0,Sunday,1,2025-03-16,Sunday,0,31
16,120.0,150.0,0,Sunday,1,2025-03-16,Sunday,0,31
20,0.03333333333333333,0.5,0,Sunday,1,2025-03-16,Sunday,0,31
6,120.0,0.5,0,Sunday,1,2025-03-16,Sunday,0,31
16,0.03333333333333333,150.0,0,Sunday,1,2025-03-16,Sunday,0,31
18,120.0,150.0,0,Sunday,1,2025-03-16,Sunday,0,31
16,0.03333333333333333,0.5,0,Sunday,1,2025-03-16,Sunday,0,31
16,120.0,150.0,0,Sunday,1,2025-03-16,Sunday,0,31
16,0.03333333333333333,0.5,0,Sunday,1,2025-03-16,Sunday,0,31
15,0.03333333333333333,0.5,0,Sunday,1,2025-03-16,Sunday,0,31
13,0.03333333333333333,150.0,0,Sunday,1,2025-03-16,Sunday,0,31
16,0.03333333333333333,150.0,0,Sunday,1,2025-03-16,Sunday,0,31
14,0.03333333333333333,0.5,0,Sunday,1,2025-03-16,Sunday,0,31
16,0.03333333333333333,150.0,0,Sunday,1,2025-03-16,Sunday,0,31
12,120.0,150.0,0,Sunday,1,2025-03-16,Sunday,0,31
4,0.03333333333333333,150.0,0,Sunday,1,2025-03-16,Sunday,0,31
18,120.0,0.5,0,Sunday,1,2025-03-16,Sunday,0,31
21,120.0,0.5,0,Sunday,1,2025-03-16,Sunday,0,31
16,0.03333333333333333,0.5,0,Sunday,1,2025-03-16,Sunday,0,31
16,120.0,0.5,0,Sunday,1,2025-03-16,Sunday,0,31
18,0.03333333333333333,0.5,0,Sunday,1,2025-12-28,Sunday,0,30
17,0.03333333333333333,150.0,0,Sunday,1,2025-12-28,Sunday,0,30
14,0.03333333333333333,0.5,0,Sunday,1,2025-12-28,Sunday,0,30
14,0.03333333333333333,0.5,0,Sunday,1,2025-12-28,Sunday,0,30
16,120.0,150.0,0,Sunday,1,2025-12-28,Sunday,0,30
12,120.0,0.5,0,Sunday,1,2025-12-28,Sunday,0,30
16,0.03333333333333333,150.0,0,Sunday,1,2025-12-28,Sunday,0,30
16,0.03333333333333333,150.0,0,Sunday,1,2025-12-28,Sunday,0,30
22,0.03333333333333333,0.5,0,Sunday,1,2025-12-28,Sunday,0,30
16,120.0,150.0,0,Sunday,1,2025-12-28,Sunday,0,30
16,120.0,0.5,0,Sunday,1,2025-12-28,Sunday,0,30
17,0.03333333333333333,150.0,0,Sunday,1,2025-12-28,Sunday,0,30
15,0.03333333333333333,0.5,0,Sunday,1,2025-12-28,Sunday,0,30
16,120.0,150.0,0,Sunday,1,2025-12-28,Sunday,0,30
16,120.0,0.5,0,Sunday,1,2025-12-28,Sunday,0,30
16,120.0,0.5,0,Sunday,1,2025-12-28,Sunday,0,30
17,120.0,0.5,0,Sunday,1,2025-12-28,Sunday,0,30
17,0.03333333333333333,150.0,0,Sunday,1,2025-12-28,Sunday,0,30
16,0.03333333333333333,150.0,0,Sunday,1,2025-12-28,Sunday,0,30
19,0.03333333333333333,0.5,0,Sunday,1,2025-12-28,Sunday,0,30
16,120.0,150.0,0,Sunday,1,2025-12-28,Sunday,0,30
16,0.03333333333333333,0.5,0,Sunday,1,2025-12-28,Sunday,0,30
21,120.0,0.5,0,Sunday,1,2025-12-28,Sunday,0,30
22,120.0,0.5,0,Sunday,1,2025-12-28,Sunday,0,30
12,0.03333333333333333,0.5,0,Sunday,1,2025-12-28,Sunday,0,30
20,120.0,0.5,0,Sunday,1,2025-12-28,Sunday,0,30
12,120.0,150.0,0,Sunday,1,2025-12-28,Sunday,0,30
16,0.03333333333333333,150.0,0,Sunday,1,2025-12-28,Sunday,0,30
19,120.0,0.5,0,Sunday,1,2025-12-28,Sunday,0,30
16,0.03333333333333333,150.0,0,Sunday,1,2025-12-28,Sunday,0,30
12,120.0,150.0,1,Friday,1,2025-03-21,Friday,1,21
22,0.03333333333333333,0.5,1,Friday,1,2025-03-21,Friday,1,21
12,120.0,0.5,1,Friday,1,2025-03-21,Friday,1,21
20,120.0,0.5,1,Friday,1,2025-03-21,Friday,1,21
12,0.03333333333333333,150.0,1,Friday,1,2025-03-21,Friday,1,21
16,120.0,150.0,1,Friday,1,2025-03-21,Friday,1,21
16,120.0,0.5,1,Friday,1,2025-03-21,Friday,1,21
20,120.0,0.5,1,Friday,1,2025-03-21,Friday,1,21
14,0.03333333333333333,0.5,1,Friday,1,2025-03-21,Friday,1,21
13,120.0,0.5,1,Friday,1,2025-03-21,Friday,1,21
17,0.03333333333333333,150.0,1,Friday,1,2025-03-21,Friday,1,21
16,0.03333333333333333,0.5,1,Friday,1,2025-03-21,Friday,1,21
16,0.03333333333333333,0.5,1,Friday,1,2025-03-21,Friday,1,21
17,0.03333333333333333,150.0,1,Friday,1,2025-03-21,Friday,1,21
22,0.03333333333333333,0.5,1,Friday,1,2025-03-21,Friday,1,21
16,120.0,0.5,1,Friday,1,2025-03-21,Friday,1,21
17,120.0,0.5,1,Friday,1,2025-03-21,Friday,1,21
16,120.0,0.5,1,Friday,1,2025-03-21,Friday,1,21
16,120.0,150.0,1,Friday,1,2025-03-21,Friday,1,21
16,120.0,0.5,1,Friday,1,2025-03-21,Friday,1,21
16,0.03333333333333333,150.0,1,Friday,1,2025-03-21,Friday,1,21
16,0.03333333333333333,150.0,1,Friday,1,2025-03-28,Friday,1,25
16,0.03333333333333333,0.5,1,Friday,1,2025-03-28,Friday,1,25
16,120.0,150.0,1,Friday,1,2025-03-28,Friday,1,25
19,0.03333333333333333,0.5,1,Friday,1,2025-03-28,Friday,1,25
14,0.03333333333333333,150.0,1,Friday,1,2025-03-28,Friday,1,25
21,120.0,150.0,1,Friday,1,2025-03-28,Friday,1,25
12,120.0,150.0,1,Friday,1,2025-03-28,Friday,1,25
12,120.0,0.5,1,Friday,1,2025-03-28,Friday,1,25
12,120.0,0.5,1,Friday,1,2025-03-28,Friday,1,25
14,0.03333333333333333,0.5,1,Friday,1,2025-03-28,Friday,1,25
8,0.03333333333333333,0.5,1,Friday,1,2025-03-28,Friday,1,25
16,0.03333333333333333,150.0,1,Friday,1,2025-03-28,Friday,1,25
15,0.03333333333333333,150.0,1,Friday,1,2025-03-28,Friday,1,25
20,0.03333333333333333,0.5,1,Friday,1,2025-03-28,Friday,1,25
6,0.03333333333333333,0.5,1,Friday,1,2025-03-28,Friday,1,25
12,120.0,0.5,1,Friday,1,2025-03-28,Friday,1,25
16,0.03333333333333333,150.0,1,Friday,1,2025-03-28,Friday,1,25
16,0.03333333333333333,0.5,1,Friday,1,2025-03-28,Friday,1,25
18,0.03333333333333333,150.0,1,Friday,1,2025-03-28,Friday,1,25
16,120.0,150.0,1,Friday,1,2025-03-28,Friday,1,25
20,0.03333333333333333,0.5,1,Friday,1,2025-03-28,Friday,1,25
0,120.0,150.0,1,Friday,1,2025-03-28,Friday,1,25
14,120.0,0.5,1,Friday,1,2025-03-28,Friday,1,25
16,120.0,150.0,1,Friday,1,2025-03-28,Friday,1,25
14,0.03333333333333333,150.0,1,Friday,1,2025-03-28,Friday,1,25
16,120.0,150.0,1,Friday,1,2025-04-04,Friday,1,22
16,120.0,150.0,1,Friday,1,2025-04-04,Friday,1,22
16,120.0,150.0,1,Friday,1,2025-04-04,Friday,1,22
16,120.0,0.5,1,Friday,1,2025-04-04,Friday,1,22
9,120.0,0.5,1,Friday,1,2025-04-04,Friday,1,22
16,120.0,150.0,1,Friday,1,2025-04-04,Friday,1,22
17,120.0,0.5,1,Friday,1,2025-04-04,Friday,1,22
16,0.03333333333333333,0.5,1,Friday,1,2025-04-04,Friday,1,22
16,0.03333333333333333,0.5,1,Friday,1,2025-04-04,Friday,1,22
16,0.03333333333333333,0.5,1,Friday,1,2025-04-04,Friday,1,22
14,120.0,150.0,1,Friday,1,2025-04-04,Friday,1,22
16,0.03333333333333333,0.5,1,Friday,1,2025-04-04,Friday,1,22
16,120.0,150.0,1,Friday,1,2025-04-04,Friday,1,22
16,0.03333333333333333,0.5,1,Friday,1,2025-04-04,Friday,1,22
7,120.0,0.5,1,Friday,1,2025-04-04,Friday,1,22
16,120.0,150.0,1,Friday,1,2025-04-04,Friday,1,22
20,0.03333333333333333,150.0,1,Friday,1,2025-04-04,Friday,1,22
12,0.03333333333333333,150.0,1,Friday,1,2025-04-04,Friday,1,22
20,120.0,0.5,1,Friday,1,2025-04-04,Friday,1,22
16,120.0,0.5,1,Friday,1,2025-04-04,Friday,1,22
20,0.03333333333333333,150.0,1,Friday,1,2025-04-04,Friday,1,22
12,120.0,0.5,1,Friday,1,2025-04-04,Friday,1,22
16,120.0,150.0,1,Friday,1,2025-04-11,Friday,1,22
20,0.03333333333333333,0.5,1,Friday,1,2025-04-11,Friday,1,22
16,0.03333333333333333,150.0,1,Friday,1,2025-04-11,Friday,1,22
5,120.0,0.5,1,Friday,1,2025-04-11,Friday,1,22
16,0.03333333333333333,150.0,1,Friday,1,2025-04-11,Friday,1,22
22,120.0,0.5,1,Friday,1,2025-04-11,Friday,1,22
16,120.0,0.5,1,Friday,1,2025-04-11,Friday,1,22
16,120.0,150.0,1,Friday,1,2025-04-11,Friday,1,22
17,0.03333333333333333,150.0,1,Friday,1,2025-04-11,Friday,1,22
17,120.0,0.5,1,Friday,1,2025-04-11,Friday,1,22
15,0.03333333333333333,0.5,1,Friday,1,2025-04-11,Friday,1,22
11,120.0,0.5,1,Friday,1,2025-04-11,Friday,1,22
16,0.03333333333333333,150.0,1,Friday,1,2025-04-11,Friday,1,22
16,0.03333333333333333,0.5,1,Friday,1,2025-04-11,Friday,1,22
16,120.0,150.0,1,Friday,1,2025-04-11,Friday,1,22
12,120.0,0.5,1,Friday,1,2025-04-11,Friday,1,22
15,120.0,0.5,1,Friday,1,2025-04-11,Friday,1,22
21,120.0,0.5,1,Friday,1,2025-04-11,Friday,1,22
21,120.0,0.5,1,Friday,1,2025-04-11,Friday,1,22
18,120.0,150.0,1,Friday,1,2025-04-11,Friday,1,22
19,0.03333333333333333,0.5,1,Friday,1,2025-04-11,Friday,1,22
12,120.0,150.0,1,Friday,1,2025-04-11,Friday,1,22
13,0.03333333333333333,0.5,1,Friday,1,2025-04-18,Friday,1,14
15,0.03333333333333333,0.5,1,Friday,1,2025-04-18,Friday,1,14
15,0.03333333333333333,150.0,1,Friday,1,2025-04-18,Friday,1,14
16,0.03333333333333333,150.0,1,Friday,1,2025-04-18,Friday,1,14
16,120.0,150.0,1,Friday,1,2025-04-18,Friday,1,14
20,0.03333333333333333,150.0,1,Friday,1,2025-04-18,Friday,1,14
16,0.03333333333333333,150.0,1,Friday,1,2025-04-18,Friday,1,14
16,0.03333333333333333,0.5,1,Friday,1,2025-04-18,Friday,1,14
15,120.0,150.0,1,Friday,1,2025-04-18,Friday,1,14
17,120.0,0.5,1,Friday,1,2025-04-18,Friday,1,14
12,0.03333333333333333,0.5,1,Friday,1,2025-04-18,Friday,1,14
12,0.03333333333333333,150.0,1,Friday,1,2025-04-18,Friday,1,14
16,0.03333333333333333,0.5,1,Friday,1,2025-04-18,Friday,1,14
16,0.03333333333333333,0.5,1,Friday,1,2025-04-18,Friday,1,14
16,120.0,0.5,1,Friday,1,2025-04-25,Friday,1,19
16,120.0,0.5,1,Friday,1,2025-04-25,Friday,1,19
13,120.0,0.5,1,Friday,1,2025-04-25,Friday,1,19
18,120.0,0.5,1,Friday,1,2025-04-25,Friday,1,19
16,0.03333333333333333,0.5,1,Friday,1,2025-04-25,Friday,1,19
17,0.03333333333333333,150.0,1,Friday,1,2025-04-25,Friday,1,19
12,120.0,0.5,1,Friday,1,2025-04-25,Friday,1,19
13,0.03333333333333333,150.0,1,Friday,1,2025-04-25,Friday,1,19
16,120.0,0.5,1,Friday,1,2025-04-25,Friday,1,19
16,120.0,150.0,1,Friday,1,2025-04-25,Friday,1,19
16,0.03333333333333333,150.0,1,Friday,1,2025-04-25,Friday,1,19
16,0.03333333333333333,0.5,1,Friday,1,2025-04-25,Friday,1,19
12,0.03333333333333333,0.5,1,Friday,1,2025-04-25,Friday,1,19
16,0.03333333333333333,150.0,1,Friday,1,2025-04-25,Friday,1,19
16,120.0,0.5,1,Friday,1,2025-04-25,Friday,1,19
12,120.0,0.5,1,Friday,1,2025-04-25,Friday,1,19
16,0.03333333333333333,150.0,1,Friday,1,2025-04-25,Friday,1,19
22,120.0,0.5,1,Friday,1,2025-04-25,Friday,1,19
20,120.0,150.0,1,Friday,1,2025-04-25,Friday,1,19
14,120.0,150.0,1,Friday,1,2025-05-02,Friday,1,15
12,120.0,150.0,1,Friday,1,2025-05-02,Friday,1,15
16,0.03333333333333333,0.5,1,Friday,1,2025-05-02,Friday,1,15
23,120.0,0.5,1,Friday,1,2025-05-02,Friday,1,15
16,120.0,0.5,1,Friday,1,2025-05-02,Friday,1,15
17,120.0,0.5,1,Friday,1,2025-05-02,Friday,1,15
9,0.03333333333333333,150.0,1,Friday,1,2025-05-02,Friday,1,15
18,0.03333333333333333,0.5,1,Friday,1,2025-05-02,Friday,1,15
9,120.0,150.0,1,Friday,1,2025-05-02,Friday,1,15
20,120.0,150.0,1,Friday,1,2025-05-02,Friday,1,15
16,120.0,150.0,1,Friday,1,2025-05-02,Friday,1,15
16,120.0,0.5,1,Friday,1,2025-05-02,Friday,1,15
16,0.03333333333333333,0.5,1,Friday,1,2025-05-02,Friday,1,15
12,0.03333333333333333,150.0,1,Friday,1,2025-05-02,Friday,1,15
23,120.0,150.0,1,Friday,1,2025-05-02,Friday,1,15
16,0.03333333333333333,150.0,1,Friday,1,2025-05-09,Friday,1,22
16,120.0,150.0,1,Friday,1,2025-05-09,Friday,1,22
12,120.0,0.5,1,Friday,1,2025-05-09,Friday,1,22
16,120.0,0.5,1,Friday,1,2025-05-09,Friday,1,22
12,120.0,0.5,1,Friday,1,2025-05-09,Friday,1,22
23,0.03333333333333333,0.5,1,Friday,1,2025-05-09,Friday,1,22
15,0.03333333333333333,0.5,1,Friday,1,2025-05-09,Friday,1,22
16,120.0,0.5,1,Friday,1,2025-05-09,Friday,1,22
16,120.0,0.5,1,Friday,1,2025-05-09,Friday,1,22
16,120.0,150.0,1,Friday,1,2025-05-09,Friday,1,22
16,120.0,0.5,1,Friday,1,2025-05-09,Friday,1,22
16,0.03333333333333333,150.0,1,Friday,1,2025-05-09,Friday,1,22
12,120.0,150.0,1,Friday,1,2025-05-09,Friday,1,22
16,0.03333333333333333,0.5,1,Friday,1,2025-05-09,Friday,1,22
16,120.0,150.0,1,Friday,1,2025-05-09,Friday,1,22
21,120.0,150.0,1,Friday,1,2025-05-09,Friday,1,22
14,0.03333333333333333,0.5,1,Friday,1,2025-05-09,Friday,1,22
16,0.03333333333333333,0.5,1,Friday,1,2025-05-09,Friday,1,22
16,120.0,0.5,1,Friday,1,2025-05-09,Friday,1,22
21,0.03333333333333333,0.5,1,Friday,1,2025-05-09,Friday,1,22
16,120.0,150.0,1,Friday,1,2025-05-09,Friday,1,22
16,0.03333333333333333,0.5,1,Friday,1,2025-05-09,Friday,1,22
14,0.03333333333333333,150.0,1,Friday,1,2025-05-16,Friday,1,31
16,0.03333333333333333,0.5,1,Friday,1,2025-05-16,Friday,1,31
14,0.03333333333333333,150.0,1,Friday,1,2025-05-16,Friday,1,31
4,0.03333333333333333,150.0,1,Friday,1,2025-05-16,Friday,1,31
18,0.03333333333333333,0.5,1,Friday,1,2025-05-16,Friday,1,31
17,120.0,0.5,1,Friday,1,2025-05-16,Friday,1,31
18,120.0,150.0,1,Friday,1,2025-05-16,Friday,1,31
16,0.03333333333333333,0.5,1,Friday,1,2025-05-16,Friday,1,31
17,120.0,0.5,1,Friday,1,2025-05-16,Friday,1,31
16,120.0,150.0,1,Friday,1,2025-05-16,Friday,1,31
16,120.0,0.5,1,Friday,1,2025-05-16,Friday,1,31
16,120.0,150.0,1,Friday,1,2025-05-16,Friday,1,31
16,0.03333333333333333,150.0,1,Friday,1,2025-05-16,Friday,1,31
11,0.03333333333333333,150.0,1,Friday,1,2025-05-16,Friday,1,31
12,0.03333333333333333,150.0,1,Friday,1,2025-05-16,Friday,1,31
14,0.03333333333333333,150.0,1,Friday,1,2025-05-16,Friday,1,31
16,0.03333333333333333,150.0,1,Friday,1,2025-05-16,Friday,1,31
16,120.0,0.5,1,Friday,1,2025-05-16,Friday,1,31
23,0.03333333333333333,0.5,1,Friday,1,2025-05-16,Friday,1,31
19,0.03333333333333333,150.0,1,Friday,1,2025-05-16,Friday,1,31
12,120.0,0.5,1,Friday,1,2025-05-16,Friday,1,31
16,0.03333333333333333,0.5,1,Friday,1,2025-05-16,Friday,1,31
16,0.03333333333333333,150.0,1,Friday,1,2025-05-16,Friday,1,31
13,120.0,150.0,1,Friday,1,2025-05-16,Friday,1,31
16,0.03333333333333333,0.5,1,Friday,1,2025-05-16,Friday,1,31
16,0.03333333333333333,0.5,1,Friday,1,2025-05-16,Friday,1,31
12,0.03333333333333333,0.5,1,Friday,1,2025-05-16,Friday,1,31
16,0.03333333333333333,150.0,1,Friday,1,2025-05-16,Friday,1,31
17,0.03333333333333333,150.0,1,Friday,1,2025-05-16,Friday,1,31
20,0.03333333333333333,150.0,1,Friday,1,2025-05-16,Friday,1,31
20,120.0,150.0,1,Friday,1,2025-05-16,Friday,1,31
12,0.03333333333333333,150.0,1,Friday,1,2025-05-23,Friday,1,24
12,0.03333333333333333,0.5,1,Friday,1,2025-05-23,Friday,1,24
14,120.0,0.5,1,Friday,1,2025-05-23,Friday,1,24
14,0.03333333333333333,0.5,1,Friday,1,2025-05-23,Friday,1,24
19,120.0,0.5,1,Friday,1,2025-05-23,Friday,1,24
16,0.03333333333333333,150.0,1,Friday,1,2025-05-23,Friday,1,24
16,0.03333333333333333,150.0,1,Friday,1,2025-05-23,Friday,1,24
17,120.0,0.5,1,Friday,1,2025-05-23,Friday,1,24
16,0.03333333333333333,150.0,1,Friday,1,2025-05-23,Friday,1,24
16,0.03333333333333333,0.5,1,Friday,1,2025-05-23,Friday,1,24
18,120.0,0.5,1,Friday,1,2025-05-23,Friday,1,24
16,120.0,150.0,1,Friday,1,2025-05-23,Friday,1,24
16,0.03333333333333333,0.5,1,Friday,1,2025-05-23,Friday,1,24
16,0.03333333333333333,150.0,1,Friday,1,2025-05-23,Friday,1,24
14,120.0,150.0,1,Friday,1,2025-05-23,Friday,1,24
0,120.0,0.5,1,Friday,1,2025-05-23,Friday,1,24
16,0.03333333333333333,0.5,1,Friday,1,2025-05-23,Friday,1,24
16,0.03333333333333333,0.5,1,Friday,1,2025-05-23,Friday,1,24
15,0.03333333333333333,0.5,1,Friday,1,2025-05-23,Friday,1,24
12,120.0,150.0,1,Friday,1,2025-05-23,Friday,1,24
16,120.0,150.0,1,Friday,1,2025-05-23,Friday,1,24
13,120.0,0.5,1,Friday,1,2025-05-23,Friday,1,24
16,0.03333333333333333,150.0,1,Friday,1,2025-05-23,Friday,1,24
20,0.03333333333333333,0.5,1,Friday,1,2025-05-23,Friday,1,24
16,120.0,150.0,1,Friday,1,2025-05-30,Friday,1,22
14,0.03333333333333333,0.5,1,Friday,1,2025-05-30,Friday,1,22
16,0.03333333333333333,150.0,1,Friday,1,2025-05-30,Friday,1,22
22,120.0,0.5,1,Friday,1,2025-05-30,Friday,1,22
16,120.0,150.0,1,Friday,1,2025-05-30,Friday,1,22
16,120.0,0.5,1,Friday,1,2025-05-30,Friday,1,22
21,0.03333333333333333,0.5,1,Friday,1,2025-05-30,Friday,1,22
16,0.03333333333333333,150.0,1,Friday,1,2025-05-30,Friday,1,22
16,0.03333333333333333,150.0,1,Friday,1,2025-05-30,Friday,1,22
22,120.0,0.5,1,Friday,1,2025-05-30,Friday,1,22
17,0.03333333333333333,0.5,1,Friday,1,2025-05-30,Friday,1,22
16,120.0,0.5,1,Friday,1,2025-05-30,Friday,1,22
21,120.0,150.0,1,Friday,1,2025-05-30,Friday,1,22
14,120.0,0.5,1,Friday,1,2025-05-30,Friday,1,22
16,0.03333333333333333,150.0,1,Friday,1,2025-05-30,Friday,1,22
16,0.03333333333333333,150.0,1,Friday,1,2025-05-30,Friday,1,22
17,120.0,0.5,1,Friday,1,2025-05-30,Friday,1,22
15,120.0,0.5,1,Friday,1,2025-05-30,Friday,1,22
14,0.03333333333333333,0.5,1,Friday,1,2025-05-30,Friday,1,22
16,120.0,0.5,1,Friday,1,2025-05-30,Friday,1,22
8,120.0,0.5,1,Friday,1,2025-05-30,Friday,1,22
16,0.03333333333333333,0.5,1,Friday,1,2025-05-30,Friday,1,22
16,120.0,150.0,1,Friday,1,2025-06-06,Friday,1,18
14,0.03333333333333333,150.0,1,Friday,1,2025-06-06,Friday,1,18
12,0.03333333333333333,0.5,1,Friday,1,2025-06-06,Friday,1,18
16,120.0,0.5,1,Friday,1,2025-06-06,Friday,1,18
16,0.03333333333333333,150.0,1,Friday,1,2025-06-06,Friday,1,18
16,0.03333333333333333,0.5,1,Friday,1,2025-06-06,Friday,1,18
14,0.03333333333333333,0.5,1,Friday,1,2025-06-06,Friday,1,18
16,0.03333333333333333,150.0,1,Friday,1,2025-06-06,Friday,1,18
14,0.03333333333333333,150.0,1,Friday,1,2025-06-06,Friday,1,18
16,0.03333333333333333,0.5,1,Friday,1,2025-06-06,Friday,1,18
15,120.0,0.5,1,Friday,1,2025-06-06,Friday,1,18
14,120.0,0.5,1,Friday,1,2025-06-06,Friday,1,18
19,120.0,0.5,1,Friday,1,2025-06-06,Friday,1,18
21,120.0,0.5,1,Friday,1,2025-06-06,Friday,1,18
16,0.03333333333333333,150.0,1,Friday,1,2025-06-06,Friday,1,18
16,0.03333333333333333,150.0,1,Friday,1,2025-06-06,Friday,1,18
14,0.03333333333333333,0.5,1,Friday,1,2025-06-06,Friday,1,18
16,0.03333333333333333,0.5,1,Friday,1,2025-06-06,Friday,1,18
16,0.03333333333333333,150.0,1,Friday,1,2025-06-13,Friday,1,30
16,0.03333333333333333,0.5,1,Friday,1,2025-06-13,Friday,1,30
16,120.0,150.0,1,Friday,1,2025-06-13,Friday,1,30
11,0.03333333333333333,150.0,1,Friday,1,2025-06-13,Friday,1,30
17,0.03333333333333333,150.0,1,Friday,1,2025-06-13,Friday,1,30
12,120.0,0.5,1,Friday,1,2025-06-13,Friday,1,30
16,0.03333333333333333,0.5,1,Friday,1,2025-06-13,Friday,1,30
14,0.03333333333333333,150.0,1,Friday,1,2025-06-13,Friday,1,30
12,120.0,0.5,1,Friday,1,2025-06-13,Friday,1,30
17,120.0,150.0,1,Friday,1,2025-06-13,Friday,1,30
18,0.03333333333333333,0.5,1,Friday,1,2025-06-13,Friday,1,30
16,120.0,150.0,1,Friday,1,2025-06-13,Friday,1,30
19,120.0,0.5,1,Friday,1,2025-06-13,Friday,1,30
16,0.03333333333333333,0.5,1,Friday,1,2025-06-13,Friday,1,30
18,120.0,0.5,1,Friday,1,2025-06-13,Friday,1,30
16,0.03333333333333333,150.0,1,Friday,1,2025-06-13,Friday,1,30
13,120.0,0.5,1,Friday,1,2025-06-13,Friday,1,30
15,0.03333333333333333,150.0,1,Friday,1,2025-06-13,Friday,1,30
16,0.03333333333333333,150.0,1,Friday,1,2025-06-13,Friday,1,30
16,0.03333333333333333,0.5,1,Friday,1,2025-06-13,Friday,1,30
8,120.0,0.5,1,Friday,1,2025-06-13,Friday,1,30
16,0.03333333333333333,0.5,1,Friday,1,2025-06-13,Friday,1,30
14,120.0,0.5,1,Friday,1,2025-06-13,Friday,1,30
14,0.03333333333333333,0.5,1,Friday,1,2025-06-13,Friday,1,30
16,120.0,150.0,1,Friday,1,2025-06-13,Friday,1,30
17,0.03333333333333333,0.5,1,Friday,1,2025-06-13,Friday,1,30
15,0.03333333333333333,150.0,1,Friday,1,2025-06-13,Friday,1,30
16,0.03333333333333333,150.0,1,Friday,1,2025-06-13,Friday,1,30
16,0.03333333333333333,0.5,1,Friday,1,2025-06-13,Friday,1,30
16,120.0,0.5,1,Friday,1,2025-06-13,Friday,1,30
16,120.0,150.0,1,Friday,1,2025-06-20,Friday,1,21
16,120.0,150.0,1,Friday,1,2025-06-20,Friday,1,21
12,120.0,150.0,1,Friday,1,2025-06-20,Friday,1,21
16,120.0,150.0,1,Friday,1,2025-06-20,Friday,1,21
16,0.03333333333333333,150.0,1,Friday,1,2025-06-20,Friday,1,21
17,120.0,0.5,1,Friday,1,2025-06-20,Friday,1,21
21,0.03333333333333333,0.5,1,Friday,1,2025-06-20,Friday,1,21
16,120.0,150.0,1,Friday,1,2025-06-20,Friday,1,21
16,0.03333333333333333,0.5,1,Friday,1,2025-06-20,Friday,1,21
16,0.03333333333333333,0.5,1,Friday,1,2025-06-20,Friday,1,21
14,120.0,150.0,1,Friday,1,2025-06-20,Friday,1,21
21,120.0,0.5,1,Friday,1,2025-06-20,Friday,1,21
19,0.03333333333333333,0.5,1,Friday,1,2025-06-20,Friday,1,21
22,0.03333333333333333,150.0,1,Friday,1,2025-06-20,Friday,1,21
14,0.03333333333333333,0.5,1,Friday,1,2025-06-20,Friday,1,21
15,0.03333333333333333,0.5,1,Friday,1,2025-06-20,Friday,1,21
9,0.03333333333333333,0.5,1,Friday,1,2025-06-20,Friday,1,21
21,0.03333333333333333,150.0,1,Friday,1,2025-06-20,Friday,1,21
16,120.0,150.0,1,Friday,1,2025-06-20,Friday,1,21
16,120.0,150.0,1,Friday,1,2025-06-20,Friday,1,21
16,120.0,0.5,1,Friday,1,2025-06-20,Friday,1,21
21,0.03333333333333333,0.5,1,Saturday,1,2025-03-22,Saturday,1,20
16,0.03333333333333333,0.5,1,Saturday,1,2025-03-22,Saturday,1,20
21,120.0,150.0,1,Saturday,1,2025-03-22,Saturday,1,20
16,120.0,150.0,1,Saturday,1,2025-03-22,Saturday,1,20
12,120.0,150.0,1,Saturday,1,2025-03-22,Saturday,1,20
14,0.03333333333333333,0.5,1,Saturday,1,2025-03-22,Saturday,1,20
16,120.0,150.0,1,Saturday,1,2025-03-22,Saturday,1,20
16,0.03333333333333333,0.5,1,Saturday,1,2025-03-22,Saturday,1,20
16,120.0,0.5,1,Saturday,1,2025-03-22,Saturday,1,20
18,0.03333333333333333,150.0,1,Saturday,1,2025-03-22,Saturday,1,20
16,0.03333333333333333,150.0,1,Saturday,1,2025-03-22,Saturday,1,20
19,0.03333333333333333,0.5,1,Saturday,1,2025-03-22,Saturday,1,20
16,0.03333333333333333,150.0,1,Saturday,1,2025-03-22,Saturday,1,20
9,120.0,0.5,1,Saturday,1,2025-03-22,Saturday,1,20
16,0.03333333333333333,150.0,1,Saturday,1,2025-03-22,Saturday,1,20
12,120.0,0.5,1,Saturday,1,2025-03-22,Saturday,1,20
16,120.0,150.0,1,Saturday,1,2025-03-22,Saturday,1,20
15,120.0,150.0,1,Saturday,1,2025-03-22,Saturday,1,20
22,0.03333333333333333,0.5,1,Saturday,1,2025-03-22,Saturday,1,20
16,120.0,0.5,1,Saturday,1,2025-03-22,Saturday,1,20
13,0.03333333333333333,150.0,1,Saturday,1,2025-03-29,Saturday,1,12
16,120.0,0.5,1,Saturday,1,2025-03-29,Saturday,1,12
16,0.03333333333333333,0.5,1,Saturday,1,2025-03-29,Saturday,1,12
16,0.03333333333333333,150.0,1,Saturday,1,2025-03-29,Saturday,1,12
16,120.0,0.5,1,Saturday,1,2025-03-29,Saturday,1,12
20,0.03333333333333333,0.5,1,Saturday,1,2025-03-29,Saturday,1,12
12,120.0,0.5,1,Saturday,1,2025-03-29,Saturday,1,12
12,0.03333333333333333,150.0,1,Saturday,1,2025-03-29,Saturday,1,12
12,120.0,150.0,1,Saturday,1,2025-03-29,Saturday,1,12
16,120.0,150.0,1,Saturday,1,2025-03-29,Saturday,1,12
16,0.03333333333333333,0.5,1,Saturday,1,2025-03-29,Saturday,1,12
16,0.03333333333333333,150.0,1,Saturday,1,2025-03-29,Saturday,1,12
20,120.0,150.0,1,Saturday,1,2025-04-05,Saturday,1,18
14,0.03333333333333333,150.0,1,Saturday,1,2025-04-05,Saturday,1,18
16,120.0,150.0,1,Saturday,1,2025-04-05,Saturday,1,18
12,120.0,150.0,1,Saturday,1,2025-04-05,Saturday,1,18
16,0.03333333333333333,0.5,1,Saturday,1,2025-04-05,Saturday,1,18
17,120.0,150.0,1,Saturday,1,2025-04-05,Saturday,1,18
16,0.03333333333333333,0.5,1,Saturday,1,2025-04-05,Saturday,1,18
16,0.03333333333333333,150.0,1,Saturday,1,2025-04-05,Saturday,1,18
21,0.03333333333333333,0.5,1,Saturday,1,2025-04-05,Saturday,1,18
14,0.03333333333333333,0.5,1,Saturday,1,2025-04-05,Saturday,1,18
16,120.0,150.0,1,Saturday,1,2025-04-05,Saturday,1,18
18,120.0,150.0,1,Saturday,1,2025-04-05,Saturday,1,18
16,0.03333333333333333,150.0,1,Saturday,1,2025-04-05,Saturday,1,18
12,0.03333333333333333,150.0,1,Saturday,1,2025-04-05,Saturday,1,18
16,0.03333333333333333,0.5,1,Saturday,1,2025-04-05,Saturday,1,18
16,120.0,0.5,1,Saturday,1,2025-04-05,Saturday,1,18
18,120.0,150.0,1,Saturday,1,2025-04-05,Saturday,1,18
16,120.0,0.5,1,Saturday,1,2025-04-05,Saturday,1,18
20,120.0,150.0,1,Saturday,1,2025-04-12,Saturday,1,20
16,0.03333333333333333,0.5,1,Saturday,1,2025-04-12,Saturday,1,20
16,120.0,0.5,1,Saturday,1,2025-04-12,Saturday,1,20
20,120.0,0.5,1,Saturday,1,2025-04-12,Saturday,1,20
19,0.03333333333333333,150.0,1,Saturday,1,2025-04-12,Saturday,1,20
19,0.03333333333333333,0.5,1,Saturday,1,2025-04-12,Saturday,1,20
12,120.0,0.5,1,Saturday,1,2025-04-12,Saturday,1,20
16,0.03333333333333333,0.5,1,Saturday,1,2025-04-12,Saturday,1,20
14,120.0,150.0,1,Saturday,1,2025-04-12,Saturday,1,20
20,120.0,0.5,1,Saturday,1,2025-04-12,Saturday,1,20
16,120.0,0.5,1,Saturday,1,2025-04-12,Saturday,1,20
10,120.0,0.5,1,Saturday,1,2025-04-12,Saturday,1,20
14,0.03333333333333333,150.0,1,Saturday,1,2025-04-12,Saturday,1,20
16,120.0,0.5,1,Saturday,1,2025-04-12,Saturday,1,20
16,120.0,150.0,1,Saturday,1,2025-04-12,Saturday,1,20
12,120.0,0.5,1,Saturday,1,2025-04-12,Saturday,1,20
0,0.03333333333333333,0.5,1,Saturday,1,2025-04-12,Saturday,1,20
19,120.0,0.5,1,Saturday,1,2025-04-12,Saturday,1,20
12,120.0,0.5,1,Saturday,1,2025-04-12,Saturday,1,20
16,120.0,150.0,1,Saturday,1,2025-04-12,Saturday,1,20
16,0.03333333333333333,150.0,1,Saturday,1,2025-04-19,Saturday,1,18
15,0.03333333333333333,0.5,1,Saturday,1,2025-04-19,Saturday,1,18
19,120.0,0.5,1,Saturday,1,2025-04-19,Saturday,1,18
21,0.03333333333333333,0.5,1,Saturday,1,2025-04-19,Saturday,1,18
7,120.0,0.5,1,Saturday,1,2025-04-19,Saturday,1,18
16,120.0,150.0,1,Saturday,1,2025-04-19,Saturday,1,18
16,120.0,150.0,1,Saturday,1,2025-04-19,Saturday,1,18
15,120.0,0.5,1,Saturday,1,2025-04-19,Saturday,1,18
16,120.0,150.0,1,Saturday,1,2025-04-19,Saturday,1,18
16,0.03333333333333333,150.0,1,Saturday,1,2025-04-19,Saturday,1,18
12,120.0,150.0,1,Saturday,1,2025-04-19,Saturday,1,18
16,120.0,0.5,1,Saturday,1,2025-04-19,Saturday,1,18
16,0.03333333333333333,150.0,1,Saturday,1,2025-04-19,Saturday,1,18
6,0.03333333333333333,0.5,1,Saturday,1,2025-04-19,Saturday,1,18
16,0.03333333333333333,0.5,1,Saturday,1,2025-04-19,Saturday,1,18
17,0.03333333333333333,150.0,1,Saturday,1,2025-04-19,Saturday,1,18
16,120.0,150.0,1,Saturday,1,2025-04-19,Saturday,1,18
20,0.03333333333333333,0.5,1,Saturday,1,2025-04-19,Saturday,1,18
16,0.03333333333333333,150.0,1,Saturday,1,2025-04-26,Saturday,1,22
16,0.03333333333333333,0.5,1,Saturday,1,2025-04-26,Saturday,1,22
18,120.0,0.5,1,Saturday,1,2025-04-26,Saturday,1,22
22,120.0,0.5,1,Saturday,1,2025-04-26,Saturday,1,22
14,0.03333333333333333,150.0,1,Saturday,1,2025-04-26,Saturday,1,22
1,120.0,0.5,1,Saturday,1,2025-04-26,Saturday,1,22
18,0.03333333333333333,0.5,1,Saturday,1,2025-04-26,Saturday,1,22
16,0.03333333333333333,150.0,1,Saturday,1,2025-04-26,Saturday,1,22
16,120.0,150.0,1,Saturday,1,2025-04-26,Saturday,1,22
16,120.0,0.5,1,Saturday,1,2025-04-26,Saturday,1,22
16,0.03333333333333333,150.0,1,Saturday,1,2025-04-26,Saturday,1,22
19,0.03333333333333333,0.5,1,Saturday,1,2025-04-26,Saturday,1,22
16,120.0,0.5,1,Saturday,1,2025-04-26,Saturday,1,22
19,120.0,150.0,1,Saturday,1,2025-04-26,Saturday,1,22
12,120.0,150.0,1,Saturday,1,2025-04-26,Saturday,1,22
19,0.03333333333333333,150.0,1,Saturday,1,2025-04-26,Saturday,1,22
16,120.0,0.5,1,Saturday,1,2025-04-26,Saturday,1,22
16,120.0,150.0,1,Saturday,1,2025-04-26,Saturday,1,22
16,120.0,0.5,1,Saturday,1,2025-04-26,Saturday,1,22
16,120.0,0.5,1,Saturday,1,2025-04-26,Saturday,1,22
19,120.0,0.5,1,Saturday,1,2025-04-26,Saturday,1,22
16,120.0,150.0,1,Saturday,1,2025-04-26,Saturday,1,22
9,120.0,0.5,1,Saturday,1,2025-05-03,Saturday,1,22
22,0.03333333333333333,150.0,1,Saturday,1,2025-05-03,Saturday,1,22
8,0.03333333333333333,0.5,1,Saturday,1,2025-05-03,Saturday,1,22
12,120.0,150.0,1,Saturday,1,2025-05-03,Saturday,1,22
16,0.03333333333333333,0.5,1,Saturday,1,2025-05-03,Saturday,1,22
16,0.03333333333333333,0.5,1,Saturday,1,2025-05-03,Saturday,1,22
14,0.03333333333333333,150.0,1,Saturday,1,2025-05-03,Saturday,1,22
12,120.0,150.0,1,Saturday,1,2025-05-03,Saturday,1,22
16,0.03333333333333333,0.5,1,Saturday,1,2025-05-03,Saturday,1,22
16,120.0,150.0,1,Saturday,1,2025-05-03,Saturday,1,22
18,0.03333333333333333,150.0,1,Saturday,1,2025-05-03,Saturday,1,22
16,0.03333333333333333,0.5,1,Saturday,1,2025-05-03,Saturday,1,22
11,0.03333333333333333,0.5,1,Saturday,1,2025-05-03,Saturday,1,22
12,0.03333333333333333,150.0,1,Saturday,1,2025-05-03,Saturday,1,22
16,120.0,150.0,1,Saturday,1,2025-05-03,Saturday,1,22
16,0.03333333333333333,0.5,1,Saturday,1,2025-05-03,Saturday,1,22
12,0.03333333333333333,0.5,1,Saturday,1,2025-05-03,Saturday,1,22
21,120.0,0.5,1,Saturday,1,2025-05-03,Saturday,1,22
16,120.0,150.0,1,Saturday,1,2025-05-03,Saturday,1,22
16,0.03333333333333333,150.0,1,Saturday,1,2025-05-03,Saturday,1,22
16,0.03333333333333333,150.0,1,Saturday,1,2025-05-03,Saturday,1,22
16,0.03333333333333333,0.5,1,Saturday,1,2025-05-03,Saturday,1,22
16,0.03333333333333333,0.5,1,Saturday,1,2025-05-10,Saturday,1,30
12,120.0,150.0,1,Saturday,1,2025-05-10,Saturday,1,30
22,120.0,0.5,1,Saturday,1,2025-05-10,Saturday,1,30
16,0.03333333333333333,150.0,1,Saturday,1,2025-05-10,Saturday,1,30
13,0.03333333333333333,0.5,1,Saturday,1,2025-05-10,Saturday,1,30
22,120.0,150.0,1,Saturday,1,2025-05-10,Saturday,1,30
16,120.0,150.0,1,Saturday,1,2025-05-10,Saturday,1,30
16,120.0,150.0,1,Saturday,1,2025-05-10,Saturday,1,30
12,0.03333333333333333,150.0,1,Saturday,1,2025-05-10,Saturday,1,30
16,120.0,150.0,1,Saturday,1,2025-05-10,Saturday,1,30
22,0.03333333333333333,0.5,1,Saturday,1,2025-05-10,Saturday,1,30
12,120.0,0.5,1,Saturday,1,2025-05-10,Saturday,1,30
22,120.0,150.0,1,Saturday,1,2025-05-10,Saturday,1,30
16,120.0,150.0,1,Saturday,1,2025-05-10,Saturday,1,30
16,0.03333333333333333,0.5,1,Saturday,1,2025-05-10,Saturday,1,30
17,0.03333333333333333,0.5,1,Saturday,1,2025-05-10,Saturday,1,30
22,120.0,150.0,1,Saturday,1,2025-05-10,Saturday,1,30
16,120.0,0.5,1,Saturday,1,2025-05-10,Saturday,1,30
23,0.03333333333333333,0.5,1,Saturday,1,2025-05-10,Saturday,1,30
12,120.0,0.5,1,Saturday,1,2025-05-10,Saturday,1,30
23,120.0,150.0,1,Saturday,1,2025-05-10,Saturday,1,30
19,0.03333333333333333,150.0,1,Saturday,1,2025-05-10,Saturday,1,30
14,120.0,150.0,1,Saturday,1,2025-05-10,Saturday,1,30
17,0.03333333333333333,150.0,1,Saturday,1,2025-05-10,Saturday,1,30
18,0.03333333333333333,0.5,1,Saturday,1,2025-05-10,Saturday,1,30
21,120.0,0.5,1,Saturday,1,2025-05-10,Saturday,1,30
19,0.03333333333333333,150.0,1,Saturday,1,2025-05-10,Saturday,1,30
16,0.03333333333333333,0.5,1,Saturday,1,2025-05-10,Saturday,1,30
15,0.03333333333333333,0.5,1,Saturday,1,2025-05-10,Saturday,1,30
15,0.03333333333333333,0.5,1,Saturday,1,2025-05-10,Saturday,1,30
16,120.0,150.0,1,Saturday,1,2025-05-17,Saturday,1,14
22,120.0,150.0,1,Saturday,1,2025-05-17,Saturday,1,14
22,120.0,0.5,1,Saturday,1,2025-05-17,Saturday,1,14
19,120.0,0.5,1,Saturday,1,2025-05-17,Saturday,1,14
1,0.03333333333333333,0.5,1,Saturday,1,2025-05-17,Saturday,1,14
16,0.03333333333333333,150.0,1,Saturday,1,2025-05-17,Saturday,1,14
16,120.0,150.0,1,Saturday,1,2025-05-17,Saturday,1,14
22,120.0,0.5,1,Saturday,1,2025-05-17,Saturday,1,14
16,120.0,150.0,1,Saturday,1,2025-05-17,Saturday,1,14
16,0.03333333333333333,150.0,1,Saturday,1,2025-05-17,Saturday,1,14
14,0.03333333333333333,150.0,1,Saturday,1,2025-05-17,Saturday,1,14
22,120.0,0.5,1,Saturday,1,2025-05-17,Saturday,1,14
20,120.0,0.5,1,Saturday,1,2025-05-17,Saturday,1,14
14,0.03333333333333333,150.0,1,Saturday,1,2025-05-17,Saturday,1,14
14,120.0,150.0,1,Saturday,1,2025-05-24,Saturday,1,19
17,120.0,150.0,1,Saturday,1,2025-05-24,Saturday,1,19
16,0.03333333333333333,150.0,1,Saturday,1,2025-05-24,Saturday,1,19
16,120.0,0.5,1,Saturday,1,2025-05-24,Saturday,1,19
19,0.03333333333333333,150.0,1,Saturday,1,2025-05-24,Saturday,1,19
16,0.03333333333333333,150.0,1,Saturday,1,2025-05-24,Saturday,1,19
16,0.03333333333333333,150.0,1,Saturday,1,2025-05-24,Saturday,1,19
16,120.0,150.0,1,Saturday,1,2025-05-24,Saturday,1,19
22,0.03333333333333333,150.0,1,Saturday,1,2025-05-24,Saturday,1,19
16,120.0,0.5,1,Saturday,1,2025-05-24,Saturday,1,19
11,0.03333333333333333,150.0,1,Saturday,1,2025-05-24,Saturday,1,19
14,0.03333333333333333,150.0,1,Saturday,1,2025-05-24,Saturday,1,19
16,120.0,150.0,1,Saturday,1,2025-05-24,Saturday,1,19
21,0.03333333333333333,0.5,1,Saturday,1,2025-05-24,Saturday,1,19
22,120.0,0.5,1,Saturday,1,2025-05-24,Saturday,1,19
15,120.0,150.0,1,Saturday,1,2025-05-24,Saturday,1,19
16,120.0,150.0,1,Saturday,1,2025-05-24,Saturday,1,19
12,120.0,150.0,1,Saturday,1,2025-05-24,Saturday,1,19
12,120.0,0.5,1,Saturday,1,2025-05-24,Saturday,1,19
16,0.03333333333333333,150.0,1,Saturday,1,2025-05-31,Saturday,1,21
14,120.0,0.5,1,Saturday,1,2025-05-31,Saturday,1,21
16,120.0,0.5,1,Saturday,1,2025-05-31,Saturday,1,21
16,0.03333333333333333,0.5,1,Saturday,1,2025-05-31,Saturday,1,21
16,120.0,150.0,1,Saturday,1,2025-05-31,Saturday,1,21
16,0.03333333333333333,150.0,1,Saturday,1,2025-05-31,Saturday,1,21
12,120.0,150.0,1,Saturday,1,2025-05-31,Saturday,1,21
12,120.0,150.0,1,Saturday,1,2025-05-31,Saturday,1,21
16,0.03333333333333333,150.0,1,Saturday,1,2025-05-31,Saturday,1,21
16,0.03333333333333333,150.0,1,Saturday,1,2025-05-31,Saturday,1,21
17,120.0,0.5,1,Saturday,1,2025-05-31,Saturday,1,21
17,120.0,0.5,1,Saturday,1,2025-05-31,Saturday,1,21
12,120.0,0.5,1,Saturday,1,2025-05-31,Saturday,1,21
12,120.0,0.5,1,Saturday,1,2025-05-31,Saturday,1,21
16,0.03333333333333333,0.5,1,Saturday,1,2025-05-31,Saturday,1,21
14,0.03333333333333333,0.5,1,Saturday,1,2025-05-31,Saturday,1,21
14,0.03333333333333333,0.5,1,Saturday,1,2025-05-31,Saturday,1,21
17,120.0,0.5,1,Saturday,1,2025-05-31,Saturday,1,21
18,120.0,150.0,1,Saturday,1,2025-05-31,Saturday,1,21
12,120.0,0.5,1,Saturday,1,2025-05-31,Saturday,1,21
16,0.03333333333333333,150.0,1,Saturday,1,2025-05-31,Saturday,1,21
16,120.0,150.0,1,Saturday,1,2025-06-07,Saturday,1,25
16,0.03333333333333333,150.0,1,Saturday,1,2025-06-07,Saturday,1,25
16,0.03333333333333333,150.0,1,Saturday,1,2025-06-07,Saturday,1,25
22,0.03333333333333333,0.5,1,Saturday,1,2025-06-07,Saturday,1,25
16,120.0,150.0,1,Saturday,1,2025-06-07,Saturday,1,25
16,120.0,150.0,1,Saturday,1,2025-06-07,Saturday,1,25
12,120.0,150.0,1,Saturday,1,2025-06-07,Saturday,1,25
17,120.0,0.5,1,Saturday,1,2025-06-07,Saturday,1,25
9,0.03333333333333333,0.5,1,Saturday,1,2025-06-07,Saturday,1,25
15,120.0,0.5,1,Saturday,1,2025-06-07,Saturday,1,25
16,0.03333333333333333,150.0,1,Saturday,1,2025-06-07,Saturday,1,25
16,120.0,150.0,1,Saturday,1,2025-06-07,Saturday,1,25
22,0.03333333333333333,150.0,1,Saturday,1,2025-06-07,Saturday,1,25
16,120.0,150.0,1,Saturday,1,2025-06-07,Saturday,1,25
14,0.03333333333333333,0.5,1,Saturday,1,2025-06-07,Saturday,1,25
16,0.03333333333333333,150.0,1,Saturday,1,2025-06-07,Saturday,1,25
14,120.0,0.5,1,Saturday,1,2025-06-07,Saturday,1,25
16,0.03333333333333333,0.5,1,Saturday,1,2025-06-07,Saturday,1,25
16,120.0,150.0,1,Saturday,1,2025-06-07,Saturday,1,25
16,120.0,150.0,1,Saturday,1,2025-06-07,Saturday,1,25
16,120.0,0.5,1,Saturday,1,2025-06-07,Saturday,1,25
21,0.03333333333333333,0.5,1,Saturday,1,2025-06-07,Saturday,1,25
3,0.03333333333333333,150.0,1,Saturday,1,2025-06-07,Saturday,1,25
14,0.03333333333333333,150.0,1,Saturday,1,2025-06-07,Saturday,1,25
18,120.0,0.5,1,Saturday,1,2025-06-07,Saturday,1,25
17,120.0,0.5,1,Saturday,1,2025-06-14,Saturday,1,17
16,0.03333333333333333,0.5,1,Saturday,1,2025-06-14,Saturday,1,17
11,0.03333333333333333,150.0,1,Saturday,1,2025-06-14,Saturday,1,17
16,0.03333333333333333,150.0,1,Saturday,1,2025-06-14,Saturday,1,17
8,0.03333333333333333,0.5,1,Saturday,1,2025-06-14,Saturday,1,17
16,0.03333333333333333,0.5,1,Saturday,1,2025-06-14,Saturday,1,17
16,0.03333333333333333,150.0,1,Saturday,1,2025-06-14,Saturday,1,17
16,0.03333333333333333,150.0,1,Saturday,1,2025-06-14,Saturday,1,17
16,0.03333333333333333,150.0,1,Saturday,1,2025-06-14,Saturday,1,17
16,120.0,0.5,1,Saturday,1,2025-06-14,Saturday,1,17
14,0.03333333333333333,0.5,1,Saturday,1,2025-06-14,Saturday,1,17
17,120.0,0.5,1,Saturday,1,2025-06-14,Saturday,1,17
17,120.0,150.0,1,Saturday,1,2025-06-14,Saturday,1,17
16,120.0,0.5,1,Saturday,1,2025-06-14,Saturday,1,17
16,120.0,150.0,1,Saturday,1,2025-06-14,Saturday,1,17
16,120.0,150.0,1,Saturday,1,2025-06-14,Saturday,1,17
16,0.03333333333333333,150.0,1,Saturday,1,2025-06-14,Saturday,1,17
16,0.03333333333333333,0.5,1,Saturday,1,2025-06-21,Saturday,1,17
16,0.03333333333333333,150.0,1,Saturday,1,2025-06-21,Saturday,1,17
12,120.0,0.5,1,Saturday,1,2025-06-21,Saturday,1,17
17,120.0,0.5,1,Saturday,1,2025-06-21,Saturday,1,17
16,0.03333333333333333,150.0,1,Saturday,1,2025-06-21,Saturday,1,17
16,120.0,150.0,1,Saturday,1,2025-06-21,Saturday,1,17
16,0.03333333333333333,0.5,1,Saturday,1,2025-06-21,Saturday,1,17
18,0.03333333333333333,150.0,1,Saturday,1,2025-06-21,Saturday,1,17
16,120.0,0.5,1,Saturday,1,2025-06-21,Saturday,1,17
16,120.0,0.5,1,Saturday,1,2025-06-21,Saturday,1,17
16,0.03333333333333333,0.5,1,Saturday,1,2025-06-21,Saturday,1,17
14,120.0,150.0,1,Saturday,1,2025-06-21,Saturday,1,17
16,0.03333333333333333,0.5,1,Saturday,1,2025-06-21,Saturday,1,17
22,120.0,0.5,1,Saturday,1,2025-06-21,Saturday,1,17
16,120.0,150.0,1,Saturday,1,2025-06-21,Saturday,1,17
12,120.0,0.5,1,Saturday,1,2025-06-21,Saturday,1,17
16,0.03333333333333333,0.5,1,Saturday,1,2025-06-21,Saturday,1,17
22,120.0,0.5,1,Sunday,1,2025-03-23,Sunday,1,21
21,120.0,0.5,1,Sunday,1,2025-03-23,Sunday,1,21
22,0.03333333333333333,0.5,1,Sunday,1,2025-03-23,Sunday,1,21
20,0.03333333333333333,0.5,1,Sunday,1,2025-03-23,Sunday,1,21
12,0.03333333333333333,150.0,1,Sunday,1,2025-03-23,Sunday,1,21
16,0.03333333333333333,0.5,1,Sunday,1,2025-03-23,Sunday,1,21
22,120.0,0.5,1,Sunday,1,2025-03-23,Sunday,1,21
14,0.03333333333333333,150.0,1,Sunday,1,2025-03-23,Sunday,1,21
14,0.03333333333333333,150.0,1,Sunday,1,2025-03-23,Sunday,1,21
16,0.03333333333333333,0.5,1,Sunday,1,2025-03-23,Sunday,1,21
16,0.03333333333333333,150.0,1,Sunday,1,2025-03-23,Sunday,1,21
23,0.03333333333333333,0.5,1,Sunday,1,2025-03-23,Sunday,1,21
16,0.03333333333333333,0.5,1,Sunday,1,2025-03-23,Sunday,1,21
22,0.03333333333333333,150.0,1,Sunday,1,2025-03-23,Sunday,1,21
18,120.0,0.5,1,Sunday,1,2025-03-23,Sunday,1,21
16,0.03333333333333333,150.0,1,Sunday,1,2025-03-23,Sunday,1,21
12,120.0,0.5,1,Sunday,1,2025-03-23,Sunday,1,21
16,0.03333333333333333,150.0,1,Sunday,1,2025-03-23,Sunday,1,21
15,120.0,0.5,1,Sunday,1,2025-03-23,Sunday,1,21
16,120.0,150.0,1,Sunday,1,2025-03-23,Sunday,1,21
16,0.03333333333333333,150.0,1,Sunday,1,2025-03-23,Sunday,1,21
16,120.0,150.0,1,Sunday,1,2025-03-30,Sunday,1,24
11,0.03333333333333333,150.0,1,Sunday,1,2025-03-30,Sunday,1,24
17,0.03333333333333333,0.5,1,Sunday,1,2025-03-30,Sunday,1,24
16,120.0,150.0,1,Sunday,1,2025-03-30,Sunday,1,24
22,0.03333333333333333,150.0,1,Sunday,1,2025-03-30,Sunday,1,24
16,0.03333333333333333,0.5,1,Sunday,1,2025-03-30,Sunday,1,24
12,120.0,150.0,1,Sunday,1,2025-03-30,Sunday,1,24
21,120.0,150.0,1,Sunday,1,2025-03-30,Sunday,1,24
4,120.0,0.5,1,Sunday,1,2025-03-30,Sunday,1,24
15,120.0,0.5,1,Sunday,1,2025-03-30,Sunday,1,24
12,120.0,0.5,1,Sunday,1,2025-03-30,Sunday,1,24
16,120.0,0.5,1,Sunday,1,2025-03-30,Sunday,1,24
21,120.0,0.5,1,Sunday,1,2025-03-30,Sunday,1,24
22,120.0,0.5,1,Sunday,1,2025-03-30,Sunday,1,24
16,0.03333333333333333,150.0,1,Sunday,1,2025-03-30,Sunday,1,24
16,120.0,150.0,1,Sunday,1,2025-03-30,Sunday,1,24
14,0.03333333333333333,150.0,1,Sunday,1,2025-03-30,Sunday,1,24
12,120.0,0.5,1,Sunday,1,2025-03-30,Sunday,1,24
16,120.0,0.5,1,Sunday,1,2025-03-30,Sunday,1,24
16,0.03333333333333333,0.5,1,Sunday,1,2025-03-30,Sunday,1,24
16,120.0,150.0,1,Sunday,1,2025-03-30,Sunday,1,24
14,0.03333333333333333,150.0,1,Sunday,1,2025-03-30,Sunday,1,24
16,0.03333333333333333,150.0,1,Sunday,1,2025-03-30,Sunday,1,24
4,120.0,150.0,1,Sunday,1,2025-03-30,Sunday,1,24
16,0.03333333333333333,150.0,1,Sunday,1,2025-04-06,Sunday,1,21
16,0.03333333333333333,150.0,1,Sunday,1,2025-04-06,Sunday,1,21
18,0.03333333333333333,0.5,1,Sunday,1,2025-04-06,Sunday,1,21
19,0.03333333333333333,0.5,1,Sunday,1,2025-04-06,Sunday,1,21
16,0.03333333333333333,150.0,1,Sunday,1,2025-04-06,Sunday,1,21
16,120.0,0.5,1,Sunday,1,2025-04-06,Sunday,1,21
18,0.03333333333333333,0.5,1,Sunday,1,2025-04-06,Sunday,1,21
12,0.03333333333333333,150.0,1,Sunday,1,2025-04-06,Sunday,1,21
23,0.03333333333333333,150.0,1,Sunday,1,2025-04-06,Sunday,1,21
8,0.03333333333333333,0.5,1,Sunday,1,2025-04-06,Sunday,1,21
16,120.0,150.0,1,Sunday,1,2025-04-06,Sunday,1,21
16,0.03333333333333333,0.5,1,Sunday,1,2025-04-06,Sunday,1,21
16,120.0,0.5,1,Sunday,1,2025-04-06,Sunday,1,21
12,120.0,0.5,1,Sunday,1,2025-04-06,Sunday,1,21
20,0.03333333333333333,0.5,1,Sunday,1,2025-04-06,Sunday,1,21
12,120.0,150.0,1,Sunday,1,2025-04-06,Sunday,1,21
16,120.0,150.0,1,Sunday,1,2025-04-06,Sunday,1,21
16,120.0,0.5,1,Sunday,1,2025-04-06,Sunday,1,21
16,120.0,0.5,1,Sunday,1,2025-04-06,Sunday,1,21
16,0.03333333333333333,0.5,1,Sunday,1,2025-04-06,Sunday,1,21
16,0.03333333333333333,150.0,1,Sunday,1,2025-04-06,Sunday,1,21
16,0.03333333333333333,150.0,1,Sunday,1,2025-04-13,Sunday,1,33
16,0.03333333333333333,0.5,1,Sunday,1,2025-04-13,Sunday,1,33
12,120.0,0.5,1,Sunday,1,2025-04-13,Sunday,1,33
16,120.0,150.0,1,Sunday,1,2025-04-13,Sunday,1,33
12,0.03333333333333333,0.5,1,Sunday,1,2025-04-13,Sunday,1,33
22,0.03333333333333333,150.0,1,Sunday,1,2025-04-13,Sunday,1,33
16,0.03333333333333333,150.0,1,Sunday,1,2025-04-13,Sunday,1,33
16,120.0,0.5,1,Sunday,1,2025-04-13,Sunday,1,33
16,0.03333333333333333,150.0,1,Sunday,1,2025-04-13,Sunday,1,33
16,120.0,150.0,1,Sunday,1,2025-04-13,Sunday,1,33
16,120.0,150.0,1,Sunday,1,2025-04-13,Sunday,1,33
16,120.0,0.5,1,Sunday,1,2025-04-13,Sunday,1,33
21,120.0,0.5,1,Sunday,1,2025-04-13,Sunday,1,33
12,120.0,150.0,1,Sunday,1,2025-04-13,Sunday,1,33
18,0.03333333333333333,150.0,1,Sunday,1,2025-04-13,Sunday,1,33
16,120.0,0.5,1,Sunday,1,2025-04-13,Sunday,1,33
7,120.0,0.5,1,Sunday,1,2025-04-13,Sunday,1,33
16,120.0,150.0,1,Sunday,1,2025-04-13,Sunday,1,33
15,0.03333333333333333,0.5,1,Sunday,1,2025-04-13,Sunday,1,33
17,120.0,150.0,1,Sunday,1,2025-04-13,Sunday,1,33
12,120.0,0.5,1,Sunday,1,2025-04-13,Sunday,1,33
16,120.0,0.5,1,Sunday,1,2025-04-13,Sunday,1,33
16,0.03333333333333333,150.0,1,Sunday,1,2025-04-13,Sunday,1,33
23,0.03333333333333333,0.5,1,Sunday,1,2025-04-13,Sunday,1,33
16,0.03333333333333333,150.0,1,Sunday,1,2025-04-13,Sunday,1,33
15,120.0,0.5,1,Sunday,1,2025-04-13,Sunday,1,33
14,0.03333333333333333,0.5,1,Sunday,1,2025-04-13,Sunday,1,33
16,120.0,150.0,1,Sunday,1,2025-04-13,Sunday,1,33
18,0.03333333333333333,0.5,1,Sunday,1,2025-04-13,Sunday,1,33
5,0.03333333333333333,150.0,1,Sunday,1,2025-04-13,Sunday,1,33
16,120.0,0.5,1,Sunday,1,2025-04-13,Sunday,1,33
20,0.03333333333333333,150.0,1,Sunday,1,2025-04-13,Sunday,1,33
22,0.03333333333333333,0.5,1,Sunday,1,2025-04-13,Sunday,1,33
17,0.03333333333333333,150.0,1,Sunday,1,2025-04-20,Sunday,1,22
16,0.03333333333333333,0.5,1,Sunday,1,2025-04-20,Sunday,1,22
15,0.03333333333333333,0.5,1,Sunday,1,2025-04-20,Sunday,1,22
16,0.03333333333333333,150.0,1,Sunday,1,2025-04-20,Sunday,1,22
15,0.03333333333333333,0.5,1,Sunday,1,2025-04-20,Sunday,1,22
16,0.03333333333333333,0.5,1,Sunday,1,2025-04-20,Sunday,1,22
16,0.03333333333333333,150.0,1,Sunday,1,2025-04-20,Sunday,1,22
12,120.0,0.5,1,Sunday,1,2025-04-20,Sunday,1,22
14,0.03333333333333333,0.5,1,Sunday,1,2025-04-20,Sunday,1,22
18,0.03333333333333333,150.0,1,Sunday,1,2025-04-20,Sunday,1,22
16,0.03333333333333333,0.5,1,Sunday,1,2025-04-20,Sunday,1,22
16,0.03333333333333333,150.0,1,Sunday,1,2025-04-20,Sunday,1,22
16,0.03333333333333333,0.5,1,Sunday,1,2025-04-20,Sunday,1,22
16,0.03333333333333333,150.0,1,Sunday,1,2025-04-20,Sunday,1,22
9,120.0,0.5,1,Sunday,1,2025-04-20,Sunday,1,22
16,0.03333333333333333,0.5,1,Sunday,1,2025-04-20,Sunday,1,22
19,0.03333333333333333,0.5,1,Sunday,1,2025-04-20,Sunday,1,22
20,0.03333333333333333,0.5,1,Sunday,1,2025-04-20,Sunday,1,22
16,120.0,150.0,1,Sunday,1,2025-04-20,Sunday,1,22
16,120.0,150.0,1,Sunday,1,2025-04-20,Sunday,1,22
16,0.03333333333333333,150.0,1,Sunday,1,2025-04-20,Sunday,1,22
14,120.0,150.0,1,Sunday,1,2025-04-20,Sunday,1,22
19,0.03333333333333333,0.5,1,Sunday,1,2025-04-27,Sunday,1,42
16,120.0,0.5,1,Sunday,1,2025-04-27,Sunday,1,42
14,0.03333333333333333,0.5,1,Sunday,1,2025-04-27,Sunday,1,42
12,120.0,150.0,1,Sunday,1,2025-04-27,Sunday,1,42
2,120.0,0.5,1,Sunday,1,2025-04-27,Sunday,1,42
19,0.03333333333333333,150.0,1,Sunday,1,2025-04-27,Sunday,1,42
16,0.03333333333333333,0.5,1,Sunday,1,2025-04-27,Sunday,1,42
14,0.03333333333333333,150.0,1,Sunday,1,2025-04-27,Sunday,1,42
16,0.03333333333333333,150.0,1,Sunday,1,2025-04-27,Sunday,1,42
15,120.0,0.5,1,Sunday,1,2025-04-27,Sunday,1,42
16,120.0,0.5,1,Sunday,1,2025-04-27,Sunday,1,42
16,0.03333333333333333,150.0,1,Sunday,1,2025-04-27,Sunday,1,42
1,0.03333333333333333,150.0,1,Sunday,1,2025-04-27,Sunday,1,42
23,120.0,0.5,1,Sunday,1,2025-04-27,Sunday,1,42
10,120.0,150.0,1,Sunday,1,2025-04-27,Sunday,1,42
5,120.0,150.0,1,Sunday,1,2025-04-27,Sunday,1,42
19,120.0,0.5,1,Sunday,1,2025-04-27,Sunday,1,42
16,0.03333333333333333,0.5,1,Sunday,1,2025-04-27,Sunday,1,42
17,0.03333333333333333,150.0,1,Sunday,1,2025-04-27,Sunday,1,42
18,0.03333333333333333,0.5,1,Sunday,1,2025-04-27,Sunday,1,42
16,0.03333333333333333,0.5,1,Sunday,1,2025-04-27,Sunday,1,42
20,0.03333333333333333,0.5,1,Sunday,1,2025-04-27,Sunday,1,42
23,120.0,0.5,1,Sunday,1,2025-04-27,Sunday,1,42
23,0.03333333333333333,150.0,1,Sunday,1,2025-04-27,Sunday,1,42
16,120.0,150.0,1,Sunday,1,2025-04-27,Sunday,1,42
19,0.03333333333333333,0.5,1,Sunday,1,2025-04-27,Sunday,1,42
16,0.03333333333333333,0.5,1,Sunday,1,2025-04-27,Sunday,1,42
19,120.0,0.5,1,Sunday,1,2025-04-27,Sunday,1,42
22,0.03333333333333333,0.5,1,Sunday,1,2025-04-27,Sunday,1,42
23,0.03333333333333333,0.5,1,Sunday,1,2025-04-27,Sunday,1,42
21,0.03333333333333333,150.0,1,Sunday,1,2025-04-27,Sunday,1,42
13,0.03333333333333333,0.5,1,Sunday,1,2025-04-27,Sunday,1,42
16,0.03333333333333333,0.5,1,Sunday,1,2025-04-27,Sunday,1,42
23,120.0,0.5,1,Sunday,1,2025-04-27,Sunday,1,42
19,120.0,0.5,1,Sunday,1,2025-04-27,Sunday,1,42
16,0.03333333333333333,150.0,1,Sunday,1,2025-04-27,Sunday,1,42
19,120.0,0.5,1,Sunday,1,2025-04-27,Sunday,1,42
16,0.03333333333333333,150.0,1,Sunday,1,2025-04-27,Sunday,1,42
16,120.0,0.5,1,Sunday,1,2025-04-27,Sunday,1,42
1,120.0,0.5,1,Sunday,1,2025-04-27,Sunday,1,42
16,0.03333333333333333,150.0,1,Sunday,1,2025-04-27,Sunday,1,42
21,0.03333333333333333,150.0,1,Sunday,1,2025-04-27,Sunday,1,42
17,120.0,150.0,1,Sunday,1,2025-05-04,Sunday,1,33
12,120.0,150.0,1,Sunday,1,2025-05-04,Sunday,1,33
16,0.03333333333333333,150.0,1,Sunday,1,2025-05-04,Sunday,1,33
15,120.0,0.5,1,Sunday,1,2025-05-04,Sunday,1,33
23,0.03333333333333333,150.0,1,Sunday,1,2025-05-04,Sunday,1,33
16,120.0,150.0,1,Sunday,1,2025-05-04,Sunday,1,33
16,0.03333333333333333,0.5,1,Sunday,1,2025-05-04,Sunday,1,33
16,0.03333333333333333,0.5,1,Sunday,1,2025-05-04,Sunday,1,33
12,120.0,150.0,1,Sunday,1,2025-05-04,Sunday,1,33
16,0.03333333333333333,0.5,1,Sunday,1,2025-05-04,Sunday,1,33
17,0.03333333333333333,0.5,1,Sunday,1,2025-05-04,Sunday,1,33
19,120.0,150.0,1,Sunday,1,2025-05-04,Sunday,1,33
16,0.03333333333333333,150.0,1,Sunday,1,2025-05-04,Sunday,1,33
16,0.03333333333333333,150.0,1,Sunday,1,2025-05-04,Sunday,1,33
14,0.03333333333333333,0.5,1,Sunday,1,2025-05-04,Sunday,1,33
22,0.03333333333333333,150.0,1,Sunday,1,2025-05-04,Sunday,1,33
14,0.03333333333333333,150.0,1,Sunday,1,2025-05-04,Sunday,1,33
18,0.03333333333333333,150.0,1,Sunday,1,2025-05-04,Sunday,1,33
15,0.03333333333333333,150.0,1,Sunday,1,2025-05-04,Sunday,1,33
16,120.0,0.5,1,Sunday,1,2025-05-04,Sunday,1,33
10,120.0,0.5,1,Sunday,1,2025-05-04,Sunday,1,33
16,0.03333333333333333,150.0,1,Sunday,1,2025-05-04,Sunday,1,33
16,120.0,0.5,1,Sunday,1,2025-05-04,Sunday,1,33
13,0.03333333333333333,150.0,1,Sunday,1,2025-05-04,Sunday,1,33
16,0.03333333333333333,150.0,1,Sunday,1,2025-05-04,Sunday,1,33
12,120.0,0.5,1,Sunday,1,2025-05-04,Sunday,1,33
16,0.03333333333333333,0.5,1,Sunday,1,2025-05-04,Sunday,1,33
6,0.03333333333333333,150.0,1,Sunday,1,2025-05-04,Sunday,1,33
7,0.03333333333333333,150.0,1,Sunday,1,2025-05-04,Sunday,1,33
17,120.0,0.5,1,Sunday,1,2025-05-04,Sunday,1,33
16,0.03333333333333333,0.5,1,Sunday,1,2025-05-04,Sunday,1,33
22,120.0,0.5,1,Sunday,1,2025-05-04,Sunday,1,33
16,120.0,150.0,1,Sunday,1,2025-05-04,Sunday,1,33
16,0.03333333333333333,150.0,1,Sunday,1,2025-05-11,Sunday,1,29
16,0.03333333333333333,150.0,1,Sunday,1,2025-05-11,Sunday,1,29
16,120.0,0.5,1,Sunday,1,2025-05-11,Sunday,1,29
16,0.03333333333333333,150.0,1,Sunday,1,2025-05-11,Sunday,1,29
12,120.0,150.0,1,Sunday,1,2025-05-11,Sunday,1,29
16,120.0,0.5,1,Sunday,1,2025-05-11,Sunday,1,29
12,120.0,0.5,1,Sunday,1,2025-05-11,Sunday,1,29
16,0.03333333333333333,150.0,1,Sunday,1,2025-05-11,Sunday,1,29
20,120.0,0.5,1,Sunday,1,2025-05-11,Sunday,1,29
16,0.03333333333333333,0.5,1,Sunday,1,2025-05-11,Sunday,1,29
16,120.0,150.0,1,Sunday,1,2025-05-11,Sunday,1,29
16,120.0,0.5,1,Sunday,1,2025-05-11,Sunday,1,29
20,0.03333333333333333,150.0,1,Sunday,1,2025-05-11,Sunday,1,29
11,0.03333333333333333,0.5,1,Sunday,1,2025-05-11,Sunday,1,29
14,0.03333333333333333,0.5,1,Sunday,1,2025-05-11,Sunday,1,29
16,0.03333333333333333,150.0,1,Sunday,1,2025-05-11,Sunday,1,29
13,120.0,0.5,1,Sunday,1,2025-05-11,Sunday,1,29
19,120.0,0.5,1,Sunday,1,2025-05-11,Sunday,1,29
16,0.03333333333333333,150.0,1,Sunday,1,2025-05-11,Sunday,1,29
16,0.03333333333333333,150.0,1,Sunday,1,2025-05-11,Sunday,1,29
16,120.0,0.5,1,Sunday,1,2025-05-11,Sunday,1,29
18,0.03333333333333333,0.5,1,Sunday,1,2025-05-11,Sunday,1,29
16,0.03333333333333333,150.0,1,Sunday,1,2025-05-11,Sunday,1,29
16,0.03333333333333333,0.5,1,Sunday,1,2025-05-11,Sunday,1,29
16,120.0,150.0,1,Sunday,1,2025-05-11,Sunday,1,29
14,0.03333333333333333,0.5,1,Sunday,1,2025-05-11,Sunday,1,29
20,0.03333333333333333,0.5,1,Sunday,1,2025-05-11,Sunday,1,29
23,120.0,0.5,1,Sunday,1,2025-05-11,Sunday,1,29
12,120.0,150.0,1,Sunday,1,2025-05-11,Sunday,1,29
17,120.0,0.5,1,Sunday,1,2025-05-18,Sunday,1,22
16,120.0,0.5,1,Sunday,1,2025-05-18,Sunday,1,22
19,120.0,0.5,1,Sunday,1,2025-05-18,Sunday,1,22
16,0.03333333333333333,150.0,1,Sunday,1,2025-05-18,Sunday,1,22
12,120.0,0.5,1,Sunday,1,2025-05-18,Sunday,1,22
17,0.03333333333333333,150.0,1,Sunday,1,2025-05-18,Sunday,1,22
18,0.03333333333333333,0.5,1,Sunday,1,2025-05-18,Sunday,1,22
16,0.03333333333333333,150.0,1,Sunday,1,2025-05-18,Sunday,1,22
16,0.03333333333333333,150.0,1,Sunday,1,2025-05-18,Sunday,1,22
16,0.03333333333333333,150.0,1,Sunday,1,2025-05-18,Sunday,1,22
16,120.0,0.5,1,Sunday,1,2025-05-18,Sunday,1,22
20,120.0,0.5,1,Sunday,1,2025-05-18,Sunday,1,22
19,0.03333333333333333,0.5,1,Sunday,1,2025-05-18,Sunday,1,22
12,120.0,0.5,1,Sunday,1,2025-05-18,Sunday,1,22
17,120.0,150.0,1,Sunday,1,2025-05-18,Sunday,1,22
12,120.0,150.0,1,Sunday,1,2025-05-18,Sunday,1,22
16,120.0,0.5,1,Sunday,1,2025-05-18,Sunday,1,22
18,120.0,0.5,1,Sunday,1,2025-05-18,Sunday,1,22
12,120.0,150.0,1,Sunday,1,2025-05-18,Sunday,1,22
16,120.0,0.5,1,Sunday,1,2025-05-18,Sunday,1,22
0,0.03333333333333333,150.0,1,Sunday,1,2025-05-18,Sunday,1,22
18,0.03333333333333333,0.5,1,Sunday,1,2025-05-18,Sunday,1,22
16,0.03333333333333333,150.0,1,Sunday,1,2025-05-25,Sunday,1,24
22,0.03333333333333333,0.5,1,Sunday,1,2025-05-25,Sunday,1,24
9,120.0,0.5,1,Sunday,1,2025-05-25,Sunday,1,24
20,120.0,0.5,1,Sunday,1,2025-05-25,Sunday,1,24
16,0.03333333333333333,0.5,1,Sunday,1,2025-05-25,Sunday,1,24
20,0.03333333333333333,0.5,1,Sunday,1,2025-05-25,Sunday,1,24
22,120.0,0.5,1,Sunday,1,2025-05-25,Sunday,1,24
16,120.0,150.0,1,Sunday,1,2025-05-25,Sunday,1,24
14,0.03333333333333333,0.5,1,Sunday,1,2025-05-25,Sunday,1,24
17,120.0,150.0,1,Sunday,1,2025-05-25,Sunday,1,24
16,0.03333333333333333,150.0,1,Sunday,1,2025-05-25,Sunday,1,24
20,0.03333333333333333,0.5,1,Sunday,1,2025-05-25,Sunday,1,24
18,120.0,0.5,1,Sunday,1,2025-05-25,Sunday,1,24
14,120.0,150.0,1,Sunday,1,2025-05-25,Sunday,1,24
9,0.03333333333333333,0.5,1,Sunday,1,2025-05-25,Sunday,1,24
16,120.0,0.5,1,Sunday,1,2025-05-25,Sunday,1,24
17,0.03333333333333333,150.0,1,Sunday,1,2025-05-25,Sunday,1,24
16,0.03333333333333333,150.0,1,Sunday,1,2025-05-25,Sunday,1,24
13,0.03333333333333333,0.5,1,Sunday,1,2025-05-25,Sunday,1,24
17,0.03333333333333333,0.5,1,Sunday,1,2025-05-25,Sunday,1,24
16,120.0,0.5,1,Sunday,1,2025-05-25,Sunday,1,24
16,0.03333333333333333,0.5,1,Sunday,1,2025-05-25,Sunday,1,24
14,120.0,0.5,1,Sunday,1,2025-05-25,Sunday,1,24
12,120.0,0.5,1,Sunday,1,2025-05-25,Sunday,1,24
14,0.03333333333333333,0.5,1,Sunday,1,2025-06-01,Sunday,1,27
16,120.0,150.0,1,Sunday,1,2025-06-01,Sunday,1,27
16,120.0,0.5,1,Sunday,1,2025-06-01,Sunday,1,27
16,120.0,0.5,1,Sunday,1,2025-06-01,Sunday,1,27
16,0.03333333333333333,0.5,1,Sunday,1,2025-06-01,Sunday,1,27
16,0.03333333333333333,0.5,1,Sunday,1,2025-06-01,Sunday,1,27
19,120.0,150.0,1,Sunday,1,2025-06-01,Sunday,1,27
16,120.0,0.5,1,Sunday,1,2025-06-01,Sunday,1,27
16,0.03333333333333333,0.5,1,Sunday,1,2025-06-01,Sunday,1,27
16,120.0,0.5,1,Sunday,1,2025-06-01,Sunday,1,27
21,120.0,0.5,1,Sunday,1,2025-06-01,Sunday,1,27
16,0.03333333333333333,150.0,1,Sunday,1,2025-06-01,Sunday,1,27
12,120.0,0.5,1,Sunday,1,2025-06-01,Sunday,1,27
16,0.03333333333333333,150.0,1,Sunday,1,2025-06-01,Sunday,1,27
15,120.0,0.5,1,Sunday,1,2025-06-01,Sunday,1,27
20,120.0,150.0,1,Sunday,1,2025-06-01,Sunday,1,27
17,0.03333333333333333,150.0,1,Sunday,1,2025-06-01,Sunday,1,27
16,0.03333333333333333,0.5,1,Sunday,1,2025-06-01,Sunday,1,27
16,0.03333333333333333,0.5,1,Sunday,1,2025-06-01,Sunday,1,27
16,0.03333333333333333,0.5,1,Sunday,1,2025-06-01,Sunday,1,27
16,0.03333333333333333,150.0,1,Sunday,1,2025-06-01,Sunday,1,27
16,120.0,0.5,1,Sunday,1,2025-06-01,Sunday,1,27
11,0.03333333333333333,0.5,1,Sunday,1,2025-06-01,Sunday,1,27
23,120.0,150.0,1,Sunday,1,2025-06-01,Sunday,1,27
15,0.03333333333333333,0.5,1,Sunday,1,2025-06-01,Sunday,1,27
12,0.03333333333333333,150.0,1,Sunday,1,2025-06-01,Sunday,1,27
16,0.03333333333333333,0.5,1,Sunday,1,2025-06-01,Sunday,1,27
19,0.03333333333333333,0.5,1,Sunday,1,2025-06-08,Sunday,1,25
20,120.0,0.5,1,Sunday,1,2025-06-08,Sunday,1,25
14,0.03333333333333333,0.5,1,Sunday,1,2025-06-08,Sunday,1,25
16,120.0,150.0,1,Sunday,1,2025-06-08,Sunday,1,25
8,0.03333333333333333,0.5,1,Sunday,1,2025-06-08,Sunday,1,25
17,0.03333333333333333,0.5,1,Sunday,1,2025-06-08,Sunday,1,25
22,120.0,0.5,1,Sunday,1,2025-06-08,Sunday,1,25
13,0.03333333333333333,0.5,1,Sunday,1,2025-06-08,Sunday,1,25
16,120.0,150.0,1,Sunday,1,2025-06-08,Sunday,1,25
13,120.0,0.5,1,Sunday,1,2025-06-08,Sunday,1,25
21,120.0,0.5,1,Sunday,1,2025-06-08,Sunday,1,25
17,120.0,150.0,1,Sunday,1,2025-06-08,Sunday,1,25
16,120.0,150.0,1,Sunday,1,2025-06-08,Sunday,1,25
12,120.0,150.0,1,Sunday,1,2025-06-08,Sunday,1,25
20,120.0,0.5,1,Sunday,1,2025-06-08,Sunday,1,25
15,120.0,150.0,1,Sunday,1,2025-06-08,Sunday,1,25
16,120.0,0.5,1,Sunday,1,2025-06-08,Sunday,1,25
16,0.03333333333333333,0.5,1,Sunday,1,2025-06-08,Sunday,1,25
16,0.03333333333333333,150.0,1,Sunday,1,2025-06-08,Sunday,1,25
23,120.0,150.0,1,Sunday,1,2025-06-08,Sunday,1,25
14,0.03333333333333333,0.5,1,Sunday,1,2025-06-08,Sunday,1,25
12,120.0,150.0,1,Sunday,1,2025-06-08,Sunday,1,25
18,120.0,0.5,1,Sunday,1,2025-06-08,Sunday,1,25
16,0.03333333333333333,150.0,1,Sunday,1,2025-06-08,Sunday,1,25
12,120.0,150.0,1,Sunday,1,2025-06-08,Sunday,1,25
21,0.03333333333333333,0.5,1,Sunday,1,2025-06-15,Sunday,1,32
16,0.03333333333333333,0.5,1,Sunday,1,2025-06-15,Sunday,1,32
19,0.03333333333333333,0.5,1,Sunday,1,2025-06-15,Sunday,1,32
19,0.03333333333333333,0.5,1,Sunday,1,2025-06-15,Sunday,1,32
16,120.0,150.0,1,Sunday,1,2025-06-15,Sunday,1,32
16,120.0,0.5,1,Sunday,1,2025-06-15,Sunday,1,32
14,0.03333333333333333,0.5,1,Sunday,1,2025-06-15,Sunday,1,32
12,120.0,150.0,1,Sunday,1,2025-06-15,Sunday,1,32
17,0.03333333333333333,150.0,1,Sunday,1,2025-06-15,Sunday,1,32
16,120.0,150.0,1,Sunday,1,2025-06-15,Sunday,1,32
17,120.0,150.0,1,Sunday,1,2025-06-15,Sunday,1,32
16,120.0,0.5,1,Sunday,1,2025-06-15,Sunday,1,32
21,0.03333333333333333,0.5,1,Sunday,1,2025-06-15,Sunday,1,32
20,0.03333333333333333,150.0,1,Sunday,1,2025-06-15,Sunday,1,32
16,120.0,150.0,1,Sunday,1,2025-06-15,Sunday,1,32
16,0.03333333333333333,0.5,1,Sunday,1,2025-06-15,Sunday,1,32
16,0.03333333333333333,0.5,1,Sunday,1,2025-06-15,Sunday,1,32
14,120.0,0.5,1,Sunday,1,2025-06-15,Sunday,1,32
18,120.0,150.0,1,Sunday,1,2025-06-15,Sunday,1,32
16,0.03333333333333333,150.0,1,Sunday,1,2025-06-15,Sunday,1,32
12,120.0,150.0,1,Sunday,1,2025-06-15,Sunday,1,32
12,0.03333333333333333,0.5,1,Sunday,1,2025-06-15,Sunday,1,32
16,0.03333333333333333,150.0,1,Sunday,1,2025-06-15,Sunday,1,32
12,120.0,150.0,1,Sunday,1,2025-06-15,Sunday,1,32
14,0.03333333333333333,0.5,1,Sunday,1,2025-06-15,Sunday,1,32
15,120.0,0.5,1,Sunday,1,2025-06-15,Sunday,1,32
16,120.0,150.0,1,Sunday,1,2025-06-15,Sunday,1,32
16,0.03333333333333333,150.0,1,Sunday,1,2025-06-15,Sunday,1,32
17,120.0,150.0,1,Sunday,1,2025-06-15,Sunday,1,32
12,120.0,150.0,1,Sunday,1,2025-06-15,Sunday,1,32
16,120.0,150.0,1,Sunday,1,2025-06-15,Sunday,1,32
23,0.03333333333333333,0.5,1,Sunday,1,2025-06-15,Sunday,1,32
19,0.03333333333333333,0.5,1,Mon-Th,1,2025-03-24,Mon-Th,1,31
16,120.0,0.5,1,Mon-Th,1,2025-03-24,Mon-Th,1,31
16,120.0,0.5,1,Mon-Th,1,2025-03-24,Mon-Th,1,31
16,0.03333333333333333,150.0,1,Mon-Th,1,2025-03-24,Mon-Th,1,31
22,120.0,0.5,1,Mon-Th,1,2025-03-24,Mon-Th,1,31
16,0.03333333333333333,150.0,1,Mon-Th,1,2025-03-24,Mon-Th,1,31
16,0.03333333333333333,150.0,1,Mon-Th,1,2025-03-24,Mon-Th,1,31
16,120.0,0.5,1,Mon-Th,1,2025-03-24,Mon-Th,1,31
16,120.0,150.0,1,Mon-Th,1,2025-03-24,Mon-Th,1,31
12,120.0,0.5,1,Mon-Th,1,2025-03-24,Mon-Th,1,31
16,0.03333333333333333,150.0,1,Mon-Th,1,2025-03-24,Mon-Th,1,31
16,0.03333333333333333,150.0,1,Mon-Th,1,2025-03-24,Mon-Th,1,31
22,120.0,0.5,1,Mon-Th,1,2025-03-24,Mon-Th,1,31
12,120.0,0.5,1,Mon-Th,1,2025-03-24,Mon-Th,1,31
16,120.0,0.5,1,Mon-Th,1,2025-03-24,Mon-Th,1,31
16,120.0,150.0,1,Mon-Th,1,2025-03-24,Mon-Th,1,31
18,120.0,0.5,1,Mon-Th,1,2025-03-24,Mon-Th,1,31
16,0.03333333333333333,150.0,1,Mon-Th,1,2025-03-24,Mon-Th,1,31
8,0.03333333333333333,0.5,1,Mon-Th,1,2025-03-24,Mon-Th,1,31
22,120.0,150.0,1,Mon-Th,1,2025-03-24,Mon-Th,1,31
16,0.03333333333333333,150.0,1,Mon-Th,1,2025-03-24,Mon-Th,1,31
16,0.03333333333333333,150.0,1,Mon-Th,1,2025-03-24,Mon-Th,1,31
16,0.03333333333333333,150.0,1,Mon-Th,1,2025-03-24,Mon-Th,1,31
16,0.03333333333333333,0.5,1,Mon-Th,1,2025-03-24,Mon-Th,1,31
13,0.03333333333333333,0.5,1,Mon-Th,1,2025-03-24,Mon-Th,1,31
16,0.03333333333333333,0.5,1,Mon-Th,1,2025-03-24,Mon-Th,1,31
9,0.03333333333333333,0.5,1,Mon-Th,1,2025-03-24,Mon-Th,1,31
14,0.03333333333333333,0.5,1,Mon-Th,1,2025-03-24,Mon-Th,1,31
16,120.0,150.0,1,Mon-Th,1,2025-03-24,Mon-Th,1,31
16,120.0,0.5,1,Mon-Th,1,2025-03-24,Mon-Th,1,31
8,0.03333333333333333,0.5,1,Mon-Th,1,2025-03-24,Mon-Th,1,31
16,0.03333333333333333,150.0,1,Mon-Th,1,2025-03-25,Mon-Th,1,23
16,0.03333333333333333,0.5,1,Mon-Th,1,2025-03-25,Mon-Th,1,23
12,120.0,0.5,1,Mon-Th,1,2025-03-25,Mon-Th,1,23
17,0.03333333333333333,150.0,1,Mon-Th,1,2025-03-25,Mon-Th,1,23
12,0.03333333333333333,0.5,1,Mon-Th,1,2025-03-25,Mon-Th,1,23
18,120.0,150.0,1,Mon-Th,1,2025-03-25,Mon-Th,1,23
13,0.03333333333333333,0.5,1,Mon-Th,1,2025-03-25,Mon-Th,1,23
23,120.0,0.5,1,Mon-Th,1,2025-03-25,Mon-Th,1,23
16,0.03333333333333333,150.0,1,Mon-Th,1,2025-03-25,Mon-Th,1,23
16,0.03333333333333333,150.0,1,Mon-Th,1,2025-03-25,Mon-Th,1,23
14,0.03333333333333333,0.5,1,Mon-Th,1,2025-03-25,Mon-Th,1,23
16,0.03333333333333333,150.0,1,Mon-Th,1,2025-03-25,Mon-Th,1,23
16,120.0,150.0,1,Mon-Th,1,2025-03-25,Mon-Th,1,23
18,120.0,0.5,1,Mon-Th,1,2025-03-25,Mon-Th,1,23
18,120.0,150.0,1,Mon-Th,1,2025-03-25,Mon-Th,1,23
12,120.0,150.0,1,Mon-Th,1,2025-03-25,Mon-Th,1,23
12,0.03333333333333333,0.5,1,Mon-Th,1,2025-03-25,Mon-Th,1,23
17,120.0,0.5,1,Mon-Th,1,2025-03-25,Mon-Th,1,23
12,120.0,150.0,1,Mon-Th,1,2025-03-25,Mon-Th,1,23
14,120.0,0.5,1,Mon-Th,1,2025-03-25,Mon-Th,1,23
16,0.03333333333333333,0.5,1,Mon-Th,1,2025-03-25,Mon-Th,1,23
16,120.0,150.0,1,Mon-Th,1,2025-03-25,Mon-Th,1,23
12,120.0,150.0,1,Mon-Th,1,2025-03-25,Mon-Th,1,23
16,0.03333333333333333,150.0,1,Mon-Th,1,2025-03-26,Mon-Th,1,32
16,0.03333333333333333,0.5,1,Mon-Th,1,2025-03-26,Mon-Th,1,32
16,120.0,150.0,1,Mon-Th,1,2025-03-26,Mon-Th,1,32
12,120.0,150.0,1,Mon-Th,1,2025-03-26,Mon-Th,1,32
23,120.0,0.5,1,Mon-Th,1,2025-03-26,Mon-Th,1,32
9,0.03333333333333333,0.5,1,Mon-Th,1,2025-03-26,Mon-Th,1,32
12,0.03333333333333333,150.0,1,Mon-Th,1,2025-03-26,Mon-Th,1,32
16,120.0,0.5,1,Mon-Th,1,2025-03-26,Mon-Th,1,32
16,120.0,150.0,1,Mon-Th,1,2025-03-26,Mon-Th,1,32
19,120.0,150.0,1,Mon-Th,1,2025-03-26,Mon-Th,1,32
16,0.03333333333333333,0.5,1,Mon-Th,1,2025-03-26,Mon-Th,1,32
12,0.03333333333333333,0.5,1,Mon-Th,1,2025-03-26,Mon-Th,1,32
16,120.0,150.0,1,Mon-Th,1,2025-03-26,Mon-Th,1,32
16,120.0,150.0,1,Mon-Th,1,2025-03-26,Mon-Th,1,32
1,120.0,0.5,1,Mon-Th,1,2025-03-26,Mon-Th,1,32
16,120.0,150.0,1,Mon-Th,1,2025-03-26,Mon-Th,1,32
16,0.03333333333333333,150.0,1,Mon-Th,1,2025-03-26,Mon-Th,1,32
14,0.03333333333333333,0.5,1,Mon-Th,1,2025-03-26,Mon-Th,1,32
16,0.03333333333333333,150.0,1,Mon-Th,1,2025-03-26,Mon-Th,1,32
16,0.03333333333333333,150.0,1,Mon-Th,1,2025-03-26,Mon-Th,1,32
16,120.0,0.5,1,Mon-Th,1,2025-03-26,Mon-Th,1,32
16,0.03333333333333333,150.0,1,Mon-Th,1,2025-03-26,Mon-Th,1,32
16,0.03333333333333333,150.0,1,Mon-Th,1,2025-03-26,Mon-Th,1,32
19,0.03333333333333333,150.0,1,Mon-Th,1,2025-03-26,Mon-Th,1,32
16,120.0,150.0,1,Mon-Th,1,2025-03-26,Mon-Th,1,32
16,120.0,150.0,1,Mon-Th,1,2025-03-26,Mon-Th,1,32
18,0.03333333333333333,150.0,1,Mon-Th,1,2025-03-26,Mon-Th,1,32
19,0.03333333333333333,150.0,1,Mon-Th,1,2025-03-26,Mon-Th,1,32
16,120.0,0.5,1,Mon-Th,1,2025-03-26,Mon-Th,1,32
12,0.03333333333333333,150.0,1,Mon-Th,1,2025-03-26,Mon-Th,1,32
14,0.03333333333333333,0.5,1,Mon-Th,1,2025-03-26,Mon-Th,1,32
16,120.0,150.0,1,Mon-Th,1,2025-03-26,Mon-Th,1,32
16,120.0,0.5,1,Mon-Th,1,2025-03-27,Mon-Th,1,22
16,0.03333333333333333,150.0,1,Mon-Th,1,2025-03-27,Mon-Th,1,22
16,120.0,0.5,1,Mon-Th,1,2025-03-27,Mon-Th,1,22
16,120.0,150.0,1,Mon-Th,1,2025-03-27,Mon-Th,1,22
12,120.0,0.5,1,Mon-Th,1,2025-03-27,Mon-Th,1,22
16,120.0,0.5,1,Mon-Th,1,2025-03-27,Mon-Th,1,22
17,120.0,150.0,1,Mon-Th,1,2025-03-27,Mon-Th,1,22
16,120.0,150.0,1,Mon-Th,1,2025-03-27,Mon-Th,1,22
0,120.0,0.5,1,Mon-Th,1,2025-03-27,Mon-Th,1,22
16,120.0,0.5,1,Mon-Th,1,2025-03-27,Mon-Th,1,22
16,0.03333333333333333,0.5,1,Mon-Th,1,2025-03-27,Mon-Th,1,22
16,120.0,0.5,1,Mon-Th,1,2025-03-27,Mon-Th,1,22
21,0.03333333333333333,150.0,1,Mon-Th,1,2025-03-27,Mon-Th,1,22
18,0.03333333333333333,0.5,1,Mon-Th,1,2025-03-27,Mon-Th,1,22
12,120.0,150.0,1,Mon-Th,1,2025-03-27,Mon-Th,1,22
16,120.0,0.5,1,Mon-Th,1,2025-03-27,Mon-Th,1,22
16,120.0,0.5,1,Mon-Th,1,2025-03-27,Mon-Th,1,22
22,120.0,0.5,1,Mon-Th,1,2025-03-27,Mon-Th,1,22
16,0.03333333333333333,0.5,1,Mon-Th,1,2025-03-27,Mon-Th,1,22
16,0.03333333333333333,0.5,1,Mon-Th,1,2025-03-27,Mon-Th,1,22
10,120.0,150.0,1,Mon-Th,1,2025-03-27,Mon-Th,1,22
16,0.03333333333333333,150.0,1,Mon-Th,1,2025-03-27,Mon-Th,1,22
16,120.0,150.0,1,Mon-Th,1,2025-03-31,Mon-Th,1,25
21,0.03333333333333333,0.5,1,Mon-Th,1,2025-03-31,Mon-Th,1,25
16,0.03333333333333333,0.5,1,Mon-Th,1,2025-03-31,Mon-Th,1,25
12,0.03333333333333333,150.0,1,Mon-Th,1,2025-03-31,Mon-Th,1,25
16,0.03333333333333333,0.5,1,Mon-Th,1,2025-03-31,Mon-Th,1,25
13,0.03333333333333333,150.0,1,Mon-Th,1,2025-03-31,Mon-Th,1,25
12,0.03333333333333333,150.0,1,Mon-Th,1,2025-03-31,Mon-Th,1,25
12,120.0,0.5,1,Mon-Th,1,2025-03-31,Mon-Th,1,25
15,0.03333333333333333,0.5,1,Mon-Th,1,2025-03-31,Mon-Th,1,25
16,0.03333333333333333,150.0,1,Mon-Th,1,2025-03-31,Mon-Th,1,25
20,0.03333333333333333,0.5,1,Mon-Th,1,2025-03-31,Mon-Th,1,25
16,0.03333333333333333,150.0,1,Mon-Th,1,2025-03-31,Mon-Th,1,25
16,0.03333333333333333,0.5,1,Mon-Th,1,2025-03-31,Mon-Th,1,25
9,120.0,0.5,1,Mon-Th,1,2025-03-31,Mon-Th,1,25
18,0.03333333333333333,150.0,1,Mon-Th,1,2025-03-31,Mon-Th,1,25
12,0.03333333333333333,150.0,1,Mon-Th,1,2025-03-31,Mon-Th,1,25
20,120.0,150.0,1,Mon-Th,1,2025-03-31,Mon-Th,1,25
0,120.0,0.5,1,Mon-Th,1,2025-03-31,Mon-Th,1,25
17,120.0,150.0,1,Mon-Th,1,2025-03-31,Mon-Th,1,25
21,0.03333333333333333,0.5,1,Mon-Th,1,2025-03-31,Mon-Th,1,25
16,120.0,0.5,1,Mon-Th,1,2025-03-31,Mon-Th,1,25
20,0.03333333333333333,0.5,1,Mon-Th,1,2025-03-31,Mon-Th,1,25
2,0.03333333333333333,0.5,1,Mon-Th,1,2025-03-31,Mon-Th,1,25
16,0.03333333333333333,0.5,1,Mon-Th,1,2025-03-31,Mon-Th,1,25
16,0.03333333333333333,150.0,1,Mon-Th,1,2025-03-31,Mon-Th,1,25
16,0.03333333333333333,150.0,1,Mon-Th,1,2025-04-01,Mon-Th,1,38
16,120.0,0.5,1,Mon-Th,1,2025-04-01,Mon-Th,1,38
15,0.03333333333333333,150.0,1,Mon-Th,1,2025-04-01,Mon-Th,1,38
3,0.03333333333333333,0.5,1,Mon-Th,1,2025-04-01,Mon-Th,1,38
16,0.03333333333333333,150.0,1,Mon-Th,1,2025-04-01,Mon-Th,1,38
21,120.0,0.5,1,Mon-Th,1,2025-04-01,Mon-Th,1,38
22,0.03333333333333333,150.0,1,Mon-Th,1,2025-04-01,Mon-Th,1,38
12,120.0,0.5,1,Mon-Th,1,2025-04-01,Mon-Th,1,38
16,120.0,150.0,1,Mon-Th,1,2025-04-01,Mon-Th,1,38
3,0.03333333333333333,0.5,1,Mon-Th,1,2025-04-01,Mon-Th,1,38
16,120.0,150.0,1,Mon-Th,1,2025-04-01,Mon-Th,1,38
16,120.0,150.0,1,Mon-Th,1,2025-04-01,Mon-Th,1,38
16,120.0,150.0,1,Mon-Th,1,2025-04-01,Mon-Th,1,38
16,0.03333333333333333,0.5,1,Mon-Th,1,2025-04-01,Mon-Th,1,38
16,120.0,150.0,1,Mon-Th,1,2025-04-01,Mon-Th,1,38
22,120.0,0.5,1,Mon-Th,1,2025-04-01,Mon-Th,1,38
19,120.0,0.5,1,Mon-Th,1,2025-04-01,Mon-Th,1,38
19,120.0,0.5,1,Mon-Th,1,2025-04-01,Mon-Th,1,38
13,120.0,0.5,1,Mon-Th,1,2025-04-01,Mon-Th,1,38
16,0.03333333333333333,0.5,1,Mon-Th,1,2025-04-01,Mon-Th,1,38
20,120.0,150.0,1,Mon-Th,1,2025-04-01,Mon-Th,1,38
16,120.0,150.0,1,Mon-Th,1,2025-04-01,Mon-Th,1,38
12,120.0,0.5,1,Mon-Th,1,2025-04-01,Mon-Th,1,38
16,0.03333333333333333,150.0,1,Mon-Th,1,2025-04-01,Mon-Th,1,38
16,0.03333333333333333,150.0,1,Mon-Th,1,2025-04-01,Mon-Th,1,38
16,0.03333333333333333,0.5,1,Mon-Th,1,2025-04-01,Mon-Th,1,38
14,120.0,0.5,1,Mon-Th,1,2025-04-01,Mon-Th,1,38
16,120.0,0.5,1,Mon-Th,1,2025-04-01,Mon-Th,1,38
15,120.0,150.0,1,Mon-Th,1,2025-04-01,Mon-Th,1,38
16,120.0,0.5,1,Mon-Th,1,2025-04-01,Mon-Th,1,38
11,0.03333333333333333,0.5,1,Mon-Th,1,2025-04-01,Mon-Th,1,38
16,120.0,150.0,1,Mon-Th,1,2025-04-01,Mon-Th,1,38
16,120.0,150.0,1,Mon-Th,1,2025-04-01,Mon-Th,1,38
15,120.0,150.0,1,Mon-Th,1,2025-04-01,Mon-Th,1,38
16,120.0,0.5,1,Mon-Th,1,2025-04-01,Mon-Th,1,38
16,120.0,150.0,1,Mon-Th,1,2025-04-01,Mon-Th,1,38
11,120.0,0.5,1,Mon-Th,1,2025-04-01,Mon-Th,1,38
15,120.0,150.0,1,Mon-Th,1,2025-04-01,Mon-Th,1,38
14,0.03333333333333333,0.5,1,Mon-Th,1,2025-04-02,Mon-Th,1,26
16,0.03333333333333333,150.0,1,Mon-Th,1,2025-04-02,Mon-Th,1,26
22,0.03333333333333333,0.5,1,Mon-Th,1,2025-04-02,Mon-Th,1,26
16,120.0,150.0,1,Mon-Th,1,2025-04-02,Mon-Th,1,26
22,0.03333333333333333,150.0,1,Mon-Th,1,2025-04-02,Mon-Th,1,26
16,120.0,150.0,1,Mon-Th,1,2025-04-02,Mon-Th,1,26
2,120.0,0.5,1,Mon-Th,1,2025-04-02,Mon-Th,1,26
16,0.03333333333333333,150.0,1,Mon-Th,1,2025-04-02,Mon-Th,1,26
21,120.0,0.5,1,Mon-Th,1,2025-04-02,Mon-Th,1,26
15,0.03333333333333333,0.5,1,Mon-Th,1,2025-04-02,Mon-Th,1,26
12,0.03333333333333333,150.0,1,Mon-Th,1,2025-04-02,Mon-Th,1,26
16,120.0,0.5,1,Mon-Th,1,2025-04-02,Mon-Th,1,26
17,0.03333333333333333,0.5,1,Mon-Th,1,2025-04-02,Mon-Th,1,26
16,0.03333333333333333,0.5,1,Mon-Th,1,2025-04-02,Mon-Th,1,26
16,0.03333333333333333,150.0,1,Mon-Th,1,2025-04-02,Mon-Th,1,26
16,120.0,150.0,1,Mon-Th,1,2025-04-02,Mon-Th,1,26
15,0.03333333333333333,0.5,1,Mon-Th,1,2025-04-02,Mon-Th,1,26
16,0.03333333333333333,0.5,1,Mon-Th,1,2025-04-02,Mon-Th,1,26
14,0.03333333333333333,150.0,1,Mon-Th,1,2025-04-02,Mon-Th,1,26
23,120.0,0.5,1,Mon-Th,1,2025-04-02,Mon-Th,1,26
14,0.03333333333333333,0.5,1,Mon-Th,1,2025-04-02,Mon-Th,1,26
4,0.03333333333333333,0.5,1,Mon-Th,1,2025-04-02,Mon-Th,1,26
16,120.0,0.5,1,Mon-Th,1,2025-04-02,Mon-Th,1,26
12,120.0,0.5,1,Mon-Th,1,2025-04-02,Mon-Th,1,26
22,0.03333333333333333,0.5,1,Mon-Th,1,2025-04-02,Mon-Th,1,26
9,120.0,0.5,1,Mon-Th,1,2025-04-02,Mon-Th,1,26
16,0.03333333333333333,150.0,1,Mon-Th,1,2025-04-03,Mon-Th,1,23
18,120.0,150.0,1,Mon-Th,1,2025-04-03,Mon-Th,1,23
14,0.03333333333333333,0.5,1,Mon-Th,1,2025-04-03,Mon-Th,1,23
16,120.0,0.5,1,Mon-Th,1,2025-04-03,Mon-Th,1,23
12,120.0,150.0,1,Mon-Th,1,2025-04-03,Mon-Th,1,23
16,0.03333333333333333,150.0,1,Mon-Th,1,2025-04-03,Mon-Th,1,23
15,120.0,150.0,1,Mon-Th,1,2025-04-03,Mon-Th,1,23
14,0.03333333333333333,0.5,1,Mon-Th,1,2025-04-03,Mon-Th,1,23
12,120.0,0.5,1,Mon-Th,1,2025-04-03,Mon-Th,1,23
23,120.0,150.0,1,Mon-Th,1,2025-04-03,Mon-Th,1,23
16,120.0,150.0,1,Mon-Th,1,2025-04-03,Mon-Th,1,23
16,120.0,0.5,1,Mon-Th,1,2025-04-03,Mon-Th,1,23
12,120.0,0.5,1,Mon-Th,1,2025-04-03,Mon-Th,1,23
14,120.0,0.5,1,Mon-Th,1,2025-04-03,Mon-Th,1,23
15,0.03333333333333333,0.5,1,Mon-Th,1,2025-04-03,Mon-Th,1,23
16,0.03333333333333333,0.5,1,Mon-Th,1,2025-04-03,Mon-Th,1,23
16,120.0,0.5,1,Mon-Th,1,2025-04-03,Mon-Th,1,23
12,0.03333333333333333,0.5,1,Mon-Th,1,2025-04-03,Mon-Th,1,23
16,120.0,0.5,1,Mon-Th,1,2025-04-03,Mon-Th,1,23
16,0.03333333333333333,150.0,1,Mon-Th,1,2025-04-03,Mon-Th,1,23
16,0.03333333333333333,150.0,1,Mon-Th,1,2025-04-03,Mon-Th,1,23
16,0.03333333333333333,0.5,1,Mon-Th,1,2025-04-03,Mon-Th,1,23
16,0.03333333333333333,0.5,1,Mon-Th,1,2025-04-03,Mon-Th,1,23
12,120.0,150.0,1,Mon-Th,1,2025-04-07,Mon-Th,1,32
14,0.03333333333333333,0.5,1,Mon-Th,1,2025-04-07,Mon-Th,1,32
0,0.03333333333333333,150.0,1,Mon-Th,1,2025-04-07,Mon-Th,1,32
9,0.03333333333333333,0.5,1,Mon-Th,1,2025-04-07,Mon-Th,1,32
16,0.03333333333333333,150.0,1,Mon-Th,1,2025-04-07,Mon-Th,1,32
16,120.0,150.0,1,Mon-Th,1,2025-04-07,Mon-Th,1,32
15,120.0,0.5,1,Mon-Th,1,2025-04-07,Mon-Th,1,32
21,0.03333333333333333,0.5,1,Mon-Th,1,2025-04-07,Mon-Th,1,32
16,0.03333333333333333,0.5,1,Mon-Th,1,2025-04-07,Mon-Th,1,32
16,120.0,150.0,1,Mon-Th,1,2025-04-07,Mon-Th,1,32
16,0.03333333333333333,150.0,1,Mon-Th,1,2025-04-07,Mon-Th,1,32
16,0.03333333333333333,150.0,1,Mon-Th,1,2025-04-07,Mon-Th,1,32
16,0.03333333333333333,150.0,1,Mon-Th,1,2025-04-07,Mon-Th,1,32
16,120.0,150.0,1,Mon-Th,1,2025-04-07,Mon-Th,1,32
13,120.0,150.0,1,Mon-Th,1,2025-04-07,Mon-Th,1,32
16,120.0,0.5,1,Mon-Th,1,2025-04-07,Mon-Th,1,32
19,120.0,150.0,1,Mon-Th,1,2025-04-07,Mon-Th,1,32
15,120.0,150.0,1,Mon-Th,1,2025-04-07,Mon-Th,1,32
18,120.0,150.0,1,Mon-Th,1,2025-04-07,Mon-Th,1,32
8,0.03333333333333333,150.0,1,Mon-Th,1,2025-04-07,Mon-Th,1,32
14,0.03333333333333333,150.0,1,Mon-Th,1,2025-04-07,Mon-Th,1,32
16,0.03333333333333333,150.0,1,Mon-Th,1,2025-04-07,Mon-Th,1,32
4,0.03333333333333333,0.5,1,Mon-Th,1,2025-04-07,Mon-Th,1,32
15,0.03333333333333333,150.0,1,Mon-Th,1,2025-04-07,Mon-Th,1,32
17,120.0,150.0,1,Mon-Th,1,2025-04-07,Mon-Th,1,32
0,0.03333333333333333,0.5,1,Mon-Th,1,2025-04-07,Mon-Th,1,32
19,120.0,0.5,1,Mon-Th,1,2025-04-07,Mon-Th,1,32
16,120.0,150.0,1,Mon-Th,1,2025-04-07,Mon-Th,1,32
13,120.0,0.5,1,Mon-Th,1,2025-04-07,Mon-Th,1,32
11,120.0,150.0,1,Mon-Th,1,2025-04-07,Mon-Th,1,32
12,120.0,150.0,1,Mon-Th,1,2025-04-07,Mon-Th,1,32
16,0.03333333333333333,0.5,1,Mon-Th,1,2025-04-07,Mon-Th,1,32
12,120.0,0.5,1,Mon-Th,1,2025-04-08,Mon-Th,1,32
14,120.0,0.5,1,Mon-Th,1,2025-04-08,Mon-Th,1,32
14,120.0,150.0,1,Mon-Th,1,2025-04-08,Mon-Th,1,32
16,120.0,0.5,1,Mon-Th,1,2025-04-08,Mon-Th,1,32
15,120.0,150.0,1,Mon-Th,1,2025-04-08,Mon-Th,1,32
17,120.0,0.5,1,Mon-Th,1,2025-04-08,Mon-Th,1,32
22,120.0,0.5,1,Mon-Th,1,2025-04-08,Mon-Th,1,32
16,120.0,150.0,1,Mon-Th,1,2025-04-08,Mon-Th,1,32
16,120.0,0.5,1,Mon-Th,1,2025-04-08,Mon-Th,1,32
16,120.0,150.0,1,Mon-Th,1,2025-04-08,Mon-Th,1,32
19,120.0,0.5,1,Mon-Th,1,2025-04-08,Mon-Th,1,32
14,0.03333333333333333,0.5,1,Mon-Th,1,2025-04-08,Mon-Th,1,32
16,0.03333333333333333,0.5,1,Mon-Th,1,2025-04-08,Mon-Th,1,32
16,0.03333333333333333,150.0,1,Mon-Th,1,2025-04-08,Mon-Th,1,32
20,120.0,0.5,1,Mon-Th,1,2025-04-08,Mon-Th,1,32
17,120.0,150.0,1,Mon-Th,1,2025-04-08,Mon-Th,1,32
23,120.0,0.5,1,Mon-Th,1,2025-04-08,Mon-Th,1,32
18,120.0,0.5,1,Mon-Th,1,2025-04-08,Mon-Th,1,32
16,0.03333333333333333,150.0,1,Mon-Th,1,2025-04-08,Mon-Th,1,32
12,0.03333333333333333,150.0,1,Mon-Th,1,2025-04-08,Mon-Th,1,32
16,0.03333333333333333,0.5,1,Mon-Th,1,2025-04-08,Mon-Th,1,32
16,120.0,150.0,1,Mon-Th,1,2025-04-08,Mon-Th,1,32
17,120.0,150.0,1,Mon-Th,1,2025-04-08,Mon-Th,1,32
21,0.03333333333333333,0.5,1,Mon-Th,1,2025-04-08,Mon-Th,1,32
16,0.03333333333333333,150.0,1,Mon-Th,1,2025-04-08,Mon-Th,1,32
16,120.0,0.5,1,Mon-Th,1,2025-04-08,Mon-Th,1,32
18,120.0,150.0,1,Mon-Th,1,2025-04-08,Mon-Th,1,32
15,120.0,0.5,1,Mon-Th,1,2025-04-08,Mon-Th,1,32
16,0.03333333333333333,0.5,1,Mon-Th,1,2025-04-08,Mon-Th,1,32
16,0.03333333333333333,0.5,1,Mon-Th,1,2025-04-08,Mon-Th,1,32
20,120.0,0.5,1,Mon-Th,1,2025-04-08,Mon-Th,1,32
17,0.03333333333333333,150.0,1,Mon-Th,1,2025-04-08,Mon-Th,1,32
17,0.03333333333333333,150.0,1,Mon-Th,1,2025-04-09,Mon-Th,1,27
19,0.03333333333333333,0.5,1,Mon-Th,1,2025-04-09,Mon-Th,1,27
16,0.03333333333333333,0.5,1,Mon-Th,1,2025-04-09,Mon-Th,1,27
16,120.0,0.5,1,Mon-Th,1,2025-04-09,Mon-Th,1,27
16,0.03333333333333333,0.5,1,Mon-Th,1,2025-04-09,Mon-Th,1,27
16,0.03333333333333333,0.5,1,Mon-Th,1,2025-04-09,Mon-Th,1,27
12,120.0,150.0,1,Mon-Th,1,2025-04-09,Mon-Th,1,27
16,0.03333333333333333,150.0,1,Mon-Th,1,2025-04-09,Mon-Th,1,27
15,120.0,150.0,1,Mon-Th,1,2025-04-09,Mon-Th,1,27
12,120.0,150.0,1,Mon-Th,1,2025-04-09,Mon-Th,1,27
21,120.0,0.5,1,Mon-Th,1,2025-04-09,Mon-Th,1,27
16,120.0,0.5,1,Mon-Th,1,2025-04-09,Mon-Th,1,27
16,0.03333333333333333,0.5,1,Mon-Th,1,2025-04-09,Mon-Th,1,27
16,120.0,150.0,1,Mon-Th,1,2025-04-09,Mon-Th,1,27
16,0.03333333333333333,150.0,1,Mon-Th,1,2025-04-09,Mon-Th,1,27
12,0.03333333333333333,0.5,1,Mon-Th,1,2025-04-09,Mon-Th,1,27
11,0.03333333333333333,150.0,1,Mon-Th,1,2025-04-09,Mon-Th,1,27
23,120.0,0.5,1,Mon-Th,1,2025-04-09,Mon-Th,1,27
23,120.0,0.5,1,Mon-Th,1,2025-04-09,Mon-Th,1,27
14,120.0,0.5,1,Mon-Th,1,2025-04-09,Mon-Th,1,27
10,120.0,150.0,1,Mon-Th,1,2025-04-09,Mon-Th,1,27
16,120.0,150.0,1,Mon-Th,1,2025-04-09,Mon-Th,1,27
16,0.03333333333333333,0.5,1,Mon-Th,1,2025-04-09,Mon-Th,1,27
16,0.03333333333333333,150.0,1,Mon-Th,1,2025-04-09,Mon-Th,1,27
12,120.0,0.5,1,Mon-Th,1,2025-04-09,Mon-Th,1,27
16,0.03333333333333333,0.5,1,Mon-Th,1,2025-04-09,Mon-Th,1,27
16,0.03333333333333333,0.5,1,Mon-Th,1,2025-04-09,Mon-Th,1,27
14,120.0,0.5,1,Mon-Th,1,2025-04-10,Mon-Th,1,36
18,120.0,0.5,1,Mon-Th,1,2025-04-10,Mon-Th,1,36
16,0.03333333333333333,0.5,1,Mon-Th,1,2025-04-10,Mon-Th,1,36
14,120.0,150.0,1,Mon-Th,1,2025-04-10,Mon-Th,1,36
17,0.03333333333333333,0.5,1,Mon-Th,1,2025-04-10,Mon-Th,1,36
16,0.03333333333333333,150.0,1,Mon-Th,1,2025-04-10,Mon-Th,1,36
16,0.03333333333333333,150.0,1,Mon-Th,1,2025-04-10,Mon-Th,1,36
16,0.03333333333333333,150.0,1,Mon-Th,1,2025-04-10,Mon-Th,1,36
16,0.03333333333333333,150.0,1,Mon-Th,1,2025-04-10,Mon-Th,1,36
21,120.0,0.5,1,Mon-Th,1,2025-04-10,Mon-Th,1,36
16,0.03333333333333333,150.0,1,Mon-Th,1,2025-04-10,Mon-Th,1,36
16,120.0,150.0,1,Mon-Th,1,2025-04-10,Mon-Th,1,36
14,0.03333333333333333,150.0,1,Mon-Th,1,2025-04-10,Mon-Th,1,36
16,120.0,0.5,1,Mon-Th,1,2025-04-10,Mon-Th,1,36
16,120.0,150.0,1,Mon-Th,1,2025-04-10,Mon-Th,1,36
16,120.0,150.0,1,Mon-Th,1,2025-04-10,Mon-Th,1,36
20,0.03333333333333333,0.5,1,Mon-Th,1,2025-04-10,Mon-Th,1,36
16,120.0,150.0,1,Mon-Th,1,2025-04-10,Mon-Th,1,36
0,0.03333333333333333,150.0,1,Mon-Th,1,2025-04-10,Mon-Th,1,36
16,120.0,150.0,1,Mon-Th,1,2025-04-10,Mon-Th,1,36
16,120.0,150.0,1,Mon-Th,1,2025-04-10,Mon-Th,1,36
15,0.03333333333333333,150.0,1,Mon-Th,1,2025-04-10,Mon-Th,1,36
16,0.03333333333333333,0.5,1,Mon-Th,1,2025-04-10,Mon-Th,1,36
16,120.0,150.0,1,Mon-Th,1,2025-04-10,Mon-Th,1,36
17,120.0,150.0,1,Mon-Th,1,2025-04-10,Mon-Th,1,36
16,120.0,0.5,1,Mon-Th,1,2025-04-10,Mon-Th,1,36
16,0.03333333333333333,150.0,1,Mon-Th,1,2025-04-10,Mon-Th,1,36
19,120.0,0.5,1,Mon-Th,1,2025-04-10,Mon-Th,1,36
16,0.03333333333333333,0.5,1,Mon-Th,1,2025-04-10,Mon-Th,1,36
15,0.03333333333333333,0.5,1,Mon-Th,1,2025-04-10,Mon-Th,1,36
15,120.0,150.0,1,Mon-Th,1,2025-04-10,Mon-Th,1,36
14,120.0,150.0,1,Mon-Th,1,2025-04-10,Mon-Th,1,36
22,0.03333333333333333,0.5,1,Mon-Th,1,2025-04-10,Mon-Th,1,36
16,120.0,150.0,1,Mon-Th,1,2025-04-10,Mon-Th,1,36
14,0.03333333333333333,150.0,1,Mon-Th,1,2025-04-10,Mon-Th,1,36
16,120.0,0.5,1,Mon-Th,1,2025-04-10,Mon-Th,1,36
16,0.03333333333333333,150.0,1,Mon-Th,1,2025-04-14,Mon-Th,1,31
16,120.0,0.5,1,Mon-Th,1,2025-04-14,Mon-Th,1,31
16,0.03333333333333333,150.0,1,Mon-Th,1,2025-04-14,Mon-Th,1,31
13,0.03333333333333333,0.5,1,Mon-Th,1,2025-04-14,Mon-Th,1,31
16,0.03333333333333333,150.0,1,Mon-Th,1,2025-04-14,Mon-Th,1,31
16,120.0,150.0,1,Mon-Th,1,2025-04-14,Mon-Th,1,31
14,120.0,0.5,1,Mon-Th,1,2025-04-14,Mon-Th,1,31
16,0.03333333333333333,150.0,1,Mon-Th,1,2025-04-14,Mon-Th,1,31
16,120.0,0.5,1,Mon-Th,1,2025-04-14,Mon-Th,1,31
16,120.0,0.5,1,Mon-Th,1,2025-04-14,Mon-Th,1,31
16,0.03333333333333333,150.0,1,Mon-Th,1,2025-04-14,Mon-Th,1,31
19,0.03333333333333333,0.5,1,Mon-Th,1,2025-04-14,Mon-Th,1,31
12,120.0,0.5,1,Mon-Th,1,2025-04-14,Mon-Th,1,31
16,0.03333333333333333,0.5,1,Mon-Th,1,2025-04-14,Mon-Th,1,31
17,0.03333333333333333,150.0,1,Mon-Th,1,2025-04-14,Mon-Th,1,31
19,0.03333333333333333,0.5,1,Mon-Th,1,2025-04-14,Mon-Th,1,31
16,120.0,150.0,1,Mon-Th,1,2025-04-14,Mon-Th,1,31
13,0.03333333333333333,0.5,1,Mon-Th,1,2025-04-14,Mon-Th,1,31
16,0.03333333333333333,150.0,1,Mon-Th,1,2025-04-14,Mon-Th,1,31
16,120.0,0.5,1,Mon-Th,1,2025-04-14,Mon-Th,1,31
12,0.03333333333333333,0.5,1,Mon-Th,1,2025-04-14,Mon-Th,1,31
19,0.03333333333333333,0.5,1,Mon-Th,1,2025-04-14,Mon-Th,1,31
17,120.0,150.0,1,Mon-Th,1,2025-04-14,Mon-Th,1,31
15,120.0,0.5,1,Mon-Th,1,2025-04-14,Mon-Th,1,31
3,120.0,0.5,1,Mon-Th,1,2025-04-14,Mon-Th,1,31
16,0.03333333333333333,0.5,1,Mon-Th,1,2025-04-14,Mon-Th,1,31
16,0.03333333333333333,0.5,1,Mon-Th,1,2025-04-14,Mon-Th,1,31
11,0.03333333333333333,150.0,1,Mon-Th,1,2025-04-14,Mon-Th,1,31
17,0.03333333333333333,0.5,1,Mon-Th,1,2025-04-14,Mon-Th,1,31
16,120.0,150.0,1,Mon-Th,1,2025-04-14,Mon-Th,1,31
15,0.03333333333333333,0.5,1,Mon-Th,1,2025-04-14,Mon-Th,1,31
16,120.0,0.5,1,Mon-Th,1,2025-04-15,Mon-Th,1,27
17,120.0,150.0,1,Mon-Th,1,2025-04-15,Mon-Th,1,27
12,120.0,150.0,1,Mon-Th,1,2025-04-15,Mon-Th,1,27
9,120.0,150.0,1,Mon-Th,1,2025-04-15,Mon-Th,1,27
16,120.0,0.5,1,Mon-Th,1,2025-04-15,Mon-Th,1,27
16,120.0,150.0,1,Mon-Th,1,2025-04-15,Mon-Th,1,27
16,120.0,0.5,1,Mon-Th,1,2025-04-15,Mon-Th,1,27
19,120.0,150.0,1,Mon-Th,1,2025-04-15,Mon-Th,1,27
16,120.0,150.0,1,Mon-Th,1,2025-04-15,Mon-Th,1,27
21,0.03333333333333333,0.5,1,Mon-Th,1,2025-04-15,Mon-Th,1,27
15,120.0,0.5,1,Mon-Th,1,2025-04-15,Mon-Th,1,27
16,120.0,150.0,1,Mon-Th,1,2025-04-15,Mon-Th,1,27
16,0.03333333333333333,150.0,1,Mon-Th,1,2025-04-15,Mon-Th,1,27
1,120.0,0.5,1,Mon-Th,1,2025-04-15,Mon-Th,1,27
21,120.0,0.5,1,Mon-Th,1,2025-04-15,Mon-Th,1,27
16,0.03333333333333333,0.5,1,Mon-Th,1,2025-04-15,Mon-Th,1,27
16,120.0,150.0,1,Mon-Th,1,2025-04-15,Mon-Th,1,27
16,0.03333333333333333,0.5,1,Mon-Th,1,2025-04-15,Mon-Th,1,27
13,0.03333333333333333,150.0,1,Mon-Th,1,2025-04-15,Mon-Th,1,27
12,120.0,0.5,1,Mon-Th,1,2025-04-15,Mon-Th,1,27
12,120.0,150.0,1,Mon-Th,1,2025-04-15,Mon-Th,1,27
16,120.0,150.0,1,Mon-Th,1,2025-04-15,Mon-Th,1,27
16,120.0,0.5,1,Mon-Th,1,2025-04-15,Mon-Th,1,27
16,120.0,0.5,1,Mon-Th,1,2025-04-15,Mon-Th,1,27
16,120.0,0.5,1,Mon-Th,1,2025-04-15,Mon-Th,1,27
17,120.0,0.5,1,Mon-Th,1,2025-04-15,Mon-Th,1,27
0,0.03333333333333333,0.5,1,Mon-Th,1,2025-04-15,Mon-Th,1,27
14,0.03333333333333333,0.5,1,Mon-Th,1,2025-04-16,Mon-Th,1,29
16,0.03333333333333333,150.0,1,Mon-Th,1,2025-04-16,Mon-Th,1,29
16,120.0,0.5,1,Mon-Th,1,2025-04-16,Mon-Th,1,29
21,0.03333333333333333,0.5,1,Mon-Th,1,2025-04-16,Mon-Th,1,29
16,0.03333333333333333,0.5,1,Mon-Th,1,2025-04-16,Mon-Th,1,29
8,0.03333333333333333,0.5,1,Mon-Th,1,2025-04-16,Mon-Th,1,29
12,120.0,150.0,1,Mon-Th,1,2025-04-16,Mon-Th,1,29
16,120.0,0.5,1,Mon-Th,1,2025-04-16,Mon-Th,1,29
19,0.03333333333333333,150.0,1,Mon-Th,1,2025-04-16,Mon-Th,1,29
19,0.03333333333333333,150.0,1,Mon-Th,1,2025-04-16,Mon-Th,1,29
12,120.0,0.5,1,Mon-Th,1,2025-04-16,Mon-Th,1,29
8,120.0,0.5,1,Mon-Th,1,2025-04-16,Mon-Th,1,29
14,0.03333333333333333,150.0,1,Mon-Th,1,2025-04-16,Mon-Th,1,29
16,0.03333333333333333,150.0,1,Mon-Th,1,2025-04-16,Mon-Th,1,29
15,0.03333333333333333,0.5,1,Mon-Th,1,2025-04-16,Mon-Th,1,29
16,120.0,150.0,1,Mon-Th,1,2025-04-16,Mon-Th,1,29
16,0.03333333333333333,150.0,1,Mon-Th,1,2025-04-16,Mon-Th,1,29
18,0.03333333333333333,0.5,1,Mon-Th,1,2025-04-16,Mon-Th,1,29
18,120.0,0.5,1,Mon-Th,1,2025-04-16,Mon-Th,1,29
20,0.03333333333333333,0.5,1,Mon-Th,1,2025-04-16,Mon-Th,1,29
2,0.03333333333333333,0.5,1,Mon-Th,1,2025-04-16,Mon-Th,1,29
16,0.03333333333333333,150.0,1,Mon-Th,1,2025-04-16,Mon-Th,1,29
17,0.03333333333333333,150.0,1,Mon-Th,1,2025-04-16,Mon-Th,1,29
19,0.03333333333333333,0.5,1,Mon-Th,1,2025-04-16,Mon-Th,1,29
16,0.03333333333333333,0.5,1,Mon-Th,1,2025-04-16,Mon-Th,1,29
16,0.03333333333333333,0.5,1,Mon-Th,1,2025-04-16,Mon-Th,1,29
16,0.03333333333333333,150.0,1,Mon-Th,1,2025-04-16,Mon-Th,1,29
20,120.0,0.5,1,Mon-Th,1,2025-04-16,Mon-Th,1,29
17,0.03333333333333333,0.5,1,Mon-Th,1,2025-04-16,Mon-Th,1,29
16,120.0,150.0,1,Mon-Th,1,2025-04-17,Mon-Th,1,25
14,120.0,0.5,1,Mon-Th,1,2025-04-17,Mon-Th,1,25
19,120.0,150.0,1,Mon-Th,1,2025-04-17,Mon-Th,1,25
21,0.03333333333333333,0.5,1,Mon-Th,1,2025-04-17,Mon-Th,1,25
20,120.0,0.5,1,Mon-Th,1,2025-04-17,Mon-Th,1,25
16,120.0,150.0,1,Mon-Th,1,2025-04-17,Mon-Th,1,25
16,0.03333333333333333,150.0,1,Mon-Th,1,2025-04-17,Mon-Th,1,25
16,0.03333333333333333,150.0,1,Mon-Th,1,2025-04-17,Mon-Th,1,25
17,0.03333333333333333,0.5,1,Mon-Th,1,2025-04-17,Mon-Th,1,25
17,120.0,150.0,1,Mon-Th,1,2025-04-17,Mon-Th,1,25
16,120.0,0.5,1,Mon-Th,1,2025-04-17,Mon-Th,1,25
17,120.0,0.5,1,Mon-Th,1,2025-04-17,Mon-Th,1,25
17,0.03333333333333333,0.5,1,Mon-Th,1,2025-04-17,Mon-Th,1,25
14,0.03333333333333333,0.5,1,Mon-Th,1,2025-04-17,Mon-Th,1,25
18,120.0,150.0,1,Mon-Th,1,2025-04-17,Mon-Th,1,25
0,0.03333333333333333,0.5,1,Mon-Th,1,2025-04-17,Mon-Th,1,25
20,120.0,0.5,1,Mon-Th,1,2025-04-17,Mon-Th,1,25
16,120.0,150.0,1,Mon-Th,1,2025-04-17,Mon-Th,1,25
16,0.03333333333333333,0.5,1,Mon-Th,1,2025-04-17,Mon-Th,1,25
16,0.03333333333333333,0.5,1,Mon-Th,1,2025-04-17,Mon-Th,1,25
16,120.0,0.5,1,Mon-Th,1,2025-04-17,Mon-Th,1,25
0,0.03333333333333333,0.5,1,Mon-Th,1,2025-04-17,Mon-Th,1,25
16,0.03333333333333333,150.0,1,Mon-Th,1,2025-04-17,Mon-Th,1,25
14,0.03333333333333333,150.0,1,Mon-Th,1,2025-04-17,Mon-Th,1,25
16,120.0,150.0,1,Mon-Th,1,2025-04-17,Mon-Th,1,25
21,120.0,0.5,1,Mon-Th,1,2025-04-21,Mon-Th,1,26
16,120.0,0.5,1,Mon-Th,1,2025-04-21,Mon-Th,1,26
16,120.0,0.5,1,Mon-Th,1,2025-04-21,Mon-Th,1,26
16,120.0,150.0,1,Mon-Th,1,2025-04-21,Mon-Th,1,26
16,0.03333333333333333,0.5,1,Mon-Th,1,2025-04-21,Mon-Th,1,26
19,0.03333333333333333,0.5,1,Mon-Th,1,2025-04-21,Mon-Th,1,26
17,120.0,0.5,1,Mon-Th,1,2025-04-21,Mon-Th,1,26
21,120.0,0.5,1,Mon-Th,1,2025-04-21,Mon-Th,1,26
18,120.0,0.5,1,Mon-Th,1,2025-04-21,Mon-Th,1,26
20,0.03333333333333333,0.5,1,Mon-Th,1,2025-04-21,Mon-Th,1,26
17,120.0,0.5,1,Mon-Th,1,2025-04-21,Mon-Th,1,26
16,120.0,150.0,1,Mon-Th,1,2025-04-21,Mon-Th,1,26
17,120.0,150.0,1,Mon-Th,1,2025-04-21,Mon-Th,1,26
16,0.03333333333333333,150.0,1,Mon-Th,1,2025-04-21,Mon-Th,1,26
21,120.0,0.5,1,Mon-Th,1,2025-04-21,Mon-Th,1,26
16,0.03333333333333333,150.0,1,Mon-Th,1,2025-04-21,Mon-Th,1,26
14,0.03333333333333333,150.0,1,Mon-Th,1,2025-04-21,Mon-Th,1,26
15,120.0,0.5,1,Mon-Th,1,2025-04-21,Mon-Th,1,26
16,0.03333333333333333,0.5,1,Mon-Th,1,2025-04-21,Mon-Th,1,26
1,120.0,0.5,1,Mon-Th,1,2025-04-21,Mon-Th,1,26
16,0.03333333333333333,150.0,1,Mon-Th,1,2025-04-21,Mon-Th,1,26
16,0.03333333333333333,150.0,1,Mon-Th,1,2025-04-21,Mon-Th,1,26
16,0.03333333333333333,150.0,1,Mon-Th,1,2025-04-21,Mon-Th,1,26
19,0.03333333333333333,150.0,1,Mon-Th,1,2025-04-21,Mon-Th,1,26
16,120.0,150.0,1,Mon-Th,1,2025-04-21,Mon-Th,1,26
14,0.03333333333333333,0.5,1,Mon-Th,1,2025-04-21,Mon-Th,1,26
16,0.03333333333333333,0.5,1,Mon-Th,1,2025-04-22,Mon-Th,1,22
16,0.03333333333333333,150.0,1,Mon-Th,1,2025-04-22,Mon-Th,1,22
22,120.0,150.0,1,Mon-Th,1,2025-04-22,Mon-Th,1,22
2,0.03333333333333333,0.5,1,Mon-Th,1,2025-04-22,Mon-Th,1,22
22,0.03333333333333333,0.5,1,Mon-Th,1,2025-04-22,Mon-Th,1,22
16,0.03333333333333333,0.5,1,Mon-Th,1,2025-04-22,Mon-Th,1,22
16,0.03333333333333333,150.0,1,Mon-Th,1,2025-04-22,Mon-Th,1,22
16,0.03333333333333333,0.5,1,Mon-Th,1,2025-04-22,Mon-Th,1,22
16,120.0,150.0,1,Mon-Th,1,2025-04-22,Mon-Th,1,22
16,120.0,150.0,1,Mon-Th,1,2025-04-22,Mon-Th,1,22
20,0.03333333333333333,0.5,1,Mon-Th,1,2025-04-22,Mon-Th,1,22
18,0.03333333333333333,0.5,1,Mon-Th,1,2025-04-22,Mon-Th,1,22
16,0.03333333333333333,150.0,1,Mon-Th,1,2025-04-22,Mon-Th,1,22
20,0.03333333333333333,0.5,1,Mon-Th,1,2025-04-22,Mon-Th,1,22
18,120.0,0.5,1,Mon-Th,1,2025-04-22,Mon-Th,1,22
17,120.0,150.0,1,Mon-Th,1,2025-04-22,Mon-Th,1,22
16,120.0,150.0,1,Mon-Th,1,2025-04-22,Mon-Th,1,22
16,0.03333333333333333,0.5,1,Mon-Th,1,2025-04-22,Mon-Th,1,22
16,120.0,0.5,1,Mon-Th,1,2025-04-22,Mon-Th,1,22
18,0.03333333333333333,150.0,1,Mon-Th,1,2025-04-22,Mon-Th,1,22
20,120.0,0.5,1,Mon-Th,1,2025-04-22,Mon-Th,1,22
12,0.03333333333333333,150.0,1,Mon-Th,1,2025-04-22,Mon-Th,1,22
17,0.03333333333333333,150.0,1,Mon-Th,1,2025-04-23,Mon-Th,1,33
18,120.0,0.5,1,Mon-Th,1,2025-04-23,Mon-Th,1,33
16,120.0,0.5,1,Mon-Th,1,2025-04-23,Mon-Th,1,33
16,0.03333333333333333,0.5,1,Mon-Th,1,2025-04-23,Mon-Th,1,33
15,0.03333333333333333,150.0,1,Mon-Th,1,2025-04-23,Mon-Th,1,33
16,0.03333333333333333,0.5,1,Mon-Th,1,2025-04-23,Mon-Th,1,33
14,0.03333333333333333,150.0,1,Mon-Th,1,2025-04-23,Mon-Th,1,33
14,0.03333333333333333,0.5,1,Mon-Th,1,2025-04-23,Mon-Th,1,33
12,0.03333333333333333,0.5,1,Mon-Th,1,2025-04-23,Mon-Th,1,33
17,120.0,150.0,1,Mon-Th,1,2025-04-23,Mon-Th,1,33
16,120.0,0.5,1,Mon-Th,1,2025-04-23,Mon-Th,1,33
16,120.0,150.0,1,Mon-Th,1,2025-04-23,Mon-Th,1,33
16,0.03333333333333333,0.5,1,Mon-Th,1,2025-04-23,Mon-Th,1,33
20,0.03333333333333333,0.5,1,Mon-Th,1,2025-04-23,Mon-Th,1,33
16,120.0,0.5,1,Mon-Th,1,2025-04-23,Mon-Th,1,33
14,120.0,0.5,1,Mon-Th,1,2025-04-23,Mon-Th,1,33
16,120.0,0.5,1,Mon-Th,1,2025-04-23,Mon-Th,1,33
16,120.0,0.5,1,Mon-Th,1,2025-04-23,Mon-Th,1,33
13,0.03333333333333333,0.5,1,Mon-Th,1,2025-04-23,Mon-Th,1,33
23,120.0,0.5,1,Mon-Th,1,2025-04-23,Mon-Th,1,33
20,120.0,0.5,1,Mon-Th,1,2025-04-23,Mon-Th,1,33
14,0.03333333333333333,150.0,1,Mon-Th,1,2025-04-23,Mon-Th,1,33
22,0.03333333333333333,150.0,1,Mon-Th,1,2025-04-23,Mon-Th,1,33
15,120.0,0.5,1,Mon-Th,1,2025-04-23,Mon-Th,1,33
16,0.03333333333333333,150.0,1,Mon-Th,1,2025-04-23,Mon-Th,1,33
16,0.03333333333333333,150.0,1,Mon-Th,1,2025-04-23,Mon-Th,1,33
15,120.0,150.0,1,Mon-Th,1,2025-04-23,Mon-Th,1,33
19,120.0,150.0,1,Mon-Th,1,2025-04-23,Mon-Th,1,33
16,0.03333333333333333,0.5,1,Mon-Th,1,2025-04-23,Mon-Th,1,33
12,120.0,0.5,1,Mon-Th,1,2025-04-23,Mon-Th,1,33
20,120.0,0.5,1,Mon-Th,1,2025-04-23,Mon-Th,1,33
12,120.0,150.0,1,Mon-Th,1,2025-04-23,Mon-Th,1,33
17,120.0,150.0,1,Mon-Th,1,2025-04-23,Mon-Th,1,33
16,0.03333333333333333,0.5,1,Mon-Th,1,2025-04-24,Mon-Th,1,22
16,120.0,0.5,1,Mon-Th,1,2025-04-24,Mon-Th,1,22
16,120.0,150.0,1,Mon-Th,1,2025-04-24,Mon-Th,1,22
17,120.0,0.5,1,Mon-Th,1,2025-04-24,Mon-Th,1,22
19,0.03333333333333333,0.5,1,Mon-Th,1,2025-04-24,Mon-Th,1,22
16,0.03333333333333333,0.5,1,Mon-Th,1,2025-04-24,Mon-Th,1,22
11,120.0,150.0,1,Mon-Th,1,2025-04-24,Mon-Th,1,22
12,120.0,0.5,1,Mon-Th,1,2025-04-24,Mon-Th,1,22
13,120.0,0.5,1,Mon-Th,1,2025-04-24,Mon-Th,1,22
19,0.03333333333333333,0.5,1,Mon-Th,1,2025-04-24,Mon-Th,1,22
16,0.03333333333333333,150.0,1,Mon-Th,1,2025-04-24,Mon-Th,1,22
16,0.03333333333333333,0.5,1,Mon-Th,1,2025-04-24,Mon-Th,1,22
19,0.03333333333333333,0.5,1,Mon-Th,1,2025-04-24,Mon-Th,1,22
12,120.0,0.5,1,Mon-Th,1,2025-04-24,Mon-Th,1,22
3,120.0,0.5,1,Mon-Th,1,2025-04-24,Mon-Th,1,22
14,0.03333333333333333,150.0,1,Mon-Th,1,2025-04-24,Mon-Th,1,22
16,0.03333333333333333,0.5,1,Mon-Th,1,2025-04-24,Mon-Th,1,22
16,0.03333333333333333,150.0,1,Mon-Th,1,2025-04-24,Mon-Th,1,22
16,0.03333333333333333,0.5,1,Mon-Th,1,2025-04-24,Mon-Th,1,22
16,0.03333333333333333,0.5,1,Mon-Th,1,2025-04-24,Mon-Th,1,22
16,120.0,150.0,1,Mon-Th,1,2025-04-24,Mon-Th,1,22
21,0.03333333333333333,0.5,1,Mon-Th,1,2025-04-24,Mon-Th,1,22
12,120.0,150.0,1,Mon-Th,1,2025-04-28,Mon-Th,1,21
12,120.0,150.0,1,Mon-Th,1,2025-04-28,Mon-Th,1,21
20,0.03333333333333333,0.5,1,Mon-Th,1,2025-04-28,Mon-Th,1,21
11,0.03333333333333333,0.5,1,Mon-Th,1,2025-04-28,Mon-Th,1,21
14,120.0,0.5,1,Mon-Th,1,2025-04-28,Mon-Th,1,21
16,0.03333333333333333,150.0,1,Mon-Th,1,2025-04-28,Mon-Th,1,21
4,0.03333333333333333,0.5,1,Mon-Th,1,2025-04-28,Mon-Th,1,21
9,120.0,0.5,1,Mon-Th,1,2025-04-28,Mon-Th,1,21
16,0.03333333333333333,150.0,1,Mon-Th,1,2025-04-28,Mon-Th,1,21
16,0.03333333333333333,150.0,1,Mon-Th,1,2025-04-28,Mon-Th,1,21
16,0.03333333333333333,0.5,1,Mon-Th,1,2025-04-28,Mon-Th,1,21
16,120.0,150.0,1,Mon-Th,1,2025-04-28,Mon-Th,1,21
22,0.03333333333333333,150.0,1,Mon-Th,1,2025-04-28,Mon-Th,1,21
12,120.0,0.5,1,Mon-Th,1,2025-04-28,Mon-Th,1,21
16,120.0,0.5,1,Mon-Th,1,2025-04-28,Mon-Th,1,21
18,120.0,0.5,1,Mon-Th,1,2025-04-28,Mon-Th,1,21
20,0.03333333333333333,0.5,1,Mon-Th,1,2025-04-28,Mon-Th,1,21
16,120.0,150.0,1,Mon-Th,1,2025-04-28,Mon-Th,1,21
21,120.0,0.5,1,Mon-Th,1,2025-04-28,Mon-Th,1,21
16,0.03333333333333333,0.5,1,Mon-Th,1,2025-04-28,Mon-Th,1,21
20,0.03333333333333333,0.5,1,Mon-Th,1,2025-04-28,Mon-Th,1,21
12,120.0,0.5,1,Mon-Th,1,2025-04-29,Mon-Th,1,38
15,0.03333333333333333,0.5,1,Mon-Th,1,2025-04-29,Mon-Th,1,38
16,0.03333333333333333,150.0,1,Mon-Th,1,2025-04-29,Mon-Th,1,38
12,120.0,0.5,1,Mon-Th,1,2025-04-29,Mon-Th,1,38
16,0.03333333333333333,150.0,1,Mon-Th,1,2025-04-29,Mon-Th,1,38
20,0.03333333333333333,150.0,1,Mon-Th,1,2025-04-29,Mon-Th,1,38
16,0.03333333333333333,150.0,1,Mon-Th,1,2025-04-29,Mon-Th,1,38
12,120.0,0.5,1,Mon-Th,1,2025-04-29,Mon-Th,1,38
16,120.0,0.5,1,Mon-Th,1,2025-04-29,Mon-Th,1,38
14,0.03333333333333333,150.0,1,Mon-Th,1,2025-04-29,Mon-Th,1,38
16,120.0,150.0,1,Mon-Th,1,2025-04-29,Mon-Th,1,38
19,120.0,0.5,1,Mon-Th,1,2025-04-29,Mon-Th,1,38
16,120.0,150.0,1,Mon-Th,1,2025-04-29,Mon-Th,1,38
17,0.03333333333333333,150.0,1,Mon-Th,1,2025-04-29,Mon-Th,1,38
16,0.03333333333333333,0.5,1,Mon-Th,1,2025-04-29,Mon-Th,1,38
17,120.0,0.5,1,Mon-Th,1,2025-04-29,Mon-Th,1,38
18,0.03333333333333333,150.0,1,Mon-Th,1,2025-04-29,Mon-Th,1,38
12,120.0,0.5,1,Mon-Th,1,2025-04-29,Mon-Th,1,38
16,0.03333333333333333,0.5,1,Mon-Th,1,2025-04-29,Mon-Th,1,38
16,120.0,0.5,1,Mon-Th,1,2025-04-29,Mon-Th,1,38
12,120.0,0.5,1,Mon-Th,1,2025-04-29,Mon-Th,1,38
15,120.0,0.5,1,Mon-Th,1,2025-04-29,Mon-Th,1,38
16,0.03333333333333333,150.0,1,Mon-Th,1,2025-04-29,Mon-Th,1,38
16,120.0,0.5,1,Mon-Th,1,2025-04-29,Mon-Th,1,38
16,120.0,0.5,1,Mon-Th,1,2025-04-29,Mon-Th,1,38
21,0.03333333333333333,0.5,1,Mon-Th,1,2025-04-29,Mon-Th,1,38
1,0.03333333333333333,0.5,1,Mon-Th,1,2025-04-29,Mon-Th,1,38
16,0.03333333333333333,0.5,1,Mon-Th,1,2025-04-29,Mon-Th,1,38
16,120.0,0.5,1,Mon-Th,1,2025-04-29,Mon-Th,1,38
21,0.03333333333333333,0.5,1,Mon-Th,1,2025-04-29,Mon-Th,1,38
16,120.0,0.5,1,Mon-Th,1,2025-04-29,Mon-Th,1,38
16,0.03333333333333333,0.5,1,Mon-Th,1,2025-04-29,Mon-Th,1,38
15,0.03333333333333333,0.5,1,Mon-Th,1,2025-04-29,Mon-Th,1,38
16,0.03333333333333333,150.0,1,Mon-Th,1,2025-04-29,Mon-Th,1,38
19,0.03333333333333333,0.5,1,Mon-Th,1,2025-04-29,Mon-Th,1,38
16,0.03333333333333333,150.0,1,Mon-Th,1,2025-04-29,Mon-Th,1,38
21,120.0,150.0,1,Mon-Th,1,2025-04-29,Mon-Th,1,38
16,0.03333333333333333,150.0,1,Mon-Th,1,2025-04-29,Mon-Th,1,38
15,120.0,150.0,1,Mon-Th,1,2025-04-30,Mon-Th,1,28
22,0.03333333333333333,0.5,1,Mon-Th,1,2025-04-30,Mon-Th,1,28
16,120.0,0.5,1,Mon-Th,1,2025-04-30,Mon-Th,1,28
14,120.0,0.5,1,Mon-Th,1,2025-04-30,Mon-Th,1,28
16,120.0,150.0,1,Mon-Th,1,2025-04-30,Mon-Th,1,28
20,0.03333333333333333,0.5,1,Mon-Th,1,2025-04-30,Mon-Th,1,28
10,0.03333333333333333,150.0,1,Mon-Th,1,2025-04-30,Mon-Th,1,28
17,120.0,0.5,1,Mon-Th,1,2025-04-30,Mon-Th,1,28
16,0.03333333333333333,0.5,1,Mon-Th,1,2025-04-30,Mon-Th,1,28
16,0.03333333333333333,150.0,1,Mon-Th,1,2025-04-30,Mon-Th,1,28
16,0.03333333333333333,150.0,1,Mon-Th,1,2025-04-30,Mon-Th,1,28
17,120.0,0.5,1,Mon-Th,1,2025-04-30,Mon-Th,1,28
16,0.03333333333333333,0.5,1,Mon-Th,1,2025-04-30,Mon-Th,1,28
16,120.0,150.0,1,Mon-Th,1,2025-04-30,Mon-Th,1,28
16,120.0,0.5,1,Mon-Th,1,2025-04-30,Mon-Th,1,28
22,0.03333333333333333,150.0,1,Mon-Th,1,2025-04-30,Mon-Th,1,28
20,120.0,0.5,1,Mon-Th,1,2025-04-30,Mon-Th,1,28
16,0.03333333333333333,0.5,1,Mon-Th,1,2025-04-30,Mon-Th,1,28
16,0.03333333333333333,0.5,1,Mon-Th,1,2025-04-30,Mon-Th,1,28
16,0.03333333333333333,150.0,1,Mon-Th,1,2025-04-30,Mon-Th,1,28
12,120.0,0.5,1,Mon-Th,1,2025-04-30,Mon-Th,1,28
22,120.0,150.0,1,Mon-Th,1,2025-04-30,Mon-Th,1,28
16,120.0,150.0,1,Mon-Th,1,2025-04-30,Mon-Th,1,28
12,120.0,0.5,1,Mon-Th,1,2025-04-30,Mon-Th,1,28
13,120.0,150.0,1,Mon-Th,1,2025-04-30,Mon-Th,1,28
16,0.03333333333333333,150.0,1,Mon-Th,1,2025-04-30,Mon-Th,1,28
16,120.0,150.0,1,Mon-Th,1,2025-04-30,Mon-Th,1,28
14,0.03333333333333333,0.5,1,Mon-Th,1,2025-04-30,Mon-Th,1,28
14,120.0,150.0,1,Mon-Th,1,2025-05-01,Mon-Th,1,30
3,120.0,150.0,1,Mon-Th,1,2025-05-01,Mon-Th,1,30
16,0.03333333333333333,150.0,1,Mon-Th,1,2025-05-01,Mon-Th,1,30
18,120.0,0.5,1,Mon-Th,1,2025-05-01,Mon-Th,1,30
16,120.0,150.0,1,Mon-Th,1,2025-05-01,Mon-Th,1,30
11,0.03333333333333333,0.5,1,Mon-Th,1,2025-05-01,Mon-Th,1,30
12,120.0,150.0,1,Mon-Th,1,2025-05-01,Mon-Th,1,30
16,0.03333333333333333,150.0,1,Mon-Th,1,2025-05-01,Mon-Th,1,30
16,0.03333333333333333,0.5,1,Mon-Th,1,2025-05-01,Mon-Th,1,30
16,0.03333333333333333,0.5,1,Mon-Th,1,2025-05-01,Mon-Th,1,30
11,120.0,150.0,1,Mon-Th,1,2025-05-01,Mon-Th,1,30
1,0.03333333333333333,0.5,1,Mon-Th,1,2025-05-01,Mon-Th,1,30
16,120.0,150.0,1,Mon-Th,1,2025-05-01,Mon-Th,1,30
20,0.03333333333333333,0.5,1,Mon-Th,1,2025-05-01,Mon-Th,1,30
14,120.0,0.5,1,Mon-Th,1,2025-05-01,Mon-Th,1,30
15,0.03333333333333333,0.5,1,Mon-Th,1,2025-05-01,Mon-Th,1,30
17,120.0,0.5,1,Mon-Th,1,2025-05-01,Mon-Th,1,30
14,120.0,0.5,1,Mon-Th,1,2025-05-01,Mon-Th,1,30
14,0.03333333333333333,0.5,1,Mon-Th,1,2025-05-01,Mon-Th,1,30
17,0.03333333333333333,150.0,1,Mon-Th,1,2025-05-01,Mon-Th,1,30
18,120.0,0.5,1,Mon-Th,1,2025-05-01,Mon-Th,1,30
16,120.0,150.0,1,Mon-Th,1,2025-05-01,Mon-Th,1,30
16,120.0,150.0,1,Mon-Th,1,2025-05-01,Mon-Th,1,30
14,0.03333333333333333,150.0,1,Mon-Th,1,2025-05-01,Mon-Th,1,30
16,120.0,150.0,1,Mon-Th,1,2025-05-01,Mon-Th,1,30
16,120.0,0.5,1,Mon-Th,1,2025-05-01,Mon-Th,1,30
16,120.0,150.0,1,Mon-Th,1,2025-05-01,Mon-Th,1,30
16,0.03333333333333333,0.5,1,Mon-Th,1,2025-05-01,Mon-Th,1,30
22,0.03333333333333333,0.5,1,Mon-Th,1,2025-05-01,Mon-Th,1,30
21,120.0,0.5,1,Mon-Th,1,2025-05-01,Mon-Th,1,30
16,120.0,150.0,1,Mon-Th,1,2025-05-05,Mon-Th,1,27
17,120.0,150.0,1,Mon-Th,1,2025-05-05,Mon-Th,1,27
12,120.0,150.0,1,Mon-Th,1,2025-05-05,Mon-Th,1,27
16,0.03333333333333333,150.0,1,Mon-Th,1,2025-05-05,Mon-Th,1,27
16,120.0,150.0,1,Mon-Th,1,2025-05-05,Mon-Th,1,27
17,120.0,0.5,1,Mon-Th,1,2025-05-05,Mon-Th,1,27
14,0.03333333333333333,150.0,1,Mon-Th,1,2025-05-05,Mon-Th,1,27
16,120.0,0.5,1,Mon-Th,1,2025-05-05,Mon-Th,1,27
16,120.0,150.0,1,Mon-Th,1,2025-05-05,Mon-Th,1,27
12,120.0,0.5,1,Mon-Th,1,2025-05-05,Mon-Th,1,27
21,120.0,0.5,1,Mon-Th,1,2025-05-05,Mon-Th,1,27
19,0.03333333333333333,0.5,1,Mon-Th,1,2025-05-05,Mon-Th,1,27
17,0.03333333333333333,150.0,1,Mon-Th,1,2025-05-05,Mon-Th,1,27
12,120.0,0.5,1,Mon-Th,1,2025-05-05,Mon-Th,1,27
17,120.0,0.5,1,Mon-Th,1,2025-05-05,Mon-Th,1,27
14,0.03333333333333333,0.5,1,Mon-Th,1,2025-05-05,Mon-Th,1,27
19,120.0,0.5,1,Mon-Th,1,2025-05-05,Mon-Th,1,27
16,120.0,0.5,1,Mon-Th,1,2025-05-05,Mon-Th,1,27
16,0.03333333333333333,0.5,1,Mon-Th,1,2025-05-05,Mon-Th,1,27
0,120.0,0.5,1,Mon-Th,1,2025-05-05,Mon-Th,1,27
12,120.0,0.5,1,Mon-Th,1,2025-05-05,Mon-Th,1,27
16,0.03333333333333333,150.0,1,Mon-Th,1,2025-05-05,Mon-Th,1,27
14,120.0,0.5,1,Mon-Th,1,2025-05-05,Mon-Th,1,27
16,0.03333333333333333,0.5,1,Mon-Th,1,2025-05-05,Mon-Th,1,27
14,0.03333333333333333,150.0,1,Mon-Th,1,2025-05-05,Mon-Th,1,27
22,0.03333333333333333,150.0,1,Mon-Th,1,2025-05-05,Mon-Th,1,27
10,0.03333333333333333,150.0,1,Mon-Th,1,2025-05-05,Mon-Th,1,27
20,0.03333333333333333,150.0,1,Mon-Th,1,2025-05-06,Mon-Th,1,25
17,120.0,150.0,1,Mon-Th,1,2025-05-06,Mon-Th,1,25
16,120.0,150.0,1,Mon-Th,1,2025-05-06,Mon-Th,1,25
12,120.0,150.0,1,Mon-Th,1,2025-05-06,Mon-Th,1,25
14,0.03333333333333333,150.0,1,Mon-Th,1,2025-05-06,Mon-Th,1,25
16,120.0,150.0,1,Mon-Th,1,2025-05-06,Mon-Th,1,25
16,0.03333333333333333,150.0,1,Mon-Th,1,2025-05-06,Mon-Th,1,25
11,120.0,0.5,1,Mon-Th,1,2025-05-06,Mon-Th,1,25
18,120.0,0.5,1,Mon-Th,1,2025-05-06,Mon-Th,1,25
22,0.03333333333333333,0.5,1,Mon-Th,1,2025-05-06,Mon-Th,1,25
14,0.03333333333333333,0.5,1,Mon-Th,1,2025-05-06,Mon-Th,1,25
13,120.0,150.0,1,Mon-Th,1,2025-05-06,Mon-Th,1,25
16,0.03333333333333333,150.0,1,Mon-Th,1,2025-05-06,Mon-Th,1,25
16,0.03333333333333333,0.5,1,Mon-Th,1,2025-05-06,Mon-Th,1,25
18,120.0,150.0,1,Mon-Th,1,2025-05-06,Mon-Th,1,25
16,0.03333333333333333,150.0,1,Mon-Th,1,2025-05-06,Mon-Th,1,25
16,0.03333333333333333,0.5,1,Mon-Th,1,2025-05-06,Mon-Th,1,25
16,0.03333333333333333,150.0,1,Mon-Th,1,2025-05-06,Mon-Th,1,25
16,120.0,0.5,1,Mon-Th,1,2025-05-06,Mon-Th,1,25
12,120.0,150.0,1,Mon-Th,1,2025-05-06,Mon-Th,1,25
16,120.0,150.0,1,Mon-Th,1,2025-05-06,Mon-Th,1,25
20,0.03333333333333333,0.5,1,Mon-Th,1,2025-05-06,Mon-Th,1,25
12,120.0,150.0,1,Mon-Th,1,2025-05-06,Mon-Th,1,25
16,120.0,0.5,1,Mon-Th,1,2025-05-06,Mon-Th,1,25
16,120.0,0.5,1,Mon-Th,1,2025-05-06,Mon-Th,1,25
16,0.03333333333333333,0.5,1,Mon-Th,1,2025-05-07,Mon-Th,1,35
16,0.03333333333333333,0.5,1,Mon-Th,1,2025-05-07,Mon-Th,1,35
16,120.0,0.5,1,Mon-Th,1,2025-05-07,Mon-Th,1,35
17,0.03333333333333333,0.5,1,Mon-Th,1,2025-05-07,Mon-Th,1,35
16,0.03333333333333333,150.0,1,Mon-Th,1,2025-05-07,Mon-Th,1,35
22,0.03333333333333333,150.0,1,Mon-Th,1,2025-05-07,Mon-Th,1,35
17,120.0,0.5,1,Mon-Th,1,2025-05-07,Mon-Th,1,35
12,120.0,150.0,1,Mon-Th,1,2025-05-07,Mon-Th,1,35
17,120.0,150.0,1,Mon-Th,1,2025-05-07,Mon-Th,1,35
16,120.0,0.5,1,Mon-Th,1,2025-05-07,Mon-Th,1,35
16,0.03333333333333333,150.0,1,Mon-Th,1,2025-05-07,Mon-Th,1,35
16,120.0,0.5,1,Mon-Th,1,2025-05-07,Mon-Th,1,35
10,0.03333333333333333,150.0,1,Mon-Th,1,2025-05-07,Mon-Th,1,35
17,0.03333333333333333,0.5,1,Mon-Th,1,2025-05-07,Mon-Th,1,35
16,120.0,0.5,1,Mon-Th,1,2025-05-07,Mon-Th,1,35
16,120.0,150.0,1,Mon-Th,1,2025-05-07,Mon-Th,1,35
13,120.0,150.0,1,Mon-Th,1,2025-05-07,Mon-Th,1,35
12,120.0,0.5,1,Mon-Th,1,2025-05-07,Mon-Th,1,35
14,0.03333333333333333,150.0,1,Mon-Th,1,2025-05-07,Mon-Th,1,35
16,0.03333333333333333,0.5,1,Mon-Th,1,2025-05-07,Mon-Th,1,35
13,0.03333333333333333,0.5,1,Mon-Th,1,2025-05-07,Mon-Th,1,35
14,0.03333333333333333,150.0,1,Mon-Th,1,2025-05-07,Mon-Th,1,35
16,120.0,150.0,1,Mon-Th,1,2025-05-07,Mon-Th,1,35
14,0.03333333333333333,0.5,1,Mon-Th,1,2025-05-07,Mon-Th,1,35
16,120.0,150.0,1,Mon-Th,1,2025-05-07,Mon-Th,1,35
14,0.03333333333333333,0.5,1,Mon-Th,1,2025-05-07,Mon-Th,1,35
16,0.03333333333333333,0.5,1,Mon-Th,1,2025-05-07,Mon-Th,1,35
19,120.0,0.5,1,Mon-Th,1,2025-05-07,Mon-Th,1,35
22,0.03333333333333333,0.5,1,Mon-Th,1,2025-05-07,Mon-Th,1,35
19,120.0,0.5,1,Mon-Th,1,2025-05-07,Mon-Th,1,35
16,120.0,150.0,1,Mon-Th,1,2025-05-07,Mon-Th,1,35
1,0.03333333333333333,150.0,1,Mon-Th,1,2025-05-07,Mon-Th,1,35
17,120.0,150.0,1,Mon-Th,1,2025-05-07,Mon-Th,1,35
20,0.03333333333333333,150.0,1,Mon-Th,1,2025-05-07,Mon-Th,1,35
18,120.0,0.5,1,Mon-Th,1,2025-05-07,Mon-Th,1,35
16,0.03333333333333333,150.0,1,Mon-Th,1,2025-05-08,Mon-Th,1,22
19,0.03333333333333333,150.0,1,Mon-Th,1,2025-05-08,Mon-Th,1,22
16,0.03333333333333333,150.0,1,Mon-Th,1,2025-05-08,Mon-Th,1,22
14,0.03333333333333333,150.0,1,Mon-Th,1,2025-05-08,Mon-Th,1,22
12,120.0,150.0,1,Mon-Th,1,2025-05-08,Mon-Th,1,22
16,0.03333333333333333,150.0,1,Mon-Th,1,2025-05-08,Mon-Th,1,22
16,0.03333333333333333,0.5,1,Mon-Th,1,2025-05-08,Mon-Th,1,22
15,120.0,0.5,1,Mon-Th,1,2025-05-08,Mon-Th,1,22
15,120.0,0.5,1,Mon-Th,1,2025-05-08,Mon-Th,1,22
16,0.03333333333333333,0.5,1,Mon-Th,1,2025-05-08,Mon-Th,1,22
22,0.03333333333333333,0.5,1,Mon-Th,1,2025-05-08,Mon-Th,1,22
17,120.0,0.5,1,Mon-Th,1,2025-05-08,Mon-Th,1,22
16,120.0,0.5,1,Mon-Th,1,2025-05-08,Mon-Th,1,22
17,0.03333333333333333,0.5,1,Mon-Th,1,2025-05-08,Mon-Th,1,22
12,120.0,150.0,1,Mon-Th,1,2025-05-08,Mon-Th,1,22
22,0.03333333333333333,0.5,1,Mon-Th,1,2025-05-08,Mon-Th,1,22
12,120.0,0.5,1,Mon-Th,1,2025-05-08,Mon-Th,1,22
16,120.0,150.0,1,Mon-Th,1,2025-05-08,Mon-Th,1,22
15,0.03333333333333333,0.5,1,Mon-Th,1,2025-05-08,Mon-Th,1,22
22,120.0,0.5,1,Mon-Th,1,2025-05-08,Mon-Th,1,22
16,0.03333333333333333,0.5,1,Mon-Th,1,2025-05-08,Mon-Th,1,22
16,0.03333333333333333,150.0,1,Mon-Th,1,2025-05-08,Mon-Th,1,22
12,120.0,150.0,1,Mon-Th,1,2025-05-12,Mon-Th,1,25
14,0.03333333333333333,150.0,1,Mon-Th,1,2025-05-12,Mon-Th,1,25
16,120.0,0.5,1,Mon-Th,1,2025-05-12,Mon-Th,1,25
4,0.03333333333333333,0.5,1,Mon-Th,1,2025-05-12,Mon-Th,1,25
14,0.03333333333333333,150.0,1,Mon-Th,1,2025-05-12,Mon-Th,1,25
12,120.0,0.5,1,Mon-Th,1,2025-05-12,Mon-Th,1,25
12,120.0,150.0,1,Mon-Th,1,2025-05-12,Mon-Th,1,25
17,0.03333333333333333,0.5,1,Mon-Th,1,2025-05-12,Mon-Th,1,25
12,120.0,0.5,1,Mon-Th,1,2025-05-12,Mon-Th,1,25
16,0.03333333333333333,0.5,1,Mon-Th,1,2025-05-12,Mon-Th,1,25
0,0.03333333333333333,0.5,1,Mon-Th,1,2025-05-12,Mon-Th,1,25
16,120.0,150.0,1,Mon-Th,1,2025-05-12,Mon-Th,1,25
19,0.03333333333333333,0.5,1,Mon-Th,1,2025-05-12,Mon-Th,1,25
22,0.03333333333333333,0.5,1,Mon-Th,1,2025-05-12,Mon-Th,1,25
16,120.0,150.0,1,Mon-Th,1,2025-05-12,Mon-Th,1,25
16,120.0,150.0,1,Mon-Th,1,2025-05-12,Mon-Th,1,25
21,0.03333333333333333,0.5,1,Mon-Th,1,2025-05-12,Mon-Th,1,25
16,120.0,0.5,1,Mon-Th,1,2025-05-12,Mon-Th,1,25
16,0.03333333333333333,0.5,1,Mon-Th,1,2025-05-12,Mon-Th,1,25
16,0.03333333333333333,150.0,1,Mon-Th,1,2025-05-12,Mon-Th,1,25
16,120.0,0.5,1,Mon-Th,1,2025-05-12,Mon-Th,1,25
15,0.03333333333333333,150.0,1,Mon-Th,1,2025-05-12,Mon-Th,1,25
17,0.03333333333333333,150.0,1,Mon-Th,1,2025-05-12,Mon-Th,1,25
16,120.0,150.0,1,Mon-Th,1,2025-05-12,Mon-Th,1,25
16,120.0,150.0,1,Mon-Th,1,2025-05-12,Mon-Th,1,25
16,120.0,150.0,1,Mon-Th,1,2025-05-13,Mon-Th,1,28
17,120.0,0.5,1,Mon-Th,1,2025-05-13,Mon-Th,1,28
19,0.03333333333333333,0.5,1,Mon-Th,1,2025-05-13,Mon-Th,1,28
20,120.0,0.5,1,Mon-Th,1,2025-05-13,Mon-Th,1,28
16,0.03333333333333333,150.0,1,Mon-Th,1,2025-05-13,Mon-Th,1,28
16,0.03333333333333333,150.0,1,Mon-Th,1,2025-05-13,Mon-Th,1,28
20,0.03333333333333333,0.5,1,Mon-Th,1,2025-05-13,Mon-Th,1,28
22,0.03333333333333333,150.0,1,Mon-Th,1,2025-05-13,Mon-Th,1,28
16,0.03333333333333333,0.5,1,Mon-Th,1,2025-05-13,Mon-Th,1,28
12,120.0,0.5,1,Mon-Th,1,2025-05-13,Mon-Th,1,28
12,120.0,0.5,1,Mon-Th,1,2025-05-13,Mon-Th,1,28
16,120.0,150.0,1,Mon-Th,1,2025-05-13,Mon-Th,1,28
16,0.03333333333333333,150.0,1,Mon-Th,1,2025-05-13,Mon-Th,1,28
16,0.03333333333333333,150.0,1,Mon-Th,1,2025-05-13,Mon-Th,1,28
14,0.03333333333333333,150.0,1,Mon-Th,1,2025-05-13,Mon-Th,1,28
16,120.0,150.0,1,Mon-Th,1,2025-05-13,Mon-Th,1,28
18,0.03333333333333333,0.5,1,Mon-Th,1,2025-05-13,Mon-Th,1,28
16,120.0,0.5,1,Mon-Th,1,2025-05-13,Mon-Th,1,28
15,0.03333333333333333,0.5,1,Mon-Th,1,2025-05-13,Mon-Th,1,28
16,120.0,150.0,1,Mon-Th,1,2025-05-13,Mon-Th,1,28
16,120.0,0.5,1,Mon-Th,1,2025-05-13,Mon-Th,1,28
16,0.03333333333333333,150.0,1,Mon-Th,1,2025-05-13,Mon-Th,1,28
21,120.0,0.5,1,Mon-Th,1,2025-05-13,Mon-Th,1,28
18,120.0,0.5,1,Mon-Th,1,2025-05-13,Mon-Th,1,28
16,120.0,0.5,1,Mon-Th,1,2025-05-13,Mon-Th,1,28
12,120.0,150.0,1,Mon-Th,1,2025-05-13,Mon-Th,1,28
16,0.03333333333333333,0.5,1,Mon-Th,1,2025-05-13,Mon-Th,1,28
16,0.03333333333333333,0.5,1,Mon-Th,1,2025-05-13,Mon-Th,1,28
16,0.03333333333333333,0.5,1,Mon-Th,1,2025-05-14,Mon-Th,1,28
22,120.0,150.0,1,Mon-Th,1,2025-05-14,Mon-Th,1,28
22,120.0,0.5,1,Mon-Th,1,2025-05-14,Mon-Th,1,28
16,0.03333333333333333,150.0,1,Mon-Th,1,2025-05-14,Mon-Th,1,28
16,0.03333333333333333,0.5,1,Mon-Th,1,2025-05-14,Mon-Th,1,28
16,120.0,0.5,1,Mon-Th,1,2025-05-14,Mon-Th,1,28
16,120.0,0.5,1,Mon-Th,1,2025-05-14,Mon-Th,1,28
16,120.0,0.5,1,Mon-Th,1,2025-05-14,Mon-Th,1,28
16,0.03333333333333333,150.0,1,Mon-Th,1,2025-05-14,Mon-Th,1,28
0,0.03333333333333333,0.5,1,Mon-Th,1,2025-05-14,Mon-Th,1,28
12,120.0,0.5,1,Mon-Th,1,2025-05-14,Mon-Th,1,28
16,0.03333333333333333,0.5,1,Mon-Th,1,2025-05-14,Mon-Th,1,28
12,120.0,150.0,1,Mon-Th,1,2025-05-14,Mon-Th,1,28
16,0.03333333333333333,150.0,1,Mon-Th,1,2025-05-14,Mon-Th,1,28
16,0.03333333333333333,150.0,1,Mon-Th,1,2025-05-14,Mon-Th,1,28
19,0.03333333333333333,0.5,1,Mon-Th,1,2025-05-14,Mon-Th,1,28
16,0.03333333333333333,150.0,1,Mon-Th,1,2025-05-14,Mon-Th,1,28
16,120.0,150.0,1,Mon-Th,1,2025-05-14,Mon-Th,1,28
16,0.03333333333333333,150.0,1,Mon-Th,1,2025-05-14,Mon-Th,1,28
8,120.0,0.5,1,Mon-Th,1,2025-05-14,Mon-Th,1,28
14,120.0,0.5,1,Mon-Th,1,2025-05-14,Mon-Th,1,28
16,0.03333333333333333,150.0,1,Mon-Th,1,2025-05-14,Mon-Th,1,28
17,120.0,0.5,1,Mon-Th,1,2025-05-14,Mon-Th,1,28
18,120.0,150.0,1,Mon-Th,1,2025-05-14,Mon-Th,1,28
12,0.03333333333333333,0.5,1,Mon-Th,1,2025-05-14,Mon-Th,1,28
15,120.0,150.0,1,Mon-Th,1,2025-05-14,Mon-Th,1,28
16,0.03333333333333333,150.0,1,Mon-Th,1,2025-05-14,Mon-Th,1,28
16,0.03333333333333333,150.0,1,Mon-Th,1,2025-05-14,Mon-Th,1,28
22,120.0,0.5,1,Mon-Th,1,2025-05-15,Mon-Th,1,22
21,0.03333333333333333,0.5,1,Mon-Th,1,2025-05-15,Mon-Th,1,22
16,0.03333333333333333,0.5,1,Mon-Th,1,2025-05-15,Mon-Th,1,22
16,0.03333333333333333,150.0,1,Mon-Th,1,2025-05-15,Mon-Th,1,22
15,120.0,150.0,1,Mon-Th,1,2025-05-15,Mon-Th,1,22
16,120.0,0.5,1,Mon-Th,1,2025-05-15,Mon-Th,1,22
16,0.03333333333333333,0.5,1,Mon-Th,1,2025-05-15,Mon-Th,1,22
12,0.03333333333333333,150.0,1,Mon-Th,1,2025-05-15,Mon-Th,1,22
16,120.0,150.0,1,Mon-Th,1,2025-05-15,Mon-Th,1,22
16,0.03333333333333333,0.5,1,Mon-Th,1,2025-05-15,Mon-Th,1,22
20,0.03333333333333333,150.0,1,Mon-Th,1,2025-05-15,Mon-Th,1,22
16,0.03333333333333333,150.0,1,Mon-Th,1,2025-05-15,Mon-Th,1,22
19,0.03333333333333333,0.5,1,Mon-Th,1,2025-05-15,Mon-Th,1,22
12,0.03333333333333333,0.5,1,Mon-Th,1,2025-05-15,Mon-Th,1,22
14,0.03333333333333333,150.0,1,Mon-Th,1,2025-05-15,Mon-Th,1,22
16,0.03333333333333333,0.5,1,Mon-Th,1,2025-05-15,Mon-Th,1,22
16,0.03333333333333333,150.0,1,Mon-Th,1,2025-05-15,Mon-Th,1,22
12,120.0,0.5,1,Mon-Th,1,2025-05-15,Mon-Th,1,22
15,120.0,0.5,1,Mon-Th,1,2025-05-15,Mon-Th,1,22
22,0.03333333333333333,0.5,1,Mon-Th,1,2025-05-15,Mon-Th,1,22
16,0.03333333333333333,150.0,1,Mon-Th,1,2025-05-15,Mon-Th,1,22
14,0.03333333333333333,150.0,1,Mon-Th,1,2025-05-15,Mon-Th,1,22
16,120.0,0.5,1,Mon-Th,1,2025-05-19,Mon-Th,1,28
12,120.0,0.5,1,Mon-Th,1,2025-05-19,Mon-Th,1,28
16,0.03333333333333333,150.0,1,Mon-Th,1,2025-05-19,Mon-Th,1,28
14,0.03333333333333333,150.0,1,Mon-Th,1,2025-05-19,Mon-Th,1,28
15,120.0,0.5,1,Mon-Th,1,2025-05-19,Mon-Th,1,28
12,120.0,0.5,1,Mon-Th,1,2025-05-19,Mon-Th,1,28
23,0.03333333333333333,0.5,1,Mon-Th,1,2025-05-19,Mon-Th,1,28
8,0.03333333333333333,0.5,1,Mon-Th,1,2025-05-19,Mon-Th,1,28
12,0.03333333333333333,150.0,1,Mon-Th,1,2025-05-19,Mon-Th,1,28
16,0.03333333333333333,0.5,1,Mon-Th,1,2025-05-19,Mon-Th,1,28
3,0.03333333333333333,150.0,1,Mon-Th,1,2025-05-19,Mon-Th,1,28
16,0.03333333333333333,0.5,1,Mon-Th,1,2025-05-19,Mon-Th,1,28
20,0.03333333333333333,150.0,1,Mon-Th,1,2025-05-19,Mon-Th,1,28
23,0.03333333333333333,0.5,1,Mon-Th,1,2025-05-19,Mon-Th,1,28
16,0.03333333333333333,0.5,1,Mon-Th,1,2025-05-19,Mon-Th,1,28
16,0.03333333333333333,150.0,1,Mon-Th,1,2025-05-19,Mon-Th,1,28
16,120.0,0.5,1,Mon-Th,1,2025-05-19,Mon-Th,1,28
16,0.03333333333333333,150.0,1,Mon-Th,1,2025-05-19,Mon-Th,1,28
16,0.03333333333333333,150.0,1,Mon-Th,1,2025-05-19,Mon-Th,1,28
16,0.03333333333333333,0.5,1,Mon-Th,1,2025-05-19,Mon-Th,1,28
16,120.0,150.0,1,Mon-Th,1,2025-05-19,Mon-Th,1,28
16,0.03333333333333333,0.5,1,Mon-Th,1,2025-05-19,Mon-Th,1,28
16,120.0,150.0,1,Mon-Th,1,2025-05-19,Mon-Th,1,28
12,120.0,150.0,1,Mon-Th,1,2025-05-19,Mon-Th,1,28
16,0.03333333333333333,0.5,1,Mon-Th,1,2025-05-19,Mon-Th,1,28
16,0.03333333333333333,150.0,1,Mon-Th,1,2025-05-19,Mon-Th,1,28
16,0.03333333333333333,150.0,1,Mon-Th,1,2025-05-19,Mon-Th,1,28
16,120.0,0.5,1,Mon-Th,1,2025-05-19,Mon-Th,1,28
16,0.03333333333333333,0.5,1,Mon-Th,1,2025-05-20,Mon-Th,1,30
16,0.03333333333333333,0.5,1,Mon-Th,1,2025-05-20,Mon-Th,1,30
16,120.0,150.0,1,Mon-Th,1,2025-05-20,Mon-Th,1,30
16,0.03333333333333333,0.5,1,Mon-Th,1,2025-05-20,Mon-Th,1,30
16,0.03333333333333333,150.0,1,Mon-Th,1,2025-05-20,Mon-Th,1,30
12,120.0,0.5,1,Mon-Th,1,2025-05-20,Mon-Th,1,30
9,120.0,150.0,1,Mon-Th,1,2025-05-20,Mon-Th,1,30
16,120.0,0.5,1,Mon-Th,1,2025-05-20,Mon-Th,1,30
16,120.0,150.0,1,Mon-Th,1,2025-05-20,Mon-Th,1,30
16,0.03333333333333333,150.0,1,Mon-Th,1,2025-05-20,Mon-Th,1,30
14,120.0,0.5,1,Mon-Th,1,2025-05-20,Mon-Th,1,30
12,0.03333333333333333,150.0,1,Mon-Th,1,2025-05-20,Mon-Th,1,30
16,0.03333333333333333,150.0,1,Mon-Th,1,2025-05-20,Mon-Th,1,30
9,0.03333333333333333,0.5,1,Mon-Th,1,2025-05-20,Mon-Th,1,30
16,0.03333333333333333,0.5,1,Mon-Th,1,2025-05-20,Mon-Th,1,30
22,0.03333333333333333,0.5,1,Mon-Th,1,2025-05-20,Mon-Th,1,30
16,120.0,150.0,1,Mon-Th,1,2025-05-20,Mon-Th,1,30
16,120.0,150.0,1,Mon-Th,1,2025-05-20,Mon-Th,1,30
20,120.0,0.5,1,Mon-Th,1,2025-05-20,Mon-Th,1,30
16,0.03333333333333333,0.5,1,Mon-Th,1,2025-05-20,Mon-Th,1,30
14,0.03333333333333333,0.5,1,Mon-Th,1,2025-05-20,Mon-Th,1,30
15,120.0,150.0,1,Mon-Th,1,2025-05-20,Mon-Th,1,30
12,120.0,150.0,1,Mon-Th,1,2025-05-20,Mon-Th,1,30
15,120.0,0.5,1,Mon-Th,1,2025-05-20,Mon-Th,1,30
16,0.03333333333333333,0.5,1,Mon-Th,1,2025-05-20,Mon-Th,1,30
18,0.03333333333333333,0.5,1,Mon-Th,1,2025-05-20,Mon-Th,1,30
18,120.0,0.5,1,Mon-Th,1,2025-05-20,Mon-Th,1,30
12,120.0,150.0,1,Mon-Th,1,2025-05-20,Mon-Th,1,30
12,120.0,0.5,1,Mon-Th,1,2025-05-20,Mon-Th,1,30
14,0.03333333333333333,0.5,1,Mon-Th,1,2025-05-20,Mon-Th,1,30
12,120.0,150.0,1,Mon-Th,1,2025-05-21,Mon-Th,1,25
16,0.03333333333333333,150.0,1,Mon-Th,1,2025-05-21,Mon-Th,1,25
22,120.0,0.5,1,Mon-Th,1,2025-05-21,Mon-Th,1,25
8,120.0,0.5,1,Mon-Th,1,2025-05-21,Mon-Th,1,25
16,0.03333333333333333,150.0,1,Mon-Th,1,2025-05-21,Mon-Th,1,25
16,0.03333333333333333,0.5,1,Mon-Th,1,2025-05-21,Mon-Th,1,25
16,120.0,150.0,1,Mon-Th,1,2025-05-21,Mon-Th,1,25
16,0.03333333333333333,150.0,1,Mon-Th,1,2025-05-21,Mon-Th,1,25
16,120.0,150.0,1,Mon-Th,1,2025-05-21,Mon-Th,1,25
16,120.0,150.0,1,Mon-Th,1,2025-05-21,Mon-Th,1,25
15,120.0,150.0,1,Mon-Th,1,2025-05-21,Mon-Th,1,25
14,0.03333333333333333,0.5,1,Mon-Th,1,2025-05-21,Mon-Th,1,25
11,120.0,150.0,1,Mon-Th,1,2025-05-21,Mon-Th,1,25
16,0.03333333333333333,150.0,1,Mon-Th,1,2025-05-21,Mon-Th,1,25
17,0.03333333333333333,150.0,1,Mon-Th,1,2025-05-21,Mon-Th,1,25
14,120.0,0.5,1,Mon-Th,1,2025-05-21,Mon-Th,1,25
4,0.03333333333333333,150.0,1,Mon-Th,1,2025-05-21,Mon-Th,1,25
16,0.03333333333333333,0.5,1,Mon-Th,1,2025-05-21,Mon-Th,1,25
12,120.0,150.0,1,Mon-Th,1,2025-05-21,Mon-Th,1,25
21,0.03333333333333333,0.5,1,Mon-Th,1,2025-05-21,Mon-Th,1,25
16,0.03333333333333333,150.0,1,Mon-Th,1,2025-05-21,Mon-Th,1,25
16,120.0,150.0,1,Mon-Th,1,2025-05-21,Mon-Th,1,25
14,0.03333333333333333,150.0,1,Mon-Th,1,2025-05-21,Mon-Th,1,25
15,120.0,150.0,1,Mon-Th,1,2025-05-21,Mon-Th,1,25
16,0.03333333333333333,0.5,1,Mon-Th,1,2025-05-21,Mon-Th,1,25
16,0.03333333333333333,0.5,1,Mon-Th,1,2025-05-22,Mon-Th,1,31
16,120.0,150.0,1,Mon-Th,1,2025-05-22,Mon-Th,1,31
16,120.0,0.5,1,Mon-Th,1,2025-05-22,Mon-Th,1,31
16,120.0,0.5,1,Mon-Th,1,2025-05-22,Mon-Th,1,31
16,120.0,0.5,1,Mon-Th,1,2025-05-22,Mon-Th,1,31
13,0.03333333333333333,150.0,1,Mon-Th,1,2025-05-22,Mon-Th,1,31
14,0.03333333333333333,150.0,1,Mon-Th,1,2025-05-22,Mon-Th,1,31
16,0.03333333333333333,0.5,1,Mon-Th,1,2025-05-22,Mon-Th,1,31
22,0.03333333333333333,0.5,1,Mon-Th,1,2025-05-22,Mon-Th,1,31
16,0.03333333333333333,0.5,1,Mon-Th,1,2025-05-22,Mon-Th,1,31
16,120.0,150.0,1,Mon-Th,1,2025-05-22,Mon-Th,1,31
10,120.0,0.5,1,Mon-Th,1,2025-05-22,Mon-Th,1,31
12,0.03333333333333333,150.0,1,Mon-Th,1,2025-05-22,Mon-Th,1,31
18,120.0,0.5,1,Mon-Th,1,2025-05-22,Mon-Th,1,31
17,0.03333333333333333,150.0,1,Mon-Th,1,2025-05-22,Mon-Th,1,31
17,0.03333333333333333,0.5,1,Mon-Th,1,2025-05-22,Mon-Th,1,31
16,0.03333333333333333,150.0,1,Mon-Th,1,2025-05-22,Mon-Th,1,31
16,120.0,0.5,1,Mon-Th,1,2025-05-22,Mon-Th,1,31
20,120.0,0.5,1,Mon-Th,1,2025-05-22,Mon-Th,1,31
16,0.03333333333333333,150.0,1,Mon-Th,1,2025-05-22,Mon-Th,1,31
12,0.03333333333333333,150.0,1,Mon-Th,1,2025-05-22,Mon-Th,1,31
16,0.03333333333333333,0.5,1,Mon-Th,1,2025-05-22,Mon-Th,1,31
16,120.0,150.0,1,Mon-Th,1,2025-05-22,Mon-Th,1,31
18,0.03333333333333333,0.5,1,Mon-Th,1,2025-05-22,Mon-Th,1,31
16,120.0,0.5,1,Mon-Th,1,2025-05-22,Mon-Th,1,31
16,120.0,0.5,1,Mon-Th,1,2025-05-22,Mon-Th,1,31
16,120.0,150.0,1,Mon-Th,1,2025-05-22,Mon-Th,1,31
11,120.0,0.5,1,Mon-Th,1,2025-05-22,Mon-Th,1,31
16,0.03333333333333333,150.0,1,Mon-Th,1,2025-05-22,Mon-Th,1,31
17,120.0,150.0,1,Mon-Th,1,2025-05-22,Mon-Th,1,31
16,120.0,150.0,1,Mon-Th,1,2025-05-22,Mon-Th,1,31
12,0.03333333333333333,150.0,1,Mon-Th,1,2025-05-26,Mon-Th,1,23
16,0.03333333333333333,0.5,1,Mon-Th,1,2025-05-26,Mon-Th,1,23
15,120.0,150.0,1,Mon-Th,1,2025-05-26,Mon-Th,1,23
16,0.03333333333333333,150.0,1,Mon-Th,1,2025-05-26,Mon-Th,1,23
12,120.0,0.5,1,Mon-Th,1,2025-05-26,Mon-Th,1,23
16,0.03333333333333333,150.0,1,Mon-Th,1,2025-05-26,Mon-Th,1,23
16,0.03333333333333333,150.0,1,Mon-Th,1,2025-05-26,Mon-Th,1,23
15,0.03333333333333333,150.0,1,Mon-Th,1,2025-05-26,Mon-Th,1,23
16,0.03333333333333333,150.0,1,Mon-Th,1,2025-05-26,Mon-Th,1,23
16,120.0,150.0,1,Mon-Th,1,2025-05-26,Mon-Th,1,23
21,120.0,150.0,1,Mon-Th,1,2025-05-26,Mon-Th,1,23
16,0.03333333333333333,150.0,1,Mon-Th,1,2025-05-26,Mon-Th,1,23
16,0.03333333333333333,150.0,1,Mon-Th,1,2025-05-26,Mon-Th,1,23
16,120.0,150.0,1,Mon-Th,1,2025-05-26,Mon-Th,1,23
16,0.03333333333333333,0.5,1,Mon-Th,1,2025-05-26,Mon-Th,1,23
16,120.0,0.5,1,Mon-Th,1,2025-05-26,Mon-Th,1,23
15,120.0,150.0,1,Mon-Th,1,2025-05-26,Mon-Th,1,23
22,120.0,0.5,1,Mon-Th,1,2025-05-26,Mon-Th,1,23
16,120.0,0.5,1,Mon-Th,1,2025-05-26,Mon-Th,1,23
16,120.0,150.0,1,Mon-Th,1,2025-05-26,Mon-Th,1,23
14,0.03333333333333333,150.0,1,Mon-Th,1,2025-05-26,Mon-Th,1,23
16,0.03333333333333333,150.0,1,Mon-Th,1,2025-05-26,Mon-Th,1,23
16,120.0,0.5,1,Mon-Th,1,2025-05-26,Mon-Th,1,23
20,120.0,0.5,1,Mon-Th,1,2025-05-27,Mon-Th,1,22
17,120.0,0.5,1,Mon-Th,1,2025-05-27,Mon-Th,1,22
19,0.03333333333333333,0.5,1,Mon-Th,1,2025-05-27,Mon-Th,1,22
16,0.03333333333333333,150.0,1,Mon-Th,1,2025-05-27,Mon-Th,1,22
16,0.03333333333333333,0.5,1,Mon-Th,1,2025-05-27,Mon-Th,1,22
12,120.0,150.0,1,Mon-Th,1,2025-05-27,Mon-Th,1,22
16,0.03333333333333333,0.5,1,Mon-Th,1,2025-05-27,Mon-Th,1,22
20,0.03333333333333333,150.0,1,Mon-Th,1,2025-05-27,Mon-Th,1,22
20,0.03333333333333333,150.0,1,Mon-Th,1,2025-05-27,Mon-Th,1,22
12,120.0,0.5,1,Mon-Th,1,2025-05-27,Mon-Th,1,22
15,120.0,150.0,1,Mon-Th,1,2025-05-27,Mon-Th,1,22
18,120.0,150.0,1,Mon-Th,1,2025-05-27,Mon-Th,1,22
16,120.0,0.5,1,Mon-Th,1,2025-05-27,Mon-Th,1,22
16,120.0,150.0,1,Mon-Th,1,2025-05-27,Mon-Th,1,22
11,120.0,0.5,1,Mon-Th,1,2025-05-27,Mon-Th,1,22
16,120.0,0.5,1,Mon-Th,1,2025-05-27,Mon-Th,1,22
18,120.0,0.5,1,Mon-Th,1,2025-05-27,Mon-Th,1,22
16,0.03333333333333333,150.0,1,Mon-Th,1,2025-05-27,Mon-Th,1,22
16,0.03333333333333333,0.5,1,Mon-Th,1,2025-05-27,Mon-Th,1,22
0,0.03333333333333333,0.5,1,Mon-Th,1,2025-05-27,Mon-Th,1,22
22,120.0,150.0,1,Mon-Th,1,2025-05-27,Mon-Th,1,22
14,0.03333333333333333,0.5,1,Mon-Th,1,2025-05-27,Mon-Th,1,22
16,120.0,0.5,1,Mon-Th,1,2025-05-28,Mon-Th,1,26
16,0.03333333333333333,150.0,1,Mon-Th,1,2025-05-28,Mon-Th,1,26
16,120.0,0.5,1,Mon-Th,1,2025-05-28,Mon-Th,1,26
23,0.03333333333333333,0.5,1,Mon-Th,1,2025-05-28,Mon-Th,1,26
16,0.03333333333333333,0.5,1,Mon-Th,1,2025-05-28,Mon-Th,1,26
15,120.0,150.0,1,Mon-Th,1,2025-05-28,Mon-Th,1,26
16,120.0,150.0,1,Mon-Th,1,2025-05-28,Mon-Th,1,26
16,120.0,0.5,1,Mon-Th,1,2025-05-28,Mon-Th,1,26
17,120.0,0.5,1,Mon-Th,1,2025-05-28,Mon-Th,1,26
11,0.03333333333333333,0.5,1,Mon-Th,1,2025-05-28,Mon-Th,1,26
16,120.0,150.0,1,Mon-Th,1,2025-05-28,Mon-Th,1,26
12,0.03333333333333333,150.0,1,Mon-Th,1,2025-05-28,Mon-Th,1,26
19,120.0,0.5,1,Mon-Th,1,2025-05-28,Mon-Th,1,26
18,0.03333333333333333,0.5,1,Mon-Th,1,2025-05-28,Mon-Th,1,26
14,0.03333333333333333,150.0,1,Mon-Th,1,2025-05-28,Mon-Th,1,26
14,0.03333333333333333,0.5,1,Mon-Th,1,2025-05-28,Mon-Th,1,26
20,0.03333333333333333,0.5,1,Mon-Th,1,2025-05-28,Mon-Th,1,26
16,0.03333333333333333,0.5,1,Mon-Th,1,2025-05-28,Mon-Th,1,26
14,0.03333333333333333,0.5,1,Mon-Th,1,2025-05-28,Mon-Th,1,26
12,120.0,150.0,1,Mon-Th,1,2025-05-28,Mon-Th,1,26
16,0.03333333333333333,0.5,1,Mon-Th,1,2025-05-28,Mon-Th,1,26
15,0.03333333333333333,150.0,1,Mon-Th,1,2025-05-28,Mon-Th,1,26
18,120.0,0.5,1,Mon-Th,1,2025-05-28,Mon-Th,1,26
20,0.03333333333333333,150.0,1,Mon-Th,1,2025-05-28,Mon-Th,1,26
15,120.0,150.0,1,Mon-Th,1,2025-05-28,Mon-Th,1,26
21,120.0,150.0,1,Mon-Th,1,2025-05-28,Mon-Th,1,26
16,0.03333333333333333,150.0,1,Mon-Th,1,2025-05-29,Mon-Th,1,25
21,0.03333333333333333,0.5,1,Mon-Th,1,2025-05-29,Mon-Th,1,25
16,0.03333333333333333,0.5,1,Mon-Th,1,2025-05-29,Mon-Th,1,25
16,0.03333333333333333,0.5,1,Mon-Th,1,2025-05-29,Mon-Th,1,25
16,0.03333333333333333,150.0,1,Mon-Th,1,2025-05-29,Mon-Th,1,25
18,120.0,0.5,1,Mon-Th,1,2025-05-29,Mon-Th,1,25
23,120.0,0.5,1,Mon-Th,1,2025-05-29,Mon-Th,1,25
14,0.03333333333333333,150.0,1,Mon-Th,1,2025-05-29,Mon-Th,1,25
22,120.0,150.0,1,Mon-Th,1,2025-05-29,Mon-Th,1,25
19,120.0,0.5,1,Mon-Th,1,2025-05-29,Mon-Th,1,25
12,120.0,150.0,1,Mon-Th,1,2025-05-29,Mon-Th,1,25
16,0.03333333333333333,0.5,1,Mon-Th,1,2025-05-29,Mon-Th,1,25
22,0.03333333333333333,150.0,1,Mon-Th,1,2025-05-29,Mon-Th,1,25
16,0.03333333333333333,0.5,1,Mon-Th,1,2025-05-29,Mon-Th,1,25
16,120.0,150.0,1,Mon-Th,1,2025-05-29,Mon-Th,1,25
16,120.0,0.5,1,Mon-Th,1,2025-05-29,Mon-Th,1,25
16,0.03333333333333333,0.5,1,Mon-Th,1,2025-05-29,Mon-Th,1,25
16,120.0,0.5,1,Mon-Th,1,2025-05-29,Mon-Th,1,25
16,0.03333333333333333,0.5,1,Mon-Th,1,2025-05-29,Mon-Th,1,25
16,0.03333333333333333,0.5,1,Mon-Th,1,2025-05-29,Mon-Th,1,25
16,0.03333333333333333,0.5,1,Mon-Th,1,2025-05-29,Mon-Th,1,25
15,120.0,150.0,1,Mon-Th,1,2025-05-29,Mon-Th,1,25
16,0.03333333333333333,150.0,1,Mon-Th,1,2025-05-29,Mon-Th,1,25
16,120.0,150.0,1,Mon-Th,1,2025-05-29,Mon-Th,1,25
16,120.0,150.0,1,Mon-Th,1,2025-05-29,Mon-Th,1,25
11,120.0,0.5,1,Mon-Th,1,2025-06-02,Mon-Th,1,34
16,0.03333333333333333,0.5,1,Mon-Th,1,2025-06-02,Mon-Th,1,34
20,0.03333333333333333,150.0,1,Mon-Th,1,2025-06-02,Mon-Th,1,34
21,120.0,150.0,1,Mon-Th,1,2025-06-02,Mon-Th,1,34
16,0.03333333333333333,0.5,1,Mon-Th,1,2025-06-02,Mon-Th,1,34
16,0.03333333333333333,150.0,1,Mon-Th,1,2025-06-02,Mon-Th,1,34
16,120.0,150.0,1,Mon-Th,1,2025-06-02,Mon-Th,1,34
12,120.0,150.0,1,Mon-Th,1,2025-06-02,Mon-Th,1,34
16,120.0,150.0,1,Mon-Th,1,2025-06-02,Mon-Th,1,34
13,120.0,0.5,1,Mon-Th,1,2025-06-02,Mon-Th,1,34
19,120.0,150.0,1,Mon-Th,1,2025-06-02,Mon-Th,1,34
16,120.0,0.5,1,Mon-Th,1,2025-06-02,Mon-Th,1,34
15,120.0,0.5,1,Mon-Th,1,2025-06-02,Mon-Th,1,34
16,0.03333333333333333,150.0,1,Mon-Th,1,2025-06-02,Mon-Th,1,34
14,0.03333333333333333,0.5,1,Mon-Th,1,2025-06-02,Mon-Th,1,34
20,120.0,150.0,1,Mon-Th,1,2025-06-02,Mon-Th,1,34
21,120.0,0.5,1,Mon-Th,1,2025-06-02,Mon-Th,1,34
16,0.03333333333333333,150.0,1,Mon-Th,1,2025-06-02,Mon-Th,1,34
20,120.0,150.0,1,Mon-Th,1,2025-06-02,Mon-Th,1,34
23,120.0,0.5,1,Mon-Th,1,2025-06-02,Mon-Th,1,34
16,120.0,150.0,1,Mon-Th,1,2025-06-02,Mon-Th,1,34
13,0.03333333333333333,150.0,1,Mon-Th,1,2025-06-02,Mon-Th,1,34
22,0.03333333333333333,0.5,1,Mon-Th,1,2025-06-02,Mon-Th,1,34
16,120.0,0.5,1,Mon-Th,1,2025-06-02,Mon-Th,1,34
16,0.03333333333333333,0.5,1,Mon-Th,1,2025-06-02,Mon-Th,1,34
16,0.03333333333333333,150.0,1,Mon-Th,1,2025-06-02,Mon-Th,1,34
12,120.0,0.5,1,Mon-Th,1,2025-06-02,Mon-Th,1,34
8,120.0,0.5,1,Mon-Th,1,2025-06-02,Mon-Th,1,34
16,120.0,0.5,1,Mon-Th,1,2025-06-02,Mon-Th,1,34
16,0.03333333333333333,0.5,1,Mon-Th,1,2025-06-02,Mon-Th,1,34
16,0.03333333333333333,0.5,1,Mon-Th,1,2025-06-02,Mon-Th,1,34
22,120.0,0.5,1,Mon-Th,1,2025-06-02,Mon-Th,1,34
12,0.03333333333333333,0.5,1,Mon-Th,1,2025-06-02,Mon-Th,1,34
16,0.03333333333333333,150.0,1,Mon-Th,1,2025-06-02,Mon-Th,1,34
16,0.03333333333333333,150.0,1,Mon-Th,1,2025-06-03,Mon-Th,1,32
16,0.03333333333333333,0.5,1,Mon-Th,1,2025-06-03,Mon-Th,1,32
13,0.03333333333333333,0.5,1,Mon-Th,1,2025-06-03,Mon-Th,1,32
16,0.03333333333333333,0.5,1,Mon-Th,1,2025-06-03,Mon-Th,1,32
8,120.0,0.5,1,Mon-Th,1,2025-06-03,Mon-Th,1,32
16,0.03333333333333333,150.0,1,Mon-Th,1,2025-06-03,Mon-Th,1,32
14,120.0,0.5,1,Mon-Th,1,2025-06-03,Mon-Th,1,32
22,120.0,0.5,1,Mon-Th,1,2025-06-03,Mon-Th,1,32
16,120.0,150.0,1,Mon-Th,1,2025-06-03,Mon-Th,1,32
22,120.0,0.5,1,Mon-Th,1,2025-06-03,Mon-Th,1,32
9,120.0,0.5,1,Mon-Th,1,2025-06-03,Mon-Th,1,32
16,0.03333333333333333,0.5,1,Mon-Th,1,2025-06-03,Mon-Th,1,32
17,0.03333333333333333,150.0,1,Mon-Th,1,2025-06-03,Mon-Th,1,32
23,0.03333333333333333,150.0,1,Mon-Th,1,2025-06-03,Mon-Th,1,32
16,0.03333333333333333,0.5,1,Mon-Th,1,2025-06-03,Mon-Th,1,32
18,120.0,0.5,1,Mon-Th,1,2025-06-03,Mon-Th,1,32
11,120.0,0.5,1,Mon-Th,1,2025-06-03,Mon-Th,1,32
16,120.0,150.0,1,Mon-Th,1,2025-06-03,Mon-Th,1,32
12,120.0,150.0,1,Mon-Th,1,2025-06-03,Mon-Th,1,32
22,120.0,0.5,1,Mon-Th,1,2025-06-03,Mon-Th,1,32
17,120.0,0.5,1,Mon-Th,1,2025-06-03,Mon-Th,1,32
16,120.0,150.0,1,Mon-Th,1,2025-06-03,Mon-Th,1,32
16,120.0,150.0,1,Mon-Th,1,2025-06-03,Mon-Th,1,32
16,120.0,0.5,1,Mon-Th,1,2025-06-03,Mon-Th,1,32
19,0.03333333333333333,150.0,1,Mon-Th,1,2025-06-03,Mon-Th,1,32
18,0.03333333333333333,0.5,1,Mon-Th,1,2025-06-03,Mon-Th,1,32
12,120.0,150.0,1,Mon-Th,1,2025-06-03,Mon-Th,1,32
16,120.0,150.0,1,Mon-Th,1,2025-06-03,Mon-Th,1,32
21,120.0,0.5,1,Mon-Th,1,2025-06-03,Mon-Th,1,32
16,0.03333333333333333,150.0,1,Mon-Th,1,2025-06-03,Mon-Th,1,32
16,0.03333333333333333,150.0,1,Mon-Th,1,2025-06-03,Mon-Th,1,32
12,120.0,150.0,1,Mon-Th,1,2025-06-03,Mon-Th,1,32
16,120.0,150.0,1,Mon-Th,1,2025-06-04,Mon-Th,1,24
16,0.03333333333333333,150.0,1,Mon-Th,1,2025-06-04,Mon-Th,1,24
18,120.0,0.5,1,Mon-Th,1,2025-06-04,Mon-Th,1,24
16,0.03333333333333333,150.0,1,Mon-Th,1,2025-06-04,Mon-Th,1,24
12,120.0,150.0,1,Mon-Th,1,2025-06-04,Mon-Th,1,24
13,0.03333333333333333,0.5,1,Mon-Th,1,2025-06-04,Mon-Th,1,24
16,120.0,0.5,1,Mon-Th,1,2025-06-04,Mon-Th,1,24
16,0.03333333333333333,0.5,1,Mon-Th,1,2025-06-04,Mon-Th,1,24
10,120.0,150.0,1,Mon-Th,1,2025-06-04,Mon-Th,1,24
16,0.03333333333333333,0.5,1,Mon-Th,1,2025-06-04,Mon-Th,1,24
16,0.03333333333333333,0.5,1,Mon-Th,1,2025-06-04,Mon-Th,1,24
17,120.0,0.5,1,Mon-Th,1,2025-06-04,Mon-Th,1,24
12,120.0,0.5,1,Mon-Th,1,2025-06-04,Mon-Th,1,24
16,120.0,150.0,1,Mon-Th,1,2025-06-04,Mon-Th,1,24
19,0.03333333333333333,0.5,1,Mon-Th,1,2025-06-04,Mon-Th,1,24
21,120.0,0.5,1,Mon-Th,1,2025-06-04,Mon-Th,1,24
12,0.03333333333333333,0.5,1,Mon-Th,1,2025-06-04,Mon-Th,1,24
12,120.0,150.0,1,Mon-Th,1,2025-06-04,Mon-Th,1,24
21,0.03333333333333333,150.0,1,Mon-Th,1,2025-06-04,Mon-Th,1,24
16,0.03333333333333333,150.0,1,Mon-Th,1,2025-06-04,Mon-Th,1,24
20,120.0,0.5,1,Mon-Th,1,2025-06-04,Mon-Th,1,24
21,120.0,0.5,1,Mon-Th,1,2025-06-04,Mon-Th,1,24
19,120.0,150.0,1,Mon-Th,1,2025-06-04,Mon-Th,1,24
16,120.0,0.5,1,Mon-Th,1,2025-06-04,Mon-Th,1,24
16,0.03333333333333333,0.5,1,Mon-Th,1,2025-06-05,Mon-Th,1,28
16,120.0,0.5,1,Mon-Th,1,2025-06-05,Mon-Th,1,28
17,120.0,0.5,1,Mon-Th,1,2025-06-05,Mon-Th,1,28
20,0.03333333333333333,0.5,1,Mon-Th,1,2025-06-05,Mon-Th,1,28
16,0.03333333333333333,150.0,1,Mon-Th,1,2025-06-05,Mon-Th,1,28
16,120.0,150.0,1,Mon-Th,1,2025-06-05,Mon-Th,1,28
16,120.0,150.0,1,Mon-Th,1,2025-06-05,Mon-Th,1,28
16,0.03333333333333333,150.0,1,Mon-Th,1,2025-06-05,Mon-Th,1,28
16,0.03333333333333333,150.0,1,Mon-Th,1,2025-06-05,Mon-Th,1,28
16,0.03333333333333333,150.0,1,Mon-Th,1,2025-06-05,Mon-Th,1,28
18,0.03333333333333333,0.5,1,Mon-Th,1,2025-06-05,Mon-Th,1,28
23,120.0,0.5,1,Mon-Th,1,2025-06-05,Mon-Th,1,28
16,0.03333333333333333,0.5,1,Mon-Th,1,2025-06-05,Mon-Th,1,28
22,120.0,0.5,1,Mon-Th,1,2025-06-05,Mon-Th,1,28
15,0.03333333333333333,0.5,1,Mon-Th,1,2025-06-05,Mon-Th,1,28
16,120.0,150.0,1,Mon-Th,1,2025-06-05,Mon-Th,1,28
14,0.03333333333333333,0.5,1,Mon-Th,1,2025-06-05,Mon-Th,1,28
21,0.03333333333333333,150.0,1,Mon-Th,1,2025-06-05,Mon-Th,1,28
16,0.03333333333333333,150.0,1,Mon-Th,1,2025-06-05,Mon-Th,1,28
16,120.0,0.5,1,Mon-Th,1,2025-06-05,Mon-Th,1,28
16,120.0,0.5,1,Mon-Th,1,2025-06-05,Mon-Th,1,28
15,0.03333333333333333,0.5,1,Mon-Th,1,2025-06-05,Mon-Th,1,28
16,120.0,0.5,1,Mon-Th,1,2025-06-05,Mon-Th,1,28
16,0.03333333333333333,150.0,1,Mon-Th,1,2025-06-05,Mon-Th,1,28
15,120.0,150.0,1,Mon-Th,1,2025-06-05,Mon-Th,1,28
20,120.0,0.5,1,Mon-Th,1,2025-06-05,Mon-Th,1,28
16,0.03333333333333333,150.0,1,Mon-Th,1,2025-06-05,Mon-Th,1,28
18,120.0,0.5,1,Mon-Th,1,2025-06-05,Mon-Th,1,28
16,0.03333333333333333,150.0,1,Mon-Th,1,2025-06-09,Mon-Th,1,26
18,120.0,150.0,1,Mon-Th,1,2025-06-09,Mon-Th,1,26
16,120.0,150.0,1,Mon-Th,1,2025-06-09,Mon-Th,1,26
16,0.03333333333333333,150.0,1,Mon-Th,1,2025-06-09,Mon-Th,1,26
16,120.0,150.0,1,Mon-Th,1,2025-06-09,Mon-Th,1,26
16,120.0,150.0,1,Mon-Th,1,2025-06-09,Mon-Th,1,26
11,0.03333333333333333,150.0,1,Mon-Th,1,2025-06-09,Mon-Th,1,26
16,0.03333333333333333,0.5,1,Mon-Th,1,2025-06-09,Mon-Th,1,26
16,0.03333333333333333,0.5,1,Mon-Th,1,2025-06-09,Mon-Th,1,26
16,120.0,150.0,1,Mon-Th,1,2025-06-09,Mon-Th,1,26
14,0.03333333333333333,0.5,1,Mon-Th,1,2025-06-09,Mon-Th,1,26
16,120.0,150.0,1,Mon-Th,1,2025-06-09,Mon-Th,1,26
18,0.03333333333333333,0.5,1,Mon-Th,1,2025-06-09,Mon-Th,1,26
15,0.03333333333333333,0.5,1,Mon-Th,1,2025-06-09,Mon-Th,1,26
16,0.03333333333333333,150.0,1,Mon-Th,1,2025-06-09,Mon-Th,1,26
19,0.03333333333333333,150.0,1,Mon-Th,1,2025-06-09,Mon-Th,1,26
20,120.0,150.0,1,Mon-Th,1,2025-06-09,Mon-Th,1,26
15,0.03333333333333333,0.5,1,Mon-Th,1,2025-06-09,Mon-Th,1,26
22,0.03333333333333333,0.5,1,Mon-Th,1,2025-06-09,Mon-Th,1,26
16,0.03333333333333333,0.5,1,Mon-Th,1,2025-06-09,Mon-Th,1,26
16,120.0,0.5,1,Mon-Th,1,2025-06-09,Mon-Th,1,26
12,120.0,150.0,1,Mon-Th,1,2025-06-09,Mon-Th,1,26
17,120.0,0.5,1,Mon-Th,1,2025-06-09,Mon-Th,1,26
16,0.03333333333333333,0.5,1,Mon-Th,1,2025-06-09,Mon-Th,1,26
16,0.03333333333333333,150.0,1,Mon-Th,1,2025-06-09,Mon-Th,1,26
16,120.0,0.5,1,Mon-Th,1,2025-06-09,Mon-Th,1,26
21,0.03333333333333333,150.0,1,Mon-Th,1,2025-06-10,Mon-Th,1,27
18,120.0,0.5,1,Mon-Th,1,2025-06-10,Mon-Th,1,27
16,120.0,150.0,1,Mon-Th,1,2025-06-10,Mon-Th,1,27
16,0.03333333333333333,150.0,1,Mon-Th,1,2025-06-10,Mon-Th,1,27
18,120.0,0.5,1,Mon-Th,1,2025-06-10,Mon-Th,1,27
18,0.03333333333333333,150.0,1,Mon-Th,1,2025-06-10,Mon-Th,1,27
12,120.0,0.5,1,Mon-Th,1,2025-06-10,Mon-Th,1,27
16,0.03333333333333333,150.0,1,Mon-Th,1,2025-06-10,Mon-Th,1,27
16,120.0,150.0,1,Mon-Th,1,2025-06-10,Mon-Th,1,27
16,0.03333333333333333,150.0,1,Mon-Th,1,2025-06-10,Mon-Th,1,27
14,120.0,0.5,1,Mon-Th,1,2025-06-10,Mon-Th,1,27
17,120.0,0.5,1,Mon-Th,1,2025-06-10,Mon-Th,1,27
16,120.0,0.5,1,Mon-Th,1,2025-06-10,Mon-Th,1,27
16,0.03333333333333333,0.5,1,Mon-Th,1,2025-06-10,Mon-Th,1,27
19,0.03333333333333333,0.5,1,Mon-Th,1,2025-06-10,Mon-Th,1,27
16,0.03333333333333333,0.5,1,Mon-Th,1,2025-06-10,Mon-Th,1,27
11,0.03333333333333333,0.5,1,Mon-Th,1,2025-06-10,Mon-Th,1,27
14,0.03333333333333333,0.5,1,Mon-Th,1,2025-06-10,Mon-Th,1,27
14,0.03333333333333333,150.0,1,Mon-Th,1,2025-06-10,Mon-Th,1,27
12,120.0,0.5,1,Mon-Th,1,2025-06-10,Mon-Th,1,27
16,0.03333333333333333,0.5,1,Mon-Th,1,2025-06-10,Mon-Th,1,27
12,120.0,150.0,1,Mon-Th,1,2025-06-10,Mon-Th,1,27
16,0.03333333333333333,150.0,1,Mon-Th,1,2025-06-10,Mon-Th,1,27
16,0.03333333333333333,150.0,1,Mon-Th,1,2025-06-10,Mon-Th,1,27
20,120.0,0.5,1,Mon-Th,1,2025-06-10,Mon-Th,1,27
3,0.03333333333333333,150.0,1,Mon-Th,1,2025-06-10,Mon-Th,1,27
16,0.03333333333333333,150.0,1,Mon-Th,1,2025-06-10,Mon-Th,1,27
20,120.0,0.5,1,Mon-Th,1,2025-06-11,Mon-Th,1,24
16,120.0,0.5,1,Mon-Th,1,2025-06-11,Mon-Th,1,24
22,120.0,0.5,1,Mon-Th,1,2025-06-11,Mon-Th,1,24
16,0.03333333333333333,0.5,1,Mon-Th,1,2025-06-11,Mon-Th,1,24
16,0.03333333333333333,150.0,1,Mon-Th,1,2025-06-11,Mon-Th,1,24
14,0.03333333333333333,0.5,1,Mon-Th,1,2025-06-11,Mon-Th,1,24
17,0.03333333333333333,0.5,1,Mon-Th,1,2025-06-11,Mon-Th,1,24
15,120.0,0.5,1,Mon-Th,1,2025-06-11,Mon-Th,1,24
19,120.0,0.5,1,Mon-Th,1,2025-06-11,Mon-Th,1,24
16,0.03333333333333333,0.5,1,Mon-Th,1,2025-06-11,Mon-Th,1,24
16,120.0,150.0,1,Mon-Th,1,2025-06-11,Mon-Th,1,24
19,120.0,0.5,1,Mon-Th,1,2025-06-11,Mon-Th,1,24
15,0.03333333333333333,0.5,1,Mon-Th,1,2025-06-11,Mon-Th,1,24
16,120.0,150.0,1,Mon-Th,1,2025-06-11,Mon-Th,1,24
12,120.0,150.0,1,Mon-Th,1,2025-06-11,Mon-Th,1,24
20,0.03333333333333333,150.0,1,Mon-Th,1,2025-06-11,Mon-Th,1,24
16,0.03333333333333333,0.5,1,Mon-Th,1,2025-06-11,Mon-Th,1,24
12,120.0,150.0,1,Mon-Th,1,2025-06-11,Mon-Th,1,24
21,120.0,150.0,1,Mon-Th,1,2025-06-11,Mon-Th,1,24
16,0.03333333333333333,150.0,1,Mon-Th,1,2025-06-11,Mon-Th,1,24
16,120.0,150.0,1,Mon-Th,1,2025-06-11,Mon-Th,1,24
16,0.03333333333333333,150.0,1,Mon-Th,1,2025-06-11,Mon-Th,1,24
16,0.03333333333333333,150.0,1,Mon-Th,1,2025-06-11,Mon-Th,1,24
16,0.03333333333333333,0.5,1,Mon-Th,1,2025-06-11,Mon-Th,1,24
16,120.0,0.5,1,Mon-Th,1,2025-06-12,Mon-Th,1,31
11,120.0,0.5,1,Mon-Th,1,2025-06-12,Mon-Th,1,31
12,120.0,150.0,1,Mon-Th,1,2025-06-12,Mon-Th,1,31
16,0.03333333333333333,0.5,1,Mon-Th,1,2025-06-12,Mon-Th,1,31
16,0.03333333333333333,0.5,1,Mon-Th,1,2025-06-12,Mon-Th,1,31
14,120.0,0.5,1,Mon-Th,1,2025-06-12,Mon-Th,1,31
17,0.03333333333333333,150.0,1,Mon-Th,1,2025-06-12,Mon-Th,1,31
16,120.0,0.5,1,Mon-Th,1,2025-06-12,Mon-Th,1,31
21,120.0,0.5,1,Mon-Th,1,2025-06-12,Mon-Th,1,31
20,120.0,150.0,1,Mon-Th,1,2025-06-12,Mon-Th,1,31
15,0.03333333333333333,0.5,1,Mon-Th,1,2025-06-12,Mon-Th,1,31
16,120.0,150.0,1,Mon-Th,1,2025-06-12,Mon-Th,1,31
16,120.0,150.0,1,Mon-Th,1,2025-06-12,Mon-Th,1,31
16,0.03333333333333333,0.5,1,Mon-Th,1,2025-06-12,Mon-Th,1,31
18,120.0,0.5,1,Mon-Th,1,2025-06-12,Mon-Th,1,31
21,0.03333333333333333,0.5,1,Mon-Th,1,2025-06-12,Mon-Th,1,31
16,120.0,0.5,1,Mon-Th,1,2025-06-12,Mon-Th,1,31
17,120.0,150.0,1,Mon-Th,1,2025-06-12,Mon-Th,1,31
17,0.03333333333333333,0.5,1,Mon-Th,1,2025-06-12,Mon-Th,1,31
16,120.0,0.5,1,Mon-Th,1,2025-06-12,Mon-Th,1,31
14,0.03333333333333333,150.0,1,Mon-Th,1,2025-06-12,Mon-Th,1,31
16,120.0,150.0,1,Mon-Th,1,2025-06-12,Mon-Th,1,31
16,120.0,0.5,1,Mon-Th,1,2025-06-12,Mon-Th,1,31
17,120.0,150.0,1,Mon-Th,1,2025-06-12,Mon-Th,1,31
16,0.03333333333333333,150.0,1,Mon-Th,1,2025-06-12,Mon-Th,1,31
13,120.0,0.5,1,Mon-Th,1,2025-06-12,Mon-Th,1,31
18,0.03333333333333333,150.0,1,Mon-Th,1,2025-06-12,Mon-Th,1,31
16,120.0,0.5,1,Mon-Th,1,2025-06-12,Mon-Th,1,31
12,120.0,0.5,1,Mon-Th,1,2025-06-12,Mon-Th,1,31
16,120.0,150.0,1,Mon-Th,1,2025-06-12,Mon-Th,1,31
13,0.03333333333333333,0.5,1,Mon-Th,1,2025-06-12,Mon-Th,1,31
16,120.0,150.0,1,Mon-Th,1,2025-06-16,Mon-Th,1,18
12,120.0,150.0,1,Mon-Th,1,2025-06-16,Mon-Th,1,18
16,120.0,0.5,1,Mon-Th,1,2025-06-16,Mon-Th,1,18
19,0.03333333333333333,150.0,1,Mon-Th,1,2025-06-16,Mon-Th,1,18
16,120.0,150.0,1,Mon-Th,1,2025-06-16,Mon-Th,1,18
17,0.03333333333333333,0.5,1,Mon-Th,1,2025-06-16,Mon-Th,1,18
16,0.03333333333333333,0.5,1,Mon-Th,1,2025-06-16,Mon-Th,1,18
16,0.03333333333333333,150.0,1,Mon-Th,1,2025-06-16,Mon-Th,1,18
16,0.03333333333333333,150.0,1,Mon-Th,1,2025-06-16,Mon-Th,1,18
20,120.0,150.0,1,Mon-Th,1,2025-06-16,Mon-Th,1,18
14,120.0,0.5,1,Mon-Th,1,2025-06-16,Mon-Th,1,18
14,0.03333333333333333,0.5,1,Mon-Th,1,2025-06-16,Mon-Th,1,18
16,0.03333333333333333,0.5,1,Mon-Th,1,2025-06-16,Mon-Th,1,18
16,0.03333333333333333,150.0,1,Mon-Th,1,2025-06-16,Mon-Th,1,18
14,120.0,150.0,1,Mon-Th,1,2025-06-16,Mon-Th,1,18
13,0.03333333333333333,0.5,1,Mon-Th,1,2025-06-16,Mon-Th,1,18
16,120.0,150.0,1,Mon-Th,1,2025-06-16,Mon-Th,1,18
22,0.03333333333333333,150.0,1,Mon-Th,1,2025-06-16,Mon-Th,1,18
17,120.0,150.0,1,Mon-Th,1,2025-06-17,Mon-Th,1,29
16,0.03333333333333333,150.0,1,Mon-Th,1,2025-06-17,Mon-Th,1,29
16,0.03333333333333333,150.0,1,Mon-Th,1,2025-06-17,Mon-Th,1,29
21,120.0,150.0,1,Mon-Th,1,2025-06-17,Mon-Th,1,29
16,120.0,150.0,1,Mon-Th,1,2025-06-17,Mon-Th,1,29
18,0.03333333333333333,150.0,1,Mon-Th,1,2025-06-17,Mon-Th,1,29
16,0.03333333333333333,150.0,1,Mon-Th,1,2025-06-17,Mon-Th,1,29
6,120.0,0.5,1,Mon-Th,1,2025-06-17,Mon-Th,1,29
16,120.0,150.0,1,Mon-Th,1,2025-06-17,Mon-Th,1,29
16,120.0,0.5,1,Mon-Th,1,2025-06-17,Mon-Th,1,29
2,120.0,150.0,1,Mon-Th,1,2025-06-17,Mon-Th,1,29
16,0.03333333333333333,150.0,1,Mon-Th,1,2025-06-17,Mon-Th,1,29
16,0.03333333333333333,0.5,1,Mon-Th,1,2025-06-17,Mon-Th,1,29
21,0.03333333333333333,150.0,1,Mon-Th,1,2025-06-17,Mon-Th,1,29
16,120.0,150.0,1,Mon-Th,1,2025-06-17,Mon-Th,1,29
12,120.0,150.0,1,Mon-Th,1,2025-06-17,Mon-Th,1,29
13,0.03333333333333333,0.5,1,Mon-Th,1,2025-06-17,Mon-Th,1,29
15,120.0,150.0,1,Mon-Th,1,2025-06-17,Mon-Th,1,29
12,120.0,0.5,1,Mon-Th,1,2025-06-17,Mon-Th,1,29
19,0.03333333333333333,0.5,1,Mon-Th,1,2025-06-17,Mon-Th,1,29
12,120.0,0.5,1,Mon-Th,1,2025-06-17,Mon-Th,1,29
16,120.0,150.0,1,Mon-Th,1,2025-06-17,Mon-Th,1,29
16,0.03333333333333333,150.0,1,Mon-Th,1,2025-06-17,Mon-Th,1,29
12,120.0,0.5,1,Mon-Th,1,2025-06-17,Mon-Th,1,29
16,0.03333333333333333,150.0,1,Mon-Th,1,2025-06-17,Mon-Th,1,29
14,0.03333333333333333,150.0,1,Mon-Th,1,2025-06-17,Mon-Th,1,29
16,0.03333333333333333,150.0,1,Mon-Th,1,2025-06-17,Mon-Th,1,29
13,0.03333333333333333,0.5,1,Mon-Th,1,2025-06-17,Mon-Th,1,29
16,0.03333333333333333,150.0,1,Mon-Th,1,2025-06-17,Mon-Th,1,29
7,120.0,0.5,1,Mon-Th,1,2025-06-18,Mon-Th,1,24
12,120.0,0.5,1,Mon-Th,1,2025-06-18,Mon-Th,1,24
2,0.03333333333333333,0.5,1,Mon-Th,1,2025-06-18,Mon-Th,1,24
8,0.03333333333333333,150.0,1,Mon-Th,1,2025-06-18,Mon-Th,1,24
22,120.0,0.5,1,Mon-Th,1,2025-06-18,Mon-Th,1,24
20,120.0,0.5,1,Mon-Th,1,2025-06-18,Mon-Th,1,24
16,120.0,150.0,1,Mon-Th,1,2025-06-18,Mon-Th,1,24
16,0.03333333333333333,0.5,1,Mon-Th,1,2025-06-18,Mon-Th,1,24
12,120.0,0.5,1,Mon-Th,1,2025-06-18,Mon-Th,1,24
16,0.03333333333333333,150.0,1,Mon-Th,1,2025-06-18,Mon-Th,1,24
19,0.03333333333333333,0.5,1,Mon-Th,1,2025-06-18,Mon-Th,1,24
16,120.0,150.0,1,Mon-Th,1,2025-06-18,Mon-Th,1,24
16,0.03333333333333333,150.0,1,Mon-Th,1,2025-06-18,Mon-Th,1,24
16,0.03333333333333333,150.0,1,Mon-Th,1,2025-06-18,Mon-Th,1,24
16,120.0,150.0,1,Mon-Th,1,2025-06-18,Mon-Th,1,24
16,120.0,150.0,1,Mon-Th,1,2025-06-18,Mon-Th,1,24
14,0.03333333333333333,150.0,1,Mon-Th,1,2025-06-18,Mon-Th,1,24
21,0.03333333333333333,0.5,1,Mon-Th,1,2025-06-18,Mon-Th,1,24
0,0.03333333333333333,0.5,1,Mon-Th,1,2025-06-18,Mon-Th,1,24
19,120.0,0.5,1,Mon-Th,1,2025-06-18,Mon-Th,1,24
16,0.03333333333333333,150.0,1,Mon-Th,1,2025-06-18,Mon-Th,1,24
16,0.03333333333333333,150.0,1,Mon-Th,1,2025-06-18,Mon-Th,1,24
12,0.03333333333333333,0.5,1,Mon-Th,1,2025-06-18,Mon-Th,1,24
16,120.0,150.0,1,Mon-Th,1,2025-06-18,Mon-Th,1,24
0,0.03333333333333333,150.0,1,Mon-Th,1,2025-06-19,Mon-Th,1,23
20,120.0,0.5,1,Mon-Th,1,2025-06-19,Mon-Th,1,23
18,120.0,0.5,1,Mon-Th,1,2025-06-19,Mon-Th,1,23
12,120.0,0.5,1,Mon-Th,1,2025-06-19,Mon-Th,1,23
16,0.03333333333333333,0.5,1,Mon-Th,1,2025-06-19,Mon-Th,1,23
16,120.0,0.5,1,Mon-Th,1,2025-06-19,Mon-Th,1,23
16,0.03333333333333333,150.0,1,Mon-Th,1,2025-06-19,Mon-Th,1,23
12,120.0,150.0,1,Mon-Th,1,2025-06-19,Mon-Th,1,23
16,120.0,0.5,1,Mon-Th,1,2025-06-19,Mon-Th,1,23
12,120.0,150.0,1,Mon-Th,1,2025-06-19,Mon-Th,1,23
14,120.0,0.5,1,Mon-Th,1,2025-06-19,Mon-Th,1,23
16,0.03333333333333333,150.0,1,Mon-Th,1,2025-06-19,Mon-Th,1,23
18,120.0,0.5,1,Mon-Th,1,2025-06-19,Mon-Th,1,23
12,0.03333333333333333,0.5,1,Mon-Th,1,2025-06-19,Mon-Th,1,23
14,120.0,150.0,1,Mon-Th,1,2025-06-19,Mon-Th,1,23
16,120.0,150.0,1,Mon-Th,1,2025-06-19,Mon-Th,1,23
16,120.0,150.0,1,Mon-Th,1,2025-06-19,Mon-Th,1,23
12,120.0,150.0,1,Mon-Th,1,2025-06-19,Mon-Th,1,23
13,120.0,150.0,1,Mon-Th,1,2025-06-19,Mon-Th,1,23
20,0.03333333333333333,150.0,1,Mon-Th,1,2025-06-19,Mon-Th,1,23
16,0.03333333333333333,0.5,1,Mon-Th,1,2025-06-19,Mon-Th,1,23
16,0.03333333333333333,0.5,1,Mon-Th,1,2025-06-19,Mon-Th,1,23
17,120.0,150.0,1,Mon-Th,1,2025-06-19,Mon-Th,1,23
14,0.03333333333333333,150.0,2,Sunday,1,2025-06-22,Sunday,2,26
23,0.03333333333333333,0.5,2,Sunday,1,2025-06-22,Sunday,2,26
14,120.0,150.0,2,Sunday,1,2025-06-22,Sunday,2,26
7,0.03333333333333333,0.5,2,Sunday,1,2025-06-22,Sunday,2,26
16,0.03333333333333333,0.5,2,Sunday,1,2025-06-22,Sunday,2,26
21,0.03333333333333333,0.5,2,Sunday,1,2025-06-22,Sunday,2,26
15,0.03333333333333333,0.5,2,Sunday,1,2025-06-22,Sunday,2,26
17,0.03333333333333333,0.5,2,Sunday,1,2025-06-22,Sunday,2,26
16,0.03333333333333333,150.0,2,Sunday,1,2025-06-22,Sunday,2,26
14,0.03333333333333333,150.0,2,Sunday,1,2025-06-22,Sunday,2,26
16,120.0,0.5,2,Sunday,1,2025-06-22,Sunday,2,26
22,0.03333333333333333,0.5,2,Sunday,1,2025-06-22,Sunday,2,26
12,120.0,0.5,2,Sunday,1,2025-06-22,Sunday,2,26
16,0.03333333333333333,0.5,2,Sunday,1,2025-06-22,Sunday,2,26
16,0.03333333333333333,150.0,2,Sunday,1,2025-06-22,Sunday,2,26
21,120.0,150.0,2,Sunday,1,2025-06-22,Sunday,2,26
12,120.0,0.5,2,Sunday,1,2025-06-22,Sunday,2,26
21,0.03333333333333333,0.5,2,Sunday,1,2025-06-22,Sunday,2,26
20,0.03333333333333333,0.5,2,Sunday,1,2025-06-22,Sunday,2,26
16,0.03333333333333333,0.5,2,Sunday,1,2025-06-22,Sunday,2,26
17,0.03333333333333333,0.5,2,Sunday,1,2025-06-22,Sunday,2,26
17,120.0,150.0,2,Sunday,1,2025-06-22,Sunday,2,26
17,0.03333333333333333,150.0,2,Sunday,1,2025-06-22,Sunday,2,26
16,120.0,0.5,2,Sunday,1,2025-06-22,Sunday,2,26
16,0.03333333333333333,150.0,2,Sunday,1,2025-06-22,Sunday,2,26
12,120.0,150.0,2,Sunday,1,2025-06-22,Sunday,2,26
14,0.03333333333333333,0.5,2,Sunday,1,2025-06-29,Sunday,2,36
17,120.0,0.5,2,Sunday,1,2025-06-29,Sunday,2,36
16,0.03333333333333333,150.0,2,Sunday,1,2025-06-29,Sunday,2,36
16,0.03333333333333333,150.0,2,Sunday,1,2025-06-29,Sunday,2,36
16,120.0,0.5,2,Sunday,1,2025-06-29,Sunday,2,36
19,0.03333333333333333,0.5,2,Sunday,1,2025-06-29,Sunday,2,36
16,120.0,150.0,2,Sunday,1,2025-06-29,Sunday,2,36
12,0.03333333333333333,0.5,2,Sunday,1,2025-06-29,Sunday,2,36
19,0.03333333333333333,150.0,2,Sunday,1,2025-06-29,Sunday,2,36
14,120.0,0.5,2,Sunday,1,2025-06-29,Sunday,2,36
16,0.03333333333333333,0.5,2,Sunday,1,2025-06-29,Sunday,2,36
16,0.03333333333333333,0.5,2,Sunday,1,2025-06-29,Sunday,2,36
16,0.03333333333333333,0.5,2,Sunday,1,2025-06-29,Sunday,2,36
20,0.03333333333333333,0.5,2,Sunday,1,2025-06-29,Sunday,2,36
12,120.0,0.5,2,Sunday,1,2025-06-29,Sunday,2,36
23,120.0,150.0,2,Sunday,1,2025-06-29,Sunday,2,36
16,0.03333333333333333,150.0,2,Sunday,1,2025-06-29,Sunday,2,36
16,120.0,0.5,2,Sunday,1,2025-06-29,Sunday,2,36
16,0.03333333333333333,150.0,2,Sunday,1,2025-06-29,Sunday,2,36
16,0.03333333333333333,0.5,2,Sunday,1,2025-06-29,Sunday,2,36
14,120.0,0.5,2,Sunday,1,2025-06-29,Sunday,2,36
18,0.03333333333333333,150.0,2,Sunday,1,2025-06-29,Sunday,2,36
12,120.0,150.0,2,Sunday,1,2025-06-29,Sunday,2,36
9,120.0,0.5,2,Sunday,1,2025-06-29,Sunday,2,36
16,0.03333333333333333,150.0,2,Sunday,1,2025-06-29,Sunday,2,36
16,120.0,0.5,2,Sunday,1,2025-06-29,Sunday,2,36
16,0.03333333333333333,0.5,2,Sunday,1,2025-06-29,Sunday,2,36
10,0.03333333333333333,150.0,2,Sunday,1,2025-06-29,Sunday,2,36
12,120.0,0.5,2,Sunday,1,2025-06-29,Sunday,2,36
17,0.03333333333333333,0.5,2,Sunday,1,2025-06-29,Sunday,2,36
16,0.03333333333333333,150.0,2,Sunday,1,2025-06-29,Sunday,2,36
16,0.03333333333333333,150.0,2,Sunday,1,2025-06-29,Sunday,2,36
14,0.03333333333333333,150.0,2,Sunday,1,2025-06-29,Sunday,2,36
22,120.0,150.0,2,Sunday,1,2025-06-29,Sunday,2,36
17,120.0,0.5,2,Sunday,1,2025-06-29,Sunday,2,36
12,120.0,150.0,2,Sunday,1,2025-06-29,Sunday,2,36
16,120.0,150.0,2,Sunday,1,2025-07-06,Sunday,2,28
16,120.0,150.0,2,Sunday,1,2025-07-06,Sunday,2,28
16,0.03333333333333333,0.5,2,Sunday,1,2025-07-06,Sunday,2,28
16,120.0,150.0,2,Sunday,1,2025-07-06,Sunday,2,28
21,0.03333333333333333,0.5,2,Sunday,1,2025-07-06,Sunday,2,28
12,120.0,150.0,2,Sunday,1,2025-07-06,Sunday,2,28
16,0.03333333333333333,150.0,2,Sunday,1,2025-07-06,Sunday,2,28
19,0.03333333333333333,0.5,2,Sunday,1,2025-07-06,Sunday,2,28
17,0.03333333333333333,0.5,2,Sunday,1,2025-07-06,Sunday,2,28
19,120.0,150.0,2,Sunday,1,2025-07-06,Sunday,2,28
17,0.03333333333333333,150.0,2,Sunday,1,2025-07-06,Sunday,2,28
16,0.03333333333333333,150.0,2,Sunday,1,2025-07-06,Sunday,2,28
18,0.03333333333333333,150.0,2,Sunday,1,2025-07-06,Sunday,2,28
16,0.03333333333333333,150.0,2,Sunday,1,2025-07-06,Sunday,2,28
16,120.0,0.5,2,Sunday,1,2025-07-06,Sunday,2,28
12,120.0,150.0,2,Sunday,1,2025-07-06,Sunday,2,28
16,0.03333333333333333,150.0,2,Sunday,1,2025-07-06,Sunday,2,28
12,0.03333333333333333,150.0,2,Sunday,1,2025-07-06,Sunday,2,28
15,0.03333333333333333,0.5,2,Sunday,1,2025-07-06,Sunday,2,28
3,0.03333333333333333,150.0,2,Sunday,1,2025-07-06,Sunday,2,28
22,0.03333333333333333,150.0,2,Sunday,1,2025-07-06,Sunday,2,28
16,0.03333333333333333,150.0,2,Sunday,1,2025-07-06,Sunday,2,28
12,120.0,0.5,2,Sunday,1,2025-07-06,Sunday,2,28
16,120.0,150.0,2,Sunday,1,2025-07-06,Sunday,2,28
18,120.0,150.0,2,Sunday,1,2025-07-06,Sunday,2,28
14,0.03333333333333333,150.0,2,Sunday,1,2025-07-06,Sunday,2,28
14,0.03333333333333333,0.5,2,Sunday,1,2025-07-06,Sunday,2,28
18,120.0,0.5,2,Sunday,1,2025-07-06,Sunday,2,28
16,0.03333333333333333,0.5,2,Sunday,1,2025-07-13,Sunday,2,32
21,120.0,0.5,2,Sunday,1,2025-07-13,Sunday,2,32
17,0.03333333333333333,0.5,2,Sunday,1,2025-07-13,Sunday,2,32
20,120.0,0.5,2,Sunday,1,2025-07-13,Sunday,2,32
16,120.0,150.0,2,Sunday,1,2025-07-13,Sunday,2,32
16,0.03333333333333333,0.5,2,Sunday,1,2025-07-13,Sunday,2,32
22,120.0,0.5,2,Sunday,1,2025-07-13,Sunday,2,32
16,0.03333333333333333,0.5,2,Sunday,1,2025-07-13,Sunday,2,32
22,0.03333333333333333,150.0,2,Sunday,1,2025-07-13,Sunday,2,32
18,0.03333333333333333,150.0,2,Sunday,1,2025-07-13,Sunday,2,32
16,0.03333333333333333,150.0,2,Sunday,1,2025-07-13,Sunday,2,32
16,120.0,0.5,2,Sunday,1,2025-07-13,Sunday,2,32
12,120.0,150.0,2,Sunday,1,2025-07-13,Sunday,2,32
20,0.03333333333333333,0.5,2,Sunday,1,2025-07-13,Sunday,2,32
16,0.03333333333333333,0.5,2,Sunday,1,2025-07-13,Sunday,2,32
19,120.0,150.0,2,Sunday,1,2025-07-13,Sunday,2,32
16,0.03333333333333333,0.5,2,Sunday,1,2025-07-13,Sunday,2,32
16,120.0,150.0,2,Sunday,1,2025-07-13,Sunday,2,32
16,0.03333333333333333,150.0,2,Sunday,1,2025-07-13,Sunday,2,32
19,120.0,150.0,2,Sunday,1,2025-07-13,Sunday,2,32
16,120.0,150.0,2,Sunday,1,2025-07-13,Sunday,2,32
16,120.0,150.0,2,Sunday,1,2025-07-13,Sunday,2,32
12,120.0,150.0,2,Sunday,1,2025-07-13,Sunday,2,32
21,120.0,0.5,2,Sunday,1,2025-07-13,Sunday,2,32
18,0.03333333333333333,0.5,2,Sunday,1,2025-07-13,Sunday,2,32
16,0.03333333333333333,0.5,2,Sunday,1,2025-07-13,Sunday,2,32
3,0.03333333333333333,0.5,2,Sunday,1,2025-07-13,Sunday,2,32
16,0.03333333333333333,150.0,2,Sunday,1,2025-07-13,Sunday,2,32
16,0.03333333333333333,150.0,2,Sunday,1,2025-07-13,Sunday,2,32
21,120.0,150.0,2,Sunday,1,2025-07-13,Sunday,2,32
16,120.0,150.0,2,Sunday,1,2025-07-13,Sunday,2,32
17,0.03333333333333333,0.5,2,Sunday,1,2025-07-13,Sunday,2,32
19,120.0,0.5,2,Sunday,1,2025-07-20,Sunday,2,32
1,120.0,0.5,2,Sunday,1,2025-07-20,Sunday,2,32
16,120.0,150.0,2,Sunday,1,2025-07-20,Sunday,2,32
16,120.0,150.0,2,Sunday,1,2025-07-20,Sunday,2,32
21,0.03333333333333333,150.0,2,Sunday,1,2025-07-20,Sunday,2,32
18,0.03333333333333333,150.0,2,Sunday,1,2025-07-20,Sunday,2,32
11,120.0,0.5,2,Sunday,1,2025-07-20,Sunday,2,32
16,0.03333333333333333,0.5,2,Sunday,1,2025-07-20,Sunday,2,32
16,120.0,150.0,2,Sunday,1,2025-07-20,Sunday,2,32
18,120.0,0.5,2,Sunday,1,2025-07-20,Sunday,2,32
12,120.0,0.5,2,Sunday,1,2025-07-20,Sunday,2,32
12,120.0,0.5,2,Sunday,1,2025-07-20,Sunday,2,32
18,120.0,150.0,2,Sunday,1,2025-07-20,Sunday,2,32
18,120.0,0.5,2,Sunday,1,2025-07-20,Sunday,2,32
12,120.0,0.5,2,Sunday,1,2025-07-20,Sunday,2,32
22,120.0,0.5,2,Sunday,1,2025-07-20,Sunday,2,32
16,0.03333333333333333,0.5,2,Sunday,1,2025-07-20,Sunday,2,32
14,0.03333333333333333,150.0,2,Sunday,1,2025-07-20,Sunday,2,32
12,0.03333333333333333,150.0,2,Sunday,1,2025-07-20,Sunday,2,32
18,120.0,0.5,2,Sunday,1,2025-07-20,Sunday,2,32
16,0.03333333333333333,150.0,2,Sunday,1,2025-07-20,Sunday,2,32
22,120.0,150.0,2,Sunday,1,2025-07-20,Sunday,2,32
23,120.0,150.0,2,Sunday,1,2025-07-20,Sunday,2,32
16,120.0,150.0,2,Sunday,1,2025-07-20,Sunday,2,32
14,0.03333333333333333,0.5,2,Sunday,1,2025-07-20,Sunday,2,32
16,0.03333333333333333,0.5,2,Sunday,1,2025-07-20,Sunday,2,32
8,120.0,0.5,2,Sunday,1,2025-07-20,Sunday,2,32
18,0.03333333333333333,0.5,2,Sunday,1,2025-07-20,Sunday,2,32
16,0.03333333333333333,0.5,2,Sunday,1,2025-07-20,Sunday,2,32
14,0.03333333333333333,150.0,2,Sunday,1,2025-07-20,Sunday,2,32
16,120.0,150.0,2,Sunday,1,2025-07-20,Sunday,2,32
14,120.0,0.5,2,Sunday,1,2025-07-20,Sunday,2,32
10,0.03333333333333333,0.5,2,Sunday,1,2025-07-27,Sunday,2,27
16,120.0,150.0,2,Sunday,1,2025-07-27,Sunday,2,27
16,0.03333333333333333,0.5,2,Sunday,1,2025-07-27,Sunday,2,27
16,0.03333333333333333,150.0,2,Sunday,1,2025-07-27,Sunday,2,27
20,120.0,0.5,2,Sunday,1,2025-07-27,Sunday,2,27
12,120.0,150.0,2,Sunday,1,2025-07-27,Sunday,2,27
16,120.0,0.5,2,Sunday,1,2025-07-27,Sunday,2,27
16,120.0,0.5,2,Sunday,1,2025-07-27,Sunday,2,27
4,120.0,0.5,2,Sunday,1,2025-07-27,Sunday,2,27
22,0.03333333333333333,150.0,2,Sunday,1,2025-07-27,Sunday,2,27
16,0.03333333333333333,0.5,2,Sunday,1,2025-07-27,Sunday,2,27
16,120.0,150.0,2,Sunday,1,2025-07-27,Sunday,2,27
20,120.0,0.5,2,Sunday,1,2025-07-27,Sunday,2,27
16,120.0,150.0,2,Sunday,1,2025-07-27,Sunday,2,27
18,0.03333333333333333,150.0,2,Sunday,1,2025-07-27,Sunday,2,27
2,0.03333333333333333,150.0,2,Sunday,1,2025-07-27,Sunday,2,27
12,0.03333333333333333,0.5,2,Sunday,1,2025-07-27,Sunday,2,27
12,120.0,0.5,2,Sunday,1,2025-07-27,Sunday,2,27
16,0.03333333333333333,150.0,2,Sunday,1,2025-07-27,Sunday,2,27
16,0.03333333333333333,0.5,2,Sunday,1,2025-07-27,Sunday,2,27
20,0.03333333333333333,150.0,2,Sunday,1,2025-07-27,Sunday,2,27
16,0.03333333333333333,0.5,2,Sunday,1,2025-07-27,Sunday,2,27
16,120.0,0.5,2,Sunday,1,2025-07-27,Sunday,2,27
17,0.03333333333333333,150.0,2,Sunday,1,2025-07-27,Sunday,2,27
16,0.03333333333333333,150.0,2,Sunday,1,2025-07-27,Sunday,2,27
16,0.03333333333333333,150.0,2,Sunday,1,2025-07-27,Sunday,2,27
16,0.03333333333333333,0.5,2,Sunday,1,2025-07-27,Sunday,2,27
19,120.0,150.0,2,Sunday,1,2025-08-03,Sunday,2,23
16,120.0,0.5,2,Sunday,1,2025-08-03,Sunday,2,23
16,0.03333333333333333,0.5,2,Sunday,1,2025-08-03,Sunday,2,23
20,120.0,150.0,2,Sunday,1,2025-08-03,Sunday,2,23
15,0.03333333333333333,150.0,2,Sunday,1,2025-08-03,Sunday,2,23
16,0.03333333333333333,0.5,2,Sunday,1,2025-08-03,Sunday,2,23
16,0.03333333333333333,150.0,2,Sunday,1,2025-08-03,Sunday,2,23
20,120.0,150.0,2,Sunday,1,2025-08-03,Sunday,2,23
12,120.0,150.0,2,Sunday,1,2025-08-03,Sunday,2,23
16,0.03333333333333333,150.0,2,Sunday,1,2025-08-03,Sunday,2,23
19,0.03333333333333333,0.5,2,Sunday,1,2025-08-03,Sunday,2,23
16,0.03333333333333333,150.0,2,Sunday,1,2025-08-03,Sunday,2,23
16,120.0,150.0,2,Sunday,1,2025-08-03,Sunday,2,23
14,120.0,0.5,2,Sunday,1,2025-08-03,Sunday,2,23
18,0.03333333333333333,0.5,2,Sunday,1,2025-08-03,Sunday,2,23
13,0.03333333333333333,0.5,2,Sunday,1,2025-08-03,Sunday,2,23
16,120.0,150.0,2,Sunday,1,2025-08-03,Sunday,2,23
12,120.0,150.0,2,Sunday,1,2025-08-03,Sunday,2,23
19,0.03333333333333333,0.5,2,Sunday,1,2025-08-03,Sunday,2,23
16,0.03333333333333333,0.5,2,Sunday,1,2025-08-03,Sunday,2,23
16,120.0,0.5,2,Sunday,1,2025-08-03,Sunday,2,23
12,120.0,0.5,2,Sunday,1,2025-08-03,Sunday,2,23
16,0.03333333333333333,150.0,2,Sunday,1,2025-08-03,Sunday,2,23
10,120.0,0.5,2,Sunday,1,2025-08-10,Sunday,2,32
16,0.03333333333333333,150.0,2,Sunday,1,2025-08-10,Sunday,2,32
20,120.0,150.0,2,Sunday,1,2025-08-10,Sunday,2,32
16,120.0,150.0,2,Sunday,1,2025-08-10,Sunday,2,32
12,120.0,0.5,2,Sunday,1,2025-08-10,Sunday,2,32
20,0.03333333333333333,0.5,2,Sunday,1,2025-08-10,Sunday,2,32
22,120.0,150.0,2,Sunday,1,2025-08-10,Sunday,2,32
16,0.03333333333333333,0.5,2,Sunday,1,2025-08-10,Sunday,2,32
16,0.03333333333333333,0.5,2,Sunday,1,2025-08-10,Sunday,2,32
12,120.0,0.5,2,Sunday,1,2025-08-10,Sunday,2,32
21,0.03333333333333333,0.5,2,Sunday,1,2025-08-10,Sunday,2,32
11,0.03333333333333333,0.5,2,Sunday,1,2025-08-10,Sunday,2,32
16,120.0,0.5,2,Sunday,1,2025-08-10,Sunday,2,32
16,0.03333333333333333,150.0,2,Sunday,1,2025-08-10,Sunday,2,32
19,120.0,150.0,2,Sunday,1,2025-08-10,Sunday,2,32
14,0.03333333333333333,150.0,2,Sunday,1,2025-08-10,Sunday,2,32
22,0.03333333333333333,0.5,2,Sunday,1,2025-08-10,Sunday,2,32
10,0.03333333333333333,0.5,2,Sunday,1,2025-08-10,Sunday,2,32
16,120.0,0.5,2,Sunday,1,2025-08-10,Sunday,2,32
14,0.03333333333333333,0.5,2,Sunday,1,2025-08-10,Sunday,2,32
16,0.03333333333333333,150.0,2,Sunday,1,2025-08-10,Sunday,2,32
19,0.03333333333333333,0.5,2,Sunday,1,2025-08-10,Sunday,2,32
16,120.0,150.0,2,Sunday,1,2025-08-10,Sunday,2,32
19,0.03333333333333333,0.5,2,Sunday,1,2025-08-10,Sunday,2,32
12,120.0,0.5,2,Sunday,1,2025-08-10,Sunday,2,32
16,0.03333333333333333,0.5,2,Sunday,1,2025-08-10,Sunday,2,32
21,0.03333333333333333,0.5,2,Sunday,1,2025-08-10,Sunday,2,32
16,120.0,150.0,2,Sunday,1,2025-08-10,Sunday,2,32
16,0.03333333333333333,150.0,2,Sunday,1,2025-08-10,Sunday,2,32
16,0.03333333333333333,150.0,2,Sunday,1,2025-08-10,Sunday,2,32
8,120.0,0.5,2,Sunday,1,2025-08-10,Sunday,2,32
16,0.03333333333333333,150.0,2,Sunday,1,2025-08-10,Sunday,2,32
16,0.03333333333333333,150.0,2,Sunday,1,2025-08-17,Sunday,2,28
16,120.0,150.0,2,Sunday,1,2025-08-17,Sunday,2,28
16,0.03333333333333333,150.0,2,Sunday,1,2025-08-17,Sunday,2,28
18,120.0,0.5,2,Sunday,1,2025-08-17,Sunday,2,28
16,120.0,150.0,2,Sunday,1,2025-08-17,Sunday,2,28
17,120.0,0.5,2,Sunday,1,2025-08-17,Sunday,2,28
12,120.0,0.5,2,Sunday,1,2025-08-17,Sunday,2,28
17,120.0,0.5,2,Sunday,1,2025-08-17,Sunday,2,28
16,120.0,150.0,2,Sunday,1,2025-08-17,Sunday,2,28
22,0.03333333333333333,150.0,2,Sunday,1,2025-08-17,Sunday,2,28
16,120.0,0.5,2,Sunday,1,2025-08-17,Sunday,2,28
11,120.0,0.5,2,Sunday,1,2025-08-17,Sunday,2,28
16,0.03333333333333333,150.0,2,Sunday,1,2025-08-17,Sunday,2,28
18,120.0,0.5,2,Sunday,1,2025-08-17,Sunday,2,28
16,120.0,150.0,2,Sunday,1,2025-08-17,Sunday,2,28
16,120.0,150.0,2,Sunday,1,2025-08-17,Sunday,2,28
16,0.03333333333333333,150.0,2,Sunday,1,2025-08-17,Sunday,2,28
16,120.0,150.0,2,Sunday,1,2025-08-17,Sunday,2,28
16,0.03333333333333333,150.0,2,Sunday,1,2025-08-17,Sunday,2,28
12,120.0,0.5,2,Sunday,1,2025-08-17,Sunday,2,28
16,0.03333333333333333,0.5,2,Sunday,1,2025-08-17,Sunday,2,28
13,0.03333333333333333,150.0,2,Sunday,1,2025-08-17,Sunday,2,28
22,120.0,0.5,2,Sunday,1,2025-08-17,Sunday,2,28
13,0.03333333333333333,0.5,2,Sunday,1,2025-08-17,Sunday,2,28
16,120.0,0.5,2,Sunday,1,2025-08-17,Sunday,2,28
21,120.0,0.5,2,Sunday,1,2025-08-17,Sunday,2,28
20,0.03333333333333333,0.5,2,Sunday,1,2025-08-17,Sunday,2,28
16,0.03333333333333333,150.0,2,Sunday,1,2025-08-17,Sunday,2,28
14,120.0,0.5,2,Sunday,1,2025-08-24,Sunday,2,20
14,0.03333333333333333,0.5,2,Sunday,1,2025-08-24,Sunday,2,20
12,120.0,150.0,2,Sunday,1,2025-08-24,Sunday,2,20
16,0.03333333333333333,0.5,2,Sunday,1,2025-08-24,Sunday,2,20
17,120.0,0.5,2,Sunday,1,2025-08-24,Sunday,2,20
17,0.03333333333333333,0.5,2,Sunday,1,2025-08-24,Sunday,2,20
12,0.03333333333333333,0.5,2,Sunday,1,2025-08-24,Sunday,2,20
16,0.03333333333333333,150.0,2,Sunday,1,2025-08-24,Sunday,2,20
16,0.03333333333333333,0.5,2,Sunday,1,2025-08-24,Sunday,2,20
22,0.03333333333333333,0.5,2,Sunday,1,2025-08-24,Sunday,2,20
12,120.0,150.0,2,Sunday,1,2025-08-24,Sunday,2,20
16,0.03333333333333333,150.0,2,Sunday,1,2025-08-24,Sunday,2,20
21,0.03333333333333333,0.5,2,Sunday,1,2025-08-24,Sunday,2,20
16,0.03333333333333333,150.0,2,Sunday,1,2025-08-24,Sunday,2,20
17,0.03333333333333333,150.0,2,Sunday,1,2025-08-24,Sunday,2,20
18,120.0,150.0,2,Sunday,1,2025-08-24,Sunday,2,20
14,0.03333333333333333,150.0,2,Sunday,1,2025-08-24,Sunday,2,20
16,0.03333333333333333,0.5,2,Sunday,1,2025-08-24,Sunday,2,20
16,0.03333333333333333,0.5,2,Sunday,1,2025-08-24,Sunday,2,20
16,0.03333333333333333,150.0,2,Sunday,1,2025-08-24,Sunday,2,20
16,120.0,150.0,2,Sunday,1,2025-08-31,Sunday,2,36
16,0.03333333333333333,150.0,2,Sunday,1,2025-08-31,Sunday,2,36
16,120.0,0.5,2,Sunday,1,2025-08-31,Sunday,2,36
16,0.03333333333333333,0.5,2,Sunday,1,2025-08-31,Sunday,2,36
18,120.0,0.5,2,Sunday,1,2025-08-31,Sunday,2,36
16,120.0,0.5,2,Sunday,1,2025-08-31,Sunday,2,36
0,0.03333333333333333,0.5,2,Sunday,1,2025-08-31,Sunday,2,36
21,0.03333333333333333,0.5,2,Sunday,1,2025-08-31,Sunday,2,36
16,0.03333333333333333,150.0,2,Sunday,1,2025-08-31,Sunday,2,36
16,120.0,0.5,2,Sunday,1,2025-08-31,Sunday,2,36
16,0.03333333333333333,150.0,2,Sunday,1,2025-08-31,Sunday,2,36
17,120.0,0.5,2,Sunday,1,2025-08-31,Sunday,2,36
16,120.0,150.0,2,Sunday,1,2025-08-31,Sunday,2,36
16,0.03333333333333333,150.0,2,Sunday,1,2025-08-31,Sunday,2,36
19,0.03333333333333333,150.0,2,Sunday,1,2025-08-31,Sunday,2,36
19,120.0,150.0,2,Sunday,1,2025-08-31,Sunday,2,36
1,120.0,0.5,2,Sunday,1,2025-08-31,Sunday,2,36
18,120.0,0.5,2,Sunday,1,2025-08-31,Sunday,2,36
20,0.03333333333333333,150.0,2,Sunday,1,2025-08-31,Sunday,2,36
16,0.03333333333333333,0.5,2,Sunday,1,2025-08-31,Sunday,2,36
16,0.03333333333333333,150.0,2,Sunday,1,2025-08-31,Sunday,2,36
16,120.0,0.5,2,Sunday,1,2025-08-31,Sunday,2,36
16,0.03333333333333333,150.0,2,Sunday,1,2025-08-31,Sunday,2,36
19,120.0,0.5,2,Sunday,1,2025-08-31,Sunday,2,36
18,0.03333333333333333,0.5,2,Sunday,1,2025-08-31,Sunday,2,36
21,120.0,0.5,2,Sunday,1,2025-08-31,Sunday,2,36
16,120.0,0.5,2,Sunday,1,2025-08-31,Sunday,2,36
23,0.03333333333333333,150.0,2,Sunday,1,2025-08-31,Sunday,2,36
18,0.03333333333333333,0.5,2,Sunday,1,2025-08-31,Sunday,2,36
16,0.03333333333333333,150.0,2,Sunday,1,2025-08-31,Sunday,2,36
9,0.03333333333333333,0.5,2,Sunday,1,2025-08-31,Sunday,2,36
16,120.0,0.5,2,Sunday,1,2025-08-31,Sunday,2,36
17,120.0,0.5,2,Sunday,1,2025-08-31,Sunday,2,36
21,0.03333333333333333,0.5,2,Sunday,1,2025-08-31,Sunday,2,36
22,120.0,0.5,2,Sunday,1,2025-08-31,Sunday,2,36
16,0.03333333333333333,150.0,2,Sunday,1,2025-08-31,Sunday,2,36
16,0.03333333333333333,150.0,2,Sunday,1,2025-09-07,Sunday,2,29
16,0.03333333333333333,0.5,2,Sunday,1,2025-09-07,Sunday,2,29
22,0.03333333333333333,150.0,2,Sunday,1,2025-09-07,Sunday,2,29
16,0.03333333333333333,150.0,2,Sunday,1,2025-09-07,Sunday,2,29
16,120.0,150.0,2,Sunday,1,2025-09-07,Sunday,2,29
16,0.03333333333333333,150.0,2,Sunday,1,2025-09-07,Sunday,2,29
16,120.0,150.0,2,Sunday,1,2025-09-07,Sunday,2,29
8,0.03333333333333333,0.5,2,Sunday,1,2025-09-07,Sunday,2,29
12,120.0,0.5,2,Sunday,1,2025-09-07,Sunday,2,29
16,0.03333333333333333,150.0,2,Sunday,1,2025-09-07,Sunday,2,29
22,120.0,0.5,2,Sunday,1,2025-09-07,Sunday,2,29
12,120.0,150.0,2,Sunday,1,2025-09-07,Sunday,2,29
16,0.03333333333333333,150.0,2,Sunday,1,2025-09-07,Sunday,2,29
20,120.0,0.5,2,Sunday,1,2025-09-07,Sunday,2,29
15,0.03333333333333333,0.5,2,Sunday,1,2025-09-07,Sunday,2,29
16,120.0,150.0,2,Sunday,1,2025-09-07,Sunday,2,29
16,120.0,150.0,2,Sunday,1,2025-09-07,Sunday,2,29
19,0.03333333333333333,0.5,2,Sunday,1,2025-09-07,Sunday,2,29
14,0.03333333333333333,150.0,2,Sunday,1,2025-09-07,Sunday,2,29
13,0.03333333333333333,0.5,2,Sunday,1,2025-09-07,Sunday,2,29
16,0.03333333333333333,150.0,2,Sunday,1,2025-09-07,Sunday,2,29
16,120.0,0.5,2,Sunday,1,2025-09-07,Sunday,2,29
12,120.0,150.0,2,Sunday,1,2025-09-07,Sunday,2,29
16,120.0,0.5,2,Sunday,1,2025-09-07,Sunday,2,29
16,120.0,150.0,2,Sunday,1,2025-09-07,Sunday,2,29
15,0.03333333333333333,150.0,2,Sunday,1,2025-09-07,Sunday,2,29
22,0.03333333333333333,150.0,2,Sunday,1,2025-09-07,Sunday,2,29
15,0.03333333333333333,150.0,2,Sunday,1,2025-09-07,Sunday,2,29
0,120.0,150.0,2,Sunday,1,2025-09-07,Sunday,2,29
16,0.03333333333333333,0.5,2,Sunday,1,2025-09-14,Sunday,2,18
20,0.03333333333333333,150.0,2,Sunday,1,2025-09-14,Sunday,2,18
22,0.03333333333333333,150.0,2,Sunday,1,2025-09-14,Sunday,2,18
14,120.0,150.0,2,Sunday,1,2025-09-14,Sunday,2,18
16,0.03333333333333333,0.5,2,Sunday,1,2025-09-14,Sunday,2,18
16,0.03333333333333333,150.0,2,Sunday,1,2025-09-14,Sunday,2,18
19,120.0,0.5,2,Sunday,1,2025-09-14,Sunday,2,18
12,120.0,150.0,2,Sunday,1,2025-09-14,Sunday,2,18
12,120.0,0.5,2,Sunday,1,2025-09-14,Sunday,2,18
16,120.0,150.0,2,Sunday,1,2025-09-14,Sunday,2,18
14,0.03333333333333333,0.5,2,Sunday,1,2025-09-14,Sunday,2,18
12,120.0,0.5,2,Sunday,1,2025-09-14,Sunday,2,18
19,120.0,0.5,2,Sunday,1,2025-09-14,Sunday,2,18
16,120.0,150.0,2,Sunday,1,2025-09-14,Sunday,2,18
16,0.03333333333333333,150.0,2,Sunday,1,2025-09-14,Sunday,2,18
14,0.03333333333333333,150.0,2,Sunday,1,2025-09-14,Sunday,2,18
22,0.03333333333333333,0.5,2,Sunday,1,2025-09-14,Sunday,2,18
16,120.0,150.0,2,Sunday,1,2025-09-14,Sunday,2,18
8,0.03333333333333333,0.5,2,Sunday,1,2025-09-21,Sunday,2,22
12,0.03333333333333333,0.5,2,Sunday,1,2025-09-21,Sunday,2,22
16,0.03333333333333333,150.0,2,Sunday,1,2025-09-21,Sunday,2,22
16,120.0,0.5,2,Sunday,1,2025-09-21,Sunday,2,22
18,0.03333333333333333,0.5,2,Sunday,1,2025-09-21,Sunday,2,22
18,0.03333333333333333,150.0,2,Sunday,1,2025-09-21,Sunday,2,22
21,0.03333333333333333,0.5,2,Sunday,1,2025-09-21,Sunday,2,22
21,120.0,0.5,2,Sunday,1,2025-09-21,Sunday,2,22
16,0.03333333333333333,0.5,2,Sunday,1,2025-09-21,Sunday,2,22
16,0.03333333333333333,0.5,2,Sunday,1,2025-09-21,Sunday,2,22
21,0.03333333333333333,0.5,2,Sunday,1,2025-09-21,Sunday,2,22
16,120.0,150.0,2,Sunday,1,2025-09-21,Sunday,2,22
16,0.03333333333333333,150.0,2,Sunday,1,2025-09-21,Sunday,2,22
20,0.03333333333333333,150.0,2,Sunday,1,2025-09-21,Sunday,2,22
19,120.0,0.5,2,Sunday,1,2025-09-21,Sunday,2,22
16,0.03333333333333333,0.5,2,Sunday,1,2025-09-21,Sunday,2,22
16,0.03333333333333333,150.0,2,Sunday,1,2025-09-21,Sunday,2,22
18,120.0,150.0,2,Sunday,1,2025-09-21,Sunday,2,22
15,0.03333333333333333,0.5,2,Sunday,1,2025-09-21,Sunday,2,22
12,120.0,150.0,2,Sunday,1,2025-09-21,Sunday,2,22
13,0.03333333333333333,0.5,2,Sunday,1,2025-09-21,Sunday,2,22
22,0.03333333333333333,150.0,2,Sunday,1,2025-09-21,Sunday,2,22
13,0.03333333333333333,0.5,2,Mon-Th,1,2025-06-23,Mon-Th,2,22
17,120.0,0.5,2,Mon-Th,1,2025-06-23,Mon-Th,2,22
18,120.0,0.5,2,Mon-Th,1,2025-06-23,Mon-Th,2,22
16,120.0,0.5,2,Mon-Th,1,2025-06-23,Mon-Th,2,22
20,120.0,150.0,2,Mon-Th,1,2025-06-23,Mon-Th,2,22
16,0.03333333333333333,150.0,2,Mon-Th,1,2025-06-23,Mon-Th,2,22
16,120.0,150.0,2,Mon-Th,1,2025-06-23,Mon-Th,2,22
16,0.03333333333333333,150.0,2,Mon-Th,1,2025-06-23,Mon-Th,2,22
14,0.03333333333333333,0.5,2,Mon-Th,1,2025-06-23,Mon-Th,2,22
12,120.0,0.5,2,Mon-Th,1,2025-06-23,Mon-Th,2,22
2,0.03333333333333333,0.5,2,Mon-Th,1,2025-06-23,Mon-Th,2,22
16,0.03333333333333333,150.0,2,Mon-Th,1,2025-06-23,Mon-Th,2,22
12,0.03333333333333333,150.0,2,Mon-Th,1,2025-06-23,Mon-Th,2,22
22,0.03333333333333333,150.0,2,Mon-Th,1,2025-06-23,Mon-Th,2,22
12,120.0,0.5,2,Mon-Th,1,2025-06-23,Mon-Th,2,22
20,120.0,150.0,2,Mon-Th,1,2025-06-23,Mon-Th,2,22
16,0.03333333333333333,150.0,2,Mon-Th,1,2025-06-23,Mon-Th,2,22
16,0.03333333333333333,0.5,2,Mon-Th,1,2025-06-23,Mon-Th,2,22
14,0.03333333333333333,0.5,2,Mon-Th,1,2025-06-23,Mon-Th,2,22
14,0.03333333333333333,0.5,2,Mon-Th,1,2025-06-23,Mon-Th,2,22
16,0.03333333333333333,150.0,2,Mon-Th,1,2025-06-23,Mon-Th,2,22
16,0.03333333333333333,150.0,2,Mon-Th,1,2025-06-23,Mon-Th,2,22
16,0.03333333333333333,150.0,2,Mon-Th,1,2025-06-24,Mon-Th,2,28
18,0.03333333333333333,0.5,2,Mon-Th,1,2025-06-24,Mon-Th,2,28
16,120.0,150.0,2,Mon-Th,1,2025-06-24,Mon-Th,2,28
15,120.0,0.5,2,Mon-Th,1,2025-06-24,Mon-Th,2,28
16,0.03333333333333333,0.5,2,Mon-Th,1,2025-06-24,Mon-Th,2,28
22,0.03333333333333333,0.5,2,Mon-Th,1,2025-06-24,Mon-Th,2,28
21,0.03333333333333333,0.5,2,Mon-Th,1,2025-06-24,Mon-Th,2,28
12,120.0,150.0,2,Mon-Th,1,2025-06-24,Mon-Th,2,28
16,0.03333333333333333,150.0,2,Mon-Th,1,2025-06-24,Mon-Th,2,28
16,0.03333333333333333,150.0,2,Mon-Th,1,2025-06-24,Mon-Th,2,28
16,120.0,0.5,2,Mon-Th,1,2025-06-24,Mon-Th,2,28
20,120.0,150.0,2,Mon-Th,1,2025-06-24,Mon-Th,2,28
16,0.03333333333333333,150.0,2,Mon-Th,1,2025-06-24,Mon-Th,2,28
18,0.03333333333333333,0.5,2,Mon-Th,1,2025-06-24,Mon-Th,2,28
7,0.03333333333333333,150.0,2,Mon-Th,1,2025-06-24,Mon-Th,2,28
16,120.0,150.0,2,Mon-Th,1,2025-06-24,Mon-Th,2,28
20,0.03333333333333333,0.5,2,Mon-Th,1,2025-06-24,Mon-Th,2,28
16,120.0,150.0,2,Mon-Th,1,2025-06-24,Mon-Th,2,28
22,0.03333333333333333,150.0,2,Mon-Th,1,2025-06-24,Mon-Th,2,28
14,0.03333333333333333,150.0,2,Mon-Th,1,2025-06-24,Mon-Th,2,28
16,120.0,0.5,2,Mon-Th,1,2025-06-24,Mon-Th,2,28
17,120.0,0.5,2,Mon-Th,1,2025-06-24,Mon-Th,2,28
16,0.03333333333333333,0.5,2,Mon-Th,1,2025-06-24,Mon-Th,2,28
18,0.03333333333333333,0.5,2,Mon-Th,1,2025-06-24,Mon-Th,2,28
11,0.03333333333333333,0.5,2,Mon-Th,1,2025-06-24,Mon-Th,2,28
16,0.03333333333333333,150.0,2,Mon-Th,1,2025-06-24,Mon-Th,2,28
16,120.0,0.5,2,Mon-Th,1,2025-06-24,Mon-Th,2,28
8,120.0,0.5,2,Mon-Th,1,2025-06-24,Mon-Th,2,28
14,0.03333333333333333,150.0,2,Mon-Th,1,2025-06-25,Mon-Th,2,22
17,0.03333333333333333,150.0,2,Mon-Th,1,2025-06-25,Mon-Th,2,22
23,120.0,0.5,2,Mon-Th,1,2025-06-25,Mon-Th,2,22
16,120.0,0.5,2,Mon-Th,1,2025-06-25,Mon-Th,2,22
12,120.0,0.5,2,Mon-Th,1,2025-06-25,Mon-Th,2,22
22,0.03333333333333333,0.5,2,Mon-Th,1,2025-06-25,Mon-Th,2,22
12,120.0,0.5,2,Mon-Th,1,2025-06-25,Mon-Th,2,22
16,0.03333333333333333,150.0,2,Mon-Th,1,2025-06-25,Mon-Th,2,22
16,120.0,0.5,2,Mon-Th,1,2025-06-25,Mon-Th,2,22
16,0.03333333333333333,150.0,2,Mon-Th,1,2025-06-25,Mon-Th,2,22
16,0.03333333333333333,0.5,2,Mon-Th,1,2025-06-25,Mon-Th,2,22
14,0.03333333333333333,150.0,2,Mon-Th,1,2025-06-25,Mon-Th,2,22
18,120.0,150.0,2,Mon-Th,1,2025-06-25,Mon-Th,2,22
16,0.03333333333333333,0.5,2,Mon-Th,1,2025-06-25,Mon-Th,2,22
16,120.0,150.0,2,Mon-Th,1,2025-06-25,Mon-Th,2,22
12,120.0,0.5,2,Mon-Th,1,2025-06-25,Mon-Th,2,22
16,0.03333333333333333,150.0,2,Mon-Th,1,2025-06-25,Mon-Th,2,22
7,120.0,150.0,2,Mon-Th,1,2025-06-25,Mon-Th,2,22
0,0.03333333333333333,0.5,2,Mon-Th,1,2025-06-25,Mon-Th,2,22
16,0.03333333333333333,150.0,2,Mon-Th,1,2025-06-25,Mon-Th,2,22
16,120.0,150.0,2,Mon-Th,1,2025-06-25,Mon-Th,2,22
16,0.03333333333333333,0.5,2,Mon-Th,1,2025-06-25,Mon-Th,2,22
18,120.0,150.0,2,Mon-Th,1,2025-06-26,Mon-Th,2,26
10,120.0,150.0,2,Mon-Th,1,2025-06-26,Mon-Th,2,26
16,0.03333333333333333,0.5,2,Mon-Th,1,2025-06-26,Mon-Th,2,26
16,0.03333333333333333,150.0,2,Mon-Th,1,2025-06-26,Mon-Th,2,26
16,0.03333333333333333,150.0,2,Mon-Th,1,2025-06-26,Mon-Th,2,26
16,0.03333333333333333,0.5,2,Mon-Th,1,2025-06-26,Mon-Th,2,26
13,0.03333333333333333,0.5,2,Mon-Th,1,2025-06-26,Mon-Th,2,26
22,0.03333333333333333,0.5,2,Mon-Th,1,2025-06-26,Mon-Th,2,26
15,120.0,0.5,2,Mon-Th,1,2025-06-26,Mon-Th,2,26
18,120.0,0.5,2,Mon-Th,1,2025-06-26,Mon-Th,2,26
16,120.0,0.5,2,Mon-Th,1,2025-06-26,Mon-Th,2,26
16,120.0,150.0,2,Mon-Th,1,2025-06-26,Mon-Th,2,26
21,0.03333333333333333,0.5,2,Mon-Th,1,2025-06-26,Mon-Th,2,26
12,120.0,0.5,2,Mon-Th,1,2025-06-26,Mon-Th,2,26
14,120.0,0.5,2,Mon-Th,1,2025-06-26,Mon-Th,2,26
12,120.0,150.0,2,Mon-Th,1,2025-06-26,Mon-Th,2,26
12,120.0,0.5,2,Mon-Th,1,2025-06-26,Mon-Th,2,26
16,120.0,0.5,2,Mon-Th,1,2025-06-26,Mon-Th,2,26
19,0.03333333333333333,0.5,2,Mon-Th,1,2025-06-26,Mon-Th,2,26
16,0.03333333333333333,150.0,2,Mon-Th,1,2025-06-26,Mon-Th,2,26
16,120.0,150.0,2,Mon-Th,1,2025-06-26,Mon-Th,2,26
12,120.0,0.5,2,Mon-Th,1,2025-06-26,Mon-Th,2,26
16,0.03333333333333333,150.0,2,Mon-Th,1,2025-06-26,Mon-Th,2,26
0,120.0,150.0,2,Mon-Th,1,2025-06-26,Mon-Th,2,26
16,0.03333333333333333,0.5,2,Mon-Th,1,2025-06-26,Mon-Th,2,26
16,120.0,150.0,2,Mon-Th,1,2025-06-26,Mon-Th,2,26
16,0.03333333333333333,0.5,2,Mon-Th,1,2025-06-30,Mon-Th,2,24
12,0.03333333333333333,150.0,2,Mon-Th,1,2025-06-30,Mon-Th,2,24
16,120.0,0.5,2,Mon-Th,1,2025-06-30,Mon-Th,2,24
14,0.03333333333333333,150.0,2,Mon-Th,1,2025-06-30,Mon-Th,2,24
16,120.0,0.5,2,Mon-Th,1,2025-06-30,Mon-Th,2,24
12,120.0,0.5,2,Mon-Th,1,2025-06-30,Mon-Th,2,24
16,120.0,0.5,2,Mon-Th,1,2025-06-30,Mon-Th,2,24
11,120.0,0.5,2,Mon-Th,1,2025-06-30,Mon-Th,2,24
17,120.0,0.5,2,Mon-Th,1,2025-06-30,Mon-Th,2,24
16,120.0,150.0,2,Mon-Th,1,2025-06-30,Mon-Th,2,24
14,0.03333333333333333,0.5,2,Mon-Th,1,2025-06-30,Mon-Th,2,24
19,0.03333333333333333,150.0,2,Mon-Th,1,2025-06-30,Mon-Th,2,24
22,120.0,0.5,2,Mon-Th,1,2025-06-30,Mon-Th,2,24
16,0.03333333333333333,150.0,2,Mon-Th,1,2025-06-30,Mon-Th,2,24
16,120.0,150.0,2,Mon-Th,1,2025-06-30,Mon-Th,2,24
15,0.03333333333333333,150.0,2,Mon-Th,1,2025-06-30,Mon-Th,2,24
19,120.0,0.5,2,Mon-Th,1,2025-06-30,Mon-Th,2,24
12,120.0,0.5,2,Mon-Th,1,2025-06-30,Mon-Th,2,24
17,120.0,150.0,2,Mon-Th,1,2025-06-30,Mon-Th,2,24
14,0.03333333333333333,0.5,2,Mon-Th,1,2025-06-30,Mon-Th,2,24
16,120.0,0.5,2,Mon-Th,1,2025-06-30,Mon-Th,2,24
12,120.0,0.5,2,Mon-Th,1,2025-06-30,Mon-Th,2,24
16,120.0,150.0,2,Mon-Th,1,2025-06-30,Mon-Th,2,24
16,120.0,0.5,2,Mon-Th,1,2025-06-30,Mon-Th,2,24
16,0.03333333333333333,0.5,2,Mon-Th,1,2025-07-01,Mon-Th,2,32
16,0.03333333333333333,0.5,2,Mon-Th,1,2025-07-01,Mon-Th,2,32
22,0.03333333333333333,150.0,2,Mon-Th,1,2025-07-01,Mon-Th,2,32
16,120.0,150.0,2,Mon-Th,1,2025-07-01,Mon-Th,2,32
16,0.03333333333333333,0.5,2,Mon-Th,1,2025-07-01,Mon-Th,2,32
16,0.03333333333333333,150.0,2,Mon-Th,1,2025-07-01,Mon-Th,2,32
22,120.0,0.5,2,Mon-Th,1,2025-07-01,Mon-Th,2,32
17,0.03333333333333333,150.0,2,Mon-Th,1,2025-07-01,Mon-Th,2,32
17,120.0,0.5,2,Mon-Th,1,2025-07-01,Mon-Th,2,32
19,120.0,150.0,2,Mon-Th,1,2025-07-01,Mon-Th,2,32
16,0.03333333333333333,0.5,2,Mon-Th,1,2025-07-01,Mon-Th,2,32
16,120.0,0.5,2,Mon-Th,1,2025-07-01,Mon-Th,2,32
16,120.0,150.0,2,Mon-Th,1,2025-07-01,Mon-Th,2,32
16,120.0,150.0,2,Mon-Th,1,2025-07-01,Mon-Th,2,32
16,0.03333333333333333,150.0,2,Mon-Th,1,2025-07-01,Mon-Th,2,32
20,0.03333333333333333,150.0,2,Mon-Th,1,2025-07-01,Mon-Th,2,32
16,0.03333333333333333,0.5,2,Mon-Th,1,2025-07-01,Mon-Th,2,32
11,0.03333333333333333,0.5,2,Mon-Th,1,2025-07-01,Mon-Th,2,32
21,120.0,0.5,2,Mon-Th,1,2025-07-01,Mon-Th,2,32
18,0.03333333333333333,0.5,2,Mon-Th,1,2025-07-01,Mon-Th,2,32
17,120.0,150.0,2,Mon-Th,1,2025-07-01,Mon-Th,2,32
9,120.0,0.5,2,Mon-Th,1,2025-07-01,Mon-Th,2,32
16,0.03333333333333333,0.5,2,Mon-Th,1,2025-07-01,Mon-Th,2,32
1,0.03333333333333333,0.5,2,Mon-Th,1,2025-07-01,Mon-Th,2,32
11,120.0,0.5,2,Mon-Th,1,2025-07-01,Mon-Th,2,32
16,120.0,150.0,2,Mon-Th,1,2025-07-01,Mon-Th,2,32
17,120.0,150.0,2,Mon-Th,1,2025-07-01,Mon-Th,2,32
14,0.03333333333333333,150.0,2,Mon-Th,1,2025-07-01,Mon-Th,2,32
16,0.03333333333333333,150.0,2,Mon-Th,1,2025-07-01,Mon-Th,2,32
14,0.03333333333333333,150.0,2,Mon-Th,1,2025-07-01,Mon-Th,2,32
17,0.03333333333333333,0.5,2,Mon-Th,1,2025-07-01,Mon-Th,2,32
16,120.0,150.0,2,Mon-Th,1,2025-07-01,Mon-Th,2,32
1,0.03333333333333333,150.0,2,Mon-Th,1,2025-07-02,Mon-Th,2,31
16,120.0,0.5,2,Mon-Th,1,2025-07-02,Mon-Th,2,31
16,0.03333333333333333,0.5,2,Mon-Th,1,2025-07-02,Mon-Th,2,31
15,0.03333333333333333,0.5,2,Mon-Th,1,2025-07-02,Mon-Th,2,31
16,120.0,150.0,2,Mon-Th,1,2025-07-02,Mon-Th,2,31
16,120.0,0.5,2,Mon-Th,1,2025-07-02,Mon-Th,2,31
12,0.03333333333333333,150.0,2,Mon-Th,1,2025-07-02,Mon-Th,2,31
16,120.0,0.5,2,Mon-Th,1,2025-07-02,Mon-Th,2,31
21,120.0,0.5,2,Mon-Th,1,2025-07-02,Mon-Th,2,31
12,120.0,150.0,2,Mon-Th,1,2025-07-02,Mon-Th,2,31
22,120.0,150.0,2,Mon-Th,1,2025-07-02,Mon-Th,2,31
22,120.0,0.5,2,Mon-Th,1,2025-07-02,Mon-Th,2,31
6,0.03333333333333333,0.5,2,Mon-Th,1,2025-07-02,Mon-Th,2,31
16,120.0,150.0,2,Mon-Th,1,2025-07-02,Mon-Th,2,31
16,0.03333333333333333,0.5,2,Mon-Th,1,2025-07-02,Mon-Th,2,31
16,120.0,150.0,2,Mon-Th,1,2025-07-02,Mon-Th,2,31
16,0.03333333333333333,150.0,2,Mon-Th,1,2025-07-02,Mon-Th,2,31
18,120.0,0.5,2,Mon-Th,1,2025-07-02,Mon-Th,2,31
14,0.03333333333333333,150.0,2,Mon-Th,1,2025-07-02,Mon-Th,2,31
16,0.03333333333333333,0.5,2,Mon-Th,1,2025-07-02,Mon-Th,2,31
16,120.0,150.0,2,Mon-Th,1,2025-07-02,Mon-Th,2,31
16,120.0,150.0,2,Mon-Th,1,2025-07-02,Mon-Th,2,31
16,0.03333333333333333,150.0,2,Mon-Th,1,2025-07-02,Mon-Th,2,31
16,0.03333333333333333,150.0,2,Mon-Th,1,2025-07-02,Mon-Th,2,31
17,120.0,0.5,2,Mon-Th,1,2025-07-02,Mon-Th,2,31
16,120.0,0.5,2,Mon-Th,1,2025-07-02,Mon-Th,2,31
16,0.03333333333333333,0.5,2,Mon-Th,1,2025-07-02,Mon-Th,2,31
16,0.03333333333333333,0.5,2,Mon-Th,1,2025-07-02,Mon-Th,2,31
16,120.0,150.0,2,Mon-Th,1,2025-07-02,Mon-Th,2,31
16,0.03333333333333333,0.5,2,Mon-Th,1,2025-07-02,Mon-Th,2,31
16,0.03333333333333333,0.5,2,Mon-Th,1,2025-07-02,Mon-Th,2,31
20,0.03333333333333333,0.5,2,Mon-Th,1,2025-07-03,Mon-Th,2,33
16,120.0,150.0,2,Mon-Th,1,2025-07-03,Mon-Th,2,33
12,0.03333333333333333,150.0,2,Mon-Th,1,2025-07-03,Mon-Th,2,33
16,0.03333333333333333,0.5,2,Mon-Th,1,2025-07-03,Mon-Th,2,33
15,0.03333333333333333,0.5,2,Mon-Th,1,2025-07-03,Mon-Th,2,33
0,0.03333333333333333,0.5,2,Mon-Th,1,2025-07-03,Mon-Th,2,33
16,0.03333333333333333,150.0,2,Mon-Th,1,2025-07-03,Mon-Th,2,33
19,120.0,150.0,2,Mon-Th,1,2025-07-03,Mon-Th,2,33
16,120.0,0.5,2,Mon-Th,1,2025-07-03,Mon-Th,2,33
13,0.03333333333333333,0.5,2,Mon-Th,1,2025-07-03,Mon-Th,2,33
20,0.03333333333333333,0.5,2,Mon-Th,1,2025-07-03,Mon-Th,2,33
12,120.0,0.5,2,Mon-Th,1,2025-07-03,Mon-Th,2,33
12,120.0,150.0,2,Mon-Th,1,2025-07-03,Mon-Th,2,33
12,120.0,0.5,2,Mon-Th,1,2025-07-03,Mon-Th,2,33
12,120.0,150.0,2,Mon-Th,1,2025-07-03,Mon-Th,2,33
16,120.0,0.5,2,Mon-Th,1,2025-07-03,Mon-Th,2,33
14,0.03333333333333333,150.0,2,Mon-Th,1,2025-07-03,Mon-Th,2,33
16,120.0,150.0,2,Mon-Th,1,2025-07-03,Mon-Th,2,33
17,0.03333333333333333,0.5,2,Mon-Th,1,2025-07-03,Mon-Th,2,33
16,0.03333333333333333,150.0,2,Mon-Th,1,2025-07-03,Mon-Th,2,33
23,120.0,150.0,2,Mon-Th,1,2025-07-03,Mon-Th,2,33
16,120.0,0.5,2,Mon-Th,1,2025-07-03,Mon-Th,2,33
19,120.0,0.5,2,Mon-Th,1,2025-07-03,Mon-Th,2,33
15,120.0,150.0,2,Mon-Th,1,2025-07-03,Mon-Th,2,33
16,120.0,0.5,2,Mon-Th,1,2025-07-03,Mon-Th,2,33
16,120.0,150.0,2,Mon-Th,1,2025-07-03,Mon-Th,2,33
16,0.03333333333333333,150.0,2,Mon-Th,1,2025-07-03,Mon-Th,2,33
18,0.03333333333333333,0.5,2,Mon-Th,1,2025-07-03,Mon-Th,2,33
12,120.0,150.0,2,Mon-Th,1,2025-07-03,Mon-Th,2,33
20,0.03333333333333333,150.0,2,Mon-Th,1,2025-07-03,Mon-Th,2,33
2,120.0,0.5,2,Mon-Th,1,2025-07-03,Mon-Th,2,33
18,0.03333333333333333,0.5,2,Mon-Th,1,2025-07-03,Mon-Th,2,33
23,0.03333333333333333,150.0,2,Mon-Th,1,2025-07-03,Mon-Th,2,33
16,0.03333333333333333,150.0,2,Mon-Th,1,2025-07-07,Mon-Th,2,32
16,120.0,150.0,2,Mon-Th,1,2025-07-07,Mon-Th,2,32
16,120.0,150.0,2,Mon-Th,1,2025-07-07,Mon-Th,2,32
7,120.0,0.5,2,Mon-Th,1,2025-07-07,Mon-Th,2,32
17,120.0,150.0,2,Mon-Th,1,2025-07-07,Mon-Th,2,32
17,120.0,0.5,2,Mon-Th,1,2025-07-07,Mon-Th,2,32
18,120.0,0.5,2,Mon-Th,1,2025-07-07,Mon-Th,2,32
16,120.0,150.0,2,Mon-Th,1,2025-07-07,Mon-Th,2,32
16,0.03333333333333333,0.5,2,Mon-Th,1,2025-07-07,Mon-Th,2,32
16,0.03333333333333333,150.0,2,Mon-Th,1,2025-07-07,Mon-Th,2,32
16,0.03333333333333333,0.5,2,Mon-Th,1,2025-07-07,Mon-Th,2,32
16,120.0,150.0,2,Mon-Th,1,2025-07-07,Mon-Th,2,32
16,0.03333333333333333,150.0,2,Mon-Th,1,2025-07-07,Mon-Th,2,32
15,0.03333333333333333,0.5,2,Mon-Th,1,2025-07-07,Mon-Th,2,32
16,0.03333333333333333,0.5,2,Mon-Th,1,2025-07-07,Mon-Th,2,32
21,120.0,0.5,2,Mon-Th,1,2025-07-07,Mon-Th,2,32
16,120.0,150.0,2,Mon-Th,1,2025-07-07,Mon-Th,2,32
18,0.03333333333333333,0.5,2,Mon-Th,1,2025-07-07,Mon-Th,2,32
16,0.03333333333333333,150.0,2,Mon-Th,1,2025-07-07,Mon-Th,2,32
17,120.0,150.0,2,Mon-Th,1,2025-07-07,Mon-Th,2,32
16,0.03333333333333333,150.0,2,Mon-Th,1,2025-07-07,Mon-Th,2,32
16,0.03333333333333333,150.0,2,Mon-Th,1,2025-07-07,Mon-Th,2,32
16,0.03333333333333333,150.0,2,Mon-Th,1,2025-07-07,Mon-Th,2,32
16,0.03333333333333333,0.5,2,Mon-Th,1,2025-07-07,Mon-Th,2,32
21,0.03333333333333333,0.5,2,Mon-Th,1,2025-07-07,Mon-Th,2,32
23,0.03333333333333333,0.5,2,Mon-Th,1,2025-07-07,Mon-Th,2,32
17,120.0,150.0,2,Mon-Th,1,2025-07-07,Mon-Th,2,32
10,0.03333333333333333,150.0,2,Mon-Th,1,2025-07-07,Mon-Th,2,32
16,120.0,150.0,2,Mon-Th,1,2025-07-07,Mon-Th,2,32
12,120.0,150.0,2,Mon-Th,1,2025-07-07,Mon-Th,2,32
23,0.03333333333333333,0.5,2,Mon-Th,1,2025-07-07,Mon-Th,2,32
11,0.03333333333333333,0.5,2,Mon-Th,1,2025-07-07,Mon-Th,2,32
12,120.0,0.5,2,Mon-Th,1,2025-07-08,Mon-Th,2,26
16,0.03333333333333333,150.0,2,Mon-Th,1,2025-07-08,Mon-Th,2,26
17,120.0,150.0,2,Mon-Th,1,2025-07-08,Mon-Th,2,26
16,120.0,0.5,2,Mon-Th,1,2025-07-08,Mon-Th,2,26
16,0.03333333333333333,0.5,2,Mon-Th,1,2025-07-08,Mon-Th,2,26
14,0.03333333333333333,0.5,2,Mon-Th,1,2025-07-08,Mon-Th,2,26
12,120.0,0.5,2,Mon-Th,1,2025-07-08,Mon-Th,2,26
16,0.03333333333333333,150.0,2,Mon-Th,1,2025-07-08,Mon-Th,2,26
12,0.03333333333333333,0.5,2,Mon-Th,1,2025-07-08,Mon-Th,2,26
20,0.03333333333333333,0.5,2,Mon-Th,1,2025-07-08,Mon-Th,2,26
12,120.0,0.5,2,Mon-Th,1,2025-07-08,Mon-Th,2,26
16,120.0,150.0,2,Mon-Th,1,2025-07-08,Mon-Th,2,26
12,120.0,0.5,2,Mon-Th,1,2025-07-08,Mon-Th,2,26
13,0.03333333333333333,0.5,2,Mon-Th,1,2025-07-08,Mon-Th,2,26
17,0.03333333333333333,150.0,2,Mon-Th,1,2025-07-08,Mon-Th,2,26
16,0.03333333333333333,150.0,2,Mon-Th,1,2025-07-08,Mon-Th,2,26
21,120.0,0.5,2,Mon-Th,1,2025-07-08,Mon-Th,2,26
16,0.03333333333333333,0.5,2,Mon-Th,1,2025-07-08,Mon-Th,2,26
16,0.03333333333333333,0.5,2,Mon-Th,1,2025-07-08,Mon-Th,2,26
18,120.0,0.5,2,Mon-Th,1,2025-07-08,Mon-Th,2,26
16,120.0,0.5,2,Mon-Th,1,2025-07-08,Mon-Th,2,26
19,0.03333333333333333,0.5,2,Mon-Th,1,2025-07-08,Mon-Th,2,26
22,0.03333333333333333,0.5,2,Mon-Th,1,2025-07-08,Mon-Th,2,26
15,0.03333333333333333,150.0,2,Mon-Th,1,2025-07-08,Mon-Th,2,26
16,120.0,0.5,2,Mon-Th,1,2025-07-08,Mon-Th,2,26
18,0.03333333333333333,150.0,2,Mon-Th,1,2025-07-08,Mon-Th,2,26
16,0.03333333333333333,0.5,2,Mon-Th,1,2025-07-09,Mon-Th,2,19
20,0.03333333333333333,150.0,2,Mon-Th,1,2025-07-09,Mon-Th,2,19
19,0.03333333333333333,0.5,2,Mon-Th,1,2025-07-09,Mon-Th,2,19
16,120.0,0.5,2,Mon-Th,1,2025-07-09,Mon-Th,2,19
14,120.0,0.5,2,Mon-Th,1,2025-07-09,Mon-Th,2,19
16,120.0,0.5,2,Mon-Th,1,2025-07-09,Mon-Th,2,19
16,120.0,150.0,2,Mon-Th,1,2025-07-09,Mon-Th,2,19
17,120.0,0.5,2,Mon-Th,1,2025-07-09,Mon-Th,2,19
20,120.0,0.5,2,Mon-Th,1,2025-07-09,Mon-Th,2,19
19,0.03333333333333333,0.5,2,Mon-Th,1,2025-07-09,Mon-Th,2,19
16,120.0,150.0,2,Mon-Th,1,2025-07-09,Mon-Th,2,19
12,120.0,0.5,2,Mon-Th,1,2025-07-09,Mon-Th,2,19
16,120.0,0.5,2,Mon-Th,1,2025-07-09,Mon-Th,2,19
10,0.03333333333333333,0.5,2,Mon-Th,1,2025-07-09,Mon-Th,2,19
20,120.0,0.5,2,Mon-Th,1,2025-07-09,Mon-Th,2,19
18,0.03333333333333333,150.0,2,Mon-Th,1,2025-07-09,Mon-Th,2,19
16,120.0,0.5,2,Mon-Th,1,2025-07-09,Mon-Th,2,19
12,120.0,0.5,2,Mon-Th,1,2025-07-09,Mon-Th,2,19
20,0.03333333333333333,150.0,2,Mon-Th,1,2025-07-09,Mon-Th,2,19
16,120.0,0.5,2,Mon-Th,1,2025-07-10,Mon-Th,2,25
12,120.0,0.5,2,Mon-Th,1,2025-07-10,Mon-Th,2,25
16,120.0,150.0,2,Mon-Th,1,2025-07-10,Mon-Th,2,25
17,0.03333333333333333,0.5,2,Mon-Th,1,2025-07-10,Mon-Th,2,25
16,0.03333333333333333,150.0,2,Mon-Th,1,2025-07-10,Mon-Th,2,25
16,0.03333333333333333,150.0,2,Mon-Th,1,2025-07-10,Mon-Th,2,25
0,0.03333333333333333,150.0,2,Mon-Th,1,2025-07-10,Mon-Th,2,25
19,120.0,0.5,2,Mon-Th,1,2025-07-10,Mon-Th,2,25
16,120.0,150.0,2,Mon-Th,1,2025-07-10,Mon-Th,2,25
16,0.03333333333333333,0.5,2,Mon-Th,1,2025-07-10,Mon-Th,2,25
14,0.03333333333333333,0.5,2,Mon-Th,1,2025-07-10,Mon-Th,2,25
15,0.03333333333333333,0.5,2,Mon-Th,1,2025-07-10,Mon-Th,2,25
10,120.0,0.5,2,Mon-Th,1,2025-07-10,Mon-Th,2,25
15,120.0,0.5,2,Mon-Th,1,2025-07-10,Mon-Th,2,25
16,0.03333333333333333,150.0,2,Mon-Th,1,2025-07-10,Mon-Th,2,25
16,120.0,0.5,2,Mon-Th,1,2025-07-10,Mon-Th,2,25
21,120.0,0.5,2,Mon-Th,1,2025-07-10,Mon-Th,2,25
16,0.03333333333333333,150.0,2,Mon-Th,1,2025-07-10,Mon-Th,2,25
4,120.0,0.5,2,Mon-Th,1,2025-07-10,Mon-Th,2,25
12,120.0,0.5,2,Mon-Th,1,2025-07-10,Mon-Th,2,25
21,120.0,0.5,2,Mon-Th,1,2025-07-10,Mon-Th,2,25
20,120.0,0.5,2,Mon-Th,1,2025-07-10,Mon-Th,2,25
16,0.03333333333333333,150.0,2,Mon-Th,1,2025-07-10,Mon-Th,2,25
2,0.03333333333333333,0.5,2,Mon-Th,1,2025-07-10,Mon-Th,2,25
2,0.03333333333333333,0.5,2,Mon-Th,1,2025-07-10,Mon-Th,2,25
19,0.03333333333333333,0.5,2,Mon-Th,1,2025-07-14,Mon-Th,2,29
16,120.0,0.5,2,Mon-Th,1,2025-07-14,Mon-Th,2,29
21,0.03333333333333333,150.0,2,Mon-Th,1,2025-07-14,Mon-Th,2,29
16,120.0,150.0,2,Mon-Th,1,2025-07-14,Mon-Th,2,29
16,120.0,150.0,2,Mon-Th,1,2025-07-14,Mon-Th,2,29
14,0.03333333333333333,0.5,2,Mon-Th,1,2025-07-14,Mon-Th,2,29
15,0.03333333333333333,0.5,2,Mon-Th,1,2025-07-14,Mon-Th,2,29
16,120.0,150.0,2,Mon-Th,1,2025-07-14,Mon-Th,2,29
16,120.0,0.5,2,Mon-Th,1,2025-07-14,Mon-Th,2,29
22,120.0,0.5,2,Mon-Th,1,2025-07-14,Mon-Th,2,29
19,0.03333333333333333,150.0,2,Mon-Th,1,2025-07-14,Mon-Th,2,29
14,0.03333333333333333,0.5,2,Mon-Th,1,2025-07-14,Mon-Th,2,29
16,120.0,150.0,2,Mon-Th,1,2025-07-14,Mon-Th,2,29
16,0.03333333333333333,0.5,2,Mon-Th,1,2025-07-14,Mon-Th,2,29
16,120.0,0.5,2,Mon-Th,1,2025-07-14,Mon-Th,2,29
14,120.0,0.5,2,Mon-Th,1,2025-07-14,Mon-Th,2,29
17,0.03333333333333333,150.0,2,Mon-Th,1,2025-07-14,Mon-Th,2,29
19,120.0,0.5,2,Mon-Th,1,2025-07-14,Mon-Th,2,29
23,0.03333333333333333,0.5,2,Mon-Th,1,2025-07-14,Mon-Th,2,29
16,0.03333333333333333,0.5,2,Mon-Th,1,2025-07-14,Mon-Th,2,29
16,0.03333333333333333,0.5,2,Mon-Th,1,2025-07-14,Mon-Th,2,29
16,0.03333333333333333,0.5,2,Mon-Th,1,2025-07-14,Mon-Th,2,29
14,0.03333333333333333,150.0,2,Mon-Th,1,2025-07-14,Mon-Th,2,29
16,120.0,150.0,2,Mon-Th,1,2025-07-14,Mon-Th,2,29
16,0.03333333333333333,150.0,2,Mon-Th,1,2025-07-14,Mon-Th,2,29
14,0.03333333333333333,0.5,2,Mon-Th,1,2025-07-14,Mon-Th,2,29
20,120.0,0.5,2,Mon-Th,1,2025-07-14,Mon-Th,2,29
19,0.03333333333333333,0.5,2,Mon-Th,1,2025-07-14,Mon-Th,2,29
16,120.0,150.0,2,Mon-Th,1,2025-07-14,Mon-Th,2,29
16,120.0,150.0,2,Mon-Th,1,2025-07-15,Mon-Th,2,23
16,0.03333333333333333,0.5,2,Mon-Th,1,2025-07-15,Mon-Th,2,23
9,0.03333333333333333,0.5,2,Mon-Th,1,2025-07-15,Mon-Th,2,23
16,0.03333333333333333,0.5,2,Mon-Th,1,2025-07-15,Mon-Th,2,23
16,0.03333333333333333,150.0,2,Mon-Th,1,2025-07-15,Mon-Th,2,23
19,0.03333333333333333,0.5,2,Mon-Th,1,2025-07-15,Mon-Th,2,23
16,120.0,0.5,2,Mon-Th,1,2025-07-15,Mon-Th,2,23
13,120.0,0.5,2,Mon-Th,1,2025-07-15,Mon-Th,2,23
16,0.03333333333333333,150.0,2,Mon-Th,1,2025-07-15,Mon-Th,2,23
16,120.0,150.0,2,Mon-Th,1,2025-07-15,Mon-Th,2,23
16,0.03333333333333333,150.0,2,Mon-Th,1,2025-07-15,Mon-Th,2,23
16,0.03333333333333333,150.0,2,Mon-Th,1,2025-07-15,Mon-Th,2,23
19,120.0,0.5,2,Mon-Th,1,2025-07-15,Mon-Th,2,23
16,0.03333333333333333,0.5,2,Mon-Th,1,2025-07-15,Mon-Th,2,23
19,120.0,0.5,2,Mon-Th,1,2025-07-15,Mon-Th,2,23
16,0.03333333333333333,150.0,2,Mon-Th,1,2025-07-15,Mon-Th,2,23
13,0.03333333333333333,0.5,2,Mon-Th,1,2025-07-15,Mon-Th,2,23
16,120.0,150.0,2,Mon-Th,1,2025-07-15,Mon-Th,2,23
16,0.03333333333333333,150.0,2,Mon-Th,1,2025-07-15,Mon-Th,2,23
14,0.03333333333333333,0.5,2,Mon-Th,1,2025-07-15,Mon-Th,2,23
17,0.03333333333333333,150.0,2,Mon-Th,1,2025-07-15,Mon-Th,2,23
16,0.03333333333333333,0.5,2,Mon-Th,1,2025-07-15,Mon-Th,2,23
19,120.0,0.5,2,Mon-Th,1,2025-07-15,Mon-Th,2,23
17,0.03333333333333333,0.5,2,Mon-Th,1,2025-07-16,Mon-Th,2,27
12,120.0,150.0,2,Mon-Th,1,2025-07-16,Mon-Th,2,27
14,0.03333333333333333,0.5,2,Mon-Th,1,2025-07-16,Mon-Th,2,27
22,120.0,0.5,2,Mon-Th,1,2025-07-16,Mon-Th,2,27
13,0.03333333333333333,150.0,2,Mon-Th,1,2025-07-16,Mon-Th,2,27
12,120.0,0.5,2,Mon-Th,1,2025-07-16,Mon-Th,2,27
14,0.03333333333333333,150.0,2,Mon-Th,1,2025-07-16,Mon-Th,2,27
18,120.0,0.5,2,Mon-Th,1,2025-07-16,Mon-Th,2,27
16,0.03333333333333333,150.0,2,Mon-Th,1,2025-07-16,Mon-Th,2,27
22,120.0,150.0,2,Mon-Th,1,2025-07-16,Mon-Th,2,27
14,120.0,0.5,2,Mon-Th,1,2025-07-16,Mon-Th,2,27
14,0.03333333333333333,150.0,2,Mon-Th,1,2025-07-16,Mon-Th,2,27
19,0.03333333333333333,0.5,2,Mon-Th,1,2025-07-16,Mon-Th,2,27
14,120.0,150.0,2,Mon-Th,1,2025-07-16,Mon-Th,2,27
16,0.03333333333333333,0.5,2,Mon-Th,1,2025-07-16,Mon-Th,2,27
16,0.03333333333333333,150.0,2,Mon-Th,1,2025-07-16,Mon-Th,2,27
16,120.0,150.0,2,Mon-Th,1,2025-07-16,Mon-Th,2,27
18,120.0,0.5,2,Mon-Th,1,2025-07-16,Mon-Th,2,27
23,120.0,0.5,2,Mon-Th,1,2025-07-16,Mon-Th,2,27
14,120.0,0.5,2,Mon-Th,1,2025-07-16,Mon-Th,2,27
12,0.03333333333333333,150.0,2,Mon-Th,1,2025-07-16,Mon-Th,2,27
17,120.0,0.5,2,Mon-Th,1,2025-07-16,Mon-Th,2,27
12,0.03333333333333333,150.0,2,Mon-Th,1,2025-07-16,Mon-Th,2,27
16,120.0,0.5,2,Mon-Th,1,2025-07-16,Mon-Th,2,27
16,0.03333333333333333,0.5,2,Mon-Th,1,2025-07-16,Mon-Th,2,27
11,0.03333333333333333,150.0,2,Mon-Th,1,2025-07-16,Mon-Th,2,27
16,0.03333333333333333,150.0,2,Mon-Th,1,2025-07-16,Mon-Th,2,27
12,120.0,150.0,2,Mon-Th,1,2025-07-17,Mon-Th,2,43
22,0.03333333333333333,0.5,2,Mon-Th,1,2025-07-17,Mon-Th,2,43
18,0.03333333333333333,150.0,2,Mon-Th,1,2025-07-17,Mon-Th,2,43
7,120.0,0.5,2,Mon-Th,1,2025-07-17,Mon-Th,2,43
11,120.0,150.0,2,Mon-Th,1,2025-07-17,Mon-Th,2,43
22,120.0,0.5,2,Mon-Th,1,2025-07-17,Mon-Th,2,43
16,120.0,150.0,2,Mon-Th,1,2025-07-17,Mon-Th,2,43
16,120.0,0.5,2,Mon-Th,1,2025-07-17,Mon-Th,2,43
16,0.03333333333333333,0.5,2,Mon-Th,1,2025-07-17,Mon-Th,2,43
20,120.0,0.5,2,Mon-Th,1,2025-07-17,Mon-Th,2,43
13,120.0,0.5,2,Mon-Th,1,2025-07-17,Mon-Th,2,43
11,120.0,150.0,2,Mon-Th,1,2025-07-17,Mon-Th,2,43
17,120.0,150.0,2,Mon-Th,1,2025-07-17,Mon-Th,2,43
21,0.03333333333333333,0.5,2,Mon-Th,1,2025-07-17,Mon-Th,2,43
16,0.03333333333333333,0.5,2,Mon-Th,1,2025-07-17,Mon-Th,2,43
16,120.0,150.0,2,Mon-Th,1,2025-07-17,Mon-Th,2,43
17,120.0,0.5,2,Mon-Th,1,2025-07-17,Mon-Th,2,43
16,120.0,0.5,2,Mon-Th,1,2025-07-17,Mon-Th,2,43
12,120.0,0.5,2,Mon-Th,1,2025-07-17,Mon-Th,2,43
16,120.0,150.0,2,Mon-Th,1,2025-07-17,Mon-Th,2,43
2,0.03333333333333333,0.5,2,Mon-Th,1,2025-07-17,Mon-Th,2,43
14,0.03333333333333333,0.5,2,Mon-Th,1,2025-07-17,Mon-Th,2,43
12,120.0,0.5,2,Mon-Th,1,2025-07-17,Mon-Th,2,43
16,120.0,0.5,2,Mon-Th,1,2025-07-17,Mon-Th,2,43
22,0.03333333333333333,150.0,2,Mon-Th,1,2025-07-17,Mon-Th,2,43
16,0.03333333333333333,150.0,2,Mon-Th,1,2025-07-17,Mon-Th,2,43
18,0.03333333333333333,150.0,2,Mon-Th,1,2025-07-17,Mon-Th,2,43
22,120.0,150.0,2,Mon-Th,1,2025-07-17,Mon-Th,2,43
16,120.0,150.0,2,Mon-Th,1,2025-07-17,Mon-Th,2,43
22,0.03333333333333333,0.5,2,Mon-Th,1,2025-07-17,Mon-Th,2,43
12,0.03333333333333333,0.5,2,Mon-Th,1,2025-07-17,Mon-Th,2,43
16,0.03333333333333333,0.5,2,Mon-Th,1,2025-07-17,Mon-Th,2,43
16,0.03333333333333333,150.0,2,Mon-Th,1,2025-07-17,Mon-Th,2,43
18,120.0,0.5,2,Mon-Th,1,2025-07-17,Mon-Th,2,43
12,120.0,150.0,2,Mon-Th,1,2025-07-17,Mon-Th,2,43
15,0.03333333333333333,0.5,2,Mon-Th,1,2025-07-17,Mon-Th,2,43
16,0.03333333333333333,150.0,2,Mon-Th,1,2025-07-17,Mon-Th,2,43
16,0.03333333333333333,0.5,2,Mon-Th,1,2025-07-17,Mon-Th,2,43
16,120.0,0.5,2,Mon-Th,1,2025-07-17,Mon-Th,2,43
16,120.0,0.5,2,Mon-Th,1,2025-07-17,Mon-Th,2,43
16,0.03333333333333333,0.5,2,Mon-Th,1,2025-07-17,Mon-Th,2,43
14,0.03333333333333333,0.5,2,Mon-Th,1,2025-07-17,Mon-Th,2,43
16,120.0,150.0,2,Mon-Th,1,2025-07-17,Mon-Th,2,43
18,0.03333333333333333,0.5,2,Mon-Th,1,2025-07-21,Mon-Th,2,32
19,120.0,0.5,2,Mon-Th,1,2025-07-21,Mon-Th,2,32
16,0.03333333333333333,150.0,2,Mon-Th,1,2025-07-21,Mon-Th,2,32
18,0.03333333333333333,150.0,2,Mon-Th,1,2025-07-21,Mon-Th,2,32
16,0.03333333333333333,0.5,2,Mon-Th,1,2025-07-21,Mon-Th,2,32
23,120.0,150.0,2,Mon-Th,1,2025-07-21,Mon-Th,2,32
16,0.03333333333333333,0.5,2,Mon-Th,1,2025-07-21,Mon-Th,2,32
16,120.0,0.5,2,Mon-Th,1,2025-07-21,Mon-Th,2,32
12,0.03333333333333333,0.5,2,Mon-Th,1,2025-07-21,Mon-Th,2,32
16,0.03333333333333333,150.0,2,Mon-Th,1,2025-07-21,Mon-Th,2,32
20,120.0,150.0,2,Mon-Th,1,2025-07-21,Mon-Th,2,32
12,120.0,150.0,2,Mon-Th,1,2025-07-21,Mon-Th,2,32
16,0.03333333333333333,0.5,2,Mon-Th,1,2025-07-21,Mon-Th,2,32
19,0.03333333333333333,0.5,2,Mon-Th,1,2025-07-21,Mon-Th,2,32
15,120.0,150.0,2,Mon-Th,1,2025-07-21,Mon-Th,2,32
14,0.03333333333333333,150.0,2,Mon-Th,1,2025-07-21,Mon-Th,2,32
16,0.03333333333333333,0.5,2,Mon-Th,1,2025-07-21,Mon-Th,2,32
16,120.0,150.0,2,Mon-Th,1,2025-07-21,Mon-Th,2,32
16,0.03333333333333333,0.5,2,Mon-Th,1,2025-07-21,Mon-Th,2,32
16,120.0,150.0,2,Mon-Th,1,2025-07-21,Mon-Th,2,32
12,120.0,150.0,2,Mon-Th,1,2025-07-21,Mon-Th,2,32
12,120.0,150.0,2,Mon-Th,1,2025-07-21,Mon-Th,2,32
16,0.03333333333333333,0.5,2,Mon-Th,1,2025-07-21,Mon-Th,2,32
16,120.0,0.5,2,Mon-Th,1,2025-07-21,Mon-Th,2,32
16,0.03333333333333333,0.5,2,Mon-Th,1,2025-07-21,Mon-Th,2,32
1,120.0,0.5,2,Mon-Th,1,2025-07-21,Mon-Th,2,32
22,120.0,150.0,2,Mon-Th,1,2025-07-21,Mon-Th,2,32
16,0.03333333333333333,150.0,2,Mon-Th,1,2025-07-21,Mon-Th,2,32
2,120.0,150.0,2,Mon-Th,1,2025-07-21,Mon-Th,2,32
16,0.03333333333333333,0.5,2,Mon-Th,1,2025-07-21,Mon-Th,2,32
16,0.03333333333333333,0.5,2,Mon-Th,1,2025-07-21,Mon-Th,2,32
20,0.03333333333333333,150.0,2,Mon-Th,1,2025-07-21,Mon-Th,2,32
16,0.03333333333333333,0.5,2,Mon-Th,1,2025-07-22,Mon-Th,2,31
16,0.03333333333333333,150.0,2,Mon-Th,1,2025-07-22,Mon-Th,2,31
16,120.0,150.0,2,Mon-Th,1,2025-07-22,Mon-Th,2,31
13,0.03333333333333333,0.5,2,Mon-Th,1,2025-07-22,Mon-Th,2,31
16,0.03333333333333333,0.5,2,Mon-Th,1,2025-07-22,Mon-Th,2,31
22,0.03333333333333333,0.5,2,Mon-Th,1,2025-07-22,Mon-Th,2,31
12,120.0,0.5,2,Mon-Th,1,2025-07-22,Mon-Th,2,31
16,0.03333333333333333,0.5,2,Mon-Th,1,2025-07-22,Mon-Th,2,31
16,120.0,150.0,2,Mon-Th,1,2025-07-22,Mon-Th,2,31
16,120.0,0.5,2,Mon-Th,1,2025-07-22,Mon-Th,2,31
16,0.03333333333333333,0.5,2,Mon-Th,1,2025-07-22,Mon-Th,2,31
16,120.0,150.0,2,Mon-Th,1,2025-07-22,Mon-Th,2,31
12,120.0,150.0,2,Mon-Th,1,2025-07-22,Mon-Th,2,31
16,120.0,0.5,2,Mon-Th,1,2025-07-22,Mon-Th,2,31
19,0.03333333333333333,150.0,2,Mon-Th,1,2025-07-22,Mon-Th,2,31
14,120.0,0.5,2,Mon-Th,1,2025-07-22,Mon-Th,2,31
12,120.0,0.5,2,Mon-Th,1,2025-07-22,Mon-Th,2,31
16,120.0,150.0,2,Mon-Th,1,2025-07-22,Mon-Th,2,31
16,0.03333333333333333,150.0,2,Mon-Th,1,2025-07-22,Mon-Th,2,31
14,120.0,0.5,2,Mon-Th,1,2025-07-22,Mon-Th,2,31
18,0.03333333333333333,0.5,2,Mon-Th,1,2025-07-22,Mon-Th,2,31
16,0.03333333333333333,150.0,2,Mon-Th,1,2025-07-22,Mon-Th,2,31
19,0.03333333333333333,0.5,2,Mon-Th,1,2025-07-22,Mon-Th,2,31
16,0.03333333333333333,0.5,2,Mon-Th,1,2025-07-22,Mon-Th,2,31
12,120.0,150.0,2,Mon-Th,1,2025-07-22,Mon-Th,2,31
16,0.03333333333333333,0.5,2,Mon-Th,1,2025-07-22,Mon-Th,2,31
19,120.0,0.5,2,Mon-Th,1,2025-07-22,Mon-Th,2,31
22,0.03333333333333333,0.5,2,Mon-Th,1,2025-07-22,Mon-Th,2,31
12,0.03333333333333333,150.0,2,Mon-Th,1,2025-07-22,Mon-Th,2,31
12,0.03333333333333333,150.0,2,Mon-Th,1,2025-07-22,Mon-Th,2,31
19,120.0,0.5,2,Mon-Th,1,2025-07-22,Mon-Th,2,31
16,120.0,0.5,2,Mon-Th,1,2025-07-23,Mon-Th,2,30
10,0.03333333333333333,0.5,2,Mon-Th,1,2025-07-23,Mon-Th,2,30
18,120.0,0.5,2,Mon-Th,1,2025-07-23,Mon-Th,2,30
16,0.03333333333333333,150.0,2,Mon-Th,1,2025-07-23,Mon-Th,2,30
16,0.03333333333333333,0.5,2,Mon-Th,1,2025-07-23,Mon-Th,2,30
17,120.0,0.5,2,Mon-Th,1,2025-07-23,Mon-Th,2,30
10,120.0,150.0,2,Mon-Th,1,2025-07-23,Mon-Th,2,30
15,0.03333333333333333,0.5,2,Mon-Th,1,2025-07-23,Mon-Th,2,30
12,0.03333333333333333,150.0,2,Mon-Th,1,2025-07-23,Mon-Th,2,30
16,0.03333333333333333,0.5,2,Mon-Th,1,2025-07-23,Mon-Th,2,30
12,120.0,150.0,2,Mon-Th,1,2025-07-23,Mon-Th,2,30
16,120.0,0.5,2,Mon-Th,1,2025-07-23,Mon-Th,2,30
6,0.03333333333333333,0.5,2,Mon-Th,1,2025-07-23,Mon-Th,2,30
16,0.03333333333333333,150.0,2,Mon-Th,1,2025-07-23,Mon-Th,2,30
16,120.0,150.0,2,Mon-Th,1,2025-07-23,Mon-Th,2,30
16,120.0,0.5,2,Mon-Th,1,2025-07-23,Mon-Th,2,30
22,0.03333333333333333,0.5,2,Mon-Th,1,2025-07-23,Mon-Th,2,30
16,120.0,150.0,2,Mon-Th,1,2025-07-23,Mon-Th,2,30
12,0.03333333333333333,150.0,2,Mon-Th,1,2025-07-23,Mon-Th,2,30
13,120.0,150.0,2,Mon-Th,1,2025-07-23,Mon-Th,2,30
21,120.0,0.5,2,Mon-Th,1,2025-07-23,Mon-Th,2,30
17,120.0,0.5,2,Mon-Th,1,2025-07-23,Mon-Th,2,30
16,120.0,150.0,2,Mon-Th,1,2025-07-23,Mon-Th,2,30
16,120.0,150.0,2,Mon-Th,1,2025-07-23,Mon-Th,2,30
17,120.0,150.0,2,Mon-Th,1,2025-07-23,Mon-Th,2,30
23,0.03333333333333333,0.5,2,Mon-Th,1,2025-07-23,Mon-Th,2,30
14,0.03333333333333333,0.5,2,Mon-Th,1,2025-07-23,Mon-Th,2,30
16,120.0,0.5,2,Mon-Th,1,2025-07-23,Mon-Th,2,30
17,120.0,150.0,2,Mon-Th,1,2025-07-23,Mon-Th,2,30
17,0.03333333333333333,150.0,2,Mon-Th,1,2025-07-23,Mon-Th,2,30
16,0.03333333333333333,0.5,2,Mon-Th,1,2025-07-24,Mon-Th,2,14
20,0.03333333333333333,150.0,2,Mon-Th,1,2025-07-24,Mon-Th,2,14
16,0.03333333333333333,0.5,2,Mon-Th,1,2025-07-24,Mon-Th,2,14
14,0.03333333333333333,150.0,2,Mon-Th,1,2025-07-24,Mon-Th,2,14
12,0.03333333333333333,150.0,2,Mon-Th,1,2025-07-24,Mon-Th,2,14
16,120.0,150.0,2,Mon-Th,1,2025-07-24,Mon-Th,2,14
11,120.0,0.5,2,Mon-Th,1,2025-07-24,Mon-Th,2,14
14,120.0,0.5,2,Mon-Th,1,2025-07-24,Mon-Th,2,14
5,120.0,0.5,2,Mon-Th,1,2025-07-24,Mon-Th,2,14
14,120.0,0.5,2,Mon-Th,1,2025-07-24,Mon-Th,2,14
20,0.03333333333333333,150.0,2,Mon-Th,1,2025-07-24,Mon-Th,2,14
17,120.0,150.0,2,Mon-Th,1,2025-07-24,Mon-Th,2,14
16,0.03333333333333333,150.0,2,Mon-Th,1,2025-07-24,Mon-Th,2,14
16,120.0,150.0,2,Mon-Th,1,2025-07-24,Mon-Th,2,14
13,120.0,0.5,2,Mon-Th,1,2025-07-28,Mon-Th,2,19
12,120.0,150.0,2,Mon-Th,1,2025-07-28,Mon-Th,2,19
16,120.0,150.0,2,Mon-Th,1,2025-07-28,Mon-Th,2,19
16,120.0,150.0,2,Mon-Th,1,2025-07-28,Mon-Th,2,19
16,0.03333333333333333,0.5,2,Mon-Th,1,2025-07-28,Mon-Th,2,19
16,120.0,150.0,2,Mon-Th,1,2025-07-28,Mon-Th,2,19
14,120.0,0.5,2,Mon-Th,1,2025-07-28,Mon-Th,2,19
14,0.03333333333333333,0.5,2,Mon-Th,1,2025-07-28,Mon-Th,2,19
16,0.03333333333333333,0.5,2,Mon-Th,1,2025-07-28,Mon-Th,2,19
16,120.0,150.0,2,Mon-Th,1,2025-07-28,Mon-Th,2,19
20,0.03333333333333333,0.5,2,Mon-Th,1,2025-07-28,Mon-Th,2,19
16,0.03333333333333333,150.0,2,Mon-Th,1,2025-07-28,Mon-Th,2,19
22,0.03333333333333333,150.0,2,Mon-Th,1,2025-07-28,Mon-Th,2,19
14,0.03333333333333333,150.0,2,Mon-Th,1,2025-07-28,Mon-Th,2,19
18,0.03333333333333333,150.0,2,Mon-Th,1,2025-07-28,Mon-Th,2,19
14,0.03333333333333333,0.5,2,Mon-Th,1,2025-07-28,Mon-Th,2,19
12,120.0,0.5,2,Mon-Th,1,2025-07-28,Mon-Th,2,19
17,120.0,150.0,2,Mon-Th,1,2025-07-28,Mon-Th,2,19
16,0.03333333333333333,150.0,2,Mon-Th,1,2025-07-28,Mon-Th,2,19
19,0.03333333333333333,0.5,2,Mon-Th,1,2025-07-29,Mon-Th,2,28
16,120.0,0.5,2,Mon-Th,1,2025-07-29,Mon-Th,2,28
14,0.03333333333333333,0.5,2,Mon-Th,1,2025-07-29,Mon-Th,2,28
16,0.03333333333333333,150.0,2,Mon-Th,1,2025-07-29,Mon-Th,2,28
16,0.03333333333333333,150.0,2,Mon-Th,1,2025-07-29,Mon-Th,2,28
16,120.0,150.0,2,Mon-Th,1,2025-07-29,Mon-Th,2,28
16,120.0,0.5,2,Mon-Th,1,2025-07-29,Mon-Th,2,28
17,120.0,150.0,2,Mon-Th,1,2025-07-29,Mon-Th,2,28
16,0.03333333333333333,0.5,2,Mon-Th,1,2025-07-29,Mon-Th,2,28
20,0.03333333333333333,0.5,2,Mon-Th,1,2025-07-29,Mon-Th,2,28
16,0.03333333333333333,150.0,2,Mon-Th,1,2025-07-29,Mon-Th,2,28
7,120.0,0.5,2,Mon-Th,1,2025-07-29,Mon-Th,2,28
17,120.0,0.5,2,Mon-Th,1,2025-07-29,Mon-Th,2,28
16,0.03333333333333333,0.5,2,Mon-Th,1,2025-07-29,Mon-Th,2,28
12,120.0,150.0,2,Mon-Th,1,2025-07-29,Mon-Th,2,28
14,0.03333333333333333,0.5,2,Mon-Th,1,2025-07-29,Mon-Th,2,28
15,120.0,0.5,2,Mon-Th,1,2025-07-29,Mon-Th,2,28
17,120.0,150.0,2,Mon-Th,1,2025-07-29,Mon-Th,2,28
14,120.0,150.0,2,Mon-Th,1,2025-07-29,Mon-Th,2,28
12,120.0,150.0,2,Mon-Th,1,2025-07-29,Mon-Th,2,28
16,0.03333333333333333,0.5,2,Mon-Th,1,2025-07-29,Mon-Th,2,28
12,120.0,150.0,2,Mon-Th,1,2025-07-29,Mon-Th,2,28
16,0.03333333333333333,150.0,2,Mon-Th,1,2025-07-29,Mon-Th,2,28
16,120.0,0.5,2,Mon-Th,1,2025-07-29,Mon-Th,2,28
18,0.03333333333333333,0.5,2,Mon-Th,1,2025-07-29,Mon-Th,2,28
22,120.0,0.5,2,Mon-Th,1,2025-07-29,Mon-Th,2,28
18,120.0,0.5,2,Mon-Th,1,2025-07-29,Mon-Th,2,28
16,120.0,150.0,2,Mon-Th,1,2025-07-29,Mon-Th,2,28
16,120.0,0.5,2,Mon-Th,1,2025-07-30,Mon-Th,2,26
16,0.03333333333333333,150.0,2,Mon-Th,1,2025-07-30,Mon-Th,2,26
19,120.0,0.5,2,Mon-Th,1,2025-07-30,Mon-Th,2,26
16,0.03333333333333333,150.0,2,Mon-Th,1,2025-07-30,Mon-Th,2,26
12,120.0,0.5,2,Mon-Th,1,2025-07-30,Mon-Th,2,26
16,0.03333333333333333,150.0,2,Mon-Th,1,2025-07-30,Mon-Th,2,26
16,0.03333333333333333,0.5,2,Mon-Th,1,2025-07-30,Mon-Th,2,26
14,0.03333333333333333,150.0,2,Mon-Th,1,2025-07-30,Mon-Th,2,26
14,0.03333333333333333,0.5,2,Mon-Th,1,2025-07-30,Mon-Th,2,26
16,0.03333333333333333,150.0,2,Mon-Th,1,2025-07-30,Mon-Th,2,26
16,120.0,150.0,2,Mon-Th,1,2025-07-30,Mon-Th,2,26
18,0.03333333333333333,0.5,2,Mon-Th,1,2025-07-30,Mon-Th,2,26
16,0.03333333333333333,0.5,2,Mon-Th,1,2025-07-30,Mon-Th,2,26
18,0.03333333333333333,150.0,2,Mon-Th,1,2025-07-30,Mon-Th,2,26
18,120.0,0.5,2,Mon-Th,1,2025-07-30,Mon-Th,2,26
16,0.03333333333333333,150.0,2,Mon-Th,1,2025-07-30,Mon-Th,2,26
16,120.0,0.5,2,Mon-Th,1,2025-07-30,Mon-Th,2,26
19,0.03333333333333333,0.5,2,Mon-Th,1,2025-07-30,Mon-Th,2,26
14,0.03333333333333333,0.5,2,Mon-Th,1,2025-07-30,Mon-Th,2,26
22,0.03333333333333333,0.5,2,Mon-Th,1,2025-07-30,Mon-Th,2,26
16,0.03333333333333333,0.5,2,Mon-Th,1,2025-07-30,Mon-Th,2,26
16,0.03333333333333333,150.0,2,Mon-Th,1,2025-07-30,Mon-Th,2,26
17,0.03333333333333333,0.5,2,Mon-Th,1,2025-07-30,Mon-Th,2,26
16,0.03333333333333333,150.0,2,Mon-Th,1,2025-07-30,Mon-Th,2,26
12,120.0,0.5,2,Mon-Th,1,2025-07-30,Mon-Th,2,26
13,0.03333333333333333,0.5,2,Mon-Th,1,2025-07-30,Mon-Th,2,26
17,120.0,150.0,2,Mon-Th,1,2025-07-31,Mon-Th,2,28
16,120.0,150.0,2,Mon-Th,1,2025-07-31,Mon-Th,2,28
19,120.0,0.5,2,Mon-Th,1,2025-07-31,Mon-Th,2,28
16,120.0,0.5,2,Mon-Th,1,2025-07-31,Mon-Th,2,28
12,120.0,150.0,2,Mon-Th,1,2025-07-31,Mon-Th,2,28
8,120.0,0.5,2,Mon-Th,1,2025-07-31,Mon-Th,2,28
16,0.03333333333333333,150.0,2,Mon-Th,1,2025-07-31,Mon-Th,2,28
16,0.03333333333333333,150.0,2,Mon-Th,1,2025-07-31,Mon-Th,2,28
17,120.0,0.5,2,Mon-Th,1,2025-07-31,Mon-Th,2,28
23,120.0,0.5,2,Mon-Th,1,2025-07-31,Mon-Th,2,28
14,120.0,0.5,2,Mon-Th,1,2025-07-31,Mon-Th,2,28
1,120.0,0.5,2,Mon-Th,1,2025-07-31,Mon-Th,2,28
16,120.0,150.0,2,Mon-Th,1,2025-07-31,Mon-Th,2,28
16,120.0,0.5,2,Mon-Th,1,2025-07-31,Mon-Th,2,28
16,0.03333333333333333,150.0,2,Mon-Th,1,2025-07-31,Mon-Th,2,28
21,0.03333333333333333,0.5,2,Mon-Th,1,2025-07-31,Mon-Th,2,28
16,0.03333333333333333,150.0,2,Mon-Th,1,2025-07-31,Mon-Th,2,28
16,0.03333333333333333,150.0,2,Mon-Th,1,2025-07-31,Mon-Th,2,28
20,0.03333333333333333,0.5,2,Mon-Th,1,2025-07-31,Mon-Th,2,28
6,120.0,0.5,2,Mon-Th,1,2025-07-31,Mon-Th,2,28
16,120.0,150.0,2,Mon-Th,1,2025-07-31,Mon-Th,2,28
0,0.03333333333333333,150.0,2,Mon-Th,1,2025-07-31,Mon-Th,2,28
20,0.03333333333333333,0.5,2,Mon-Th,1,2025-07-31,Mon-Th,2,28
21,120.0,0.5,2,Mon-Th,1,2025-07-31,Mon-Th,2,28
22,0.03333333333333333,150.0,2,Mon-Th,1,2025-07-31,Mon-Th,2,28
12,120.0,0.5,2,Mon-Th,1,2025-07-31,Mon-Th,2,28
17,120.0,0.5,2,Mon-Th,1,2025-07-31,Mon-Th,2,28
16,0.03333333333333333,150.0,2,Mon-Th,1,2025-07-31,Mon-Th,2,28
14,0.03333333333333333,0.5,2,Mon-Th,1,2025-08-04,Mon-Th,2,26
16,0.03333333333333333,0.5,2,Mon-Th,1,2025-08-04,Mon-Th,2,26
16,120.0,0.5,2,Mon-Th,1,2025-08-04,Mon-Th,2,26
12,120.0,0.5,2,Mon-Th,1,2025-08-04,Mon-Th,2,26
14,0.03333333333333333,0.5,2,Mon-Th,1,2025-08-04,Mon-Th,2,26
19,120.0,150.0,2,Mon-Th,1,2025-08-04,Mon-Th,2,26
14,0.03333333333333333,0.5,2,Mon-Th,1,2025-08-04,Mon-Th,2,26
14,0.03333333333333333,150.0,2,Mon-Th,1,2025-08-04,Mon-Th,2,26
16,120.0,150.0,2,Mon-Th,1,2025-08-04,Mon-Th,2,26
16,0.03333333333333333,0.5,2,Mon-Th,1,2025-08-04,Mon-Th,2,26
14,0.03333333333333333,0.5,2,Mon-Th,1,2025-08-04,Mon-Th,2,26
17,0.03333333333333333,0.5,2,Mon-Th,1,2025-08-04,Mon-Th,2,26
16,120.0,150.0,2,Mon-Th,1,2025-08-04,Mon-Th,2,26
18,120.0,150.0,2,Mon-Th,1,2025-08-04,Mon-Th,2,26
15,0.03333333333333333,0.5,2,Mon-Th,1,2025-08-04,Mon-Th,2,26
17,120.0,150.0,2,Mon-Th,1,2025-08-04,Mon-Th,2,26
16,120.0,0.5,2,Mon-Th,1,2025-08-04,Mon-Th,2,26
16,120.0,150.0,2,Mon-Th,1,2025-08-04,Mon-Th,2,26
12,120.0,150.0,2,Mon-Th,1,2025-08-04,Mon-Th,2,26
22,0.03333333333333333,0.5,2,Mon-Th,1,2025-08-04,Mon-Th,2,26
18,120.0,0.5,2,Mon-Th,1,2025-08-04,Mon-Th,2,26
19,120.0,0.5,2,Mon-Th,1,2025-08-04,Mon-Th,2,26
16,0.03333333333333333,150.0,2,Mon-Th,1,2025-08-04,Mon-Th,2,26
12,120.0,0.5,2,Mon-Th,1,2025-08-04,Mon-Th,2,26
16,120.0,0.5,2,Mon-Th,1,2025-08-04,Mon-Th,2,26
20,0.03333333333333333,0.5,2,Mon-Th,1,2025-08-04,Mon-Th,2,26
16,0.03333333333333333,150.0,2,Mon-Th,1,2025-08-05,Mon-Th,2,25
16,0.03333333333333333,0.5,2,Mon-Th,1,2025-08-05,Mon-Th,2,25
15,120.0,0.5,2,Mon-Th,1,2025-08-05,Mon-Th,2,25
16,0.03333333333333333,0.5,2,Mon-Th,1,2025-08-05,Mon-Th,2,25
18,0.03333333333333333,0.5,2,Mon-Th,1,2025-08-05,Mon-Th,2,25
14,0.03333333333333333,0.5,2,Mon-Th,1,2025-08-05,Mon-Th,2,25
12,120.0,150.0,2,Mon-Th,1,2025-08-05,Mon-Th,2,25
3,0.03333333333333333,150.0,2,Mon-Th,1,2025-08-05,Mon-Th,2,25
14,0.03333333333333333,0.5,2,Mon-Th,1,2025-08-05,Mon-Th,2,25
20,0.03333333333333333,0.5,2,Mon-Th,1,2025-08-05,Mon-Th,2,25
16,120.0,0.5,2,Mon-Th,1,2025-08-05,Mon-Th,2,25
14,120.0,150.0,2,Mon-Th,1,2025-08-05,Mon-Th,2,25
21,0.03333333333333333,150.0,2,Mon-Th,1,2025-08-05,Mon-Th,2,25
16,0.03333333333333333,150.0,2,Mon-Th,1,2025-08-05,Mon-Th,2,25
16,0.03333333333333333,150.0,2,Mon-Th,1,2025-08-05,Mon-Th,2,25
16,120.0,0.5,2,Mon-Th,1,2025-08-05,Mon-Th,2,25
16,120.0,0.5,2,Mon-Th,1,2025-08-05,Mon-Th,2,25
22,0.03333333333333333,150.0,2,Mon-Th,1,2025-08-05,Mon-Th,2,25
16,0.03333333333333333,0.5,2,Mon-Th,1,2025-08-05,Mon-Th,2,25
16,120.0,0.5,2,Mon-Th,1,2025-08-05,Mon-Th,2,25
18,120.0,0.5,2,Mon-Th,1,2025-08-05,Mon-Th,2,25
16,120.0,0.5,2,Mon-Th,1,2025-08-05,Mon-Th,2,25
16,0.03333333333333333,0.5,2,Mon-Th,1,2025-08-05,Mon-Th,2,25
20,0.03333333333333333,0.5,2,Mon-Th,1,2025-08-05,Mon-Th,2,25
12,120.0,150.0,2,Mon-Th,1,2025-08-05,Mon-Th,2,25
19,0.03333333333333333,0.5,2,Mon-Th,1,2025-08-06,Mon-Th,2,43
16,0.03333333333333333,150.0,2,Mon-Th,1,2025-08-06,Mon-Th,2,43
16,120.0,150.0,2,Mon-Th,1,2025-08-06,Mon-Th,2,43
16,120.0,0.5,2,Mon-Th,1,2025-08-06,Mon-Th,2,43
16,0.03333333333333333,150.0,2,Mon-Th,1,2025-08-06,Mon-Th,2,43
14,0.03333333333333333,150.0,2,Mon-Th,1,2025-08-06,Mon-Th,2,43
16,120.0,150.0,2,Mon-Th,1,2025-08-06,Mon-Th,2,43
12,120.0,150.0,2,Mon-Th,1,2025-08-06,Mon-Th,2,43
16,120.0,0.5,2,Mon-Th,1,2025-08-06,Mon-Th,2,43
14,120.0,150.0,2,Mon-Th,1,2025-08-06,Mon-Th,2,43
22,0.03333333333333333,0.5,2,Mon-Th,1,2025-08-06,Mon-Th,2,43
15,120.0,0.5,2,Mon-Th,1,2025-08-06,Mon-Th,2,43
16,120.0,0.5,2,Mon-Th,1,2025-08-06,Mon-Th,2,43
16,0.03333333333333333,150.0,2,Mon-Th,1,2025-08-06,Mon-Th,2,43
23,0.03333333333333333,150.0,2,Mon-Th,1,2025-08-06,Mon-Th,2,43
16,120.0,0.5,2,Mon-Th,1,2025-08-06,Mon-Th,2,43
16,0.03333333333333333,150.0,2,Mon-Th,1,2025-08-06,Mon-Th,2,43
16,0.03333333333333333,150.0,2,Mon-Th,1,2025-08-06,Mon-Th,2,43
16,0.03333333333333333,0.5,2,Mon-Th,1,2025-08-06,Mon-Th,2,43
19,0.03333333333333333,150.0,2,Mon-Th,1,2025-08-06,Mon-Th,2,43
17,0.03333333333333333,150.0,2,Mon-Th,1,2025-08-06,Mon-Th,2,43
6,120.0,0.5,2,Mon-Th,1,2025-08-06,Mon-Th,2,43
0,120.0,0.5,2,Mon-Th,1,2025-08-06,Mon-Th,2,43
16,0.03333333333333333,150.0,2,Mon-Th,1,2025-08-06,Mon-Th,2,43
12,120.0,150.0,2,Mon-Th,1,2025-08-06,Mon-Th,2,43
21,0.03333333333333333,0.5,2,Mon-Th,1,2025-08-06,Mon-Th,2,43
16,120.0,0.5,2,Mon-Th,1,2025-08-06,Mon-Th,2,43
12,120.0,150.0,2,Mon-Th,1,2025-08-06,Mon-Th,2,43
17,0.03333333333333333,0.5,2,Mon-Th,1,2025-08-06,Mon-Th,2,43
15,0.03333333333333333,0.5,2,Mon-Th,1,2025-08-06,Mon-Th,2,43
16,0.03333333333333333,150.0,2,Mon-Th,1,2025-08-06,Mon-Th,2,43
16,120.0,0.5,2,Mon-Th,1,2025-08-06,Mon-Th,2,43
16,0.03333333333333333,150.0,2,Mon-Th,1,2025-08-06,Mon-Th,2,43
16,0.03333333333333333,0.5,2,Mon-Th,1,2025-08-06,Mon-Th,2,43
16,0.03333333333333333,0.5,2,Mon-Th,1,2025-08-06,Mon-Th,2,43
16,0.03333333333333333,0.5,2,Mon-Th,1,2025-08-06,Mon-Th,2,43
16,0.03333333333333333,0.5,2,Mon-Th,1,2025-08-06,Mon-Th,2,43
15,120.0,150.0,2,Mon-Th,1,2025-08-06,Mon-Th,2,43
16,120.0,150.0,2,Mon-Th,1,2025-08-06,Mon-Th,2,43
16,120.0,0.5,2,Mon-Th,1,2025-08-06,Mon-Th,2,43
17,120.0,0.5,2,Mon-Th,1,2025-08-06,Mon-Th,2,43
16,0.03333333333333333,150.0,2,Mon-Th,1,2025-08-06,Mon-Th,2,43
12,120.0,0.5,2,Mon-Th,1,2025-08-06,Mon-Th,2,43
16,0.03333333333333333,150.0,2,Mon-Th,1,2025-08-07,Mon-Th,2,26
16,120.0,0.5,2,Mon-Th,1,2025-08-07,Mon-Th,2,26
14,0.03333333333333333,150.0,2,Mon-Th,1,2025-08-07,Mon-Th,2,26
16,0.03333333333333333,0.5,2,Mon-Th,1,2025-08-07,Mon-Th,2,26
16,0.03333333333333333,0.5,2,Mon-Th,1,2025-08-07,Mon-Th,2,26
12,0.03333333333333333,150.0,2,Mon-Th,1,2025-08-07,Mon-Th,2,26
11,0.03333333333333333,150.0,2,Mon-Th,1,2025-08-07,Mon-Th,2,26
18,0.03333333333333333,0.5,2,Mon-Th,1,2025-08-07,Mon-Th,2,26
16,0.03333333333333333,0.5,2,Mon-Th,1,2025-08-07,Mon-Th,2,26
14,120.0,0.5,2,Mon-Th,1,2025-08-07,Mon-Th,2,26
19,120.0,150.0,2,Mon-Th,1,2025-08-07,Mon-Th,2,26
19,120.0,0.5,2,Mon-Th,1,2025-08-07,Mon-Th,2,26
10,0.03333333333333333,0.5,2,Mon-Th,1,2025-08-07,Mon-Th,2,26
16,120.0,150.0,2,Mon-Th,1,2025-08-07,Mon-Th,2,26
16,120.0,0.5,2,Mon-Th,1,2025-08-07,Mon-Th,2,26
16,120.0,0.5,2,Mon-Th,1,2025-08-07,Mon-Th,2,26
17,120.0,150.0,2,Mon-Th,1,2025-08-07,Mon-Th,2,26
16,0.03333333333333333,150.0,2,Mon-Th,1,2025-08-07,Mon-Th,2,26
15,0.03333333333333333,0.5,2,Mon-Th,1,2025-08-07,Mon-Th,2,26
21,120.0,0.5,2,Mon-Th,1,2025-08-07,Mon-Th,2,26
19,0.03333333333333333,0.5,2,Mon-Th,1,2025-08-07,Mon-Th,2,26
16,120.0,150.0,2,Mon-Th,1,2025-08-07,Mon-Th,2,26
16,0.03333333333333333,0.5,2,Mon-Th,1,2025-08-07,Mon-Th,2,26
22,120.0,0.5,2,Mon-Th,1,2025-08-07,Mon-Th,2,26
16,0.03333333333333333,0.5,2,Mon-Th,1,2025-08-07,Mon-Th,2,26
16,120.0,150.0,2,Mon-Th,1,2025-08-07,Mon-Th,2,26
16,120.0,0.5,2,Mon-Th,1,2025-08-11,Mon-Th,2,18
16,0.03333333333333333,0.5,2,Mon-Th,1,2025-08-11,Mon-Th,2,18
16,0.03333333333333333,0.5,2,Mon-Th,1,2025-08-11,Mon-Th,2,18
12,120.0,150.0,2,Mon-Th,1,2025-08-11,Mon-Th,2,18
20,120.0,0.5,2,Mon-Th,1,2025-08-11,Mon-Th,2,18
18,0.03333333333333333,150.0,2,Mon-Th,1,2025-08-11,Mon-Th,2,18
14,0.03333333333333333,0.5,2,Mon-Th,1,2025-08-11,Mon-Th,2,18
23,0.03333333333333333,0.5,2,Mon-Th,1,2025-08-11,Mon-Th,2,18
19,120.0,150.0,2,Mon-Th,1,2025-08-11,Mon-Th,2,18
18,120.0,0.5,2,Mon-Th,1,2025-08-11,Mon-Th,2,18
16,0.03333333333333333,0.5,2,Mon-Th,1,2025-08-11,Mon-Th,2,18
12,120.0,150.0,2,Mon-Th,1,2025-08-11,Mon-Th,2,18
16,0.03333333333333333,150.0,2,Mon-Th,1,2025-08-11,Mon-Th,2,18
16,0.03333333333333333,0.5,2,Mon-Th,1,2025-08-11,Mon-Th,2,18
16,120.0,150.0,2,Mon-Th,1,2025-08-11,Mon-Th,2,18
16,120.0,150.0,2,Mon-Th,1,2025-08-11,Mon-Th,2,18
14,0.03333333333333333,150.0,2,Mon-Th,1,2025-08-11,Mon-Th,2,18
16,0.03333333333333333,150.0,2,Mon-Th,1,2025-08-11,Mon-Th,2,18
12,120.0,0.5,2,Mon-Th,1,2025-08-12,Mon-Th,2,24
17,120.0,0.5,2,Mon-Th,1,2025-08-12,Mon-Th,2,24
20,0.03333333333333333,0.5,2,Mon-Th,1,2025-08-12,Mon-Th,2,24
4,120.0,0.5,2,Mon-Th,1,2025-08-12,Mon-Th,2,24
17,120.0,0.5,2,Mon-Th,1,2025-08-12,Mon-Th,2,24
0,0.03333333333333333,0.5,2,Mon-Th,1,2025-08-12,Mon-Th,2,24
13,120.0,150.0,2,Mon-Th,1,2025-08-12,Mon-Th,2,24
16,120.0,150.0,2,Mon-Th,1,2025-08-12,Mon-Th,2,24
12,120.0,150.0,2,Mon-Th,1,2025-08-12,Mon-Th,2,24
16,120.0,150.0,2,Mon-Th,1,2025-08-12,Mon-Th,2,24
17,120.0,150.0,2,Mon-Th,1,2025-08-12,Mon-Th,2,24
18,120.0,150.0,2,Mon-Th,1,2025-08-12,Mon-Th,2,24
21,120.0,0.5,2,Mon-Th,1,2025-08-12,Mon-Th,2,24
12,120.0,0.5,2,Mon-Th,1,2025-08-12,Mon-Th,2,24
16,0.03333333333333333,0.5,2,Mon-Th,1,2025-08-12,Mon-Th,2,24
11,0.03333333333333333,0.5,2,Mon-Th,1,2025-08-12,Mon-Th,2,24
14,0.03333333333333333,150.0,2,Mon-Th,1,2025-08-12,Mon-Th,2,24
17,0.03333333333333333,150.0,2,Mon-Th,1,2025-08-12,Mon-Th,2,24
12,120.0,150.0,2,Mon-Th,1,2025-08-12,Mon-Th,2,24
19,0.03333333333333333,0.5,2,Mon-Th,1,2025-08-12,Mon-Th,2,24
11,120.0,0.5,2,Mon-Th,1,2025-08-12,Mon-Th,2,24
18,0.03333333333333333,150.0,2,Mon-Th,1,2025-08-12,Mon-Th,2,24
16,0.03333333333333333,0.5,2,Mon-Th,1,2025-08-12,Mon-Th,2,24
16,0.03333333333333333,0.5,2,Mon-Th,1,2025-08-12,Mon-Th,2,24
14,0.03333333333333333,0.5,2,Mon-Th,1,2025-08-13,Mon-Th,2,29
12,120.0,0.5,2,Mon-Th,1,2025-08-13,Mon-Th,2,29
16,120.0,150.0,2,Mon-Th,1,2025-08-13,Mon-Th,2,29
19,0.03333333333333333,0.5,2,Mon-Th,1,2025-08-13,Mon-Th,2,29
17,0.03333333333333333,0.5,2,Mon-Th,1,2025-08-13,Mon-Th,2,29
15,0.03333333333333333,150.0,2,Mon-Th,1,2025-08-13,Mon-Th,2,29
12,120.0,0.5,2,Mon-Th,1,2025-08-13,Mon-Th,2,29
16,0.03333333333333333,150.0,2,Mon-Th,1,2025-08-13,Mon-Th,2,29
12,120.0,0.5,2,Mon-Th,1,2025-08-13,Mon-Th,2,29
2,0.03333333333333333,0.5,2,Mon-Th,1,2025-08-13,Mon-Th,2,29
16,120.0,150.0,2,Mon-Th,1,2025-08-13,Mon-Th,2,29
16,120.0,150.0,2,Mon-Th,1,2025-08-13,Mon-Th,2,29
16,120.0,150.0,2,Mon-Th,1,2025-08-13,Mon-Th,2,29
22,0.03333333333333333,0.5,2,Mon-Th,1,2025-08-13,Mon-Th,2,29
20,120.0,150.0,2,Mon-Th,1,2025-08-13,Mon-Th,2,29
16,0.03333333333333333,0.5,2,Mon-Th,1,2025-08-13,Mon-Th,2,29
16,0.03333333333333333,150.0,2,Mon-Th,1,2025-08-13,Mon-Th,2,29
17,0.03333333333333333,0.5,2,Mon-Th,1,2025-08-13,Mon-Th,2,29
23,120.0,0.5,2,Mon-Th,1,2025-08-13,Mon-Th,2,29
16,0.03333333333333333,0.5,2,Mon-Th,1,2025-08-13,Mon-Th,2,29
16,120.0,150.0,2,Mon-Th,1,2025-08-13,Mon-Th,2,29
16,120.0,150.0,2,Mon-Th,1,2025-08-13,Mon-Th,2,29
17,120.0,150.0,2,Mon-Th,1,2025-08-13,Mon-Th,2,29
2,0.03333333333333333,150.0,2,Mon-Th,1,2025-08-13,Mon-Th,2,29
12,120.0,150.0,2,Mon-Th,1,2025-08-13,Mon-Th,2,29
12,120.0,0.5,2,Mon-Th,1,2025-08-13,Mon-Th,2,29
16,0.03333333333333333,150.0,2,Mon-Th,1,2025-08-13,Mon-Th,2,29
16,120.0,150.0,2,Mon-Th,1,2025-08-13,Mon-Th,2,29
16,0.03333333333333333,150.0,2,Mon-Th,1,2025-08-13,Mon-Th,2,29
16,0.03333333333333333,0.5,2,Mon-Th,1,2025-08-14,Mon-Th,2,28
16,120.0,150.0,2,Mon-Th,1,2025-08-14,Mon-Th,2,28
16,0.03333333333333333,0.5,2,Mon-Th,1,2025-08-14,Mon-Th,2,28
21,120.0,0.5,2,Mon-Th,1,2025-08-14,Mon-Th,2,28
16,0.03333333333333333,0.5,2,Mon-Th,1,2025-08-14,Mon-Th,2,28
16,120.0,0.5,2,Mon-Th,1,2025-08-14,Mon-Th,2,28
14,0.03333333333333333,150.0,2,Mon-Th,1,2025-08-14,Mon-Th,2,28
14,0.03333333333333333,150.0,2,Mon-Th,1,2025-08-14,Mon-Th,2,28
17,120.0,0.5,2,Mon-Th,1,2025-08-14,Mon-Th,2,28
21,0.03333333333333333,0.5,2,Mon-Th,1,2025-08-14,Mon-Th,2,28
16,120.0,0.5,2,Mon-Th,1,2025-08-14,Mon-Th,2,28
12,0.03333333333333333,150.0,2,Mon-Th,1,2025-08-14,Mon-Th,2,28
16,120.0,0.5,2,Mon-Th,1,2025-08-14,Mon-Th,2,28
16,120.0,150.0,2,Mon-Th,1,2025-08-14,Mon-Th,2,28
16,0.03333333333333333,0.5,2,Mon-Th,1,2025-08-14,Mon-Th,2,28
16,0.03333333333333333,150.0,2,Mon-Th,1,2025-08-14,Mon-Th,2,28
16,0.03333333333333333,150.0,2,Mon-Th,1,2025-08-14,Mon-Th,2,28
21,0.03333333333333333,0.5,2,Mon-Th,1,2025-08-14,Mon-Th,2,28
12,120.0,150.0,2,Mon-Th,1,2025-08-14,Mon-Th,2,28
16,0.03333333333333333,150.0,2,Mon-Th,1,2025-08-14,Mon-Th,2,28
12,120.0,0.5,2,Mon-Th,1,2025-08-14,Mon-Th,2,28
17,0.03333333333333333,0.5,2,Mon-Th,1,2025-08-14,Mon-Th,2,28
21,0.03333333333333333,0.5,2,Mon-Th,1,2025-08-14,Mon-Th,2,28
16,120.0,0.5,2,Mon-Th,1,2025-08-14,Mon-Th,2,28
21,120.0,0.5,2,Mon-Th,1,2025-08-14,Mon-Th,2,28
16,0.03333333333333333,0.5,2,Mon-Th,1,2025-08-14,Mon-Th,2,28
13,120.0,0.5,2,Mon-Th,1,2025-08-14,Mon-Th,2,28
16,120.0,150.0,2,Mon-Th,1,2025-08-14,Mon-Th,2,28
12,120.0,0.5,2,Mon-Th,1,2025-08-18,Mon-Th,2,27
12,120.0,150.0,2,Mon-Th,1,2025-08-18,Mon-Th,2,27
14,0.03333333333333333,0.5,2,Mon-Th,1,2025-08-18,Mon-Th,2,27
14,0.03333333333333333,0.5,2,Mon-Th,1,2025-08-18,Mon-Th,2,27
21,0.03333333333333333,0.5,2,Mon-Th,1,2025-08-18,Mon-Th,2,27
12,120.0,0.5,2,Mon-Th,1,2025-08-18,Mon-Th,2,27
14,0.03333333333333333,0.5,2,Mon-Th,1,2025-08-18,Mon-Th,2,27
12,0.03333333333333333,150.0,2,Mon-Th,1,2025-08-18,Mon-Th,2,27
12,120.0,0.5,2,Mon-Th,1,2025-08-18,Mon-Th,2,27
16,0.03333333333333333,150.0,2,Mon-Th,1,2025-08-18,Mon-Th,2,27
12,120.0,150.0,2,Mon-Th,1,2025-08-18,Mon-Th,2,27
13,120.0,0.5,2,Mon-Th,1,2025-08-18,Mon-Th,2,27
16,0.03333333333333333,150.0,2,Mon-Th,1,2025-08-18,Mon-Th,2,27
14,120.0,0.5,2,Mon-Th,1,2025-08-18,Mon-Th,2,27
12,120.0,150.0,2,Mon-Th,1,2025-08-18,Mon-Th,2,27
12,120.0,150.0,2,Mon-Th,1,2025-08-18,Mon-Th,2,27
16,0.03333333333333333,150.0,2,Mon-Th,1,2025-08-18,Mon-Th,2,27
15,0.03333333333333333,0.5,2,Mon-Th,1,2025-08-18,Mon-Th,2,27
12,120.0,0.5,2,Mon-Th,1,2025-08-18,Mon-Th,2,27
16,120.0,0.5,2,Mon-Th,1,2025-08-18,Mon-Th,2,27
14,0.03333333333333333,0.5,2,Mon-Th,1,2025-08-18,Mon-Th,2,27
16,0.03333333333333333,150.0,2,Mon-Th,1,2025-08-18,Mon-Th,2,27
16,0.03333333333333333,150.0,2,Mon-Th,1,2025-08-18,Mon-Th,2,27
16,120.0,0.5,2,Mon-Th,1,2025-08-18,Mon-Th,2,27
17,120.0,150.0,2,Mon-Th,1,2025-08-18,Mon-Th,2,27
14,0.03333333333333333,150.0,2,Mon-Th,1,2025-08-18,Mon-Th,2,27
12,120.0,150.0,2,Mon-Th,1,2025-08-18,Mon-Th,2,27
14,0.03333333333333333,0.5,2,Mon-Th,1,2025-08-19,Mon-Th,2,26
12,120.0,0.5,2,Mon-Th,1,2025-08-19,Mon-Th,2,26
12,120.0,150.0,2,Mon-Th,1,2025-08-19,Mon-Th,2,26
16,0.03333333333333333,150.0,2,Mon-Th,1,2025-08-19,Mon-Th,2,26
16,0.03333333333333333,0.5,2,Mon-Th,1,2025-08-19,Mon-Th,2,26
17,120.0,150.0,2,Mon-Th,1,2025-08-19,Mon-Th,2,26
16,0.03333333333333333,0.5,2,Mon-Th,1,2025-08-19,Mon-Th,2,26
16,0.03333333333333333,150.0,2,Mon-Th,1,2025-08-19,Mon-Th,2,26
16,120.0,150.0,2,Mon-Th,1,2025-08-19,Mon-Th,2,26
16,120.0,150.0,2,Mon-Th,1,2025-08-19,Mon-Th,2,26
16,120.0,0.5,2,Mon-Th,1,2025-08-19,Mon-Th,2,26
20,0.03333333333333333,150.0,2,Mon-Th,1,2025-08-19,Mon-Th,2,26
19,120.0,150.0,2,Mon-Th,1,2025-08-19,Mon-Th,2,26
16,120.0,0.5,2,Mon-Th,1,2025-08-19,Mon-Th,2,26
17,120.0,150.0,2,Mon-Th,1,2025-08-19,Mon-Th,2,26
12,120.0,150.0,2,Mon-Th,1,2025-08-19,Mon-Th,2,26
16,120.0,150.0,2,Mon-Th,1,2025-08-19,Mon-Th,2,26
17,0.03333333333333333,150.0,2,Mon-Th,1,2025-08-19,Mon-Th,2,26
16,120.0,150.0,2,Mon-Th,1,2025-08-19,Mon-Th,2,26
0,120.0,0.5,2,Mon-Th,1,2025-08-19,Mon-Th,2,26
22,0.03333333333333333,0.5,2,Mon-Th,1,2025-08-19,Mon-Th,2,26
16,0.03333333333333333,150.0,2,Mon-Th,1,2025-08-19,Mon-Th,2,26
17,120.0,0.5,2,Mon-Th,1,2025-08-19,Mon-Th,2,26
17,120.0,0.5,2,Mon-Th,1,2025-08-19,Mon-Th,2,26
14,0.03333333333333333,0.5,2,Mon-Th,1,2025-08-19,Mon-Th,2,26
12,0.03333333333333333,150.0,2,Mon-Th,1,2025-08-19,Mon-Th,2,26
17,0.03333333333333333,0.5,2,Mon-Th,1,2025-08-20,Mon-Th,2,27
16,0.03333333333333333,150.0,2,Mon-Th,1,2025-08-20,Mon-Th,2,27
16,120.0,0.5,2,Mon-Th,1,2025-08-20,Mon-Th,2,27
16,0.03333333333333333,150.0,2,Mon-Th,1,2025-08-20,Mon-Th,2,27
16,0.03333333333333333,0.5,2,Mon-Th,1,2025-08-20,Mon-Th,2,27
16,120.0,0.5,2,Mon-Th,1,2025-08-20,Mon-Th,2,27
12,120.0,150.0,2,Mon-Th,1,2025-08-20,Mon-Th,2,27
16,120.0,0.5,2,Mon-Th,1,2025-08-20,Mon-Th,2,27
19,120.0,150.0,2,Mon-Th,1,2025-08-20,Mon-Th,2,27
16,120.0,0.5,2,Mon-Th,1,2025-08-20,Mon-Th,2,27
22,120.0,0.5,2,Mon-Th,1,2025-08-20,Mon-Th,2,27
19,120.0,0.5,2,Mon-Th,1,2025-08-20,Mon-Th,2,27
16,0.03333333333333333,150.0,2,Mon-Th,1,2025-08-20,Mon-Th,2,27
16,0.03333333333333333,150.0,2,Mon-Th,1,2025-08-20,Mon-Th,2,27
14,120.0,150.0,2,Mon-Th,1,2025-08-20,Mon-Th,2,27
16,0.03333333333333333,0.5,2,Mon-Th,1,2025-08-20,Mon-Th,2,27
22,0.03333333333333333,0.5,2,Mon-Th,1,2025-08-20,Mon-Th,2,27
16,120.0,150.0,2,Mon-Th,1,2025-08-20,Mon-Th,2,27
12,120.0,150.0,2,Mon-Th,1,2025-08-20,Mon-Th,2,27
16,0.03333333333333333,0.5,2,Mon-Th,1,2025-08-20,Mon-Th,2,27
17,120.0,0.5,2,Mon-Th,1,2025-08-20,Mon-Th,2,27
12,120.0,0.5,2,Mon-Th,1,2025-08-20,Mon-Th,2,27
16,0.03333333333333333,150.0,2,Mon-Th,1,2025-08-20,Mon-Th,2,27
14,0.03333333333333333,150.0,2,Mon-Th,1,2025-08-20,Mon-Th,2,27
20,120.0,0.5,2,Mon-Th,1,2025-08-20,Mon-Th,2,27
12,120.0,0.5,2,Mon-Th,1,2025-08-20,Mon-Th,2,27
12,120.0,150.0,2,Mon-Th,1,2025-08-20,Mon-Th,2,27
18,0.03333333333333333,0.5,2,Mon-Th,1,2025-08-21,Mon-Th,2,29
16,0.03333333333333333,0.5,2,Mon-Th,1,2025-08-21,Mon-Th,2,29
12,120.0,150.0,2,Mon-Th,1,2025-08-21,Mon-Th,2,29
16,120.0,0.5,2,Mon-Th,1,2025-08-21,Mon-Th,2,29
16,120.0,0.5,2,Mon-Th,1,2025-08-21,Mon-Th,2,29
14,0.03333333333333333,150.0,2,Mon-Th,1,2025-08-21,Mon-Th,2,29
16,0.03333333333333333,0.5,2,Mon-Th,1,2025-08-21,Mon-Th,2,29
1,120.0,0.5,2,Mon-Th,1,2025-08-21,Mon-Th,2,29
12,0.03333333333333333,0.5,2,Mon-Th,1,2025-08-21,Mon-Th,2,29
14,120.0,0.5,2,Mon-Th,1,2025-08-21,Mon-Th,2,29
12,120.0,0.5,2,Mon-Th,1,2025-08-21,Mon-Th,2,29
8,0.03333333333333333,0.5,2,Mon-Th,1,2025-08-21,Mon-Th,2,29
16,120.0,0.5,2,Mon-Th,1,2025-08-21,Mon-Th,2,29
14,120.0,150.0,2,Mon-Th,1,2025-08-21,Mon-Th,2,29
16,0.03333333333333333,150.0,2,Mon-Th,1,2025-08-21,Mon-Th,2,29
12,120.0,150.0,2,Mon-Th,1,2025-08-21,Mon-Th,2,29
16,0.03333333333333333,0.5,2,Mon-Th,1,2025-08-21,Mon-Th,2,29
12,120.0,0.5,2,Mon-Th,1,2025-08-21,Mon-Th,2,29
17,120.0,0.5,2,Mon-Th,1,2025-08-21,Mon-Th,2,29
14,0.03333333333333333,0.5,2,Mon-Th,1,2025-08-21,Mon-Th,2,29
17,120.0,150.0,2,Mon-Th,1,2025-08-21,Mon-Th,2,29
22,0.03333333333333333,0.5,2,Mon-Th,1,2025-08-21,Mon-Th,2,29
12,120.0,150.0,2,Mon-Th,1,2025-08-21,Mon-Th,2,29
14,120.0,0.5,2,Mon-Th,1,2025-08-21,Mon-Th,2,29
16,120.0,150.0,2,Mon-Th,1,2025-08-21,Mon-Th,2,29
14,0.03333333333333333,0.5,2,Mon-Th,1,2025-08-21,Mon-Th,2,29
16,0.03333333333333333,150.0,2,Mon-Th,1,2025-08-21,Mon-Th,2,29
16,120.0,0.5,2,Mon-Th,1,2025-08-21,Mon-Th,2,29
17,120.0,150.0,2,Mon-Th,1,2025-08-21,Mon-Th,2,29
0,0.03333333333333333,0.5,2,Mon-Th,1,2025-08-25,Mon-Th,2,30
18,120.0,0.5,2,Mon-Th,1,2025-08-25,Mon-Th,2,30
15,120.0,150.0,2,Mon-Th,1,2025-08-25,Mon-Th,2,30
20,0.03333333333333333,150.0,2,Mon-Th,1,2025-08-25,Mon-Th,2,30
16,120.0,150.0,2,Mon-Th,1,2025-08-25,Mon-Th,2,30
16,120.0,0.5,2,Mon-Th,1,2025-08-25,Mon-Th,2,30
16,0.03333333333333333,0.5,2,Mon-Th,1,2025-08-25,Mon-Th,2,30
16,120.0,150.0,2,Mon-Th,1,2025-08-25,Mon-Th,2,30
16,120.0,0.5,2,Mon-Th,1,2025-08-25,Mon-Th,2,30
16,0.03333333333333333,0.5,2,Mon-Th,1,2025-08-25,Mon-Th,2,30
18,120.0,0.5,2,Mon-Th,1,2025-08-25,Mon-Th,2,30
14,0.03333333333333333,0.5,2,Mon-Th,1,2025-08-25,Mon-Th,2,30
16,120.0,150.0,2,Mon-Th,1,2025-08-25,Mon-Th,2,30
17,120.0,0.5,2,Mon-Th,1,2025-08-25,Mon-Th,2,30
18,0.03333333333333333,0.5,2,Mon-Th,1,2025-08-25,Mon-Th,2,30
14,0.03333333333333333,0.5,2,Mon-Th,1,2025-08-25,Mon-Th,2,30
16,0.03333333333333333,150.0,2,Mon-Th,1,2025-08-25,Mon-Th,2,30
14,0.03333333333333333,0.5,2,Mon-Th,1,2025-08-25,Mon-Th,2,30
14,120.0,0.5,2,Mon-Th,1,2025-08-25,Mon-Th,2,30
19,120.0,0.5,2,Mon-Th,1,2025-08-25,Mon-Th,2,30
11,0.03333333333333333,0.5,2,Mon-Th,1,2025-08-25,Mon-Th,2,30
12,120.0,0.5,2,Mon-Th,1,2025-08-25,Mon-Th,2,30
12,120.0,0.5,2,Mon-Th,1,2025-08-25,Mon-Th,2,30
16,0.03333333333333333,150.0,2,Mon-Th,1,2025-08-25,Mon-Th,2,30
16,0.03333333333333333,0.5,2,Mon-Th,1,2025-08-25,Mon-Th,2,30
11,0.03333333333333333,0.5,2,Mon-Th,1,2025-08-25,Mon-Th,2,30
16,120.0,150.0,2,Mon-Th,1,2025-08-25,Mon-Th,2,30
15,120.0,150.0,2,Mon-Th,1,2025-08-25,Mon-Th,2,30
16,120.0,150.0,2,Mon-Th,1,2025-08-25,Mon-Th,2,30
11,0.03333333333333333,150.0,2,Mon-Th,1,2025-08-25,Mon-Th,2,30
12,120.0,0.5,2,Mon-Th,1,2025-08-26,Mon-Th,2,41
16,0.03333333333333333,0.5,2,Mon-Th,1,2025-08-26,Mon-Th,2,41
17,120.0,0.5,2,Mon-Th,1,2025-08-26,Mon-Th,2,41
16,0.03333333333333333,150.0,2,Mon-Th,1,2025-08-26,Mon-Th,2,41
0,0.03333333333333333,0.5,2,Mon-Th,1,2025-08-26,Mon-Th,2,41
0,0.03333333333333333,150.0,2,Mon-Th,1,2025-08-26,Mon-Th,2,41
16,0.03333333333333333,150.0,2,Mon-Th,1,2025-08-26,Mon-Th,2,41
21,120.0,0.5,2,Mon-Th,1,2025-08-26,Mon-Th,2,41
16,120.0,150.0,2,Mon-Th,1,2025-08-26,Mon-Th,2,41
15,0.03333333333333333,150.0,2,Mon-Th,1,2025-08-26,Mon-Th,2,41
16,0.03333333333333333,0.5,2,Mon-Th,1,2025-08-26,Mon-Th,2,41
16,0.03333333333333333,150.0,2,Mon-Th,1,2025-08-26,Mon-Th,2,41
12,120.0,0.5,2,Mon-Th,1,2025-08-26,Mon-Th,2,41
20,0.03333333333333333,0.5,2,Mon-Th,1,2025-08-26,Mon-Th,2,41
16,120.0,150.0,2,Mon-Th,1,2025-08-26,Mon-Th,2,41
16,120.0,150.0,2,Mon-Th,1,2025-08-26,Mon-Th,2,41
16,0.03333333333333333,150.0,2,Mon-Th,1,2025-08-26,Mon-Th,2,41
12,120.0,150.0,2,Mon-Th,1,2025-08-26,Mon-Th,2,41
16,120.0,0.5,2,Mon-Th,1,2025-08-26,Mon-Th,2,41
12,120.0,0.5,2,Mon-Th,1,2025-08-26,Mon-Th,2,41
16,0.03333333333333333,0.5,2,Mon-Th,1,2025-08-26,Mon-Th,2,41
16,0.03333333333333333,150.0,2,Mon-Th,1,2025-08-26,Mon-Th,2,41
12,0.03333333333333333,0.5,2,Mon-Th,1,2025-08-26,Mon-Th,2,41
17,0.03333333333333333,0.5,2,Mon-Th,1,2025-08-26,Mon-Th,2,41
14,0.03333333333333333,0.5,2,Mon-Th,1,2025-08-26,Mon-Th,2,41
18,0.03333333333333333,150.0,2,Mon-Th,1,2025-08-26,Mon-Th,2,41
16,120.0,150.0,2,Mon-Th,1,2025-08-26,Mon-Th,2,41
15,0.03333333333333333,150.0,2,Mon-Th,1,2025-08-26,Mon-Th,2,41
16,0.03333333333333333,0.5,2,Mon-Th,1,2025-08-26,Mon-Th,2,41
20,120.0,0.5,2,Mon-Th,1,2025-08-26,Mon-Th,2,41
17,0.03333333333333333,0.5,2,Mon-Th,1,2025-08-26,Mon-Th,2,41
14,0.03333333333333333,150.0,2,Mon-Th,1,2025-08-26,Mon-Th,2,41
13,0.03333333333333333,150.0,2,Mon-Th,1,2025-08-26,Mon-Th,2,41
14,0.03333333333333333,0.5,2,Mon-Th,1,2025-08-26,Mon-Th,2,41
16,0.03333333333333333,0.5,2,Mon-Th,1,2025-08-26,Mon-Th,2,41
16,0.03333333333333333,150.0,2,Mon-Th,1,2025-08-26,Mon-Th,2,41
16,0.03333333333333333,150.0,2,Mon-Th,1,2025-08-26,Mon-Th,2,41
14,0.03333333333333333,0.5,2,Mon-Th,1,2025-08-26,Mon-Th,2,41
20,120.0,0.5,2,Mon-Th,1,2025-08-26,Mon-Th,2,41
12,120.0,150.0,2,Mon-Th,1,2025-08-26,Mon-Th,2,41
22,0.03333333333333333,0.5,2,Mon-Th,1,2025-08-26,Mon-Th,2,41
16,0.03333333333333333,150.0,2,Mon-Th,1,2025-08-27,Mon-Th,2,25
19,120.0,0.5,2,Mon-Th,1,2025-08-27,Mon-Th,2,25
16,0.03333333333333333,150.0,2,Mon-Th,1,2025-08-27,Mon-Th,2,25
21,120.0,0.5,2,Mon-Th,1,2025-08-27,Mon-Th,2,25
12,120.0,0.5,2,Mon-Th,1,2025-08-27,Mon-Th,2,25
17,0.03333333333333333,150.0,2,Mon-Th,1,2025-08-27,Mon-Th,2,25
16,0.03333333333333333,0.5,2,Mon-Th,1,2025-08-27,Mon-Th,2,25
22,0.03333333333333333,0.5,2,Mon-Th,1,2025-08-27,Mon-Th,2,25
19,120.0,0.5,2,Mon-Th,1,2025-08-27,Mon-Th,2,25
18,120.0,150.0,2,Mon-Th,1,2025-08-27,Mon-Th,2,25
11,120.0,150.0,2,Mon-Th,1,2025-08-27,Mon-Th,2,25
16,120.0,150.0,2,Mon-Th,1,2025-08-27,Mon-Th,2,25
14,0.03333333333333333,0.5,2,Mon-Th,1,2025-08-27,Mon-Th,2,25
16,120.0,150.0,2,Mon-Th,1,2025-08-27,Mon-Th,2,25
16,0.03333333333333333,0.5,2,Mon-Th,1,2025-08-27,Mon-Th,2,25
12,120.0,150.0,2,Mon-Th,1,2025-08-27,Mon-Th,2,25
16,0.03333333333333333,150.0,2,Mon-Th,1,2025-08-27,Mon-Th,2,25
16,120.0,0.5,2,Mon-Th,1,2025-08-27,Mon-Th,2,25
12,120.0,150.0,2,Mon-Th,1,2025-08-27,Mon-Th,2,25
16,120.0,150.0,2,Mon-Th,1,2025-08-27,Mon-Th,2,25
12,120.0,0.5,2,Mon-Th,1,2025-08-27,Mon-Th,2,25
17,0.03333333333333333,150.0,2,Mon-Th,1,2025-08-27,Mon-Th,2,25
22,120.0,150.0,2,Mon-Th,1,2025-08-27,Mon-Th,2,25
16,120.0,150.0,2,Mon-Th,1,2025-08-27,Mon-Th,2,25
17,120.0,150.0,2,Mon-Th,1,2025-08-27,Mon-Th,2,25
20,0.03333333333333333,0.5,2,Mon-Th,1,2025-08-28,Mon-Th,2,23
14,0.03333333333333333,0.5,2,Mon-Th,1,2025-08-28,Mon-Th,2,23
16,0.03333333333333333,150.0,2,Mon-Th,1,2025-08-28,Mon-Th,2,23
18,120.0,0.5,2,Mon-Th,1,2025-08-28,Mon-Th,2,23
0,120.0,0.5,2,Mon-Th,1,2025-08-28,Mon-Th,2,23
16,0.03333333333333333,150.0,2,Mon-Th,1,2025-08-28,Mon-Th,2,23
16,120.0,0.5,2,Mon-Th,1,2025-08-28,Mon-Th,2,23
22,0.03333333333333333,0.5,2,Mon-Th,1,2025-08-28,Mon-Th,2,23
17,120.0,150.0,2,Mon-Th,1,2025-08-28,Mon-Th,2,23
16,0.03333333333333333,150.0,2,Mon-Th,1,2025-08-28,Mon-Th,2,23
14,0.03333333333333333,0.5,2,Mon-Th,1,2025-08-28,Mon-Th,2,23
14,0.03333333333333333,150.0,2,Mon-Th,1,2025-08-28,Mon-Th,2,23
12,0.03333333333333333,150.0,2,Mon-Th,1,2025-08-28,Mon-Th,2,23
20,0.03333333333333333,0.5,2,Mon-Th,1,2025-08-28,Mon-Th,2,23
20,0.03333333333333333,0.5,2,Mon-Th,1,2025-08-28,Mon-Th,2,23
12,120.0,150.0,2,Mon-Th,1,2025-08-28,Mon-Th,2,23
16,120.0,150.0,2,Mon-Th,1,2025-08-28,Mon-Th,2,23
16,0.03333333333333333,150.0,2,Mon-Th,1,2025-08-28,Mon-Th,2,23
16,120.0,150.0,2,Mon-Th,1,2025-08-28,Mon-Th,2,23
17,120.0,150.0,2,Mon-Th,1,2025-08-28,Mon-Th,2,23
16,0.03333333333333333,0.5,2,Mon-Th,1,2025-08-28,Mon-Th,2,23
16,0.03333333333333333,0.5,2,Mon-Th,1,2025-08-28,Mon-Th,2,23
1,0.03333333333333333,150.0,2,Mon-Th,1,2025-08-28,Mon-Th,2,23
20,0.03333333333333333,150.0,2,Mon-Th,1,2025-09-01,Mon-Th,2,28
17,120.0,0.5,2,Mon-Th,1,2025-09-01,Mon-Th,2,28
10,0.03333333333333333,0.5,2,Mon-Th,1,2025-09-01,Mon-Th,2,28
17,120.0,150.0,2,Mon-Th,1,2025-09-01,Mon-Th,2,28
17,120.0,0.5,2,Mon-Th,1,2025-09-01,Mon-Th,2,28
16,120.0,0.5,2,Mon-Th,1,2025-09-01,Mon-Th,2,28
16,120.0,150.0,2,Mon-Th,1,2025-09-01,Mon-Th,2,28
16,0.03333333333333333,0.5,2,Mon-Th,1,2025-09-01,Mon-Th,2,28
15,0.03333333333333333,150.0,2,Mon-Th,1,2025-09-01,Mon-Th,2,28
14,120.0,150.0,2,Mon-Th,1,2025-09-01,Mon-Th,2,28
23,120.0,150.0,2,Mon-Th,1,2025-09-01,Mon-Th,2,28
18,120.0,0.5,2,Mon-Th,1,2025-09-01,Mon-Th,2,28
13,0.03333333333333333,0.5,2,Mon-Th,1,2025-09-01,Mon-Th,2,28
16,120.0,150.0,2,Mon-Th,1,2025-09-01,Mon-Th,2,28
16,120.0,0.5,2,Mon-Th,1,2025-09-01,Mon-Th,2,28
19,120.0,0.5,2,Mon-Th,1,2025-09-01,Mon-Th,2,28
16,0.03333333333333333,0.5,2,Mon-Th,1,2025-09-01,Mon-Th,2,28
16,0.03333333333333333,0.5,2,Mon-Th,1,2025-09-01,Mon-Th,2,28
22,0.03333333333333333,0.5,2,Mon-Th,1,2025-09-01,Mon-Th,2,28
16,0.03333333333333333,0.5,2,Mon-Th,1,2025-09-01,Mon-Th,2,28
16,0.03333333333333333,150.0,2,Mon-Th,1,2025-09-01,Mon-Th,2,28
16,120.0,150.0,2,Mon-Th,1,2025-09-01,Mon-Th,2,28
16,120.0,150.0,2,Mon-Th,1,2025-09-01,Mon-Th,2,28
17,120.0,0.5,2,Mon-Th,1,2025-09-01,Mon-Th,2,28
15,120.0,150.0,2,Mon-Th,1,2025-09-01,Mon-Th,2,28
18,120.0,150.0,2,Mon-Th,1,2025-09-01,Mon-Th,2,28
16,120.0,0.5,2,Mon-Th,1,2025-09-01,Mon-Th,2,28
16,120.0,150.0,2,Mon-Th,1,2025-09-01,Mon-Th,2,28
16,0.03333333333333333,0.5,2,Mon-Th,1,2025-09-02,Mon-Th,2,25
18,120.0,0.5,2,Mon-Th,1,2025-09-02,Mon-Th,2,25
13,120.0,150.0,2,Mon-Th,1,2025-09-02,Mon-Th,2,25
16,120.0,150.0,2,Mon-Th,1,2025-09-02,Mon-Th,2,25
12,120.0,150.0,2,Mon-Th,1,2025-09-02,Mon-Th,2,25
16,0.03333333333333333,0.5,2,Mon-Th,1,2025-09-02,Mon-Th,2,25
0,0.03333333333333333,150.0,2,Mon-Th,1,2025-09-02,Mon-Th,2,25
18,120.0,0.5,2,Mon-Th,1,2025-09-02,Mon-Th,2,25
20,120.0,0.5,2,Mon-Th,1,2025-09-02,Mon-Th,2,25
16,120.0,0.5,2,Mon-Th,1,2025-09-02,Mon-Th,2,25
17,0.03333333333333333,150.0,2,Mon-Th,1,2025-09-02,Mon-Th,2,25
18,120.0,0.5,2,Mon-Th,1,2025-09-02,Mon-Th,2,25
18,120.0,0.5,2,Mon-Th,1,2025-09-02,Mon-Th,2,25
16,120.0,150.0,2,Mon-Th,1,2025-09-02,Mon-Th,2,25
22,0.03333333333333333,150.0,2,Mon-Th,1,2025-09-02,Mon-Th,2,25
21,0.03333333333333333,0.5,2,Mon-Th,1,2025-09-02,Mon-Th,2,25
16,0.03333333333333333,0.5,2,Mon-Th,1,2025-09-02,Mon-Th,2,25
19,0.03333333333333333,0.5,2,Mon-Th,1,2025-09-02,Mon-Th,2,25
12,0.03333333333333333,150.0,2,Mon-Th,1,2025-09-02,Mon-Th,2,25
1,0.03333333333333333,0.5,2,Mon-Th,1,2025-09-02,Mon-Th,2,25
12,120.0,0.5,2,Mon-Th,1,2025-09-02,Mon-Th,2,25
16,120.0,150.0,2,Mon-Th,1,2025-09-02,Mon-Th,2,25
18,0.03333333333333333,150.0,2,Mon-Th,1,2025-09-02,Mon-Th,2,25
11,120.0,0.5,2,Mon-Th,1,2025-09-02,Mon-Th,2,25
22,0.03333333333333333,0.5,2,Mon-Th,1,2025-09-02,Mon-Th,2,25
12,120.0,0.5,2,Mon-Th,1,2025-09-03,Mon-Th,2,29
19,0.03333333333333333,0.5,2,Mon-Th,1,2025-09-03,Mon-Th,2,29
19,0.03333333333333333,0.5,2,Mon-Th,1,2025-09-03,Mon-Th,2,29
7,120.0,0.5,2,Mon-Th,1,2025-09-03,Mon-Th,2,29
16,0.03333333333333333,150.0,2,Mon-Th,1,2025-09-03,Mon-Th,2,29
13,120.0,0.5,2,Mon-Th,1,2025-09-03,Mon-Th,2,29
10,0.03333333333333333,0.5,2,Mon-Th,1,2025-09-03,Mon-Th,2,29
16,120.0,150.0,2,Mon-Th,1,2025-09-03,Mon-Th,2,29
12,120.0,150.0,2,Mon-Th,1,2025-09-03,Mon-Th,2,29
16,0.03333333333333333,150.0,2,Mon-Th,1,2025-09-03,Mon-Th,2,29
16,0.03333333333333333,150.0,2,Mon-Th,1,2025-09-03,Mon-Th,2,29
21,0.03333333333333333,0.5,2,Mon-Th,1,2025-09-03,Mon-Th,2,29
21,120.0,150.0,2,Mon-Th,1,2025-09-03,Mon-Th,2,29
16,120.0,0.5,2,Mon-Th,1,2025-09-03,Mon-Th,2,29
16,0.03333333333333333,150.0,2,Mon-Th,1,2025-09-03,Mon-Th,2,29
14,0.03333333333333333,150.0,2,Mon-Th,1,2025-09-03,Mon-Th,2,29
12,120.0,0.5,2,Mon-Th,1,2025-09-03,Mon-Th,2,29
21,120.0,0.5,2,Mon-Th,1,2025-09-03,Mon-Th,2,29
16,0.03333333333333333,0.5,2,Mon-Th,1,2025-09-03,Mon-Th,2,29
18,0.03333333333333333,150.0,2,Mon-Th,1,2025-09-03,Mon-Th,2,29
1,120.0,0.5,2,Mon-Th,1,2025-09-03,Mon-Th,2,29
18,120.0,0.5,2,Mon-Th,1,2025-09-03,Mon-Th,2,29
10,0.03333333333333333,0.5,2,Mon-Th,1,2025-09-03,Mon-Th,2,29
12,120.0,150.0,2,Mon-Th,1,2025-09-03,Mon-Th,2,29
16,0.03333333333333333,150.0,2,Mon-Th,1,2025-09-03,Mon-Th,2,29
16,120.0,150.0,2,Mon-Th,1,2025-09-03,Mon-Th,2,29
7,0.03333333333333333,0.5,2,Mon-Th,1,2025-09-03,Mon-Th,2,29
16,120.0,150.0,2,Mon-Th,1,2025-09-03,Mon-Th,2,29
16,0.03333333333333333,150.0,2,Mon-Th,1,2025-09-03,Mon-Th,2,29
14,0.03333333333333333,150.0,2,Mon-Th,1,2025-09-04,Mon-Th,2,31
5,0.03333333333333333,150.0,2,Mon-Th,1,2025-09-04,Mon-Th,2,31
18,0.03333333333333333,150.0,2,Mon-Th,1,2025-09-04,Mon-Th,2,31
16,0.03333333333333333,0.5,2,Mon-Th,1,2025-09-04,Mon-Th,2,31
12,120.0,150.0,2,Mon-Th,1,2025-09-04,Mon-Th,2,31
19,120.0,0.5,2,Mon-Th,1,2025-09-04,Mon-Th,2,31
17,120.0,0.5,2,Mon-Th,1,2025-09-04,Mon-Th,2,31
16,0.03333333333333333,150.0,2,Mon-Th,1,2025-09-04,Mon-Th,2,31
15,0.03333333333333333,150.0,2,Mon-Th,1,2025-09-04,Mon-Th,2,31
16,0.03333333333333333,150.0,2,Mon-Th,1,2025-09-04,Mon-Th,2,31
16,120.0,150.0,2,Mon-Th,1,2025-09-04,Mon-Th,2,31
16,0.03333333333333333,150.0,2,Mon-Th,1,2025-09-04,Mon-Th,2,31
17,120.0,150.0,2,Mon-Th,1,2025-09-04,Mon-Th,2,31
16,120.0,150.0,2,Mon-Th,1,2025-09-04,Mon-Th,2,31
20,120.0,0.5,2,Mon-Th,1,2025-09-04,Mon-Th,2,31
23,0.03333333333333333,150.0,2,Mon-Th,1,2025-09-04,Mon-Th,2,31
22,0.03333333333333333,150.0,2,Mon-Th,1,2025-09-04,Mon-Th,2,31
16,0.03333333333333333,0.5,2,Mon-Th,1,2025-09-04,Mon-Th,2,31
16,120.0,150.0,2,Mon-Th,1,2025-09-04,Mon-Th,2,31
16,0.03333333333333333,0.5,2,Mon-Th,1,2025-09-04,Mon-Th,2,31
12,120.0,0.5,2,Mon-Th,1,2025-09-04,Mon-Th,2,31
21,0.03333333333333333,0.5,2,Mon-Th,1,2025-09-04,Mon-Th,2,31
16,0.03333333333333333,150.0,2,Mon-Th,1,2025-09-04,Mon-Th,2,31
16,0.03333333333333333,150.0,2,Mon-Th,1,2025-09-04,Mon-Th,2,31
12,0.03333333333333333,150.0,2,Mon-Th,1,2025-09-04,Mon-Th,2,31
16,0.03333333333333333,150.0,2,Mon-Th,1,2025-09-04,Mon-Th,2,31
16,0.03333333333333333,0.5,2,Mon-Th,1,2025-09-04,Mon-Th,2,31
23,0.03333333333333333,150.0,2,Mon-Th,1,2025-09-04,Mon-Th,2,31
16,120.0,150.0,2,Mon-Th,1,2025-09-04,Mon-Th,2,31
16,120.0,150.0,2,Mon-Th,1,2025-09-04,Mon-Th,2,31
20,120.0,0.5,2,Mon-Th,1,2025-09-04,Mon-Th,2,31
16,120.0,0.5,2,Mon-Th,1,2025-09-08,Mon-Th,2,31
11,120.0,0.5,2,Mon-Th,1,2025-09-08,Mon-Th,2,31
20,120.0,0.5,2,Mon-Th,1,2025-09-08,Mon-Th,2,31
16,0.03333333333333333,150.0,2,Mon-Th,1,2025-09-08,Mon-Th,2,31
16,0.03333333333333333,150.0,2,Mon-Th,1,2025-09-08,Mon-Th,2,31
16,0.03333333333333333,0.5,2,Mon-Th,1,2025-09-08,Mon-Th,2,31
20,0.03333333333333333,0.5,2,Mon-Th,1,2025-09-08,Mon-Th,2,31
15,0.03333333333333333,0.5,2,Mon-Th,1,2025-09-08,Mon-Th,2,31
16,120.0,150.0,2,Mon-Th,1,2025-09-08,Mon-Th,2,31
18,0.03333333333333333,0.5,2,Mon-Th,1,2025-09-08,Mon-Th,2,31
16,0.03333333333333333,150.0,2,Mon-Th,1,2025-09-08,Mon-Th,2,31
16,0.03333333333333333,150.0,2,Mon-Th,1,2025-09-08,Mon-Th,2,31
17,120.0,0.5,2,Mon-Th,1,2025-09-08,Mon-Th,2,31
4,120.0,0.5,2,Mon-Th,1,2025-09-08,Mon-Th,2,31
16,120.0,150.0,2,Mon-Th,1,2025-09-08,Mon-Th,2,31
12,120.0,150.0,2,Mon-Th,1,2025-09-08,Mon-Th,2,31
16,0.03333333333333333,0.5,2,Mon-Th,1,2025-09-08,Mon-Th,2,31
20,120.0,0.5,2,Mon-Th,1,2025-09-08,Mon-Th,2,31
15,120.0,150.0,2,Mon-Th,1,2025-09-08,Mon-Th,2,31
16,0.03333333333333333,150.0,2,Mon-Th,1,2025-09-08,Mon-Th,2,31
14,120.0,150.0,2,Mon-Th,1,2025-09-08,Mon-Th,2,31
16,120.0,0.5,2,Mon-Th,1,2025-09-08,Mon-Th,2,31
16,0.03333333333333333,150.0,2,Mon-Th,1,2025-09-08,Mon-Th,2,31
12,0.03333333333333333,0.5,2,Mon-Th,1,2025-09-08,Mon-Th,2,31
16,0.03333333333333333,0.5,2,Mon-Th,1,2025-09-08,Mon-Th,2,31
18,0.03333333333333333,150.0,2,Mon-Th,1,2025-09-08,Mon-Th,2,31
14,120.0,150.0,2,Mon-Th,1,2025-09-08,Mon-Th,2,31
19,120.0,0.5,2,Mon-Th,1,2025-09-08,Mon-Th,2,31
21,120.0,150.0,2,Mon-Th,1,2025-09-08,Mon-Th,2,31
5,120.0,0.5,2,Mon-Th,1,2025-09-08,Mon-Th,2,31
19,120.0,150.0,2,Mon-Th,1,2025-09-08,Mon-Th,2,31
15,120.0,0.5,2,Mon-Th,1,2025-09-09,Mon-Th,2,34
22,0.03333333333333333,150.0,2,Mon-Th,1,2025-09-09,Mon-Th,2,34
18,120.0,0.5,2,Mon-Th,1,2025-09-09,Mon-Th,2,34
12,0.03333333333333333,150.0,2,Mon-Th,1,2025-09-09,Mon-Th,2,34
10,120.0,0.5,2,Mon-Th,1,2025-09-09,Mon-Th,2,34
16,0.03333333333333333,150.0,2,Mon-Th,1,2025-09-09,Mon-Th,2,34
16,0.03333333333333333,0.5,2,Mon-Th,1,2025-09-09,Mon-Th,2,34
22,120.0,150.0,2,Mon-Th,1,2025-09-09,Mon-Th,2,34
2,120.0,0.5,2,Mon-Th,1,2025-09-09,Mon-Th,2,34
16,0.03333333333333333,150.0,2,Mon-Th,1,2025-09-09,Mon-Th,2,34
16,0.03333333333333333,150.0,2,Mon-Th,1,2025-09-09,Mon-Th,2,34
16,0.03333333333333333,150.0,2,Mon-Th,1,2025-09-09,Mon-Th,2,34
14,0.03333333333333333,0.5,2,Mon-Th,1,2025-09-09,Mon-Th,2,34
16,0.03333333333333333,150.0,2,Mon-Th,1,2025-09-09,Mon-Th,2,34
16,0.03333333333333333,150.0,2,Mon-Th,1,2025-09-09,Mon-Th,2,34
20,120.0,0.5,2,Mon-Th,1,2025-09-09,Mon-Th,2,34
20,0.03333333333333333,0.5,2,Mon-Th,1,2025-09-09,Mon-Th,2,34
16,120.0,0.5,2,Mon-Th,1,2025-09-09,Mon-Th,2,34
17,0.03333333333333333,0.5,2,Mon-Th,1,2025-09-09,Mon-Th,2,34
8,120.0,150.0,2,Mon-Th,1,2025-09-09,Mon-Th,2,34
12,120.0,150.0,2,Mon-Th,1,2025-09-09,Mon-Th,2,34
19,0.03333333333333333,150.0,2,Mon-Th,1,2025-09-09,Mon-Th,2,34
16,0.03333333333333333,0.5,2,Mon-Th,1,2025-09-09,Mon-Th,2,34
23,120.0,0.5,2,Mon-Th,1,2025-09-09,Mon-Th,2,34
14,0.03333333333333333,150.0,2,Mon-Th,1,2025-09-09,Mon-Th,2,34
16,120.0,0.5,2,Mon-Th,1,2025-09-09,Mon-Th,2,34
16,0.03333333333333333,0.5,2,Mon-Th,1,2025-09-09,Mon-Th,2,34
20,120.0,150.0,2,Mon-Th,1,2025-09-09,Mon-Th,2,34
14,0.03333333333333333,150.0,2,Mon-Th,1,2025-09-09,Mon-Th,2,34
12,120.0,150.0,2,Mon-Th,1,2025-09-09,Mon-Th,2,34
16,0.03333333333333333,150.0,2,Mon-Th,1,2025-09-09,Mon-Th,2,34
16,120.0,0.5,2,Mon-Th,1,2025-09-09,Mon-Th,2,34
11,120.0,150.0,2,Mon-Th,1,2025-09-09,Mon-Th,2,34
12,120.0,0.5,2,Mon-Th,1,2025-09-09,Mon-Th,2,34
15,120.0,0.5,2,Mon-Th,1,2025-09-10,Mon-Th,2,36
18,0.03333333333333333,0.5,2,Mon-Th,1,2025-09-10,Mon-Th,2,36
16,120.0,150.0,2,Mon-Th,1,2025-09-10,Mon-Th,2,36
12,120.0,150.0,2,Mon-Th,1,2025-09-10,Mon-Th,2,36
16,120.0,150.0,2,Mon-Th,1,2025-09-10,Mon-Th,2,36
16,120.0,150.0,2,Mon-Th,1,2025-09-10,Mon-Th,2,36
14,0.03333333333333333,0.5,2,Mon-Th,1,2025-09-10,Mon-Th,2,36
14,120.0,150.0,2,Mon-Th,1,2025-09-10,Mon-Th,2,36
16,120.0,150.0,2,Mon-Th,1,2025-09-10,Mon-Th,2,36
16,0.03333333333333333,0.5,2,Mon-Th,1,2025-09-10,Mon-Th,2,36
17,0.03333333333333333,0.5,2,Mon-Th,1,2025-09-10,Mon-Th,2,36
12,120.0,0.5,2,Mon-Th,1,2025-09-10,Mon-Th,2,36
13,0.03333333333333333,150.0,2,Mon-Th,1,2025-09-10,Mon-Th,2,36
19,120.0,0.5,2,Mon-Th,1,2025-09-10,Mon-Th,2,36
19,120.0,0.5,2,Mon-Th,1,2025-09-10,Mon-Th,2,36
16,0.03333333333333333,150.0,2,Mon-Th,1,2025-09-10,Mon-Th,2,36
17,0.03333333333333333,0.5,2,Mon-Th,1,2025-09-10,Mon-Th,2,36
16,120.0,150.0,2,Mon-Th,1,2025-09-10,Mon-Th,2,36
16,120.0,150.0,2,Mon-Th,1,2025-09-10,Mon-Th,2,36
16,120.0,150.0,2,Mon-Th,1,2025-09-10,Mon-Th,2,36
20,120.0,150.0,2,Mon-Th,1,2025-09-10,Mon-Th,2,36
16,0.03333333333333333,0.5,2,Mon-Th,1,2025-09-10,Mon-Th,2,36
16,0.03333333333333333,150.0,2,Mon-Th,1,2025-09-10,Mon-Th,2,36
16,0.03333333333333333,150.0,2,Mon-Th,1,2025-09-10,Mon-Th,2,36
18,120.0,0.5,2,Mon-Th,1,2025-09-10,Mon-Th,2,36
20,120.0,0.5,2,Mon-Th,1,2025-09-10,Mon-Th,2,36
0,120.0,150.0,2,Mon-Th,1,2025-09-10,Mon-Th,2,36
16,120.0,0.5,2,Mon-Th,1,2025-09-10,Mon-Th,2,36
11,120.0,0.5,2,Mon-Th,1,2025-09-10,Mon-Th,2,36
14,0.03333333333333333,0.5,2,Mon-Th,1,2025-09-10,Mon-Th,2,36
12,0.03333333333333333,150.0,2,Mon-Th,1,2025-09-10,Mon-Th,2,36
16,0.03333333333333333,0.5,2,Mon-Th,1,2025-09-10,Mon-Th,2,36
10,120.0,0.5,2,Mon-Th,1,2025-09-10,Mon-Th,2,36
21,0.03333333333333333,0.5,2,Mon-Th,1,2025-09-10,Mon-Th,2,36
23,0.03333333333333333,0.5,2,Mon-Th,1,2025-09-10,Mon-Th,2,36
10,0.03333333333333333,0.5,2,Mon-Th,1,2025-09-10,Mon-Th,2,36
16,0.03333333333333333,0.5,2,Mon-Th,1,2025-09-11,Mon-Th,2,34
16,0.03333333333333333,0.5,2,Mon-Th,1,2025-09-11,Mon-Th,2,34
12,120.0,150.0,2,Mon-Th,1,2025-09-11,Mon-Th,2,34
13,0.03333333333333333,150.0,2,Mon-Th,1,2025-09-11,Mon-Th,2,34
15,0.03333333333333333,0.5,2,Mon-Th,1,2025-09-11,Mon-Th,2,34
17,0.03333333333333333,0.5,2,Mon-Th,1,2025-09-11,Mon-Th,2,34
16,0.03333333333333333,150.0,2,Mon-Th,1,2025-09-11,Mon-Th,2,34
14,0.03333333333333333,150.0,2,Mon-Th,1,2025-09-11,Mon-Th,2,34
16,120.0,150.0,2,Mon-Th,1,2025-09-11,Mon-Th,2,34
12,120.0,150.0,2,Mon-Th,1,2025-09-11,Mon-Th,2,34
16,0.03333333333333333,0.5,2,Mon-Th,1,2025-09-11,Mon-Th,2,34
16,120.0,150.0,2,Mon-Th,1,2025-09-11,Mon-Th,2,34
14,0.03333333333333333,150.0,2,Mon-Th,1,2025-09-11,Mon-Th,2,34
16,120.0,150.0,2,Mon-Th,1,2025-09-11,Mon-Th,2,34
17,120.0,150.0,2,Mon-Th,1,2025-09-11,Mon-Th,2,34
12,120.0,150.0,2,Mon-Th,1,2025-09-11,Mon-Th,2,34
20,120.0,0.5,2,Mon-Th,1,2025-09-11,Mon-Th,2,34
16,0.03333333333333333,150.0,2,Mon-Th,1,2025-09-11,Mon-Th,2,34
16,120.0,150.0,2,Mon-Th,1,2025-09-11,Mon-Th,2,34
16,120.0,150.0,2,Mon-Th,1,2025-09-11,Mon-Th,2,34
19,120.0,0.5,2,Mon-Th,1,2025-09-11,Mon-Th,2,34
22,120.0,150.0,2,Mon-Th,1,2025-09-11,Mon-Th,2,34
16,0.03333333333333333,150.0,2,Mon-Th,1,2025-09-11,Mon-Th,2,34
16,0.03333333333333333,0.5,2,Mon-Th,1,2025-09-11,Mon-Th,2,34
19,0.03333333333333333,0.5,2,Mon-Th,1,2025-09-11,Mon-Th,2,34
16,0.03333333333333333,150.0,2,Mon-Th,1,2025-09-11,Mon-Th,2,34
12,120.0,150.0,2,Mon-Th,1,2025-09-11,Mon-Th,2,34
16,0.03333333333333333,0.5,2,Mon-Th,1,2025-09-11,Mon-Th,2,34
20,0.03333333333333333,0.5,2,Mon-Th,1,2025-09-11,Mon-Th,2,34
17,120.0,150.0,2,Mon-Th,1,2025-09-11,Mon-Th,2,34
16,120.0,150.0,2,Mon-Th,1,2025-09-11,Mon-Th,2,34
16,0.03333333333333333,0.5,2,Mon-Th,1,2025-09-11,Mon-Th,2,34
16,0.03333333333333333,150.0,2,Mon-Th,1,2025-09-11,Mon-Th,2,34
16,0.03333333333333333,150.0,2,Mon-Th,1,2025-09-11,Mon-Th,2,34
16,0.03333333333333333,0.5,2,Mon-Th,1,2025-09-15,Mon-Th,2,35
17,0.03333333333333333,0.5,2,Mon-Th,1,2025-09-15,Mon-Th,2,35
16,0.03333333333333333,0.5,2,Mon-Th,1,2025-09-15,Mon-Th,2,35
15,120.0,150.0,2,Mon-Th,1,2025-09-15,Mon-Th,2,35
19,0.03333333333333333,150.0,2,Mon-Th,1,2025-09-15,Mon-Th,2,35
17,120.0,150.0,2,Mon-Th,1,2025-09-15,Mon-Th,2,35
11,120.0,150.0,2,Mon-Th,1,2025-09-15,Mon-Th,2,35
16,120.0,150.0,2,Mon-Th,1,2025-09-15,Mon-Th,2,35
16,0.03333333333333333,0.5,2,Mon-Th,1,2025-09-15,Mon-Th,2,35
21,120.0,0.5,2,Mon-Th,1,2025-09-15,Mon-Th,2,35
12,0.03333333333333333,0.5,2,Mon-Th,1,2025-09-15,Mon-Th,2,35
12,120.0,0.5,2,Mon-Th,1,2025-09-15,Mon-Th,2,35
16,120.0,0.5,2,Mon-Th,1,2025-09-15,Mon-Th,2,35
16,120.0,0.5,2,Mon-Th,1,2025-09-15,Mon-Th,2,35
2,120.0,0.5,2,Mon-Th,1,2025-09-15,Mon-Th,2,35
16,120.0,0.5,2,Mon-Th,1,2025-09-15,Mon-Th,2,35
16,0.03333333333333333,0.5,2,Mon-Th,1,2025-09-15,Mon-Th,2,35
15,120.0,150.0,2,Mon-Th,1,2025-09-15,Mon-Th,2,35
16,120.0,150.0,2,Mon-Th,1,2025-09-15,Mon-Th,2,35
13,0.03333333333333333,150.0,2,Mon-Th,1,2025-09-15,Mon-Th,2,35
16,0.03333333333333333,0.5,2,Mon-Th,1,2025-09-15,Mon-Th,2,35
11,0.03333333333333333,0.5,2,Mon-Th,1,2025-09-15,Mon-Th,2,35
17,120.0,150.0,2,Mon-Th,1,2025-09-15,Mon-Th,2,35
14,0.03333333333333333,150.0,2,Mon-Th,1,2025-09-15,Mon-Th,2,35
16,0.03333333333333333,150.0,2,Mon-Th,1,2025-09-15,Mon-Th,2,35
16,120.0,150.0,2,Mon-Th,1,2025-09-15,Mon-Th,2,35
17,0.03333333333333333,0.5,2,Mon-Th,1,2025-09-15,Mon-Th,2,35
17,0.03333333333333333,0.5,2,Mon-Th,1,2025-09-15,Mon-Th,2,35
16,120.0,150.0,2,Mon-Th,1,2025-09-15,Mon-Th,2,35
16,0.03333333333333333,0.5,2,Mon-Th,1,2025-09-15,Mon-Th,2,35
16,0.03333333333333333,150.0,2,Mon-Th,1,2025-09-15,Mon-Th,2,35
16,0.03333333333333333,150.0,2,Mon-Th,1,2025-09-15,Mon-Th,2,35
16,0.03333333333333333,150.0,2,Mon-Th,1,2025-09-15,Mon-Th,2,35
13,0.03333333333333333,150.0,2,Mon-Th,1,2025-09-15,Mon-Th,2,35
12,120.0,0.5,2,Mon-Th,1,2025-09-15,Mon-Th,2,35
17,0.03333333333333333,0.5,2,Mon-Th,1,2025-09-16,Mon-Th,2,28
15,120.0,150.0,2,Mon-Th,1,2025-09-16,Mon-Th,2,28
16,0.03333333333333333,0.5,2,Mon-Th,1,2025-09-16,Mon-Th,2,28
17,120.0,0.5,2,Mon-Th,1,2025-09-16,Mon-Th,2,28
12,120.0,150.0,2,Mon-Th,1,2025-09-16,Mon-Th,2,28
15,0.03333333333333333,150.0,2,Mon-Th,1,2025-09-16,Mon-Th,2,28
16,120.0,150.0,2,Mon-Th,1,2025-09-16,Mon-Th,2,28
23,0.03333333333333333,0.5,2,Mon-Th,1,2025-09-16,Mon-Th,2,28
16,0.03333333333333333,0.5,2,Mon-Th,1,2025-09-16,Mon-Th,2,28
16,0.03333333333333333,0.5,2,Mon-Th,1,2025-09-16,Mon-Th,2,28
14,0.03333333333333333,0.5,2,Mon-Th,1,2025-09-16,Mon-Th,2,28
20,0.03333333333333333,0.5,2,Mon-Th,1,2025-09-16,Mon-Th,2,28
18,0.03333333333333333,0.5,2,Mon-Th,1,2025-09-16,Mon-Th,2,28
21,0.03333333333333333,0.5,2,Mon-Th,1,2025-09-16,Mon-Th,2,28
13,120.0,150.0,2,Mon-Th,1,2025-09-16,Mon-Th,2,28
20,0.03333333333333333,150.0,2,Mon-Th,1,2025-09-16,Mon-Th,2,28
15,120.0,150.0,2,Mon-Th,1,2025-09-16,Mon-Th,2,28
16,0.03333333333333333,150.0,2,Mon-Th,1,2025-09-16,Mon-Th,2,28
16,0.03333333333333333,0.5,2,Mon-Th,1,2025-09-16,Mon-Th,2,28
19,120.0,0.5,2,Mon-Th,1,2025-09-16,Mon-Th,2,28
16,0.03333333333333333,150.0,2,Mon-Th,1,2025-09-16,Mon-Th,2,28
16,120.0,150.0,2,Mon-Th,1,2025-09-16,Mon-Th,2,28
20,120.0,0.5,2,Mon-Th,1,2025-09-16,Mon-Th,2,28
13,0.03333333333333333,0.5,2,Mon-Th,1,2025-09-16,Mon-Th,2,28
16,0.03333333333333333,150.0,2,Mon-Th,1,2025-09-16,Mon-Th,2,28
16,0.03333333333333333,150.0,2,Mon-Th,1,2025-09-16,Mon-Th,2,28
16,120.0,0.5,2,Mon-Th,1,2025-09-16,Mon-Th,2,28
22,120.0,150.0,2,Mon-Th,1,2025-09-16,Mon-Th,2,28
16,120.0,0.5,2,Mon-Th,1,2025-09-17,Mon-Th,2,26
16,0.03333333333333333,150.0,2,Mon-Th,1,2025-09-17,Mon-Th,2,26
18,0.03333333333333333,150.0,2,Mon-Th,1,2025-09-17,Mon-Th,2,26
21,0.03333333333333333,0.5,2,Mon-Th,1,2025-09-17,Mon-Th,2,26
16,120.0,150.0,2,Mon-Th,1,2025-09-17,Mon-Th,2,26
18,120.0,0.5,2,Mon-Th,1,2025-09-17,Mon-Th,2,26
15,0.03333333333333333,150.0,2,Mon-Th,1,2025-09-17,Mon-Th,2,26
16,0.03333333333333333,150.0,2,Mon-Th,1,2025-09-17,Mon-Th,2,26
16,0.03333333333333333,0.5,2,Mon-Th,1,2025-09-17,Mon-Th,2,26
13,0.03333333333333333,0.5,2,Mon-Th,1,2025-09-17,Mon-Th,2,26
10,0.03333333333333333,0.5,2,Mon-Th,1,2025-09-17,Mon-Th,2,26
9,0.03333333333333333,150.0,2,Mon-Th,1,2025-09-17,Mon-Th,2,26
12,120.0,150.0,2,Mon-Th,1,2025-09-17,Mon-Th,2,26
20,0.03333333333333333,0.5,2,Mon-Th,1,2025-09-17,Mon-Th,2,26
14,0.03333333333333333,150.0,2,Mon-Th,1,2025-09-17,Mon-Th,2,26
16,0.03333333333333333,150.0,2,Mon-Th,1,2025-09-17,Mon-Th,2,26
16,120.0,0.5,2,Mon-Th,1,2025-09-17,Mon-Th,2,26
22,120.0,0.5,2,Mon-Th,1,2025-09-17,Mon-Th,2,26
13,120.0,0.5,2,Mon-Th,1,2025-09-17,Mon-Th,2,26
9,120.0,0.5,2,Mon-Th,1,2025-09-17,Mon-Th,2,26
16,120.0,150.0,2,Mon-Th,1,2025-09-17,Mon-Th,2,26
12,120.0,0.5,2,Mon-Th,1,2025-09-17,Mon-Th,2,26
17,0.03333333333333333,150.0,2,Mon-Th,1,2025-09-17,Mon-Th,2,26
16,0.03333333333333333,150.0,2,Mon-Th,1,2025-09-17,Mon-Th,2,26
17,120.0,150.0,2,Mon-Th,1,2025-09-17,Mon-Th,2,26
5,0.03333333333333333,0.5,2,Mon-Th,1,2025-09-17,Mon-Th,2,26
15,120.0,0.5,2,Mon-Th,1,2025-09-18,Mon-Th,2,31
14,0.03333333333333333,0.5,2,Mon-Th,1,2025-09-18,Mon-Th,2,31
16,0.03333333333333333,150.0,2,Mon-Th,1,2025-09-18,Mon-Th,2,31
17,120.0,150.0,2,Mon-Th,1,2025-09-18,Mon-Th,2,31
18,0.03333333333333333,0.5,2,Mon-Th,1,2025-09-18,Mon-Th,2,31
17,120.0,0.5,2,Mon-Th,1,2025-09-18,Mon-Th,2,31
21,120.0,150.0,2,Mon-Th,1,2025-09-18,Mon-Th,2,31
9,0.03333333333333333,0.5,2,Mon-Th,1,2025-09-18,Mon-Th,2,31
17,0.03333333333333333,150.0,2,Mon-Th,1,2025-09-18,Mon-Th,2,31
16,0.03333333333333333,150.0,2,Mon-Th,1,2025-09-18,Mon-Th,2,31
14,0.03333333333333333,0.5,2,Mon-Th,1,2025-09-18,Mon-Th,2,31
16,0.03333333333333333,0.5,2,Mon-Th,1,2025-09-18,Mon-Th,2,31
23,0.03333333333333333,150.0,2,Mon-Th,1,2025-09-18,Mon-Th,2,31
10,0.03333333333333333,0.5,2,Mon-Th,1,2025-09-18,Mon-Th,2,31
19,120.0,0.5,2,Mon-Th,1,2025-09-18,Mon-Th,2,31
17,120.0,150.0,2,Mon-Th,1,2025-09-18,Mon-Th,2,31
16,0.03333333333333333,0.5,2,Mon-Th,1,2025-09-18,Mon-Th,2,31
12,0.03333333333333333,150.0,2,Mon-Th,1,2025-09-18,Mon-Th,2,31
16,120.0,0.5,2,Mon-Th,1,2025-09-18,Mon-Th,2,31
22,120.0,0.5,2,Mon-Th,1,2025-09-18,Mon-Th,2,31
12,0.03333333333333333,150.0,2,Mon-Th,1,2025-09-18,Mon-Th,2,31
12,120.0,0.5,2,Mon-Th,1,2025-09-18,Mon-Th,2,31
16,120.0,150.0,2,Mon-Th,1,2025-09-18,Mon-Th,2,31
16,120.0,150.0,2,Mon-Th,1,2025-09-18,Mon-Th,2,31
14,120.0,0.5,2,Mon-Th,1,2025-09-18,Mon-Th,2,31
14,0.03333333333333333,0.5,2,Mon-Th,1,2025-09-18,Mon-Th,2,31
16,0.03333333333333333,150.0,2,Mon-Th,1,2025-09-18,Mon-Th,2,31
16,120.0,0.5,2,Mon-Th,1,2025-09-18,Mon-Th,2,31
15,0.03333333333333333,0.5,2,Mon-Th,1,2025-09-18,Mon-Th,2,31
16,120.0,0.5,2,Mon-Th,1,2025-09-18,Mon-Th,2,31
15,0.03333333333333333,150.0,2,Mon-Th,1,2025-09-18,Mon-Th,2,31
19,0.03333333333333333,0.5,2,Mon-Th,1,2025-09-22,Mon-Th,2,23
12,120.0,0.5,2,Mon-Th,1,2025-09-22,Mon-Th,2,23
16,120.0,150.0,2,Mon-Th,1,2025-09-22,Mon-Th,2,23
17,120.0,150.0,2,Mon-Th,1,2025-09-22,Mon-Th,2,23
23,0.03333333333333333,0.5,2,Mon-Th,1,2025-09-22,Mon-Th,2,23
23,120.0,0.5,2,Mon-Th,1,2025-09-22,Mon-Th,2,23
19,0.03333333333333333,0.5,2,Mon-Th,1,2025-09-22,Mon-Th,2,23
19,120.0,0.5,2,Mon-Th,1,2025-09-22,Mon-Th,2,23
14,0.03333333333333333,0.5,2,Mon-Th,1,2025-09-22,Mon-Th,2,23
19,120.0,150.0,2,Mon-Th,1,2025-09-22,Mon-Th,2,23
15,0.03333333333333333,0.5,2,Mon-Th,1,2025-09-22,Mon-Th,2,23
16,0.03333333333333333,0.5,2,Mon-Th,1,2025-09-22,Mon-Th,2,23
16,0.03333333333333333,0.5,2,Mon-Th,1,2025-09-22,Mon-Th,2,23
12,0.03333333333333333,150.0,2,Mon-Th,1,2025-09-22,Mon-Th,2,23
16,120.0,0.5,2,Mon-Th,1,2025-09-22,Mon-Th,2,23
16,120.0,0.5,2,Mon-Th,1,2025-09-22,Mon-Th,2,23
12,120.0,150.0,2,Mon-Th,1,2025-09-22,Mon-Th,2,23
11,120.0,0.5,2,Mon-Th,1,2025-09-22,Mon-Th,2,23
20,120.0,0.5,2,Mon-Th,1,2025-09-22,Mon-Th,2,23
3,0.03333333333333333,0.5,2,Mon-Th,1,2025-09-22,Mon-Th,2,23
16,0.03333333333333333,150.0,2,Mon-Th,1,2025-09-22,Mon-Th,2,23
18,120.0,150.0,2,Mon-Th,1,2025-09-22,Mon-Th,2,23
12,0.03333333333333333,0.5,2,Mon-Th,1,2025-09-22,Mon-Th,2,23
16,0.03333333333333333,150.0,2,Friday,1,2025-06-27,Friday,2,28
16,120.0,150.0,2,Friday,1,2025-06-27,Friday,2,28
14,0.03333333333333333,0.5,2,Friday,1,2025-06-27,Friday,2,28
16,120.0,0.5,2,Friday,1,2025-06-27,Friday,2,28
16,0.03333333333333333,150.0,2,Friday,1,2025-06-27,Friday,2,28
17,0.03333333333333333,150.0,2,Friday,1,2025-06-27,Friday,2,28
16,120.0,150.0,2,Friday,1,2025-06-27,Friday,2,28
16,120.0,0.5,2,Friday,1,2025-06-27,Friday,2,28
16,0.03333333333333333,150.0,2,Friday,1,2025-06-27,Friday,2,28
16,0.03333333333333333,0.5,2,Friday,1,2025-06-27,Friday,2,28
14,120.0,0.5,2,Friday,1,2025-06-27,Friday,2,28
16,0.03333333333333333,150.0,2,Friday,1,2025-06-27,Friday,2,28
20,120.0,0.5,2,Friday,1,2025-06-27,Friday,2,28
16,0.03333333333333333,0.5,2,Friday,1,2025-06-27,Friday,2,28
15,0.03333333333333333,0.5,2,Friday,1,2025-06-27,Friday,2,28
18,0.03333333333333333,0.5,2,Friday,1,2025-06-27,Friday,2,28
16,0.03333333333333333,150.0,2,Friday,1,2025-06-27,Friday,2,28
15,120.0,0.5,2,Friday,1,2025-06-27,Friday,2,28
16,120.0,150.0,2,Friday,1,2025-06-27,Friday,2,28
23,120.0,0.5,2,Friday,1,2025-06-27,Friday,2,28
16,0.03333333333333333,0.5,2,Friday,1,2025-06-27,Friday,2,28
16,120.0,150.0,2,Friday,1,2025-06-27,Friday,2,28
22,120.0,150.0,2,Friday,1,2025-06-27,Friday,2,28
14,0.03333333333333333,150.0,2,Friday,1,2025-06-27,Friday,2,28
16,0.03333333333333333,150.0,2,Friday,1,2025-06-27,Friday,2,28
14,0.03333333333333333,150.0,2,Friday,1,2025-06-27,Friday,2,28
15,0.03333333333333333,0.5,2,Friday,1,2025-06-27,Friday,2,28
17,120.0,0.5,2,Friday,1,2025-06-27,Friday,2,28
16,120.0,150.0,2,Friday,1,2025-07-04,Friday,2,21
15,0.03333333333333333,0.5,2,Friday,1,2025-07-04,Friday,2,21
16,0.03333333333333333,150.0,2,Friday,1,2025-07-04,Friday,2,21
12,120.0,0.5,2,Friday,1,2025-07-04,Friday,2,21
14,0.03333333333333333,150.0,2,Friday,1,2025-07-04,Friday,2,21
19,120.0,0.5,2,Friday,1,2025-07-04,Friday,2,21
16,0.03333333333333333,150.0,2,Friday,1,2025-07-04,Friday,2,21
20,0.03333333333333333,0.5,2,Friday,1,2025-07-04,Friday,2,21
12,120.0,0.5,2,Friday,1,2025-07-04,Friday,2,21
11,0.03333333333333333,150.0,2,Friday,1,2025-07-04,Friday,2,21
19,0.03333333333333333,150.0,2,Friday,1,2025-07-04,Friday,2,21
14,0.03333333333333333,0.5,2,Friday,1,2025-07-04,Friday,2,21
18,120.0,150.0,2,Friday,1,2025-07-04,Friday,2,21
17,0.03333333333333333,0.5,2,Friday,1,2025-07-04,Friday,2,21
16,120.0,0.5,2,Friday,1,2025-07-04,Friday,2,21
17,120.0,150.0,2,Friday,1,2025-07-04,Friday,2,21
23,120.0,150.0,2,Friday,1,2025-07-04,Friday,2,21
16,120.0,0.5,2,Friday,1,2025-07-04,Friday,2,21
12,120.0,0.5,2,Friday,1,2025-07-04,Friday,2,21
17,0.03333333333333333,0.5,2,Friday,1,2025-07-04,Friday,2,21
23,0.03333333333333333,0.5,2,Friday,1,2025-07-04,Friday,2,21
16,0.03333333333333333,0.5,2,Friday,1,2025-07-11,Friday,2,38
16,0.03333333333333333,150.0,2,Friday,1,2025-07-11,Friday,2,38
16,120.0,150.0,2,Friday,1,2025-07-11,Friday,2,38
16,120.0,0.5,2,Friday,1,2025-07-11,Friday,2,38
16,0.03333333333333333,0.5,2,Friday,1,2025-07-11,Friday,2,38
16,120.0,150.0,2,Friday,1,2025-07-11,Friday,2,38
14,0.03333333333333333,0.5,2,Friday,1,2025-07-11,Friday,2,38
12,120.0,0.5,2,Friday,1,2025-07-11,Friday,2,38
16,0.03333333333333333,150.0,2,Friday,1,2025-07-11,Friday,2,38
16,0.03333333333333333,150.0,2,Friday,1,2025-07-11,Friday,2,38
12,120.0,0.5,2,Friday,1,2025-07-11,Friday,2,38
18,120.0,0.5,2,Friday,1,2025-07-11,Friday,2,38
18,120.0,0.5,2,Friday,1,2025-07-11,Friday,2,38
12,120.0,150.0,2,Friday,1,2025-07-11,Friday,2,38
19,0.03333333333333333,0.5,2,Friday,1,2025-07-11,Friday,2,38
15,120.0,0.5,2,Friday,1,2025-07-11,Friday,2,38
15,0.03333333333333333,0.5,2,Friday,1,2025-07-11,Friday,2,38
15,120.0,0.5,2,Friday,1,2025-07-11,Friday,2,38
9,120.0,150.0,2,Friday,1,2025-07-11,Friday,2,38
16,120.0,150.0,2,Friday,1,2025-07-11,Friday,2,38
18,0.03333333333333333,150.0,2,Friday,1,2025-07-11,Friday,2,38
19,0.03333333333333333,150.0,2,Friday,1,2025-07-11,Friday,2,38
22,0.03333333333333333,150.0,2,Friday,1,2025-07-11,Friday,2,38
15,120.0,150.0,2,Friday,1,2025-07-11,Friday,2,38
12,120.0,150.0,2,Friday,1,2025-07-11,Friday,2,38
16,120.0,150.0,2,Friday,1,2025-07-11,Friday,2,38
16,0.03333333333333333,150.0,2,Friday,1,2025-07-11,Friday,2,38
15,120.0,150.0,2,Friday,1,2025-07-11,Friday,2,38
6,0.03333333333333333,0.5,2,Friday,1,2025-07-11,Friday,2,38
8,120.0,0.5,2,Friday,1,2025-07-11,Friday,2,38
14,0.03333333333333333,150.0,2,Friday,1,2025-07-11,Friday,2,38
16,0.03333333333333333,0.5,2,Friday,1,2025-07-11,Friday,2,38
15,0.03333333333333333,150.0,2,Friday,1,2025-07-11,Friday,2,38
16,120.0,150.0,2,Friday,1,2025-07-11,Friday,2,38
16,0.03333333333333333,0.5,2,Friday,1,2025-07-11,Friday,2,38
16,0.03333333333333333,150.0,2,Friday,1,2025-07-11,Friday,2,38
16,0.03333333333333333,150.0,2,Friday,1,2025-07-11,Friday,2,38
22,0.03333333333333333,0.5,2,Friday,1,2025-07-11,Friday,2,38
17,0.03333333333333333,150.0,2,Friday,1,2025-07-18,Friday,2,26
16,0.03333333333333333,0.5,2,Friday,1,2025-07-18,Friday,2,26
16,120.0,0.5,2,Friday,1,2025-07-18,Friday,2,26
16,120.0,150.0,2,Friday,1,2025-07-18,Friday,2,26
16,0.03333333333333333,0.5,2,Friday,1,2025-07-18,Friday,2,26
16,120.0,0.5,2,Friday,1,2025-07-18,Friday,2,26
23,0.03333333333333333,0.5,2,Friday,1,2025-07-18,Friday,2,26
17,120.0,0.5,2,Friday,1,2025-07-18,Friday,2,26
16,120.0,0.5,2,Friday,1,2025-07-18,Friday,2,26
16,0.03333333333333333,150.0,2,Friday,1,2025-07-18,Friday,2,26
16,120.0,150.0,2,Friday,1,2025-07-18,Friday,2,26
17,0.03333333333333333,150.0,2,Friday,1,2025-07-18,Friday,2,26
16,120.0,150.0,2,Friday,1,2025-07-18,Friday,2,26
19,120.0,150.0,2,Friday,1,2025-07-18,Friday,2,26
15,0.03333333333333333,0.5,2,Friday,1,2025-07-18,Friday,2,26
12,120.0,0.5,2,Friday,1,2025-07-18,Friday,2,26
21,0.03333333333333333,0.5,2,Friday,1,2025-07-18,Friday,2,26
18,0.03333333333333333,0.5,2,Friday,1,2025-07-18,Friday,2,26
17,120.0,150.0,2,Friday,1,2025-07-18,Friday,2,26
16,120.0,0.5,2,Friday,1,2025-07-18,Friday,2,26
21,0.03333333333333333,150.0,2,Friday,1,2025-07-18,Friday,2,26
16,120.0,150.0,2,Friday,1,2025-07-18,Friday,2,26
0,0.03333333333333333,0.5,2,Friday,1,2025-07-18,Friday,2,26
13,0.03333333333333333,150.0,2,Friday,1,2025-07-18,Friday,2,26
10,0.03333333333333333,0.5,2,Friday,1,2025-07-18,Friday,2,26
16,120.0,0.5,2,Friday,1,2025-07-18,Friday,2,26
22,120.0,150.0,2,Friday,1,2025-07-25,Friday,2,32
16,0.03333333333333333,150.0,2,Friday,1,2025-07-25,Friday,2,32
19,0.03333333333333333,0.5,2,Friday,1,2025-07-25,Friday,2,32
14,0.03333333333333333,0.5,2,Friday,1,2025-07-25,Friday,2,32
12,120.0,0.5,2,Friday,1,2025-07-25,Friday,2,32
16,120.0,0.5,2,Friday,1,2025-07-25,Friday,2,32
14,0.03333333333333333,0.5,2,Friday,1,2025-07-25,Friday,2,32
20,120.0,150.0,2,Friday,1,2025-07-25,Friday,2,32
16,0.03333333333333333,150.0,2,Friday,1,2025-07-25,Friday,2,32
16,0.03333333333333333,0.5,2,Friday,1,2025-07-25,Friday,2,32
16,120.0,0.5,2,Friday,1,2025-07-25,Friday,2,32
1,0.03333333333333333,0.5,2,Friday,1,2025-07-25,Friday,2,32
16,0.03333333333333333,150.0,2,Friday,1,2025-07-25,Friday,2,32
16,0.03333333333333333,150.0,2,Friday,1,2025-07-25,Friday,2,32
12,120.0,0.5,2,Friday,1,2025-07-25,Friday,2,32
12,0.03333333333333333,0.5,2,Friday,1,2025-07-25,Friday,2,32
3,0.03333333333333333,0.5,2,Friday,1,2025-07-25,Friday,2,32
16,120.0,150.0,2,Friday,1,2025-07-25,Friday,2,32
16,120.0,150.0,2,Friday,1,2025-07-25,Friday,2,32
12,120.0,0.5,2,Friday,1,2025-07-25,Friday,2,32
16,0.03333333333333333,0.5,2,Friday,1,2025-07-25,Friday,2,32
2,0.03333333333333333,150.0,2,Friday,1,2025-07-25,Friday,2,32
19,0.03333333333333333,0.5,2,Friday,1,2025-07-25,Friday,2,32
20,0.03333333333333333,0.5,2,Friday,1,2025-07-25,Friday,2,32
16,120.0,0.5,2,Friday,1,2025-07-25,Friday,2,32
17,0.03333333333333333,0.5,2,Friday,1,2025-07-25,Friday,2,32
16,0.03333333333333333,0.5,2,Friday,1,2025-07-25,Friday,2,32
16,0.03333333333333333,150.0,2,Friday,1,2025-07-25,Friday,2,32
16,0.03333333333333333,150.0,2,Friday,1,2025-07-25,Friday,2,32
16,0.03333333333333333,150.0,2,Friday,1,2025-07-25,Friday,2,32
11,120.0,0.5,2,Friday,1,2025-07-25,Friday,2,32
0,120.0,0.5,2,Friday,1,2025-07-25,Friday,2,32
16,0.03333333333333333,150.0,2,Friday,1,2025-08-01,Friday,2,36
16,120.0,150.0,2,Friday,1,2025-08-01,Friday,2,36
18,0.03333333333333333,0.5,2,Friday,1,2025-08-01,Friday,2,36
16,0.03333333333333333,0.5,2,Friday,1,2025-08-01,Friday,2,36
0,120.0,0.5,2,Friday,1,2025-08-01,Friday,2,36
16,0.03333333333333333,150.0,2,Friday,1,2025-08-01,Friday,2,36
16,0.03333333333333333,150.0,2,Friday,1,2025-08-01,Friday,2,36
21,0.03333333333333333,0.5,2,Friday,1,2025-08-01,Friday,2,36
16,0.03333333333333333,0.5,2,Friday,1,2025-08-01,Friday,2,36
17,0.03333333333333333,150.0,2,Friday,1,2025-08-01,Friday,2,36
3,120.0,0.5,2,Friday,1,2025-08-01,Friday,2,36
12,120.0,150.0,2,Friday,1,2025-08-01,Friday,2,36
16,0.03333333333333333,150.0,2,Friday,1,2025-08-01,Friday,2,36
16,120.0,150.0,2,Friday,1,2025-08-01,Friday,2,36
16,0.03333333333333333,0.5,2,Friday,1,2025-08-01,Friday,2,36
15,120.0,150.0,2,Friday,1,2025-08-01,Friday,2,36
12,0.03333333333333333,150.0,2,Friday,1,2025-08-01,Friday,2,36
16,0.03333333333333333,150.0,2,Friday,1,2025-08-01,Friday,2,36
12,120.0,150.0,2,Friday,1,2025-08-01,Friday,2,36
11,120.0,0.5,2,Friday,1,2025-08-01,Friday,2,36
16,120.0,150.0,2,Friday,1,2025-08-01,Friday,2,36
15,0.03333333333333333,150.0,2,Friday,1,2025-08-01,Friday,2,36
13,120.0,0.5,2,Friday,1,2025-08-01,Friday,2,36
16,0.03333333333333333,150.0,2,Friday,1,2025-08-01,Friday,2,36
9,0.03333333333333333,150.0,2,Friday,1,2025-08-01,Friday,2,36
12,120.0,150.0,2,Friday,1,2025-08-01,Friday,2,36
13,120.0,0.5,2,Friday,1,2025-08-01,Friday,2,36
20,120.0,0.5,2,Friday,1,2025-08-01,Friday,2,36
16,120.0,150.0,2,Friday,1,2025-08-01,Friday,2,36
12,120.0,0.5,2,Friday,1,2025-08-01,Friday,2,36
11,0.03333333333333333,0.5,2,Friday,1,2025-08-01,Friday,2,36
21,0.03333333333333333,0.5,2,Friday,1,2025-08-01,Friday,2,36
16,0.03333333333333333,150.0,2,Friday,1,2025-08-01,Friday,2,36
16,120.0,150.0,2,Friday,1,2025-08-01,Friday,2,36
16,120.0,150.0,2,Friday,1,2025-08-01,Friday,2,36
13,120.0,0.5,2,Friday,1,2025-08-01,Friday,2,36
16,120.0,150.0,2,Friday,1,2025-08-08,Friday,2,31
12,120.0,150.0,2,Friday,1,2025-08-08,Friday,2,31
11,120.0,0.5,2,Friday,1,2025-08-08,Friday,2,31
16,120.0,150.0,2,Friday,1,2025-08-08,Friday,2,31
14,0.03333333333333333,0.5,2,Friday,1,2025-08-08,Friday,2,31
12,0.03333333333333333,150.0,2,Friday,1,2025-08-08,Friday,2,31
16,0.03333333333333333,150.0,2,Friday,1,2025-08-08,Friday,2,31
16,0.03333333333333333,0.5,2,Friday,1,2025-08-08,Friday,2,31
17,120.0,150.0,2,Friday,1,2025-08-08,Friday,2,31
16,120.0,150.0,2,Friday,1,2025-08-08,Friday,2,31
16,120.0,150.0,2,Friday,1,2025-08-08,Friday,2,31
11,120.0,0.5,2,Friday,1,2025-08-08,Friday,2,31
11,0.03333333333333333,150.0,2,Friday,1,2025-08-08,Friday,2,31
20,120.0,150.0,2,Friday,1,2025-08-08,Friday,2,31
0,0.03333333333333333,0.5,2,Friday,1,2025-08-08,Friday,2,31
16,120.0,150.0,2,Friday,1,2025-08-08,Friday,2,31
12,120.0,150.0,2,Friday,1,2025-08-08,Friday,2,31
16,120.0,150.0,2,Friday,1,2025-08-08,Friday,2,31
16,120.0,150.0,2,Friday,1,2025-08-08,Friday,2,31
16,120.0,150.0,2,Friday,1,2025-08-08,Friday,2,31
17,120.0,0.5,2,Friday,1,2025-08-08,Friday,2,31
16,0.03333333333333333,0.5,2,Friday,1,2025-08-08,Friday,2,31
18,0.03333333333333333,0.5,2,Friday,1,2025-08-08,Friday,2,31
16,120.0,150.0,2,Friday,1,2025-08-08,Friday,2,31
17,120.0,0.5,2,Friday,1,2025-08-08,Friday,2,31
14,0.03333333333333333,150.0,2,Friday,1,2025-08-08,Friday,2,31
16,0.03333333333333333,150.0,2,Friday,1,2025-08-08,Friday,2,31
16,0.03333333333333333,150.0,2,Friday,1,2025-08-08,Friday,2,31
19,0.03333333333333333,150.0,2,Friday,1,2025-08-08,Friday,2,31
16,120.0,150.0,2,Friday,1,2025-08-08,Friday,2,31
12,120.0,150.0,2,Friday,1,2025-08-08,Friday,2,31
16,0.03333333333333333,150.0,2,Friday,1,2025-08-15,Friday,2,28
16,0.03333333333333333,150.0,2,Friday,1,2025-08-15,Friday,2,28
16,120.0,150.0,2,Friday,1,2025-08-15,Friday,2,28
18,120.0,0.5,2,Friday,1,2025-08-15,Friday,2,28
16,0.03333333333333333,0.5,2,Friday,1,2025-08-15,Friday,2,28
7,0.03333333333333333,0.5,2,Friday,1,2025-08-15,Friday,2,28
19,0.03333333333333333,150.0,2,Friday,1,2025-08-15,Friday,2,28
3,0.03333333333333333,150.0,2,Friday,1,2025-08-15,Friday,2,28
12,120.0,0.5,2,Friday,1,2025-08-15,Friday,2,28
14,0.03333333333333333,150.0,2,Friday,1,2025-08-15,Friday,2,28
16,120.0,150.0,2,Friday,1,2025-08-15,Friday,2,28
17,0.03333333333333333,150.0,2,Friday,1,2025-08-15,Friday,2,28
13,0.03333333333333333,0.5,2,Friday,1,2025-08-15,Friday,2,28
12,120.0,0.5,2,Friday,1,2025-08-15,Friday,2,28
16,0.03333333333333333,150.0,2,Friday,1,2025-08-15,Friday,2,28
20,0.03333333333333333,0.5,2,Friday,1,2025-08-15,Friday,2,28
16,0.03333333333333333,150.0,2,Friday,1,2025-08-15,Friday,2,28
20,120.0,150.0,2,Friday,1,2025-08-15,Friday,2,28
18,0.03333333333333333,150.0,2,Friday,1,2025-08-15,Friday,2,28
20,120.0,150.0,2,Friday,1,2025-08-15,Friday,2,28
16,120.0,0.5,2,Friday,1,2025-08-15,Friday,2,28
16,120.0,150.0,2,Friday,1,2025-08-15,Friday,2,28
20,0.03333333333333333,0.5,2,Friday,1,2025-08-15,Friday,2,28
14,0.03333333333333333,150.0,2,Friday,1,2025-08-15,Friday,2,28
16,120.0,0.5,2,Friday,1,2025-08-15,Friday,2,28
10,120.0,0.5,2,Friday,1,2025-08-15,Friday,2,28
17,120.0,150.0,2,Friday,1,2025-08-15,Friday,2,28
12,0.03333333333333333,150.0,2,Friday,1,2025-08-15,Friday,2,28
13,120.0,0.5,2,Friday,1,2025-08-22,Friday,2,35
16,120.0,150.0,2,Friday,1,2025-08-22,Friday,2,35
13,0.03333333333333333,150.0,2,Friday,1,2025-08-22,Friday,2,35
16,120.0,0.5,2,Friday,1,2025-08-22,Friday,2,35
21,120.0,150.0,2,Friday,1,2025-08-22,Friday,2,35
14,0.03333333333333333,150.0,2,Friday,1,2025-08-22,Friday,2,35
12,120.0,0.5,2,Friday,1,2025-08-22,Friday,2,35
14,120.0,0.5,2,Friday,1,2025-08-22,Friday,2,35
14,0.03333333333333333,150.0,2,Friday,1,2025-08-22,Friday,2,35
16,0.03333333333333333,0.5,2,Friday,1,2025-08-22,Friday,2,35
16,0.03333333333333333,150.0,2,Friday,1,2025-08-22,Friday,2,35
12,120.0,0.5,2,Friday,1,2025-08-22,Friday,2,35
18,0.03333333333333333,0.5,2,Friday,1,2025-08-22,Friday,2,35
17,0.03333333333333333,0.5,2,Friday,1,2025-08-22,Friday,2,35
21,0.03333333333333333,150.0,2,Friday,1,2025-08-22,Friday,2,35
12,0.03333333333333333,150.0,2,Friday,1,2025-08-22,Friday,2,35
16,0.03333333333333333,150.0,2,Friday,1,2025-08-22,Friday,2,35
20,120.0,0.5,2,Friday,1,2025-08-22,Friday,2,35
12,0.03333333333333333,0.5,2,Friday,1,2025-08-22,Friday,2,35
17,0.03333333333333333,150.0,2,Friday,1,2025-08-22,Friday,2,35
12,120.0,0.5,2,Friday,1,2025-08-22,Friday,2,35
16,120.0,150.0,2,Friday,1,2025-08-22,Friday,2,35
12,120.0,0.5,2,Friday,1,2025-08-22,Friday,2,35
16,0.03333333333333333,0.5,2,Friday,1,2025-08-22,Friday,2,35
18,120.0,0.5,2,Friday,1,2025-08-22,Friday,2,35
16,120.0,150.0,2,Friday,1,2025-08-22,Friday,2,35
16,120.0,150.0,2,Friday,1,2025-08-22,Friday,2,35
16,120.0,0.5,2,Friday,1,2025-08-22,Friday,2,35
12,0.03333333333333333,150.0,2,Friday,1,2025-08-22,Friday,2,35
16,0.03333333333333333,150.0,2,Friday,1,2025-08-22,Friday,2,35
14,0.03333333333333333,150.0,2,Friday,1,2025-08-22,Friday,2,35
12,120.0,0.5,2,Friday,1,2025-08-22,Friday,2,35
12,120.0,0.5,2,Friday,1,2025-08-22,Friday,2,35
12,0.03333333333333333,150.0,2,Friday,1,2025-08-22,Friday,2,35
16,0.03333333333333333,150.0,2,Friday,1,2025-08-22,Friday,2,35
12,120.0,150.0,2,Friday,1,2025-08-29,Friday,2,28
16,120.0,0.5,2,Friday,1,2025-08-29,Friday,2,28
16,120.0,150.0,2,Friday,1,2025-08-29,Friday,2,28
8,0.03333333333333333,150.0,2,Friday,1,2025-08-29,Friday,2,28
17,0.03333333333333333,0.5,2,Friday,1,2025-08-29,Friday,2,28
16,120.0,150.0,2,Friday,1,2025-08-29,Friday,2,28
16,0.03333333333333333,0.5,2,Friday,1,2025-08-29,Friday,2,28
16,120.0,150.0,2,Friday,1,2025-08-29,Friday,2,28
22,0.03333333333333333,0.5,2,Friday,1,2025-08-29,Friday,2,28
17,0.03333333333333333,0.5,2,Friday,1,2025-08-29,Friday,2,28
16,120.0,150.0,2,Friday,1,2025-08-29,Friday,2,28
23,0.03333333333333333,0.5,2,Friday,1,2025-08-29,Friday,2,28
14,120.0,150.0,2,Friday,1,2025-08-29,Friday,2,28
14,0.03333333333333333,0.5,2,Friday,1,2025-08-29,Friday,2,28
16,120.0,0.5,2,Friday,1,2025-08-29,Friday,2,28
12,120.0,0.5,2,Friday,1,2025-08-29,Friday,2,28
18,120.0,0.5,2,Friday,1,2025-08-29,Friday,2,28
16,120.0,150.0,2,Friday,1,2025-08-29,Friday,2,28
17,120.0,0.5,2,Friday,1,2025-08-29,Friday,2,28
16,120.0,150.0,2,Friday,1,2025-08-29,Friday,2,28
13,120.0,0.5,2,Friday,1,2025-08-29,Friday,2,28
16,0.03333333333333333,150.0,2,Friday,1,2025-08-29,Friday,2,28
16,120.0,0.5,2,Friday,1,2025-08-29,Friday,2,28
20,0.03333333333333333,150.0,2,Friday,1,2025-08-29,Friday,2,28
12,0.03333333333333333,0.5,2,Friday,1,2025-08-29,Friday,2,28
16,0.03333333333333333,0.5,2,Friday,1,2025-08-29,Friday,2,28
16,120.0,0.5,2,Friday,1,2025-08-29,Friday,2,28
21,120.0,0.5,2,Friday,1,2025-08-29,Friday,2,28
16,120.0,150.0,2,Friday,1,2025-09-05,Friday,2,26
17,0.03333333333333333,0.5,2,Friday,1,2025-09-05,Friday,2,26
14,120.0,0.5,2,Friday,1,2025-09-05,Friday,2,26
21,0.03333333333333333,0.5,2,Friday,1,2025-09-05,Friday,2,26
22,0.03333333333333333,0.5,2,Friday,1,2025-09-05,Friday,2,26
22,120.0,0.5,2,Friday,1,2025-09-05,Friday,2,26
0,0.03333333333333333,0.5,2,Friday,1,2025-09-05,Friday,2,26
16,0.03333333333333333,0.5,2,Friday,1,2025-09-05,Friday,2,26
15,0.03333333333333333,0.5,2,Friday,1,2025-09-05,Friday,2,26
16,120.0,150.0,2,Friday,1,2025-09-05,Friday,2,26
16,120.0,150.0,2,Friday,1,2025-09-05,Friday,2,26
12,0.03333333333333333,0.5,2,Friday,1,2025-09-05,Friday,2,26
21,0.03333333333333333,0.5,2,Friday,1,2025-09-05,Friday,2,26
21,0.03333333333333333,0.5,2,Friday,1,2025-09-05,Friday,2,26
16,0.03333333333333333,0.5,2,Friday,1,2025-09-05,Friday,2,26
16,120.0,0.5,2,Friday,1,2025-09-05,Friday,2,26
13,0.03333333333333333,0.5,2,Friday,1,2025-09-05,Friday,2,26
16,0.03333333333333333,150.0,2,Friday,1,2025-09-05,Friday,2,26
20,0.03333333333333333,0.5,2,Friday,1,2025-09-05,Friday,2,26
12,0.03333333333333333,0.5,2,Friday,1,2025-09-05,Friday,2,26
16,120.0,150.0,2,Friday,1,2025-09-05,Friday,2,26
16,120.0,0.5,2,Friday,1,2025-09-05,Friday,2,26
19,120.0,150.0,2,Friday,1,2025-09-05,Friday,2,26
12,120.0,150.0,2,Friday,1,2025-09-05,Friday,2,26
14,120.0,0.5,2,Friday,1,2025-09-05,Friday,2,26
20,0.03333333333333333,150.0,2,Friday,1,2025-09-05,Friday,2,26
17,0.03333333333333333,0.5,2,Friday,1,2025-09-12,Friday,2,33
12,0.03333333333333333,150.0,2,Friday,1,2025-09-12,Friday,2,33
16,0.03333333333333333,0.5,2,Friday,1,2025-09-12,Friday,2,33
16,120.0,150.0,2,Friday,1,2025-09-12,Friday,2,33
22,0.03333333333333333,0.5,2,Friday,1,2025-09-12,Friday,2,33
16,120.0,150.0,2,Friday,1,2025-09-12,Friday,2,33
10,0.03333333333333333,150.0,2,Friday,1,2025-09-12,Friday,2,33
10,120.0,0.5,2,Friday,1,2025-09-12,Friday,2,33
16,120.0,150.0,2,Friday,1,2025-09-12,Friday,2,33
0,0.03333333333333333,150.0,2,Friday,1,2025-09-12,Friday,2,33
12,0.03333333333333333,150.0,2,Friday,1,2025-09-12,Friday,2,33
13,0.03333333333333333,150.0,2,Friday,1,2025-09-12,Friday,2,33
22,120.0,0.5,2,Friday,1,2025-09-12,Friday,2,33
16,120.0,150.0,2,Friday,1,2025-09-12,Friday,2,33
16,120.0,150.0,2,Friday,1,2025-09-12,Friday,2,33
21,120.0,150.0,2,Friday,1,2025-09-12,Friday,2,33
16,0.03333333333333333,0.5,2,Friday,1,2025-09-12,Friday,2,33
16,0.03333333333333333,0.5,2,Friday,1,2025-09-12,Friday,2,33
16,120.0,150.0,2,Friday,1,2025-09-12,Friday,2,33
22,120.0,0.5,2,Friday,1,2025-09-12,Friday,2,33
21,0.03333333333333333,0.5,2,Friday,1,2025-09-12,Friday,2,33
17,120.0,150.0,2,Friday,1,2025-09-12,Friday,2,33
16,120.0,0.5,2,Friday,1,2025-09-12,Friday,2,33
22,0.03333333333333333,150.0,2,Friday,1,2025-09-12,Friday,2,33
16,120.0,0.5,2,Friday,1,2025-09-12,Friday,2,33
14,0.03333333333333333,0.5,2,Friday,1,2025-09-12,Friday,2,33
16,120.0,150.0,2,Friday,1,2025-09-12,Friday,2,33
15,0.03333333333333333,150.0,2,Friday,1,2025-09-12,Friday,2,33
16,120.0,150.0,2,Friday,1,2025-09-12,Friday,2,33
17,0.03333333333333333,0.5,2,Friday,1,2025-09-12,Friday,2,33
8,0.03333333333333333,0.5,2,Friday,1,2025-09-12,Friday,2,33
14,120.0,150.0,2,Friday,1,2025-09-12,Friday,2,33
16,120.0,150.0,2,Friday,1,2025-09-12,Friday,2,33
13,0.03333333333333333,0.5,2,Friday,1,2025-09-19,Friday,2,25
16,0.03333333333333333,0.5,2,Friday,1,2025-09-19,Friday,2,25
16,120.0,0.5,2,Friday,1,2025-09-19,Friday,2,25
12,120.0,0.5,2,Friday,1,2025-09-19,Friday,2,25
17,0.03333333333333333,0.5,2,Friday,1,2025-09-19,Friday,2,25
16,120.0,150.0,2,Friday,1,2025-09-19,Friday,2,25
12,0.03333333333333333,150.0,2,Friday,1,2025-09-19,Friday,2,25
4,0.03333333333333333,0.5,2,Friday,1,2025-09-19,Friday,2,25
16,120.0,150.0,2,Friday,1,2025-09-19,Friday,2,25
12,120.0,150.0,2,Friday,1,2025-09-19,Friday,2,25
16,120.0,150.0,2,Friday,1,2025-09-19,Friday,2,25
16,0.03333333333333333,150.0,2,Friday,1,2025-09-19,Friday,2,25
16,0.03333333333333333,150.0,2,Friday,1,2025-09-19,Friday,2,25
16,0.03333333333333333,0.5,2,Friday,1,2025-09-19,Friday,2,25
15,0.03333333333333333,0.5,2,Friday,1,2025-09-19,Friday,2,25
12,120.0,0.5,2,Friday,1,2025-09-19,Friday,2,25
23,120.0,0.5,2,Friday,1,2025-09-19,Friday,2,25
12,120.0,150.0,2,Friday,1,2025-09-19,Friday,2,25
14,120.0,0.5,2,Friday,1,2025-09-19,Friday,2,25
16,0.03333333333333333,0.5,2,Friday,1,2025-09-19,Friday,2,25
16,120.0,0.5,2,Friday,1,2025-09-19,Friday,2,25
4,120.0,0.5,2,Friday,1,2025-09-19,Friday,2,25
1,120.0,150.0,2,Friday,1,2025-09-19,Friday,2,25
21,120.0,150.0,2,Friday,1,2025-09-19,Friday,2,25
22,0.03333333333333333,0.5,2,Friday,1,2025-09-19,Friday,2,25
16,120.0,0.5,2,Saturday,1,2025-06-28,Saturday,2,29
16,0.03333333333333333,150.0,2,Saturday,1,2025-06-28,Saturday,2,29
16,0.03333333333333333,0.5,2,Saturday,1,2025-06-28,Saturday,2,29
3,120.0,0.5,2,Saturday,1,2025-06-28,Saturday,2,29
12,120.0,0.5,2,Saturday,1,2025-06-28,Saturday,2,29
16,120.0,150.0,2,Saturday,1,2025-06-28,Saturday,2,29
16,120.0,0.5,2,Saturday,1,2025-06-28,Saturday,2,29
14,0.03333333333333333,0.5,2,Saturday,1,2025-06-28,Saturday,2,29
16,120.0,150.0,2,Saturday,1,2025-06-28,Saturday,2,29
14,120.0,150.0,2,Saturday,1,2025-06-28,Saturday,2,29
14,0.03333333333333333,0.5,2,Saturday,1,2025-06-28,Saturday,2,29
21,0.03333333333333333,0.5,2,Saturday,1,2025-06-28,Saturday,2,29
17,0.03333333333333333,150.0,2,Saturday,1,2025-06-28,Saturday,2,29
16,0.03333333333333333,150.0,2,Saturday,1,2025-06-28,Saturday,2,29
16,0.03333333333333333,150.0,2,Saturday,1,2025-06-28,Saturday,2,29
15,0.03333333333333333,0.5,2,Saturday,1,2025-06-28,Saturday,2,29
12,120.0,0.5,2,Saturday,1,2025-06-28,Saturday,2,29
16,0.03333333333333333,0.5,2,Saturday,1,2025-06-28,Saturday,2,29
16,0.03333333333333333,150.0,2,Saturday,1,2025-06-28,Saturday,2,29
16,0.03333333333333333,150.0,2,Saturday,1,2025-06-28,Saturday,2,29
4,120.0,0.5,2,Saturday,1,2025-06-28,Saturday,2,29
12,120.0,150.0,2,Saturday,1,2025-06-28,Saturday,2,29
21,120.0,0.5,2,Saturday,1,2025-06-28,Saturday,2,29
13,120.0,0.5,2,Saturday,1,2025-06-28,Saturday,2,29
18,120.0,0.5,2,Saturday,1,2025-06-28,Saturday,2,29
17,120.0,150.0,2,Saturday,1,2025-06-28,Saturday,2,29
16,0.03333333333333333,150.0,2,Saturday,1,2025-06-28,Saturday,2,29
16,0.03333333333333333,150.0,2,Saturday,1,2025-06-28,Saturday,2,29
16,120.0,0.5,2,Saturday,1,2025-06-28,Saturday,2,29
19,0.03333333333333333,0.5,2,Saturday,1,2025-07-05,Saturday,2,24
19,120.0,150.0,2,Saturday,1,2025-07-05,Saturday,2,24
20,120.0,0.5,2,Saturday,1,2025-07-05,Saturday,2,24
16,120.0,0.5,2,Saturday,1,2025-07-05,Saturday,2,24
12,120.0,0.5,2,Saturday,1,2025-07-05,Saturday,2,24
16,0.03333333333333333,150.0,2,Saturday,1,2025-07-05,Saturday,2,24
16,0.03333333333333333,150.0,2,Saturday,1,2025-07-05,Saturday,2,24
16,120.0,0.5,2,Saturday,1,2025-07-05,Saturday,2,24
16,0.03333333333333333,150.0,2,Saturday,1,2025-07-05,Saturday,2,24
16,120.0,0.5,2,Saturday,1,2025-07-05,Saturday,2,24
18,0.03333333333333333,0.5,2,Saturday,1,2025-07-05,Saturday,2,24
16,0.03333333333333333,0.5,2,Saturday,1,2025-07-05,Saturday,2,24
16,0.03333333333333333,0.5,2,Saturday,1,2025-07-05,Saturday,2,24
0,0.03333333333333333,0.5,2,Saturday,1,2025-07-05,Saturday,2,24
21,120.0,0.5,2,Saturday,1,2025-07-05,Saturday,2,24
16,0.03333333333333333,0.5,2,Saturday,1,2025-07-05,Saturday,2,24
16,0.03333333333333333,0.5,2,Saturday,1,2025-07-05,Saturday,2,24
17,120.0,0.5,2,Saturday,1,2025-07-05,Saturday,2,24
21,120.0,150.0,2,Saturday,1,2025-07-05,Saturday,2,24
14,0.03333333333333333,150.0,2,Saturday,1,2025-07-05,Saturday,2,24
20,0.03333333333333333,150.0,2,Saturday,1,2025-07-05,Saturday,2,24
12,120.0,0.5,2,Saturday,1,2025-07-05,Saturday,2,24
16,120.0,0.5,2,Saturday,1,2025-07-05,Saturday,2,24
16,0.03333333333333333,150.0,2,Saturday,1,2025-07-05,Saturday,2,24
16,0.03333333333333333,150.0,2,Saturday,1,2025-07-12,Saturday,2,30
12,120.0,0.5,2,Saturday,1,2025-07-12,Saturday,2,30
16,0.03333333333333333,150.0,2,Saturday,1,2025-07-12,Saturday,2,30
16,120.0,0.5,2,Saturday,1,2025-07-12,Saturday,2,30
16,0.03333333333333333,150.0,2,Saturday,1,2025-07-12,Saturday,2,30
15,120.0,0.5,2,Saturday,1,2025-07-12,Saturday,2,30
12,0.03333333333333333,0.5,2,Saturday,1,2025-07-12,Saturday,2,30
11,120.0,0.5,2,Saturday,1,2025-07-12,Saturday,2,30
14,0.03333333333333333,0.5,2,Saturday,1,2025-07-12,Saturday,2,30
16,0.03333333333333333,150.0,2,Saturday,1,2025-07-12,Saturday,2,30
18,120.0,0.5,2,Saturday,1,2025-07-12,Saturday,2,30
19,0.03333333333333333,0.5,2,Saturday,1,2025-07-12,Saturday,2,30
16,120.0,0.5,2,Saturday,1,2025-07-12,Saturday,2,30
16,120.0,0.5,2,Saturday,1,2025-07-12,Saturday,2,30
17,0.03333333333333333,150.0,2,Saturday,1,2025-07-12,Saturday,2,30
16,120.0,150.0,2,Saturday,1,2025-07-12,Saturday,2,30
16,0.03333333333333333,150.0,2,Saturday,1,2025-07-12,Saturday,2,30
16,120.0,150.0,2,Saturday,1,2025-07-12,Saturday,2,30
20,120.0,150.0,2,Saturday,1,2025-07-12,Saturday,2,30
16,0.03333333333333333,0.5,2,Saturday,1,2025-07-12,Saturday,2,30
15,120.0,0.5,2,Saturday,1,2025-07-12,Saturday,2,30
16,120.0,150.0,2,Saturday,1,2025-07-12,Saturday,2,30
16,120.0,150.0,2,Saturday,1,2025-07-12,Saturday,2,30
12,120.0,0.5,2,Saturday,1,2025-07-12,Saturday,2,30
14,0.03333333333333333,150.0,2,Saturday,1,2025-07-12,Saturday,2,30
19,0.03333333333333333,150.0,2,Saturday,1,2025-07-12,Saturday,2,30
11,120.0,150.0,2,Saturday,1,2025-07-12,Saturday,2,30
16,0.03333333333333333,150.0,2,Saturday,1,2025-07-12,Saturday,2,30
22,120.0,0.5,2,Saturday,1,2025-07-12,Saturday,2,30
16,0.03333333333333333,150.0,2,Saturday,1,2025-07-12,Saturday,2,30
14,0.03333333333333333,150.0,2,Saturday,1,2025-07-19,Saturday,2,26
18,0.03333333333333333,0.5,2,Saturday,1,2025-07-19,Saturday,2,26
7,120.0,150.0,2,Saturday,1,2025-07-19,Saturday,2,26
16,0.03333333333333333,0.5,2,Saturday,1,2025-07-19,Saturday,2,26
6,0.03333333333333333,0.5,2,Saturday,1,2025-07-19,Saturday,2,26
21,0.03333333333333333,0.5,2,Saturday,1,2025-07-19,Saturday,2,26
12,0.03333333333333333,150.0,2,Saturday,1,2025-07-19,Saturday,2,26
14,0.03333333333333333,0.5,2,Saturday,1,2025-07-19,Saturday,2,26
16,120.0,150.0,2,Saturday,1,2025-07-19,Saturday,2,26
20,120.0,150.0,2,Saturday,1,2025-07-19,Saturday,2,26
1,0.03333333333333333,0.5,2,Saturday,1,2025-07-19,Saturday,2,26
23,120.0,0.5,2,Saturday,1,2025-07-19,Saturday,2,26
16,0.03333333333333333,0.5,2,Saturday,1,2025-07-19,Saturday,2,26
12,120.0,0.5,2,Saturday,1,2025-07-19,Saturday,2,26
14,0.03333333333333333,150.0,2,Saturday,1,2025-07-19,Saturday,2,26
16,120.0,150.0,2,Saturday,1,2025-07-19,Saturday,2,26
16,0.03333333333333333,0.5,2,Saturday,1,2025-07-19,Saturday,2,26
19,120.0,0.5,2,Saturday,1,2025-07-19,Saturday,2,26
16,0.03333333333333333,0.5,2,Saturday,1,2025-07-19,Saturday,2,26
18,0.03333333333333333,0.5,2,Saturday,1,2025-07-19,Saturday,2,26
14,120.0,0.5,2,Saturday,1,2025-07-19,Saturday,2,26
16,120.0,150.0,2,Saturday,1,2025-07-19,Saturday,2,26
14,0.03333333333333333,0.5,2,Saturday,1,2025-07-19,Saturday,2,26
16,120.0,0.5,2,Saturday,1,2025-07-19,Saturday,2,26
16,0.03333333333333333,150.0,2,Saturday,1,2025-07-19,Saturday,2,26
15,0.03333333333333333,0.5,2,Saturday,1,2025-07-19,Saturday,2,26
17,120.0,0.5,2,Saturday,1,2025-07-26,Saturday,2,28
16,0.03333333333333333,150.0,2,Saturday,1,2025-07-26,Saturday,2,28
13,0.03333333333333333,150.0,2,Saturday,1,2025-07-26,Saturday,2,28
16,0.03333333333333333,0.5,2,Saturday,1,2025-07-26,Saturday,2,28
14,0.03333333333333333,0.5,2,Saturday,1,2025-07-26,Saturday,2,28
21,120.0,0.5,2,Saturday,1,2025-07-26,Saturday,2,28
16,0.03333333333333333,0.5,2,Saturday,1,2025-07-26,Saturday,2,28
15,0.03333333333333333,0.5,2,Saturday,1,2025-07-26,Saturday,2,28
12,120.0,0.5,2,Saturday,1,2025-07-26,Saturday,2,28
16,120.0,0.5,2,Saturday,1,2025-07-26,Saturday,2,28
17,0.03333333333333333,150.0,2,Saturday,1,2025-07-26,Saturday,2,28
20,120.0,0.5,2,Saturday,1,2025-07-26,Saturday,2,28
16,0.03333333333333333,0.5,2,Saturday,1,2025-07-26,Saturday,2,28
16,120.0,0.5,2,Saturday,1,2025-07-26,Saturday,2,28
19,0.03333333333333333,0.5,2,Saturday,1,2025-07-26,Saturday,2,28
16,120.0,0.5,2,Saturday,1,2025-07-26,Saturday,2,28
18,0.03333333333333333,0.5,2,Saturday,1,2025-07-26,Saturday,2,28
18,0.03333333333333333,0.5,2,Saturday,1,2025-07-26,Saturday,2,28
16,120.0,0.5,2,Saturday,1,2025-07-26,Saturday,2,28
17,120.0,150.0,2,Saturday,1,2025-07-26,Saturday,2,28
12,120.0,0.5,2,Saturday,1,2025-07-26,Saturday,2,28
15,120.0,150.0,2,Saturday,1,2025-07-26,Saturday,2,28
15,0.03333333333333333,0.5,2,Saturday,1,2025-07-26,Saturday,2,28
16,0.03333333333333333,150.0,2,Saturday,1,2025-07-26,Saturday,2,28
12,120.0,0.5,2,Saturday,1,2025-07-26,Saturday,2,28
16,0.03333333333333333,150.0,2,Saturday,1,2025-07-26,Saturday,2,28
16,120.0,0.5,2,Saturday,1,2025-07-26,Saturday,2,28
20,120.0,0.5,2,Saturday,1,2025-07-26,Saturday,2,28
16,0.03333333333333333,150.0,2,Saturday,1,2025-08-02,Saturday,2,25
16,0.03333333333333333,0.5,2,Saturday,1,2025-08-02,Saturday,2,25
17,120.0,150.0,2,Saturday,1,2025-08-02,Saturday,2,25
15,0.03333333333333333,0.5,2,Saturday,1,2025-08-02,Saturday,2,25
16,0.03333333333333333,0.5,2,Saturday,1,2025-08-02,Saturday,2,25
16,0.03333333333333333,0.5,2,Saturday,1,2025-08-02,Saturday,2,25
17,120.0,0.5,2,Saturday,1,2025-08-02,Saturday,2,25
12,120.0,150.0,2,Saturday,1,2025-08-02,Saturday,2,25
20,0.03333333333333333,150.0,2,Saturday,1,2025-08-02,Saturday,2,25
16,0.03333333333333333,0.5,2,Saturday,1,2025-08-02,Saturday,2,25
16,0.03333333333333333,0.5,2,Saturday,1,2025-08-02,Saturday,2,25
16,0.03333333333333333,150.0,2,Saturday,1,2025-08-02,Saturday,2,25
16,0.03333333333333333,150.0,2,Saturday,1,2025-08-02,Saturday,2,25
17,120.0,0.5,2,Saturday,1,2025-08-02,Saturday,2,25
16,0.03333333333333333,150.0,2,Saturday,1,2025-08-02,Saturday,2,25
18,120.0,150.0,2,Saturday,1,2025-08-02,Saturday,2,25
16,0.03333333333333333,0.5,2,Saturday,1,2025-08-02,Saturday,2,25
16,0.03333333333333333,0.5,2,Saturday,1,2025-08-02,Saturday,2,25
16,0.03333333333333333,0.5,2,Saturday,1,2025-08-02,Saturday,2,25
16,0.03333333333333333,150.0,2,Saturday,1,2025-08-02,Saturday,2,25
18,120.0,0.5,2,Saturday,1,2025-08-02,Saturday,2,25
21,0.03333333333333333,150.0,2,Saturday,1,2025-08-02,Saturday,2,25
17,0.03333333333333333,0.5,2,Saturday,1,2025-08-02,Saturday,2,25
12,0.03333333333333333,0.5,2,Saturday,1,2025-08-02,Saturday,2,25
15,120.0,150.0,2,Saturday,1,2025-08-02,Saturday,2,25
12,120.0,150.0,2,Saturday,1,2025-08-09,Saturday,2,20
16,0.03333333333333333,150.0,2,Saturday,1,2025-08-09,Saturday,2,20
14,0.03333333333333333,150.0,2,Saturday,1,2025-08-09,Saturday,2,20
19,0.03333333333333333,0.5,2,Saturday,1,2025-08-09,Saturday,2,20
17,120.0,0.5,2,Saturday,1,2025-08-09,Saturday,2,20
22,0.03333333333333333,0.5,2,Saturday,1,2025-08-09,Saturday,2,20
12,120.0,0.5,2,Saturday,1,2025-08-09,Saturday,2,20
15,0.03333333333333333,0.5,2,Saturday,1,2025-08-09,Saturday,2,20
22,120.0,0.5,2,Saturday,1,2025-08-09,Saturday,2,20
18,120.0,0.5,2,Saturday,1,2025-08-09,Saturday,2,20
12,120.0,0.5,2,Saturday,1,2025-08-09,Saturday,2,20
16,0.03333333333333333,150.0,2,Saturday,1,2025-08-09,Saturday,2,20
14,0.03333333333333333,0.5,2,Saturday,1,2025-08-09,Saturday,2,20
17,120.0,150.0,2,Saturday,1,2025-08-09,Saturday,2,20
16,0.03333333333333333,150.0,2,Saturday,1,2025-08-09,Saturday,2,20
8,0.03333333333333333,0.5,2,Saturday,1,2025-08-09,Saturday,2,20
10,0.03333333333333333,0.5,2,Saturday,1,2025-08-09,Saturday,2,20
12,120.0,150.0,2,Saturday,1,2025-08-09,Saturday,2,20
14,0.03333333333333333,150.0,2,Saturday,1,2025-08-09,Saturday,2,20
15,0.03333333333333333,0.5,2,Saturday,1,2025-08-09,Saturday,2,20
18,120.0,0.5,2,Saturday,1,2025-08-16,Saturday,2,21
12,0.03333333333333333,150.0,2,Saturday,1,2025-08-16,Saturday,2,21
16,0.03333333333333333,150.0,2,Saturday,1,2025-08-16,Saturday,2,21
16,120.0,150.0,2,Saturday,1,2025-08-16,Saturday,2,21
19,120.0,150.0,2,Saturday,1,2025-08-16,Saturday,2,21
15,0.03333333333333333,0.5,2,Saturday,1,2025-08-16,Saturday,2,21
16,0.03333333333333333,0.5,2,Saturday,1,2025-08-16,Saturday,2,21
15,0.03333333333333333,0.5,2,Saturday,1,2025-08-16,Saturday,2,21
16,0.03333333333333333,0.5,2,Saturday,1,2025-08-16,Saturday,2,21
16,0.03333333333333333,0.5,2,Saturday,1,2025-08-16,Saturday,2,21
22,0.03333333333333333,0.5,2,Saturday,1,2025-08-16,Saturday,2,21
16,0.03333333333333333,0.5,2,Saturday,1,2025-08-16,Saturday,2,21
16,120.0,0.5,2,Saturday,1,2025-08-16,Saturday,2,21
20,120.0,150.0,2,Saturday,1,2025-08-16,Saturday,2,21
17,0.03333333333333333,150.0,2,Saturday,1,2025-08-16,Saturday,2,21
16,120.0,150.0,2,Saturday,1,2025-08-16,Saturday,2,21
16,120.0,0.5,2,Saturday,1,2025-08-16,Saturday,2,21
19,0.03333333333333333,0.5,2,Saturday,1,2025-08-16,Saturday,2,21
16,120.0,0.5,2,Saturday,1,2025-08-16,Saturday,2,21
22,0.03333333333333333,0.5,2,Saturday,1,2025-08-16,Saturday,2,21
16,0.03333333333333333,150.0,2,Saturday,1,2025-08-16,Saturday,2,21
12,120.0,0.5,2,Saturday,1,2025-08-23,Saturday,2,36
16,0.03333333333333333,0.5,2,Saturday,1,2025-08-23,Saturday,2,36
16,0.03333333333333333,0.5,2,Saturday,1,2025-08-23,Saturday,2,36
3,120.0,0.5,2,Saturday,1,2025-08-23,Saturday,2,36
16,0.03333333333333333,0.5,2,Saturday,1,2025-08-23,Saturday,2,36
12,120.0,150.0,2,Saturday,1,2025-08-23,Saturday,2,36
22,0.03333333333333333,0.5,2,Saturday,1,2025-08-23,Saturday,2,36
16,120.0,150.0,2,Saturday,1,2025-08-23,Saturday,2,36
16,0.03333333333333333,150.0,2,Saturday,1,2025-08-23,Saturday,2,36
14,0.03333333333333333,150.0,2,Saturday,1,2025-08-23,Saturday,2,36
11,120.0,0.5,2,Saturday,1,2025-08-23,Saturday,2,36
23,120.0,0.5,2,Saturday,1,2025-08-23,Saturday,2,36
16,0.03333333333333333,150.0,2,Saturday,1,2025-08-23,Saturday,2,36
17,120.0,150.0,2,Saturday,1,2025-08-23,Saturday,2,36
14,0.03333333333333333,0.5,2,Saturday,1,2025-08-23,Saturday,2,36
19,0.03333333333333333,0.5,2,Saturday,1,2025-08-23,Saturday,2,36
16,0.03333333333333333,0.5,2,Saturday,1,2025-08-23,Saturday,2,36
16,120.0,150.0,2,Saturday,1,2025-08-23,Saturday,2,36
15,0.03333333333333333,0.5,2,Saturday,1,2025-08-23,Saturday,2,36
0,0.03333333333333333,0.5,2,Saturday,1,2025-08-23,Saturday,2,36
17,0.03333333333333333,0.5,2,Saturday,1,2025-08-23,Saturday,2,36
16,0.03333333333333333,150.0,2,Saturday,1,2025-08-23,Saturday,2,36
16,0.03333333333333333,150.0,2,Saturday,1,2025-08-23,Saturday,2,36
17,0.03333333333333333,0.5,2,Saturday,1,2025-08-23,Saturday,2,36
16,0.03333333333333333,150.0,2,Saturday,1,2025-08-23,Saturday,2,36
15,0.03333333333333333,0.5,2,Saturday,1,2025-08-23,Saturday,2,36
12,120.0,150.0,2,Saturday,1,2025-08-23,Saturday,2,36
16,0.03333333333333333,0.5,2,Saturday,1,2025-08-23,Saturday,2,36
17,120.0,150.0,2,Saturday,1,2025-08-23,Saturday,2,36
16,0.03333333333333333,0.5,2,Saturday,1,2025-08-23,Saturday,2,36
20,0.03333333333333333,150.0,2,Saturday,1,2025-08-23,Saturday,2,36
16,0.03333333333333333,150.0,2,Saturday,1,2025-08-23,Saturday,2,36
9,120.0,0.5,2,Saturday,1,2025-08-23,Saturday,2,36
12,0.03333333333333333,150.0,2,Saturday,1,2025-08-23,Saturday,2,36
16,0.03333333333333333,150.0,2,Saturday,1,2025-08-23,Saturday,2,36
20,0.03333333333333333,0.5,2,Saturday,1,2025-08-23,Saturday,2,36
0,0.03333333333333333,0.5,2,Saturday,1,2025-08-30,Saturday,2,29
14,120.0,0.5,2,Saturday,1,2025-08-30,Saturday,2,29
13,120.0,0.5,2,Saturday,1,2025-08-30,Saturday,2,29
10,120.0,0.5,2,Saturday,1,2025-08-30,Saturday,2,29
16,0.03333333333333333,150.0,2,Saturday,1,2025-08-30,Saturday,2,29
12,0.03333333333333333,0.5,2,Saturday,1,2025-08-30,Saturday,2,29
12,120.0,0.5,2,Saturday,1,2025-08-30,Saturday,2,29
16,0.03333333333333333,150.0,2,Saturday,1,2025-08-30,Saturday,2,29
17,0.03333333333333333,150.0,2,Saturday,1,2025-08-30,Saturday,2,29
18,0.03333333333333333,0.5,2,Saturday,1,2025-08-30,Saturday,2,29
16,0.03333333333333333,150.0,2,Saturday,1,2025-08-30,Saturday,2,29
16,120.0,0.5,2,Saturday,1,2025-08-30,Saturday,2,29
20,0.03333333333333333,0.5,2,Saturday,1,2025-08-30,Saturday,2,29
20,120.0,150.0,2,Saturday,1,2025-08-30,Saturday,2,29
12,120.0,0.5,2,Saturday,1,2025-08-30,Saturday,2,29
22,120.0,150.0,2,Saturday,1,2025-08-30,Saturday,2,29
12,120.0,0.5,2,Saturday,1,2025-08-30,Saturday,2,29
17,0.03333333333333333,150.0,2,Saturday,1,2025-08-30,Saturday,2,29
16,120.0,0.5,2,Saturday,1,2025-08-30,Saturday,2,29
16,0.03333333333333333,0.5,2,Saturday,1,2025-08-30,Saturday,2,29
16,120.0,0.5,2,Saturday,1,2025-08-30,Saturday,2,29
16,120.0,0.5,2,Saturday,1,2025-08-30,Saturday,2,29
12,0.03333333333333333,150.0,2,Saturday,1,2025-08-30,Saturday,2,29
16,0.03333333333333333,0.5,2,Saturday,1,2025-08-30,Saturday,2,29
22,120.0,0.5,2,Saturday,1,2025-08-30,Saturday,2,29
19,0.03333333333333333,150.0,2,Saturday,1,2025-08-30,Saturday,2,29
16,120.0,0.5,2,Saturday,1,2025-08-30,Saturday,2,29
12,120.0,0.5,2,Saturday,1,2025-08-30,Saturday,2,29
16,120.0,0.5,2,Saturday,1,2025-08-30,Saturday,2,29
12,120.0,0.5,2,Saturday,1,2025-09-06,Saturday,2,34
12,120.0,150.0,2,Saturday,1,2025-09-06,Saturday,2,34
14,0.03333333333333333,0.5,2,Saturday,1,2025-09-06,Saturday,2,34
14,0.03333333333333333,150.0,2,Saturday,1,2025-09-06,Saturday,2,34
12,120.0,150.0,2,Saturday,1,2025-09-06,Saturday,2,34
16,120.0,150.0,2,Saturday,1,2025-09-06,Saturday,2,34
17,120.0,150.0,2,Saturday,1,2025-09-06,Saturday,2,34
17,120.0,150.0,2,Saturday,1,2025-09-06,Saturday,2,34
17,120.0,150.0,2,Saturday,1,2025-09-06,Saturday,2,34
14,0.03333333333333333,0.5,2,Saturday,1,2025-09-06,Saturday,2,34
19,120.0,0.5,2,Saturday,1,2025-09-06,Saturday,2,34
15,120.0,150.0,2,Saturday,1,2025-09-06,Saturday,2,34
15,120.0,0.5,2,Saturday,1,2025-09-06,Saturday,2,34
13,120.0,150.0,2,Saturday,1,2025-09-06,Saturday,2,34
16,0.03333333333333333,0.5,2,Saturday,1,2025-09-06,Saturday,2,34
16,120.0,150.0,2,Saturday,1,2025-09-06,Saturday,2,34
16,120.0,0.5,2,Saturday,1,2025-09-06,Saturday,2,34
16,0.03333333333333333,150.0,2,Saturday,1,2025-09-06,Saturday,2,34
17,120.0,0.5,2,Saturday,1,2025-09-06,Saturday,2,34
16,0.03333333333333333,150.0,2,Saturday,1,2025-09-06,Saturday,2,34
16,120.0,0.5,2,Saturday,1,2025-09-06,Saturday,2,34
16,120.0,150.0,2,Saturday,1,2025-09-06,Saturday,2,34
16,120.0,150.0,2,Saturday,1,2025-09-06,Saturday,2,34
17,0.03333333333333333,0.5,2,Saturday,1,2025-09-06,Saturday,2,34
14,0.03333333333333333,0.5,2,Saturday,1,2025-09-06,Saturday,2,34
16,120.0,150.0,2,Saturday,1,2025-09-06,Saturday,2,34
17,120.0,150.0,2,Saturday,1,2025-09-06,Saturday,2,34
16,0.03333333333333333,0.5,2,Saturday,1,2025-09-06,Saturday,2,34
16,0.03333333333333333,0.5,2,Saturday,1,2025-09-06,Saturday,2,34
16,120.0,150.0,2,Saturday,1,2025-09-06,Saturday,2,34
16,0.03333333333333333,150.0,2,Saturday,1,2025-09-06,Saturday,2,34
16,0.03333333333333333,150.0,2,Saturday,1,2025-09-06,Saturday,2,34
16,120.0,150.0,2,Saturday,1,2025-09-06,Saturday,2,34
12,120.0,150.0,2,Saturday,1,2025-09-06,Saturday,2,34
16,0.03333333333333333,150.0,2,Saturday,1,2025-09-13,Saturday,2,19
21,120.0,0.5,2,Saturday,1,2025-09-13,Saturday,2,19
16,120.0,150.0,2,Saturday,1,2025-09-13,Saturday,2,19
14,0.03333333333333333,0.5,2,Saturday,1,2025-09-13,Saturday,2,19
14,0.03333333333333333,0.5,2,Saturday,1,2025-09-13,Saturday,2,19
16,0.03333333333333333,0.5,2,Saturday,1,2025-09-13,Saturday,2,19
16,0.03333333333333333,0.5,2,Saturday,1,2025-09-13,Saturday,2,19
20,120.0,0.5,2,Saturday,1,2025-09-13,Saturday,2,19
16,0.03333333333333333,150.0,2,Saturday,1,2025-09-13,Saturday,2,19
12,0.03333333333333333,0.5,2,Saturday,1,2025-09-13,Saturday,2,19
16,120.0,150.0,2,Saturday,1,2025-09-13,Saturday,2,19
20,120.0,0.5,2,Saturday,1,2025-09-13,Saturday,2,19
19,0.03333333333333333,0.5,2,Saturday,1,2025-09-13,Saturday,2,19
16,120.0,0.5,2,Saturday,1,2025-09-13,Saturday,2,19
16,0.03333333333333333,150.0,2,Saturday,1,2025-09-13,Saturday,2,19
16,0.03333333333333333,150.0,2,Saturday,1,2025-09-13,Saturday,2,19
16,120.0,0.5,2,Saturday,1,2025-09-13,Saturday,2,19
15,0.03333333333333333,150.0,2,Saturday,1,2025-09-13,Saturday,2,19
16,0.03333333333333333,0.5,2,Saturday,1,2025-09-13,Saturday,2,19
18,0.03333333333333333,150.0,2,Saturday,1,2025-09-20,Saturday,2,29
16,0.03333333333333333,150.0,2,Saturday,1,2025-09-20,Saturday,2,29
16,120.0,0.5,2,Saturday,1,2025-09-20,Saturday,2,29
12,120.0,150.0,2,Saturday,1,2025-09-20,Saturday,2,29
17,120.0,0.5,2,Saturday,1,2025-09-20,Saturday,2,29
16,0.03333333333333333,0.5,2,Saturday,1,2025-09-20,Saturday,2,29
16,0.03333333333333333,150.0,2,Saturday,1,2025-09-20,Saturday,2,29
16,0.03333333333333333,150.0,2,Saturday,1,2025-09-20,Saturday,2,29
16,120.0,0.5,2,Saturday,1,2025-09-20,Saturday,2,29
21,0.03333333333333333,0.5,2,Saturday,1,2025-09-20,Saturday,2,29
16,0.03333333333333333,0.5,2,Saturday,1,2025-09-20,Saturday,2,29
16,120.0,150.0,2,Saturday,1,2025-09-20,Saturday,2,29
13,0.03333333333333333,0.5,2,Saturday,1,2025-09-20,Saturday,2,29
16,0.03333333333333333,150.0,2,Saturday,1,2025-09-20,Saturday,2,29
12,120.0,0.5,2,Saturday,1,2025-09-20,Saturday,2,29
16,0.03333333333333333,0.5,2,Saturday,1,2025-09-20,Saturday,2,29
16,0.03333333333333333,150.0,2,Saturday,1,2025-09-20,Saturday,2,29
20,120.0,0.5,2,Saturday,1,2025-09-20,Saturday,2,29
16,120.0,0.5,2,Saturday,1,2025-09-20,Saturday,2,29
16,0.03333333333333333,150.0,2,Saturday,1,2025-09-20,Saturday,2,29
16,120.0,0.5,2,Saturday,1,2025-09-20,Saturday,2,29
16,120.0,150.0,2,Saturday,1,2025-09-20,Saturday,2,29
16,120.0,150.0,2,Saturday,1,2025-09-20,Saturday,2,29
16,120.0,0.5,2,Saturday,1,2025-09-20,Saturday,2,29
16,0.03333333333333333,150.0,2,Saturday,1,2025-09-20,Saturday,2,29
16,0.03333333333333333,150.0,2,Saturday,1,2025-09-20,Saturday,2,29
14,120.0,0.5,2,Saturday,1,2025-09-20,Saturday,2,29
0,120.0,0.5,2,Saturday,1,2025-09-20,Saturday,2,29
15,120.0,150.0,2,Saturday,1,2025-09-20,Saturday,2,29
12,120.0,150.0,3,Mon-Th,1,2025-09-23,Mon-Th,3,17
16,120.0,150.0,3,Mon-Th,1,2025-09-23,Mon-Th,3,17
18,0.03333333333333333,150.0,3,Mon-Th,1,2025-09-23,Mon-Th,3,17
13,120.0,0.5,3,Mon-Th,1,2025-09-23,Mon-Th,3,17
16,120.0,150.0,3,Mon-Th,1,2025-09-23,Mon-Th,3,17
16,120.0,0.5,3,Mon-Th,1,2025-09-23,Mon-Th,3,17
5,120.0,0.5,3,Mon-Th,1,2025-09-23,Mon-Th,3,17
20,120.0,150.0,3,Mon-Th,1,2025-09-23,Mon-Th,3,17
16,0.03333333333333333,0.5,3,Mon-Th,1,2025-09-23,Mon-Th,3,17
16,0.03333333333333333,0.5,3,Mon-Th,1,2025-09-23,Mon-Th,3,17
7,0.03333333333333333,150.0,3,Mon-Th,1,2025-09-23,Mon-Th,3,17
16,0.03333333333333333,0.5,3,Mon-Th,1,2025-09-23,Mon-Th,3,17
16,120.0,150.0,3,Mon-Th,1,2025-09-23,Mon-Th,3,17
16,0.03333333333333333,150.0,3,Mon-Th,1,2025-09-23,Mon-Th,3,17
14,0.03333333333333333,150.0,3,Mon-Th,1,2025-09-23,Mon-Th,3,17
16,0.03333333333333333,0.5,3,Mon-Th,1,2025-09-23,Mon-Th,3,17
16,0.03333333333333333,0.5,3,Mon-Th,1,2025-09-23,Mon-Th,3,17
16,120.0,0.5,3,Mon-Th,1,2025-09-24,Mon-Th,3,33
14,120.0,0.5,3,Mon-Th,1,2025-09-24,Mon-Th,3,33
16,0.03333333333333333,150.0,3,Mon-Th,1,2025-09-24,Mon-Th,3,33
16,120.0,150.0,3,Mon-Th,1,2025-09-24,Mon-Th,3,33
16,0.03333333333333333,150.0,3,Mon-Th,1,2025-09-24,Mon-Th,3,33
16,0.03333333333333333,150.0,3,Mon-Th,1,2025-09-24,Mon-Th,3,33
18,120.0,0.5,3,Mon-Th,1,2025-09-24,Mon-Th,3,33
16,0.03333333333333333,0.5,3,Mon-Th,1,2025-09-24,Mon-Th,3,33
16,120.0,0.5,3,Mon-Th,1,2025-09-24,Mon-Th,3,33
16,0.03333333333333333,0.5,3,Mon-Th,1,2025-09-24,Mon-Th,3,33
14,0.03333333333333333,0.5,3,Mon-Th,1,2025-09-24,Mon-Th,3,33
16,0.03333333333333333,150.0,3,Mon-Th,1,2025-09-24,Mon-Th,3,33
16,120.0,0.5,3,Mon-Th,1,2025-09-24,Mon-Th,3,33
16,0.03333333333333333,150.0,3,Mon-Th,1,2025-09-24,Mon-Th,3,33
15,120.0,150.0,3,Mon-Th,1,2025-09-24,Mon-Th,3,33
17,0.03333333333333333,150.0,3,Mon-Th,1,2025-09-24,Mon-Th,3,33
16,120.0,150.0,3,Mon-Th,1,2025-09-24,Mon-Th,3,33
18,0.03333333333333333,0.5,3,Mon-Th,1,2025-09-24,Mon-Th,3,33
16,120.0,150.0,3,Mon-Th,1,2025-09-24,Mon-Th,3,33
16,0.03333333333333333,150.0,3,Mon-Th,1,2025-09-24,Mon-Th,3,33
16,0.03333333333333333,0.5,3,Mon-Th,1,2025-09-24,Mon-Th,3,33
16,0.03333333333333333,0.5,3,Mon-Th,1,2025-09-24,Mon-Th,3,33
16,0.03333333333333333,150.0,3,Mon-Th,1,2025-09-24,Mon-Th,3,33
12,0.03333333333333333,150.0,3,Mon-Th,1,2025-09-24,Mon-Th,3,33
12,120.0,0.5,3,Mon-Th,1,2025-09-24,Mon-Th,3,33
15,120.0,0.5,3,Mon-Th,1,2025-09-24,Mon-Th,3,33
18,120.0,150.0,3,Mon-Th,1,2025-09-24,Mon-Th,3,33
16,120.0,0.5,3,Mon-Th,1,2025-09-24,Mon-Th,3,33
16,120.0,150.0,3,Mon-Th,1,2025-09-24,Mon-Th,3,33
19,0.03333333333333333,0.5,3,Mon-Th,1,2025-09-24,Mon-Th,3,33
16,0.03333333333333333,150.0,3,Mon-Th,1,2025-09-24,Mon-Th,3,33
22,0.03333333333333333,0.5,3,Mon-Th,1,2025-09-24,Mon-Th,3,33
14,120.0,0.5,3,Mon-Th,1,2025-09-24,Mon-Th,3,33
21,0.03333333333333333,0.5,3,Mon-Th,1,2025-09-25,Mon-Th,3,27
17,120.0,150.0,3,Mon-Th,1,2025-09-25,Mon-Th,3,27
18,0.03333333333333333,0.5,3,Mon-Th,1,2025-09-25,Mon-Th,3,27
10,0.03333333333333333,0.5,3,Mon-Th,1,2025-09-25,Mon-Th,3,27
12,120.0,0.5,3,Mon-Th,1,2025-09-25,Mon-Th,3,27
16,0.03333333333333333,150.0,3,Mon-Th,1,2025-09-25,Mon-Th,3,27
16,120.0,0.5,3,Mon-Th,1,2025-09-25,Mon-Th,3,27
16,120.0,0.5,3,Mon-Th,1,2025-09-25,Mon-Th,3,27
22,120.0,0.5,3,Mon-Th,1,2025-09-25,Mon-Th,3,27
11,0.03333333333333333,150.0,3,Mon-Th,1,2025-09-25,Mon-Th,3,27
21,120.0,0.5,3,Mon-Th,1,2025-09-25,Mon-Th,3,27
16,0.03333333333333333,150.0,3,Mon-Th,1,2025-09-25,Mon-Th,3,27
21,0.03333333333333333,150.0,3,Mon-Th,1,2025-09-25,Mon-Th,3,27
16,0.03333333333333333,150.0,3,Mon-Th,1,2025-09-25,Mon-Th,3,27
16,0.03333333333333333,150.0,3,Mon-Th,1,2025-09-25,Mon-Th,3,27
16,0.03333333333333333,0.5,3,Mon-Th,1,2025-09-25,Mon-Th,3,27
14,0.03333333333333333,150.0,3,Mon-Th,1,2025-09-25,Mon-Th,3,27
12,120.0,0.5,3,Mon-Th,1,2025-09-25,Mon-Th,3,27
9,0.03333333333333333,0.5,3,Mon-Th,1,2025-09-25,Mon-Th,3,27
16,0.03333333333333333,150.0,3,Mon-Th,1,2025-09-25,Mon-Th,3,27
16,0.03333333333333333,150.0,3,Mon-Th,1,2025-09-25,Mon-Th,3,27
12,120.0,0.5,3,Mon-Th,1,2025-09-25,Mon-Th,3,27
16,0.03333333333333333,0.5,3,Mon-Th,1,2025-09-25,Mon-Th,3,27
21,0.03333333333333333,0.5,3,Mon-Th,1,2025-09-25,Mon-Th,3,27
17,120.0,150.0,3,Mon-Th,1,2025-09-25,Mon-Th,3,27
21,0.03333333333333333,0.5,3,Mon-Th,1,2025-09-25,Mon-Th,3,27
16,120.0,150.0,3,Mon-Th,1,2025-09-25,Mon-Th,3,27
16,120.0,0.5,3,Mon-Th,1,2025-09-29,Mon-Th,3,23
14,120.0,150.0,3,Mon-Th,1,2025-09-29,Mon-Th,3,23
16,120.0,0.5,3,Mon-Th,1,2025-09-29,Mon-Th,3,23
1,0.03333333333333333,0.5,3,Mon-Th,1,2025-09-29,Mon-Th,3,23
16,120.0,0.5,3,Mon-Th,1,2025-09-29,Mon-Th,3,23
20,120.0,150.0,3,Mon-Th,1,2025-09-29,Mon-Th,3,23
19,120.0,0.5,3,Mon-Th,1,2025-09-29,Mon-Th,3,23
14,0.03333333333333333,0.5,3,Mon-Th,1,2025-09-29,Mon-Th,3,23
18,120.0,150.0,3,Mon-Th,1,2025-09-29,Mon-Th,3,23
16,0.03333333333333333,150.0,3,Mon-Th,1,2025-09-29,Mon-Th,3,23
5,0.03333333333333333,0.5,3,Mon-Th,1,2025-09-29,Mon-Th,3,23
21,120.0,0.5,3,Mon-Th,1,2025-09-29,Mon-Th,3,23
16,0.03333333333333333,0.5,3,Mon-Th,1,2025-09-29,Mon-Th,3,23
18,120.0,0.5,3,Mon-Th,1,2025-09-29,Mon-Th,3,23
18,0.03333333333333333,0.5,3,Mon-Th,1,2025-09-29,Mon-Th,3,23
19,0.03333333333333333,0.5,3,Mon-Th,1,2025-09-29,Mon-Th,3,23
13,0.03333333333333333,0.5,3,Mon-Th,1,2025-09-29,Mon-Th,3,23
16,0.03333333333333333,150.0,3,Mon-Th,1,2025-09-29,Mon-Th,3,23
11,0.03333333333333333,150.0,3,Mon-Th,1,2025-09-29,Mon-Th,3,23
15,120.0,150.0,3,Mon-Th,1,2025-09-29,Mon-Th,3,23
16,0.03333333333333333,0.5,3,Mon-Th,1,2025-09-29,Mon-Th,3,23
16,120.0,0.5,3,Mon-Th,1,2025-09-29,Mon-Th,3,23
21,120.0,0.5,3,Mon-Th,1,2025-09-29,Mon-Th,3,23
16,0.03333333333333333,150.0,3,Mon-Th,1,2025-09-30,Mon-Th,3,22
9,0.03333333333333333,0.5,3,Mon-Th,1,2025-09-30,Mon-Th,3,22
16,120.0,0.5,3,Mon-Th,1,2025-09-30,Mon-Th,3,22
16,120.0,150.0,3,Mon-Th,1,2025-09-30,Mon-Th,3,22
1,0.03333333333333333,150.0,3,Mon-Th,1,2025-09-30,Mon-Th,3,22
15,120.0,0.5,3,Mon-Th,1,2025-09-30,Mon-Th,3,22
19,0.03333333333333333,150.0,3,Mon-Th,1,2025-09-30,Mon-Th,3,22
16,120.0,0.5,3,Mon-Th,1,2025-09-30,Mon-Th,3,22
14,120.0,0.5,3,Mon-Th,1,2025-09-30,Mon-Th,3,22
16,120.0,150.0,3,Mon-Th,1,2025-09-30,Mon-Th,3,22
16,0.03333333333333333,0.5,3,Mon-Th,1,2025-09-30,Mon-Th,3,22
16,0.03333333333333333,0.5,3,Mon-Th,1,2025-09-30,Mon-Th,3,22
16,0.03333333333333333,0.5,3,Mon-Th,1,2025-09-30,Mon-Th,3,22
16,0.03333333333333333,150.0,3,Mon-Th,1,2025-09-30,Mon-Th,3,22
16,120.0,0.5,3,Mon-Th,1,2025-09-30,Mon-Th,3,22
12,120.0,0.5,3,Mon-Th,1,2025-09-30,Mon-Th,3,22
17,120.0,0.5,3,Mon-Th,1,2025-09-30,Mon-Th,3,22
14,120.0,0.5,3,Mon-Th,1,2025-09-30,Mon-Th,3,22
15,120.0,150.0,3,Mon-Th,1,2025-09-30,Mon-Th,3,22
17,120.0,150.0,3,Mon-Th,1,2025-09-30,Mon-Th,3,22
12,0.03333333333333333,0.5,3,Mon-Th,1,2025-09-30,Mon-Th,3,22
4,0.03333333333333333,0.5,3,Mon-Th,1,2025-09-30,Mon-Th,3,22
17,0.03333333333333333,150.0,3,Mon-Th,1,2025-10-01,Mon-Th,3,19
19,120.0,0.5,3,Mon-Th,1,2025-10-01,Mon-Th,3,19
19,0.03333333333333333,0.5,3,Mon-Th,1,2025-10-01,Mon-Th,3,19
3,120.0,0.5,3,Mon-Th,1,2025-10-01,Mon-Th,3,19
16,0.03333333333333333,0.5,3,Mon-Th,1,2025-10-01,Mon-Th,3,19
14,0.03333333333333333,150.0,3,Mon-Th,1,2025-10-01,Mon-Th,3,19
15,120.0,150.0,3,Mon-Th,1,2025-10-01,Mon-Th,3,19
12,120.0,150.0,3,Mon-Th,1,2025-10-01,Mon-Th,3,19
12,120.0,0.5,3,Mon-Th,1,2025-10-01,Mon-Th,3,19
0,0.03333333333333333,0.5,3,Mon-Th,1,2025-10-01,Mon-Th,3,19
12,120.0,150.0,3,Mon-Th,1,2025-10-01,Mon-Th,3,19
14,120.0,0.5,3,Mon-Th,1,2025-10-01,Mon-Th,3,19
16,120.0,150.0,3,Mon-Th,1,2025-10-01,Mon-Th,3,19
16,120.0,0.5,3,Mon-Th,1,2025-10-01,Mon-Th,3,19
16,0.03333333333333333,0.5,3,Mon-Th,1,2025-10-01,Mon-Th,3,19
16,120.0,0.5,3,Mon-Th,1,2025-10-01,Mon-Th,3,19
16,0.03333333333333333,0.5,3,Mon-Th,1,2025-10-01,Mon-Th,3,19
21,0.03333333333333333,0.5,3,Mon-Th,1,2025-10-01,Mon-Th,3,19
16,0.03333333333333333,0.5,3,Mon-Th,1,2025-10-01,Mon-Th,3,19
14,0.03333333333333333,150.0,3,Mon-Th,1,2025-10-02,Mon-Th,3,24
12,120.0,0.5,3,Mon-Th,1,2025-10-02,Mon-Th,3,24
16,0.03333333333333333,0.5,3,Mon-Th,1,2025-10-02,Mon-Th,3,24
12,120.0,0.5,3,Mon-Th,1,2025-10-02,Mon-Th,3,24
16,0.03333333333333333,150.0,3,Mon-Th,1,2025-10-02,Mon-Th,3,24
21,120.0,150.0,3,Mon-Th,1,2025-10-02,Mon-Th,3,24
6,0.03333333333333333,0.5,3,Mon-Th,1,2025-10-02,Mon-Th,3,24
14,120.0,0.5,3,Mon-Th,1,2025-10-02,Mon-Th,3,24
19,0.03333333333333333,0.5,3,Mon-Th,1,2025-10-02,Mon-Th,3,24
16,0.03333333333333333,150.0,3,Mon-Th,1,2025-10-02,Mon-Th,3,24
21,0.03333333333333333,150.0,3,Mon-Th,1,2025-10-02,Mon-Th,3,24
22,120.0,150.0,3,Mon-Th,1,2025-10-02,Mon-Th,3,24
23,0.03333333333333333,0.5,3,Mon-Th,1,2025-10-02,Mon-Th,3,24
22,0.03333333333333333,0.5,3,Mon-Th,1,2025-10-02,Mon-Th,3,24
16,0.03333333333333333,150.0,3,Mon-Th,1,2025-10-02,Mon-Th,3,24
12,120.0,150.0,3,Mon-Th,1,2025-10-02,Mon-Th,3,24
16,0.03333333333333333,150.0,3,Mon-Th,1,2025-10-02,Mon-Th,3,24
15,120.0,0.5,3,Mon-Th,1,2025-10-02,Mon-Th,3,24
14,0.03333333333333333,150.0,3,Mon-Th,1,2025-10-02,Mon-Th,3,24
17,120.0,0.5,3,Mon-Th,1,2025-10-02,Mon-Th,3,24
23,120.0,0.5,3,Mon-Th,1,2025-10-02,Mon-Th,3,24
16,120.0,0.5,3,Mon-Th,1,2025-10-02,Mon-Th,3,24
16,120.0,0.5,3,Mon-Th,1,2025-10-02,Mon-Th,3,24
14,0.03333333333333333,150.0,3,Mon-Th,1,2025-10-02,Mon-Th,3,24
16,120.0,0.5,3,Mon-Th,1,2025-10-06,Mon-Th,3,24
18,120.0,0.5,3,Mon-Th,1,2025-10-06,Mon-Th,3,24
19,0.03333333333333333,0.5,3,Mon-Th,1,2025-10-06,Mon-Th,3,24
12,120.0,0.5,3,Mon-Th,1,2025-10-06,Mon-Th,3,24
16,0.03333333333333333,150.0,3,Mon-Th,1,2025-10-06,Mon-Th,3,24
14,0.03333333333333333,0.5,3,Mon-Th,1,2025-10-06,Mon-Th,3,24
13,0.03333333333333333,0.5,3,Mon-Th,1,2025-10-06,Mon-Th,3,24
15,0.03333333333333333,150.0,3,Mon-Th,1,2025-10-06,Mon-Th,3,24
12,120.0,150.0,3,Mon-Th,1,2025-10-06,Mon-Th,3,24
16,0.03333333333333333,0.5,3,Mon-Th,1,2025-10-06,Mon-Th,3,24
16,0.03333333333333333,0.5,3,Mon-Th,1,2025-10-06,Mon-Th,3,24
17,0.03333333333333333,0.5,3,Mon-Th,1,2025-10-06,Mon-Th,3,24
16,120.0,150.0,3,Mon-Th,1,2025-10-06,Mon-Th,3,24
17,120.0,150.0,3,Mon-Th,1,2025-10-06,Mon-Th,3,24
12,120.0,0.5,3,Mon-Th,1,2025-10-06,Mon-Th,3,24
19,0.03333333333333333,150.0,3,Mon-Th,1,2025-10-06,Mon-Th,3,24
18,0.03333333333333333,150.0,3,Mon-Th,1,2025-10-06,Mon-Th,3,24
12,120.0,150.0,3,Mon-Th,1,2025-10-06,Mon-Th,3,24
16,0.03333333333333333,150.0,3,Mon-Th,1,2025-10-06,Mon-Th,3,24
5,120.0,150.0,3,Mon-Th,1,2025-10-06,Mon-Th,3,24
14,0.03333333333333333,0.5,3,Mon-Th,1,2025-10-06,Mon-Th,3,24
16,0.03333333333333333,0.5,3,Mon-Th,1,2025-10-06,Mon-Th,3,24
20,0.03333333333333333,0.5,3,Mon-Th,1,2025-10-06,Mon-Th,3,24
20,120.0,150.0,3,Mon-Th,1,2025-10-06,Mon-Th,3,24
16,120.0,150.0,3,Mon-Th,1,2025-10-07,Mon-Th,3,27
19,0.03333333333333333,0.5,3,Mon-Th,1,2025-10-07,Mon-Th,3,27
18,0.03333333333333333,0.5,3,Mon-Th,1,2025-10-07,Mon-Th,3,27
2,120.0,150.0,3,Mon-Th,1,2025-10-07,Mon-Th,3,27
22,0.03333333333333333,150.0,3,Mon-Th,1,2025-10-07,Mon-Th,3,27
16,0.03333333333333333,0.5,3,Mon-Th,1,2025-10-07,Mon-Th,3,27
16,0.03333333333333333,150.0,3,Mon-Th,1,2025-10-07,Mon-Th,3,27
16,0.03333333333333333,0.5,3,Mon-Th,1,2025-10-07,Mon-Th,3,27
12,120.0,0.5,3,Mon-Th,1,2025-10-07,Mon-Th,3,27
23,0.03333333333333333,150.0,3,Mon-Th,1,2025-10-07,Mon-Th,3,27
15,0.03333333333333333,0.5,3,Mon-Th,1,2025-10-07,Mon-Th,3,27
12,120.0,0.5,3,Mon-Th,1,2025-10-07,Mon-Th,3,27
21,120.0,0.5,3,Mon-Th,1,2025-10-07,Mon-Th,3,27
17,120.0,150.0,3,Mon-Th,1,2025-10-07,Mon-Th,3,27
16,0.03333333333333333,150.0,3,Mon-Th,1,2025-10-07,Mon-Th,3,27
16,0.03333333333333333,0.5,3,Mon-Th,1,2025-10-07,Mon-Th,3,27
2,120.0,150.0,3,Mon-Th,1,2025-10-07,Mon-Th,3,27
15,0.03333333333333333,0.5,3,Mon-Th,1,2025-10-07,Mon-Th,3,27
12,120.0,0.5,3,Mon-Th,1,2025-10-07,Mon-Th,3,27
16,0.03333333333333333,150.0,3,Mon-Th,1,2025-10-07,Mon-Th,3,27
20,0.03333333333333333,0.5,3,Mon-Th,1,2025-10-07,Mon-Th,3,27
17,120.0,150.0,3,Mon-Th,1,2025-10-07,Mon-Th,3,27
19,120.0,0.5,3,Mon-Th,1,2025-10-07,Mon-Th,3,27
21,120.0,0.5,3,Mon-Th,1,2025-10-07,Mon-Th,3,27
15,0.03333333333333333,0.5,3,Mon-Th,1,2025-10-07,Mon-Th,3,27
0,0.03333333333333333,150.0,3,Mon-Th,1,2025-10-07,Mon-Th,3,27
4,0.03333333333333333,0.5,3,Mon-Th,1,2025-10-07,Mon-Th,3,27
3,120.0,0.5,3,Mon-Th,1,2025-10-08,Mon-Th,3,25
22,120.0,150.0,3,Mon-Th,1,2025-10-08,Mon-Th,3,25
12,120.0,0.5,3,Mon-Th,1,2025-10-08,Mon-Th,3,25
20,0.03333333333333333,150.0,3,Mon-Th,1,2025-10-08,Mon-Th,3,25
16,0.03333333333333333,0.5,3,Mon-Th,1,2025-10-08,Mon-Th,3,25
16,0.03333333333333333,0.5,3,Mon-Th,1,2025-10-08,Mon-Th,3,25
17,0.03333333333333333,150.0,3,Mon-Th,1,2025-10-08,Mon-Th,3,25
8,0.03333333333333333,150.0,3,Mon-Th,1,2025-10-08,Mon-Th,3,25
19,0.03333333333333333,0.5,3,Mon-Th,1,2025-10-08,Mon-Th,3,25
15,0.03333333333333333,0.5,3,Mon-Th,1,2025-10-08,Mon-Th,3,25
11,0.03333333333333333,0.5,3,Mon-Th,1,2025-10-08,Mon-Th,3,25
15,120.0,0.5,3,Mon-Th,1,2025-10-08,Mon-Th,3,25
16,120.0,0.5,3,Mon-Th,1,2025-10-08,Mon-Th,3,25
16,0.03333333333333333,0.5,3,Mon-Th,1,2025-10-08,Mon-Th,3,25
16,120.0,150.0,3,Mon-Th,1,2025-10-08,Mon-Th,3,25
14,0.03333333333333333,150.0,3,Mon-Th,1,2025-10-08,Mon-Th,3,25
16,0.03333333333333333,150.0,3,Mon-Th,1,2025-10-08,Mon-Th,3,25
16,120.0,150.0,3,Mon-Th,1,2025-10-08,Mon-Th,3,25
16,120.0,150.0,3,Mon-Th,1,2025-10-08,Mon-Th,3,25
14,0.03333333333333333,0.5,3,Mon-Th,1,2025-10-08,Mon-Th,3,25
12,120.0,0.5,3,Mon-Th,1,2025-10-08,Mon-Th,3,25
10,0.03333333333333333,150.0,3,Mon-Th,1,2025-10-08,Mon-Th,3,25
12,120.0,150.0,3,Mon-Th,1,2025-10-08,Mon-Th,3,25
16,120.0,0.5,3,Mon-Th,1,2025-10-08,Mon-Th,3,25
20,0.03333333333333333,0.5,3,Mon-Th,1,2025-10-08,Mon-Th,3,25
15,0.03333333333333333,0.5,3,Mon-Th,1,2025-10-09,Mon-Th,3,30
14,0.03333333333333333,150.0,3,Mon-Th,1,2025-10-09,Mon-Th,3,30
16,120.0,0.5,3,Mon-Th,1,2025-10-09,Mon-Th,3,30
16,0.03333333333333333,0.5,3,Mon-Th,1,2025-10-09,Mon-Th,3,30
12,120.0,0.5,3,Mon-Th,1,2025-10-09,Mon-Th,3,30
2,120.0,150.0,3,Mon-Th,1,2025-10-09,Mon-Th,3,30
19,0.03333333333333333,150.0,3,Mon-Th,1,2025-10-09,Mon-Th,3,30
19,120.0,0.5,3,Mon-Th,1,2025-10-09,Mon-Th,3,30
12,120.0,0.5,3,Mon-Th,1,2025-10-09,Mon-Th,3,30
16,0.03333333333333333,150.0,3,Mon-Th,1,2025-10-09,Mon-Th,3,30
16,0.03333333333333333,150.0,3,Mon-Th,1,2025-10-09,Mon-Th,3,30
12,120.0,0.5,3,Mon-Th,1,2025-10-09,Mon-Th,3,30
14,0.03333333333333333,150.0,3,Mon-Th,1,2025-10-09,Mon-Th,3,30
16,0.03333333333333333,150.0,3,Mon-Th,1,2025-10-09,Mon-Th,3,30
16,0.03333333333333333,0.5,3,Mon-Th,1,2025-10-09,Mon-Th,3,30
12,120.0,0.5,3,Mon-Th,1,2025-10-09,Mon-Th,3,30
14,0.03333333333333333,150.0,3,Mon-Th,1,2025-10-09,Mon-Th,3,30
12,120.0,0.5,3,Mon-Th,1,2025-10-09,Mon-Th,3,30
17,120.0,0.5,3,Mon-Th,1,2025-10-09,Mon-Th,3,30
9,0.03333333333333333,0.5,3,Mon-Th,1,2025-10-09,Mon-Th,3,30
16,0.03333333333333333,0.5,3,Mon-Th,1,2025-10-09,Mon-Th,3,30
21,120.0,0.5,3,Mon-Th,1,2025-10-09,Mon-Th,3,30
15,0.03333333333333333,0.5,3,Mon-Th,1,2025-10-09,Mon-Th,3,30
16,0.03333333333333333,150.0,3,Mon-Th,1,2025-10-09,Mon-Th,3,30
16,0.03333333333333333,150.0,3,Mon-Th,1,2025-10-09,Mon-Th,3,30
16,0.03333333333333333,150.0,3,Mon-Th,1,2025-10-09,Mon-Th,3,30
22,120.0,0.5,3,Mon-Th,1,2025-10-09,Mon-Th,3,30
21,120.0,0.5,3,Mon-Th,1,2025-10-09,Mon-Th,3,30
16,0.03333333333333333,150.0,3,Mon-Th,1,2025-10-09,Mon-Th,3,30
16,0.03333333333333333,150.0,3,Mon-Th,1,2025-10-09,Mon-Th,3,30
12,120.0,0.5,3,Mon-Th,1,2025-10-13,Mon-Th,3,26
16,0.03333333333333333,150.0,3,Mon-Th,1,2025-10-13,Mon-Th,3,26
16,120.0,0.5,3,Mon-Th,1,2025-10-13,Mon-Th,3,26
14,120.0,0.5,3,Mon-Th,1,2025-10-13,Mon-Th,3,26
16,120.0,150.0,3,Mon-Th,1,2025-10-13,Mon-Th,3,26
23,120.0,0.5,3,Mon-Th,1,2025-10-13,Mon-Th,3,26
21,0.03333333333333333,150.0,3,Mon-Th,1,2025-10-13,Mon-Th,3,26
16,0.03333333333333333,0.5,3,Mon-Th,1,2025-10-13,Mon-Th,3,26
19,120.0,0.5,3,Mon-Th,1,2025-10-13,Mon-Th,3,26
11,120.0,0.5,3,Mon-Th,1,2025-10-13,Mon-Th,3,26
15,0.03333333333333333,0.5,3,Mon-Th,1,2025-10-13,Mon-Th,3,26
16,120.0,150.0,3,Mon-Th,1,2025-10-13,Mon-Th,3,26
16,0.03333333333333333,0.5,3,Mon-Th,1,2025-10-13,Mon-Th,3,26
16,0.03333333333333333,150.0,3,Mon-Th,1,2025-10-13,Mon-Th,3,26
16,120.0,150.0,3,Mon-Th,1,2025-10-13,Mon-Th,3,26
16,0.03333333333333333,150.0,3,Mon-Th,1,2025-10-13,Mon-Th,3,26
18,120.0,0.5,3,Mon-Th,1,2025-10-13,Mon-Th,3,26
16,0.03333333333333333,150.0,3,Mon-Th,1,2025-10-13,Mon-Th,3,26
12,120.0,0.5,3,Mon-Th,1,2025-10-13,Mon-Th,3,26
5,120.0,0.5,3,Mon-Th,1,2025-10-13,Mon-Th,3,26
16,0.03333333333333333,150.0,3,Mon-Th,1,2025-10-13,Mon-Th,3,26
19,120.0,150.0,3,Mon-Th,1,2025-10-13,Mon-Th,3,26
16,0.03333333333333333,150.0,3,Mon-Th,1,2025-10-13,Mon-Th,3,26
16,120.0,150.0,3,Mon-Th,1,2025-10-13,Mon-Th,3,26
16,0.03333333333333333,0.5,3,Mon-Th,1,2025-10-13,Mon-Th,3,26
16,0.03333333333333333,150.0,3,Mon-Th,1,2025-10-13,Mon-Th,3,26
22,120.0,0.5,3,Mon-Th,1,2025-10-14,Mon-Th,3,25
16,120.0,150.0,3,Mon-Th,1,2025-10-14,Mon-Th,3,25
12,0.03333333333333333,0.5,3,Mon-Th,1,2025-10-14,Mon-Th,3,25
16,0.03333333333333333,150.0,3,Mon-Th,1,2025-10-14,Mon-Th,3,25
22,0.03333333333333333,150.0,3,Mon-Th,1,2025-10-14,Mon-Th,3,25
12,120.0,150.0,3,Mon-Th,1,2025-10-14,Mon-Th,3,25
22,0.03333333333333333,0.5,3,Mon-Th,1,2025-10-14,Mon-Th,3,25
16,120.0,0.5,3,Mon-Th,1,2025-10-14,Mon-Th,3,25
16,0.03333333333333333,0.5,3,Mon-Th,1,2025-10-14,Mon-Th,3,25
14,0.03333333333333333,150.0,3,Mon-Th,1,2025-10-14,Mon-Th,3,25
16,120.0,150.0,3,Mon-Th,1,2025-10-14,Mon-Th,3,25
16,120.0,0.5,3,Mon-Th,1,2025-10-14,Mon-Th,3,25
19,120.0,0.5,3,Mon-Th,1,2025-10-14,Mon-Th,3,25
16,120.0,150.0,3,Mon-Th,1,2025-10-14,Mon-Th,3,25
19,0.03333333333333333,150.0,3,Mon-Th,1,2025-10-14,Mon-Th,3,25
18,120.0,0.5,3,Mon-Th,1,2025-10-14,Mon-Th,3,25
12,120.0,0.5,3,Mon-Th,1,2025-10-14,Mon-Th,3,25
16,0.03333333333333333,150.0,3,Mon-Th,1,2025-10-14,Mon-Th,3,25
14,120.0,0.5,3,Mon-Th,1,2025-10-14,Mon-Th,3,25
11,0.03333333333333333,150.0,3,Mon-Th,1,2025-10-14,Mon-Th,3,25
19,0.03333333333333333,0.5,3,Mon-Th,1,2025-10-14,Mon-Th,3,25
16,120.0,150.0,3,Mon-Th,1,2025-10-14,Mon-Th,3,25
16,120.0,150.0,3,Mon-Th,1,2025-10-14,Mon-Th,3,25
16,0.03333333333333333,150.0,3,Mon-Th,1,2025-10-14,Mon-Th,3,25
10,120.0,0.5,3,Mon-Th,1,2025-10-14,Mon-Th,3,25
22,120.0,150.0,3,Mon-Th,1,2025-10-15,Mon-Th,3,36
16,120.0,150.0,3,Mon-Th,1,2025-10-15,Mon-Th,3,36
16,0.03333333333333333,150.0,3,Mon-Th,1,2025-10-15,Mon-Th,3,36
16,120.0,150.0,3,Mon-Th,1,2025-10-15,Mon-Th,3,36
15,0.03333333333333333,0.5,3,Mon-Th,1,2025-10-15,Mon-Th,3,36
10,0.03333333333333333,150.0,3,Mon-Th,1,2025-10-15,Mon-Th,3,36
22,0.03333333333333333,150.0,3,Mon-Th,1,2025-10-15,Mon-Th,3,36
14,120.0,0.5,3,Mon-Th,1,2025-10-15,Mon-Th,3,36
12,120.0,0.5,3,Mon-Th,1,2025-10-15,Mon-Th,3,36
14,0.03333333333333333,0.5,3,Mon-Th,1,2025-10-15,Mon-Th,3,36
16,0.03333333333333333,0.5,3,Mon-Th,1,2025-10-15,Mon-Th,3,36
5,120.0,150.0,3,Mon-Th,1,2025-10-15,Mon-Th,3,36
16,120.0,150.0,3,Mon-Th,1,2025-10-15,Mon-Th,3,36
16,0.03333333333333333,150.0,3,Mon-Th,1,2025-10-15,Mon-Th,3,36
22,0.03333333333333333,0.5,3,Mon-Th,1,2025-10-15,Mon-Th,3,36
16,120.0,0.5,3,Mon-Th,1,2025-10-15,Mon-Th,3,36
16,120.0,150.0,3,Mon-Th,1,2025-10-15,Mon-Th,3,36
12,120.0,150.0,3,Mon-Th,1,2025-10-15,Mon-Th,3,36
22,0.03333333333333333,150.0,3,Mon-Th,1,2025-10-15,Mon-Th,3,36
3,0.03333333333333333,0.5,3,Mon-Th,1,2025-10-15,Mon-Th,3,36
16,0.03333333333333333,0.5,3,Mon-Th,1,2025-10-15,Mon-Th,3,36
4,0.03333333333333333,150.0,3,Mon-Th,1,2025-10-15,Mon-Th,3,36
19,120.0,150.0,3,Mon-Th,1,2025-10-15,Mon-Th,3,36
16,120.0,150.0,3,Mon-Th,1,2025-10-15,Mon-Th,3,36
2,0.03333333333333333,0.5,3,Mon-Th,1,2025-10-15,Mon-Th,3,36
16,0.03333333333333333,0.5,3,Mon-Th,1,2025-10-15,Mon-Th,3,36
18,0.03333333333333333,0.5,3,Mon-Th,1,2025-10-15,Mon-Th,3,36
16,0.03333333333333333,150.0,3,Mon-Th,1,2025-10-15,Mon-Th,3,36
22,120.0,150.0,3,Mon-Th,1,2025-10-15,Mon-Th,3,36
16,0.03333333333333333,150.0,3,Mon-Th,1,2025-10-15,Mon-Th,3,36
12,120.0,150.0,3,Mon-Th,1,2025-10-15,Mon-Th,3,36
17,120.0,0.5,3,Mon-Th,1,2025-10-15,Mon-Th,3,36
16,120.0,0.5,3,Mon-Th,1,2025-10-15,Mon-Th,3,36
13,0.03333333333333333,0.5,3,Mon-Th,1,2025-10-15,Mon-Th,3,36
16,120.0,0.5,3,Mon-Th,1,2025-10-15,Mon-Th,3,36
16,120.0,0.5,3,Mon-Th,1,2025-10-15,Mon-Th,3,36
16,0.03333333333333333,0.5,3,Mon-Th,1,2025-10-16,Mon-Th,3,26
18,0.03333333333333333,0.5,3,Mon-Th,1,2025-10-16,Mon-Th,3,26
16,120.0,150.0,3,Mon-Th,1,2025-10-16,Mon-Th,3,26
18,120.0,0.5,3,Mon-Th,1,2025-10-16,Mon-Th,3,26
20,0.03333333333333333,0.5,3,Mon-Th,1,2025-10-16,Mon-Th,3,26
16,120.0,150.0,3,Mon-Th,1,2025-10-16,Mon-Th,3,26
19,120.0,150.0,3,Mon-Th,1,2025-10-16,Mon-Th,3,26
12,0.03333333333333333,150.0,3,Mon-Th,1,2025-10-16,Mon-Th,3,26
18,0.03333333333333333,150.0,3,Mon-Th,1,2025-10-16,Mon-Th,3,26
17,120.0,150.0,3,Mon-Th,1,2025-10-16,Mon-Th,3,26
15,120.0,0.5,3,Mon-Th,1,2025-10-16,Mon-Th,3,26
17,120.0,150.0,3,Mon-Th,1,2025-10-16,Mon-Th,3,26
16,120.0,0.5,3,Mon-Th,1,2025-10-16,Mon-Th,3,26
12,120.0,0.5,3,Mon-Th,1,2025-10-16,Mon-Th,3,26
14,120.0,0.5,3,Mon-Th,1,2025-10-16,Mon-Th,3,26
19,0.03333333333333333,0.5,3,Mon-Th,1,2025-10-16,Mon-Th,3,26
9,120.0,0.5,3,Mon-Th,1,2025-10-16,Mon-Th,3,26
16,0.03333333333333333,0.5,3,Mon-Th,1,2025-10-16,Mon-Th,3,26
16,120.0,150.0,3,Mon-Th,1,2025-10-16,Mon-Th,3,26
16,120.0,150.0,3,Mon-Th,1,2025-10-16,Mon-Th,3,26
18,0.03333333333333333,0.5,3,Mon-Th,1,2025-10-16,Mon-Th,3,26
16,120.0,150.0,3,Mon-Th,1,2025-10-16,Mon-Th,3,26
19,120.0,150.0,3,Mon-Th,1,2025-10-16,Mon-Th,3,26
14,0.03333333333333333,150.0,3,Mon-Th,1,2025-10-16,Mon-Th,3,26
19,0.03333333333333333,0.5,3,Mon-Th,1,2025-10-16,Mon-Th,3,26
12,120.0,150.0,3,Mon-Th,1,2025-10-16,Mon-Th,3,26
15,120.0,150.0,3,Mon-Th,1,2025-10-20,Mon-Th,3,28
14,0.03333333333333333,150.0,3,Mon-Th,1,2025-10-20,Mon-Th,3,28
12,120.0,0.5,3,Mon-Th,1,2025-10-20,Mon-Th,3,28
16,0.03333333333333333,0.5,3,Mon-Th,1,2025-10-20,Mon-Th,3,28
16,0.03333333333333333,0.5,3,Mon-Th,1,2025-10-20,Mon-Th,3,28
14,0.03333333333333333,150.0,3,Mon-Th,1,2025-10-20,Mon-Th,3,28
13,0.03333333333333333,150.0,3,Mon-Th,1,2025-10-20,Mon-Th,3,28
12,120.0,150.0,3,Mon-Th,1,2025-10-20,Mon-Th,3,28
22,0.03333333333333333,150.0,3,Mon-Th,1,2025-10-20,Mon-Th,3,28
21,0.03333333333333333,150.0,3,Mon-Th,1,2025-10-20,Mon-Th,3,28
14,0.03333333333333333,0.5,3,Mon-Th,1,2025-10-20,Mon-Th,3,28
17,0.03333333333333333,150.0,3,Mon-Th,1,2025-10-20,Mon-Th,3,28
17,120.0,150.0,3,Mon-Th,1,2025-10-20,Mon-Th,3,28
18,120.0,0.5,3,Mon-Th,1,2025-10-20,Mon-Th,3,28
16,120.0,150.0,3,Mon-Th,1,2025-10-20,Mon-Th,3,28
16,0.03333333333333333,150.0,3,Mon-Th,1,2025-10-20,Mon-Th,3,28
16,120.0,0.5,3,Mon-Th,1,2025-10-20,Mon-Th,3,28
16,0.03333333333333333,0.5,3,Mon-Th,1,2025-10-20,Mon-Th,3,28
12,120.0,150.0,3,Mon-Th,1,2025-10-20,Mon-Th,3,28
16,120.0,0.5,3,Mon-Th,1,2025-10-20,Mon-Th,3,28
4,0.03333333333333333,150.0,3,Mon-Th,1,2025-10-20,Mon-Th,3,28
16,0.03333333333333333,0.5,3,Mon-Th,1,2025-10-20,Mon-Th,3,28
22,120.0,150.0,3,Mon-Th,1,2025-10-20,Mon-Th,3,28
12,120.0,150.0,3,Mon-Th,1,2025-10-20,Mon-Th,3,28
14,0.03333333333333333,150.0,3,Mon-Th,1,2025-10-20,Mon-Th,3,28
15,0.03333333333333333,0.5,3,Mon-Th,1,2025-10-20,Mon-Th,3,28
14,0.03333333333333333,150.0,3,Mon-Th,1,2025-10-20,Mon-Th,3,28
16,120.0,0.5,3,Mon-Th,1,2025-10-20,Mon-Th,3,28
16,120.0,0.5,3,Mon-Th,1,2025-10-21,Mon-Th,3,30
16,0.03333333333333333,0.5,3,Mon-Th,1,2025-10-21,Mon-Th,3,30
16,120.0,150.0,3,Mon-Th,1,2025-10-21,Mon-Th,3,30
16,0.03333333333333333,150.0,3,Mon-Th,1,2025-10-21,Mon-Th,3,30
16,0.03333333333333333,150.0,3,Mon-Th,1,2025-10-21,Mon-Th,3,30
1,120.0,0.5,3,Mon-Th,1,2025-10-21,Mon-Th,3,30
19,120.0,0.5,3,Mon-Th,1,2025-10-21,Mon-Th,3,30
16,0.03333333333333333,0.5,3,Mon-Th,1,2025-10-21,Mon-Th,3,30
16,0.03333333333333333,0.5,3,Mon-Th,1,2025-10-21,Mon-Th,3,30
17,120.0,0.5,3,Mon-Th,1,2025-10-21,Mon-Th,3,30
18,120.0,150.0,3,Mon-Th,1,2025-10-21,Mon-Th,3,30
18,120.0,0.5,3,Mon-Th,1,2025-10-21,Mon-Th,3,30
21,0.03333333333333333,150.0,3,Mon-Th,1,2025-10-21,Mon-Th,3,30
12,0.03333333333333333,150.0,3,Mon-Th,1,2025-10-21,Mon-Th,3,30
16,120.0,150.0,3,Mon-Th,1,2025-10-21,Mon-Th,3,30
19,120.0,0.5,3,Mon-Th,1,2025-10-21,Mon-Th,3,30
16,0.03333333333333333,0.5,3,Mon-Th,1,2025-10-21,Mon-Th,3,30
16,0.03333333333333333,150.0,3,Mon-Th,1,2025-10-21,Mon-Th,3,30
16,120.0,150.0,3,Mon-Th,1,2025-10-21,Mon-Th,3,30
19,120.0,0.5,3,Mon-Th,1,2025-10-21,Mon-Th,3,30
13,120.0,0.5,3,Mon-Th,1,2025-10-21,Mon-Th,3,30
16,120.0,0.5,3,Mon-Th,1,2025-10-21,Mon-Th,3,30
14,0.03333333333333333,150.0,3,Mon-Th,1,2025-10-21,Mon-Th,3,30
14,0.03333333333333333,150.0,3,Mon-Th,1,2025-10-21,Mon-Th,3,30
16,120.0,0.5,3,Mon-Th,1,2025-10-21,Mon-Th,3,30
16,0.03333333333333333,150.0,3,Mon-Th,1,2025-10-21,Mon-Th,3,30
14,120.0,150.0,3,Mon-Th,1,2025-10-21,Mon-Th,3,30
13,120.0,0.5,3,Mon-Th,1,2025-10-21,Mon-Th,3,30
19,120.0,150.0,3,Mon-Th,1,2025-10-21,Mon-Th,3,30
19,120.0,0.5,3,Mon-Th,1,2025-10-21,Mon-Th,3,30
14,0.03333333333333333,150.0,3,Mon-Th,1,2025-10-22,Mon-Th,3,32
16,120.0,150.0,3,Mon-Th,1,2025-10-22,Mon-Th,3,32
16,120.0,150.0,3,Mon-Th,1,2025-10-22,Mon-Th,3,32
12,120.0,0.5,3,Mon-Th,1,2025-10-22,Mon-Th,3,32
16,0.03333333333333333,150.0,3,Mon-Th,1,2025-10-22,Mon-Th,3,32
18,0.03333333333333333,0.5,3,Mon-Th,1,2025-10-22,Mon-Th,3,32
16,0.03333333333333333,150.0,3,Mon-Th,1,2025-10-22,Mon-Th,3,32
22,0.03333333333333333,0.5,3,Mon-Th,1,2025-10-22,Mon-Th,3,32
18,120.0,150.0,3,Mon-Th,1,2025-10-22,Mon-Th,3,32
16,0.03333333333333333,150.0,3,Mon-Th,1,2025-10-22,Mon-Th,3,32
16,120.0,150.0,3,Mon-Th,1,2025-10-22,Mon-Th,3,32
19,0.03333333333333333,0.5,3,Mon-Th,1,2025-10-22,Mon-Th,3,32
16,0.03333333333333333,150.0,3,Mon-Th,1,2025-10-22,Mon-Th,3,32
15,120.0,0.5,3,Mon-Th,1,2025-10-22,Mon-Th,3,32
12,120.0,0.5,3,Mon-Th,1,2025-10-22,Mon-Th,3,32
16,0.03333333333333333,150.0,3,Mon-Th,1,2025-10-22,Mon-Th,3,32
16,0.03333333333333333,150.0,3,Mon-Th,1,2025-10-22,Mon-Th,3,32
2,120.0,0.5,3,Mon-Th,1,2025-10-22,Mon-Th,3,32
19,0.03333333333333333,0.5,3,Mon-Th,1,2025-10-22,Mon-Th,3,32
22,120.0,0.5,3,Mon-Th,1,2025-10-22,Mon-Th,3,32
1,0.03333333333333333,150.0,3,Mon-Th,1,2025-10-22,Mon-Th,3,32
10,120.0,0.5,3,Mon-Th,1,2025-10-22,Mon-Th,3,32
8,0.03333333333333333,0.5,3,Mon-Th,1,2025-10-22,Mon-Th,3,32
16,120.0,150.0,3,Mon-Th,1,2025-10-22,Mon-Th,3,32
16,120.0,150.0,3,Mon-Th,1,2025-10-22,Mon-Th,3,32
21,120.0,0.5,3,Mon-Th,1,2025-10-22,Mon-Th,3,32
21,120.0,0.5,3,Mon-Th,1,2025-10-22,Mon-Th,3,32
18,0.03333333333333333,0.5,3,Mon-Th,1,2025-10-22,Mon-Th,3,32
16,120.0,0.5,3,Mon-Th,1,2025-10-22,Mon-Th,3,32
16,0.03333333333333333,150.0,3,Mon-Th,1,2025-10-22,Mon-Th,3,32
14,0.03333333333333333,0.5,3,Mon-Th,1,2025-10-22,Mon-Th,3,32
12,120.0,0.5,3,Mon-Th,1,2025-10-22,Mon-Th,3,32
16,120.0,150.0,3,Mon-Th,1,2025-10-23,Mon-Th,3,24
15,0.03333333333333333,0.5,3,Mon-Th,1,2025-10-23,Mon-Th,3,24
16,120.0,0.5,3,Mon-Th,1,2025-10-23,Mon-Th,3,24
16,0.03333333333333333,150.0,3,Mon-Th,1,2025-10-23,Mon-Th,3,24
13,0.03333333333333333,0.5,3,Mon-Th,1,2025-10-23,Mon-Th,3,24
14,0.03333333333333333,150.0,3,Mon-Th,1,2025-10-23,Mon-Th,3,24
16,0.03333333333333333,150.0,3,Mon-Th,1,2025-10-23,Mon-Th,3,24
22,120.0,0.5,3,Mon-Th,1,2025-10-23,Mon-Th,3,24
16,0.03333333333333333,150.0,3,Mon-Th,1,2025-10-23,Mon-Th,3,24
23,0.03333333333333333,0.5,3,Mon-Th,1,2025-10-23,Mon-Th,3,24
16,120.0,0.5,3,Mon-Th,1,2025-10-23,Mon-Th,3,24
15,0.03333333333333333,0.5,3,Mon-Th,1,2025-10-23,Mon-Th,3,24
11,120.0,0.5,3,Mon-Th,1,2025-10-23,Mon-Th,3,24
16,0.03333333333333333,0.5,3,Mon-Th,1,2025-10-23,Mon-Th,3,24
23,0.03333333333333333,150.0,3,Mon-Th,1,2025-10-23,Mon-Th,3,24
19,0.03333333333333333,150.0,3,Mon-Th,1,2025-10-23,Mon-Th,3,24
16,0.03333333333333333,150.0,3,Mon-Th,1,2025-10-23,Mon-Th,3,24
12,120.0,0.5,3,Mon-Th,1,2025-10-23,Mon-Th,3,24
14,0.03333333333333333,0.5,3,Mon-Th,1,2025-10-23,Mon-Th,3,24
16,0.03333333333333333,150.0,3,Mon-Th,1,2025-10-23,Mon-Th,3,24
16,120.0,150.0,3,Mon-Th,1,2025-10-23,Mon-Th,3,24
17,120.0,150.0,3,Mon-Th,1,2025-10-23,Mon-Th,3,24
12,120.0,150.0,3,Mon-Th,1,2025-10-23,Mon-Th,3,24
16,120.0,150.0,3,Mon-Th,1,2025-10-23,Mon-Th,3,24
16,120.0,150.0,3,Mon-Th,1,2025-10-27,Mon-Th,3,37
17,0.03333333333333333,0.5,3,Mon-Th,1,2025-10-27,Mon-Th,3,37
16,120.0,0.5,3,Mon-Th,1,2025-10-27,Mon-Th,3,37
16,120.0,0.5,3,Mon-Th,1,2025-10-27,Mon-Th,3,37
1,0.03333333333333333,150.0,3,Mon-Th,1,2025-10-27,Mon-Th,3,37
23,120.0,0.5,3,Mon-Th,1,2025-10-27,Mon-Th,3,37
19,120.0,150.0,3,Mon-Th,1,2025-10-27,Mon-Th,3,37
17,120.0,150.0,3,Mon-Th,1,2025-10-27,Mon-Th,3,37
19,120.0,150.0,3,Mon-Th,1,2025-10-27,Mon-Th,3,37
14,0.03333333333333333,0.5,3,Mon-Th,1,2025-10-27,Mon-Th,3,37
14,0.03333333333333333,150.0,3,Mon-Th,1,2025-10-27,Mon-Th,3,37
16,120.0,0.5,3,Mon-Th,1,2025-10-27,Mon-Th,3,37
16,0.03333333333333333,150.0,3,Mon-Th,1,2025-10-27,Mon-Th,3,37
10,0.03333333333333333,150.0,3,Mon-Th,1,2025-10-27,Mon-Th,3,37
16,0.03333333333333333,0.5,3,Mon-Th,1,2025-10-27,Mon-Th,3,37
17,0.03333333333333333,0.5,3,Mon-Th,1,2025-10-27,Mon-Th,3,37
20,0.03333333333333333,0.5,3,Mon-Th,1,2025-10-27,Mon-Th,3,37
16,0.03333333333333333,150.0,3,Mon-Th,1,2025-10-27,Mon-Th,3,37
16,120.0,0.5,3,Mon-Th,1,2025-10-27,Mon-Th,3,37
12,120.0,150.0,3,Mon-Th,1,2025-10-27,Mon-Th,3,37
13,0.03333333333333333,0.5,3,Mon-Th,1,2025-10-27,Mon-Th,3,37
16,0.03333333333333333,150.0,3,Mon-Th,1,2025-10-27,Mon-Th,3,37
14,120.0,0.5,3,Mon-Th,1,2025-10-27,Mon-Th,3,37
12,0.03333333333333333,150.0,3,Mon-Th,1,2025-10-27,Mon-Th,3,37
1,0.03333333333333333,0.5,3,Mon-Th,1,2025-10-27,Mon-Th,3,37
13,0.03333333333333333,0.5,3,Mon-Th,1,2025-10-27,Mon-Th,3,37
17,120.0,0.5,3,Mon-Th,1,2025-10-27,Mon-Th,3,37
17,120.0,150.0,3,Mon-Th,1,2025-10-27,Mon-Th,3,37
22,0.03333333333333333,0.5,3,Mon-Th,1,2025-10-27,Mon-Th,3,37
16,0.03333333333333333,0.5,3,Mon-Th,1,2025-10-27,Mon-Th,3,37
15,0.03333333333333333,0.5,3,Mon-Th,1,2025-10-27,Mon-Th,3,37
21,120.0,150.0,3,Mon-Th,1,2025-10-27,Mon-Th,3,37
12,120.0,150.0,3,Mon-Th,1,2025-10-27,Mon-Th,3,37
16,120.0,150.0,3,Mon-Th,1,2025-10-27,Mon-Th,3,37
16,120.0,0.5,3,Mon-Th,1,2025-10-27,Mon-Th,3,37
16,0.03333333333333333,150.0,3,Mon-Th,1,2025-10-27,Mon-Th,3,37
21,0.03333333333333333,150.0,3,Mon-Th,1,2025-10-27,Mon-Th,3,37
21,0.03333333333333333,0.5,3,Mon-Th,1,2025-10-28,Mon-Th,3,24
12,120.0,150.0,3,Mon-Th,1,2025-10-28,Mon-Th,3,24
20,0.03333333333333333,0.5,3,Mon-Th,1,2025-10-28,Mon-Th,3,24
19,120.0,0.5,3,Mon-Th,1,2025-10-28,Mon-Th,3,24
16,0.03333333333333333,0.5,3,Mon-Th,1,2025-10-28,Mon-Th,3,24
15,120.0,150.0,3,Mon-Th,1,2025-10-28,Mon-Th,3,24
9,120.0,150.0,3,Mon-Th,1,2025-10-28,Mon-Th,3,24
16,0.03333333333333333,150.0,3,Mon-Th,1,2025-10-28,Mon-Th,3,24
12,120.0,150.0,3,Mon-Th,1,2025-10-28,Mon-Th,3,24
18,120.0,0.5,3,Mon-Th,1,2025-10-28,Mon-Th,3,24
0,120.0,0.5,3,Mon-Th,1,2025-10-28,Mon-Th,3,24
17,0.03333333333333333,0.5,3,Mon-Th,1,2025-10-28,Mon-Th,3,24
16,0.03333333333333333,0.5,3,Mon-Th,1,2025-10-28,Mon-Th,3,24
16,0.03333333333333333,0.5,3,Mon-Th,1,2025-10-28,Mon-Th,3,24
16,120.0,0.5,3,Mon-Th,1,2025-10-28,Mon-Th,3,24
12,0.03333333333333333,0.5,3,Mon-Th,1,2025-10-28,Mon-Th,3,24
16,0.03333333333333333,0.5,3,Mon-Th,1,2025-10-28,Mon-Th,3,24
16,0.03333333333333333,150.0,3,Mon-Th,1,2025-10-28,Mon-Th,3,24
12,0.03333333333333333,150.0,3,Mon-Th,1,2025-10-28,Mon-Th,3,24
15,120.0,150.0,3,Mon-Th,1,2025-10-28,Mon-Th,3,24
14,0.03333333333333333,150.0,3,Mon-Th,1,2025-10-28,Mon-Th,3,24
22,120.0,150.0,3,Mon-Th,1,2025-10-28,Mon-Th,3,24
16,0.03333333333333333,0.5,3,Mon-Th,1,2025-10-28,Mon-Th,3,24
21,120.0,0.5,3,Mon-Th,1,2025-10-28,Mon-Th,3,24
12,120.0,150.0,3,Mon-Th,1,2025-10-29,Mon-Th,3,22
12,0.03333333333333333,150.0,3,Mon-Th,1,2025-10-29,Mon-Th,3,22
12,0.03333333333333333,150.0,3,Mon-Th,1,2025-10-29,Mon-Th,3,22
20,0.03333333333333333,0.5,3,Mon-Th,1,2025-10-29,Mon-Th,3,22
20,0.03333333333333333,150.0,3,Mon-Th,1,2025-10-29,Mon-Th,3,22
16,120.0,0.5,3,Mon-Th,1,2025-10-29,Mon-Th,3,22
22,0.03333333333333333,0.5,3,Mon-Th,1,2025-10-29,Mon-Th,3,22
16,120.0,0.5,3,Mon-Th,1,2025-10-29,Mon-Th,3,22
19,0.03333333333333333,150.0,3,Mon-Th,1,2025-10-29,Mon-Th,3,22
19,0.03333333333333333,0.5,3,Mon-Th,1,2025-10-29,Mon-Th,3,22
20,120.0,0.5,3,Mon-Th,1,2025-10-29,Mon-Th,3,22
17,0.03333333333333333,0.5,3,Mon-Th,1,2025-10-29,Mon-Th,3,22
16,0.03333333333333333,0.5,3,Mon-Th,1,2025-10-29,Mon-Th,3,22
14,120.0,0.5,3,Mon-Th,1,2025-10-29,Mon-Th,3,22
11,0.03333333333333333,0.5,3,Mon-Th,1,2025-10-29,Mon-Th,3,22
14,120.0,0.5,3,Mon-Th,1,2025-10-29,Mon-Th,3,22
16,0.03333333333333333,0.5,3,Mon-Th,1,2025-10-29,Mon-Th,3,22
10,120.0,150.0,3,Mon-Th,1,2025-10-29,Mon-Th,3,22
16,120.0,150.0,3,Mon-Th,1,2025-10-29,Mon-Th,3,22
16,120.0,0.5,3,Mon-Th,1,2025-10-29,Mon-Th,3,22
16,0.03333333333333333,150.0,3,Mon-Th,1,2025-10-29,Mon-Th,3,22
22,120.0,150.0,3,Mon-Th,1,2025-10-29,Mon-Th,3,22
17,120.0,150.0,3,Mon-Th,1,2025-10-30,Mon-Th,3,31
16,120.0,150.0,3,Mon-Th,1,2025-10-30,Mon-Th,3,31
17,120.0,150.0,3,Mon-Th,1,2025-10-30,Mon-Th,3,31
16,0.03333333333333333,0.5,3,Mon-Th,1,2025-10-30,Mon-Th,3,31
16,120.0,150.0,3,Mon-Th,1,2025-10-30,Mon-Th,3,31
16,0.03333333333333333,0.5,3,Mon-Th,1,2025-10-30,Mon-Th,3,31
16,120.0,0.5,3,Mon-Th,1,2025-10-30,Mon-Th,3,31
16,0.03333333333333333,150.0,3,Mon-Th,1,2025-10-30,Mon-Th,3,31
22,0.03333333333333333,150.0,3,Mon-Th,1,2025-10-30,Mon-Th,3,31
17,120.0,0.5,3,Mon-Th,1,2025-10-30,Mon-Th,3,31
16,120.0,0.5,3,Mon-Th,1,2025-10-30,Mon-Th,3,31
20,0.03333333333333333,0.5,3,Mon-Th,1,2025-10-30,Mon-Th,3,31
12,120.0,0.5,3,Mon-Th,1,2025-10-30,Mon-Th,3,31
21,120.0,150.0,3,Mon-Th,1,2025-10-30,Mon-Th,3,31
14,0.03333333333333333,0.5,3,Mon-Th,1,2025-10-30,Mon-Th,3,31
16,120.0,150.0,3,Mon-Th,1,2025-10-30,Mon-Th,3,31
16,120.0,0.5,3,Mon-Th,1,2025-10-30,Mon-Th,3,31
16,120.0,0.5,3,Mon-Th,1,2025-10-30,Mon-Th,3,31
21,120.0,0.5,3,Mon-Th,1,2025-10-30,Mon-Th,3,31
19,0.03333333333333333,150.0,3,Mon-Th,1,2025-10-30,Mon-Th,3,31
16,0.03333333333333333,150.0,3,Mon-Th,1,2025-10-30,Mon-Th,3,31
16,120.0,150.0,3,Mon-Th,1,2025-10-30,Mon-Th,3,31
16,0.03333333333333333,0.5,3,Mon-Th,1,2025-10-30,Mon-Th,3,31
16,0.03333333333333333,0.5,3,Mon-Th,1,2025-10-30,Mon-Th,3,31
12,120.0,150.0,3,Mon-Th,1,2025-10-30,Mon-Th,3,31
16,0.03333333333333333,0.5,3,Mon-Th,1,2025-10-30,Mon-Th,3,31
16,120.0,0.5,3,Mon-Th,1,2025-10-30,Mon-Th,3,31
2,120.0,0.5,3,Mon-Th,1,2025-10-30,Mon-Th,3,31
16,120.0,150.0,3,Mon-Th,1,2025-10-30,Mon-Th,3,31
17,120.0,0.5,3,Mon-Th,1,2025-10-30,Mon-Th,3,31
16,120.0,150.0,3,Mon-Th,1,2025-10-30,Mon-Th,3,31
20,0.03333333333333333,0.5,3,Mon-Th,1,2025-11-03,Mon-Th,3,27
16,120.0,150.0,3,Mon-Th,1,2025-11-03,Mon-Th,3,27
17,120.0,0.5,3,Mon-Th,1,2025-11-03,Mon-Th,3,27
17,120.0,0.5,3,Mon-Th,1,2025-11-03,Mon-Th,3,27
12,120.0,150.0,3,Mon-Th,1,2025-11-03,Mon-Th,3,27
16,0.03333333333333333,150.0,3,Mon-Th,1,2025-11-03,Mon-Th,3,27
16,120.0,150.0,3,Mon-Th,1,2025-11-03,Mon-Th,3,27
16,120.0,150.0,3,Mon-Th,1,2025-11-03,Mon-Th,3,27
16,0.03333333333333333,150.0,3,Mon-Th,1,2025-11-03,Mon-Th,3,27
22,0.03333333333333333,150.0,3,Mon-Th,1,2025-11-03,Mon-Th,3,27
12,120.0,0.5,3,Mon-Th,1,2025-11-03,Mon-Th,3,27
21,0.03333333333333333,0.5,3,Mon-Th,1,2025-11-03,Mon-Th,3,27
16,120.0,0.5,3,Mon-Th,1,2025-11-03,Mon-Th,3,27
15,120.0,150.0,3,Mon-Th,1,2025-11-03,Mon-Th,3,27
17,120.0,0.5,3,Mon-Th,1,2025-11-03,Mon-Th,3,27
21,120.0,150.0,3,Mon-Th,1,2025-11-03,Mon-Th,3,27
16,120.0,0.5,3,Mon-Th,1,2025-11-03,Mon-Th,3,27
17,0.03333333333333333,150.0,3,Mon-Th,1,2025-11-03,Mon-Th,3,27
8,120.0,150.0,3,Mon-Th,1,2025-11-03,Mon-Th,3,27
19,120.0,0.5,3,Mon-Th,1,2025-11-03,Mon-Th,3,27
14,120.0,0.5,3,Mon-Th,1,2025-11-03,Mon-Th,3,27
22,120.0,150.0,3,Mon-Th,1,2025-11-03,Mon-Th,3,27
16,120.0,0.5,3,Mon-Th,1,2025-11-03,Mon-Th,3,27
8,120.0,150.0,3,Mon-Th,1,2025-11-03,Mon-Th,3,27
12,120.0,150.0,3,Mon-Th,1,2025-11-03,Mon-Th,3,27
16,0.03333333333333333,150.0,3,Mon-Th,1,2025-11-03,Mon-Th,3,27
16,0.03333333333333333,150.0,3,Mon-Th,1,2025-11-03,Mon-Th,3,27
16,0.03333333333333333,0.5,3,Mon-Th,1,2025-11-04,Mon-Th,3,33
12,120.0,150.0,3,Mon-Th,1,2025-11-04,Mon-Th,3,33
16,120.0,150.0,3,Mon-Th,1,2025-11-04,Mon-Th,3,33
16,120.0,0.5,3,Mon-Th,1,2025-11-04,Mon-Th,3,33
16,0.03333333333333333,150.0,3,Mon-Th,1,2025-11-04,Mon-Th,3,33
16,0.03333333333333333,0.5,3,Mon-Th,1,2025-11-04,Mon-Th,3,33
16,0.03333333333333333,150.0,3,Mon-Th,1,2025-11-04,Mon-Th,3,33
16,0.03333333333333333,0.5,3,Mon-Th,1,2025-11-04,Mon-Th,3,33
14,0.03333333333333333,150.0,3,Mon-Th,1,2025-11-04,Mon-Th,3,33
12,120.0,0.5,3,Mon-Th,1,2025-11-04,Mon-Th,3,33
20,120.0,150.0,3,Mon-Th,1,2025-11-04,Mon-Th,3,33
12,120.0,0.5,3,Mon-Th,1,2025-11-04,Mon-Th,3,33
16,120.0,0.5,3,Mon-Th,1,2025-11-04,Mon-Th,3,33
12,120.0,150.0,3,Mon-Th,1,2025-11-04,Mon-Th,3,33
16,0.03333333333333333,150.0,3,Mon-Th,1,2025-11-04,Mon-Th,3,33
16,0.03333333333333333,150.0,3,Mon-Th,1,2025-11-04,Mon-Th,3,33
16,120.0,150.0,3,Mon-Th,1,2025-11-04,Mon-Th,3,33
16,0.03333333333333333,150.0,3,Mon-Th,1,2025-11-04,Mon-Th,3,33
16,120.0,0.5,3,Mon-Th,1,2025-11-04,Mon-Th,3,33
4,0.03333333333333333,0.5,3,Mon-Th,1,2025-11-04,Mon-Th,3,33
12,120.0,150.0,3,Mon-Th,1,2025-11-04,Mon-Th,3,33
16,0.03333333333333333,0.5,3,Mon-Th,1,2025-11-04,Mon-Th,3,33
16,0.03333333333333333,150.0,3,Mon-Th,1,2025-11-04,Mon-Th,3,33
19,120.0,0.5,3,Mon-Th,1,2025-11-04,Mon-Th,3,33
11,0.03333333333333333,150.0,3,Mon-Th,1,2025-11-04,Mon-Th,3,33
20,120.0,150.0,3,Mon-Th,1,2025-11-04,Mon-Th,3,33
16,0.03333333333333333,150.0,3,Mon-Th,1,2025-11-04,Mon-Th,3,33
12,120.0,0.5,3,Mon-Th,1,2025-11-04,Mon-Th,3,33
14,0.03333333333333333,0.5,3,Mon-Th,1,2025-11-04,Mon-Th,3,33
12,120.0,150.0,3,Mon-Th,1,2025-11-04,Mon-Th,3,33
19,0.03333333333333333,0.5,3,Mon-Th,1,2025-11-04,Mon-Th,3,33
16,0.03333333333333333,0.5,3,Mon-Th,1,2025-11-04,Mon-Th,3,33
14,0.03333333333333333,0.5,3,Mon-Th,1,2025-11-04,Mon-Th,3,33
21,0.03333333333333333,150.0,3,Mon-Th,1,2025-11-05,Mon-Th,3,28
7,120.0,150.0,3,Mon-Th,1,2025-11-05,Mon-Th,3,28
21,0.03333333333333333,0.5,3,Mon-Th,1,2025-11-05,Mon-Th,3,28
16,0.03333333333333333,150.0,3,Mon-Th,1,2025-11-05,Mon-Th,3,28
20,0.03333333333333333,150.0,3,Mon-Th,1,2025-11-05,Mon-Th,3,28
22,0.03333333333333333,0.5,3,Mon-Th,1,2025-11-05,Mon-Th,3,28
16,120.0,150.0,3,Mon-Th,1,2025-11-05,Mon-Th,3,28
12,120.0,0.5,3,Mon-Th,1,2025-11-05,Mon-Th,3,28
16,0.03333333333333333,0.5,3,Mon-Th,1,2025-11-05,Mon-Th,3,28
12,120.0,0.5,3,Mon-Th,1,2025-11-05,Mon-Th,3,28
16,120.0,0.5,3,Mon-Th,1,2025-11-05,Mon-Th,3,28
16,0.03333333333333333,150.0,3,Mon-Th,1,2025-11-05,Mon-Th,3,28
16,120.0,150.0,3,Mon-Th,1,2025-11-05,Mon-Th,3,28
14,0.03333333333333333,150.0,3,Mon-Th,1,2025-11-05,Mon-Th,3,28
17,0.03333333333333333,150.0,3,Mon-Th,1,2025-11-05,Mon-Th,3,28
21,0.03333333333333333,150.0,3,Mon-Th,1,2025-11-05,Mon-Th,3,28
16,0.03333333333333333,0.5,3,Mon-Th,1,2025-11-05,Mon-Th,3,28
16,0.03333333333333333,150.0,3,Mon-Th,1,2025-11-05,Mon-Th,3,28
16,0.03333333333333333,150.0,3,Mon-Th,1,2025-11-05,Mon-Th,3,28
16,0.03333333333333333,0.5,3,Mon-Th,1,2025-11-05,Mon-Th,3,28
13,0.03333333333333333,150.0,3,Mon-Th,1,2025-11-05,Mon-Th,3,28
16,0.03333333333333333,0.5,3,Mon-Th,1,2025-11-05,Mon-Th,3,28
14,0.03333333333333333,150.0,3,Mon-Th,1,2025-11-05,Mon-Th,3,28
0,120.0,0.5,3,Mon-Th,1,2025-11-05,Mon-Th,3,28
15,120.0,150.0,3,Mon-Th,1,2025-11-05,Mon-Th,3,28
12,120.0,0.5,3,Mon-Th,1,2025-11-05,Mon-Th,3,28
16,0.03333333333333333,0.5,3,Mon-Th,1,2025-11-05,Mon-Th,3,28
20,0.03333333333333333,0.5,3,Mon-Th,1,2025-11-05,Mon-Th,3,28
17,120.0,0.5,3,Mon-Th,1,2025-11-06,Mon-Th,3,32
17,120.0,0.5,3,Mon-Th,1,2025-11-06,Mon-Th,3,32
22,0.03333333333333333,150.0,3,Mon-Th,1,2025-11-06,Mon-Th,3,32
16,0.03333333333333333,150.0,3,Mon-Th,1,2025-11-06,Mon-Th,3,32
17,0.03333333333333333,0.5,3,Mon-Th,1,2025-11-06,Mon-Th,3,32
12,120.0,150.0,3,Mon-Th,1,2025-11-06,Mon-Th,3,32
18,0.03333333333333333,0.5,3,Mon-Th,1,2025-11-06,Mon-Th,3,32
12,120.0,0.5,3,Mon-Th,1,2025-11-06,Mon-Th,3,32
20,120.0,0.5,3,Mon-Th,1,2025-11-06,Mon-Th,3,32
16,120.0,0.5,3,Mon-Th,1,2025-11-06,Mon-Th,3,32
18,0.03333333333333333,0.5,3,Mon-Th,1,2025-11-06,Mon-Th,3,32
16,120.0,150.0,3,Mon-Th,1,2025-11-06,Mon-Th,3,32
16,120.0,0.5,3,Mon-Th,1,2025-11-06,Mon-Th,3,32
15,120.0,0.5,3,Mon-Th,1,2025-11-06,Mon-Th,3,32
12,120.0,150.0,3,Mon-Th,1,2025-11-06,Mon-Th,3,32
21,0.03333333333333333,0.5,3,Mon-Th,1,2025-11-06,Mon-Th,3,32
12,120.0,0.5,3,Mon-Th,1,2025-11-06,Mon-Th,3,32
12,120.0,0.5,3,Mon-Th,1,2025-11-06,Mon-Th,3,32
16,0.03333333333333333,150.0,3,Mon-Th,1,2025-11-06,Mon-Th,3,32
20,120.0,150.0,3,Mon-Th,1,2025-11-06,Mon-Th,3,32
16,120.0,0.5,3,Mon-Th,1,2025-11-06,Mon-Th,3,32
20,120.0,0.5,3,Mon-Th,1,2025-11-06,Mon-Th,3,32
17,0.03333333333333333,0.5,3,Mon-Th,1,2025-11-06,Mon-Th,3,32
17,0.03333333333333333,0.5,3,Mon-Th,1,2025-11-06,Mon-Th,3,32
12,120.0,0.5,3,Mon-Th,1,2025-11-06,Mon-Th,3,32
16,0.03333333333333333,150.0,3,Mon-Th,1,2025-11-06,Mon-Th,3,32
12,120.0,0.5,3,Mon-Th,1,2025-11-06,Mon-Th,3,32
16,0.03333333333333333,0.5,3,Mon-Th,1,2025-11-06,Mon-Th,3,32
20,120.0,0.5,3,Mon-Th,1,2025-11-06,Mon-Th,3,32
16,0.03333333333333333,150.0,3,Mon-Th,1,2025-11-06,Mon-Th,3,32
16,120.0,0.5,3,Mon-Th,1,2025-11-06,Mon-Th,3,32
16,120.0,0.5,3,Mon-Th,1,2025-11-06,Mon-Th,3,32
17,0.03333333333333333,0.5,3,Mon-Th,1,2025-11-10,Mon-Th,3,33
16,120.0,0.5,3,Mon-Th,1,2025-11-10,Mon-Th,3,33
16,0.03333333333333333,150.0,3,Mon-Th,1,2025-11-10,Mon-Th,3,33
16,120.0,0.5,3,Mon-Th,1,2025-11-10,Mon-Th,3,33
19,0.03333333333333333,0.5,3,Mon-Th,1,2025-11-10,Mon-Th,3,33
12,120.0,150.0,3,Mon-Th,1,2025-11-10,Mon-Th,3,33
22,0.03333333333333333,0.5,3,Mon-Th,1,2025-11-10,Mon-Th,3,33
16,120.0,150.0,3,Mon-Th,1,2025-11-10,Mon-Th,3,33
22,0.03333333333333333,150.0,3,Mon-Th,1,2025-11-10,Mon-Th,3,33
16,0.03333333333333333,150.0,3,Mon-Th,1,2025-11-10,Mon-Th,3,33
16,120.0,0.5,3,Mon-Th,1,2025-11-10,Mon-Th,3,33
16,120.0,150.0,3,Mon-Th,1,2025-11-10,Mon-Th,3,33
14,120.0,150.0,3,Mon-Th,1,2025-11-10,Mon-Th,3,33
16,120.0,150.0,3,Mon-Th,1,2025-11-10,Mon-Th,3,33
17,120.0,150.0,3,Mon-Th,1,2025-11-10,Mon-Th,3,33
16,0.03333333333333333,150.0,3,Mon-Th,1,2025-11-10,Mon-Th,3,33
12,120.0,150.0,3,Mon-Th,1,2025-11-10,Mon-Th,3,33
16,120.0,0.5,3,Mon-Th,1,2025-11-10,Mon-Th,3,33
23,0.03333333333333333,0.5,3,Mon-Th,1,2025-11-10,Mon-Th,3,33
13,0.03333333333333333,0.5,3,Mon-Th,1,2025-11-10,Mon-Th,3,33
16,120.0,150.0,3,Mon-Th,1,2025-11-10,Mon-Th,3,33
16,0.03333333333333333,150.0,3,Mon-Th,1,2025-11-10,Mon-Th,3,33
12,120.0,0.5,3,Mon-Th,1,2025-11-10,Mon-Th,3,33
16,0.03333333333333333,0.5,3,Mon-Th,1,2025-11-10,Mon-Th,3,33
16,120.0,0.5,3,Mon-Th,1,2025-11-10,Mon-Th,3,33
22,120.0,0.5,3,Mon-Th,1,2025-11-10,Mon-Th,3,33
13,120.0,150.0,3,Mon-Th,1,2025-11-10,Mon-Th,3,33
17,120.0,150.0,3,Mon-Th,1,2025-11-10,Mon-Th,3,33
16,120.0,150.0,3,Mon-Th,1,2025-11-10,Mon-Th,3,33
14,0.03333333333333333,0.5,3,Mon-Th,1,2025-11-10,Mon-Th,3,33
16,0.03333333333333333,0.5,3,Mon-Th,1,2025-11-10,Mon-Th,3,33
23,0.03333333333333333,0.5,3,Mon-Th,1,2025-11-10,Mon-Th,3,33
16,120.0,150.0,3,Mon-Th,1,2025-11-10,Mon-Th,3,33
12,120.0,0.5,3,Mon-Th,1,2025-11-11,Mon-Th,3,25
16,120.0,0.5,3,Mon-Th,1,2025-11-11,Mon-Th,3,25
16,120.0,150.0,3,Mon-Th,1,2025-11-11,Mon-Th,3,25
12,120.0,0.5,3,Mon-Th,1,2025-11-11,Mon-Th,3,25
17,0.03333333333333333,150.0,3,Mon-Th,1,2025-11-11,Mon-Th,3,25
22,0.03333333333333333,0.5,3,Mon-Th,1,2025-11-11,Mon-Th,3,25
16,0.03333333333333333,0.5,3,Mon-Th,1,2025-11-11,Mon-Th,3,25
7,0.03333333333333333,150.0,3,Mon-Th,1,2025-11-11,Mon-Th,3,25
15,120.0,0.5,3,Mon-Th,1,2025-11-11,Mon-Th,3,25
21,120.0,0.5,3,Mon-Th,1,2025-11-11,Mon-Th,3,25
0,120.0,150.0,3,Mon-Th,1,2025-11-11,Mon-Th,3,25
16,0.03333333333333333,0.5,3,Mon-Th,1,2025-11-11,Mon-Th,3,25
13,0.03333333333333333,0.5,3,Mon-Th,1,2025-11-11,Mon-Th,3,25
16,0.03333333333333333,150.0,3,Mon-Th,1,2025-11-11,Mon-Th,3,25
16,120.0,150.0,3,Mon-Th,1,2025-11-11,Mon-Th,3,25
18,0.03333333333333333,150.0,3,Mon-Th,1,2025-11-11,Mon-Th,3,25
17,0.03333333333333333,0.5,3,Mon-Th,1,2025-11-11,Mon-Th,3,25
16,0.03333333333333333,0.5,3,Mon-Th,1,2025-11-11,Mon-Th,3,25
16,0.03333333333333333,0.5,3,Mon-Th,1,2025-11-11,Mon-Th,3,25
16,0.03333333333333333,150.0,3,Mon-Th,1,2025-11-11,Mon-Th,3,25
16,0.03333333333333333,150.0,3,Mon-Th,1,2025-11-11,Mon-Th,3,25
16,0.03333333333333333,0.5,3,Mon-Th,1,2025-11-11,Mon-Th,3,25
16,0.03333333333333333,150.0,3,Mon-Th,1,2025-11-11,Mon-Th,3,25
12,120.0,150.0,3,Mon-Th,1,2025-11-11,Mon-Th,3,25
16,0.03333333333333333,0.5,3,Mon-Th,1,2025-11-11,Mon-Th,3,25
16,120.0,0.5,3,Mon-Th,1,2025-11-12,Mon-Th,3,33
15,120.0,150.0,3,Mon-Th,1,2025-11-12,Mon-Th,3,33
16,0.03333333333333333,150.0,3,Mon-Th,1,2025-11-12,Mon-Th,3,33
16,120.0,0.5,3,Mon-Th,1,2025-11-12,Mon-Th,3,33
16,0.03333333333333333,0.5,3,Mon-Th,1,2025-11-12,Mon-Th,3,33
16,0.03333333333333333,150.0,3,Mon-Th,1,2025-11-12,Mon-Th,3,33
16,120.0,0.5,3,Mon-Th,1,2025-11-12,Mon-Th,3,33
16,0.03333333333333333,0.5,3,Mon-Th,1,2025-11-12,Mon-Th,3,33
16,120.0,0.5,3,Mon-Th,1,2025-11-12,Mon-Th,3,33
16,120.0,0.5,3,Mon-Th,1,2025-11-12,Mon-Th,3,33
16,0.03333333333333333,0.5,3,Mon-Th,1,2025-11-12,Mon-Th,3,33
14,0.03333333333333333,150.0,3,Mon-Th,1,2025-11-12,Mon-Th,3,33
21,0.03333333333333333,0.5,3,Mon-Th,1,2025-11-12,Mon-Th,3,33
16,0.03333333333333333,0.5,3,Mon-Th,1,2025-11-12,Mon-Th,3,33
16,0.03333333333333333,150.0,3,Mon-Th,1,2025-11-12,Mon-Th,3,33
16,0.03333333333333333,0.5,3,Mon-Th,1,2025-11-12,Mon-Th,3,33
0,0.03333333333333333,0.5,3,Mon-Th,1,2025-11-12,Mon-Th,3,33
16,120.0,0.5,3,Mon-Th,1,2025-11-12,Mon-Th,3,33
21,120.0,150.0,3,Mon-Th,1,2025-11-12,Mon-Th,3,33
12,120.0,150.0,3,Mon-Th,1,2025-11-12,Mon-Th,3,33
12,120.0,0.5,3,Mon-Th,1,2025-11-12,Mon-Th,3,33
14,0.03333333333333333,0.5,3,Mon-Th,1,2025-11-12,Mon-Th,3,33
16,120.0,150.0,3,Mon-Th,1,2025-11-12,Mon-Th,3,33
19,0.03333333333333333,150.0,3,Mon-Th,1,2025-11-12,Mon-Th,3,33
14,0.03333333333333333,150.0,3,Mon-Th,1,2025-11-12,Mon-Th,3,33
16,0.03333333333333333,0.5,3,Mon-Th,1,2025-11-12,Mon-Th,3,33
19,120.0,0.5,3,Mon-Th,1,2025-11-12,Mon-Th,3,33
16,0.03333333333333333,0.5,3,Mon-Th,1,2025-11-12,Mon-Th,3,33
21,120.0,0.5,3,Mon-Th,1,2025-11-12,Mon-Th,3,33
12,120.0,0.5,3,Mon-Th,1,2025-11-12,Mon-Th,3,33
16,0.03333333333333333,150.0,3,Mon-Th,1,2025-11-12,Mon-Th,3,33
16,120.0,150.0,3,Mon-Th,1,2025-11-12,Mon-Th,3,33
17,120.0,0.5,3,Mon-Th,1,2025-11-12,Mon-Th,3,33
20,120.0,0.5,3,Mon-Th,1,2025-11-13,Mon-Th,3,34
16,120.0,0.5,3,Mon-Th,1,2025-11-13,Mon-Th,3,34
16,0.03333333333333333,0.5,3,Mon-Th,1,2025-11-13,Mon-Th,3,34
16,0.03333333333333333,0.5,3,Mon-Th,1,2025-11-13,Mon-Th,3,34
17,120.0,0.5,3,Mon-Th,1,2025-11-13,Mon-Th,3,34
22,0.03333333333333333,0.5,3,Mon-Th,1,2025-11-13,Mon-Th,3,34
16,120.0,150.0,3,Mon-Th,1,2025-11-13,Mon-Th,3,34
16,0.03333333333333333,150.0,3,Mon-Th,1,2025-11-13,Mon-Th,3,34
19,0.03333333333333333,150.0,3,Mon-Th,1,2025-11-13,Mon-Th,3,34
18,0.03333333333333333,150.0,3,Mon-Th,1,2025-11-13,Mon-Th,3,34
12,120.0,150.0,3,Mon-Th,1,2025-11-13,Mon-Th,3,34
16,120.0,150.0,3,Mon-Th,1,2025-11-13,Mon-Th,3,34
12,120.0,0.5,3,Mon-Th,1,2025-11-13,Mon-Th,3,34
16,0.03333333333333333,150.0,3,Mon-Th,1,2025-11-13,Mon-Th,3,34
13,0.03333333333333333,150.0,3,Mon-Th,1,2025-11-13,Mon-Th,3,34
16,120.0,0.5,3,Mon-Th,1,2025-11-13,Mon-Th,3,34
16,0.03333333333333333,150.0,3,Mon-Th,1,2025-11-13,Mon-Th,3,34
17,120.0,0.5,3,Mon-Th,1,2025-11-13,Mon-Th,3,34
16,0.03333333333333333,150.0,3,Mon-Th,1,2025-11-13,Mon-Th,3,34
16,0.03333333333333333,0.5,3,Mon-Th,1,2025-11-13,Mon-Th,3,34
23,0.03333333333333333,0.5,3,Mon-Th,1,2025-11-13,Mon-Th,3,34
16,120.0,150.0,3,Mon-Th,1,2025-11-13,Mon-Th,3,34
16,120.0,0.5,3,Mon-Th,1,2025-11-13,Mon-Th,3,34
7,0.03333333333333333,0.5,3,Mon-Th,1,2025-11-13,Mon-Th,3,34
16,0.03333333333333333,0.5,3,Mon-Th,1,2025-11-13,Mon-Th,3,34
22,120.0,150.0,3,Mon-Th,1,2025-11-13,Mon-Th,3,34
19,0.03333333333333333,0.5,3,Mon-Th,1,2025-11-13,Mon-Th,3,34
14,0.03333333333333333,150.0,3,Mon-Th,1,2025-11-13,Mon-Th,3,34
23,0.03333333333333333,0.5,3,Mon-Th,1,2025-11-13,Mon-Th,3,34
16,120.0,0.5,3,Mon-Th,1,2025-11-13,Mon-Th,3,34
14,120.0,0.5,3,Mon-Th,1,2025-11-13,Mon-Th,3,34
16,0.03333333333333333,150.0,3,Mon-Th,1,2025-11-13,Mon-Th,3,34
12,120.0,0.5,3,Mon-Th,1,2025-11-13,Mon-Th,3,34
16,0.03333333333333333,0.5,3,Mon-Th,1,2025-11-13,Mon-Th,3,34
16,0.03333333333333333,150.0,3,Mon-Th,1,2025-11-17,Mon-Th,3,24
22,120.0,150.0,3,Mon-Th,1,2025-11-17,Mon-Th,3,24
16,0.03333333333333333,150.0,3,Mon-Th,1,2025-11-17,Mon-Th,3,24
16,0.03333333333333333,0.5,3,Mon-Th,1,2025-11-17,Mon-Th,3,24
11,0.03333333333333333,150.0,3,Mon-Th,1,2025-11-17,Mon-Th,3,24
23,120.0,0.5,3,Mon-Th,1,2025-11-17,Mon-Th,3,24
16,120.0,150.0,3,Mon-Th,1,2025-11-17,Mon-Th,3,24
20,120.0,150.0,3,Mon-Th,1,2025-11-17,Mon-Th,3,24
14,0.03333333333333333,0.5,3,Mon-Th,1,2025-11-17,Mon-Th,3,24
20,120.0,150.0,3,Mon-Th,1,2025-11-17,Mon-Th,3,24
10,0.03333333333333333,0.5,3,Mon-Th,1,2025-11-17,Mon-Th,3,24
12,120.0,150.0,3,Mon-Th,1,2025-11-17,Mon-Th,3,24
14,0.03333333333333333,0.5,3,Mon-Th,1,2025-11-17,Mon-Th,3,24
12,120.0,0.5,3,Mon-Th,1,2025-11-17,Mon-Th,3,24
10,0.03333333333333333,0.5,3,Mon-Th,1,2025-11-17,Mon-Th,3,24
16,120.0,150.0,3,Mon-Th,1,2025-11-17,Mon-Th,3,24
13,0.03333333333333333,0.5,3,Mon-Th,1,2025-11-17,Mon-Th,3,24
16,0.03333333333333333,0.5,3,Mon-Th,1,2025-11-17,Mon-Th,3,24
16,0.03333333333333333,150.0,3,Mon-Th,1,2025-11-17,Mon-Th,3,24
16,0.03333333333333333,150.0,3,Mon-Th,1,2025-11-17,Mon-Th,3,24
16,0.03333333333333333,0.5,3,Mon-Th,1,2025-11-17,Mon-Th,3,24
16,120.0,0.5,3,Mon-Th,1,2025-11-17,Mon-Th,3,24
12,0.03333333333333333,0.5,3,Mon-Th,1,2025-11-17,Mon-Th,3,24
16,120.0,0.5,3,Mon-Th,1,2025-11-17,Mon-Th,3,24
16,0.03333333333333333,150.0,3,Mon-Th,1,2025-11-18,Mon-Th,3,29
16,0.03333333333333333,150.0,3,Mon-Th,1,2025-11-18,Mon-Th,3,29
16,0.03333333333333333,150.0,3,Mon-Th,1,2025-11-18,Mon-Th,3,29
12,120.0,0.5,3,Mon-Th,1,2025-11-18,Mon-Th,3,29
20,120.0,0.5,3,Mon-Th,1,2025-11-18,Mon-Th,3,29
19,0.03333333333333333,0.5,3,Mon-Th,1,2025-11-18,Mon-Th,3,29
17,120.0,150.0,3,Mon-Th,1,2025-11-18,Mon-Th,3,29
12,0.03333333333333333,0.5,3,Mon-Th,1,2025-11-18,Mon-Th,3,29
16,0.03333333333333333,0.5,3,Mon-Th,1,2025-11-18,Mon-Th,3,29
16,0.03333333333333333,0.5,3,Mon-Th,1,2025-11-18,Mon-Th,3,29
16,120.0,150.0,3,Mon-Th,1,2025-11-18,Mon-Th,3,29
17,120.0,0.5,3,Mon-Th,1,2025-11-18,Mon-Th,3,29
15,120.0,150.0,3,Mon-Th,1,2025-11-18,Mon-Th,3,29
12,0.03333333333333333,150.0,3,Mon-Th,1,2025-11-18,Mon-Th,3,29
16,120.0,0.5,3,Mon-Th,1,2025-11-18,Mon-Th,3,29
16,120.0,0.5,3,Mon-Th,1,2025-11-18,Mon-Th,3,29
16,120.0,0.5,3,Mon-Th,1,2025-11-18,Mon-Th,3,29
16,120.0,150.0,3,Mon-Th,1,2025-11-18,Mon-Th,3,29
15,120.0,0.5,3,Mon-Th,1,2025-11-18,Mon-Th,3,29
13,120.0,0.5,3,Mon-Th,1,2025-11-18,Mon-Th,3,29
8,0.03333333333333333,0.5,3,Mon-Th,1,2025-11-18,Mon-Th,3,29
19,0.03333333333333333,0.5,3,Mon-Th,1,2025-11-18,Mon-Th,3,29
17,120.0,0.5,3,Mon-Th,1,2025-11-18,Mon-Th,3,29
13,120.0,150.0,3,Mon-Th,1,2025-11-18,Mon-Th,3,29
15,120.0,150.0,3,Mon-Th,1,2025-11-18,Mon-Th,3,29
21,120.0,150.0,3,Mon-Th,1,2025-11-18,Mon-Th,3,29
16,0.03333333333333333,0.5,3,Mon-Th,1,2025-11-18,Mon-Th,3,29
16,0.03333333333333333,150.0,3,Mon-Th,1,2025-11-18,Mon-Th,3,29
16,0.03333333333333333,150.0,3,Mon-Th,1,2025-11-18,Mon-Th,3,29
0,120.0,0.5,3,Mon-Th,1,2025-11-19,Mon-Th,3,43
9,0.03333333333333333,150.0,3,Mon-Th,1,2025-11-19,Mon-Th,3,43
17,120.0,0.5,3,Mon-Th,1,2025-11-19,Mon-Th,3,43
16,0.03333333333333333,0.5,3,Mon-Th,1,2025-11-19,Mon-Th,3,43
12,120.0,0.5,3,Mon-Th,1,2025-11-19,Mon-Th,3,43
19,0.03333333333333333,0.5,3,Mon-Th,1,2025-11-19,Mon-Th,3,43
16,120.0,150.0,3,Mon-Th,1,2025-11-19,Mon-Th,3,43
16,0.03333333333333333,150.0,3,Mon-Th,1,2025-11-19,Mon-Th,3,43
17,120.0,150.0,3,Mon-Th,1,2025-11-19,Mon-Th,3,43
12,0.03333333333333333,150.0,3,Mon-Th,1,2025-11-19,Mon-Th,3,43
16,120.0,0.5,3,Mon-Th,1,2025-11-19,Mon-Th,3,43
12,120.0,0.5,3,Mon-Th,1,2025-11-19,Mon-Th,3,43
12,120.0,150.0,3,Mon-Th,1,2025-11-19,Mon-Th,3,43
16,120.0,150.0,3,Mon-Th,1,2025-11-19,Mon-Th,3,43
16,0.03333333333333333,0.5,3,Mon-Th,1,2025-11-19,Mon-Th,3,43
16,120.0,150.0,3,Mon-Th,1,2025-11-19,Mon-Th,3,43
1,120.0,0.5,3,Mon-Th,1,2025-11-19,Mon-Th,3,43
13,0.03333333333333333,150.0,3,Mon-Th,1,2025-11-19,Mon-Th,3,43
12,120.0,0.5,3,Mon-Th,1,2025-11-19,Mon-Th,3,43
12,0.03333333333333333,150.0,3,Mon-Th,1,2025-11-19,Mon-Th,3,43
16,0.03333333333333333,150.0,3,Mon-Th,1,2025-11-19,Mon-Th,3,43
16,0.03333333333333333,150.0,3,Mon-Th,1,2025-11-19,Mon-Th,3,43
12,120.0,150.0,3,Mon-Th,1,2025-11-19,Mon-Th,3,43
16,0.03333333333333333,0.5,3,Mon-Th,1,2025-11-19,Mon-Th,3,43
16,120.0,150.0,3,Mon-Th,1,2025-11-19,Mon-Th,3,43
16,0.03333333333333333,150.0,3,Mon-Th,1,2025-11-19,Mon-Th,3,43
23,0.03333333333333333,0.5,3,Mon-Th,1,2025-11-19,Mon-Th,3,43
23,0.03333333333333333,150.0,3,Mon-Th,1,2025-11-19,Mon-Th,3,43
16,0.03333333333333333,0.5,3,Mon-Th,1,2025-11-19,Mon-Th,3,43
16,120.0,0.5,3,Mon-Th,1,2025-11-19,Mon-Th,3,43
19,0.03333333333333333,0.5,3,Mon-Th,1,2025-11-19,Mon-Th,3,43
18,120.0,150.0,3,Mon-Th,1,2025-11-19,Mon-Th,3,43
18,120.0,150.0,3,Mon-Th,1,2025-11-19,Mon-Th,3,43
12,120.0,0.5,3,Mon-Th,1,2025-11-19,Mon-Th,3,43
16,0.03333333333333333,150.0,3,Mon-Th,1,2025-11-19,Mon-Th,3,43
16,120.0,0.5,3,Mon-Th,1,2025-11-19,Mon-Th,3,43
20,120.0,150.0,3,Mon-Th,1,2025-11-19,Mon-Th,3,43
19,0.03333333333333333,0.5,3,Mon-Th,1,2025-11-19,Mon-Th,3,43
19,0.03333333333333333,150.0,3,Mon-Th,1,2025-11-19,Mon-Th,3,43
12,0.03333333333333333,0.5,3,Mon-Th,1,2025-11-19,Mon-Th,3,43
16,120.0,150.0,3,Mon-Th,1,2025-11-19,Mon-Th,3,43
15,120.0,0.5,3,Mon-Th,1,2025-11-19,Mon-Th,3,43
16,0.03333333333333333,0.5,3,Mon-Th,1,2025-11-19,Mon-Th,3,43
16,120.0,150.0,3,Mon-Th,1,2025-11-20,Mon-Th,3,30
16,0.03333333333333333,150.0,3,Mon-Th,1,2025-11-20,Mon-Th,3,30
16,0.03333333333333333,0.5,3,Mon-Th,1,2025-11-20,Mon-Th,3,30
17,0.03333333333333333,150.0,3,Mon-Th,1,2025-11-20,Mon-Th,3,30
14,0.03333333333333333,150.0,3,Mon-Th,1,2025-11-20,Mon-Th,3,30
14,0.03333333333333333,150.0,3,Mon-Th,1,2025-11-20,Mon-Th,3,30
16,0.03333333333333333,150.0,3,Mon-Th,1,2025-11-20,Mon-Th,3,30
16,0.03333333333333333,0.5,3,Mon-Th,1,2025-11-20,Mon-Th,3,30
22,0.03333333333333333,0.5,3,Mon-Th,1,2025-11-20,Mon-Th,3,30
11,0.03333333333333333,0.5,3,Mon-Th,1,2025-11-20,Mon-Th,3,30
16,120.0,150.0,3,Mon-Th,1,2025-11-20,Mon-Th,3,30
16,120.0,150.0,3,Mon-Th,1,2025-11-20,Mon-Th,3,30
17,120.0,150.0,3,Mon-Th,1,2025-11-20,Mon-Th,3,30
16,0.03333333333333333,0.5,3,Mon-Th,1,2025-11-20,Mon-Th,3,30
16,120.0,0.5,3,Mon-Th,1,2025-11-20,Mon-Th,3,30
16,120.0,150.0,3,Mon-Th,1,2025-11-20,Mon-Th,3,30
16,120.0,0.5,3,Mon-Th,1,2025-11-20,Mon-Th,3,30
16,0.03333333333333333,0.5,3,Mon-Th,1,2025-11-20,Mon-Th,3,30
16,120.0,0.5,3,Mon-Th,1,2025-11-20,Mon-Th,3,30
21,0.03333333333333333,150.0,3,Mon-Th,1,2025-11-20,Mon-Th,3,30
18,120.0,150.0,3,Mon-Th,1,2025-11-20,Mon-Th,3,30
14,120.0,150.0,3,Mon-Th,1,2025-11-20,Mon-Th,3,30
16,120.0,150.0,3,Mon-Th,1,2025-11-20,Mon-Th,3,30
16,120.0,150.0,3,Mon-Th,1,2025-11-20,Mon-Th,3,30
16,120.0,150.0,3,Mon-Th,1,2025-11-20,Mon-Th,3,30
19,0.03333333333333333,0.5,3,Mon-Th,1,2025-11-20,Mon-Th,3,30
16,120.0,0.5,3,Mon-Th,1,2025-11-20,Mon-Th,3,30
16,0.03333333333333333,150.0,3,Mon-Th,1,2025-11-20,Mon-Th,3,30
16,0.03333333333333333,0.5,3,Mon-Th,1,2025-11-20,Mon-Th,3,30
16,120.0,0.5,3,Mon-Th,1,2025-11-20,Mon-Th,3,30
16,120.0,0.5,3,Mon-Th,1,2025-11-24,Mon-Th,3,24
16,0.03333333333333333,0.5,3,Mon-Th,1,2025-11-24,Mon-Th,3,24
16,0.03333333333333333,0.5,3,Mon-Th,1,2025-11-24,Mon-Th,3,24
17,0.03333333333333333,150.0,3,Mon-Th,1,2025-11-24,Mon-Th,3,24
21,0.03333333333333333,0.5,3,Mon-Th,1,2025-11-24,Mon-Th,3,24
16,0.03333333333333333,0.5,3,Mon-Th,1,2025-11-24,Mon-Th,3,24
17,0.03333333333333333,0.5,3,Mon-Th,1,2025-11-24,Mon-Th,3,24
16,120.0,150.0,3,Mon-Th,1,2025-11-24,Mon-Th,3,24
12,120.0,0.5,3,Mon-Th,1,2025-11-24,Mon-Th,3,24
14,0.03333333333333333,150.0,3,Mon-Th,1,2025-11-24,Mon-Th,3,24
19,120.0,0.5,3,Mon-Th,1,2025-11-24,Mon-Th,3,24
0,120.0,150.0,3,Mon-Th,1,2025-11-24,Mon-Th,3,24
16,0.03333333333333333,150.0,3,Mon-Th,1,2025-11-24,Mon-Th,3,24
16,0.03333333333333333,150.0,3,Mon-Th,1,2025-11-24,Mon-Th,3,24
17,120.0,0.5,3,Mon-Th,1,2025-11-24,Mon-Th,3,24
15,120.0,150.0,3,Mon-Th,1,2025-11-24,Mon-Th,3,24
12,120.0,0.5,3,Mon-Th,1,2025-11-24,Mon-Th,3,24
16,120.0,0.5,3,Mon-Th,1,2025-11-24,Mon-Th,3,24
16,0.03333333333333333,150.0,3,Mon-Th,1,2025-11-24,Mon-Th,3,24
14,0.03333333333333333,150.0,3,Mon-Th,1,2025-11-24,Mon-Th,3,24
20,120.0,0.5,3,Mon-Th,1,2025-11-24,Mon-Th,3,24
12,120.0,0.5,3,Mon-Th,1,2025-11-24,Mon-Th,3,24
16,0.03333333333333333,150.0,3,Mon-Th,1,2025-11-24,Mon-Th,3,24
16,0.03333333333333333,0.5,3,Mon-Th,1,2025-11-24,Mon-Th,3,24
14,0.03333333333333333,0.5,3,Mon-Th,1,2025-11-25,Mon-Th,3,29
16,120.0,150.0,3,Mon-Th,1,2025-11-25,Mon-Th,3,29
16,120.0,0.5,3,Mon-Th,1,2025-11-25,Mon-Th,3,29
15,0.03333333333333333,0.5,3,Mon-Th,1,2025-11-25,Mon-Th,3,29
12,120.0,0.5,3,Mon-Th,1,2025-11-25,Mon-Th,3,29
16,0.03333333333333333,0.5,3,Mon-Th,1,2025-11-25,Mon-Th,3,29
16,0.03333333333333333,150.0,3,Mon-Th,1,2025-11-25,Mon-Th,3,29
15,120.0,150.0,3,Mon-Th,1,2025-11-25,Mon-Th,3,29
16,120.0,150.0,3,Mon-Th,1,2025-11-25,Mon-Th,3,29
14,0.03333333333333333,0.5,3,Mon-Th,1,2025-11-25,Mon-Th,3,29
18,120.0,0.5,3,Mon-Th,1,2025-11-25,Mon-Th,3,29
16,120.0,0.5,3,Mon-Th,1,2025-11-25,Mon-Th,3,29
17,0.03333333333333333,150.0,3,Mon-Th,1,2025-11-25,Mon-Th,3,29
16,0.03333333333333333,0.5,3,Mon-Th,1,2025-11-25,Mon-Th,3,29
14,120.0,0.5,3,Mon-Th,1,2025-11-25,Mon-Th,3,29
17,120.0,0.5,3,Mon-Th,1,2025-11-25,Mon-Th,3,29
16,0.03333333333333333,0.5,3,Mon-Th,1,2025-11-25,Mon-Th,3,29
16,0.03333333333333333,150.0,3,Mon-Th,1,2025-11-25,Mon-Th,3,29
22,120.0,0.5,3,Mon-Th,1,2025-11-25,Mon-Th,3,29
16,0.03333333333333333,0.5,3,Mon-Th,1,2025-11-25,Mon-Th,3,29
16,0.03333333333333333,150.0,3,Mon-Th,1,2025-11-25,Mon-Th,3,29
14,120.0,0.5,3,Mon-Th,1,2025-11-25,Mon-Th,3,29
21,120.0,150.0,3,Mon-Th,1,2025-11-25,Mon-Th,3,29
12,120.0,0.5,3,Mon-Th,1,2025-11-25,Mon-Th,3,29
16,0.03333333333333333,0.5,3,Mon-Th,1,2025-11-25,Mon-Th,3,29
16,120.0,150.0,3,Mon-Th,1,2025-11-25,Mon-Th,3,29
19,0.03333333333333333,150.0,3,Mon-Th,1,2025-11-25,Mon-Th,3,29
11,0.03333333333333333,150.0,3,Mon-Th,1,2025-11-25,Mon-Th,3,29
16,120.0,0.5,3,Mon-Th,1,2025-11-25,Mon-Th,3,29
16,120.0,150.0,3,Mon-Th,1,2025-11-26,Mon-Th,3,27
19,120.0,0.5,3,Mon-Th,1,2025-11-26,Mon-Th,3,27
17,120.0,0.5,3,Mon-Th,1,2025-11-26,Mon-Th,3,27
16,120.0,150.0,3,Mon-Th,1,2025-11-26,Mon-Th,3,27
14,120.0,0.5,3,Mon-Th,1,2025-11-26,Mon-Th,3,27
12,120.0,150.0,3,Mon-Th,1,2025-11-26,Mon-Th,3,27
14,0.03333333333333333,150.0,3,Mon-Th,1,2025-11-26,Mon-Th,3,27
16,0.03333333333333333,150.0,3,Mon-Th,1,2025-11-26,Mon-Th,3,27
16,120.0,150.0,3,Mon-Th,1,2025-11-26,Mon-Th,3,27
16,120.0,0.5,3,Mon-Th,1,2025-11-26,Mon-Th,3,27
16,0.03333333333333333,150.0,3,Mon-Th,1,2025-11-26,Mon-Th,3,27
16,120.0,150.0,3,Mon-Th,1,2025-11-26,Mon-Th,3,27
0,120.0,0.5,3,Mon-Th,1,2025-11-26,Mon-Th,3,27
16,120.0,150.0,3,Mon-Th,1,2025-11-26,Mon-Th,3,27
16,0.03333333333333333,150.0,3,Mon-Th,1,2025-11-26,Mon-Th,3,27
17,0.03333333333333333,0.5,3,Mon-Th,1,2025-11-26,Mon-Th,3,27
15,120.0,0.5,3,Mon-Th,1,2025-11-26,Mon-Th,3,27
12,120.0,150.0,3,Mon-Th,1,2025-11-26,Mon-Th,3,27
14,0.03333333333333333,150.0,3,Mon-Th,1,2025-11-26,Mon-Th,3,27
16,120.0,150.0,3,Mon-Th,1,2025-11-26,Mon-Th,3,27
16,120.0,0.5,3,Mon-Th,1,2025-11-26,Mon-Th,3,27
18,120.0,0.5,3,Mon-Th,1,2025-11-26,Mon-Th,3,27
3,120.0,0.5,3,Mon-Th,1,2025-11-26,Mon-Th,3,27
22,120.0,0.5,3,Mon-Th,1,2025-11-26,Mon-Th,3,27
16,0.03333333333333333,0.5,3,Mon-Th,1,2025-11-26,Mon-Th,3,27
15,120.0,0.5,3,Mon-Th,1,2025-11-26,Mon-Th,3,27
21,0.03333333333333333,0.5,3,Mon-Th,1,2025-11-26,Mon-Th,3,27
16,120.0,0.5,3,Mon-Th,1,2025-11-27,Mon-Th,3,33
20,0.03333333333333333,150.0,3,Mon-Th,1,2025-11-27,Mon-Th,3,33
16,0.03333333333333333,0.5,3,Mon-Th,1,2025-11-27,Mon-Th,3,33
18,0.03333333333333333,0.5,3,Mon-Th,1,2025-11-27,Mon-Th,3,33
16,0.03333333333333333,150.0,3,Mon-Th,1,2025-11-27,Mon-Th,3,33
21,0.03333333333333333,0.5,3,Mon-Th,1,2025-11-27,Mon-Th,3,33
12,120.0,150.0,3,Mon-Th,1,2025-11-27,Mon-Th,3,33
16,0.03333333333333333,150.0,3,Mon-Th,1,2025-11-27,Mon-Th,3,33
17,120.0,150.0,3,Mon-Th,1,2025-11-27,Mon-Th,3,33
16,120.0,150.0,3,Mon-Th,1,2025-11-27,Mon-Th,3,33
16,120.0,150.0,3,Mon-Th,1,2025-11-27,Mon-Th,3,33
16,120.0,0.5,3,Mon-Th,1,2025-11-27,Mon-Th,3,33
13,120.0,0.5,3,Mon-Th,1,2025-11-27,Mon-Th,3,33
16,120.0,150.0,3,Mon-Th,1,2025-11-27,Mon-Th,3,33
18,120.0,0.5,3,Mon-Th,1,2025-11-27,Mon-Th,3,33
4,120.0,150.0,3,Mon-Th,1,2025-11-27,Mon-Th,3,33
12,120.0,150.0,3,Mon-Th,1,2025-11-27,Mon-Th,3,33
15,120.0,150.0,3,Mon-Th,1,2025-11-27,Mon-Th,3,33
21,0.03333333333333333,150.0,3,Mon-Th,1,2025-11-27,Mon-Th,3,33
16,120.0,0.5,3,Mon-Th,1,2025-11-27,Mon-Th,3,33
15,120.0,0.5,3,Mon-Th,1,2025-11-27,Mon-Th,3,33
15,120.0,150.0,3,Mon-Th,1,2025-11-27,Mon-Th,3,33
16,0.03333333333333333,0.5,3,Mon-Th,1,2025-11-27,Mon-Th,3,33
16,0.03333333333333333,0.5,3,Mon-Th,1,2025-11-27,Mon-Th,3,33
11,120.0,0.5,3,Mon-Th,1,2025-11-27,Mon-Th,3,33
16,0.03333333333333333,0.5,3,Mon-Th,1,2025-11-27,Mon-Th,3,33
2,120.0,150.0,3,Mon-Th,1,2025-11-27,Mon-Th,3,33
16,0.03333333333333333,0.5,3,Mon-Th,1,2025-11-27,Mon-Th,3,33
19,0.03333333333333333,0.5,3,Mon-Th,1,2025-11-27,Mon-Th,3,33
17,0.03333333333333333,0.5,3,Mon-Th,1,2025-11-27,Mon-Th,3,33
17,120.0,150.0,3,Mon-Th,1,2025-11-27,Mon-Th,3,33
19,0.03333333333333333,0.5,3,Mon-Th,1,2025-11-27,Mon-Th,3,33
19,120.0,150.0,3,Mon-Th,1,2025-11-27,Mon-Th,3,33
16,0.03333333333333333,150.0,3,Mon-Th,1,2025-12-01,Mon-Th,3,26
16,0.03333333333333333,0.5,3,Mon-Th,1,2025-12-01,Mon-Th,3,26
16,120.0,150.0,3,Mon-Th,1,2025-12-01,Mon-Th,3,26
16,0.03333333333333333,150.0,3,Mon-Th,1,2025-12-01,Mon-Th,3,26
17,120.0,150.0,3,Mon-Th,1,2025-12-01,Mon-Th,3,26
16,120.0,0.5,3,Mon-Th,1,2025-12-01,Mon-Th,3,26
16,0.03333333333333333,150.0,3,Mon-Th,1,2025-12-01,Mon-Th,3,26
16,0.03333333333333333,150.0,3,Mon-Th,1,2025-12-01,Mon-Th,3,26
22,120.0,0.5,3,Mon-Th,1,2025-12-01,Mon-Th,3,26
16,0.03333333333333333,0.5,3,Mon-Th,1,2025-12-01,Mon-Th,3,26
17,120.0,150.0,3,Mon-Th,1,2025-12-01,Mon-Th,3,26
9,120.0,0.5,3,Mon-Th,1,2025-12-01,Mon-Th,3,26
16,120.0,0.5,3,Mon-Th,1,2025-12-01,Mon-Th,3,26
21,0.03333333333333333,0.5,3,Mon-Th,1,2025-12-01,Mon-Th,3,26
19,120.0,0.5,3,Mon-Th,1,2025-12-01,Mon-Th,3,26
20,0.03333333333333333,0.5,3,Mon-Th,1,2025-12-01,Mon-Th,3,26
16,0.03333333333333333,0.5,3,Mon-Th,1,2025-12-01,Mon-Th,3,26
16,120.0,0.5,3,Mon-Th,1,2025-12-01,Mon-Th,3,26
12,0.03333333333333333,150.0,3,Mon-Th,1,2025-12-01,Mon-Th,3,26
12,120.0,0.5,3,Mon-Th,1,2025-12-01,Mon-Th,3,26
16,0.03333333333333333,150.0,3,Mon-Th,1,2025-12-01,Mon-Th,3,26
13,120.0,0.5,3,Mon-Th,1,2025-12-01,Mon-Th,3,26
19,0.03333333333333333,0.5,3,Mon-Th,1,2025-12-01,Mon-Th,3,26
16,120.0,150.0,3,Mon-Th,1,2025-12-01,Mon-Th,3,26
18,0.03333333333333333,0.5,3,Mon-Th,1,2025-12-01,Mon-Th,3,26
13,0.03333333333333333,150.0,3,Mon-Th,1,2025-12-01,Mon-Th,3,26
17,0.03333333333333333,150.0,3,Mon-Th,1,2025-12-02,Mon-Th,3,45
16,120.0,0.5,3,Mon-Th,1,2025-12-02,Mon-Th,3,45
15,120.0,150.0,3,Mon-Th,1,2025-12-02,Mon-Th,3,45
16,0.03333333333333333,150.0,3,Mon-Th,1,2025-12-02,Mon-Th,3,45
16,0.03333333333333333,150.0,3,Mon-Th,1,2025-12-02,Mon-Th,3,45
16,120.0,150.0,3,Mon-Th,1,2025-12-02,Mon-Th,3,45
15,0.03333333333333333,0.5,3,Mon-Th,1,2025-12-02,Mon-Th,3,45
16,0.03333333333333333,0.5,3,Mon-Th,1,2025-12-02,Mon-Th,3,45
16,120.0,150.0,3,Mon-Th,1,2025-12-02,Mon-Th,3,45
19,120.0,0.5,3,Mon-Th,1,2025-12-02,Mon-Th,3,45
12,120.0,150.0,3,Mon-Th,1,2025-12-02,Mon-Th,3,45
19,0.03333333333333333,0.5,3,Mon-Th,1,2025-12-02,Mon-Th,3,45
12,120.0,150.0,3,Mon-Th,1,2025-12-02,Mon-Th,3,45
18,120.0,0.5,3,Mon-Th,1,2025-12-02,Mon-Th,3,45
22,0.03333333333333333,0.5,3,Mon-Th,1,2025-12-02,Mon-Th,3,45
15,120.0,0.5,3,Mon-Th,1,2025-12-02,Mon-Th,3,45
21,0.03333333333333333,0.5,3,Mon-Th,1,2025-12-02,Mon-Th,3,45
16,120.0,150.0,3,Mon-Th,1,2025-12-02,Mon-Th,3,45
11,0.03333333333333333,0.5,3,Mon-Th,1,2025-12-02,Mon-Th,3,45
16,0.03333333333333333,150.0,3,Mon-Th,1,2025-12-02,Mon-Th,3,45
17,0.03333333333333333,0.5,3,Mon-Th,1,2025-12-02,Mon-Th,3,45
0,120.0,0.5,3,Mon-Th,1,2025-12-02,Mon-Th,3,45
17,0.03333333333333333,150.0,3,Mon-Th,1,2025-12-02,Mon-Th,3,45
18,0.03333333333333333,150.0,3,Mon-Th,1,2025-12-02,Mon-Th,3,45
15,0.03333333333333333,0.5,3,Mon-Th,1,2025-12-02,Mon-Th,3,45
16,0.03333333333333333,0.5,3,Mon-Th,1,2025-12-02,Mon-Th,3,45
22,0.03333333333333333,150.0,3,Mon-Th,1,2025-12-02,Mon-Th,3,45
14,0.03333333333333333,0.5,3,Mon-Th,1,2025-12-02,Mon-Th,3,45
16,0.03333333333333333,150.0,3,Mon-Th,1,2025-12-02,Mon-Th,3,45
17,120.0,0.5,3,Mon-Th,1,2025-12-02,Mon-Th,3,45
15,120.0,0.5,3,Mon-Th,1,2025-12-02,Mon-Th,3,45
16,120.0,150.0,3,Mon-Th,1,2025-12-02,Mon-Th,3,45
19,0.03333333333333333,150.0,3,Mon-Th,1,2025-12-02,Mon-Th,3,45
22,120.0,0.5,3,Mon-Th,1,2025-12-02,Mon-Th,3,45
16,0.03333333333333333,0.5,3,Mon-Th,1,2025-12-02,Mon-Th,3,45
16,120.0,0.5,3,Mon-Th,1,2025-12-02,Mon-Th,3,45
22,0.03333333333333333,150.0,3,Mon-Th,1,2025-12-02,Mon-Th,3,45
14,120.0,0.5,3,Mon-Th,1,2025-12-02,Mon-Th,3,45
17,120.0,150.0,3,Mon-Th,1,2025-12-02,Mon-Th,3,45
16,0.03333333333333333,150.0,3,Mon-Th,1,2025-12-02,Mon-Th,3,45
20,120.0,0.5,3,Mon-Th,1,2025-12-02,Mon-Th,3,45
16,0.03333333333333333,0.5,3,Mon-Th,1,2025-12-02,Mon-Th,3,45
12,0.03333333333333333,0.5,3,Mon-Th,1,2025-12-02,Mon-Th,3,45
22,0.03333333333333333,0.5,3,Mon-Th,1,2025-12-02,Mon-Th,3,45
20,120.0,0.5,3,Mon-Th,1,2025-12-02,Mon-Th,3,45
17,0.03333333333333333,0.5,3,Mon-Th,1,2025-12-03,Mon-Th,3,28
14,0.03333333333333333,0.5,3,Mon-Th,1,2025-12-03,Mon-Th,3,28
7,120.0,0.5,3,Mon-Th,1,2025-12-03,Mon-Th,3,28
12,120.0,0.5,3,Mon-Th,1,2025-12-03,Mon-Th,3,28
16,120.0,0.5,3,Mon-Th,1,2025-12-03,Mon-Th,3,28
16,0.03333333333333333,0.5,3,Mon-Th,1,2025-12-03,Mon-Th,3,28
16,120.0,0.5,3,Mon-Th,1,2025-12-03,Mon-Th,3,28
16,0.03333333333333333,150.0,3,Mon-Th,1,2025-12-03,Mon-Th,3,28
17,0.03333333333333333,150.0,3,Mon-Th,1,2025-12-03,Mon-Th,3,28
16,0.03333333333333333,0.5,3,Mon-Th,1,2025-12-03,Mon-Th,3,28
15,0.03333333333333333,0.5,3,Mon-Th,1,2025-12-03,Mon-Th,3,28
11,0.03333333333333333,150.0,3,Mon-Th,1,2025-12-03,Mon-Th,3,28
16,0.03333333333333333,150.0,3,Mon-Th,1,2025-12-03,Mon-Th,3,28
16,0.03333333333333333,150.0,3,Mon-Th,1,2025-12-03,Mon-Th,3,28
13,0.03333333333333333,0.5,3,Mon-Th,1,2025-12-03,Mon-Th,3,28
13,0.03333333333333333,0.5,3,Mon-Th,1,2025-12-03,Mon-Th,3,28
22,0.03333333333333333,0.5,3,Mon-Th,1,2025-12-03,Mon-Th,3,28
16,120.0,150.0,3,Mon-Th,1,2025-12-03,Mon-Th,3,28
14,0.03333333333333333,0.5,3,Mon-Th,1,2025-12-03,Mon-Th,3,28
16,120.0,150.0,3,Mon-Th,1,2025-12-03,Mon-Th,3,28
13,120.0,150.0,3,Mon-Th,1,2025-12-03,Mon-Th,3,28
16,0.03333333333333333,0.5,3,Mon-Th,1,2025-12-03,Mon-Th,3,28
19,0.03333333333333333,150.0,3,Mon-Th,1,2025-12-03,Mon-Th,3,28
16,0.03333333333333333,150.0,3,Mon-Th,1,2025-12-03,Mon-Th,3,28
10,0.03333333333333333,150.0,3,Mon-Th,1,2025-12-03,Mon-Th,3,28
16,0.03333333333333333,150.0,3,Mon-Th,1,2025-12-03,Mon-Th,3,28
16,0.03333333333333333,150.0,3,Mon-Th,1,2025-12-03,Mon-Th,3,28
11,0.03333333333333333,0.5,3,Mon-Th,1,2025-12-03,Mon-Th,3,28
16,0.03333333333333333,0.5,3,Mon-Th,1,2025-12-04,Mon-Th,3,28
12,120.0,0.5,3,Mon-Th,1,2025-12-04,Mon-Th,3,28
15,120.0,150.0,3,Mon-Th,1,2025-12-04,Mon-Th,3,28
17,120.0,150.0,3,Mon-Th,1,2025-12-04,Mon-Th,3,28
16,120.0,0.5,3,Mon-Th,1,2025-12-04,Mon-Th,3,28
14,0.03333333333333333,0.5,3,Mon-Th,1,2025-12-04,Mon-Th,3,28
16,0.03333333333333333,150.0,3,Mon-Th,1,2025-12-04,Mon-Th,3,28
16,120.0,150.0,3,Mon-Th,1,2025-12-04,Mon-Th,3,28
16,120.0,150.0,3,Mon-Th,1,2025-12-04,Mon-Th,3,28
18,0.03333333333333333,150.0,3,Mon-Th,1,2025-12-04,Mon-Th,3,28
17,120.0,150.0,3,Mon-Th,1,2025-12-04,Mon-Th,3,28
16,0.03333333333333333,150.0,3,Mon-Th,1,2025-12-04,Mon-Th,3,28
12,120.0,150.0,3,Mon-Th,1,2025-12-04,Mon-Th,3,28
17,120.0,150.0,3,Mon-Th,1,2025-12-04,Mon-Th,3,28
16,120.0,150.0,3,Mon-Th,1,2025-12-04,Mon-Th,3,28
2,0.03333333333333333,0.5,3,Mon-Th,1,2025-12-04,Mon-Th,3,28
13,0.03333333333333333,0.5,3,Mon-Th,1,2025-12-04,Mon-Th,3,28
12,120.0,150.0,3,Mon-Th,1,2025-12-04,Mon-Th,3,28
18,0.03333333333333333,150.0,3,Mon-Th,1,2025-12-04,Mon-Th,3,28
16,120.0,150.0,3,Mon-Th,1,2025-12-04,Mon-Th,3,28
16,0.03333333333333333,150.0,3,Mon-Th,1,2025-12-04,Mon-Th,3,28
12,0.03333333333333333,150.0,3,Mon-Th,1,2025-12-04,Mon-Th,3,28
16,0.03333333333333333,150.0,3,Mon-Th,1,2025-12-04,Mon-Th,3,28
16,120.0,150.0,3,Mon-Th,1,2025-12-04,Mon-Th,3,28
18,120.0,150.0,3,Mon-Th,1,2025-12-04,Mon-Th,3,28
16,0.03333333333333333,0.5,3,Mon-Th,1,2025-12-04,Mon-Th,3,28
16,120.0,0.5,3,Mon-Th,1,2025-12-04,Mon-Th,3,28
16,120.0,0.5,3,Mon-Th,1,2025-12-04,Mon-Th,3,28
16,120.0,0.5,3,Mon-Th,1,2025-12-08,Mon-Th,3,29
16,0.03333333333333333,0.5,3,Mon-Th,1,2025-12-08,Mon-Th,3,29
14,0.03333333333333333,0.5,3,Mon-Th,1,2025-12-08,Mon-Th,3,29
15,120.0,150.0,3,Mon-Th,1,2025-12-08,Mon-Th,3,29
16,120.0,150.0,3,Mon-Th,1,2025-12-08,Mon-Th,3,29
21,120.0,0.5,3,Mon-Th,1,2025-12-08,Mon-Th,3,29
3,0.03333333333333333,0.5,3,Mon-Th,1,2025-12-08,Mon-Th,3,29
19,120.0,0.5,3,Mon-Th,1,2025-12-08,Mon-Th,3,29
16,0.03333333333333333,0.5,3,Mon-Th,1,2025-12-08,Mon-Th,3,29
16,120.0,0.5,3,Mon-Th,1,2025-12-08,Mon-Th,3,29
16,0.03333333333333333,150.0,3,Mon-Th,1,2025-12-08,Mon-Th,3,29
16,0.03333333333333333,150.0,3,Mon-Th,1,2025-12-08,Mon-Th,3,29
16,0.03333333333333333,150.0,3,Mon-Th,1,2025-12-08,Mon-Th,3,29
14,0.03333333333333333,0.5,3,Mon-Th,1,2025-12-08,Mon-Th,3,29
16,0.03333333333333333,0.5,3,Mon-Th,1,2025-12-08,Mon-Th,3,29
16,0.03333333333333333,150.0,3,Mon-Th,1,2025-12-08,Mon-Th,3,29
18,120.0,0.5,3,Mon-Th,1,2025-12-08,Mon-Th,3,29
16,0.03333333333333333,150.0,3,Mon-Th,1,2025-12-08,Mon-Th,3,29
16,0.03333333333333333,150.0,3,Mon-Th,1,2025-12-08,Mon-Th,3,29
18,120.0,0.5,3,Mon-Th,1,2025-12-08,Mon-Th,3,29
9,0.03333333333333333,0.5,3,Mon-Th,1,2025-12-08,Mon-Th,3,29
20,120.0,150.0,3,Mon-Th,1,2025-12-08,Mon-Th,3,29
16,0.03333333333333333,150.0,3,Mon-Th,1,2025-12-08,Mon-Th,3,29
16,0.03333333333333333,150.0,3,Mon-Th,1,2025-12-08,Mon-Th,3,29
17,120.0,150.0,3,Mon-Th,1,2025-12-08,Mon-Th,3,29
14,120.0,0.5,3,Mon-Th,1,2025-12-08,Mon-Th,3,29
21,0.03333333333333333,0.5,3,Mon-Th,1,2025-12-08,Mon-Th,3,29
16,0.03333333333333333,0.5,3,Mon-Th,1,2025-12-08,Mon-Th,3,29
18,0.03333333333333333,150.0,3,Mon-Th,1,2025-12-08,Mon-Th,3,29
0,120.0,150.0,3,Mon-Th,1,2025-12-09,Mon-Th,3,25
23,0.03333333333333333,150.0,3,Mon-Th,1,2025-12-09,Mon-Th,3,25
16,120.0,150.0,3,Mon-Th,1,2025-12-09,Mon-Th,3,25
16,0.03333333333333333,150.0,3,Mon-Th,1,2025-12-09,Mon-Th,3,25
14,0.03333333333333333,0.5,3,Mon-Th,1,2025-12-09,Mon-Th,3,25
22,0.03333333333333333,150.0,3,Mon-Th,1,2025-12-09,Mon-Th,3,25
16,0.03333333333333333,0.5,3,Mon-Th,1,2025-12-09,Mon-Th,3,25
19,0.03333333333333333,0.5,3,Mon-Th,1,2025-12-09,Mon-Th,3,25
11,0.03333333333333333,0.5,3,Mon-Th,1,2025-12-09,Mon-Th,3,25
16,120.0,0.5,3,Mon-Th,1,2025-12-09,Mon-Th,3,25
22,0.03333333333333333,0.5,3,Mon-Th,1,2025-12-09,Mon-Th,3,25
16,0.03333333333333333,150.0,3,Mon-Th,1,2025-12-09,Mon-Th,3,25
19,0.03333333333333333,150.0,3,Mon-Th,1,2025-12-09,Mon-Th,3,25
22,120.0,0.5,3,Mon-Th,1,2025-12-09,Mon-Th,3,25
16,120.0,150.0,3,Mon-Th,1,2025-12-09,Mon-Th,3,25
16,120.0,150.0,3,Mon-Th,1,2025-12-09,Mon-Th,3,25
3,120.0,0.5,3,Mon-Th,1,2025-12-09,Mon-Th,3,25
16,120.0,0.5,3,Mon-Th,1,2025-12-09,Mon-Th,3,25
15,0.03333333333333333,0.5,3,Mon-Th,1,2025-12-09,Mon-Th,3,25
16,0.03333333333333333,150.0,3,Mon-Th,1,2025-12-09,Mon-Th,3,25
16,0.03333333333333333,150.0,3,Mon-Th,1,2025-12-09,Mon-Th,3,25
19,120.0,0.5,3,Mon-Th,1,2025-12-09,Mon-Th,3,25
12,0.03333333333333333,150.0,3,Mon-Th,1,2025-12-09,Mon-Th,3,25
16,120.0,150.0,3,Mon-Th,1,2025-12-09,Mon-Th,3,25
17,0.03333333333333333,0.5,3,Mon-Th,1,2025-12-09,Mon-Th,3,25
16,0.03333333333333333,150.0,3,Mon-Th,1,2025-12-10,Mon-Th,3,26
16,120.0,150.0,3,Mon-Th,1,2025-12-10,Mon-Th,3,26
16,0.03333333333333333,150.0,3,Mon-Th,1,2025-12-10,Mon-Th,3,26
14,0.03333333333333333,0.5,3,Mon-Th,1,2025-12-10,Mon-Th,3,26
16,0.03333333333333333,150.0,3,Mon-Th,1,2025-12-10,Mon-Th,3,26
16,0.03333333333333333,0.5,3,Mon-Th,1,2025-12-10,Mon-Th,3,26
14,0.03333333333333333,0.5,3,Mon-Th,1,2025-12-10,Mon-Th,3,26
16,0.03333333333333333,150.0,3,Mon-Th,1,2025-12-10,Mon-Th,3,26
12,120.0,150.0,3,Mon-Th,1,2025-12-10,Mon-Th,3,26
16,120.0,0.5,3,Mon-Th,1,2025-12-10,Mon-Th,3,26
16,0.03333333333333333,0.5,3,Mon-Th,1,2025-12-10,Mon-Th,3,26
20,0.03333333333333333,0.5,3,Mon-Th,1,2025-12-10,Mon-Th,3,26
18,0.03333333333333333,150.0,3,Mon-Th,1,2025-12-10,Mon-Th,3,26
18,120.0,0.5,3,Mon-Th,1,2025-12-10,Mon-Th,3,26
16,120.0,150.0,3,Mon-Th,1,2025-12-10,Mon-Th,3,26
16,120.0,150.0,3,Mon-Th,1,2025-12-10,Mon-Th,3,26
16,120.0,150.0,3,Mon-Th,1,2025-12-10,Mon-Th,3,26
12,120.0,150.0,3,Mon-Th,1,2025-12-10,Mon-Th,3,26
14,120.0,0.5,3,Mon-Th,1,2025-12-10,Mon-Th,3,26
16,0.03333333333333333,150.0,3,Mon-Th,1,2025-12-10,Mon-Th,3,26
16,0.03333333333333333,150.0,3,Mon-Th,1,2025-12-10,Mon-Th,3,26
12,120.0,0.5,3,Mon-Th,1,2025-12-10,Mon-Th,3,26
16,0.03333333333333333,0.5,3,Mon-Th,1,2025-12-10,Mon-Th,3,26
22,120.0,150.0,3,Mon-Th,1,2025-12-10,Mon-Th,3,26
15,120.0,150.0,3,Mon-Th,1,2025-12-10,Mon-Th,3,26
12,120.0,0.5,3,Mon-Th,1,2025-12-10,Mon-Th,3,26
16,0.03333333333333333,0.5,3,Mon-Th,1,2025-12-11,Mon-Th,3,25
16,120.0,150.0,3,Mon-Th,1,2025-12-11,Mon-Th,3,25
14,0.03333333333333333,0.5,3,Mon-Th,1,2025-12-11,Mon-Th,3,25
20,120.0,0.5,3,Mon-Th,1,2025-12-11,Mon-Th,3,25
16,0.03333333333333333,0.5,3,Mon-Th,1,2025-12-11,Mon-Th,3,25
22,0.03333333333333333,0.5,3,Mon-Th,1,2025-12-11,Mon-Th,3,25
20,120.0,0.5,3,Mon-Th,1,2025-12-11,Mon-Th,3,25
1,0.03333333333333333,150.0,3,Mon-Th,1,2025-12-11,Mon-Th,3,25
16,0.03333333333333333,150.0,3,Mon-Th,1,2025-12-11,Mon-Th,3,25
16,0.03333333333333333,150.0,3,Mon-Th,1,2025-12-11,Mon-Th,3,25
12,120.0,150.0,3,Mon-Th,1,2025-12-11,Mon-Th,3,25
0,120.0,0.5,3,Mon-Th,1,2025-12-11,Mon-Th,3,25
16,120.0,150.0,3,Mon-Th,1,2025-12-11,Mon-Th,3,25
16,120.0,150.0,3,Mon-Th,1,2025-12-11,Mon-Th,3,25
16,0.03333333333333333,150.0,3,Mon-Th,1,2025-12-11,Mon-Th,3,25
22,120.0,150.0,3,Mon-Th,1,2025-12-11,Mon-Th,3,25
16,120.0,150.0,3,Mon-Th,1,2025-12-11,Mon-Th,3,25
16,0.03333333333333333,150.0,3,Mon-Th,1,2025-12-11,Mon-Th,3,25
14,0.03333333333333333,0.5,3,Mon-Th,1,2025-12-11,Mon-Th,3,25
16,0.03333333333333333,0.5,3,Mon-Th,1,2025-12-11,Mon-Th,3,25
12,120.0,0.5,3,Mon-Th,1,2025-12-11,Mon-Th,3,25
16,120.0,0.5,3,Mon-Th,1,2025-12-11,Mon-Th,3,25
19,120.0,150.0,3,Mon-Th,1,2025-12-11,Mon-Th,3,25
22,120.0,150.0,3,Mon-Th,1,2025-12-11,Mon-Th,3,25
14,0.03333333333333333,150.0,3,Mon-Th,1,2025-12-11,Mon-Th,3,25
12,120.0,0.5,3,Mon-Th,1,2025-12-15,Mon-Th,3,38
20,0.03333333333333333,150.0,3,Mon-Th,1,2025-12-15,Mon-Th,3,38
16,120.0,150.0,3,Mon-Th,1,2025-12-15,Mon-Th,3,38
18,0.03333333333333333,150.0,3,Mon-Th,1,2025-12-15,Mon-Th,3,38
9,120.0,0.5,3,Mon-Th,1,2025-12-15,Mon-Th,3,38
16,120.0,150.0,3,Mon-Th,1,2025-12-15,Mon-Th,3,38
15,0.03333333333333333,0.5,3,Mon-Th,1,2025-12-15,Mon-Th,3,38
12,120.0,150.0,3,Mon-Th,1,2025-12-15,Mon-Th,3,38
22,0.03333333333333333,150.0,3,Mon-Th,1,2025-12-15,Mon-Th,3,38
16,0.03333333333333333,0.5,3,Mon-Th,1,2025-12-15,Mon-Th,3,38
16,0.03333333333333333,150.0,3,Mon-Th,1,2025-12-15,Mon-Th,3,38
12,120.0,0.5,3,Mon-Th,1,2025-12-15,Mon-Th,3,38
14,0.03333333333333333,150.0,3,Mon-Th,1,2025-12-15,Mon-Th,3,38
16,0.03333333333333333,0.5,3,Mon-Th,1,2025-12-15,Mon-Th,3,38
16,0.03333333333333333,150.0,3,Mon-Th,1,2025-12-15,Mon-Th,3,38
13,0.03333333333333333,150.0,3,Mon-Th,1,2025-12-15,Mon-Th,3,38
16,0.03333333333333333,150.0,3,Mon-Th,1,2025-12-15,Mon-Th,3,38
17,120.0,150.0,3,Mon-Th,1,2025-12-15,Mon-Th,3,38
16,0.03333333333333333,150.0,3,Mon-Th,1,2025-12-15,Mon-Th,3,38
17,0.03333333333333333,0.5,3,Mon-Th,1,2025-12-15,Mon-Th,3,38
21,0.03333333333333333,0.5,3,Mon-Th,1,2025-12-15,Mon-Th,3,38
16,120.0,0.5,3,Mon-Th,1,2025-12-15,Mon-Th,3,38
16,120.0,0.5,3,Mon-Th,1,2025-12-15,Mon-Th,3,38
16,120.0,150.0,3,Mon-Th,1,2025-12-15,Mon-Th,3,38
22,0.03333333333333333,0.5,3,Mon-Th,1,2025-12-15,Mon-Th,3,38
20,0.03333333333333333,0.5,3,Mon-Th,1,2025-12-15,Mon-Th,3,38
16,0.03333333333333333,150.0,3,Mon-Th,1,2025-12-15,Mon-Th,3,38
18,0.03333333333333333,150.0,3,Mon-Th,1,2025-12-15,Mon-Th,3,38
1,120.0,0.5,3,Mon-Th,1,2025-12-15,Mon-Th,3,38
12,0.03333333333333333,150.0,3,Mon-Th,1,2025-12-15,Mon-Th,3,38
2,0.03333333333333333,0.5,3,Mon-Th,1,2025-12-15,Mon-Th,3,38
16,0.03333333333333333,0.5,3,Mon-Th,1,2025-12-15,Mon-Th,3,38
17,120.0,150.0,3,Mon-Th,1,2025-12-15,Mon-Th,3,38
16,120.0,0.5,3,Mon-Th,1,2025-12-15,Mon-Th,3,38
14,0.03333333333333333,150.0,3,Mon-Th,1,2025-12-15,Mon-Th,3,38
16,120.0,0.5,3,Mon-Th,1,2025-12-15,Mon-Th,3,38
10,120.0,150.0,3,Mon-Th,1,2025-12-15,Mon-Th,3,38
19,120.0,150.0,3,Mon-Th,1,2025-12-15,Mon-Th,3,38
16,120.0,150.0,3,Mon-Th,1,2025-12-16,Mon-Th,3,36
17,120.0,0.5,3,Mon-Th,1,2025-12-16,Mon-Th,3,36
16,0.03333333333333333,150.0,3,Mon-Th,1,2025-12-16,Mon-Th,3,36
14,120.0,0.5,3,Mon-Th,1,2025-12-16,Mon-Th,3,36
15,0.03333333333333333,150.0,3,Mon-Th,1,2025-12-16,Mon-Th,3,36
12,120.0,0.5,3,Mon-Th,1,2025-12-16,Mon-Th,3,36
16,0.03333333333333333,150.0,3,Mon-Th,1,2025-12-16,Mon-Th,3,36
17,0.03333333333333333,0.5,3,Mon-Th,1,2025-12-16,Mon-Th,3,36
16,0.03333333333333333,0.5,3,Mon-Th,1,2025-12-16,Mon-Th,3,36
16,120.0,0.5,3,Mon-Th,1,2025-12-16,Mon-Th,3,36
12,120.0,0.5,3,Mon-Th,1,2025-12-16,Mon-Th,3,36
3,120.0,0.5,3,Mon-Th,1,2025-12-16,Mon-Th,3,36
16,120.0,0.5,3,Mon-Th,1,2025-12-16,Mon-Th,3,36
16,0.03333333333333333,150.0,3,Mon-Th,1,2025-12-16,Mon-Th,3,36
16,120.0,0.5,3,Mon-Th,1,2025-12-16,Mon-Th,3,36
16,120.0,150.0,3,Mon-Th,1,2025-12-16,Mon-Th,3,36
12,120.0,0.5,3,Mon-Th,1,2025-12-16,Mon-Th,3,36
15,0.03333333333333333,0.5,3,Mon-Th,1,2025-12-16,Mon-Th,3,36
15,120.0,150.0,3,Mon-Th,1,2025-12-16,Mon-Th,3,36
19,120.0,150.0,3,Mon-Th,1,2025-12-16,Mon-Th,3,36
16,120.0,150.0,3,Mon-Th,1,2025-12-16,Mon-Th,3,36
12,120.0,150.0,3,Mon-Th,1,2025-12-16,Mon-Th,3,36
13,0.03333333333333333,0.5,3,Mon-Th,1,2025-12-16,Mon-Th,3,36
16,120.0,150.0,3,Mon-Th,1,2025-12-16,Mon-Th,3,36
12,120.0,0.5,3,Mon-Th,1,2025-12-16,Mon-Th,3,36
16,120.0,150.0,3,Mon-Th,1,2025-12-16,Mon-Th,3,36
22,120.0,0.5,3,Mon-Th,1,2025-12-16,Mon-Th,3,36
16,0.03333333333333333,150.0,3,Mon-Th,1,2025-12-16,Mon-Th,3,36
16,120.0,150.0,3,Mon-Th,1,2025-12-16,Mon-Th,3,36
14,0.03333333333333333,0.5,3,Mon-Th,1,2025-12-16,Mon-Th,3,36
16,120.0,150.0,3,Mon-Th,1,2025-12-16,Mon-Th,3,36
17,0.03333333333333333,150.0,3,Mon-Th,1,2025-12-16,Mon-Th,3,36
13,0.03333333333333333,0.5,3,Mon-Th,1,2025-12-16,Mon-Th,3,36
14,0.03333333333333333,0.5,3,Mon-Th,1,2025-12-16,Mon-Th,3,36
12,120.0,150.0,3,Mon-Th,1,2025-12-16,Mon-Th,3,36
16,120.0,0.5,3,Mon-Th,1,2025-12-16,Mon-Th,3,36
16,0.03333333333333333,0.5,3,Mon-Th,1,2025-12-17,Mon-Th,3,27
12,120.0,150.0,3,Mon-Th,1,2025-12-17,Mon-Th,3,27
21,0.03333333333333333,0.5,3,Mon-Th,1,2025-12-17,Mon-Th,3,27
16,120.0,0.5,3,Mon-Th,1,2025-12-17,Mon-Th,3,27
12,120.0,0.5,3,Mon-Th,1,2025-12-17,Mon-Th,3,27
16,0.03333333333333333,150.0,3,Mon-Th,1,2025-12-17,Mon-Th,3,27
16,0.03333333333333333,150.0,3,Mon-Th,1,2025-12-17,Mon-Th,3,27
15,0.03333333333333333,150.0,3,Mon-Th,1,2025-12-17,Mon-Th,3,27
12,120.0,150.0,3,Mon-Th,1,2025-12-17,Mon-Th,3,27
16,120.0,0.5,3,Mon-Th,1,2025-12-17,Mon-Th,3,27
16,0.03333333333333333,150.0,3,Mon-Th,1,2025-12-17,Mon-Th,3,27
15,0.03333333333333333,0.5,3,Mon-Th,1,2025-12-17,Mon-Th,3,27
16,0.03333333333333333,150.0,3,Mon-Th,1,2025-12-17,Mon-Th,3,27
16,0.03333333333333333,0.5,3,Mon-Th,1,2025-12-17,Mon-Th,3,27
16,120.0,150.0,3,Mon-Th,1,2025-12-17,Mon-Th,3,27
16,120.0,0.5,3,Mon-Th,1,2025-12-17,Mon-Th,3,27
16,0.03333333333333333,150.0,3,Mon-Th,1,2025-12-17,Mon-Th,3,27
20,120.0,0.5,3,Mon-Th,1,2025-12-17,Mon-Th,3,27
16,0.03333333333333333,0.5,3,Mon-Th,1,2025-12-17,Mon-Th,3,27
16,0.03333333333333333,150.0,3,Mon-Th,1,2025-12-17,Mon-Th,3,27
12,0.03333333333333333,0.5,3,Mon-Th,1,2025-12-17,Mon-Th,3,27
21,0.03333333333333333,0.5,3,Mon-Th,1,2025-12-17,Mon-Th,3,27
16,0.03333333333333333,150.0,3,Mon-Th,1,2025-12-17,Mon-Th,3,27
16,0.03333333333333333,150.0,3,Mon-Th,1,2025-12-17,Mon-Th,3,27
12,120.0,0.5,3,Mon-Th,1,2025-12-17,Mon-Th,3,27
16,0.03333333333333333,0.5,3,Mon-Th,1,2025-12-17,Mon-Th,3,27
9,120.0,150.0,3,Mon-Th,1,2025-12-17,Mon-Th,3,27
16,120.0,0.5,3,Mon-Th,1,2025-12-18,Mon-Th,3,30
16,120.0,150.0,3,Mon-Th,1,2025-12-18,Mon-Th,3,30
12,120.0,0.5,3,Mon-Th,1,2025-12-18,Mon-Th,3,30
16,0.03333333333333333,0.5,3,Mon-Th,1,2025-12-18,Mon-Th,3,30
19,120.0,150.0,3,Mon-Th,1,2025-12-18,Mon-Th,3,30
12,120.0,150.0,3,Mon-Th,1,2025-12-18,Mon-Th,3,30
22,120.0,0.5,3,Mon-Th,1,2025-12-18,Mon-Th,3,30
12,120.0,150.0,3,Mon-Th,1,2025-12-18,Mon-Th,3,30
21,0.03333333333333333,150.0,3,Mon-Th,1,2025-12-18,Mon-Th,3,30
16,0.03333333333333333,150.0,3,Mon-Th,1,2025-12-18,Mon-Th,3,30
16,120.0,150.0,3,Mon-Th,1,2025-12-18,Mon-Th,3,30
16,120.0,150.0,3,Mon-Th,1,2025-12-18,Mon-Th,3,30
16,0.03333333333333333,0.5,3,Mon-Th,1,2025-12-18,Mon-Th,3,30
12,120.0,150.0,3,Mon-Th,1,2025-12-18,Mon-Th,3,30
16,0.03333333333333333,150.0,3,Mon-Th,1,2025-12-18,Mon-Th,3,30
12,120.0,150.0,3,Mon-Th,1,2025-12-18,Mon-Th,3,30
16,0.03333333333333333,0.5,3,Mon-Th,1,2025-12-18,Mon-Th,3,30
22,0.03333333333333333,150.0,3,Mon-Th,1,2025-12-18,Mon-Th,3,30
9,120.0,0.5,3,Mon-Th,1,2025-12-18,Mon-Th,3,30
16,0.03333333333333333,150.0,3,Mon-Th,1,2025-12-18,Mon-Th,3,30
16,0.03333333333333333,0.5,3,Mon-Th,1,2025-12-18,Mon-Th,3,30
16,0.03333333333333333,150.0,3,Mon-Th,1,2025-12-18,Mon-Th,3,30
16,0.03333333333333333,0.5,3,Mon-Th,1,2025-12-18,Mon-Th,3,30
19,120.0,0.5,3,Mon-Th,1,2025-12-18,Mon-Th,3,30
20,120.0,0.5,3,Mon-Th,1,2025-12-18,Mon-Th,3,30
14,120.0,0.5,3,Mon-Th,1,2025-12-18,Mon-Th,3,30
12,120.0,0.5,3,Mon-Th,1,2025-12-18,Mon-Th,3,30
16,120.0,0.5,3,Mon-Th,1,2025-12-18,Mon-Th,3,30
12,120.0,150.0,3,Mon-Th,1,2025-12-18,Mon-Th,3,30
18,120.0,0.5,3,Mon-Th,1,2025-12-18,Mon-Th,3,30
19,0.03333333333333333,150.0,3,Friday,1,2025-09-26,Friday,3,27
16,0.03333333333333333,0.5,3,Friday,1,2025-09-26,Friday,3,27
16,120.0,150.0,3,Friday,1,2025-09-26,Friday,3,27
16,0.03333333333333333,0.5,3,Friday,1,2025-09-26,Friday,3,27
17,120.0,150.0,3,Friday,1,2025-09-26,Friday,3,27
16,120.0,150.0,3,Friday,1,2025-09-26,Friday,3,27
16,0.03333333333333333,0.5,3,Friday,1,2025-09-26,Friday,3,27
16,120.0,150.0,3,Friday,1,2025-09-26,Friday,3,27
16,0.03333333333333333,150.0,3,Friday,1,2025-09-26,Friday,3,27
14,0.03333333333333333,0.5,3,Friday,1,2025-09-26,Friday,3,27
16,120.0,150.0,3,Friday,1,2025-09-26,Friday,3,27
17,120.0,150.0,3,Friday,1,2025-09-26,Friday,3,27
16,120.0,150.0,3,Friday,1,2025-09-26,Friday,3,27
22,0.03333333333333333,0.5,3,Friday,1,2025-09-26,Friday,3,27
16,120.0,150.0,3,Friday,1,2025-09-26,Friday,3,27
16,0.03333333333333333,150.0,3,Friday,1,2025-09-26,Friday,3,27
16,0.03333333333333333,150.0,3,Friday,1,2025-09-26,Friday,3,27
16,0.03333333333333333,0.5,3,Friday,1,2025-09-26,Friday,3,27
16,0.03333333333333333,0.5,3,Friday,1,2025-09-26,Friday,3,27
16,120.0,0.5,3,Friday,1,2025-09-26,Friday,3,27
23,120.0,0.5,3,Friday,1,2025-09-26,Friday,3,27
14,0.03333333333333333,150.0,3,Friday,1,2025-09-26,Friday,3,27
17,120.0,0.5,3,Friday,1,2025-09-26,Friday,3,27
13,120.0,150.0,3,Friday,1,2025-09-26,Friday,3,27
12,120.0,150.0,3,Friday,1,2025-09-26,Friday,3,27
20,120.0,0.5,3,Friday,1,2025-09-26,Friday,3,27
16,0.03333333333333333,0.5,3,Friday,1,2025-09-26,Friday,3,27
16,120.0,150.0,3,Friday,1,2025-10-03,Friday,3,23
12,120.0,0.5,3,Friday,1,2025-10-03,Friday,3,23
12,120.0,0.5,3,Friday,1,2025-10-03,Friday,3,23
8,0.03333333333333333,0.5,3,Friday,1,2025-10-03,Friday,3,23
5,120.0,0.5,3,Friday,1,2025-10-03,Friday,3,23
0,0.03333333333333333,0.5,3,Friday,1,2025-10-03,Friday,3,23
14,0.03333333333333333,150.0,3,Friday,1,2025-10-03,Friday,3,23
16,0.03333333333333333,150.0,3,Friday,1,2025-10-03,Friday,3,23
16,0.03333333333333333,0.5,3,Friday,1,2025-10-03,Friday,3,23
17,0.03333333333333333,150.0,3,Friday,1,2025-10-03,Friday,3,23
15,0.03333333333333333,150.0,3,Friday,1,2025-10-03,Friday,3,23
19,0.03333333333333333,0.5,3,Friday,1,2025-10-03,Friday,3,23
16,120.0,0.5,3,Friday,1,2025-10-03,Friday,3,23
16,0.03333333333333333,0.5,3,Friday,1,2025-10-03,Friday,3,23
16,120.0,150.0,3,Friday,1,2025-10-03,Friday,3,23
16,0.03333333333333333,150.0,3,Friday,1,2025-10-03,Friday,3,23
16,0.03333333333333333,0.5,3,Friday,1,2025-10-03,Friday,3,23
22,120.0,150.0,3,Friday,1,2025-10-03,Friday,3,23
13,120.0,150.0,3,Friday,1,2025-10-03,Friday,3,23
12,120.0,0.5,3,Friday,1,2025-10-03,Friday,3,23
16,120.0,150.0,3,Friday,1,2025-10-03,Friday,3,23
16,120.0,150.0,3,Friday,1,2025-10-03,Friday,3,23
16,120.0,150.0,3,Friday,1,2025-10-03,Friday,3,23
20,120.0,0.5,3,Friday,1,2025-10-10,Friday,3,29
12,120.0,150.0,3,Friday,1,2025-10-10,Friday,3,29
16,0.03333333333333333,0.5,3,Friday,1,2025-10-10,Friday,3,29
16,0.03333333333333333,0.5,3,Friday,1,2025-10-10,Friday,3,29
14,0.03333333333333333,0.5,3,Friday,1,2025-10-10,Friday,3,29
10,120.0,0.5,3,Friday,1,2025-10-10,Friday,3,29
16,0.03333333333333333,150.0,3,Friday,1,2025-10-10,Friday,3,29
16,120.0,0.5,3,Friday,1,2025-10-10,Friday,3,29
16,0.03333333333333333,0.5,3,Friday,1,2025-10-10,Friday,3,29
16,0.03333333333333333,150.0,3,Friday,1,2025-10-10,Friday,3,29
16,120.0,0.5,3,Friday,1,2025-10-10,Friday,3,29
1,120.0,150.0,3,Friday,1,2025-10-10,Friday,3,29
16,120.0,0.5,3,Friday,1,2025-10-10,Friday,3,29
11,120.0,0.5,3,Friday,1,2025-10-10,Friday,3,29
13,120.0,0.5,3,Friday,1,2025-10-10,Friday,3,29
16,0.03333333333333333,150.0,3,Friday,1,2025-10-10,Friday,3,29
16,0.03333333333333333,0.5,3,Friday,1,2025-10-10,Friday,3,29
16,0.03333333333333333,0.5,3,Friday,1,2025-10-10,Friday,3,29
16,0.03333333333333333,0.5,3,Friday,1,2025-10-10,Friday,3,29
16,0.03333333333333333,0.5,3,Friday,1,2025-10-10,Friday,3,29
14,0.03333333333333333,0.5,3,Friday,1,2025-10-10,Friday,3,29
12,120.0,150.0,3,Friday,1,2025-10-10,Friday,3,29
19,0.03333333333333333,150.0,3,Friday,1,2025-10-10,Friday,3,29
12,120.0,0.5,3,Friday,1,2025-10-10,Friday,3,29
16,0.03333333333333333,150.0,3,Friday,1,2025-10-10,Friday,3,29
14,0.03333333333333333,150.0,3,Friday,1,2025-10-10,Friday,3,29
16,0.03333333333333333,150.0,3,Friday,1,2025-10-10,Friday,3,29
15,120.0,150.0,3,Friday,1,2025-10-10,Friday,3,29
16,0.03333333333333333,150.0,3,Friday,1,2025-10-10,Friday,3,29
16,120.0,0.5,3,Friday,1,2025-10-17,Friday,3,35
16,0.03333333333333333,150.0,3,Friday,1,2025-10-17,Friday,3,35
21,120.0,150.0,3,Friday,1,2025-10-17,Friday,3,35
16,0.03333333333333333,150.0,3,Friday,1,2025-10-17,Friday,3,35
22,0.03333333333333333,0.5,3,Friday,1,2025-10-17,Friday,3,35
16,0.03333333333333333,150.0,3,Friday,1,2025-10-17,Friday,3,35
22,120.0,0.5,3,Friday,1,2025-10-17,Friday,3,35
16,120.0,150.0,3,Friday,1,2025-10-17,Friday,3,35
14,0.03333333333333333,0.5,3,Friday,1,2025-10-17,Friday,3,35
12,120.0,150.0,3,Friday,1,2025-10-17,Friday,3,35
16,120.0,150.0,3,Friday,1,2025-10-17,Friday,3,35
12,120.0,0.5,3,Friday,1,2025-10-17,Friday,3,35
16,0.03333333333333333,150.0,3,Friday,1,2025-10-17,Friday,3,35
16,120.0,0.5,3,Friday,1,2025-10-17,Friday,3,35
16,120.0,0.5,3,Friday,1,2025-10-17,Friday,3,35
21,0.03333333333333333,0.5,3,Friday,1,2025-10-17,Friday,3,35
14,0.03333333333333333,0.5,3,Friday,1,2025-10-17,Friday,3,35
17,0.03333333333333333,0.5,3,Friday,1,2025-10-17,Friday,3,35
12,120.0,0.5,3,Friday,1,2025-10-17,Friday,3,35
16,120.0,150.0,3,Friday,1,2025-10-17,Friday,3,35
16,120.0,150.0,3,Friday,1,2025-10-17,Friday,3,35
16,120.0,150.0,3,Friday,1,2025-10-17,Friday,3,35
16,0.03333333333333333,0.5,3,Friday,1,2025-10-17,Friday,3,35
14,120.0,150.0,3,Friday,1,2025-10-17,Friday,3,35
16,0.03333333333333333,0.5,3,Friday,1,2025-10-17,Friday,3,35
12,120.0,150.0,3,Friday,1,2025-10-17,Friday,3,35
12,0.03333333333333333,150.0,3,Friday,1,2025-10-17,Friday,3,35
14,0.03333333333333333,0.5,3,Friday,1,2025-10-17,Friday,3,35
16,0.03333333333333333,0.5,3,Friday,1,2025-10-17,Friday,3,35
12,120.0,0.5,3,Friday,1,2025-10-17,Friday,3,35
21,120.0,0.5,3,Friday,1,2025-10-17,Friday,3,35
16,0.03333333333333333,150.0,3,Friday,1,2025-10-17,Friday,3,35
16,0.03333333333333333,0.5,3,Friday,1,2025-10-17,Friday,3,35
16,120.0,0.5,3,Friday,1,2025-10-17,Friday,3,35
12,0.03333333333333333,150.0,3,Friday,1,2025-10-17,Friday,3,35
16,0.03333333333333333,150.0,3,Friday,1,2025-10-24,Friday,3,35
16,0.03333333333333333,0.5,3,Friday,1,2025-10-24,Friday,3,35
16,0.03333333333333333,150.0,3,Friday,1,2025-10-24,Friday,3,35
0,120.0,0.5,3,Friday,1,2025-10-24,Friday,3,35
19,0.03333333333333333,0.5,3,Friday,1,2025-10-24,Friday,3,35
20,120.0,0.5,3,Friday,1,2025-10-24,Friday,3,35
16,120.0,150.0,3,Friday,1,2025-10-24,Friday,3,35
16,120.0,150.0,3,Friday,1,2025-10-24,Friday,3,35
14,120.0,0.5,3,Friday,1,2025-10-24,Friday,3,35
15,0.03333333333333333,0.5,3,Friday,1,2025-10-24,Friday,3,35
23,120.0,150.0,3,Friday,1,2025-10-24,Friday,3,35
3,120.0,150.0,3,Friday,1,2025-10-24,Friday,3,35
16,0.03333333333333333,0.5,3,Friday,1,2025-10-24,Friday,3,35
11,120.0,0.5,3,Friday,1,2025-10-24,Friday,3,35
16,0.03333333333333333,0.5,3,Friday,1,2025-10-24,Friday,3,35
16,120.0,150.0,3,Friday,1,2025-10-24,Friday,3,35
16,120.0,150.0,3,Friday,1,2025-10-24,Friday,3,35
14,0.03333333333333333,150.0,3,Friday,1,2025-10-24,Friday,3,35
16,120.0,150.0,3,Friday,1,2025-10-24,Friday,3,35
16,120.0,0.5,3,Friday,1,2025-10-24,Friday,3,35
19,120.0,0.5,3,Friday,1,2025-10-24,Friday,3,35
16,0.03333333333333333,150.0,3,Friday,1,2025-10-24,Friday,3,35
16,120.0,0.5,3,Friday,1,2025-10-24,Friday,3,35
21,0.03333333333333333,150.0,3,Friday,1,2025-10-24,Friday,3,35
16,0.03333333333333333,150.0,3,Friday,1,2025-10-24,Friday,3,35
21,120.0,0.5,3,Friday,1,2025-10-24,Friday,3,35
11,0.03333333333333333,150.0,3,Friday,1,2025-10-24,Friday,3,35
0,120.0,0.5,3,Friday,1,2025-10-24,Friday,3,35
16,0.03333333333333333,150.0,3,Friday,1,2025-10-24,Friday,3,35
16,0.03333333333333333,0.5,3,Friday,1,2025-10-24,Friday,3,35
12,120.0,150.0,3,Friday,1,2025-10-24,Friday,3,35
16,120.0,150.0,3,Friday,1,2025-10-24,Friday,3,35
23,120.0,0.5,3,Friday,1,2025-10-24,Friday,3,35
21,0.03333333333333333,0.5,3,Friday,1,2025-10-24,Friday,3,35
19,120.0,0.5,3,Friday,1,2025-10-24,Friday,3,35
13,120.0,0.5,3,Friday,1,2025-10-31,Friday,3,30
12,120.0,0.5,3,Friday,1,2025-10-31,Friday,3,30
16,0.03333333333333333,150.0,3,Friday,1,2025-10-31,Friday,3,30
22,0.03333333333333333,150.0,3,Friday,1,2025-10-31,Friday,3,30
16,0.03333333333333333,0.5,3,Friday,1,2025-10-31,Friday,3,30
19,0.03333333333333333,0.5,3,Friday,1,2025-10-31,Friday,3,30
20,120.0,0.5,3,Friday,1,2025-10-31,Friday,3,30
12,120.0,150.0,3,Friday,1,2025-10-31,Friday,3,30
16,0.03333333333333333,0.5,3,Friday,1,2025-10-31,Friday,3,30
16,0.03333333333333333,0.5,3,Friday,1,2025-10-31,Friday,3,30
13,120.0,150.0,3,Friday,1,2025-10-31,Friday,3,30
16,0.03333333333333333,150.0,3,Friday,1,2025-10-31,Friday,3,30
12,0.03333333333333333,150.0,3,Friday,1,2025-10-31,Friday,3,30
16,0.03333333333333333,150.0,3,Friday,1,2025-10-31,Friday,3,30
20,0.03333333333333333,150.0,3,Friday,1,2025-10-31,Friday,3,30
14,0.03333333333333333,0.5,3,Friday,1,2025-10-31,Friday,3,30
2,0.03333333333333333,150.0,3,Friday,1,2025-10-31,Friday,3,30
12,0.03333333333333333,0.5,3,Friday,1,2025-10-31,Friday,3,30
20,120.0,0.5,3,Friday,1,2025-10-31,Friday,3,30
12,120.0,150.0,3,Friday,1,2025-10-31,Friday,3,30
22,0.03333333333333333,0.5,3,Friday,1,2025-10-31,Friday,3,30
16,0.03333333333333333,0.5,3,Friday,1,2025-10-31,Friday,3,30
0,0.03333333333333333,150.0,3,Friday,1,2025-10-31,Friday,3,30
16,0.03333333333333333,0.5,3,Friday,1,2025-10-31,Friday,3,30
16,120.0,150.0,3,Friday,1,2025-10-31,Friday,3,30
16,0.03333333333333333,150.0,3,Friday,1,2025-10-31,Friday,3,30
19,0.03333333333333333,0.5,3,Friday,1,2025-10-31,Friday,3,30
15,120.0,150.0,3,Friday,1,2025-10-31,Friday,3,30
12,120.0,150.0,3,Friday,1,2025-10-31,Friday,3,30
8,120.0,0.5,3,Friday,1,2025-10-31,Friday,3,30
12,120.0,0.5,3,Friday,1,2025-11-07,Friday,3,30
16,0.03333333333333333,0.5,3,Friday,1,2025-11-07,Friday,3,30
16,120.0,0.5,3,Friday,1,2025-11-07,Friday,3,30
14,0.03333333333333333,0.5,3,Friday,1,2025-11-07,Friday,3,30
16,0.03333333333333333,150.0,3,Friday,1,2025-11-07,Friday,3,30
16,0.03333333333333333,0.5,3,Friday,1,2025-11-07,Friday,3,30
3,0.03333333333333333,0.5,3,Friday,1,2025-11-07,Friday,3,30
22,0.03333333333333333,0.5,3,Friday,1,2025-11-07,Friday,3,30
12,120.0,0.5,3,Friday,1,2025-11-07,Friday,3,30
12,120.0,0.5,3,Friday,1,2025-11-07,Friday,3,30
17,0.03333333333333333,0.5,3,Friday,1,2025-11-07,Friday,3,30
0,120.0,150.0,3,Friday,1,2025-11-07,Friday,3,30
16,120.0,150.0,3,Friday,1,2025-11-07,Friday,3,30
16,120.0,0.5,3,Friday,1,2025-11-07,Friday,3,30
16,0.03333333333333333,150.0,3,Friday,1,2025-11-07,Friday,3,30
17,120.0,150.0,3,Friday,1,2025-11-07,Friday,3,30
14,0.03333333333333333,0.5,3,Friday,1,2025-11-07,Friday,3,30
14,0.03333333333333333,0.5,3,Friday,1,2025-11-07,Friday,3,30
16,0.03333333333333333,150.0,3,Friday,1,2025-11-07,Friday,3,30
16,0.03333333333333333,0.5,3,Friday,1,2025-11-07,Friday,3,30
12,120.0,0.5,3,Friday,1,2025-11-07,Friday,3,30
16,0.03333333333333333,0.5,3,Friday,1,2025-11-07,Friday,3,30
14,0.03333333333333333,0.5,3,Friday,1,2025-11-07,Friday,3,30
14,0.03333333333333333,0.5,3,Friday,1,2025-11-07,Friday,3,30
15,120.0,150.0,3,Friday,1,2025-11-07,Friday,3,30
16,0.03333333333333333,0.5,3,Friday,1,2025-11-07,Friday,3,30
17,0.03333333333333333,0.5,3,Friday,1,2025-11-07,Friday,3,30
16,0.03333333333333333,150.0,3,Friday,1,2025-11-07,Friday,3,30
15,120.0,0.5,3,Friday,1,2025-11-07,Friday,3,30
1,120.0,0.5,3,Friday,1,2025-11-07,Friday,3,30
16,120.0,150.0,3,Friday,1,2025-11-14,Friday,3,35
12,0.03333333333333333,0.5,3,Friday,1,2025-11-14,Friday,3,35
22,0.03333333333333333,0.5,3,Friday,1,2025-11-14,Friday,3,35
12,120.0,0.5,3,Friday,1,2025-11-14,Friday,3,35
16,0.03333333333333333,150.0,3,Friday,1,2025-11-14,Friday,3,35
16,120.0,150.0,3,Friday,1,2025-11-14,Friday,3,35
14,120.0,0.5,3,Friday,1,2025-11-14,Friday,3,35
21,120.0,150.0,3,Friday,1,2025-11-14,Friday,3,35
19,0.03333333333333333,150.0,3,Friday,1,2025-11-14,Friday,3,35
22,120.0,0.5,3,Friday,1,2025-11-14,Friday,3,35
18,0.03333333333333333,0.5,3,Friday,1,2025-11-14,Friday,3,35
15,120.0,150.0,3,Friday,1,2025-11-14,Friday,3,35
16,120.0,150.0,3,Friday,1,2025-11-14,Friday,3,35
16,0.03333333333333333,0.5,3,Friday,1,2025-11-14,Friday,3,35
16,0.03333333333333333,0.5,3,Friday,1,2025-11-14,Friday,3,35
16,120.0,150.0,3,Friday,1,2025-11-14,Friday,3,35
16,0.03333333333333333,150.0,3,Friday,1,2025-11-14,Friday,3,35
13,0.03333333333333333,0.5,3,Friday,1,2025-11-14,Friday,3,35
12,120.0,0.5,3,Friday,1,2025-11-14,Friday,3,35
17,0.03333333333333333,150.0,3,Friday,1,2025-11-14,Friday,3,35
16,120.0,0.5,3,Friday,1,2025-11-14,Friday,3,35
16,120.0,0.5,3,Friday,1,2025-11-14,Friday,3,35
18,0.03333333333333333,0.5,3,Friday,1,2025-11-14,Friday,3,35
16,0.03333333333333333,0.5,3,Friday,1,2025-11-14,Friday,3,35
22,120.0,0.5,3,Friday,1,2025-11-14,Friday,3,35
16,0.03333333333333333,0.5,3,Friday,1,2025-11-14,Friday,3,35
16,0.03333333333333333,0.5,3,Friday,1,2025-11-14,Friday,3,35
16,0.03333333333333333,150.0,3,Friday,1,2025-11-14,Friday,3,35
12,120.0,0.5,3,Friday,1,2025-11-14,Friday,3,35
16,0.03333333333333333,0.5,3,Friday,1,2025-11-14,Friday,3,35
20,120.0,0.5,3,Friday,1,2025-11-14,Friday,3,35
14,0.03333333333333333,0.5,3,Friday,1,2025-11-14,Friday,3,35
16,120.0,150.0,3,Friday,1,2025-11-14,Friday,3,35
16,0.03333333333333333,150.0,3,Friday,1,2025-11-14,Friday,3,35
16,0.03333333333333333,0.5,3,Friday,1,2025-11-14,Friday,3,35
15,0.03333333333333333,0.5,3,Friday,1,2025-11-21,Friday,3,30
17,120.0,150.0,3,Friday,1,2025-11-21,Friday,3,30
16,0.03333333333333333,150.0,3,Friday,1,2025-11-21,Friday,3,30
16,0.03333333333333333,150.0,3,Friday,1,2025-11-21,Friday,3,30
11,120.0,0.5,3,Friday,1,2025-11-21,Friday,3,30
16,120.0,0.5,3,Friday,1,2025-11-21,Friday,3,30
21,120.0,0.5,3,Friday,1,2025-11-21,Friday,3,30
14,0.03333333333333333,0.5,3,Friday,1,2025-11-21,Friday,3,30
19,120.0,150.0,3,Friday,1,2025-11-21,Friday,3,30
16,0.03333333333333333,150.0,3,Friday,1,2025-11-21,Friday,3,30
17,120.0,0.5,3,Friday,1,2025-11-21,Friday,3,30
16,0.03333333333333333,150.0,3,Friday,1,2025-11-21,Friday,3,30
19,0.03333333333333333,150.0,3,Friday,1,2025-11-21,Friday,3,30
11,120.0,0.5,3,Friday,1,2025-11-21,Friday,3,30
17,120.0,150.0,3,Friday,1,2025-11-21,Friday,3,30
15,120.0,0.5,3,Friday,1,2025-11-21,Friday,3,30
2,0.03333333333333333,0.5,3,Friday,1,2025-11-21,Friday,3,30
17,120.0,150.0,3,Friday,1,2025-11-21,Friday,3,30
14,0.03333333333333333,0.5,3,Friday,1,2025-11-21,Friday,3,30
12,0.03333333333333333,150.0,3,Friday,1,2025-11-21,Friday,3,30
22,120.0,150.0,3,Friday,1,2025-11-21,Friday,3,30
22,120.0,0.5,3,Friday,1,2025-11-21,Friday,3,30
20,120.0,150.0,3,Friday,1,2025-11-21,Friday,3,30
13,120.0,150.0,3,Friday,1,2025-11-21,Friday,3,30
18,120.0,150.0,3,Friday,1,2025-11-21,Friday,3,30
20,0.03333333333333333,0.5,3,Friday,1,2025-11-21,Friday,3,30
16,0.03333333333333333,150.0,3,Friday,1,2025-11-21,Friday,3,30
22,120.0,150.0,3,Friday,1,2025-11-21,Friday,3,30
16,0.03333333333333333,150.0,3,Friday,1,2025-11-21,Friday,3,30
12,0.03333333333333333,0.5,3,Friday,1,2025-11-21,Friday,3,30
16,0.03333333333333333,0.5,3,Friday,1,2025-11-28,Friday,3,22
19,0.03333333333333333,0.5,3,Friday,1,2025-11-28,Friday,3,22
12,0.03333333333333333,150.0,3,Friday,1,2025-11-28,Friday,3,22
16,120.0,150.0,3,Friday,1,2025-11-28,Friday,3,22
21,0.03333333333333333,0.5,3,Friday,1,2025-11-28,Friday,3,22
16,120.0,150.0,3,Friday,1,2025-11-28,Friday,3,22
0,120.0,0.5,3,Friday,1,2025-11-28,Friday,3,22
22,120.0,0.5,3,Friday,1,2025-11-28,Friday,3,22
16,0.03333333333333333,150.0,3,Friday,1,2025-11-28,Friday,3,22
16,0.03333333333333333,0.5,3,Friday,1,2025-11-28,Friday,3,22
13,0.03333333333333333,0.5,3,Friday,1,2025-11-28,Friday,3,22
18,0.03333333333333333,150.0,3,Friday,1,2025-11-28,Friday,3,22
17,120.0,0.5,3,Friday,1,2025-11-28,Friday,3,22
16,0.03333333333333333,0.5,3,Friday,1,2025-11-28,Friday,3,22
9,120.0,150.0,3,Friday,1,2025-11-28,Friday,3,22
17,0.03333333333333333,0.5,3,Friday,1,2025-11-28,Friday,3,22
19,0.03333333333333333,0.5,3,Friday,1,2025-11-28,Friday,3,22
12,120.0,0.5,3,Friday,1,2025-11-28,Friday,3,22
7,0.03333333333333333,150.0,3,Friday,1,2025-11-28,Friday,3,22
12,0.03333333333333333,0.5,3,Friday,1,2025-11-28,Friday,3,22
16,120.0,150.0,3,Friday,1,2025-11-28,Friday,3,22
22,0.03333333333333333,0.5,3,Friday,1,2025-11-28,Friday,3,22
16,0.03333333333333333,0.5,3,Friday,1,2025-12-05,Friday,3,30
14,0.03333333333333333,0.5,3,Friday,1,2025-12-05,Friday,3,30
15,120.0,150.0,3,Friday,1,2025-12-05,Friday,3,30
16,0.03333333333333333,150.0,3,Friday,1,2025-12-05,Friday,3,30
18,120.0,0.5,3,Friday,1,2025-12-05,Friday,3,30
12,120.0,150.0,3,Friday,1,2025-12-05,Friday,3,30
19,0.03333333333333333,0.5,3,Friday,1,2025-12-05,Friday,3,30
12,120.0,150.0,3,Friday,1,2025-12-05,Friday,3,30
14,0.03333333333333333,150.0,3,Friday,1,2025-12-05,Friday,3,30
12,120.0,150.0,3,Friday,1,2025-12-05,Friday,3,30
16,0.03333333333333333,150.0,3,Friday,1,2025-12-05,Friday,3,30
21,0.03333333333333333,0.5,3,Friday,1,2025-12-05,Friday,3,30
18,120.0,0.5,3,Friday,1,2025-12-05,Friday,3,30
16,0.03333333333333333,150.0,3,Friday,1,2025-12-05,Friday,3,30
19,120.0,0.5,3,Friday,1,2025-12-05,Friday,3,30
16,0.03333333333333333,150.0,3,Friday,1,2025-12-05,Friday,3,30
16,120.0,150.0,3,Friday,1,2025-12-05,Friday,3,30
16,0.03333333333333333,150.0,3,Friday,1,2025-12-05,Friday,3,30
19,0.03333333333333333,0.5,3,Friday,1,2025-12-05,Friday,3,30
16,0.03333333333333333,0.5,3,Friday,1,2025-12-05,Friday,3,30
17,120.0,150.0,3,Friday,1,2025-12-05,Friday,3,30
14,0.03333333333333333,0.5,3,Friday,1,2025-12-05,Friday,3,30
16,120.0,0.5,3,Friday,1,2025-12-05,Friday,3,30
12,120.0,0.5,3,Friday,1,2025-12-05,Friday,3,30
20,120.0,0.5,3,Friday,1,2025-12-05,Friday,3,30
16,120.0,0.5,3,Friday,1,2025-12-05,Friday,3,30
12,120.0,0.5,3,Friday,1,2025-12-05,Friday,3,30
14,0.03333333333333333,0.5,3,Friday,1,2025-12-05,Friday,3,30
15,120.0,150.0,3,Friday,1,2025-12-05,Friday,3,30
12,120.0,0.5,3,Friday,1,2025-12-05,Friday,3,30
16,120.0,150.0,3,Friday,1,2025-12-12,Friday,3,15
17,120.0,0.5,3,Friday,1,2025-12-12,Friday,3,15
19,0.03333333333333333,150.0,3,Friday,1,2025-12-12,Friday,3,15
12,120.0,150.0,3,Friday,1,2025-12-12,Friday,3,15
16,0.03333333333333333,150.0,3,Friday,1,2025-12-12,Friday,3,15
22,120.0,150.0,3,Friday,1,2025-12-12,Friday,3,15
11,120.0,0.5,3,Friday,1,2025-12-12,Friday,3,15
12,120.0,150.0,3,Friday,1,2025-12-12,Friday,3,15
14,0.03333333333333333,150.0,3,Friday,1,2025-12-12,Friday,3,15
22,120.0,150.0,3,Friday,1,2025-12-12,Friday,3,15
16,0.03333333333333333,150.0,3,Friday,1,2025-12-12,Friday,3,15
16,0.03333333333333333,0.5,3,Friday,1,2025-12-12,Friday,3,15
16,120.0,150.0,3,Friday,1,2025-12-12,Friday,3,15
16,0.03333333333333333,150.0,3,Friday,1,2025-12-12,Friday,3,15
14,120.0,150.0,3,Friday,1,2025-12-12,Friday,3,15
12,120.0,150.0,3,Friday,1,2025-12-19,Friday,3,25
16,0.03333333333333333,150.0,3,Friday,1,2025-12-19,Friday,3,25
16,120.0,0.5,3,Friday,1,2025-12-19,Friday,3,25
16,0.03333333333333333,150.0,3,Friday,1,2025-12-19,Friday,3,25
16,0.03333333333333333,0.5,3,Friday,1,2025-12-19,Friday,3,25
16,0.03333333333333333,0.5,3,Friday,1,2025-12-19,Friday,3,25
16,0.03333333333333333,150.0,3,Friday,1,2025-12-19,Friday,3,25
16,120.0,150.0,3,Friday,1,2025-12-19,Friday,3,25
15,0.03333333333333333,150.0,3,Friday,1,2025-12-19,Friday,3,25
10,120.0,0.5,3,Friday,1,2025-12-19,Friday,3,25
16,120.0,0.5,3,Friday,1,2025-12-19,Friday,3,25
16,120.0,0.5,3,Friday,1,2025-12-19,Friday,3,25
18,120.0,0.5,3,Friday,1,2025-12-19,Friday,3,25
15,120.0,150.0,3,Friday,1,2025-12-19,Friday,3,25
14,120.0,0.5,3,Friday,1,2025-12-19,Friday,3,25
16,0.03333333333333333,150.0,3,Friday,1,2025-12-19,Friday,3,25
12,0.03333333333333333,150.0,3,Friday,1,2025-12-19,Friday,3,25
17,120.0,0.5,3,Friday,1,2025-12-19,Friday,3,25
21,0.03333333333333333,150.0,3,Friday,1,2025-12-19,Friday,3,25
18,120.0,0.5,3,Friday,1,2025-12-19,Friday,3,25
18,120.0,0.5,3,Friday,1,2025-12-19,Friday,3,25
21,0.03333333333333333,0.5,3,Friday,1,2025-12-19,Friday,3,25
16,0.03333333333333333,0.5,3,Friday,1,2025-12-19,Friday,3,25
16,0.03333333333333333,150.0,3,Friday,1,2025-12-19,Friday,3,25
14,0.03333333333333333,150.0,3,Friday,1,2025-12-19,Friday,3,25
11,0.03333333333333333,150.0,3,Saturday,1,2025-09-27,Saturday,3,26
21,120.0,0.5,3,Saturday,1,2025-09-27,Saturday,3,26
17,120.0,150.0,3,Saturday,1,2025-09-27,Saturday,3,26
11,120.0,0.5,3,Saturday,1,2025-09-27,Saturday,3,26
12,120.0,0.5,3,Saturday,1,2025-09-27,Saturday,3,26
14,120.0,0.5,3,Saturday,1,2025-09-27,Saturday,3,26
12,120.0,150.0,3,Saturday,1,2025-09-27,Saturday,3,26
19,120.0,150.0,3,Saturday,1,2025-09-27,Saturday,3,26
16,120.0,0.5,3,Saturday,1,2025-09-27,Saturday,3,26
16,120.0,150.0,3,Saturday,1,2025-09-27,Saturday,3,26
17,0.03333333333333333,0.5,3,Saturday,1,2025-09-27,Saturday,3,26
16,120.0,150.0,3,Saturday,1,2025-09-27,Saturday,3,26
16,0.03333333333333333,0.5,3,Saturday,1,2025-09-27,Saturday,3,26
8,0.03333333333333333,150.0,3,Saturday,1,2025-09-27,Saturday,3,26
16,0.03333333333333333,0.5,3,Saturday,1,2025-09-27,Saturday,3,26
17,120.0,0.5,3,Saturday,1,2025-09-27,Saturday,3,26
16,120.0,0.5,3,Saturday,1,2025-09-27,Saturday,3,26
23,0.03333333333333333,0.5,3,Saturday,1,2025-09-27,Saturday,3,26
15,120.0,150.0,3,Saturday,1,2025-09-27,Saturday,3,26
16,120.0,150.0,3,Saturday,1,2025-09-27,Saturday,3,26
12,120.0,150.0,3,Saturday,1,2025-09-27,Saturday,3,26
16,0.03333333333333333,0.5,3,Saturday,1,2025-09-27,Saturday,3,26
16,0.03333333333333333,150.0,3,Saturday,1,2025-09-27,Saturday,3,26
11,0.03333333333333333,0.5,3,Saturday,1,2025-09-27,Saturday,3,26
11,120.0,0.5,3,Saturday,1,2025-09-27,Saturday,3,26
16,0.03333333333333333,0.5,3,Saturday,1,2025-09-27,Saturday,3,26
16,0.03333333333333333,150.0,3,Saturday,1,2025-10-04,Saturday,3,28
23,0.03333333333333333,0.5,3,Saturday,1,2025-10-04,Saturday,3,28
15,120.0,0.5,3,Saturday,1,2025-10-04,Saturday,3,28
1,0.03333333333333333,0.5,3,Saturday,1,2025-10-04,Saturday,3,28
16,120.0,150.0,3,Saturday,1,2025-10-04,Saturday,3,28
17,0.03333333333333333,0.5,3,Saturday,1,2025-10-04,Saturday,3,28
19,0.03333333333333333,0.5,3,Saturday,1,2025-10-04,Saturday,3,28
12,120.0,150.0,3,Saturday,1,2025-10-04,Saturday,3,28
16,120.0,150.0,3,Saturday,1,2025-10-04,Saturday,3,28
16,120.0,150.0,3,Saturday,1,2025-10-04,Saturday,3,28
16,120.0,0.5,3,Saturday,1,2025-10-04,Saturday,3,28
16,0.03333333333333333,150.0,3,Saturday,1,2025-10-04,Saturday,3,28
19,120.0,0.5,3,Saturday,1,2025-10-04,Saturday,3,28
16,0.03333333333333333,150.0,3,Saturday,1,2025-10-04,Saturday,3,28
0,0.03333333333333333,150.0,3,Saturday,1,2025-10-04,Saturday,3,28
15,0.03333333333333333,0.5,3,Saturday,1,2025-10-04,Saturday,3,28
20,0.03333333333333333,0.5,3,Saturday,1,2025-10-04,Saturday,3,28
18,0.03333333333333333,0.5,3,Saturday,1,2025-10-04,Saturday,3,28
14,0.03333333333333333,0.5,3,Saturday,1,2025-10-04,Saturday,3,28
16,0.03333333333333333,150.0,3,Saturday,1,2025-10-04,Saturday,3,28
16,0.03333333333333333,150.0,3,Saturday,1,2025-10-04,Saturday,3,28
15,0.03333333333333333,0.5,3,Saturday,1,2025-10-04,Saturday,3,28
16,120.0,150.0,3,Saturday,1,2025-10-04,Saturday,3,28
22,0.03333333333333333,0.5,3,Saturday,1,2025-10-04,Saturday,3,28
16,120.0,0.5,3,Saturday,1,2025-10-04,Saturday,3,28
16,120.0,150.0,3,Saturday,1,2025-10-04,Saturday,3,28
16,120.0,150.0,3,Saturday,1,2025-10-04,Saturday,3,28
17,0.03333333333333333,0.5,3,Saturday,1,2025-10-04,Saturday,3,28
14,0.03333333333333333,0.5,3,Saturday,1,2025-10-11,Saturday,3,22
16,0.03333333333333333,0.5,3,Saturday,1,2025-10-11,Saturday,3,22
10,0.03333333333333333,0.5,3,Saturday,1,2025-10-11,Saturday,3,22
16,0.03333333333333333,150.0,3,Saturday,1,2025-10-11,Saturday,3,22
23,0.03333333333333333,0.5,3,Saturday,1,2025-10-11,Saturday,3,22
16,120.0,150.0,3,Saturday,1,2025-10-11,Saturday,3,22
16,120.0,0.5,3,Saturday,1,2025-10-11,Saturday,3,22
16,0.03333333333333333,150.0,3,Saturday,1,2025-10-11,Saturday,3,22
16,0.03333333333333333,0.5,3,Saturday,1,2025-10-11,Saturday,3,22
16,0.03333333333333333,150.0,3,Saturday,1,2025-10-11,Saturday,3,22
20,120.0,150.0,3,Saturday,1,2025-10-11,Saturday,3,22
23,0.03333333333333333,0.5,3,Saturday,1,2025-10-11,Saturday,3,22
1,0.03333333333333333,0.5,3,Saturday,1,2025-10-11,Saturday,3,22
16,0.03333333333333333,150.0,3,Saturday,1,2025-10-11,Saturday,3,22
16,120.0,150.0,3,Saturday,1,2025-10-11,Saturday,3,22
23,0.03333333333333333,0.5,3,Saturday,1,2025-10-11,Saturday,3,22
16,0.03333333333333333,150.0,3,Saturday,1,2025-10-11,Saturday,3,22
23,120.0,150.0,3,Saturday,1,2025-10-11,Saturday,3,22
12,120.0,0.5,3,Saturday,1,2025-10-11,Saturday,3,22
17,0.03333333333333333,150.0,3,Saturday,1,2025-10-11,Saturday,3,22
16,120.0,150.0,3,Saturday,1,2025-10-11,Saturday,3,22
16,120.0,0.5,3,Saturday,1,2025-10-11,Saturday,3,22
16,120.0,150.0,3,Saturday,1,2025-10-18,Saturday,3,28
15,120.0,0.5,3,Saturday,1,2025-10-18,Saturday,3,28
16,120.0,150.0,3,Saturday,1,2025-10-18,Saturday,3,28
12,120.0,150.0,3,Saturday,1,2025-10-18,Saturday,3,28
12,120.0,150.0,3,Saturday,1,2025-10-18,Saturday,3,28
12,120.0,150.0,3,Saturday,1,2025-10-18,Saturday,3,28
12,0.03333333333333333,0.5,3,Saturday,1,2025-10-18,Saturday,3,28
16,0.03333333333333333,150.0,3,Saturday,1,2025-10-18,Saturday,3,28
16,0.03333333333333333,0.5,3,Saturday,1,2025-10-18,Saturday,3,28
7,0.03333333333333333,150.0,3,Saturday,1,2025-10-18,Saturday,3,28
16,120.0,0.5,3,Saturday,1,2025-10-18,Saturday,3,28
16,0.03333333333333333,0.5,3,Saturday,1,2025-10-18,Saturday,3,28
16,0.03333333333333333,0.5,3,Saturday,1,2025-10-18,Saturday,3,28
16,0.03333333333333333,0.5,3,Saturday,1,2025-10-18,Saturday,3,28
16,120.0,150.0,3,Saturday,1,2025-10-18,Saturday,3,28
17,120.0,0.5,3,Saturday,1,2025-10-18,Saturday,3,28
7,0.03333333333333333,0.5,3,Saturday,1,2025-10-18,Saturday,3,28
19,120.0,0.5,3,Saturday,1,2025-10-18,Saturday,3,28
16,0.03333333333333333,150.0,3,Saturday,1,2025-10-18,Saturday,3,28
17,0.03333333333333333,0.5,3,Saturday,1,2025-10-18,Saturday,3,28
15,0.03333333333333333,0.5,3,Saturday,1,2025-10-18,Saturday,3,28
14,0.03333333333333333,0.5,3,Saturday,1,2025-10-18,Saturday,3,28
16,120.0,150.0,3,Saturday,1,2025-10-18,Saturday,3,28
16,120.0,0.5,3,Saturday,1,2025-10-18,Saturday,3,28
18,0.03333333333333333,0.5,3,Saturday,1,2025-10-18,Saturday,3,28
15,0.03333333333333333,150.0,3,Saturday,1,2025-10-18,Saturday,3,28
16,120.0,0.5,3,Saturday,1,2025-10-18,Saturday,3,28
16,0.03333333333333333,0.5,3,Saturday,1,2025-10-18,Saturday,3,28
17,0.03333333333333333,0.5,3,Saturday,1,2025-10-25,Saturday,3,26
20,120.0,0.5,3,Saturday,1,2025-10-25,Saturday,3,26
15,120.0,0.5,3,Saturday,1,2025-10-25,Saturday,3,26
20,120.0,0.5,3,Saturday,1,2025-10-25,Saturday,3,26
15,120.0,0.5,3,Saturday,1,2025-10-25,Saturday,3,26
20,120.0,0.5,3,Saturday,1,2025-10-25,Saturday,3,26
16,120.0,150.0,3,Saturday,1,2025-10-25,Saturday,3,26
12,0.03333333333333333,0.5,3,Saturday,1,2025-10-25,Saturday,3,26
16,0.03333333333333333,0.5,3,Saturday,1,2025-10-25,Saturday,3,26
16,120.0,150.0,3,Saturday,1,2025-10-25,Saturday,3,26
18,0.03333333333333333,0.5,3,Saturday,1,2025-10-25,Saturday,3,26
3,120.0,0.5,3,Saturday,1,2025-10-25,Saturday,3,26
16,0.03333333333333333,0.5,3,Saturday,1,2025-10-25,Saturday,3,26
14,120.0,0.5,3,Saturday,1,2025-10-25,Saturday,3,26
17,120.0,0.5,3,Saturday,1,2025-10-25,Saturday,3,26
16,120.0,150.0,3,Saturday,1,2025-10-25,Saturday,3,26
0,0.03333333333333333,150.0,3,Saturday,1,2025-10-25,Saturday,3,26
16,120.0,150.0,3,Saturday,1,2025-10-25,Saturday,3,26
22,0.03333333333333333,0.5,3,Saturday,1,2025-10-25,Saturday,3,26
21,0.03333333333333333,150.0,3,Saturday,1,2025-10-25,Saturday,3,26
13,0.03333333333333333,0.5,3,Saturday,1,2025-10-25,Saturday,3,26
14,0.03333333333333333,150.0,3,Saturday,1,2025-10-25,Saturday,3,26
16,120.0,0.5,3,Saturday,1,2025-10-25,Saturday,3,26
16,120.0,150.0,3,Saturday,1,2025-10-25,Saturday,3,26
16,0.03333333333333333,150.0,3,Saturday,1,2025-10-25,Saturday,3,26
16,0.03333333333333333,0.5,3,Saturday,1,2025-10-25,Saturday,3,26
14,0.03333333333333333,0.5,3,Saturday,1,2025-11-01,Saturday,3,31
12,0.03333333333333333,0.5,3,Saturday,1,2025-11-01,Saturday,3,31
17,120.0,0.5,3,Saturday,1,2025-11-01,Saturday,3,31
16,120.0,150.0,3,Saturday,1,2025-11-01,Saturday,3,31
21,0.03333333333333333,150.0,3,Saturday,1,2025-11-01,Saturday,3,31
12,120.0,0.5,3,Saturday,1,2025-11-01,Saturday,3,31
16,120.0,150.0,3,Saturday,1,2025-11-01,Saturday,3,31
15,120.0,0.5,3,Saturday,1,2025-11-01,Saturday,3,31
20,0.03333333333333333,0.5,3,Saturday,1,2025-11-01,Saturday,3,31
15,0.03333333333333333,150.0,3,Saturday,1,2025-11-01,Saturday,3,31
14,0.03333333333333333,150.0,3,Saturday,1,2025-11-01,Saturday,3,31
12,120.0,0.5,3,Saturday,1,2025-11-01,Saturday,3,31
16,0.03333333333333333,150.0,3,Saturday,1,2025-11-01,Saturday,3,31
11,120.0,0.5,3,Saturday,1,2025-11-01,Saturday,3,31
14,0.03333333333333333,0.5,3,Saturday,1,2025-11-01,Saturday,3,31
16,0.03333333333333333,150.0,3,Saturday,1,2025-11-01,Saturday,3,31
16,120.0,0.5,3,Saturday,1,2025-11-01,Saturday,3,31
21,0.03333333333333333,0.5,3,Saturday,1,2025-11-01,Saturday,3,31
17,0.03333333333333333,0.5,3,Saturday,1,2025-11-01,Saturday,3,31
15,0.03333333333333333,0.5,3,Saturday,1,2025-11-01,Saturday,3,31
12,120.0,0.5,3,Saturday,1,2025-11-01,Saturday,3,31
12,120.0,150.0,3,Saturday,1,2025-11-01,Saturday,3,31
16,0.03333333333333333,150.0,3,Saturday,1,2025-11-01,Saturday,3,31
19,120.0,0.5,3,Saturday,1,2025-11-01,Saturday,3,31
16,120.0,0.5,3,Saturday,1,2025-11-01,Saturday,3,31
16,0.03333333333333333,150.0,3,Saturday,1,2025-11-01,Saturday,3,31
23,120.0,0.5,3,Saturday,1,2025-11-01,Saturday,3,31
17,120.0,150.0,3,Saturday,1,2025-11-01,Saturday,3,31
16,120.0,0.5,3,Saturday,1,2025-11-01,Saturday,3,31
16,0.03333333333333333,0.5,3,Saturday,1,2025-11-01,Saturday,3,31
22,0.03333333333333333,0.5,3,Saturday,1,2025-11-01,Saturday,3,31
14,0.03333333333333333,0.5,3,Saturday,1,2025-11-08,Saturday,3,34
16,0.03333333333333333,150.0,3,Saturday,1,2025-11-08,Saturday,3,34
16,0.03333333333333333,0.5,3,Saturday,1,2025-11-08,Saturday,3,34
16,120.0,0.5,3,Saturday,1,2025-11-08,Saturday,3,34
15,0.03333333333333333,0.5,3,Saturday,1,2025-11-08,Saturday,3,34
19,0.03333333333333333,150.0,3,Saturday,1,2025-11-08,Saturday,3,34
12,120.0,0.5,3,Saturday,1,2025-11-08,Saturday,3,34
20,0.03333333333333333,150.0,3,Saturday,1,2025-11-08,Saturday,3,34
0,0.03333333333333333,0.5,3,Saturday,1,2025-11-08,Saturday,3,34
16,120.0,150.0,3,Saturday,1,2025-11-08,Saturday,3,34
16,120.0,150.0,3,Saturday,1,2025-11-08,Saturday,3,34
16,120.0,150.0,3,Saturday,1,2025-11-08,Saturday,3,34
14,0.03333333333333333,0.5,3,Saturday,1,2025-11-08,Saturday,3,34
12,120.0,150.0,3,Saturday,1,2025-11-08,Saturday,3,34
17,0.03333333333333333,150.0,3,Saturday,1,2025-11-08,Saturday,3,34
21,120.0,0.5,3,Saturday,1,2025-11-08,Saturday,3,34
16,0.03333333333333333,150.0,3,Saturday,1,2025-11-08,Saturday,3,34
14,0.03333333333333333,0.5,3,Saturday,1,2025-11-08,Saturday,3,34
16,120.0,150.0,3,Saturday,1,2025-11-08,Saturday,3,34
16,120.0,150.0,3,Saturday,1,2025-11-08,Saturday,3,34
12,120.0,0.5,3,Saturday,1,2025-11-08,Saturday,3,34
19,0.03333333333333333,0.5,3,Saturday,1,2025-11-08,Saturday,3,34
3,0.03333333333333333,0.5,3,Saturday,1,2025-11-08,Saturday,3,34
16,0.03333333333333333,0.5,3,Saturday,1,2025-11-08,Saturday,3,34
17,120.0,150.0,3,Saturday,1,2025-11-08,Saturday,3,34
21,120.0,0.5,3,Saturday,1,2025-11-08,Saturday,3,34
16,120.0,150.0,3,Saturday,1,2025-11-08,Saturday,3,34
17,0.03333333333333333,0.5,3,Saturday,1,2025-11-08,Saturday,3,34
12,120.0,0.5,3,Saturday,1,2025-11-08,Saturday,3,34
17,0.03333333333333333,0.5,3,Saturday,1,2025-11-08,Saturday,3,34
16,120.0,150.0,3,Saturday,1,2025-11-08,Saturday,3,34
22,120.0,150.0,3,Saturday,1,2025-11-08,Saturday,3,34
16,0.03333333333333333,150.0,3,Saturday,1,2025-11-08,Saturday,3,34
12,120.0,150.0,3,Saturday,1,2025-11-08,Saturday,3,34
20,0.03333333333333333,0.5,3,Saturday,1,2025-11-15,Saturday,3,17
14,0.03333333333333333,0.5,3,Saturday,1,2025-11-15,Saturday,3,17
16,120.0,0.5,3,Saturday,1,2025-11-15,Saturday,3,17
16,0.03333333333333333,150.0,3,Saturday,1,2025-11-15,Saturday,3,17
21,0.03333333333333333,0.5,3,Saturday,1,2025-11-15,Saturday,3,17
16,0.03333333333333333,0.5,3,Saturday,1,2025-11-15,Saturday,3,17
16,120.0,0.5,3,Saturday,1,2025-11-15,Saturday,3,17
15,0.03333333333333333,0.5,3,Saturday,1,2025-11-15,Saturday,3,17
12,120.0,0.5,3,Saturday,1,2025-11-15,Saturday,3,17
14,0.03333333333333333,0.5,3,Saturday,1,2025-11-15,Saturday,3,17
4,0.03333333333333333,150.0,3,Saturday,1,2025-11-15,Saturday,3,17
17,0.03333333333333333,150.0,3,Saturday,1,2025-11-15,Saturday,3,17
16,0.03333333333333333,0.5,3,Saturday,1,2025-11-15,Saturday,3,17
16,0.03333333333333333,150.0,3,Saturday,1,2025-11-15,Saturday,3,17
16,120.0,0.5,3,Saturday,1,2025-11-15,Saturday,3,17
16,0.03333333333333333,150.0,3,Saturday,1,2025-11-15,Saturday,3,17
16,0.03333333333333333,150.0,3,Saturday,1,2025-11-15,Saturday,3,17
17,120.0,0.5,3,Saturday,1,2025-11-22,Saturday,3,13
16,120.0,0.5,3,Saturday,1,2025-11-22,Saturday,3,13
15,0.03333333333333333,0.5,3,Saturday,1,2025-11-22,Saturday,3,13
16,120.0,150.0,3,Saturday,1,2025-11-22,Saturday,3,13
13,120.0,150.0,3,Saturday,1,2025-11-22,Saturday,3,13
23,120.0,0.5,3,Saturday,1,2025-11-22,Saturday,3,13
13,120.0,150.0,3,Saturday,1,2025-11-22,Saturday,3,13
18,120.0,150.0,3,Saturday,1,2025-11-22,Saturday,3,13
16,0.03333333333333333,150.0,3,Saturday,1,2025-11-22,Saturday,3,13
16,120.0,0.5,3,Saturday,1,2025-11-22,Saturday,3,13
16,120.0,150.0,3,Saturday,1,2025-11-22,Saturday,3,13
14,0.03333333333333333,150.0,3,Saturday,1,2025-11-22,Saturday,3,13
17,0.03333333333333333,150.0,3,Saturday,1,2025-11-22,Saturday,3,13
22,120.0,0.5,3,Saturday,1,2025-11-29,Saturday,3,29
11,120.0,0.5,3,Saturday,1,2025-11-29,Saturday,3,29
21,120.0,0.5,3,Saturday,1,2025-11-29,Saturday,3,29
16,0.03333333333333333,150.0,3,Saturday,1,2025-11-29,Saturday,3,29
21,120.0,150.0,3,Saturday,1,2025-11-29,Saturday,3,29
12,0.03333333333333333,0.5,3,Saturday,1,2025-11-29,Saturday,3,29
12,120.0,150.0,3,Saturday,1,2025-11-29,Saturday,3,29
19,120.0,150.0,3,Saturday,1,2025-11-29,Saturday,3,29
12,120.0,0.5,3,Saturday,1,2025-11-29,Saturday,3,29
21,0.03333333333333333,0.5,3,Saturday,1,2025-11-29,Saturday,3,29
16,120.0,150.0,3,Saturday,1,2025-11-29,Saturday,3,29
10,0.03333333333333333,150.0,3,Saturday,1,2025-11-29,Saturday,3,29
19,0.03333333333333333,0.5,3,Saturday,1,2025-11-29,Saturday,3,29
16,0.03333333333333333,0.5,3,Saturday,1,2025-11-29,Saturday,3,29
16,0.03333333333333333,150.0,3,Saturday,1,2025-11-29,Saturday,3,29
12,120.0,0.5,3,Saturday,1,2025-11-29,Saturday,3,29
8,0.03333333333333333,0.5,3,Saturday,1,2025-11-29,Saturday,3,29
17,120.0,150.0,3,Saturday,1,2025-11-29,Saturday,3,29
16,0.03333333333333333,150.0,3,Saturday,1,2025-11-29,Saturday,3,29
16,0.03333333333333333,0.5,3,Saturday,1,2025-11-29,Saturday,3,29
16,0.03333333333333333,0.5,3,Saturday,1,2025-11-29,Saturday,3,29
14,0.03333333333333333,150.0,3,Saturday,1,2025-11-29,Saturday,3,29
21,120.0,150.0,3,Saturday,1,2025-11-29,Saturday,3,29
12,120.0,150.0,3,Saturday,1,2025-11-29,Saturday,3,29
16,0.03333333333333333,150.0,3,Saturday,1,2025-11-29,Saturday,3,29
0,120.0,150.0,3,Saturday,1,2025-11-29,Saturday,3,29
20,120.0,0.5,3,Saturday,1,2025-11-29,Saturday,3,29
20,120.0,150.0,3,Saturday,1,2025-11-29,Saturday,3,29
4,0.03333333333333333,150.0,3,Saturday,1,2025-11-29,Saturday,3,29
16,0.03333333333333333,0.5,3,Saturday,1,2025-12-06,Saturday,3,28
14,0.03333333333333333,150.0,3,Saturday,1,2025-12-06,Saturday,3,28
16,0.03333333333333333,150.0,3,Saturday,1,2025-12-06,Saturday,3,28
12,120.0,0.5,3,Saturday,1,2025-12-06,Saturday,3,28
16,120.0,150.0,3,Saturday,1,2025-12-06,Saturday,3,28
16,120.0,0.5,3,Saturday,1,2025-12-06,Saturday,3,28
23,120.0,150.0,3,Saturday,1,2025-12-06,Saturday,3,28
16,120.0,150.0,3,Saturday,1,2025-12-06,Saturday,3,28
17,0.03333333333333333,150.0,3,Saturday,1,2025-12-06,Saturday,3,28
18,120.0,150.0,3,Saturday,1,2025-12-06,Saturday,3,28
12,120.0,0.5,3,Saturday,1,2025-12-06,Saturday,3,28
16,0.03333333333333333,150.0,3,Saturday,1,2025-12-06,Saturday,3,28
12,120.0,150.0,3,Saturday,1,2025-12-06,Saturday,3,28
16,0.03333333333333333,150.0,3,Saturday,1,2025-12-06,Saturday,3,28
16,120.0,150.0,3,Saturday,1,2025-12-06,Saturday,3,28
16,120.0,0.5,3,Saturday,1,2025-12-06,Saturday,3,28
16,0.03333333333333333,0.5,3,Saturday,1,2025-12-06,Saturday,3,28
20,120.0,150.0,3,Saturday,1,2025-12-06,Saturday,3,28
12,120.0,150.0,3,Saturday,1,2025-12-06,Saturday,3,28
12,120.0,0.5,3,Saturday,1,2025-12-06,Saturday,3,28
16,0.03333333333333333,0.5,3,Saturday,1,2025-12-06,Saturday,3,28
20,0.03333333333333333,0.5,3,Saturday,1,2025-12-06,Saturday,3,28
13,0.03333333333333333,150.0,3,Saturday,1,2025-12-06,Saturday,3,28
20,0.03333333333333333,0.5,3,Saturday,1,2025-12-06,Saturday,3,28
13,120.0,0.5,3,Saturday,1,2025-12-06,Saturday,3,28
16,0.03333333333333333,150.0,3,Saturday,1,2025-12-06,Saturday,3,28
19,120.0,0.5,3,Saturday,1,2025-12-06,Saturday,3,28
22,0.03333333333333333,150.0,3,Saturday,1,2025-12-06,Saturday,3,28
12,120.0,150.0,3,Saturday,1,2025-12-13,Saturday,3,24
21,0.03333333333333333,0.5,3,Saturday,1,2025-12-13,Saturday,3,24
12,120.0,0.5,3,Saturday,1,2025-12-13,Saturday,3,24
16,120.0,150.0,3,Saturday,1,2025-12-13,Saturday,3,24
16,120.0,150.0,3,Saturday,1,2025-12-13,Saturday,3,24
16,0.03333333333333333,0.5,3,Saturday,1,2025-12-13,Saturday,3,24
16,0.03333333333333333,150.0,3,Saturday,1,2025-12-13,Saturday,3,24
16,0.03333333333333333,150.0,3,Saturday,1,2025-12-13,Saturday,3,24
16,120.0,150.0,3,Saturday,1,2025-12-13,Saturday,3,24
15,120.0,0.5,3,Saturday,1,2025-12-13,Saturday,3,24
12,120.0,0.5,3,Saturday,1,2025-12-13,Saturday,3,24
16,0.03333333333333333,150.0,3,Saturday,1,2025-12-13,Saturday,3,24
16,120.0,0.5,3,Saturday,1,2025-12-13,Saturday,3,24
13,0.03333333333333333,0.5,3,Saturday,1,2025-12-13,Saturday,3,24
20,120.0,150.0,3,Saturday,1,2025-12-13,Saturday,3,24
12,120.0,150.0,3,Saturday,1,2025-12-13,Saturday,3,24
14,0.03333333333333333,150.0,3,Saturday,1,2025-12-13,Saturday,3,24
12,120.0,150.0,3,Saturday,1,2025-12-13,Saturday,3,24
20,0.03333333333333333,0.5,3,Saturday,1,2025-12-13,Saturday,3,24
16,120.0,0.5,3,Saturday,1,2025-12-13,Saturday,3,24
14,0.03333333333333333,0.5,3,Saturday,1,2025-12-13,Saturday,3,24
12,120.0,0.5,3,Saturday,1,2025-12-13,Saturday,3,24
16,0.03333333333333333,0.5,3,Saturday,1,2025-12-13,Saturday,3,24
16,0.03333333333333333,0.5,3,Saturday,1,2025-12-13,Saturday,3,24
16,0.03333333333333333,150.0,3,Saturday,1,2025-12-20,Saturday,3,24
17,120.0,0.5,3,Saturday,1,2025-12-20,Saturday,3,24
16,0.03333333333333333,0.5,3,Saturday,1,2025-12-20,Saturday,3,24
20,120.0,150.0,3,Saturday,1,2025-12-20,Saturday,3,24
18,0.03333333333333333,0.5,3,Saturday,1,2025-12-20,Saturday,3,24
21,0.03333333333333333,0.5,3,Saturday,1,2025-12-20,Saturday,3,24
20,120.0,150.0,3,Saturday,1,2025-12-20,Saturday,3,24
16,0.03333333333333333,0.5,3,Saturday,1,2025-12-20,Saturday,3,24
0,120.0,0.5,3,Saturday,1,2025-12-20,Saturday,3,24
20,0.03333333333333333,150.0,3,Saturday,1,2025-12-20,Saturday,3,24
16,0.03333333333333333,150.0,3,Saturday,1,2025-12-20,Saturday,3,24
14,0.03333333333333333,0.5,3,Saturday,1,2025-12-20,Saturday,3,24
16,0.03333333333333333,0.5,3,Saturday,1,2025-12-20,Saturday,3,24
14,0.03333333333333333,0.5,3,Saturday,1,2025-12-20,Saturday,3,24
16,120.0,0.5,3,Saturday,1,2025-12-20,Saturday,3,24
17,120.0,0.5,3,Saturday,1,2025-12-20,Saturday,3,24
11,0.03333333333333333,0.5,3,Saturday,1,2025-12-20,Saturday,3,24
16,120.0,0.5,3,Saturday,1,2025-12-20,Saturday,3,24
17,120.0,150.0,3,Saturday,1,2025-12-20,Saturday,3,24
17,120.0,150.0,3,Saturday,1,2025-12-20,Saturday,3,24
22,120.0,0.5,3,Saturday,1,2025-12-20,Saturday,3,24
16,120.0,150.0,3,Saturday,1,2025-12-20,Saturday,3,24
16,0.03333333333333333,150.0,3,Saturday,1,2025-12-20,Saturday,3,24
18,0.03333333333333333,0.5,3,Saturday,1,2025-12-20,Saturday,3,24
16,120.0,0.5,3,Sunday,1,2025-09-28,Sunday,3,17
11,0.03333333333333333,150.0,3,Sunday,1,2025-09-28,Sunday,3,17
17,0.03333333333333333,0.5,3,Sunday,1,2025-09-28,Sunday,3,17
16,120.0,150.0,3,Sunday,1,2025-09-28,Sunday,3,17
14,120.0,150.0,3,Sunday,1,2025-09-28,Sunday,3,17
16,0.03333333333333333,0.5,3,Sunday,1,2025-09-28,Sunday,3,17
16,120.0,0.5,3,Sunday,1,2025-09-28,Sunday,3,17
20,120.0,0.5,3,Sunday,1,2025-09-28,Sunday,3,17
22,0.03333333333333333,150.0,3,Sunday,1,2025-09-28,Sunday,3,17
11,0.03333333333333333,150.0,3,Sunday,1,2025-09-28,Sunday,3,17
18,120.0,0.5,3,Sunday,1,2025-09-28,Sunday,3,17
16,0.03333333333333333,0.5,3,Sunday,1,2025-09-28,Sunday,3,17
17,120.0,0.5,3,Sunday,1,2025-09-28,Sunday,3,17
16,120.0,0.5,3,Sunday,1,2025-09-28,Sunday,3,17
16,0.03333333333333333,150.0,3,Sunday,1,2025-09-28,Sunday,3,17
16,0.03333333333333333,150.0,3,Sunday,1,2025-09-28,Sunday,3,17
21,0.03333333333333333,0.5,3,Sunday,1,2025-09-28,Sunday,3,17
17,0.03333333333333333,0.5,3,Sunday,1,2025-10-05,Sunday,3,21
12,120.0,0.5,3,Sunday,1,2025-10-05,Sunday,3,21
12,120.0,150.0,3,Sunday,1,2025-10-05,Sunday,3,21
1,0.03333333333333333,150.0,3,Sunday,1,2025-10-05,Sunday,3,21
16,0.03333333333333333,0.5,3,Sunday,1,2025-10-05,Sunday,3,21
19,0.03333333333333333,150.0,3,Sunday,1,2025-10-05,Sunday,3,21
16,120.0,0.5,3,Sunday,1,2025-10-05,Sunday,3,21
16,120.0,150.0,3,Sunday,1,2025-10-05,Sunday,3,21
22,0.03333333333333333,0.5,3,Sunday,1,2025-10-05,Sunday,3,21
16,0.03333333333333333,0.5,3,Sunday,1,2025-10-05,Sunday,3,21
13,120.0,150.0,3,Sunday,1,2025-10-05,Sunday,3,21
16,0.03333333333333333,150.0,3,Sunday,1,2025-10-05,Sunday,3,21
16,120.0,0.5,3,Sunday,1,2025-10-05,Sunday,3,21
13,0.03333333333333333,0.5,3,Sunday,1,2025-10-05,Sunday,3,21
16,0.03333333333333333,150.0,3,Sunday,1,2025-10-05,Sunday,3,21
17,0.03333333333333333,0.5,3,Sunday,1,2025-10-05,Sunday,3,21
16,0.03333333333333333,0.5,3,Sunday,1,2025-10-05,Sunday,3,21
16,0.03333333333333333,0.5,3,Sunday,1,2025-10-05,Sunday,3,21
14,120.0,0.5,3,Sunday,1,2025-10-05,Sunday,3,21
22,120.0,0.5,3,Sunday,1,2025-10-05,Sunday,3,21
12,0.03333333333333333,150.0,3,Sunday,1,2025-10-05,Sunday,3,21
16,0.03333333333333333,0.5,3,Sunday,1,2025-10-12,Sunday,3,28
16,0.03333333333333333,0.5,3,Sunday,1,2025-10-12,Sunday,3,28
16,0.03333333333333333,150.0,3,Sunday,1,2025-10-12,Sunday,3,28
16,0.03333333333333333,0.5,3,Sunday,1,2025-10-12,Sunday,3,28
12,120.0,150.0,3,Sunday,1,2025-10-12,Sunday,3,28
16,0.03333333333333333,0.5,3,Sunday,1,2025-10-12,Sunday,3,28
16,120.0,150.0,3,Sunday,1,2025-10-12,Sunday,3,28
16,0.03333333333333333,150.0,3,Sunday,1,2025-10-12,Sunday,3,28
21,0.03333333333333333,150.0,3,Sunday,1,2025-10-12,Sunday,3,28
11,0.03333333333333333,0.5,3,Sunday,1,2025-10-12,Sunday,3,28
19,120.0,0.5,3,Sunday,1,2025-10-12,Sunday,3,28
12,120.0,0.5,3,Sunday,1,2025-10-12,Sunday,3,28
12,0.03333333333333333,0.5,3,Sunday,1,2025-10-12,Sunday,3,28
7,0.03333333333333333,0.5,3,Sunday,1,2025-10-12,Sunday,3,28
16,0.03333333333333333,0.5,3,Sunday,1,2025-10-12,Sunday,3,28
16,120.0,150.0,3,Sunday,1,2025-10-12,Sunday,3,28
17,120.0,150.0,3,Sunday,1,2025-10-12,Sunday,3,28
17,0.03333333333333333,0.5,3,Sunday,1,2025-10-12,Sunday,3,28
15,0.03333333333333333,0.5,3,Sunday,1,2025-10-12,Sunday,3,28
15,0.03333333333333333,0.5,3,Sunday,1,2025-10-12,Sunday,3,28
16,0.03333333333333333,0.5,3,Sunday,1,2025-10-12,Sunday,3,28
16,0.03333333333333333,0.5,3,Sunday,1,2025-10-12,Sunday,3,28
12,0.03333333333333333,0.5,3,Sunday,1,2025-10-12,Sunday,3,28
16,0.03333333333333333,150.0,3,Sunday,1,2025-10-12,Sunday,3,28
16,120.0,0.5,3,Sunday,1,2025-10-12,Sunday,3,28
18,0.03333333333333333,150.0,3,Sunday,1,2025-10-12,Sunday,3,28
12,0.03333333333333333,150.0,3,Sunday,1,2025-10-12,Sunday,3,28
17,0.03333333333333333,0.5,3,Sunday,1,2025-10-12,Sunday,3,28
16,0.03333333333333333,150.0,3,Sunday,1,2025-10-19,Sunday,3,29
15,120.0,150.0,3,Sunday,1,2025-10-19,Sunday,3,29
20,120.0,0.5,3,Sunday,1,2025-10-19,Sunday,3,29
2,0.03333333333333333,0.5,3,Sunday,1,2025-10-19,Sunday,3,29
16,120.0,0.5,3,Sunday,1,2025-10-19,Sunday,3,29
16,0.03333333333333333,150.0,3,Sunday,1,2025-10-19,Sunday,3,29
17,120.0,150.0,3,Sunday,1,2025-10-19,Sunday,3,29
17,120.0,150.0,3,Sunday,1,2025-10-19,Sunday,3,29
16,120.0,0.5,3,Sunday,1,2025-10-19,Sunday,3,29
16,120.0,0.5,3,Sunday,1,2025-10-19,Sunday,3,29
21,120.0,150.0,3,Sunday,1,2025-10-19,Sunday,3,29
16,0.03333333333333333,0.5,3,Sunday,1,2025-10-19,Sunday,3,29
16,0.03333333333333333,0.5,3,Sunday,1,2025-10-19,Sunday,3,29
16,120.0,0.5,3,Sunday,1,2025-10-19,Sunday,3,29
22,120.0,0.5,3,Sunday,1,2025-10-19,Sunday,3,29
12,0.03333333333333333,0.5,3,Sunday,1,2025-10-19,Sunday,3,29
17,120.0,150.0,3,Sunday,1,2025-10-19,Sunday,3,29
17,120.0,150.0,3,Sunday,1,2025-10-19,Sunday,3,29
19,120.0,0.5,3,Sunday,1,2025-10-19,Sunday,3,29
16,120.0,0.5,3,Sunday,1,2025-10-19,Sunday,3,29
16,120.0,0.5,3,Sunday,1,2025-10-19,Sunday,3,29
16,0.03333333333333333,150.0,3,Sunday,1,2025-10-19,Sunday,3,29
16,0.03333333333333333,150.0,3,Sunday,1,2025-10-19,Sunday,3,29
20,120.0,0.5,3,Sunday,1,2025-10-19,Sunday,3,29
23,0.03333333333333333,150.0,3,Sunday,1,2025-10-19,Sunday,3,29
16,0.03333333333333333,0.5,3,Sunday,1,2025-10-19,Sunday,3,29
15,0.03333333333333333,0.5,3,Sunday,1,2025-10-19,Sunday,3,29
13,120.0,0.5,3,Sunday,1,2025-10-19,Sunday,3,29
7,120.0,0.5,3,Sunday,1,2025-10-19,Sunday,3,29
12,120.0,0.5,3,Sunday,1,2025-10-26,Sunday,3,37
16,0.03333333333333333,150.0,3,Sunday,1,2025-10-26,Sunday,3,37
19,0.03333333333333333,150.0,3,Sunday,1,2025-10-26,Sunday,3,37
12,120.0,0.5,3,Sunday,1,2025-10-26,Sunday,3,37
16,0.03333333333333333,0.5,3,Sunday,1,2025-10-26,Sunday,3,37
16,120.0,150.0,3,Sunday,1,2025-10-26,Sunday,3,37
16,0.03333333333333333,0.5,3,Sunday,1,2025-10-26,Sunday,3,37
21,0.03333333333333333,0.5,3,Sunday,1,2025-10-26,Sunday,3,37
19,120.0,0.5,3,Sunday,1,2025-10-26,Sunday,3,37
22,120.0,0.5,3,Sunday,1,2025-10-26,Sunday,3,37
16,0.03333333333333333,150.0,3,Sunday,1,2025-10-26,Sunday,3,37
4,0.03333333333333333,150.0,3,Sunday,1,2025-10-26,Sunday,3,37
16,120.0,150.0,3,Sunday,1,2025-10-26,Sunday,3,37
16,0.03333333333333333,0.5,3,Sunday,1,2025-10-26,Sunday,3,37
16,120.0,150.0,3,Sunday,1,2025-10-26,Sunday,3,37
16,120.0,0.5,3,Sunday,1,2025-10-26,Sunday,3,37
16,0.03333333333333333,0.5,3,Sunday,1,2025-10-26,Sunday,3,37
16,0.03333333333333333,150.0,3,Sunday,1,2025-10-26,Sunday,3,37
17,0.03333333333333333,150.0,3,Sunday,1,2025-10-26,Sunday,3,37
19,0.03333333333333333,150.0,3,Sunday,1,2025-10-26,Sunday,3,37
16,0.03333333333333333,150.0,3,Sunday,1,2025-10-26,Sunday,3,37
12,120.0,150.0,3,Sunday,1,2025-10-26,Sunday,3,37
0,120.0,0.5,3,Sunday,1,2025-10-26,Sunday,3,37
12,120.0,150.0,3,Sunday,1,2025-10-26,Sunday,3,37
16,120.0,150.0,3,Sunday,1,2025-10-26,Sunday,3,37
16,0.03333333333333333,150.0,3,Sunday,1,2025-10-26,Sunday,3,37
21,0.03333333333333333,150.0,3,Sunday,1,2025-10-26,Sunday,3,37
14,0.03333333333333333,0.5,3,Sunday,1,2025-10-26,Sunday,3,37
16,0.03333333333333333,0.5,3,Sunday,1,2025-10-26,Sunday,3,37
12,0.03333333333333333,0.5,3,Sunday,1,2025-10-26,Sunday,3,37
12,120.0,150.0,3,Sunday,1,2025-10-26,Sunday,3,37
12,120.0,0.5,3,Sunday,1,2025-10-26,Sunday,3,37
16,120.0,0.5,3,Sunday,1,2025-10-26,Sunday,3,37
12,120.0,150.0,3,Sunday,1,2025-10-26,Sunday,3,37
16,0.03333333333333333,0.5,3,Sunday,1,2025-10-26,Sunday,3,37
12,0.03333333333333333,150.0,3,Sunday,1,2025-10-26,Sunday,3,37
21,120.0,0.5,3,Sunday,1,2025-10-26,Sunday,3,37
1,0.03333333333333333,0.5,3,Sunday,1,2025-11-02,Sunday,3,39
19,120.0,0.5,3,Sunday,1,2025-11-02,Sunday,3,39
16,0.03333333333333333,0.5,3,Sunday,1,2025-11-02,Sunday,3,39
14,0.03333333333333333,150.0,3,Sunday,1,2025-11-02,Sunday,3,39
16,0.03333333333333333,150.0,3,Sunday,1,2025-11-02,Sunday,3,39
16,120.0,0.5,3,Sunday,1,2025-11-02,Sunday,3,39
16,0.03333333333333333,150.0,3,Sunday,1,2025-11-02,Sunday,3,39
16,120.0,150.0,3,Sunday,1,2025-11-02,Sunday,3,39
14,120.0,150.0,3,Sunday,1,2025-11-02,Sunday,3,39
12,120.0,150.0,3,Sunday,1,2025-11-02,Sunday,3,39
12,120.0,0.5,3,Sunday,1,2025-11-02,Sunday,3,39
12,120.0,0.5,3,Sunday,1,2025-11-02,Sunday,3,39
16,0.03333333333333333,150.0,3,Sunday,1,2025-11-02,Sunday,3,39
13,120.0,150.0,3,Sunday,1,2025-11-02,Sunday,3,39
23,0.03333333333333333,0.5,3,Sunday,1,2025-11-02,Sunday,3,39
14,0.03333333333333333,150.0,3,Sunday,1,2025-11-02,Sunday,3,39
12,120.0,0.5,3,Sunday,1,2025-11-02,Sunday,3,39
16,120.0,0.5,3,Sunday,1,2025-11-02,Sunday,3,39
16,120.0,150.0,3,Sunday,1,2025-11-02,Sunday,3,39
16,120.0,150.0,3,Sunday,1,2025-11-02,Sunday,3,39
16,0.03333333333333333,0.5,3,Sunday,1,2025-11-02,Sunday,3,39
14,0.03333333333333333,150.0,3,Sunday,1,2025-11-02,Sunday,3,39
15,0.03333333333333333,150.0,3,Sunday,1,2025-11-02,Sunday,3,39
16,0.03333333333333333,0.5,3,Sunday,1,2025-11-02,Sunday,3,39
13,120.0,0.5,3,Sunday,1,2025-11-02,Sunday,3,39
18,120.0,0.5,3,Sunday,1,2025-11-02,Sunday,3,39
16,120.0,150.0,3,Sunday,1,2025-11-02,Sunday,3,39
12,120.0,150.0,3,Sunday,1,2025-11-02,Sunday,3,39
16,120.0,150.0,3,Sunday,1,2025-11-02,Sunday,3,39
20,120.0,0.5,3,Sunday,1,2025-11-02,Sunday,3,39
18,120.0,150.0,3,Sunday,1,2025-11-02,Sunday,3,39
16,0.03333333333333333,150.0,3,Sunday,1,2025-11-02,Sunday,3,39
10,0.03333333333333333,0.5,3,Sunday,1,2025-11-02,Sunday,3,39
12,120.0,150.0,3,Sunday,1,2025-11-02,Sunday,3,39
5,120.0,0.5,3,Sunday,1,2025-11-02,Sunday,3,39
11,0.03333333333333333,0.5,3,Sunday,1,2025-11-02,Sunday,3,39
1,0.03333333333333333,0.5,3,Sunday,1,2025-11-02,Sunday,3,39
13,120.0,0.5,3,Sunday,1,2025-11-02,Sunday,3,39
12,0.03333333333333333,0.5,3,Sunday,1,2025-11-02,Sunday,3,39
16,0.03333333333333333,150.0,3,Sunday,1,2025-11-09,Sunday,3,22
16,120.0,150.0,3,Sunday,1,2025-11-09,Sunday,3,22
7,0.03333333333333333,0.5,3,Sunday,1,2025-11-09,Sunday,3,22
21,120.0,0.5,3,Sunday,1,2025-11-09,Sunday,3,22
22,0.03333333333333333,150.0,3,Sunday,1,2025-11-09,Sunday,3,22
16,0.03333333333333333,0.5,3,Sunday,1,2025-11-09,Sunday,3,22
14,0.03333333333333333,0.5,3,Sunday,1,2025-11-09,Sunday,3,22
14,0.03333333333333333,150.0,3,Sunday,1,2025-11-09,Sunday,3,22
22,120.0,150.0,3,Sunday,1,2025-11-09,Sunday,3,22
16,120.0,150.0,3,Sunday,1,2025-11-09,Sunday,3,22
16,0.03333333333333333,0.5,3,Sunday,1,2025-11-09,Sunday,3,22
16,120.0,150.0,3,Sunday,1,2025-11-09,Sunday,3,22
21,120.0,150.0,3,Sunday,1,2025-11-09,Sunday,3,22
16,0.03333333333333333,0.5,3,Sunday,1,2025-11-09,Sunday,3,22
16,120.0,150.0,3,Sunday,1,2025-11-09,Sunday,3,22
16,0.03333333333333333,0.5,3,Sunday,1,2025-11-09,Sunday,3,22
16,0.03333333333333333,0.5,3,Sunday,1,2025-11-09,Sunday,3,22
12,120.0,0.5,3,Sunday,1,2025-11-09,Sunday,3,22
14,0.03333333333333333,0.5,3,Sunday,1,2025-11-09,Sunday,3,22
17,0.03333333333333333,0.5,3,Sunday,1,2025-11-09,Sunday,3,22
12,0.03333333333333333,150.0,3,Sunday,1,2025-11-09,Sunday,3,22
16,120.0,150.0,3,Sunday,1,2025-11-09,Sunday,3,22
12,120.0,0.5,3,Sunday,1,2025-11-16,Sunday,3,34
20,120.0,0.5,3,Sunday,1,2025-11-16,Sunday,3,34
22,120.0,0.5,3,Sunday,1,2025-11-16,Sunday,3,34
16,120.0,0.5,3,Sunday,1,2025-11-16,Sunday,3,34
12,120.0,0.5,3,Sunday,1,2025-11-16,Sunday,3,34
14,0.03333333333333333,0.5,3,Sunday,1,2025-11-16,Sunday,3,34
16,0.03333333333333333,150.0,3,Sunday,1,2025-11-16,Sunday,3,34
15,0.03333333333333333,150.0,3,Sunday,1,2025-11-16,Sunday,3,34
17,0.03333333333333333,0.5,3,Sunday,1,2025-11-16,Sunday,3,34
18,0.03333333333333333,0.5,3,Sunday,1,2025-11-16,Sunday,3,34
22,0.03333333333333333,0.5,3,Sunday,1,2025-11-16,Sunday,3,34
12,0.03333333333333333,0.5,3,Sunday,1,2025-11-16,Sunday,3,34
9,0.03333333333333333,0.5,3,Sunday,1,2025-11-16,Sunday,3,34
16,0.03333333333333333,150.0,3,Sunday,1,2025-11-16,Sunday,3,34
22,0.03333333333333333,0.5,3,Sunday,1,2025-11-16,Sunday,3,34
16,120.0,150.0,3,Sunday,1,2025-11-16,Sunday,3,34
16,0.03333333333333333,0.5,3,Sunday,1,2025-11-16,Sunday,3,34
12,120.0,0.5,3,Sunday,1,2025-11-16,Sunday,3,34
16,0.03333333333333333,150.0,3,Sunday,1,2025-11-16,Sunday,3,34
12,120.0,150.0,3,Sunday,1,2025-11-16,Sunday,3,34
12,120.0,150.0,3,Sunday,1,2025-11-16,Sunday,3,34
0,120.0,0.5,3,Sunday,1,2025-11-16,Sunday,3,34
3,0.03333333333333333,0.5,3,Sunday,1,2025-11-16,Sunday,3,34
13,120.0,0.5,3,Sunday,1,2025-11-16,Sunday,3,34
15,120.0,150.0,3,Sunday,1,2025-11-16,Sunday,3,34
19,120.0,0.5,3,Sunday,1,2025-11-16,Sunday,3,34
12,120.0,0.5,3,Sunday,1,2025-11-16,Sunday,3,34
11,0.03333333333333333,150.0,3,Sunday,1,2025-11-16,Sunday,3,34
14,120.0,0.5,3,Sunday,1,2025-11-16,Sunday,3,34
16,120.0,0.5,3,Sunday,1,2025-11-16,Sunday,3,34
20,120.0,0.5,3,Sunday,1,2025-11-16,Sunday,3,34
12,120.0,150.0,3,Sunday,1,2025-11-16,Sunday,3,34
15,0.03333333333333333,150.0,3,Sunday,1,2025-11-16,Sunday,3,34
16,0.03333333333333333,0.5,3,Sunday,1,2025-11-16,Sunday,3,34
17,0.03333333333333333,0.5,3,Sunday,1,2025-11-23,Sunday,3,32
16,120.0,150.0,3,Sunday,1,2025-11-23,Sunday,3,32
12,120.0,150.0,3,Sunday,1,2025-11-23,Sunday,3,32
16,120.0,150.0,3,Sunday,1,2025-11-23,Sunday,3,32
17,120.0,150.0,3,Sunday,1,2025-11-23,Sunday,3,32
16,0.03333333333333333,0.5,3,Sunday,1,2025-11-23,Sunday,3,32
16,120.0,0.5,3,Sunday,1,2025-11-23,Sunday,3,32
11,120.0,150.0,3,Sunday,1,2025-11-23,Sunday,3,32
23,0.03333333333333333,150.0,3,Sunday,1,2025-11-23,Sunday,3,32
16,0.03333333333333333,0.5,3,Sunday,1,2025-11-23,Sunday,3,32
16,0.03333333333333333,150.0,3,Sunday,1,2025-11-23,Sunday,3,32
16,0.03333333333333333,150.0,3,Sunday,1,2025-11-23,Sunday,3,32
16,0.03333333333333333,0.5,3,Sunday,1,2025-11-23,Sunday,3,32
16,0.03333333333333333,0.5,3,Sunday,1,2025-11-23,Sunday,3,32
16,0.03333333333333333,150.0,3,Sunday,1,2025-11-23,Sunday,3,32
1,0.03333333333333333,0.5,3,Sunday,1,2025-11-23,Sunday,3,32
16,0.03333333333333333,150.0,3,Sunday,1,2025-11-23,Sunday,3,32
16,0.03333333333333333,0.5,3,Sunday,1,2025-11-23,Sunday,3,32
12,0.03333333333333333,150.0,3,Sunday,1,2025-11-23,Sunday,3,32
14,120.0,0.5,3,Sunday,1,2025-11-23,Sunday,3,32
21,0.03333333333333333,0.5,3,Sunday,1,2025-11-23,Sunday,3,32
16,0.03333333333333333,150.0,3,Sunday,1,2025-11-23,Sunday,3,32
16,0.03333333333333333,150.0,3,Sunday,1,2025-11-23,Sunday,3,32
16,0.03333333333333333,0.5,3,Sunday,1,2025-11-23,Sunday,3,32
12,120.0,150.0,3,Sunday,1,2025-11-23,Sunday,3,32
17,120.0,0.5,3,Sunday,1,2025-11-23,Sunday,3,32
23,0.03333333333333333,150.0,3,Sunday,1,2025-11-23,Sunday,3,32
16,120.0,0.5,3,Sunday,1,2025-11-23,Sunday,3,32
16,120.0,150.0,3,Sunday,1,2025-11-23,Sunday,3,32
15,0.03333333333333333,150.0,3,Sunday,1,2025-11-23,Sunday,3,32
2,0.03333333333333333,0.5,3,Sunday,1,2025-11-23,Sunday,3,32
22,120.0,0.5,3,Sunday,1,2025-11-23,Sunday,3,32
17,120.0,0.5,3,Sunday,1,2025-11-30,Sunday,3,37
20,0.03333333333333333,0.5,3,Sunday,1,2025-11-30,Sunday,3,37
19,0.03333333333333333,0.5,3,Sunday,1,2025-11-30,Sunday,3,37
16,120.0,150.0,3,Sunday,1,2025-11-30,Sunday,3,37
16,120.0,150.0,3,Sunday,1,2025-11-30,Sunday,3,37
16,0.03333333333333333,150.0,3,Sunday,1,2025-11-30,Sunday,3,37
15,120.0,150.0,3,Sunday,1,2025-11-30,Sunday,3,37
20,0.03333333333333333,0.5,3,Sunday,1,2025-11-30,Sunday,3,37
16,0.03333333333333333,0.5,3,Sunday,1,2025-11-30,Sunday,3,37
16,0.03333333333333333,0.5,3,Sunday,1,2025-11-30,Sunday,3,37
16,120.0,150.0,3,Sunday,1,2025-11-30,Sunday,3,37
12,120.0,0.5,3,Sunday,1,2025-11-30,Sunday,3,37
12,0.03333333333333333,150.0,3,Sunday,1,2025-11-30,Sunday,3,37
16,0.03333333333333333,150.0,3,Sunday,1,2025-11-30,Sunday,3,37
18,0.03333333333333333,150.0,3,Sunday,1,2025-11-30,Sunday,3,37
18,0.03333333333333333,150.0,3,Sunday,1,2025-11-30,Sunday,3,37
12,120.0,150.0,3,Sunday,1,2025-11-30,Sunday,3,37
16,120.0,150.0,3,Sunday,1,2025-11-30,Sunday,3,37
16,0.03333333333333333,150.0,3,Sunday,1,2025-11-30,Sunday,3,37
14,0.03333333333333333,150.0,3,Sunday,1,2025-11-30,Sunday,3,37
16,0.03333333333333333,0.5,3,Sunday,1,2025-11-30,Sunday,3,37
16,0.03333333333333333,150.0,3,Sunday,1,2025-11-30,Sunday,3,37
16,0.03333333333333333,0.5,3,Sunday,1,2025-11-30,Sunday,3,37
16,120.0,150.0,3,Sunday,1,2025-11-30,Sunday,3,37
19,120.0,0.5,3,Sunday,1,2025-11-30,Sunday,3,37
16,0.03333333333333333,0.5,3,Sunday,1,2025-11-30,Sunday,3,37
20,120.0,0.5,3,Sunday,1,2025-11-30,Sunday,3,37
21,120.0,0.5,3,Sunday,1,2025-11-30,Sunday,3,37
7,0.03333333333333333,0.5,3,Sunday,1,2025-11-30,Sunday,3,37
16,0.03333333333333333,0.5,3,Sunday,1,2025-11-30,Sunday,3,37
16,0.03333333333333333,150.0,3,Sunday,1,2025-11-30,Sunday,3,37
16,120.0,150.0,3,Sunday,1,2025-11-30,Sunday,3,37
15,0.03333333333333333,0.5,3,Sunday,1,2025-11-30,Sunday,3,37
16,0.03333333333333333,0.5,3,Sunday,1,2025-11-30,Sunday,3,37
18,0.03333333333333333,0.5,3,Sunday,1,2025-11-30,Sunday,3,37
16,120.0,150.0,3,Sunday,1,2025-11-30,Sunday,3,37
16,0.03333333333333333,0.5,3,Sunday,1,2025-11-30,Sunday,3,37
17,120.0,0.5,3,Sunday,1,2025-12-07,Sunday,3,32
14,0.03333333333333333,0.5,3,Sunday,1,2025-12-07,Sunday,3,32
14,120.0,0.5,3,Sunday,1,2025-12-07,Sunday,3,32
14,0.03333333333333333,0.5,3,Sunday,1,2025-12-07,Sunday,3,32
19,120.0,0.5,3,Sunday,1,2025-12-07,Sunday,3,32
20,0.03333333333333333,150.0,3,Sunday,1,2025-12-07,Sunday,3,32
12,120.0,0.5,3,Sunday,1,2025-12-07,Sunday,3,32
16,0.03333333333333333,0.5,3,Sunday,1,2025-12-07,Sunday,3,32
20,0.03333333333333333,0.5,3,Sunday,1,2025-12-07,Sunday,3,32
16,120.0,0.5,3,Sunday,1,2025-12-07,Sunday,3,32
22,120.0,0.5,3,Sunday,1,2025-12-07,Sunday,3,32
19,120.0,0.5,3,Sunday,1,2025-12-07,Sunday,3,32
16,120.0,150.0,3,Sunday,1,2025-12-07,Sunday,3,32
12,120.0,150.0,3,Sunday,1,2025-12-07,Sunday,3,32
22,0.03333333333333333,0.5,3,Sunday,1,2025-12-07,Sunday,3,32
15,0.03333333333333333,0.5,3,Sunday,1,2025-12-07,Sunday,3,32
22,120.0,150.0,3,Sunday,1,2025-12-07,Sunday,3,32
16,0.03333333333333333,150.0,3,Sunday,1,2025-12-07,Sunday,3,32
16,120.0,150.0,3,Sunday,1,2025-12-07,Sunday,3,32
20,0.03333333333333333,0.5,3,Sunday,1,2025-12-07,Sunday,3,32
16,0.03333333333333333,0.5,3,Sunday,1,2025-12-07,Sunday,3,32
14,0.03333333333333333,0.5,3,Sunday,1,2025-12-07,Sunday,3,32
10,120.0,150.0,3,Sunday,1,2025-12-07,Sunday,3,32
12,120.0,150.0,3,Sunday,1,2025-12-07,Sunday,3,32
16,120.0,0.5,3,Sunday,1,2025-12-07,Sunday,3,32
16,0.03333333333333333,0.5,3,Sunday,1,2025-12-07,Sunday,3,32
16,0.03333333333333333,0.5,3,Sunday,1,2025-12-07,Sunday,3,32
16,0.03333333333333333,150.0,3,Sunday,1,2025-12-07,Sunday,3,32
12,0.03333333333333333,150.0,3,Sunday,1,2025-12-07,Sunday,3,32
20,0.03333333333333333,0.5,3,Sunday,1,2025-12-07,Sunday,3,32
16,0.03333333333333333,150.0,3,Sunday,1,2025-12-07,Sunday,3,32
19,0.03333333333333333,0.5,3,Sunday,1,2025-12-07,Sunday,3,32
16,0.03333333333333333,150.0,3,Sunday,1,2025-12-14,Sunday,3,31
16,0.03333333333333333,0.5,3,Sunday,1,2025-12-14,Sunday,3,31
21,0.03333333333333333,0.5,3,Sunday,1,2025-12-14,Sunday,3,31
15,0.03333333333333333,0.5,3,Sunday,1,2025-12-14,Sunday,3,31
11,120.0,0.5,3,Sunday,1,2025-12-14,Sunday,3,31
12,120.0,0.5,3,Sunday,1,2025-12-14,Sunday,3,31
14,0.03333333333333333,0.5,3,Sunday,1,2025-12-14,Sunday,3,31
17,0.03333333333333333,150.0,3,Sunday,1,2025-12-14,Sunday,3,31
16,0.03333333333333333,0.5,3,Sunday,1,2025-12-14,Sunday,3,31
11,0.03333333333333333,0.5,3,Sunday,1,2025-12-14,Sunday,3,31
14,0.03333333333333333,150.0,3,Sunday,1,2025-12-14,Sunday,3,31
16,0.03333333333333333,150.0,3,Sunday,1,2025-12-14,Sunday,3,31
16,0.03333333333333333,150.0,3,Sunday,1,2025-12-14,Sunday,3,31
16,0.03333333333333333,0.5,3,Sunday,1,2025-12-14,Sunday,3,31
16,0.03333333333333333,150.0,3,Sunday,1,2025-12-14,Sunday,3,31
16,120.0,150.0,3,Sunday,1,2025-12-14,Sunday,3,31
17,0.03333333333333333,0.5,3,Sunday,1,2025-12-14,Sunday,3,31
20,120.0,0.5,3,Sunday,1,2025-12-14,Sunday,3,31
13,0.03333333333333333,150.0,3,Sunday,1,2025-12-14,Sunday,3,31
21,120.0,0.5,3,Sunday,1,2025-12-14,Sunday,3,31
16,0.03333333333333333,150.0,3,Sunday,1,2025-12-14,Sunday,3,31
19,0.03333333333333333,150.0,3,Sunday,1,2025-12-14,Sunday,3,31
11,120.0,150.0,3,Sunday,1,2025-12-14,Sunday,3,31
17,0.03333333333333333,150.0,3,Sunday,1,2025-12-14,Sunday,3,31
16,0.03333333333333333,150.0,3,Sunday,1,2025-12-14,Sunday,3,31
16,0.03333333333333333,0.5,3,Sunday,1,2025-12-14,Sunday,3,31
22,120.0,150.0,3,Sunday,1,2025-12-14,Sunday,3,31
17,0.03333333333333333,150.0,3,Sunday,1,2025-12-14,Sunday,3,31
11,120.0,150.0,3,Sunday,1,2025-12-14,Sunday,3,31
16,120.0,0.5,3,Sunday,1,2025-12-14,Sunday,3,31
16,120.0,0.5,3,Sunday,1,2025-12-14,Sunday,3,31
16,0.03333333333333333,150.0,3,Sunday,1,2025-12-21,Sunday,3,35
16,120.0,150.0,3,Sunday,1,2025-12-21,Sunday,3,35
16,120.0,150.0,3,Sunday,1,2025-12-21,Sunday,3,35
16,0.03333333333333333,150.0,3,Sunday,1,2025-12-21,Sunday,3,35
16,120.0,0.5,3,Sunday,1,2025-12-21,Sunday,3,35
22,120.0,0.5,3,Sunday,1,2025-12-21,Sunday,3,35
11,120.0,0.5,3,Sunday,1,2025-12-21,Sunday,3,35
16,0.03333333333333333,0.5,3,Sunday,1,2025-12-21,Sunday,3,35
16,0.03333333333333333,150.0,3,Sunday,1,2025-12-21,Sunday,3,35
13,120.0,0.5,3,Sunday,1,2025-12-21,Sunday,3,35
13,0.03333333333333333,0.5,3,Sunday,1,2025-12-21,Sunday,3,35
18,120.0,150.0,3,Sunday,1,2025-12-21,Sunday,3,35
16,0.03333333333333333,0.5,3,Sunday,1,2025-12-21,Sunday,3,35
12,0.03333333333333333,150.0,3,Sunday,1,2025-12-21,Sunday,3,35
16,0.03333333333333333,0.5,3,Sunday,1,2025-12-21,Sunday,3,35
16,0.03333333333333333,150.0,3,Sunday,1,2025-12-21,Sunday,3,35
12,0.03333333333333333,150.0,3,Sunday,1,2025-12-21,Sunday,3,35
12,120.0,150.0,3,Sunday,1,2025-12-21,Sunday,3,35
19,0.03333333333333333,0.5,3,Sunday,1,2025-12-21,Sunday,3,35
16,120.0,150.0,3,Sunday,1,2025-12-21,Sunday,3,35
20,120.0,0.5,3,Sunday,1,2025-12-21,Sunday,3,35
16,0.03333333333333333,150.0,3,Sunday,1,2025-12-21,Sunday,3,35
18,0.03333333333333333,150.0,3,Sunday,1,2025-12-21,Sunday,3,35
16,120.0,0.5,3,Sunday,1,2025-12-21,Sunday,3,35
23,0.03333333333333333,150.0,3,Sunday,1,2025-12-21,Sunday,3,35
16,120.0,0.5,3,Sunday,1,2025-12-21,Sunday,3,35
16,0.03333333333333333,0.5,3,Sunday,1,2025-12-21,Sunday,3,35
14,0.03333333333333333,0.5,3,Sunday,1,2025-12-21,Sunday,3,35
12,120.0,0.5,3,Sunday,1,2025-12-21,Sunday,3,35
10,120.0,0.5,3,Sunday,1,2025-12-21,Sunday,3,35
16,0.03333333333333333,150.0,3,Sunday,1,2025-12-21,Sunday,3,35
17,0.03333333333333333,150.0,3,Sunday,1,2025-12-21,Sunday,3,35
16,0.03333333333333333,150.0,3,Sunday,1,2025-12-21,Sunday,3,35
12,120.0,0.5,3,Sunday,1,2025-12-21,Sunday,3,35
22,120.0,0.5,3,Sunday,1,2025-12-21,Sunday,3,35
